# https://github.com/mikedh/trimesh
mtllib material.mtl

o toolbox.obj
usemtl material_0
v 0.01503420 -0.12826290 0.02022497
v 0.01503420 -0.12826290 0.02022497
v -0.00631380 -0.13416190 0.09846097
v -0.00631380 -0.13416190 0.09846097
v -0.02383880 -0.13131390 0.09889897
v -0.02383880 -0.13131390 0.09889897
v -0.01138280 -0.13248590 0.09258897
v -0.01138280 -0.13248590 0.09258897
v -0.00662380 -0.13240190 0.10591897
v -0.00662380 -0.13240190 0.10591897
v -0.01035980 -0.13079690 0.10733797
v -0.05842380 -0.13116690 0.08713997
v -0.05842380 -0.13116690 0.08713997
v -0.05165780 -0.13051490 0.07325897
v -0.04756080 -0.13100590 0.07310797
v -0.03605380 -0.12817890 0.03487697
v -0.03605380 -0.12817890 0.03487697
v -0.05412280 -0.13097890 0.08670797
v -0.04046980 -0.13095690 0.07222697
v -0.03730080 -0.13203490 0.07443497
v -0.03730080 -0.13203490 0.07443497
v -0.02224680 -0.13034190 0.08318797
v -0.01541380 -0.13043090 0.08739397
v -0.01348280 -0.13246790 0.10587597
v -0.01348280 -0.13246790 0.10587597
v -0.02143780 -0.13152390 0.09042997
v -0.02143780 -0.13152390 0.09042997
v -0.05264380 -0.13263890 0.07825697
v -0.05264380 -0.13263890 0.07825697
v -0.04511580 -0.13214390 0.07646697
v -0.06229880 -0.12781190 0.08008897
v -0.05714680 -0.13129890 0.08152597
v -0.05714680 -0.13129890 0.08152597
v -0.05859380 -0.12984990 0.09191397
v -0.05859380 -0.12984990 0.09191397
v -0.05715180 -0.13048590 0.07868997
v -0.00318280 -0.12872690 0.09936997
v -0.02921280 -0.12851390 0.02134997
v -0.02921280 -0.12851390 0.02134997
v 0.00896220 -0.12815790 0.02305097
v 0.00896220 -0.12815790 0.02305097
v -0.00608880 -0.12708890 0.10758697
v -0.05017880 -0.12745890 0.07027097
v -0.01067480 -0.13012090 0.09151997
v -0.06095680 -0.12865190 0.08286097
v -0.04182280 -0.12846390 0.07155197
v -0.04556580 -0.12834890 0.07222397
v -0.03445480 -0.12709690 0.03012397
v -0.03445480 -0.12709690 0.03012397
v -0.01551080 -0.12765990 0.07630697
v 0.00240720 -0.12805090 0.02957697
v 0.00240720 -0.12805090 0.02957697
v -0.03721580 -0.12855790 0.03893897
v -0.03721580 -0.12855790 0.03893897
v -0.02505380 -0.12941090 0.10535097
v -0.03790880 -0.12902490 0.06781397
v -0.03190880 -0.12879090 0.06334797
v -0.03190880 -0.12879090 0.06334797
v -0.05088180 -0.12960790 0.09023997
v -0.03343080 -0.12871590 0.04609397
v -0.03343080 -0.12871590 0.04609397
v -0.03343080 -0.12871590 0.04609397
v -0.04819480 -0.12788890 0.09498197
v -0.03249580 -0.12817690 0.05246797
v -0.03249580 -0.12817690 0.05246797
v -0.02147780 -0.13015290 0.04097497
v -0.02147780 -0.13015290 0.04097497
v -0.03003380 -0.13080890 0.09114097
v -0.02973580 -0.13098390 0.08307497
v -0.03715480 -0.13024490 0.09072697
v -0.02761280 -0.12955390 0.04497197
v -0.02761280 -0.12955390 0.04497197
v -0.03566080 -0.12878390 0.10131197
v -0.00593280 -0.13069190 0.09389397
v -0.06042980 -0.12722990 0.08843597
v -0.02635580 -0.12620390 0.01623797
v -0.02635580 -0.12620390 0.01623797
v -0.03159380 -0.12788990 0.02621797
v -0.03159380 -0.12788990 0.02621797
v -0.00901180 -0.12695690 0.09326597
v -0.00556080 -0.12818990 0.10925197
v -0.05212580 -0.12558390 0.07585597
v -0.00596380 -0.12583290 0.11018897
v -0.00319480 -0.12747190 0.10843497
v -0.05253780 -0.12695990 0.09559397
v -0.05253780 -0.12695990 0.09559397
v -0.04583280 -0.12618090 0.05726997
v -0.03946580 -0.12621290 0.03818997
v -0.02404980 -0.12698490 0.10932297
v -0.03821280 -0.12751090 0.06177597
v -0.04321580 -0.12712490 0.05117097
v -0.01233480 -0.12831790 0.08717897
v -0.03857380 -0.12750590 0.04380497
v -0.05888580 -0.12778690 0.09462997
v -0.05888580 -0.12778690 0.09462997
v -0.00870980 -0.12533690 0.09058397
v -0.04420880 -0.12451190 0.07416097
v -0.01451880 -0.12660690 0.11187697
v -0.02476580 -0.12626990 0.00544397
v -0.02476580 -0.12626990 0.00544397
v -0.00195980 -0.12174890 0.09899497
v -0.02904180 -0.12638790 0.00934297
v -0.02904180 -0.12638790 0.00934297
v -0.02904180 -0.12638790 0.00934297
v -0.04961880 -0.12637190 0.05882897
v -0.00236980 -0.12587190 0.10505197
v -0.06120880 -0.12414090 0.09016897
v -0.04646280 -0.12654490 0.04713197
v -0.04632980 -0.12428190 0.04366597
v 0.01771120 -0.12515390 0.02219597
v 0.01771120 -0.12515390 0.02219597
v -0.00339280 -0.12429290 0.10591697
v -0.00306580 -0.12369990 0.10888497
v -0.05181980 -0.12368490 0.05772697
v -0.04831680 -0.12329590 0.05309597
v -0.04532080 -0.12478290 0.03904397
v -0.03221480 -0.12370190 0.02646597
v -0.04320080 -0.12570490 0.06152497
v -0.05422580 -0.12498990 0.09768897
v -0.05422580 -0.12498990 0.09768897
v -0.01001580 -0.12535590 0.08008997
v -0.02194580 -0.12411790 0.11269497
v -0.05015880 -0.12460190 0.06566497
v -0.00678680 -0.12400390 0.06267097
v -0.01015980 -0.12625990 0.04934097
v -0.01015980 -0.12625990 0.04934097
v -0.01383580 -0.12611890 0.06654497
v -0.02146880 -0.12799190 0.05175597
v -0.02760280 -0.12837090 0.06105897
v 0.00524020 -0.12410990 0.04054897
v 0.00524020 -0.12410990 0.04054897
v -0.02298380 -0.12816490 0.06484197
v -0.04240080 -0.12611490 0.10526797
v -0.01487480 -0.12642490 0.05851497
v -0.04666680 -0.12119190 0.04517197
v -0.03963580 -0.12628690 0.06616697
v -0.00804580 -0.12499590 0.10566297
v -0.03021080 -0.12486890 0.01414697
v -0.03021080 -0.12486890 0.01414697
v 0.02332920 -0.12301490 0.02258897
v 0.02332920 -0.12301490 0.02258897
v -0.00494680 -0.12431190 0.09467197
v 0.03848620 -0.11911090 -0.03181503
v 0.03848620 -0.11911090 -0.03181503
v -0.04773980 -0.12234090 0.07753797
v 0.00574320 -0.12194990 -0.04118403
v 0.00574320 -0.12194990 -0.04118403
v -0.01014380 -0.12289290 0.11408797
v -0.06168480 -0.12536390 0.07825797
v 0.01311420 -0.12460390 0.02760197
v -0.05315980 -0.12465990 0.06657997
v -0.06318880 -0.12263590 0.09110497
v -0.03167480 -0.12427190 0.01805797
v -0.06739980 -0.12390490 0.08807997
v -0.00813180 -0.12190290 0.08883697
v -0.01016680 -0.12252990 -0.04275603
v -0.01016680 -0.12252990 -0.04275603
v -0.00691880 -0.12170290 0.10991997
v -0.06837480 -0.12145690 0.08614497
v -0.04467380 -0.12011890 0.07481997
v -0.00583880 -0.12233290 -0.07836203
v -0.00583880 -0.12233290 -0.07836203
v -0.04044680 -0.12101390 0.03433597
v -0.04079480 -0.12404990 0.07187297
v -0.06082280 -0.12352590 0.09697897
v 0.01749920 -0.12119590 0.02785197
v 0.01544320 -0.12266190 0.03201197
v 0.02117820 -0.12273990 0.03275997
v -0.00624880 -0.12230590 -0.07107803
v -0.00624880 -0.12230590 -0.07107803
v -0.03695780 -0.12444490 0.11040797
v -0.05008680 -0.12094690 0.06907597
v -0.01482080 -0.12286390 -0.05481703
v -0.05754280 -0.12189590 0.10462597
v -0.03315180 -0.12205690 0.03157797
v -0.05587280 -0.12264790 0.07765197
v -0.04628780 -0.11959390 0.11426397
v -0.05966080 -0.12007490 0.09912997
v -0.03619580 -0.12181590 0.03539597
v 0.00242820 -0.12210690 -0.06860703
v 0.00242820 -0.12210690 -0.06860703
v -0.04966380 -0.12438690 0.10673697
v -0.02686980 -0.12239690 0.11174797
v -0.05325280 -0.12172690 0.11095497
v -0.05325280 -0.12172690 0.11095497
v -0.06711780 -0.12558090 0.08350697
v -0.00717580 -0.12162390 -0.04424203
v -0.00717580 -0.12162390 -0.04424203
v -0.00717580 -0.12162390 -0.04424203
v 0.02473320 -0.12122190 0.02220797
v 0.02473320 -0.12122190 0.02220797
v 0.00022420 -0.12062590 -0.04144003
v 0.00022420 -0.12062590 -0.04144003
v -0.01284780 -0.12262490 0.11624797
v -0.00544480 -0.12017590 -0.08206003
v -0.00544480 -0.12017590 -0.08206003
v -0.05419680 -0.12120690 0.06157897
v -0.03367180 -0.12264590 0.01818297
v -0.04720080 -0.11947990 0.07658597
v 0.01922420 -0.12162190 0.02424397
v 0.03467320 -0.11775890 -0.00808603
v 0.03467320 -0.11775890 -0.00808603
v 0.03144320 -0.11678690 0.00765097
v 0.03144320 -0.11678690 0.00765097
v -0.00976480 -0.12213990 0.12165397
v -0.00445080 -0.11967490 0.11843697
v -0.00353080 -0.12056290 -0.08052003
v -0.00353080 -0.12056290 -0.08052003
v -0.03370080 -0.12195890 0.01160897
v -0.01986480 -0.12139290 -0.06288103
v -0.06855380 -0.11949990 0.09556097
v -0.02920080 -0.11983790 0.00319897
v -0.02920080 -0.11983790 0.00319897
v -0.01081880 -0.11878790 -0.04364503
v -0.01081880 -0.11878790 -0.04364503
v -0.00406380 -0.12008790 0.09113897
v -0.02052180 -0.11969390 -0.00721803
v -0.02052180 -0.11969390 -0.00721803
v -0.01237380 -0.12112090 -0.03861203
v -0.01237380 -0.12112090 -0.03861203
v -0.02498980 -0.12218590 0.00196397
v -0.02498980 -0.12218590 0.00196397
v -0.04311180 -0.11949890 0.07077197
v -0.06163780 -0.12034790 0.07535797
v -0.01455580 -0.11968590 -0.07508103
v -0.01171180 -0.11997290 0.12239297
v 0.02347420 -0.12051390 0.02997897
v -0.02890480 -0.12149590 0.11609597
v -0.01368680 -0.12092690 -0.06917103
v -0.01665380 -0.12207290 -0.06634103
v -0.05675180 -0.12106090 0.06675697
v -0.02661880 -0.12072190 0.11795797
v -0.05743180 -0.11810690 0.06940297
v -0.01944280 -0.12084590 0.11854397
v 0.01461720 -0.12199590 -0.03860703
v 0.01461720 -0.12199590 -0.03860703
v -0.02641480 -0.12086490 0.11371397
v -0.03740280 -0.12061990 0.02064097
v -0.06457580 -0.12076190 0.09661297
v -0.02342780 -0.12026790 0.11683697
v -0.03481280 -0.12046390 0.02705897
v -0.00845280 -0.12088990 -0.06916403
v -0.01446780 -0.12005390 -0.05949703
v -0.04021080 -0.11964690 0.02635197
v -0.00328680 -0.12115690 0.07867797
v 0.02002720 -0.11829990 0.04510597
v -0.04542180 -0.12183590 0.06587097
v -0.01386180 -0.12014590 -0.05269303
v -0.05218080 -0.12005990 0.07560097
v 0.00171820 -0.12036790 -0.08148703
v 0.00171820 -0.12036790 -0.08148703
v -0.06388180 -0.11803790 0.10588597
v -0.00345080 -0.12009090 -0.05473003
v -0.00345080 -0.12009090 -0.05473003
v -0.01660580 -0.12021290 -0.05479803
v -0.01623480 -0.12018190 -0.06075803
v -0.01101080 -0.12046890 -0.05964703
v -0.05267480 -0.11989090 0.11442697
v -0.03882580 -0.12068690 0.02408497
v -0.00187280 -0.11787890 0.11352997
v -0.00664380 -0.12226490 -0.07516903
v -0.00831680 -0.12160590 -0.05973003
v -0.00831680 -0.12160590 -0.05973003
v 0.01458620 -0.12199190 0.03932697
v 0.00659620 -0.12020990 -0.06907003
v 0.01548020 -0.11988790 -0.07568403
v 0.01548020 -0.11988790 -0.07568403
v 0.00932420 -0.11792390 -0.05902603
v 0.00932420 -0.11792390 -0.05902603
v 0.02721020 -0.12083390 -0.08369403
v 0.02721020 -0.12083390 -0.08369403
v 0.00033120 -0.12084890 0.06727097
v 0.01139320 -0.12034590 -0.07919103
v 0.01139320 -0.12034590 -0.07919103
v 0.00370220 -0.12192790 0.05396997
v 0.00750320 -0.12110990 -0.08189403
v 0.00750320 -0.12110990 -0.08189403
v -0.00138180 -0.11800390 -0.13753503
v -0.00138180 -0.11800390 -0.13753503
v 0.02627720 -0.11915990 -0.03463403
v 0.02627720 -0.11915990 -0.03463403
v -0.04195580 -0.12029290 0.03264297
v 0.03995420 -0.11629890 -0.02709003
v 0.03995420 -0.11629890 -0.02709003
v 0.03995420 -0.11629890 -0.02709003
v 0.00109720 -0.11837190 -0.11974603
v 0.00109720 -0.11837190 -0.11974603
v -0.02025480 -0.11757190 -0.06527703
v 0.05457320 -0.11676590 -0.11081803
v 0.05457320 -0.11676590 -0.11081803
v -0.00505280 -0.11854790 0.10717597
v -0.04831580 -0.11956590 0.04057397
v -0.00172780 -0.11881890 0.10448897
v 0.02697620 -0.12032690 0.01668697
v 0.02697620 -0.12032690 0.01668697
v 0.02570120 -0.11673490 0.02487397
v -0.00144780 -0.11850090 -0.12714603
v -0.00144780 -0.11850090 -0.12714603
v -0.03817180 -0.11981590 0.00378097
v 0.01635720 -0.11693290 -0.13055703
v 0.01635720 -0.11693290 -0.13055703
v -0.06622580 -0.11877890 0.07889497
v -0.01350880 -0.11831390 -0.03452403
v -0.01350880 -0.11831390 -0.03452403
v 0.05788220 -0.11742490 -0.12229203
v 0.05788220 -0.11742490 -0.12229203
v 0.03228820 -0.11867290 0.00018497
v 0.03228820 -0.11867290 0.00018497
v -0.01343480 -0.11924890 -0.04307803
v -0.01343480 -0.11924890 -0.04307803
v -0.03319780 -0.12011190 0.11388497
v -0.04288180 -0.11930490 0.01692897
v 0.02200220 -0.11955590 0.02660197
v -0.05555480 -0.11973090 0.07167997
v -0.03873580 -0.11805490 0.02120497
v -0.07085280 -0.11792390 0.09356897
v 0.00925220 -0.11705390 -0.13354303
v 0.00925220 -0.11705390 -0.13354303
v -0.04396380 -0.11743490 0.02797297
v -0.05501680 -0.11831690 0.05666097
v -0.06150380 -0.11854890 0.07176697
v -0.05402980 -0.11694690 0.03854697
v -0.02545280 -0.11806590 -0.00163003
v -0.02545280 -0.11806590 -0.00163003
v 0.02111420 -0.11416090 -0.03555703
v -0.01572680 -0.11670690 0.11943897
v -0.00937080 -0.11882490 -0.07765203
v -0.02006980 -0.11834890 -0.01234003
v -0.02006980 -0.11834890 -0.01234003
v 0.06031220 -0.11695790 -0.11711503
v 0.06031220 -0.11695790 -0.11711503
v -0.00522880 -0.11665790 -0.08996703
v -0.00522880 -0.11665790 -0.08996703
v -0.02102580 -0.11815690 -0.06026403
v -0.04007380 -0.11975890 0.11499997
v -0.03412780 -0.11782290 0.11626997
v -0.00461480 -0.11930490 -0.07166303
v -0.03882080 -0.11919490 0.00886697
v -0.03882080 -0.11919490 0.00886697
v 0.05919920 -0.11753290 -0.10688103
v 0.05919920 -0.11753290 -0.10688103
v -0.04408980 -0.11928890 0.03463497
v -0.04837880 -0.11937590 0.04433097
v 0.00304220 -0.11889890 -0.07073303
v -0.01452480 -0.11714390 -0.05866303
v -0.03367280 -0.11879790 0.00633897
v -0.03367280 -0.11879790 0.00633897
v -0.03367280 -0.11879790 0.00633897
v 0.02879020 -0.11699390 -0.12614103
v 0.02879020 -0.11699390 -0.12614103
v 0.00173220 -0.11810490 -0.08036003
v -0.06809380 -0.11872290 0.10176197
v 0.04395820 -0.11808590 -0.07522503
v -0.04001780 -0.11915690 0.01836197
v 0.02626520 -0.11712490 -0.12388703
v 0.02626520 -0.11712490 -0.12388703
v -0.02639380 -0.11788090 -0.03693303
v -0.01446380 -0.11789690 -0.05457803
v -0.01164280 -0.11615690 -0.05402103
v -0.06125280 -0.11899990 0.11474697
v -0.06125280 -0.11899990 0.11474697
v 0.03882720 -0.11901490 -0.08528403
v 0.03882720 -0.11901490 -0.08528403
v -0.00955680 -0.11802290 -0.05323903
v -0.05902680 -0.11800690 0.11688497
v -0.05902680 -0.11800690 0.11688497
v -0.01011180 -0.11959490 -0.06480703
v 0.04888320 -0.11831890 -0.09598603
v 0.04888320 -0.11831890 -0.09598603
v -0.04698680 -0.11814390 0.07221797
v 0.01240520 -0.11829590 0.05844197
v -0.00976280 -0.12037090 -0.05480503
v -0.01959780 -0.12007590 -0.04477203
v -0.06258980 -0.11870890 0.10124097
v -0.05231980 -0.11964190 0.07292497
v -0.02258380 -0.11878190 -0.03911003
v 0.00213320 -0.11834490 -0.05364103
v 0.00213320 -0.11834490 -0.05364103
v 0.02105520 -0.11742190 0.05399297
v -0.05058880 -0.11746990 0.02300597
v -0.00011680 -0.11716090 0.11765197
v -0.07381180 -0.11636190 0.09705097
v 0.02772220 -0.11625990 0.01873697
v -0.04236680 -0.11566390 0.12070997
v -0.01543880 -0.11695690 -0.06893503
v 0.04185820 -0.11803890 -0.08039303
v 0.00017020 -0.11508290 -0.10855303
v 0.00017020 -0.11508290 -0.10855303
v -0.02554380 -0.11839290 -0.04704903
v -0.00081680 -0.11722090 -0.10316303
v -0.00081680 -0.11722090 -0.10316303
v 0.00739620 -0.11575290 -0.04293403
v 0.00127120 -0.11763290 -0.12503603
v 0.00127120 -0.11763290 -0.12503603
v -0.00251580 -0.11717990 -0.09697603
v -0.00251580 -0.11717990 -0.09697603
v 0.03782220 -0.11656490 -0.02943403
v 0.03782220 -0.11656490 -0.02943403
v 0.01831520 -0.11541890 0.05935397
v -0.02953080 -0.11543890 0.11893197
v 0.05941120 -0.11603990 -0.10346903
v 0.05941120 -0.11603990 -0.10346903
v -0.06227480 -0.11487790 0.06274897
v -0.01784180 -0.11781690 -0.07405703
v -0.01580780 -0.11714090 -0.03073603
v -0.01580780 -0.11714090 -0.03073603
v -0.01580780 -0.11714090 -0.03073603
v -0.05883280 -0.11700890 0.06308597
v -0.04853180 -0.11655990 0.03047297
v -0.00178480 -0.11705690 0.11928097
v -0.05390880 -0.11744590 0.04528497
v -0.01242380 -0.11752790 0.11997197
v 0.04843620 -0.11704390 -0.07856203
v -0.01664480 -0.11876690 -0.04568403
v -0.02228880 -0.11600890 -0.06293103
v 0.03752020 -0.11312790 -0.13189003
v 0.03752020 -0.11312790 -0.13189003
v -0.02181480 -0.11738190 -0.00642203
v -0.02181480 -0.11738190 -0.00642203
v -0.00014480 -0.11700590 0.09805397
v -0.01771580 -0.11707390 -0.02226103
v -0.01771580 -0.11707390 -0.02226103
v -0.01771580 -0.11707390 -0.02226103
v -0.05780080 -0.11682990 0.04997897
v -0.00133080 -0.11781890 0.09383097
v -0.05041880 -0.11710090 0.03076697
v -0.04531180 -0.11804190 0.01991597
v -0.04376180 -0.11688290 0.00507497
v -0.06434580 -0.11674290 0.11078997
v 0.00197720 -0.11566390 0.08514997
v 0.00536620 -0.11638190 -0.04273503
v -0.05353680 -0.11565490 0.02869297
v 0.00946320 -0.11697590 -0.13189203
v 0.00946320 -0.11697590 -0.13189203
v 0.01227420 -0.11715690 -0.04018203
v -0.04192880 -0.11595690 0.02326397
v -0.00728480 -0.11467990 -0.04275703
v -0.04626080 -0.11539590 0.02846697
v -0.00723880 -0.11708390 -0.08673303
v -0.00723880 -0.11708390 -0.08673303
v -0.00409580 -0.11547190 -0.04322403
v 0.00070920 -0.11655590 -0.04064803
v -0.01437880 -0.11637290 -0.07731103
v -0.02409380 -0.11791190 -0.04877803
v -0.00404880 -0.11664490 -0.08115003
v -0.00699280 -0.11520590 0.12110997
v -0.04800780 -0.11616690 0.01486697
v 0.00470820 -0.11667990 0.11393097
v 0.02439920 -0.11521190 0.03327797
v 0.06193920 -0.11480690 -0.10527103
v -0.00836180 -0.11652790 -0.08103403
v -0.00590880 -0.11747690 -0.07506303
v 0.01897120 -0.11667790 -0.03717703
v -0.06650980 -0.11513390 0.10809797
v 0.00074120 -0.11448390 -0.14164403
v 0.00074120 -0.11448390 -0.14164403
v -0.06348880 -0.11462790 0.06710497
v 0.02408820 -0.11389590 0.03779297
v 0.02357420 -0.11784090 0.03984997
v -0.05695280 -0.11514990 0.04419897
v 0.02577020 -0.11591890 -0.13415903
v 0.02577020 -0.11591890 -0.13415903
v -0.00064780 -0.11521890 -0.11291203
v -0.00064780 -0.11521890 -0.11291203
v 0.05292820 -0.11545690 -0.07508403
v 0.00629620 -0.11586790 -0.04949803
v 0.00504320 -0.11590590 0.09997697
v -0.01971280 -0.11651090 -0.02614503
v 0.04496520 -0.11750190 -0.08861303
v 0.04496520 -0.11750190 -0.08861303
v 0.00182220 -0.11619890 0.10848997
v 0.05022520 -0.11361890 -0.08179303
v -0.04379180 -0.11576590 0.02184297
v -0.00261280 -0.11686090 -0.12078003
v 0.02494420 -0.11593290 -0.13031103
v 0.02494420 -0.11593290 -0.13031103
v 0.00339420 -0.11752390 0.08034597
v -0.03772680 -0.11570990 -0.01937303
v 0.00985720 -0.11659790 0.08405397
v 0.01251120 -0.11535090 0.07778697
v 0.00188420 -0.11446790 -0.07666003
v -0.04932180 -0.11713990 0.11478597
v 0.05526020 -0.11575690 -0.09849803
v -0.00384280 -0.11709590 -0.05057303
v -0.00274480 -0.11555790 -0.04664403
v -0.03057780 -0.11737290 -0.00123903
v 0.00272320 -0.11671890 -0.04867503
v 0.00520420 -0.11738290 0.07759297
v 0.00795820 -0.11653990 0.07111897
v -0.03959180 -0.11635990 -0.00865503
v -0.03136580 -0.11637790 -0.01293503
v -0.02170680 -0.11712990 -0.01314303
v -0.02170680 -0.11712990 -0.01314303
v 0.04990420 -0.11444190 -0.06628903
v -0.03106080 -0.11717590 -0.03215003
v -0.01330780 -0.11760490 -0.03879903
v -0.01330780 -0.11760490 -0.03879903
v -0.03236880 -0.11624690 -0.02626003
v 0.00635520 -0.11871190 -0.07735903
v 0.00727520 -0.11919790 -0.07346203
v 0.02598320 -0.11638790 -0.06257003
v 0.00873320 -0.11971990 -0.06483503
v 0.00873320 -0.11971990 -0.06483503
v 0.03128220 -0.11850890 -0.07268903
v 0.03128220 -0.11850890 -0.07268903
v 0.01757120 -0.11802690 -0.06583503
v -0.00505980 -0.11468890 -0.10262103
v 0.01212220 -0.11597890 -0.13141903
v 0.01212220 -0.11597890 -0.13141903
v 0.03809420 -0.11398290 -0.01388103
v 0.02858220 -0.11544490 -0.03005503
v -0.04200980 -0.11483090 -0.01314503
v -0.02956180 -0.11357890 -0.05261303
v -0.00723280 -0.11522790 -0.07853703
v 0.00080720 -0.11424490 0.09302797
v 0.02282520 -0.11330090 0.05062497
v -0.02494080 -0.11725890 -0.05847503
v 0.02175020 -0.11626290 0.04908797
v 0.01613020 -0.11367790 -0.13439703
v -0.07235880 -0.11489690 0.10983397
v -0.07081080 -0.11682790 0.08926497
v 0.05774820 -0.11377490 -0.07728603
v 0.05419220 -0.11583090 -0.09127703
v -0.01042880 -0.11254990 -0.12019603
v -0.01870280 -0.11286490 -0.05040203
v 0.03347720 -0.11327890 0.00790697
v 0.02717320 -0.11455990 -0.13557903
v 0.02717320 -0.11455990 -0.13557903
v 0.00727920 -0.11390190 -0.13844003
v 0.00727920 -0.11390190 -0.13844003
v 0.03441420 -0.11447190 0.00004697
v -0.02559880 -0.11585690 -0.05546203
v -0.01979380 -0.11558290 -0.07060603
v 0.00828320 -0.11411090 0.09967597
v -0.04771980 -0.11535890 0.00926297
v -0.04771980 -0.11535890 0.00926297
v 0.05802720 -0.11165890 -0.12411203
v 0.05802720 -0.11165890 -0.12411203
v -0.02733380 -0.11190190 0.12044597
v -0.02736580 -0.11472690 -0.05188203
v 0.00996420 -0.11380990 -0.04623103
v 0.02454020 -0.11525790 -0.12638603
v -0.00941880 -0.11529090 -0.08928203
v -0.00847680 -0.11424490 -0.10977803
v 0.00071820 -0.11514490 -0.04288103
v 0.01875620 -0.11560490 -0.13072103
v -0.03806280 -0.11458990 -0.02608903
v -0.06243980 -0.11381190 0.05773797
v 0.02586220 -0.11265190 0.03088797
v -0.07621980 -0.11352190 0.10533897
v -0.00225580 -0.11435090 0.11913997
v 0.05154720 -0.11276790 -0.08456403
v 0.01561420 -0.11318190 -0.13837103
v 0.00650720 -0.11227490 0.10947097
v 0.02633320 -0.11265090 0.04119097
v -0.00493280 -0.11384690 -0.07938703
v -0.00111480 -0.11388290 -0.07896403
v -0.00739280 -0.11390690 -0.12707303
v -0.00739280 -0.11390690 -0.12707303
v 0.01780220 -0.11387690 0.06990097
v 0.01120320 -0.11395590 -0.04065203
v -0.03743080 -0.11220590 -0.03223503
v -0.02076280 -0.11502990 -0.07736203
v -0.00163280 -0.11349890 -0.10677603
v -0.04402480 -0.11521090 0.00026497
v 0.06172420 -0.11407990 -0.11583603
v -0.02570280 -0.11304890 -0.06520903
v -0.05388080 -0.11546390 0.03342897
v -0.04484280 -0.11289690 -0.00416203
v 0.00480520 -0.11532890 0.11636397
v -0.02084280 -0.11493890 0.11878497
v 0.04856020 -0.11329590 -0.05956203
v 0.00840520 -0.11442390 0.09394597
v 0.00327020 -0.11333990 0.08880197
v -0.01137280 -0.11422990 -0.08407703
v -0.01952380 -0.11410690 -0.08173003
v -0.00619180 -0.11358190 -0.09470703
v 0.01873920 -0.11421790 0.06038497
v 0.01902020 -0.11437590 -0.13692303
v 0.00126220 -0.11462590 -0.07294603
v -0.02395280 -0.11480190 0.11891297
v 0.00687220 -0.11560590 -0.05270603
v 0.01373320 -0.11268490 0.08283497
v -0.01796380 -0.11441790 -0.05888103
v -0.01481080 -0.11288490 -0.05614603
v 0.04397020 -0.11486390 -0.05817803
v 0.00749220 -0.11417690 0.08862997
v -0.03667780 -0.11492590 0.11723397
v -0.04013680 -0.11414390 -0.01965603
v -0.06894380 -0.11229490 0.11247597
v 0.04176520 -0.11159990 -0.01573203
v -0.01934380 -0.11342190 -0.08984503
v 0.01794020 -0.11269390 -0.03889803
v -0.00083780 -0.11194590 0.12161797
v -0.03361980 -0.11536390 -0.03959503
v -0.07501680 -0.11023790 0.09513597
v -0.03299980 -0.11324790 -0.04503303
v -0.00739080 -0.11165690 -0.04685303
v -0.04856180 -0.11352290 0.11639497
v -0.06647480 -0.11411790 0.07505897
v -0.00358380 -0.11862390 -0.13179203
v -0.00358380 -0.11862390 -0.13179203
v -0.02060480 -0.11235790 -0.08541403
v 0.05894020 -0.11215090 -0.08271203
v 0.01117920 -0.11183690 -0.13938203
v 0.05646220 -0.11275990 -0.08849603
v 0.04675520 -0.11328390 -0.12952203
v 0.04675520 -0.11328390 -0.12952203
v 0.01508920 -0.11231490 0.08840297
v 0.03086020 -0.11083490 0.02470497
v -0.01275380 -0.11261590 -0.11210103
v 0.00224820 -0.11307790 -0.14506203
v 0.00445420 -0.11184990 -0.14206003
v 0.03553620 -0.11379290 -0.00735203
v 0.02218720 -0.11419590 -0.03264403
v 0.00361720 -0.11268090 0.11903097
v 0.01233220 -0.11334390 0.08700397
v -0.01546180 -0.11334990 -0.10281003
v -0.00169880 -0.11316690 -0.07412803
v -0.01121180 -0.11349090 -0.09730803
v -0.03383780 -0.10576990 -0.04686403
v -0.01537880 -0.11231890 -0.04825903
v 0.02610320 -0.11085290 0.04755197
v 0.03712020 -0.11159390 -0.03028903
v -0.03327780 -0.10926490 0.11931297
v -0.04583480 -0.11240790 0.11899197
v -0.01568780 -0.11191790 -0.10716103
v 0.01485920 -0.11095590 -0.04091903
v 0.01648520 -0.11295090 0.07795997
v -0.03931880 -0.11174690 0.12099697
v 0.06184320 -0.11081790 -0.08608503
v 0.06469320 -0.11064190 -0.11628803
v -0.05031280 -0.11074090 0.01461197
v 0.04229920 -0.11247090 -0.02931803
v 0.04229920 -0.11247090 -0.02931803
v 0.01091320 -0.11101990 0.10041197
v 0.04573520 -0.11044490 -0.03052003
v 0.02820720 -0.11155090 0.03688797
v 0.04182820 -0.11117890 -0.13190103
v 0.05735920 -0.11245390 -0.11276503
v 0.05735920 -0.11245390 -0.11276503
v 0.06096820 -0.11246590 -0.10943403
v 0.06096820 -0.11246590 -0.10943403
v 0.03302020 -0.11238690 -0.03137303
v -0.01386380 -0.11168890 -0.05114103
v 0.02660820 -0.11211490 -0.03270203
v 0.01292620 -0.11167290 -0.14265603
v -0.02378280 -0.11194290 -0.05365403
v 0.04659120 -0.11242990 -0.05389703
v 0.01749720 -0.11176290 0.08581697
v 0.06662420 -0.11302190 -0.10680603
v 0.04811620 -0.11132790 -0.04017703
v 0.04811620 -0.11132790 -0.04017703
v -0.00897580 -0.11184290 -0.04987303
v 0.00357720 -0.11208290 -0.15133403
v -0.05606880 -0.11313990 0.11945597
v -0.05606880 -0.11313990 0.11945597
v 0.01180320 -0.11036190 -0.05170103
v 0.00563120 -0.11135190 -0.14945803
v 0.01811620 -0.11507890 -0.05832903
v 0.04437320 -0.11227190 -0.04742003
v 0.03511020 -0.11271690 -0.05227603
v 0.04003620 -0.11417990 -0.05476403
v -0.00222880 -0.11020890 -0.15191803
v -0.00492680 -0.10998590 0.12316197
v -0.00529480 -0.11078890 -0.14263103
v -0.04371480 -0.11065190 0.12383397
v 0.02192620 -0.10891090 0.06918897
v 0.01908220 -0.11038790 -0.13844803
v 0.02743520 -0.11195790 -0.03743403
v -0.05643380 -0.11145790 0.03666497
v 0.01916920 -0.11049690 0.08158897
v 0.04067420 -0.10937490 -0.03088803
v 0.03391220 -0.11041090 0.01278697
v 0.01149520 -0.10935490 -0.04896603
v -0.07112080 -0.10826790 0.08409697
v -0.01800980 -0.11186390 -0.09510903
v 0.04575020 -0.11065390 -0.03387603
v 0.04575020 -0.11065390 -0.03387603
v 0.05416220 -0.11058790 -0.06639203
v -0.05586480 -0.10865990 0.02915297
v -0.00041280 -0.11195490 -0.15181403
v 0.02423120 -0.10938990 -0.13973003
v 0.06051220 -0.10967090 -0.07566503
v 0.06051220 -0.10967090 -0.07566503
v 0.05223720 -0.11098590 -0.04904903
v 0.05223720 -0.11098590 -0.04904903
v -0.02593180 -0.11053690 -0.06865203
v 0.01529620 -0.11028690 -0.04448403
v 0.06280520 -0.11008590 -0.09842203
v 0.02789420 -0.10960490 -0.13556003
v 0.06212020 -0.10856490 -0.09407503
v 0.04761120 -0.11146990 -0.03776503
v 0.04761120 -0.11146990 -0.03776503
v -0.02272880 -0.11185290 -0.07954303
v 0.06945420 -0.11022190 -0.12033003
v 0.04992620 -0.11093790 -0.12992003
v 0.01187420 -0.11175690 0.09358597
v -0.00900580 -0.10962690 0.12362997
v 0.02054320 -0.11060390 -0.04166703
v 0.04836220 -0.11127590 -0.04990103
v -0.06452080 -0.11185690 0.11749597
v 0.04601920 -0.10863890 -0.01378003
v 0.02336620 -0.10990490 0.05817097
v -0.01472080 -0.10948290 0.12242597
v 0.06067120 -0.10917490 -0.09022803
v 0.01076820 -0.10872190 -0.14480903
v 0.06089020 -0.11117490 -0.08025203
v 0.02026720 -0.10759990 0.07829497
v 0.00111020 -0.11058190 0.12497197
v 0.06689220 -0.10973790 -0.11060603
v 0.05415320 -0.11040390 -0.12738203
v 0.05415320 -0.11040390 -0.12738203
v -0.03556880 -0.10994390 -0.03775403
v 0.06757320 -0.11170190 -0.11984203
v -0.05249880 -0.11091990 0.12142997
v -0.05249880 -0.11091990 0.12142997
v 0.02318420 -0.11149990 -0.15081403
v 0.03596220 -0.10911090 -0.13225803
v 0.06774020 -0.11165490 -0.10328503
v 0.03854720 -0.11084490 0.00198797
v 0.00656120 -0.10845590 -0.15091303
v 0.00466720 -0.10771090 -0.14530903
v 0.06358520 -0.11033790 -0.11245803
v 0.02929720 -0.11020690 -0.15246603
v 0.02139720 -0.10974890 -0.04459903
v 0.02752120 -0.10982190 -0.04702203
v 0.00813720 -0.10848190 -0.14743803
v 0.02086920 -0.11007490 -0.04830903
v -0.04496480 -0.10518990 0.12347997
v 0.04084720 -0.11023290 -0.00632603
v 0.05042920 -0.10797290 -0.03553803
v 0.04839320 -0.10828790 -0.05533203
v -0.00077180 -0.10872890 -0.15473203
v 0.04820220 -0.10924890 -0.13662203
v 0.06943320 -0.10838090 -0.10742103
v -0.00825780 -0.10874190 0.12720897
v -0.01806380 -0.10852290 0.12421297
v 0.07086620 -0.10679390 -0.11461103
v 0.05155220 -0.10829990 -0.13604303
v 0.00658020 -0.11099490 0.11328097
v 0.03821820 -0.10953090 -0.03877303
v -0.01319880 -0.10517790 0.12716597
v -0.04707580 -0.10983190 0.12187297
v 0.07053820 -0.10793690 -0.12749203
v 0.00761520 -0.10704490 -0.14406803
v 0.05453920 -0.10785390 -0.05013503
v 0.05453920 -0.10785390 -0.05013503
v 0.03199420 -0.10817390 -0.14782003
v -0.07290980 -0.11034590 0.11299497
v -0.06545680 -0.10849290 0.12037397
v 0.06628520 -0.10834390 -0.12491603
v -0.06713280 -0.10563190 0.06740597
v 0.03522320 -0.10691790 -0.14955903
v -0.03131480 -0.10982290 -0.05253203
v 0.05288220 -0.10914490 -0.05908003
v 0.01410020 -0.10879990 -0.04924803
v 0.02768720 -0.10860590 -0.14478203
v 0.04107220 -0.10850290 -0.04101703
v 0.01626020 -0.10934090 -0.14322603
v 0.02083120 -0.10956090 -0.14706103
v 0.05260320 -0.10900090 -0.13955903
v 0.01767220 -0.10818490 -0.15838203
v 0.02256720 -0.10655190 -0.15882103
v 0.05486820 -0.10487190 -0.04041303
v -0.03944880 -0.10636890 -0.02987603
v -0.04025980 -0.10791590 0.12351497
v 0.03094320 -0.10888490 0.03273697
v 0.01494820 -0.10323290 0.09897897
v 0.04491420 -0.11091690 -0.02309803
v -0.06117580 -0.11035390 0.04818797
v 0.00015120 -0.10702390 -0.15885403
v 0.06627120 -0.10741590 -0.13070703
v 0.00133120 -0.10804190 0.12785997
v -0.06708080 -0.10769190 0.07324097
v 0.05242020 -0.10483490 -0.03286103
v 0.06712020 -0.10779390 -0.09948303
v 0.05865420 -0.10775790 -0.06476003
v 0.05865420 -0.10775790 -0.06476003
v -0.02448380 -0.10747190 -0.07753103
v 0.07307920 -0.10627690 -0.12393203
v -0.02315280 -0.10358890 -0.08690003
v 0.00497920 -0.10704290 0.12309397
v -0.02565780 -0.10623390 0.12535597
v 0.03493620 -0.10732490 -0.04316303
v 0.05076720 -0.10752590 -0.05345603
v 0.05402620 -0.10821790 -0.05344203
v 0.01308020 -0.10852390 -0.15912003
v 0.00160220 -0.10725990 -0.15769103
v 0.00938420 -0.10780790 -0.14983303
v 0.03436820 -0.10995490 -0.14233103
v 0.03941820 -0.10837690 -0.13764803
v 0.04394420 -0.10841290 -0.14261003
v 0.01377720 -0.10852690 -0.15154103
v 0.01396020 -0.10890190 -0.14675703
v 0.02949320 -0.10839690 -0.14076103
v 0.03417620 -0.10715590 -0.13450303
v -0.05992880 -0.10672190 0.12126897
v 0.05848720 -0.10606290 -0.13023703
v 0.01662220 -0.10737390 0.08967997
v 0.05906320 -0.10741990 -0.13955403
v -0.04504380 -0.10662290 -0.00754003
v -0.06413980 -0.10674290 0.05645297
v -0.00131680 -0.10461590 0.13336797
v 0.05106920 -0.10588290 -0.14483303
v 0.00867020 -0.10276090 -0.16183103
v 0.01353220 -0.10729190 -0.16134703
v -0.05411780 -0.10422690 0.12143497
v 0.04765820 -0.10549290 -0.01711303
v 0.05680520 -0.10575590 -0.05194103
v 0.05680520 -0.10575590 -0.05194103
v 0.06612820 -0.10562990 -0.08638903
v 0.03122820 -0.10394190 -0.15756003
v 0.06161520 -0.10614490 -0.12737403
v -0.04804180 -0.10450490 0.00225497
v -0.04804180 -0.10450490 0.00225497
v -0.07209380 -0.10851490 0.11613097
v 0.06345520 -0.10597490 -0.12510103
v 0.06808120 -0.10538990 -0.09569803
v 0.07463920 -0.10484790 -0.13077203
v -0.05692580 -0.10562290 0.03827597
v 0.07537320 -0.10260490 -0.11697403
v 0.04040420 -0.10415890 -0.14987703
v 0.03660320 -0.10542690 0.01843497
v 0.05862520 -0.10767190 -0.05936603
v 0.05862520 -0.10767190 -0.05936603
v -0.00369780 -0.10532490 0.12957597
v 0.00453820 -0.10538390 -0.15147603
v 0.06157520 -0.10491190 -0.13343803
v 0.01276720 -0.10660190 0.10328897
v 0.00210220 -0.10474090 -0.16282703
v -0.02823880 -0.10420190 -0.06924903
v -0.07514580 -0.10620690 0.11469497
v 0.02849620 -0.10683390 0.04557297
v 0.06341820 -0.10644390 -0.13848003
v 0.07310720 -0.10344590 -0.10969803
v -0.05268180 -0.10509090 0.01783197
v -0.07732780 -0.10812490 0.10999897
v -0.06533280 -0.10526090 0.06333197
v 0.05502520 -0.10615490 -0.13521603
v 0.00191620 -0.10482590 -0.15339103
v 0.00561220 -0.10456690 -0.16055303
v 0.00607120 -0.10484790 -0.15766603
v 0.00675520 -0.10452290 -0.15274003
v -0.04246680 -0.10450190 -0.01829203
v 0.06601720 -0.10564290 -0.13339303
v 0.05910520 -0.10302190 -0.14473303
v 0.01708620 -0.10144790 -0.16104703
v -0.01249080 -0.10377890 -0.12374503
v 0.06312220 -0.10188690 -0.14050003
v 0.05250320 -0.10404690 -0.03055803
v -0.02039380 -0.10305690 -0.09671903
v -0.07757880 -0.10442190 0.10994897
v 0.04708420 -0.10351790 -0.01152703
v 0.04384320 -0.10395990 -0.00321803
v -0.01560880 -0.10797390 -0.10955903
v 0.04055520 -0.10444190 0.00585097
v -0.07389080 -0.10276690 0.11635997
v -0.05440180 -0.10464490 0.02503997
v -0.06790180 -0.10339790 0.07913997
v -0.00461380 -0.10502390 -0.15016003
v -0.06553280 -0.10468490 0.12373497
v 0.02270820 -0.09977090 0.07493897
v -0.03115480 -0.10362790 0.12463797
v -0.06979880 -0.10169490 0.08523897
v -0.04574280 -0.10141590 0.12351397
v -0.04142680 -0.10098490 0.12471997
v -0.03054980 -0.10322690 0.12790297
v 0.03496820 -0.10412890 0.02683997
v 0.06371820 -0.10244090 -0.06971003
v 0.06371820 -0.10244090 -0.06971003
v -0.00712880 -0.10081090 0.13060197
v -0.01782380 -0.10564890 0.12618197
v 0.00530420 -0.10489390 0.12708897
v 0.07121820 -0.10429490 -0.10245703
v 0.07121820 -0.10429490 -0.10245703
v 0.06705420 -0.10297090 -0.08282403
v 0.06705420 -0.10297090 -0.08282403
v -0.07761880 -0.10465890 0.10256597
v -0.05862980 -0.10172790 0.12239597
v 0.06121620 -0.10302490 -0.06231203
v 0.05843320 -0.10189690 -0.05121103
v 0.00900920 -0.10340790 0.11748997
v 0.00491820 -0.10100390 -0.16462503
v -0.05075580 -0.10179690 0.12423697
v -0.05075580 -0.10179690 0.12423697
v -0.00898180 -0.10318090 -0.13778203
v -0.03684180 -0.10412790 0.12528297
v -0.03223480 -0.10359590 -0.05535403
v 0.02179320 -0.10286290 -0.16206703
v 0.02708820 -0.10336690 0.05607697
v 0.00529420 -0.10196790 0.12837997
v 0.06318320 -0.10122190 -0.14252203
v 0.03549520 -0.10231690 -0.15402903
v -0.06626180 -0.10361490 0.12008197
v 0.00833920 -0.10224490 0.12411997
v -0.00450780 -0.10073390 0.13428497
v -0.06211180 -0.10392090 0.12490497
v 0.02958320 -0.10039890 -0.16008203
v 0.00464820 -0.09828890 -0.16657503
v 0.06610220 -0.10509190 -0.13506503
v -0.04482480 -0.10235290 -0.00768003
v -0.01792880 -0.10115690 -0.10454603
v -0.00762080 -0.10044690 0.13379897
v 0.04789620 -0.10174690 -0.14911903
v -0.07682480 -0.10075490 0.11594297
v 0.02491620 -0.10224490 0.06666997
v -0.06000380 -0.10332690 0.04621897
v -0.02915080 -0.10080790 0.12694097
v 0.06933120 -0.09890790 -0.13946603
v 0.07253920 -0.10094190 -0.13734103
v 0.01262620 -0.10098790 -0.16338303
v 0.00875320 -0.10299190 0.12074497
v -0.04279080 -0.10070590 0.12458997
v 0.05823420 -0.09006790 -0.05038503
v -0.00725280 -0.10232390 -0.14479803
v 0.00162320 -0.10222990 0.13115497
v 0.03080220 -0.10284190 0.04425497
v -0.06400580 -0.09918990 0.12287997
v -0.02499780 -0.10309290 -0.07755603
v -0.07713680 -0.09567790 0.11630897
v -0.03400280 -0.10135590 -0.04457903
v -0.03896880 -0.09972190 0.12801997
v -0.01826080 -0.09957590 0.12851397
v 0.03744320 -0.09900490 -0.15470003
v 0.06338820 -0.09572690 -0.06937603
v -0.06622380 -0.09829590 0.07212497
v 0.01887220 -0.10104590 0.08720697
v 0.04854520 -0.09552090 -0.15158203
v -0.07830480 -0.09728090 0.11442297
v 0.07677720 -0.10312690 -0.12242303
v 0.00242820 -0.09365390 -0.16588803
v -0.01406880 -0.09770990 0.13180497
v 0.06885120 -0.09805990 -0.14306003
v 0.07465520 -0.09840190 -0.14119003
v 0.00002220 -0.09942790 0.13458297
v -0.05495580 -0.09810590 0.12414597
v -0.05354780 -0.09853790 0.02782597
v -0.02806680 -0.09745790 -0.06339303
v 0.07688620 -0.09931390 -0.13542003
v 0.03959520 -0.09684690 0.01466997
v -0.00684480 -0.09498790 -0.13860303
v -0.04307480 -0.09630190 0.12738697
v -0.03010380 -0.09680390 0.13001797
v 0.05053120 -0.09468890 -0.02273803
v 0.00921320 -0.09235890 0.12701197
v -0.03855580 -0.09976990 -0.02767603
v 0.01636320 -0.09710190 -0.16390403
v -0.06957780 -0.09886290 0.12059097
v -0.07799480 -0.09398990 0.10963497
v 0.06220120 -0.09703890 -0.14581303
v -0.06656680 -0.09753790 0.12382697
v 0.00643620 -0.09498690 0.13104197
v -0.00215880 -0.09828890 -0.15818903
v -0.00466980 -0.09485190 0.13548197
v -0.06159380 -0.09887790 0.05930197
v 0.03310120 -0.09317190 0.03896897
v -0.05794180 -0.09925490 0.04290797
v 0.01001620 -0.09425790 -0.16544903
v -0.02569780 -0.09615290 0.12818697
v -0.05127180 -0.09728690 0.12807797
v -0.05127180 -0.09728690 0.12807797
v -0.07659780 -0.09409390 0.11747397
v -0.01750080 -0.09708790 0.13013297
v -0.03079080 -0.09673790 -0.05233703
v 0.01420020 -0.09753090 0.10496197
v 0.00097820 -0.09657090 0.13579897
v -0.02383180 -0.09714590 -0.07747303
v -0.06966380 -0.09746690 0.08627397
v -0.07299180 -0.09438090 0.11901697
v 0.07257920 -0.09179390 -0.14351303
v -0.07234780 -0.09493190 0.12248497
v -0.06272280 -0.09639490 0.12415097
v 0.07138820 -0.10058890 -0.09941503
v 0.07138820 -0.10058890 -0.09941503
v -0.01196180 -0.09362090 0.13438597
v -0.04436080 -0.09461490 0.12727797
v 0.08017920 -0.09159690 -0.13097703
v -0.07503180 -0.09786090 0.10141497
v -0.02437380 -0.09184590 -0.07279503
v 0.03239020 -0.09588690 -0.15988903
v -0.03500380 -0.09301790 -0.03512503
v -0.04826980 -0.09522990 0.12573897
v -0.04479580 -0.09318390 -0.00146203
v -0.04479580 -0.09318390 -0.00146203
v -0.03882380 -0.09350990 0.12755897
v -0.03503780 -0.09861490 0.12911997
v 0.02987920 -0.09320990 0.05025297
v -0.00003380 -0.08741290 0.13622297
v 0.07110620 -0.08987690 -0.09650303
v 0.07657120 -0.09600390 -0.13966603
v -0.01154280 -0.09794390 -0.12401703
v -0.05595780 -0.09422590 0.12444097
v 0.06799820 -0.09524590 -0.08552503
v 0.02078420 -0.09704490 -0.16396303
v -0.00239280 -0.08612990 -0.15504903
v 0.02677320 -0.09450390 -0.16321303
v 0.07981120 -0.09278990 -0.12670003
v -0.04158080 -0.09383190 0.12495097
v -0.02649180 -0.08869690 -0.06660003
v 0.04418020 -0.09422690 -0.15259703
v 0.02597120 -0.09125690 0.06463397
v -0.01750480 -0.09212490 -0.09916303
v -0.04646180 -0.09410590 0.12558497
v 0.00433620 -0.08757390 -0.16809203
v 0.04419220 -0.09320590 0.00024597
v -0.06068580 -0.09101690 0.12619597
v -0.05200880 -0.09279990 0.12687097
v -0.05200880 -0.09279990 0.12687097
v 0.01593220 -0.08997390 0.10206497
v -0.02626080 -0.09337390 0.12840297
v -0.01394680 -0.09581090 -0.11254303
v -0.04040080 -0.09778490 -0.01848903
v -0.05225880 -0.08956090 0.02690897
v -0.00288880 -0.09059090 0.13312097
v -0.04967680 -0.09488990 0.01656397
v -0.07475580 -0.09090190 0.12132697
v 0.03808320 -0.08979390 -0.15572603
v -0.06551780 -0.09378390 0.06983297
v -0.01987480 -0.09359390 -0.08907603
v -0.03357480 -0.08926190 0.12956697
v 0.01205020 -0.09040690 -0.16613203
v -0.04515480 -0.08974790 0.12410197
v -0.00734280 -0.09133390 0.13279197
v -0.01639080 -0.09128390 0.13023197
v 0.03242620 -0.08807690 -0.15964003
v 0.04623520 -0.08192990 -0.00224003
v -0.05796380 -0.09190190 0.04570697
v 0.00544020 -0.08574390 0.13558997
v -0.07202680 -0.08984790 0.09132197
v -0.01256880 -0.08926090 0.13059197
v -0.06971680 -0.08776690 0.08235797
v 0.03658020 -0.08664190 0.02943497
v -0.07762480 -0.08965690 0.11712297
v -0.06799480 -0.08829590 0.12519497
v 0.00673620 -0.08919690 0.13411697
v 0.02435120 -0.08911490 -0.16324603
v -0.06641580 -0.08948290 0.07242997
v -0.02732480 -0.09024890 0.13023797
v -0.03856380 -0.09029990 -0.02371003
v -0.05427780 -0.09062390 0.03403697
v 0.06138620 -0.08745890 -0.14708303
v -0.04988780 -0.08880390 0.12899597
v -0.04988780 -0.08880390 0.12899597
v -0.02118280 -0.09100190 0.12861197
v -0.02253480 -0.08817890 0.13175397
v 0.01122320 -0.09380990 0.11648497
v -0.03883180 -0.09071790 0.12610897
v -0.00912480 -0.08758290 0.13217097
v -0.05770180 -0.08851190 0.12813697
v -0.01548780 -0.08639590 -0.10471703
v -0.00889680 -0.08812190 -0.12866103
v -0.06035480 -0.08819890 0.05530197
v -0.00071780 -0.08485590 -0.16222603
v 0.08266220 -0.07893490 -0.12948503
v -0.02902780 -0.08691390 -0.05780503
v -0.03269280 -0.08542890 0.13006497
v -0.07653680 -0.08271990 0.11707597
v -0.00489980 -0.08523790 0.13234997
v 0.04863420 -0.08796990 -0.01404403
v -0.03581380 -0.08474290 -0.03261403
v 0.07470320 -0.09419390 -0.11013503
v 0.07470320 -0.09419390 -0.11013503
v 0.07397020 -0.08488990 -0.14318703
v -0.03447480 -0.08530390 0.12618397
v -0.07503580 -0.08513390 0.12165497
v -0.00274980 -0.08937890 -0.14981303
v 0.00633020 -0.08094490 -0.16690403
v -0.05029480 -0.08339890 0.12938597
v -0.04735180 -0.09009690 0.00814997
v -0.03230080 -0.08324890 -0.04534803
v 0.06143420 -0.08572990 -0.06081603
v 0.01043320 -0.08424590 0.12975997
v 0.06542120 -0.08606090 -0.07481103
v -0.01117380 -0.08502990 0.13290497
v -0.07550080 -0.08603990 0.10228597
v -0.02029680 -0.08461190 0.13256597
v -0.07732780 -0.08697190 0.10516597
v 0.01317220 -0.08168590 0.11529697
v -0.06401080 -0.08675890 0.06658997
v 0.01978120 -0.07598490 0.09364997
v -0.07825880 -0.08804190 0.10855897
v -0.04093580 -0.08334390 0.12509497
v 0.00159620 -0.08113990 0.13256197
v -0.01123680 -0.08091790 0.13252897
v -0.02893280 -0.08513890 0.13142697
v -0.03576080 -0.08089690 0.12936197
v -0.01516180 -0.08331590 0.13120097
v 0.05481520 -0.08744590 -0.03687703
v -0.00127180 -0.08348990 0.13277097
v -0.00704380 -0.08316090 -0.13485303
v -0.04461280 -0.08298690 -0.00147203
v -0.04461280 -0.08298690 -0.00147203
v -0.02585680 -0.08252790 -0.07399603
v 0.07747120 -0.08323090 -0.11651203
v 0.07747120 -0.08323090 -0.11651203
v -0.07265480 -0.07964190 0.09812197
v -0.02002580 -0.08372090 -0.09025803
v -0.01637580 -0.08195890 -0.10273003
v 0.07747920 -0.07906890 -0.14102503
v 0.03142720 -0.07857590 0.05050897
v -0.05714780 -0.08225190 0.12872197
v 0.04059220 -0.08430990 -0.15440103
v -0.00370480 -0.08032890 -0.14779203
v -0.00370480 -0.08032890 -0.14779203
v -0.04243280 -0.07852490 0.12749497
v 0.07827520 -0.08431990 -0.13816403
v -0.07764180 -0.08122590 0.11995597
v -0.07529680 -0.07389290 0.10648497
v 0.08096020 -0.07910190 -0.13353203
v -0.07400280 -0.08112690 0.12215297
v 0.03358920 -0.07664790 -0.15920303
v 0.03859620 -0.07280790 -0.15507703
v -0.02189580 -0.07815790 0.13340197
v 0.03826420 -0.08924290 0.02215497
v 0.04266520 -0.08236990 0.01094497
v 0.02557620 -0.07964790 -0.16270003
v -0.02601480 -0.08220190 0.13152397
v 0.00385420 -0.08154590 0.13472497
v -0.04660880 -0.08165190 0.12625697
v 0.07002120 -0.07759490 -0.08758403
v -0.04788280 -0.07995090 0.12968597
v -0.04788280 -0.07995090 0.12968597
v -0.04514280 -0.07795390 0.12721997
v -0.01725480 -0.08142690 0.13184897
v 0.01010020 -0.08096490 0.13017397
v -0.04760080 -0.07824190 0.01189297
v 0.00639520 -0.07964290 0.13366697
v -0.01348080 -0.07956490 -0.11301903
v 0.05999720 -0.07850390 -0.14744203
v -0.06818780 -0.08227490 0.12590597
v -0.07733880 -0.07740590 0.11552697
v -0.04201680 -0.08103790 -0.00912203
v 0.04818320 -0.08324890 -0.15132303
v 0.00135220 -0.07613190 0.13319097
v -0.01098580 -0.08510990 -0.12144603
v 0.05210920 -0.07945290 -0.02391303
v -0.02843080 -0.07997590 -0.06044303
v 0.01251220 -0.07371390 0.12517797
v -0.05511680 -0.07790790 0.12964097
v -0.07012880 -0.07677490 0.08805597
v -0.07524980 -0.07634290 0.12141197
v -0.01286280 -0.07824190 0.13475797
v 0.01838620 -0.07893590 -0.16462803
v 0.02907120 -0.06679790 0.06291497
v 0.07904420 -0.06964790 -0.13976203
v -0.03424380 -0.07258490 -0.03793003
v 0.01989320 -0.07431590 -0.16467803
v -0.06422380 -0.06975990 0.12756697
v -0.03173480 -0.07592690 0.13176697
v 0.02314520 -0.08308790 0.07863797
v -0.01443480 -0.06801590 -0.10536203
v -0.01443480 -0.06801590 -0.10536203
v 0.06679120 -0.07753190 -0.07633903
v -0.05502280 -0.07578490 0.03766497
v -0.00905280 -0.07548690 0.13308197
v -0.07676680 -0.07124490 0.11788897
v -0.04058680 -0.07698490 0.12924897
v -0.01675580 -0.07583690 0.13408697
v 0.00613520 -0.07383690 -0.16762403
v 0.00613520 -0.07383690 -0.16762403
v 0.00008320 -0.07918390 -0.16276503
v 0.00008320 -0.07918390 -0.16276503
v -0.06868280 -0.06944590 0.08552897
v -0.00337380 -0.07835090 0.13344597
v -0.00276380 -0.07445690 0.13511797
v -0.04236680 -0.07359790 0.12669397
v 0.05710120 -0.06975590 -0.14864003
v 0.06198720 -0.07608790 -0.05891103
v -0.01473280 -0.07406890 0.13229597
v -0.02195380 -0.07228190 -0.08327203
v 0.00277420 -0.07428490 0.13631797
v -0.07306280 -0.07271690 0.12373297
v 0.02398420 -0.07040890 -0.16320503
v -0.01826680 -0.06679890 -0.09253503
v -0.05976880 -0.07525890 0.12896197
v -0.06086680 -0.07938390 0.05896097
v 0.06783320 -0.06887490 -0.07775703
v 0.03594120 -0.07257290 0.03830097
v 0.03998520 -0.07310990 0.02390697
v -0.02932180 -0.06749190 -0.05166903
v -0.03022980 -0.07058290 0.13260597
v -0.04752780 -0.07607890 0.13068197
v -0.04752780 -0.07607890 0.13068197
v -0.00760680 -0.06889890 -0.12878103
v -0.00760680 -0.06889890 -0.12878103
v -0.05147280 -0.07425190 0.02573697
v -0.05494880 -0.07194490 0.12862797
v 0.00171420 -0.06751790 -0.16290603
v -0.02226980 -0.07216690 0.13386897
v 0.05237720 -0.07108690 -0.02096503
v -0.01748780 -0.07138490 0.13322797
v 0.06960320 -0.07331390 -0.14458603
v -0.05976780 -0.06813590 0.05605297
v -0.04769680 -0.07024790 0.01260497
v -0.04769680 -0.07024790 0.01260497
v 0.00779320 -0.07399590 0.13296297
v -0.00587580 -0.07268990 0.13422797
v -0.04660080 -0.07407390 0.12777497
v -0.00086080 -0.06845590 0.13733297
v -0.07683080 -0.07135290 0.11385797
v -0.06655980 -0.06663690 0.07787697
v -0.02328680 -0.06009590 -0.07656803
v -0.03822580 -0.07122490 -0.02032103
v -0.05155180 -0.07025990 0.12972597
v -0.05155180 -0.07025990 0.12972597
v -0.00500880 -0.06812590 0.13388997
v -0.04282780 -0.06927890 0.12575797
v 0.01730220 -0.07665690 0.10222397
v -0.01484980 -0.06852190 0.13262297
v 0.00773320 -0.07027990 0.13406397
v -0.06926780 -0.07013790 0.12583697
v -0.04806480 -0.06552690 0.12791897
v 0.02673520 -0.07225090 0.06916697
v -0.03767880 -0.06990390 0.13037197
v -0.00005880 -0.06763090 -0.15932503
v 0.07400320 -0.07266290 -0.10012403
v 0.01157120 -0.07183790 -0.16606503
v 0.06950620 -0.06792190 -0.14436503
v 0.01270920 -0.06660390 0.13024797
v -0.04102880 -0.06566590 -0.01022403
v 0.04954220 -0.06424890 -0.00650003
v -0.07279080 -0.06634390 0.12409197
v -0.03450880 -0.06234790 -0.03403503
v -0.03910780 -0.06597990 0.13045897
v 0.07807720 -0.06806690 -0.11312803
v 0.07807720 -0.06806690 -0.11312803
v 0.03444720 -0.06611390 -0.15915303
v 0.02342920 -0.06561790 -0.16367003
v -0.07502580 -0.06279190 0.10743897
v -0.07474280 -0.06719090 0.11968097
v -0.05216380 -0.06694890 0.13077397
v -0.05216380 -0.06694890 0.13077397
v 0.08096920 -0.06496190 -0.13500003
v -0.05737080 -0.06659990 0.12929897
v 0.00391520 -0.06462690 0.13732297
v -0.05455680 -0.06451390 0.03895897
v -0.05774580 -0.07207990 0.04760197
v -0.01673680 -0.06423890 0.13291197
v -0.04514680 -0.06191190 0.13098297
v -0.04514680 -0.06191190 0.13098297
v -0.02895880 -0.06020190 0.13292997
v 0.04442920 -0.06511390 0.01187797
v 0.06389320 -0.06407890 -0.06122103
v 0.01184620 -0.06334090 -0.16635303
v -0.01944480 -0.06740690 0.13470597
v -0.04508080 -0.06931190 0.00072797
v -0.05990480 -0.06180190 0.12930297
v 0.08199420 -0.06611190 -0.12305903
v -0.03950880 -0.06128990 0.13077297
v 0.00643820 -0.06902490 -0.16741503
v 0.00643820 -0.06902490 -0.16741503
v -0.01113180 -0.06353390 0.13331897
v -0.00400680 -0.06896390 -0.14221903
v -0.05359980 -0.06323590 0.03498497
v -0.04351780 -0.06473690 0.12775297
v 0.08361320 -0.06775290 -0.12878103
v -0.00811980 -0.06246690 0.13755097
v 0.02047220 -0.05584890 0.09858297
v -0.00279180 -0.06207190 0.13727097
v 0.01018920 -0.06251690 0.13365897
v 0.05842620 -0.06602990 -0.04127903
v -0.03114780 -0.06161690 -0.04425503
v 0.03283920 -0.06132790 0.05340497
v -0.01919680 -0.06200790 0.13494097
v 0.02360120 -0.06329290 0.08412197
v -0.07379980 -0.06177090 0.12305697
v 0.06867820 -0.05626190 -0.07432503
v 0.01440420 -0.06223490 0.12057197
v 0.05293920 -0.05844790 -0.01658203
v 0.07617520 -0.06024690 -0.14201303
v -0.04892480 -0.06146890 0.12921297
v -0.04892480 -0.06146890 0.12921297
v -0.06946780 -0.06529990 0.09168697
v 0.02038320 -0.06045290 -0.16419903
v 0.03902320 -0.05752590 -0.15515803
v -0.01055780 -0.06076290 0.13431997
v 0.00668020 -0.06214190 -0.16765503
v 0.00668020 -0.06214190 -0.16765503
v -0.01520080 -0.05285390 -0.09813403
v -0.01520080 -0.05285390 -0.09813403
v -0.05622980 -0.06096490 0.12950397
v 0.00690820 -0.05994790 0.13676297
v -0.07525380 -0.05664690 0.11943497
v -0.04913080 -0.06403790 0.01960997
v 0.05579720 -0.06781490 -0.03180003
v 0.04943920 -0.05970290 -0.15131603
v -0.07519680 -0.05758390 0.11140997
v -0.05810180 -0.06088590 0.05192297
v -0.07294080 -0.06135990 0.12479797
v 0.06108220 -0.05930190 -0.04824103
v -0.04627280 -0.06310990 0.00785897
v -0.04627280 -0.06310990 0.00785897
v -0.01260780 -0.05415990 -0.10679503
v -0.06628480 -0.05938290 0.07859697
v 0.00153920 -0.06039790 0.13676097
v 0.00718120 -0.05740490 0.13628597
v -0.01107680 -0.05761290 0.13638097
v 0.02206420 -0.05050990 0.09528497
v 0.07502320 -0.06129690 -0.10032603
v -0.05326180 -0.05963190 0.12812797
v 0.00107320 -0.05852290 -0.16103303
v -0.02570980 -0.06734890 -0.06965503
v 0.01674220 -0.05688490 0.11210997
v 0.04724320 -0.06702590 0.00117397
v -0.04338680 -0.05904290 0.13081197
v -0.02686280 -0.05690890 -0.05906703
v -0.05155780 -0.05377290 0.02962697
v 0.06631120 -0.06052890 -0.14574703
v -0.04525980 -0.05582490 0.13214697
v -0.04525980 -0.05582490 0.13214697
v 0.03533920 -0.04790390 -0.15949103
v -0.06077180 -0.05486190 0.06383497
v -0.00152080 -0.06151090 -0.15060803
v -0.05576180 -0.05517990 0.13008497
v -0.06388180 -0.05694790 0.07204497
v 0.06156020 -0.05362590 -0.04651603
v 0.00410820 -0.05641790 0.13762797
v -0.06864880 -0.05285490 0.09323897
v -0.05628080 -0.05437990 0.04593497
v 0.00041820 -0.05646090 -0.15837603
v -0.04828180 -0.05708690 0.01714097
v -0.04828180 -0.05708690 0.01714097
v 0.06562120 -0.05372890 -0.06241703
v -0.04330480 -0.06002390 -0.00329803
v 0.04706020 -0.04996690 0.00886897
v -0.04428380 -0.04956490 0.00356997
v -0.04428380 -0.04956490 0.00356997
v -0.03239280 -0.05635790 0.13199697
v 0.00776820 -0.05339290 0.13612797
v -0.03813680 -0.05664190 -0.01853903
v 0.00028720 -0.05652690 0.13891697
v -0.05245280 -0.05675890 0.12975497
v 0.08074420 -0.05797890 -0.13850003
v -0.02415780 -0.05495190 0.13338097
v -0.07468480 -0.05096690 0.12217297
v -0.03992980 -0.05166890 0.13169497
v -0.02478580 -0.05621890 -0.07132003
v -0.01216280 -0.05348790 0.13612697
v -0.07040980 -0.05831490 0.09785097
v -0.00332580 -0.05485290 0.13838697
v 0.06962720 -0.05392490 -0.07775503
v -0.01062480 -0.06616390 -0.11775903
v -0.01062480 -0.06616390 -0.11775903
v -0.03187680 -0.05404490 -0.04146603
v 0.07200520 -0.06067090 -0.08865903
v -0.00573680 -0.05369090 -0.12986003
v -0.03544180 -0.05501190 -0.02966403
v 0.01283320 -0.05489490 0.13348897
v 0.00832420 -0.05350190 -0.16769603
v 0.00832420 -0.05350190 -0.16769603
v 0.02435820 -0.04376090 0.08912497
v 0.03586720 -0.05278090 0.04749297
v 0.08214320 -0.04853690 -0.11933403
v 0.08214320 -0.04853690 -0.11933403
v 0.01553920 -0.05155590 -0.16530403
v -0.04621680 -0.05290490 0.13215197
v -0.04621680 -0.05290490 0.13215197
v 0.00049120 -0.05191990 0.13958097
v -0.07225880 -0.05374990 0.12465397
v 0.02464020 -0.05769090 -0.16329103
v 0.08126720 -0.04697990 -0.13865703
v -0.00652680 -0.04761390 -0.12595403
v -0.01842380 -0.05157990 0.13531997
v -0.05407880 -0.04981990 0.04001697
v -0.00611280 -0.05393890 0.13599697
v -0.03076380 -0.05110990 0.13324597
v 0.00466320 -0.05073490 0.13516097
v -0.04049480 -0.05009490 -0.00913703
v -0.00309580 -0.05062890 -0.13926903
v -0.04722380 -0.04551790 0.01671797
v -0.07036380 -0.04745390 0.12510697
v -0.07369380 -0.04830890 0.10886497
v -0.05340080 -0.04759190 0.13080097
v 0.03148620 -0.05076090 0.06275797
v -0.07448280 -0.04442890 0.11463497
v -0.01342280 -0.05077190 0.13382397
v 0.08512520 -0.05021390 -0.12734503
v 0.08512520 -0.05021390 -0.12734503
v 0.00010520 -0.05044590 -0.15273003
v -0.00315680 -0.04993790 0.13730797
v 0.05947920 -0.05476590 -0.14813303
v -0.02412680 -0.04821190 0.13460697
v 0.00146020 -0.04985490 0.13667897
v 0.01309120 -0.04923790 0.13615797
v -0.04034480 -0.04826990 0.13094797
v -0.02807980 -0.04789890 -0.05178803
v -0.02807980 -0.04789890 -0.05178803
v -0.01676480 -0.04682090 0.13302697
v 0.01418620 -0.04813090 0.12856697
v -0.03693680 -0.04534190 -0.02046703
v -0.03693680 -0.04534190 -0.02046703
v 0.07843820 -0.05061790 -0.14124703
v -0.05196480 -0.04199890 0.03548097
v 0.00510920 -0.04795090 0.13650197
v -0.03090080 -0.04356890 -0.04134003
v -0.03090080 -0.04356890 -0.04134003
v -0.00871980 -0.04611890 -0.11755803
v -0.06261680 -0.05097890 0.12842597
v 0.07984120 -0.04908290 -0.11232803
v 0.07984120 -0.04908290 -0.11232803
v -0.01205180 -0.04094190 0.13527997
v -0.03472880 -0.04722390 0.13219197
v 0.04185120 -0.05719690 0.02406597
v 0.05992620 -0.04504990 -0.03609503
v -0.07073380 -0.03974690 0.10289497
v 0.01345520 -0.04365490 0.13260297
v 0.03881220 -0.05017890 0.03847997
v 0.04443520 -0.04498990 -0.15299103
v 0.02774320 -0.05185790 0.07463297
v -0.00139480 -0.04459090 0.13628197
v -0.02329380 -0.04650190 -0.07091603
v -0.02329380 -0.04650190 -0.07091603
v -0.06512080 -0.04667390 0.08060997
v 0.08402420 -0.04095990 -0.13250303
v 0.01019220 -0.04362890 0.13415997
v 0.06234820 -0.03931990 -0.04349203
v -0.03385780 -0.04489890 -0.03226403
v -0.01883480 -0.04793690 -0.08545403
v -0.01883480 -0.04793690 -0.08545403
v 0.06902820 -0.04728090 -0.14468203
v -0.04541680 -0.04302690 0.12946897
v -0.07431580 -0.04422190 0.12500797
v 0.07690020 -0.04963190 -0.10198403
v -0.02339980 -0.04209890 0.13285497
v -0.04153380 -0.04620090 0.12806997
v -0.04493980 -0.04606990 0.13342497
v -0.04493980 -0.04606990 0.13342497
v 0.00921920 -0.04155990 -0.16710703
v 0.00921920 -0.04155990 -0.16710703
v 0.03786620 -0.03947190 0.04647297
v 0.08636120 -0.03761290 -0.12807103
v 0.08636120 -0.03761290 -0.12807103
v -0.05752180 -0.04288790 0.13105897
v 0.02090020 -0.04480190 -0.16383803
v 0.03965320 -0.04359690 -0.15550003
v 0.07365320 -0.04166690 -0.08699603
v -0.04062880 -0.03831290 0.12761497
v -0.03638080 -0.04410990 0.12835997
v -0.06818580 -0.04434290 0.12645497
v -0.03262080 -0.04215790 0.13107397
v 0.01693720 -0.03699290 0.11891997
v 0.05764420 -0.04109390 -0.14861403
v -0.04953880 -0.04153090 0.02623097
v 0.04530420 -0.03841990 0.02119197
v -0.06658780 -0.04047690 0.12710797
v 0.05551220 -0.04606690 -0.02002703
v -0.02777980 -0.03376390 -0.04802403
v -0.02777980 -0.03376390 -0.04802403
v -0.01973580 -0.03782490 0.13325397
v 0.00616220 -0.04747890 -0.16601603
v 0.04992920 -0.03252290 0.00648397
v -0.05850180 -0.04684590 0.05850397
v 0.05127320 -0.04690190 -0.00521503
v 0.06537620 -0.03985890 -0.05502303
v 0.00510420 -0.03789990 -0.16339503
v -0.00246480 -0.03648590 -0.13665603
v 0.07458420 -0.04275390 -0.14322003
v -0.03610480 -0.03978790 0.12917397
v -0.04849080 -0.04188290 0.13161697
v -0.04849080 -0.04188290 0.13161697
v -0.02456280 -0.04030890 -0.06272403
v -0.02456280 -0.04030890 -0.06272403
v 0.04233120 -0.03644690 0.03263697
v 0.01657920 -0.04014390 -0.16537103
v -0.07218180 -0.04026890 0.12539197
v -0.05544780 -0.04409590 0.04698997
v -0.02875980 -0.04163890 0.13302397
v 0.00478220 -0.04145790 0.13526297
v -0.02782980 -0.03863090 0.13039497
v -0.05361480 -0.03920390 0.13147597
v -0.06438380 -0.03785490 0.07929397
v -0.00757180 -0.03782990 -0.11938203
v -0.04768880 -0.03881290 0.12933597
v -0.00518780 -0.03975590 0.13577097
v -0.07391680 -0.04215790 0.12159197
v -0.03794080 -0.03957090 -0.01596303
v -0.03794080 -0.03957090 -0.01596303
v -0.06736080 -0.04367390 0.09091897
v -0.05441480 -0.03438590 0.13073997
v -0.05441480 -0.03438590 0.13073997
v -0.06296480 -0.03581390 0.12788397
v 0.03202520 -0.03358990 0.06888597
v -0.06477880 -0.03108590 0.08496197
v 0.01400520 -0.03344590 0.13441097
v -0.03246880 -0.03319190 0.13040197
v -0.00065580 -0.03406790 0.13695597
v 0.03855920 -0.03129290 -0.15707503
v -0.06066680 -0.03623790 0.06882797
v 0.04183720 -0.02451290 -0.15396903
v 0.00832820 -0.03639490 0.13348697
v 0.02073920 -0.03877190 0.10342497
v 0.01870520 -0.03749390 0.11100597
v -0.07098280 -0.03619490 0.12438497
v -0.00927480 -0.03496790 0.13439097
v 0.00188920 -0.03985490 -0.15759203
v 0.08622820 -0.03668290 -0.12595603
v -0.07419080 -0.03684190 0.11749497
v -0.01927880 -0.03194390 -0.07978603
v -0.05054980 -0.03431390 0.03269297
v 0.03496620 -0.02913290 0.06171097
v 0.02450320 -0.03514890 -0.16309803
v -0.05745780 -0.03593390 0.12899297
v -0.02325180 -0.03287990 0.13237497
v -0.05000580 -0.03411390 0.13030197
v 0.04856020 -0.03204390 -0.15143003
v 0.00331420 -0.02150790 -0.15737803
v -0.07251880 -0.03322290 0.12415697
v 0.00953420 -0.03589490 -0.16654003
v 0.00953420 -0.03589490 -0.16654003
v -0.03615780 -0.03445990 0.13146697
v -0.00648780 -0.03044390 -0.12009203
v 0.01107120 -0.03570790 0.13440297
v -0.04583880 -0.03429590 0.13187097
v -0.01779680 -0.03305890 0.13368097
v 0.03098720 -0.03254190 -0.16098303
v -0.03971380 -0.03378490 0.12844697
v -0.04076080 -0.03569990 -0.00530903
v -0.04076080 -0.03569990 -0.00530903
v 0.05200220 -0.03316990 -0.00157003
v -0.06951980 -0.03197990 0.12425797
v -0.07087780 -0.03072690 0.10436997
v -0.03131480 -0.03300490 -0.03708803
v -0.03131480 -0.03300490 -0.03708803
v -0.04408280 -0.03124290 0.00924997
v 0.06748720 -0.03083990 -0.14522203
v 0.03695320 -0.03490890 0.05247397
v 0.07103920 -0.04156290 -0.07758503
v -0.00757880 -0.03048790 0.13575397
v 0.08431520 -0.02637090 -0.11822803
v 0.00477220 -0.03379690 0.13653197
v 0.03539020 -0.03104890 -0.15893703
v 0.07765220 -0.02774790 -0.09586003
v -0.07471380 -0.03084490 0.12388097
v -0.03129180 -0.03027090 0.13043897
v 0.08138620 -0.03420190 -0.11258203
v 0.08138620 -0.03420190 -0.11258203
v -0.03429380 -0.03493290 -0.02920503
v -0.03429380 -0.03493290 -0.02920503
v -0.03429380 -0.03493290 -0.02920503
v -0.04655180 -0.03373590 0.01757697
v -0.05794980 -0.03148190 0.12787297
v -0.02493880 -0.02842690 0.13390597
v -0.02690780 -0.02631590 -0.04715903
v -0.00319580 -0.02532590 -0.13040503
v -0.04233380 -0.02916990 0.12968197
v -0.02480780 -0.03043090 -0.05825703
v -0.02480780 -0.03043090 -0.05825703
v -0.07279580 -0.02899690 0.12151297
v 0.01568820 -0.02889690 0.13521797
v -0.05331080 -0.02996890 0.13165197
v -0.05331080 -0.02996890 0.13165197
v 0.07539820 -0.03115590 -0.08892103
v 0.00804220 -0.02755990 0.13562097
v -0.04915580 -0.02910490 0.02777997
v -0.05602080 -0.02689490 0.05479997
v 0.04116920 -0.03162690 0.03954497
v 0.07020020 -0.03295890 -0.07011103
v -0.06185680 -0.02706190 0.07523397
v 0.05629120 -0.03140790 -0.01649703
v -0.04281180 -0.03558290 0.00182697
v -0.04281180 -0.03558290 0.00182697
v -0.01310280 -0.02964490 0.13704897
v -0.05606280 -0.02452390 0.13165797
v -0.05606280 -0.02452390 0.13165797
v -0.01215680 -0.03266890 -0.10168903
v 0.06114320 -0.02761090 -0.03292203
v 0.06777720 -0.03007390 -0.05941603
v 0.01588220 -0.02616490 -0.16484803
v -0.07388080 -0.02864490 0.11975497
v 0.02546120 -0.02634790 0.09316197
v -0.06141680 -0.02856090 0.12696197
v -0.01172180 -0.02596090 0.13614397
v -0.02895880 -0.02680690 0.13222297
v -0.03307180 -0.02390290 -0.02920503
v -0.03307180 -0.02390290 -0.02920503
v -0.07384380 -0.03217190 0.11369497
v -0.00495880 -0.02533490 0.13638597
v -0.00073980 -0.02509190 0.13849797
v -0.02194280 -0.02504090 -0.06956703
v 0.04769720 -0.02868690 0.01681897
v 0.07339420 -0.02467290 -0.14330503
v -0.04780980 -0.02928890 0.12998697
v 0.08284920 -0.03255790 -0.13841703
v 0.08456820 -0.02061590 -0.13569503
v 0.05391620 -0.02672090 -0.00518403
v -0.07093880 -0.02208890 0.10703297
v -0.01492780 -0.02529290 0.13446797
v -0.05367380 -0.02552790 0.04611497
v -0.02859480 -0.02267390 0.13241697
v -0.03639480 -0.02471590 0.12901197
v 0.01597820 -0.03370790 0.12717497
v -0.02010580 -0.02652690 0.13376097
v 0.01465920 -0.02370590 0.13587797
v 0.07945420 -0.03313490 -0.14131203
v -0.01532380 -0.02171990 0.13474297
v 0.00084020 -0.03451290 -0.14944003
v 0.05943520 -0.02610990 -0.14787503
v 0.03710220 -0.01895490 -0.15814903
v 0.01083120 -0.02245090 0.13788797
v 0.00343220 -0.02078790 0.13779197
v -0.00139080 -0.02105090 0.13776097
v -0.07141980 -0.01818090 0.12240497
v 0.08107320 -0.01771590 -0.10488803
v 0.00719720 -0.02401490 -0.16452303
v 0.04401320 -0.02028290 0.03480697
v 0.04032520 -0.01792890 -0.15567503
v -0.05808680 -0.01994690 0.12916597
v 0.02905920 -0.02660590 0.08175997
v -0.06753080 -0.02201790 0.09764897
v -0.06528680 -0.01668890 0.09314497
v -0.04371080 -0.02234390 0.01078597
v -0.06172580 -0.02245690 0.12738597
v -0.05389280 -0.01868790 0.13006997
v 0.05386620 -0.02070790 -0.14934203
v 0.04465220 -0.01901290 -0.15254003
v -0.02558180 -0.01965990 0.13231497
v 0.05066320 -0.01887090 0.01076897
v 0.06873720 -0.01864490 -0.05652903
v 0.00933820 -0.01956390 -0.16649403
v 0.00933820 -0.01956390 -0.16649403
v -0.06989180 -0.02369290 0.12259897
v -0.06233880 -0.01817590 0.12782397
v -0.04988080 -0.02234890 0.13097497
v -0.04988080 -0.02234890 0.13097497
v 0.07202720 -0.02555190 -0.07363903
v -0.03863980 -0.02088990 0.13189997
v -0.00460380 -0.01882990 -0.12281803
v -0.04755180 -0.01741490 0.13262597
v -0.04755180 -0.01741490 0.13262597
v -0.06700880 -0.02355890 0.12506797
v 0.01075520 -0.02367190 -0.16670603
v 0.01075520 -0.02367190 -0.16670603
v 0.04040020 -0.01554990 0.04975797
v 0.02646320 -0.02255490 -0.16236803
v 0.02646320 -0.02255490 -0.16236803
v -0.02558680 -0.01824990 -0.04988903
v -0.05060380 -0.01986390 0.03746897
v 0.00863020 -0.02000590 0.13570697
v 0.06502820 -0.02116890 -0.04409203
v -0.00868880 -0.02071790 0.13625197
v 0.08633920 -0.02108090 -0.13042703
v 0.08893020 -0.00550090 -0.12685603
v 0.08893020 -0.00550090 -0.12685603
v -0.04213380 -0.01728390 0.13175597
v -0.03065880 -0.00925090 -0.03176303
v -0.03065880 -0.00925090 -0.03176303
v -0.03452680 -0.01856090 0.12995497
v 0.02627020 -0.00778790 0.09783397
v 0.00034720 -0.02002690 -0.14111803
v -0.03600780 -0.02270890 -0.01736603
v -0.01812480 -0.01934290 -0.07895603
v -0.01558880 -0.01400290 0.13447197
v -0.01134980 -0.01379290 0.13603197
v 0.05764720 -0.01998790 -0.01600303
v 0.02148020 -0.01951490 0.10850697
v -0.07250580 -0.01374990 0.11465697
v -0.05066380 -0.01438490 0.13101797
v 0.01622120 -0.01984790 0.13361197
v 0.08234720 -0.01934090 -0.13942103
v 0.01629920 -0.01065290 0.13536397
v -0.00270980 -0.01017690 -0.12743603
v 0.07268020 -0.01497790 -0.14305703
v 0.01972820 -0.01600790 -0.16407103
v 0.01972820 -0.01600790 -0.16407103
v -0.07231680 -0.01197890 0.11928797
v -0.04644180 -0.01974390 0.02088197
v -0.00856880 -0.01125290 -0.10612503
v -0.00832480 -0.01885490 -0.11025803
v 0.07141120 -0.01514790 -0.06565203
v 0.03239620 -0.01482190 0.07630997
v -0.02737080 -0.01452290 0.13228397
v -0.00521880 -0.01564090 0.13660397
v -0.04080980 -0.01891590 0.00014897
v 0.00097120 -0.01366190 0.13829497
v 0.06275320 -0.00994690 -0.14661303
v -0.05683080 -0.01302390 0.06333597
v -0.02535480 -0.01343990 -0.04802403
v 0.08753420 -0.01333490 -0.12399003
v 0.00973020 -0.00944790 0.13694397
v 0.08518120 -0.00895690 -0.13602103
v -0.04511780 -0.01296390 0.13294697
v -0.04511780 -0.01296390 0.13294697
v 0.00526420 0.00350710 -0.15607603
v 0.03767220 -0.01048490 0.06111697
v -0.03644980 -0.00988990 -0.01078703
v -0.01523180 -0.02173790 -0.08784203
v 0.03877020 -0.00656990 -0.15772103
v 0.03877020 -0.00656990 -0.15772103
v 0.07625720 -0.00631090 -0.08055803
v -0.05806580 -0.01128090 0.12798297
v -0.02868680 -0.01662490 -0.03917403
v 0.04812620 -0.01323090 0.02320897
v -0.05904780 -0.01455290 0.07178797
v 0.06060420 -0.01562490 -0.02585703
v 0.01261320 -0.01478490 0.13724997
v 0.02867420 -0.00529290 0.09083697
v -0.06161780 -0.01073990 0.08042997
v -0.02068880 -0.01040290 0.13345197
v -0.01991280 -0.01192190 -0.06995303
v 0.08014120 -0.00826790 -0.09713503
v 0.01279620 -0.00917190 -0.16562503
v -0.04417780 -0.00867990 0.01700897
v 0.01203520 -0.00969190 0.13776197
v -0.04754380 -0.01086090 0.02911797
v -0.01648380 -0.00479290 -0.07822403
v -0.03291080 -0.00976490 0.13113997
v 0.06408120 -0.01131890 -0.03611503
v -0.06497380 -0.01279490 0.12612397
v 0.02419420 -0.01538290 0.10186897
v -0.06270380 -0.01020090 0.08570297
v -0.04035980 -0.01360590 0.12975697
v -0.03641580 -0.00652890 0.12984997
v -0.01327280 -0.00655790 0.13540097
v -0.03480580 -0.00165990 -0.01438103
v -0.07070680 -0.00987690 0.12348097
v 0.00211320 -0.00485990 -0.14308803
v 0.00331920 -0.00787990 -0.15100803
v 0.01737120 -0.00490190 0.13634297
v 0.05301120 -0.01129590 0.00522997
v 0.05583620 -0.01047290 -0.00600503
v 0.04332220 -0.00716690 -0.15280803
v 0.00563520 -0.00502190 -0.15903003
v -0.02368680 -0.00293990 0.13351097
v 0.01886220 -0.02087590 0.11751897
v -0.04251780 -0.00742790 0.13200997
v -0.04251780 -0.00742790 0.13200997
v -0.02796380 -0.00614690 0.13184897
v -0.04119780 -0.00715490 0.00508297
v 0.00830820 -0.01119890 -0.16408503
v -0.06915380 -0.01018990 0.10340897
v 0.08692120 -0.00625590 -0.13077703
v 0.08225220 -0.00962790 -0.13983803
v -0.05290580 -0.00758290 0.13050197
v 0.01045920 -0.01041290 -0.16566403
v -0.01134280 -0.00961490 -0.09663803
v -0.01193480 0.00033710 -0.09030203
v 0.02170820 -0.00264790 0.11392697
v 0.06470620 0.00632210 -0.03189603
v 0.06900720 0.00317910 -0.04898903
v -0.06199080 -0.00666290 0.12747597
v 0.01827720 -0.00718290 -0.16378903
v 0.05099920 -0.01381890 -0.15034603
v 0.00270720 -0.00255490 0.14042697
v 0.00995620 0.00037310 -0.16442703
v -0.04934580 -0.00287490 0.03837497
v 0.04719820 0.00114110 0.03322997
v -0.00437380 -0.00485490 0.13749997
v -0.02229380 -0.00501790 -0.05784003
v 0.04454720 -0.00714790 0.03936197
v 0.08363420 -0.00523590 -0.10966003
v 0.01138420 -0.00261590 0.13660797
v -0.05310880 -0.01420690 0.04844597
v 0.06743720 -0.00903890 -0.04750203
v 0.03343220 -0.00423590 0.07633097
v -0.06849480 -0.00210490 0.12463297
v 0.02615520 -0.00817590 -0.16252503
v 0.02615520 -0.00817590 -0.16252503
v 0.06028620 -0.00174790 -0.01809103
v 0.05109320 0.00109810 0.01902897
v -0.07018480 0.00027610 0.11352697
v -0.05444980 -0.00511890 0.05757097
v -0.02929780 0.00327310 -0.03101403
v 0.01882120 -0.00333990 0.12637497
v -0.02064280 0.00408010 0.13407997
v -0.04618780 -0.00541690 0.13208397
v 0.07323320 -0.01198790 -0.07070703
v 0.04111420 0.00483410 0.05560797
v 0.02475020 0.01849110 0.10912897
v -0.05844680 -0.00023290 0.12869697
v 0.04367620 0.00334710 -0.15356103
v 0.04367620 0.00334710 -0.15356103
v -0.05744680 0.00088610 0.06966997
v 0.01409320 -0.00103590 0.13732497
v 0.06588720 0.00190410 -0.03669303
v -0.05033780 -0.00517990 0.13076497
v 0.08097420 0.00106410 -0.09648203
v -0.02421380 0.00178610 -0.04868403
v -0.03259680 -0.00277190 -0.02370603
v -0.03259680 -0.00277190 -0.02370603
v -0.06703880 -0.00291790 0.10139297
v -0.04160680 0.00497110 0.01192797
v -0.00184280 0.00184610 0.13802797
v 0.02811520 0.00284110 -0.16130203
v -0.05153380 0.00322010 0.04968197
v 0.07411720 0.00035110 -0.14268603
v -0.04097880 0.00296910 0.13162997
v -0.04097880 0.00296910 0.13162997
v -0.07042480 0.00074810 0.12024197
v -0.06324780 0.00051110 0.09271497
v 0.01701920 0.00166810 0.13660497
v 0.08358320 0.00070710 -0.13923903
v -0.01126580 0.00038110 0.13648897
v -0.04632080 0.00519010 0.02978497
v 0.08855520 0.00040110 -0.12928103
v -0.02941080 0.00023310 0.13133597
v 0.00554620 0.01262710 -0.15164203
v -0.04932080 0.00220110 0.13134297
v 0.08862120 0.00191410 -0.12323303
v 0.07436720 0.00569110 -0.06908403
v 0.03798020 0.00250110 -0.15762003
v 0.05549920 0.00430710 -0.14856603
v 0.05549920 0.00430710 -0.14856603
v 0.01099620 0.00303610 0.13622197
v -0.03705080 0.00484710 -0.00393503
v -0.04514480 0.00038710 0.02403097
v 0.02133020 0.00502610 -0.16295503
v 0.07971620 0.00836910 -0.14093203
v 0.04049920 0.01348910 -0.15648803
v -0.00208980 0.00208410 -0.12519703
v 0.00372520 0.00749910 0.13902997
v 0.05742120 0.00296210 -0.00528003
v 0.00637020 0.00417510 0.13912697
v 0.08562820 0.00337810 -0.11392903
v -0.07026880 0.00502310 0.11479597
v -0.03796980 0.01069210 0.00023097
v -0.01958680 0.00580410 -0.06557503
v 0.06695520 0.00809410 -0.14499303
v 0.00239020 0.00599610 -0.14110503
v -0.06383080 0.00590710 0.09682297
v -0.01399780 0.00463310 -0.08316103
v 0.05450820 0.00219510 0.00620197
v -0.04930980 0.01135610 0.04393397
v -0.02685980 -0.00155290 -0.04008703
v 0.01396220 0.00741310 0.13838897
v 0.01208420 0.00182210 -0.16572003
v 0.02246020 0.01515410 0.11656097
v 0.06848020 0.01210610 -0.04354403
v 0.03588820 0.00537810 0.07075797
v 0.00680620 0.00472710 -0.15996603
v 0.01170820 0.01311510 0.14076797
v -0.05578180 0.00791610 0.12957797
v 0.01856520 0.00806310 0.13635497
v -0.06805780 0.00542710 0.12478597
v 0.07952620 0.01360410 -0.08774903
v 0.07081720 0.00039610 -0.05601303
v -0.01191080 0.01481410 -0.08612203
v 0.05354220 0.01406910 0.01543397
v 0.08622620 0.01299610 -0.13653403
v -0.01991580 0.01565110 -0.06078803
v 0.05641320 0.01500510 0.00480597
v 0.08423320 0.01849510 -0.10493103
v -0.06918180 0.01614710 0.11808497
v -0.05969680 0.01656710 0.12829697
v -0.04385680 0.01269010 0.02414297
v -0.05179980 0.02177410 0.13147197
v 0.07324020 0.01117110 -0.14256703
v -0.05555080 0.00998910 0.06752297
v -0.00821080 0.00508710 -0.10157303
v -0.06659980 0.01614810 0.12648997
v -0.02515480 0.01591010 0.13349997
v 0.04552720 0.00973410 0.04319397
v -0.00498080 0.01026610 0.13825897
v -0.03197880 0.01631510 -0.01957803
v 0.00969420 0.01003910 0.13899597
v 0.06557020 0.01720310 -0.03005503
v 0.02161720 0.01766910 -0.16268003
v -0.05903380 0.01046210 0.07954997
v 0.08521420 0.01610710 -0.13784403
v -0.04280680 0.01245210 0.13217597
v -0.04280680 0.01245210 0.13217597
v -0.01084680 0.01646510 0.13714097
v -0.06073880 0.01540510 0.08889597
v 0.00732520 0.01588010 -0.15844503
v 0.08752520 0.01346910 -0.13291003
v -0.06717880 0.01183010 0.10724097
v 0.09009320 0.01575210 -0.12521603
v 0.09053720 0.01837810 -0.12826103
v 0.09053720 0.01837810 -0.12826103
v -0.00559480 0.00759410 -0.11065403
v -0.00040080 0.01303110 0.14025197
v -0.03583480 0.01018310 0.13028497
v 0.08661120 0.01928910 -0.11297203
v -0.03034880 0.02176810 -0.02230603
v -0.04126180 0.02019410 0.01741997
v -0.06989780 0.01280710 0.12387297
v 0.04544720 0.01304610 -0.15238903
v 0.04544720 0.01304610 -0.15238903
v 0.02831620 0.01865010 0.09757697
v 0.01876920 0.01121110 0.13512897
v 0.01181920 0.01939910 -0.16403403
v 0.02093520 0.01294010 0.12226997
v -0.02122080 0.02012010 0.13434097
v -0.01777580 0.01317510 0.13520697
v 0.07509520 0.01710410 -0.06934803
v -0.00173180 0.01809410 0.13976597
v 0.07218720 0.01801010 -0.05675903
v 0.03044020 0.01377410 -0.16063003
v -0.01611680 0.01857110 -0.07135803
v 0.00032920 0.01536610 -0.12942803
v 0.03889220 0.02025610 0.06436297
v -0.00345280 0.01979610 -0.11384203
v 0.08010520 0.01964610 -0.13972903
v 0.06233120 0.01332710 -0.01934703
v 0.00583720 0.01754910 0.14147897
v 0.04416720 0.02280710 0.05053897
v 0.01279420 0.01913910 0.13986197
v -0.03361680 0.01494110 -0.01311903
v -0.03361680 0.01494110 -0.01311903
v -0.02392380 0.01091710 -0.04589903
v -0.06071580 0.02839810 0.09440297
v -0.03527980 0.01921510 0.13188397
v 0.01324020 0.01378910 -0.16549603
v 0.06129820 0.01951210 -0.14621903
v 0.06129820 0.01951210 -0.14621903
v -0.06878980 0.02713210 0.11762997
v -0.05124580 0.02381910 0.05635397
v -0.06651180 0.02091510 0.10751697
v -0.01310080 0.02049510 0.13720797
v -0.06785780 0.02049310 0.12424497
v 0.00585520 0.02359810 0.14177497
v 0.05375320 0.02170410 -0.14873903
v 0.05375320 0.02170410 -0.14873903
v 0.08979020 0.02266210 -0.12291103
v 0.05084520 0.02292310 0.02895997
v -0.05792280 0.02151810 0.07910697
v -0.04523480 0.02606810 0.03556797
v -0.03314280 0.02588610 -0.01060103
v -0.03314280 0.02588610 -0.01060103
v -0.06373880 0.02230010 0.10067397
v 0.00994020 0.02024110 0.14055497
v -0.03004480 0.01576310 0.13204797
v 0.01282720 0.02486710 0.14050397
v -0.04783080 0.02340610 0.04355997
v 0.09082320 0.02484510 -0.12820803
v 0.09082320 0.02484510 -0.12820803
v 0.01781820 0.02439610 0.13719997
v -0.05909180 0.02985810 0.12800597
v 0.03875120 0.02924710 -0.15674203
v 0.03176320 0.01998010 0.08608497
v 0.07355920 0.02184110 -0.14212603
v -0.04004180 0.02077710 0.13281997
v -0.04004180 0.02077710 0.13281997
v -0.02724480 0.02016610 -0.03259903
v 0.01517120 0.02429010 -0.16447503
v 0.02654520 0.01796710 -0.16127803
v -0.00045380 0.02570710 0.13994097
v 0.06857120 0.03137510 -0.03826103
v -0.05371380 0.02099410 0.06460697
v -0.06782080 0.02791810 0.12471597
v 0.08181320 0.02151610 -0.09413003
v -0.03788580 0.03650310 0.01112097
v -0.03822380 0.02767210 0.13376597
v 0.08351920 0.02926710 -0.09750103
v 0.02302520 0.02988010 0.12126697
v 0.03400020 0.03324010 0.08200297
v -0.00691580 0.02807810 -0.09948303
v -0.01987380 0.02574410 -0.05663103
v -0.06663280 0.02851010 0.12596497
v -0.01302980 0.02552310 0.13668297
v 0.01953320 0.02537810 0.13479797
v -0.05063080 0.02671510 0.13211597
v 0.05809020 0.02724510 0.00420997
v 0.00048920 0.03245110 -0.12374803
v -0.03897680 0.02005710 0.00640997
v -0.02229480 0.01830610 -0.04999103
v -0.02363280 0.02745110 0.13386797
v 0.05656120 0.03743710 0.01407497
v -0.01001280 0.02809910 -0.08854203
v -0.01790680 0.02857210 -0.06356003
v -0.03063280 0.03230610 -0.01816803
v 0.04205420 0.02551010 -0.15522903
v 0.07558320 0.02798110 -0.14124103
v 0.07558320 0.02798110 -0.14124103
v 0.00786820 0.03566710 -0.15654503
v 0.03579320 0.02600310 0.07436097
v 0.07226820 0.02942610 -0.05533503
v 0.03075320 0.02596810 -0.15996103
v 0.01364520 0.03124910 -0.16471603
v 0.00655020 0.02954210 -0.14962303
v 0.07484320 0.03359610 -0.06383003
v 0.04620020 0.02768910 -0.15158503
v 0.09076220 0.03228610 -0.12203703
v 0.08733320 0.03206410 -0.11052503
v 0.06657520 0.03084210 -0.03024103
v 0.06090920 0.02179610 -0.01057803
v -0.03336780 0.02801310 0.13188897
v -0.03336780 0.02801310 0.13188897
v 0.04471120 0.03760610 0.05196497
v -0.00865980 0.02878010 0.13784797
v -0.03149680 0.03319610 0.13300497
v 0.00894320 0.02448010 -0.16032003
v -0.00188580 0.03467110 0.13951297
v 0.08767520 0.03073410 -0.13569903
v 0.08767520 0.03073410 -0.13569903
v -0.01345380 0.02603110 -0.07679503
v 0.04945720 0.03406110 0.03744197
v -0.00709280 0.03411110 0.13920197
v -0.01468780 0.03030410 0.13684297
v -0.02684080 0.03232710 -0.02949003
v -0.05216680 0.03063010 0.06248197
v -0.05860480 0.03705910 0.08925797
v 0.09141720 0.03108710 -0.13018803
v -0.03692880 0.03269510 0.13459797
v 0.01393620 0.03370810 0.14056397
v -0.02224680 0.03258310 -0.04506903
v 0.03883920 0.03298310 0.06645897
v 0.00666920 0.02441810 -0.15577603
v 0.02787320 0.04276410 0.10811697
v 0.08497620 0.03543710 -0.13730003
v 0.08497620 0.03543710 -0.13730003
v 0.08497620 0.03543710 -0.13730003
v 0.00814820 0.03319610 0.14165697
v 0.06152120 0.04246710 -0.14534003
v 0.02073720 0.03349310 -0.16256003
v 0.07008220 0.03224610 -0.14253903
v 0.07008220 0.03224610 -0.14253903
v 0.00963720 0.03835210 -0.15919103
v 0.08131620 0.03956010 -0.08524303
v -0.06683080 0.03736810 0.12715597
v -0.02037980 0.03500910 0.13490897
v 0.01457220 0.03450810 -0.16427403
v 0.00401620 0.02596210 -0.13991503
v -0.03609080 0.02602810 0.00007697
v 0.09245320 0.05264710 -0.12087603
v 0.05346320 0.04063710 0.02729697
v -0.06622380 0.03879410 0.11125797
v -0.03287180 0.03612110 -0.00685903
v -0.03287180 0.03612110 -0.00685903
v -0.06453280 0.03445910 0.10502497
v -0.05067980 0.03411810 0.13131497
v 0.07788620 0.03238510 -0.07555503
v 0.09217320 0.03992110 -0.12620603
v 0.05445920 0.03559710 -0.14821403
v 0.04177120 0.03480510 -0.15568203
v 0.04616720 0.03772810 -0.15200603
v -0.01044180 0.03627910 0.13759497
v 0.07055220 0.03542710 -0.04681603
v -0.06780480 0.03493010 0.11829497
v -0.03517280 0.03616410 0.13568297
v 0.00850020 0.03836010 0.14287997
v 0.01940920 0.03997310 -0.16232803
v -0.03001180 0.03907210 -0.01736603
v -0.01266080 0.03948710 0.13812897
v 0.06115420 0.03766610 -0.00446403
v -0.01462280 0.03516810 -0.07102803
v 0.00224020 0.03580410 0.14098697
v -0.04214380 0.03003310 0.02561897
v -0.04590480 0.03375410 0.04095697
v -0.01901680 0.03739210 -0.05646903
v -0.06168980 0.03820610 0.10004997
v 0.01748020 0.03379610 0.13867297
v -0.06350280 0.03971910 0.12770097
v -0.03025280 0.03873510 0.13461797
v -0.00514580 0.04019110 0.13870997
v 0.03099220 0.04292310 0.09640697
v 0.07505620 0.03592110 -0.14109103
v 0.01562220 0.04264710 -0.16394103
v -0.02473080 0.03560210 -0.03562203
v 0.08598520 0.03736910 -0.10325403
v -0.03747980 0.03896110 0.13496197
v -0.04967280 0.03717110 0.05724197
v -0.04662280 0.04055110 0.04795497
v 0.07223520 0.04408610 -0.05112003
v 0.06393920 0.03567610 -0.01709203
v 0.00566020 0.03341210 -0.14476403
v -0.04723780 0.03976010 0.13276697
v 0.01434920 0.04217610 0.14283697
v 0.02112320 0.04125410 0.13773897
v 0.00350120 0.04286910 -0.13177803
v -0.04341280 0.03492310 0.03212197
v -0.05795480 0.04260310 0.12969297
v 0.00072020 0.04807710 -0.12025103
v -0.05114680 0.04259410 0.06516497
v -0.00853080 0.04038410 -0.09001803
v 0.04237920 0.04362310 -0.15499003
v -0.00173880 0.05182510 -0.11228703
v 0.03022020 0.03717810 -0.15961403
v -0.02171180 0.04381310 0.13513997
v -0.02171180 0.04381310 0.13513997
v -0.03212780 0.04166710 0.13265797
v 0.06594620 0.03993310 -0.02437803
v 0.08301120 0.04783010 -0.08856003
v -0.03979580 0.04506810 0.02287397
v -0.05444680 0.03821810 0.07527897
v 0.00391620 0.04455310 0.14150897
v 0.09223220 0.04474410 -0.12440103
v 0.04376520 0.04516210 0.05526997
v 0.02314020 0.05101210 0.13026997
v -0.03477880 0.04096710 0.00184397
v -0.04171380 0.04323910 0.03022397
v -0.05589680 0.04799610 0.08255497
v 0.04419020 0.05010510 -0.15403003
v -0.01468280 0.04562310 0.13772497
v 0.06489320 0.04701610 -0.01959803
v 0.03791520 0.04735710 -0.15681603
v -0.06408380 0.04974410 0.11100997
v 0.01765520 0.04119510 0.13977397
v -0.06009880 0.04357810 0.12842497
v -0.00382680 0.04131010 -0.10598803
v 0.05811920 0.04266510 0.00894597
v 0.07798120 0.04739710 -0.06982903
v -0.02053480 0.04335410 -0.04857303
v -0.03716080 0.04710810 0.13395397
v -0.02569980 0.04702310 -0.02781703
v -0.04692480 0.04591810 0.13349997
v -0.06726280 0.04320310 0.11769997
v 0.00752820 0.04723410 0.14184797
v 0.08104520 0.04791710 -0.13795103
v 0.08104520 0.04791710 -0.13795103
v -0.04721080 0.04682410 0.05272397
v -0.06665680 0.04266610 0.12482197
v -0.06480080 0.04736210 0.12741997
v -0.03261980 0.04709110 -0.00421003
v -0.03261980 0.04709110 -0.00421003
v 0.00120820 0.05315310 0.14027297
v 0.03373120 0.04510510 0.08715397
v -0.01607580 0.04647510 -0.06382603
v 0.08767720 0.04247110 -0.13529903
v 0.07077720 0.04868810 -0.14172303
v -0.00437580 0.04804610 0.13886297
v 0.05429720 0.04497110 0.02286397
v -0.02377480 0.05014310 -0.03420803
v 0.05843220 0.04757510 0.00513297
v 0.09199520 0.04823310 -0.13253103
v 0.01540120 0.04621110 0.14270997
v -0.02387980 0.04994510 0.13433097
v -0.02387980 0.04994510 0.13433097
v 0.04864920 0.04506810 0.04296897
v 0.05423820 0.04676510 -0.14833303
v 0.06907920 0.04673310 -0.03598903
v -0.02277080 0.04346410 -0.04043603
v 0.02753420 0.05132910 -0.15964803
v 0.00748520 0.05059310 -0.14828303
v 0.04788820 0.04881910 0.04051097
v -0.05939380 0.04642510 0.09468297
v -0.03605780 0.05067010 0.00977897
v 0.00559720 0.04487110 -0.14151503
v 0.01927420 0.04868810 0.14069497
v -0.05248880 0.05397610 0.07598797
v -0.01016380 0.04888210 0.13788497
v -0.00967580 0.04585610 -0.08397903
v 0.04229120 0.05317410 0.05590597
v 0.03944520 0.04591310 0.06659897
v 0.07538420 0.04290910 -0.06265503
v 0.04714920 0.05409510 0.03097397
v 0.00985520 0.05250110 -0.15698003
v 0.05189720 0.04733610 0.03003097
v -0.02968380 0.05255710 -0.01466903
v 0.08004120 0.05489110 -0.13792103
v 0.08004120 0.05489110 -0.13792103
v 0.05842920 0.05223210 -0.00016803
v 0.03006520 0.06259110 0.10676197
v -0.03223880 0.05066410 0.13315797
v -0.05756380 0.05064810 0.13007197
v 0.01028320 0.04876410 0.14257997
v 0.04845920 0.05118810 -0.14981803
v 0.01362620 0.05192710 -0.16212903
v -0.06586480 0.05226110 0.12011297
v 0.01559620 0.05224010 -0.16333603
v -0.03971280 0.05688910 0.02175497
v -0.03971280 0.05688910 0.02175497
v -0.03971280 0.05688910 0.02175497
v 0.02141720 0.05228510 0.13715597
v -0.04343580 0.05005310 0.03768597
v -0.05070680 0.05040710 0.06551597
v 0.03719920 0.06038510 -0.15637203
v -0.04802180 0.05201810 0.13353497
v -0.06301080 0.05169310 0.12745697
v 0.04038020 0.05403110 0.06018497
v -0.01574680 0.05647810 -0.06364703
v 0.06223620 0.05183110 -0.01388503
v 0.00499420 0.05758710 -0.13505803
v 0.02547220 0.05095610 0.12101197
v 0.00782520 0.05811110 0.14012597
v -0.01275180 0.04881510 -0.07077103
v 0.05348520 0.05328010 0.01468397
v 0.06619520 0.05207910 -0.02792603
v 0.01705120 0.05802910 -0.16312403
v -0.01099780 0.05513010 0.13688697
v 0.01713720 0.05284210 0.14241397
v 0.07000520 0.05291610 -0.04248903
v -0.04757880 0.05283810 0.05393697
v -0.02343880 0.05802510 -0.03728503
v -0.06139880 0.05212910 0.10436497
v -0.04270280 0.05747410 0.03613597
v 0.09247620 0.05629610 -0.12672603
v 0.07286120 0.05301610 -0.05223203
v 0.03966420 0.05747510 0.06760397
v 0.04350420 0.05482610 0.04245197
v 0.06411120 0.05286410 -0.14348803
v 0.01586720 0.05535810 0.14145397
v 0.08909920 0.05324310 -0.13537103
v 0.00351220 0.05597510 -0.12681303
v 0.09117220 0.05220510 -0.11699403
v -0.05527280 0.05234710 0.08457397
v 0.05795920 0.05662610 -0.01113803
v -0.02296480 0.05727110 0.13418397
v -0.02296480 0.05727110 0.13418397
v -0.03568780 0.05529010 0.00607997
v -0.03568780 0.05529010 0.00607997
v 0.04146220 0.05958010 0.03106597
v -0.05036080 0.05985410 0.13198997
v -0.06309980 0.06033010 0.12702697
v 0.00536920 0.05410310 -0.14283003
v 0.06467620 0.05695410 -0.03236003
v -0.00784080 0.05619010 -0.08706703
v -0.01413480 0.05842510 0.13555497
v -0.04980480 0.05813710 0.06722197
v 0.08574520 0.05067010 -0.09742103
v -0.05892380 0.05471810 0.09630197
v 0.08132420 0.05347210 -0.08011503
v 0.02466620 0.06194010 0.12740297
v -0.03810380 0.05497910 0.13422197
v -0.02200180 0.05411310 -0.04193403
v -0.02725980 0.05698310 -0.02400803
v 0.06745920 0.05590710 -0.03963503
v -0.03744080 0.05725210 0.01128197
v -0.03744080 0.05725210 0.01128197
v -0.03744080 0.05725210 0.01128197
v 0.07655120 0.06093610 -0.06027403
v 0.04890120 0.05765910 0.01608797
v 0.03749320 0.05843610 0.05633597
v -0.04758280 0.05864410 0.05835397
v 0.03985920 0.05687710 0.04864597
v -0.02075780 0.05876810 -0.04718003
v 0.07229520 0.06072010 -0.14054603
v 0.05354620 0.05627910 0.00521197
v -0.00319080 0.05835710 0.13891697
v -0.04212680 0.05848510 0.03167197
v -0.04212680 0.05848510 0.03167197
v 0.08893220 0.05814410 -0.10509403
v -0.03229780 0.05796310 -0.00699403
v -0.03229780 0.05796310 -0.00699403
v 0.06351220 0.06018910 -0.04285503
v 0.04677020 0.05926910 0.00721297
v 0.08739220 0.05906410 -0.13498403
v -0.01818680 0.05949010 -0.05320903
v 0.01543420 0.06108710 -0.16206003
v 0.05312420 0.05890210 -0.00669303
v 0.05877520 0.06142010 -0.04026003
v 0.00153020 0.06291610 0.13651497
v 0.03469320 0.05946610 -0.04077603
v 0.03878720 0.06331610 0.07153897
v 0.07060120 0.05721710 -0.04984803
v 0.00203420 0.05932110 0.13790497
v -0.00631280 0.06140510 0.13584197
v 0.01662420 0.06167810 0.13897697
v 0.05656520 0.05953110 -0.01889603
v 0.01026120 0.05980210 -0.15606303
v -0.06476580 0.05758810 0.11485497
v -0.02456780 0.06090910 -0.03018903
v 0.02519620 0.06189010 -0.15957003
v -0.05280880 0.06267410 0.07950097
v 0.03961720 0.05923510 0.03813397
v 0.05902020 0.06371410 -0.14422903
v 0.02820820 0.06206210 0.04884097
v 0.03497420 0.06136810 0.05691297
v 0.03365820 0.06272010 0.09398897
v -0.04437480 0.06004610 0.13442597
v 0.04020720 0.06133310 0.00869997
v -0.00435480 0.05952310 -0.09789003
v -0.03637880 0.06113810 0.13424897
v 0.09090220 0.05824810 -0.13254503
v -0.00190780 0.06180910 0.13881897
v -0.00920680 0.06252410 -0.08205403
v 0.05985820 0.06196910 -0.04239803
v -0.03096580 0.06337610 0.13354597
v 0.04909420 0.06364610 -0.14808603
v -0.01151980 0.06528410 -0.07638603
v 0.04294920 0.06180410 -0.00314603
v 0.02459920 0.06137410 0.04385897
v 0.03665420 0.06147510 0.00236697
v 0.03238920 0.06024310 0.04284197
v 0.03112520 0.06068710 0.03850397
v 0.04275220 0.06081010 0.00331697
v 0.00815920 0.05911010 -0.14622603
v 0.02560720 0.06244910 -0.01430503
v 0.02135120 0.06326810 0.13529597
v -0.06519380 0.05970510 0.12188497
v -0.06061180 0.06390310 0.10844097
v 0.06509820 0.06504810 -0.04812603
v 0.03136920 0.06325110 0.03082797
v 0.03701220 0.06194210 -0.02707803
v 0.01706320 0.06190310 0.01946597
v 0.02355720 0.06164110 -0.02437003
v 0.04478420 0.06270510 -0.03181303
v 0.02472920 0.06242310 -0.02086103
v 0.09303020 0.06232310 -0.12300403
v 0.05031320 0.06186510 -0.03642003
v -0.04505580 0.06044410 0.04737597
v 0.01867520 0.06386910 -0.16191803
v -0.02903680 0.05972010 -0.01552403
v 0.03120020 0.06265410 -0.01204303
v 0.03794120 0.06153710 -0.04301303
v 0.02543020 0.06200510 0.03965497
v 0.02333120 0.06240110 -0.00604303
v 0.04514220 0.06112710 -0.00896703
v 0.02641820 0.06140010 -0.00089503
v 0.03209220 0.06297210 -0.03763103
v 0.05220320 0.06341210 -0.04405603
v 0.01133220 0.06357710 0.01059897
v 0.04023320 0.06369110 -0.02892603
v 0.02795420 0.06758610 0.11283597
v 0.02528120 0.06358510 0.03287597
v 0.02788320 0.06332410 -0.02837203
v 0.02675620 0.06383910 0.00472297
v 0.02273320 0.06509310 0.13102797
v 0.02020520 0.06448510 -0.02096403
v 0.02388120 0.06377610 -0.03019603
v 0.01275820 0.06351510 0.03516397
v 0.04810420 0.06417510 -0.03966803
v 0.04414520 0.05880210 -0.15309403
v 0.00936420 0.06984110 -0.15226303
v 0.01887620 0.06365110 0.00921797
v 0.03178520 0.06335310 -0.03999403
v -0.03662380 0.06079910 0.01467497
v 0.03765320 0.05809410 0.07833597
v 0.03932820 0.06328510 -0.04676103
v -0.01285780 0.06300410 -0.07124703
v 0.01924320 0.06519510 0.04601297
v -0.05303680 0.06296710 0.13117797
v 0.01325920 0.06299910 0.02460697
v 0.03256620 0.06326010 -0.00006903
v 0.04910820 0.06322610 -0.02521603
v 0.01983220 0.06226010 0.02662497
v 0.01128020 0.06402010 0.02191897
v 0.05126920 0.06169410 -0.01799603
v 0.03644220 0.06365710 0.01742797
v 0.04872720 0.06280910 -0.02912103
v 0.03707820 0.06354410 -0.00445703
v 0.05519320 0.06309310 -0.03338903
v 0.03518820 0.06356510 -0.01807603
v 0.03672420 0.06519910 0.06099497
v -0.02545780 0.06498510 -0.01615603
v 0.03572320 0.06542010 -0.02969603
v 0.02151720 0.06598010 0.04094097
v 0.01539620 0.06348510 -0.00760103
v -0.05634480 0.06492510 0.09331597
v -0.03378180 0.06213910 0.00741597
v -0.00353180 0.06382610 0.13443897
v 0.00862420 0.06440010 0.01651997
v 0.07227920 0.06451210 -0.05481203
v 0.02018120 0.06317010 0.00277597
v 0.04342320 0.06300510 -0.04566003
v 0.01565020 0.06333710 0.03161397
v 0.00937220 0.06433610 0.00166397
v 0.02603320 0.06404610 0.01917297
v 0.04768020 0.06400210 -0.04397503
v -0.02178880 0.06306610 -0.04233103
v 0.03396920 0.06348710 0.02340097
v 0.03020320 0.06436910 -0.02368303
v 0.01941820 0.06480910 0.03468097
v 0.00875020 0.06478010 0.02634597
v -0.02010280 0.06530810 0.13401597
v 0.02670920 0.06430010 0.01212697
v 0.02707720 0.06379510 -0.03434603
v 0.03282520 0.06360010 0.01080897
v 0.01466020 0.06344710 0.01434497
v 0.03981020 0.06405710 -0.02290903
v 0.04531420 0.06464610 -0.03980303
v 0.03252520 0.06401010 -0.02577803
v -0.02454780 0.06608310 0.13203897
v -0.02454780 0.06608310 0.13203897
v 0.00918220 0.06687010 -0.00797203
v 0.00225120 0.06466710 0.02295897
v -0.01458780 0.06231710 -0.06360303
v 0.08601020 0.06479110 -0.09197403
v 0.01096820 0.06454610 0.03634897
v 0.00271420 0.06597510 0.01366497
v 0.01888820 0.06803810 0.12835997
v 0.05817720 0.06537910 -0.04659403
v 0.03586620 0.06418910 -0.04406303
v 0.00891220 0.06371910 0.13608597
v -0.03723180 0.06528010 0.02694897
v 0.02473420 0.06740910 -0.03584903
v -0.02674480 0.06681210 0.13132397
v -0.02674480 0.06681210 0.13132397
v 0.03100120 0.06711210 0.10438897
v 0.02693120 0.06554710 0.05361297
v 0.04467820 0.06741010 -0.04822003
v -0.06379080 0.06714310 0.11423997
v 0.08068620 0.07136310 -0.07093803
v 0.03831320 0.06535510 -0.03508903
v 0.01929520 0.06519210 -0.02619003
v 0.02034020 0.06490110 0.03817997
v 0.01605920 0.06475610 -0.01519703
v 0.04245320 0.06480210 -0.03436103
v 0.04156320 0.06567610 -0.04026803
v 0.00435220 0.06529410 0.03785097
v 0.06352520 0.07052510 -0.14122903
v -0.05765980 0.06564710 0.12929997
v 0.01474520 0.06566210 0.04038297
v -0.01356880 0.06658810 0.13202997
v 0.02694820 0.06608010 -0.04014803
v 0.09178120 0.06622810 -0.11029903
v 0.01589220 0.06571710 0.04400797
v -0.00234180 0.06710910 -0.10294103
v -0.02088280 0.07175210 -0.01314103
v -0.02088280 0.07175210 -0.01314103
v 0.05062020 0.06734810 -0.05129503
v 0.02418120 0.06558110 -0.04339803
v 0.02103620 0.06765910 -0.03994903
v 0.05670320 0.06647410 -0.05379503
v -0.01786780 0.06815810 -0.03827903
v 0.00374620 0.06642610 0.02772797
v 0.02151320 0.06586310 -0.03219803
v -0.04459780 0.06766910 0.04529697
v 0.06992820 0.06764010 -0.13970303
v 0.02413120 0.06685310 0.12379497
v 0.00114420 0.06798410 0.03059297
v -0.03364780 0.06768410 0.01995597
v -0.03364780 0.06768410 0.01995597
v -0.04253180 0.06871110 0.03939597
v -0.04253180 0.06871110 0.03939597
v 0.01282020 0.06837110 0.04274497
v 0.03977320 0.06777110 -0.04525803
v -0.02871980 0.06650010 -0.00129503
v 0.06038720 0.06873110 -0.05175603
v 0.05675920 0.06709210 -0.05082003
v 0.03344420 0.07282710 0.09485497
v 0.03808820 0.06490910 0.06436597
v -0.04857480 0.06602910 0.06437197
v -0.06400780 0.06789810 0.12128597
v 0.01549820 0.06386510 0.13788697
v -0.06031480 0.06448010 0.12689797
v -0.02778080 0.06495710 -0.00982403
v -0.02778080 0.06495710 -0.00982403
v -0.05258480 0.07098410 0.08063897
v 0.08923220 0.06871910 -0.13156603
v -0.02405580 0.06717610 0.12878797
v -0.02405580 0.06717610 0.12878797
v 0.00278920 0.06750410 0.13299597
v -0.01556280 0.06724110 -0.04844803
v 0.00160320 0.06827910 0.03482697
v 0.01686220 0.06875210 0.05048497
v 0.01866020 0.06711910 -0.03406003
v -0.01919580 0.06704310 0.13227397
v 0.00762220 0.06462510 -0.14008003
v 0.08160620 0.06780810 -0.07647403
v -0.00070780 0.06903810 0.00913497
v 0.01400320 0.06714110 -0.02229903
v 0.00798020 0.06877310 0.13342997
v 0.01192420 0.06723510 0.13605797
v -0.00133480 0.06830210 0.13094597
v -0.01284080 0.06782410 -0.05788903
v 0.03237920 0.06943310 -0.04356503
v -0.02296680 0.06647010 -0.02153803
v 0.02229720 0.06802010 0.05286697
v 0.05046920 0.07358710 -0.14515003
v 0.02139620 0.06926710 -0.04773203
v -0.00230780 0.06712210 0.02435997
v -0.05607780 0.07014510 0.12689297
v 0.07723320 0.06890510 -0.13900903
v 0.07723320 0.06890510 -0.13900903
v 0.08114220 0.06769410 -0.13802103
v 0.08114220 0.06769410 -0.13802103
v 0.08467220 0.06485510 -0.13567103
v 0.09067220 0.06873210 -0.12897703
v 0.02868320 0.07018710 -0.04457403
v 0.02495420 0.06827310 -0.05149203
v -0.02018980 0.06742110 -0.02940703
v 0.08952220 0.06969010 -0.10056303
v -0.00705880 0.07203310 -0.05956303
v 0.00960620 0.07231210 -0.14359903
v 0.00000620 0.06943210 0.04228897
v 0.04387020 0.06945910 -0.04973103
v 0.01944920 0.06888610 -0.04218403
v 0.03706020 0.07090210 0.08289497
v -0.01094780 0.07192510 -0.04901403
v 0.03932720 0.07319310 -0.15419103
v -0.05086480 0.06891710 0.12887497
v -0.02941880 0.06970010 0.01151997
v 0.03763920 0.07271710 0.07033997
v 0.04649220 0.07031410 -0.05496403
v 0.05267420 0.07132410 -0.05785603
v 0.00872420 0.07042510 0.04624797
v 0.00354520 0.07128810 -0.00703103
v 0.05112420 0.06766510 -0.05499703
v -0.01266880 0.06640410 -0.06061803
v 0.02496020 0.07041510 0.11437197
v -0.04593980 0.06695610 0.13233297
v 0.01764920 0.06953510 -0.16246803
v -0.04670080 0.07226310 0.05818697
v -0.00423880 0.07134810 0.02688397
v -0.06185980 0.07108710 0.11043197
v -0.03258380 0.06812310 0.13347597
v 0.01958120 0.07327610 0.05388897
v -0.00217680 0.07072410 0.03946497
v 0.00621820 0.07065910 0.12729197
v 0.02597920 0.06906510 -0.15935203
v 0.08507420 0.07146010 -0.13110903
v -0.00817380 0.06870610 0.13114697
v -0.01226080 0.06721710 -0.07035303
v -0.01967680 0.07095010 0.12820597
v 0.04206220 0.07259610 -0.05461703
v 0.06313020 0.07140110 -0.05227203
v 0.06709420 0.06870110 -0.05217003
v 0.03421820 0.06995710 -0.05243203
v -0.00634080 0.07033610 0.01363897
v 0.00173220 0.07074910 0.00035297
v -0.06159080 0.07151210 0.11912497
v -0.00517180 0.07017110 -0.09104503
v 0.02245320 0.07074210 -0.05434003
v 0.03577320 0.07175110 -0.05535003
v 0.00115520 0.07103610 0.12765597
v 0.01331220 0.07196610 0.13068997
v -0.00794180 0.07246710 0.12707897
v 0.02055120 0.07314210 -0.04270703
v -0.01309180 0.07281010 0.02735497
v 0.01371220 0.07172010 -0.03716903
v -0.00859980 0.07175910 0.02465097
v -0.01024280 0.07194110 0.02730997
v 0.07007820 0.07424910 -0.13467803
v 0.07007820 0.07424910 -0.13467803
v -0.00998980 0.07088610 -0.06392603
v 0.04017820 0.07192010 -0.04987203
v 0.07622520 0.07299310 -0.13556403
v 0.01170920 0.07008310 0.04799597
v 0.01826520 0.07066610 -0.04122203
v 0.00553020 0.07212110 -0.02035103
v 0.07577520 0.07087110 -0.06058903
v 0.00654720 0.07286210 -0.02543003
v 0.00230920 0.07415210 -0.11613903
v 0.01493220 0.07226410 0.12683397
v 0.03122320 0.07178710 -0.05704603
v 0.00980520 0.07104510 -0.02753203
v -0.00576380 0.07324010 -0.00044103
v -0.02146480 0.07344010 0.12602497
v 0.01959820 0.07282210 -0.05048003
v 0.04533220 0.07227010 -0.15181803
v 0.00145520 0.07267410 -0.00995903
v 0.07781420 0.07643210 -0.13390803
v 0.01176820 0.07359410 -0.03638803
v -0.00792580 0.07323510 0.02575397
v 0.09185420 0.06849210 -0.12144303
v 0.03810620 0.07194410 -0.05304803
v -0.05017580 0.07385010 0.07017297
v -0.02976680 0.07153510 0.01770297
v -0.01665280 0.07410810 0.12455097
v 0.03076820 0.07453410 0.10189897
v -0.02275980 0.07162210 -0.00464403
v -0.00540280 0.07195010 0.00881797
v -0.00489480 0.07409210 0.00625997
v -0.01832780 0.07199710 -0.02049703
v 0.01686020 0.07557510 -0.16074803
v 0.06098520 0.07273410 -0.05391203
v 0.08549020 0.07387210 -0.09541703
v 0.03666820 0.07346710 -0.04667903
v 0.03505320 0.07175310 -0.04547203
v -0.03570180 0.07342010 0.02910697
v -0.01707780 0.07352710 -0.01089503
v -0.01189380 0.07160910 0.13033097
v -0.00182580 0.07224210 0.00188997
v -0.01072180 0.07530610 -0.04674003
v -0.03590180 0.07651410 0.12961797
v -0.00645980 0.07482210 -0.00040203
v -0.01312980 0.07356010 -0.03652003
v -0.01385180 0.07215310 -0.03160103
v 0.08020820 0.07539510 -0.13243503
v -0.05796180 0.07315410 0.12409397
v 0.05781220 0.07297710 -0.05810003
v -0.01233180 0.07381310 0.03180097
v -0.01164680 0.07667210 -0.02503003
v 0.01334120 0.07371410 0.11948997
v -0.00291380 0.07249510 0.12742197
v 0.01571020 0.07336210 -0.03937803
v -0.00453880 0.07319210 -0.05886903
v 0.07071420 0.07718010 -0.05711003
v 0.08460520 0.07355310 -0.12812303
v -0.05111680 0.07372010 0.12735397
v -0.01836480 0.07391710 0.00260397
v -0.01219480 0.07476110 0.03492997
v -0.01600980 0.07372310 -0.02431003
v 0.08784920 0.07380010 -0.12409803
v 0.04603520 0.07440210 -0.05777903
v 0.05616720 0.07618610 -0.05651303
v 0.00365520 0.07467410 -0.02580403
v 0.00576720 0.06834110 0.04461397
v -0.03207480 0.07390610 0.02491497
v -0.03207480 0.07390610 0.02491497
v 0.00225920 0.07554110 -0.02105003
v 0.06427220 0.07359510 -0.05425103
v -0.01105280 0.07473510 0.02366497
v -0.01105280 0.07473510 0.02366497
v -0.04850980 0.08014310 0.06426797
v 0.08889920 0.07192710 -0.11149103
v 0.00998420 0.07266510 0.12396597
v 0.02609520 0.07233910 -0.05899603
v -0.02394180 0.07405910 0.01473597
v -0.01780480 0.07448810 -0.00708003
v -0.01780480 0.07448810 -0.00708003
v -0.02392280 0.07316110 0.00507297
v -0.01052780 0.07365110 0.02946297
v -0.00460880 0.07546510 0.00079097
v 0.08432920 0.07137410 -0.08532603
v 0.03403620 0.07664210 -0.15708603
v -0.00547480 0.07700910 0.03580497
v 0.00644120 0.07281110 -0.02913903
v 0.05739020 0.07787610 -0.13703803
v 0.05739020 0.07787610 -0.13703803
v -0.01387880 0.07502610 0.03364997
v 0.01795420 0.07389210 0.11931197
v -0.00646980 0.07364910 0.00374797
v -0.00180180 0.07328410 0.03605097
v 0.02791320 0.07471810 -0.06230103
v -0.00549080 0.07445410 -0.05000203
v -0.00478780 0.07482510 -0.04750203
v -0.00702980 0.07608910 -0.06487203
v -0.00893780 0.07523310 0.00993297
v -0.01108580 0.07509410 0.03076897
v 0.00527120 0.07225610 -0.12797203
v -0.01882780 0.07391610 -0.00243303
v 0.07933020 0.07408910 -0.06943903
v -0.01678380 0.07502810 0.01811697
v -0.00991680 0.07278710 0.01552297
v 0.04943020 0.07604110 -0.05947003
v 0.00076320 0.07449610 0.04687697
v 0.07891220 0.07793910 -0.07917603
v 0.02515920 0.07509310 -0.05846103
v -0.00877380 0.07599910 0.02507797
v 0.02442520 0.07529210 0.10561397
v -0.00007880 0.07439510 0.12058397
v -0.02219280 0.07477310 0.01936197
v 0.00328820 0.07355410 -0.01590403
v 0.00338420 0.07327110 -0.00529503
v -0.00043080 0.07358610 0.00217997
v 0.00985520 0.07275010 -0.03074203
v 0.00236620 0.07316910 0.00027297
v 0.01802420 0.07771710 0.10333097
v -0.05576780 0.08110310 0.11666297
v -0.01494980 0.07560610 -0.00882203
v -0.01494980 0.07560610 -0.00882203
v -0.02125380 0.07603310 0.02270197
v 0.03151920 0.07539110 0.09510497
v 0.06878320 0.07861410 -0.13468603
v 0.03456620 0.07683210 0.09089297
v -0.00175280 0.07678110 -0.05725703
v -0.00140480 0.07603410 -0.03765503
v -0.00273180 0.07679910 -0.06266003
v -0.00257880 0.07599310 -0.09976603
v -0.01319280 0.07652110 -0.01528403
v 0.03599520 0.07647310 0.06553597
v 0.00415920 0.07626010 -0.01776903
v 0.02779420 0.07758210 -0.15847203
v -0.01088280 0.07667410 -0.04461603
v 0.05615720 0.07569910 -0.14109103
v 0.00818020 0.07567710 0.11560697
v -0.05799680 0.07500210 0.09670297
v 0.08750620 0.07578510 -0.11331503
v -0.00594680 0.07615410 -0.04350303
v 0.03686520 0.07777810 0.07949797
v 0.08445020 0.07729510 -0.10283503
v -0.00251180 0.07674210 -0.03714003
v -0.00513880 0.07600010 0.00795597
v -0.01863480 0.07543710 0.01252497
v -0.03081580 0.07183310 0.13094697
v 0.06444420 0.07554910 -0.13657203
v 0.06444420 0.07554910 -0.13657203
v -0.01166580 0.07465210 0.02943597
v -0.00227680 0.07558110 -0.05234803
v -0.02019980 0.07512910 0.02670197
v 0.00122320 0.07504610 -0.04951503
v -0.00188680 0.07658110 -0.04720703
v -0.02657680 0.07799810 0.12595297
v -0.02657680 0.07799810 0.12595297
v 0.02351620 0.07719110 -0.05813403
v -0.02643580 0.07630210 0.02653797
v -0.02643580 0.07630210 0.02653797
v 0.01654120 0.07774110 0.11151197
v -0.00541380 0.07704310 0.04242897
v -0.05464980 0.07740810 0.08500197
v -0.01028480 0.07745510 0.01732397
v -0.01028480 0.07745510 0.01732397
v -0.01059380 0.07759510 0.11676497
v 0.08140920 0.07825510 -0.12561503
v -0.00776280 0.07797410 0.03929097
v 0.04259820 0.07643510 -0.15167003
v 0.08495420 0.07827610 -0.12312403
v -0.02395280 0.07638310 0.02993797
v -0.02395280 0.07638310 0.02993797
v -0.02019280 0.07758910 0.12280297
v -0.00419080 0.07833810 0.00423997
v 0.01361720 0.07264210 -0.15949903
v -0.01211680 0.07772310 0.00831697
v -0.00344180 0.07818910 0.11112497
v -0.01161780 0.07827310 -0.02183503
v 0.00294820 0.07704210 -0.05525903
v 0.02834120 0.07472410 0.05984397
v 0.03173520 0.07805910 0.06247997
v 0.03406420 0.07580210 -0.06167203
v -0.03380180 0.07906410 0.03221897
v 0.00146920 0.07663210 -0.01862503
v -0.01368980 0.07712610 0.02075897
v -0.01528180 0.07612010 0.00698197
v -0.00619880 0.07545310 0.12131197
v 0.00051520 0.07652210 -0.04074403
v -0.01241280 0.07618910 0.02519697
v -0.01241280 0.07618910 0.02519697
v -0.01241280 0.07618910 0.02519697
v 0.00488920 0.07745710 0.11197697
v -0.00492480 0.07807510 0.01554897
v 0.00417320 0.07630210 -0.02527403
v 0.00980020 0.07752410 -0.02770103
v 0.00064320 0.07663410 0.01189297
v -0.00434480 0.07701210 0.02578997
v 0.05951120 0.07546410 -0.05366903
v 0.01465520 0.07792410 -0.03449103
v 0.02156120 0.07556610 -0.05299403
v -0.00210580 0.07560810 0.03089197
v 0.04082020 0.07742710 -0.05720003
v 0.01872820 0.07704310 -0.04190603
v 0.00908020 0.07672610 0.00002797
v 0.00647520 0.07740610 -0.01923103
v -0.00176380 0.07558610 0.00748197
v -0.01645080 0.07727310 0.02850497
v -0.01645080 0.07727310 0.02850497
v 0.02095920 0.07649410 -0.04616803
v 0.00407320 0.07551310 0.00563797
v 0.00605320 0.07592910 -0.00888903
v 0.06851320 0.07947810 -0.05699103
v 0.08563520 0.07911110 -0.11824903
v -0.05235880 0.07803610 0.12171197
v 0.07484120 0.07752710 -0.13262403
v -0.04432380 0.07754310 0.12847697
v -0.05818380 0.07922910 0.11594197
v -0.01193480 0.07947710 0.03338297
v -0.00272280 0.07777210 -0.05964803
v -0.01065080 0.07845610 0.01356497
v -0.01406980 0.07938410 0.00438397
v -0.00714680 0.07871910 0.02604597
v -0.00714680 0.07871910 0.02604597
v 0.00057820 0.08017910 0.05050397
v 0.07557920 0.08068210 -0.07146703
v 0.04860920 0.07721310 -0.14398303
v 0.01011520 0.07636610 -0.15064003
v -0.01242280 0.07732410 0.03073697
v 0.04005220 0.07890510 -0.15075003
v 0.00525620 0.07598210 0.04958197
v 0.00452420 0.07818710 -0.05348203
v 0.01087820 0.07774710 0.10498297
v -0.00383680 0.07720510 -0.04111703
v 0.00321420 0.07881210 -0.04541103
v 0.02798120 0.07957210 -0.06345303
v -0.00906980 0.07792910 -0.08154203
v 0.08050220 0.07916710 -0.09002903
v -0.01125480 0.07748210 -0.03018403
v -0.03333280 0.07764610 0.12710097
v -0.00071880 0.07799610 -0.04308303
v 0.02992020 0.07903810 0.08566397
v -0.00952780 0.07869010 0.01134297
v -0.00342480 0.07909810 0.10509097
v 0.07861720 0.07902910 -0.12904203
v -0.04603980 0.08060710 0.05627397
v -0.00320680 0.08214010 -0.06091203
v 0.00955320 0.08062510 -0.14383803
v -0.00981180 0.07963710 0.03092397
v -0.00450880 0.08271710 0.04511697
v 0.02207820 0.08039510 -0.05666903
v 0.06428220 0.07908810 -0.05794503
v 0.04974720 0.07900310 -0.05895203
v -0.04527180 0.07973810 0.04844997
v -0.01594080 0.07877310 0.00948197
v 0.01452020 0.07828210 0.05653797
v -0.01688580 0.07910410 0.11375397
v 0.03352720 0.07921910 0.07099197
v 0.00278920 0.07936410 0.10504897
v -0.04778780 0.07765910 0.12480197
v 0.01759220 0.07912610 0.09791897
v -0.01407480 0.08091010 0.03263097
v 0.01048520 0.08029010 -0.02694303
v 0.01734920 0.07952510 -0.03887103
v -0.00911380 0.08012710 0.02009597
v 0.03784120 0.07663210 -0.05729103
v 0.00020820 0.08238410 0.03007497
v -0.00228480 0.07816810 0.03260897
v 0.02284520 0.07886010 -0.04868203
v -0.00171880 0.07921910 0.01735697
v -0.00171880 0.07921910 0.01735697
v -0.00171880 0.07921910 0.01735697
v 0.00839120 0.08007610 -0.02054503
v 0.00650420 0.07885710 0.00796197
v 0.07157020 0.08039910 -0.13212603
v -0.00270380 0.08098010 0.09567897
v -0.01473880 0.07963910 0.01381997
v 0.05829020 0.07966510 -0.05583503
v 0.01725020 0.08096510 0.06041797
v -0.01035380 0.08026210 -0.01612703
v 0.01540220 0.08031410 -0.15743503
v 0.05409620 0.08006710 -0.13580503
v 0.05409620 0.08006710 -0.13580503
v 0.00568820 0.07911610 0.09989497
v -0.00897280 0.08101710 0.00949497
v -0.01185880 0.08129010 0.00331297
v -0.02681380 0.07863210 0.02847497
v -0.00829280 0.07969810 0.03867397
v 0.01825220 0.08038610 -0.15874403
v -0.02317580 0.08215810 0.02772097
v -0.00742980 0.07987810 -0.06737803
v 0.00328620 0.08095710 -0.04361903
v 0.03694720 0.08135110 -0.15271403
v -0.00499980 0.08110710 -0.03934303
v 0.04620420 0.08022710 -0.05749703
v -0.05766180 0.07608510 0.09471097
v -0.00440780 0.08117910 -0.03454303
v -0.00233380 0.08020310 -0.03638103
v 0.00170720 0.08162010 -0.03888803
v -0.03973180 0.07984910 0.12615397
v -0.03305580 0.08031710 0.12221697
v -0.00963380 0.07963710 -0.03573603
v -0.00748580 0.08031910 0.10481097
v -0.03234380 0.08285010 0.03280897
v -0.00084880 0.08324910 -0.03570703
v -0.00749580 0.08214010 -0.03156103
v -0.00887680 0.07995610 0.03618497
v -0.01133080 0.08084610 -0.01163503
v -0.01339480 0.07839610 -0.00486503
v -0.01339480 0.07839610 -0.00486503
v 0.00953720 0.08251010 0.08717997
v 0.07999420 0.08108710 -0.09994003
v 0.04034920 0.08206310 -0.14925303
v -0.00769580 0.08485710 -0.02589603
v 0.00422420 0.07958510 -0.04837203
v -0.05796080 0.08023610 0.10973097
v 0.00405820 0.08231610 -0.04184503
v 0.07474420 0.08056110 -0.10444303
v -0.00995080 0.07934210 0.01106097
v -0.05390880 0.08457010 0.09353597
v 0.02759120 0.08168610 -0.15671703
v 0.05788220 0.08126410 -0.05773403
v 0.06190420 0.08245710 -0.13194403
v 0.04839020 0.08366310 -0.06134303
v -0.01353780 0.07964510 0.01895497
v -0.02411180 0.08168710 0.12238197
v -0.02411180 0.08168710 0.12238197
v -0.04864980 0.07994910 0.11878097
v -0.05287980 0.08043010 0.07755697
v -0.01111480 0.08283710 -0.02265503
v 0.02480920 0.08129410 -0.05090503
v -0.00446480 0.08328110 0.02534397
v -0.00446480 0.08328110 0.02534397
v -0.01871180 0.08001410 0.03044697
v -0.01871180 0.08001410 0.03044697
v -0.01871180 0.08001410 0.03044697
v 0.01005220 0.08128010 0.05995797
v -0.00930180 0.08103210 -0.04002003
v 0.02726320 0.08175210 0.07550597
v 0.02086620 0.08026310 0.08843997
v -0.03953080 0.08099010 0.11911497
v 0.07567320 0.08104110 -0.11440103
v 0.08122220 0.08056310 -0.10798403
v 0.07272520 0.08124410 -0.12069503
v 0.02060020 0.08121010 0.08228097
v -0.00181580 0.08268410 0.02531597
v 0.00799820 0.08165710 0.00708697
v 0.00799820 0.08165710 0.00708697
v -0.00420080 0.08277310 0.02331397
v 0.00086120 0.08145310 0.01610097
v 0.00756120 0.08192310 -0.01190503
v 0.00751520 0.08007410 -0.00837403
v 0.00893920 0.08236910 0.06329097
v -0.05727880 0.08040610 0.10358097
v -0.00032480 0.08252810 -0.05514503
v 0.03520320 0.08117110 -0.06046103
v -0.02048480 0.08199010 0.11054897
v -0.01088380 0.08132910 0.03914397
v 0.01037620 0.08022010 -0.00133503
v 0.01037620 0.08022010 -0.00133503
v 0.06483020 0.08301810 -0.06414803
v 0.07098120 0.08169510 -0.06206403
v 0.03232320 0.08288110 -0.15290703
v -0.01058580 0.08412810 -0.00279103
v -0.01058580 0.08412810 -0.00279103
v 0.03210320 0.08239010 -0.06192403
v 0.03348020 0.08158010 -0.14867903
v -0.01699380 0.08301010 0.10215397
v 0.07577220 0.08268410 -0.09285603
v 0.03986620 0.08262210 -0.05926603
v -0.01508780 0.08324610 0.09445697
v -0.00100980 0.08360010 0.05519997
v 0.00403620 0.08227110 0.05786797
v -0.00683380 0.08251510 0.04151397
v -0.00114980 0.08125410 -0.06292403
v 0.02199620 0.08401210 -0.05463403
v -0.00617480 0.08391310 -0.08855803
v 0.06983420 0.08302710 -0.12797403
v 0.03635020 0.08193610 -0.14938803
v 0.07613920 0.08201710 -0.08239203
v 0.07347920 0.08289010 -0.07193403
v 0.06965320 0.08251610 -0.11008303
v 0.00614020 0.08212910 0.09051697
v -0.01311280 0.08137310 0.10302197
v 0.03149020 0.08089610 0.06485797
v 0.02083820 0.08272010 0.06379797
v -0.02497780 0.08362410 0.11892297
v -0.02497780 0.08362410 0.11892297
v 0.00132220 0.08327410 -0.05965203
v -0.00989480 0.08485710 0.02004797
v -0.04812180 0.08271810 0.11724597
v 0.06272820 0.08347810 -0.11741103
v 0.02310620 0.08323910 -0.05912203
v -0.03651780 0.08126010 0.03541197
v -0.03651780 0.08126010 0.03541197
v -0.02911180 0.08356810 0.03124397
v 0.00171320 0.08356110 -0.06231603
v 0.00518220 0.08394410 -0.00716103
v 0.06631820 0.08406610 -0.10211703
v -0.00914880 0.08420210 0.01254797
v 0.05700820 0.08304910 -0.13109303
v 0.05066820 0.07937310 -0.13941703
v 0.02643120 0.08197410 -0.06128703
v -0.00865480 0.08288410 -0.01884303
v 0.01924620 0.08525810 -0.04793403
v 0.00382020 0.08559910 -0.05136803
v 0.00473620 0.08224710 -0.12875903
v -0.00644380 0.08451710 0.03236097
v 0.05999120 0.08369910 -0.06430403
v 0.04727320 0.08308910 -0.14122003
v 0.01705420 0.08484610 -0.04083803
v 0.06038420 0.08409910 -0.12254203
v 0.07264120 0.08284410 -0.09716503
v -0.00422180 0.08239710 -0.05924603
v -0.01425980 0.08340610 0.03943697
v 0.02538720 0.08373610 0.06888797
v 0.00488720 0.08324510 -0.05999903
v 0.02070320 0.08283510 0.07451397
v 0.01251920 0.08269710 0.08219697
v 0.01150520 0.08276210 0.06870597
v 0.01489420 0.08347610 -0.03736503
v 0.00010120 0.08409610 0.01774397
v -0.04746480 0.08896810 0.07310997
v -0.00981880 0.08374510 0.04254597
v -0.03535980 0.08440710 0.11819397
v -0.00788480 0.08545110 0.02120997
v -0.05562280 0.08457110 0.10973697
v -0.00863680 0.08472810 -0.00693503
v 0.00331620 0.08263910 -0.05144603
v -0.00822180 0.08525310 -0.02067703
v -0.05210280 0.08468310 0.11349097
v -0.01975580 0.08613010 0.10243097
v -0.00229780 0.08366310 -0.02053403
v 0.00140120 0.08610410 -0.05556703
v 0.00343420 0.08403810 0.01052797
v 0.02126820 0.08540410 -0.05117603
v 0.01134420 0.08590210 -0.14534003
v 0.02060320 0.08477110 -0.15507103
v 0.02689520 0.08498910 -0.15249903
v -0.00239080 0.08472510 -0.10146103
v 0.00617220 0.08391710 -0.04338903
v 0.00165920 0.08247910 -0.11547903
v -0.02318680 0.08227310 0.11450897
v -0.00942080 0.07927010 -0.07312103
v 0.05225320 0.08446010 -0.12975703
v 0.06221720 0.08450610 -0.12558803
v -0.01376280 0.08344010 0.01525297
v -0.00278380 0.08387110 0.08425097
v 0.00628320 0.08348810 0.07992497
v -0.01336880 0.08453010 0.08972597
v 0.00606220 0.08528610 0.00359097
v -0.01585680 0.08564010 0.03562797
v -0.00278780 0.08496810 -0.01734603
v -0.02381580 0.08794310 0.11213097
v -0.01477380 0.08446610 0.03522697
v -0.01557280 0.08623410 0.08906097
v -0.01783980 0.08542910 0.03887597
v 0.04288820 0.08700010 -0.14257103
v -0.00043380 0.08621010 -0.03265403
v -0.00753180 0.08832710 -0.07526703
v -0.01745980 0.08443410 0.09415397
v 0.05608720 0.08627110 -0.10931403
v -0.00259480 0.08579310 0.02618297
v -0.00259480 0.08579310 0.02618297
v -0.00259480 0.08579310 0.02618297
v -0.00259480 0.08579310 0.02618297
v 0.02191020 0.08600410 -0.15290403
v 0.00205520 0.08580910 -0.03787203
v 0.02989120 0.08556810 -0.14723403
v -0.00731980 0.08450510 -0.00972103
v -0.01106780 0.08479110 0.00376797
v 0.04696420 0.08620210 -0.13469303
v 0.04696420 0.08620210 -0.13469303
v -0.00514480 0.08523910 0.04210497
v 0.00237620 0.08872010 -0.00189103
v 0.00237620 0.08872010 -0.00189103
v 0.05094120 0.08573810 -0.06844203
v 0.07151420 0.08464610 -0.08200303
v 0.05190920 0.08562610 -0.06551003
v 0.04524520 0.08560410 -0.06914403
v -0.00609180 0.08499710 -0.02256403
v 0.00395720 0.08406410 0.06804297
v 0.06817720 0.08456010 -0.09101603
v 0.06844120 0.08474810 -0.07353703
v 0.04430820 0.08520910 -0.06623203
v 0.06194020 0.08502910 -0.10881303
v -0.01507380 0.08303910 0.03119797
v -0.01507380 0.08303910 0.03119797
v -0.00501480 0.08885610 -0.01616503
v 0.00150320 0.08829310 -0.06205203
v -0.02523780 0.08563010 0.03124497
v 0.02660620 0.08716410 -0.06216003
v -0.00399280 0.08773410 0.03983697
v -0.00399280 0.08773410 0.03983697
v -0.00052880 0.08681210 -0.01672603
v -0.00747180 0.08798210 -0.07155003
v -0.01853680 0.08507010 0.03708197
v 0.00061520 0.08491010 0.03476197
v -0.04097780 0.08420010 0.04384297
v 0.03634020 0.08716310 -0.06644003
v 0.00991320 0.08398510 -0.02135403
v 0.04354520 0.08728810 -0.11807103
v 0.04354520 0.08728810 -0.11807103
v 0.03300120 0.08554610 -0.06415103
v 0.01470920 0.08734510 -0.15013803
v -0.00835580 0.08919310 0.01584097
v 0.00214720 0.08859710 -0.04261903
v 0.00587520 0.08749710 -0.06014303
v -0.00465580 0.08706910 -0.06694303
v -0.00818880 0.08844010 0.02153997
v -0.01427380 0.08766810 0.08122797
v 0.00689720 0.08292410 -0.13444603
v 0.03676520 0.08743210 -0.14452003
v -0.00595580 0.08593010 -0.02778903
v -0.00651580 0.08802510 0.03973497
v -0.01953780 0.08542610 0.02978697
v -0.00558180 0.08666010 0.02487997
v 0.00023520 0.08655410 0.03243597
v 0.00023520 0.08655410 0.03243597
v -0.01018680 0.08542610 0.07859297
v -0.00413380 0.08592310 0.05089597
v 0.05203620 0.08626110 -0.09714403
v -0.00526080 0.08595910 0.07226497
v 0.05808620 0.08586210 -0.06897003
v 0.06186820 0.08451910 -0.09598303
v 0.04741720 0.08668810 -0.12295603
v 0.06335020 0.08622510 -0.08196803
v 0.05576620 0.08574410 -0.11411503
v -0.00601180 0.08751910 -0.01178203
v -0.02651680 0.08825910 0.11511297
v -0.02651680 0.08825910 0.11511297
v 0.01846320 0.08982210 -0.04656203
v 0.04677920 0.08781110 -0.09233603
v 0.00351320 0.08712010 -0.04706303
v 0.04430820 0.08800710 -0.10525603
v -0.00277180 0.08914210 0.01349097
v -0.00238980 0.08952910 -0.09184303
v -0.05169280 0.08752210 0.08484597
v -0.04686780 0.08714710 0.11597597
v -0.00904880 0.08746410 0.07147397
v -0.00776880 0.09014010 0.01253697
v 0.02273020 0.08935910 -0.15137103
v 0.00307320 0.09003010 -0.01077903
v 0.01378520 0.08554110 -0.03198603
v 0.00418920 0.08681610 -0.05802903
v -0.00638780 0.09004510 -0.06771003
v 0.01877220 0.08922310 -0.14992103
v 0.02197920 0.08838710 -0.05791903
v -0.00671780 0.09054610 -0.00034103
v -0.00671780 0.09054610 -0.00034103
v -0.00848480 0.08941010 0.04101397
v 0.00670020 0.08780110 -0.01489303
v -0.00416180 0.08912310 0.02824897
v -0.00416180 0.08912310 0.02824897
v -0.00416180 0.08912310 0.02824897
v -0.00329880 0.08518110 0.02690497
v -0.00329880 0.08518110 0.02690497
v -0.03293880 0.08642710 0.11733597
v 0.04338420 0.08768910 -0.10058403
v 0.05789220 0.08670710 -0.08912503
v -0.00504280 0.08739710 0.06343097
v 0.04535420 0.08754810 -0.12681703
v 0.04535420 0.08754810 -0.12681703
v 0.05513220 0.08686710 -0.07267103
v 0.04890320 0.08753810 -0.07992903
v -0.01425180 0.08721310 0.03331197
v 0.01808420 0.08993710 -0.03870803
v -0.01925780 0.08773210 0.09806997
v 0.04115420 0.08911910 -0.10713303
v 0.04115420 0.08911910 -0.10713303
v -0.01705580 0.08919710 0.02598597
v -0.01705580 0.08919710 0.02598597
v -0.00075980 0.09065010 0.00504997
v 0.00373620 0.09026610 -0.11272303
v -0.00093880 0.08854110 -0.02194303
v -0.03065880 0.08834610 0.03184197
v 0.04377320 0.08879810 -0.08623403
v -0.00155580 0.09145210 -0.01529003
v 0.00250320 0.09037510 -0.05665403
v 0.02111320 0.09011610 -0.04947703
v 0.04299720 0.08807910 -0.07483403
v -0.00405080 0.08884310 0.03631697
v -0.00405080 0.08884310 0.03631697
v 0.01622820 0.09045810 -0.14644403
v -0.00586580 0.08771010 -0.02571803
v -0.00690080 0.08851810 0.05923697
v -0.00573080 0.09037410 0.02283897
v -0.02650280 0.09325810 0.11376997
v 0.00418620 0.08695110 -0.12175203
v -0.01723980 0.09643310 0.09055897
v -0.05092580 0.09054810 0.10992197
v -0.00028380 0.08986810 0.01804297
v 0.03995720 0.09090310 -0.10766103
v 0.00104520 0.09095410 -0.03916903
v 0.00295820 0.09329110 -0.05120003
v -0.02268980 0.09457010 0.10941197
v -0.02268980 0.09457010 0.10941197
v -0.04379380 0.08680910 0.05491297
v -0.02549880 0.08979810 0.02888897
v 0.03195220 0.08902910 -0.14491603
v -0.00578580 0.08870910 -0.01471903
v 0.01434920 0.08929010 -0.03461103
v -0.00251980 0.09111610 0.02691697
v 0.03695720 0.08970210 -0.07349503
v 0.03468920 0.09052410 -0.08386703
v 0.00005220 0.08838710 0.02147197
v -0.01477980 0.08651110 0.03929697
v 0.01763220 0.09202510 -0.04049703
v 0.02908420 0.09097310 -0.06831503
v 0.01163720 0.09200810 -0.13859403
v -0.00597680 0.09289510 0.01183697
v -0.00597680 0.09289510 0.01183697
v -0.01690480 0.09119410 0.08939097
v -0.04508780 0.09336610 0.11457297
v 0.01556220 0.09156510 -0.02967803
v -0.00749880 0.09309710 -0.06993103
v -0.03598080 0.08792810 0.03716997
v 0.02172220 0.09197310 -0.14800903
v -0.00263380 0.09123810 -0.06260603
v 0.00056620 0.09111210 0.00108897
v 0.00056620 0.09111210 0.00108897
v -0.05250480 0.09325010 0.10215497
v -0.00539180 0.09010310 0.05023997
v -0.00539180 0.09010310 0.05023997
v -0.00539180 0.09010310 0.05023997
v 0.02671920 0.08969710 -0.14621303
v 0.04181620 0.08872610 -0.11776003
v -0.00027980 0.09068710 -0.00672203
v -0.00299180 0.09212910 -0.02193503
v -0.01447980 0.08814010 0.03640297
v 0.03658720 0.09290810 -0.10016803
v -0.01292380 0.09050710 0.01084597
v -0.01292380 0.09050710 0.01084597
v -0.00614480 0.09078310 -0.00835003
v -0.02145280 0.09105710 0.01854597
v 0.03628520 0.09008210 -0.09422903
v 0.03628520 0.09008210 -0.09422903
v -0.01613080 0.09013310 0.01403397
v -0.01613080 0.09013310 0.01403397
v -0.00251580 0.09145310 -0.05933803
v -0.03781580 0.09040510 0.04013997
v -0.03781580 0.09040510 0.04013997
v -0.00185980 0.09470910 -0.03241003
v -0.03767880 0.09133610 0.11691597
v -0.00304280 0.09332910 -0.08595903
v -0.00547880 0.09357510 0.02747497
v -0.00556280 0.09059610 0.04196097
v -0.00556280 0.09059610 0.04196097
v -0.04065980 0.09452410 0.05085697
v -0.00751080 0.09218210 0.00575697
v -0.00751080 0.09218210 0.00575697
v -0.03223180 0.09086110 0.11449797
v -0.00274580 0.09356510 -0.01139103
v -0.00222380 0.09208310 -0.03273803
v -0.02889480 0.09268410 0.02824897
v -0.05152080 0.09594910 0.09430397
v -0.03349880 0.09214210 0.03352197
v -0.03232780 0.09131510 0.02984297
v -0.01973880 0.09194610 0.01119597
v -0.01973880 0.09194610 0.01119597
v 0.03263120 0.09283610 -0.08185503
v 0.03263120 0.09283610 -0.08185503
v -0.02305280 0.09164410 0.01480297
v -0.01227680 0.09233610 0.03209597
v -0.00632680 0.09201510 0.03884597
v -0.01986180 0.09032210 0.02330697
v -0.00008380 0.09343710 0.01076597
v -0.01695880 0.09208210 0.01812297
v -0.01323280 0.09210510 0.02309397
v -0.01323280 0.09210510 0.02309397
v 0.00036320 0.09233210 0.01977797
v 0.00619220 0.09845210 -0.11204103
v -0.01482580 0.09233810 0.00840397
v -0.01482580 0.09233810 0.00840397
v -0.02441480 0.09464610 0.02367897
v -0.00901280 0.09107210 0.06435097
v 0.04406220 0.09059210 -0.12943903
v -0.00205280 0.09429510 0.02215697
v 0.03561820 0.09241110 -0.14083103
v -0.01697980 0.09437310 0.00386997
v -0.01916080 0.09349310 0.00855997
v -0.01916080 0.09349310 0.00855997
v -0.01916080 0.09349310 0.00855997
v 0.00856920 0.09089610 -0.01619003
v 0.01219520 0.09259610 -0.03405203
v 0.00063520 0.09448010 -0.05669003
v 0.03199820 0.09241710 -0.07600003
v 0.03199820 0.09241710 -0.07600003
v 0.01190520 0.09417010 -0.03088903
v -0.01265580 0.09032810 0.07594197
v -0.01735080 0.09410110 0.01038397
v -0.01475780 0.09245010 0.02674197
v -0.00243280 0.09380410 0.00385497
v -0.00722980 0.09427910 0.01080697
v -0.00722980 0.09427910 0.01080697
v -0.00722980 0.09427910 0.01080697
v -0.00475680 0.09566210 0.01140197
v -0.00205780 0.09473610 -0.00357703
v 0.00407720 0.09521410 -0.04972903
v -0.02608180 0.09516010 0.02600297
v -0.01122880 0.09533610 -0.01240203
v -0.01903980 0.09215210 0.02068797
v -0.00760880 0.09390110 0.03086097
v 0.00164220 0.09400710 -0.04323603
v 0.00122720 0.09484510 -0.03470203
v -0.00753080 0.09358310 0.00262097
v 0.01053320 0.09267010 -0.01998903
v -0.01218480 0.09276310 0.02011597
v -0.01218480 0.09276310 0.02011597
v -0.00027380 0.09377110 0.00090097
v -0.00027380 0.09377110 0.00090097
v -0.00588180 0.09391410 -0.02762103
v -0.01207380 0.09388210 0.02577497
v 0.01237720 0.09440310 -0.02777603
v 0.03382820 0.09453410 -0.09158403
v 0.02299320 0.09399310 -0.05793103
v -0.00273580 0.09591710 -0.02934303
v -0.00847080 0.09384410 0.03522597
v -0.00940680 0.09112310 0.01468397
v 0.04293620 0.09043710 -0.13604903
v -0.01948580 0.09427210 0.01305897
v -0.01621480 0.09351810 0.01082097
v -0.01648280 0.09467510 0.01678597
v -0.01648280 0.09467510 0.01678597
v -0.01108480 0.09337710 0.00802597
v -0.01108480 0.09337710 0.00802597
v -0.00729980 0.09428310 -0.00902303
v -0.00532280 0.09368010 0.02974497
v -0.04089980 0.09378310 0.11335397
v -0.01746280 0.09329710 0.01127997
v -0.01746280 0.09329710 0.01127997
v -0.01746280 0.09329710 0.01127997
v -0.00074880 0.09531410 0.00622197
v 0.01920520 0.09481110 -0.14670603
v -0.00347780 0.09426210 -0.02336803
v 0.00804320 0.09663510 -0.01908603
v 0.01544120 0.09418810 -0.03947003
v 0.00937720 0.09403810 -0.03236003
v 0.00565420 0.09601310 -0.01292603
v -0.01077980 0.09513210 -0.00642903
v -0.01938480 0.09472810 0.01186397
v -0.01938480 0.09472810 0.01186397
v -0.01938480 0.09472810 0.01186397
v -0.01938480 0.09472810 0.01186397
v -0.01019980 0.09544910 -0.02755703
v -0.02845080 0.09654710 0.02038797
v -0.02845080 0.09654710 0.02038797
v -0.00787980 0.09616310 -0.00678703
v 0.00284520 0.09575910 0.01585397
v -0.02992380 0.09514710 0.02219397
v -0.02992380 0.09514710 0.02219397
v 0.00239220 0.09531910 -0.10235603
v -0.00507980 0.09651710 -0.06138303
v -0.02027680 0.09551510 -0.01089203
v -0.00559580 0.09730510 -0.05657303
v 0.01639720 0.09518610 -0.14321203
v -0.00153080 0.09502010 -0.04000703
v -0.00374480 0.09474310 0.00117697
v -0.00067080 0.09805610 -0.00713003
v -0.00436780 0.09547510 0.00445397
v -0.00436780 0.09547510 0.00445397
v -0.00067180 0.09615310 -0.03687303
v -0.00682980 0.09486310 0.00948397
v -0.00682980 0.09486310 0.00948397
v -0.00682980 0.09486310 0.00948397
v 0.02692920 0.09511510 -0.06437203
v -0.00190480 0.09604710 -0.01702003
v -0.02375880 0.09626010 0.01558697
v -0.04615280 0.09930510 0.07293697
v -0.01893980 0.09663610 -0.00047403
v -0.01922980 0.09492610 0.01262597
v -0.01922980 0.09492610 0.01262597
v -0.01922980 0.09492610 0.01262597
v -0.00353280 0.09427410 0.02005797
v -0.01418680 0.09667710 -0.01793503
v -0.01037880 0.09663210 -0.00193903
v -0.00414580 0.09592510 0.03801297
v -0.01245180 0.09669710 0.02462397
v -0.01085380 0.09652310 0.00340697
v 0.02530120 0.09680910 -0.14256703
v -0.00386580 0.09636410 -0.04181003
v -0.00906580 0.09903710 0.02012897
v 0.01116420 0.09609410 -0.03335703
v 0.02137620 0.09677510 -0.05432603
v -0.01133680 0.09747210 -0.02381203
v -0.04960980 0.09875410 0.10106997
v 0.02950520 0.09675310 -0.07266203
v 0.02950520 0.09675310 -0.07266203
v -0.00242880 0.09786210 -0.04848003
v -0.01575080 0.09643310 -0.00794303
v -0.00116080 0.09602810 -0.05434903
v -0.00714780 0.09577410 -0.03739203
v -0.01338080 0.09537510 -0.01440503
v -0.00688880 0.09627910 -0.02188403
v -0.00369380 0.09644110 -0.03297303
v 0.00163920 0.09657210 0.00069997
v 0.00163920 0.09657210 0.00069997
v 0.00163920 0.09657210 0.00069997
v 0.01689520 0.09847710 -0.04212403
v 0.01146420 0.09773710 -0.13277103
v -0.00449080 0.09754010 0.03145797
v -0.00866380 0.09787910 -0.00442103
v 0.01492620 0.09928110 -0.02801403
v 0.04203920 0.09852110 -0.12396103
v -0.00762580 0.09854210 -0.03553303
v -0.00135380 0.09723110 -0.01207403
v 0.00304720 0.09605310 -0.00740903
v -0.03205280 0.09630110 0.03087097
v -0.00562580 0.09707910 -0.06545703
v -0.02885780 0.09642810 0.02694797
v -0.02747280 0.09689410 0.11140597
v -0.00002880 0.09866810 -0.00453703
v -0.01661580 0.09783510 0.01702497
v -0.02430580 0.09847310 0.01065697
v -0.02430580 0.09847310 0.01065697
v -0.04228180 0.09866610 0.06148397
v -0.02380580 0.09725410 0.01925797
v 0.02990820 0.09737610 -0.13949503
v -0.00534780 0.09956710 -0.00144803
v -0.00281480 0.09672210 0.00092397
v -0.00451980 0.09769010 0.00484097
v -0.00482380 0.09794910 -0.01528103
v -0.00852180 0.09672510 -0.01382903
v -0.02300780 0.09755710 0.10872597
v -0.02300780 0.09755710 0.10872597
v -0.00536680 0.09943010 -0.01051403
v 0.03965520 0.09738410 -0.11140703
v -0.00474480 0.09619510 0.02739197
v -0.00017680 0.10013410 0.01500897
v -0.00017680 0.10013410 0.01500897
v -0.00017680 0.10013410 0.01500897
v -0.03831080 0.09714410 0.10625997
v 0.01358820 0.09789910 -0.03758803
v -0.02882880 0.10079310 0.02117797
v -0.02882880 0.10079310 0.02117797
v -0.00659280 0.09772410 0.01025397
v -0.03917780 0.10367310 0.05135797
v 0.03991320 0.09872510 -0.13115703
v -0.00222180 0.09888510 0.01097197
v -0.00222180 0.09888510 0.01097197
v -0.00222180 0.09888510 0.01097197
v -0.00222180 0.09888510 0.01097197
v -0.02653280 0.09820010 0.01685997
v -0.02653280 0.09820010 0.01685997
v -0.01664280 0.09682610 -0.00325803
v 0.01525020 0.09917510 -0.03229303
v -0.02242180 0.09809010 0.00854997
v -0.02242180 0.09809010 0.00854997
v -0.01330480 0.09966610 0.07511297
v -0.01330480 0.09966610 0.07511297
v -0.00635580 0.09823810 -0.03081703
v 0.02300220 0.10112510 -0.05404703
v -0.01412380 0.10088110 0.08147297
v -0.00848980 0.09793810 0.06257597
v -0.00848980 0.09793810 0.06257597
v -0.00730980 0.09819410 0.02598397
v -0.01428180 0.09771310 0.01165797
v -0.01428180 0.09771310 0.01165797
v 0.00630120 0.09857210 -0.01120203
v 0.01239420 0.09899910 -0.02235603
v 0.03204720 0.09800410 -0.08434103
v -0.01872780 0.10012710 -0.01084003
v -0.00675380 0.09945710 0.00717397
v -0.01770080 0.10166310 0.09032897
v -0.01770080 0.10166310 0.09032897
v -0.00616580 0.10086910 -0.05175103
v -0.01791080 0.09792110 -0.01565803
v 0.00211620 0.10012910 0.00448997
v 0.00211620 0.10012910 0.00448997
v -0.04374480 0.09709010 0.06475997
v -0.04685980 0.09793510 0.10728997
v -0.00157880 0.09947810 0.01174897
v -0.00157880 0.09947810 0.01174897
v 0.03465420 0.10088910 -0.09365503
v 0.00242520 0.09626810 -0.00334403
v -0.00716480 0.09857810 0.01544897
v -0.00194680 0.09933710 0.02545597
v -0.03370780 0.10055110 0.10495197
v 0.01072520 0.10146010 -0.01718003
v 0.01975820 0.09802610 -0.14305603
v -0.00202380 0.09936610 0.01174997
v -0.00202380 0.09936610 0.01174997
v -0.00202380 0.09936610 0.01174997
v -0.01999880 0.09991610 0.10013897
v -0.01999880 0.09991610 0.10013897
v -0.00103180 0.10365910 0.03575997
v -0.00103180 0.10365910 0.03575997
v 0.00257920 0.10012610 -0.09998503
v -0.00525380 0.09984010 -0.04725703
v -0.00328080 0.10347910 -0.08141703
v -0.01967780 0.10340910 -0.00611203
v -0.01060680 0.09952410 -0.02831703
v 0.01678320 0.09717610 -0.04661003
v -0.00423980 0.09983610 0.01449797
v -0.00423980 0.09983610 0.01449797
v 0.00514820 0.09884710 -0.01638103
v -0.00124880 0.09934510 0.01622097
v -0.00124880 0.09934510 0.01622097
v -0.00258480 0.10009010 0.02150797
v 0.00111820 0.10279910 0.02347997
v -0.01311880 0.10112010 -0.02448503
v -0.04574080 0.10196810 0.10415897
v -0.04317280 0.09771310 0.10853097
v 0.03465720 0.10161810 -0.13382103
v 0.00890520 0.10182210 -0.00608903
v 0.00890520 0.10182210 -0.00608903
v -0.04740780 0.10068210 0.08410897
v -0.03927580 0.10097310 0.10459497
v -0.00825380 0.10433310 0.06163997
v -0.00825380 0.10433310 0.06163997
v 0.03050120 0.10488810 -0.07805503
v -0.01595380 0.09787310 -0.02001403
v -0.02922780 0.10131810 0.02518697
v -0.01275180 0.10065910 0.07140997
v -0.01275180 0.10065910 0.07140997
v -0.01275180 0.10065910 0.07140997
v -0.02143580 0.10157910 0.00566897
v -0.02352680 0.10098810 0.10423397
v -0.04414180 0.10433410 0.07044297
v -0.02756480 0.10290110 0.10019697
v 0.00241120 0.10261210 0.00859197
v 0.00241120 0.10261210 0.00859197
v -0.04663680 0.10328010 0.09669797
v -0.00877380 0.10332910 -0.04419603
v -0.01948280 0.10196810 -0.01330703
v 0.03785120 0.10219310 -0.13128603
v -0.03921580 0.10333510 0.06048197
v 0.02547020 0.10410210 -0.13599503
v 0.04069820 0.10462910 -0.11459503
v 0.01931320 0.10224510 -0.14135103
v -0.02512480 0.10372610 0.01136897
v -0.03172080 0.10504510 0.02939897
v -0.03172080 0.10504510 0.02939897
v 0.00335520 0.10229710 0.00240897
v -0.00573980 0.10156310 -0.06911903
v -0.02066780 0.10366310 0.09013997
v 0.00642820 0.10111310 -0.00067603
v 0.00642820 0.10111310 -0.00067603
v 0.01219620 0.10437610 -0.13082603
v -0.01482080 0.10408810 0.07898997
v -0.01482080 0.10408810 0.07898997
v -0.04153180 0.10485010 0.09384597
v -0.02039380 0.10190410 0.00009897
v -0.02924580 0.10456910 0.09261997
v -0.00237580 0.10099610 0.04327597
v -0.00237580 0.10099610 0.04327597
v -0.01081180 0.10261910 -0.03637103
v -0.01737880 0.10469710 -0.02215503
v -0.01144880 0.10187110 -0.03245403
v -0.04571980 0.10423610 0.09262297
v 0.03152320 0.10319010 -0.13569903
v 0.00765420 0.10630110 0.00693697
v 0.01914820 0.10580510 -0.03713903
v 0.02295620 0.10621710 -0.04796903
v -0.03402680 0.10326110 0.03535097
v -0.03402680 0.10326110 0.03535097
v -0.03402680 0.10326110 0.03535097
v -0.03770480 0.10678010 0.05301997
v -0.03770880 0.10476710 0.06576997
v -0.01829580 0.10838610 -0.01845703
v 0.04151320 0.10291010 -0.12304003
v 0.03184920 0.10544110 -0.12689903
v 0.01349020 0.10443610 -0.01841403
v 0.00913820 0.10594110 0.00302497
v -0.01250980 0.10493910 0.06787097
v -0.01250980 0.10493910 0.06787097
v 0.02991020 0.10414410 -0.08633903
v 0.03714420 0.10465510 -0.12561103
v -0.00373080 0.10678110 -0.07500503
v -0.02496880 0.10631910 0.00469297
v 0.02582420 0.10366610 -0.05923003
v 0.03773620 0.10375110 -0.10329503
v 0.00267820 0.10325310 -0.09535403
v -0.00616080 0.10745610 0.05202097
v -0.04283580 0.10554210 0.08332997
v 0.00107120 0.10842310 0.02547697
v 0.00107120 0.10842310 0.02547697
v -0.00034980 0.10066710 -0.09130003
v -0.00708480 0.10539710 -0.05639303
v 0.00931820 0.10504310 -0.12029403
v -0.03348680 0.10648410 0.09224797
v -0.03676380 0.10344410 0.04220297
v -0.03676380 0.10344410 0.04220297
v -0.02090180 0.10653810 -0.00555703
v 0.01778620 0.10784710 -0.03046403
v -0.00172680 0.10626510 0.03918897
v -0.01888380 0.10774210 0.07834997
v 0.00391420 0.10376010 0.01858697
v -0.02761780 0.10425110 0.01448797
v -0.04340980 0.10431610 0.08728497
v -0.03212980 0.10557210 0.09783797
v -0.03833480 0.10540410 0.09857597
v -0.03737280 0.10783910 0.07267897
v -0.01959480 0.10649110 -0.01309703
v -0.00006780 0.10895910 -0.08792603
v -0.03264180 0.10841710 0.06752897
v 0.02621320 0.10661310 -0.13213203
v 0.00688920 0.10572010 0.01197297
v 0.01393620 0.10828510 -0.01607003
v 0.01393620 0.10828510 -0.01607003
v 0.02077720 0.10794010 -0.13553703
v 0.03678720 0.10839910 -0.12248903
v 0.01801320 0.10207810 -0.14164603
v 0.03606420 0.10779010 -0.10676603
v -0.01596480 0.10728410 -0.02748203
v -0.00964480 0.10783110 -0.04716003
v -0.02102880 0.10737510 0.08125097
v -0.02211080 0.10666910 0.08533897
v 0.03924820 0.10827210 -0.11866903
v -0.03580780 0.10796510 0.04502597
v 0.00969720 0.10747810 0.00018697
v 0.00969720 0.10747810 0.00018697
v 0.00969720 0.10747810 0.00018697
v 0.00469420 0.10730210 -0.10364203
v 0.00786920 0.10812810 -0.11035803
v -0.03635980 0.10711610 0.04993997
v 0.01609320 0.11000310 -0.12858403
v -0.00599780 0.10919210 -0.06572103
v 0.03431720 0.10951610 -0.10195403
v 0.02912220 0.10732510 -0.06729803
v 0.02751920 0.10854510 -0.08387803
v -0.03295880 0.10811810 0.08666097
v 0.01425920 0.11008810 -0.12746403
v -0.01765180 0.10796210 0.06871497
v -0.02482080 0.10857310 0.07610497
v -0.01137680 0.10771010 0.06189297
v -0.01137680 0.10771010 0.06189297
v -0.02455280 0.11128810 0.00531497
v 0.03001420 0.11139810 -0.09218103
v 0.02692720 0.11009710 -0.06107303
v 0.02692720 0.11009710 -0.06107303
v -0.02293980 0.11006810 0.06988997
v 0.02958520 0.10892310 -0.07905403
v -0.03186680 0.11054110 0.03207197
v -0.03186680 0.11054110 0.03207197
v 0.03355320 0.10969910 -0.10942303
v -0.03562280 0.10841010 0.06062597
v -0.02032480 0.10768810 0.07324497
v 0.03353520 0.10721410 -0.09289103
v -0.03274580 0.10863510 0.07786297
v -0.02649980 0.10787810 0.08160397
v 0.02650520 0.11274210 -0.09030903
v -0.01444680 0.10785610 -0.03291503
v 0.02812020 0.11077810 -0.12669803
v -0.03199080 0.10939810 0.04837897
v -0.00650080 0.11013910 0.04717197
v -0.01259680 0.11033610 -0.03967703
v -0.03021180 0.10688410 0.02290497
v -0.01904280 0.10968210 0.04190697
v 0.02298420 0.10943010 -0.04856303
v 0.02298420 0.10943010 -0.04856303
v -0.02721580 0.11101510 0.02297097
v 0.01098920 0.11079310 -0.00429203
v -0.01549180 0.11017410 0.05637997
v 0.00672920 0.11018310 -0.09503403
v 0.01733020 0.11002610 -0.02840203
v 0.01733020 0.11002610 -0.02840203
v -0.01359580 0.11108110 0.04208997
v -0.01359580 0.11108110 0.04208997
v -0.01165280 0.11105310 0.05156997
v -0.01165280 0.11105310 0.05156997
v 0.00711820 0.10944410 0.00934597
v 0.00711820 0.10944410 0.00934597
v -0.00701480 0.11041510 -0.05751203
v -0.01891580 0.10912210 0.04752997
v -0.00739480 0.11212010 0.04022397
v -0.02169480 0.11001310 0.05452197
v -0.03033880 0.10988410 0.06216097
v -0.03243180 0.10948210 0.05465197
v -0.01557380 0.10855210 0.06499097
v -0.00065580 0.11342410 -0.08244903
v -0.03084880 0.11157110 0.04336997
v 0.03499420 0.11083910 -0.11970603
v 0.02007720 0.11128410 -0.13022603
v -0.00087080 0.11226910 -0.07723503
v -0.02504480 0.11096910 0.01048597
v 0.01467720 0.11198910 -0.12371603
v 0.02491920 0.11188710 -0.13137703
v 0.02902520 0.11243610 -0.11405103
v 0.00309520 0.11245310 0.01438897
v -0.00997080 0.11172110 0.04863797
v -0.02117680 0.11029010 0.05978197
v -0.02802080 0.11055810 0.05069897
v -0.01970080 0.11110710 0.05149497
v -0.02652180 0.11098010 0.07002997
v -0.01004380 0.11403710 -0.04632103
v -0.01972080 0.11152310 -0.00720703
v 0.00873920 0.11223510 -0.10358303
v -0.02252480 0.11058210 -0.00146503
v 0.01229220 0.11190210 -0.11472903
v 0.00041920 0.11113110 0.02273897
v -0.02545780 0.11254310 0.01516297
v -0.00346180 0.11224110 0.03575497
v 0.02576720 0.11339810 -0.08251803
v -0.01075580 0.11165510 0.01920997
v 0.02265720 0.11330210 -0.05394203
v 0.02730220 0.11207110 -0.11997203
v -0.02577380 0.11182310 0.04826097
v 0.02761220 0.11306010 -0.10467703
v 0.01182720 0.11256110 -0.10846603
v -0.03044680 0.11141310 0.03683697
v -0.03044680 0.11141310 0.03683697
v -0.00445980 0.11506510 0.02550797
v 0.00636420 0.11240910 0.00378897
v 0.02091520 0.11199310 -0.04559303
v -0.01577980 0.11237110 0.02279097
v -0.01860180 0.11392110 0.03831597
v -0.01860180 0.11392110 0.03831597
v 0.02036420 0.11423510 -0.09045403
v -0.01403480 0.11326610 0.01569597
v -0.02694180 0.11373210 0.04139197
v 0.01208320 0.11355610 -0.10130803
v 0.01825020 0.11367610 -0.11849303
v -0.01774780 0.11537210 -0.01287503
v -0.02899980 0.11281610 0.03022197
v 0.00880220 0.11372310 -0.00748503
v -0.01950580 0.11413010 0.00997697
v 0.02870420 0.11180310 -0.07275903
v -0.02929480 0.11443410 0.04510097
v 0.00554120 0.11315110 -0.08941403
v -0.02299780 0.11443410 0.04318597
v 0.02053720 0.11313510 -0.11123003
v -0.01393480 0.11316710 -0.02886103
v 0.02467120 0.11267310 -0.09732103
v 0.02435120 0.11327010 -0.12629303
v -0.01405980 0.11742010 -0.02091103
v -0.00501880 0.11384010 0.02111897
v 0.02079920 0.11372810 -0.08764203
v 0.01630820 0.11362510 -0.03405003
v 0.01250220 0.11383210 -0.09254403
v -0.01926680 0.11474810 0.01519097
v 0.00310520 0.11508710 0.00320997
v 0.01394520 0.11199010 -0.01881903
v -0.02074980 0.11331110 0.02005897
v 0.01908320 0.11356310 -0.09608403
v -0.02250180 0.11445110 0.02717497
v 0.01667520 0.11270310 -0.10195303
v 0.02282220 0.11520810 -0.07933303
v -0.02187180 0.11425110 0.03945897
v -0.02187180 0.11425110 0.03945897
v 0.02326620 0.11468710 -0.10386403
v 0.02529820 0.11411710 -0.08913303
v -0.01432680 0.11392210 0.02871597
v -0.01338880 0.11387810 0.03396597
v 0.00625520 0.11495810 -0.08120003
v -0.01146980 0.11459010 -0.03658103
v -0.02154680 0.11600710 0.01394497
v 0.00402520 0.11548710 -0.00740403
v -0.00654580 0.11808810 -0.05488803
v -0.02083180 0.11472110 0.00135797
v 0.01978520 0.11602610 -0.06096303
v -0.01626280 0.11558710 -0.01828703
v -0.00123580 0.11401010 -0.07033303
v -0.01672480 0.11567410 -0.00903603
v 0.01553120 0.11508710 -0.08924503
v 0.01314020 0.11474710 -0.09625603
v -0.01637680 0.11487510 0.01031397
v -0.00011980 0.11454310 0.01332397
v 0.01568620 0.11475710 -0.09313303
v 0.00800220 0.11544510 -0.08558803
v -0.00596380 0.11534310 0.02985397
v 0.00298820 0.11623810 -0.07414003
v 0.00003620 0.11590210 -0.08436803
v 0.00346120 0.11716810 -0.08308503
v 0.00456020 0.11693310 -0.01647103
v -0.00589280 0.11759510 -0.00257003
v -0.00384680 0.11666110 0.00514297
v 0.01566820 0.11708210 -0.09211903
v -0.00765180 0.11675010 -0.04846903
v 0.01748920 0.11690210 -0.09190703
v 0.02323620 0.11455410 -0.06910603
v -0.01370180 0.11622910 -0.01269903
v -0.01716180 0.11635710 -0.00513703
v 0.01684820 0.11662210 -0.07445503
v -0.00563280 0.11583110 0.01386597
v 0.01620820 0.11585210 -0.05334303
v -0.01269480 0.11610110 0.00335797
v 0.01287220 0.11688010 -0.08291703
v 0.01135620 0.11558410 -0.02683603
v -0.01044480 0.11665210 -0.02768603
v -0.00417980 0.11673810 -0.05883403
v -0.01631780 0.11765510 -0.01515703
v -0.00283880 0.11662010 -0.06312703
v 0.00462720 0.11744310 -0.07709403
v 0.01128720 0.11794810 -0.07360403
v 0.00979820 0.11706410 -0.04937403
v 0.00684120 0.11763410 -0.03174403
v 0.00432020 0.11759110 -0.06094503
v 0.00504220 0.11728210 -0.06735103
v 0.00067420 0.11728210 -0.07879603
v -0.00303780 0.11731810 -0.01594503
v -0.00495880 0.11702510 -0.01245403
v 0.00100820 0.11755110 -0.04933603
v 0.00928020 0.11799110 -0.07738503
v 0.01311120 0.11646010 -0.03807503
v 0.00939620 0.11783210 -0.06905903
v -0.00890380 0.11648910 0.01232797
v 0.01357220 0.11736610 -0.06678703
v -0.00660980 0.11656410 -0.02174703
v -0.00159180 0.11888910 -0.03218503
v -0.00300780 0.11815610 -0.04188303
v 0.00391020 0.11844510 -0.03995403
v -0.00993980 0.11735410 -0.03337603
v 0.00233220 0.11891910 -0.01774703
v 0.00296220 0.11900710 -0.03566903
v -0.01063780 0.11858810 -0.03605403
v 0.00473620 0.11743810 -0.05496303
v -0.00564180 0.11786610 -0.05059903
v -0.00281280 0.11982810 -0.01992903
v 0.00411920 0.11911410 -0.02745903
v -0.00886280 0.11976610 -0.04154903
v -0.00592680 0.11920310 -0.02807903
v -0.00882480 0.12002010 -0.03642303
v -0.00083680 0.12106410 -0.02266503
v -0.00615880 0.12034910 -0.03320803
vt 0.33225100 0.13130900
vt 0.50000000 0.50000000
vt 0.30884100 0.17832800
vt 0.50000000 0.50000000
vt 0.30102700 0.18241100
vt 0.50000000 0.50000000
vt 0.30836000 0.17473700
vt 0.50000000 0.50000000
vt 0.30926500 0.18162400
vt 0.50000000 0.50000000
vt 0.30875600 0.18362000
vt 0.28384800 0.18206600
vt 0.19097400 0.34071100
vt 0.19843100 0.34253500
vt 0.19959800 0.34427700
vt 0.22561900 0.34309700
vt 0.50000000 0.50000000
vt 0.28630600 0.18118700
vt 0.20189700 0.34694200
vt 0.20201600 0.34962000
vt 0.29780200 0.16657500
vt 0.30527800 0.16935100
vt 0.30845700 0.17114500
vt 0.30651000 0.18396200
vt 0.50000000 0.50000000
vt 0.30394100 0.17431200
vt 0.50000000 0.50000000
vt 0.28859600 0.17444900
vt 0.19624400 0.34278700
vt 0.19906900 0.34612200
vt 0.19454900 0.33690400
vt 0.28555000 0.17771800
vt 0.19397500 0.34054100
vt 0.18687500 0.34077400
vt 0.28321200 0.18596000
vt 0.19552900 0.33987100
vt 0.31163300 0.17855000
vt 0.23516600 0.34448100
vt 0.50000000 0.50000000
vt 0.32940000 0.13272200
vt 0.50000000 0.50000000
vt 0.31188900 0.18259600
vt 0.19976100 0.34215600
vt 0.30982300 0.17385900
vt 0.19284300 0.33821200
vt 0.20271100 0.34564400
vt 0.20105400 0.34427600
vt 0.22899300 0.34363900
vt 0.50000000 0.50000000
vt 0.31039000 0.16451700
vt 0.32581200 0.13581700
vt 0.50000000 0.50000000
vt 0.22326900 0.34296900
vt 0.50000000 0.50000000
vt 0.30098900 0.18817500
vt 0.20586900 0.34718300
vt 0.30220100 0.15759300
vt 0.21009500 0.34888600
vt 0.28749400 0.18357600
vt 0.21963000 0.34559500
vt 0.30275400 0.14602400
vt 0.50000000 0.50000000
vt 0.28873500 0.18672500
vt 0.30291500 0.14999400
vt 0.21618800 0.34671500
vt 0.31032300 0.14225600
vt 0.50000000 0.50000000
vt 0.29893000 0.17762700
vt 0.30073800 0.17100400
vt 0.29496300 0.17950500
vt 0.50000000 0.50000000
vt 0.30634400 0.14481400
vt 0.29531500 0.18830300
vt 0.31059700 0.17627900
vt 0.18918200 0.33878300
vt 0.23858300 0.34377300
vt 0.50000000 0.50000000
vt 0.23202300 0.34446300
vt 0.50000000 0.50000000
vt 0.31185600 0.17457700
vt 0.31260600 0.18200000
vt 0.19944400 0.33961700
vt 0.31249100 0.18178600
vt 0.31241000 0.18179200
vt 0.18111800 0.34221100
vt 0.28620700 0.18879200
vt 0.21218100 0.34044300
vt 0.22333200 0.34093900
vt 0.30245900 0.19062500
vt 0.20992700 0.34537300
vt 0.21574900 0.34105000
vt 0.31067400 0.17113500
vt 0.22043400 0.34249000
vt 0.28281400 0.18870100
vt 0.18456300 0.34003300
vt 0.31301200 0.17340100
vt 0.20215100 0.34236500
vt 0.30857000 0.18782500
vt 0.50000000 0.50000000
vt 0.31085100 0.53546400
vt 0.31596000 0.17876600
vt 0.31247800 0.53275300
vt 0.24182200 0.34142200
vt 0.50000000 0.50000000
vt 0.21101000 0.33874800
vt 0.31231300 0.18078100
vt 0.18749900 0.33752700
vt 0.21781700 0.33896300
vt 0.21964200 0.33770100
vt 0.33483400 0.13267400
vt 0.50000000 0.50000000
vt 0.31474500 0.18173100
vt 0.31285900 0.18138200
vt 0.21112000 0.33687400
vt 0.21431700 0.33760200
vt 0.22203800 0.33790200
vt 0.23174700 0.34221700
vt 0.20975700 0.34242700
vt 0.18032700 0.34067800
vt 0.28524800 0.19155800
vt 0.31363700 0.16695500
vt 0.30423000 0.19237000
vt 0.20738400 0.33888100
vt 0.31703800 0.15661200
vt 0.31614700 0.14794000
vt 0.50000000 0.50000000
vt 0.31238600 0.15839900
vt 0.30922800 0.14905000
vt 0.30486000 0.15567800
vt 0.32662400 0.14229300
vt 0.50000000 0.50000000
vt 0.30701700 0.15782900
vt 0.29220200 0.19426900
vt 0.31245100 0.15339800
vt 0.21870900 0.33617000
vt 0.20705900 0.34519600
vt 0.31230200 0.18372600
vt 0.23916900 0.34116200
vt 0.50000000 0.50000000
vt 0.33854700 0.13249500
vt 0.50000000 0.50000000
vt 0.31434900 0.17631700
vt 0.50000000 0.50000000
vt 0.55615600 0.16605400
vt 0.20143800 0.33981500
vt 0.55127700 0.14626500
vt 0.50000000 0.50000000
vt 0.31181500 0.18819000
vt 0.19622300 0.33583700
vt 0.33285700 0.13510600
vt 0.20682800 0.33738100
vt 0.18688600 0.33634200
vt 0.23675500 0.34118500
vt 0.18967300 0.33446500
vt 0.31486800 0.17219000
vt 0.50000000 0.50000000
vt 0.30486800 0.56959800
vt 0.31396000 0.18549000
vt 0.19099300 0.33275300
vt 0.20290000 0.34042900
vt 0.56791200 0.12173900
vt 0.50000000 0.50000000
vt 0.22599700 0.33779100
vt 0.20349700 0.34377100
vt 0.18293600 0.33760700
vt 0.33618400 0.13586700
vt 0.33386900 0.13772600
vt 0.33690100 0.13916900
vt 0.56156300 0.12512600
vt 0.50000000 0.50000000
vt 0.29571300 0.19671400
vt 0.20509500 0.33854600
vt 0.55287800 0.12819800
vt 0.17582100 0.33727700
vt 0.22881700 0.34126500
vt 0.19915300 0.33704300
vt 0.29181400 0.20477500
vt 0.18023800 0.33697100
vt 0.22645100 0.34008600
vt 0.56430300 0.13102600
vt 0.50000000 0.50000000
vt 0.28871700 0.19798200
vt 0.30150400 0.19477900
vt 0.17016000 0.33763900
vt 0.28748400 0.20367300
vt 0.19236100 0.33474500
vt 0.50000000 0.50000000
vt 0.30453700 0.57180700
vt 0.54761900 0.14198600
vt 0.33994900 0.13280700
vt 0.50000000 0.50000000
vt 0.55033600 0.14407500
vt 0.50000000 0.50000000
vt 0.30973900 0.19071600
vt 0.56749300 0.11949200
vt 0.50000000 0.50000000
vt 0.20877900 0.33538600
vt 0.23641200 0.33978000
vt 0.20219000 0.33909100
vt 0.33698900 0.13421300
vt 0.50000000 0.50000000
vt 0.35026000 0.11846800
vt 0.34726800 0.12702600
vt 0.50000000 0.50000000
vt 0.31190700 0.19196500
vt 0.31542900 0.18989800
vt 0.56852700 0.12213000
vt 0.50000000 0.50000000
vt 0.24047200 0.33795800
vt 0.55256600 0.12112300
vt 0.18476200 0.33279300
vt 0.31623000 0.53765000
vt 0.51942400 0.13375600
vt 0.54583500 0.13972800
vt 0.30720700 0.57151500
vt 0.31694500 0.17400100
vt 0.31299700 0.54472900
vt 0.50000000 0.50000000
vt 0.30673100 0.56654400
vt 0.50000000 0.50000000
vt 0.31323400 0.53825100
vt 0.50000000 0.50000000
vt 0.20444400 0.34192500
vt 0.19912400 0.33332200
vt 0.55927800 0.11813200
vt 0.31198600 0.19321300
vt 0.33907400 0.13808900
vt 0.30118700 0.19863000
vt 0.55725300 0.12231000
vt 0.55497500 0.12167600
vt 0.20583100 0.33492600
vt 0.30271400 0.19871900
vt 0.20358800 0.33366900
vt 0.30669300 0.19481700
vt 0.55209000 0.15175700
vt 0.50000000 0.50000000
vt 0.30212100 0.19611800
vt 0.23447300 0.33806100
vt 0.18345700 0.33505500
vt 0.30437600 0.19664100
vt 0.23104700 0.34017200
vt 0.55934500 0.12456100
vt 0.55272900 0.12501400
vt 0.23055700 0.33741300
vt 0.31855600 0.16613500
vt 0.33494400 0.14687900
vt 0.20694300 0.34106200
vt 0.55214300 0.12965800
vt 0.20129200 0.33700100
vt 0.57048700 0.12482400
vt 0.50000000 0.50000000
vt 0.17637700 0.33361800
vt 0.55622900 0.13541900
vt 0.50000000 0.50000000
vt 0.55172900 0.12778000
vt 0.55253600 0.12357200
vt 0.55535500 0.12815100
vt 0.28896300 0.20748500
vt 0.23217100 0.33786700
vt 0.31720800 0.18652300
vt 0.56170600 0.12201900
vt 0.55617400 0.13012200
vt 0.50000000 0.50000000
vt 0.33244700 0.14247700
vt 0.56648200 0.13276600
vt 0.57341300 0.13533200
vt 0.50000000 0.50000000
vt 0.56426800 0.13960400
vt 0.50000000 0.50000000
vt 0.58180100 0.13772100
vt 0.50000000 0.50000000
vt 0.32133300 0.15952600
vt 0.57319400 0.13137300
vt 0.50000000 0.50000000
vt 0.32387800 0.15125600
vt 0.57294100 0.12782400
vt 0.50000000 0.50000000
vt 0.59694800 0.10030800
vt 0.50000000 0.50000000
vt 0.55354000 0.15854900
vt 0.50000000 0.50000000
vt 0.22669400 0.33688000
vt 0.55749800 0.16768100
vt 0.35555300 0.10899700
vt 0.50000000 0.50000000
vt 0.58722700 0.10805800
vt 0.50000000 0.50000000
vt 0.55267800 0.11860400
vt 0.50000000 0.50000000
vt 0.60647600 0.14055000
vt 0.31656500 0.18342200
vt 0.22121400 0.33462100
vt 0.31816000 0.18129700
vt 0.34269400 0.13087800
vt 0.50000000 0.50000000
vt 0.34233000 0.13571600
vt 0.59024200 0.10411400
vt 0.50000000 0.50000000
vt 0.51729800 0.12841500
vt 0.60018900 0.11175600
vt 0.50000000 0.50000000
vt 0.19618500 0.33136500
vt 0.50000000 0.50000000
vt 0.30941100 0.56400100
vt 0.61263900 0.13480000
vt 0.50000000 0.50000000
vt 0.34790200 0.12262000
vt 0.50000000 0.50000000
vt 0.30780500 0.57003300
vt 0.54415500 0.13885600
vt 0.29850800 0.19953500
vt 0.23592200 0.33394500
vt 0.33925800 0.13595200
vt 0.20277900 0.33512100
vt 0.23359100 0.33689600
vt 0.18643100 0.33111900
vt 0.50000000 0.50000000
vt 0.59974700 0.10789200
vt 0.22920600 0.33528400
vt 0.21095300 0.33364400
vt 0.20123100 0.33232600
vt 0.22146200 0.33092100
vt 0.31586100 0.54127700
vt 0.52261100 0.13518300
vt 0.55581400 0.15530800
vt 0.30897000 0.19606600
vt 0.56300900 0.11950400
vt 0.31329400 0.54847400
vt 0.50000000 0.50000000
vt 0.50000000 0.50000000
vt 0.61141800 0.13843300
vt 0.50000000 0.50000000
vt 0.56913300 0.11402700
vt 0.55012800 0.12140000
vt 0.29506700 0.20309600
vt 0.29876300 0.20240100
vt 0.56293600 0.12568800
vt 0.24264500 0.33422500
vt 0.51464800 0.12861600
vt 0.60536800 0.14353100
vt 0.50000000 0.50000000
vt 0.22523200 0.33570600
vt 0.21886600 0.33478000
vt 0.56563900 0.13010800
vt 0.55029500 0.12684500
vt 0.51705400 0.13135200
vt 0.24375000 0.33718700
vt 0.31851900 0.53565900
vt 0.60214600 0.11816400
vt 0.50000000 0.50000000
vt 0.56950000 0.12557100
vt 0.18046500 0.33275600
vt 0.58541400 0.14961700
vt 0.23525700 0.33573700
vt 0.60035300 0.11772700
vt 0.50000000 0.50000000
vt 0.53832000 0.12890800
vt 0.55118500 0.12898000
vt 0.55071700 0.13124900
vt 0.17013300 0.33243100
vt 0.28593900 0.21051300
vt 0.58751200 0.14315200
vt 0.50000000 0.50000000
vt 0.55259000 0.13262200
vt 0.28772600 0.21187400
vt 0.16816800 0.33155800
vt 0.55728700 0.12608400
vt 0.59640400 0.14332700
vt 0.50000000 0.50000000
vt 0.20390800 0.33972100
vt 0.32850200 0.15453200
vt 0.55390900 0.13171400
vt 0.54298800 0.13263000
vt 0.17935500 0.33515400
vt 0.20299100 0.33682600
vt 0.54021200 0.13144100
vt 0.55861700 0.13877900
vt 0.50000000 0.50000000
vt 0.33347900 0.15190500
vt 0.23114300 0.33071300
vt 0.31816200 0.18894400
vt 0.18434900 0.32966200
vt 0.34430300 0.13272800
vt 0.29638800 0.20869900
vt 0.55609400 0.11880800
vt 0.58721200 0.14719100
vt 0.57990800 0.10906500
vt 0.50000000 0.50000000
vt 0.54186900 0.12575600
vt 0.50000000 0.50000000
vt 0.57709800 0.11107200
vt 0.55534100 0.14480600
vt 0.58930500 0.10592900
vt 0.50000000 0.50000000
vt 0.57342100 0.11209400
vt 0.50000000 0.50000000
vt 0.55862700 0.16655800
vt 0.35542900 0.10695400
vt 0.33198700 0.15572700
vt 0.30242100 0.20288500
vt 0.60408200 0.14533500
vt 0.50000000 0.50000000
vt 0.20621900 0.32986000
vt 0.55741800 0.11599200
vt 0.50000000 0.50000000
vt 0.31121500 0.56125200
vt 0.53870200 0.13778300
vt 0.20658700 0.33217500
vt 0.22719600 0.33277900
vt 0.31728200 0.19017800
vt 0.21742900 0.33206500
vt 0.31081800 0.19471900
vt 0.58862200 0.15059500
vt 0.54434400 0.13526900
vt 0.55050200 0.11876800
vt 0.61189100 0.11999800
vt 0.50000000 0.50000000
vt 0.31483600 0.54463500
vt 0.52568600 0.13668500
vt 0.31962700 0.17812900
vt 0.53428000 0.13719900
vt 0.31248500 0.55538500
vt 0.50000000 0.50000000
vt 0.21391400 0.33107800
vt 0.31882100 0.17574500
vt 0.22670300 0.33180500
vt 0.23349300 0.33298500
vt 0.51525200 0.12558500
vt 0.17313700 0.33214400
vt 0.32113900 0.17052300
vt 0.55439700 0.14378100
vt 0.22732300 0.32973800
vt 0.50000000 0.50000000
vt 0.59912700 0.10874500
vt 0.55450500 0.14916700
vt 0.23204700 0.33531600
vt 0.54827300 0.13928100
vt 0.22868000 0.33383300
vt 0.56724300 0.11538300
vt 0.50000000 0.50000000
vt 0.55048800 0.14065200
vt 0.55182500 0.14282300
vt 0.56027300 0.11618500
vt 0.54300200 0.12631900
vt 0.56691200 0.12219100
vt 0.31501600 0.19361900
vt 0.23640500 0.33037200
vt 0.32086800 0.18680300
vt 0.34117300 0.14094400
vt 0.60625200 0.14582300
vt 0.56492500 0.11842400
vt 0.56356200 0.12303400
vt 0.55462600 0.15386600
vt 0.17563500 0.33141100
vt 0.60044100 0.10060100
vt 0.50000000 0.50000000
vt 0.20362300 0.32972000
vt 0.34041700 0.14388800
vt 0.33819800 0.14408800
vt 0.21757800 0.32985800
vt 0.60608000 0.11482600
vt 0.50000000 0.50000000
vt 0.50000000 0.50000000
vt 0.58243800 0.10786800
vt 0.58876500 0.15386500
vt 0.55818000 0.14224100
vt 0.32322300 0.17935600
vt 0.53572700 0.13557800
vt 0.59162700 0.14444500
vt 0.50000000 0.50000000
vt 0.32058900 0.18376800
vt 0.59156600 0.15016400
vt 0.23250000 0.33431200
vt 0.58640300 0.10580800
vt 0.60367100 0.11541900
vt 0.50000000 0.50000000
vt 0.32268400 0.16722800
vt 0.52829700 0.12580200
vt 0.32612900 0.16980600
vt 0.32857000 0.16657300
vt 0.56762500 0.12678800
vt 0.29129600 0.20802400
vt 0.60023400 0.14584200
vt 0.55403500 0.13711600
vt 0.55274600 0.13912000
vt 0.52134700 0.13209200
vt 0.55632100 0.14078600
vt 0.32399800 0.16578500
vt 0.32616800 0.16242200
vt 0.52295700 0.12599300
vt 0.52682200 0.13054200
vt 0.31454800 0.54911800
vt 0.52898400 0.13598100
vt 0.58423700 0.15624400
vt 0.53526900 0.12693800
vt 0.30958700 0.56699400
vt 0.54287200 0.13944100
vt 0.53264900 0.12760400
vt 0.57030100 0.12938500
vt 0.56879200 0.13149700
vt 0.57264600 0.14626400
vt 0.56621700 0.13616700
vt 0.50000000 0.50000000
vt 0.57926000 0.14461000
vt 0.50000000 0.50000000
vt 0.57049300 0.14084700
vt 0.57505500 0.10868500
vt 0.60001700 0.10970800
vt 0.50000000 0.50000000
vt 0.35393700 0.11603000
vt 0.55698600 0.16068500
vt 0.52433700 0.12382800
vt 0.54396500 0.11941900
vt 0.56468900 0.12113000
vt 0.32111200 0.17534500
vt 0.33613400 0.15177400
vt 0.54801200 0.12021100
vt 0.33537300 0.14973500
vt 0.60300900 0.11036100
vt 0.17661300 0.32862200
vt 0.18933700 0.33018700
vt 0.59198100 0.15490600
vt 0.59685300 0.14772000
vt 0.58407100 0.10193100
vt 0.54587500 0.13024500
vt 0.34941500 0.12784600
vt 0.60755200 0.11481400
vt 0.50000000 0.50000000
vt 0.60249800 0.10516400
vt 0.50000000 0.50000000
vt 0.35043200 0.12336700
vt 0.54668700 0.12136800
vt 0.55460600 0.11542000
vt 0.32520400 0.17939000
vt 0.51230200 0.12420300
vt 0.24017000 0.32933500
vt 0.61609500 0.13453200
vt 0.50000000 0.50000000
vt 0.30450800 0.20432500
vt 0.54443300 0.12218000
vt 0.55808900 0.14545800
vt 0.60123800 0.11606300
vt 0.56663600 0.11256700
vt 0.57801400 0.10475300
vt 0.55253000 0.14212900
vt 0.60160300 0.11254500
vt 0.53057000 0.12360500
vt 0.20903900 0.32889800
vt 0.34320900 0.14023200
vt 0.17981800 0.32748700
vt 0.31785800 0.19123700
vt 0.59341000 0.14980400
vt 0.60534600 0.10905500
vt 0.32396600 0.18490200
vt 0.34068700 0.14662000
vt 0.56573100 0.12234100
vt 0.56692400 0.12455400
vt 0.58881800 0.10022400
vt 0.50000000 0.50000000
vt 0.33166200 0.16236100
vt 0.55602000 0.14798100
vt 0.53266300 0.12095400
vt 0.55754200 0.11267700
vt 0.57831900 0.10845900
vt 0.51737900 0.12420100
vt 0.61225700 0.14019900
vt 0.54989600 0.11523700
vt 0.22447200 0.32986600
vt 0.51916000 0.12254200
vt 0.32121700 0.18824100
vt 0.30681100 0.19906900
vt 0.58113600 0.15849900
vt 0.32554400 0.17608800
vt 0.32249100 0.17274700
vt 0.56436700 0.11487000
vt 0.55986700 0.11138600
vt 0.57031000 0.11087400
vt 0.33239800 0.15666600
vt 0.60550300 0.11105900
vt 0.56619000 0.12781200
vt 0.30534900 0.20069900
vt 0.56020000 0.14143800
vt 0.32916700 0.16984000
vt 0.54913700 0.12507500
vt 0.54899900 0.12860400
vt 0.57858700 0.15604400
vt 0.32501800 0.17292400
vt 0.29855800 0.20546700
vt 0.52734200 0.12344400
vt 0.17376900 0.32878600
vt 0.35650400 0.11546700
vt 0.56326300 0.10784100
vt 0.55713100 0.15260000
vt 0.31898800 0.19260200
vt 0.53702400 0.12156100
vt 0.18596900 0.32621400
vt 0.53951300 0.11975000
vt 0.54959700 0.13741100
vt 0.29299000 0.21065500
vt 0.19842300 0.32863800
vt 0.59260100 0.10096900
vt 0.50000000 0.50000000
vt 0.56074000 0.10831500
vt 0.59518200 0.15365800
vt 0.60463100 0.10649400
vt 0.59704700 0.15052000
vt 0.50000000 0.50000000
vt 0.61366500 0.12521500
vt 0.32951500 0.17306400
vt 0.34717100 0.13821500
vt 0.57830100 0.10246200
vt 0.60237500 0.09997900
vt 0.60290800 0.10230200
vt 0.35221400 0.11957400
vt 0.55594400 0.15719300
vt 0.32146900 0.19026300
vt 0.32785600 0.17214400
vt 0.57114200 0.10466300
vt 0.56556600 0.12589700
vt 0.56946200 0.10808200
vt 0.53880100 0.11477500
vt 0.54673400 0.13291500
vt 0.33892600 0.15090600
vt 0.56104100 0.16413200
vt 0.30237900 0.20810400
vt 0.29511000 0.21116300
vt 0.57347000 0.10294400
vt 0.55792400 0.15033200
vt 0.33115900 0.16709300
vt 0.29915700 0.20972000
vt 0.59793600 0.15394400
vt 0.61403500 0.14191100
vt 0.23621700 0.32705000
vt 0.56285100 0.16707900
vt 0.35896700 0.10826400
vt 0.32726400 0.18015700
vt 0.36110200 0.10800200
vt 0.34294000 0.14461900
vt 0.61443100 0.12169500
vt 0.60931700 0.14155200
vt 0.50000000 0.50000000
vt 0.60905000 0.14411500
vt 0.50000000 0.50000000
vt 0.55988800 0.16184300
vt 0.54838100 0.13223400
vt 0.55813400 0.15856100
vt 0.60685600 0.10650100
vt 0.54612900 0.12574800
vt 0.57797900 0.15973900
vt 0.33090400 0.17160500
vt 0.60934000 0.14696600
vt 0.57228700 0.16475600
vt 0.36280900 0.10317800
vt 0.54958300 0.13540500
vt 0.60585600 0.09809400
vt 0.16506100 0.32831800
vt 0.29125800 0.21507500
vt 0.56199000 0.14495000
vt 0.60631500 0.09931600
vt 0.56744900 0.14449300
vt 0.57445300 0.16073200
vt 0.57167700 0.15502100
vt 0.57527600 0.15583300
vt 0.60424900 0.09606500
vt 0.31703000 0.19547500
vt 0.59852400 0.09685600
vt 0.29810300 0.21290600
vt 0.33524200 0.16302800
vt 0.60783400 0.10978000
vt 0.55999800 0.15713400
vt 0.22214100 0.32746500
vt 0.33266500 0.16958300
vt 0.56316700 0.16520100
vt 0.35000900 0.13107200
vt 0.56076900 0.14596000
vt 0.19271500 0.32512900
vt 0.56592500 0.10550500
vt 0.36132700 0.10580500
vt 0.56689500 0.16608000
vt 0.58625900 0.15862100
vt 0.22652300 0.32584900
vt 0.60470400 0.09695000
vt 0.61031800 0.11132300
vt 0.59282400 0.15767200
vt 0.37389000 0.08390900
vt 0.57647200 0.16421000
vt 0.36556800 0.09665200
vt 0.55084500 0.11253600
vt 0.55952700 0.14918300
vt 0.60437200 0.14981900
vt 0.61072000 0.11416000
vt 0.60251800 0.15181800
vt 0.36229200 0.10418600
vt 0.57057000 0.16544600
vt 0.55736100 0.10964700
vt 0.61752500 0.14343300
vt 0.61646300 0.12692000
vt 0.32800900 0.17626000
vt 0.31497900 0.19723600
vt 0.56004200 0.15257200
vt 0.57631400 0.16202200
vt 0.16989900 0.32803600
vt 0.35904700 0.11706600
vt 0.33566500 0.15666900
vt 0.31139400 0.19933800
vt 0.60014300 0.15257100
vt 0.60772600 0.10427500
vt 0.59496900 0.15562200
vt 0.33494300 0.16831400
vt 0.32040900 0.19435000
vt 0.61240200 0.14591400
vt 0.61683200 0.13043300
vt 0.50000000 0.50000000
vt 0.53497000 0.11869400
vt 0.61646400 0.14260400
vt 0.29395100 0.21619700
vt 0.16229000 0.32665200
vt 0.61599500 0.10619200
vt 0.61323900 0.11811500
vt 0.60831400 0.14868100
vt 0.35315600 0.12516900
vt 0.60836500 0.09957300
vt 0.60547600 0.10125200
vt 0.61193100 0.14370700
vt 0.61920900 0.10817500
vt 0.56194100 0.15176300
vt 0.56568400 0.15353400
vt 0.60786600 0.10160300
vt 0.56382600 0.15022300
vt 0.29986000 0.21650900
vt 0.35547100 0.12081000
vt 0.36446300 0.10573600
vt 0.57931700 0.16144400
vt 0.60685300 0.09547100
vt 0.61947900 0.12359400
vt 0.61180800 0.14867800
vt 0.31588600 0.19894700
vt 0.31020000 0.20269700
vt 0.61604100 0.14722200
vt 0.62050300 0.12588600
vt 0.32403600 0.18718600
vt 0.56553000 0.16136900
vt 0.31345800 0.20324800
vt 0.29649900 0.21440500
vt 0.62151600 0.14117100
vt 0.60619200 0.10285200
vt 0.57892100 0.16475100
vt 0.36828300 0.09731700
vt 0.61860600 0.11126500
vt 0.17496100 0.32617600
vt 0.16916900 0.32529400
vt 0.61907000 0.13988700
vt 0.20295200 0.32411800
vt 0.62102800 0.11230300
vt 0.54271600 0.11646000
vt 0.58245800 0.16092400
vt 0.56177300 0.14712200
vt 0.61519000 0.11035600
vt 0.56790800 0.16177200
vt 0.60902700 0.10736400
vt 0.61303500 0.10717600
vt 0.62241000 0.12513500
vt 0.61745000 0.10166200
vt 0.62006500 0.10319600
vt 0.36817800 0.10331900
vt 0.53011300 0.11788100
vt 0.30061700 0.21308300
vt 0.34591000 0.14323100
vt 0.33250300 0.18034400
vt 0.35935100 0.11180300
vt 0.21475200 0.32672400
vt 0.61002400 0.09436300
vt 0.62227400 0.13759400
vt 0.32105200 0.19638200
vt 0.19936900 0.32489700
vt 0.36610700 0.10733400
vt 0.60706900 0.15130600
vt 0.58717400 0.16124200
vt 0.37378400 0.09020700
vt 0.55547100 0.10804500
vt 0.62106800 0.14424000
vt 0.56040500 0.10404500
vt 0.32363400 0.19313800
vt 0.30820600 0.20823000
vt 0.56634300 0.15816500
vt 0.57942300 0.16273200
vt 0.58070200 0.16334500
vt 0.61525500 0.10020600
vt 0.61021800 0.09519800
vt 0.60929700 0.10127000
vt 0.61722600 0.11419100
vt 0.61727600 0.11817700
vt 0.62097100 0.11949600
vt 0.61163300 0.10295300
vt 0.60970200 0.10514600
vt 0.61411400 0.11238800
vt 0.61399000 0.11632000
vt 0.16605300 0.32494700
vt 0.62028800 0.13266500
vt 0.33223100 0.17464000
vt 0.62472500 0.12891300
vt 0.51984500 0.11901200
vt 0.20965300 0.32470400
vt 0.32075300 0.20070500
vt 0.62505600 0.12274100
vt 0.61563300 0.09635500
vt 0.61648900 0.09931700
vt 0.16379000 0.32331900
vt 0.36154900 0.11548100
vt 0.37059300 0.09728500
vt 0.58088200 0.16535500
vt 0.60079900 0.15684600
vt 0.62377400 0.10751000
vt 0.61980400 0.13561900
vt 0.24337500 0.32323400
vt 0.51456200 0.11811500
vt 0.17310400 0.32516500
vt 0.61887500 0.13759000
vt 0.60626800 0.15360000
vt 0.62482200 0.14168400
vt 0.22133800 0.32408600
vt 0.61949000 0.14881100
vt 0.62386100 0.11513200
vt 0.35241200 0.13633000
vt 0.37236400 0.09309300
vt 0.58447100 0.16289500
vt 0.31777500 0.20092600
vt 0.60926000 0.09836400
vt 0.62282000 0.13332100
vt 0.32939400 0.18233900
vt 0.61264500 0.09381600
vt 0.55008000 0.10848400
vt 0.17462100 0.32348600
vt 0.34192400 0.15079200
vt 0.62583100 0.13187700
vt 0.61511800 0.15081600
vt 0.23384500 0.32379600
vt 0.17740300 0.32436700
vt 0.20557100 0.32391800
vt 0.62149200 0.12876800
vt 0.60942500 0.09678700
vt 0.61348200 0.09568800
vt 0.61256100 0.09686400
vt 0.61052500 0.09880400
vt 0.52467100 0.11725000
vt 0.62410600 0.13601600
vt 0.62813900 0.12759300
vt 0.62046400 0.09933700
vt 0.58449100 0.09757900
vt 0.62810100 0.13158900
vt 0.36611300 0.10857800
vt 0.56668300 0.10145700
vt 0.17750700 0.32235700
vt 0.36136900 0.11887400
vt 0.35887800 0.12348700
vt 0.57633000 0.10052400
vt 0.35596300 0.12869300
vt 0.17340400 0.32160600
vt 0.22946200 0.32358300
vt 0.19617900 0.32231200
vt 0.60289100 0.09414400
vt 0.16810900 0.32269000
vt 0.34001000 0.16778100
vt 0.30656400 0.21146000
vt 0.19256300 0.32125600
vt 0.30131600 0.21892000
vt 0.30333500 0.21744400
vt 0.30773900 0.21326400
vt 0.35112100 0.14202500
vt 0.37765800 0.08786100
vt 0.59242600 0.16387100
vt 0.31839100 0.20403100
vt 0.31144000 0.20483500
vt 0.32376100 0.19577100
vt 0.61081200 0.15240400
vt 0.38558700 0.06884400
vt 0.59996700 0.15936400
vt 0.38004300 0.08007100
vt 0.18165300 0.32288000
vt 0.16507900 0.32141200
vt 0.37624800 0.09226800
vt 0.37274700 0.09870300
vt 0.32768600 0.19041400
vt 0.61507600 0.09373700
vt 0.29923600 0.22094300
vt 0.16251600 0.32149400
vt 0.59385000 0.09530300
vt 0.30384600 0.21369300
vt 0.54252900 0.11149100
vt 0.62215100 0.10160600
vt 0.34090000 0.15747300
vt 0.32485900 0.19708900
vt 0.62912700 0.13087900
vt 0.62448700 0.11098300
vt 0.16954900 0.32229100
vt 0.32658500 0.19430800
vt 0.32112600 0.20361200
vt 0.16670400 0.32261200
vt 0.62535300 0.10559500
vt 0.61602600 0.09252500
vt 0.62507700 0.13524100
vt 0.51943100 0.11633200
vt 0.57326200 0.09847600
vt 0.31995700 0.20491200
vt 0.62711400 0.11938000
vt 0.17433900 0.32009500
vt 0.34044200 0.16286400
vt 0.21631000 0.32276200
vt 0.30923200 0.21258000
vt 0.62961400 0.13539200
vt 0.62861200 0.13822600
vt 0.61861200 0.09689900
vt 0.32711800 0.19229300
vt 0.30298100 0.21817100
vt 0.37944000 0.10247100
vt 0.59851900 0.09402700
vt 0.32304300 0.19944200
vt 0.34464400 0.15108300
vt 0.16717500 0.31958100
vt 0.55486400 0.10584100
vt 0.17438300 0.31717300
vt 0.53684200 0.11236000
vt 0.30591200 0.21789900
vt 0.31464800 0.20881600
vt 0.62673300 0.11163400
vt 0.38218400 0.09058900
vt 0.20077800 0.31973900
vt 0.33658100 0.17414200
vt 0.63083500 0.11881600
vt 0.17558100 0.31828700
vt 0.62241300 0.14676700
vt 0.61515800 0.09002600
vt 0.31776500 0.20831300
vt 0.63136500 0.13401600
vt 0.63140100 0.13798400
vt 0.32336200 0.20216600
vt 0.16359600 0.31891600
vt 0.22823300 0.32005500
vt 0.54619000 0.10589800
vt 0.62917000 0.14158300
vt 0.35806100 0.13536400
vt 0.59508400 0.09190700
vt 0.30559300 0.22069500
vt 0.31126000 0.21557600
vt 0.36908800 0.11519400
vt 0.33091200 0.19781200
vt 0.52829900 0.11381800
vt 0.62227200 0.09715100
vt 0.16990800 0.31915500
vt 0.17803500 0.31635900
vt 0.63182200 0.12909400
vt 0.16791200 0.31794300
vt 0.32793000 0.19984100
vt 0.60787500 0.09101300
vt 0.32341500 0.20622700
vt 0.20874400 0.31986800
vt 0.35243000 0.15065400
vt 0.21876800 0.32047600
vt 0.61997900 0.09364000
vt 0.31334800 0.21319900
vt 0.30120900 0.22396400
vt 0.16144000 0.31810200
vt 0.17372700 0.31612300
vt 0.31629100 0.20982900
vt 0.54006500 0.10770600
vt 0.33438100 0.18441200
vt 0.32487000 0.20315600
vt 0.55425700 0.10286000
vt 0.19202500 0.31883200
vt 0.17189000 0.31689000
vt 0.63487000 0.13665000
vt 0.17031600 0.31602400
vt 0.16633400 0.31745900
vt 0.38708000 0.07277500
vt 0.61025000 0.15525300
vt 0.32074500 0.20929800
vt 0.30545900 0.22171600
vt 0.63107200 0.14676500
vt 0.18286500 0.31887300
vt 0.55102800 0.10046200
vt 0.62834100 0.10684900
vt 0.53065400 0.10890600
vt 0.30356100 0.22325100
vt 0.51290800 0.11052400
vt 0.24641100 0.31669100
vt 0.30886300 0.22075400
vt 0.30819600 0.21688500
vt 0.34944000 0.15614400
vt 0.32842300 0.20651600
vt 0.39302200 0.07791900
vt 0.63210300 0.13992300
vt 0.58491000 0.09524200
vt 0.16353000 0.31646400
vt 0.38611300 0.08163000
vt 0.62422900 0.09952900
vt 0.60757400 0.08654000
vt 0.62777100 0.10242500
vt 0.62878400 0.14843700
vt 0.30742500 0.22219300
vt 0.54720300 0.10051200
vt 0.63073800 0.11568600
vt 0.34716600 0.16353800
vt 0.56912700 0.09637300
vt 0.30489500 0.22309900
vt 0.61874100 0.08901600
vt 0.36371700 0.12764300
vt 0.16495800 0.31395200
vt 0.16162900 0.31547000
vt 0.30336400 0.22624300
vt 0.33906000 0.18448600
vt 0.31438000 0.21496600
vt 0.57799200 0.09561400
vt 0.52330600 0.11303500
vt 0.22935200 0.31494400
vt 0.32586300 0.20783600
vt 0.23539400 0.31782700
vt 0.17148800 0.31382400
vt 0.63221500 0.11062400
vt 0.20222200 0.31711400
vt 0.56162800 0.09874800
vt 0.31321700 0.22054600
vt 0.62244900 0.09315900
vt 0.30765400 0.22467000
vt 0.32378300 0.20912700
vt 0.31968200 0.21259700
vt 0.63238300 0.10538400
vt 0.37055300 0.12898000
vt 0.21747800 0.31631800
vt 0.33103800 0.20447500
vt 0.18879900 0.31455500
vt 0.32258100 0.21214900
vt 0.19423100 0.31343200
vt 0.35988300 0.14643100
vt 0.17412500 0.31361500
vt 0.16781600 0.31209600
vt 0.33008300 0.20267500
vt 0.62950000 0.09967300
vt 0.20061200 0.31465300
vt 0.31543900 0.21738900
vt 0.52423400 0.10868000
vt 0.22490700 0.31558600
vt 0.63684900 0.12761700
vt 0.30661500 0.22743300
vt 0.16027800 0.31285800
vt 0.31771900 0.21460700
vt 0.31879800 0.21703200
vt 0.33314800 0.19182800
vt 0.30991700 0.22224400
vt 0.32486100 0.21130800
vt 0.16344800 0.31231400
vt 0.57268800 0.09348000
vt 0.58855900 0.09065000
vt 0.21172500 0.31379600
vt 0.61338600 0.08593700
vt 0.63652800 0.15024400
vt 0.54176000 0.10170300
vt 0.31567300 0.22177400
vt 0.17410800 0.30967000
vt 0.32760800 0.21015300
vt 0.37038500 0.12143000
vt 0.52792600 0.10472500
vt 0.61845900 0.15503500
vt 0.39442500 0.06998300
vt 0.63816000 0.13792400
vt 0.31369200 0.22306900
vt 0.17139900 0.31058300
vt 0.60281200 0.08857100
vt 0.62225300 0.08788600
vt 0.15999500 0.30955300
vt 0.24066700 0.31501900
vt 0.53409700 0.10183700
vt 0.38490400 0.09825800
vt 0.33433500 0.20106000
vt 0.38887100 0.09034900
vt 0.32537100 0.21300000
vt 0.18223700 0.31212800
vt 0.32141800 0.21751400
vt 0.18038700 0.31253800
vt 0.33982900 0.19384100
vt 0.20453300 0.31311800
vt 0.34842100 0.18296600
vt 0.17848400 0.31268800
vt 0.31287100 0.22572400
vt 0.33156100 0.20835000
vt 0.32721400 0.21444400
vt 0.31736300 0.22049700
vt 0.31708400 0.22464600
vt 0.32405000 0.21546600
vt 0.37684700 0.10970400
vt 0.32966500 0.20905500
vt 0.59421800 0.08785000
vt 0.51105600 0.10634300
vt 0.24666300 0.31083100
vt 0.55221800 0.09557900
vt 0.62641000 0.15671300
vt 0.40244900 0.06981300
vt 0.18490200 0.30884400
vt 0.56324500 0.09466400
vt 0.57119000 0.09207600
vt 0.64049600 0.14139600
vt 0.35785800 0.15947100
vt 0.16274900 0.30851400
vt 0.63538700 0.11162000
vt 0.60308800 0.08490800
vt 0.45478400 0.85328700
vt 0.31565800 0.22786200
vt 0.63700100 0.14303200
vt 0.17286800 0.30845600
vt 0.18016600 0.30524100
vt 0.63792900 0.14719000
vt 0.17095600 0.30826800
vt 0.63788400 0.10430500
vt 0.64103900 0.10877400
vt 0.32403100 0.22054100
vt 0.36026800 0.14157500
vt 0.36688300 0.13597200
vt 0.63347500 0.09833100
vt 0.32012900 0.22052800
vt 0.33252800 0.20635400
vt 0.31201500 0.22804700
vt 0.39752500 0.08567300
vt 0.31188200 0.22978900
vt 0.15870300 0.30759800
vt 0.31465800 0.22905700
vt 0.32413100 0.21710100
vt 0.33565800 0.20231400
vt 0.23887500 0.30828000
vt 0.33447600 0.20541400
vt 0.57758300 0.08951400
vt 0.64119100 0.12605800
vt 0.16766200 0.30854800
vt 0.17502900 0.30662600
vt 0.51470300 0.10538200
vt 0.63727700 0.11724800
vt 0.33348000 0.20979200
vt 0.58336500 0.09052500
vt 0.37763200 0.11836000
vt 0.54292900 0.09795200
vt 0.34085200 0.20120700
vt 0.16154400 0.30594600
vt 0.19093600 0.30737400
vt 0.17183300 0.30562500
vt 0.32763500 0.21651600
vt 0.63016900 0.09374300
vt 0.36159100 0.16828000
vt 0.64479400 0.14366000
vt 0.52940400 0.09803800
vt 0.63258400 0.09354000
vt 0.16559700 0.30138400
vt 0.32144500 0.22485500
vt 0.34827100 0.17320700
vt 0.57244400 0.08588300
vt 0.43391400 0.87099600
vt 0.39417000 0.09159400
vt 0.22343600 0.30739500
vt 0.33036900 0.21541600
vt 0.17397400 0.30308300
vt 0.31744400 0.22760200
vt 0.32705900 0.21903600
vt 0.62288700 0.08583000
vt 0.45962100 0.83985500
vt 0.61498700 0.08396000
vt 0.45965200 0.84676200
vt 0.19271200 0.30338700
vt 0.33119200 0.21169300
vt 0.33331300 0.21251500
vt 0.31805300 0.22983500
vt 0.64529100 0.12318000
vt 0.38967500 0.10143500
vt 0.32895900 0.21889100
vt 0.55786400 0.09096000
vt 0.33555000 0.20966100
vt 0.17032800 0.30341900
vt 0.63645000 0.09548500
vt 0.56367500 0.08809300
vt 0.16346400 0.30429000
vt 0.20980700 0.30898000
vt 0.39968800 0.09336800
vt 0.36489500 0.15378800
vt 0.36835900 0.14535900
vt 0.53732600 0.09382600
vt 0.32487900 0.22622200
vt 0.31387200 0.23117200
vt 0.15816900 0.30522900
vt 0.59068800 0.08361000
vt 0.44335500 0.85955000
vt 0.23068500 0.30625700
vt 0.16099800 0.30229700
vt 0.45447700 0.83989900
vt 0.32694400 0.22276200
vt 0.38141300 0.12201800
vt 0.32915800 0.22100100
vt 0.64409900 0.13386200
vt 0.21236600 0.30324300
vt 0.23866200 0.30370900
vt 0.50151100 0.10187900
vt 0.33760800 0.20641600
vt 0.33279400 0.21469900
vt 0.31610800 0.23117900
vt 0.33682900 0.21316200
vt 0.17600500 0.30340100
vt 0.19800900 0.30200800
vt 0.55313500 0.08722600
vt 0.51961700 0.10010600
vt 0.31620300 0.23484200
vt 0.15913400 0.30138300
vt 0.33499600 0.21581500
vt 0.31998100 0.23173700
vt 0.34584400 0.18763400
vt 0.33138100 0.22057300
vt 0.33913700 0.20789600
vt 0.16822600 0.30179000
vt 0.31986000 0.23483400
vt 0.35676900 0.17036000
vt 0.32207500 0.22916600
vt 0.45269700 0.84210700
vt 0.40386800 0.08063500
vt 0.62845300 0.08872300
vt 0.64666500 0.13390100
vt 0.34287600 0.20573900
vt 0.51324900 0.09854300
vt 0.38135800 0.13104700
vt 0.17023900 0.29990500
vt 0.52618500 0.09417800
vt 0.32375600 0.23134400
vt 0.41019800 0.07536900
vt 0.63179000 0.16192700
vt 0.64282000 0.10334800
vt 0.63799300 0.09464000
vt 0.17968300 0.29908900
vt 0.17293100 0.30063000
vt 0.15952000 0.29941300
vt 0.31776000 0.23649200
vt 0.64488000 0.14867200
vt 0.16213200 0.29941500
vt 0.34021900 0.21197300
vt 0.22296100 0.30103900
vt 0.21761100 0.30566700
vt 0.33286300 0.22271300
vt 0.32438700 0.23588400
vt 0.15605000 0.29610900
vt 0.33079000 0.22961100
vt 0.37605700 0.14020000
vt 0.39720400 0.10314200
vt 0.63160000 0.08719400
vt 0.33046500 0.22333400
vt 0.50742100 0.10083500
vt 0.16347400 0.29673200
vt 0.63758500 0.15745900
vt 0.32646400 0.23345900
vt 0.62543500 0.08523800
vt 0.45805500 0.83722900
vt 0.33474000 0.22031700
vt 0.44800500 0.85225700
vt 0.22536800 0.30020600
vt 0.32210400 0.23358700
vt 0.64107000 0.15332500
vt 0.33745800 0.21869600
vt 0.35789200 0.19006600
vt 0.33904600 0.21598400
vt 0.34355800 0.20888100
vt 0.39003200 0.11288900
vt 0.53257500 0.09222900
vt 0.36706100 0.16400400
vt 0.33335500 0.22498700
vt 0.35762300 0.18037800
vt 0.17126100 0.29750000
vt 0.40624800 0.09872100
vt 0.34797800 0.20120300
vt 0.38717300 0.12749200
vt 0.64976700 0.13958000
vt 0.32218100 0.23655200
vt 0.15834100 0.29607000
vt 0.18842500 0.30106300
vt 0.63822200 0.09187300
vt 0.64880600 0.10735500
vt 0.33647500 0.22083200
vt 0.45603500 0.83334700
vt 0.62910300 0.08427600
vt 0.56779800 0.08093600
vt 0.42453700 0.86842700
vt 0.16170300 0.29611200
vt 0.34332500 0.21190700
vt 0.17318200 0.29469500
vt 0.23468100 0.30025700
vt 0.38625000 0.11732500
vt 0.64961400 0.11617300
vt 0.17751000 0.29593700
vt 0.21523300 0.29933400
vt 0.17025100 0.29714600
vt 0.39587100 0.11113200
vt 0.50266700 0.09867800
vt 0.24165700 0.29953300
vt 0.42859000 0.86513700
vt 0.19784300 0.29802900
vt 0.34126700 0.21430900
vt 0.34461100 0.21236400
vt 0.33865100 0.22163500
vt 0.36163400 0.18930900
vt 0.41042200 0.08348200
vt 0.16025800 0.29504200
vt 0.44982800 0.83637000
vt 0.54852100 0.09109300
vt 0.35341000 0.19747100
vt 0.37784100 0.13420800
vt 0.32639400 0.23612300
vt 0.54166600 0.08818600
vt 0.22880800 0.29470100
vt 0.65039600 0.13039400
vt 0.32752300 0.23839400
vt 0.15635600 0.29282100
vt 0.65107700 0.10116200
vt 0.20790900 0.29579600
vt 0.44656400 0.84349100
vt 0.16142100 0.29261000
vt 0.20230700 0.29680500
vt 0.39866700 0.11368000
vt 0.34392400 0.21440900
vt 0.18900500 0.29382700
vt 0.21888700 0.29553600
vt 0.44760300 0.83672600
vt 0.23632900 0.29620900
vt 0.49681100 0.09671800
vt 0.40381800 0.10555200
vt 0.50847300 0.09657400
vt 0.38510100 0.14244200
vt 0.50327300 0.09275400
vt 0.24398400 0.28983800
vt 0.33154900 0.23248500
vt 0.34664600 0.21307500
vt 0.51691400 0.09381200
vt 0.34259200 0.21617200
vt 0.15971800 0.29324200
vt 0.64906000 0.14616100
vt 0.33531000 0.22916100
vt 0.17189400 0.29145600
vt 0.33142800 0.23769300
vt 0.54959900 0.08637200
vt 0.34024300 0.22335700
vt 0.18582400 0.29686000
vt 0.34229500 0.21834600
vt 0.40857400 0.09743600
vt 0.58243700 0.08390100
vt 0.43805400 0.86427900
vt 0.53020200 0.08955600
vt 0.40758600 0.08978700
vt 0.43721600 0.85354300
vt 0.52293500 0.09158900
vt 0.34792700 0.20977000
vt 0.63427300 0.08399600
vt 0.45313200 0.82739900
vt 0.36692900 0.18744200
vt 0.37322600 0.16242300
vt 0.64492000 0.16227600
vt 0.42412900 0.07547200
vt 0.63882800 0.08773900
vt 0.15689300 0.29119300
vt 0.32859400 0.24004900
vt 0.34468900 0.21709200
vt 0.16997000 0.29289000
vt 0.64191000 0.09531400
vt 0.65391400 0.14608600
vt 0.43319000 0.85358000
vt 0.33900700 0.22699600
vt 0.22257800 0.29279800
vt 0.34216700 0.22035800
vt 0.33497900 0.23344800
vt 0.34714900 0.21527900
vt 0.51077200 0.09179500
vt 0.43915000 0.84725800
vt 0.23653700 0.28950700
vt 0.16909000 0.28923800
vt 0.17946000 0.29088400
vt 0.16038400 0.28821500
vt 0.37025500 0.17137300
vt 0.17621700 0.28863400
vt 0.34145100 0.22496000
vt 0.64799200 0.15841600
vt 0.42633800 0.06814400
vt 0.44233300 0.83748300
vt 0.34521300 0.21942200
vt 0.65292000 0.12407000
vt 0.33874400 0.23125200
vt 0.34679100 0.21709300
vt 0.35007400 0.21202800
vt 0.33304300 0.23967100
vt 0.53669800 0.08526400
vt 0.40232400 0.88465900
vt 0.34212600 0.22816600
vt 0.35290900 0.20848400
vt 0.25203200 0.28650200
vt 0.51676600 0.08857700
vt 0.65368500 0.14150200
vt 0.22552600 0.28830500
vt 0.34882500 0.21580200
vt 0.52973900 0.08493200
vt 0.39599700 0.88718000
vt 0.42937500 0.85711600
vt 0.16484300 0.29070000
vt 0.64141800 0.16532000
vt 0.42093200 0.08048200
vt 0.34632900 0.22756200
vt 0.33553600 0.23693800
vt 0.37679300 0.14864900
vt 0.40042500 0.12109900
vt 0.18358600 0.28627800
vt 0.35391200 0.21181100
vt 0.37698600 0.15815900
vt 0.65683300 0.11052300
vt 0.36646800 0.17770000
vt 0.34812400 0.22028600
vt 0.54934700 0.08272600
vt 0.41006600 0.87691900
vt 0.19730400 0.29070600
vt 0.65385500 0.15328800
vt 0.35273800 0.21408800
vt 0.40603700 0.11827300
vt 0.52390000 0.08682900
vt 0.41701400 0.87163600
vt 0.55942700 0.08148900
vt 0.65670500 0.13183200
vt 0.33482500 0.24514700
vt 0.17086000 0.28773300
vt 0.41769900 0.08547500
vt 0.34201800 0.23335800
vt 0.33458200 0.24203800
vt 0.15623500 0.28724300
vt 0.33173900 0.24316200
vt 0.64068400 0.08325200
vt 0.44776600 0.81989300
vt 0.38073100 0.16485300
vt 0.65270400 0.15866200
vt 0.43133600 0.07079600
vt 0.16228800 0.28561700
vt 0.64447700 0.09037600
vt 0.65526500 0.10534300
vt 0.41817100 0.09477100
vt 0.33896100 0.24434300
vt 0.33685700 0.24003700
vt 0.16790900 0.28729800
vt 0.33895100 0.23818100
vt 0.36154500 0.20551100
vt 0.65946900 0.12140100
vt 0.23106900 0.28774100
vt 0.38782200 0.15173000
vt 0.16720500 0.28498400
vt 0.39505500 0.12895600
vt 0.39500800 0.88102700
vt 0.53380800 0.07966600
vt 0.34531600 0.23311700
vt 0.44940800 0.82604800
vt 0.39518300 0.14578600
vt 0.21158300 0.29123400
vt 0.39055100 0.13615100
vt 0.40951200 0.11206100
vt 0.44431100 0.82325200
vt 0.43246500 0.84337800
vt 0.65871200 0.13643100
vt 0.33936000 0.24104900
vt 0.33389500 0.24714300
vt 0.15805700 0.28482100
vt 0.40408500 0.87776500
vt 0.54366600 0.08079000
vt 0.38590900 0.15822100
vt 0.64470400 0.08719400
vt 0.17016100 0.28543800
vt 0.21863600 0.28962600
vt 0.34023300 0.23603700
vt 0.35148100 0.21792800
vt 0.34254900 0.23740100
vt 0.16053800 0.28335400
vt 0.19862200 0.28579000
vt 0.42670400 0.85315600
vt 0.33642900 0.24787700
vt 0.34885600 0.22422700
vt 0.17253100 0.28678400
vt 0.51352400 0.08663300
vt 0.25123000 0.28322800
vt 0.19095300 0.28854600
vt 0.16125000 0.28057700
vt 0.33715600 0.25303200
vt 0.16578400 0.28208200
vt 0.37784900 0.17853400
vt 0.19539300 0.28177300
vt 0.35833500 0.21539000
vt 0.34430800 0.24177500
vt 0.35295200 0.22356100
vt 0.65926600 0.10056200
vt 0.20554700 0.28531300
vt 0.66367400 0.10270000
vt 0.35491100 0.21748300
vt 0.36544700 0.19635400
vt 0.36382500 0.20082400
vt 0.17032500 0.28308300
vt 0.34990800 0.22818700
vt 0.44159400 0.82930400
vt 0.43209500 0.07347800
vt 0.17506400 0.28444500
vt 0.40802900 0.86832100
vt 0.22734500 0.28390500
vt 0.38220300 0.17550500
vt 0.65015700 0.09148000
vt 0.16297100 0.28169000
vt 0.34689100 0.23669200
vt 0.33854600 0.25103700
vt 0.66321000 0.11123100
vt 0.43470200 0.82378000
vt 0.17171200 0.28212600
vt 0.44503700 0.81700500
vt 0.64370300 0.08285200
vt 0.34239300 0.24308600
vt 0.42396900 0.84981100
vt 0.35624600 0.21627100
vt 0.33976300 0.24896800
vt 0.34829700 0.23355700
vt 0.65449400 0.09523100
vt 0.34199100 0.24571200
vt 0.50678400 0.08607000
vt 0.24786600 0.28137200
vt 0.39712700 0.14152100
vt 0.17001600 0.28063700
vt 0.18303300 0.28115500
vt 0.52657600 0.08088700
vt 0.38987700 0.88506400
vt 0.24055500 0.28042800
vt 0.66537800 0.12845100
vt 0.38159200 0.16912500
vt 0.41565800 0.09980300
vt 0.35266200 0.22849300
vt 0.43422000 0.08206100
vt 0.35461700 0.22072700
vt 0.65744700 0.09689400
vt 0.42848300 0.09431600
vt 0.17259800 0.28107600
vt 0.34636000 0.24242900
vt 0.64935400 0.16758100
vt 0.42927300 0.08416700
vt 0.52145500 0.08293900
vt 0.38715600 0.88889500
vt 0.25633900 0.28021600
vt 0.23587100 0.28269700
vt 0.16362100 0.27925800
vt 0.34911300 0.23894400
vt 0.39167400 0.87862400
vt 0.42572800 0.84239900
vt 0.34363000 0.24875500
vt 0.39818200 0.87594300
vt 0.54037000 0.07696800
vt 0.17287000 0.27917100
vt 0.36090800 0.21615100
vt 0.34000300 0.25429900
vt 0.16063500 0.27794100
vt 0.42467900 0.09665800
vt 0.35882000 0.22072600
vt 0.23007500 0.28064000
vt 0.21458100 0.27985600
vt 0.38673900 0.16300700
vt 0.41825500 0.10510700
vt 0.20191300 0.27994200
vt 0.40237800 0.13416800
vt 0.50256500 0.08674500
vt 0.24476700 0.28184400
vt 0.35189200 0.23181100
vt 0.16233500 0.27496500
vt 0.34243300 0.25750000
vt 0.41755600 0.85921300
vt 0.40943500 0.12600100
vt 0.41652600 0.11097700
vt 0.65075800 0.08527900
vt 0.17418600 0.27912800
vt 0.37528900 0.19392100
vt 0.16575800 0.27786600
vt 0.35407100 0.23219500
vt 0.34888000 0.24192900
vt 0.38277400 0.88495100
vt 0.25997700 0.27599100
vt 0.17735200 0.28171900
vt 0.35608400 0.22857600
vt 0.35754400 0.22625500
vt 0.40075500 0.86989100
vt 0.39434800 0.15195700
vt 0.66713400 0.13424900
vt 0.34214500 0.25175900
vt 0.66001300 0.14696900
vt 0.66424400 0.15028800
vt 0.40168900 0.14128500
vt 0.18160800 0.27621200
vt 0.35336000 0.23437000
vt 0.21987200 0.27900500
vt 0.35111700 0.24305000
vt 0.34780100 0.24716800
vt 0.36087500 0.21077800
vt 0.35130600 0.23672700
vt 0.36316300 0.21816100
vt 0.66148200 0.14171100
vt 0.35509400 0.23565700
vt 0.43548700 0.83396100
vt 0.66772000 0.12088400
vt 0.66407100 0.09650100
vt 0.36235300 0.22058100
vt 0.36097900 0.22547600
vt 0.35938100 0.22788500
vt 0.17256000 0.27322000
vt 0.43657500 0.09292200
vt 0.43876300 0.81679400
vt 0.39396800 0.16322200
vt 0.66575800 0.09967100
vt 0.16363000 0.27276000
vt 0.37834600 0.18754400
vt 0.18738900 0.27630500
vt 0.19033200 0.27342200
vt 0.23974200 0.27581900
vt 0.16610400 0.27441100
vt 0.16070200 0.27208500
vt 0.66885000 0.11314800
vt 0.66686600 0.10397300
vt 0.35341800 0.24235400
vt 0.40143800 0.15133300
vt 0.42172000 0.11587900
vt 0.43643200 0.81249100
vt 0.65164600 0.08067900
vt 0.17144900 0.27608400
vt 0.16658900 0.27213400
vt 0.15726800 0.27355100
vt 0.34555300 0.25540300
vt 0.42326500 0.10570500
vt 0.34942900 0.25023000
vt 0.42033300 0.84385200
vt 0.34923800 0.25627900
vt 0.15789800 0.27019500
vt 0.16930800 0.27568300
vt 0.65008400 0.08192800
vt 0.43854400 0.81237000
vt 0.39264400 0.17235900
vt 0.65653200 0.09139700
vt 0.44106200 0.80264500
vt 0.38976200 0.87466700
vt 0.22496200 0.27563700
vt 0.36272500 0.22268200
vt 0.41654200 0.12143700
vt 0.35745700 0.23204900
vt 0.66268900 0.15577900
vt 0.66993400 0.15974500
vt 0.44558000 0.08296600
vt 0.35067100 0.25331800
vt 0.37813900 0.87868500
vt 0.26630800 0.27100200
vt 0.35169500 0.24819100
vt 0.38401400 0.20001900
vt 0.42759200 0.83446300
vt 0.25417400 0.27336100
vt 0.40256700 0.86426300
vt 0.35884300 0.23818100
vt 0.36022900 0.23566900
vt 0.40863200 0.13678600
vt 0.37426400 0.20351900
vt 0.17733700 0.27134800
vt 0.16063200 0.26894200
vt 0.36616400 0.21742400
vt 0.66652300 0.14485600
vt 0.37034100 0.22065000
vt 0.41864800 0.83822600
vt 0.67156200 0.13318800
vt 0.65701900 0.08663900
vt 0.43672200 0.80554200
vt 0.17473900 0.27009600
vt 0.23418700 0.27499200
vt 0.41042300 0.84958600
vt 0.41541900 0.85020700
vt 0.42637100 0.11260300
vt 0.38601900 0.18678900
vt 0.35571100 0.24506700
vt 0.36101200 0.23171800
vt 0.24557000 0.27294000
vt 0.36369100 0.22866700
vt 0.67641000 0.12177000
vt 0.21005100 0.27202400
vt 0.38709000 0.87361200
vt 0.44197000 0.08299500
vt 0.36866200 0.22492000
vt 0.66971500 0.15018700
vt 0.15855400 0.26715500
vt 0.35242900 0.25667100
vt 0.42478100 0.81700500
vt 0.39238500 0.17953700
vt 0.25133800 0.26705800
vt 0.40752900 0.86134200
vt 0.67150900 0.09724200
vt 0.43109700 0.78244100
vt 0.43557500 0.10775600
vt 0.16498200 0.26821100
vt 0.38431400 0.87833600
vt 0.40099000 0.15901500
vt 0.20496800 0.27308000
vt 0.41381300 0.13238600
vt 0.36692000 0.22178600
vt 0.38734700 0.19660900
vt 0.19927800 0.27097200
vt 0.35955700 0.24241800
vt 0.39559400 0.86499500
vt 0.43919300 0.09936200
vt 0.43243500 0.80867900
vt 0.23672500 0.26859900
vt 0.36930400 0.22350500
vt 0.22992100 0.27027000
vt 0.39626300 0.85942200
vt 0.35701300 0.24993200
vt 0.41924600 0.12803600
vt 0.16877500 0.26969800
vt 0.37900200 0.20083500
vt 0.19550000 0.27018100
vt 0.35328600 0.25324800
vt 0.35794200 0.25315200
vt 0.36329900 0.23904000
vt 0.25355300 0.26314400
vt 0.17242800 0.26862900
vt 0.42247900 0.82736800
vt 0.42673600 0.82330900
vt 0.37335300 0.22205500
vt 0.40719200 0.15042300
vt 0.41081800 0.14483300
vt 0.67343200 0.10363800
vt 0.42949300 0.81725100
vt 0.36294800 0.24655600
vt 0.37051600 0.20820700
vt 0.35628000 0.25675900
vt 0.15717600 0.26373300
vt 0.36015800 0.24821500
vt 0.24305500 0.26717200
vt 0.43328500 0.81397800
vt 0.18386400 0.26954200
vt 0.66990500 0.15548300
vt 0.67106500 0.14382900
vt 0.16252700 0.26519800
vt 0.43269400 0.81073000
vt 0.40583100 0.85341600
vt 0.39873700 0.85279800
vt 0.38148100 0.21015200
vt 0.42708900 0.13498800
vt 0.43154800 0.12561400
vt 0.16749900 0.26595800
vt 0.43202800 0.80451700
vt 0.67125400 0.11033100
vt 0.36963500 0.23093900
vt 0.42833400 0.81070200
vt 0.22498600 0.26585700
vt 0.40595400 0.16790200
vt 0.36661100 0.23440600
vt 0.38765500 0.86699600
vt 0.39981400 0.16883300
vt 0.44398200 0.09408100
vt 0.37247200 0.22597000
vt 0.21882500 0.27247900
vt 0.42413400 0.12283200
vt 0.39178600 0.18900900
vt 0.17162700 0.26415800
vt 0.43315900 0.79825300
vt 0.66366000 0.09055700
vt 0.41881600 0.14027800
vt 0.40990400 0.16093000
vt 0.17830500 0.26349400
vt 0.21372600 0.26728000
vt 0.37348200 0.87488900
vt 0.37682500 0.21687200
vt 0.36738800 0.24699500
vt 0.15902900 0.26291500
vt 0.42961600 0.11110500
vt 0.40209400 0.18029500
vt 0.39330000 0.21203900
vt 0.16599600 0.26196100
vt 0.67956600 0.10431900
vt 0.42595800 0.77105800
vt 0.20635400 0.26427400
vt 0.37419800 0.22484500
vt 0.42635500 0.13099500
vt 0.16128900 0.26343400
vt 0.44401300 0.10235700
vt 0.38098500 0.86807100
vt 0.26106200 0.26616900
vt 0.37239700 0.87994100
vt 0.18544500 0.26550000
vt 0.23964900 0.26089200
vt 0.37058900 0.23495600
vt 0.42714400 0.79237400
vt 0.21852700 0.26241000
vt 0.67793800 0.13533400
vt 0.15633400 0.25763500
vt 0.36284100 0.25877500
vt 0.17450500 0.26290900
vt 0.19104600 0.26396200
vt 0.37643300 0.22393400
vt 0.67544000 0.14518700
vt 0.36738600 0.23993200
vt 0.23019500 0.26113500
vt 0.67348600 0.15724600
vt 0.36333500 0.25120800
vt 0.41827400 0.81591400
vt 0.16107400 0.25937400
vt 0.44967600 0.08838400
vt 0.43893100 0.11650900
vt 0.42659000 0.78082100
vt 0.68264400 0.11700200
vt 0.42307500 0.75656800
vt 0.37497800 0.22768500
vt 0.24799200 0.26014900
vt 0.23317600 0.26371000
vt 0.42601100 0.79851300
vt 0.68004700 0.14180600
vt 0.42170500 0.77607300
vt 0.41275900 0.83505800
vt 0.37481500 0.23332700
vt 0.41761700 0.14859500
vt 0.37382800 0.23086400
vt 0.44935100 0.09439600
vt 0.17766500 0.26078100
vt 0.24583900 0.25737700
vt 0.38610000 0.86035900
vt 0.68305600 0.12901900
vt 0.41726500 0.82481000
vt 0.18864000 0.26077000
vt 0.39387400 0.85415900
vt 0.41407000 0.15455600
vt 0.22191900 0.25774700
vt 0.37905700 0.87258800
vt 0.37816300 0.22738600
vt 0.42771400 0.80814000
vt 0.38929100 0.21535900
vt 0.43401600 0.13089900
vt 0.39835700 0.18855200
vt 0.42619800 0.81358500
vt 0.37988100 0.23057400
vt 0.16497000 0.25734000
vt 0.37996400 0.22470700
vt 0.17178500 0.25992500
vt 0.44834400 0.11025100
vt 0.43225700 0.12106300
vt 0.39104900 0.84919300
vt 0.41783600 0.16232900
vt 0.68035600 0.14959500
vt 0.38010900 0.85863200
vt 0.42114600 0.15709100
vt 0.45588700 0.10380200
vt 0.17625000 0.25427200
vt 0.16748400 0.25299300
vt 0.23321800 0.25670200
vt 0.16335400 0.24967600
vt 0.68299000 0.13590900
vt 0.20785200 0.25903300
vt 0.40156800 0.84620800
vt 0.17108500 0.25372400
vt 0.37303000 0.25371400
vt 0.40786800 0.17505500
vt 0.37408600 0.23931000
vt 0.36405100 0.87560400
vt 0.37746300 0.23082200
vt 0.43221100 0.13891500
vt 0.42062500 0.79488100
vt 0.20025600 0.25918000
vt 0.68226700 0.14790100
vt 0.15728200 0.25243900
vt 0.36845400 0.26245900
vt 0.37618900 0.24510200
vt 0.19421400 0.25589600
vt 0.42102200 0.81185000
vt 0.68023300 0.15273800
vt 0.18224700 0.25700100
vt 0.45758500 0.09118800
vt 0.68224000 0.15653100
vt 0.46007600 0.09066500
vt 0.40473100 0.84086500
vt 0.37667600 0.23708300
vt 0.36778200 0.25784700
vt 0.45797200 0.09959700
vt 0.36326400 0.87276000
vt 0.23679900 0.25236800
vt 0.17311500 0.25591300
vt 0.68607000 0.10750500
vt 0.42174400 0.76709100
vt 0.39710100 0.20607100
vt 0.38187600 0.22474100
vt 0.42031100 0.80682700
vt 0.38639300 0.21805800
vt 0.37630800 0.25282800
vt 0.37296300 0.24847500
vt 0.44547300 0.11977400
vt 0.37888600 0.23970300
vt 0.44169100 0.12602900
vt 0.42154400 0.78637200
vt 0.38325000 0.85363400
vt 0.40915100 0.82816300
vt 0.40788300 0.18913800
vt 0.40120100 0.83483700
vt 0.68552400 0.14300100
vt 0.42705200 0.14363500
vt 0.38052700 0.23505700
vt 0.41301700 0.18238900
vt 0.38332600 0.23105700
vt 0.25322900 0.25516900
vt 0.36184800 0.87863700
vt 0.37664000 0.86605300
vt 0.19133200 0.24831700
vt 0.37360000 0.26025600
vt 0.42292900 0.80613300
vt 0.68901500 0.12422000
vt 0.41340200 0.75253100
vt 0.17677300 0.24811100
vt 0.21452300 0.25093500
vt 0.18246400 0.25192200
vt 0.37775300 0.24782100
vt 0.17278700 0.25147100
vt 0.38339700 0.23697100
vt 0.41564900 0.75726800
vt 0.69151900 0.11644500
vt 0.46137900 0.09477600
vt 0.41904300 0.17124700
vt 0.20068400 0.25297200
vt 0.22665300 0.24916400
vt 0.35701300 0.87637100
vt 0.25169100 0.24939900
vt 0.18692000 0.25143900
vt 0.38300000 0.23320200
vt 0.37201000 0.25643300
vt 0.38591600 0.23297100
vt 0.22204000 0.25081400
vt 0.46406800 0.09253200
vt 0.68551000 0.15595100
vt 0.38771300 0.22925800
vt 0.16786400 0.24561000
vt 0.41464800 0.77463900
vt 0.40143200 0.20047100
vt 0.68727100 0.13677000
vt 0.37405900 0.26326000
vt 0.15677900 0.24749600
vt 0.36816300 0.86897600
vt 0.41947300 0.80152600
vt 0.41944800 0.78868100
vt 0.38300200 0.24172800
vt 0.44157300 0.13919900
vt 0.20947900 0.25285000
vt 0.17294700 0.24724600
vt 0.45434500 0.10973400
vt 0.24031200 0.24350400
vt 0.15711900 0.24358300
vt 0.45934200 0.10912600
vt 0.39505900 0.22148700
vt 0.40937800 0.20188900
vt 0.39204500 0.83834600
vt 0.37483700 0.85655300
vt 0.17194900 0.24679200
vt 0.38045000 0.24964000
vt 0.38904500 0.22773100
vt 0.16296400 0.24689700
vt 0.42775100 0.15981500
vt 0.40016800 0.82523800
vt 0.24259000 0.25245200
vt 0.37535600 0.86187200
vt 0.38045600 0.25625900
vt 0.43083400 0.16710700
vt 0.38719400 0.84331500
vt 0.37619400 0.85283300
vt 0.35766400 0.87128500
vt 0.41644700 0.77180600
vt 0.68924300 0.13882700
vt 0.40232500 0.74478700
vt 0.41017800 0.80748000
vt 0.40809800 0.19599600
vt 0.44699100 0.13017400
vt 0.41553300 0.78192600
vt 0.41652500 0.80185300
vt 0.40981500 0.81229700
vt 0.45192800 0.12730100
vt 0.41549400 0.76442100
vt 0.46636900 0.09681500
vt 0.46421100 0.10288600
vt 0.43889900 0.14291900
vt 0.42880600 0.15054300
vt 0.37953100 0.26153600
vt 0.15459500 0.24256100
vt 0.42047600 0.18712400
vt 0.38293200 0.24794200
vt 0.15471700 0.23915500
vt 0.41720400 0.80811800
vt 0.38739900 0.24615600
vt 0.68970300 0.14977000
vt 0.46780100 0.08837500
vt 0.38267900 0.84888800
vt 0.42230800 0.17830700
vt 0.38624200 0.24866100
vt 0.38327100 0.25193200
vt 0.36261300 0.86680900
vt 0.21058700 0.24740700
vt 0.19440600 0.24330200
vt 0.46822900 0.09188000
vt 0.15713800 0.24047000
vt 0.39025000 0.23526200
vt 0.36898300 0.85978400
vt 0.41401700 0.19370000
vt 0.41503100 0.81110100
vt 0.40542700 0.21802800
vt 0.39687900 0.74129000
vt 0.47152300 0.08721100
vt 0.69184500 0.14703100
vt 0.38844000 0.23882000
vt 0.40063300 0.75482200
vt 0.41426000 0.79270500
vt 0.69209100 0.13329100
vt 0.40243200 0.74851700
vt 0.41049200 0.80459600
vt 0.46082100 0.11757600
vt 0.17203900 0.24182900
vt 0.38572600 0.25663700
vt 0.41519100 0.80026300
vt 0.40883400 0.81811700
vt 0.24621300 0.24925000
vt 0.47712400 0.10076400
vt 0.42928800 0.17456100
vt 0.18093900 0.24180900
vt 0.24959700 0.24392800
vt 0.35198100 0.87499500
vt 0.18462800 0.24448000
vt 0.16365800 0.24228300
vt 0.45457200 0.12151900
vt 0.47225100 0.09524700
vt 0.40718700 0.75826500
vt 0.41177400 0.77098300
vt 0.41078300 0.76375800
vt 0.38741000 0.25164500
vt 0.44694300 0.13614200
vt 0.17668600 0.24367400
vt 0.15680100 0.23809600
vt 0.39108700 0.24058400
vt 0.41229000 0.79548100
vt 0.35485600 0.86954600
vt 0.38988300 0.25402400
vt 0.43545200 0.15779000
vt 0.37682400 0.84759700
vt 0.38872000 0.24379600
vt 0.23243000 0.24683000
vt 0.22335100 0.24481800
vt 0.37054200 0.85269300
vt 0.18806400 0.24251200
vt 0.39156700 0.23300000
vt 0.17037600 0.24029700
vt 0.15516300 0.23556400
vt 0.39032400 0.25012500
vt 0.40925200 0.21192900
vt 0.39839500 0.74614800
vt 0.41112400 0.79772800
vt 0.36428100 0.86320100
vt 0.46514100 0.10704100
vt 0.15808800 0.23701700
vt 0.21341800 0.24335400
vt 0.21891900 0.24108000
vt 0.45307000 0.13709600
vt 0.43772500 0.15088100
vt 0.40685900 0.81338300
vt 0.16247200 0.23821100
vt 0.39417800 0.23862100
vt 0.39610600 0.23357900
vt 0.39920100 0.81683200
vt 0.22854900 0.24408800
vt 0.16788300 0.23801100
vt 0.39249100 0.82116300
vt 0.20830900 0.23997300
vt 0.38328000 0.83806800
vt 0.40621200 0.76902700
vt 0.38762700 0.82339600
vt 0.41051300 0.78124400
vt 0.39203500 0.25943100
vt 0.15283500 0.23074700
vt 0.15641300 0.23405100
vt 0.44174800 0.14856000
vt 0.46666300 0.11575400
vt 0.23351300 0.23846000
vt 0.20246000 0.24260900
vt 0.39360800 0.24549700
vt 0.47414400 0.09722400
vt 0.42353800 0.19096900
vt 0.40306000 0.23215100
vt 0.24508400 0.24129200
vt 0.22950600 0.23928200
vt 0.19845200 0.23673800
vt 0.40201300 0.76691700
vt 0.39358700 0.25592800
vt 0.44429600 0.15270000
vt 0.40408700 0.77349800
vt 0.18147200 0.23553100
vt 0.39485400 0.23575800
vt 0.16913400 0.23777300
vt 0.38922800 0.83032400
vt 0.43529700 0.16529200
vt 0.46025900 0.12726300
vt 0.36608100 0.85469600
vt 0.15929800 0.23259100
vt 0.35682800 0.86339800
vt 0.16314500 0.23472400
vt 0.17728700 0.23907700
vt 0.39562200 0.24421900
vt 0.39142100 0.74544700
vt 0.48127100 0.08665100
vt 0.21608200 0.23747300
vt 0.17322100 0.23904000
vt 0.17191700 0.23617800
vt 0.34703900 0.87289800
vt 0.24799100 0.23807800
vt 0.39828500 0.24928300
vt 0.41339900 0.20778700
vt 0.36950100 0.84616500
vt 0.47637600 0.08965400
vt 0.39373000 0.75069900
vt 0.39532400 0.25103500
vt 0.43300000 0.17309100
vt 0.35815600 0.85959100
vt 0.43860600 0.16448600
vt 0.47866600 0.09353800
vt 0.39636200 0.23940600
vt 0.39721800 0.26165900
vt 0.15464100 0.22759200
vt 0.42695200 0.18428200
vt 0.39943300 0.75865600
vt 0.44830100 0.14490000
vt 0.36348400 0.85867300
vt 0.40687200 0.78692900
vt 0.40172800 0.80645700
vt 0.42991800 0.18441700
vt 0.19132600 0.23761500
vt 0.24057000 0.23589900
vt 0.40112000 0.81168700
vt 0.39874700 0.23778500
vt 0.20272200 0.23309000
vt 0.39594600 0.25411000
vt 0.37859700 0.83867800
vt 0.42790700 0.19426200
vt 0.42077800 0.19733000
vt 0.45616100 0.13047400
vt 0.43568900 0.18205200
vt 0.40410500 0.80140300
vt 0.43205700 0.17802000
vt 0.34866800 0.86656200
vt 0.48583600 0.08811400
vt 0.38845800 0.74718500
vt 0.44284900 0.16449600
vt 0.41532600 0.22410300
vt 0.15778900 0.22921000
vt 0.16865200 0.23329100
vt 0.39683600 0.24302700
vt 0.39758900 0.76155100
vt 0.40645700 0.79761400
vt 0.17615300 0.23391400
vt 0.40639800 0.79557200
vt 0.23340600 0.23137400
vt 0.99064400 0.88275500
vt 0.53217900 0.02004200
vt 0.40156100 0.23660000
vt 0.22509600 0.23552200
vt 0.20861900 0.23531600
vt 0.39815300 0.77458600
vt 0.16440400 0.23142600
vt 0.17184900 0.23360200
vt 0.42793700 0.19752200
vt 0.36569800 0.84270200
vt 0.44615800 0.15751900
vt 0.39388300 0.81026600
vt 0.40568800 0.22737300
vt 0.40228200 0.24677600
vt 0.37166700 0.84246600
vt 0.43976600 0.17265300
vt 0.45039600 0.15108000
vt 0.40391500 0.79381500
vt 0.40019300 0.25537700
vt 0.40005500 0.24057900
vt 0.45533100 0.14473300
vt 0.21549900 0.23391600
vt 0.35593200 0.85592000
vt 0.18560200 0.23422500
vt 0.22623100 0.23126300
vt 0.48053100 0.09837100
vt 0.45820400 0.13998400
vt 0.42589300 0.20180300
vt 0.43288000 0.18837200
vt 0.39362500 0.75466600
vt 0.40145100 0.24169300
vt 0.48230700 0.09239900
vt 0.39206700 0.81488900
vt 0.47592000 0.10270400
vt 0.19754400 0.23408700
vt 0.44920100 0.16189000
vt 0.15546500 0.22323800
vt 0.40286000 0.26152000
vt 0.24222200 0.23341200
vt 0.34201000 0.87548700
vt 0.43919100 0.18541800
vt 0.16640800 0.22714800
vt 0.17265200 0.22891800
vt 0.39817700 0.80803400
vt 0.45615300 0.15219600
vt 0.37593300 0.83348300
vt 0.40310300 0.25675700
vt 0.20805800 0.23065700
vt 0.47037700 0.11179500
vt 0.19052800 0.23281000
vt 0.46673000 0.12167100
vt 0.40931400 0.23421600
vt 0.16068300 0.22845300
vt 0.35933600 0.85466000
vt 0.35073800 0.86218100
vt 0.45762600 0.14826400
vt 0.23931800 0.23214500
vt 0.34020600 0.87752700
vt 0.98612800 0.88246000
vt 0.46420300 0.13486400
vt 0.44168900 0.17632500
vt 0.43153000 0.19698300
vt 0.21327200 0.23041100
vt 0.43256700 0.19253100
vt 0.35922600 0.85038700
vt 0.38736100 0.75215500
vt 0.44429400 0.16965300
vt 0.40188400 0.25217300
vt 0.22868500 0.22982700
vt 0.53712100 0.01990600
vt 0.47564200 0.11010400
vt 0.34397800 0.86808600
vt 0.97546900 0.88268800
vt 0.46397700 0.14747700
vt 0.44660800 0.17406800
vt 0.48562100 0.09422000
vt 0.36101700 0.84646300
vt 0.40227800 0.79447000
vt 0.45030100 0.16650800
vt 0.46405700 0.15073800
vt 0.40619100 0.25008000
vt 0.47398700 0.16158400
vt 0.42688300 0.20609300
vt 0.46075400 0.14218600
vt 0.40319900 0.24981600
vt 0.40514200 0.25354300
vt 0.40539800 0.24225000
vt 0.45455400 0.16062000
vt 0.40090100 0.79958800
vt 0.17930400 0.23107600
vt 0.35204100 0.85850400
vt 0.40209400 0.78608600
vt 0.20096400 0.22807700
vt 0.43713100 0.18885500
vt 0.38839000 0.75860500
vt 0.43855100 0.19785900
vt 0.43301700 0.19917200
vt 0.41932400 0.21743800
vt 0.16383800 0.22635400
vt 0.44871700 0.17756600
vt 0.37905300 0.82728800
vt 0.16088100 0.22465900
vt 0.48369200 0.09584600
vt 0.40429700 0.25153400
vt 0.37115700 0.83302600
vt 0.46495000 0.14949200
vt 0.15924300 0.22200200
vt 0.39145500 0.76301900
vt 0.36759700 0.83438500
vt 0.45301600 0.17226900
vt 0.44160600 0.19693800
vt 0.45281700 0.17668100
vt 0.43842500 0.19359500
vt 0.44071800 0.19258100
vt 0.45008300 0.17456500
vt 0.39754000 0.80456200
vt 0.46523300 0.17594900
vt 0.40727400 0.23913300
vt 0.17541500 0.22965500
vt 0.18353600 0.22751500
vt 0.46724000 0.14563400
vt 0.44399300 0.18989600
vt 0.46631200 0.16635700
vt 0.45460000 0.19084200
vt 0.46989100 0.17272100
vt 0.46522700 0.16103100
vt 0.46794400 0.17376800
vt 0.48213500 0.10166600
vt 0.46503000 0.15675000
vt 0.21971300 0.22952400
vt 0.40131200 0.79129300
vt 0.34623100 0.86370900
vt 0.46221300 0.17379200
vt 0.47351600 0.15937100
vt 0.44287500 0.19536900
vt 0.46259800 0.17937200
vt 0.45483900 0.16940200
vt 0.45895500 0.17942200
vt 0.47340000 0.16441200
vt 0.46784000 0.15250200
vt 0.46060200 0.18955600
vt 0.46580800 0.16420800
vt 0.41610800 0.22942600
vt 0.44593200 0.19313500
vt 0.47034100 0.16971900
vt 0.45621000 0.18144700
vt 0.40946300 0.23766200
vt 0.46976600 0.17539700
vt 0.47266600 0.17075200
vt 0.45107400 0.19861700
vt 0.46753000 0.15666400
vt 0.39681200 0.76817300
vt 0.39518500 0.79788800
vt 0.45793800 0.18608600
vt 0.47482800 0.16368800
vt 0.98638100 0.88483300
vt 0.42230300 0.20741100
vt 0.47384000 0.15737500
vt 0.36637900 0.83724900
vt 0.44393800 0.19993500
vt 0.16796500 0.22570500
vt 0.45449200 0.19439400
vt 0.45571300 0.17736700
vt 0.46072000 0.16189500
vt 0.45064000 0.19247000
vt 0.45639900 0.19426600
vt 0.45698000 0.16411400
vt 0.44708500 0.18268600
vt 0.46253400 0.16044300
vt 0.45603600 0.17429800
vt 0.46199800 0.15570000
vt 0.46340000 0.17075400
vt 0.43205800 0.20243600
vt 0.34429700 0.86126500
vt 0.46855400 0.16568900
vt 0.44512200 0.19757500
vt 0.46658300 0.18158800
vt 0.19271300 0.22688200
vt 0.98257900 0.88555700
vt 0.40740400 0.25234400
vt 0.45925700 0.19281800
vt 0.46551300 0.14009500
vt 0.46001100 0.18315800
vt 0.47167700 0.15639100
vt 0.45095500 0.19598400
vt 0.46540000 0.18698600
vt 0.45092700 0.18726800
vt 0.46944400 0.15497500
vt 0.35596400 0.85221600
vt 0.44582800 0.18632800
vt 0.46746400 0.17049500
vt 0.44813500 0.19599600
vt 0.45613400 0.19715200
vt 0.40782000 0.25887000
vt 0.45337300 0.18428500
vt 0.47325900 0.16798500
vt 0.45118400 0.18137900
vt 0.45756800 0.18967200
vt 0.46363100 0.16717300
vt 0.46857800 0.15811400
vt 0.46754300 0.16876900
vt 0.15744400 0.21845500
vt 0.40940000 0.26057300
vt 0.47067900 0.18214700
vt 0.45993100 0.19804500
vt 0.36357700 0.84045800
vt 0.47464400 0.11842900
vt 0.45147800 0.19993900
vt 0.46254100 0.19377000
vt 0.41209200 0.23935100
vt 0.46803800 0.14901800
vt 0.47526400 0.15943800
vt 0.40669400 0.24683300
vt 0.53454100 0.02601300
vt 0.47580700 0.16832600
vt 0.15824700 0.21843100
vt 0.41005900 0.26143200
vt 0.41817100 0.22463100
vt 0.43835300 0.20116800
vt 0.47329800 0.15403600
vt 0.17979200 0.22571300
vt 0.47112400 0.13107600
vt 0.46995300 0.16238900
vt 0.47228100 0.17384800
vt 0.44663200 0.19699700
vt 0.46948500 0.17845100
vt 0.46750200 0.16129800
vt 0.47027900 0.15926400
vt 0.45438100 0.20330700
vt 0.38240500 0.75748600
vt 0.17059800 0.22501900
vt 0.44818000 0.20006200
vt 0.40937000 0.25618300
vt 0.47690500 0.16574100
vt 0.48057300 0.10979800
vt 0.44653300 0.20109200
vt 0.37749300 0.82150800
vt 0.33980900 0.85969100
vt 0.96823900 0.89138300
vt 0.47179100 0.15114000
vt 0.47923200 0.16597700
vt 0.47872800 0.16857100
vt 0.47177900 0.14805400
vt 0.35216300 0.85167700
vt 0.45825000 0.20004100
vt 0.47454100 0.17088800
vt 0.22103200 0.22549100
vt 0.38334400 0.75447700
vt 0.41263400 0.23497400
vt 0.45877700 0.20262700
vt 0.98740100 0.88916500
vt 0.53005800 0.02806900
vt 0.22466100 0.22489100
vt 0.54132300 0.02535300
vt 0.44855900 0.20261500
vt 0.47590800 0.15645700
vt 0.97733400 0.88828000
vt 0.47058000 0.14656200
vt 0.47048000 0.14866100
vt 0.42340600 0.22181800
vt 0.43041800 0.20339600
vt 0.20995200 0.22607400
vt 0.17603800 0.22516000
vt 0.40674400 0.24302800
vt 0.17225200 0.22610900
vt 0.97370500 0.88688400
vt 0.34210700 0.86415700
vt 0.20053500 0.22327900
vt 0.48818700 0.09952400
vt 0.15654800 0.21719700
vt 0.41204100 0.26028100
vt 0.41059100 0.24950300
vt 0.35625300 0.84753300
vt 0.45719700 0.20418100
vt 0.44456100 0.20426600
vt 0.47635400 0.17135100
vt 0.40961600 0.25834100
vt 0.39295600 0.80543700
vt 0.47110500 0.12752100
vt 0.46650700 0.19364500
vt 0.47404100 0.17620900
vt 0.41080400 0.24680600
vt 0.40879900 0.24490500
vt 0.41208200 0.25100000
vt 0.35904100 0.84196100
vt 0.47810700 0.16154800
vt 0.34582400 0.85861700
vt 0.44113900 0.20300400
vt 0.38235600 0.76309400
vt 0.48261300 0.16529300
vt 0.46175700 0.20060100
vt 0.17170900 0.22215200
vt 0.38275000 0.75113500
vt 0.49565400 0.09615300
vt 0.49284900 0.09524100
vt 0.38325300 0.74912600
vt 0.48941000 0.09534200
vt 0.48704900 0.10099400
vt 0.47971500 0.16257600
vt 0.48316500 0.16273100
vt 0.34882400 0.85550000
vt 0.47921700 0.11551600
vt 0.35819300 0.83810600
vt 0.39115800 0.80109700
vt 0.45472100 0.20786700
vt 0.47484700 0.15360100
vt 0.48055400 0.16830900
vt 0.42617900 0.21469000
vt 0.35385300 0.84635300
vt 0.39038300 0.77241800
vt 0.16879700 0.22197400
vt 0.98231300 0.89109300
vt 0.43109600 0.20984400
vt 0.47589300 0.15060000
vt 0.47518500 0.14757200
vt 0.44953900 0.20621700
vt 0.47167200 0.18626200
vt 0.47359400 0.14941900
vt 0.36089300 0.84002400
vt 0.41731300 0.23234300
vt 0.16580900 0.22228900
vt 0.39877500 0.79094100
vt 0.21371600 0.22245300
vt 0.46226100 0.20460100
vt 0.18208000 0.22345700
vt 0.16068900 0.21975600
vt 0.44327500 0.20729600
vt 0.45654700 0.20814100
vt 0.41481200 0.24687400
vt 0.39853400 0.78454300
vt 0.49109600 0.10051000
vt 0.41144800 0.25379900
vt 0.36439500 0.83578600
vt 0.41385900 0.25817600
vt 0.47792200 0.15187400
vt 0.47106800 0.14415800
vt 0.46926900 0.14315700
vt 0.48196700 0.15714700
vt 0.46698700 0.19739800
vt 0.46953600 0.19057900
vt 0.17709200 0.22276700
vt 0.37225800 0.82646800
vt 0.48547600 0.16218100
vt 0.48152200 0.15473100
vt 0.41550400 0.24940500
vt 0.41285700 0.24356900
vt 0.41565600 0.25356700
vt 0.48313300 0.16809300
vt 0.46737100 0.20477600
vt 0.48053800 0.17197200
vt 0.46524700 0.20184900
vt 0.46568400 0.20313600
vt 0.37802100 0.75383400
vt 0.50151200 0.10260700
vt 0.36034300 0.83666100
vt 0.47729000 0.15458700
vt 0.49715900 0.10022200
vt 0.44767300 0.20572700
vt 0.48107000 0.16922900
vt 0.47661700 0.18033800
vt 0.46921400 0.13693200
vt 0.47823300 0.17841400
vt 0.37969700 0.81265200
vt 0.41458200 0.24185300
vt 0.48421500 0.15619700
vt 0.47812500 0.17639400
vt 0.47055200 0.19373000
vt 0.41661500 0.25857100
vt 0.48531200 0.16456400
vt 0.38857700 0.76754700
vt 0.47350000 0.18535300
vt 0.49668100 0.10271700
vt 0.48136700 0.17295900
vt 0.46404800 0.20432900
vt 0.48430700 0.10515200
vt 0.47969300 0.15423600
vt 0.20659800 0.22151800
vt 0.98494500 0.89199100
vt 0.41866300 0.25662600
vt 0.42233700 0.22651500
vt 0.97306300 0.89221500
vt 0.46883200 0.19573500
vt 0.47016000 0.19505000
vt 0.34250800 0.85639500
vt 0.39554900 0.78988900
vt 0.47233600 0.14444400
vt 0.47951500 0.11903400
vt 0.47877600 0.15730600
vt 0.47845500 0.15894500
vt 0.53597300 0.03122100
vt 0.33714300 0.85867800
vt 0.41321500 0.25535100
vt 0.47065100 0.19302400
vt 0.35194500 0.84632800
vt 0.16393700 0.21521900
vt 0.47179600 0.19362600
vt 0.34862200 0.85015900
vt 0.34678500 0.85204900
vt 0.49488800 0.10251200
vt 0.17400200 0.22102400
vt 0.47410100 0.14560100
vt 0.46601300 0.20477700
vt 0.34075200 0.85181200
vt 0.41878900 0.24109600
vt 0.41625100 0.25151000
vt 0.48224800 0.17075900
vt 0.35719200 0.83765600
vt 0.47258700 0.13921100
vt 0.49113700 0.10272900
vt 0.17014300 0.21942500
vt 0.97545400 0.89661300
vt 0.46528500 0.20501200
vt 0.34297800 0.85407500
vt 0.48834600 0.10475800
vt 0.47839600 0.14903200
vt 0.47563000 0.14425900
vt 0.47917600 0.17929800
vt 0.45151000 0.20604300
vt 0.53241300 0.03300600
vt 0.98835700 0.89211800
vt 0.47857700 0.18104300
vt 0.47220300 0.14259500
vt 0.46905600 0.20450900
vt 0.98686100 0.90183400
vt 0.21017400 0.21793900
vt 0.48335200 0.11091400
vt 0.41677200 0.24422100
vt 0.48635200 0.15853100
vt 0.98231500 0.89526200
vt 0.33533600 0.85998800
vt 0.97038600 0.89512800
vt 0.97784900 0.89420700
vt 0.46539400 0.20413900
vt 0.47206900 0.19391100
vt 0.47508100 0.12370600
vt 0.39194100 0.77749900
vt 0.45995800 0.21093500
vt 0.47895200 0.17732400
vt 0.37595900 0.76167300
vt 0.50937100 0.11062000
vt 0.46654100 0.20585700
vt 0.41815100 0.23855600
vt 0.47129500 0.19481700
vt 0.45860500 0.20820900
vt 0.48735300 0.15631200
vt 0.35373300 0.84255300
vt 0.35227300 0.84322600
vt 0.35854800 0.83348600
vt 0.47018200 0.19779000
vt 0.46576600 0.20442200
vt 0.38491000 0.80780700
vt 0.97294300 0.89544700
vt 0.47206900 0.13211600
vt 0.98331300 0.89968700
vt 0.46834300 0.20006700
vt 0.47817400 0.14694100
vt 0.45347100 0.21136800
vt 0.47658800 0.12796700
vt 0.48760800 0.15904200
vt 0.46576300 0.20712300
vt 0.42266900 0.23105400
vt 0.42053500 0.24855100
vt 0.98431600 0.89667400
vt 0.47623300 0.18322700
vt 0.47245000 0.18768100
vt 0.47282800 0.19274900
vt 0.47992300 0.17561500
vt 0.47255200 0.19081000
vt 0.42635100 0.23417500
vt 0.17821900 0.21664000
vt 0.33496900 0.85830900
vt 0.96884700 0.89657800
vt 0.98561900 0.89718300
vt 0.42502300 0.22387500
vt 0.50239700 0.10633000
vt 0.42625500 0.22115800
vt 0.35463500 0.83789700
vt 0.34567900 0.84455800
vt 0.35646900 0.83439800
vt 0.37282100 0.81889400
vt 0.33697800 0.85597900
vt 0.43440700 0.21022900
vt 0.47855400 0.18272300
vt 0.39364800 0.78232800
vt 0.35071500 0.84680900
vt 0.37968900 0.76129900
vt 0.42216900 0.24278800
vt 0.19035600 0.22126000
vt 0.48556600 0.11092700
vt 0.35004100 0.84496700
vt 0.42977100 0.21588800
vt 0.48313500 0.11632400
vt 0.34555600 0.84500900
vt 0.47241600 0.19685900
vt 0.98065300 0.89854500
vt 0.16050400 0.21667800
vt 0.37796800 0.75813600
vt 0.50546300 0.10582600
vt 0.46602300 0.20497000
vt 0.35329600 0.84078000
vt 0.98748700 0.89767200
vt 0.35084400 0.84096700
vt 0.35088300 0.84272100
vt 0.16073100 0.21090500
vt 0.41920800 0.26017200
vt 0.48887600 0.15964200
vt 0.98875700 0.89523900
vt 0.53166700 0.03647100
vt 0.42291500 0.23724400
vt 0.45712700 0.21253700
vt 0.19759100 0.21965200
vt 0.47060500 0.20185400
vt 0.98591100 0.90532600
vt 0.42384500 0.25265600
vt 0.49305700 0.10655300
vt 0.45889200 0.21269800
vt 0.38703900 0.76989600
vt 0.49067900 0.10683800
vt 0.98997400 0.89508600
vt 0.53054800 0.03837200
vt 0.42150800 0.25768900
vt 0.47267900 0.19504300
vt 0.39656900 0.79307200
vt 0.97715600 0.90153400
vt 0.42704400 0.24777000
vt 0.33881200 0.85301100
vt 0.35211100 0.83835600
vt 0.43826000 0.20775100
vt 0.43704700 0.21028500
vt 0.48560300 0.15319500
vt 0.53826100 0.03465900
vt 0.47838600 0.18199600
vt 0.98470900 0.90167100
vt 0.97706900 0.89945700
vt 0.42055300 0.25165000
vt 0.34689500 0.84370600
vt 0.46715700 0.20722500
vt 0.98685600 0.90110800
vt 0.01513400 0.25369300
vt 0.42514100 0.24354800
vt 0.47400600 0.19986900
vt 0.47986900 0.17957900
vt 0.48253600 0.17763400
vt 0.47538400 0.19620700
vt 0.46446800 0.20803200
vt 0.47382600 0.14364000
vt 0.48431000 0.17353000
vt 0.48750800 0.16297000
vt 0.46160800 0.20864000
vt 0.48118400 0.15019900
vt 0.48495600 0.16933800
vt 0.47589900 0.18984500
vt 0.48001900 0.18252500
vt 0.47380900 0.19495200
vt 0.98764700 0.89925900
vt 0.01576300 0.25120200
vt 0.48585800 0.16700300
vt 0.47510200 0.19257900
vt 0.47614800 0.18629800
vt 0.47418300 0.13930700
vt 0.48897500 0.10920000
vt 0.17387800 0.21684500
vt 0.49846600 0.10452700
vt 0.16775700 0.21631900
vt 0.17898000 0.21823400
vt 0.01844400 0.25192000
vt 0.35529700 0.83616000
vt 0.47099800 0.20017900
vt 0.97477700 0.90071600
vt 0.46656900 0.20864200
vt 0.01476800 0.25586800
vt 0.45291500 0.21526100
vt 0.47606500 0.13176000
vt 0.38162200 0.76597300
vt 0.39193100 0.79626800
vt 0.01720600 0.25267000
vt 0.38564500 0.77138600
vt 0.45067500 0.21119000
vt 0.35063100 0.83849400
vt 0.42764300 0.23855400
vt 0.34843400 0.84491900
vt 0.34772200 0.84107200
vt 0.48907800 0.15488300
vt 0.36474900 0.82718100
vt 0.48022100 0.12292300
vt 0.34315700 0.85023200
vt 0.16351800 0.21301000
vt 0.34808200 0.84293600
vt 0.43020800 0.22184400
vt 0.47124900 0.19910500
vt 0.43101200 0.24605900
vt 0.49567000 0.10590900
vt 0.21501300 0.21772100
vt 0.35422000 0.83372300
vt 0.38773400 0.79789600
vt 0.01809200 0.25473000
vt 0.45699200 0.21650400
vt 0.49023700 0.16092000
vt 0.47545000 0.14064000
vt 0.47955300 0.14593700
vt 0.21938400 0.21864500
vt 0.97881600 0.90058800
vt 0.44556900 0.21221400
vt 0.42702900 0.25422100
vt 0.43430700 0.21436800
vt 0.42963200 0.24276300
vt 0.17065800 0.21619800
vt 0.42923300 0.23235200
vt 0.01802400 0.24934100
vt 0.48366800 0.17789700
vt 0.48593700 0.17121600
vt 0.98477200 0.90711900
vt 0.48191900 0.15164100
vt 0.46399000 0.21264400
vt 0.46214500 0.21236900
vt 0.48785100 0.16578700
vt 0.98907300 0.90781500
vt 0.98979100 0.92445600
vt 0.47585500 0.20048600
vt 0.48174200 0.18134600
vt 0.47736200 0.19313500
vt 0.50019500 0.10719000
vt 0.43583900 0.24189900
vt 0.98059000 0.90219200
vt 0.47635500 0.14253100
vt 0.44396600 0.21419600
vt 0.33547000 0.85441600
vt 0.39260300 0.79027300
vt 0.37344500 0.76364300
vt 0.51071900 0.11379600
vt 0.43166000 0.23935500
vt 0.97685400 0.90425900
vt 0.97358800 0.90230900
vt 0.53345400 0.03789200
vt 0.45931700 0.21331100
vt 0.39279100 0.78794600
vt 0.53324000 0.04121600
vt 0.35793000 0.83057100
vt 0.34615900 0.84102000
vt 0.38795100 0.77596000
vt 0.34655000 0.84656200
vt 0.48108700 0.14722100
vt 0.19151900 0.22067100
vt 0.34326500 0.84648700
vt 0.34398300 0.84515600
vt 0.34364700 0.84229500
vt 0.16716800 0.21363500
vt 0.16564000 0.21000500
vt 0.34501300 0.84822700
vt 0.43179700 0.24799600
vt 0.53890800 0.03745800
vt 0.34200000 0.84386300
vt 0.34119600 0.84776800
vt 0.02007800 0.25340700
vt 0.33368000 0.85589000
vt 0.97018200 0.89904600
vt 0.33217200 0.85861300
vt 0.43766600 0.23197600
vt 0.48471000 0.11885100
vt 0.38408100 0.77209800
vt 0.33672100 0.84791200
vt 0.34832700 0.83956500
vt 0.18273000 0.21792300
vt 0.34472600 0.84082900
vt 0.48892000 0.11897600
vt 0.97798300 0.90355100
vt 0.19267800 0.21553300
vt 0.39122000 0.78185400
vt 0.47766200 0.14189700
vt 0.50531900 0.11219600
vt 0.48250900 0.14466400
vt 0.98351500 0.90309500
vt 0.42323700 0.25962100
vt 0.16058000 0.20714000
vt 0.17409600 0.21410700
vt 0.20202000 0.21774100
vt 0.33719700 0.85102400
vt 0.48974400 0.16462000
vt 0.01814500 0.25851300
vt 0.46644100 0.21105900
vt 0.01631500 0.24727600
vt 0.52998100 0.04256200
vt 0.99005700 0.89834900
vt 0.44701000 0.21686500
vt 0.34729600 0.84779000
vt 0.43557500 0.21969100
vt 0.43222200 0.22733900
vt 0.16985700 0.21019900
vt 0.49222700 0.11436700
vt 0.48736300 0.11534800
vt 0.49580400 0.11263700
vt 0.43515000 0.22517900
vt 0.46531000 0.21107700
vt 0.47885900 0.19235900
vt 0.98700100 0.93240000
vt 0.98679900 0.91069300
vt 0.98783900 0.92550000
vt 0.48195200 0.18398200
vt 0.48003700 0.18626100
vt 0.44679200 0.21967700
vt 0.18636100 0.21796300
vt 0.35096600 0.83558200
vt 0.48647700 0.15073400
vt 0.43023100 0.25507800
vt 0.02085400 0.25146100
vt 0.98370500 0.93712700
vt 0.47779100 0.18948400
vt 0.47851400 0.13743500
vt 0.47546400 0.13639300
vt 0.38846300 0.77927600
vt 0.97000100 0.90328900
vt 0.32875400 0.85756100
vt 0.48888600 0.15176500
vt 0.38598300 0.77724400
vt 0.43534200 0.25152300
vt 0.48400000 0.12288200
vt 0.48456600 0.14889200
vt 0.43942200 0.24738600
vt 0.45258700 0.21978600
vt 0.44998400 0.21830400
vt 0.45902300 0.21544900
vt 0.35471100 0.83215600
vt 0.49172000 0.16254700
vt 0.36516800 0.82162900
vt 0.49990400 0.11058700
vt 0.38576800 0.77514500
vt 0.48037500 0.12694000
vt 0.47765400 0.13195000
vt 0.49355100 0.11847800
vt 0.43666900 0.23569000
vt 0.43369800 0.25021900
vt 0.43714100 0.21315900
vt 0.44204700 0.21533500
vt 0.16318000 0.20531400
vt 0.42622600 0.25937300
vt 0.35210500 0.83344800
vt 0.98287000 0.90816400
vt 0.17547900 0.21279300
vt 0.49962400 0.11835200
vt 0.49158600 0.15893400
vt 0.54080300 0.03427400
vt 0.22700000 0.21722100
vt 0.53732600 0.03943200
vt 0.35293300 0.83124800
vt 0.48199700 0.18681900
vt 0.49223600 0.12295600
vt 0.97843100 0.90663900
vt 0.50738100 0.11512500
vt 0.37755200 0.76492100
vt 0.49077900 0.15576900
vt 0.33559800 0.85263800
vt 0.49095400 0.16766000
vt 0.34731100 0.83599400
vt 0.38094500 0.80394600
vt 0.02144300 0.25644200
vt 0.48028100 0.13909200
vt 0.37819500 0.76768800
vt 0.48931300 0.17102100
vt 0.50257100 0.11710800
vt 0.48710600 0.12240700
vt 0.35388300 0.83484700
vt 0.02153900 0.24936200
vt 0.43918300 0.21833400
vt 0.35169300 0.83205300
vt 0.44058000 0.22030800
vt 0.43952800 0.22784600
vt 0.44476200 0.22202400
vt 0.48783600 0.17278200
vt 0.98662500 0.92379600
vt 0.20536000 0.21241800
vt 0.02262600 0.25131200
vt 0.16945200 0.20731600
vt 0.98345100 0.90974100
vt 0.18259400 0.21512400
vt 0.32946400 0.85566900
vt 0.34836700 0.83711000
vt 0.33509500 0.85097900
vt 0.17934100 0.21357500
vt 0.43645300 0.25314200
vt 0.33385200 0.84804600
vt 0.34914800 0.83421400
vt 0.98543100 0.92889600
vt 0.49186200 0.16499300
vt 0.38625100 0.79519500
vt 0.38996900 0.78682500
vt 0.38814400 0.78302500
vt 0.36905800 0.81562700
vt 0.34481100 0.83953500
vt 0.37569700 0.80979200
vt 0.42820200 0.25721200
vt 0.36076400 0.82907200
vt 0.50934900 0.11804500
vt 0.50286800 0.11497300
vt 0.98150800 0.90443300
vt 0.44187200 0.23713000
vt 0.44192700 0.23001400
vt 0.44179300 0.24473300
vt 0.98264900 0.93259600
vt 0.02098300 0.24688200
vt 0.33298400 0.84942600
vt 0.43163200 0.25809700
vt 0.02000800 0.24764500
vt 0.44303700 0.24555400
vt 0.02197400 0.24755500
vt 0.37867200 0.77087200
vt 0.33907300 0.84242600
vt 0.35733900 0.82366100
vt 0.44021000 0.24848600
vt 0.50003100 0.12465300
vt 0.98768900 0.91308900
vt 0.98754500 0.91796900
vt 0.46619300 0.21232500
vt 0.01938200 0.25987800
vt 0.38910700 0.78545700
vt 0.34134200 0.84059500
vt 0.38515500 0.78056600
vt 0.33087600 0.85491600
vt 0.97320300 0.90494700
vt 0.37175500 0.76774900
vt 0.51409700 0.11878000
vt 0.45997300 0.21726800
vt 0.97701000 0.93328000
vt 0.48414000 0.18911800
vt 0.48535900 0.14142900
vt 0.48271200 0.12851700
vt 0.48368100 0.14177100
vt 0.48744500 0.14361200
vt 0.33528700 0.84882400
vt 0.44725300 0.22536700
vt 0.48736100 0.12644900
vt 0.48091600 0.13265200
vt 0.48646200 0.14495100
vt 0.49697000 0.12229500
vt 0.01810600 0.24691000
vt 0.52980400 0.04550300
vt 0.33217500 0.85147500
vt 0.35074900 0.82937500
vt 0.53646400 0.04236600
vt 0.49302800 0.15496700
vt 0.46132900 0.21815400
vt 0.02598700 0.25372900
vt 0.33188800 0.84863000
vt 0.35593400 0.82513200
vt 0.02163200 0.24688500
vt 0.46345300 0.21513000
vt 0.22220200 0.21569100
vt 0.49025300 0.14792200
vt 0.48375800 0.18031200
vt 0.50943700 0.12684400
vt 0.36103900 0.77101200
vt 0.49037500 0.15049700
vt 0.38714100 0.79145900
vt 0.97919600 0.91003900
vt 0.34234700 0.83762700
vt 0.35020600 0.83149500
vt 0.35402400 0.82734500
vt 0.98244300 0.91131300
vt 0.44654300 0.24149800
vt 0.38304800 0.80124000
vt 0.38152900 0.77486300
vt 0.33728300 0.84569200
vt 0.02483900 0.25359300
vt 0.53345200 0.04492800
vt 0.98526300 0.91232600
vt 0.02470400 0.25896000
vt 0.46482300 0.21476500
vt 0.44640500 0.23808900
vt 0.45524100 0.21979500
vt 0.49727300 0.13089400
vt 0.44818500 0.23222000
vt 0.48309700 0.13816500
vt 0.49224200 0.12701900
vt 0.50929400 0.12298700
vt 0.48663400 0.13175500
vt 0.50195200 0.12282600
vt 0.33076500 0.85325600
vt 0.43004600 0.25988900
vt 0.16648500 0.20239400
vt 0.49344800 0.16832000
vt 0.49734500 0.13490200
vt 0.34480000 0.83671900
vt 0.50415800 0.13147100
vt 0.98233100 0.92470500
vt 0.36339000 0.81637800
vt 0.19794100 0.21358100
vt 0.17701000 0.21057400
vt 0.44965700 0.23390200
vt 0.97705300 0.91023700
vt 0.38674400 0.78620800
vt 0.48490200 0.18544600
vt 0.48725700 0.17548700
vt 0.34979700 0.83265400
vt 0.35315000 0.82555700
vt 0.38614700 0.78907300
vt 0.49397800 0.16016000
vt 0.32334800 0.85576600
vt 0.96948600 0.90822400
vt 0.02514000 0.25024300
vt 0.48451300 0.18327800
vt 0.98612700 0.91499000
vt 0.01885100 0.26184400
vt 0.46808300 0.21347400
vt 0.01947000 0.25917000
vt 0.98769700 0.91729200
vt 0.16931200 0.20542900
vt 0.50243400 0.13343500
vt 0.49171200 0.13149600
vt 0.45160700 0.22718900
vt 0.51186800 0.12252800
vt 0.36662400 0.76933100
vt 0.48593400 0.13847800
vt 0.49116000 0.13820300
vt 0.02133600 0.24519400
vt 0.49183000 0.17196500
vt 0.43924300 0.25167300
vt 0.35502700 0.77509100
vt 0.50643800 0.13240800
vt 0.53391500 0.04871800
vt 0.01979700 0.23998200
vt 0.97866600 0.92866400
vt 0.37139000 0.80770900
vt 0.33252000 0.84606400
vt 0.54033300 0.04137400
vt 0.49579500 0.13836900
vt 0.32974500 0.84793500
vt 0.34786300 0.83127400
vt 0.49394600 0.16576200
vt 0.49119800 0.14229000
vt 0.02522800 0.25684500
vt 0.46293600 0.21796700
vt 0.38433100 0.79147500
vt 0.33544300 0.84539600
vt 0.45364400 0.22615300
vt 0.98270400 0.91308000
vt 0.16999200 0.20006200
vt 0.37618700 0.80502300
vt 0.44572400 0.25017500
vt 0.18230700 0.21090800
vt 0.98301100 0.92175200
vt 0.35526400 0.77600800
vt 0.34011200 0.83780400
vt 0.34503900 0.83255700
vt 0.43554900 0.25891400
vt 0.16917600 0.19708000
vt 0.21599800 0.21407100
vt 0.53833400 0.04510200
vt 0.38230900 0.77861200
vt 0.33176800 0.85219000
vt 0.49039800 0.17441900
vt 0.98478600 0.91709600
vt 0.49274500 0.14541600
vt 0.49815500 0.14309800
vt 0.98485000 0.92061400
vt 0.02294100 0.24841500
vt 0.49323700 0.17120000
vt 0.49437000 0.15133800
vt 0.38127000 0.79578700
vt 0.97596100 0.91216400
vt 0.31793500 0.85698600
vt 0.44465100 0.24781800
vt 0.17893000 0.20741000
vt 0.48965300 0.17666500
vt 0.35277900 0.82346300
vt 0.54332000 0.03769000
vt 0.38381200 0.78666500
vt 0.34994900 0.82695100
vt 0.97693200 0.93088300
vt 0.48528300 0.19040400
vt 0.18757700 0.21044400
vt 0.45682000 0.22185300
vt 0.02961300 0.25303200
vt 0.27490700 0.83249200
vt 0.38348300 0.78271300
vt 0.36111100 0.77204700
vt 0.48536100 0.18721200
vt 0.33164400 0.84383800
vt 0.02342100 0.24571200
vt 0.35099900 0.77946700
vt 0.02037100 0.22734500
vt 0.53369600 0.05929100
vt 0.32800700 0.85274700
vt 0.53754200 0.05565300
vt 0.50245800 0.13877700
vt 0.34822200 0.77972300
vt 0.53513300 0.05758000
vt 0.01769100 0.22768400
vt 0.34830700 0.82791400
vt 0.22493700 0.21209400
vt 0.54583600 0.03726800
vt 0.33584300 0.83860400
vt 0.17404500 0.20545700
vt 0.35926800 0.81695700
vt 0.98381100 0.91557900
vt 0.02633600 0.25106900
vt 0.46034100 0.21997700
vt 0.21883900 0.20975400
vt 0.97287300 0.91044800
vt 0.32034800 0.85424100
vt 0.17174400 0.20270500
vt 0.32853200 0.84973200
vt 0.33607900 0.84018000
vt 0.54100700 0.04536500
vt 0.19231000 0.20904200
vt 0.54351500 0.04153300
vt 0.54198200 0.04330400
vt 0.53660700 0.06029600
vt 0.01621500 0.22443900
vt 0.49800700 0.14586500
vt 0.34127200 0.78398800
vt 0.53816000 0.05822200
vt 0.02390100 0.24175200
vt 0.02689300 0.24811700
vt 0.53632200 0.05026900
vt 0.97893600 0.92448900
vt 0.53534300 0.05444900
vt 0.02183800 0.23646700
vt 0.53240900 0.05166400
vt 0.98188800 0.91970300
vt 0.36750600 0.80420100
vt 0.01987800 0.22508700
vt 0.31513200 0.85203800
vt 0.53999000 0.05034600
vt 0.45298500 0.23060800
vt 0.36857200 0.77071100
vt 0.98118600 0.91707300
vt 0.37794500 0.77558500
vt 0.31535300 0.84923500
vt 0.31340500 0.85044500
vt 0.01784800 0.22262100
vt 0.53706000 0.06164500
vt 0.48602000 0.18272000
vt 0.49261200 0.17486600
vt 0.34627700 0.82967800
vt 0.49540700 0.14790700
vt 0.33824600 0.78505700
vt 0.49240900 0.17672300
vt 0.44946000 0.23882300
vt 0.01673800 0.22257700
vt 0.02209100 0.23934900
vt 0.97640400 0.92815100
vt 0.02543900 0.22621600
vt 0.97516300 0.91227200
vt 0.31784900 0.85636900
vt 0.97488800 0.91375700
vt 0.32499600 0.85154800
vt 0.34373700 0.83254900
vt 0.54079200 0.04837500
vt 0.32364100 0.84374600
vt 0.53624200 0.05274500
vt 0.02734200 0.24123500
vt 0.34087900 0.83470900
vt 0.33753800 0.83759100
vt 0.32099100 0.85280900
vt 0.48739700 0.18077300
vt 0.53234700 0.05374100
vt 0.02212500 0.23401600
vt 0.97474700 0.92948800
vt 0.48697600 0.18936000
vt 0.33249500 0.84048200
vt 0.02408600 0.23795300
vt 0.49135100 0.17806100
vt 0.34636100 0.78265300
vt 0.49677200 0.16014700
vt 0.33411400 0.83862800
vt 0.02741500 0.24412600
vt 0.02283000 0.22943700
vt 0.37348300 0.77121200
vt 0.53914000 0.06058900
vt 0.01646400 0.22269700
vt 0.01459700 0.21999900
vt 0.53938700 0.06329100
vt 0.02226300 0.22482300
vt 0.31749100 0.85351900
vt 0.32292900 0.84541700
vt 0.02863800 0.24079700
vt 0.17785000 0.20540900
vt 0.01706900 0.22226000
vt 0.01632700 0.22324100
vt 0.53881000 0.06211800
vt 0.97656900 0.92596800
vt 0.38234400 0.78820100
vt 0.33122700 0.84258000
vt 0.48906400 0.18174000
vt 0.49460600 0.17202700
vt 0.49368900 0.17585800
vt 0.48791900 0.18424500
vt 0.32060200 0.84580700
vt 0.53856600 0.06117300
vt 0.01670000 0.22135100
vt 0.53984800 0.06064300
vt 0.53856600 0.06117300
vt 0.33128000 0.83851200
vt 0.54319200 0.05285400
vt 0.30505500 0.85108500
vt 0.32287600 0.84627400
vt 0.97912800 0.92067500
vt 0.30399200 0.85195600
vt 0.54349000 0.05128300
vt 0.36500200 0.80952500
vt 0.34715700 0.82499000
vt 0.32144200 0.84178900
vt 0.34462300 0.82628200
vt 0.38121700 0.79132800
vt 0.33879700 0.83462700
vt 0.32274100 0.85231700
vt 0.32561400 0.84848100
vt 0.97136400 0.91301700
vt 0.02819800 0.22320600
vt 0.33753400 0.83612200
vt 0.02606800 0.22557000
vt 0.31827000 0.85601300
vt 0.97444100 0.91251700
vt 0.49735900 0.15534800
vt 0.32888300 0.84478700
vt 0.54072600 0.05655200
vt 0.20540600 0.20661800
vt 0.31572300 0.84669300
vt 0.53866100 0.06156900
vt 0.53930400 0.06053900
vt 0.31184200 0.85139300
vt 0.98000600 0.91555700
vt 0.32558800 0.84099400
vt 0.32016700 0.84865600
vt 0.02994000 0.24584400
vt 0.02523800 0.23619300
vt 0.31889600 0.85113600
vt 0.37932200 0.78315400
vt 0.33867600 0.83286000
vt 0.02749700 0.23311900
vt 0.49471800 0.17568800
vt 0.49792300 0.16284600
vt 0.32914800 0.83858200
vt 0.18829600 0.20704300
vt 0.33620700 0.78800000
vt 0.49871000 0.15077800
vt 0.34138600 0.83009700
vt 0.31944300 0.84400800
vt 0.34469000 0.82899600
vt 0.33616900 0.83400500
vt 0.32414600 0.84267800
vt 0.32932200 0.84171600
vt 0.33526400 0.83711500
vt 0.48872200 0.18885900
vt 0.97255500 0.92906100
vt 0.04472500 0.22272500
vt 0.49731300 0.17143400
vt 0.37669900 0.79594800
vt 0.03085300 0.24151400
vt 0.32269700 0.84718800
vt 0.49482300 0.17856300
vt 0.36541000 0.77551700
vt 0.33462200 0.83410700
vt 0.32708300 0.84643600
vt 0.48811400 0.18616400
vt 0.54434500 0.04442700
vt 0.34873900 0.82330400
vt 0.54237800 0.04736900
vt 0.17328500 0.19846500
vt 0.32468500 0.84929100
vt 0.53975800 0.06290700
vt 0.54216600 0.05954800
vt 0.31020600 0.84830900
vt 0.21265900 0.20694000
vt 0.54074500 0.05404900
vt 0.37718600 0.77966200
vt 0.32256500 0.84911100
vt 0.32288800 0.85129400
vt 0.02864500 0.22386300
vt 0.32724600 0.84450100
vt 0.32537000 0.84402300
vt 0.17170300 0.19600900
vt 0.43691500 0.25962500
vt 0.32532400 0.84603700
vt 0.35672800 0.77802300
vt 0.02967500 0.23890800
vt 0.97604400 0.91884900
vt 0.03471300 0.22977200
vt 0.03307100 0.22733700
vt 0.18119400 0.20170700
vt 0.49606300 0.17373200
vt 0.54567100 0.05107200
vt 0.30417700 0.84990300
vt 0.02752600 0.22700000
vt 0.21887400 0.20466900
vt 0.36978500 0.77524600
vt 0.97326600 0.91568400
vt 0.03254900 0.22573900
vt 0.97474700 0.92116600
vt 0.03537800 0.22720600
vt 0.54310400 0.05554500
vt 0.30700900 0.84982300
vt 0.31727000 0.84634400
vt 0.49672500 0.17673800
vt 0.31163200 0.84805400
vt 0.54119200 0.06120900
vt 0.45252800 0.24136100
vt 0.20192100 0.18487100
vt 0.33339900 0.83681100
vt 0.50044500 0.16291500
vt 0.45059400 0.24580200
vt 0.45585600 0.23270800
vt 0.27204200 0.83781200
vt 0.02867300 0.23721200
vt 0.01559100 0.22030700
vt 0.54078700 0.06449100
vt 0.48970400 0.18448200
vt 0.49191400 0.18047500
vt 0.34248100 0.78603600
vt 0.32004400 0.84095700
vt 0.02845500 0.22587400
vt 0.44729200 0.25175100
vt 0.18674200 0.18878200
vt 0.34124900 0.82678700
vt 0.32345000 0.84040000
vt 0.97283900 0.92623900
vt 0.04141000 0.22448000
vt 0.21057100 0.20786700
vt 0.18413600 0.20629500
vt 0.97538400 0.92095700
vt 0.03164300 0.22626800
vt 0.34778100 0.78456000
vt 0.48833700 0.18746400
vt 0.02795100 0.23013800
vt 0.03224300 0.23721700
vt 0.18142800 0.19867100
vt 0.49241100 0.18240900
vt 0.37967600 0.78763800
vt 0.97551600 0.92086100
vt 0.97374800 0.91619100
vt 0.03250400 0.22799800
vt 0.44255200 0.25672500
vt 0.17879200 0.19171700
vt 0.03576700 0.24404600
vt 0.28598400 0.83005500
vt 0.36169900 0.80820500
vt 0.33983400 0.82922200
vt 0.35263500 0.81481900
vt 0.31705600 0.84152300
vt 0.33096700 0.83637600
vt 0.49706900 0.16857600
vt 0.97446800 0.92037900
vt 0.03053500 0.22891600
vt 0.48943200 0.18295400
vt 0.97636000 0.91776800
vt 0.03319500 0.23064700
vt 0.03208100 0.23414900
vt 0.03502600 0.23565000
vt 0.32826400 0.83679000
vt 0.18635700 0.20429600
vt 0.18227000 0.20446200
vt 0.37184500 0.77862300
vt 0.49270900 0.18590900
vt 0.05038200 0.22354800
vt 0.19857300 0.20579700
vt 0.18399100 0.20129700
vt 0.27466100 0.83843700
vt 0.45830800 0.23509500
vt 0.33943700 0.79053800
vt 0.32600300 0.83946900
vt 0.54516300 0.04880700
vt 0.45399200 0.23927700
vt 0.20485900 0.18484700
vt 0.26929600 0.84118700
vt 0.31227500 0.84562100
vt 0.17757100 0.19429600
vt 0.20707400 0.20379300
vt 0.18317400 0.19513800
vt 0.03862800 0.22655900
vt 0.97334800 0.92338000
vt 0.19094500 0.20414700
vt 0.33696300 0.82860000
vt 0.32095600 0.83927300
vt 0.36986300 0.77727900
vt 0.21380200 0.20396600
vt 0.37421000 0.78372400
vt 0.36017800 0.77942700
vt 0.37743800 0.78844400
vt 0.30880700 0.84604800
vt 0.54724800 0.04739500
vt 0.29923700 0.85030700
vt 0.04330800 0.22499400
vt 0.34832500 0.82022700
vt 0.18814900 0.19040100
vt 0.04661200 0.22414500
vt 0.49205500 0.18775300
vt 0.37331500 0.79391100
vt 0.45244600 0.24562100
vt 0.19904000 0.18702900
vt 0.19226500 0.20123700
vt 0.31473300 0.84404900
vt 0.19031900 0.19449500
vt 0.03468100 0.24777800
vt 0.28184000 0.83136800
vt 0.33353700 0.83190400
vt 0.32551600 0.83588700
vt 0.33199400 0.83374200
vt 0.19338900 0.20349000
vt 0.37302700 0.78044600
vt 0.04254600 0.22807200
vt 0.50087600 0.17392500
vt 0.50289800 0.16725900
vt 0.54920200 0.04421200
vt 0.22793700 0.20472200
vt 0.29654800 0.85244500
vt 0.21817300 0.20262900
vt 0.21090400 0.20181100
vt 0.32279000 0.83529100
vt 0.36478200 0.77783800
vt 0.36791500 0.78159300
vt 0.49490600 0.18212800
vt 0.04523000 0.22656000
vt 0.20899000 0.18596400
vt 0.27235100 0.84170600
vt 0.34404000 0.78876600
vt 0.36652200 0.77953400
vt 0.34850300 0.81566100
vt 0.31133800 0.84294300
vt 0.50265200 0.15968600
vt 0.35322800 0.78254300
vt 0.35828900 0.80824000
vt 0.27998000 0.83714300
vt 0.19933400 0.20218200
vt 0.03880800 0.23674100
vt 0.29209000 0.82899300
vt 0.35793500 0.81150300
vt 0.34127500 0.82309000
vt 0.36865500 0.79806300
vt 0.19264100 0.19683300
vt 0.29299900 0.85418800
vt 0.22393800 0.20469700
vt 0.31614400 0.84033900
vt 0.50058200 0.17863900
vt 0.28519300 0.83219700
vt 0.20063500 0.18945200
vt 0.03712900 0.23299800
vt 0.30672100 0.84674100
vt 0.19670200 0.20254700
vt 0.18756000 0.19672900
vt 0.18876200 0.19962400
vt 0.20639000 0.19949000
vt 0.32012500 0.83766100
vt 0.35326100 0.80985200
vt 0.20999000 0.19803700
vt 0.37139600 0.78378700
vt 0.04036900 0.22997400
vt 0.49813200 0.18305200
vt 0.30979300 0.81282100
vt 0.37324100 0.78728500
vt 0.36413600 0.78153600
vt 0.37764300 0.78929300
vt 0.35507400 0.78421900
vt 0.32742200 0.83307900
vt 0.33643300 0.82569400
vt 0.19844400 0.19053600
vt 0.19499100 0.19112900
vt 0.36181100 0.78114200
vt 0.22239200 0.20204600
vt 0.30226000 0.81845500
vt 0.04821600 0.22568700
vt 0.49507700 0.18786800
vt 0.36082400 0.80364100
vt 0.36336300 0.80036600
vt 0.21979800 0.20212700
vt 0.37025000 0.79118300
vt 0.34349800 0.81801800
vt 0.35284700 0.78595900
vt 0.33429000 0.79414100
vt 0.34324000 0.79192700
vt 0.19698100 0.19664600
vt 0.36992000 0.79228000
vt 0.20880400 0.18900600
vt 0.20365900 0.19234800
vt 0.21348000 0.18623500
vt 0.27588100 0.84101300
vt 0.30975900 0.84083600
vt 0.34841500 0.78939900
vt 0.50753900 0.15947900
vt 0.33049800 0.79756800
vt 0.20849900 0.19205900
vt 0.34025200 0.79264800
vt 0.29683700 0.84899000
vt 0.22838100 0.19990100
vt 0.35677000 0.78549600
vt 0.21439600 0.20052900
vt 0.20532900 0.19004700
vt 0.34796600 0.78705700
vt 0.20281100 0.19667500
vt 0.19945000 0.19324700
vt 0.34752500 0.79263300
vt 0.32978700 0.83100500
vt 0.36696900 0.78517300
vt 0.22079700 0.19934800
vt 0.28308900 0.83714600
vt 0.33220400 0.82761900
vt 0.30196100 0.84775900
vt 0.22409600 0.19077900
vt 0.50490500 0.16734100
vt 0.32455400 0.80169400
vt 0.30096400 0.84544900
vt 0.30547600 0.81854500
vt 0.21671500 0.18919400
vt 0.35562200 0.80432400
vt 0.50158500 0.17948100
vt 0.31577000 0.80904100
vt 0.22369000 0.18781200
vt 0.28729500 0.84090400
vt 0.28181000 0.84068400
vt 0.21970700 0.18750500
vt 0.04306500 0.22939700
vt 0.29829800 0.82217500
vt 0.33961900 0.82051100
vt 0.22150400 0.19135300
vt 0.28700300 0.83707800
vt 0.21762300 0.19278300
vt 0.21336500 0.19715800
vt 0.21755400 0.19903100
vt 0.21149800 0.18836400
vt 0.34925000 0.81013500
vt 0.22363200 0.19850500
vt 0.36254500 0.78343500
vt 0.37004700 0.78890900
vt 0.34716900 0.81228600
vt 0.30746800 0.84265100
vt 0.36766900 0.79287200
vt 0.36968400 0.78638100
vt 0.35986400 0.78746900
vt 0.29795200 0.82648400
vt 0.28314600 0.83953000
vt 0.21455700 0.19198700
vt 0.21967700 0.19663400
vt 0.21927300 0.19183500
vt 0.20857800 0.19408600
vt 0.33371700 0.82339600
vt 0.31590800 0.83752000
vt 0.35891500 0.80058800
vt 0.31325100 0.83950300
vt 0.36374300 0.79629700
vt 0.29434900 0.82953700
vt 0.30455800 0.84309100
vt 0.28852600 0.83428100
vt 0.34297800 0.79481700
vt 0.29899600 0.83625100
vt 0.32852700 0.80191800
vt 0.36328100 0.78720500
vt 0.22097400 0.19512000
vt 0.35509000 0.78996700
vt 0.36057000 0.79783100
vt 0.22650400 0.19853700
vt 0.29400200 0.84895000
vt 0.29433800 0.83338100
vt 0.30227600 0.82264800
vt 0.32443400 0.80424600
vt 0.29819700 0.83936400
vt 0.22657100 0.19052100
vt 0.29055700 0.84306900
vt 0.34879300 0.79629200
vt 0.30173900 0.83713500
vt 0.22498800 0.19573700
vt 0.35687300 0.79927700
vt 0.36411200 0.79221900
vt 0.31792200 0.83405400
vt 0.29726100 0.84693600
vt 0.30785100 0.81989100
vt 0.30605000 0.83900700
vt 0.33718600 0.79540300
vt 0.22294400 0.19659500
vt 0.35226200 0.80547900
vt 0.22441500 0.19368700
vt 0.35995900 0.79252500
vt 0.32637600 0.82994000
vt 0.35156400 0.79256300
vt 0.36711300 0.78758300
vt 0.32122200 0.83036100
vt 0.29669900 0.83278200
vt 0.34716100 0.79638500
vt 0.31961400 0.80974900
vt 0.35237400 0.80101100
vt 0.30309400 0.83969000
vt 0.30408900 0.82507700
vt 0.31209500 0.81399500
vt 0.30081200 0.84167600
vt 0.35212300 0.79603700
vt 0.29719300 0.84338100
vt 0.35592700 0.79646900
vt 0.34217800 0.79738900
vt 0.22650500 0.19242300
vt 0.29065800 0.84494100
vt 0.35551700 0.79253500
vt 0.34672600 0.79403700
vt 0.29464400 0.83927800
vt 0.29167400 0.83963600
vt 0.34721300 0.80516800
vt 0.32948500 0.82665000
vt 0.30416100 0.84055000
vt 0.30922400 0.82290200
vt 0.33579500 0.81827200
vt 0.31098500 0.83794200
vt 0.33328400 0.80260700
vt 0.32075400 0.83237900
vt 0.34329200 0.81332900
vt 0.31582200 0.83434200
vt 0.34927800 0.79959600
vt 0.35401900 0.79972400
vt 0.30512000 0.83731800
vt 0.29971100 0.82857300
vt 0.35182700 0.79912900
vt 0.34941700 0.80405600
vt 0.29238800 0.83490400
vt 0.34374300 0.80977100
vt 0.34937900 0.80855800
vt 0.34843400 0.80681800
vt 0.31333900 0.82089900
vt 0.30974100 0.82970900
vt 0.30502500 0.82955800
vt 0.35063600 0.79847200
vt 0.33328200 0.82100700
vt 0.35028400 0.79797600
vt 0.33683100 0.79937300
vt 0.31673000 0.83187600
vt 0.31357400 0.83498100
vt 0.34101700 0.80182700
vt 0.30076300 0.83193400
vt 0.32993900 0.80626800
vt 0.30805900 0.83422100
vt 0.34634400 0.80172900
vt 0.31721100 0.81452400
vt 0.32416300 0.82756400
vt 0.33771800 0.81675200
vt 0.31877100 0.83245300
vt 0.33939400 0.81508600
vt 0.34566000 0.80699200
vt 0.34179000 0.80509000
vt 0.32934400 0.81084400
vt 0.32094300 0.81622100
vt 0.33646900 0.81141500
vt 0.33970800 0.80999400
vt 0.34638700 0.80917100
vt 0.31545600 0.82565100
vt 0.31428700 0.82738600
vt 0.33132100 0.81573000
vt 0.34403600 0.80511900
vt 0.32292500 0.81130100
vt 0.33969600 0.80716800
vt 0.30235100 0.83349400
vt 0.33765100 0.80519200
vt 0.31970500 0.82672400
vt 0.32314600 0.82103100
vt 0.32868900 0.81975800
vt 0.32583400 0.81635700
vt 0.32687700 0.82593300
vt 0.31499600 0.82190200
vt 0.32387400 0.81783100
vt 0.32793300 0.82500300
vt 0.33334600 0.81241400
vt 0.33346900 0.81913400
vt 0.31765000 0.82444800
vt 0.31949500 0.81880400
vt 0.33000700 0.82274800
vt 0.32249500 0.82446800
vt 0.32734500 0.82370700
vt 0.31833800 0.82271300
vt 0.32502400 0.82335000
f 74/74 3/3 7/7
f 42/42 11/11 9/9
f 37/37 9/9 3/3
f 74/74 7/7 44/44
f 37/37 3/3 74/74
f 26/26 22/22 23/23
f 30/30 19/19 20/20
f 26/26 23/23 7/7
f 30/30 15/15 19/19
f 29/29 14/14 15/15
f 15/15 30/30 29/29
f 28/28 59/59 18/18
f 12/12 32/32 18/18
f 36/36 14/14 29/29
f 33/33 36/36 29/29
f 29/29 30/30 20/20
f 28/28 70/70 59/59
f 18/18 32/32 28/28
f 24/24 9/9 11/11
f 21/21 69/69 28/28
f 70/70 28/28 69/69
f 9/9 37/37 106/106
f 43/43 14/14 36/36
f 74/74 44/44 80/80
f 42/42 9/9 106/106
f 45/45 31/31 33/33
f 34/34 75/75 13/13
f 13/13 45/45 33/33
f 20/20 56/56 58/58
f 15/15 14/14 43/43
f 23/23 92/92 7/7
f 35/35 59/59 86/86
f 86/86 94/94 35/35
f 149/149 36/36 31/31
f 43/43 47/47 15/15
f 33/33 31/31 36/36
f 23/23 22/22 50/50
f 75/75 45/45 13/13
f 55/55 24/24 89/89
f 47/47 46/46 15/15
f 15/15 46/46 19/19
f 7/7 92/92 44/44
f 56/56 90/90 58/58
f 18/18 35/35 12/12
f 59/59 35/35 18/18
f 98/98 89/89 24/24
f 24/24 11/11 98/98
f 56/56 19/19 46/46
f 20/20 19/19 56/56
f 93/93 53/53 60/60
f 69/69 21/21 22/22
f 70/70 68/68 5/5
f 73/73 70/70 5/5
f 63/63 70/70 73/73
f 26/26 69/69 22/22
f 68/68 69/69 26/26
f 5/5 68/68 26/26
f 63/63 59/59 70/70
f 55/55 73/73 5/5
f 69/69 68/68 70/70
f 61/61 72/72 64/64
f 55/55 5/5 24/24
f 72/72 66/66 128/128
f 128/128 64/64 72/72
f 21/21 57/57 129/129
f 21/21 129/129 132/132
f 22/22 21/21 132/132
f 132/132 50/50 22/22
f 43/43 36/36 82/82
f 81/81 84/84 83/83
f 42/42 137/137 11/11
f 84/84 81/81 42/42
f 142/142 74/74 80/80
f 31/31 45/45 186/186
f 40/40 1/1 110/110
f 36/36 149/149 176/176
f 98/98 11/11 137/137
f 46/46 47/47 97/97
f 95/95 107/107 34/34
f 75/75 154/154 45/45
f 84/84 42/42 106/106
f 83/83 42/42 81/81
f 75/75 34/34 107/107
f 38/38 78/78 153/153
f 45/45 154/154 186/186
f 90/90 91/91 65/65
f 76/76 38/38 153/153
f 40/40 150/150 51/51
f 80/80 92/92 96/96
f 44/44 92/92 80/80
f 90/90 56/56 136/136
f 164/164 56/56 46/46
f 136/136 56/56 164/164
f 50/50 121/121 23/23
f 87/87 91/91 90/90
f 92/92 23/23 121/121
f 16/16 53/53 88/88
f 93/93 88/88 53/53
f 87/87 90/90 118/118
f 136/136 118/118 90/90
f 88/88 93/93 108/108
f 91/91 108/108 93/93
f 93/93 65/65 91/91
f 101/101 106/106 37/37
f 43/43 82/82 97/97
f 82/82 36/36 176/176
f 116/116 108/108 109/109
f 96/96 142/142 80/80
f 47/47 43/43 97/97
f 221/221 100/100 102/102
f 84/84 106/106 113/113
f 97/97 164/164 46/46
f 78/78 48/48 117/117
f 74/74 142/142 101/101
f 37/37 74/74 101/101
f 176/176 149/149 224/224
f 186/186 154/154 159/159
f 121/121 155/155 92/92
f 153/153 138/138 76/76
f 137/137 42/42 112/112
f 112/112 83/83 113/113
f 42/42 83/83 112/112
f 113/113 106/106 112/112
f 138/138 209/209 103/103
f 83/83 84/84 113/113
f 153/153 78/78 117/117
f 151/151 114/114 105/105
f 105/105 123/123 151/151
f 109/109 108/108 135/135
f 154/154 75/75 107/107
f 115/115 87/87 105/105
f 183/183 171/171 89/89
f 183/183 89/89 122/122
f 48/48 16/16 175/175
f 119/119 165/165 95/95
f 40/40 110/110 150/150
f 85/85 119/119 95/95
f 117/117 48/48 175/175
f 122/122 89/89 234/234
f 98/98 234/234 89/89
f 16/16 88/88 179/179
f 105/105 118/118 123/123
f 105/105 87/87 118/118
f 175/175 16/16 179/179
f 91/91 115/115 108/108
f 88/88 108/108 116/116
f 91/91 87/87 115/115
f 128/128 66/66 125/125
f 63/63 86/86 59/59
f 50/50 127/127 121/121
f 63/63 120/120 86/86
f 182/182 120/120 63/63
f 171/171 55/55 89/89
f 127/127 124/124 121/121
f 182/182 63/63 73/73
f 65/65 93/93 60/60
f 133/133 182/182 73/73
f 90/90 65/65 58/58
f 64/64 129/129 57/57
f 182/182 133/133 171/171
f 50/50 132/132 127/127
f 167/167 51/51 150/150
f 129/129 64/64 128/128
f 55/55 133/133 73/73
f 130/130 51/51 167/167
f 55/55 171/171 133/133
f 129/129 128/128 134/134
f 134/134 128/128 125/125
f 134/134 132/132 129/129
f 127/127 132/132 134/134
f 134/134 125/125 124/124
f 124/124 127/127 134/134
f 212/212 102/102 348/348
f 112/112 106/106 293/293
f 107/107 95/95 152/152
f 98/98 137/137 158/158
f 114/114 151/151 231/231
f 110/110 140/140 200/200
f 109/109 292/292 116/116
f 153/153 117/117 198/198
f 96/96 92/92 155/155
f 142/142 96/96 155/155
f 82/82 145/145 97/97
f 115/115 105/105 114/114
f 114/114 231/231 197/197
f 149/149 31/31 186/186
f 106/106 101/101 293/293
f 163/163 116/116 342/342
f 148/148 98/98 158/158
f 136/136 223/223 118/118
f 136/136 164/164 223/223
f 241/241 198/198 117/117
f 347/347 103/103 209/209
f 223/223 164/164 160/160
f 151/151 314/314 231/231
f 158/158 137/137 291/291
f 108/108 115/115 135/135
f 110/110 200/200 150/150
f 116/116 292/292 342/342
f 209/209 153/153 198/198
f 153/153 209/209 138/138
f 145/145 164/164 97/97
f 239/239 154/154 152/152
f 211/211 154/154 239/239
f 292/292 109/109 135/135
f 123/123 118/118 247/247
f 152/152 95/95 165/165
f 245/245 155/155 121/121
f 165/165 119/119 178/178
f 167/167 150/150 166/166
f 178/178 119/119 174/174
f 184/184 174/174 119/119
f 116/116 163/163 88/88
f 264/264 167/167 168/168
f 172/172 151/151 123/123
f 240/240 122/122 234/234
f 194/194 98/98 148/148
f 194/194 234/234 98/98
f 179/179 88/88 163/163
f 154/154 107/107 152/152
f 185/185 182/182 177/177
f 335/335 182/182 171/171
f 177/177 182/182 335/335
f 148/148 205/205 194/194
f 145/145 82/82 176/176
f 238/238 198/198 241/241
f 221/221 102/102 212/212
f 164/164 145/145 199/199
f 166/166 150/150 200/200
f 200/200 140/140 190/190
f 320/320 114/114 197/197
f 227/227 168/168 313/313
f 142/142 155/155 216/216
f 101/101 142/142 425/425
f 137/137 112/112 291/291
f 282/282 163/163 342/342
f 149/149 186/186 302/302
f 230/230 256/256 210/210
f 115/115 114/114 320/320
f 148/148 206/206 205/205
f 312/312 209/209 198/198
f 215/215 157/157 309/309
f 219/219 309/309 157/157
f 459/459 168/168 227/227
f 101/101 425/425 420/420
f 237/237 228/228 311/311
f 244/244 163/163 282/282
f 224/224 149/149 302/302
f 343/343 292/292 135/135
f 209/209 338/338 347/347
f 188/188 157/157 215/215
f 246/246 168/168 459/459
f 194/194 205/205 326/326
f 164/164 199/199 160/160
f 166/166 200/200 313/313
f 200/200 190/190 313/313
f 195/195 161/161 207/207
f 135/135 115/115 320/320
f 235/235 146/146 435/435
f 354/354 312/312 198/198
f 159/159 154/154 521/521
f 228/228 232/232 400/400
f 293/293 291/291 112/112
f 228/228 240/240 232/232
f 229/229 225/225 261/261
f 261/261 242/242 229/229
f 242/242 367/367 229/229
f 231/231 314/314 233/233
f 311/311 335/335 171/171
f 243/243 173/173 255/255
f 198/198 238/238 354/354
f 243/243 257/257 173/173
f 166/166 313/313 168/168
f 167/167 166/166 168/168
f 152/152 165/165 239/239
f 241/241 259/259 238/238
f 311/311 171/171 183/183
f 245/245 216/216 155/155
f 239/239 165/165 178/178
f 148/148 158/158 260/260
f 178/178 174/174 374/374
f 255/255 173/173 248/248
f 311/311 183/183 237/237
f 168/168 246/246 264/264
f 173/173 257/257 372/372
f 361/361 185/185 258/258
f 122/122 237/237 183/183
f 184/184 252/252 174/174
f 240/240 237/237 122/122
f 228/228 237/237 240/240
f 177/177 258/258 185/185
f 248/248 173/173 372/372
f 375/375 314/314 151/151
f 224/224 249/249 176/176
f 247/247 172/172 123/123
f 206/206 148/148 260/260
f 145/145 176/176 249/249
f 199/199 145/145 249/249
f 225/225 327/327 261/261
f 259/259 241/241 244/244
f 151/151 172/172 375/375
f 118/118 223/223 247/247
f 241/241 179/179 163/163
f 241/241 117/117 175/175
f 241/241 175/175 179/179
f 242/242 261/261 169/169
f 230/230 229/229 243/243
f 243/243 229/229 367/367
f 256/256 230/230 243/243
f 242/242 262/262 367/367
f 262/262 242/242 169/169
f 367/367 262/262 257/257
f 169/169 261/261 337/337
f 344/344 169/169 337/337
f 180/180 169/169 344/344
f 182/182 185/185 120/120
f 379/379 130/130 264/264
f 275/275 130/130 379/379
f 257/257 262/262 372/372
f 372/372 262/262 253/253
f 245/245 121/121 124/124
f 272/272 245/245 124/124
f 167/167 264/264 130/130
f 265/265 180/180 344/344
f 502/502 180/180 265/265
f 272/272 275/275 371/371
f 142/142 216/216 425/425
f 217/217 221/221 418/418
f 146/146 392/392 435/435
f 296/296 190/190 294/294
f 177/177 335/335 384/384
f 190/190 296/296 313/313
f 234/234 194/194 326/326
f 321/321 314/314 224/224
f 309/309 219/219 496/496
f 210/210 334/334 288/288
f 459/459 227/227 449/449
f 315/315 238/238 244/244
f 280/280 235/235 453/453
f 238/238 259/259 244/244
f 408/408 197/197 231/231
f 227/227 313/313 296/296
f 326/326 205/205 412/412
f 225/225 229/229 385/385
f 205/205 226/226 412/412
f 288/288 385/385 210/210
f 230/230 210/210 385/385
f 335/335 311/311 336/336
f 229/229 230/230 385/385
f 320/320 343/343 135/135
f 210/210 256/256 334/334
f 228/228 336/336 311/311
f 154/154 211/211 316/316
f 327/327 225/225 443/443
f 319/319 282/282 342/342
f 245/245 430/430 216/216
f 226/226 205/205 446/446
f 339/339 428/428 299/299
f 192/192 189/189 441/441
f 221/221 323/323 418/418
f 205/205 206/206 446/446
f 282/282 319/319 244/244
f 486/486 213/213 346/346
f 206/206 381/381 410/410
f 486/486 324/324 213/213
f 280/280 453/453 325/325
f 442/442 192/192 441/441
f 221/221 212/212 323/323
f 328/328 217/217 418/418
f 338/338 209/209 536/536
f 312/312 536/536 209/209
f 304/304 496/496 219/219
f 292/292 343/343 322/322
f 314/314 321/321 233/233
f 342/342 292/292 322/322
f 427/427 447/447 312/312
f 144/144 280/280 397/397
f 373/373 414/414 310/310
f 320/320 411/411 343/343
f 293/293 101/101 420/420
f 320/320 197/197 408/408
f 426/426 380/380 427/427
f 225/225 404/404 443/443
f 473/473 427/427 312/312
f 154/154 316/316 521/521
f 163/163 244/244 241/241
f 232/232 240/240 581/581
f 357/357 389/389 376/376
f 239/239 374/374 352/352
f 374/374 239/239 178/178
f 352/352 211/211 239/239
f 314/314 375/375 249/249
f 224/224 314/314 249/249
f 172/172 247/247 370/370
f 299/299 346/346 339/339
f 272/272 477/477 245/245
f 386/386 413/413 353/353
f 352/352 374/374 252/252
f 374/374 174/174 252/252
f 346/346 299/299 486/486
f 375/375 172/172 370/370
f 243/243 345/345 256/256
f 451/451 195/195 445/445
f 477/477 272/272 488/488
f 223/223 370/370 247/247
f 158/158 291/291 260/260
f 358/358 248/248 359/359
f 207/207 445/445 195/195
f 351/351 445/445 207/207
f 199/199 375/375 370/370
f 249/249 375/375 199/199
f 376/376 373/373 310/310
f 430/430 245/245 477/477
f 184/184 429/429 252/252
f 207/207 250/250 351/351
f 359/359 372/372 364/364
f 248/248 372/372 359/359
f 354/354 473/473 312/312
f 360/360 429/429 184/184
f 379/379 264/264 246/246
f 223/223 160/160 370/370
f 370/370 160/160 199/199
f 214/214 310/310 414/414
f 444/444 373/373 389/389
f 261/261 327/327 452/452
f 258/258 177/177 482/482
f 206/206 260/260 381/381
f 373/373 376/376 389/389
f 315/315 354/354 238/238
f 258/258 365/365 361/361
f 364/364 253/253 484/484
f 372/372 253/253 364/364
f 243/243 367/367 257/257
f 358/358 345/345 243/243
f 243/243 255/255 358/358
f 248/248 358/358 255/255
f 452/452 337/337 261/261
f 444/444 414/414 373/373
f 368/368 523/523 469/469
f 431/431 192/192 442/442
f 403/403 320/320 408/408
f 430/430 425/425 216/216
f 146/146 192/192 431/431
f 400/400 232/232 581/581
f 280/280 325/325 615/615
f 431/431 392/392 146/146
f 408/408 233/233 457/457
f 409/409 426/426 438/438
f 211/211 352/352 382/382
f 441/441 189/189 214/214
f 383/383 294/294 203/203
f 451/451 439/439 195/195
f 186/186 159/159 302/302
f 322/322 343/343 411/411
f 231/231 233/233 408/408
f 283/283 144/144 397/397
f 327/327 451/451 514/514
f 397/397 280/280 511/511
f 342/342 409/409 319/319
f 410/410 446/446 206/206
f 299/299 428/428 565/565
f 296/296 294/294 383/383
f 593/593 235/235 435/435
f 401/401 340/340 450/450
f 453/453 235/235 593/593
f 382/382 316/316 211/211
f 411/411 320/320 424/424
f 322/322 409/409 342/342
f 565/565 490/490 299/299
f 536/536 312/312 447/447
f 600/600 321/321 224/224
f 424/424 320/320 403/403
f 457/457 233/233 321/321
f 428/428 339/339 535/535
f 588/588 335/335 336/336
f 517/517 334/334 532/532
f 413/413 465/465 353/353
f 437/437 214/214 414/414
f 406/406 496/496 304/304
f 414/414 444/444 525/525
f 307/307 202/202 614/614
f 446/446 412/412 226/226
f 404/404 225/225 385/385
f 322/322 426/426 409/409
f 517/517 415/415 334/334
f 288/288 334/334 415/415
f 438/438 426/426 427/427
f 601/601 297/297 558/558
f 513/513 444/444 389/389
f 447/447 427/427 380/380
f 224/224 302/302 600/600
f 280/280 615/615 511/511
f 441/441 214/214 437/437
f 471/471 448/448 260/260
f 490/490 565/565 512/512
f 478/478 547/547 498/498
f 393/393 474/474 524/524
f 565/565 428/428 535/535
f 575/575 327/327 443/443
f 448/448 570/570 381/381
f 449/449 227/227 296/296
f 571/571 240/240 326/326
f 425/425 430/430 515/515
f 240/240 234/234 326/326
f 409/409 438/438 319/319
f 203/203 674/674 383/383
f 403/403 408/408 457/457
f 526/526 203/203 307/307
f 515/515 420/420 425/425
f 327/327 514/514 452/452
f 436/436 319/319 438/438
f 327/327 575/575 451/451
f 552/552 469/469 523/523
f 420/420 515/515 467/467
f 252/252 429/429 454/454
f 457/457 321/321 600/600
f 302/302 159/159 521/521
f 518/518 246/246 459/459
f 432/432 426/426 568/568
f 410/410 381/381 551/551
f 640/640 331/331 566/566
f 464/464 544/544 474/474
f 322/322 411/411 460/460
f 278/278 601/601 666/666
f 404/404 563/563 443/443
f 424/424 460/460 411/411
f 385/385 533/533 404/404
f 426/426 432/432 380/380
f 465/465 413/413 522/522
f 542/542 300/300 546/546
f 355/355 300/300 542/542
f 228/228 400/400 336/336
f 322/322 568/568 426/426
f 427/427 473/473 438/438
f 533/533 385/385 288/288
f 393/393 286/286 474/474
f 260/260 291/291 471/471
f 244/244 319/319 436/436
f 464/464 474/474 286/286
f 401/401 483/483 368/368
f 399/399 371/371 379/379
f 344/344 337/337 580/580
f 468/468 421/421 493/493
f 246/246 518/518 379/379
f 488/488 479/479 477/477
f 491/491 478/478 498/498
f 571/571 581/581 240/240
f 454/454 520/520 352/352
f 252/252 454/454 352/352
f 328/328 492/492 422/422
f 399/399 489/489 371/371
f 542/542 349/349 355/355
f 479/479 488/488 480/480
f 345/345 358/358 359/359
f 491/491 486/486 490/490
f 495/495 547/547 595/595
f 498/498 547/547 495/495
f 490/490 478/478 491/491
f 299/299 490/490 486/486
f 389/389 357/357 595/595
f 445/445 351/351 557/557
f 260/260 448/448 381/381
f 293/293 420/420 467/467
f 495/495 595/595 357/357
f 315/315 473/473 354/354
f 557/557 351/351 481/481
f 359/359 364/364 484/484
f 473/473 315/315 436/436
f 362/362 472/472 386/386
f 436/436 315/315 244/244
f 291/291 293/293 471/471
f 353/353 465/465 494/494
f 467/467 471/471 293/293
f 334/334 256/256 584/584
f 256/256 345/345 584/584
f 377/377 487/487 484/484
f 485/485 484/484 487/487
f 486/486 491/491 493/493
f 493/493 419/419 486/486
f 486/486 419/419 324/324
f 268/268 582/582 377/377
f 586/586 353/353 494/494
f 376/376 310/310 497/497
f 523/523 368/368 483/483
f 466/466 377/377 582/582
f 487/487 377/377 466/466
f 328/328 418/418 492/492
f 485/485 487/487 431/431
f 376/376 468/468 357/357
f 431/431 487/487 466/466
f 468/468 376/376 497/497
f 431/431 466/466 392/392
f 468/468 497/497 407/407
f 421/421 468/468 407/407
f 491/491 498/498 468/468
f 468/468 493/493 491/491
f 275/275 379/379 371/371
f 253/253 377/377 484/484
f 495/495 357/357 468/468
f 371/371 489/489 272/272
f 362/362 353/353 504/504
f 495/495 468/468 498/498
f 481/481 351/351 499/499
f 499/499 500/500 580/580
f 580/580 481/481 499/499
f 499/499 351/351 276/276
f 276/276 351/351 250/250
f 265/265 344/344 500/500
f 273/273 499/499 276/276
f 500/500 344/344 580/580
f 501/501 506/506 504/504
f 500/500 499/499 273/273
f 489/489 488/488 272/272
f 504/504 586/586 501/501
f 500/500 502/502 265/265
f 488/488 489/489 480/480
f 268/268 502/502 506/506
f 506/506 660/660 268/268
f 362/362 386/386 353/353
f 353/353 586/586 504/504
f 506/506 501/501 660/660
f 504/504 506/506 266/266
f 125/125 130/130 275/275
f 273/273 266/266 500/500
f 500/500 266/266 502/502
f 502/502 266/266 506/506
f 125/125 275/275 124/124
f 266/266 270/270 504/504
f 275/275 272/272 124/124
f 455/455 278/278 666/666
f 522/522 413/413 472/472
f 508/508 318/318 529/529
f 589/589 478/478 512/512
f 555/555 459/459 458/458
f 318/318 508/508 434/434
f 490/490 512/512 478/478
f 467/467 554/554 471/471
f 384/384 335/335 588/588
f 431/431 442/442 545/545
f 556/556 514/514 451/451
f 392/392 466/466 541/541
f 445/445 556/556 451/451
f 424/424 403/403 548/548
f 508/508 519/519 300/300
f 202/202 284/284 510/510
f 568/568 322/322 460/460
f 300/300 519/519 546/546
f 547/547 478/478 589/589
f 202/202 510/510 614/614
f 448/448 471/471 554/554
f 667/667 384/384 630/630
f 438/438 473/473 436/436
f 379/379 518/518 516/516
f 674/674 203/203 526/526
f 284/284 398/398 635/635
f 382/382 352/352 550/550
f 450/450 340/340 642/642
f 524/524 558/558 393/393
f 449/449 458/458 459/459
f 352/352 520/520 550/550
f 435/435 392/392 561/561
f 630/630 384/384 588/588
f 460/460 424/424 548/548
f 576/576 443/443 563/563
f 307/307 614/614 531/531
f 469/469 472/472 362/362
f 556/556 452/452 514/514
f 519/519 579/579 546/546
f 446/446 410/410 551/551
f 593/593 435/435 561/561
f 533/533 563/563 404/404
f 333/333 439/439 543/543
f 507/507 395/395 577/577
f 452/452 556/556 619/619
f 441/441 545/545 442/442
f 400/400 581/581 539/539
f 532/532 513/513 517/517
f 451/451 543/543 439/439
f 452/452 619/619 337/337
f 546/546 579/579 461/461
f 540/540 513/513 532/532
f 579/579 527/527 461/461
f 437/437 414/414 622/622
f 395/395 507/507 391/391
f 526/526 307/307 531/531
f 475/475 546/546 461/461
f 472/472 469/469 552/552
f 566/566 331/331 305/305
f 542/542 546/546 475/475
f 543/543 451/451 575/575
f 413/413 386/386 472/472
f 513/513 389/389 597/597
f 288/288 415/415 533/533
f 444/444 513/513 540/540
f 525/525 444/444 540/540
f 541/541 561/561 392/392
f 381/381 570/570 616/616
f 644/644 511/511 646/646
f 325/325 453/453 593/593
f 624/624 511/511 644/644
f 399/399 379/379 578/578
f 397/397 511/511 624/624
f 549/549 296/296 610/610
f 454/454 429/429 590/590
f 613/613 529/529 455/455
f 611/611 524/524 474/474
f 548/548 403/403 457/457
f 430/430 574/574 515/515
f 516/516 578/578 379/379
f 523/523 606/606 552/552
f 634/634 397/397 624/624
f 511/511 615/615 646/646
f 326/326 412/412 705/705
f 519/519 508/508 553/553
f 600/600 302/302 521/521
f 429/429 360/360 702/702
f 474/474 544/544 611/611
f 177/177 384/384 626/626
f 603/603 576/576 563/563
f 568/568 681/681 432/432
f 459/459 623/623 518/518
f 518/518 623/623 516/516
f 623/623 459/459 555/555
f 460/460 671/671 568/568
f 507/507 544/544 564/564
f 384/384 667/667 626/626
f 449/449 296/296 549/549
f 595/595 547/547 562/562
f 560/560 629/629 480/480
f 521/521 316/316 382/382
f 382/382 550/550 596/596
f 454/454 590/590 520/520
f 391/391 507/507 564/564
f 296/296 383/383 674/674
f 674/674 610/610 296/296
f 548/548 771/771 460/460
f 391/391 564/564 387/387
f 467/467 534/534 636/636
f 554/554 467/467 636/636
f 579/579 683/683 527/527
f 512/512 565/565 569/569
f 522/522 472/472 604/604
f 414/414 525/525 622/622
f 464/464 564/564 544/544
f 551/551 381/381 616/616
f 648/648 540/540 532/532
f 566/566 305/305 537/537
f 570/570 448/448 741/741
f 576/576 592/592 575/575
f 464/464 387/387 564/564
f 592/592 620/620 543/543
f 544/544 507/507 618/618
f 575/575 443/443 576/576
f 642/642 290/290 640/640
f 543/543 620/620 577/577
f 415/415 688/688 533/533
f 575/575 592/592 543/543
f 333/333 543/543 577/577
f 333/333 577/577 395/395
f 586/586 661/661 663/663
f 177/177 599/599 482/482
f 360/360 366/366 702/702
f 389/389 595/595 597/597
f 399/399 560/560 489/489
f 560/560 399/399 578/578
f 702/702 366/366 656/656
f 599/599 258/258 482/482
f 480/480 489/489 560/560
f 479/479 480/480 583/583
f 626/626 599/599 177/177
f 617/617 479/479 583/583
f 557/557 556/556 445/445
f 467/467 515/515 574/574
f 661/661 586/586 572/572
f 657/657 258/258 716/716
f 365/365 258/258 657/657
f 258/258 599/599 716/716
f 349/349 542/542 475/475
f 337/337 619/619 580/580
f 345/345 359/359 585/585
f 334/334 584/584 532/532
f 654/654 585/585 359/359
f 359/359 484/484 654/654
f 648/648 532/532 584/584
f 574/574 430/430 477/477
f 534/534 467/467 573/573
f 574/574 477/477 479/479
f 479/479 587/587 574/574
f 584/584 345/345 585/585
f 401/401 690/690 483/483
f 618/618 507/507 577/577
f 587/587 467/467 574/574
f 598/598 441/441 437/437
f 587/587 479/479 617/617
f 485/485 441/441 598/598
f 587/587 573/573 467/467
f 545/545 441/441 485/485
f 582/582 268/268 658/658
f 572/572 586/586 494/494
f 485/485 431/431 545/545
f 590/590 750/750 520/520
f 510/510 591/591 614/614
f 651/651 450/450 642/642
f 594/594 446/446 551/551
f 608/608 416/416 639/639
f 449/449 638/638 458/458
f 619/619 556/556 557/557
f 606/606 523/523 483/483
f 284/284 770/770 510/510
f 565/565 535/535 569/569
f 382/382 596/596 521/521
f 637/637 284/284 635/635
f 513/513 597/597 755/755
f 655/655 612/612 682/682
f 676/676 521/521 596/596
f 591/591 510/510 770/770
f 529/529 605/605 508/508
f 612/612 455/455 666/666
f 508/508 605/605 553/553
f 594/594 551/551 616/616
f 519/519 553/553 579/579
f 525/525 540/540 648/648
f 572/572 494/494 680/680
f 579/579 553/553 669/669
f 555/555 458/458 638/638
f 415/415 567/567 688/688
f 598/598 437/437 622/622
f 573/573 636/636 534/534
f 541/541 466/466 675/675
f 705/705 412/412 446/446
f 558/558 666/666 601/601
f 612/612 613/613 455/455
f 583/583 609/609 617/617
f 618/618 620/620 677/677
f 573/573 587/587 617/617
f 573/573 617/617 609/609
f 517/517 567/567 415/415
f 573/573 609/609 698/698
f 563/563 533/533 695/695
f 536/536 447/447 633/633
f 695/695 533/533 688/688
f 627/627 611/611 618/618
f 447/447 380/380 633/633
f 554/554 741/741 448/448
f 604/604 708/708 522/522
f 618/618 611/611 544/544
f 620/620 592/592 677/677
f 603/603 563/563 695/695
f 576/576 603/603 592/592
f 705/705 446/446 594/594
f 325/325 593/593 670/670
f 570/570 741/741 616/616
f 597/597 595/595 621/621
f 588/588 336/336 625/625
f 744/744 599/599 626/626
f 621/621 595/595 714/714
f 605/605 529/529 746/746
f 336/336 400/400 539/539
f 731/731 614/614 591/591
f 566/566 724/724 640/640
f 724/724 566/566 632/632
f 590/590 429/429 702/702
f 593/593 561/561 628/628
f 595/595 562/562 714/714
f 605/605 647/647 553/553
f 560/560 578/578 704/704
f 626/626 667/667 744/744
f 705/705 571/571 326/326
f 671/671 460/460 771/771
f 637/637 770/770 284/284
f 541/541 689/689 561/561
f 644/644 670/670 742/742
f 627/627 618/618 677/677
f 531/531 614/614 731/731
f 646/646 325/325 670/670
f 616/616 710/710 594/594
f 600/600 521/521 676/676
f 731/731 721/721 531/531
f 689/689 628/628 561/561
f 668/668 560/560 704/704
f 719/719 527/527 691/691
f 766/766 562/562 547/547
f 698/698 636/636 573/573
f 416/416 527/527 719/719
f 666/666 682/682 612/612
f 629/629 560/560 668/668
f 531/531 721/721 526/526
f 697/697 608/608 639/639
f 680/680 756/756 572/572
f 522/522 684/684 465/465
f 472/472 552/552 604/604
f 683/683 579/579 669/669
f 449/449 549/549 768/768
f 638/638 449/449 768/768
f 606/606 604/604 552/552
f 646/646 670/670 644/644
f 650/650 629/629 672/672
f 325/325 646/646 615/615
f 712/712 608/608 697/697
f 633/633 380/380 837/837
f 517/517 688/688 567/567
f 604/604 606/606 631/631
f 622/622 525/525 645/645
f 688/688 517/517 513/513
f 681/681 568/568 671/671
f 522/522 708/708 684/684
f 750/750 550/550 520/520
f 432/432 837/837 380/380
f 609/609 583/583 650/650
f 581/581 571/571 705/705
f 581/581 705/705 539/539
f 659/659 612/612 655/655
f 465/465 680/680 494/494
f 480/480 629/629 583/583
f 583/583 629/629 650/650
f 658/658 466/466 582/582
f 599/599 744/744 716/716
f 662/662 661/661 652/652
f 557/557 481/481 619/619
f 580/580 619/619 481/481
f 268/268 660/660 658/658
f 585/585 648/648 584/584
f 572/572 649/649 661/661
f 658/658 660/660 757/757
f 654/654 645/645 585/585
f 645/645 648/648 585/585
f 661/661 649/649 701/701
f 701/701 686/686 661/661
f 645/645 525/525 648/648
f 652/652 661/661 686/686
f 577/577 620/620 618/618
f 484/484 598/598 654/654
f 692/692 483/483 690/690
f 598/598 484/484 485/485
f 450/450 720/720 401/401
f 450/450 651/651 720/720
f 663/663 661/661 662/662
f 757/757 660/660 729/729
f 501/501 662/662 660/660
f 660/660 662/662 729/729
f 662/662 501/501 586/586
f 662/662 586/586 663/663
f 631/631 606/606 706/706
f 639/639 416/416 719/719
f 611/611 627/627 856/856
f 701/701 649/649 733/733
f 746/746 529/529 613/613
f 887/887 666/666 558/558
f 667/667 630/630 767/767
f 803/803 548/548 839/839
f 548/548 457/457 839/839
f 670/670 593/593 700/700
f 664/664 682/682 666/666
f 651/651 642/642 711/711
f 578/578 516/516 623/623
f 628/628 700/700 593/593
f 644/644 742/742 673/673
f 610/610 768/768 549/549
f 837/837 432/432 681/681
f 605/605 707/707 647/647
f 665/665 699/699 705/705
f 624/624 644/644 673/673
f 594/594 665/665 705/705
f 680/680 465/465 684/684
f 736/736 651/651 711/711
f 630/630 588/588 625/625
f 631/631 708/708 604/604
f 760/760 553/553 647/647
f 640/640 724/724 642/642
f 700/700 628/628 689/689
f 625/625 336/336 539/539
f 649/649 572/572 733/733
f 669/669 553/553 760/760
f 541/541 675/675 689/689
f 527/527 683/683 691/691
f 736/736 720/720 651/651
f 634/634 624/624 673/673
f 637/637 635/635 678/678
f 632/632 566/566 537/537
f 688/688 513/513 755/755
f 750/750 838/838 550/550
f 401/401 720/720 690/690
f 483/483 706/706 606/606
f 706/706 483/483 692/692
f 591/591 770/770 809/809
f 705/705 738/738 539/539
f 526/526 721/721 674/674
f 849/849 558/558 524/524
f 642/642 724/724 711/711
f 672/672 629/629 709/709
f 697/697 639/639 735/735
f 623/623 704/704 578/578
f 785/785 670/670 700/700
f 710/710 616/616 783/783
f 600/600 676/676 775/775
f 609/609 650/650 800/800
f 647/647 707/707 795/795
f 627/627 677/677 852/852
f 741/741 883/883 616/616
f 731/731 591/591 703/703
f 639/639 792/792 735/735
f 698/698 609/609 800/800
f 821/821 681/681 671/671
f 710/710 665/665 594/594
f 711/711 715/715 696/696
f 610/610 674/674 824/824
f 555/555 638/638 768/768
f 755/755 597/597 621/621
f 647/647 795/795 760/760
f 742/742 670/670 785/785
f 623/623 555/555 834/834
f 783/783 616/616 883/883
f 704/704 623/623 834/834
f 536/536 633/633 815/815
f 535/535 816/816 569/569
f 780/780 695/695 688/688
f 733/733 572/572 756/756
f 702/702 656/656 798/798
f 798/798 656/656 717/717
f 814/814 537/537 712/712
f 774/774 710/710 783/783
f 700/700 689/689 726/726
f 590/590 817/817 750/750
f 745/745 696/696 715/715
f 697/697 735/735 740/740
f 686/686 701/701 786/786
f 712/712 697/697 740/740
f 725/725 758/758 718/718
f 817/817 590/590 702/702
f 679/679 634/634 673/673
f 537/537 818/818 632/632
f 778/778 680/680 684/684
f 632/632 752/752 715/715
f 632/632 711/711 724/724
f 715/715 711/711 632/632
f 678/678 693/693 732/732
f 785/785 662/662 759/759
f 655/655 682/682 734/734
f 794/794 718/718 761/761
f 788/788 763/763 718/718
f 652/652 759/759 662/662
f 751/751 702/702 798/798
f 625/625 539/539 784/784
f 694/694 759/759 652/652
f 788/788 718/718 794/794
f 722/722 655/655 734/734
f 622/622 654/654 598/598
f 718/718 758/758 761/761
f 659/659 655/655 722/722
f 612/612 659/659 723/723
f 645/645 654/654 622/622
f 658/658 675/675 466/466
f 659/659 728/728 723/723
f 757/757 675/675 658/658
f 727/727 729/729 662/662
f 729/729 727/727 726/726
f 689/689 729/729 726/726
f 732/732 693/693 653/653
f 668/668 709/709 629/629
f 682/682 664/664 734/734
f 737/737 665/665 710/710
f 735/735 793/793 762/762
f 766/766 547/547 589/589
f 802/802 569/569 816/816
f 738/738 705/705 873/873
f 708/708 631/631 812/812
f 710/710 774/774 737/737
f 716/716 744/744 730/730
f 684/684 708/708 812/812
f 735/735 762/762 740/740
f 554/554 636/636 830/830
f 722/722 734/734 828/828
f 743/743 699/699 737/737
f 744/744 667/667 730/730
f 558/558 849/849 887/887
f 769/769 698/698 800/800
f 678/678 776/776 637/637
f 539/539 738/738 784/784
f 696/696 739/739 711/711
f 826/826 787/787 756/756
f 512/512 569/569 802/802
f 613/613 612/612 723/723
f 757/757 689/689 675/675
f 812/812 631/631 706/706
f 830/830 636/636 698/698
f 771/771 548/548 803/803
f 746/746 613/613 723/723
f 457/457 600/600 753/753
f 753/753 600/600 775/775
f 737/737 699/699 665/665
f 703/703 591/591 809/809
f 632/632 818/818 752/752
f 605/605 746/746 707/707
f 726/726 785/785 700/700
f 689/689 757/757 729/729
f 650/650 672/672 800/800
f 720/720 736/736 777/777
f 677/677 592/592 603/603
f 747/747 686/686 786/786
f 793/793 791/791 754/754
f 715/715 752/752 745/745
f 696/696 745/745 781/781
f 758/758 725/725 749/749
f 718/718 763/763 725/725
f 826/826 756/756 680/680
f 692/692 690/690 777/777
f 673/673 742/742 759/759
f 690/690 720/720 777/777
f 826/826 680/680 778/778
f 758/758 749/749 791/791
f 673/673 759/759 679/679
f 730/730 667/667 767/767
f 664/664 666/666 861/861
f 741/741 554/554 830/830
f 851/851 770/770 637/637
f 671/671 771/771 821/821
f 762/762 793/793 805/805
f 837/837 681/681 859/859
f 732/732 653/653 765/765
f 725/725 764/764 813/813
f 524/524 611/611 856/856
f 716/716 730/730 885/885
f 705/705 699/699 743/743
f 766/766 589/589 512/512
f 768/768 834/834 555/555
f 788/788 807/807 763/763
f 732/732 776/776 678/678
f 737/737 774/774 827/827
f 763/763 764/764 725/725
f 784/784 738/738 873/873
f 839/839 457/457 753/753
f 756/756 786/786 733/733
f 801/801 740/740 762/762
f 756/756 787/787 786/786
f 840/840 740/740 801/801
f 677/677 603/603 782/782
f 817/817 702/702 751/751
f 838/838 750/750 833/833
f 782/782 695/695 780/780
f 603/603 695/695 782/782
f 833/833 750/750 817/817
f 688/688 755/755 832/832
f 742/742 785/785 759/759
f 786/786 787/787 747/747
f 773/773 752/752 818/818
f 687/687 765/765 653/653
f 714/714 562/562 766/766
f 752/752 773/773 745/745
f 818/818 537/537 814/814
f 749/749 725/725 754/754
f 749/749 754/754 791/791
f 739/739 696/696 781/781
f 814/814 712/712 799/799
f 790/790 659/659 722/722
f 734/734 772/772 789/789
f 841/841 734/734 789/789
f 790/790 728/728 659/659
f 723/723 728/728 746/746
f 679/679 759/759 694/694
f 728/728 790/790 707/707
f 728/728 707/707 746/746
f 792/792 791/791 793/793
f 733/733 786/786 701/701
f 760/760 761/761 758/758
f 758/758 796/796 760/760
f 844/844 788/788 794/794
f 683/683 760/760 796/796
f 785/785 726/726 727/727
f 683/683 669/669 760/760
f 735/735 792/792 793/793
f 797/797 683/683 796/796
f 691/691 683/683 797/797
f 844/844 794/794 790/790
f 797/797 639/639 719/719
f 758/758 791/791 796/796
f 707/707 790/790 794/794
f 794/794 795/795 707/707
f 792/792 639/639 797/797
f 792/792 796/796 791/791
f 797/797 796/796 792/792
f 761/761 795/795 794/794
f 719/719 691/691 797/797
f 795/795 761/761 760/760
f 785/785 727/727 662/662
f 731/731 703/703 855/855
f 734/734 664/664 861/861
f 776/776 851/851 637/637
f 773/773 818/818 814/814
f 767/767 630/630 888/888
f 801/801 762/762 805/805
f 800/800 672/672 709/709
f 692/692 812/812 706/706
f 743/743 737/737 827/827
f 861/861 666/666 916/916
f 828/828 734/734 841/841
f 826/826 811/811 787/787
f 703/703 809/809 854/854
f 666/666 887/887 916/916
f 821/821 859/859 681/681
f 889/889 755/755 621/621
f 807/807 788/788 806/806
f 736/736 711/711 836/836
f 721/721 731/731 855/855
f 798/798 717/717 808/808
f 771/771 803/803 908/908
f 676/676 596/596 879/879
f 804/804 774/774 874/874
f 768/768 610/610 869/869
f 596/596 550/550 879/879
f 873/873 705/705 743/743
f 674/674 721/721 857/857
f 838/838 833/833 853/853
f 809/809 770/770 851/851
f 610/610 824/824 869/869
f 840/840 801/801 835/835
f 835/835 901/901 840/840
f 787/787 811/811 747/747
f 775/775 676/676 865/865
f 838/838 879/879 550/550
f 815/815 633/633 837/837
f 777/777 736/736 875/875
f 754/754 823/823 793/793
f 824/824 674/674 857/857
f 789/789 772/772 831/831
f 820/820 773/773 846/846
f 773/773 820/820 745/745
f 740/740 840/840 712/712
f 840/840 799/799 712/712
f 777/777 819/819 692/692
f 886/886 808/808 717/717
f 725/725 813/813 754/754
f 793/793 823/823 805/805
f 783/783 874/874 774/774
f 688/688 832/832 780/780
f 766/766 512/512 802/802
f 883/883 741/741 830/830
f 687/687 748/748 810/810
f 920/920 782/782 780/780
f 855/855 857/857 721/721
f 676/676 879/879 865/865
f 888/888 630/630 625/625
f 668/668 704/704 891/891
f 739/739 836/836 711/711
f 805/805 847/847 801/801
f 821/821 771/771 908/908
f 899/899 764/764 890/890
f 855/855 703/703 854/854
f 830/830 698/698 769/769
f 709/709 668/668 907/907
f 822/822 739/739 781/781
f 804/804 874/874 917/917
f 621/621 714/714 766/766
f 775/775 865/865 860/860
f 836/836 875/875 736/736
f 800/800 709/709 928/928
f 784/784 864/864 625/625
f 895/895 817/817 751/751
f 524/524 856/856 849/849
f 813/813 764/764 899/899
f 833/833 817/817 858/858
f 834/834 768/768 918/918
f 763/763 807/807 912/912
f 912/912 848/848 763/763
f 898/898 798/798 880/880
f 812/812 692/692 819/819
f 799/799 840/840 829/829
f 852/852 677/677 782/782
f 820/820 781/781 745/745
f 895/895 858/858 817/817
f 766/766 802/802 845/845
f 832/832 755/755 889/889
f 862/862 751/751 898/898
f 814/814 799/799 829/829
f 819/819 777/777 875/875
f 825/825 779/779 881/881
f 780/780 832/832 920/920
f 835/835 801/801 847/847
f 751/751 798/798 898/898
f 730/730 866/866 885/885
f 685/685 881/881 779/779
f 810/810 765/765 687/687
f 765/765 776/776 732/732
f 829/829 846/846 814/814
f 814/814 846/846 773/773
f 842/842 789/789 831/831
f 843/843 789/789 842/842
f 841/841 789/789 843/843
f 840/840 901/901 829/829
f 806/806 788/788 843/843
f 844/844 843/843 788/788
f 844/844 722/722 828/828
f 790/790 722/722 844/844
f 772/772 734/734 861/861
f 864/864 888/888 625/625
f 883/883 913/913 783/783
f 768/768 869/869 918/918
f 928/928 709/709 907/907
f 856/856 627/627 903/903
f 775/775 927/927 753/753
f 764/764 763/763 848/848
f 867/867 767/767 888/888
f 730/730 767/767 867/867
f 821/821 908/908 958/958
f 853/853 833/833 858/858
f 820/820 931/931 781/781
f 883/883 830/830 966/966
f 684/684 812/812 877/877
f 834/834 891/891 704/704
f 881/881 685/685 870/870
f 891/891 834/834 918/918
f 627/627 852/852 903/903
f 846/846 829/829 901/901
f 774/774 804/804 827/827
f 781/781 931/931 822/822
f 765/765 810/810 882/882
f 877/877 871/871 684/684
f 810/810 825/825 882/882
f 813/813 894/894 754/754
f 882/882 825/825 881/881
f 905/905 805/805 823/823
f 766/766 845/845 947/947
f 836/836 739/739 822/822
f 835/835 847/847 893/893
f 850/850 901/901 835/835
f 850/850 835/835 893/893
f 754/754 894/894 823/823
f 864/864 868/868 888/888
f 730/730 867/867 866/866
f 808/808 880/880 798/798
f 621/621 766/766 922/922
f 809/809 851/851 854/854
f 928/928 907/907 863/863
f 831/831 772/772 954/954
f 824/824 857/857 941/941
f 907/907 668/668 891/891
f 783/783 896/896 874/874
f 913/913 896/896 783/783
f 766/766 947/947 922/922
f 839/839 956/956 803/803
f 940/940 846/846 911/911
f 908/908 803/803 956/956
f 819/819 877/877 812/812
f 877/877 819/819 875/875
f 901/901 911/911 846/846
f 922/922 889/889 621/621
f 751/751 862/862 895/895
f 845/845 802/802 902/902
f 842/842 831/831 884/884
f 847/847 805/805 905/905
f 764/764 848/848 890/890
f 853/853 858/858 906/906
f 820/820 846/846 940/940
f 856/856 903/903 849/849
f 872/872 827/827 804/804
f 802/802 816/816 902/902
f 841/841 843/843 844/844
f 806/806 842/842 884/884
f 842/842 806/806 843/843
f 841/841 844/844 828/828
f 954/954 861/861 916/916
f 772/772 861/861 954/954
f 941/941 857/857 855/855
f 917/917 874/874 892/892
f 860/860 927/927 775/775
f 868/868 987/987 888/888
f 839/839 753/753 956/956
f 868/868 864/864 909/909
f 765/765 851/851 776/776
f 769/769 800/800 928/928
f 853/853 879/879 838/838
f 896/896 892/892 874/874
f 884/884 831/831 900/900
f 878/878 876/876 974/974
f 743/743 827/827 924/924
f 832/832 889/889 939/939
f 895/895 862/862 919/919
f 872/872 804/804 904/904
f 904/904 804/804 897/897
f 919/919 862/862 898/898
f 808/808 886/886 937/937
f 938/938 859/859 821/821
f 936/936 897/897 804/804
f 936/936 804/804 917/917
f 895/895 906/906 858/858
f 851/851 765/765 882/882
f 849/849 992/992 887/887
f 913/913 966/966 1047/1047
f 883/883 966/966 913/913
f 753/753 927/927 956/956
f 907/907 891/891 918/918
f 864/864 784/784 909/909
f 866/866 867/867 914/914
f 915/915 882/882 881/881
f 925/925 905/905 823/823
f 987/987 868/868 944/944
f 867/867 888/888 923/923
f 979/979 879/879 950/950
f 903/903 992/992 849/849
f 895/895 919/919 949/949
f 918/918 869/869 957/957
f 873/873 743/743 924/924
f 850/850 910/910 901/901
f 875/875 836/836 975/975
f 930/930 853/853 906/906
f 878/878 974/974 994/994
f 889/889 922/922 965/965
f 824/824 941/941 869/869
f 911/911 901/901 910/910
f 947/947 845/845 1013/1013
f 924/924 827/827 872/872
f 925/925 823/823 894/894
f 880/880 919/919 898/898
f 807/807 806/806 912/912
f 988/988 918/918 957/957
f 914/914 867/867 923/923
f 916/916 887/887 942/942
f 887/887 992/992 942/942
f 865/865 879/879 969/969
f 964/964 924/924 872/872
f 850/850 893/893 934/934
f 969/969 879/879 979/979
f 845/845 902/902 1013/1013
f 893/893 847/847 951/951
f 940/940 931/931 820/820
f 848/848 912/912 948/948
f 920/920 832/832 968/968
f 939/939 889/889 965/965
f 906/906 895/895 949/949
f 852/852 782/782 968/968
f 966/966 830/830 769/769
f 984/984 902/902 816/816
f 935/935 940/940 911/911
f 880/880 808/808 937/937
f 938/938 821/821 958/958
f 981/981 894/894 813/813
f 983/983 866/866 1004/1004
f 970/970 921/921 906/906
f 815/815 837/837 1016/1016
f 847/847 905/905 929/929
f 885/885 866/866 983/983
f 961/961 885/885 983/983
f 951/951 847/847 929/929
f 960/960 873/873 924/924
f 914/914 923/923 943/943
f 923/923 888/888 987/987
f 934/934 893/893 951/951
f 937/937 886/886 962/962
f 906/906 949/949 970/970
f 910/910 935/935 911/911
f 854/854 851/851 945/945
f 975/975 836/836 1062/1062
f 892/892 896/896 946/946
f 964/964 872/872 933/933
f 868/868 909/909 944/944
f 973/973 919/919 880/880
f 959/959 884/884 900/900
f 884/884 959/959 806/806
f 960/960 909/909 784/784
f 784/784 873/873 960/960
f 869/869 941/941 1115/1115
f 937/937 973/973 880/880
f 837/837 859/859 1016/1016
f 904/904 933/933 872/872
f 934/934 910/910 850/850
f 990/990 994/994 974/974
f 1016/1016 985/985 815/815
f 782/782 920/920 968/968
f 948/948 890/890 848/848
f 851/851 882/882 915/915
f 836/836 822/822 1062/1062
f 881/881 870/870 926/926
f 929/929 905/905 1001/1001
f 914/914 1004/1004 866/866
f 973/973 952/952 919/919
f 948/948 995/995 890/890
f 987/987 943/943 923/923
f 899/899 981/981 813/813
f 946/946 896/896 913/913
f 966/966 769/769 928/928
f 922/922 947/947 982/982
f 914/914 943/943 1004/1004
f 994/994 926/926 878/878
f 997/997 890/890 995/995
f 907/907 918/918 1002/1002
f 900/900 831/831 932/932
f 930/930 879/879 853/853
f 941/941 855/855 1006/1006
f 930/930 906/906 921/921
f 1012/1012 992/992 903/903
f 899/899 890/890 997/997
f 917/917 892/892 953/953
f 897/897 936/936 955/955
f 910/910 934/934 935/935
f 870/870 878/878 926/926
f 919/919 952/952 949/949
f 939/939 968/968 832/832
f 953/953 936/936 917/917
f 968/968 1020/1020 852/852
f 859/859 938/938 1016/1016
f 905/905 925/925 1001/1001
f 903/903 852/852 1003/1003
f 852/852 1020/1020 1003/1003
f 1022/1022 912/912 806/806
f 960/960 924/924 964/964
f 927/927 860/860 1019/1019
f 965/965 922/922 982/982
f 933/933 904/904 976/976
f 860/860 865/865 969/969
f 969/969 1019/1019 860/860
f 956/956 927/927 1019/1019
f 944/944 909/909 960/960
f 931/931 940/940 998/998
f 970/970 949/949 972/972
f 1013/1013 902/902 984/984
f 955/955 936/936 967/967
f 972/972 949/949 952/952
f 894/894 981/981 925/925
f 981/981 899/899 997/997
f 973/973 937/937 993/993
f 935/935 934/934 951/951
f 985/985 1016/1016 1070/1070
f 940/940 935/935 991/991
f 822/822 931/931 1062/1062
f 1089/1089 945/945 851/851
f 921/921 970/970 963/963
f 958/958 908/908 1028/1028
f 943/943 987/987 986/986
f 942/942 954/954 916/916
f 879/879 930/930 950/950
f 854/854 945/945 1006/1006
f 855/855 854/854 1006/1006
f 948/948 912/912 1022/1022
f 937/937 962/962 1008/1008
f 863/863 907/907 1002/1002
f 897/897 976/976 904/904
f 968/968 939/939 980/980
f 1012/1012 903/903 1003/1003
f 935/935 951/951 971/971
f 983/983 1009/1009 961/961
f 998/998 940/940 978/978
f 1016/1016 938/938 1014/1014
f 1089/1089 851/851 915/915
f 952/952 973/973 1007/1007
f 936/936 953/953 967/967
f 953/953 892/892 946/946
f 956/956 1019/1019 1053/1053
f 1004/1004 943/943 977/977
f 1078/1078 1030/1030 979/979
f 946/946 913/913 1047/1047
f 944/944 960/960 1039/1039
f 955/955 967/967 989/989
f 1022/1022 806/806 959/959
f 932/932 831/831 954/954
f 982/982 1071/1071 965/965
f 950/950 930/930 921/921
f 1010/1010 928/928 1081/1081
f 966/966 928/928 1010/1010
f 937/937 1008/1008 993/993
f 956/956 1028/1028 908/908
f 976/976 897/897 955/955
f 997/997 995/995 1037/1037
f 940/940 991/991 978/978
f 991/991 935/935 971/971
f 1028/1028 1041/1041 938/938
f 973/973 993/993 1007/1007
f 938/938 958/958 1028/1028
f 1041/1041 1014/1014 938/938
f 999/999 943/943 986/986
f 942/942 992/992 1052/1052
f 988/988 1002/1002 918/918
f 960/960 964/964 1045/1045
f 954/954 942/942 1067/1067
f 881/881 926/926 1072/1072
f 972/972 952/952 1035/1035
f 1045/1045 964/964 1025/1025
f 964/964 933/933 1025/1025
f 947/947 1013/1013 1040/1040
f 1006/1006 945/945 1060/1060
f 939/939 965/965 980/980
f 915/915 881/881 1072/1072
f 1028/1028 956/956 1053/1053
f 1004/1004 977/977 999/999
f 999/999 977/977 943/943
f 950/950 1078/1078 979/979
f 969/969 979/979 1030/1030
f 925/925 981/981 1018/1018
f 1018/1018 1001/1001 925/925
f 967/967 1036/1036 1029/1029
f 968/968 980/980 1020/1020
f 986/986 1048/1048 999/999
f 957/957 869/869 1033/1033
f 928/928 863/863 1151/1151
f 932/932 1005/1005 900/900
f 967/967 953/953 1036/1036
f 963/963 972/972 1017/1017
f 1040/1040 982/982 947/947
f 987/987 944/944 1021/1021
f 933/933 976/976 1025/1025
f 972/972 963/963 970/970
f 1039/1039 1021/1021 944/944
f 926/926 994/994 1074/1074
f 1034/1034 950/950 921/921
f 952/952 1007/1007 1035/1035
f 1015/1015 976/976 955/955
f 1060/1060 1027/1027 1006/1006
f 960/960 1011/1011 1039/1039
f 1011/1011 960/960 1045/1045
f 1101/1101 988/988 957/957
f 971/971 951/951 1042/1042
f 1023/1023 983/983 1004/1004
f 996/996 954/954 1067/1067
f 1009/1009 983/983 1023/1023
f 965/965 1000/1000 980/980
f 966/966 1079/1079 1047/1047
f 869/869 1115/1115 1033/1033
f 1082/1082 1078/1078 950/950
f 1136/1136 992/992 1012/1012
f 1032/1032 1019/1019 969/969
f 972/972 1035/1035 1017/1017
f 1021/1021 1048/1048 986/986
f 1079/1079 966/966 1010/1010
f 921/921 963/963 1034/1034
f 1063/1063 990/990 974/974
f 1081/1081 928/928 1151/1151
f 986/986 987/987 1021/1021
f 1034/1034 963/963 1017/1017
f 1062/1062 931/931 1095/1095
f 953/953 946/946 1036/1036
f 1015/1015 1024/1024 976/976
f 981/981 997/997 1026/1026
f 1022/1022 959/959 900/900
f 1004/1004 999/999 1023/1023
f 951/951 929/929 1042/1042
f 995/995 948/948 1037/1037
f 1007/1007 993/993 1050/1050
f 1032/1032 1038/1038 1019/1019
f 1026/1026 997/997 1037/1037
f 1015/1015 955/955 989/989
f 1082/1082 950/950 1034/1034
f 1137/1137 945/945 1089/1089
f 1024/1024 1031/1031 976/976
f 1053/1053 1019/1019 1080/1080
f 1021/1021 1039/1039 1086/1086
f 1022/1022 900/900 1005/1005
f 1076/1076 1097/1097 1030/1030
f 1011/1011 1045/1045 1039/1039
f 1030/1030 1078/1078 1076/1076
f 1026/1026 1018/1018 981/981
f 1047/1047 1079/1079 946/946
f 1008/1008 1050/1050 993/993
f 1056/1056 1000/1000 965/965
f 932/932 954/954 1054/1054
f 1032/1032 969/969 1030/1030
f 954/954 996/996 1054/1054
f 1025/1025 976/976 1031/1031
f 931/931 998/998 1095/1095
f 1015/1015 1059/1059 1024/1024
f 1029/1029 989/989 967/967
f 1137/1137 1060/1060 945/945
f 1086/1086 1039/1039 1046/1046
f 1037/1037 948/948 1022/1022
f 991/991 971/971 1064/1064
f 1019/1019 1038/1038 1080/1080
f 1005/1005 932/932 1054/1054
f 1002/1002 1151/1151 863/863
f 1067/1067 942/942 1091/1091
f 1052/1052 992/992 1136/1136
f 1048/1048 1023/1023 999/999
f 1072/1072 926/926 1074/1074
f 1098/1098 1020/1020 980/980
f 1050/1050 1008/1008 1044/1044
f 1043/1043 1009/1009 1023/1023
f 1021/1021 1086/1086 1057/1057
f 1031/1031 1024/1024 1049/1049
f 1021/1021 1065/1065 1048/1048
f 1039/1039 1045/1045 1046/1046
f 982/982 1040/1040 1061/1061
f 1017/1017 1035/1035 1066/1066
f 1179/1179 957/957 1033/1033
f 1116/1116 1115/1115 941/941
f 1045/1045 1025/1025 1031/1031
f 1051/1051 1136/1136 1012/1012
f 1209/1209 1010/1010 1081/1081
f 1013/1013 984/984 1133/1133
f 929/929 1001/1001 1103/1103
f 1003/1003 1051/1051 1012/1012
f 942/942 1052/1052 1091/1091
f 1103/1103 1134/1134 929/929
f 978/978 991/991 1107/1107
f 1043/1043 1023/1023 1120/1120
f 1056/1056 965/965 1071/1071
f 1046/1046 1045/1045 1125/1125
f 1006/1006 1116/1116 941/941
f 1092/1092 1133/1133 984/984
f 1045/1045 1031/1031 1125/1125
f 1070/1070 1093/1093 985/985
f 1035/1035 1007/1007 1050/1050
f 1064/1064 971/971 1042/1042
f 1017/1017 1066/1066 1034/1034
f 978/978 1107/1107 1055/1055
f 1020/1020 1051/1051 1003/1003
f 1040/1040 1013/1013 1133/1133
f 1001/1001 1018/1018 1103/1103
f 998/998 978/978 1055/1055
f 1023/1023 1048/1048 1065/1065
f 991/991 1064/1064 1107/1107
f 1073/1073 1036/1036 946/946
f 946/946 1079/1079 1073/1073
f 980/980 1000/1000 1094/1094
f 1238/1238 1041/1041 1028/1028
f 1042/1042 929/929 1134/1134
f 1049/1049 1024/1024 1059/1059
f 1059/1059 1075/1075 1049/1049
f 1097/1097 1032/1032 1030/1030
f 1046/1046 1125/1125 1077/1077
f 1065/1065 1021/1021 1057/1057
f 1066/1066 1058/1058 1034/1034
f 1090/1090 1015/1015 989/989
f 1022/1022 1005/1005 1068/1068
f 1066/1066 1035/1035 1131/1131
f 1023/1023 1083/1083 1120/1120
f 1036/1036 1073/1073 1029/1029
f 1031/1031 1049/1049 1075/1075
f 1082/1082 1034/1034 1058/1058
f 1071/1071 982/982 1061/1061
f 1059/1059 1015/1015 1090/1090
f 1016/1016 1014/1014 1187/1187
f 1131/1131 1035/1035 1050/1050
f 1125/1125 1031/1031 1088/1088
f 1086/1086 1046/1046 1118/1118
f 1074/1074 994/994 1121/1121
f 1118/1118 1046/1046 1077/1077
f 1116/1116 1006/1006 1027/1027
f 1016/1016 1187/1187 1127/1127
f 980/980 1094/1094 1098/1098
f 1121/1121 994/994 990/990
f 1026/1026 1037/1037 1117/1117
f 1090/1090 989/989 1119/1119
f 989/989 1029/1029 1119/1119
f 1023/1023 1065/1065 1083/1083
f 1041/1041 1155/1155 1014/1014
f 1070/1070 1016/1016 1127/1127
f 990/990 1063/1063 1217/1217
f 1073/1073 1079/1079 1139/1139
f 1162/1162 1054/1054 996/996
f 1102/1102 1044/1044 1069/1069
f 1050/1050 1044/1044 1102/1102
f 996/996 1067/1067 1104/1104
f 1031/1031 1075/1075 1088/1088
f 1043/1043 1120/1120 1122/1122
f 1056/1056 1094/1094 1000/1000
f 1099/1099 1136/1136 1051/1051
f 1061/1061 1040/1040 1133/1133
f 1099/1099 1051/1051 1020/1020
f 1112/1112 1026/1026 1117/1117
f 1020/1020 1098/1098 1099/1099
f 1018/1018 1026/1026 1112/1112
f 1090/1090 1119/1119 1084/1084
f 1083/1083 1065/1065 1087/1087
f 1068/1068 1144/1144 1022/1022
f 1037/1037 1022/1022 1144/1144
f 1005/1005 1054/1054 1162/1162
f 1131/1131 1050/1050 1102/1102
f 1065/1065 1057/1057 1087/1087
f 1108/1108 1058/1058 1066/1066
f 1067/1067 1091/1091 1104/1104
f 1214/1214 1002/1002 1145/1145
f 1087/1087 1057/1057 1086/1086
f 1082/1082 1058/1058 1132/1132
f 1107/1107 1064/1064 1100/1100
f 1028/1028 1053/1053 1177/1177
f 1029/1029 1073/1073 1126/1126
f 1069/1069 1044/1044 1123/1123
f 1134/1134 1130/1130 1042/1042
f 1117/1117 1037/1037 1144/1144
f 1121/1121 1154/1154 1074/1074
f 1103/1103 1018/1018 1113/1113
f 1141/1141 1032/1032 1097/1097
f 1071/1071 1138/1138 1056/1056
f 1052/1052 1136/1136 1091/1091
f 1053/1053 1080/1080 1177/1177
f 1059/1059 1090/1090 1165/1165
f 1108/1108 1066/1066 1111/1111
f 1071/1071 1061/1061 1147/1147
f 1162/1162 1068/1068 1005/1005
f 1041/1041 1238/1238 1155/1155
f 1063/1063 1096/1096 1217/1217
f 1119/1119 1029/1029 1128/1128
f 1072/1072 1074/1074 1169/1169
f 1088/1088 1075/1075 1085/1085
f 1055/1055 1107/1107 1110/1110
f 1077/1077 1114/1114 1118/1118
f 1064/1064 1042/1042 1130/1130
f 1075/1075 1059/1059 1085/1085
f 1002/1002 988/988 1145/1145
f 1087/1087 1106/1106 1083/1083
f 1078/1078 1082/1082 1109/1109
f 1136/1136 1099/1099 1129/1129
f 1079/1079 1010/1010 1209/1209
f 1094/1094 1171/1171 1098/1098
f 1120/1120 1083/1083 1106/1106
f 1082/1082 1132/1132 1109/1109
f 915/915 1072/1072 1169/1169
f 1126/1126 1128/1128 1029/1029
f 1104/1104 1162/1162 996/996
f 1094/1094 1056/1056 1138/1138
f 1088/1088 1085/1085 1125/1125
f 1027/1027 1060/1060 1222/1222
f 1078/1078 1109/1109 1076/1076
f 1115/1115 1116/1116 1180/1180
f 1125/1125 1114/1114 1077/1077
f 1131/1131 1102/1102 1176/1176
f 1101/1101 1145/1145 988/988
f 1140/1140 1176/1176 1102/1102
f 1173/1173 1111/1111 1066/1066
f 1093/1093 1070/1070 1127/1127
f 1066/1066 1131/1131 1173/1173
f 1018/1018 1112/1112 1113/1113
f 1140/1140 1102/1102 1069/1069
f 1060/1060 1137/1137 1191/1191
f 1085/1085 1143/1143 1125/1125
f 1087/1087 1086/1086 1150/1150
f 1218/1218 1144/1144 1068/1068
f 1033/1033 1115/1115 1180/1180
f 1090/1090 1084/1084 1165/1165
f 1085/1085 1059/1059 1165/1165
f 1122/1122 1120/1120 1124/1124
f 1058/1058 1108/1108 1132/1132
f 1202/1202 1080/1080 1038/1038
f 1179/1179 1101/1101 957/957
f 1160/1160 1218/1218 1068/1068
f 1120/1120 1106/1106 1124/1124
f 1185/1185 1104/1104 1091/1091
f 1106/1106 1087/1087 1158/1158
f 1084/1084 1119/1119 1135/1135
f 1038/1038 1032/1032 1202/1202
f 1014/1014 1155/1155 1187/1187
f 1163/1163 1105/1105 1314/1314
f 1100/1100 1146/1146 1107/1107
f 1168/1168 1130/1130 1134/1134
f 1110/1110 1107/1107 1146/1146
f 1217/1217 1096/1096 1226/1226
f 1114/1114 1125/1125 1159/1159
f 1113/1113 1134/1134 1103/1103
f 1125/1125 1143/1143 1159/1159
f 1124/1124 1183/1183 1122/1122
f 1095/1095 998/998 1249/1249
f 1151/1151 1002/1002 1214/1214
f 1098/1098 1175/1175 1099/1099
f 1132/1132 1108/1108 1142/1142
f 1150/1150 1158/1158 1087/1087
f 1143/1143 1085/1085 1156/1156
f 1108/1108 1111/1111 1142/1142
f 1118/1118 1150/1150 1086/1086
f 1131/1131 1176/1176 1149/1149
f 1123/1123 1140/1140 1069/1069
f 1173/1173 1142/1142 1111/1111
f 1136/1136 1185/1185 1091/1091
f 1165/1165 1084/1084 1135/1135
f 1099/1099 1152/1152 1129/1129
f 1121/1121 990/990 1217/1217
f 1128/1128 1172/1172 1119/1119
f 1138/1138 1071/1071 1181/1181
f 1117/1117 1144/1144 1148/1148
f 1128/1128 1126/1126 1197/1197
f 1179/1179 1033/1033 1180/1180
f 1254/1254 1314/1314 1105/1105
f 1221/1221 1204/1204 1133/1133
f 1140/1140 1123/1123 1184/1184
f 1068/1068 1162/1162 1160/1160
f 1028/1028 1177/1177 1194/1194
f 1169/1169 1074/1074 1154/1154
f 1135/1135 1119/1119 1172/1172
f 1238/1238 1028/1028 1194/1194
f 1097/1097 1076/1076 1109/1109
f 1061/1061 1133/1133 1204/1204
f 1164/1164 1202/1202 1032/1032
f 1165/1165 1156/1156 1085/1085
f 1032/1032 1141/1141 1164/1164
f 1094/1094 1138/1138 1303/1303
f 1169/1169 1262/1262 915/915
f 1118/1118 1114/1114 1150/1150
f 1105/1105 1186/1186 1254/1254
f 1027/1027 1305/1305 1243/1243
f 1166/1166 1165/1165 1135/1135
f 1100/1100 1064/1064 1193/1193
f 1116/1116 1027/1027 1243/1243
f 1114/1114 1159/1159 1190/1190
f 1143/1143 1170/1170 1159/1159
f 1132/1132 1201/1201 1109/1109
f 1064/1064 1130/1130 1193/1193
f 1202/1202 1177/1177 1080/1080
f 1136/1136 1129/1129 1343/1343
f 1173/1173 1131/1131 1149/1149
f 1137/1137 1089/1089 1191/1191
f 1184/1184 1176/1176 1140/1140
f 1146/1146 1100/1100 1193/1193
f 1150/1150 1114/1114 1182/1182
f 1172/1172 1166/1166 1135/1135
f 1182/1182 1114/1114 1190/1190
f 1158/1158 1150/1150 1215/1215
f 1173/1173 1157/1157 1142/1142
f 1161/1161 1163/1163 1189/1189
f 1130/1130 1168/1168 1193/1193
f 1128/1128 1197/1197 1172/1172
f 1201/1201 1132/1132 1157/1157
f 1142/1142 1157/1157 1132/1132
f 1183/1183 1124/1124 1199/1199
f 1093/1093 1127/1127 1195/1195
f 1180/1180 1116/1116 1243/1243
f 1112/1112 1117/1117 1174/1174
f 1266/1266 1151/1151 1214/1214
f 1133/1133 1092/1092 1247/1247
f 1199/1199 1124/1124 1167/1167
f 1178/1178 1154/1154 1121/1121
f 1124/1124 1106/1106 1167/1167
f 1143/1143 1156/1156 1170/1170
f 1117/1117 1148/1148 1174/1174
f 1159/1159 1170/1170 1192/1192
f 1099/1099 1175/1175 1152/1152
f 1249/1249 1227/1227 1095/1095
f 1190/1190 1159/1159 1192/1192
f 1191/1191 1089/1089 1286/1286
f 1185/1185 1136/1136 1343/1343
f 1176/1176 1184/1184 1188/1188
f 1055/1055 1110/1110 1257/1257
f 1156/1156 1165/1165 1198/1198
f 1165/1165 1166/1166 1198/1198
f 1081/1081 1151/1151 1266/1266
f 1222/1222 1060/1060 1191/1191
f 915/915 1262/1262 1089/1089
f 1126/1126 1073/1073 1220/1220
f 1218/1218 1148/1148 1144/1144
f 1106/1106 1158/1158 1167/1167
f 1173/1173 1149/1149 1212/1212
f 1218/1218 1160/1160 1251/1251
f 1139/1139 1220/1220 1073/1073
f 1325/1325 1221/1221 1133/1133
f 1325/1325 1133/1133 1247/1247
f 1313/1313 1194/1194 1177/1177
f 1197/1197 1126/1126 1211/1211
f 1177/1177 1202/1202 1295/1295
f 1210/1210 1170/1170 1198/1198
f 1183/1183 1199/1199 1205/1205
f 1170/1170 1156/1156 1198/1198
f 1216/1216 1189/1189 1163/1163
f 1236/1236 1172/1172 1211/1211
f 1055/1055 1249/1249 998/998
f 1171/1171 1094/1094 1203/1203
f 1303/1303 1203/1203 1094/1094
f 1172/1172 1197/1197 1211/1211
f 1188/1188 1184/1184 1206/1206
f 1198/1198 1166/1166 1200/1200
f 1079/1079 1209/1209 1269/1269
f 1192/1192 1170/1170 1210/1210
f 1166/1166 1172/1172 1200/1200
f 1147/1147 1181/1181 1071/1071
f 1187/1187 1195/1195 1127/1127
f 1247/1247 1092/1092 1292/1292
f 1199/1199 1167/1167 1208/1208
f 1211/1211 1126/1126 1220/1220
f 1152/1152 1343/1343 1129/1129
f 1134/1134 1287/1287 1168/1168
f 1314/1314 1216/1216 1163/1163
f 1207/1207 1198/1198 1200/1200
f 1287/1287 1134/1134 1113/1113
f 1200/1200 1172/1172 1236/1236
f 1246/1246 1190/1190 1192/1192
f 1167/1167 1158/1158 1215/1215
f 1178/1178 1121/1121 1346/1346
f 1215/1215 1150/1150 1182/1182
f 1174/1174 1228/1228 1112/1112
f 1092/1092 1196/1196 1292/1292
f 1173/1173 1231/1231 1157/1157
f 1286/1286 1089/1089 1262/1262
f 1175/1175 1098/1098 1171/1171
f 1113/1113 1112/1112 1228/1228
f 1110/1110 1146/1146 1234/1234
f 1234/1234 1257/1257 1110/1110
f 1176/1176 1188/1188 1235/1235
f 1145/1145 1101/1101 1264/1264
f 1205/1205 1199/1199 1213/1213
f 1246/1246 1192/1192 1210/1210
f 1027/1027 1222/1222 1305/1305
f 1167/1167 1215/1215 1208/1208
f 1161/1161 1189/1189 1252/1252
f 1266/1266 1214/1214 1410/1410
f 1182/1182 1190/1190 1246/1246
f 1139/1139 1079/1079 1269/1269
f 1274/1274 1097/1097 1230/1230
f 1147/1147 1061/1061 1224/1224
f 1195/1195 1187/1187 1285/1285
f 1303/1303 1138/1138 1181/1181
f 1234/1234 1146/1146 1334/1334
f 1235/1235 1188/1188 1206/1206
f 1187/1187 1155/1155 1255/1255
f 1155/1155 1238/1238 1237/1237
f 1231/1231 1173/1173 1223/1223
f 1164/1164 1141/1141 1274/1274
f 1097/1097 1274/1274 1141/1141
f 1269/1269 1220/1220 1139/1139
f 1152/1152 1175/1175 1280/1280
f 1169/1169 1244/1244 1291/1291
f 1309/1309 1193/1193 1168/1168
f 1154/1154 1244/1244 1169/1169
f 1121/1121 1217/1217 1346/1346
f 1173/1173 1212/1212 1223/1223
f 1149/1149 1176/1176 1235/1235
f 1206/1206 1232/1232 1235/1235
f 1199/1199 1208/1208 1213/1213
f 1266/1266 1259/1259 1081/1081
f 1061/1061 1204/1204 1224/1224
f 1256/1256 1208/1208 1225/1225
f 1208/1208 1215/1215 1225/1225
f 1269/1269 1209/1209 1304/1304
f 1193/1193 1309/1309 1219/1219
f 1182/1182 1246/1246 1265/1265
f 1250/1250 1225/1225 1215/1215
f 1182/1182 1250/1250 1215/1215
f 1148/1148 1218/1218 1245/1245
f 1248/1248 1212/1212 1149/1149
f 1210/1210 1198/1198 1253/1253
f 1249/1249 1055/1055 1257/1257
f 1146/1146 1193/1193 1219/1219
f 1101/1101 1179/1179 1264/1264
f 1261/1261 1211/1211 1220/1220
f 1237/1237 1255/1255 1155/1155
f 1097/1097 1109/1109 1230/1230
f 1300/1300 1346/1346 1217/1217
f 1174/1174 1148/1148 1245/1245
f 1313/1313 1177/1177 1295/1295
f 1209/1209 1081/1081 1304/1304
f 1274/1274 1230/1230 1340/1340
f 1205/1205 1213/1213 1272/1272
f 1345/1345 1147/1147 1224/1224
f 1233/1233 1205/1205 1272/1272
f 1194/1194 1289/1289 1238/1238
f 1179/1179 1180/1180 1408/1408
f 1198/1198 1207/1207 1253/1253
f 1285/1285 1293/1293 1195/1195
f 1262/1262 1169/1169 1291/1291
f 1248/1248 1149/1149 1235/1235
f 1154/1154 1178/1178 1244/1244
f 1181/1181 1147/1147 1263/1263
f 1213/1213 1208/1208 1256/1256
f 1182/1182 1265/1265 1242/1242
f 1225/1225 1240/1240 1256/1256
f 1253/1253 1239/1239 1210/1210
f 1189/1189 1278/1278 1252/1252
f 1145/1145 1410/1410 1214/1214
f 1157/1157 1231/1231 1267/1267
f 1218/1218 1251/1251 1245/1245
f 1223/1223 1267/1267 1231/1231
f 1210/1210 1239/1239 1246/1246
f 1146/1146 1219/1219 1271/1271
f 1255/1255 1285/1285 1187/1187
f 1227/1227 1249/1249 1400/1400
f 1223/1223 1212/1212 1290/1290
f 1113/1113 1228/1228 1276/1276
f 1178/1178 1346/1346 1342/1342
f 1229/1229 1174/1174 1275/1275
f 1260/1260 1258/1258 1207/1207
f 1290/1290 1212/1212 1248/1248
f 1240/1240 1225/1225 1250/1250
f 1408/1408 1180/1180 1404/1404
f 1207/1207 1200/1200 1260/1260
f 1344/1344 1153/1153 1294/1294
f 1246/1246 1239/1239 1265/1265
f 1260/1260 1200/1200 1296/1296
f 1236/1236 1296/1296 1200/1200
f 1250/1250 1182/1182 1242/1242
f 1245/1245 1251/1251 1279/1279
f 1345/1345 1263/1263 1147/1147
f 1253/1253 1207/1207 1258/1258
f 1203/1203 1175/1175 1171/1171
f 1259/1259 1266/1266 1299/1299
f 1164/1164 1295/1295 1202/1202
f 1189/1189 1216/1216 1321/1321
f 1236/1236 1211/1211 1261/1261
f 1235/1235 1232/1232 1282/1282
f 1302/1302 1189/1189 1321/1321
f 1109/1109 1201/1201 1230/1230
f 1334/1334 1146/1146 1271/1271
f 1342/1342 1268/1268 1178/1178
f 1289/1289 1237/1237 1238/1238
f 1338/1338 1303/1303 1307/1307
f 1303/1303 1181/1181 1307/1307
f 1287/1287 1113/1113 1276/1276
f 1267/1267 1223/1223 1290/1290
f 1289/1289 1194/1194 1313/1313
f 1309/1309 1271/1271 1219/1219
f 1229/1229 1361/1361 1174/1174
f 1248/1248 1235/1235 1282/1282
f 1191/1191 1286/1286 1270/1270
f 1272/1272 1213/1213 1256/1256
f 1224/1224 1204/1204 1331/1331
f 1293/1293 1285/1285 1322/1322
f 1228/1228 1174/1174 1361/1361
f 1314/1314 1321/1321 1216/1216
f 1222/1222 1191/1191 1270/1270
f 1217/1217 1226/1226 1300/1300
f 1244/1244 1178/1178 1268/1268
f 1382/1382 1168/1168 1287/1287
f 1309/1309 1168/1168 1382/1382
f 1230/1230 1201/1201 1288/1288
f 1201/1201 1157/1157 1288/1288
f 1157/1157 1267/1267 1288/1288
f 1284/1284 1288/1288 1267/1267
f 1277/1277 1253/1253 1258/1258
f 1278/1278 1189/1189 1302/1302
f 1174/1174 1245/1245 1275/1275
f 1279/1279 1350/1350 1245/1245
f 1253/1253 1265/1265 1239/1239
f 1294/1294 1153/1153 1281/1281
f 1255/1255 1308/1308 1285/1285
f 1224/1224 1331/1331 1348/1348
f 1256/1256 1240/1240 1272/1272
f 1282/1282 1232/1232 1273/1273
f 1242/1242 1265/1265 1335/1335
f 1204/1204 1221/1221 1331/1331
f 1404/1404 1180/1180 1243/1243
f 1236/1236 1261/1261 1283/1283
f 1275/1275 1361/1361 1229/1229
f 1269/1269 1349/1349 1220/1220
f 1249/1249 1257/1257 1378/1378
f 1347/1347 1370/1370 1254/1254
f 1254/1254 1186/1186 1347/1347
f 1273/1273 1301/1301 1282/1282
f 1236/1236 1283/1283 1296/1296
f 1164/1164 1274/1274 1319/1319
f 1307/1307 1181/1181 1263/1263
f 1268/1268 1324/1324 1244/1244
f 1250/1250 1306/1306 1240/1240
f 1265/1265 1253/1253 1277/1277
f 1282/1282 1315/1315 1248/1248
f 1277/1277 1258/1258 1298/1298
f 1258/1258 1260/1260 1332/1332
f 1296/1296 1332/1332 1260/1260
f 1370/1370 1314/1314 1254/1254
f 1298/1298 1258/1258 1341/1341
f 1271/1271 1393/1393 1334/1334
f 1333/1333 1273/1273 1241/1241
f 1283/1283 1261/1261 1297/1297
f 1399/1399 1360/1360 1290/1290
f 1221/1221 1325/1325 1369/1369
f 1250/1250 1242/1242 1329/1329
f 1237/1237 1365/1365 1255/1255
f 1179/1179 1408/1408 1353/1353
f 1399/1399 1290/1290 1248/1248
f 1332/1332 1341/1341 1258/1258
f 1304/1304 1081/1081 1259/1259
f 1264/1264 1179/1179 1353/1353
f 1203/1203 1420/1420 1175/1175
f 1296/1296 1283/1283 1297/1297
f 1344/1344 1347/1347 1186/1186
f 1240/1240 1306/1306 1310/1310
f 1257/1257 1234/1234 1378/1378
f 1274/1274 1340/1340 1319/1319
f 1291/1291 1244/1244 1317/1317
f 1273/1273 1333/1333 1301/1301
f 1345/1345 1224/1224 1348/1348
f 1292/1292 1327/1327 1247/1247
f 1335/1335 1265/1265 1364/1364
f 1265/1265 1277/1277 1298/1298
f 1228/1228 1361/1361 1312/1312
f 1325/1325 1247/1247 1327/1327
f 1356/1356 1275/1275 1245/1245
f 1332/1332 1296/1296 1318/1318
f 1284/1284 1267/1267 1290/1290
f 1250/1250 1310/1310 1306/1306
f 1296/1296 1297/1297 1318/1318
f 1378/1378 1234/1234 1334/1334
f 1237/1237 1289/1289 1320/1320
f 1261/1261 1220/1220 1349/1349
f 1333/1333 1241/1241 1311/1311
f 1297/1297 1261/1261 1349/1349
f 1282/1282 1301/1301 1315/1315
f 1313/1313 1295/1295 1316/1316
f 1295/1295 1164/1164 1319/1319
f 1315/1315 1301/1301 1333/1333
f 1326/1326 1305/1305 1222/1222
f 1420/1420 1280/1280 1175/1175
f 1331/1331 1221/1221 1369/1369
f 1451/1451 1278/1278 1302/1302
f 1329/1329 1242/1242 1367/1367
f 1243/1243 1305/1305 1326/1326
f 1364/1364 1265/1265 1298/1298
f 1264/1264 1375/1375 1145/1145
f 1410/1410 1145/1145 1375/1375
f 1262/1262 1447/1447 1286/1286
f 1270/1270 1286/1286 1447/1447
f 1298/1298 1341/1341 1366/1366
f 1300/1300 1226/1226 1401/1401
f 1222/1222 1270/1270 1454/1454
f 1342/1342 1346/1346 1528/1528
f 1284/1284 1290/1290 1336/1336
f 1299/1299 1266/1266 1352/1352
f 1373/1373 1340/1340 1230/1230
f 1414/1414 1295/1295 1319/1319
f 1288/1288 1373/1373 1230/1230
f 1276/1276 1409/1409 1287/1287
f 1393/1393 1362/1362 1334/1334
f 1410/1410 1352/1352 1266/1266
f 1318/1318 1297/1297 1330/1330
f 1333/1333 1311/1311 1357/1357
f 1317/1317 1244/1244 1324/1324
f 1308/1308 1255/1255 1365/1365
f 1365/1365 1237/1237 1320/1320
f 1364/1364 1298/1298 1339/1339
f 1329/1329 1337/1337 1250/1250
f 1308/1308 1322/1322 1285/1285
f 1203/1203 1303/1303 1338/1338
f 1390/1390 1269/1269 1304/1304
f 1350/1350 1356/1356 1245/1245
f 1262/1262 1291/1291 1317/1317
f 1310/1310 1250/1250 1337/1337
f 1436/1436 1228/1228 1312/1312
f 1276/1276 1228/1228 1436/1436
f 1378/1378 1354/1354 1249/1249
f 1401/1401 1424/1424 1300/1300
f 1349/1349 1269/1269 1390/1390
f 1330/1330 1297/1297 1349/1349
f 1375/1375 1264/1264 1353/1353
f 1289/1289 1313/1313 1453/1453
f 1290/1290 1360/1360 1336/1336
f 1294/1294 1398/1398 1344/1344
f 1332/1332 1318/1318 1359/1359
f 1335/1335 1367/1367 1242/1242
f 1330/1330 1368/1368 1318/1318
f 1361/1361 1275/1275 1356/1356
f 1298/1298 1366/1366 1339/1339
f 1344/1344 1363/1363 1347/1347
f 1358/1358 1310/1310 1337/1337
f 1321/1321 1314/1314 1380/1380
f 1307/1307 1263/1263 1387/1387
f 1341/1341 1332/1332 1359/1359
f 1326/1326 1222/1222 1454/1454
f 1262/1262 1317/1317 1405/1405
f 1331/1331 1392/1392 1348/1348
f 1359/1359 1318/1318 1384/1384
f 1318/1318 1368/1368 1384/1384
f 1351/1351 1278/1278 1451/1451
f 1325/1325 1327/1327 1369/1369
f 1335/1335 1364/1364 1383/1383
f 1284/1284 1376/1376 1288/1288
f 1320/1320 1289/1289 1453/1453
f 1330/1330 1349/1349 1385/1385
f 1445/1445 1243/1243 1326/1326
f 1404/1404 1243/1243 1445/1445
f 1295/1295 1414/1414 1316/1316
f 1398/1398 1363/1363 1344/1344
f 1263/1263 1345/1345 1387/1387
f 1292/1292 1323/1323 1327/1327
f 1371/1371 1328/1328 1322/1322
f 1399/1399 1248/1248 1315/1315
f 1336/1336 1360/1360 1423/1423
f 1385/1385 1349/1349 1390/1390
f 1364/1364 1339/1339 1377/1377
f 1368/1368 1330/1330 1395/1395
f 1345/1345 1348/1348 1418/1418
f 1377/1377 1339/1339 1366/1366
f 1392/1392 1418/1418 1348/1348
f 1356/1356 1350/1350 1429/1429
f 1421/1421 1309/1309 1382/1382
f 1380/1380 1314/1314 1370/1370
f 1271/1271 1309/1309 1421/1421
f 1366/1366 1341/1341 1381/1381
f 1400/1400 1249/1249 1354/1354
f 1338/1338 1307/1307 1412/1412
f 1341/1341 1359/1359 1381/1381
f 1374/1374 1399/1399 1315/1315
f 1528/1528 1346/1346 1437/1437
f 1333/1333 1374/1374 1315/1315
f 1420/1420 1203/1203 1338/1338
f 1378/1378 1334/1334 1415/1415
f 1365/1365 1320/1320 1467/1467
f 1464/1464 1408/1408 1404/1404
f 1403/1403 1329/1329 1367/1367
f 1427/1427 1374/1374 1333/1333
f 1333/1333 1357/1357 1427/1427
f 1308/1308 1371/1371 1322/1322
f 1385/1385 1395/1395 1330/1330
f 1360/1360 1399/1399 1372/1372
f 1312/1312 1361/1361 1435/1435
f 1336/1336 1376/1376 1284/1284
f 1367/1367 1335/1335 1383/1383
f 1437/1437 1300/1300 1424/1424
f 1454/1454 1270/1270 1447/1447
f 1337/1337 1329/1329 1403/1403
f 1308/1308 1365/1365 1394/1394
f 1346/1346 1300/1300 1437/1437
f 1317/1317 1324/1324 1417/1417
f 1345/1345 1396/1396 1387/1387
f 1361/1361 1356/1356 1435/1435
f 1384/1384 1381/1381 1359/1359
f 1324/1324 1268/1268 1342/1342
f 1492/1492 1259/1259 1299/1299
f 1403/1403 1386/1386 1337/1337
f 1423/1423 1360/1360 1372/1372
f 1393/1393 1271/1271 1458/1458
f 1331/1331 1369/1369 1392/1392
f 1405/1405 1317/1317 1417/1417
f 1384/1384 1368/1368 1395/1395
f 1304/1304 1259/1259 1492/1492
f 1447/1447 1262/1262 1405/1405
f 1386/1386 1428/1428 1358/1358
f 1307/1307 1463/1463 1412/1412
f 1358/1358 1337/1337 1386/1386
f 1340/1340 1406/1406 1319/1319
f 1417/1417 1324/1324 1455/1455
f 1313/1313 1316/1316 1489/1489
f 1387/1387 1463/1463 1307/1307
f 1414/1414 1489/1489 1316/1316
f 1411/1411 1377/1377 1366/1366
f 1411/1411 1366/1366 1381/1381
f 1390/1390 1304/1304 1442/1442
f 1468/1468 1403/1403 1367/1367
f 1370/1370 1347/1347 1363/1363
f 1377/1377 1389/1389 1364/1364
f 1451/1451 1430/1430 1351/1351
f 1440/1440 1372/1372 1399/1399
f 1381/1381 1384/1384 1411/1411
f 1376/1376 1373/1373 1288/1288
f 1389/1389 1377/1377 1402/1402
f 1375/1375 1353/1353 1501/1501
f 1453/1453 1467/1467 1320/1320
f 1382/1382 1287/1287 1409/1409
f 1414/1414 1319/1319 1479/1479
f 1383/1383 1468/1468 1367/1367
f 1451/1451 1302/1302 1456/1456
f 1383/1383 1364/1364 1425/1425
f 1395/1395 1411/1411 1384/1384
f 1373/1373 1406/1406 1340/1340
f 1371/1371 1308/1308 1444/1444
f 1420/1420 1338/1338 1412/1412
f 1271/1271 1421/1421 1458/1458
f 1378/1378 1415/1415 1432/1432
f 1426/1426 1386/1386 1439/1439
f 1395/1395 1385/1385 1416/1416
f 1364/1364 1389/1389 1425/1425
f 1386/1386 1403/1403 1439/1439
f 1492/1492 1493/1493 1304/1304
f 1302/1302 1321/1321 1496/1496
f 1457/1457 1380/1380 1370/1370
f 1394/1394 1444/1444 1308/1308
f 1390/1390 1442/1442 1592/1592
f 1399/1399 1374/1374 1434/1434
f 1321/1321 1380/1380 1496/1496
f 1597/1597 1496/1496 1380/1380
f 1377/1377 1411/1411 1475/1475
f 1424/1424 1401/1401 1537/1537
f 1362/1362 1415/1415 1334/1334
f 1382/1382 1409/1409 1443/1443
f 1409/1409 1276/1276 1436/1436
f 1468/1468 1441/1441 1403/1403
f 1418/1418 1396/1396 1345/1345
f 1421/1421 1382/1382 1443/1443
f 1439/1439 1403/1403 1441/1441
f 1353/1353 1408/1408 1431/1431
f 1423/1423 1476/1476 1336/1336
f 1392/1392 1369/1369 1518/1518
f 1376/1376 1336/1336 1476/1476
f 1437/1437 1424/1424 1553/1553
f 1475/1475 1402/1402 1377/1377
f 1434/1434 1440/1440 1399/1399
f 1385/1385 1407/1407 1416/1416
f 1385/1385 1390/1390 1407/1407
f 1324/1324 1342/1342 1455/1455
f 1518/1518 1369/1369 1561/1561
f 1431/1431 1408/1408 1464/1464
f 1501/1501 1483/1483 1375/1375
f 1479/1479 1319/1319 1406/1406
f 1411/1411 1395/1395 1469/1469
f 1457/1457 1597/1597 1380/1380
f 1429/1429 1465/1465 1356/1356
f 1369/1369 1327/1327 1561/1561
f 1468/1468 1383/1383 1425/1425
f 1435/1435 1356/1356 1465/1465
f 1496/1496 1456/1456 1302/1302
f 1499/1499 1419/1419 1413/1413
f 1416/1416 1469/1469 1395/1395
f 1440/1440 1423/1423 1372/1372
f 1371/1371 1525/1525 1328/1328
f 1434/1434 1374/1374 1471/1471
f 1428/1428 1386/1386 1422/1422
f 1422/1422 1386/1386 1426/1426
f 1294/1294 1281/1281 1566/1566
f 1415/1415 1362/1362 1584/1584
f 1457/1457 1363/1363 1512/1512
f 1370/1370 1363/1363 1457/1457
f 1439/1439 1438/1438 1426/1426
f 1434/1434 1446/1446 1440/1440
f 1442/1442 1304/1304 1493/1493
f 1410/1410 1375/1375 1483/1483
f 1427/1427 1471/1471 1374/1374
f 1326/1326 1454/1454 1452/1452
f 1414/1414 1479/1479 1472/1472
f 1473/1473 1363/1363 1398/1398
f 1373/1373 1376/1376 1577/1577
f 1458/1458 1421/1421 1443/1443
f 1525/1525 1562/1562 1328/1328
f 1464/1464 1404/1404 1445/1445
f 1418/1418 1392/1392 1538/1538
f 1558/1558 1342/1342 1528/1528
f 1428/1428 1422/1422 1460/1460
f 1398/1398 1294/1294 1566/1566
f 1455/1455 1342/1342 1558/1558
f 1422/1422 1426/1426 1438/1438
f 1431/1431 1501/1501 1353/1353
f 1423/1423 1440/1440 1466/1466
f 1439/1439 1441/1441 1459/1459
f 1425/1425 1389/1389 1450/1450
f 1450/1450 1389/1389 1402/1402
f 1476/1476 1423/1423 1466/1466
f 1312/1312 1435/1435 1516/1516
f 1475/1475 1411/1411 1487/1487
f 1533/1533 1424/1424 1537/1537
f 1566/1566 1473/1473 1398/1398
f 1553/1553 1424/1424 1533/1533
f 1394/1394 1365/1365 1467/1467
f 1422/1422 1438/1438 1474/1474
f 1571/1571 1410/1410 1609/1609
f 1512/1512 1363/1363 1473/1473
f 1373/1373 1577/1577 1406/1406
f 1416/1416 1407/1407 1485/1485
f 1355/1355 1379/1379 1530/1530
f 1451/1451 1509/1509 1430/1430
f 1376/1376 1476/1476 1498/1498
f 1427/1427 1461/1461 1471/1471
f 1519/1519 1478/1478 1391/1391
f 1537/1537 1355/1355 1530/1530
f 1460/1460 1422/1422 1474/1474
f 1387/1387 1396/1396 1449/1449
f 1400/1400 1354/1354 1536/1536
f 1393/1393 1458/1458 1595/1595
f 1516/1516 1532/1532 1312/1312
f 1379/1379 1497/1497 1530/1530
f 1532/1532 1488/1488 1312/1312
f 1446/1446 1466/1466 1440/1440
f 1436/1436 1312/1312 1488/1488
f 1313/1313 1489/1489 1453/1453
f 1299/1299 1352/1352 1492/1492
f 1470/1470 1459/1459 1441/1441
f 1409/1409 1436/1436 1490/1490
f 1439/1439 1459/1459 1438/1438
f 1470/1470 1441/1441 1468/1468
f 1454/1454 1447/1447 1520/1520
f 1416/1416 1491/1491 1469/1469
f 1468/1468 1425/1425 1470/1470
f 1470/1470 1425/1425 1450/1450
f 1465/1465 1429/1429 1510/1510
f 1447/1447 1405/1405 1560/1560
f 1501/1501 1431/1431 1527/1527
f 1362/1362 1393/1393 1584/1584
f 1592/1592 1407/1407 1390/1390
f 1581/1581 1326/1326 1452/1452
f 1466/1466 1446/1446 1494/1494
f 1379/1379 1433/1433 1497/1497
f 1489/1489 1414/1414 1472/1472
f 1525/1525 1371/1371 1541/1541
f 1491/1491 1416/1416 1513/1513
f 1411/1411 1469/1469 1531/1531
f 1456/1456 1509/1509 1451/1451
f 1472/1472 1479/1479 1484/1484
f 1471/1471 1461/1461 1480/1480
f 1352/1352 1410/1410 1571/1571
f 1446/1446 1434/1434 1482/1482
f 1495/1495 1450/1450 1402/1402
f 1687/1687 1419/1419 1499/1499
f 1498/1498 1577/1577 1376/1376
f 1281/1281 1419/1419 1687/1687
f 1538/1538 1392/1392 1477/1477
f 1438/1438 1514/1514 1474/1474
f 1503/1503 1434/1434 1480/1480
f 1502/1502 1435/1435 1465/1465
f 1471/1471 1480/1480 1434/1434
f 1531/1531 1487/1487 1411/1411
f 1516/1516 1435/1435 1502/1502
f 1448/1448 1547/1547 1388/1388
f 1459/1459 1470/1470 1486/1486
f 1523/1523 1418/1418 1538/1538
f 1470/1470 1450/1450 1504/1504
f 1444/1444 1394/1394 1500/1500
f 1498/1498 1476/1476 1508/1508
f 1495/1495 1402/1402 1475/1475
f 1494/1494 1508/1508 1476/1476
f 1531/1531 1469/1469 1491/1491
f 1458/1458 1443/1443 1526/1526
f 1476/1476 1466/1466 1494/1494
f 1396/1396 1418/1418 1523/1523
f 1503/1503 1542/1542 1434/1434
f 1548/1548 1463/1463 1387/1387
f 1595/1595 1584/1584 1393/1393
f 1481/1481 1460/1460 1474/1474
f 1486/1486 1511/1511 1459/1459
f 1520/1520 1447/1447 1586/1586
f 1514/1514 1438/1438 1517/1517
f 1465/1465 1510/1510 1569/1569
f 1410/1410 1483/1483 1609/1609
f 1495/1495 1515/1515 1450/1450
f 1416/1416 1485/1485 1513/1513
f 1438/1438 1459/1459 1511/1511
f 1407/1407 1592/1592 1550/1550
f 1443/1443 1409/1409 1506/1506
f 1467/1467 1453/1453 1556/1556
f 1434/1434 1542/1542 1482/1482
f 1556/1556 1453/1453 1489/1489
f 1541/1541 1371/1371 1444/1444
f 1444/1444 1500/1500 1541/1541
f 1415/1415 1584/1584 1642/1642
f 1405/1405 1417/1417 1567/1567
f 1515/1515 1504/1504 1450/1450
f 1470/1470 1504/1504 1486/1486
f 1687/1687 1566/1566 1281/1281
f 1498/1498 1508/1508 1534/1534
f 1511/1511 1517/1517 1438/1438
f 1475/1475 1487/1487 1495/1495
f 1485/1485 1407/1407 1550/1550
f 1494/1494 1446/1446 1521/1521
f 1481/1481 1474/1474 1505/1505
f 1473/1473 1566/1566 1512/1512
f 1474/1474 1514/1514 1505/1505
f 1502/1502 1465/1465 1569/1569
f 1394/1394 1467/1467 1500/1500
f 1479/1479 1406/1406 1610/1610
f 1486/1486 1504/1504 1535/1535
f 1472/1472 1559/1559 1489/1489
f 1515/1515 1495/1495 1529/1529
f 1443/1443 1598/1598 1526/1526
f 1492/1492 1352/1352 1571/1571
f 1519/1519 1651/1651 1478/1478
f 1597/1597 1507/1507 1496/1496
f 1586/1586 1447/1447 1560/1560
f 1431/1431 1464/1464 1557/1557
f 1547/1547 1580/1580 1462/1462
f 1452/1452 1454/1454 1520/1520
f 1445/1445 1326/1326 1581/1581
f 1499/1499 1413/1413 1580/1580
f 1488/1488 1490/1490 1436/1436
f 1413/1413 1462/1462 1580/1580
f 1455/1455 1558/1558 1568/1568
f 1524/1524 1539/1539 1575/1575
f 1467/1467 1556/1556 1589/1589
f 1503/1503 1480/1480 1542/1542
f 1595/1595 1458/1458 1582/1582
f 1508/1508 1494/1494 1521/1521
f 1442/1442 1493/1493 1725/1725
f 1493/1493 1492/1492 1656/1656
f 1577/1577 1498/1498 1570/1570
f 1534/1534 1570/1570 1498/1498
f 1524/1524 1448/1448 1397/1397
f 1406/1406 1577/1577 1522/1522
f 1526/1526 1582/1582 1458/1458
f 1515/1515 1529/1529 1563/1563
f 1521/1521 1446/1446 1572/1572
f 1506/1506 1598/1598 1443/1443
f 1509/1509 1456/1456 1605/1605
f 1457/1457 1512/1512 1545/1545
f 1482/1482 1572/1572 1446/1446
f 1514/1514 1517/1517 1546/1546
f 1725/1725 1493/1493 1656/1656
f 1511/1511 1486/1486 1517/1517
f 1560/1560 1405/1405 1567/1567
f 1490/1490 1616/1616 1409/1409
f 1506/1506 1409/1409 1616/1616
f 1481/1481 1505/1505 1583/1583
f 1505/1505 1514/1514 1583/1583
f 1432/1432 1415/1415 1642/1642
f 1500/1500 1467/1467 1589/1589
f 1583/1583 1514/1514 1546/1546
f 1542/1542 1572/1572 1482/1482
f 1531/1531 1491/1491 1554/1554
f 1655/1655 1560/1560 1567/1567
f 1491/1491 1513/1513 1554/1554
f 1541/1541 1500/1500 1555/1555
f 1567/1567 1417/1417 1640/1640
f 1534/1534 1508/1508 1521/1521
f 1529/1529 1495/1495 1487/1487
f 1568/1568 1640/1640 1455/1455
f 1542/1542 1480/1480 1552/1552
f 1417/1417 1455/1455 1640/1640
f 1527/1527 1431/1431 1634/1634
f 1651/1651 1540/1540 1478/1478
f 1597/1597 1457/1457 1650/1650
f 1543/1543 1535/1535 1504/1504
f 1528/1528 1626/1626 1558/1558
f 1569/1569 1510/1510 1632/1632
f 1504/1504 1515/1515 1593/1593
f 1570/1570 1534/1534 1549/1549
f 1531/1531 1579/1579 1487/1487
f 1556/1556 1489/1489 1694/1694
f 1547/1547 1448/1448 1544/1544
f 1549/1549 1534/1534 1521/1521
f 1481/1481 1583/1583 1551/1551
f 1559/1559 1694/1694 1489/1489
f 1550/1550 1592/1592 1659/1659
f 1578/1578 1487/1487 1579/1579
f 1515/1515 1563/1563 1588/1588
f 1522/1522 1587/1587 1406/1406
f 1529/1529 1487/1487 1578/1578
f 1456/1456 1496/1496 1507/1507
f 1546/1546 1517/1517 1591/1591
f 1528/1528 1437/1437 1626/1626
f 1610/1610 1406/1406 1587/1587
f 1484/1484 1479/1479 1611/1611
f 1592/1592 1442/1442 1725/1725
f 1626/1626 1437/1437 1553/1553
f 1605/1605 1456/1456 1507/1507
f 1513/1513 1485/1485 1550/1550
f 1572/1572 1542/1542 1552/1552
f 1562/1562 1651/1651 1519/1519
f 1516/1516 1502/1502 1635/1635
f 1492/1492 1571/1571 1656/1656
f 1606/1606 1557/1557 1464/1464
f 1431/1431 1557/1557 1634/1634
f 1588/1588 1563/1563 1573/1573
f 1610/1610 1611/1611 1479/1479
f 1535/1535 1543/1543 1574/1574
f 1533/1533 1537/1537 1604/1604
f 1577/1577 1587/1587 1522/1522
f 1448/1448 1524/1524 1544/1544
f 1559/1559 1472/1472 1484/1484
f 1543/1543 1504/1504 1593/1593
f 1588/1588 1593/1593 1515/1515
f 1642/1642 1584/1584 1585/1585
f 1606/1606 1445/1445 1581/1581
f 1512/1512 1566/1566 1669/1669
f 1584/1584 1595/1595 1660/1660
f 1464/1464 1445/1445 1606/1606
f 1598/1598 1506/1506 1615/1615
f 1509/1509 1605/1605 1633/1633
f 1604/1604 1537/1537 1530/1530
f 1486/1486 1591/1591 1517/1517
f 1535/1535 1591/1591 1486/1486
f 1563/1563 1529/1529 1573/1573
f 1578/1578 1573/1573 1529/1529
f 1562/1562 1525/1525 1612/1612
f 1457/1457 1545/1545 1650/1650
f 1572/1572 1552/1552 1564/1564
f 1555/1555 1500/1500 1638/1638
f 1580/1580 1652/1652 1499/1499
f 1521/1521 1572/1572 1631/1631
f 1569/1569 1635/1635 1502/1502
f 1535/1535 1574/1574 1590/1590
f 1640/1640 1568/1568 1619/1619
f 1565/1565 1551/1551 1583/1583
f 1544/1544 1524/1524 1692/1692
f 1670/1670 1558/1558 1626/1626
f 1568/1568 1558/1558 1670/1670
f 1550/1550 1594/1594 1600/1600
f 1513/1513 1550/1550 1600/1600
f 1524/1524 1575/1575 1692/1692
f 1622/1622 1603/1603 1549/1549
f 1549/1549 1521/1521 1622/1622
f 1572/1572 1564/1564 1613/1613
f 1615/1615 1506/1506 1616/1616
f 1521/1521 1631/1631 1622/1622
f 1601/1601 1579/1579 1531/1531
f 1500/1500 1589/1589 1638/1638
f 1541/1541 1555/1555 1667/1667
f 1490/1490 1488/1488 1607/1607
f 1554/1554 1513/1513 1600/1600
f 1591/1591 1535/1535 1648/1648
f 1590/1590 1648/1648 1535/1535
f 1578/1578 1641/1641 1573/1573
f 1574/1574 1543/1543 1590/1590
f 1593/1593 1590/1590 1543/1543
f 1578/1578 1579/1579 1602/1602
f 1687/1687 1499/1499 1652/1652
f 1570/1570 1549/1549 1603/1603
f 1516/1516 1635/1635 1532/1532
f 1507/1507 1597/1597 1718/1718
f 1635/1635 1569/1569 1664/1664
f 1660/1660 1595/1595 1582/1582
f 1583/1583 1546/1546 1625/1625
f 1599/1599 1607/1607 1488/1488
f 1625/1625 1546/1546 1627/1627
f 1627/1627 1546/1546 1591/1591
f 1497/1497 1679/1679 1530/1530
f 1638/1638 1667/1667 1555/1555
f 1605/1605 1620/1620 1633/1633
f 1588/1588 1573/1573 1596/1596
f 1641/1641 1596/1596 1573/1573
f 1593/1593 1588/1588 1596/1596
f 1562/1562 1612/1612 1674/1674
f 1572/1572 1613/1613 1631/1631
f 1545/1545 1512/1512 1628/1628
f 1590/1590 1593/1593 1617/1617
f 1565/1565 1583/1583 1625/1625
f 1586/1586 1560/1560 1655/1655
f 1651/1651 1576/1576 1540/1540
f 1577/1577 1570/1570 1657/1657
f 1452/1452 1520/1520 1618/1618
f 1613/1613 1564/1564 1608/1608
f 1531/1531 1554/1554 1639/1639
f 1639/1639 1601/1601 1531/1531
f 1488/1488 1532/1532 1599/1599
f 1639/1639 1554/1554 1600/1600
f 1581/1581 1452/1452 1618/1618
f 1618/1618 1520/1520 1586/1586
f 1718/1718 1597/1597 1717/1717
f 1655/1655 1567/1567 1695/1695
f 1579/1579 1601/1601 1602/1602
f 1562/1562 1674/1674 1651/1651
f 1667/1667 1525/1525 1541/1541
f 1532/1532 1635/1635 1599/1599
f 1641/1641 1578/1578 1602/1602
f 1617/1617 1593/1593 1653/1653
f 1611/1611 1711/1711 1484/1484
f 1497/1497 1433/1433 1679/1679
f 1671/1671 1483/1483 1501/1501
f 1694/1694 1677/1677 1556/1556
f 1594/1594 1550/1550 1661/1661
f 1656/1656 1571/1571 1710/1710
f 1559/1559 1484/1484 1698/1698
f 1604/1604 1530/1530 1679/1679
f 1698/1698 1484/1484 1711/1711
f 1614/1614 1608/1608 1564/1564
f 1564/1564 1624/1624 1614/1614
f 1670/1670 1626/1626 1767/1767
f 1659/1659 1661/1661 1550/1550
f 1619/1619 1568/1568 1670/1670
f 1598/1598 1676/1676 1526/1526
f 1664/1664 1569/1569 1621/1621
f 1594/1594 1696/1696 1600/1600
f 1593/1593 1596/1596 1653/1653
f 1638/1638 1589/1589 1753/1753
f 1570/1570 1666/1666 1657/1657
f 1547/1547 1544/1544 1637/1637
f 1585/1585 1584/1584 1660/1660
f 1625/1625 1627/1627 1629/1629
f 1557/1557 1606/1606 1634/1634
f 1622/1622 1631/1631 1603/1603
f 1612/1612 1525/1525 1667/1667
f 1631/1631 1613/1613 1623/1623
f 1669/1669 1566/1566 1736/1736
f 1692/1692 1637/1637 1544/1544
f 1623/1623 1613/1613 1608/1608
f 1627/1627 1591/1591 1648/1648
f 1569/1569 1632/1632 1621/1621
f 1587/1587 1577/1577 1657/1657
f 1642/1642 1643/1643 1432/1432
f 1660/1660 1582/1582 1663/1663
f 1764/1764 1592/1592 1725/1725
f 1679/1679 1433/1433 1644/1644
f 1655/1655 1721/1721 1586/1586
f 1609/1609 1483/1483 1671/1671
f 1501/1501 1527/1527 1685/1685
f 1614/1614 1624/1624 1630/1630
f 1581/1581 1618/1618 1693/1693
f 1566/1566 1687/1687 1736/1736
f 1527/1527 1634/1634 1685/1685
f 1767/1767 1626/1626 1553/1553
f 1645/1645 1627/1627 1648/1648
f 1597/1597 1650/1650 1717/1717
f 1641/1641 1653/1653 1596/1596
f 1692/1692 1575/1575 1646/1646
f 1640/1640 1619/1619 1754/1754
f 1710/1710 1571/1571 1649/1649
f 1662/1662 1650/1650 1545/1545
f 1720/1720 1618/1618 1586/1586
f 1629/1629 1627/1627 1645/1645
f 1567/1567 1640/1640 1708/1708
f 1667/1667 1638/1638 1705/1705
f 1677/1677 1753/1753 1589/1589
f 1589/1589 1556/1556 1677/1677
f 1616/1616 1490/1490 1607/1607
f 1602/1602 1673/1673 1641/1641
f 1617/1617 1653/1653 1672/1672
f 1614/1614 1691/1691 1608/1608
f 1602/1602 1601/1601 1675/1675
f 1592/1592 1764/1764 1659/1659
f 1570/1570 1603/1603 1666/1666
f 1628/1628 1512/1512 1669/1669
f 1586/1586 1721/1721 1720/1720
f 1606/1606 1581/1581 1693/1693
f 1648/1648 1590/1590 1672/1672
f 1694/1694 1559/1559 1698/1698
f 1590/1590 1617/1617 1672/1672
f 1653/1653 1641/1641 1654/1654
f 1614/1614 1630/1630 1658/1658
f 1623/1623 1709/1709 1631/1631
f 1545/1545 1628/1628 1662/1662
f 1616/1616 1743/1743 1615/1615
f 1603/1603 1631/1631 1709/1709
f 1676/1676 1582/1582 1526/1526
f 1587/1587 1731/1731 1610/1610
f 1730/1730 1620/1620 1605/1605
f 1639/1639 1600/1600 1696/1696
f 1688/1688 1599/1599 1635/1635
f 1701/1701 1533/1533 1604/1604
f 1623/1623 1608/1608 1691/1691
f 1735/1735 1620/1620 1730/1730
f 1553/1553 1533/1533 1690/1690
f 1675/1675 1673/1673 1602/1602
f 1652/1652 1580/1580 1700/1700
f 1651/1651 1647/1647 1576/1576
f 1703/1703 1612/1612 1667/1667
f 1609/1609 1649/1649 1571/1571
f 1674/1674 1612/1612 1729/1729
f 1665/1665 1757/1757 1636/1636
f 1651/1651 1674/1674 1686/1686
f 1645/1645 1648/1648 1712/1712
f 1688/1688 1635/1635 1758/1758
f 1637/1637 1692/1692 1678/1678
f 1567/1567 1708/1708 1695/1695
f 1668/1668 1669/1669 1736/1736
f 1660/1660 1681/1681 1585/1585
f 1753/1753 1677/1677 1762/1762
f 1671/1671 1501/1501 1685/1685
f 1696/1696 1594/1594 1661/1661
f 1731/1731 1611/1611 1610/1610
f 1647/1647 1651/1651 1779/1779
f 1601/1601 1639/1639 1680/1680
f 1676/1676 1598/1598 1615/1615
f 1691/1691 1709/1709 1623/1623
f 1660/1660 1663/1663 1733/1733
f 1629/1629 1645/1645 1683/1683
f 1580/1580 1547/1547 1678/1678
f 1547/1547 1637/1637 1678/1678
f 1707/1707 1648/1648 1672/1672
f 1673/1673 1654/1654 1641/1641
f 1767/1767 1553/1553 1690/1690
f 1666/1666 1603/1603 1716/1716
f 1676/1676 1663/1663 1582/1582
f 1609/1609 1697/1697 1649/1649
f 1715/1715 1651/1651 1686/1686
f 1681/1681 1642/1642 1585/1585
f 1638/1638 1753/1753 1705/1705
f 1630/1630 1682/1682 1658/1658
f 1735/1735 1702/1702 1620/1620
f 1665/1665 1620/1620 1702/1702
f 1580/1580 1678/1678 1749/1749
f 1614/1614 1658/1658 1691/1691
f 1690/1690 1533/1533 1701/1701
f 1697/1697 1609/1609 1671/1671
f 1615/1615 1743/1743 1676/1676
f 1653/1653 1699/1699 1672/1672
f 1747/1747 1606/1606 1693/1693
f 1730/1730 1605/1605 1723/1723
f 1507/1507 1723/1723 1605/1605
f 1604/1604 1679/1679 1751/1751
f 1675/1675 1601/1601 1680/1680
f 1684/1684 1507/1507 1718/1718
f 1652/1652 1706/1706 1687/1687
f 1709/1709 1716/1716 1603/1603
f 1619/1619 1670/1670 1754/1754
f 1639/1639 1696/1696 1680/1680
f 1701/1701 1604/1604 1751/1751
f 1681/1681 1660/1660 1733/1733
f 1683/1683 1645/1645 1712/1712
f 1667/1667 1705/1705 1703/1703
f 1612/1612 1703/1703 1729/1729
f 1779/1779 1651/1651 1715/1715
f 1668/1668 1662/1662 1669/1669
f 1750/1750 1606/1606 1747/1747
f 1691/1691 1658/1658 1734/1734
f 1734/1734 1658/1658 1682/1682
f 1616/1616 1607/1607 1722/1722
f 1656/1656 1738/1738 1725/1725
f 1721/1721 1695/1695 1759/1759
f 1655/1655 1695/1695 1721/1721
f 1712/1712 1648/1648 1713/1713
f 1764/1764 1719/1719 1659/1659
f 1657/1657 1731/1731 1587/1587
f 1693/1693 1618/1618 1720/1720
f 1722/1722 1743/1743 1616/1616
f 1648/1648 1707/1707 1713/1713
f 1628/1628 1669/1669 1662/1662
f 1634/1634 1606/1606 1750/1750
f 1700/1700 1580/1580 1749/1749
f 1683/1683 1712/1712 1726/1726
f 1685/1685 1755/1755 1671/1671
f 1663/1663 1676/1676 1786/1786
f 1790/1790 1711/1711 1611/1611
f 1662/1662 1717/1717 1650/1650
f 1699/1699 1653/1653 1714/1714
f 1653/1653 1654/1654 1714/1714
f 1757/1757 1665/1665 1742/1742
f 1677/1677 1694/1694 1698/1698
f 1661/1661 1659/1659 1719/1719
f 1696/1696 1704/1704 1680/1680
f 1607/1607 1599/1599 1688/1688
f 1742/1742 1665/1665 1702/1702
f 1661/1661 1704/1704 1696/1696
f 1687/1687 1737/1737 1736/1736
f 1607/1607 1688/1688 1722/1722
f 1611/1611 1731/1731 1790/1790
f 1697/1697 1671/1671 1755/1755
f 1764/1764 1725/1725 1738/1738
f 1686/1686 1674/1674 1729/1729
f 1699/1699 1707/1707 1672/1672
f 1706/1706 1737/1737 1687/1687
f 1675/1675 1680/1680 1744/1744
f 1714/1714 1673/1673 1675/1675
f 1654/1654 1673/1673 1714/1714
f 1681/1681 1732/1732 1642/1642
f 1710/1710 1738/1738 1656/1656
f 1766/1766 1776/1776 1734/1734
f 1734/1734 1682/1682 1766/1766
f 1652/1652 1700/1700 1706/1706
f 1789/1789 1666/1666 1716/1716
f 1705/1705 1753/1753 1746/1746
f 1727/1727 1766/1766 1682/1682
f 1724/1724 1699/1699 1714/1714
f 1728/1728 1713/1713 1707/1707
f 1760/1760 1693/1693 1720/1720
f 1643/1643 1642/1642 1732/1732
f 1723/1723 1507/1507 1684/1684
f 1773/1773 1762/1762 1677/1677
f 1692/1692 1646/1646 1824/1824
f 1741/1741 1709/1709 1691/1691
f 1678/1678 1692/1692 1824/1824
f 1751/1751 1679/1679 1814/1814
f 1716/1716 1709/1709 1756/1756
f 1704/1704 1661/1661 1719/1719
f 1707/1707 1699/1699 1728/1728
f 1726/1726 1712/1712 1713/1713
f 1699/1699 1724/1724 1728/1728
f 1747/1747 1693/1693 1760/1760
f 1731/1731 1657/1657 1761/1761
f 1686/1686 1729/1729 1805/1805
f 1695/1695 1708/1708 1775/1775
f 1754/1754 1775/1775 1640/1640
f 1756/1756 1709/1709 1741/1741
f 1768/1768 1685/1685 1634/1634
f 1677/1677 1698/1698 1773/1773
f 1703/1703 1705/1705 1806/1806
f 1733/1733 1663/1663 1786/1786
f 1748/1748 1675/1675 1744/1744
f 1754/1754 1670/1670 1836/1836
f 1795/1795 1643/1643 1732/1732
f 1662/1662 1668/1668 1870/1870
f 1714/1714 1675/1675 1748/1748
f 1700/1700 1749/1749 1817/1817
f 1790/1790 1731/1731 1781/1781
f 1833/1833 1719/1719 1764/1764
f 1680/1680 1704/1704 1752/1752
f 1681/1681 1733/1733 1792/1792
f 1704/1704 1719/1719 1774/1774
f 1822/1822 1760/1760 1720/1720
f 1646/1646 1763/1763 1824/1824
f 1708/1708 1640/1640 1775/1775
f 1713/1713 1728/1728 1796/1796
f 1776/1776 1766/1766 1798/1798
f 1734/1734 1741/1741 1691/1691
f 1766/1766 1727/1727 1787/1787
f 1773/1773 1698/1698 1858/1858
f 1752/1752 1704/1704 1774/1774
f 1870/1870 1668/1668 1849/1849
f 1695/1695 1775/1775 1739/1739
f 1792/1792 1839/1839 1681/1681
f 1713/1713 1788/1788 1726/1726
f 1735/1735 1730/1730 1745/1745
f 1714/1714 1748/1748 1793/1793
f 1836/1836 1740/1740 1754/1754
f 1748/1748 1744/1744 1783/1783
f 1795/1795 1681/1681 1839/1839
f 1759/1759 1695/1695 1739/1739
f 1723/1723 1745/1745 1730/1730
f 1755/1755 1685/1685 1768/1768
f 1753/1753 1762/1762 1785/1785
f 1668/1668 1736/1736 1849/1849
f 1750/1750 1852/1852 1634/1634
f 1702/1702 1735/1735 1826/1826
f 1689/1689 1757/1757 1801/1801
f 1670/1670 1767/1767 1836/1836
f 1786/1786 1792/1792 1733/1733
f 1741/1741 1734/1734 1770/1770
f 1824/1824 1778/1778 1678/1678
f 1779/1779 1715/1715 1898/1898
f 1724/1724 1714/1714 1793/1793
f 1794/1794 1806/1806 1705/1705
f 1768/1768 1634/1634 1852/1852
f 1676/1676 1743/1743 1802/1802
f 1724/1724 1796/1796 1728/1728
f 1721/1721 1822/1822 1720/1720
f 1705/1705 1746/1746 1794/1794
f 1780/1780 1763/1763 1646/1646
f 1679/1679 1644/1644 1799/1799
f 1810/1810 1662/1662 1870/1870
f 1657/1657 1666/1666 1761/1761
f 1701/1701 1777/1777 1835/1835
f 1729/1729 1703/1703 1782/1782
f 1690/1690 1701/1701 1835/1835
f 1756/1756 1789/1789 1716/1716
f 1732/1732 1681/1681 1795/1795
f 1774/1774 1719/1719 1791/1791
f 1742/1742 1702/1702 1826/1826
f 1770/1770 1734/1734 1776/1776
f 1814/1814 1679/1679 1799/1799
f 1715/1715 1686/1686 1805/1805
f 1797/1797 1684/1684 1718/1718
f 1829/1829 1755/1755 1768/1768
f 1697/1697 1755/1755 1930/1930
f 1759/1759 1812/1812 1721/1721
f 1826/1826 1735/1735 1745/1745
f 1744/1744 1680/1680 1752/1752
f 1747/1747 1852/1852 1750/1750
f 1756/1756 1741/1741 1770/1770
f 1749/1749 1678/1678 1778/1778
f 1701/1701 1751/1751 1777/1777
f 1737/1737 1849/1849 1736/1736
f 1785/1785 1746/1746 1753/1753
f 1723/1723 1684/1684 1830/1830
f 1713/1713 1796/1796 1872/1872
f 1769/1769 1710/1710 1649/1649
f 1738/1738 1710/1710 1769/1769
f 1783/1783 1793/1793 1748/1748
f 1786/1786 1676/1676 1818/1818
f 1830/1830 1745/1745 1723/1723
f 1724/1724 1793/1793 1765/1765
f 1822/1822 1721/1721 1812/1812
f 1817/1817 1706/1706 1700/1700
f 1784/1784 1801/1801 1757/1757
f 1767/1767 1690/1690 1800/1800
f 1743/1743 1722/1722 1802/1802
f 1796/1796 1724/1724 1765/1765
f 1703/1703 1806/1806 1782/1782
f 1755/1755 1829/1829 1930/1930
f 1744/1744 1813/1813 1783/1783
f 1731/1731 1761/1761 1781/1781
f 1662/1662 1810/1810 1819/1819
f 1662/1662 1819/1819 1717/1717
f 1718/1718 1717/1717 1819/1819
f 1729/1729 1782/1782 1816/1816
f 1775/1775 1754/1754 1740/1740
f 1711/1711 1858/1858 1698/1698
f 1826/1826 1807/1807 1742/1742
f 1784/1784 1757/1757 1807/1807
f 1773/1773 1848/1848 1762/1762
f 1737/1737 1706/1706 1821/1821
f 1688/1688 1771/1771 1722/1722
f 1822/1822 1812/1812 1841/1841
f 1744/1744 1752/1752 1813/1813
f 1752/1752 1774/1774 1804/1804
f 1761/1761 1666/1666 1815/1815
f 1666/1666 1789/1789 1815/1815
f 1819/1819 1797/1797 1718/1718
f 1833/1833 1791/1791 1719/1719
f 1836/1836 1767/1767 1800/1800
f 1770/1770 1776/1776 1832/1832
f 1848/1848 1785/1785 1762/1762
f 1789/1789 1756/1756 1876/1876
f 1649/1649 1697/1697 1879/1879
f 1752/1752 1804/1804 1813/1813
f 1790/1790 1858/1858 1711/1711
f 1816/1816 1805/1805 1729/1729
f 1821/1821 1706/1706 1817/1817
f 1794/1794 1746/1746 1823/1823
f 1795/1795 1868/1868 1643/1643
f 1818/1818 1676/1676 1802/1802
f 1898/1898 1715/1715 1805/1805
f 1764/1764 1738/1738 1882/1882
f 1798/1798 1832/1832 1776/1776
f 1757/1757 1742/1742 1807/1807
f 1804/1804 1774/1774 1825/1825
f 1751/1751 1814/1814 1777/1777
f 1759/1759 1739/1739 1894/1894
f 1823/1823 1746/1746 1785/1785
f 1771/1771 1877/1877 1722/1722
f 1781/1781 1820/1820 1790/1790
f 1801/1801 1809/1809 1689/1689
f 1820/1820 1781/1781 1866/1866
f 1788/1788 1713/1713 1872/1872
f 1793/1793 1783/1783 1853/1853
f 1738/1738 1769/1769 1827/1827
f 1774/1774 1791/1791 1833/1833
f 1649/1649 1879/1879 1769/1769
f 1781/1781 1761/1761 1866/1866
f 1807/1807 1826/1826 1903/1903
f 1800/1800 1690/1690 1835/1835
f 1778/1778 1824/1824 1900/1900
f 1844/1844 1834/1834 1756/1756
f 1756/1756 1770/1770 1844/1844
f 1876/1876 1756/1756 1834/1834
f 1839/1839 1792/1792 1859/1859
f 1798/1798 1766/1766 1860/1860
f 1787/1787 1860/1860 1766/1766
f 1765/1765 1793/1793 1853/1853
f 1802/1802 1722/1722 1877/1877
f 1783/1783 1813/1813 1811/1811
f 1827/1827 1882/1882 1738/1738
f 1813/1813 1804/1804 1855/1855
f 1833/1833 1764/1764 1880/1880
f 1853/1853 1783/1783 1811/1811
f 1817/1817 1749/1749 1840/1840
f 1792/1792 1786/1786 1808/1808
f 1804/1804 1825/1825 1855/1855
f 1772/1772 1689/1689 1809/1809
f 1821/1821 1849/1849 1737/1737
f 1777/1777 1814/1814 1842/1842
f 1786/1786 1818/1818 1847/1847
f 1774/1774 1833/1833 1825/1825
f 1814/1814 1799/1799 1867/1867
f 1847/1847 1808/1808 1786/1786
f 1845/1845 1806/1806 1794/1794
f 1760/1760 1822/1822 1838/1838
f 1844/1844 1770/1770 1832/1832
f 1820/1820 1863/1863 1790/1790
f 1775/1775 1740/1740 1828/1828
f 1815/1815 1866/1866 1761/1761
f 1808/1808 1859/1859 1792/1792
f 1839/1839 1865/1865 1795/1795
f 1801/1801 1784/1784 1888/1888
f 1811/1811 1813/1813 1855/1855
f 1880/1880 1764/1764 1882/1882
f 1845/1845 1782/1782 1806/1806
f 1800/1800 1835/1835 1885/1885
f 1976/1976 1759/1759 1894/1894
f 1936/1936 1807/1807 1857/1857
f 1888/1888 1809/1809 1801/1801
f 1858/1858 1790/1790 1863/1863
f 1784/1784 1807/1807 1936/1936
f 1936/1936 1888/1888 1784/1784
f 1778/1778 1840/1840 1749/1749
f 1780/1780 1899/1899 1854/1854
f 1789/1789 1876/1876 1843/1843
f 1819/1819 1810/1810 1890/1890
f 1872/1872 1796/1796 1922/1922
f 1853/1853 1811/1811 1871/1871
f 1644/1644 1869/1869 1867/1867
f 1825/1825 1831/1831 1855/1855
f 1799/1799 1644/1644 1867/1867
f 1815/1815 1789/1789 1843/1843
f 1922/1922 1796/1796 1851/1851
f 1900/1900 1956/1956 1778/1778
f 1796/1796 1765/1765 1851/1851
f 1955/1955 1816/1816 1782/1782
f 1798/1798 1860/1860 1846/1846
f 1809/1809 1878/1878 1772/1772
f 1745/1745 1830/1830 1881/1881
f 1870/1870 1892/1892 1810/1810
f 1759/1759 1976/1976 1812/1812
f 1747/1747 1760/1760 1852/1852
f 1828/1828 1856/1856 1775/1775
f 1739/1739 1775/1775 1856/1856
f 1797/1797 1819/1819 2013/2013
f 1841/1841 1812/1812 1976/1976
f 1892/1892 1890/1890 1810/1810
f 1829/1829 1768/1768 1891/1891
f 1763/1763 1780/1780 1874/1874
f 1842/1842 1835/1835 1777/1777
f 1857/1857 1807/1807 1903/1903
f 1840/1840 1778/1778 1956/1956
f 1836/1836 1800/1800 1887/1887
f 1842/1842 1814/1814 1873/1873
f 1848/1848 1773/1773 1858/1858
f 1765/1765 1853/1853 1884/1884
f 1874/1874 1780/1780 1854/1854
f 1824/1824 1763/1763 1934/1934
f 1837/1837 1821/1821 1889/1889
f 1811/1811 1855/1855 1871/1871
f 1821/1821 1817/1817 1889/1889
f 1765/1765 1884/1884 1851/1851
f 1844/1844 1850/1850 1834/1834
f 1826/1826 1745/1745 1881/1881
f 1832/1832 1798/1798 1846/1846
f 1903/1903 1826/1826 1881/1881
f 1785/1785 1848/1848 1939/1939
f 1912/1912 1803/1803 1878/1878
f 1830/1830 1684/1684 1864/1864
f 1849/1849 1821/1821 1837/1837
f 1823/1823 1845/1845 1794/1794
f 1760/1760 1838/1838 1915/1915
f 1861/1861 1788/1788 1872/1872
f 1782/1782 1845/1845 1875/1875
f 1838/1838 1822/1822 1841/1841
f 1871/1871 1855/1855 1895/1895
f 1900/1900 1824/1824 1934/1934
f 1913/1913 1818/1818 1802/1802
f 1884/1884 1853/1853 1862/1862
f 1850/1850 1876/1876 1834/1834
f 1829/1829 1891/1891 1966/1966
f 1894/1894 1739/1739 1856/1856
f 1797/1797 1864/1864 1684/1684
f 1768/1768 1852/1852 1896/1896
f 1913/1913 1904/1904 1818/1818
f 1872/1872 1922/1922 1902/1902
f 1815/1815 1843/1843 1866/1866
f 1831/1831 1825/1825 1897/1897
f 1847/1847 1893/1893 1808/1808
f 1835/1835 1842/1842 1941/1941
f 1955/1955 1782/1782 1875/1875
f 1849/1849 1947/1947 1870/1870
f 1823/1823 1785/1785 1939/1939
f 1823/1823 1917/1917 1845/1845
f 1866/1866 1920/1920 1820/1820
f 1837/1837 1947/1947 1849/1849
f 1740/1740 1836/1836 1887/1887
f 1859/1859 1808/1808 1893/1893
f 2013/2013 1819/1819 1890/1890
f 1805/1805 1816/1816 1898/1898
f 1795/1795 1865/1865 1868/1868
f 1934/1934 1763/1763 1874/1874
f 1930/1930 1829/1829 1966/1966
f 1864/1864 1881/1881 1830/1830
f 1853/1853 1871/1871 1886/1886
f 1879/1879 1697/1697 1930/1930
f 1904/1904 1847/1847 1818/1818
f 1831/1831 1895/1895 1855/1855
f 1863/1863 1820/1820 1920/1920
f 1832/1832 1846/1846 1844/1844
f 1825/1825 1833/1833 1897/1897
f 1873/1873 1814/1814 1867/1867
f 1816/1816 1955/1955 2014/2014
f 1895/1895 1831/1831 1921/1921
f 1897/1897 1921/1921 1831/1831
f 1887/1887 1800/1800 1885/1885
f 1851/1851 1884/1884 1883/1883
f 1843/1843 1876/1876 1910/1910
f 1895/1895 1886/1886 1871/1871
f 1840/1840 1889/1889 1817/1817
f 1927/1927 1897/1897 1833/1833
f 1893/1893 1847/1847 1931/1931
f 1876/1876 1850/1850 1910/1910
f 1872/1872 1902/1902 1861/1861
f 1892/1892 1870/1870 1947/1947
f 1936/1936 1968/1968 1888/1888
f 1883/1883 1884/1884 1909/1909
f 1884/1884 1862/1862 1909/1909
f 1858/1858 1863/1863 1916/1916
f 1902/1902 1932/1932 1861/1861
f 1865/1865 1839/1839 1868/1868
f 1882/1882 1951/1951 1880/1880
f 1837/1837 1889/1889 1986/1986
f 1869/1869 1914/1914 1867/1867
f 1886/1886 1895/1895 1911/1911
f 1931/1931 1847/1847 1904/1904
f 1912/1912 1878/1878 1972/1972
f 1852/1852 1760/1760 1915/1915
f 1843/1843 1910/1910 1906/1906
f 1873/1873 1867/1867 1914/1914
f 1882/1882 1827/1827 1945/1945
f 1939/1939 1924/1924 1823/1823
f 1880/1880 1927/1927 1833/1833
f 1846/1846 1860/1860 1933/1933
f 1880/1880 1951/1951 1927/1927
f 1908/1908 1920/1920 1866/1866
f 1858/1858 1939/1939 1848/1848
f 1854/1854 1899/1899 1918/1918
f 1862/1862 1853/1853 1886/1886
f 1816/1816 1919/1919 1898/1898
f 1917/1917 1823/1823 1924/1924
f 1883/1883 1922/1922 1851/1851
f 1875/1875 1845/1845 2038/2038
f 1850/1850 1844/1844 1949/1949
f 1941/1941 1842/1842 1944/1944
f 1907/1907 1924/1924 1939/1939
f 1901/1901 1863/1863 1920/1920
f 1864/1864 1797/1797 1998/1998
f 1949/1949 1940/1940 1850/1850
f 1906/1906 1908/1908 1866/1866
f 1843/1843 1906/1906 1866/1866
f 1838/1838 2016/2016 1915/1915
f 1919/1919 1816/1816 2014/2014
f 1888/1888 1968/1968 1929/1929
f 1809/1809 1888/1888 1929/1929
f 1740/1740 1887/1887 2028/2028
f 1862/1862 1886/1886 1909/1909
f 1953/1953 1841/1841 1976/1976
f 1840/1840 1956/1956 1948/1948
f 1856/1856 1828/1828 1938/1938
f 1857/1857 1903/1903 1935/1935
f 1947/1947 1837/1837 1959/1959
f 1885/1885 1835/1835 2022/2022
f 1894/1894 1856/1856 1976/1976
f 1809/1809 1972/1972 1878/1878
f 1881/1881 1864/1864 1982/1982
f 1938/1938 1740/1740 2028/2028
f 1828/1828 1740/1740 1938/1938
f 1895/1895 1921/1921 1911/1911
f 1945/1945 1827/1827 1769/1769
f 2013/2013 1890/1890 1954/1954
f 1886/1886 1911/1911 1937/1937
f 1914/1914 1869/1869 1925/1925
f 1921/1921 1897/1897 1923/1923
f 1970/1970 1998/1998 1797/1797
f 1797/1797 2013/2013 1970/1970
f 1960/1960 1889/1889 1840/1840
f 1954/1954 1890/1890 1892/1892
f 1910/1910 1850/1850 1940/1940
f 1931/1931 1904/1904 1963/1963
f 1854/1854 1918/1918 1874/1874
f 1841/1841 1953/1953 1958/1958
f 1939/1939 1858/1858 1916/1916
f 1859/1859 1984/1984 1839/1839
f 1959/1959 1837/1837 1986/1986
f 1909/1909 1886/1886 1937/1937
f 1883/1883 1909/1909 1950/1950
f 1891/1891 1768/1768 1997/1997
f 1922/1922 1883/1883 1957/1957
f 1963/1963 1904/1904 2006/2006
f 1896/1896 1997/1997 1768/1768
f 1916/1916 1863/1863 1901/1901
f 1928/1928 1949/1949 1844/1844
f 1951/1951 1882/1882 1945/1945
f 1906/1906 1910/1910 1940/1940
f 2022/2022 1835/1835 1941/1941
f 1842/1842 1873/1873 1944/1944
f 1868/1868 1839/1839 1984/1984
f 1960/1960 1840/1840 1948/1948
f 1962/1962 1809/1809 1929/1929
f 1846/1846 1928/1928 1844/1844
f 1972/1972 1809/1809 1962/1962
f 1967/1967 2028/2028 1887/1887
f 1838/1838 1841/1841 1958/1958
f 1982/1982 1864/1864 1998/1998
f 1937/1937 1980/1980 1909/1909
f 1923/1923 1911/1911 1921/1921
f 1950/1950 1989/1989 1883/1883
f 1932/1932 1902/1902 1977/1977
f 1897/1897 1927/1927 2042/2042
f 1930/1930 1966/1966 1946/1946
f 2036/2036 1889/1889 1960/1960
f 1893/1893 1931/1931 1963/1963
f 1934/1934 1956/1956 1900/1900
f 1903/1903 1881/1881 1935/1935
f 2038/2038 1845/1845 1917/1917
f 1846/1846 1933/1933 1952/1952
f 1984/1984 1926/1926 1868/1868
f 1939/1939 1991/1991 1907/1907
f 1920/1920 1908/1908 2017/2017
f 1906/1906 2017/2017 1908/1908
f 2016/2016 1838/1838 1958/1958
f 1978/1978 1943/1943 1933/1933
f 1986/1986 1889/1889 2036/2036
f 1902/1902 1922/1922 1977/1977
f 1887/1887 1885/1885 1967/1967
f 1955/1955 1875/1875 2038/2038
f 2038/2038 1942/1942 1955/1955
f 1982/1982 1969/1969 1881/1881
f 1952/1952 1933/1933 1943/1943
f 1852/1852 1915/1915 1987/1987
f 1923/1923 1897/1897 1995/1995
f 1957/1957 1977/1977 1922/1922
f 2007/2007 1905/1905 2004/2004
f 1935/1935 1881/1881 1969/1969
f 1907/1907 2039/2039 1924/1924
f 1989/1989 1957/1957 1883/1883
f 1934/1934 1990/1990 2049/2049
f 1856/1856 1938/1938 1975/1975
f 1956/1956 1934/1934 2049/2049
f 1928/1928 1846/1846 1952/1952
f 2055/2055 1856/1856 1975/1975
f 1967/1967 1885/1885 1971/1971
f 1976/1976 1856/1856 2055/2055
f 1936/1936 1857/1857 1935/1935
f 1930/1930 1946/1946 2107/2107
f 1979/1979 1997/1997 1896/1896
f 2080/2080 1919/1919 2014/2014
f 2049/2049 1996/1996 1956/1956
f 1980/1980 1950/1950 1909/1909
f 1896/1896 1852/1852 1987/1987
f 1873/1873 1914/1914 1973/1973
f 1995/1995 1897/1897 2042/2042
f 1987/1987 1979/1979 1896/1896
f 1948/1948 1956/1956 1996/1996
f 1892/1892 1947/1947 2090/2090
f 1891/1891 1997/1997 1966/1966
f 1969/1969 2012/2012 1935/1935
f 1944/1944 1873/1873 1974/1974
f 1925/1925 1985/1985 1993/1993
f 1885/1885 2022/2022 1971/1971
f 1937/1937 1911/1911 2003/2003
f 1950/1950 1980/1980 1989/1989
f 1911/1911 1923/1923 2003/2003
f 1961/1961 1934/1934 1874/1874
f 1917/1917 1924/1924 2039/2039
f 1953/1953 1976/1976 2035/2035
f 1980/1980 1937/1937 1988/1988
f 2020/2020 2041/2041 1920/1920
f 1874/1874 1918/1918 1961/1961
f 1961/1961 1990/1990 1934/1934
f 1987/1987 1915/1915 2016/2016
f 1901/1901 1920/1920 2041/2041
f 1935/1935 2005/2005 1936/1936
f 1893/1893 2002/2002 1859/1859
f 1994/1994 1943/1943 1978/1978
f 2056/2056 1970/1970 2013/2013
f 2003/2003 1923/1923 1995/1995
f 1925/1925 1973/1973 1914/1914
f 1879/1879 1930/1930 2046/2046
f 2029/2029 2017/2017 1906/1906
f 1906/1906 1940/1940 2029/2029
f 2014/2014 1955/1955 1942/1942
f 1974/1974 1873/1873 1973/1973
f 1944/1944 2009/2009 1941/1941
f 1963/1963 2002/2002 1893/1893
f 1939/1939 1916/1916 1991/1991
f 1972/1972 2024/2024 1912/1912
f 1905/1905 1912/1912 2024/2024
f 1935/1935 2012/2012 2005/2005
f 2017/2017 2020/2020 1920/1920
f 2005/2005 2068/2068 1936/1936
f 1998/1998 2008/2008 1982/1982
f 2011/2011 1977/1977 1957/1957
f 1928/1928 1952/1952 2021/2021
f 1937/1937 2003/2003 1983/1983
f 1954/1954 1892/1892 2090/2090
f 1943/1943 2021/2021 1952/1952
f 2068/2068 1968/1968 1936/1936
f 1984/1984 1859/1859 2002/2002
f 2026/2026 1972/1972 2025/2025
f 1978/1978 1981/1981 1994/1994
f 1957/1957 1989/1989 2011/2011
f 1983/1983 2003/2003 2037/2037
f 1989/1989 1980/1980 1988/1988
f 1769/1769 1879/1879 1999/1999
f 2075/2075 1991/1991 1916/1916
f 1919/1919 2080/2080 2018/2018
f 2050/2050 1944/1944 1974/1974
f 2038/2038 1917/1917 2061/2061
f 2107/2107 2046/2046 1930/1930
f 2022/2022 1941/1941 2009/2009
f 2035/2035 1976/1976 2055/2055
f 1972/1972 1962/1962 2025/2025
f 1945/1945 1769/1769 1999/1999
f 1901/1901 1992/1992 1916/1916
f 2039/2039 1907/1907 2053/2053
f 1988/1988 1937/1937 1983/1983
f 2007/2007 2047/2047 1964/1964
f 1993/1993 2023/2023 1925/1925
f 1973/1973 1925/1925 2023/2023
f 2055/2055 1975/1975 2072/2072
f 1969/1969 1982/1982 2008/2008
f 2075/2075 1916/1916 1992/1992
f 1929/1929 1968/1968 2025/2025
f 1988/1988 2027/2027 1989/1989
f 2132/2132 2065/2065 1959/1959
f 1959/1959 1986/1986 2132/2132
f 1962/1962 1929/1929 2025/2025
f 1943/1943 1994/1994 2051/2051
f 2061/2061 1917/1917 2039/2039
f 2008/2008 1998/1998 1965/1965
f 1947/1947 1959/1959 2065/2065
f 1998/1998 1970/1970 1965/1965
f 1907/1907 1991/1991 2053/2053
f 2025/2025 1968/1968 2068/2068
f 2004/2004 1905/1905 2024/2024
f 1961/1961 1918/1918 2019/2019
f 2033/2033 1961/1961 2019/2019
f 2053/2053 1991/1991 2052/2052
f 2064/2064 2052/2052 1991/1991
f 2028/2028 1967/1967 2054/2054
f 2037/2037 2003/2003 2031/2031
f 2030/2030 1994/1994 1981/1981
f 1989/1989 2027/2027 2011/2011
f 2059/2059 1951/1951 1945/1945
f 1940/1940 1949/1949 2010/2010
f 1927/1927 1951/1951 2059/2059
f 2046/2046 1999/1999 1879/1879
f 2038/2038 2061/2061 2081/2081
f 1943/1943 2057/2057 2021/2021
f 2109/2109 1993/1993 1985/1985
f 2132/2132 1986/1986 2036/2036
f 2000/2000 1964/1964 2047/2047
f 1977/1977 2011/2011 2069/2069
f 2030/2030 1981/1981 2044/2044
f 1949/1949 1928/1928 2010/2010
f 2029/2029 1940/1940 2097/2097
f 1970/1970 2056/2056 2128/2128
f 2010/2010 1928/1928 2043/2043
f 2008/2008 2012/2012 1969/1969
f 1927/1927 2059/2059 2042/2042
f 2003/2003 1995/1995 2031/2031
f 1979/1979 1987/1987 2119/2119
f 1960/1960 1948/1948 2040/2040
f 2097/2097 1940/1940 2010/2010
f 2056/2056 2013/2013 2060/2060
f 1948/1948 1996/1996 2040/2040
f 2054/2054 1967/1967 1971/1971
f 2026/2026 2024/2024 1972/1972
f 2043/2043 1928/1928 2021/2021
f 2057/2057 1943/1943 2051/2051
f 2022/2022 2009/2009 2202/2202
f 2051/2051 1994/1994 2030/2030
f 2027/2027 1988/1988 2045/2045
f 2108/2108 1960/1960 2040/2040
f 1983/1983 2045/2045 1988/1988
f 1997/1997 1979/1979 2078/2078
f 1954/1954 2090/2090 2063/2063
f 2109/2109 2023/2023 1993/1993
f 2032/2032 2012/2012 2048/2048
f 1996/1996 2049/2049 2122/2122
f 2011/2011 2027/2027 2034/2034
f 2031/2031 1995/1995 2058/2058
f 1990/1990 1961/1961 2033/2033
f 1946/1946 1966/1966 2134/2134
f 1901/1901 2041/2041 1992/1992
f 2005/2005 2012/2012 2032/2032
f 2135/2135 1971/1971 2022/2022
f 2069/2069 2011/2011 2034/2034
f 1997/1997 2134/2134 1966/1966
f 2092/2092 2022/2022 2202/2202
f 2080/2080 2014/2014 1942/1942
f 1981/1981 1978/1978 2070/2070
f 2122/2122 2093/2093 1996/1996
f 1973/1973 2023/2023 2077/2077
f 2015/2015 1973/1973 2077/2077
f 2064/2064 1991/1991 2075/2075
f 1953/1953 2035/2035 1958/1958
f 2097/2097 2010/2010 2102/2102
f 2036/2036 1960/1960 2108/2108
f 2088/2088 2042/2042 2059/2059
f 2059/2059 1945/1945 2079/2079
f 1983/1983 2037/2037 2045/2045
f 2040/2040 1996/1996 2093/2093
f 2017/2017 2029/2029 2097/2097
f 2012/2012 2008/2008 2148/2148
f 2045/2045 2034/2034 2027/2027
f 2013/2013 1954/1954 2060/2060
f 2058/2058 2042/2042 2088/2088
f 1995/1995 2042/2042 2058/2058
f 2004/2004 2047/2047 2007/2007
f 2043/2043 2021/2021 2089/2089
f 2051/2051 2030/2030 2071/2071
f 2044/2044 2071/2071 2030/2030
f 2050/2050 2073/2073 1944/1944
f 2068/2068 2005/2005 2123/2123
f 1958/1958 2035/2035 2091/2091
f 1985/1985 2001/2001 2109/2109
f 2038/2038 2081/2081 2074/2074
f 1965/1965 1970/1970 2128/2128
f 2108/2108 2040/2040 2093/2093
f 2015/2015 1974/1974 1973/1973
f 2060/2060 1954/1954 2184/2184
f 2070/2070 2044/2044 1981/1981
f 2037/2037 2031/2031 2076/2076
f 2063/2063 2184/2184 1954/1954
f 1990/1990 2033/2033 2095/2095
f 2148/2148 2048/2048 2012/2012
f 2021/2021 2062/2062 2089/2089
f 2074/2074 1942/1942 2038/2038
f 2068/2068 2066/2066 2025/2025
f 2062/2062 2021/2021 2057/2057
f 2009/2009 1944/1944 2073/2073
f 2073/2073 2050/2050 2200/2200
f 2026/2026 2025/2025 2066/2066
f 2065/2065 2090/2090 1947/1947
f 2090/2090 2067/2067 2063/2063
f 2078/2078 2134/2134 1997/1997
f 2033/2033 2019/2019 2104/2104
f 2016/2016 2119/2119 1987/1987
f 2016/2016 1958/1958 2112/2112
f 2124/2124 1965/1965 2128/2128
f 2075/2075 1992/1992 2126/2126
f 2166/2166 2036/2036 2108/2108
f 2155/2155 2081/2081 2061/2061
f 2126/2126 1992/1992 2041/2041
f 2035/2035 2055/2055 2072/2072
f 2061/2061 2039/2039 2155/2155
f 2024/2024 2026/2026 2147/2147
f 2054/2054 1971/1971 2135/2135
f 2135/2135 2022/2022 2092/2092
f 2132/2132 2036/2036 2166/2166
f 1942/1942 2074/2074 2127/2127
f 2034/2034 2131/2131 2084/2084
f 2035/2035 2072/2072 2085/2085
f 2039/2039 2053/2053 2155/2155
f 2041/2041 2020/2020 2017/2017
f 2032/2032 2123/2123 2005/2005
f 2066/2066 2068/2068 2086/2086
f 2200/2200 2050/2050 2185/2185
f 2102/2102 2010/2010 2043/2043
f 2053/2053 2052/2052 2101/2101
f 2057/2057 2051/2051 2094/2094
f 2008/2008 1965/1965 2124/2124
f 2080/2080 1942/1942 2127/2127
f 2058/2058 2076/2076 2031/2031
f 2060/2060 2128/2128 2056/2056
f 2045/2045 2037/2037 2111/2111
f 2008/2008 2137/2137 2148/2148
f 2069/2069 2034/2034 2084/2084
f 2076/2076 2106/2106 2037/2037
f 2052/2052 2064/2064 2173/2173
f 2034/2034 2045/2045 2111/2111
f 2097/2097 2087/2087 2017/2017
f 2043/2043 2089/2089 2103/2103
f 2173/2173 2101/2101 2052/2052
f 2000/2000 2047/2047 2099/2099
f 2023/2023 2109/2109 2115/2115
f 2115/2115 2077/2077 2023/2023
f 2120/2120 2024/2024 2147/2147
f 2091/2091 2035/2035 2114/2114
f 2066/2066 2083/2083 2026/2026
f 2004/2004 2024/2024 2120/2120
f 2049/2049 1990/1990 2095/2095
f 2126/2126 2082/2082 2075/2075
f 2062/2062 2057/2057 2096/2096
f 1958/1958 2091/2091 2112/2112
f 2111/2111 2037/2037 2106/2106
f 2108/2108 2161/2161 2166/2166
f 2016/2016 2112/2112 2138/2138
f 2044/2044 2070/2070 2071/2071
f 2086/2086 2068/2068 2123/2123
f 1974/1974 2015/2015 2185/2185
f 2105/2105 2018/2018 2080/2080
f 2058/2058 2088/2088 2116/2116
f 1938/1938 2028/2028 2121/2121
f 2119/2119 2016/2016 2138/2138
f 2181/2181 2110/2110 2004/2004
f 2017/2017 2126/2126 2041/2041
f 1979/1979 2119/2119 2078/2078
f 2050/2050 1974/1974 2185/2185
f 2047/2047 2004/2004 2110/2110
f 2111/2111 2131/2131 2034/2034
f 2085/2085 2114/2114 2035/2035
f 2076/2076 2058/2058 2146/2146
f 2146/2146 2058/2058 2116/2116
f 2087/2087 2175/2175 2017/2017
f 1945/1945 1999/1999 2164/2164
f 1975/1975 1938/1938 2121/2121
f 2072/2072 1975/1975 2121/2121
f 2102/2102 2043/2043 2103/2103
f 2064/2064 2075/2075 2156/2156
f 2049/2049 2113/2113 2122/2122
f 2121/2121 2028/2028 2054/2054
f 2088/2088 2059/2059 2116/2116
f 2107/2107 1946/1946 2134/2134
f 2079/2079 1945/1945 2164/2164
f 2096/2096 2057/2057 2204/2204
f 2112/2112 2091/2091 2114/2114
f 2033/2033 2104/2104 2139/2139
f 2095/2095 2113/2113 2049/2049
f 2109/2109 2001/2001 2100/2100
f 2096/2096 2145/2145 2062/2062
f 2124/2124 2137/2137 2008/2008
f 2126/2126 2017/2017 2175/2175
f 2181/2181 2004/2004 2120/2120
f 2116/2116 2059/2059 2129/2129
f 2080/2080 2127/2127 2105/2105
f 1999/1999 2046/2046 2143/2143
f 2070/2070 2118/2118 2071/2071
f 2146/2146 2098/2098 2076/2076
f 2117/2117 2069/2069 2170/2170
f 2048/2048 2150/2150 2032/2032
f 2173/2173 2064/2064 2156/2156
f 2123/2123 2032/2032 2150/2150
f 2086/2086 2083/2083 2066/2066
f 2085/2085 2072/2072 2121/2121
f 2094/2094 2051/2051 2071/2071
f 2144/2144 2071/2071 2118/2118
f 2147/2147 2026/2026 2083/2083
f 2156/2156 2075/2075 2082/2082
f 2103/2103 2089/2089 2145/2145
f 2087/2087 2097/2097 2149/2149
f 2074/2074 2081/2081 2151/2151
f 2102/2102 2149/2149 2097/2097
f 2059/2059 2079/2079 2154/2154
f 2084/2084 2170/2170 2069/2069
f 2065/2065 2252/2252 2090/2090
f 2095/2095 2033/2033 2139/2139
f 2114/2114 2085/2085 2162/2162
f 2110/2110 2099/2099 2047/2047
f 2089/2089 2062/2062 2145/2145
f 2053/2053 2101/2101 2173/2173
f 2100/2100 2183/2183 2109/2109
f 2200/2200 2185/2185 2222/2222
f 2195/2195 2124/2124 2128/2128
f 2155/2155 2053/2053 2173/2173
f 2076/2076 2098/2098 2106/2106
f 2048/2048 2148/2148 2150/2150
f 2129/2129 2059/2059 2154/2154
f 2134/2134 2078/2078 2133/2133
f 2127/2127 2074/2074 2208/2208
f 2078/2078 2119/2119 2133/2133
f 2138/2138 2125/2125 2119/2119
f 2159/2159 2103/2103 2145/2145
f 2071/2071 2144/2144 2094/2094
f 2054/2054 2135/2135 2178/2178
f 2168/2168 2162/2162 2085/2085
f 2107/2107 2134/2134 2308/2308
f 2151/2151 2208/2208 2074/2074
f 2201/2201 2126/2126 2175/2175
f 2133/2133 2119/2119 2125/2125
f 2113/2113 2095/2095 2139/2139
f 2121/2121 2054/2054 2178/2178
f 2156/2156 2082/2082 2130/2130
f 2183/2183 2100/2100 2140/2140
f 2057/2057 2094/2094 2204/2204
f 2046/2046 2107/2107 2308/2308
f 2145/2145 2096/2096 2158/2158
f 2252/2252 2067/2067 2090/2090
f 2142/2142 2112/2112 2114/2114
f 2115/2115 2109/2109 2183/2183
f 2112/2112 2167/2167 2138/2138
f 2171/2171 2146/2146 2116/2116
f 2171/2171 2129/2129 2154/2154
f 2116/2116 2129/2129 2171/2171
f 2170/2170 2084/2084 2131/2131
f 2121/2121 2172/2172 2168/2168
f 2122/2122 2205/2205 2093/2093
f 2128/2128 2060/2060 2184/2184
f 2099/2099 2110/2110 2141/2141
f 2114/2114 2162/2162 2142/2142
f 2125/2125 2138/2138 2180/2180
f 2065/2065 2132/2132 2197/2197
f 2121/2121 2168/2168 2085/2085
f 2167/2167 2112/2112 2142/2142
f 2178/2178 2172/2172 2121/2121
f 2082/2082 2126/2126 2201/2201
f 2009/2009 2073/2073 2202/2202
f 2223/2223 2104/2104 2191/2191
f 2105/2105 2127/2127 2190/2190
f 2123/2123 2150/2150 2169/2169
f 2106/2106 2098/2098 2165/2165
f 2146/2146 2165/2165 2098/2098
f 2102/2102 2103/2103 2149/2149
f 2082/2082 2186/2186 2130/2130
f 2083/2083 2086/2086 2157/2157
f 2184/2184 2163/2163 2128/2128
f 2139/2139 2104/2104 2223/2223
f 2108/2108 2093/2093 2205/2205
f 2179/2179 2133/2133 2160/2160
f 2113/2113 2139/2139 2174/2174
f 2135/2135 2092/2092 2211/2211
f 2134/2134 2133/2133 2179/2179
f 2122/2122 2113/2113 2205/2205
f 2177/2177 2115/2115 2254/2254
f 2147/2147 2181/2181 2120/2120
f 2166/2166 2256/2256 2132/2132
f 2096/2096 2204/2204 2250/2250
f 2252/2252 2065/2065 2197/2197
f 2110/2110 2181/2181 2217/2217
f 2217/2217 2141/2141 2110/2110
f 2151/2151 2081/2081 2176/2176
f 2149/2149 2241/2241 2087/2087
f 2096/2096 2250/2250 2158/2158
f 2143/2143 2046/2046 2249/2249
f 2241/2241 2175/2175 2087/2087
f 2081/2081 2155/2155 2176/2176
f 2146/2146 2171/2171 2182/2182
f 2205/2205 2113/2113 2174/2174
f 2136/2136 2180/2180 2138/2138
f 2159/2159 2149/2149 2103/2103
f 2144/2144 2118/2118 2188/2188
f 2183/2183 2254/2254 2115/2115
f 2077/2077 2115/2115 2177/2177
f 2177/2177 2015/2015 2077/2077
f 2151/2151 2176/2176 2220/2220
f 2136/2136 2138/2138 2167/2167
f 2162/2162 2168/2168 2196/2196
f 2165/2165 2146/2146 2182/2182
f 2133/2133 2125/2125 2180/2180
f 2184/2184 2063/2063 2067/2067
f 2186/2186 2082/2082 2201/2201
f 2219/2219 2111/2111 2106/2106
f 2218/2218 2167/2167 2142/2142
f 2194/2194 2159/2159 2145/2145
f 2205/2205 2228/2228 2108/2108
f 2163/2163 2195/2195 2128/2128
f 2256/2256 2197/2197 2132/2132
f 2204/2204 2094/2094 2253/2253
f 2308/2308 2249/2249 2046/2046
f 2094/2094 2144/2144 2253/2253
f 2149/2149 2159/2159 2270/2270
f 2186/2186 2201/2201 2329/2329
f 2193/2193 2158/2158 2250/2250
f 2164/2164 1999/1999 2143/2143
f 2161/2161 2108/2108 2228/2228
f 2172/2172 2207/2207 2168/2168
f 2196/2196 2168/2168 2207/2207
f 2155/2155 2173/2173 2281/2281
f 2188/2188 2258/2258 2144/2144
f 2137/2137 2124/2124 2240/2240
f 2187/2187 2142/2142 2162/2162
f 2187/2187 2162/2162 2196/2196
f 2156/2156 2130/2130 2199/2199
f 2178/2178 2135/2135 2211/2211
f 2219/2219 2170/2170 2131/2131
f 2198/2198 2189/2189 2117/2117
f 2117/2117 2170/2170 2198/2198
f 2127/2127 2208/2208 2190/2190
f 2179/2179 2308/2308 2134/2134
f 2270/2270 2159/2159 2194/2194
f 2180/2180 2136/2136 2192/2192
f 2133/2133 2215/2215 2213/2213
f 2219/2219 2106/2106 2236/2236
f 2184/2184 2067/2067 2388/2388
f 2167/2167 2218/2218 2212/2212
f 2133/2133 2213/2213 2160/2160
f 2133/2133 2180/2180 2215/2215
f 2145/2145 2158/2158 2312/2312
f 2243/2243 2157/2157 2086/2086
f 2156/2156 2214/2214 2173/2173
f 2158/2158 2193/2193 2312/2312
f 2186/2186 2244/2244 2130/2130
f 2212/2212 2136/2136 2167/2167
f 2211/2211 2235/2235 2178/2178
f 2211/2211 2092/2092 2430/2430
f 2131/2131 2111/2111 2219/2219
f 2240/2240 2124/2124 2267/2267
f 2174/2174 2139/2139 2206/2206
f 2123/2123 2243/2243 2086/2086
f 2172/2172 2178/2178 2235/2235
f 2142/2142 2187/2187 2218/2218
f 2148/2148 2137/2137 2240/2240
f 2235/2235 2207/2207 2172/2172
f 2203/2203 2079/2079 2164/2164
f 2430/2430 2092/2092 2202/2202
f 2150/2150 2148/2148 2229/2229
f 2169/2169 2150/2150 2229/2229
f 2228/2228 2205/2205 2216/2216
f 2192/2192 2136/2136 2212/2212
f 2170/2170 2219/2219 2237/2237
f 2192/2192 2245/2245 2180/2180
f 2253/2253 2144/2144 2258/2258
f 2223/2223 2283/2283 2139/2139
f 2215/2215 2180/2180 2245/2245
f 2281/2281 2176/2176 2155/2155
f 2164/2164 2143/2143 2203/2203
f 2283/2283 2206/2206 2139/2139
f 2147/2147 2083/2083 2303/2303
f 2312/2312 2382/2382 2145/2145
f 2124/2124 2195/2195 2267/2267
f 2106/2106 2165/2165 2236/2236
f 2181/2181 2147/2147 2246/2246
f 2230/2230 2266/2266 2218/2218
f 2073/2073 2200/2200 2358/2358
f 2241/2241 2149/2149 2270/2270
f 2310/2310 2256/2256 2166/2166
f 2173/2173 2214/2214 2281/2281
f 2171/2171 2154/2154 2269/2269
f 2163/2163 2267/2267 2195/2195
f 2237/2237 2198/2198 2170/2170
f 2187/2187 2230/2230 2218/2218
f 2156/2156 2199/2199 2214/2214
f 2303/2303 2259/2259 2147/2147
f 2231/2231 2196/2196 2207/2207
f 2140/2140 2448/2448 2183/2183
f 2227/2227 2183/2183 2448/2448
f 2235/2235 2231/2231 2207/2207
f 2308/2308 2179/2179 2234/2234
f 2322/2322 2239/2239 2196/2196
f 2219/2219 2236/2236 2255/2255
f 2218/2218 2226/2226 2212/2212
f 2358/2358 2200/2200 2222/2222
f 2154/2154 2079/2079 2269/2269
f 2254/2254 2279/2279 2177/2177
f 2182/2182 2238/2238 2165/2165
f 2160/2160 2213/2213 2412/2412
f 2254/2254 2183/2183 2227/2227
f 2231/2231 2235/2235 2225/2225
f 2166/2166 2161/2161 2310/2310
f 2357/2357 2161/2161 2228/2228
f 2266/2266 2226/2226 2218/2218
f 2243/2243 2169/2169 2282/2282
f 2157/2157 2303/2303 2083/2083
f 2015/2015 2279/2279 2185/2185
f 2196/2196 2239/2239 2187/2187
f 2430/2430 2202/2202 2073/2073
f 2174/2174 2206/2206 2283/2283
f 2209/2209 2223/2223 2191/2191
f 2229/2229 2148/2148 2240/2240
f 2224/2224 2210/2210 2330/2330
f 2239/2239 2230/2230 2187/2187
f 2215/2215 2245/2245 2264/2264
f 2152/2152 2307/2307 2210/2210
f 2237/2237 2219/2219 2255/2255
f 2251/2251 2226/2226 2266/2266
f 2194/2194 2145/2145 2382/2382
f 2245/2245 2265/2265 2264/2264
f 2288/2288 2261/2261 2230/2230
f 2250/2250 2204/2204 2253/2253
f 2215/2215 2247/2247 2213/2213
f 2255/2255 2236/2236 2232/2232
f 2231/2231 2322/2322 2196/2196
f 2182/2182 2171/2171 2238/2238
f 2244/2244 2186/2186 2329/2329
f 2319/2319 2273/2273 2192/2192
f 2357/2357 2310/2310 2161/2161
f 2230/2230 2261/2261 2266/2266
f 2192/2192 2212/2212 2319/2319
f 2264/2264 2247/2247 2215/2215
f 2179/2179 2160/2160 2412/2412
f 2251/2251 2319/2319 2212/2212
f 2226/2226 2251/2251 2212/2212
f 2448/2448 2140/2140 2446/2446
f 2123/2123 2169/2169 2243/2243
f 2217/2217 2181/2181 2246/2246
f 2283/2283 2242/2242 2174/2174
f 2201/2201 2175/2175 2271/2271
f 2205/2205 2174/2174 2242/2242
f 2246/2246 2147/2147 2259/2259
f 2244/2244 2199/2199 2130/2130
f 2210/2210 2307/2307 2330/2330
f 2447/2447 2141/2141 2217/2217
f 2230/2230 2239/2239 2318/2318
f 2165/2165 2238/2238 2364/2364
f 2364/2364 2238/2238 2415/2415
f 2198/2198 2345/2345 2189/2189
f 2267/2267 2163/2163 2429/2429
f 2269/2269 2079/2079 2203/2203
f 2286/2286 2262/2262 2265/2265
f 2265/2265 2262/2262 2264/2264
f 2238/2238 2171/2171 2269/2269
f 2260/2260 2256/2256 2310/2310
f 2222/2222 2185/2185 2386/2386
f 2248/2248 2213/2213 2247/2247
f 2417/2417 2224/2224 2408/2408
f 2412/2412 2213/2213 2248/2248
f 2318/2318 2288/2288 2230/2230
f 2251/2251 2266/2266 2263/2263
f 2175/2175 2241/2241 2271/2271
f 2252/2252 2197/2197 2493/2493
f 2384/2384 2198/2198 2237/2237
f 2322/2322 2315/2315 2239/2239
f 2271/2271 2241/2241 2372/2372
f 2228/2228 2216/2216 2340/2340
f 2216/2216 2205/2205 2340/2340
f 2224/2224 2330/2330 2408/2408
f 2412/2412 2234/2234 2179/2179
f 2315/2315 2318/2318 2239/2239
f 2199/2199 2413/2413 2214/2214
f 2325/2325 2242/2242 2283/2283
f 2225/2225 2235/2235 2272/2272
f 2283/2283 2223/2223 2418/2418
f 2364/2364 2236/2236 2165/2165
f 2262/2262 2247/2247 2264/2264
f 2153/2153 2221/2221 2365/2365
f 2402/2402 2307/2307 2152/2152
f 2205/2205 2242/2242 2340/2340
f 2403/2403 2153/2153 2365/2365
f 2225/2225 2257/2257 2231/2231
f 2363/2363 2285/2285 2309/2309
f 2348/2348 2263/2263 2314/2314
f 2357/2357 2228/2228 2470/2470
f 2290/2290 2233/2233 2306/2306
f 2313/2313 2316/2316 2275/2275
f 2233/2233 2285/2285 2363/2363
f 2272/2272 2235/2235 2333/2333
f 2269/2269 2203/2203 2298/2298
f 2163/2163 2184/2184 2602/2602
f 2073/2073 2358/2358 2430/2430
f 2220/2220 2176/2176 2404/2404
f 2194/2194 2382/2382 2416/2416
f 2375/2375 2276/2276 2300/2300
f 2288/2288 2321/2321 2261/2261
f 2317/2317 2313/2313 2275/2275
f 2245/2245 2192/2192 2273/2273
f 2258/2258 2188/2188 2353/2353
f 2350/2350 2284/2284 2318/2318
f 2314/2314 2289/2289 2297/2297
f 2227/2227 2420/2420 2254/2254
f 2354/2354 2189/2189 2345/2345
f 2318/2318 2284/2284 2288/2288
f 2302/2302 2280/2280 2291/2291
f 2286/2286 2265/2265 2295/2295
f 2247/2247 2262/2262 2311/2311
f 2261/2261 2263/2263 2266/2266
f 2388/2388 2067/2067 2252/2252
f 2268/2268 2287/2287 2289/2289
f 2273/2273 2319/2319 2341/2341
f 2287/2287 2334/2334 2289/2289
f 2251/2251 2263/2263 2348/2348
f 2245/2245 2273/2273 2265/2265
f 2284/2284 2268/2268 2289/2289
f 2279/2279 2254/2254 2449/2449
f 2231/2231 2291/2291 2280/2280
f 2015/2015 2177/2177 2279/2279
f 2231/2231 2280/2280 2322/2322
f 2388/2388 2514/2514 2184/2184
f 2169/2169 2229/2229 2282/2282
f 2378/2378 2277/2277 2351/2351
f 2312/2312 2193/2193 2472/2472
f 2338/2338 2316/2316 2341/2341
f 2370/2370 2247/2247 2311/2311
f 2293/2293 2326/2326 2274/2274
f 2249/2249 2308/2308 2459/2459
f 2257/2257 2291/2291 2231/2231
f 2277/2277 2320/2320 2280/2280
f 2344/2344 2336/2336 2313/2313
f 2201/2201 2271/2271 2329/2329
f 2384/2384 2237/2237 2331/2331
f 2336/2336 2316/2316 2313/2313
f 2256/2256 2493/2493 2197/2197
f 2277/2277 2293/2293 2320/2320
f 2241/2241 2270/2270 2372/2372
f 2602/2602 2429/2429 2163/2163
f 2278/2278 2268/2268 2323/2323
f 2249/2249 2369/2369 2143/2143
f 2323/2323 2342/2342 2278/2278
f 2364/2364 2232/2232 2236/2236
f 2324/2324 2412/2412 2248/2248
f 2157/2157 2243/2243 2481/2481
f 2345/2345 2198/2198 2384/2384
f 2283/2283 2418/2418 2325/2325
f 2386/2386 2185/2185 2279/2279
f 2352/2352 2274/2274 2326/2326
f 2280/2280 2320/2320 2322/2322
f 2284/2284 2323/2323 2268/2268
f 2316/2316 2336/2336 2295/2295
f 2240/2240 2267/2267 2304/2304
f 2514/2514 2602/2602 2184/2184
f 2351/2351 2277/2277 2280/2280
f 2276/2276 2299/2299 2278/2278
f 2284/2284 2321/2321 2288/2288
f 2300/2300 2276/2276 2296/2296
f 2322/2322 2320/2320 2315/2315
f 2143/2143 2294/2294 2203/2203
f 2350/2350 2274/2274 2352/2352
f 2321/2321 2263/2263 2261/2261
f 2289/2289 2334/2334 2297/2297
f 2319/2319 2251/2251 2348/2348
f 2247/2247 2370/2370 2248/2248
f 2284/2284 2289/2289 2314/2314
f 2255/2255 2331/2331 2237/2237
f 2257/2257 2225/2225 2272/2272
f 2347/2347 2290/2290 2306/2306
f 2323/2323 2284/2284 2350/2350
f 2268/2268 2328/2328 2287/2287
f 2331/2331 2255/2255 2232/2232
f 2268/2268 2278/2278 2299/2299
f 2284/2284 2314/2314 2321/2321
f 2364/2364 2415/2415 2434/2434
f 2305/2305 2349/2349 2275/2275
f 2321/2321 2314/2314 2263/2263
f 2229/2229 2240/2240 2674/2674
f 2316/2316 2338/2338 2275/2275
f 2211/2211 2430/2430 2373/2373
f 2315/2315 2350/2350 2318/2318
f 2317/2317 2275/2275 2349/2349
f 2269/2269 2415/2415 2238/2238
f 2235/2235 2211/2211 2333/2333
f 2227/2227 2448/2448 2420/2420
f 2413/2413 2281/2281 2214/2214
f 2273/2273 2295/2295 2265/2265
f 2262/2262 2286/2286 2311/2311
f 2293/2293 2315/2315 2320/2320
f 2221/2221 2405/2405 2365/2365
f 2232/2232 2364/2364 2423/2423
f 2290/2290 2374/2374 2233/2233
f 2453/2453 2358/2358 2222/2222
f 2316/2316 2295/2295 2341/2341
f 2347/2347 2300/2300 2296/2296
f 2473/2473 2243/2243 2282/2282
f 2372/2372 2270/2270 2414/2414
f 2293/2293 2378/2378 2326/2326
f 2228/2228 2340/2340 2424/2424
f 2292/2292 2305/2305 2337/2337
f 2350/2350 2293/2293 2274/2274
f 2342/2342 2323/2323 2350/2350
f 2250/2250 2472/2472 2193/2193
f 2344/2344 2380/2380 2301/2301
f 2293/2293 2277/2277 2378/2378
f 2342/2342 2352/2352 2296/2296
f 2344/2344 2301/2301 2336/2336
f 2301/2301 2343/2343 2336/2336
f 2338/2338 2341/2341 2319/2319
f 2253/2253 2472/2472 2250/2250
f 2293/2293 2350/2350 2315/2315
f 2359/2359 2301/2301 2380/2380
f 2276/2276 2375/2375 2299/2299
f 2285/2285 2233/2233 2374/2374
f 2374/2374 2379/2379 2285/2285
f 2291/2291 2257/2257 2362/2362
f 2343/2343 2295/2295 2336/2336
f 2253/2253 2258/2258 2477/2477
f 2317/2317 2344/2344 2313/2313
f 2334/2334 2305/2305 2297/2297
f 2343/2343 2376/2376 2327/2327
f 2343/2343 2301/2301 2376/2376
f 2335/2335 2351/2351 2339/2339
f 2203/2203 2400/2400 2298/2298
f 2297/2297 2346/2346 2348/2348
f 2302/2302 2339/2339 2351/2351
f 2343/2343 2327/2327 2295/2295
f 2447/2447 2217/2217 2444/2444
f 2299/2299 2377/2377 2268/2268
f 2302/2302 2351/2351 2280/2280
f 2328/2328 2337/2337 2334/2334
f 2328/2328 2334/2334 2287/2287
f 2286/2286 2295/2295 2327/2327
f 2302/2302 2291/2291 2339/2339
f 2337/2337 2305/2305 2334/2334
f 2377/2377 2328/2328 2268/2268
f 2340/2340 2242/2242 2452/2452
f 2348/2348 2314/2314 2297/2297
f 2415/2415 2269/2269 2298/2298
f 2295/2295 2273/2273 2341/2341
f 2257/2257 2272/2272 2362/2362
f 2349/2349 2305/2305 2292/2292
f 2176/2176 2281/2281 2398/2398
f 2332/2332 2349/2349 2292/2292
f 2242/2242 2438/2438 2452/2452
f 2420/2420 2449/2449 2254/2254
f 2306/2306 2385/2385 2347/2347
f 2305/2305 2275/2275 2346/2346
f 2337/2337 2360/2360 2292/2292
f 2363/2363 2437/2437 2233/2233
f 2306/2306 2233/2233 2437/2437
f 2242/2242 2325/2325 2438/2438
f 2319/2319 2348/2348 2346/2346
f 2346/2346 2297/2297 2305/2305
f 2370/2370 2311/2311 2439/2439
f 2332/2332 2356/2356 2317/2317
f 2349/2349 2332/2332 2317/2317
f 2346/2346 2275/2275 2338/2338
f 2346/2346 2338/2338 2319/2319
f 2285/2285 2335/2335 2309/2309
f 2296/2296 2276/2276 2278/2278
f 2278/2278 2342/2342 2296/2296
f 2350/2350 2352/2352 2342/2342
f 2335/2335 2285/2285 2379/2379
f 2310/2310 2357/2357 2484/2484
f 2366/2366 2347/2347 2385/2385
f 2436/2436 2470/2470 2228/2228
f 2328/2328 2355/2355 2337/2337
f 2395/2395 2424/2424 2340/2340
f 2317/2317 2396/2396 2344/2344
f 2396/2396 2401/2401 2344/2344
f 2397/2397 2300/2300 2366/2366
f 2259/2259 2303/2303 2521/2521
f 2427/2427 2300/2300 2397/2397
f 2361/2361 2415/2415 2298/2298
f 2427/2427 2375/2375 2300/2300
f 2398/2398 2404/2404 2176/2176
f 2383/2383 2387/2387 2311/2311
f 2423/2423 2331/2331 2232/2232
f 2324/2324 2248/2248 2439/2439
f 2380/2380 2344/2344 2401/2401
f 2292/2292 2360/2360 2332/2332
f 2300/2300 2347/2347 2366/2366
f 2330/2330 2463/2463 2408/2408
f 2309/2309 2335/2335 2371/2371
f 2258/2258 2353/2353 2367/2367
f 2294/2294 2400/2400 2203/2203
f 2377/2377 2355/2355 2328/2328
f 2359/2359 2380/2380 2569/2569
f 2339/2339 2371/2371 2335/2335
f 2375/2375 2432/2432 2377/2377
f 2311/2311 2286/2286 2327/2327
f 2360/2360 2356/2356 2332/2332
f 2375/2375 2377/2377 2299/2299
f 2290/2290 2347/2347 2374/2374
f 2374/2374 2326/2326 2378/2378
f 2383/2383 2301/2301 2359/2359
f 2391/2391 2339/2339 2291/2291
f 2402/2402 2330/2330 2307/2307
f 2270/2270 2194/2194 2416/2416
f 2376/2376 2301/2301 2383/2383
f 2351/2351 2335/2335 2379/2379
f 2379/2379 2374/2374 2378/2378
f 2379/2379 2378/2378 2351/2351
f 2244/2244 2419/2419 2199/2199
f 2396/2396 2317/2317 2356/2356
f 2391/2391 2291/2291 2410/2410
f 2326/2326 2374/2374 2347/2347
f 2363/2363 2309/2309 2407/2407
f 2369/2369 2249/2249 2411/2411
f 2436/2436 2228/2228 2424/2424
f 2381/2381 2399/2399 2217/2217
f 2291/2291 2362/2362 2410/2410
f 2356/2356 2442/2442 2396/2396
f 2428/2428 2354/2354 2345/2345
f 2407/2407 2309/2309 2371/2371
f 2481/2481 2243/2243 2473/2473
f 2392/2392 2393/2393 2385/2385
f 2477/2477 2472/2472 2253/2253
f 2143/2143 2369/2369 2294/2294
f 2370/2370 2439/2439 2248/2248
f 2272/2272 2333/2333 2512/2512
f 2512/2512 2488/2488 2272/2272
f 2311/2311 2327/2327 2383/2383
f 2384/2384 2428/2428 2345/2345
f 2258/2258 2367/2367 2477/2477
f 2384/2384 2331/2331 2483/2483
f 2427/2427 2397/2397 2393/2393
f 2364/2364 2434/2434 2433/2433
f 2399/2399 2444/2444 2217/2217
f 2337/2337 2355/2355 2468/2468
f 2279/2279 2526/2526 2386/2386
f 2391/2391 2371/2371 2339/2339
f 2432/2432 2375/2375 2427/2427
f 2569/2569 2380/2380 2456/2456
f 2359/2359 2569/2569 2406/2406
f 2385/2385 2306/2306 2437/2437
f 2406/2406 2383/2383 2359/2359
f 2157/2157 2521/2521 2303/2303
f 2282/2282 2229/2229 2473/2473
f 2376/2376 2383/2383 2327/2327
f 2311/2311 2387/2387 2439/2439
f 2270/2270 2416/2416 2414/2414
f 2526/2526 2279/2279 2449/2449
f 2330/2330 2402/2402 2463/2463
f 2395/2395 2340/2340 2452/2452
f 2325/2325 2418/2418 2389/2389
f 2217/2217 2246/2246 2381/2381
f 2419/2419 2413/2413 2199/2199
f 2326/2326 2347/2347 2296/2296
f 2352/2352 2326/2326 2296/2296
f 2422/2422 2354/2354 2428/2428
f 2363/2363 2407/2407 2437/2437
f 2462/2462 2382/2382 2312/2312
f 2357/2357 2470/2470 2484/2484
f 2329/2329 2419/2419 2244/2244
f 2394/2394 2391/2391 2410/2410
f 2389/2389 2438/2438 2325/2325
f 2442/2442 2401/2401 2396/2396
f 2423/2423 2364/2364 2433/2433
f 2281/2281 2413/2413 2474/2474
f 2222/2222 2386/2386 2453/2453
f 2469/2469 2391/2391 2394/2394
f 2387/2387 2383/2383 2406/2406
f 2312/2312 2472/2472 2462/2462
f 2416/2416 2382/2382 2443/2443
f 2483/2483 2423/2423 2435/2435
f 2423/2423 2483/2483 2331/2331
f 2426/2426 2387/2387 2406/2406
f 2260/2260 2310/2310 2484/2484
f 2400/2400 2361/2361 2298/2298
f 2371/2371 2391/2391 2457/2457
f 2358/2358 2453/2453 2430/2430
f 2392/2392 2441/2441 2458/2458
f 2387/2387 2426/2426 2439/2439
f 2304/2304 2267/2267 2455/2455
f 2458/2458 2393/2393 2392/2392
f 2246/2246 2259/2259 2440/2440
f 2422/2422 2368/2368 2354/2354
f 2366/2366 2385/2385 2393/2393
f 2512/2512 2333/2333 2211/2211
f 2360/2360 2442/2442 2356/2356
f 2521/2521 2157/2157 2461/2461
f 2431/2431 2337/2337 2491/2491
f 2410/2410 2409/2409 2394/2394
f 2410/2410 2362/2362 2409/2409
f 2272/2272 2409/2409 2362/2362
f 2360/2360 2337/2337 2431/2431
f 2428/2428 2485/2485 2422/2422
f 2474/2474 2398/2398 2281/2281
f 2401/2401 2442/2442 2475/2475
f 2384/2384 2483/2483 2543/2543
f 2372/2372 2414/2414 2492/2492
f 2407/2407 2371/2371 2457/2457
f 2401/2401 2425/2425 2380/2380
f 2456/2456 2380/2380 2425/2425
f 2423/2423 2433/2433 2480/2480
f 2662/2662 2419/2419 2329/2329
f 2569/2569 2467/2467 2406/2406
f 2329/2329 2271/2271 2639/2639
f 2464/2464 2234/2234 2412/2412
f 2488/2488 2512/2512 2559/2559
f 2432/2432 2355/2355 2377/2377
f 2411/2411 2249/2249 2459/2459
f 2337/2337 2468/2468 2491/2491
f 2469/2469 2465/2465 2391/2391
f 2488/2488 2409/2409 2272/2272
f 2234/2234 2459/2459 2308/2308
f 2408/2408 2463/2463 2583/2583
f 2465/2465 2457/2457 2391/2391
f 2271/2271 2372/2372 2476/2476
f 2552/2552 2394/2394 2409/2409
f 2450/2450 2385/2385 2437/2437
f 2403/2403 2365/2365 2541/2541
f 2481/2481 2587/2587 2157/2157
f 2431/2431 2490/2490 2360/2360
f 2381/2381 2246/2246 2440/2440
f 2451/2451 2441/2441 2392/2392
f 2229/2229 2674/2674 2473/2473
f 2451/2451 2392/2392 2450/2450
f 2417/2417 2408/2408 2532/2532
f 2490/2490 2442/2442 2360/2360
f 2397/2397 2366/2366 2393/2393
f 2392/2392 2385/2385 2450/2450
f 2475/2475 2442/2442 2525/2525
f 2429/2429 2455/2455 2267/2267
f 2469/2469 2394/2394 2552/2552
f 2428/2428 2384/2384 2485/2485
f 2458/2458 2510/2510 2393/2393
f 2467/2467 2509/2509 2406/2406
f 2498/2498 2435/2435 2556/2556
f 2483/2483 2435/2435 2498/2498
f 2400/2400 2294/2294 2471/2471
f 2510/2510 2501/2501 2427/2427
f 2373/2373 2512/2512 2211/2211
f 2393/2393 2510/2510 2427/2427
f 2477/2477 2647/2647 2472/2472
f 2451/2451 2450/2450 2489/2489
f 2427/2427 2501/2501 2517/2517
f 2426/2426 2406/2406 2509/2509
f 2432/2432 2522/2522 2355/2355
f 2477/2477 2367/2367 2647/2647
f 2427/2427 2517/2517 2432/2432
f 2421/2421 2647/2647 2367/2367
f 2531/2531 2471/2471 2294/2294
f 2489/2489 2494/2494 2451/2451
f 2415/2415 2515/2515 2497/2497
f 2361/2361 2515/2515 2415/2415
f 2456/2456 2425/2425 2479/2479
f 2436/2436 2424/2424 2460/2460
f 2513/2513 2511/2511 2432/2432
f 2424/2424 2395/2395 2460/2460
f 2484/2484 2470/2470 2506/2506
f 2420/2420 2448/2448 2482/2482
f 2506/2506 2436/2436 2454/2454
f 2470/2470 2436/2436 2506/2506
f 2556/2556 2435/2435 2496/2496
f 2492/2492 2476/2476 2372/2372
f 2494/2494 2441/2441 2451/2451
f 2413/2413 2419/2419 2528/2528
f 2465/2465 2469/2469 2566/2566
f 2435/2435 2423/2423 2496/2496
f 2386/2386 2526/2526 2577/2577
f 2469/2469 2466/2466 2566/2566
f 2490/2490 2502/2502 2442/2442
f 2414/2414 2416/2416 2551/2551
f 2399/2399 2381/2381 2504/2504
f 2416/2416 2443/2443 2551/2551
f 2444/2444 2399/2399 2504/2504
f 2577/2577 2453/2453 2386/2386
f 2434/2434 2497/2497 2433/2433
f 2420/2420 2565/2565 2449/2449
f 2495/2495 2489/2489 2527/2527
f 2234/2234 2642/2642 2459/2459
f 2384/2384 2543/2543 2485/2485
f 2256/2256 2260/2260 2735/2735
f 2434/2434 2415/2415 2497/2497
f 2535/2535 2452/2452 2438/2438
f 2453/2453 2586/2586 2430/2430
f 2522/2522 2468/2468 2355/2355
f 2618/2618 2517/2517 2501/2501
f 2633/2633 2324/2324 2680/2680
f 2489/2489 2450/2450 2539/2539
f 2541/2541 2570/2570 2403/2403
f 2529/2529 2402/2402 2571/2571
f 2446/2446 2445/2445 2508/2508
f 2502/2502 2490/2490 2606/2606
f 2529/2529 2463/2463 2402/2402
f 2537/2537 2552/2552 2409/2409
f 2412/2412 2324/2324 2633/2633
f 2382/2382 2462/2462 2561/2561
f 2457/2457 2507/2507 2407/2407
f 2457/2457 2465/2465 2486/2486
f 2456/2456 2608/2608 2569/2569
f 2461/2461 2157/2157 2587/2587
f 2438/2438 2389/2389 2535/2535
f 2642/2642 2234/2234 2464/2464
f 2460/2460 2597/2597 2436/2436
f 2485/2485 2519/2519 2422/2422
f 2586/2586 2373/2373 2430/2430
f 2431/2431 2491/2491 2534/2534
f 2517/2517 2513/2513 2432/2432
f 2437/2437 2539/2539 2540/2540
f 2407/2407 2539/2539 2437/2437
f 2482/2482 2448/2448 2446/2446
f 2511/2511 2522/2522 2432/2432
f 2395/2395 2452/2452 2549/2549
f 2409/2409 2488/2488 2487/2487
f 2324/2324 2439/2439 2679/2679
f 2494/2494 2516/2516 2579/2579
f 2480/2480 2496/2496 2423/2423
f 2494/2494 2489/2489 2516/2516
f 2441/2441 2494/2494 2520/2520
f 2490/2490 2431/2431 2533/2533
f 2674/2674 2240/2240 2304/2304
f 2551/2551 2492/2492 2414/2414
f 2441/2441 2499/2499 2458/2458
f 2521/2521 2440/2440 2259/2259
f 2532/2532 2408/2408 2583/2583
f 2442/2442 2502/2502 2525/2525
f 2417/2417 2532/2532 2390/2390
f 2495/2495 2516/2516 2489/2489
f 2539/2539 2450/2450 2540/2540
f 2450/2450 2437/2437 2540/2540
f 2474/2474 2413/2413 2528/2528
f 2513/2513 2517/2517 2589/2589
f 2680/2680 2324/2324 2679/2679
f 2401/2401 2475/2475 2700/2700
f 2589/2589 2517/2517 2618/2618
f 2454/2454 2436/2436 2558/2558
f 2548/2548 2395/2395 2549/2549
f 2304/2304 2455/2455 2726/2726
f 2510/2510 2458/2458 2499/2499
f 2479/2479 2425/2425 2595/2595
f 2602/2602 2455/2455 2429/2429
f 2411/2411 2531/2531 2369/2369
f 2439/2439 2426/2426 2478/2478
f 2593/2593 2515/2515 2361/2361
f 2294/2294 2369/2369 2531/2531
f 2558/2558 2436/2436 2597/2597
f 2404/2404 2398/2398 2752/2752
f 2446/2446 2508/2508 2523/2523
f 2431/2431 2534/2534 2533/2533
f 2499/2499 2441/2441 2520/2520
f 2543/2543 2483/2483 2498/2498
f 2487/2487 2488/2488 2573/2573
f 2550/2550 2446/2446 2523/2523
f 2583/2583 2463/2463 2580/2580
f 2466/2466 2607/2607 2566/2566
f 2679/2679 2439/2439 2478/2478
f 2482/2482 2446/2446 2550/2550
f 2471/2471 2593/2593 2400/2400
f 2564/2564 2549/2549 2452/2452
f 2512/2512 2373/2373 2604/2604
f 2361/2361 2400/2400 2593/2593
f 2252/2252 2493/2493 2388/2388
f 2586/2586 2453/2453 2538/2538
f 2426/2426 2509/2509 2478/2478
f 2535/2535 2564/2564 2452/2452
f 2537/2537 2409/2409 2487/2487
f 2539/2539 2407/2407 2507/2507
f 2382/2382 2561/2561 2443/2443
f 2577/2577 2538/2538 2453/2453
f 2486/2486 2507/2507 2457/2457
f 2486/2486 2465/2465 2566/2566
f 2526/2526 2449/2449 2565/2565
f 2480/2480 2433/2433 2497/2497
f 2580/2580 2463/2463 2529/2529
f 2480/2480 2578/2578 2613/2613
f 2548/2548 2460/2460 2395/2395
f 2520/2520 2494/2494 2699/2699
f 2460/2460 2548/2548 2545/2545
f 2530/2530 2543/2543 2498/2498
f 2546/2546 2472/2472 2647/2647
f 2425/2425 2401/2401 2700/2700
f 2699/2699 2494/2494 2579/2579
f 2514/2514 2388/2388 2631/2631
f 2537/2537 2487/2487 2573/2573
f 2481/2481 2473/2473 2536/2536
f 2583/2583 2603/2603 2532/2532
f 2500/2500 2503/2503 2574/2574
f 2595/2595 2425/2425 2700/2700
f 2648/2648 2504/2504 2381/2381
f 2501/2501 2510/2510 2557/2557
f 2613/2613 2496/2496 2480/2480
f 2529/2529 2571/2571 2614/2614
f 2271/2271 2476/2476 2639/2639
f 2584/2584 2503/2503 2500/2500
f 2499/2499 2557/2557 2510/2510
f 2502/2502 2574/2574 2503/2503
f 2606/2606 2574/2574 2502/2502
f 2511/2511 2513/2513 2568/2568
f 2472/2472 2715/2715 2561/2561
f 2607/2607 2466/2466 2552/2552
f 2329/2329 2639/2639 2794/2794
f 2573/2573 2488/2488 2559/2559
f 2421/2421 2655/2655 2647/2647
f 2502/2502 2503/2503 2525/2525
f 2525/2525 2503/2503 2584/2584
f 2519/2519 2656/2656 2422/2422
f 2544/2544 2518/2518 2594/2594
f 2519/2519 2485/2485 2530/2530
f 2522/2522 2511/2511 2615/2615
f 2662/2662 2329/2329 2794/2794
f 2578/2578 2497/2497 2515/2515
f 2445/2445 2505/2505 2508/2508
f 2467/2467 2569/2569 2608/2608
f 2495/2495 2527/2527 2764/2764
f 2554/2554 2549/2549 2564/2564
f 2552/2552 2466/2466 2469/2469
f 2534/2534 2544/2544 2594/2594
f 2578/2578 2480/2480 2497/2497
f 2482/2482 2560/2560 2420/2420
f 2565/2565 2420/2420 2560/2560
f 2490/2490 2533/2533 2600/2600
f 2527/2527 2507/2507 2486/2486
f 2530/2530 2485/2485 2543/2543
f 2462/2462 2472/2472 2561/2561
f 2527/2527 2539/2539 2507/2507
f 2582/2582 2532/2532 2603/2603
f 2501/2501 2524/2524 2618/2618
f 2617/2617 2544/2544 2491/2491
f 2616/2616 2468/2468 2522/2522
f 2617/2617 2491/2491 2619/2619
f 2491/2491 2544/2544 2534/2534
f 2491/2491 2468/2468 2616/2616
f 2619/2619 2491/2491 2616/2616
f 2489/2489 2539/2539 2527/2527
f 2625/2625 2531/2531 2411/2411
f 2498/2498 2556/2556 2530/2530
f 2528/2528 2576/2576 2474/2474
f 2530/2530 2556/2556 2686/2686
f 2411/2411 2459/2459 2627/2627
f 2467/2467 2608/2608 2729/2729
f 2562/2562 2583/2583 2646/2646
f 2729/2729 2509/2509 2467/2467
f 2592/2592 2563/2563 2553/2553
f 2553/2553 2500/2500 2650/2650
f 2531/2531 2612/2612 2471/2471
f 2613/2613 2578/2578 2555/2555
f 2486/2486 2764/2764 2527/2527
f 2464/2464 2412/2412 2633/2633
f 2613/2613 2556/2556 2496/2496
f 2560/2560 2482/2482 2550/2550
f 2500/2500 2553/2553 2584/2584
f 2511/2511 2568/2568 2572/2572
f 2456/2456 2479/2479 2661/2661
f 2612/2612 2593/2593 2471/2471
f 2509/2509 2729/2729 2478/2478
f 2419/2419 2662/2662 2528/2528
f 2381/2381 2637/2637 2648/2648
f 2511/2511 2572/2572 2615/2615
f 2558/2558 2597/2597 2628/2628
f 2711/2711 2573/2573 2559/2559
f 2594/2594 2518/2518 2547/2547
f 2699/2699 2579/2579 2610/2610
f 2515/2515 2555/2555 2578/2578
f 2260/2260 2484/2484 2735/2735
f 2390/2390 2532/2532 2582/2582
f 2388/2388 2493/2493 2875/2875
f 2875/2875 2631/2631 2388/2388
f 2515/2515 2593/2593 2555/2555
f 2373/2373 2586/2586 2609/2609
f 2381/2381 2440/2440 2637/2637
f 2521/2521 2461/2461 2668/2668
f 2520/2520 2708/2708 2499/2499
f 2537/2537 2567/2567 2552/2552
f 2389/2389 2581/2581 2542/2542
f 2609/2609 2604/2604 2373/2373
f 2600/2600 2606/2606 2490/2490
f 2535/2535 2542/2542 2632/2632
f 2577/2577 2643/2643 2538/2538
f 2535/2535 2389/2389 2542/2542
f 2603/2603 2583/2583 2562/2562
f 2574/2574 2606/2606 2663/2663
f 2614/2614 2580/2580 2529/2529
f 2587/2587 2481/2481 2635/2635
f 2589/2589 2568/2568 2513/2513
f 2613/2613 2686/2686 2556/2556
f 2668/2668 2725/2725 2521/2521
f 2688/2688 2650/2650 2500/2500
f 2493/2493 2256/2256 2735/2735
f 2521/2521 2725/2725 2440/2440
f 2638/2638 2613/2613 2555/2555
f 2500/2500 2574/2574 2688/2688
f 2585/2585 2547/2547 2518/2518
f 2614/2614 2646/2646 2580/2580
f 2597/2597 2460/2460 2545/2545
f 2479/2479 2595/2595 2661/2661
f 2584/2584 2650/2650 2525/2525
f 2637/2637 2590/2590 2648/2648
f 2536/2536 2635/2635 2481/2481
f 2592/2592 2553/2553 2650/2650
f 2584/2584 2601/2601 2650/2650
f 2455/2455 2746/2746 2726/2726
f 2550/2550 2666/2666 2560/2560
f 2601/2601 2553/2553 2563/2563
f 2584/2584 2553/2553 2601/2601
f 2562/2562 2646/2646 2685/2685
f 2594/2594 2547/2547 2585/2585
f 2549/2549 2554/2554 2548/2548
f 2679/2679 2478/2478 2754/2754
f 2615/2615 2572/2572 2683/2683
f 2634/2634 2615/2615 2683/2683
f 2506/2506 2454/2454 2599/2599
f 2718/2718 2558/2558 2628/2628
f 2627/2627 2459/2459 2642/2642
f 2398/2398 2474/2474 2752/2752
f 2599/2599 2558/2558 2630/2630
f 2454/2454 2558/2558 2599/2599
f 2651/2651 2628/2628 2597/2597
f 2593/2593 2638/2638 2555/2555
f 2646/2646 2614/2614 2605/2605
f 2541/2541 2365/2365 2682/2682
f 2632/2632 2542/2542 2622/2622
f 2581/2581 2622/2622 2542/2542
f 2476/2476 2492/2492 2814/2814
f 2579/2579 2516/2516 2596/2596
f 2598/2598 2597/2597 2641/2641
f 2533/2533 2534/2534 2645/2645
f 2699/2699 2610/2610 2657/2657
f 2674/2674 2304/2304 2726/2726
f 2545/2545 2548/2548 2636/2636
f 2473/2473 2674/2674 2536/2536
f 2600/2600 2533/2533 2645/2645
f 2492/2492 2551/2551 2716/2716
f 2526/2526 2640/2640 2577/2577
f 2586/2586 2736/2736 2609/2609
f 2682/2682 2365/2365 2405/2405
f 2767/2767 2520/2520 2699/2699
f 2586/2586 2538/2538 2736/2736
f 2767/2767 2708/2708 2520/2520
f 2505/2505 2523/2523 2508/2508
f 2472/2472 2546/2546 2715/2715
f 2573/2573 2697/2697 2537/2537
f 2614/2614 2571/2571 2658/2658
f 2624/2624 2614/2614 2658/2658
f 2583/2583 2580/2580 2646/2646
f 2697/2697 2567/2567 2537/2537
f 2681/2681 2596/2596 2516/2516
f 2589/2589 2618/2618 2694/2694
f 2710/2710 2616/2616 2522/2522
f 2585/2585 2518/2518 2544/2544
f 2696/2696 2475/2475 2525/2525
f 2501/2501 2557/2557 2524/2524
f 2700/2700 2475/2475 2696/2696
f 2516/2516 2495/2495 2764/2764
f 2681/2681 2516/2516 2764/2764
f 2544/2544 2617/2617 2585/2585
f 2702/2702 2557/2557 2499/2499
f 2595/2595 2700/2700 2588/2588
f 2619/2619 2616/2616 2703/2703
f 2709/2709 2619/2619 2703/2703
f 2522/2522 2615/2615 2710/2710
f 2639/2639 2476/2476 2852/2852
f 2572/2572 2568/2568 2693/2693
f 2814/2814 2852/2852 2476/2476
f 2713/2713 2621/2621 2551/2551
f 2713/2713 2551/2551 2443/2443
f 2514/2514 2631/2631 2940/2940
f 2443/2443 2561/2561 2713/2713
f 2563/2563 2592/2592 2650/2650
f 2735/2735 2875/2875 2493/2493
f 2624/2624 2658/2658 2652/2652
f 2594/2594 2645/2645 2534/2534
f 2735/2735 2484/2484 2942/2942
f 2411/2411 2627/2627 2625/2625
f 2814/2814 2492/2492 2716/2716
f 2713/2713 2561/2561 2758/2758
f 2455/2455 2602/2602 3010/3010
f 2658/2658 2670/2670 2652/2652
f 2561/2561 2715/2715 2758/2758
f 2942/2942 2484/2484 2506/2506
f 2559/2559 2512/2512 2604/2604
f 2660/2660 2593/2593 2612/2612
f 2620/2620 2531/2531 2625/2625
f 2523/2523 2505/2505 2714/2714
f 2546/2546 2647/2647 2738/2738
f 2545/2545 2636/2636 2597/2597
f 2641/2641 2597/2597 2636/2636
f 2531/2531 2620/2620 2612/2612
f 2630/2630 2558/2558 2718/2718
f 2642/2642 2464/2464 2633/2633
f 2530/2530 2686/2686 2665/2665
f 2656/2656 2519/2519 2530/2530
f 2712/2712 2640/2640 2526/2526
f 2651/2651 2653/2653 2678/2678
f 2565/2565 2560/2560 2669/2669
f 2486/2486 2566/2566 2701/2701
f 2650/2650 2688/2688 2525/2525
f 2582/2582 2603/2603 2623/2623
f 2579/2579 2596/2596 2657/2657
f 2651/2651 2597/2597 2654/2654
f 2900/2900 2440/2440 2725/2725
f 2563/2563 2650/2650 2601/2601
f 2598/2598 2654/2654 2597/2597
f 2611/2611 2525/2525 2688/2688
f 2668/2668 2461/2461 2728/2728
f 2900/2900 2780/2780 2440/2440
f 2604/2604 2609/2609 2724/2724
f 2711/2711 2750/2750 2573/2573
f 2637/2637 2440/2440 2780/2780
f 2640/2640 2643/2643 2577/2577
f 2654/2654 2598/2598 2641/2641
f 2505/2505 2649/2649 2626/2626
f 2651/2651 2654/2654 2653/2653
f 2653/2653 2654/2654 2733/2733
f 2716/2716 2551/2551 2621/2621
f 2626/2626 2714/2714 2505/2505
f 2627/2627 2838/2838 2625/2625
f 2740/2740 2838/2838 2627/2627
f 2478/2478 2729/2729 2754/2754
f 2746/2746 2455/2455 3010/3010
f 2838/2838 2620/2620 2625/2625
f 3010/3010 2602/2602 2905/2905
f 2838/2838 2759/2759 2620/2620
f 2594/2594 2585/2585 2673/2673
f 2606/2606 2600/2600 2741/2741
f 2565/2565 2712/2712 2526/2526
f 2623/2623 2603/2603 2807/2807
f 2683/2683 2572/2572 2693/2693
f 2693/2693 2634/2634 2683/2683
f 2645/2645 2594/2594 2673/2673
f 2706/2706 2652/2652 2670/2670
f 2638/2638 2593/2593 2660/2660
f 2699/2699 2657/2657 2749/2749
f 2687/2687 2732/2732 2629/2629
f 2665/2665 2686/2686 2676/2676
f 2456/2456 2661/2661 2748/2748
f 2506/2506 2599/2599 2789/2789
f 2787/2787 2635/2635 2536/2536
f 2628/2628 2651/2651 2678/2678
f 2660/2660 2691/2691 2638/2638
f 2741/2741 2719/2719 2606/2606
f 2645/2645 2741/2741 2600/2600
f 2752/2752 2474/2474 2744/2744
f 2610/2610 2579/2579 2657/2657
f 2560/2560 2666/2666 2669/2669
f 2678/2678 2653/2653 2730/2730
f 2852/2852 2794/2794 2639/2639
f 2588/2588 2667/2667 2595/2595
f 2663/2663 2606/2606 2719/2719
f 2738/2738 2647/2647 2655/2655
f 2720/2720 2807/2807 2603/2603
f 2603/2603 2562/2562 2720/2720
f 2620/2620 2660/2660 2612/2612
f 2653/2653 2813/2813 2730/2730
f 2667/2667 2661/2661 2595/2595
f 2538/2538 2643/2643 2736/2736
f 2566/2566 2607/2607 2751/2751
f 2644/2644 2796/2796 2629/2629
f 2813/2813 2653/2653 2733/2733
f 2559/2559 2604/2604 2860/2860
f 2554/2554 2564/2564 2677/2677
f 2684/2684 2706/2706 2689/2689
f 2530/2530 2672/2672 2656/2656
f 2727/2727 2690/2690 2707/2707
f 2676/2676 2686/2686 2613/2613
f 2753/2753 2685/2685 2646/2646
f 2669/2669 2712/2712 2565/2565
f 2564/2564 2535/2535 2632/2632
f 2821/2821 2649/2649 2591/2591
f 2732/2732 2641/2641 2636/2636
f 2665/2665 2672/2672 2530/2530
f 2570/2570 2541/2541 2682/2682
f 2632/2632 2677/2677 2564/2564
f 2657/2657 2596/2596 2734/2734
f 2461/2461 2587/2587 2791/2791
f 2697/2697 2573/2573 2776/2776
f 2728/2728 2461/2461 2791/2791
f 2676/2676 2613/2613 2638/2638
f 2633/2633 2680/2680 2883/2883
f 2611/2611 2688/2688 2721/2721
f 2739/2739 2732/2732 2687/2687
f 2695/2695 2705/2705 2617/2617
f 2696/2696 2525/2525 2611/2611
f 2695/2695 2617/2617 2619/2619
f 2619/2619 2709/2709 2695/2695
f 2629/2629 2732/2732 2644/2644
f 2694/2694 2568/2568 2589/2589
f 2607/2607 2552/2552 2567/2567
f 2617/2617 2673/2673 2585/2585
f 2524/2524 2557/2557 2698/2698
f 2710/2710 2703/2703 2616/2616
f 2614/2614 2624/2624 2605/2605
f 2706/2706 2624/2624 2652/2652
f 2605/2605 2624/2624 2684/2684
f 2624/2624 2706/2706 2684/2684
f 2698/2698 2557/2557 2702/2702
f 2554/2554 2737/2737 2548/2548
f 2618/2618 2524/2524 2698/2698
f 2694/2694 2618/2618 2698/2698
f 2709/2709 2703/2703 2772/2772
f 2634/2634 2693/2693 2704/2704
f 2617/2617 2705/2705 2673/2673
f 2693/2693 2568/2568 2694/2694
f 2704/2704 2693/2693 2694/2694
f 2705/2705 2645/2645 2673/2673
f 2695/2695 2709/2709 2772/2772
f 2588/2588 2700/2700 2766/2766
f 2615/2615 2634/2634 2704/2704
f 2499/2499 2708/2708 2702/2702
f 2486/2486 2701/2701 2764/2764
f 2615/2615 2704/2704 2710/2710
f 2684/2684 2575/2575 2664/2664
f 2689/2689 2575/2575 2684/2684
f 2692/2692 2645/2645 2695/2695
f 2695/2695 2645/2645 2705/2705
f 2806/2806 2622/2622 2808/2808
f 2682/2682 2785/2785 2570/2570
f 2640/2640 2712/2712 2841/2841
f 2643/2643 2640/2640 2841/2841
f 2739/2739 2687/2687 2797/2797
f 2632/2632 2622/2622 2806/2806
f 2659/2659 2570/2570 2785/2785
f 2753/2753 2675/2675 2685/2685
f 2759/2759 2731/2731 2620/2620
f 2758/2758 2715/2715 2798/2798
f 2747/2747 2722/2722 2690/2690
f 2690/2690 2727/2727 2747/2747
f 2671/2671 2659/2659 2785/2785
f 2602/2602 2514/2514 2905/2905
f 2682/2682 2405/2405 2892/2892
f 2707/2707 2832/2832 2727/2727
f 2743/2743 2550/2550 2523/2523
f 2678/2678 2718/2718 2628/2628
f 2685/2685 2675/2675 2720/2720
f 2528/2528 2827/2827 2576/2576
f 2550/2550 2743/2743 2666/2666
f 2660/2660 2620/2620 2731/2731
f 2757/2757 2691/2691 2731/2731
f 2942/2942 2506/2506 2789/2789
f 2642/2642 2740/2740 2627/2627
f 2731/2731 2691/2691 2660/2660
f 2654/2654 2641/2641 2739/2739
f 2717/2717 2747/2747 2727/2727
f 2654/2654 2739/2739 2733/2733
f 2883/2883 2756/2756 2633/2633
f 2456/2456 2748/2748 2608/2608
f 2633/2633 2756/2756 2642/2642
f 2638/2638 2691/2691 2676/2676
f 2662/2662 2827/2827 2528/2528
f 2719/2719 2741/2741 2692/2692
f 2636/2636 2548/2548 2836/2836
f 2893/2893 2404/2404 2997/2997
f 2789/2789 2599/2599 2630/2630
f 2836/2836 2548/2548 2800/2800
f 2723/2723 2729/2729 2608/2608
f 2773/2773 2714/2714 2626/2626
f 2755/2755 2672/2672 2665/2665
f 2635/2635 2819/2819 2587/2587
f 2404/2404 2752/2752 2997/2997
f 2732/2732 2636/2636 2792/2792
f 2668/2668 2728/2728 2725/2725
f 2587/2587 2819/2819 2791/2791
f 2685/2685 2720/2720 2562/2562
f 2681/2681 2734/2734 2596/2596
f 2777/2777 2679/2679 2754/2754
f 2679/2679 2777/2777 2680/2680
f 2729/2729 2871/2871 2754/2754
f 2576/2576 2744/2744 2474/2474
f 2776/2776 2573/2573 2750/2750
f 2739/2739 2641/2641 2732/2732
f 2632/2632 2778/2778 2677/2677
f 2711/2711 2559/2559 2860/2860
f 2759/2759 2782/2782 2731/2731
f 2873/2873 2630/2630 2745/2745
f 2714/2714 2743/2743 2523/2523
f 2801/2801 2676/2676 2742/2742
f 2817/2817 2675/2675 2753/2753
f 2817/2817 2753/2753 2775/2775
f 2757/2757 2676/2676 2691/2691
f 2782/2782 2757/2757 2731/2731
f 2726/2726 2779/2779 2674/2674
f 2826/2826 2713/2713 2839/2839
f 2720/2720 2784/2784 2807/2807
f 2778/2778 2632/2632 2806/2806
f 2715/2715 2546/2546 2798/2798
f 2758/2758 2839/2839 2713/2713
f 2754/2754 2871/2871 2835/2835
f 2738/2738 2798/2798 2546/2546
f 2723/2723 2608/2608 2748/2748
f 2667/2667 2588/2588 2786/2786
f 2536/2536 2674/2674 2779/2779
f 2672/2672 2824/2824 2656/2656
f 2798/2798 2839/2839 2758/2758
f 2655/2655 2799/2799 2738/2738
f 2661/2661 2667/2667 2786/2786
f 2729/2729 2723/2723 2871/2871
f 2626/2626 2649/2649 2821/2821
f 2756/2756 2740/2740 2642/2642
f 2742/2742 2676/2676 2757/2757
f 2734/2734 2901/2901 2657/2657
f 2860/2860 2604/2604 2724/2724
f 2637/2637 2780/2780 2590/2590
f 2699/2699 2749/2749 2829/2829
f 2548/2548 2737/2737 2804/2804
f 2800/2800 2548/2548 2804/2804
f 2554/2554 2804/2804 2737/2737
f 2796/2796 2644/2644 2792/2792
f 2755/2755 2665/2665 2801/2801
f 2801/2801 2665/2665 2676/2676
f 2696/2696 2611/2611 2721/2721
f 2751/2751 2567/2567 2776/2776
f 2607/2607 2567/2567 2751/2751
f 2732/2732 2792/2792 2644/2644
f 2775/2775 2753/2753 2646/2646
f 2945/2945 2775/2775 2646/2646
f 2760/2760 2717/2717 2832/2832
f 2832/2832 2717/2717 2727/2727
f 2646/2646 2605/2605 2945/2945
f 2698/2698 2702/2702 2762/2762
f 2684/2684 2823/2823 2605/2605
f 2567/2567 2697/2697 2776/2776
f 2681/2681 2764/2764 2854/2854
f 2858/2858 2710/2710 2850/2850
f 2703/2703 2710/2710 2858/2858
f 2844/2844 2700/2700 2696/2696
f 2785/2785 2788/2788 2671/2671
f 2700/2700 2844/2844 2765/2765
f 2761/2761 2694/2694 2698/2698
f 2681/2681 2854/2854 2734/2734
f 2766/2766 2700/2700 2765/2765
f 2703/2703 2858/2858 2845/2845
f 2704/2704 2694/2694 2771/2771
f 2833/2833 2671/2671 2788/2788
f 2771/2771 2694/2694 2761/2761
f 2772/2772 2703/2703 2845/2845
f 2670/2670 2834/2834 2706/2706
f 2786/2786 2588/2588 2766/2766
f 2701/2701 2566/2566 2793/2793
f 2793/2793 2566/2566 2751/2751
f 2770/2770 2695/2695 2772/2772
f 2850/2850 2704/2704 2771/2771
f 2710/2710 2704/2704 2850/2850
f 2763/2763 2684/2684 2664/2664
f 2823/2823 2684/2684 2763/2763
f 2702/2702 2708/2708 2767/2767
f 2767/2767 2699/2699 2829/2829
f 2692/2692 2663/2663 2719/2719
f 2770/2770 2663/2663 2692/2692
f 2664/2664 2768/2768 2763/2763
f 2692/2692 2741/2741 2645/2645
f 2695/2695 2770/2770 2692/2692
f 2837/2837 2740/2740 2756/2756
f 2940/2940 2631/2631 2938/2938
f 2730/2730 2813/2813 2927/2927
f 2785/2785 2682/2682 2802/2802
f 2755/2755 2801/2801 2882/2882
f 2883/2883 2680/2680 2884/2884
f 2805/2805 2747/2747 2717/2717
f 2718/2718 2678/2678 2912/2912
f 2750/2750 2820/2820 2776/2776
f 2722/2722 2747/2747 2830/2830
f 2714/2714 2773/2773 2743/2743
f 2630/2630 2873/2873 2789/2789
f 2675/2675 2817/2817 2783/2783
f 2791/2791 2819/2819 2861/2861
f 2630/2630 2718/2718 2912/2912
f 2912/2912 2745/2745 2630/2630
f 2717/2717 2856/2856 2805/2805
f 2514/2514 2940/2940 2905/2905
f 2855/2855 2755/2755 2882/2882
f 2841/2841 2712/2712 2840/2840
f 2743/2743 2876/2876 2666/2666
f 2839/2839 2798/2798 2738/2738
f 2823/2823 2945/2945 2605/2605
f 2784/2784 2720/2720 2783/2783
f 2720/2720 2675/2675 2783/2783
f 2782/2782 2881/2881 2774/2774
f 2837/2837 2838/2838 2740/2740
f 2792/2792 2636/2636 2836/2836
f 2782/2782 2742/2742 2757/2757
f 2621/2621 2713/2713 2929/2929
f 2736/2736 2643/2643 2810/2810
f 2787/2787 2536/2536 2779/2779
f 2826/2826 2929/2929 2713/2713
f 2661/2661 2786/2786 2872/2872
f 2839/2839 2738/2738 2799/2799
f 2841/2841 2810/2810 2643/2643
f 2748/2748 2661/2661 2872/2872
f 2822/2822 2751/2751 2776/2776
f 2669/2669 2666/2666 2842/2842
f 2755/2755 2855/2855 2672/2672
f 2777/2777 2754/2754 2835/2835
f 2900/2900 2725/2725 2908/2908
f 2842/2842 2840/2840 2712/2712
f 2712/2712 2669/2669 2842/2842
f 2790/2790 2739/2739 2797/2797
f 2864/2864 2734/2734 2854/2854
f 2629/2629 2796/2796 2803/2803
f 2901/2901 2891/2891 2657/2657
f 2797/2797 2687/2687 2629/2629
f 2749/2749 2657/2657 2891/2891
f 2797/2797 2629/2629 2803/2803
f 2941/2941 2886/2886 2672/2672
f 2886/2886 2824/2824 2672/2672
f 2797/2797 2815/2815 2790/2790
f 2853/2853 2912/2912 2678/2678
f 2747/2747 2805/2805 2906/2906
f 2828/2828 2677/2677 2902/2902
f 2902/2902 2677/2677 2778/2778
f 2826/2826 2839/2839 2889/2889
f 2785/2785 2802/2802 2894/2894
f 2678/2678 2730/2730 2853/2853
f 2927/2927 2853/2853 2730/2730
f 2680/2680 2777/2777 2884/2884
f 2743/2743 2773/2773 2876/2876
f 2809/2809 2881/2881 2759/2759
f 2776/2776 2820/2820 2822/2822
f 2788/2788 2785/2785 2894/2894
f 2790/2790 2813/2813 2733/2733
f 2843/2843 2838/2838 2837/2837
f 2938/2938 2631/2631 2875/2875
f 2742/2742 2882/2882 2801/2801
f 2724/2724 2609/2609 2878/2878
f 2807/2807 2784/2784 2862/2862
f 2843/2843 2809/2809 2838/2838
f 2945/2945 2823/2823 2888/2888
f 2781/2781 2821/2821 2591/2591
f 2869/2869 2882/2882 2742/2742
f 2635/2635 2787/2787 2936/2936
f 2723/2723 2870/2870 2871/2871
f 2774/2774 2869/2869 2782/2782
f 2809/2809 2759/2759 2838/2838
f 2802/2802 2682/2682 2892/2892
f 2876/2876 2842/2842 2666/2666
f 2793/2793 2751/2751 2822/2822
f 2908/2908 2725/2725 2728/2728
f 2869/2869 2742/2742 2782/2782
f 2759/2759 2881/2881 2782/2782
f 2816/2816 2810/2810 2841/2841
f 2840/2840 2880/2880 2816/2816
f 2901/2901 2734/2734 2864/2864
f 2736/2736 2810/2810 2867/2867
f 2821/2821 2773/2773 2626/2626
f 2795/2795 2800/2800 2804/2804
f 2791/2791 2877/2877 2728/2728
f 2867/2867 2878/2878 2736/2736
f 2672/2672 2855/2855 2941/2941
f 2724/2724 2879/2879 2860/2860
f 2804/2804 2554/2554 2812/2812
f 2840/2840 2816/2816 2841/2841
f 2827/2827 2662/2662 2818/2818
f 2662/2662 2794/2794 2818/2818
f 2878/2878 2609/2609 2736/2736
f 2792/2792 2795/2795 2796/2796
f 2854/2854 2764/2764 2868/2868
f 2856/2856 2717/2717 2760/2760
f 2795/2795 2836/2836 2800/2800
f 2792/2792 2836/2836 2795/2795
f 2696/2696 2721/2721 2831/2831
f 2844/2844 2696/2696 2831/2831
f 2770/2770 2772/2772 2845/2845
f 2846/2846 2848/2848 2769/2769
f 2698/2698 2762/2762 2919/2919
f 2701/2701 2868/2868 2764/2764
f 2766/2766 2765/2765 2996/2996
f 2739/2739 2790/2790 2733/2733
f 2763/2763 2768/2768 2847/2847
f 2786/2786 2766/2766 2872/2872
f 2793/2793 2868/2868 2701/2701
f 2677/2677 2828/2828 2554/2554
f 2961/2961 2847/2847 2768/2768
f 2962/2962 2769/2769 2848/2848
f 2829/2829 2903/2903 2767/2767
f 2702/2702 2767/2767 2903/2903
f 2760/2760 2832/2832 2985/2985
f 2850/2850 2771/2771 2849/2849
f 2823/2823 2763/2763 2888/2888
f 2817/2817 2775/2775 2945/2945
f 2825/2825 2885/2885 2655/2655
f 2851/2851 2835/2835 2871/2871
f 2796/2796 2795/2795 2803/2803
f 2906/2906 2830/2830 2747/2747
f 2858/2858 2850/2850 2896/2896
f 2554/2554 2828/2828 2812/2812
f 2869/2869 2774/2774 2881/2881
f 2814/2814 2716/2716 2925/2925
f 2716/2716 2621/2621 2925/2925
f 2843/2843 2917/2917 2809/2809
f 2777/2777 2835/2835 2884/2884
f 2884/2884 2914/2914 2883/2883
f 2873/2873 3007/3007 2789/2789
f 2916/2916 2917/2917 2837/2837
f 2921/2921 2576/2576 2827/2827
f 2744/2744 2576/2576 3096/3096
f 2917/2917 2843/2843 2837/2837
f 2890/2890 2880/2880 2842/2842
f 2781/2781 2899/2899 2821/2821
f 2870/2870 2723/2723 3019/3019
f 2889/2889 2929/2929 2826/2826
f 2902/2902 2778/2778 2968/2968
f 2910/2910 2890/2890 2842/2842
f 2778/2778 2806/2806 2968/2968
f 2873/2873 2887/2887 2895/2895
f 2818/2818 3036/3036 2827/2827
f 2906/2906 2805/2805 3013/3013
f 2942/2942 2958/2958 2735/2735
f 2806/2806 2808/2808 2863/2863
f 2851/2851 2884/2884 2835/2835
f 2805/2805 2856/2856 2922/2922
f 2724/2724 2878/2878 2879/2879
f 2910/2910 2842/2842 2876/2876
f 2788/2788 2894/2894 2989/2989
f 2937/2937 2861/2861 2819/2819
f 2820/2820 2750/2750 2859/2859
f 2794/2794 2852/2852 2818/2818
f 2868/2868 2793/2793 2822/2822
f 2874/2874 2749/2749 2891/2891
f 2842/2842 2880/2880 2840/2840
f 2779/2779 2726/2726 2935/2935
f 2909/2909 2702/2702 2903/2903
f 2829/2829 2749/2749 2874/2874
f 2877/2877 2811/2811 2728/2728
f 2986/2986 2833/2833 3014/3014
f 2816/2816 2897/2897 2911/2911
f 2784/2784 2783/2783 2969/2969
f 2746/2746 2935/2935 2726/2726
f 2866/2866 2855/2855 2882/2882
f 2821/2821 2876/2876 2773/2773
f 2728/2728 2811/2811 2908/2908
f 2750/2750 2711/2711 2859/2859
f 2861/2861 2865/2865 2791/2791
f 2799/2799 2655/2655 2923/2923
f 2791/2791 2865/2865 2877/2877
f 2816/2816 2911/2911 2810/2810
f 2885/2885 2923/2923 2655/2655
f 2860/2860 2859/2859 2711/2711
f 2923/2923 2889/2889 2839/2839
f 2853/2853 2887/2887 2912/2912
f 2817/2817 2945/2945 2898/2898
f 2818/2818 2852/2852 3120/3120
f 2918/2918 2851/2851 2980/2980
f 2942/2942 2789/2789 2994/2994
f 2869/2869 2866/2866 2882/2882
f 2896/2896 2974/2974 2858/2858
f 2748/2748 3019/3019 2723/2723
f 2813/2813 2790/2790 2939/2939
f 2982/2982 2907/2907 2860/2860
f 3022/3022 2907/2907 2982/2982
f 2911/2911 2981/2981 2867/2867
f 2790/2790 2815/2815 2939/2939
f 2900/2900 2908/2908 2970/2970
f 2815/2815 2797/2797 2966/2966
f 2839/2839 2799/2799 2923/2923
f 2760/2760 2953/2953 2856/2856
f 2797/2797 2803/2803 2966/2966
f 2949/2949 2857/2857 2973/2973
f 2846/2846 2857/2857 2949/2949
f 2783/2783 2817/2817 2898/2898
f 2803/2803 2795/2795 2804/2804
f 2953/2953 2913/2913 2856/2856
f 2887/2887 2915/2915 2895/2895
f 2980/2980 2947/2947 2918/2918
f 2929/2929 2925/2925 2621/2621
f 2745/2745 2887/2887 2873/2873
f 2884/2884 2916/2916 2914/2914
f 3007/3007 2873/2873 2895/2895
f 2856/2856 2913/2913 2922/2922
f 2822/2822 2983/2983 2868/2868
f 2780/2780 2900/2900 2970/2970
f 2926/2926 2806/2806 2863/2863
f 2866/2866 2869/2869 2959/2959
f 2779/2779 3003/3003 2787/2787
f 2958/2958 2875/2875 2735/2735
f 3011/3011 2877/2877 2865/2865
f 2926/2926 2968/2968 2806/2806
f 3013/3013 2805/2805 2922/2922
f 2745/2745 2912/2912 2887/2887
f 2881/2881 2948/2948 2869/2869
f 2976/2976 2879/2879 2878/2878
f 2880/2880 2890/2890 2984/2984
f 2878/2878 2867/2867 2976/2976
f 2811/2811 2877/2877 3011/3011
f 2947/2947 2809/2809 2917/2917
f 2982/2982 2860/2860 2879/2879
f 2936/2936 2819/2819 2635/2635
f 2946/2946 2881/2881 2947/2947
f 2946/2946 2948/2948 2881/2881
f 2855/2855 2866/2866 2941/2941
f 2944/2944 2910/2910 2876/2876
f 2862/2862 2784/2784 2969/2969
f 2829/2829 2874/2874 2934/2934
f 2865/2865 2861/2861 2967/2967
f 2816/2816 2880/2880 2897/2897
f 2956/2956 2908/2908 2811/2811
f 2914/2914 2916/2916 2837/2837
f 2907/2907 2859/2859 2860/2860
f 2867/2867 2810/2810 2911/2911
f 2752/2752 2744/2744 3096/3096
f 2859/2859 2907/2907 2820/2820
f 2883/2883 2914/2914 2756/2756
f 2837/2837 2756/2756 2914/2914
f 2829/2829 2934/2934 2903/2903
f 2881/2881 2809/2809 2947/2947
f 2916/2916 2851/2851 2918/2918
f 2884/2884 2851/2851 2916/2916
f 2871/2871 2980/2980 2851/2851
f 2917/2917 2916/2916 2918/2918
f 2917/2917 2918/2918 2947/2947
f 2771/2771 2761/2761 2999/2999
f 3064/3064 2953/2953 2760/2760
f 2924/2924 2888/2888 2763/2763
f 2833/2833 2788/2788 3014/3014
f 3064/3064 2760/2760 2985/2985
f 2848/2848 2846/2846 2933/2933
f 2702/2702 2909/2909 2762/2762
f 2763/2763 2847/2847 2924/2924
f 2920/2920 2848/2848 2933/2933
f 2766/2766 2972/2972 2872/2872
f 2849/2849 2771/2771 2999/2999
f 2962/2962 2848/2848 2920/2920
f 2919/2919 2762/2762 2909/2909
f 2972/2972 2766/2766 2996/2996
f 2849/2849 2896/2896 2850/2850
f 2919/2919 3042/3042 2698/2698
f 2761/2761 2698/2698 3042/3042
f 2915/2915 2887/2887 3043/3043
f 2982/2982 2879/2879 2976/2976
f 2897/2897 3023/3023 2981/2981
f 2995/2995 2953/2953 2950/2950
f 3018/3018 2946/2946 3021/3021
f 3014/3014 2788/2788 2989/2989
f 2999/2999 2761/2761 3042/3042
f 2913/2913 2995/2995 2955/2955
f 2941/2941 2952/2952 2886/2886
f 2913/2913 2953/2953 2995/2995
f 3017/3017 2765/2765 2963/2963
f 2891/2891 2901/2901 2990/2990
f 2932/2932 2887/2887 2853/2853
f 2864/2864 2990/2990 2901/2901
f 2871/2871 2870/2870 3059/3059
f 2999/2999 3050/3050 2849/2849
f 2959/2959 2930/2930 2866/2866
f 2923/2923 2885/2885 3056/3056
f 2928/2928 2812/2812 2828/2828
f 2822/2822 2820/2820 2977/2977
f 2899/2899 2910/2910 2944/2944
f 2898/2898 2945/2945 2888/2888
f 2815/2815 2966/2966 2939/2939
f 2748/2748 2872/2872 2972/2972
f 2866/2866 2930/2930 2941/2941
f 2948/2948 2959/2959 2869/2869
f 2976/2976 2867/2867 2981/2981
f 2893/2893 2997/2997 3139/3139
f 2820/2820 2907/2907 2977/2977
f 2927/2927 2932/2932 2853/2853
f 2846/2846 2949/2949 2933/2933
f 3007/3007 2994/2994 2789/2789
f 2971/2971 2943/2943 2781/2781
f 2955/2955 3105/3105 2913/2913
f 2803/2803 2804/2804 2957/2957
f 2897/2897 2880/2880 2984/2984
f 2957/2957 2804/2804 3012/3012
f 2781/2781 2943/2943 2899/2899
f 3018/3018 2948/2948 2946/2946
f 2828/2828 2902/2902 2928/2928
f 2779/2779 2935/2935 3003/3003
f 2937/2937 2819/2819 2936/2936
f 2802/2802 2892/2892 3115/3115
f 2922/2922 2913/2913 3105/3105
f 2904/2904 2927/2927 3032/3032
f 2927/2927 2813/2813 3032/3032
f 2852/2852 2814/2814 3120/3120
f 2899/2899 2944/2944 2821/2821
f 2864/2864 2854/2854 2998/2998
f 3032/3032 2813/2813 2939/2939
f 2876/2876 2821/2821 2944/2944
f 2981/2981 2911/2911 2897/2897
f 2854/2854 2868/2868 2998/2998
f 2868/2868 2983/2983 2998/2998
f 2977/2977 2983/2983 2822/2822
f 2984/2984 2890/2890 2960/2960
f 2783/2783 2898/2898 2969/2969
f 2935/2935 2746/2746 3010/3010
f 2981/2981 3025/3025 2976/2976
f 2938/2938 3072/3072 2940/2940
f 3015/3015 2847/2847 3051/3051
f 2947/2947 3021/3021 2946/2946
f 2951/2951 2993/2993 2931/2931
f 2890/2890 2899/2899 2943/2943
f 2986/2986 3014/3014 3069/3069
f 2899/2899 2890/2890 2910/2910
f 2967/2967 2861/2861 2937/2937
f 2929/2929 2889/2889 3089/3089
f 3026/3026 2890/2890 2943/2943
f 2830/2830 2906/2906 3054/3054
f 3089/3089 2889/2889 3037/3037
f 2896/2896 2849/2849 3041/3041
f 3096/3096 2997/2997 2752/2752
f 2909/2909 2903/2903 3106/3106
f 3043/3043 2887/2887 2932/2932
f 2905/2905 2940/2940 3087/3087
f 2895/2895 2915/2915 3006/3006
f 2886/2886 2952/2952 3028/3028
f 2930/2930 2952/2952 2941/2941
f 2889/2889 2923/2923 3037/3037
f 3040/3040 2787/2787 3003/3003
f 2894/2894 2802/2802 3074/3074
f 2990/2990 2864/2864 3002/3002
f 3096/3096 2576/2576 2921/2921
f 3022/3022 2977/2977 2907/2907
f 2936/2936 2787/2787 3040/3040
f 3023/3023 3058/3058 2981/2981
f 2982/2982 2976/2976 3025/3025
f 2971/2971 3024/3024 2943/2943
f 3018/3018 2954/2954 2948/2948
f 2989/2989 2894/2894 3074/3074
f 2812/2812 2928/2928 2979/2979
f 2984/2984 3023/3023 2897/2897
f 2948/2948 2954/2954 2959/2959
f 3026/3026 2960/2960 2890/2890
f 3011/3011 2865/2865 2967/2967
f 2936/2936 2965/2965 2937/2937
f 3019/3019 3084/3084 2870/2870
f 2998/2998 3002/3002 2864/2864
f 2847/2847 3015/3015 2924/2924
f 3059/3059 2870/2870 3084/3084
f 2932/2932 2927/2927 2904/2904
f 2968/2968 3099/3099 2902/2902
f 2978/2978 2983/2983 2977/2977
f 3011/3011 2956/2956 2811/2811
f 2978/2978 2977/2977 2975/2975
f 2931/2931 2812/2812 2979/2979
f 2951/2951 2931/2931 2979/2979
f 2984/2984 3020/3020 3023/3023
f 3059/3059 3021/3021 2980/2980
f 2947/2947 2980/2980 3021/3021
f 3012/3012 2804/2804 2812/2812
f 3051/3051 2847/2847 2961/2961
f 2844/2844 2831/2831 2963/2963
f 2844/2844 2963/2963 2765/2765
f 2765/2765 3017/3017 2996/2996
f 3062/3062 3025/3025 3063/3063
f 3056/3056 2885/2885 3029/3029
f 2969/2969 2898/2898 3039/3039
f 2875/2875 2958/2958 3035/3035
f 3106/3106 2903/2903 3030/3030
f 2928/2928 2987/2987 2979/2979
f 2933/2933 3034/3034 2920/2920
f 2994/2994 3007/3007 3044/3044
f 3038/3038 3009/3009 3018/3018
f 2939/2939 2966/2966 3005/3005
f 3099/3099 2987/2987 2928/2928
f 2959/2959 3066/3066 2930/2930
f 2928/2928 2902/2902 3099/3099
f 2898/2898 2888/2888 3004/3004
f 3038/3038 3021/3021 3059/3059
f 3099/3099 2968/2968 3027/3027
f 3022/3022 2982/2982 3025/3025
f 2748/2748 2972/2972 3121/3121
f 3019/3019 2748/2748 3121/3121
f 3026/3026 3033/3033 2960/2960
f 2920/2920 3034/3034 3104/3104
f 2923/2923 3056/3056 3142/3142
f 3038/3038 3018/3018 3021/3021
f 3015/3015 3008/3008 2924/2924
f 2803/2803 2957/2957 2966/2966
f 2965/2965 2936/2936 3040/3040
f 3012/3012 2812/2812 3083/3083
f 2892/2892 3140/3140 3115/3115
f 2827/2827 3036/3036 2921/2921
f 3059/3059 2980/2980 2871/2871
f 3026/3026 2943/2943 3024/3024
f 2812/2812 2931/2931 3083/3083
f 3032/3032 2939/2939 3005/3005
f 2987/2987 2951/2951 2979/2979
f 2929/2929 3089/3089 2925/2925
f 3049/3049 2922/2922 3105/3105
f 3024/3024 2971/2971 3060/3060
f 3062/3062 2977/2977 3022/3022
f 2895/2895 3006/3006 2988/2988
f 2993/2993 3073/3073 2931/2931
f 2968/2968 2926/2926 3027/3027
f 2970/2970 2908/2908 2956/2956
f 3025/3025 3062/3062 3022/3022
f 3047/3047 2926/2926 2863/2863
f 3006/3006 2915/2915 3043/3043
f 2960/2960 3020/3020 2984/2984
f 3054/3054 3052/3052 2830/2830
f 2977/2977 3062/3062 2975/2975
f 2954/2954 3018/3018 3009/3009
f 3058/3058 3023/3023 3020/3020
f 2964/2964 3054/3054 3016/3016
f 2981/2981 3058/3058 3025/3025
f 2937/2937 3124/3124 2967/2967
f 2903/2903 2934/2934 3078/3078
f 2989/2989 3074/3074 3097/3097
f 3054/3054 2906/2906 3080/3080
f 3121/3121 3084/3084 3019/3019
f 2906/2906 3013/3013 3080/3080
f 3010/3010 2905/2905 3108/3108
f 2958/2958 2942/2942 2994/2994
f 3034/3034 2933/2933 3071/3071
f 2933/2933 2949/2949 3071/3071
f 3005/3005 2966/2966 3092/3092
f 3087/3087 2940/2940 3072/3072
f 3030/3030 2903/2903 3078/3078
f 3060/3060 3000/3000 3024/3024
f 3066/3066 2959/2959 3111/3111
f 2938/2938 2875/2875 3035/3035
f 3190/3190 2985/2985 3070/3070
f 3098/3098 2967/2967 3124/3124
f 3039/3039 2898/2898 3004/3004
f 2802/2802 3115/3115 3074/3074
f 2990/2990 3002/3002 3107/3107
f 3083/3083 2931/2931 3073/3073
f 2996/2996 3017/3017 3081/3081
f 2950/2950 3128/3128 2995/2995
f 3004/3004 2888/2888 2924/2924
f 2895/2895 2988/2988 3007/3007
f 3121/3121 2972/2972 3146/3146
f 3026/3026 3024/3024 3000/3000
f 3000/3000 3033/3033 3026/3026
f 3011/3011 2967/2967 3098/3098
f 2995/2995 3128/3128 2955/2955
f 2955/2955 3128/3128 3105/3105
f 2999/2999 3042/3042 3113/3113
f 3036/3036 2818/2818 3154/3154
f 3102/3102 2983/2983 3079/3079
f 3079/3079 2983/2983 2978/2978
f 3027/3027 2926/2926 3132/3132
f 2926/2926 3047/3047 3132/3132
f 3069/3069 3014/3014 3097/3097
f 2937/2937 2965/2965 3040/3040
f 2960/2960 3033/3033 3020/3020
f 3063/3063 3079/3079 3062/3062
f 2987/2987 2993/2993 2951/2951
f 3031/3031 3057/3057 3134/3134
f 3045/3045 3040/3040 3003/3003
f 3033/3033 3057/3057 3020/3020
f 3075/3075 3058/3058 3031/3031
f 3118/3118 3071/3071 2949/2949
f 3062/3062 3079/3079 2975/2975
f 3041/3041 2849/2849 3050/3050
f 3058/3058 3020/3020 3031/3031
f 2999/2999 3205/3205 3050/3050
f 2874/2874 2891/2891 3046/3046
f 2934/2934 2874/2874 3046/3046
f 3013/3013 2922/2922 3049/3049
f 2975/2975 3079/3079 2978/2978
f 3061/3061 2970/2970 3175/3175
f 3111/3111 2959/2959 2954/2954
f 3025/3025 3058/3058 3063/3063
f 3080/3080 3016/3016 3054/3054
f 3057/3057 3031/3031 3020/3020
f 3063/3063 3058/3058 3075/3075
f 2891/2891 2990/2990 3046/3046
f 3064/3064 2950/2950 2953/2953
f 2919/2919 2909/2909 3065/3065
f 3100/3100 2919/2919 3065/3065
f 3042/3042 2919/2919 3100/3100
f 3053/3053 2963/2963 2831/2831
f 2962/2962 2920/2920 3104/3104
f 2996/2996 2991/2991 2972/2972
f 2991/2991 2996/2996 3081/3081
f 3085/3085 3008/3008 3015/3015
f 3113/3113 3205/3205 2999/2999
f 3015/3015 3051/3051 3085/3085
f 3104/3104 3034/3034 3090/3090
f 2972/2972 2991/2991 3146/3146
f 3368/3368 3096/3096 2921/2921
f 3113/3113 3042/3042 3100/3100
f 3008/3008 3004/3004 2924/2924
f 3050/3050 3205/3205 3182/3182
f 2966/2966 2957/2957 3092/3092
f 3059/3059 3084/3084 3174/3174
f 3061/3061 3125/3125 3001/3001
f 3037/3037 2923/2923 3142/3142
f 3009/3009 3038/3038 3188/3188
f 2904/2904 3032/3032 3093/3093
f 3038/3038 3059/3059 3174/3174
f 2938/2938 3035/3035 3072/3072
f 2957/2957 3012/3012 3152/3152
f 3210/3210 3152/3152 3012/3012
f 2973/2973 3118/3118 2949/2949
f 3139/3139 2997/2997 3147/3147
f 3056/3056 3029/3029 3150/3150
f 3038/3038 3174/3174 3188/3188
f 3003/3003 2935/2935 3082/3082
f 3073/3073 2993/2993 3076/3076
f 2992/2992 3080/3080 3013/3013
f 3126/3126 2896/2896 3041/3041
f 3145/3145 2992/2992 3013/3013
f 3069/3069 3097/3097 3164/3164
f 3067/3067 3001/3001 3125/3125
f 2896/2896 3126/3126 2974/2974
f 3000/3000 3068/3068 3033/3033
f 3043/3043 2932/2932 3077/3077
f 3075/3075 3031/3031 3134/3134
f 3132/3132 3099/3099 3027/3027
f 3102/3102 2998/2998 2983/2983
f 2989/2989 3097/3097 3014/3014
f 2969/2969 3048/3048 2862/2862
f 2998/2998 3107/3107 3002/3002
f 3175/3175 3125/3125 3061/3061
f 3045/3045 3003/3003 3082/3082
f 3218/3218 2956/2956 3177/3177
f 3120/3120 2814/2814 2925/2925
f 3068/3068 3057/3057 3033/3033
f 3103/3103 3079/3079 3075/3075
f 3075/3075 3079/3079 3063/3063
f 2970/2970 2956/2956 3218/3218
f 2935/2935 3010/3010 3108/3108
f 3117/3117 3007/3007 2988/2988
f 2934/2934 3046/3046 3078/3078
f 3368/3368 3147/3147 3096/3096
f 3106/3106 3065/3065 2909/2909
f 2956/2956 3011/3011 3177/3177
f 3099/3099 3076/3076 2987/2987
f 3368/3368 2921/2921 3267/3267
f 3028/3028 2952/2952 3094/3094
f 3004/3004 3008/3008 3085/3085
f 3111/3111 3088/3088 3066/3066
f 3083/3083 3073/3073 3127/3127
f 3013/3013 3049/3049 3145/3145
f 3210/3210 3012/3012 3083/3083
f 3142/3142 3056/3056 3150/3150
f 2993/2993 2987/2987 3076/3076
f 3156/3156 3097/3097 3074/3074
f 3041/3041 3050/3050 3182/3182
f 3089/3089 3037/3037 3112/3112
f 2958/2958 3143/3143 3035/3035
f 2997/2997 3096/3096 3147/3147
f 2930/2930 3094/3094 2952/2952
f 3045/3045 3116/3116 3040/3040
f 2994/2994 3044/3044 3114/3114
f 3102/3102 3107/3107 2998/2998
f 3044/3044 3007/3007 3117/3117
f 3039/3039 3148/3148 2969/2969
f 2932/2932 2904/2904 3093/3093
f 3175/3175 2970/2970 3218/3218
f 3124/3124 2937/2937 3040/3040
f 3134/3134 3103/3103 3075/3075
f 3048/3048 2969/2969 3148/3148
f 3068/3068 3134/3134 3057/3057
f 3103/3103 3102/3102 3079/3079
f 3138/3138 2988/2988 3077/3077
f 2985/2985 3190/3190 3162/3162
f 3162/3162 3064/3064 2985/2985
f 2950/2950 3064/3064 3128/3128
f 3077/3077 2988/2988 3006/3006
f 3101/3101 3055/3055 2962/2962
f 3077/3077 3006/3006 3043/3043
f 3051/3051 3055/3055 3101/3101
f 3101/3101 2962/2962 3104/3104
f 3150/3150 3029/3029 3086/3086
f 3082/3082 2935/2935 3108/3108
f 3091/3091 3067/3067 3125/3125
f 3049/3049 3105/3105 3216/3216
f 3163/3163 3049/3049 3216/3216
f 3156/3156 3074/3074 3155/3155
f 2954/2954 3009/3009 3111/3111
f 3136/3136 3161/3161 3157/3157
f 3078/3078 3046/3046 3214/3214
f 3074/3074 3115/3115 3155/3155
f 3067/3067 3129/3129 3135/3135
f 3037/3037 3142/3142 3112/3112
f 3077/3077 2932/2932 3093/3093
f 3177/3177 3011/3011 3098/3098
f 3191/3191 3071/3071 3118/3118
f 3120/3120 2925/2925 3089/3089
f 3040/3040 3116/3116 3124/3124
f 3145/3145 3049/3049 3163/3163
f 3137/3137 3130/3130 3217/3217
f 3117/3117 2988/2988 3138/3138
f 3004/3004 3085/3085 3109/3109
f 3005/3005 3092/3092 3202/3202
f 3085/3085 3051/3051 3144/3144
f 3102/3102 3103/3103 3185/3185
f 3092/3092 2957/2957 3152/3152
f 3185/3185 3107/3107 3102/3102
f 3067/3067 3091/3091 3129/3129
f 3085/3085 3272/3272 3109/3109
f 3044/3044 3117/3117 3307/3307
f 3141/3141 3152/3152 3210/3210
f 3066/3066 3088/3088 3382/3382
f 2930/2930 3066/3066 3382/3382
f 3029/3029 3095/3095 3086/3086
f 2905/2905 3170/3170 3108/3108
f 3047/3047 3149/3149 3204/3204
f 3120/3120 3154/3154 2818/2818
f 3009/3009 3188/3188 3111/3111
f 3182/3182 3237/3237 3041/3041
f 3084/3084 3121/3121 3174/3174
f 3085/3085 3144/3144 3272/3272
f 3275/3275 3122/3122 3145/3145
f 3254/3254 3082/3082 3108/3108
f 3132/3132 3151/3151 3099/3099
f 3155/3155 3115/3115 3140/3140
f 3212/3212 3205/3205 3113/3113
f 3153/3153 3097/3097 3156/3156
f 3087/3087 3072/3072 3170/3170
f 3045/3045 3082/3082 3232/3232
f 3083/3083 3127/3127 3233/3233
f 2905/2905 3087/3087 3170/3170
f 3035/3035 3143/3143 3250/3250
f 3046/3046 2990/2990 3264/3264
f 3214/3214 3046/3046 3264/3264
f 3264/3264 2990/2990 3107/3107
f 3190/3190 3070/3070 3167/3167
f 3073/3073 3076/3076 3127/3127
f 3071/3071 3165/3165 3034/3034
f 3082/3082 3254/3254 3232/3232
f 3126/3126 3119/3119 2974/2974
f 3090/3090 3034/3034 3165/3165
f 3171/3171 3223/3223 3130/3130
f 3278/3278 3124/3124 3116/3116
f 3185/3185 3103/3103 3159/3159
f 3093/3093 3032/3032 3197/3197
f 3032/3032 3005/3005 3197/3197
f 3128/3128 3064/3064 3162/3162
f 3148/3148 3039/3039 3109/3109
f 3138/3138 3077/3077 3184/3184
f 3130/3130 3192/3192 3217/3217
f 3162/3162 3216/3216 3128/3128
f 3105/3105 3128/3128 3216/3216
f 3004/3004 3109/3109 3039/3039
f 3166/3166 3136/3136 3206/3206
f 3207/3207 3137/3137 3217/3217
f 3183/3183 3100/3100 3235/3235
f 3097/3097 3198/3198 3164/3164
f 3106/3106 3235/3235 3065/3065
f 3100/3100 3065/3065 3235/3235
f 3158/3158 3171/3171 3130/3130
f 3136/3136 3157/3157 3131/3131
f 3183/3183 3113/3113 3100/3100
f 3136/3136 3133/3133 3161/3161
f 3133/3133 3136/3136 3166/3166
f 3200/3200 3133/3133 3166/3166
f 3090/3090 3169/3169 3104/3104
f 3169/3169 3101/3101 3104/3104
f 3069/3069 3164/3164 3200/3200
f 3168/3168 3069/3069 3200/3200
f 3266/3266 3161/3161 3133/3133
f 3233/3233 3210/3210 3083/3083
f 3106/3106 3030/3030 3235/3235
f 3097/3097 3153/3153 3198/3198
f 3196/3196 3151/3151 3132/3132
f 3076/3076 3099/3099 3151/3151
f 3275/3275 3443/3443 3122/3122
f 2958/2958 2994/2994 3114/3114
f 3089/3089 3284/3284 3120/3120
f 3191/3191 3118/3118 3208/3208
f 3227/3227 3112/3112 3142/3142
f 3144/3144 3101/3101 3176/3176
f 3157/3157 3161/3161 3219/3219
f 3167/3167 3211/3211 3190/3190
f 3212/3212 3113/3113 3187/3187
f 3051/3051 3101/3101 3144/3144
f 3202/3202 3197/3197 3005/3005
f 3178/3178 3172/3172 3179/3179
f 3150/3150 3227/3227 3142/3142
f 3114/3114 3044/3044 3307/3307
f 3180/3180 3171/3171 3189/3189
f 3228/3228 3158/3158 3180/3180
f 3278/3278 3098/3098 3124/3124
f 3126/3126 3209/3209 3119/3119
f 3198/3198 3173/3173 3164/3164
f 3164/3164 3173/3173 3200/3200
f 3160/3160 3135/3135 3213/3213
f 3231/3231 3071/3071 3191/3191
f 3092/3092 3152/3152 3203/3203
f 3158/3158 3229/3229 3220/3220
f 3171/3171 3158/3158 3220/3220
f 3189/3189 3171/3171 3220/3220
f 3177/3177 3098/3098 3278/3278
f 3091/3091 3125/3125 3325/3325
f 3282/3282 3078/3078 3214/3214
f 3129/3129 3213/3213 3135/3135
f 3045/3045 3232/3232 3116/3116
f 3210/3210 3215/3215 3141/3141
f 3174/3174 3121/3121 3352/3352
f 3169/3169 3090/3090 3247/3247
f 3030/3030 3078/3078 3282/3282
f 3103/3103 3134/3134 3159/3159
f 3130/3130 3223/3223 3192/3192
f 3200/3200 3166/3166 3206/3206
f 3167/3167 3207/3207 3211/3211
f 3193/3193 3148/3148 3109/3109
f 3234/3234 3182/3182 3205/3205
f 3181/3181 3157/3157 3239/3239
f 3226/3226 3201/3201 3211/3211
f 3153/3153 3156/3156 3306/3306
f 3175/3175 3302/3302 3125/3125
f 3243/3243 3210/3210 3233/3233
f 3374/3374 3217/3217 3192/3192
f 3227/3227 3150/3150 3330/3330
f 3086/3086 3095/3095 3309/3309
f 3157/3157 3219/3219 3239/3239
f 3143/3143 3476/3476 3250/3250
f 3174/3174 3352/3352 3412/3412
f 3238/3238 3199/3199 3225/3225
f 3047/3047 3196/3196 3132/3132
f 3256/3256 3196/3196 3047/3047
f 3188/3188 3174/3174 3412/3412
f 3072/3072 3035/3035 3250/3250
f 3183/3183 3236/3236 3187/3187
f 3162/3162 3190/3190 3211/3211
f 3240/3240 3228/3228 3189/3189
f 3228/3228 3180/3180 3189/3189
f 3203/3203 3202/3202 3092/3092
f 3391/3391 3030/3030 3282/3282
f 3047/3047 3204/3204 3256/3256
f 3235/3235 3030/3030 3391/3391
f 3204/3204 3149/3149 3277/3277
f 3219/3219 3230/3230 3239/3239
f 3138/3138 3184/3184 3289/3289
f 3229/3229 3221/3221 3220/3220
f 3358/3358 3205/3205 3212/3212
f 3216/3216 3162/3162 3201/3201
f 3272/3272 3144/3144 3176/3176
f 3145/3145 3163/3163 3275/3275
f 3194/3194 3224/3224 3149/3149
f 3307/3307 3117/3117 3251/3251
f 3077/3077 3093/3093 3184/3184
f 3117/3117 3138/3138 3251/3251
f 3216/3216 3275/3275 3163/3163
f 3195/3195 3263/3263 3109/3109
f 3278/3278 3116/3116 3232/3232
f 3203/3203 3152/3152 3141/3141
f 3194/3194 3110/3110 3262/3262
f 3235/3235 3236/3236 3183/3183
f 3357/3357 3041/3041 3237/3237
f 3168/3168 3200/3200 3206/3206
f 3126/3126 3041/3041 3305/3305
f 3222/3222 3230/3230 3219/3219
f 3071/3071 3231/3231 3165/3165
f 3183/3183 3187/3187 3113/3113
f 3201/3201 3162/3162 3211/3211
f 3165/3165 3247/3247 3090/3090
f 3169/3169 3176/3176 3101/3101
f 3357/3357 3305/3305 3041/3041
f 3181/3181 3239/3239 3269/3269
f 3376/3376 3150/3150 3309/3309
f 3219/3219 3161/3161 3269/3269
f 3277/3277 3224/3224 3172/3172
f 3170/3170 3298/3298 3108/3108
f 3368/3368 3314/3314 3147/3147
f 3178/3178 3277/3277 3172/3172
f 3201/3201 3226/3226 3299/3299
f 3112/3112 3369/3369 3089/3089
f 3247/3247 3176/3176 3169/3169
f 3182/3182 3234/3234 3237/3237
f 3195/3195 3258/3258 3263/3263
f 3150/3150 3086/3086 3309/3309
f 3266/3266 3270/3270 3161/3161
f 3187/3187 3236/3236 3281/3281
f 3127/3127 3076/3076 3265/3265
f 3140/3140 3306/3306 3155/3155
f 3309/3309 3095/3095 3322/3322
f 3198/3198 3153/3153 3308/3308
f 3272/3272 3195/3195 3109/3109
f 3265/3265 3076/3076 3304/3304
f 3156/3156 3155/3155 3306/3306
f 3076/3076 3151/3151 3304/3304
f 3114/3114 3143/3143 2958/2958
f 3238/3238 3225/3225 3246/3246
f 3250/3250 3476/3476 3386/3386
f 3224/3224 3277/3277 3149/3149
f 3192/3192 3261/3261 3334/3334
f 3036/3036 3267/3267 2921/2921
f 3236/3236 3235/3235 3331/3331
f 3189/3189 3355/3355 3240/3240
f 3189/3189 3220/3220 3355/3355
f 3160/3160 3213/3213 3359/3359
f 3289/3289 3093/3093 3197/3197
f 3111/3111 3188/3188 3351/3351
f 3353/3353 3123/3123 3444/3444
f 3233/3233 3127/3127 3265/3265
f 3200/3200 3266/3266 3133/3133
f 3207/3207 3217/3217 3280/3280
f 3126/3126 3305/3305 3373/3373
f 3424/3424 3218/3218 3177/3177
f 3294/3294 3126/3126 3373/3373
f 3209/3209 3126/3126 3294/3294
f 3218/3218 3424/3424 3336/3336
f 3285/3285 3160/3160 3359/3359
f 3186/3186 3160/3160 3285/3285
f 3173/3173 3315/3315 3200/3200
f 3255/3255 3260/3260 3290/3290
f 3290/3290 3260/3260 3293/3293
f 3129/3129 3091/3091 3325/3325
f 3173/3173 3249/3249 3244/3244
f 3107/3107 3185/3185 3286/3286
f 3175/3175 3218/3218 3336/3336
f 3251/3251 3138/3138 3253/3253
f 3326/3326 3211/3211 3276/3276
f 3173/3173 3244/3244 3315/3315
f 3211/3211 3326/3326 3226/3226
f 3201/3201 3299/3299 3216/3216
f 3253/3253 3138/3138 3289/3289
f 3202/3202 3203/3203 3255/3255
f 3286/3286 3264/3264 3107/3107
f 3036/3036 3154/3154 3405/3405
f 3284/3284 3089/3089 3369/3369
f 3255/3255 3203/3203 3260/3260
f 3094/3094 2930/2930 3382/3382
f 3175/3175 3336/3336 3302/3302
f 3349/3349 3215/3215 3210/3210
f 3478/3478 3298/3298 3170/3170
f 3288/3288 3199/3199 3238/3238
f 3401/3401 3227/3227 3330/3330
f 3292/3292 3283/3283 3233/3233
f 3114/3114 3307/3307 3433/3433
f 3343/3343 3288/3288 3238/3238
f 3195/3195 3337/3337 3258/3258
f 3213/3213 3129/3129 3372/3372
f 3197/3197 3202/3202 3287/3287
f 3198/3198 3249/3249 3173/3173
f 3308/3308 3249/3249 3198/3198
f 3297/3297 3235/3235 3391/3391
f 3237/3237 3234/3234 3394/3394
f 3210/3210 3243/3243 3349/3349
f 3401/3401 3112/3112 3227/3227
f 3277/3277 3178/3178 3343/3343
f 3268/3268 3179/3179 3345/3345
f 3405/3405 3267/3267 3036/3036
f 3304/3304 3151/3151 3257/3257
f 3260/3260 3203/3203 3293/3293
f 3250/3250 3170/3170 3072/3072
f 3153/3153 3306/3306 3308/3308
f 3273/3273 3291/3291 3365/3365
f 3321/3321 3291/3291 3273/3273
f 3188/3188 3347/3347 3351/3351
f 3374/3374 3192/3192 3334/3334
f 3141/3141 3293/3293 3203/3203
f 3196/3196 3256/3256 3318/3318
f 3088/3088 3111/3111 3351/3351
f 3207/3207 3276/3276 3211/3211
f 3220/3220 3221/3221 3355/3355
f 3277/3277 3274/3274 3204/3204
f 3200/3200 3315/3315 3266/3266
f 3225/3225 3291/3291 3321/3321
f 3199/3199 3291/3291 3225/3225
f 3276/3276 3207/3207 3280/3280
f 3344/3344 3187/3187 3281/3281
f 3326/3326 3276/3276 3354/3354
f 3212/3212 3187/3187 3344/3344
f 3233/3233 3283/3283 3243/3243
f 3356/3356 3222/3222 3311/3311
f 3177/3177 3278/3278 3316/3316
f 3179/3179 3271/3271 3345/3345
f 3265/3265 3292/3292 3233/3233
f 3255/3255 3290/3290 3279/3279
f 3151/3151 3196/3196 3257/3257
f 3215/3215 3293/3293 3141/3141
f 3311/3311 3222/3222 3270/3270
f 3179/3179 3268/3268 3343/3343
f 3343/3343 3178/3178 3179/3179
f 3291/3291 3252/3252 3365/3365
f 3202/3202 3255/3255 3279/3279
f 3219/3219 3269/3269 3222/3222
f 3093/3093 3289/3289 3184/3184
f 3247/3247 3165/3165 3231/3231
f 3231/3231 3191/3191 3208/3208
f 3252/3252 3291/3291 3199/3199
f 3252/3252 3199/3199 3288/3288
f 3295/3295 3231/3231 3208/3208
f 3287/3287 3202/3202 3279/3279
f 3312/3312 3266/3266 3341/3341
f 3283/3283 3273/3273 3410/3410
f 3293/3293 3303/3303 3290/3290
f 3234/3234 3205/3205 3358/3358
f 3094/3094 3382/3382 3323/3323
f 3143/3143 3114/3114 3388/3388
f 3304/3304 3320/3320 3265/3265
f 3275/3275 3216/3216 3299/3299
f 3331/3331 3281/3281 3236/3236
f 3359/3359 3213/3213 3372/3372
f 3287/3287 3279/3279 3387/3387
f 3226/3226 3326/3326 3299/3299
f 3280/3280 3217/3217 3374/3374
f 3412/3412 3347/3347 3188/3188
f 3321/3321 3292/3292 3320/3320
f 3320/3320 3324/3324 3321/3321
f 3274/3274 3238/3238 3300/3300
f 3395/3395 3176/3176 3327/3327
f 3176/3176 3395/3395 3272/3272
f 3376/3376 3330/3330 3150/3150
f 3274/3274 3343/3343 3238/3238
f 3247/3247 3327/3327 3176/3176
f 3297/3297 3331/3331 3235/3235
f 3315/3315 3244/3244 3341/3341
f 3246/3246 3225/3225 3321/3321
f 3266/3266 3315/3315 3341/3341
f 3277/3277 3343/3343 3274/3274
f 3195/3195 3272/3272 3395/3395
f 3320/3320 3292/3292 3265/3265
f 3369/3369 3112/3112 3401/3401
f 3257/3257 3196/3196 3310/3310
f 3254/3254 3108/3108 3298/3298
f 3231/3231 3295/3295 3366/3366
f 3247/3247 3231/3231 3379/3379
f 3270/3270 3312/3312 3346/3346
f 3238/3238 3246/3246 3300/3300
f 3273/3273 3365/3365 3410/3410
f 3293/3293 3215/3215 3349/3349
f 3283/3283 3292/3292 3273/3273
f 3318/3318 3310/3310 3196/3196
f 3287/3287 3289/3289 3197/3197
f 3349/3349 3243/3243 3390/3390
f 3266/3266 3312/3312 3270/3270
f 3253/3253 3289/3289 3364/3364
f 3232/3232 3254/3254 3378/3378
f 3318/3318 3256/3256 3317/3317
f 3278/3278 3232/3232 3378/3378
f 3334/3334 3261/3261 3361/3361
f 3284/3284 3154/3154 3120/3120
f 3344/3344 3301/3301 3212/3212
f 3204/3204 3274/3274 3256/3256
f 3214/3214 3264/3264 3350/3350
f 3282/3282 3214/3214 3350/3350
f 3406/3406 3401/3401 3330/3330
f 3373/3373 3305/3305 3403/3403
f 3247/3247 3379/3379 3370/3370
f 3139/3139 3147/3147 3481/3481
f 3394/3394 3234/3234 3358/3358
f 3354/3354 3375/3375 3326/3326
f 3390/3390 3283/3283 3399/3399
f 3373/3373 3436/3436 3294/3294
f 3327/3327 3247/3247 3370/3370
f 3177/3177 3316/3316 3424/3424
f 3358/3358 3212/3212 3301/3301
f 3249/3249 3308/3308 3411/3411
f 3332/3332 3249/3249 3411/3411
f 3245/3245 3248/3248 3333/3333
f 3378/3378 3316/3316 3278/3278
f 3305/3305 3357/3357 3403/3403
f 3252/3252 3423/3423 3365/3365
f 3321/3321 3300/3300 3246/3246
f 3299/3299 3326/3326 3375/3375
f 3280/3280 3354/3354 3276/3276
f 3300/3300 3321/3321 3324/3324
f 3337/3337 3195/3195 3380/3380
f 3378/3378 3254/3254 3501/3501
f 3311/3311 3241/3241 3356/3356
f 3268/3268 3345/3345 3415/3415
f 3195/3195 3395/3395 3379/3379
f 3274/3274 3317/3317 3256/3256
f 3243/3243 3283/3283 3390/3390
f 3261/3261 3259/3259 3361/3361
f 3317/3317 3310/3310 3318/3318
f 3289/3289 3287/3287 3364/3364
f 3252/3252 3288/3288 3360/3360
f 3331/3331 3344/3344 3281/3281
f 3259/3259 3319/3319 3361/3361
f 3338/3338 3319/3319 3259/3259
f 3242/3242 3311/3311 3270/3270
f 3321/3321 3273/3273 3292/3292
f 3357/3357 3237/3237 3394/3394
f 3423/3423 3252/3252 3360/3360
f 3399/3399 3283/3283 3410/3410
f 3382/3382 3088/3088 3362/3362
f 3443/3443 3275/3275 3384/3384
f 3317/3317 3300/3300 3324/3324
f 3372/3372 3129/3129 3325/3325
f 3274/3274 3300/3300 3317/3317
f 3306/3306 3140/3140 3453/3453
f 3375/3375 3354/3354 3397/3397
f 3364/3364 3251/3251 3253/3253
f 3324/3324 3320/3320 3304/3304
f 3325/3325 3125/3125 3427/3427
f 3379/3379 3231/3231 3366/3366
f 3303/3303 3349/3349 3447/3447
f 3254/3254 3298/3298 3437/3437
f 3429/3429 3342/3342 3487/3487
f 3310/3310 3324/3324 3257/3257
f 3421/3421 3405/3405 3154/3154
f 3322/3322 3416/3416 3309/3309
f 3476/3476 3143/3143 3388/3388
f 3302/3302 3336/3336 3424/3424
f 3424/3424 3316/3316 3402/3402
f 3303/3303 3293/3293 3349/3349
f 3364/3364 3287/3287 3387/3387
f 3313/3313 3342/3342 3429/3429
f 3304/3304 3257/3257 3324/3324
f 3303/3303 3447/3447 3445/3445
f 3391/3391 3282/3282 3350/3350
f 3371/3371 3361/3361 3319/3319
f 3334/3334 3393/3393 3374/3374
f 3361/3361 3393/3393 3334/3334
f 3370/3370 3379/3379 3392/3392
f 3114/3114 3433/3433 3388/3388
f 3351/3351 3362/3362 3088/3088
f 3411/3411 3308/3308 3430/3430
f 3314/3314 3335/3335 3147/3147
f 3298/3298 3478/3478 3437/3437
f 3310/3310 3317/3317 3324/3324
f 3376/3376 3309/3309 3416/3416
f 3372/3372 3325/3325 3470/3470
f 3397/3397 3393/3393 3396/3396
f 3453/3453 3430/3430 3306/3306
f 3387/3387 3279/3279 3422/3422
f 3139/3139 3481/3481 3454/3454
f 3481/3481 3147/3147 3335/3335
f 3360/3360 3288/3288 3389/3389
f 3358/3358 3377/3377 3394/3394
f 3412/3412 3352/3352 3408/3408
f 3423/3423 3410/3410 3365/3365
f 3330/3330 3376/3376 3406/3406
f 3374/3374 3393/3393 3280/3280
f 3279/3279 3290/3290 3422/3422
f 3378/3378 3501/3501 3428/3428
f 3308/3308 3306/3306 3430/3430
f 3297/3297 3344/3344 3331/3331
f 3393/3393 3397/3397 3280/3280
f 3280/3280 3397/3397 3354/3354
f 3402/3402 3316/3316 3449/3449
f 3436/3436 3373/3373 3403/3403
f 3513/3513 3478/3478 3170/3170
f 3303/3303 3422/3422 3290/3290
f 3284/3284 3369/3369 3400/3400
f 3275/3275 3299/3299 3384/3384
f 3369/3369 3401/3401 3400/3400
f 3367/3367 3296/3296 3432/3432
f 3501/3501 3254/3254 3437/3437
f 3322/3322 3383/3383 3416/3416
f 3432/3432 3296/3296 3435/3435
f 3245/3245 3333/3333 3342/3342
f 3396/3396 3398/3398 3397/3397
f 3288/3288 3343/3343 3389/3389
f 3328/3328 3486/3486 3396/3396
f 3389/3389 3343/3343 3441/3441
f 3398/3398 3396/3396 3486/3486
f 3393/3393 3361/3361 3371/3371
f 3343/3343 3268/3268 3441/3441
f 3441/3441 3268/3268 3415/3415
f 3405/3405 3421/3421 3448/3448
f 3297/3297 3391/3391 3452/3452
f 3302/3302 3427/3427 3125/3125
f 3350/3350 3264/3264 3469/3469
f 3447/3447 3349/3349 3390/3390
f 3421/3421 3154/3154 3284/3284
f 3267/3267 3417/3417 3368/3368
f 3329/3329 3371/3371 3338/3338
f 3319/3319 3338/3338 3371/3371
f 3396/3396 3393/3393 3381/3381
f 3372/3372 3465/3465 3359/3359
f 3375/3375 3398/3398 3299/3299
f 3339/3339 3379/3379 3420/3420
f 3379/3379 3366/3366 3420/3420
f 3170/3170 3250/3250 3512/3512
f 3299/3299 3398/3398 3384/3384
f 3390/3390 3399/3399 3447/3447
f 3461/3461 3394/3394 3377/3377
f 3357/3357 3394/3394 3461/3461
f 3357/3357 3461/3461 3403/3403
f 3415/3415 3345/3345 3429/3429
f 3344/3344 3297/3297 3451/3451
f 3314/3314 3368/3368 3417/3417
f 3316/3316 3378/3378 3426/3426
f 3406/3406 3376/3376 3490/3490
f 3419/3419 3328/3328 3340/3340
f 3426/3426 3449/3449 3316/3316
f 3307/3307 3251/3251 3477/3477
f 3418/3418 3376/3376 3416/3416
f 3424/3424 3459/3459 3302/3302
f 3301/3301 3344/3344 3483/3483
f 3345/3345 3313/3313 3429/3429
f 3410/3410 3423/3423 3458/3458
f 3251/3251 3364/3364 3477/3477
f 3264/3264 3286/3286 3469/3469
f 3375/3375 3397/3397 3398/3398
f 3391/3391 3350/3350 3452/3452
f 3423/3423 3360/3360 3389/3389
f 3386/3386 3476/3476 3471/3471
f 3513/3513 3170/3170 3512/3512
f 3250/3250 3386/3386 3512/3512
f 3348/3348 3413/3413 3536/3536
f 3335/3335 3314/3314 3456/3456
f 3406/3406 3400/3400 3401/3401
f 3410/3410 3446/3446 3399/3399
f 3490/3490 3400/3400 3406/3406
f 3483/3483 3344/3344 3451/3451
f 3444/3444 3407/3407 3353/3353
f 3285/3285 3359/3359 3409/3409
f 3425/3425 3456/3456 3314/3314
f 3457/3457 3425/3425 3314/3314
f 3417/3417 3267/3267 3473/3473
f 3351/3351 3347/3347 3438/3438
f 3470/3470 3325/3325 3427/3427
f 3351/3351 3438/3438 3362/3362
f 3422/3422 3303/3303 3445/3445
f 3446/3446 3410/3410 3458/3458
f 3400/3400 3421/3421 3284/3284
f 3364/3364 3387/3387 3422/3422
f 3416/3416 3383/3383 3434/3434
f 3518/3518 3285/3285 3409/3409
f 3383/3383 3363/3363 3434/3434
f 3441/3441 3415/3415 3468/3468
f 3427/3427 3302/3302 3459/3459
f 3419/3419 3367/3367 3432/3432
f 3447/3447 3399/3399 3503/3503
f 3405/3405 3448/3448 3488/3488
f 3417/3417 3457/3457 3314/3314
f 3424/3424 3466/3466 3459/3459
f 3328/3328 3419/3419 3450/3450
f 3405/3405 3473/3473 3267/3267
f 3433/3433 3307/3307 3477/3477
f 3448/3448 3421/3421 3440/3440
f 3473/3473 3405/3405 3488/3488
f 3400/3400 3490/3490 3421/3421
f 3450/3450 3496/3496 3328/3328
f 3415/3415 3429/3429 3468/3468
f 3512/3512 3386/3386 3471/3471
f 3439/3439 3348/3348 3536/3536
f 3442/3442 3489/3489 3418/3418
f 3486/3486 3328/3328 3496/3496
f 3413/3413 3463/3463 3522/3522
f 3407/3407 3464/3464 3414/3414
f 3377/3377 3358/3358 3461/3461
f 3378/3378 3428/3428 3499/3499
f 3404/3404 3462/3462 3435/3435
f 3378/3378 3499/3499 3426/3426
f 3465/3465 3372/3372 3537/3537
f 3442/3442 3418/3418 3434/3434
f 3416/3416 3434/3434 3418/3418
f 3487/3487 3342/3342 3333/3333
f 3422/3422 3477/3477 3364/3364
f 3432/3432 3450/3450 3419/3419
f 3452/3452 3451/3451 3297/3297
f 3469/3469 3286/3286 3528/3528
f 3449/3449 3460/3460 3402/3402
f 3424/3424 3402/3402 3460/3460
f 3432/3432 3435/3435 3462/3462
f 3350/3350 3469/3469 3452/3452
f 3462/3462 3404/3404 3510/3510
f 3332/3332 3411/3411 3430/3430
f 3372/3372 3470/3470 3537/3537
f 3461/3461 3511/3511 3403/3403
f 3474/3474 3384/3384 3398/3398
f 3503/3503 3399/3399 3446/3446
f 3466/3466 3500/3500 3459/3459
f 3484/3484 3472/3472 3444/3444
f 3413/3413 3522/3522 3536/3536
f 3376/3376 3489/3489 3490/3490
f 3418/3418 3489/3489 3376/3376
f 3476/3476 3388/3388 3493/3493
f 3444/3444 3385/3385 3484/3484
f 3407/3407 3444/3444 3472/3472
f 3358/3358 3301/3301 3461/3461
f 3440/3440 3421/3421 3490/3490
f 3485/3485 3363/3363 3439/3439
f 3456/3456 3425/3425 3535/3535
f 3462/3462 3450/3450 3432/3432
f 3495/3495 3449/3449 3426/3426
f 3449/3449 3495/3495 3460/3460
f 3458/3458 3423/3423 3492/3492
f 3445/3445 3447/3447 3541/3541
f 3466/3466 3424/3424 3460/3460
f 3363/3363 3485/3485 3506/3506
f 3506/3506 3434/3434 3363/3363
f 3423/3423 3389/3389 3482/3482
f 3499/3499 3428/3428 3501/3501
f 3335/3335 3456/3456 3514/3514
f 3471/3471 3476/3476 3493/3493
f 3385/3385 3475/3475 3484/3484
f 3490/3490 3489/3489 3479/3479
f 3545/3545 3445/3445 3541/3541
f 3525/3525 3464/3464 3407/3407
f 3461/3461 3301/3301 3483/3483
f 3490/3490 3479/3479 3440/3440
f 3425/3425 3457/3457 3535/3535
f 3457/3457 3491/3491 3494/3494
f 3389/3389 3441/3441 3482/3482
f 3482/3482 3441/3441 3468/3468
f 3417/3417 3491/3491 3457/3457
f 3388/3388 3467/3467 3493/3493
f 3488/3488 3448/3448 3479/3479
f 3448/3448 3440/3440 3479/3479
f 3398/3398 3486/3486 3474/3474
f 3459/3459 3500/3500 3507/3507
f 3431/3431 3455/3455 3532/3532
f 3422/3422 3504/3504 3477/3477
f 3455/3455 3480/3480 3532/3532
f 3479/3479 3489/3489 3442/3442
f 3516/3516 3467/3467 3388/3388
f 3518/3518 3529/3529 3285/3285
f 3388/3388 3433/3433 3516/3516
f 3445/3445 3545/3545 3422/3422
f 3442/3442 3434/3434 3506/3506
f 3465/3465 3519/3519 3359/3359
f 3487/3487 3333/3333 3546/3546
f 3409/3409 3359/3359 3519/3519
f 3447/3447 3503/3503 3541/3541
f 3546/3546 3333/3333 3431/3431
f 3433/3433 3477/3477 3516/3516
f 3417/3417 3473/3473 3491/3491
f 3466/3466 3460/3460 3500/3500
f 3505/3505 3506/3506 3485/3485
f 3511/3511 3461/3461 3497/3497
f 3536/3536 3485/3485 3439/3439
f 3488/3488 3520/3520 3473/3473
f 3585/3585 3492/3492 3423/3423
f 3472/3472 3525/3525 3407/3407
f 3502/3502 3470/3470 3507/3507
f 3479/3479 3442/3442 3506/3506
f 3504/3504 3422/3422 3545/3545
f 3484/3484 3544/3544 3472/3472
f 3446/3446 3458/3458 3503/3503
f 3427/3427 3459/3459 3507/3507
f 3481/3481 3335/3335 3508/3508
f 3409/3409 3519/3519 3531/3531
f 3507/3507 3470/3470 3427/3427
f 3508/3508 3335/3335 3514/3514
f 3491/3491 3473/3473 3520/3520
f 3483/3483 3451/3451 3548/3548
f 3532/3532 3546/3546 3431/3431
f 3462/3462 3510/3510 3560/3560
f 3450/3450 3462/3462 3560/3560
f 3527/3527 3540/3540 3465/3465
f 3534/3534 3502/3502 3507/3507
f 3551/3551 3509/3509 3498/3498
f 3482/3482 3468/3468 3587/3587
f 3544/3544 3484/3484 3591/3591
f 3461/3461 3483/3483 3554/3554
f 3497/3497 3461/3461 3554/3554
f 3470/3470 3502/3502 3517/3517
f 3468/3468 3429/3429 3574/3574
f 3437/3437 3478/3478 3575/3575
f 3451/3451 3452/3452 3548/3548
f 3496/3496 3450/3450 3560/3560
f 3482/3482 3585/3585 3423/3423
f 3524/3524 3568/3568 3463/3463
f 3496/3496 3474/3474 3486/3486
f 3463/3463 3568/3568 3522/3522
f 3505/3505 3539/3539 3506/3506
f 3437/3437 3521/3521 3515/3515
f 3460/3460 3495/3495 3542/3542
f 3537/3537 3470/3470 3517/3517
f 3487/3487 3574/3574 3429/3429
f 3426/3426 3499/3499 3495/3495
f 3569/3569 3493/3493 3573/3573
f 3520/3520 3506/3506 3539/3539
f 3465/3465 3537/3537 3527/3527
f 3437/3437 3515/3515 3501/3501
f 3533/3533 3481/3481 3508/3508
f 3520/3520 3479/3479 3506/3506
f 3499/3499 3501/3501 3515/3515
f 3562/3562 3516/3516 3477/3477
f 3528/3528 3452/3452 3469/3469
f 3478/3478 3513/3513 3588/3588
f 3488/3488 3479/3479 3520/3520
f 3538/3538 3539/3539 3523/3523
f 3587/3587 3585/3585 3482/3482
f 3485/3485 3536/3536 3523/3523
f 3485/3485 3523/3523 3505/3505
f 3616/3616 3518/3518 3409/3409
f 3526/3526 3587/3587 3468/3468
f 3579/3579 3558/3558 3472/3472
f 3523/3523 3539/3539 3505/3505
f 3574/3574 3526/3526 3468/3468
f 3472/3472 3558/3558 3525/3525
f 3534/3534 3507/3507 3571/3571
f 3524/3524 3559/3559 3552/3552
f 3491/3491 3520/3520 3538/3538
f 3457/3457 3566/3566 3535/3535
f 3561/3561 3509/3509 3602/3602
f 3553/3553 3512/3512 3471/3471
f 3456/3456 3535/3535 3567/3567
f 3474/3474 3496/3496 3560/3560
f 3616/3616 3409/3409 3531/3531
f 3491/3491 3538/3538 3583/3583
f 3437/3437 3575/3575 3521/3521
f 3494/3494 3566/3566 3457/3457
f 3514/3514 3456/3456 3567/3567
f 3588/3588 3575/3575 3478/3478
f 3514/3514 3567/3567 3543/3543
f 3467/3467 3516/3516 3573/3573
f 3471/3471 3493/3493 3618/3618
f 3460/3460 3542/3542 3500/3500
f 3500/3500 3571/3571 3507/3507
f 3527/3527 3537/3537 3517/3517
f 3576/3576 3495/3495 3499/3499
f 3530/3530 3523/3523 3536/3536
f 3528/3528 3548/3548 3452/3452
f 3530/3530 3536/3536 3522/3522
f 3530/3530 3522/3522 3568/3568
f 3583/3583 3538/3538 3523/3523
f 3538/3538 3520/3520 3539/3539
f 3508/3508 3514/3514 3543/3543
f 3543/3543 3570/3570 3508/3508
f 3586/3586 3513/3513 3512/3512
f 3543/3543 3567/3567 3581/3581
f 3603/3603 3555/3555 3549/3549
f 3631/3631 3551/3551 3498/3498
f 3519/3519 3465/3465 3540/3540
f 3483/3483 3548/3548 3554/3554
f 3591/3591 3484/3484 3475/3475
f 3571/3571 3500/3500 3542/3542
f 3556/3556 3563/3563 3559/3559
f 3591/3591 3564/3564 3544/3544
f 3580/3580 3583/3583 3530/3530
f 3574/3574 3487/3487 3546/3546
f 3567/3567 3535/3535 3566/3566
f 3580/3580 3530/3530 3568/3568
f 3472/3472 3544/3544 3579/3579
f 3580/3580 3568/3568 3552/3552
f 3546/3546 3532/3532 3550/3550
f 3618/3618 3553/3553 3471/3471
f 3542/3542 3495/3495 3576/3576
f 3491/3491 3583/3583 3494/3494
f 3552/3552 3568/3568 3524/3524
f 3553/3553 3586/3586 3512/3512
f 3541/3541 3503/3503 3621/3621
f 3551/3551 3602/3602 3509/3509
f 3567/3567 3566/3566 3581/3581
f 3504/3504 3562/3562 3477/3477
f 3499/3499 3515/3515 3572/3572
f 3631/3631 3498/3498 3555/3555
f 3517/3517 3502/3502 3534/3534
f 3566/3566 3494/3494 3583/3583
f 3583/3583 3523/3523 3530/3530
f 3563/3563 3556/3556 3547/3547
f 3550/3550 3590/3590 3546/3546
f 3563/3563 3582/3582 3559/3559
f 3545/3545 3541/3541 3621/3621
f 3589/3589 3561/3561 3578/3578
f 3531/3531 3519/3519 3592/3592
f 3475/3475 3561/3561 3589/3589
f 3591/3591 3475/3475 3659/3659
f 3504/3504 3545/3545 3584/3584
f 3616/3616 3531/3531 3592/3592
f 3574/3574 3546/3546 3590/3590
f 3573/3573 3516/3516 3651/3651
f 3582/3582 3596/3596 3581/3581
f 3586/3586 3588/3588 3513/3513
f 3582/3582 3565/3565 3552/3552
f 3565/3565 3582/3582 3581/3581
f 3493/3493 3467/3467 3573/3573
f 3565/3565 3580/3580 3552/3552
f 3582/3582 3552/3552 3559/3559
f 3533/3533 3508/3508 3599/3599
f 3572/3572 3576/3576 3499/3499
f 3534/3534 3571/3571 3577/3577
f 3581/3581 3580/3580 3565/3565
f 3564/3564 3579/3579 3544/3544
f 3503/3503 3458/3458 3621/3621
f 3619/3619 3563/3563 3547/3547
f 3529/3529 3518/3518 3616/3616
f 3562/3562 3504/3504 3584/3584
f 3581/3581 3566/3566 3583/3583
f 3578/3578 3561/3561 3602/3602
f 3583/3583 3580/3580 3581/3581
f 3582/3582 3563/3563 3596/3596
f 3534/3534 3527/3527 3517/3517
f 3492/3492 3585/3585 3612/3612
f 3600/3600 3613/3613 3532/3532
f 3619/3619 3547/3547 3637/3637
f 3650/3650 3458/3458 3492/3492
f 3650/3650 3492/3492 3612/3612
f 3564/3564 3557/3557 3579/3579
f 3627/3627 3555/3555 3603/3603
f 3610/3610 3586/3586 3553/3553
f 3604/3604 3593/3593 3608/3608
f 3619/3619 3596/3596 3563/3563
f 3475/3475 3589/3589 3659/3659
f 3599/3599 3508/3508 3609/3609
f 3508/3508 3570/3570 3609/3609
f 3579/3579 3557/3557 3558/3558
f 3588/3588 3586/3586 3598/3598
f 3576/3576 3572/3572 3623/3623
f 3515/3515 3623/3623 3572/3572
f 3587/3587 3526/3526 3648/3648
f 3605/3605 3637/3637 3547/3547
f 3623/3623 3515/3515 3575/3575
f 3628/3628 3553/3553 3618/3618
f 3610/3610 3553/3553 3628/3628
f 3603/3603 3549/3549 3594/3594
f 3493/3493 3661/3661 3618/3618
f 3493/3493 3569/3569 3661/3661
f 3550/3550 3532/3532 3613/3613
f 3576/3576 3623/3623 3542/3542
f 3595/3595 3542/3542 3623/3623
f 3592/3592 3519/3519 3540/3540
f 3534/3534 3577/3577 3597/3597
f 3521/3521 3575/3575 3515/3515
f 3556/3556 3605/3605 3547/3547
f 3549/3549 3529/3529 3594/3594
f 3543/3543 3617/3617 3570/3570
f 3542/3542 3595/3595 3571/3571
f 3543/3543 3596/3596 3617/3617
f 3581/3581 3596/3596 3543/3543
f 3577/3577 3571/3571 3595/3595
f 3534/3534 3597/3597 3527/3527
f 3540/3540 3527/3527 3622/3622
f 3597/3597 3622/3622 3527/3527
f 3621/3621 3458/3458 3650/3650
f 3575/3575 3611/3611 3623/3623
f 3613/3613 3632/3632 3550/3550
f 3616/3616 3592/3592 3636/3636
f 3620/3620 3598/3598 3639/3639
f 3659/3659 3564/3564 3591/3591
f 3642/3642 3557/3557 3564/3564
f 3614/3614 3551/3551 3631/3631
f 3598/3598 3586/3586 3610/3610
f 3601/3601 3589/3589 3625/3625
f 3516/3516 3562/3562 3679/3679
f 3574/3574 3615/3615 3526/3526
f 3590/3590 3550/3550 3632/3632
f 3602/3602 3551/3551 3614/3614
f 3575/3575 3588/3588 3611/3611
f 3631/3631 3555/3555 3627/3627
f 3657/3657 3635/3635 3610/3610
f 3595/3595 3611/3611 3620/3620
f 3606/3606 3557/3557 3642/3642
f 3588/3588 3598/3598 3611/3611
f 3635/3635 3657/3657 3633/3633
f 3620/3620 3611/3611 3598/3598
f 3607/3607 3540/3540 3633/3633
f 3649/3649 3594/3594 3529/3529
f 3623/3623 3611/3611 3595/3595
f 3622/3622 3633/3633 3540/3540
f 3570/3570 3617/3617 3609/3609
f 3577/3577 3639/3639 3597/3597
f 3598/3598 3610/3610 3635/3635
f 3562/3562 3584/3584 3667/3667
f 3608/3608 3632/3632 3604/3604
f 3595/3595 3620/3620 3577/3577
f 3633/3633 3622/3622 3635/3635
f 3545/3545 3644/3644 3584/3584
f 3621/3621 3644/3644 3545/3545
f 3634/3634 3604/3604 3632/3632
f 3638/3638 3634/3634 3613/3613
f 3574/3574 3645/3645 3615/3615
f 3613/3613 3600/3600 3638/3638
f 3608/3608 3629/3629 3632/3632
f 3578/3578 3602/3602 3630/3630
f 3590/3590 3645/3645 3574/3574
f 3635/3635 3639/3639 3598/3598
f 3636/3636 3669/3669 3616/3616
f 3617/3617 3596/3596 3619/3619
f 3604/3604 3641/3641 3601/3601
f 3619/3619 3637/3637 3609/3609
f 3593/3593 3604/3604 3601/3601
f 3677/3677 3614/3614 3631/3631
f 3599/3599 3609/3609 3637/3637
f 3601/3601 3659/3659 3589/3589
f 3610/3610 3654/3654 3657/3657
f 3652/3652 3612/3612 3585/3585
f 3679/3679 3562/3562 3647/3647
f 3585/3585 3587/3587 3652/3652
f 3621/3621 3650/3650 3624/3624
f 3610/3610 3628/3628 3654/3654
f 3628/3628 3618/3618 3658/3658
f 3608/3608 3593/3593 3695/3695
f 3648/3648 3526/3526 3615/3615
f 3608/3608 3655/3655 3629/3629
f 3593/3593 3601/3601 3625/3625
f 3540/3540 3607/3607 3640/3640
f 3645/3645 3590/3590 3632/3632
f 3597/3597 3639/3639 3622/3622
f 3632/3632 3613/3613 3634/3634
f 3578/3578 3656/3656 3589/3589
f 3607/3607 3626/3626 3640/3640
f 3674/3674 3693/3693 3603/3603
f 3641/3641 3604/3604 3634/3634
f 3649/3649 3603/3603 3594/3594
f 3616/3616 3649/3649 3529/3529
f 3640/3640 3592/3592 3540/3540
f 3669/3669 3649/3649 3616/3616
f 3614/3614 3630/3630 3602/3602
f 3641/3641 3634/3634 3642/3642
f 3626/3626 3636/3636 3640/3640
f 3620/3620 3639/3639 3577/3577
f 3636/3636 3592/3592 3640/3640
f 3651/3651 3516/3516 3681/3681
f 3679/3679 3681/3681 3516/3516
f 3656/3656 3625/3625 3589/3589
f 3634/3634 3638/3638 3642/3642
f 3642/3642 3638/3638 3606/3606
f 3622/3622 3639/3639 3635/3635
f 3665/3665 3673/3673 3656/3656
f 3641/3641 3659/3659 3601/3601
f 3630/3630 3656/3656 3578/3578
f 3617/3617 3619/3619 3609/3609
f 3655/3655 3675/3675 3648/3648
f 3642/3642 3659/3659 3641/3641
f 3659/3659 3642/3642 3564/3564
f 3625/3625 3673/3673 3593/3593
f 3626/3626 3676/3676 3636/3636
f 3633/3633 3668/3668 3607/3607
f 3618/3618 3662/3662 3658/3658
f 3667/3667 3647/3647 3562/3562
f 3677/3677 3627/3627 3693/3693
f 3652/3652 3587/3587 3648/3648
f 3643/3643 3676/3676 3658/3658
f 3573/3573 3651/3651 3660/3660
f 3649/3649 3674/3674 3603/3603
f 3615/3615 3645/3645 3629/3629
f 3672/3672 3669/3669 3636/3636
f 3668/3668 3626/3626 3607/3607
f 3654/3654 3628/3628 3657/3657
f 3628/3628 3653/3653 3657/3657
f 3615/3615 3655/3655 3648/3648
f 3628/3628 3658/3658 3653/3653
f 3629/3629 3655/3655 3615/3615
f 3655/3655 3608/3608 3695/3695
f 3629/3629 3645/3645 3632/3632
f 3627/3627 3603/3603 3693/3693
f 3633/3633 3657/3657 3668/3668
f 3614/3614 3646/3646 3630/3630
f 3657/3657 3653/3653 3666/3666
f 3666/3666 3653/3653 3668/3668
f 3676/3676 3626/3626 3653/3653
f 3627/3627 3677/3677 3631/3631
f 3626/3626 3668/3668 3653/3653
f 3673/3673 3695/3695 3593/3593
f 3656/3656 3673/3673 3625/3625
f 3675/3675 3671/3671 3648/3648
f 3661/3661 3662/3662 3618/3618
f 3672/3672 3636/3636 3676/3676
f 3688/3688 3573/3573 3660/3660
f 3678/3678 3701/3701 3644/3644
f 3685/3685 3708/3708 3677/3677
f 3692/3692 3643/3643 3682/3682
f 3664/3664 3652/3652 3671/3671
f 3584/3584 3644/3644 3709/3709
f 3644/3644 3621/3621 3678/3678
f 3702/3702 3663/3663 3677/3677
f 3708/3708 3702/3702 3677/3677
f 3630/3630 3665/3665 3656/3656
f 3672/3672 3696/3696 3669/3669
f 3668/3668 3657/3657 3666/3666
f 3658/3658 3662/3662 3643/3643
f 3630/3630 3646/3646 3665/3665
f 3695/3695 3675/3675 3655/3655
f 3621/3621 3624/3624 3678/3678
f 3660/3660 3651/3651 3687/3687
f 3676/3676 3692/3692 3672/3672
f 3658/3658 3676/3676 3653/3653
f 3652/3652 3648/3648 3671/3671
f 3685/3685 3677/3677 3693/3693
f 3690/3690 3646/3646 3663/3663
f 3696/3696 3649/3649 3669/3669
f 3665/3665 3646/3646 3664/3664
f 3688/3688 3661/3661 3569/3569
f 3614/3614 3677/3677 3663/3663
f 3573/3573 3688/3688 3569/3569
f 3663/3663 3646/3646 3614/3614
f 3652/3652 3670/3670 3612/3612
f 3697/3697 3670/3670 3689/3689
f 3687/3687 3651/3651 3681/3681
f 3689/3689 3670/3670 3690/3690
f 3670/3670 3652/3652 3690/3690
f 3709/3709 3644/3644 3704/3704
f 3662/3662 3661/3661 3688/3688
f 3644/3644 3701/3701 3704/3704
f 3680/3680 3624/3624 3650/3650
f 3652/3652 3664/3664 3690/3690
f 3675/3675 3695/3695 3665/3665
f 3665/3665 3695/3695 3673/3673
f 3676/3676 3643/3643 3692/3692
f 3680/3680 3650/3650 3612/3612
f 3697/3697 3678/3678 3624/3624
f 3697/3697 3680/3680 3670/3670
f 3682/3682 3643/3643 3662/3662
f 3671/3671 3675/3675 3664/3664
f 3688/3688 3660/3660 3683/3683
f 3667/3667 3706/3706 3647/3647
f 3697/3697 3710/3710 3678/3678
f 3700/3700 3685/3685 3693/3693
f 3674/3674 3649/3649 3696/3696
f 3705/3705 3684/3684 3674/3674
f 3683/3683 3692/3692 3688/3688
f 3694/3694 3687/3687 3696/3696
f 3612/3612 3670/3670 3680/3680
f 3665/3665 3664/3664 3675/3675
f 3691/3691 3684/3684 3705/3705
f 3682/3682 3688/3688 3692/3692
f 3709/3709 3667/3667 3584/3584
f 3663/3663 3689/3689 3690/3690
f 3693/3693 3674/3674 3684/3684
f 3687/3687 3686/3686 3696/3696
f 3683/3683 3660/3660 3694/3694
f 3660/3660 3687/3687 3694/3694
f 3696/3696 3686/3686 3674/3674
f 3684/3684 3700/3700 3693/3693
f 3690/3690 3664/3664 3646/3646
f 3687/3687 3681/3681 3686/3686
f 3686/3686 3705/3705 3674/3674
f 3692/3692 3683/3683 3672/3672
f 3710/3710 3713/3713 3678/3678
f 3680/3680 3697/3697 3624/3624
f 3682/3682 3662/3662 3688/3688
f 3685/3685 3698/3698 3708/3708
f 3689/3689 3707/3707 3697/3697
f 3684/3684 3691/3691 3700/3700
f 3663/3663 3702/3702 3689/3689
f 3699/3699 3691/3691 3706/3706
f 3697/3697 3707/3707 3710/3710
f 3706/3706 3691/3691 3647/3647
f 3678/3678 3713/3713 3701/3701
f 3705/3705 3686/3686 3647/3647
f 3706/3706 3667/3667 3709/3709
f 3706/3706 3709/3709 3699/3699
f 3691/3691 3699/3699 3700/3700
f 3647/3647 3686/3686 3681/3681
f 3679/3679 3647/3647 3681/3681
f 3672/3672 3694/3694 3696/3696
f 3683/3683 3694/3694 3672/3672
f 3685/3685 3700/3700 3703/3703
f 3647/3647 3691/3691 3705/3705
f 3701/3701 3711/3711 3704/3704
f 3703/3703 3698/3698 3685/3685
f 3707/3707 3712/3712 3710/3710
f 3689/3689 3712/3712 3707/3707
f 3699/3699 3711/3711 3700/3700
f 3712/3712 3689/3689 3702/3702
f 3700/3700 3711/3711 3713/3713
f 3711/3711 3701/3701 3713/3713
f 3710/3710 3698/3698 3713/3713
f 3709/3709 3711/3711 3699/3699
f 3711/3711 3709/3709 3704/3704
f 3700/3700 3713/3713 3703/3703
f 3698/3698 3712/3712 3708/3708
f 3698/3698 3710/3710 3712/3712
f 3713/3713 3698/3698 3703/3703
f 3712/3712 3702/3702 3708/3708
f 6/6 27/27 8/8
f 25/25 6/6 8/8
f 4/4 10/10 25/25
f 4/4 25/25 8/8
f 77/77 139/139 104/104
f 52/52 131/131 126/126
f 52/52 126/126 67/67
f 71/71 62/62 54/54
f 77/77 104/104 99/99
f 67/67 71/71 54/54
f 67/67 54/54 17/17
f 67/67 17/17 49/49
f 52/52 67/67 49/49
f 295/295 191/191 141/141
f 295/295 141/141 111/111
f 295/295 111/111 2/2
f 204/204 295/295 2/2
f 308/308 204/204 2/2
f 99/99 222/222 218/218
f 156/156 187/187 193/193
f 220/220 156/156 193/193
f 303/303 220/220 193/193
f 41/41 52/52 49/49
f 143/143 285/285 201/201
f 423/423 405/405 303/303
f 423/423 303/303 193/193
f 329/329 423/423 193/193
f 329/329 193/193 147/147
f 329/329 147/147 236/236
f 201/201 308/308 2/2
f 143/143 201/201 2/2
f 218/218 329/329 236/236
f 99/99 218/218 236/236
f 99/99 236/236 281/281
f 77/77 99/99 281/281
f 143/143 2/2 41/41
f 143/143 41/41 49/49
f 39/39 77/77 281/281
f 79/79 39/39 281/281
f 79/79 281/281 143/143
f 79/79 143/143 49/49
f 363/363 505/505 271/271
f 289/289 643/643 341/341
f 330/330 641/641 289/289
f 279/279 456/456 530/530
f 279/279 530/530 317/317
f 602/602 279/279 317/317
f 298/298 602/602 317/317
f 713/713 538/538 306/306
f 607/607 713/713 306/306
f 306/306 330/330 289/289
f 271/271 267/267 274/274
f 350/350 476/476 462/462
f 196/196 440/440 332/332
f 394/394 559/559 298/298
f 394/394 298/298 317/317
f 341/341 402/402 369/369
f 289/289 341/341 369/369
f 350/350 462/462 528/528
f 350/350 528/528 417/417
f 350/350 417/417 607/607
f 350/350 607/607 306/306
f 350/350 306/306 289/289
f 350/350 289/289 369/369
f 369/369 470/470 363/363
f 350/350 369/369 363/363
f 350/350 363/363 271/271
f 350/350 271/271 274/274
f 287/287 394/394 317/317
f 251/251 208/208 162/162
f 196/196 332/332 396/396
f 388/388 463/463 287/287
f 390/390 388/388 287/287
f 433/433 509/509 301/301
f 277/277 251/251 162/162
f 350/350 274/274 277/277
f 350/350 277/277 162/162
f 287/287 317/317 433/433
f 287/287 433/433 301/301
f 287/287 301/301 356/356
f 390/390 287/287 356/356
f 396/396 390/390 356/356
f 196/196 396/396 356/356
f 356/356 350/350 162/162
f 196/196 356/356 162/162
f 263/263 170/170 181/181
f 254/254 263/263 181/181
f 254/254 181/181 503/503
f 254/254 503/503 269/269
f 254/254 269/269 378/378

