# https://github.com/mikedh/trimesh
mtllib material.mtl

o keyboard.obj
usemtl material_0
v 0.07110396 -0.10235822 -0.16998457
v 0.07355196 -0.10028022 -0.17106257
v -0.02364404 -0.10244422 0.10845843
v -0.02364404 -0.10244422 0.10845843
v 0.07207996 -0.09760022 -0.16430457
v 0.06938996 -0.10204422 -0.16392457
v 0.03840896 -0.10063822 -0.05421757
v 0.03840896 -0.10063822 -0.05421757
v 0.03840896 -0.10063822 -0.05421757
v -0.04148204 -0.10122622 0.15188743
v -0.04148204 -0.10122622 0.15188743
v 0.04880996 -0.10025522 -0.07279957
v 0.04880996 -0.10025522 -0.07279957
v 0.04370896 -0.10021022 -0.05886457
v -0.02578604 -0.10037322 0.10855243
v -0.02578604 -0.10037322 0.10855243
v -0.04466204 -0.09961122 0.15886043
v -0.04466204 -0.09961122 0.15886043
v 0.00172396 -0.10175022 0.01477043
v 0.00172396 -0.10175022 0.01477043
v 0.00172396 -0.10175022 0.01477043
v 0.06738996 -0.10151622 -0.17479957
v 0.06738996 -0.10151622 -0.17479957
v -0.04003804 -0.10144022 0.10517343
v -0.04003804 -0.10144022 0.10517343
v -0.03704504 -0.10080522 0.10808343
v -0.01513804 -0.10095222 0.08182143
v -0.01513804 -0.10095222 0.08182143
v -0.03040104 -0.10137422 0.09219343
v -0.03040104 -0.10137422 0.09219343
v 0.04315896 -0.10183722 -0.06822257
v 0.04315896 -0.10183722 -0.06822257
v 0.00862996 -0.09998922 -0.00544157
v 0.00862996 -0.09998922 -0.00544157
v 0.00294396 -0.09976422 0.01227643
v 0.00294396 -0.09976422 0.01227643
v 0.00294396 -0.09976422 0.01227643
v -0.00075604 -0.09954122 0.01953043
v -0.00075604 -0.09954122 0.01953043
v 0.00284496 -0.09943322 0.01558843
v 0.00284496 -0.09943322 0.01558843
v 0.06472596 -0.10265022 -0.16546557
v 0.06472596 -0.10265022 -0.16546557
v 0.06803296 -0.10053922 -0.15506957
v -0.03413404 -0.10035122 0.08747243
v -0.03413404 -0.10035122 0.08747243
v -0.02768404 -0.10034922 0.08730543
v 0.05901796 -0.09968322 -0.14652357
v 0.05901796 -0.09968322 -0.14652357
v -0.00895104 -0.10077422 0.03788643
v -0.00895104 -0.10077422 0.03788643
v 0.02650196 -0.10031922 -0.02369457
v 0.02650196 -0.10031922 -0.02369457
v -0.02827804 -0.09898922 0.06226943
v -0.02827804 -0.09898922 0.06226943
v -0.02827804 -0.09898922 0.06226943
v -0.00586804 -0.09746122 0.05987143
v -0.00586804 -0.09746122 0.05987143
v 0.05778396 -0.10043122 -0.12357157
v 0.05778396 -0.10043122 -0.12357157
v 0.04438196 -0.09945522 -0.05193157
v 0.04438196 -0.09945522 -0.05193157
v 0.04438196 -0.09945522 -0.05193157
v -0.03136504 -0.10043022 0.10168943
v -0.03974004 -0.10038822 0.14469343
v -0.03974004 -0.10038822 0.14469343
v 0.06586196 -0.10177222 -0.15873457
v 0.06586196 -0.10177222 -0.15873457
v 0.06281796 -0.10130222 -0.16220057
v 0.06281796 -0.10130222 -0.16220057
v 0.06573396 -0.10009022 -0.14927257
v -0.06200004 -0.10040522 0.16885443
v -0.06200004 -0.10040522 0.16885443
v -0.03444804 -0.10009122 0.07975243
v -0.03444804 -0.10009122 0.07975243
v -0.06837404 -0.10018022 0.19085243
v -0.06837404 -0.10018022 0.19085243
v -0.06468204 -0.10041022 0.17343443
v -0.06468204 -0.10041022 0.17343443
v -0.06468204 -0.10041022 0.17343443
v -0.01443804 -0.10076922 0.04361143
v -0.01443804 -0.10076922 0.04361143
v -0.01331004 -0.10051422 0.04937543
v -0.00213504 -0.10086722 0.01870643
v -0.00213504 -0.10086722 0.01870643
v -0.01726304 -0.10112722 0.05669443
v -0.01726304 -0.10112722 0.05669443
v -0.00806904 -0.09998322 0.07046943
v -0.00806904 -0.09998322 0.07046943
v -0.04407304 -0.10106722 0.12787143
v -0.04407304 -0.10106722 0.12787143
v 0.05862396 -0.10039822 -0.11568157
v 0.05862396 -0.10039822 -0.11568157
v 0.04470496 -0.10004422 -0.08769857
v 0.04470496 -0.10004422 -0.08769857
v 0.03446496 -0.10075222 -0.04977357
v 0.03446496 -0.10075222 -0.04977357
v 0.04825596 -0.10068322 -0.09442657
v 0.04825596 -0.10068322 -0.09442657
v 0.05199096 -0.10049522 -0.08518357
v 0.05199096 -0.10049522 -0.08518357
v 0.05229096 -0.10030822 -0.07833857
v 0.05229096 -0.10030822 -0.07833857
v 0.05229096 -0.10030822 -0.07833857
v 0.05484696 -0.10022122 -0.09801057
v 0.01087196 -0.09913422 0.02199143
v 0.01087196 -0.09913422 0.02199143
v 0.05634596 -0.10053322 -0.09011057
v 0.00155396 -0.09856322 0.00148943
v 0.00155396 -0.09856322 0.00148943
v 0.05390796 -0.09795322 -0.08522357
v 0.05390796 -0.09795322 -0.08522357
v 0.05405596 -0.09837222 -0.08077557
v 0.05405596 -0.09837222 -0.08077557
v 0.06231296 -0.09864022 -0.11362157
v -0.05415104 -0.10005122 0.15193643
v -0.05415104 -0.10005122 0.15193643
v -0.06433504 -0.09777722 0.18134443
v -0.06433504 -0.09777722 0.18134443
v -0.06433504 -0.09777722 0.18134443
v -0.04193604 -0.09792722 0.13057443
v 0.05793996 -0.09919722 -0.18561457
v 0.05793996 -0.09919722 -0.18561457
v -0.03183804 -0.10000622 0.13512843
v -0.03183804 -0.10000622 0.13512843
v 0.06994096 -0.10004622 -0.17707857
v 0.06994096 -0.10004622 -0.17707857
v -0.03988904 -0.09706122 0.14395643
v -0.01732604 -0.10081622 0.08961643
v -0.01732604 -0.10081622 0.08961643
v -0.01941404 -0.09784822 0.09714443
v -0.01941404 -0.09784822 0.09714443
v 0.05076196 -0.09798722 -0.07310657
v 0.05076196 -0.09798722 -0.07310657
v 0.06973596 -0.09992822 -0.18465057
v -0.02770504 -0.09640222 0.08791343
v 0.07144196 -0.09876522 -0.15832157
v -0.01157704 -0.09763122 0.04428943
v -0.02491404 -0.09901422 0.11241143
v -0.02491404 -0.09901422 0.11241143
v -0.04900604 -0.09881322 0.11789943
v -0.04900604 -0.09881322 0.11789943
v 0.04783896 -0.09636022 -0.05919357
v 0.04783896 -0.09636022 -0.05919357
v 0.04783896 -0.09636022 -0.05919357
v 0.06407596 -0.09730922 -0.12499657
v -0.00065604 -0.09838322 0.04657043
v -0.00065604 -0.09838322 0.04657043
v 0.09142196 -0.09923022 -0.18491957
v 0.09142196 -0.09923022 -0.18491957
v -0.01636304 -0.09933522 0.05755443
v 0.05812096 -0.09586522 -0.10036957
v 0.05812096 -0.09586522 -0.10036957
v 0.03033996 -0.09994322 -0.04129457
v 0.03033996 -0.09994322 -0.04129457
v 0.07669596 -0.09827422 -0.13226057
v 0.07669596 -0.09827422 -0.13226057
v 0.03089596 -0.09706622 -0.03020957
v 0.03089596 -0.09706622 -0.03020957
v 0.02309696 -0.09994322 -0.03012957
v 0.02309696 -0.09994322 -0.03012957
v 0.03486696 -0.09755522 -0.02403657
v 0.03486696 -0.09755522 -0.02403657
v 0.00996296 -0.09921422 -0.00837357
v 0.00996296 -0.09921422 -0.00837357
v 0.01331796 -0.09888622 -0.00384257
v 0.01331796 -0.09888622 -0.00384257
v 0.01156096 -0.09769522 0.01446043
v 0.01156096 -0.09769522 0.01446043
v 0.01156096 -0.09769522 0.01446043
v -0.05218804 -0.09965822 0.14613343
v -0.05218804 -0.09965822 0.14613343
v -0.04728204 -0.09875522 0.13730143
v -0.04728204 -0.09875522 0.13730143
v 0.08963496 -0.09921122 -0.17566857
v 0.08963496 -0.09921122 -0.17566857
v 0.02129996 -0.09911322 -0.01977357
v 0.02129996 -0.09911322 -0.01977357
v -0.03077904 -0.09914022 0.06849843
v -0.03077904 -0.09914022 0.06849843
v 0.09907096 -0.09999922 -0.20372657
v 0.09907096 -0.09999922 -0.20372657
v 0.07179496 -0.09886622 -0.18164057
v 0.01051396 -0.09883522 0.00025243
v 0.01051396 -0.09883522 0.00025243
v 0.01051396 -0.09883522 0.00025243
v 0.05263696 -0.09868222 -0.11344457
v 0.05263696 -0.09868222 -0.11344457
v 0.06247496 -0.09940722 -0.13851357
v 0.06247496 -0.09940722 -0.13851357
v 0.06176796 -0.10038622 -0.13239157
v 0.06176796 -0.10038622 -0.13239157
v 0.05876396 -0.09996922 -0.10842257
v 0.05585596 -0.09990622 -0.10326957
v 0.05585596 -0.09990622 -0.10326957
v 0.05585596 -0.09990622 -0.10326957
v -0.04832504 -0.09712522 0.14433243
v 0.06550096 -0.09770222 -0.10977357
v 0.06514796 -0.09730022 -0.20822957
v 0.06514796 -0.09730022 -0.20822957
v 0.06581396 -0.09526922 -0.14090557
v -0.06934504 -0.09800522 0.20749443
v -0.06934504 -0.09800522 0.20749443
v 0.06372596 -0.09681822 -0.13799657
v -0.02733504 -0.09627222 0.06390843
v -0.02733504 -0.09627222 0.06390843
v 0.06499996 -0.09816022 -0.13392057
v 0.04754696 -0.09817922 -0.06160957
v 0.04754696 -0.09817922 -0.06160957
v 0.04754696 -0.09817922 -0.06160957
v -0.07103004 -0.09731822 0.21164943
v -0.07103004 -0.09731822 0.21164943
v 0.04768496 -0.09737022 -0.05510357
v 0.04768496 -0.09737022 -0.05510357
v 0.04768496 -0.09737022 -0.05510357
v 0.04768496 -0.09737022 -0.05510357
v -0.00479904 -0.09871222 0.02889043
v -0.00479904 -0.09871222 0.02889043
v -0.00479904 -0.09871222 0.02889043
v -0.04439704 -0.09665922 0.11009943
v -0.04439704 -0.09665922 0.11009943
v -0.05019204 -0.09734422 0.17866343
v -0.05019204 -0.09734422 0.17866343
v 0.08516896 -0.09656222 -0.16473457
v 0.08516896 -0.09656222 -0.16473457
v 0.00473796 -0.09693122 0.03265343
v 0.00473796 -0.09693122 0.03265343
v -0.04190704 -0.09415022 0.10938243
v 0.08196996 -0.09586222 -0.14603357
v 0.08196996 -0.09586222 -0.14603357
v 0.01118996 -0.09912722 -0.01266457
v 0.01118996 -0.09912722 -0.01266457
v 0.01118996 -0.09912722 -0.01266457
v 0.01755696 -0.09914722 -0.01464957
v 0.01755696 -0.09914722 -0.01464957
v 0.07845196 -0.09782022 -0.13772757
v 0.07845196 -0.09782022 -0.13772757
v -0.01196804 -0.09711822 0.07540543
v -0.01196804 -0.09711822 0.07540543
v 0.02308796 -0.09876522 -0.01393757
v -0.01610904 -0.09619922 0.08410343
v 0.03674196 -0.09746322 -0.03995657
v 0.02813896 -0.09783422 -0.02363657
v 0.01251196 -0.09473622 -0.00439957
v 0.01979796 -0.09834922 0.00145443
v 0.01979796 -0.09834922 0.00145443
v 0.01837496 -0.09592122 0.00409443
v 0.01837496 -0.09592122 0.00409443
v 0.01837496 -0.09592122 0.00409443
v 0.04727196 -0.09893122 -0.04730557
v 0.04727196 -0.09893122 -0.04730557
v 0.04727196 -0.09893122 -0.04730557
v 0.06196896 -0.09732822 -0.09639457
v 0.06196896 -0.09732822 -0.09639457
v 0.07492896 -0.09788122 -0.21181057
v 0.07492896 -0.09788122 -0.21181057
v 0.06503696 -0.09809522 -0.18464657
v 0.06503696 -0.09809522 -0.18464657
v 0.09571496 -0.09805722 -0.20402757
v -0.04029304 -0.09611922 0.15125943
v -0.04380704 -0.09725822 0.12207343
v 0.04382796 -0.09728722 -0.04169957
v 0.04382796 -0.09728722 -0.04169957
v 0.00452396 -0.09831122 0.00823743
v 0.07142596 -0.09701122 -0.18881257
v -0.03085304 -0.09343822 0.09577343
v 0.03990496 -0.09689722 -0.04683257
v -0.02953204 -0.09554522 0.07010243
v -0.06752904 -0.09697722 0.20068643
v -0.06752904 -0.09697722 0.20068643
v -0.06752904 -0.09697722 0.20068643
v -0.02519304 -0.09723722 0.12101443
v -0.02519304 -0.09723722 0.12101443
v -0.02935804 -0.09748322 0.08419743
v 0.00130696 -0.09614322 0.04120643
v -0.05883604 -0.09851022 0.15990643
v -0.05883604 -0.09851022 0.15990643
v 0.06133696 -0.09595622 -0.10480557
v -0.05271804 -0.09512522 0.15217143
v -0.04557204 -0.09826022 0.16445143
v -0.04557204 -0.09826022 0.16445143
v 0.06878396 -0.09733622 -0.10440257
v 0.06878396 -0.09733622 -0.10440257
v 0.09922696 -0.09484522 -0.21752357
v 0.09922696 -0.09484522 -0.21752357
v 0.06210396 -0.09747722 -0.12044357
v 0.07863296 -0.09741622 -0.21710657
v 0.07863296 -0.09741622 -0.21710657
v 0.02361696 -0.09703122 -0.00672657
v 0.02361696 -0.09703122 -0.00672657
v 0.02361696 -0.09703122 -0.00672657
v 0.09491996 -0.09771222 -0.19584857
v 0.09491996 -0.09771222 -0.19584857
v 0.09094296 -0.09746322 -0.18953057
v -0.05005404 -0.09609922 0.11361143
v -0.05005404 -0.09609922 0.11361143
v 0.04656296 -0.09670922 -0.05473357
v 0.04656296 -0.09670922 -0.05473357
v 0.04656296 -0.09670922 -0.05473357
v 0.06199896 -0.09713722 -0.09462857
v 0.06199896 -0.09713722 -0.09462857
v 0.06199896 -0.09713722 -0.09462857
v 0.06199896 -0.09713722 -0.09462857
v 0.07295996 -0.09680422 -0.21130757
v 0.07295996 -0.09680422 -0.21130757
v 0.06713196 -0.09451122 -0.18885357
v 0.04315496 -0.09471222 -0.04367057
v 0.04315496 -0.09471222 -0.04367057
v 0.04315496 -0.09471222 -0.04367057
v -0.00000204 -0.09467422 0.01549043
v 0.07387496 -0.09504422 -0.21141957
v -0.06395404 -0.09501922 0.18431343
v 0.05849396 -0.09159522 -0.10098057
v 0.05849396 -0.09159522 -0.10098057
v -0.03410904 -0.08912622 0.10161643
v -0.02152804 -0.09271222 0.10602943
v 0.06848196 -0.09433322 -0.15113057
v 0.05164396 -0.09117922 -0.08366457
v 0.09564096 -0.09713922 -0.22280057
v 0.09564096 -0.09713922 -0.22280057
v -0.01893704 -0.09500422 0.05825143
v -0.00859204 -0.09246222 0.06700843
v -0.06665104 -0.09485722 0.21420843
v -0.06665104 -0.09485722 0.21420843
v -0.06665104 -0.09485722 0.21420843
v 0.09911796 -0.09790422 -0.21049357
v 0.09911796 -0.09790422 -0.21049357
v 0.02717796 -0.09542222 -0.01202357
v 0.02717796 -0.09542222 -0.01202357
v -0.01372404 -0.09468922 0.05131543
v -0.04583604 -0.09693222 0.16962543
v -0.04583604 -0.09693222 0.16962543
v 0.06322196 -0.09615322 -0.09491257
v 0.06322196 -0.09615322 -0.09491257
v 0.06322196 -0.09615322 -0.09491257
v 0.06322196 -0.09615322 -0.09491257
v -0.05605104 -0.09533822 0.19493943
v -0.05605104 -0.09533822 0.19493943
v -0.03643804 -0.09337322 0.14716643
v 0.06964896 -0.09619822 -0.18780357
v 0.02327996 -0.09637322 -0.01825857
v 0.06043696 -0.09529822 -0.09287657
v 0.06043696 -0.09529822 -0.09287657
v 0.03310396 -0.09585022 -0.03207857
v -0.05151504 -0.09407622 0.14807443
v 0.00909296 -0.09764922 0.02348143
v 0.00909296 -0.09764922 0.02348143
v 0.00909296 -0.09764922 0.02348143
v 0.06477696 -0.09549022 -0.20182157
v 0.06477696 -0.09549022 -0.20182157
v 0.06511196 -0.09719222 -0.09536857
v 0.06511196 -0.09719222 -0.09536857
v 0.06511196 -0.09719222 -0.09536857
v 0.06538996 -0.09591122 -0.19474357
v 0.06538996 -0.09591122 -0.19474357
v 0.06102096 -0.09592722 -0.11602357
v 0.06872196 -0.09467722 -0.20756257
v 0.08309596 -0.09425622 -0.15625357
v 0.08309596 -0.09425622 -0.15625357
v 0.01454196 -0.09609622 0.01147443
v 0.01454196 -0.09609622 0.01147443
v -0.04663604 -0.09413522 0.13941143
v 0.01313496 -0.09391122 0.01764043
v 0.06479996 -0.09542922 -0.13508457
v 0.09412696 -0.09196422 -0.19975157
v -0.06336204 -0.09711322 0.17197443
v -0.06336204 -0.09711322 0.17197443
v -0.02843004 -0.09706222 0.07746643
v 0.00315096 -0.09572622 0.00152343
v -0.02573304 -0.09264422 0.08087343
v -0.05818104 -0.09489122 0.20205943
v -0.05818104 -0.09489122 0.20205943
v 0.06964896 -0.09400922 -0.17879657
v 0.07083996 -0.09794522 -0.11227357
v 0.07083996 -0.09794522 -0.11227357
v 0.04845496 -0.09470522 -0.05847957
v 0.04845496 -0.09470522 -0.05847957
v 0.00250396 -0.09580722 0.01239343
v 0.04694696 -0.09388122 -0.05137157
v -0.02617404 -0.09015622 0.12125143
v 0.07741196 -0.09204022 -0.13035757
v 0.07741196 -0.09204022 -0.13035757
v -0.01422704 -0.09000322 0.08481243
v -0.03577104 -0.09623622 0.10707843
v -0.03574804 -0.09365422 0.14074843
v -0.04400504 -0.08929322 0.12760943
v -0.00979504 -0.09519822 0.04150043
v 0.06477096 -0.09386022 -0.19238357
v 0.00592996 -0.09302722 0.00747043
v 0.07253296 -0.09474922 -0.16136257
v -0.00562104 -0.09365522 0.06128643
v -0.03050104 -0.09517222 0.13154543
v 0.06510496 -0.08569722 -0.08459257
v 0.06510496 -0.08569722 -0.08459257
v 0.07155796 -0.09446322 -0.15633957
v -0.04239804 -0.09629322 0.15987743
v 0.05432696 -0.09548522 -0.06981157
v 0.05432696 -0.09548522 -0.06981157
v -0.01860604 -0.09349622 0.09804843
v -0.06676304 -0.09406822 0.19606443
v -0.04710804 -0.09100622 0.11182643
v 0.00622096 -0.09310422 0.00041543
v 0.03585396 -0.09512922 -0.03671357
v -0.00701704 -0.09472322 0.03260543
v -0.06082304 -0.09508522 0.20791143
v -0.06082304 -0.09508522 0.20791143
v -0.00249804 -0.09013122 0.05142843
v -0.00219604 -0.09091622 0.02219743
v 0.07131196 -0.09585522 -0.17389057
v -0.01564704 -0.08701022 0.04145443
v 0.06119796 -0.08971522 -0.12517357
v 0.00235596 -0.09048822 0.01338343
v 0.05979796 -0.09135422 -0.11549057
v 0.06157096 -0.09246422 -0.13621457
v -0.01761204 -0.09256322 0.05405143
v -0.06258504 -0.09366322 0.16478243
v -0.01098304 -0.09135022 0.04439743
v -0.02863204 -0.09374722 0.08578343
v 0.07382496 -0.09264722 -0.16409757
v -0.01018704 -0.09031622 0.07490943
v -0.04663304 -0.09135322 0.12137043
v 0.07542096 -0.09332622 -0.12395157
v 0.07542096 -0.09332622 -0.12395157
v 0.01689796 -0.09033422 0.01139643
v -0.06777704 -0.09128022 0.21149443
v 0.06037796 -0.08850022 -0.07393157
v 0.06037796 -0.08850022 -0.07393157
v 0.07066996 -0.09090022 -0.17517357
v 0.06224396 -0.09439622 -0.12007357
v -0.03020804 -0.09012122 0.07703343
v -0.03732404 -0.08623922 0.10309843
v -0.06255304 -0.09208022 0.21046143
v 0.07042296 -0.09092222 -0.16726157
v -0.06878404 -0.09345122 0.20459443
v 0.05350196 -0.09196722 -0.06276457
v 0.05350196 -0.09196722 -0.06276457
v 0.06070696 -0.09218122 -0.10864757
v 0.06769996 -0.09293622 -0.14646657
v -0.06945904 -0.09147122 0.21278943
v -0.06945904 -0.09147122 0.21278943
v -0.06575704 -0.09381022 0.17893643
v 0.00057696 -0.09063522 0.01826543
v -0.01436804 -0.09108022 0.04902943
v 0.07878996 -0.09189222 -0.13943157
v 0.06495896 -0.08892622 -0.15846157
v 0.09732296 -0.08844922 -0.21943357
v 0.06772796 -0.09154822 -0.09388957
v 0.06772796 -0.09154822 -0.09388957
v 0.08627596 -0.09403722 -0.17496157
v 0.08588496 -0.08906022 -0.17549057
v -0.05870704 -0.09362122 0.15808843
v 0.07815196 -0.09515022 -0.21542557
v 0.07815196 -0.09515022 -0.21542557
v 0.03862196 -0.09280122 -0.04855557
v 0.04813796 -0.09227222 -0.07627657
v 0.04764996 -0.09730622 -0.06614557
v 0.04764996 -0.09730622 -0.06614557
v 0.09296596 -0.09122822 -0.22198757
v 0.09296596 -0.09122822 -0.22198757
v 0.06120196 -0.09077922 -0.13181357
v 0.06596696 -0.08994222 -0.15381857
v 0.01414796 -0.09185822 -0.01203657
v 0.04407896 -0.08826422 -0.04220957
v -0.04675304 -0.08824222 0.17520643
v -0.00695104 -0.08650022 0.06151743
v 0.09056896 -0.09233322 -0.18934057
v -0.06589604 -0.09747422 0.19137543
v -0.06589604 -0.09747422 0.19137543
v 0.08823896 -0.09092922 -0.18070757
v 0.00450696 -0.08912622 0.00087243
v -0.02450604 -0.09178122 0.11532043
v -0.03570504 -0.08855922 0.14563943
v 0.08294196 -0.08654822 -0.16132957
v -0.07214304 -0.08545222 0.17541543
v -0.04992604 -0.09096622 0.11520743
v 0.04042796 -0.08912722 -0.03490357
v 0.04042796 -0.08912722 -0.03490357
v -0.03843804 -0.08874422 0.15183543
v -0.02960104 -0.08733422 0.13043543
v 0.06423796 -0.08766822 -0.13959457
v 0.02855696 -0.08987922 -0.00823957
v 0.00027096 -0.08813922 0.01419243
v -0.04895204 -0.08781922 0.13572643
v -0.02669004 -0.08932022 0.12658643
v 0.01393296 -0.08840222 -0.00748457
v 0.02987496 -0.09023422 -0.01284257
v 0.02987496 -0.09023422 -0.01284257
v 0.06495896 -0.09128822 -0.18647557
v 0.05056496 -0.08845122 -0.05536657
v 0.04497396 -0.08794322 -0.04922357
v -0.00093804 -0.08958722 0.00980343
v 0.02724496 -0.09253822 -0.02574857
v 0.05710996 -0.08515222 -0.10116257
v 0.05710996 -0.08515222 -0.10116257
v 0.05710996 -0.08515222 -0.10116257
v 0.07024396 -0.09119422 -0.21267657
v 0.01733396 -0.09338822 -0.01579157
v 0.04614296 -0.08989722 -0.07000157
v 0.03286996 -0.08289722 -0.04553057
v 0.03573396 -0.08638022 -0.04607957
v 0.00120096 -0.08747822 0.00351343
v 0.01312696 -0.08580722 -0.01642557
v 0.00316096 -0.09174022 0.03833443
v 0.00385596 -0.08816822 0.03457843
v 0.09735496 -0.08877522 -0.21045057
v 0.06452696 -0.08854122 -0.13366157
v 0.06407496 -0.08560622 -0.07905157
v 0.06407496 -0.08560622 -0.07905157
v -0.04666704 -0.08825922 0.10898043
v 0.02374696 -0.08702922 0.00046343
v 0.06470996 -0.08813722 -0.14839157
v -0.07072204 -0.09281822 0.21172143
v 0.06519396 -0.08771422 -0.16167757
v 0.03764796 -0.08915622 -0.02730057
v 0.03764796 -0.08915622 -0.02730057
v 0.03764796 -0.08915622 -0.02730057
v 0.06040596 -0.08486722 -0.11331057
v 0.06590996 -0.08994722 -0.17830357
v -0.01197204 -0.08780722 0.03293143
v -0.04169404 -0.08812522 0.10637343
v -0.05252104 -0.08978222 0.18818943
v 0.01035996 -0.08976722 0.02444643
v 0.04271296 -0.08610222 -0.03872657
v -0.04254304 -0.09057222 0.16158543
v 0.06913496 -0.08588922 -0.09453057
v 0.06291496 -0.08894022 -0.19854157
v -0.00138604 -0.08453122 0.01824243
v 0.06016796 -0.08660122 -0.10722957
v 0.06159396 -0.08427422 -0.18792957
v 0.05174696 -0.08754722 -0.05971557
v -0.07385004 -0.08418822 0.18966143
v -0.05823104 -0.08815422 0.20286143
v 0.07378596 -0.08912522 -0.11444157
v 0.07378596 -0.08912522 -0.11444157
v 0.05912696 -0.08816322 -0.12041357
v -0.00288704 -0.08643222 0.02542543
v -0.02310004 -0.08793122 0.11192543
v -0.01725504 -0.08445722 0.08702143
v 0.08671796 -0.08746822 -0.18470357
v 0.07678596 -0.08856622 -0.22079357
v 0.07678596 -0.08856622 -0.22079357
v 0.00774796 -0.08997222 -0.00427557
v 0.05906896 -0.09150022 -0.09570257
v 0.05906896 -0.09150022 -0.09570257
v 0.05437296 -0.08389322 -0.09035257
v 0.04579096 -0.09349022 -0.05701257
v 0.04579096 -0.09349022 -0.05701257
v 0.02332096 -0.08745722 -0.02613257
v -0.04747504 -0.08548322 0.11228743
v -0.03410404 -0.08881322 0.13673343
v 0.06143496 -0.08412622 -0.07518857
v 0.08318896 -0.08519122 -0.17170057
v 0.06684496 -0.08775422 -0.16728957
v 0.04897996 -0.08347822 -0.04972557
v -0.03419704 -0.08368022 0.08261543
v 0.07995596 -0.08328722 -0.22393157
v 0.07995596 -0.08328722 -0.22393157
v 0.06766696 -0.08817122 -0.20679957
v 0.08124896 -0.08759622 -0.15151257
v -0.04499304 -0.08789322 0.16769743
v -0.01680704 -0.08787722 0.09125643
v -0.00013404 -0.08421422 0.04229343
v 0.06354996 -0.08483122 -0.16036357
v -0.02431404 -0.08583222 0.05300743
v 0.08895796 -0.08752122 -0.22514057
v 0.08895796 -0.08752122 -0.22514057
v 0.06306696 -0.08508622 -0.19946057
v -0.05778104 -0.08503222 0.14489343
v 0.04850396 -0.08618522 -0.04307357
v -0.01379504 -0.08743522 0.04717943
v 0.07772796 -0.08721722 -0.12668457
v -0.02233904 -0.08546722 0.10645343
v 0.04629696 -0.08415122 -0.03623657
v 0.03438596 -0.08733622 -0.01955757
v 0.03438596 -0.08733622 -0.01955757
v 0.03438596 -0.08733622 -0.01955757
v 0.07933796 -0.08463222 -0.14371057
v -0.04108304 -0.08298022 0.10575043
v -0.04542004 -0.08305822 0.11185243
v 0.06399196 -0.08794222 -0.17967257
v -0.07110104 -0.08723422 0.18240043
v -0.02979604 -0.08178922 0.13220143
v -0.02707004 -0.08362122 0.12077943
v -0.06441504 -0.08402622 0.15609543
v -0.06640304 -0.08463422 0.21092443
v 0.06295696 -0.08428522 -0.18274057
v 0.06538796 -0.08637222 -0.17136957
v 0.00200496 -0.08413922 0.01027643
v -0.03500304 -0.08504722 0.09184643
v 0.06033396 -0.08496222 -0.12340357
v 0.06283296 -0.08516422 -0.11929557
v -0.02827904 -0.08301122 0.05909443
v 0.05963696 -0.08470422 -0.15514557
v 0.06201096 -0.08536122 -0.13067957
v 0.04676996 -0.08715022 -0.07739257
v 0.00356796 -0.08165322 -0.00145357
v 0.07391396 -0.08758322 -0.21931957
v 0.06125696 -0.08564522 -0.14616657
v -0.07237304 -0.08256722 0.16772643
v -0.05241304 -0.08424922 0.11630643
v 0.05898496 -0.08317722 -0.06395857
v 0.06018496 -0.08514622 -0.16560157
v -0.03339804 -0.08433622 0.06704043
v -0.07492004 -0.08101622 0.19379543
v 0.07068596 -0.08663322 -0.10175857
v -0.07672604 -0.08438622 0.21239243
v -0.00699704 -0.08481522 0.02854043
v -0.06448004 -0.08988722 0.15935643
v 0.04342196 -0.08348622 -0.03152957
v 0.03901196 -0.08427222 -0.02437957
v 0.03901196 -0.08427222 -0.02437957
v 0.03901196 -0.08427222 -0.02437957
v 0.09109896 -0.08328322 -0.20024557
v 0.07917396 -0.08352322 -0.13406757
v 0.01427496 -0.08285822 0.01223443
v 0.06769396 -0.08328722 -0.22006257
v 0.06734496 -0.08142522 -0.07857657
v -0.00323604 -0.08484522 0.02234043
v 0.07047596 -0.08241822 -0.09134657
v -0.07469304 -0.07761922 0.21753743
v -0.07469304 -0.07761922 0.21753743
v 0.05785596 -0.08120522 -0.16898057
v -0.07275804 -0.08528022 0.21678843
v -0.07275804 -0.08528022 0.21678843
v 0.05385996 -0.08184822 -0.15398557
v -0.05008404 -0.08336722 0.17952843
v 0.05495696 -0.08169722 -0.05743057
v -0.03227604 -0.08289322 0.06349443
v -0.03227604 -0.08289322 0.06349443
v 0.08486596 -0.07942122 -0.18459357
v -0.05329204 -0.08159422 0.11387743
v -0.00776604 -0.07867222 0.05612443
v -0.03232104 -0.08258122 0.07564443
v -0.02174104 -0.08270222 0.04654343
v 0.00852796 -0.08406822 -0.00754857
v 0.01262796 -0.08075022 -0.02330957
v 0.05842896 -0.08181922 -0.12643057
v 0.04350496 -0.08080322 -0.06080357
v 0.03807296 -0.07906622 -0.05477757
v 0.00312796 -0.08149522 0.00692743
v 0.04526196 -0.07943122 -0.06642757
v 0.05734896 -0.08419122 -0.14158357
v 0.02585396 -0.07992822 -0.04122057
v 0.08609296 -0.07984922 -0.22816357
v 0.08609296 -0.07984922 -0.22816357
v 0.08609296 -0.07984922 -0.22816357
v -0.05254204 -0.08125922 0.12466343
v 0.05202796 -0.08288622 -0.04596157
v -0.06980004 -0.08330722 0.16042843
v -0.01832204 -0.08451022 0.10061343
v 0.06691796 -0.08231922 -0.21680257
v -0.00931304 -0.08071522 0.02720143
v -0.04786704 -0.08286622 0.12796743
v 0.00106396 -0.07828622 0.03561843
v -0.05815204 -0.08447022 0.20347943
v -0.03933804 -0.07744422 0.09270543
v -0.04941404 -0.08004122 0.12664843
v 0.05859596 -0.08213522 -0.15121757
v 0.06279396 -0.08108022 -0.06572357
v -0.01906804 -0.08383022 0.04476643
v -0.02709504 -0.08005022 0.11593443
v 0.09220696 -0.08023722 -0.22398557
v 0.09220696 -0.08023722 -0.22398557
v -0.02137904 -0.08523022 0.05080043
v -0.07715004 -0.08260222 0.20625143
v -0.04621504 -0.08089222 0.16429743
v 0.06224396 -0.08577322 -0.19165357
v -0.01371504 -0.08303322 0.03415643
v 0.05727196 -0.08186222 -0.15968557
v 0.07924496 -0.07869922 -0.22768657
v 0.07924496 -0.07869922 -0.22768657
v 0.05886996 -0.08042622 -0.17249257
v -0.06151104 -0.08229022 0.15086443
v 0.07453396 -0.07952622 -0.10164357
v 0.02989196 -0.08202322 -0.01153257
v 0.07949696 -0.07841322 -0.15892757
v -0.00369004 -0.08350822 0.04863143
v 0.06632496 -0.08518322 -0.21318057
v -0.04385604 -0.07768422 0.10692343
v -0.02037404 -0.07825622 0.04519443
v -0.07188504 -0.08472322 0.18526443
v -0.03383404 -0.07493222 0.07458143
v 0.05865196 -0.07939422 -0.06311957
v 0.06221196 -0.08287422 -0.11855557
v 0.05228096 -0.08377322 -0.08617957
v -0.06200304 -0.08671522 0.21121643
v -0.00666404 -0.07789222 0.02185343
v 0.05977596 -0.08074922 -0.17815057
v -0.03646604 -0.08103822 0.13831343
v -0.04155904 -0.07917422 0.10017043
v 0.02571396 -0.07775022 -0.00848957
v 0.05413696 -0.08134022 -0.13347157
v -0.06049504 -0.08039222 0.14401843
v -0.02321004 -0.07877822 0.10965543
v 0.07612296 -0.08236422 -0.11647757
v 0.04548796 -0.07787322 -0.03415157
v -0.02685204 -0.07709722 0.13096943
v 0.07132096 -0.07762522 -0.22054357
v -0.06418704 -0.08115122 0.21169243
v 0.07469596 -0.08198822 -0.22178557
v -0.03745504 -0.08108722 0.08691543
v 0.06509896 -0.07841522 -0.21043157
v 0.06064696 -0.08029122 -0.19995357
v 0.05981296 -0.08148922 -0.19458757
v 0.05302496 -0.07886322 -0.14960957
v -0.07680504 -0.07953622 0.20082543
v 0.05833496 -0.07797922 -0.18402757
v -0.01875004 -0.07855022 0.04125043
v 0.05781096 -0.07719222 -0.05698257
v 0.05449896 -0.07950222 -0.05172057
v 0.07450296 -0.07577922 -0.10919457
v -0.06660204 -0.07651422 0.15458943
v -0.02673704 -0.07886022 0.05288343
v -0.01689404 -0.07859522 0.10377943
v 0.09424196 -0.07508722 -0.22431357
v 0.09424196 -0.07508722 -0.22431357
v -0.01307904 -0.07727622 0.03004943
v -0.01769604 -0.07697922 0.03393943
v 0.09260196 -0.07939122 -0.21182257
v -0.01366904 -0.08095922 0.07407843
v -0.03258304 -0.07257522 0.06690443
v 0.07109696 -0.07890122 -0.08999557
v -0.05418204 -0.07466122 0.18482043
v -0.00288404 -0.07787722 0.04544343
v -0.02994804 -0.07942222 0.12174443
v 0.04509396 -0.07397122 -0.07441257
v 0.05495096 -0.07848722 -0.12191957
v 0.04733796 -0.08002422 -0.07739757
v 0.05518596 -0.07823422 -0.11289157
v -0.00180604 -0.07738822 0.00770543
v 0.05176596 -0.07673922 -0.09991357
v 0.05176596 -0.07673922 -0.09991357
v 0.00185196 -0.07699922 -0.00985857
v 0.05073796 -0.07492622 -0.08341157
v 0.00083796 -0.07720222 -0.00271257
v 0.01432596 -0.07608722 -0.03159857
v -0.01506904 -0.07786922 0.09549643
v -0.07480904 -0.07694322 0.18618743
v -0.07663404 -0.07571722 0.17631943
v -0.06705704 -0.07259922 0.21515343
v 0.04783396 -0.07392522 -0.13012057
v 0.05132496 -0.07858122 -0.14465957
v 0.07756396 -0.07870222 -0.13065057
v -0.04138304 -0.07672822 0.14706643
v -0.05598904 -0.07874122 0.13700743
v 0.05365596 -0.07855322 -0.04670057
v -0.01644804 -0.08085922 0.09303243
v 0.06970196 -0.07402222 -0.21666057
v 0.05705396 -0.07284922 -0.16736457
v 0.08421296 -0.07636522 -0.18918757
v -0.01393204 -0.07756922 0.09873443
v 0.05610296 -0.07403822 -0.15772957
v 0.08160996 -0.07830722 -0.17267157
v -0.07622104 -0.07645022 0.20998543
v -0.07197604 -0.07504322 0.21637043
v -0.01074504 -0.07397722 0.02195043
v 0.08976396 -0.07642622 -0.20525157
v 0.06499996 -0.08000222 -0.20508057
v -0.03407504 -0.07316622 0.06113643
v -0.03407504 -0.07316622 0.06113643
v -0.03768204 -0.07234822 0.08691443
v -0.02483504 -0.07337622 0.04428443
v -0.03095604 -0.07661422 0.05901243
v 0.00499796 -0.07604122 -0.01974257
v 0.04936496 -0.07701122 -0.12676657
v 0.05321996 -0.07580822 -0.12035757
v 0.03255996 -0.07861822 -0.05038457
v -0.00195504 -0.07572822 -0.00187357
v 0.04652896 -0.07421222 -0.13590157
v -0.07262904 -0.07631822 0.16093543
v 0.03223996 -0.07538722 -0.01944257
v 0.05959096 -0.07114722 -0.17711957
v 0.09098496 -0.07132422 -0.22824357
v -0.01452004 -0.07653422 0.02564243
v 0.06481596 -0.07377922 -0.06990157
v 0.09097196 -0.07707422 -0.22807057
v 0.00582196 -0.07751422 -0.02437157
v 0.07309696 -0.07279722 -0.21981957
v -0.05347204 -0.07524522 0.11695643
v -0.01422504 -0.07197922 0.09771143
v -0.05132004 -0.07568922 0.11299443
v 0.05770096 -0.07622522 -0.19141457
v -0.05609404 -0.07268422 0.13382543
v 0.08318796 -0.08126522 -0.22955757
v 0.08318796 -0.08126522 -0.22955757
v 0.05188996 -0.07589122 -0.15004457
v -0.03168004 -0.07629422 0.05519343
v 0.07476596 -0.07536722 -0.12104757
v 0.00736296 -0.08031922 0.02376443
v -0.07589504 -0.07352522 0.18822843
v -0.02887304 -0.07295322 0.11974443
v 0.06340496 -0.07495522 -0.20042957
v -0.07749304 -0.07065622 0.20221143
v 0.04285596 -0.06800922 -0.03591457
v 0.04285596 -0.06800922 -0.03591457
v -0.07734404 -0.07582522 0.21597343
v -0.07734404 -0.07582522 0.21597343
v -0.07834504 -0.07069722 0.20621943
v 0.01514096 -0.07432722 0.00703643
v 0.04671196 -0.07155222 -0.07958157
v 0.04671196 -0.07155222 -0.07958157
v -0.07808704 -0.07134022 0.17558243
v -0.03829004 -0.07697122 0.13815143
v 0.03009596 -0.06873122 -0.01797957
v -0.07897104 -0.07382822 0.21603543
v -0.07897104 -0.07382822 0.21603543
v 0.08248596 -0.07419022 -0.18311157
v 0.06217896 -0.07434122 -0.19509857
v 0.09537396 -0.08084422 -0.21592357
v -0.02487804 -0.07390822 0.04786743
v 0.07586396 -0.07521722 -0.13777757
v 0.07380796 -0.07388222 -0.12941957
v 0.05887296 -0.07448922 -0.07876957
v 0.04932396 -0.07359822 -0.08074757
v 0.04932396 -0.07359822 -0.08074757
v 0.04342196 -0.07559522 -0.06473657
v 0.04342196 -0.07559522 -0.06473657
v 0.03120196 -0.07469722 -0.05474757
v 0.00969896 -0.07391522 -0.02850957
v 0.05441596 -0.07525022 -0.11647557
v 0.03929296 -0.07446822 -0.05693557
v 0.05093096 -0.07343622 -0.11135657
v -0.07681104 -0.07427422 0.19385643
v -0.05740604 -0.07353322 0.14134743
v -0.00876804 -0.07082022 0.05023043
v 0.07339596 -0.07286422 -0.10315857
v 0.05812296 -0.07370322 -0.07530057
v -0.02809104 -0.07525522 0.05231743
v -0.07882504 -0.07279322 0.17282043
v 0.06211996 -0.07626622 -0.06444457
v -0.04207504 -0.07108722 0.14691343
v -0.06105304 -0.07532922 0.14484443
v -0.06756304 -0.07287322 0.15058643
v 0.05660296 -0.06852822 -0.05552757
v -0.00490504 -0.07691322 0.01507943
v -0.05540704 -0.07272322 0.12566743
v -0.05689604 -0.07851722 0.19463543
v 0.04530096 -0.07448422 -0.12533057
v -0.00720304 -0.07175822 0.01791943
v -0.01722204 -0.07214822 0.03355243
v -0.01737904 -0.07337022 0.07539343
v -0.05085104 -0.07753122 0.12899943
v 0.06047296 -0.07284922 -0.07806757
v 0.03825396 -0.06977522 -0.02777957
v 0.00615896 -0.07356222 0.01758543
v -0.07132604 -0.07142422 0.15815343
v -0.00787504 -0.07486822 -0.00063557
v -0.07611004 -0.07592822 0.17011243
v -0.02045404 -0.07518822 0.08905943
v 0.02207596 -0.07477622 -0.00667657
v -0.07606304 -0.07152622 0.19743243
v -0.01785004 -0.07267922 0.10752743
v 0.05831696 -0.07098222 -0.07472857
v 0.08295496 -0.07267722 -0.23002357
v -0.01277204 -0.06819022 0.10156043
v -0.03143804 -0.06937922 0.13329643
v 0.07471696 -0.07182922 -0.22514857
v -0.02925704 -0.06998622 0.05422243
v -0.03036104 -0.07231422 0.05835343
v 0.06813296 -0.07150422 -0.21174857
v -0.07500204 -0.07237422 0.21488443
v -0.03665404 -0.07285622 0.13553343
v -0.08062804 -0.07000422 0.18570143
v -0.07594104 -0.07192022 0.16256443
v -0.00930704 -0.07214722 0.01192643
v 0.02317696 -0.07180822 -0.05746357
v 0.04931796 -0.07107122 -0.11841757
v 0.05315396 -0.07264722 -0.07805457
v 0.05315396 -0.07264722 -0.07805457
v 0.05599096 -0.06898322 -0.11859357
v 0.04167496 -0.07154922 -0.05950557
v 0.03808896 -0.07063922 -0.05973457
v 0.02594896 -0.07353822 -0.05182857
v 0.01779596 -0.06634522 -0.04525857
v 0.05068896 -0.07542522 -0.08943457
v 0.05068896 -0.07542522 -0.08943457
v 0.04979096 -0.07203422 -0.08569057
v 0.04979096 -0.07203422 -0.08569057
v 0.05243396 -0.07341422 -0.08249057
v -0.01081104 -0.07072422 0.00636243
v 0.06837896 -0.07266922 -0.08127157
v 0.04489896 -0.07066122 -0.12363957
v -0.00075504 -0.07228022 0.03324343
v -0.01243804 -0.07379922 0.06391243
v -0.06120204 -0.06676222 0.14247543
v -0.06174604 -0.07486122 0.20483243
v -0.00480404 -0.07154122 -0.00387157
v 0.05451396 -0.07067322 -0.06962357
v 0.06786396 -0.06956822 -0.20510657
v 0.00127596 -0.07301222 -0.01470157
v -0.00060004 -0.07152022 -0.00707957
v -0.07196204 -0.07077322 0.21743843
v 0.05260196 -0.06913422 -0.15036657
v -0.01591404 -0.06672922 0.06750743
v -0.02636204 -0.06994622 0.12455943
v 0.06772396 -0.06796722 -0.08733557
v 0.07736596 -0.07359822 -0.16348557
v 0.08500696 -0.07250622 -0.19628057
v -0.02269804 -0.06925822 0.09448143
v -0.01809704 -0.07159722 0.02859243
v 0.02225196 -0.06889922 -0.05977357
v 0.04966196 -0.06464522 -0.04547957
v 0.07495896 -0.07090422 -0.15463357
v -0.06596604 -0.06988922 0.14939543
v -0.00565304 -0.07101522 0.04075743
v 0.05918796 -0.07207922 -0.18896857
v 0.07849096 -0.07315122 -0.17317857
v -0.05441804 -0.07063422 0.11520743
v -0.05305004 -0.07099622 0.17514743
v -0.00443204 -0.07088622 -0.00780957
v -0.00255404 -0.06732722 -0.01042057
v -0.02247604 -0.07292422 0.04059943
v 0.05847796 -0.07237122 -0.08198257
v 0.05847796 -0.07237122 -0.08198257
v 0.05742196 -0.07046522 -0.07793157
v 0.02656496 -0.06870722 -0.06306757
v 0.04944896 -0.06985722 -0.07912657
v 0.05373996 -0.06811622 -0.11952257
v 0.01649396 -0.07406622 -0.04150157
v -0.01296204 -0.06717622 0.01423943
v 0.04932196 -0.07042122 -0.11400657
v 0.00360696 -0.06729222 -0.02407257
v 0.05570496 -0.07007122 -0.11550057
v 0.01001496 -0.06768822 -0.03252257
v 0.05392496 -0.06777022 -0.08486757
v 0.05392496 -0.06777022 -0.08486757
v 0.05892696 -0.06995122 -0.08564857
v 0.05892696 -0.06995122 -0.08564857
v 0.04236096 -0.07033522 -0.11864857
v 0.04821496 -0.07258722 -0.12055257
v 0.04616996 -0.07088922 -0.09603657
v -0.08023704 -0.07033122 0.17988943
v -0.08249604 -0.06708622 0.19673243
v 0.05888896 -0.06800822 -0.08333157
v 0.05888896 -0.06800822 -0.08333157
v -0.01734404 -0.06808122 0.02483643
v -0.04888404 -0.07011622 0.16386743
v 0.05869996 -0.06580722 -0.17916157
v -0.00937104 -0.06718622 0.05177843
v -0.01122704 -0.06800822 0.02262943
v -0.03301404 -0.06937822 0.06327443
v -0.03301404 -0.06937822 0.06327443
v -0.01813304 -0.06824522 0.03138743
v 0.04302396 -0.06834722 -0.07939757
v 0.04302396 -0.06834722 -0.07939757
v -0.03634204 -0.06843522 0.13220943
v -0.02719304 -0.07493522 0.12649843
v 0.04409896 -0.06465622 -0.12764657
v 0.01062096 -0.07219322 0.01052143
v 0.05831296 -0.06947822 -0.07155557
v 0.04821096 -0.07035222 -0.13165557
v 0.04568896 -0.06955222 -0.14046157
v -0.05924804 -0.06544722 0.19026143
v -0.06865104 -0.06561322 0.21209943
v 0.02314896 -0.07093422 -0.04856357
v -0.01902204 -0.06581222 0.02570143
v -0.01647304 -0.06824922 0.11084743
v -0.05403804 -0.06759922 0.11629443
v -0.07992104 -0.06315722 0.20661943
v -0.07889204 -0.06785922 0.19114143
v -0.06450104 -0.06589722 0.20599343
v 0.07495096 -0.06478522 -0.22385757
v 0.09023196 -0.06836922 -0.20721557
v -0.02664304 -0.06665022 0.04690443
v -0.05262204 -0.06958822 0.11166743
v -0.00843704 -0.06736522 -0.00297457
v 0.08546896 -0.06780322 -0.19884757
v -0.07791804 -0.07004822 0.21798443
v -0.00133804 -0.06912522 -0.01602757
v 0.03521296 -0.06775622 -0.06702157
v 0.03521296 -0.06775622 -0.06702157
v 0.08107596 -0.06384722 -0.18767657
v 0.09438496 -0.07023922 -0.21913357
v -0.03663104 -0.06950322 0.07983943
v -0.05730904 -0.07056122 0.18716243
v 0.01407796 -0.06636222 -0.04240657
v 0.04665896 -0.07011722 -0.11228857
v 0.04122596 -0.06808622 -0.11625357
v 0.05381696 -0.06775422 -0.11431157
v 0.04797896 -0.06681022 -0.08045557
v 0.05062496 -0.06688222 -0.07514957
v 0.04741296 -0.06883022 -0.08359557
v 0.04741296 -0.06883022 -0.08359557
v 0.04741296 -0.06883022 -0.08359557
v -0.07933904 -0.06638122 0.20155143
v 0.04460596 -0.06660822 -0.13533757
v -0.03180304 -0.06418522 0.06731343
v -0.01059704 -0.06881022 0.00974343
v 0.01629996 -0.06702422 -0.00109157
v -0.04522004 -0.06486522 0.15149243
v -0.01703404 -0.06534122 0.03076043
v 0.06495896 -0.06518122 -0.07363957
v -0.04473504 -0.07266722 0.09920443
v 0.00124396 -0.06557622 -0.01957957
v -0.07636504 -0.06872122 0.16852043
v 0.07047796 -0.06347922 -0.12226657
v 0.05164196 -0.06520222 -0.08281857
v 0.06185896 -0.06669822 -0.06723457
v -0.03373604 -0.06936022 0.07506843
v -0.01838004 -0.06565922 0.11406843
v 0.02399596 -0.06556622 -0.06159757
v -0.07494404 -0.06826322 0.21660443
v -0.04424404 -0.07374222 0.10557643
v -0.02434504 -0.06291422 0.12266943
v -0.00528804 -0.06577922 0.03896743
v -0.01890804 -0.06597122 0.09942543
v 0.06282096 -0.06876722 -0.19326757
v -0.02050404 -0.06584122 0.03430443
v 0.02619296 -0.06019622 -0.06881357
v 0.02619296 -0.06019622 -0.06881357
v -0.08126904 -0.06700222 0.21877843
v -0.08126904 -0.06700222 0.21877843
v 0.08376396 -0.06440922 -0.23244957
v -0.07134104 -0.06606222 0.15605743
v 0.00165896 -0.06512222 0.02311743
v 0.03345396 -0.06936722 -0.06357557
v 0.04410696 -0.06392522 -0.12309257
v 0.07459396 -0.06912322 -0.15015357
v -0.03909004 -0.06710722 0.13622843
v 0.01922496 -0.06581122 -0.04962457
v -0.01566204 -0.06414322 0.01514343
v 0.06923396 -0.06769422 -0.09241657
v -0.04138504 -0.06731022 0.08980543
v 0.04267696 -0.06663022 -0.08402157
v 0.04267696 -0.06663022 -0.08402157
v 0.04267696 -0.06663022 -0.08402157
v 0.03364496 -0.06116222 -0.10181157
v 0.00996596 -0.06446922 0.00689443
v -0.02657104 -0.06657422 0.04183643
v 0.02667896 -0.06471322 -0.01764857
v -0.06346204 -0.06068322 0.14493443
v 0.07531896 -0.06406622 -0.15945757
v 0.07567796 -0.06535222 -0.22680057
v -0.03777904 -0.06517822 0.07839043
v -0.01211204 -0.06391122 0.10281343
v 0.06647096 -0.06068022 -0.21322157
v -0.05512104 -0.06235822 0.17827743
v -0.07712604 -0.06201522 0.21819443
v 0.07225496 -0.05790522 -0.14296557
v 0.06916696 -0.06436222 -0.10365257
v -0.07306604 -0.06446722 0.21324543
v -0.05835904 -0.06608622 0.13060243
v 0.09294796 -0.06110622 -0.22363057
v 0.09294796 -0.06110622 -0.22363057
v 0.09294796 -0.06110622 -0.22363057
v 0.03782396 -0.06503422 -0.11189657
v -0.01918404 -0.06405522 0.02152943
v 0.05097596 -0.06471522 -0.07790657
v 0.05415896 -0.06609322 -0.07000157
v 0.05798696 -0.06654922 -0.18712757
v 0.07631096 -0.06128622 -0.22711657
v -0.02179604 -0.06357922 0.08539943
v 0.07324796 -0.06976322 -0.11388357
v 0.00676396 -0.06506122 -0.02783657
v 0.04049296 -0.06381922 -0.11898957
v -0.02438804 -0.06782222 0.11712043
v 0.06696896 -0.06069822 -0.20653157
v -0.06170404 -0.06468222 0.19576443
v 0.04814096 -0.06098722 -0.14711657
v -0.04225504 -0.06193422 0.08510343
v 0.07232396 -0.06730222 -0.13701757
v -0.03065004 -0.06302622 0.13154443
v -0.05161204 -0.06347622 0.17196543
v -0.05413104 -0.06203722 0.11510343
v 0.09202196 -0.06640122 -0.21522657
v -0.07154004 -0.06442222 0.16155843
v 0.00624196 -0.06346822 0.01553743
v -0.04811304 -0.06068422 0.10006643
v 0.03544896 -0.06228522 -0.10718457
v 0.03885996 -0.06514322 -0.09078657
v 0.08356496 -0.05853022 -0.20073257
v 0.07038496 -0.06118822 -0.13508757
v 0.04224096 -0.06187422 -0.12244457
v -0.02052904 -0.06178122 0.01909643
v -0.02015004 -0.05976822 0.11718143
v 0.01175996 -0.06109622 -0.04620157
v 0.01307796 -0.06102622 -0.05194257
v -0.01455604 -0.06100722 0.10628843
v -0.03380704 -0.06440922 0.06192243
v -0.03380704 -0.06440922 0.06192243
v -0.07942104 -0.06561022 0.21172343
v 0.02173796 -0.06338922 -0.05519257
v -0.02092804 -0.06554622 0.09690443
v 0.07823096 -0.06695522 -0.17106157
v -0.00478304 -0.06097422 0.04860243
v 0.07227296 -0.06298122 -0.22140957
v 0.09214296 -0.06427022 -0.22790957
v 0.00157096 -0.05921922 0.03308643
v -0.01933004 -0.06330922 0.07624243
v -0.02227204 -0.06061522 0.08106043
v 0.09127996 -0.05821722 -0.23134357
v 0.05906696 -0.05980822 -0.06819257
v 0.01127496 -0.06017022 -0.03517357
v -0.00306604 -0.06361022 -0.00940057
v 0.07056696 -0.06098722 -0.12804957
v -0.06585604 -0.06129122 0.20948643
v 0.03956696 -0.06235422 -0.07925457
v -0.00027804 -0.06090322 -0.02160257
v -0.07531304 -0.06326522 0.17021143
v 0.05453896 -0.06088222 -0.16786957
v 0.00828596 -0.06377322 -0.03988157
v 0.01637696 -0.06001322 -0.00376557
v -0.03575304 -0.05929122 0.13593343
v -0.00978604 -0.06231922 0.00139243
v -0.05160304 -0.06346622 0.10779143
v -0.03727604 -0.06194822 0.13325543
v -0.02759804 -0.06246922 0.05157243
v 0.06605396 -0.06257122 -0.09050857
v -0.02214304 -0.06036522 0.10380143
v 0.08263196 -0.05977022 -0.23329157
v -0.00684504 -0.06393822 -0.00838057
v 0.03285796 -0.06286322 -0.08865757
v 0.02981496 -0.06036822 -0.08353957
v 0.01016496 -0.05980922 -0.04042057
v 0.06318696 -0.05954022 -0.19723457
v -0.07268104 -0.05944122 0.15633843
v -0.01193804 -0.05921722 0.07017943
v 0.03277096 -0.06218522 -0.07259757
v -0.04924104 -0.06412622 0.16326743
v -0.08385004 -0.06130422 0.21517443
v -0.08385004 -0.06130422 0.21517443
v 0.00331696 -0.05930522 0.02543843
v -0.02469004 -0.06300122 0.03561643
v -0.08137804 -0.05994822 0.21862543
v -0.08167404 -0.06191422 0.18182943
v -0.03982404 -0.06219122 0.13821943
v 0.03666196 -0.06020322 -0.07934957
v 0.02221296 -0.06024722 -0.06479057
v 0.02221296 -0.06024722 -0.06479057
v -0.06866504 -0.05920122 0.15234743
v -0.00318004 -0.05675222 -0.01787457
v -0.01440304 -0.05977222 0.01282943
v -0.08267204 -0.05885222 0.19375543
v 0.08123896 -0.06001422 -0.17602757
v -0.08236004 -0.06079222 0.19808743
v 0.06112396 -0.05901822 -0.07359257
v 0.07368296 -0.05868722 -0.22198457
v 0.00837796 -0.05755422 0.01758143
v -0.05408404 -0.05858722 0.12134243
v -0.05415404 -0.05966022 0.18628843
v -0.01860804 -0.05877322 0.01960543
v 0.04244696 -0.05947622 -0.13410557
v 0.03675696 -0.05909722 -0.11255057
v -0.06059004 -0.05863822 0.13511843
v 0.04627696 -0.05956422 -0.04502757
v 0.04627696 -0.05956422 -0.04502757
v 0.03061996 -0.06155922 -0.09147857
v -0.03505704 -0.05775922 0.07087843
v -0.00337004 -0.05932222 0.04218743
v 0.04050196 -0.05879922 -0.11837057
v 0.01069596 -0.06002922 -0.04273957
v -0.02694704 -0.06059022 0.04229143
v 0.05144396 -0.05953022 -0.05445157
v 0.05144396 -0.05953022 -0.05445157
v 0.07657196 -0.05767822 -0.22859557
v 0.05095096 -0.05974722 -0.15849657
v -0.02936504 -0.05932122 0.05248143
v -0.05446404 -0.06052922 0.11197943
v -0.08214204 -0.06031122 0.18575343
v -0.04377304 -0.06043422 0.09012743
v 0.07557596 -0.05508122 -0.15138757
v 0.09315196 -0.06042922 -0.21049757
v 0.02142296 -0.05943922 -0.07008757
v 0.02142296 -0.05943922 -0.07008757
v 0.02962296 -0.05724622 -0.07508757
v -0.01530304 -0.05711422 0.07468743
v -0.05122604 -0.05730922 0.17808143
v 0.03530596 -0.06319322 -0.02978157
v 0.03048296 -0.05870822 -0.10077957
v 0.01104396 -0.05770022 0.01067443
v 0.05698996 -0.05817722 -0.18926657
v -0.00782904 -0.05914022 -0.00942057
v -0.00718504 -0.05633322 -0.00916257
v -0.08210904 -0.05693222 0.22050743
v 0.05815096 -0.05852822 -0.18429657
v -0.07703204 -0.06142122 0.17523543
v -0.07840704 -0.05960522 0.20992743
v 0.09251196 -0.05790722 -0.21370557
v 0.08090496 -0.06097222 -0.22997657
v -0.06237004 -0.05973722 0.20374443
v -0.02076904 -0.05719722 0.11410043
v -0.05159304 -0.05625722 0.10358943
v -0.02427504 -0.05512422 0.10089243
v 0.02395896 -0.06004122 -0.05790957
v -0.01769804 -0.05593322 0.11375243
v -0.01802004 -0.05819122 0.02860843
v 0.00585796 -0.05939822 -0.03068857
v -0.02572604 -0.05719122 0.03625043
v -0.03229404 -0.05893622 0.13205043
v 0.03807396 -0.05651122 -0.12710257
v 0.02276196 -0.05692222 -0.07385557
v 0.06726596 -0.05727822 -0.10390357
v 0.01971096 -0.05680822 -0.07152757
v 0.01971096 -0.05680822 -0.07152757
v -0.04333204 -0.06241422 0.14503543
v -0.04121304 -0.05759922 0.15029143
v 0.01613096 -0.05588422 0.00265543
v 0.06378296 -0.05516722 -0.08601057
v 0.03949896 -0.05906622 -0.03665357
v -0.07372204 -0.05805922 0.21532543
v -0.04330804 -0.05649822 0.14436043
v -0.07299804 -0.05788622 0.16465043
v 0.01703096 -0.05701522 -0.07330657
v 0.01703096 -0.05701522 -0.07330657
v 0.08093396 -0.05677122 -0.17637357
v -0.00347204 -0.05872222 -0.01197457
v -0.06196904 -0.05727922 0.20887343
v 0.03282396 -0.05546722 -0.10542757
v -0.08389904 -0.05530822 0.20115443
v -0.01906204 -0.05573322 0.03154443
v 0.02302796 -0.05591522 -0.07944657
v 0.04554596 -0.05051722 -0.04670257
v -0.04661904 -0.05780422 0.16419043
v 0.01633196 -0.05443622 -0.07733057
v 0.01633196 -0.05443622 -0.07733057
v -0.03910504 -0.05820922 0.08026343
v 0.00721996 -0.05557322 -0.03726157
v 0.09343096 -0.05843422 -0.22882657
v 0.09343096 -0.05843422 -0.22882657
v 0.08342696 -0.05563622 -0.23270757
v -0.02048704 -0.05496622 0.07768443
v 0.04417196 -0.05389022 -0.14199957
v -0.01355704 -0.05673222 0.00543243
v -0.07579204 -0.05142022 0.16329043
v 0.06621896 -0.05465322 -0.21318757
v 0.01429796 -0.05633422 -0.05389757
v 0.01072496 -0.05797622 -0.04668157
v -0.00437904 -0.05192122 -0.01441857
v 0.00223796 -0.05148922 0.02436843
v -0.08295704 -0.05600022 0.18027843
v 0.06815296 -0.05506722 -0.11756357
v 0.02362296 -0.05610022 -0.08743457
v -0.03716504 -0.05089922 0.07151243
v -0.01694804 -0.05579522 0.10862243
v 0.02155096 -0.05558422 -0.06714457
v -0.02985404 -0.06079922 0.12739543
v -0.00845304 -0.05934922 0.05815343
v -0.08392704 -0.05510522 0.19019343
v 0.06452496 -0.05208622 -0.19927357
v -0.02694504 -0.05419022 0.12512443
v 0.05581596 -0.05106422 -0.17822557
v 0.06610996 -0.05453222 -0.20289557
v 0.04420496 -0.05625622 -0.13801457
v 0.08805396 -0.05382722 -0.21523057
v -0.08462304 -0.05465822 0.21439443
v -0.06055204 -0.05634222 0.20061543
v -0.04602104 -0.05182722 0.16195843
v -0.08671404 -0.05411022 0.19494143
v -0.01114404 -0.05345322 -0.00687557
v -0.02083804 -0.05284622 0.02934943
v -0.06698204 -0.05385722 0.14651343
v -0.00385604 -0.05384222 0.04206643
v -0.02432604 -0.05535222 0.10736843
v 0.01079896 -0.05032922 0.01045343
v -0.04096104 -0.05054622 0.08220443
v -0.07944704 -0.05443522 0.21782443
v -0.01222704 -0.05617222 -0.00452257
v 0.07408496 -0.05328522 -0.13938657
v -0.01026604 -0.05506022 0.06064243
v 0.09222696 -0.05226222 -0.23186557
v 0.07140096 -0.05432722 -0.13113857
v -0.06842704 -0.04800622 0.21141543
v 0.09008896 -0.05631122 -0.21833057
v -0.01753504 -0.04893022 0.02175543
v -0.05273504 -0.05365722 0.10738143
v -0.03356404 -0.05061022 0.05529043
v -0.05553504 -0.05535222 0.11461943
v 0.01390496 -0.05394322 -0.05890157
v -0.08443104 -0.05469022 0.20766743
v 0.02983996 -0.05044922 -0.10326757
v -0.01445304 -0.05362122 0.07267843
v -0.05052904 -0.05113022 0.17561043
v -0.02575804 -0.05272822 0.03608243
v -0.04166304 -0.05580022 0.13751443
v 0.00325896 -0.05190422 -0.03822757
v -0.05484304 -0.05405722 0.19085643
v -0.03265004 -0.04991822 0.12836443
v -0.00965004 -0.05142022 0.05389243
v 0.05512196 -0.04949122 -0.06405957
v 0.05512196 -0.04949122 -0.06405957
v 0.02028696 -0.05346322 -0.08109957
v -0.02353304 -0.05346422 0.12196343
v -0.03100904 -0.04995922 0.04921143
v -0.02124704 -0.05260422 0.11737043
v 0.07505496 -0.05325222 -0.22779157
v -0.06172904 -0.05095022 0.20009343
v 0.03161096 -0.05395422 -0.11074357
v 0.05915396 -0.04655522 -0.07348457
v 0.05915396 -0.04655522 -0.07348457
v -0.07380604 -0.05254722 0.15701943
v 0.06981896 -0.05290522 -0.12529257
v 0.07874096 -0.05461022 -0.18733857
v 0.01477996 -0.05109622 -0.06228757
v 0.02211996 -0.05569422 -0.01017257
v -0.04182604 -0.05163322 0.14903343
v 0.06519596 -0.04844622 -0.20623657
v -0.02027404 -0.05417922 0.09037943
v -0.03564304 -0.05761322 0.06040043
v -0.03564304 -0.05761322 0.06040043
v -0.05658504 -0.05115122 0.12059143
v -0.01599604 -0.05217522 0.11003043
v -0.05995004 -0.05266022 0.12974343
v -0.06324304 -0.04984022 0.20753543
v 0.05906996 -0.05023722 -0.19359157
v 0.08667396 -0.05416922 -0.20736857
v -0.07071604 -0.05365622 0.21273643
v 0.07729896 -0.05432922 -0.16429757
v 0.06686196 -0.05213122 -0.11041957
v -0.02310104 -0.05181222 0.08227043
v 0.02663596 -0.05454922 -0.09243957
v 0.02650696 -0.04991222 -0.09622557
v -0.08361004 -0.05012022 0.20624943
v -0.01862804 -0.05208922 0.01687743
v 0.03591796 -0.05188422 -0.11961857
v 0.00190696 -0.05390822 -0.02906757
v -0.02848304 -0.05134322 0.11232543
v -0.02630204 -0.05125422 0.11974143
v -0.02427004 -0.04971422 0.08654243
v -0.03217604 -0.05302022 0.11751243
v 0.00745096 -0.05109122 -0.04878257
v -0.02911704 -0.05004322 0.12156443
v 0.00598096 -0.05160822 0.01978343
v -0.01334004 -0.05069022 -0.00275557
v 0.01506896 -0.05237522 -0.06393557
v -0.06410604 -0.05305522 0.14112643
v -0.01577104 -0.05077022 0.11286143
v -0.04246304 -0.05717122 0.08700443
v -0.05463204 -0.05067722 0.18361743
v -0.08548904 -0.05062622 0.19971143
v -0.00702304 -0.05013922 0.04139643
v 0.01014396 -0.04997022 -0.05857857
v -0.01226404 -0.05314622 0.06610643
v -0.04511404 -0.05280722 0.09379243
v -0.04541004 -0.04824322 0.14538443
v 0.02079796 -0.05129522 -0.00497457
v 0.03029596 -0.05475622 -0.02450157
v 0.05190396 -0.05114722 -0.16668657
v -0.02723904 -0.05013622 0.09533543
v 0.07496696 -0.04837122 -0.15228657
v -0.03487004 -0.04805422 0.13224343
v 0.06553496 -0.05453822 -0.10006757
v -0.02377904 -0.04863522 0.11520543
v -0.01937204 -0.04935022 0.02823143
v 0.07314996 -0.04751622 -0.14755257
v 0.01567596 -0.04860822 -0.07306257
v 0.01567596 -0.04860822 -0.07306257
v -0.01214104 -0.04722222 0.05048443
v 0.08549896 -0.05049922 -0.23334557
v 0.07313896 -0.05058322 -0.22408657
v -0.07535304 -0.04840622 0.21619943
v 0.05016996 -0.04670622 -0.16352157
v 0.03663196 -0.04913022 -0.12499257
v 0.06956696 -0.05225622 -0.22002857
v 0.06444196 -0.04792322 -0.09278157
v -0.04421204 -0.04756722 0.08884843
v 0.02966896 -0.04880622 -0.01822157
v -0.02522504 -0.05016922 0.03342843
v -0.02824304 -0.04868422 0.10035543
v -0.04493304 -0.05006922 0.13924643
v -0.00379704 -0.04917622 0.03363543
v -0.06387204 -0.04878522 0.19823243
v 0.02004896 -0.04558322 -0.00631157
v 0.06074996 -0.04451222 -0.08462457
v 0.06074996 -0.04451222 -0.08462457
v 0.03218296 -0.04429322 -0.11637157
v -0.03698604 -0.04736222 0.06317643
v -0.03698604 -0.04736222 0.06317643
v -0.00634904 -0.05023822 -0.00795857
v 0.00931896 -0.04898422 -0.05256857
v 0.08292096 -0.04827022 -0.20162057
v 0.08292096 -0.04827022 -0.20162057
v 0.08140996 -0.05150422 -0.23296257
v -0.00966604 -0.04964822 -0.00268657
v 0.08763296 -0.04666022 -0.21517857
v 0.08763296 -0.04666022 -0.21517857
v 0.01380296 -0.04865422 0.00595543
v -0.08514104 -0.04802322 0.19280443
v -0.01679404 -0.04829422 0.00723343
v -0.01740304 -0.04751422 0.06520243
v 0.02442996 -0.04445022 -0.01114957
v -0.05301404 -0.04620222 0.16634643
v -0.07028404 -0.05002022 0.15123843
v -0.07985604 -0.04609822 0.22053643
v 0.07630496 -0.04788622 -0.17727857
v -0.02170104 -0.05003822 0.07588643
v -0.06868104 -0.04175722 0.14787943
v -0.08619004 -0.04793822 0.20596143
v -0.06121504 -0.04732022 0.18915443
v 0.01514596 -0.04992222 -0.06588657
v 0.07302596 -0.04512022 -0.14200657
v 0.04065996 -0.04971322 -0.03928857
v 0.07481296 -0.04913322 -0.16880457
v 0.09196796 -0.04784322 -0.22569357
v 0.09196796 -0.04784322 -0.22569357
v 0.09196796 -0.04784322 -0.22569357
v 0.01900796 -0.04764422 -0.07868957
v -0.01303304 -0.04604522 -0.00098257
v 0.05661696 -0.04809222 -0.18425957
v -0.01569204 -0.04563322 0.00087343
v -0.02716504 -0.04292322 0.03852543
v -0.05581004 -0.04978522 0.11048943
v -0.06156104 -0.04507322 0.18802343
v 0.09228096 -0.04735522 -0.22881057
v 0.09228096 -0.04735522 -0.22881057
v 0.00486796 -0.04629022 0.01241043
v -0.02205404 -0.04219022 0.07490643
v 0.07246096 -0.04575322 -0.13268557
v -0.08257204 -0.04757522 0.20914243
v 0.02094096 -0.04614022 -0.08522357
v -0.02995304 -0.04518822 0.12430343
v -0.08538404 -0.04564022 0.19994443
v -0.00776604 -0.04242822 -0.01474557
v 0.07153296 -0.04663322 -0.12067057
v 0.07477996 -0.03774322 -0.23045657
v 0.08079996 -0.04282522 -0.23313357
v -0.03448904 -0.04715622 0.11433343
v -0.04054704 -0.04582022 0.13428443
v -0.03113204 -0.04345722 0.04508743
v 0.04000796 -0.04892322 -0.13523457
v 0.00709396 -0.05148622 -0.04203257
v -0.00045504 -0.04743722 -0.03318457
v -0.05063404 -0.04764822 0.15875243
v -0.08409404 -0.04332522 0.18665443
v 0.00903496 -0.04362522 -0.05385657
v -0.02685104 -0.04408422 0.03030643
v 0.06931396 -0.04340922 -0.10302157
v -0.00537604 -0.04496222 -0.01702457
v -0.03078504 -0.04315922 0.10171143
v 0.04724696 -0.04713122 -0.05095657
v 0.04615096 -0.04840822 -0.15144557
v -0.00956304 -0.04507122 -0.00556057
v 0.09042196 -0.04380022 -0.23305257
v 0.06226396 -0.04547822 -0.19822757
v -0.03813204 -0.04376022 0.07177843
v -0.00288904 -0.04890922 -0.02617757
v -0.07328604 -0.04449922 0.15397743
v -0.03401704 -0.04433022 0.11143443
v 0.05260796 -0.04206722 -0.06312057
v -0.01683604 -0.04399122 0.06241243
v -0.00147404 -0.04585022 0.02272643
v -0.08502004 -0.04495922 0.21227543
v -0.01914304 -0.04975422 0.01109643
v 0.07186296 -0.04567922 -0.22171357
v -0.07895404 -0.05141222 0.17173043
v -0.00642604 -0.04509822 0.03483243
v -0.02351004 -0.04508522 0.02734143
v -0.06326304 -0.04656122 0.13854243
v 0.06341596 -0.04014922 -0.20164957
v -0.04887804 -0.04486122 0.15095243
v -0.03596604 -0.04363322 0.11866943
v -0.08180404 -0.04557022 0.17699543
v -0.01693004 -0.04029622 0.00315343
v -0.03861404 -0.04055022 0.06906643
v 0.02233596 -0.04407522 -0.09131357
v 0.08592996 -0.04695222 -0.20853657
v 0.08592996 -0.04695222 -0.20853657
v 0.07087596 -0.04452222 -0.12915457
v -0.07035004 -0.04775722 0.21400343
v 0.05647996 -0.04127122 -0.07297157
v 0.05647996 -0.04127122 -0.07297157
v -0.08355304 -0.04601322 0.22224543
v -0.00886204 -0.04298222 0.03981743
v 0.08461096 -0.04542122 -0.23485557
v 0.00791796 -0.04272822 0.00516843
v -0.05746304 -0.04589922 0.17525543
v 0.04241796 -0.04294022 -0.03840557
v -0.02599004 -0.04344622 0.08807243
v -0.00395404 -0.04276822 -0.02400657
v 0.00428996 -0.04195822 -0.04397257
v -0.03580704 -0.04509822 0.12064943
v 0.00260596 -0.04144222 0.01508343
v 0.04893896 -0.03908022 -0.05708657
v -0.06105204 -0.04307322 0.13072943
v -0.08770704 -0.04181922 0.21606843
v 0.03632696 -0.04579222 -0.02703657
v -0.06005304 -0.04064522 0.18497343
v -0.08561904 -0.04950922 0.22049043
v -0.08561904 -0.04950922 0.22049043
v 0.06854996 -0.04162822 -0.11102357
v -0.03466204 -0.03727322 0.05483743
v -0.06615504 -0.04468522 0.19966143
v -0.01803404 -0.03769622 0.00807743
v 0.07888896 -0.04474322 -0.18590857
v 0.07888896 -0.04474322 -0.18590857
v 0.07391296 -0.04417922 -0.16958857
v 0.07391296 -0.04417922 -0.16958857
v -0.08709804 -0.04267722 0.20891443
v -0.00501504 -0.04204522 0.03261243
v -0.07572204 -0.04102622 0.21534043
v 0.07310996 -0.04427322 -0.16197857
v 0.07310996 -0.04427322 -0.16197857
v 0.02599096 -0.04195522 -0.10296557
v -0.04474604 -0.04085622 0.14004843
v 0.06632096 -0.03595822 -0.12570357
v 0.06632096 -0.03595822 -0.12570357
v 0.06999396 -0.04075922 -0.14723757
v 0.06999396 -0.04075922 -0.14723757
v 0.01211196 -0.03766822 -0.06530857
v -0.00776604 -0.03805222 0.05014143
v -0.00108604 -0.04096122 0.02235343
v 0.09115196 -0.04046622 -0.21528257
v -0.02160604 -0.04519122 0.01907543
v -0.08855004 -0.04239022 0.19670643
v 0.01005296 -0.04038522 -0.05928357
v 0.08918896 -0.04022822 -0.20861157
v -0.05572804 -0.03931422 0.17555543
v 0.01917496 -0.04027622 -0.08175257
v 0.07698896 -0.03643322 -0.16530657
v -0.05132004 -0.04208322 0.15669643
v -0.04082504 -0.04288422 0.13215943
v 0.04829696 -0.03754322 -0.04770457
v -0.02998004 -0.03751122 0.11218143
v -0.05203604 -0.04110722 0.16446743
v 0.03125996 -0.04203722 -0.02259757
v 0.03992296 -0.04072122 -0.13794757
v 0.06823396 -0.04022822 -0.09858257
v 0.04137296 -0.03870622 -0.03803657
v -0.05162004 -0.04515022 0.10331543
v -0.03084404 -0.04171822 0.12933643
v -0.01298904 -0.04302822 0.05321743
v 0.08972696 -0.04074222 -0.22117357
v 0.08972696 -0.04074222 -0.22117357
v 0.01401096 -0.03995022 -0.00476557
v -0.01675104 -0.04338622 0.00738943
v -0.01255904 -0.04020322 0.00091543
v 0.02829996 -0.03576022 -0.02594257
v 0.05834496 -0.04105122 -0.19032957
v 0.00482896 -0.03698722 -0.04832057
v 0.08264796 -0.04058922 -0.19164257
v -0.02871204 -0.03721222 0.10520943
v -0.07406704 -0.03890422 0.15641243
v -0.00276004 -0.04362422 -0.03041257
v -0.02442404 -0.03666722 0.09719143
v 0.06968896 -0.03967122 -0.12099057
v -0.07805004 -0.03873622 0.22262543
v 0.06197496 -0.03374322 -0.09275557
v 0.06197496 -0.03374322 -0.09275557
v 0.07786896 -0.03802622 -0.17384357
v 0.07130796 -0.03689122 -0.22141857
v -0.02632404 -0.03864422 0.02141543
v 0.06881096 -0.03794722 -0.14131557
v 0.06881096 -0.03794722 -0.14131557
v -0.01209504 -0.03766022 0.00376143
v -0.04419504 -0.03700322 0.14313043
v -0.09056804 -0.03946822 0.20943843
v -0.09056804 -0.03946822 0.20943843
v 0.05636196 -0.03393822 -0.18405257
v -0.03777504 -0.03818122 0.13294243
v -0.02668304 -0.03574422 0.12709343
v -0.00637104 -0.03754922 0.04377443
v -0.02359304 -0.03937722 0.02521443
v -0.02346304 -0.04198022 0.01205243
v -0.05478004 -0.03889022 0.10768543
v -0.02695404 -0.03951922 0.03410343
v 0.01441996 -0.03714922 -0.00539257
v -0.08855404 -0.03826022 0.20353343
v -0.08855404 -0.03826022 0.20353343
v -0.00238004 -0.03697222 0.03479643
v 0.01459496 -0.04143322 -0.07115157
v 0.01459496 -0.04143322 -0.07115157
v -0.04514604 -0.03984122 0.08564543
v 0.08130596 -0.03939922 -0.18335057
v 0.03637296 -0.03825122 -0.03030757
v 0.03033696 -0.04160322 -0.11055157
v 0.00831396 -0.03843022 0.00439443
v 0.02602296 -0.03736122 -0.02005357
v -0.06432604 -0.03907022 0.19798943
v 0.04740796 -0.04024522 -0.04458157
v 0.00141796 -0.03503522 -0.04127457
v -0.03544604 -0.04057422 0.13274943
v 0.09188096 -0.03518022 -0.23173657
v 0.09188096 -0.03518022 -0.23173657
v -0.02698504 -0.03681422 0.12383443
v -0.05699304 -0.03402922 0.11266743
v -0.04086304 -0.03288922 0.13752243
v 0.00795396 -0.03387322 -0.05879257
v -0.04956904 -0.03669522 0.16436143
v -0.02561504 -0.03773422 0.01746743
v -0.08459204 -0.03727022 0.22446443
v 0.08569996 -0.03504222 -0.19789357
v 0.05802596 -0.03412322 -0.19137857
v 0.08358796 -0.03614422 -0.19282757
v 0.07353496 -0.03292822 -0.15660257
v -0.01412804 -0.03823722 0.06499643
v 0.03574196 -0.04165022 -0.12860757
v 0.08076696 -0.03857522 -0.23637257
v 0.08715196 -0.03495922 -0.23526457
v -0.02653904 -0.04008422 0.03126643
v -0.07070504 -0.03950222 0.21054943
v 0.06490096 -0.04080322 -0.21140257
v 0.07888396 -0.03453522 -0.23646157
v 0.01229896 -0.03351222 0.00666943
v -0.01325804 -0.03542922 0.00157543
v -0.03242404 -0.03320622 0.12653143
v 0.00269796 -0.03627522 0.02366643
v -0.02465704 -0.03671822 0.01291943
v -0.02488904 -0.03205022 0.02859643
v 0.01747996 -0.03869922 -0.01067757
v -0.04816604 -0.04038422 0.09397743
v -0.02224504 -0.03590522 0.08874043
v 0.01862496 -0.03544322 -0.08641357
v -0.08009604 -0.03630322 0.22488243
v 0.06800596 -0.03590422 -0.10400757
v -0.06772004 -0.04002222 0.20634043
v -0.07481704 -0.03737822 0.16483343
v -0.06368804 -0.03581022 0.20482743
v -0.02855804 -0.03250822 0.03677943
v -0.08928804 -0.03607722 0.21722543
v -0.08928804 -0.03607722 0.21722543
v -0.05516204 -0.03424322 0.17989843
v -0.04677004 -0.03570722 0.15702843
v -0.03025604 -0.03617122 0.12233443
v 0.03769096 -0.03082222 -0.13783557
v 0.00178796 -0.03851722 -0.03924657
v -0.04432704 -0.03299222 0.07164243
v -0.05654104 -0.03414322 0.18709343
v -0.07152804 -0.03020922 0.15171443
v 0.02998796 -0.03136922 -0.11686057
v -0.03754704 -0.02933122 0.13296743
v 0.05182896 -0.03065722 -0.17259757
v -0.00772704 -0.03636522 -0.01615257
v -0.02127404 -0.04041322 0.07380043
v -0.00754104 -0.02881022 0.04769243
v 0.06540096 -0.03430922 -0.11421557
v 0.06540096 -0.03430922 -0.11421557
v -0.03172904 -0.03437922 0.04692543
v -0.04931104 -0.02892422 0.09550143
v 0.00835896 -0.03384922 0.01425743
v -0.02760904 -0.03165022 0.12574343
v 0.07840096 -0.02851822 -0.17577557
v -0.08363604 -0.03755022 0.18402443
v 0.07467596 -0.03178522 -0.15076757
v -0.07431304 -0.03200922 0.21385543
v -0.00972104 -0.03744022 -0.00476657
v -0.01477504 -0.03075822 0.00455843
v 0.08937596 -0.02688422 -0.22520657
v -0.04374804 -0.03632322 0.07577143
v -0.01496704 -0.03444222 0.00773643
v -0.06723004 -0.03775722 0.14522843
v 0.07253496 -0.03023122 -0.14261857
v -0.02645104 -0.03237322 0.01861643
v 0.04396396 -0.03686122 -0.15072257
v -0.02367804 -0.03212722 0.12470043
v -0.03539604 -0.03153622 0.12868243
v 0.02543396 -0.03191822 -0.01908057
v -0.02318604 -0.03150222 0.07702243
v 0.06200896 -0.03366122 -0.20268157
v -0.02745904 -0.03260222 0.10206743
v -0.03315204 -0.03749422 0.11912343
v -0.02420804 -0.03921822 0.08238843
v 0.08060196 -0.02858122 -0.18463257
v 0.05464196 -0.02451222 -0.07243557
v -0.00559204 -0.03278322 -0.02081157
v 0.02838996 -0.03018622 -0.02747357
v -0.05887204 -0.04079222 0.12314443
v -0.05144304 -0.03594722 0.17251043
v -0.08980804 -0.03243222 0.21431043
v -0.08980804 -0.03243222 0.21431043
v -0.02709604 -0.02926822 0.01242643
v -0.01852504 -0.03209722 0.01121643
v 0.07411796 -0.03106522 -0.23152857
v -0.02620304 -0.03144522 0.12288943
v 0.03351296 -0.03283622 -0.03372357
v -0.07664304 -0.03088022 0.16207643
v -0.04553204 -0.03144922 0.07991643
v -0.06524104 -0.03205422 0.20914343
v -0.06231004 -0.03328922 0.20009543
v 0.06763796 -0.03212122 -0.21553357
v -0.08129104 -0.03040622 0.21971143
v 0.04020796 -0.02993822 -0.04343257
v 0.08056296 -0.02733422 -0.23711857
v 0.06415496 -0.03054122 -0.10736957
v 0.06415496 -0.03054122 -0.10736957
v -0.06436204 -0.03936422 0.13624843
v -0.05933704 -0.02881722 0.19307143
v 0.01839696 -0.03175622 -0.00313957
v -0.08584004 -0.03533622 0.19303843
v -0.01675504 -0.03087522 0.07346943
v 0.09271996 -0.03047922 -0.21770657
v -0.04393004 -0.03422322 0.15109643
v 0.07238796 -0.03249422 -0.22966057
v -0.01132804 -0.03067822 -0.00544257
v -0.01182404 -0.02903622 0.06008943
v 0.06285996 -0.02926922 -0.09744757
v 0.06285996 -0.02926922 -0.09744757
v 0.07207496 -0.03191522 -0.22438857
v -0.04235104 -0.02861022 0.13762143
v 0.08639896 -0.02806522 -0.23498457
v 0.02189096 -0.03287522 -0.09525557
v 0.05893196 -0.03527322 -0.08039857
v 0.05893196 -0.03527322 -0.08039857
v -0.03514904 -0.03147022 0.12144243
v -0.05491104 -0.02712022 0.17804143
v 0.04106296 -0.02542722 -0.04598057
v -0.08992004 -0.03056622 0.20765343
v -0.08992004 -0.03056622 0.20765343
v 0.07109296 -0.02667522 -0.13834757
v -0.07741104 -0.02825122 0.21712543
v -0.00275104 -0.03356022 -0.03041757
v -0.06853004 -0.02817822 0.21047943
v 0.02616396 -0.03079722 -0.10592057
v 0.06792396 -0.03324422 -0.13108657
v -0.01137604 -0.02533622 -0.00985257
v -0.02356604 -0.02903322 0.02173943
v 0.02126296 -0.02948122 -0.00840957
v 0.08607296 -0.02706422 -0.20418357
v -0.04824404 -0.02642122 0.07635343
v 0.01093296 -0.02369722 0.00839443
v -0.05937304 -0.02856922 0.11799943
v -0.06470504 -0.02755922 0.20609743
v -0.04404904 -0.03070322 0.14319743
v -0.02486904 -0.02546022 0.09326043
v -0.02792704 -0.02988222 0.01592343
v -0.00570304 -0.03049322 0.04240443
v -0.08385504 -0.03169722 0.22413743
v -0.03773104 -0.03364522 0.06465143
v -0.03773104 -0.03364522 0.06465143
v 0.07154896 -0.02739822 -0.13276957
v 0.03386496 -0.02290922 -0.12982857
v 0.04619996 -0.03073122 -0.05291657
v 0.07602196 -0.02457522 -0.16294157
v 0.09004896 -0.02567322 -0.23576157
v -0.09049604 -0.02664922 0.21838643
v 0.01515396 -0.03222922 -0.07755757
v -0.01439004 -0.02691922 -0.00151557
v -0.01433804 -0.02995422 0.06530443
v -0.02418304 -0.02495722 0.02028343
v -0.02430604 -0.02705222 0.02750043
v 0.09067696 -0.02576622 -0.21773157
v 0.06794596 -0.02676522 -0.21460657
v -0.06767904 -0.02745122 0.14474443
v -0.01726404 -0.02437922 0.00580143
v 0.00594496 -0.02594322 -0.05710957
v 0.00594496 -0.02594322 -0.05710957
v 0.00228296 -0.02319822 -0.04570157
v -0.08119704 -0.02753022 0.17924743
v 0.06561396 -0.02897222 -0.11587557
v 0.09096796 -0.02137222 -0.23251657
v 0.09096796 -0.02137222 -0.23251657
v -0.05966704 -0.02427822 0.12185443
v 0.04789896 -0.02787622 -0.16191757
v -0.03149304 -0.02722622 0.11383443
v 0.03621696 -0.02812622 -0.03696557
v 0.07366196 -0.02262322 -0.15848457
v -0.04871804 -0.02616922 0.15873743
v -0.04509904 -0.02494622 0.14354043
v -0.00140504 -0.02364222 -0.03751657
v -0.00252504 -0.02673822 -0.03148257
v 0.00089696 -0.02682222 0.02656443
v -0.08419104 -0.02646522 0.18749643
v -0.03570404 -0.02524522 0.12016043
v -0.04071604 -0.02502422 0.13654043
v 0.02498696 -0.01810122 -0.01300557
v 0.07776796 -0.02414822 -0.17866657
v 0.07413996 -0.02110622 -0.23508057
v 0.01087896 -0.02654622 -0.06799757
v 0.01087896 -0.02654622 -0.06799757
v -0.08572404 -0.02404122 0.22449743
v 0.00580696 -0.02622022 0.01790843
v -0.07803004 -0.02435322 0.22161743
v -0.00873404 -0.02384922 0.04358443
v -0.07999704 -0.02831022 0.17199243
v -0.03530004 -0.02646922 0.12487843
v 0.06772996 -0.02492422 -0.11962057
v -0.02497104 -0.02641622 0.08052743
v -0.08685304 -0.01992622 0.19278143
v -0.09100504 -0.02091922 0.21699743
v -0.02995404 -0.02360422 0.09913043
v 0.08157196 -0.02253722 -0.23867857
v -0.06419704 -0.02230222 0.13509243
v 0.03686596 -0.02286022 -0.03153057
v 0.03141996 -0.02493122 -0.02358857
v 0.08227596 -0.02596322 -0.19587757
v -0.04213404 -0.02672922 0.13875443
v 0.07442596 -0.02291922 -0.15048757
v -0.02005404 -0.02331622 0.07172043
v -0.01458104 -0.02271222 0.06027843
v 0.05482996 -0.02475822 -0.18296457
v -0.05497304 -0.02449422 0.10447743
v 0.06169996 -0.02663522 -0.20010157
v -0.04797404 -0.02229322 0.07772743
v 0.04901196 -0.02443222 -0.05966457
v -0.05878604 -0.02215822 0.18693343
v -0.03254204 -0.02172822 0.10954643
v -0.04483404 -0.01981622 0.13798843
v -0.04685004 -0.02206422 0.14953543
v -0.03812804 -0.01880822 0.12392843
v 0.02954696 -0.02628122 -0.01968757
v 0.03901796 -0.02063622 -0.14245757
v -0.05267704 -0.02063422 0.16695643
v -0.05743704 -0.02111322 0.17750643
v -0.02691204 -0.02141622 0.09312043
v 0.06603096 -0.02370822 -0.21115557
v 0.06909696 -0.02171122 -0.11402957
v -0.06230504 -0.01726922 0.11274043
v -0.05992804 -0.02505822 0.11276243
v -0.09165704 -0.01995022 0.20714043
v -0.09165704 -0.01995022 0.20714043
v 0.02704296 -0.02184422 -0.11121957
v 0.07759996 -0.02103222 -0.23974757
v -0.08705004 -0.02006722 0.22072343
v 0.06334696 -0.02409822 -0.09824457
v -0.07649404 -0.02030622 0.21836543
v -0.07141004 -0.02311622 0.15230643
v -0.07936204 -0.01659222 0.22224543
v -0.03337004 -0.01609122 0.04723143
v -0.06587004 -0.02016222 0.20345043
v 0.04009196 -0.02044822 -0.03709057
v -0.03025204 -0.02312122 0.04066943
v 0.07976196 -0.02239222 -0.18901257
v -0.03622904 -0.02639222 0.05786143
v -0.08194004 -0.02281422 0.22573143
v 0.04336496 -0.01930222 -0.04036057
v -0.00683304 -0.02380822 -0.02099257
v 0.07094196 -0.02111522 -0.22428957
v 0.06047096 -0.02216622 -0.08801057
v -0.02441104 -0.02355822 0.08558243
v -0.06855504 -0.01976122 0.20879543
v 0.04499596 -0.02232122 -0.15688657
v -0.07997504 -0.01603122 0.17121443
v 0.04986496 -0.01691722 -0.05226457
v 0.05770396 -0.01260222 -0.08214357
v -0.01930904 -0.01785522 0.07051843
v 0.07498996 -0.01938722 -0.16426557
v -0.07338404 -0.01966722 0.21485643
v 0.00275096 -0.01886922 0.01756343
v 0.06705296 -0.01799822 -0.09532057
v -0.04792104 -0.02205922 0.09040843
v -0.08520104 -0.01837722 0.22455643
v 0.08182296 -0.01501922 -0.19487457
v -0.02933404 -0.01264722 0.03456343
v -0.06397904 -0.02058322 0.19519043
v 0.05317196 -0.02320422 -0.17713657
v -0.02331704 -0.02395922 0.01679243
v -0.00545004 -0.02211122 0.03495643
v 0.07204596 -0.01899022 -0.13527457
v 0.02013896 -0.01577622 -0.09574957
v -0.05946804 -0.01708122 0.18510543
v -0.02666204 -0.02717622 0.03398443
v 0.07114696 -0.01994022 -0.12753057
v 0.07578396 -0.02062822 -0.17131157
v 0.07308696 -0.01732722 -0.15494057
v 0.02040296 -0.02192222 -0.00635957
v -0.05789104 -0.01316522 0.10759743
v -0.00930104 -0.01559622 0.04601643
v 0.06697496 -0.01510822 -0.10261057
v 0.00948096 -0.01872922 0.00602143
v 0.08970196 -0.01560422 -0.22885057
v -0.04494804 -0.01701522 0.13798143
v -0.04490804 -0.01448622 0.14210743
v -0.01262104 -0.01681622 0.05327343
v -0.09002104 -0.01133522 0.19837443
v -0.00143304 -0.01734122 0.02731143
v -0.03364104 -0.01754322 0.11209443
v -0.02017704 -0.02817622 0.01214543
v -0.04825904 -0.01627122 0.08512743
v 0.04890196 -0.02110222 -0.05961957
v -0.04051804 -0.02020122 0.06911743
v -0.04051804 -0.02020122 0.06911743
v 0.02893196 -0.01460022 -0.11895657
v -0.05089004 -0.02088022 0.15870943
v -0.06413504 -0.01433922 0.19508743
v 0.05823296 -0.01642222 -0.19268457
v 0.08158396 -0.01633622 -0.23983957
v 0.07020796 -0.01488122 -0.22624757
v 0.09063196 -0.01479222 -0.23413857
v 0.09063196 -0.01479222 -0.23413857
v -0.03993104 -0.02009022 0.13126243
v -0.02633004 -0.01005022 0.08793043
v 0.09032496 -0.02053422 -0.21882057
v -0.00622504 -0.01050322 0.03535743
v -0.04604804 -0.01257122 0.14754043
v -0.05987804 -0.01967022 0.11815543
v -0.07545704 -0.01755422 0.16030043
v -0.07895004 -0.01221322 0.21945843
v -0.09284304 -0.01509422 0.21017743
v 0.08534996 -0.01441522 -0.20723157
v -0.09263404 -0.01735322 0.21906043
v 0.07699996 -0.01306922 -0.17554157
v 0.02945796 -0.01647722 -0.02236057
v 0.05993196 -0.01221122 -0.20141957
v 0.02648296 -0.01154422 -0.02071157
v 0.02514596 -0.00230922 -0.11224457
v 0.01750496 -0.01567622 -0.00548057
v 0.05199296 -0.01255622 -0.17765557
v -0.06119104 -0.01187322 0.12348443
v 0.07528196 -0.01256422 -0.17052257
v 0.06917696 -0.01496322 -0.12136057
v 0.00531296 -0.01718322 -0.05628657
v 0.00531296 -0.01718322 -0.05628657
v 0.07075896 -0.01602522 -0.14245757
v 0.06867096 -0.01198922 -0.12856057
v 0.08689896 -0.01611922 -0.23876057
v 0.02112596 -0.00523822 -0.10010657
v -0.05794004 -0.00817222 0.17694943
v -0.08267004 -0.01625922 0.18077443
v 0.07646696 -0.01343822 -0.23846257
v 0.03427396 -0.01503622 -0.02788057
v 0.05806996 -0.00766622 -0.19551357
v -0.03005604 -0.01530522 0.10004343
v -0.01638204 -0.01600322 -0.00003857
v 0.00711596 -0.00702122 0.00986343
v -0.03755504 -0.01268622 0.05868843
v 0.05136696 -0.01135322 -0.06547557
v 0.06802896 -0.01147622 -0.10947857
v -0.01063904 -0.01671222 -0.01738957
v -0.04476204 -0.01856122 0.07581443
v -0.09319504 -0.01177522 0.21795443
v -0.02488304 -0.01651622 0.02196143
v 0.07383096 -0.01001722 -0.15818257
v -0.08473204 -0.01075222 0.18571743
v 0.08005796 -0.00650422 -0.19655757
v -0.00601804 -0.01454222 -0.02773157
v -0.08381304 -0.01217822 0.22540243
v -0.05487804 -0.00485222 0.10228543
v 0.00982596 -0.01319422 -0.06846557
v 0.00982596 -0.01319422 -0.06846557
v -0.03681004 -0.02064622 0.11835243
v -0.07559804 -0.01079422 0.21551643
v -0.05152904 -0.01199922 0.08022843
v 0.06760096 -0.01120422 -0.12204657
v -0.07013004 -0.00734622 0.14532143
v -0.07634804 -0.01166522 0.16147843
v -0.02805404 -0.00481022 0.08081243
v -0.05299004 -0.00825822 0.16128443
v -0.08804504 -0.00726322 0.19023243
v -0.04714004 -0.01191622 0.14393443
v 0.01526496 -0.01272622 -0.08292557
v -0.01246404 -0.01859922 -0.00847957
v -0.03854304 -0.00841922 0.12466443
v 0.07867196 -0.01200122 -0.18905257
v 0.07012596 -0.01311022 -0.13674857
v -0.08726604 -0.00953022 0.22499843
v 0.04231996 -0.01092522 -0.04071057
v -0.03144004 -0.01230022 0.03929343
v -0.03214404 -0.00745822 0.10198543
v 0.07473096 -0.00986222 -0.23775257
v -0.06098804 -0.00942522 0.11208943
v -0.09446904 -0.00895422 0.21721643
v -0.00490404 -0.00363122 -0.03276757
v -0.08169604 -0.00783622 0.22231443
v 0.07151596 -0.01489222 -0.15039757
v 0.07329496 -0.01333222 -0.23199157
v 0.06520696 -0.00666822 -0.10542257
v -0.04264304 -0.00952922 0.07207343
v -0.04264304 -0.00952922 0.07207343
v -0.02851104 -0.00811322 0.02800243
v 0.08793496 -0.00556922 -0.24033557
v -0.04835604 -0.01116522 0.15273543
v 0.05132396 -0.00566622 -0.06651457
v -0.02225104 -0.00724922 0.01270743
v -0.02853504 -0.00808022 0.09460943
v -0.03906504 -0.00729722 0.12013943
v -0.00072704 -0.00756022 -0.04264857
v 0.04460196 -0.00300522 -0.04816157
v 0.07530696 -0.01179822 -0.16621057
v 0.04312196 -0.00856522 -0.15605957
v -0.05017304 -0.00445022 0.08414043
v 0.02031296 0.00215578 -0.10097257
v -0.01387404 0.00158178 -0.01120357
v -0.06130404 -0.00963522 0.18835643
v 0.05062496 -0.00701522 -0.05515157
v -0.06691204 -0.00945622 0.13619543
v 0.06731696 -0.01060122 -0.09784257
v 0.03204896 -0.00107222 -0.13031557
v 0.06357296 -0.00584622 -0.08958757
v 0.07120996 0.00014378 -0.15467657
v -0.01498404 -0.01117722 0.05953943
v -0.08767304 -0.00020122 0.18873943
v -0.02601404 0.00434878 0.07483343
v 0.08762596 -0.00834422 -0.21922957
v -0.04588704 -0.00756022 0.07725043
v 0.02451996 0.00167178 -0.01699357
v -0.05325504 -0.00899222 0.16540243
v 0.00489196 0.00214678 -0.05945757
v 0.00489196 0.00214678 -0.05945757
v -0.02553804 -0.01343222 0.07755043
v 0.01783796 -0.00300322 -0.09027057
v 0.03580296 -0.01194722 -0.13686357
v -0.01022104 -0.00798422 0.04486643
v 0.03329696 -0.00829222 -0.03040757
v 0.05193296 -0.00737922 -0.05887457
v -0.04835004 -0.01007522 0.13801343
v 0.06601096 -0.00681422 -0.11350057
v -0.01748504 -0.00446222 0.00064743
v 0.00145296 -0.00700422 0.01885143
v -0.08021804 -0.00790022 0.17181643
v -0.01670704 -0.00400822 0.05709743
v -0.09221104 -0.00545922 0.21279343
v -0.09261504 -0.00610322 0.21932843
v 0.06498696 -0.00479822 -0.21460557
v 0.06723796 -0.00658022 -0.21910657
v 0.07144596 -0.00282322 -0.14560257
v 0.03893996 -0.00552922 -0.14710457
v -0.03848604 -0.00287722 0.11074243
v -0.05146404 -0.00401922 0.15424043
v -0.08307104 -0.00324522 0.22583743
v -0.01257304 -0.00430622 0.04669643
v -0.09318704 -0.00215322 0.20830243
v 0.07622696 -0.00402722 -0.18347757
v 0.08939496 -0.00205522 -0.23508557
v 0.08939496 -0.00205522 -0.23508557
v 0.01190996 -0.00480622 0.00121643
v -0.03389004 -0.00245822 0.09835843
v -0.04352404 -0.00440222 0.13120343
v -0.01501004 -0.00534422 0.05163643
v 0.06194396 -0.00021222 -0.09051957
v -0.08456904 0.00196678 0.18062143
v 0.07918596 -0.00932122 -0.24200757
v -0.07784104 -0.00166722 0.21719443
v 0.00559796 0.00087978 0.00709943
v 0.06400496 -0.00268422 -0.09653657
v -0.07039404 -0.00627222 0.21174343
v -0.07502504 -0.00390222 0.15466143
v -0.04234604 -0.00236322 0.12422343
v -0.06278204 -0.00123022 0.18453843
v 0.06893896 -0.00154822 -0.13520557
v -0.05040804 -0.00791322 0.08972443
v -0.06699804 -0.00318622 0.20138143
v -0.00755504 -0.00666122 -0.02361057
v 0.08239496 -0.00705422 -0.20456057
v -0.06154004 -0.00484322 0.11772743
v -0.09328504 -0.00071622 0.21502643
v -0.07485704 0.00250578 0.21480543
v 0.08386696 -0.00171222 -0.23956357
v -0.07121704 -0.00169622 0.21271943
v 0.02041096 -0.00058522 -0.01186557
v 0.07264896 0.00095278 -0.23637057
v -0.07951304 -0.00191622 0.16763143
v 0.04980996 -0.00126122 -0.05819957
v -0.08936204 0.00049578 0.22699643
v -0.00561204 -0.00263122 0.02972843
v -0.08745204 -0.00432522 0.22652843
v -0.09350104 -0.00572722 0.20536243
v -0.09350104 -0.00572722 0.20536243
v 0.07648996 -0.00464722 -0.24152957
v 0.08755896 -0.00140022 -0.23989357
v -0.04815304 -0.00172922 0.13481143
v -0.05000204 -0.00248322 0.14555143
v -0.06579804 -0.00247822 0.19254343
v 0.03755096 0.00045378 -0.03597457
v 0.07255396 0.00000978 -0.16984257
v -0.05546104 -0.00240222 0.16362243
v -0.06394704 0.00298778 0.12671743
v -0.00117904 -0.00219922 0.02071843
v -0.00980404 -0.00410222 0.03808043
v 0.06812596 0.00175678 -0.22654157
v 0.06684696 0.00873778 -0.13354657
v 0.01558996 -0.00000322 -0.00453657
v -0.06101604 -0.00129922 0.17600143
v 0.08779396 -0.00779122 -0.22680557
v -0.01778104 0.00813478 -0.00108557
v 0.07658796 -0.00272622 -0.19020357
v -0.03451504 0.00022878 0.04687743
v -0.05089804 -0.00156022 0.14129843
v -0.02697204 0.00093678 0.02335243
v 0.06901696 0.00078678 -0.12951357
v -0.00230204 0.00282478 -0.04009057
v -0.08088704 0.00333078 0.22321743
v -0.06006104 0.00153978 0.11117143
v 0.06855896 0.00370078 -0.12253157
v -0.07637004 0.00146178 0.15927143
v -0.01161604 0.00900178 -0.01803657
v -0.02069604 0.00590278 0.00746543
v -0.04688004 0.00308978 0.07813743
v -0.07256104 0.00304178 0.14861843
v -0.09214404 0.00637878 0.20064543
v -0.09214404 0.00637878 0.20064543
v -0.05761804 0.00825478 0.10414343
v -0.04162204 -0.00175122 0.11755843
v -0.07003704 0.00468978 0.14081243
v 0.07803196 0.00316978 -0.24240057
v 0.03019496 0.00444878 -0.02735457
v 0.04979996 0.00585878 -0.06703957
v -0.08030704 0.00830878 0.16819543
v 0.08274096 0.00698478 -0.24227057
v 0.01656196 0.00825078 -0.09155857
v 0.06659696 0.00351978 -0.11710657
v 0.07296796 -0.00104422 -0.16313857
v -0.03256604 0.00519978 0.09095443
v 0.07532396 0.00976578 -0.17796257
v -0.08410904 0.00370778 0.22773443
v 0.06100596 -0.00506422 -0.20444157
v -0.04175004 0.00248778 0.06533143
v -0.04175004 0.00248778 0.06533143
v -0.02199104 -0.00382522 0.06998643
v -0.04992304 0.00765378 0.14929943
v 0.08829496 0.00183078 -0.22089057
v 0.06989196 0.00526778 -0.15109757
v 0.08736096 0.00393278 -0.24128957
v 0.08042296 0.00693678 -0.19857657
v -0.05713904 0.00528478 0.16971643
v -0.09362504 0.00061478 0.22070943
v 0.05616996 -0.00583122 -0.08114457
v 0.03748396 0.00782678 -0.14667557
v -0.07295404 0.00964178 0.21105043
v -0.01596604 0.00813078 0.05584243
v 0.04939396 0.00690378 -0.05877357
v 0.05874396 0.00745078 -0.20011757
v 0.06906896 0.00533978 -0.14159057
v 0.06651496 0.00190278 -0.10924357
v 0.08617396 0.01243778 -0.22702357
v 0.07350196 0.00868178 -0.17226257
v 0.01564696 0.00529178 -0.00869357
v -0.04187704 0.00459278 0.12096543
v 0.02028496 0.00645978 -0.01523057
v -0.04474004 0.00073878 0.12553543
v 0.05716196 0.00859378 -0.08653857
v 0.04431396 0.01051778 -0.04764457
v -0.04977304 0.01109178 0.13634943
v 0.05417196 0.00176578 -0.18823157
v -0.09459604 0.00620578 0.21013943
v 0.08292796 0.00609778 -0.20700557
v -0.09040204 0.00159378 0.19573643
v -0.09040204 0.00159378 0.19573643
v -0.06772504 0.00657478 0.20245743
v 0.06940196 0.01150378 -0.23066557
v 0.04131696 0.00872778 -0.04333757
v 0.07704796 0.00392878 -0.19203157
v -0.02977804 0.00850378 0.03135343
v 0.06215896 0.01023578 -0.09238757
v -0.04572804 0.01122978 0.12650243
v 0.04730396 0.00145578 -0.17021957
v -0.01587204 0.01107078 -0.00922857
v -0.07939304 0.00493178 0.21714043
v -0.04059104 0.01782478 0.05732443
v -0.04059104 0.01782478 0.05732443
v -0.05564904 0.01113378 0.09963143
v -0.02496904 0.01116578 0.01590243
v -0.08887604 0.01040978 0.18572943
v 0.06678296 0.00881278 -0.12686757
v 0.03446396 0.00668078 -0.03252457
v -0.06198804 0.01192478 0.18185443
v -0.00723104 0.00429178 -0.02811257
v 0.02573096 0.00892978 -0.02401357
v 0.02620696 0.00834578 -0.11752357
v -0.05009804 0.00792778 0.13912443
v -0.08620004 0.01305778 0.18027343
v -0.09466404 0.01139478 0.21278243
v -0.03663604 0.00849378 0.04972643
v -0.01169704 0.00744678 0.04225843
v -0.02169504 0.01055878 0.06914343
v -0.03900204 0.01370778 0.10730343
v -0.05304704 0.00873778 0.15884343
v 0.07590696 0.00999478 -0.24308557
v -0.06716604 0.01121378 0.19386643
v 0.08178296 0.01137378 -0.21086357
v 0.08539796 0.01004478 -0.21897057
v 0.06510596 0.01004878 -0.11891557
v 0.06646096 0.00718178 -0.11340757
v -0.00846204 0.01685478 -0.02919257
v -0.00846204 0.01685478 -0.02919257
v -0.02204604 0.01432778 0.00673743
v 0.01030296 0.00702278 -0.07514957
v 0.07585596 0.01181678 -0.19283757
v 0.07120496 0.01770978 -0.23744057
v 0.08006996 0.01623178 -0.24182657
v -0.08893504 0.00980178 0.22551743
v -0.08321504 0.01131078 0.22533543
v -0.08706504 0.01563978 0.22717243
v 0.01119896 0.01410678 0.00113043
v 0.08911396 0.00692378 -0.23817357
v 0.08911396 0.00692378 -0.23817357
v -0.05113504 0.00636878 0.08873343
v 0.00065496 0.01225778 0.01826943
v 0.04312396 0.00679578 -0.16060657
v -0.00291304 0.01102778 -0.04248457
v -0.00291304 0.01102778 -0.04248457
v -0.00610204 0.00978478 0.03056743
v -0.00454404 0.01056478 0.02521143
v -0.04169404 0.01478478 0.11728943
v -0.05596304 0.01525978 0.16520243
v 0.03593296 0.01341578 -0.03979157
v -0.03573104 0.01853378 0.09766743
v 0.07056496 0.01146778 -0.14749357
v 0.06450796 0.01335278 -0.10923857
v 0.01836696 0.01813378 -0.00972757
v 0.02054496 0.01827478 -0.10516557
v -0.06084204 0.01211678 0.17560143
v 0.05026096 0.00965378 -0.17944157
v 0.07890696 0.01331478 -0.20275657
v -0.07436404 0.01710378 0.20954543
v 0.05533496 0.01450378 -0.19433857
v 0.07091696 0.02012078 -0.16648457
v 0.06777696 0.01875278 -0.13568257
v 0.08441196 0.01547678 -0.24142157
v -0.09597404 0.01730678 0.20939443
v -0.09544004 0.01126978 0.21857043
v -0.07933004 0.01239378 0.21740343
v -0.04639204 0.01144778 0.13153543
v 0.08757396 0.01626078 -0.24026557
v 0.00501296 0.01403878 0.00875343
v 0.01450696 0.01691078 -0.00561657
v -0.09215804 0.01462278 0.19512643
v -0.09215804 0.01462278 0.19512643
v -0.01473504 0.01434378 0.04682243
v -0.07056904 0.01663178 0.20053643
v -0.02586804 0.01541978 0.07174543
v -0.09358404 0.01992778 0.20099443
v 0.07349296 0.01158478 -0.16321757
v -0.01118504 0.01651378 0.03642943
v -0.04983004 0.01781178 0.08226843
v 0.00143296 0.00652578 -0.05174957
v 0.00143296 0.00652578 -0.05174957
v -0.04039404 0.01847278 0.11162943
v 0.03965496 0.01556678 -0.04432157
v 0.06415496 0.00653678 -0.21536457
v 0.03278896 0.01797278 -0.13770257
v -0.07601104 0.01346378 0.15544943
v 0.07390996 0.01597078 -0.17928257
v -0.04125604 0.01536078 0.12122543
v 0.04700596 0.01787078 -0.05927457
v -0.06700604 0.01828278 0.12941243
v 0.01399296 0.02180178 -0.08967857
v -0.06377404 0.01691578 0.18285043
v 0.02825796 0.01756678 -0.12553857
v 0.02784996 0.02362978 -0.02447357
v 0.03238796 0.01212678 -0.03301257
v -0.05089104 0.02031578 0.13525343
v -0.05116404 0.01691078 0.14628143
v -0.04483504 0.01759078 0.12462443
v -0.06219804 0.02023878 0.10976043
v 0.06777596 0.02127778 -0.12759157
v 0.07015196 0.01739178 -0.15455557
v -0.06237404 0.00962778 0.11445443
v 0.02537496 0.01961078 -0.02186557
v -0.00005804 0.01813478 0.01593043
v -0.05522804 0.01681478 0.15806643
v -0.02947104 0.02013778 0.07789043
v -0.06126804 0.01653378 0.17358543
v -0.04744504 0.01997378 0.13003943
v -0.09274004 0.01687878 0.22573643
v -0.00387504 0.01792578 0.02166343
v -0.04705604 0.01714978 0.07422743
v 0.00366996 0.01911478 0.00815543
v -0.03427104 0.02380378 0.09108043
v -0.08106204 0.02420178 0.22128143
v -0.06874204 0.01800178 0.19208043
v -0.07994104 0.02290878 0.16339043
v -0.02851304 0.01347778 0.02427743
v 0.03691996 0.02096878 -0.14901257
v -0.03134304 0.01001978 0.08558943
v -0.02329204 0.01487378 0.06814143
v -0.09680304 0.02144078 0.21394443
v -0.00088904 0.02735678 -0.05211957
v -0.03562404 0.02599478 0.10688443
v -0.03867904 0.02055778 0.12058443
v -0.02557704 0.01996778 0.01326643
v -0.08383304 0.01808078 0.17240743
v -0.03696704 0.02044178 0.12362943
v 0.05683796 0.02136078 -0.08820557
v 0.08591596 0.02387478 -0.22063157
v 0.00611396 0.01657678 -0.06798757
v 0.05113496 0.02879778 -0.07099657
v 0.07079196 0.02055778 -0.16050957
v 0.06490496 0.02637978 -0.11047757
v 0.07523396 0.01862878 -0.24458657
v 0.00922796 0.02191678 -0.00036357
v -0.04081104 0.02130978 0.12692943
v 0.07563696 0.02505278 -0.24311657
v -0.08416104 0.02199178 0.22445343
v -0.02950404 0.02680078 0.02315143
v -0.02950404 0.02680078 0.02315143
v 0.05043196 0.01416478 -0.07098657
v 0.07281896 0.02465978 -0.24028657
v 0.06427896 0.01956278 -0.21982957
v -0.05431004 0.01895678 0.09061843
v 0.06928696 0.02177278 -0.15234557
v -0.05304004 0.03023378 0.08764343
v -0.06452204 0.02849378 0.11963243
v 0.07933896 0.02600078 -0.20014957
v -0.05130604 0.02556578 0.13908443
v -0.01865404 0.01893578 -0.00303657
v -0.08848804 0.02383878 0.18435643
v -0.01728304 0.01680378 0.05269943
v -0.09112904 0.02352878 0.22668243
v 0.02372596 0.02402078 -0.11638057
v -0.04335204 0.02448178 0.11575143
v -0.01679904 0.02297478 -0.00840657
v 0.03542996 0.02591678 -0.03740157
v -0.03618504 0.02569378 0.12374043
v 0.08166096 0.02346478 -0.24331957
v 0.04461396 0.01860978 -0.16844457
v -0.08563304 0.02694278 0.22564043
v -0.04999704 0.02771578 0.14597243
v -0.04565504 0.02449678 0.12548943
v 0.07576996 0.02754578 -0.18204857
v 0.08569096 0.02144378 -0.24237757
v 0.01583596 0.02502778 -0.00977557
v 0.00323796 0.02866578 -0.06313957
v -0.07750704 0.02464178 0.21399143
v 0.07263896 0.03164778 -0.16231257
v -0.00483504 0.02901278 0.02731743
v 0.08497796 0.02100678 -0.22800057
v 0.04725796 0.03185978 -0.06526157
v -0.06061304 0.02507878 0.17480243
v 0.06164796 0.01834978 -0.09474157
v 0.02535996 0.02841678 -0.02415457
v 0.06458396 0.02880378 -0.11942057
v -0.06135704 0.02836078 0.10752543
v -0.08262304 0.03449178 0.16581943
v 0.05400496 0.02928978 -0.07975057
v 0.01939796 0.03201778 -0.10700857
v 0.03893496 0.02681078 -0.04142657
v 0.08283296 0.01985878 -0.21055057
v 0.06264496 0.02876378 -0.09964657
v 0.00295896 0.02905878 0.01314643
v -0.07321704 0.02249478 0.20880343
v 0.02082496 0.02586278 -0.01752657
v -0.09251204 0.03290678 0.19242943
v -0.09251204 0.03290678 0.19242943
v -0.04732004 0.03355178 0.12680143
v -0.03613104 0.03193578 0.09474143
v -0.04082304 0.02849578 0.11971443
v -0.07370904 0.03029078 0.14331143
v -0.08566104 0.03011478 0.17696343
v -0.04463404 0.02864578 0.12365543
v -0.03876504 0.02792078 0.12655143
v 0.08531396 0.04106778 -0.23503257
v 0.08531396 0.04106778 -0.23503257
v -0.02265704 0.02819478 0.06903243
v -0.09704204 0.02691478 0.21967943
v 0.08571196 0.03322178 -0.22005857
v -0.08883504 0.03086078 0.22473143
v -0.01092804 0.02751778 0.03698143
v -0.06821704 0.02885578 0.19336343
v -0.06469504 0.02715978 0.18780543
v -0.02560604 0.03450478 0.01222943
v -0.02560604 0.03450478 0.01222943
v -0.02560604 0.03450478 0.01222943
v -0.01346104 0.02681578 -0.01816957
v -0.05066004 0.02836178 0.13476243
v 0.06672596 0.02616278 -0.13577057
v 0.06827196 0.02794578 -0.23406057
v -0.05398404 0.02636978 0.15822143
v -0.09788404 0.02441478 0.21038843
v 0.07532396 0.02619178 -0.18628257
v 0.01790896 0.02754278 -0.01340757
v -0.03487804 0.02210778 0.04072743
v 0.05986496 0.02384778 -0.20929457
v 0.00774696 0.03329378 0.00531743
v -0.07248904 0.03493078 0.20559943
v 0.06427496 0.02992778 -0.22386157
v -0.01161004 0.03327578 0.03724143
v -0.00429904 0.03972978 -0.04650857
v -0.00429904 0.03972978 -0.04650857
v -0.04128004 0.03031778 0.12193443
v -0.09327604 0.02947478 0.22107543
v 0.08769596 0.02135678 -0.23672357
v 0.08769596 0.02135678 -0.23672357
v -0.09917204 0.03367578 0.21142143
v 0.05155196 0.02889478 -0.18954357
v -0.01377604 0.02971878 0.04693443
v 0.06553796 0.02920378 -0.12517057
v -0.05690404 0.03062378 0.09578543
v -0.09668804 0.03011278 0.20531443
v -0.04544404 0.02785478 0.06780643
v -0.00838204 0.03806478 -0.03509157
v -0.00838204 0.03806478 -0.03509157
v 0.04062596 0.03274878 -0.16243057
v 0.06047196 0.03613278 -0.09919157
v -0.03648604 0.03688878 0.04080243
v -0.03648604 0.03688878 0.04080243
v 0.08388296 0.03258078 -0.22637557
v 0.04523196 0.03055978 -0.05349157
v 0.08165996 0.03318078 -0.24441557
v -0.09853304 0.03238278 0.21574743
v 0.03515696 0.03288178 -0.03964357
v -0.00139404 0.03061878 0.01999143
v -0.06081604 0.03050878 0.17681443
v 0.05581896 0.03158778 -0.08701157
v -0.05495504 0.03472678 0.15609943
v -0.08082004 0.03291878 0.21601143
v -0.03878504 0.03304978 0.11230043
v 0.08561996 0.03174478 -0.24214957
v 0.02985796 0.02995978 -0.03151757
v -0.06805804 0.02982378 0.12972843
v 0.06823896 0.02431378 -0.14383657
v 0.04361096 0.03604478 -0.05397857
v 0.07290196 0.03136378 -0.16929857
v -0.09864604 0.03135978 0.21831643
v -0.05703704 0.03142778 0.16792743
v 0.02588896 0.03856678 -0.02191757
v -0.04040704 0.03221778 0.05194343
v -0.05112904 0.03416678 0.14636643
v -0.09264704 0.03489778 0.22443243
v -0.08216704 0.03160578 0.22286843
v -0.01489804 0.03376778 0.04853943
v -0.03070204 0.03513878 0.08115143
v -0.03496804 0.03577578 0.10058143
v -0.06137304 0.03715378 0.17589743
v 0.07992196 0.03702178 -0.20180357
v 0.03449596 0.03107378 -0.14528657
v -0.04210304 0.03476278 0.12364343
v 0.07638696 0.03348378 -0.19246057
v -0.08956804 0.03532978 0.18474443
v 0.06366396 0.03399878 -0.11395157
v 0.06298596 0.03436778 -0.10712157
v 0.00832896 0.03235778 -0.07811857
v 0.08109096 0.03812278 -0.24347457
v 0.05526696 0.03602678 -0.07586557
v -0.06293804 0.03573978 0.11335543
v 0.06981596 0.03529678 -0.14445857
v -0.06481604 0.03561178 0.18523343
v 0.00105596 0.03765478 0.01543043
v -0.07561704 0.03406178 0.21109243
v 0.02697996 0.03736278 -0.12798457
v -0.07965904 0.03544978 0.15562843
v -0.09477404 0.04429478 0.22411743
v 0.01372096 0.03430878 -0.00231057
v 0.08455396 0.03917878 -0.23985757
v 0.08455396 0.03917878 -0.23985757
v -0.08191004 0.04064878 0.16242643
v -0.00610104 0.03628778 0.02792143
v -0.07725304 0.02702478 0.15278143
v 0.07138996 0.03583378 -0.15543457
v -0.09669004 0.03586078 0.21425643
v -0.02345504 0.03390178 0.06840143
v -0.06966504 0.04464978 0.19808343
v 0.07157396 0.03804278 -0.16736157
v 0.05597196 0.03673178 -0.09125557
v -0.03255004 0.03296178 0.03057543
v -0.03255004 0.03296178 0.03057543
v 0.00425696 0.03896078 0.00876943
v -0.05826004 0.03684178 0.16802043
v -0.03012004 0.03625278 0.07649143
v -0.01289904 0.03906978 0.04107943
v -0.04187604 0.03592578 0.11719543
v 0.07516896 0.03563378 -0.18060057
v 0.06964796 0.03672078 -0.15100757
v -0.05067904 0.04022078 0.14510943
v -0.08013204 0.03735578 0.21307443
v -0.06994404 0.03223578 0.20088443
v -0.02863904 0.03939378 0.08644743
v 0.05429696 0.04260778 -0.08364057
v 0.07295196 0.03656378 -0.24366157
v -0.04973104 0.03592478 0.13179043
v -0.00388104 0.04188778 0.02543343
v -0.07360704 0.03952178 0.14177443
v 0.01760396 0.03884578 -0.00973057
v -0.03204604 0.04177178 0.02413143
v 0.05208996 0.03999378 -0.07173357
v -0.06892904 0.03710478 0.19217043
v 0.06465896 0.04554478 -0.11448257
v -0.04467904 0.03740978 0.12846243
v 0.06037596 0.03662678 -0.21457657
v 0.06830496 0.03619978 -0.23711857
v -0.05578204 0.04113578 0.09236843
v 0.07424196 0.04117678 -0.17292957
v -0.08235804 0.04151678 0.21757943
v -0.09738704 0.03946778 0.20957343
v -0.01421404 0.03946678 0.04689343
v -0.02788704 0.04003378 0.07257443
v -0.06563304 0.04195378 0.11633143
v -0.04404204 0.04235578 0.05966343
v -0.08530404 0.03905378 0.17435543
v 0.07254896 0.04466978 -0.16129257
v 0.07030996 0.04225378 -0.15512457
v 0.06615696 0.04217178 -0.23286557
v 0.04485996 0.04031378 -0.17592257
v -0.01967604 0.03981878 -0.00502457
v -0.01967604 0.03981878 -0.00502457
v 0.08097496 0.04465778 -0.24497657
v 0.06723096 0.04029778 -0.13280757
v -0.09542204 0.03795278 0.20075843
v -0.04462304 0.04280378 0.12107543
v -0.07249104 0.04295978 0.20641143
v 0.04719296 0.04418678 -0.18182057
v -0.08460704 0.03617778 0.22330443
v -0.09770904 0.04386578 0.21913843
v 0.01812696 0.04798178 -0.10812857
v 0.06892296 0.04350078 -0.14466957
v -0.05953604 0.03927978 0.10210543
v 0.02563696 0.04543778 -0.12707357
v 0.01967696 0.04439778 -0.01380757
v 0.08431996 0.04015978 -0.21806757
v -0.09915404 0.04480978 0.21095143
v 0.06742096 0.04254478 -0.12507457
v -0.05727604 0.04480178 0.16670543
v 0.03176196 0.04319378 -0.14179557
v -0.09555704 0.04802078 0.22124143
v -0.09067604 0.04127278 0.22723843
v 0.07673696 0.03809978 -0.19327657
v -0.04826004 0.04362878 0.12952143
v 0.08422496 0.04755278 -0.24062157
v 0.08422496 0.04755278 -0.24062157
v 0.08242596 0.03991078 -0.22579457
v -0.03436804 0.03989478 0.10082443
v -0.02591804 0.04055978 0.01075343
v -0.02591804 0.04055978 0.01075343
v 0.06659196 0.04833678 -0.12559757
v -0.06294804 0.04140478 0.10899743
v -0.05339604 0.04070778 0.15356343
v 0.07284196 0.04368478 -0.24359757
v -0.03812604 0.04560478 0.11083143
v -0.08403604 0.04366878 0.22322943
v -0.09025504 0.04379478 0.18429243
v -0.09025504 0.04379478 0.18429243
v -0.03550804 0.04731078 0.09852343
v -0.06481904 0.04531078 0.18755943
v 0.02926196 0.04337278 -0.02746957
v 0.01307796 0.04151978 -0.09325357
v -0.07996404 0.04291978 0.15717243
v 0.01178596 0.04267778 -0.00115557
v 0.04863296 0.04475378 -0.06950557
v -0.02275904 0.04132478 0.06779343
v -0.00852504 0.05524478 -0.03963357
v 0.08241296 0.04554278 -0.21500057
v -0.07628404 0.04552978 0.14522743
v 0.06260196 0.04829778 -0.10224257
v -0.07890604 0.04603178 0.21003543
v 0.07689696 0.04303478 -0.18475957
v 0.06747796 0.04655978 -0.14038557
v 0.05027996 0.04583678 -0.07704757
v 0.05769796 0.05183578 -0.21250757
v -0.08108804 0.05252378 0.21254143
v 0.01897496 0.04979078 -0.01057457
v 0.02236796 0.04741878 -0.02010757
v -0.09853704 0.04813378 0.21503443
v -0.09153104 0.04992178 0.22522943
v -0.04131004 0.04326178 0.11775343
v -0.05201804 0.04322778 0.13421143
v 0.05720496 0.04402178 -0.20852057
v -0.05711204 0.04772878 0.09207343
v -0.05404804 0.05212378 0.08354643
v -0.03180504 0.05241078 0.07677843
v 0.07328496 0.05006778 -0.17244657
v 0.06474196 0.05241478 -0.11177757
v 0.04451496 0.03893678 -0.05821057
v -0.02183504 0.05043178 -0.00288357
v -0.07184304 0.04780278 0.13408443
v -0.04134404 0.04323678 0.05265043
v -0.05002004 0.03389478 0.07896843
v -0.04586004 0.05033078 0.12415243
v -0.04579904 0.04300578 0.12623043
v -0.05480104 0.04637078 0.15352743
v -0.06279104 0.04865378 0.17620243
v -0.04366004 0.05026778 0.11796443
v -0.06922904 0.05241278 0.12578943
v -0.06899004 0.04669578 0.19331443
v 0.03700496 0.04926678 -0.15745757
v -0.04601604 0.05090678 0.12827543
v -0.01252004 0.06393078 -0.03170857
v -0.01252004 0.06393078 -0.03170857
v -0.02638004 0.04999078 0.00808643
v -0.09835104 0.05149678 0.21838043
v -0.01547504 0.05095278 -0.02015057
v -0.01547504 0.05095278 -0.02015057
v -0.01547504 0.05095278 -0.02015057
v 0.07289896 0.05070178 -0.16941757
v -0.05239204 0.04711878 0.14684243
v -0.02777804 0.05091578 0.06842743
v -0.02787204 0.05488378 0.01322043
v -0.03121704 0.05572278 0.01941243
v -0.03121704 0.05572278 0.01941243
v -0.05724704 0.04851178 0.16300743
v -0.07727904 0.05075378 0.20587043
v -0.07134804 0.05031278 0.19929743
v 0.00281696 0.04807378 -0.06804857
v -0.02907504 0.04764278 0.08640843
v -0.06495604 0.05025678 0.10980943
v -0.01378404 0.04322378 -0.02170157
v -0.02199004 0.04974978 0.06245743
v -0.08156804 0.05290878 0.15787143
v -0.06958904 0.05124578 0.19014343
v -0.03761704 0.05130678 0.03895443
v 0.00367496 0.04927978 0.01078643
v 0.06976696 0.04743678 -0.23767357
v -0.03151104 0.04976578 0.08054843
v 0.06102096 0.05494178 -0.10180257
v -0.08583504 0.05315478 0.22205543
v -0.09558504 0.05199278 0.19756043
v 0.06158896 0.04528978 -0.22244157
v 0.04236696 0.04889678 -0.04856357
v -0.06410204 0.04951278 0.18038243
v 0.03346596 0.05221978 -0.03475557
v -0.02567804 0.05548378 0.06123743
v 0.07840996 0.04789378 -0.20268157
v 0.07937196 0.04904578 -0.24445357
v 0.07256496 0.05176378 -0.24355757
v -0.01610604 0.05158578 0.04749443
v 0.06562696 0.05529578 -0.11901557
v 0.00887596 0.04698178 0.00472143
v 0.07009996 0.04964278 -0.14650057
v 0.00784596 0.05322978 0.00570243
v -0.04123304 0.05560478 0.10128143
v -0.04987704 0.05228478 0.12983043
v 0.05681196 0.04910678 -0.09473857
v -0.08190404 0.05135478 0.21654143
v 0.07897996 0.05113178 -0.21876557
v -0.04454204 0.05494378 0.11313943
v -0.08734904 0.04500778 0.17596243
v -0.08734904 0.04500778 0.17596243
v -0.04687104 0.05495778 0.12158743
v -0.07229004 0.05473978 0.18721543
v -0.09155104 0.05163978 0.18507343
v -0.06430104 0.05433578 0.16756943
v -0.04561404 0.05994778 0.05956343
v -0.08600404 0.05330478 0.16981843
v -0.08600404 0.05330478 0.16981843
v 0.07782196 0.05112878 -0.20801657
v 0.07156296 0.05457378 -0.16049357
v -0.03672404 0.05267278 0.09304143
v 0.07323796 0.05872878 -0.18073057
v 0.05302796 0.05224778 -0.20004657
v 0.01045396 0.05143678 -0.08830957
v -0.09940104 0.05303978 0.21480243
v -0.05329904 0.05163778 0.13456843
v 0.08243496 0.05501478 -0.24167557
v 0.08243496 0.05501478 -0.24167557
v 0.05271896 0.05605378 -0.08783857
v -0.00236704 0.05688078 -0.05617157
v -0.00236704 0.05688078 -0.05617157
v -0.03718404 0.05815278 0.09099143
v 0.07557796 0.05241178 -0.19739457
v -0.04188004 0.05293678 0.10641143
v -0.05028304 0.05649278 0.07277643
v -0.05711004 0.05437178 0.14505543
v -0.06831704 0.05439878 0.17830243
v -0.07821104 0.05150578 0.15076143
v -0.07810104 0.06089178 0.14638743
v 0.07087496 0.05656678 -0.15148457
v -0.09793904 0.05265478 0.20755643
v -0.01511304 0.05379378 0.04015843
v -0.01203504 0.05380778 0.03608143
v 0.06764996 0.05813278 -0.13064257
v 0.02867896 0.05361278 -0.13699457
v -0.02877004 0.05637778 0.06779643
v -0.07412104 0.05910478 0.13565543
v 0.06483996 0.05540478 -0.23200457
v -0.09410704 0.05421478 0.22406543
v -0.07980704 0.05478778 0.20813143
v -0.07552504 0.05616478 0.19629143
v 0.07402796 0.05808778 -0.20510757
v -0.00344804 0.05892778 0.01946943
v 0.02116396 0.05809778 -0.01741957
v -0.09340404 0.05261778 0.19239843
v 0.04324096 0.05588078 -0.05204457
v 0.03310996 0.06597578 -0.15126157
v 0.05017596 0.05958078 -0.08016757
v 0.07293396 0.06170578 -0.24440457
v 0.07655496 0.05588978 -0.24572857
v 0.04615796 0.05343778 -0.06853157
v 0.04314896 0.05749178 -0.06077057
v -0.09715904 0.05661978 0.21990843
v 0.06839396 0.04962778 -0.14140257
v -0.01955204 0.06066878 0.04234643
v -0.06465204 0.05856278 0.10157043
v 0.01108396 0.06487378 -0.09428257
v -0.05992104 0.05523478 0.15246043
v 0.00061096 0.05894978 0.01229843
v -0.09515104 0.06395378 0.19103643
v 0.04755996 0.05800378 -0.18689357
v -0.08815304 0.06938778 0.17048043
v -0.08815304 0.06938778 0.17048043
v -0.08193204 0.06143778 0.15605943
v -0.03034704 0.06496778 0.07379143
v -0.09879004 0.06040478 0.21700743
v -0.02502904 0.06516778 0.00103343
v 0.07095096 0.06180678 -0.19298557
v 0.05485096 0.05965378 -0.09328957
v 0.00598396 0.06281978 0.00485643
v 0.08362196 0.05514578 -0.23456057
v -0.06761704 0.05757678 0.17401643
v -0.03628304 0.06250578 0.03266343
v -0.09706404 0.06410578 0.22238043
v -0.09888804 0.06297678 0.21154643
v 0.04033996 0.05992778 -0.04620657
v 0.08320896 0.05982978 -0.24283557
v 0.08320896 0.05982978 -0.24283557
v 0.00638696 0.05845078 -0.08029457
v 0.06852596 0.06171278 -0.23932557
v 0.04654696 0.06376978 -0.06998957
v -0.05461204 0.06738678 0.08032643
v -0.06587704 0.06237978 0.10989043
v -0.06819904 0.05958078 0.11882443
v 0.06903396 0.06454978 -0.17274657
v -0.00849304 0.06575278 -0.04119857
v -0.00849304 0.06575278 -0.04119857
v 0.08057796 0.06082678 -0.22501157
v 0.04034096 0.05671978 -0.16791557
v 0.01695896 0.06468578 -0.01059357
v -0.06062204 0.06227878 0.09532743
v 0.06322796 0.06287678 -0.10460657
v -0.01109604 0.06226078 0.02595443
v -0.05206804 0.06368478 0.13321143
v -0.04233104 0.06122878 0.04950543
v -0.08477204 0.06366478 0.22015743
v 0.01396796 0.06944878 -0.00898557
v 0.06896096 0.06716978 -0.17978557
v 0.00577996 0.06551978 -0.07977657
v -0.04782704 0.06340878 0.12271743
v 0.07634996 0.06778178 -0.21079657
v 0.07158896 0.06617878 -0.24065357
v -0.02245604 0.07143878 -0.00596657
v 0.01428496 0.06849178 -0.10320257
v 0.07258696 0.07185578 -0.19464857
v 0.06632296 0.06943478 -0.14678557
v 0.08464096 0.06721178 -0.23338357
v -0.08102104 0.06289778 0.20872943
v -0.10011304 0.06535578 0.21702043
v 0.05853196 0.06534578 -0.09544757
v 0.04780296 0.07016178 -0.06363657
v 0.06938196 0.06467078 -0.16490957
v -0.06446604 0.06548078 0.16605043
v -0.08820804 0.06192978 0.22329643
v -0.07023804 0.06532978 0.18041143
v 0.02004696 0.06325278 -0.11697257
v 0.02910396 0.05711178 -0.02792057
v 0.08386996 0.06962978 -0.24072057
v 0.04038796 0.07066578 -0.17251157
v -0.06491104 0.06560678 0.10474843
v 0.03671696 0.05753178 -0.15786857
v 0.06120896 0.06569278 -0.22496257
v -0.03976104 0.07170978 0.03817743
v 0.06864596 0.07102278 -0.24024657
v 0.07996096 0.06668178 -0.24354857
v 0.07996096 0.06668178 -0.24354857
v -0.09524704 0.07799378 0.19549143
v 0.03459196 0.06552178 -0.03791857
v -0.05562504 0.06563278 0.14020343
v -0.06054804 0.07099778 0.15563443
v -0.04781804 0.07182678 0.06217143
v -0.04335404 0.07043278 0.11131543
v -0.08443004 0.07248078 0.16049143
v -0.08443004 0.07248078 0.16049143
v -0.07724504 0.06684678 0.19857643
v 0.07338296 0.06875478 -0.24281857
v -0.08946204 0.07233878 0.22291943
v 0.08039896 0.06905978 -0.22050157
v -0.02654204 0.06103178 0.00771143
v -0.03502504 0.07025178 0.02473843
v -0.03502504 0.07025178 0.02473843
v -0.06596404 0.07156678 0.10585543
v -0.03090104 0.07130878 0.01579943
v -0.01919004 0.07797878 -0.01656457
v -0.06817804 0.06876178 0.11308143
v -0.01011604 0.06606578 0.02297743
v 0.02760696 0.07089478 -0.13879857
v -0.02210804 0.06864678 0.05257843
v 0.05512496 0.06929378 -0.08581357
v -0.05582904 0.07210978 0.14330943
v -0.06243804 0.07237678 0.10135743
v -0.01559304 0.06899878 -0.02306657
v -0.09047504 0.06531678 0.18057443
v -0.09904404 0.07099578 0.21149143
v 0.06658796 0.07015278 -0.16769857
v -0.06676604 0.07656378 0.10882543
v -0.06848604 0.06940078 0.11733543
v 0.06441396 0.06955078 -0.23461757
v -0.04715204 0.07086578 0.01363643
v -0.07448404 0.07041078 0.13494143
v -0.03775404 0.07137178 0.12646843
v -0.04413304 0.07367278 0.11894343
v 0.06826296 0.06799278 -0.15268557
v -0.03574204 0.07154378 0.09237743
v -0.09992904 0.07566978 0.20405543
v 0.02404196 0.07019378 -0.02370857
v -0.02323804 0.07297278 0.06055343
v 0.07594596 0.07217378 -0.24495757
v 0.07594596 0.07217378 -0.24495757
v 0.06751696 0.06572578 -0.13760057
v -0.07137104 0.06771078 0.12602143
v -0.09875104 0.06436278 0.20111243
v -0.10056104 0.07005878 0.22131143
v -0.09592904 0.06930678 0.22419243
v 0.04504896 0.06736678 -0.05682657
v -0.06437804 0.07361778 0.16748743
v 0.04271296 0.07749178 -0.17981857
v 0.05018496 0.06840278 -0.19677257
v 0.06171496 0.07193678 -0.10390357
v -0.04967204 0.06956278 0.12849243
v -0.09429504 0.07391378 0.18799043
v 0.01767196 0.07132778 -0.01623757
v -0.03913904 0.07243978 0.12293443
v -0.04638204 0.07210778 0.12174943
v 0.00963296 0.07372178 -0.00831857
v -0.09991104 0.07325578 0.21790443
v 0.07612296 0.07637478 -0.20075157
v -0.09294604 0.07586678 0.22370543
v 0.06448896 0.07246478 -0.12044457
v -0.08116804 0.07422078 0.15391143
v 0.06400696 0.07670178 -0.12813357
v 0.06493596 0.07589978 -0.23448357
v -0.06740804 0.07046478 0.17504243
v 0.05228896 0.07339278 -0.07512157
v -0.00854804 0.07280678 -0.04418957
v -0.00854804 0.07280678 -0.04418957
v -0.05721404 0.07172078 0.08808243
v -0.04327904 0.07364278 0.12233043
v 0.05472196 0.06757478 -0.20862257
v -0.00345204 0.06761478 0.01117443
v -0.03572304 0.07843178 0.02033943
v -0.03572304 0.07843178 0.02033943
v -0.07687604 0.07193778 0.19825843
v -0.00035204 0.06903978 -0.06618257
v -0.00035204 0.06903978 -0.06618257
v 0.05808296 0.07865878 -0.22013057
v -0.04672204 0.07398478 0.01494743
v -0.04672204 0.07398478 0.01494743
v -0.07940204 0.07272978 0.14556243
v 0.07201896 0.07289278 -0.24126257
v -0.04180304 0.07594178 0.11826343
v -0.03971304 0.07365978 0.12520643
v 0.06548496 0.07243278 -0.13680257
v -0.08453604 0.07629278 0.21681843
v -0.04298104 0.07487378 0.01951343
v -0.08933604 0.07599678 0.17437643
v -0.02011604 0.07717978 0.05480043
v -0.03797404 0.07434878 0.11791143
v 0.05666196 0.07506578 -0.08905357
v 0.06182196 0.07945778 -0.11493057
v -0.06746604 0.07910878 0.11397643
v -0.07157704 0.08495378 0.12408543
v -0.02892704 0.07193578 0.07556643
v 0.06772996 0.07589778 -0.23819457
v 0.07176596 0.07690378 -0.23837457
v -0.07989604 0.07928378 0.15737043
v -0.07989604 0.07928378 0.15737043
v -0.04653204 0.07813378 0.12501343
v 0.05646996 0.08093178 -0.09297257
v -0.04208104 0.07718478 0.02008143
v 0.01592396 0.07682678 -0.01906057
v 0.03127296 0.07617478 -0.03588157
v 0.06245096 0.07876578 -0.13816057
v 0.06340496 0.08071378 -0.14774257
v 0.06503296 0.07535378 -0.15509357
v -0.04597804 0.07530478 0.01186743
v -0.04597804 0.07530478 0.01186743
v -0.09679704 0.07824478 0.22015343
v 0.06326296 0.07682078 -0.22729557
v -0.04457304 0.07722178 0.11652243
v 0.01064296 0.07981078 -0.01144457
v -0.05434104 0.08492678 0.07681543
v -0.10144004 0.08077178 0.21627843
v 0.07774196 0.07570178 -0.24533757
v 0.07774196 0.07570178 -0.24533757
v -0.01332104 0.07708978 0.03833043
v 0.05068496 0.08194178 -0.07635857
v -0.05154304 0.07930178 0.13236643
v 0.08139996 0.08317878 -0.24315757
v 0.05129496 0.08560578 -0.20505357
v 0.06597296 0.08180178 -0.23922357
v 0.08367496 0.07590978 -0.23791557
v 0.07327696 0.07916478 -0.24113657
v -0.02891904 0.07682778 0.00980043
v -0.03686504 0.07822278 0.02966743
v 0.08142596 0.07905578 -0.22434357
v 0.03906496 0.07878278 -0.04896557
v -0.00841104 0.07655178 0.02464343
v -0.06817504 0.08008378 0.10571843
v -0.06546004 0.08348878 0.16807043
v -0.04779304 0.07895778 0.12582143
v -0.04090104 0.07722178 0.12705543
v -0.01092404 0.08215278 -0.03971157
v -0.07969204 0.08129678 0.14626343
v -0.08684904 0.08298378 0.21978643
v 0.03639696 0.08002678 -0.16346457
v 0.02235596 0.07875378 -0.12740857
v -0.03869404 0.07733378 0.09974143
v -0.10031404 0.07837578 0.21063543
v -0.03875204 0.08373578 0.11872343
v 0.06945196 0.07880178 -0.17848057
v -0.04977604 0.08364778 0.13129543
v 0.06011396 0.08007778 -0.10658057
v -0.07034404 0.08302278 0.11966343
v -0.03582604 0.08192378 0.02010943
v -0.03582604 0.08192378 0.02010943
v 0.04667396 0.08843678 -0.19294557
v -0.05825104 0.09395178 0.08535043
v -0.04064604 0.07784278 0.01613143
v -0.07614404 0.08000078 0.13669143
v -0.03830304 0.08058778 0.12622143
v 0.07393596 0.08275278 -0.19075857
v -0.09726104 0.08661078 0.19379543
v 0.06284996 0.08769678 -0.23551357
v -0.04277804 0.08194078 0.12909243
v 0.06552796 0.08294278 -0.15889757
v 0.04470596 0.07980678 -0.06040257
v -0.04870804 0.08274278 0.06071343
v -0.04870804 0.08274278 0.06071343
v -0.04223204 0.08247778 0.04410343
v -0.04223204 0.08247778 0.04410343
v -0.10131104 0.08481878 0.21425743
v -0.06904304 0.08811378 0.11398543
v -0.08159104 0.07702678 0.21042143
v 0.00338896 0.08259378 0.00231443
v -0.04293604 0.08368978 0.01942343
v -0.06223304 0.07955278 0.09998343
v -0.01647404 0.08327878 0.04619743
v 0.01746996 0.07980278 -0.11493557
v -0.02729004 0.08279878 0.00481443
v -0.09444804 0.08188078 0.18809743
v 0.07010296 0.08305178 -0.24017457
v -0.00956104 0.09526078 -0.04762257
v -0.09648804 0.08425378 0.21840543
v -0.04006104 0.08432978 0.01812443
v 0.05993096 0.08323478 -0.12401157
v 0.02479496 0.08180578 -0.03292157
v -0.02971104 0.08426478 0.01081243
v -0.09084604 0.08194978 0.22228943
v -0.05305104 0.08782778 0.13214543
v -0.00045304 0.08726478 0.01328443
v -0.02593804 0.08043278 0.06795843
v -0.04499604 0.08739478 0.13201443
v 0.02545796 0.08685778 -0.13809757
v -0.03710904 0.08469778 0.02065543
v -0.03710904 0.08469778 0.02065543
v -0.05945304 0.08078578 0.15064343
v -0.08027904 0.08955078 0.14749043
v -0.10386904 0.08556278 0.21046343
v -0.03219204 0.07743578 0.08344443
v 0.07829196 0.07601678 -0.21013257
v -0.08816604 0.08715678 0.21939043
v -0.06926904 0.08421278 0.17497243
v 0.06852096 0.08141978 -0.17109957
v 0.07594396 0.08535278 -0.24444457
v 0.07594396 0.08535278 -0.24444457
v 0.05703496 0.08719378 -0.11222657
v -0.08023404 0.08618878 0.20336743
v -0.04126404 0.08515478 0.01505243
v 0.07204196 0.08832678 -0.24297557
v -0.07562404 0.08497778 0.19091843
v 0.03405796 0.08682678 -0.04960357
v -0.09403504 0.08893478 0.21217543
v -0.06823504 0.08676678 0.10650943
v 0.05927396 0.08717278 -0.12481557
v -0.05612704 0.08227778 0.14245843
v -0.00785204 0.08380078 0.02811243
v -0.08645604 0.08477378 0.16528643
v 0.08116096 0.09067478 -0.23696457
v 0.03119596 0.08773178 -0.15260657
v 0.07945296 0.09058078 -0.22265057
v -0.08223004 0.08931578 0.15855343
v 0.04603196 0.08947078 -0.07753957
v -0.00194304 0.08569578 -0.06543557
v -0.03513804 0.08736078 0.01281243
v -0.03513804 0.08736078 0.01281243
v 0.01635096 0.08992678 -0.11483057
v 0.01635096 0.08992678 -0.11483057
v -0.04480804 0.08890278 0.00997243
v -0.04480804 0.08890278 0.00997243
v -0.10089204 0.09093478 0.20216843
v -0.04169104 0.09079778 0.11863543
v -0.04447604 0.08579678 0.11635743
v -0.07378404 0.09106578 0.12845043
v -0.04159004 0.08768878 0.12480643
v -0.04905904 0.09043378 0.12949143
v -0.09015904 0.08602678 0.17340043
v 0.02695096 0.08996278 -0.03860557
v 0.00578096 0.07737578 -0.08386257
v 0.00578096 0.07737578 -0.08386257
v 0.05378796 0.08676878 -0.09512257
v -0.09180504 0.09240278 0.22019443
v 0.07470396 0.08783178 -0.19624357
v -0.07851304 0.08244178 0.15387543
v -0.07851304 0.08244178 0.15387543
v -0.07710504 0.08881478 0.13616143
v 0.06958096 0.09135778 -0.23877857
v 0.07689796 0.09395678 -0.20993557
v -0.05214904 0.09106078 0.13073643
v -0.07836604 0.09939878 0.13970543
v 0.03560996 0.09734378 -0.16421457
v 0.07214296 0.08688078 -0.17942757
v -0.02608304 0.08983178 -0.00146757
v 0.05880896 0.08790578 -0.22525857
v 0.03936496 0.08876078 -0.17348357
v -0.00449504 0.07502478 -0.05597657
v -0.00449504 0.07502478 -0.05597657
v -0.05157504 0.08826778 0.01883943
v -0.05157504 0.08826778 0.01883943
v 0.06634296 0.08822778 -0.24203757
v 0.01064996 0.08977378 -0.10018457
v 0.01064996 0.08977378 -0.10018457
v -0.04524404 0.08861878 0.02100143
v 0.06097796 0.09394378 -0.13214857
v -0.10162504 0.08964978 0.21230443
v -0.10279404 0.09197778 0.20894643
v -0.09483404 0.09088878 0.18601143
v -0.02954404 0.09450278 0.06995243
v 0.07970296 0.09095078 -0.23991957
v 0.05749896 0.09628078 -0.11686857
v -0.04421104 0.09112678 0.12396443
v 0.04208796 0.08852378 -0.06659357
v -0.04249904 0.09000778 0.12683043
v -0.04519804 0.09230978 0.01052043
v -0.04875504 0.09023978 0.12376743
v -0.04474704 0.09438978 0.12076343
v -0.06598204 0.09242878 0.16523443
v 0.01168996 0.08810378 -0.01166157
v 0.07254396 0.09577978 -0.24128857
v 0.07254396 0.09577978 -0.24128857
v -0.04731104 0.09249678 0.13039743
v 0.07535196 0.09385878 -0.24204457
v 0.07535196 0.09385878 -0.24204457
v -0.03791004 0.08889778 0.02385343
v -0.01425304 0.09413078 0.03740843
v -0.04446804 0.08162678 0.11289943
v -0.09818404 0.09386078 0.19656143
v -0.02175504 0.08862278 -0.01244357
v -0.06990704 0.09764778 0.11314743
v -0.08675204 0.09082978 0.16307943
v -0.06330204 0.09055178 0.09792543
v -0.02953504 0.08996178 0.01071143
v -0.04798304 0.09419778 0.01868843
v -0.04798304 0.09419778 0.01868843
v 0.06421496 0.09376678 -0.23765957
v 0.07068296 0.09645578 -0.17581457
v 0.06987096 0.09627978 -0.23613857
v -0.06182804 0.09434278 0.15145543
v -0.09658504 0.09373278 0.21079143
v 0.06607196 0.10301778 -0.15441257
v 0.06782696 0.09167078 -0.15762757
v 0.00157396 0.09136278 -0.07625057
v -0.01847004 0.09271178 -0.02248257
v 0.00776196 0.09312378 -0.00196857
v -0.09389204 0.09343578 0.21854143
v 0.06304696 0.10291578 -0.23626957
v 0.03526496 0.09219578 -0.05477857
v -0.04939904 0.09431778 0.01392743
v -0.05016804 0.09383478 0.12477943
v -0.05397304 0.09543278 0.13131243
v 0.05623496 0.09505578 -0.22285057
v -0.00501404 0.09528378 0.01985643
v 0.02033996 0.09166478 -0.02632057
v 0.07309696 0.09722778 -0.19659657
v -0.08466604 0.09075378 0.21244843
v -0.07125204 0.09637778 0.11844843
v 0.05222696 0.09315478 -0.09868657
v 0.01153696 0.10055078 -0.10520257
v 0.01598496 0.09671078 -0.01666857
v -0.10077104 0.09788478 0.20721843
v -0.09386604 0.09382978 0.21418143
v -0.05508604 0.10177578 0.07505643
v 0.05989096 0.09702478 -0.23061657
v 0.02193996 0.09363578 -0.12999457
v -0.05064104 0.09461978 0.12785943
v -0.04724604 0.09749478 0.11461443
v -0.09936804 0.10076278 0.19807543
v -0.07008104 0.09613978 0.10601943
v -0.01469804 0.09586778 -0.03442157
v -0.04602404 0.09902078 0.01730243
v 0.07441296 0.10367378 -0.21165157
v -0.08297104 0.09928078 0.15519443
v -0.08297104 0.09928078 0.15519443
v -0.03777604 0.09525878 0.02676043
v -0.00629104 0.10004078 -0.05748057
v -0.05238604 0.10029778 0.12820943
v 0.05060596 0.09817778 -0.20752457
v 0.04581696 0.10170378 -0.08501457
v -0.02211004 0.09520478 0.05271743
v -0.09106304 0.09726978 0.17715443
v 0.00186296 0.10038778 0.00598543
v -0.04278204 0.09982878 0.02196743
v -0.04278204 0.09982878 0.02196743
v -0.04733104 0.12047378 0.09975243
v -0.03797804 0.09401578 0.01269343
v -0.08882904 0.09533578 0.16993943
v -0.07891104 0.09245678 0.19639043
v -0.07212304 0.09963078 0.10686643
v 0.04327696 0.09757178 -0.18549557
v -0.00044904 0.10380478 -0.07357257
v 0.03943496 0.09869378 -0.17609457
v 0.02801596 0.09848178 -0.03946257
v -0.04094704 0.10089178 0.03625343
v -0.04094704 0.10089178 0.03625343
v -0.04542004 0.10040278 0.12178443
v -0.05847504 0.09793978 0.14070943
v -0.09671904 0.10072578 0.19149743
v -0.09438604 0.09875278 0.21123243
v -0.09278104 0.10374078 0.21487143
v -0.04454204 0.09774378 0.12675343
v 0.07969396 0.09913678 -0.23865657
v -0.07201004 0.10340178 0.10773743
v -0.02979404 0.09887678 0.00580543
v -0.04696504 0.09677478 0.05321143
v -0.09959904 0.10343278 0.20906343
v -0.05206204 0.10161778 0.06573843
v -0.05206204 0.10161778 0.06573843
v -0.07590004 0.09979178 0.13556943
v 0.06801296 0.10035478 -0.23644257
v 0.07188796 0.10344778 -0.24294357
v 0.07188796 0.10344778 -0.24294357
v 0.01059196 0.10113878 -0.00801557
v -0.01298904 0.10650978 -0.04087157
v -0.03764404 0.10046478 0.08626843
v 0.06689096 0.10504078 -0.16586557
v -0.04284504 0.09431178 0.10223643
v -0.08182504 0.10822378 0.19783643
v 0.07792196 0.09871878 -0.22561057
v -0.03621504 0.10387878 0.01431943
v -0.06608204 0.10190378 0.15971943
v 0.05443496 0.10333278 -0.10705857
v 0.07155896 0.10843778 -0.20121057
v -0.03232304 0.09919778 0.01069043
v 0.07616096 0.11090478 -0.23666757
v -0.08691604 0.10656278 0.16169443
v -0.09457604 0.10479978 0.20964043
v -0.05130204 0.10309278 0.12479543
v 0.02443596 0.10124778 -0.03047257
v -0.02338804 0.10765778 0.04927043
v -0.08249604 0.10291878 0.15265043
v -0.08249604 0.10291878 0.15265043
v 0.06727996 0.10574778 -0.23703657
v -0.05489704 0.10608278 0.13018743
v -0.06406904 0.09697978 0.09909843
v -0.05864004 0.10497578 0.08506743
v -0.09052504 0.09768178 0.21831243
v -0.09412304 0.10674278 0.18178243
v -0.09752704 0.10842878 0.20021843
v 0.03757596 0.10451778 -0.17228657
v -0.07028804 0.10593678 0.11534443
v 0.03960696 0.10128478 -0.06790457
v 0.06080696 0.10485978 -0.12160657
v 0.04570196 0.10319178 -0.19302457
v -0.06494304 0.10382378 0.10155443
v 0.06424596 0.09989478 -0.13946657
v -0.04383104 0.09983878 0.11844743
v 0.07921796 0.10266978 -0.23537657
v 0.03244496 0.10983678 -0.04687157
v -0.07400104 0.10228178 0.12686843
v -0.06896004 0.09849978 0.16738543
v -0.00564404 0.11007878 -0.06310057
v 0.04514596 0.10646278 -0.18101157
v -0.04306704 0.10502278 0.01802043
v 0.06214596 0.10743778 -0.23533457
v -0.09179204 0.10599978 0.17285443
v -0.08664604 0.10369878 0.21036643
v 0.02390296 0.10511378 -0.13809357
v 0.02390296 0.10511378 -0.13809357
v -0.07349804 0.10688078 0.10718243
v 0.07069896 0.10487878 -0.19168657
v 0.03352796 0.10400478 -0.05212857
v -0.07432204 0.10732078 0.13138443
v 0.06760096 0.10962578 -0.17932357
v -0.09672204 0.10778878 0.20702743
v -0.03900204 0.10970978 0.03006543
v -0.03900204 0.10970978 0.03006543
v -0.09029704 0.10835378 0.21225243
v 0.06865296 0.10564778 -0.24166857
v 0.06865296 0.10564778 -0.24166857
v -0.07167304 0.10803278 0.12106843
v -0.04848304 0.10975878 0.05991043
v -0.04845104 0.11051078 0.11243843
v -0.03982904 0.10954578 0.02433843
v -0.03982904 0.10954578 0.02433843
v 0.06221296 0.10495778 -0.12951857
v -0.04541704 0.10758778 0.11743543
v 0.05005296 0.10732078 -0.09762357
v -0.02151104 0.10558978 -0.01773757
v 0.04715396 0.10809678 -0.20350857
v -0.02978904 0.11124978 0.06202743
v -0.07209904 0.10604778 0.17203243
v -0.01135504 0.10473978 0.02682943
v -0.08991704 0.11221878 0.16608443
v -0.04839704 0.10763078 0.12319843
v 0.07516896 0.10940878 -0.22476057
v 0.04564396 0.11013378 -0.18590557
v -0.03526304 0.11418478 0.01640643
v 0.02908096 0.10919478 -0.15259657
v 0.02908096 0.10919478 -0.15259657
v -0.01010604 0.11525678 0.01852143
v 0.06674396 0.11006878 -0.23888357
v -0.09094304 0.10956178 0.20935743
v 0.04165996 0.11013978 -0.07517957
v 0.04479396 0.11578678 -0.19170357
v 0.03535196 0.11171778 -0.05910557
v 0.03155996 0.09929978 -0.15658157
v -0.08193404 0.10995478 0.15005743
v -0.08193404 0.10995478 0.15005743
v 0.04321496 0.11331878 -0.18030957
v -0.09578004 0.11207678 0.19020243
v 0.01754496 0.10544378 -0.12162357
v 0.01754496 0.10544378 -0.12162357
v 0.06333296 0.11911678 -0.17312557
v 0.03530796 0.11182178 -0.16968357
v 0.03530796 0.11182178 -0.16968357
v -0.07876604 0.10919878 0.13958543
v -0.07876604 0.10919878 0.13958543
v 0.00539296 0.10867978 -0.09026057
v 0.05272996 0.11071478 -0.21594457
v 0.02969596 0.11705978 -0.04403657
v -0.08469304 0.11128078 0.20194743
v -0.07638204 0.11479078 0.18192543
v -0.06630104 0.11156678 0.15544143
v -0.09565604 0.11585478 0.18975743
v -0.00072504 0.11280978 0.00391243
v 0.07227096 0.11367878 -0.24110157
v 0.05516496 0.10937478 -0.10789157
v -0.04657104 0.11059078 0.05110843
v -0.05900804 0.11290378 0.08613343
v -0.05900804 0.11290378 0.08613343
v -0.05675604 0.11134678 0.07381943
v -0.05675604 0.11134678 0.07381943
v -0.09253204 0.11201478 0.20629443
v -0.05008504 0.11820978 0.10958343
v 0.04676196 0.11099978 -0.08995257
v 0.06265796 0.11091578 -0.14316557
v 0.05826896 0.10922378 -0.22771257
v -0.02794204 0.10954378 -0.00160857
v -0.03967704 0.11036978 0.02017543
v 0.02154096 0.11504978 -0.13300457
v -0.09155804 0.11446978 0.20800943
v -0.07184404 0.11587178 0.11922243
v -0.06978304 0.11869678 0.12580743
v 0.06177496 0.11617378 -0.23249057
v 0.06177496 0.11617378 -0.23249057
v 0.07644796 0.11323378 -0.23292057
v -0.05084104 0.11499278 0.12333243
v -0.05558804 0.11469778 0.07030843
v -0.05558804 0.11469778 0.07030843
v -0.07214304 0.11432778 0.10907743
v -0.06813704 0.11765178 0.15605243
v -0.09494904 0.11344078 0.17606243
v -0.09383804 0.11277578 0.20124643
v -0.06650804 0.11435978 0.10380443
v -0.06650804 0.11435978 0.10380443
v 0.06790296 0.11454678 -0.24071357
v 0.06790296 0.11454678 -0.24071357
v -0.05379804 0.11608478 0.12649143
v -0.09134504 0.11759578 0.19489943
v 0.06207096 0.11860878 -0.16052457
v -0.06353504 0.11787378 0.14610043
v -0.07710704 0.11761078 0.14255543
v 0.02043596 0.10864578 -0.02566257
v 0.06394296 0.11265178 -0.23813357
v 0.06394296 0.11265178 -0.23813357
v 0.04311396 0.12093478 -0.18242857
v -0.08522204 0.11473578 0.15861443
v -0.08419704 0.12165378 0.16213143
v -0.06350804 0.11525078 0.09973743
v -0.06350804 0.11525078 0.09973743
v 0.06980896 0.11518878 -0.20536057
v -0.08976504 0.11517578 0.20483943
v -0.07403804 0.11951578 0.11526843
v -0.07403804 0.11951578 0.11526843
v -0.08632904 0.11892378 0.19591143
v -0.05915204 0.11383978 0.13718943
v -0.01675004 0.11681778 0.03055843
v -0.07923004 0.11909278 0.15072243
v -0.07298604 0.11871978 0.13384543
v -0.06979004 0.11839978 0.10739943
v -0.06979004 0.11839978 0.10739943
v 0.06655896 0.11905378 -0.23730157
v -0.03070704 0.12066478 0.00401943
v 0.06999596 0.11809678 -0.23685957
v 0.05762196 0.11806578 -0.22673457
v 0.05762196 0.11806578 -0.22673457
v 0.05868996 0.12043978 -0.13862557
v 0.00991396 0.11406778 -0.01326457
v -0.03605404 0.11395178 0.07506543
v 0.00263596 0.12244378 -0.08448557
v 0.07420596 0.11841078 -0.23188157
v -0.08218904 0.12137878 0.15502443
v 0.06594096 0.12354778 -0.19377757
v 0.03828596 0.11744978 -0.17628057
v 0.03828596 0.11744978 -0.17628057
v 0.03842696 0.11550078 -0.07159757
v -0.05545204 0.11668678 0.13046743
v -0.08985104 0.11796378 0.16884543
v -0.07522404 0.12312378 0.17046943
v -0.09401104 0.11919178 0.18391143
v -0.08947504 0.11839478 0.19844943
v 0.00826496 0.11950778 -0.09936157
v 0.01598596 0.11786078 -0.11949757
v 0.05851296 0.11695278 -0.12615857
v 0.05418396 0.12025078 -0.10860357
v -0.08258004 0.12001578 0.17225343
v -0.05008604 0.11740278 0.06314943
v -0.08961004 0.12074378 0.17448143
v 0.01250296 0.11398678 -0.10964457
v -0.05997204 0.12122078 0.13185343
v 0.07035296 0.12094478 -0.21455957
v 0.07255396 0.12293278 -0.22622257
v -0.05865604 0.11893778 0.09058043
v -0.06533604 0.12169978 0.10894543
v -0.00480804 0.11889778 -0.06528157
v -0.03769004 0.11965378 0.02398243
v -0.06171804 0.12247878 0.10466543
v -0.00492804 0.12992478 0.00019943
v -0.09201104 0.11818978 0.17146943
v -0.01065904 0.12292378 -0.05037457
v -0.07167804 0.12544778 0.15719943
v -0.08535304 0.12227478 0.18855543
v -0.06924304 0.12309978 0.14653343
v 0.04584796 0.12152778 -0.09591957
v 0.06297496 0.12518078 -0.23346557
v -0.07887504 0.11994178 0.18317243
v -0.06920304 0.12277178 0.12408643
v -0.06920304 0.12277178 0.12408643
v 0.03593996 0.13145178 -0.07751257
v -0.07713904 0.12420678 0.14929143
v -0.07521804 0.12134478 0.14450943
v -0.08016504 0.12443778 0.15587843
v -0.06966904 0.12351978 0.11780743
v -0.07223504 0.12189678 0.13956743
v -0.07223504 0.12189678 0.13956743
v -0.05352004 0.12418278 0.09625143
v -0.05321804 0.12316978 0.10912143
v 0.02244596 0.12562578 -0.13622457
v 0.06309696 0.12090978 -0.23195757
v 0.02846596 0.12367678 -0.15301257
v -0.08011504 0.12356478 0.17263443
v -0.05820204 0.12269878 0.12767243
v -0.08778204 0.12266078 0.18381343
v -0.08337204 0.12302078 0.17841243
v 0.06932296 0.12517278 -0.23357557
v -0.07719904 0.12424178 0.17196543
v -0.05805204 0.12454178 0.10067443
v -0.04147004 0.12112178 0.08476243
v -0.06057404 0.12246678 0.12477343
v -0.08105104 0.12331478 0.16596443
v 0.04935996 0.11932578 -0.20562657
v -0.06352304 0.12196578 0.13913543
v -0.05625404 0.12339778 0.12260443
v -0.04739404 0.12405078 0.09564443
v -0.05310204 0.12359378 0.11455043
v -0.05314704 0.12239178 0.07768243
v -0.06527604 0.12355078 0.14445643
v -0.04844904 0.12853978 0.06642343
v -0.01990304 0.12211878 -0.02558757
v -0.07063204 0.12445078 0.14958643
v -0.06299304 0.12436178 0.11036843
v -0.04140804 0.13241278 0.03939543
v -0.08355704 0.12500178 0.16354243
v -0.05672404 0.12544578 0.11293843
v -0.05115604 0.12544778 0.09786543
v -0.05117804 0.12624078 0.07946843
v 0.04850796 0.13501378 -0.10795957
v -0.07524804 0.12586978 0.16504643
v -0.06820204 0.12673778 0.13127143
v -0.06820204 0.12673778 0.13127143
v -0.05576504 0.12504578 0.09279443
v -0.07119204 0.12462578 0.13531843
v -0.07119204 0.12462578 0.13531843
v 0.04452696 0.12841078 -0.09716157
v -0.04368004 0.11822478 0.04280243
v -0.04368004 0.11822478 0.04280243
v -0.03995104 0.12443378 0.03004143
v 0.04350796 0.12618878 -0.18852157
v 0.04350796 0.12618878 -0.18852157
v 0.03227196 0.12495678 -0.16302057
v -0.05108504 0.12584478 0.07136043
v -0.00159904 0.12919378 -0.07385957
v -0.05891904 0.12440678 0.11754043
v -0.05567704 0.12467178 0.10547343
v -0.06404304 0.12440878 0.12411243
v 0.06924496 0.12732478 -0.22035957
v 0.05303896 0.12447078 -0.21482657
v 0.05303896 0.12447078 -0.21482657
v 0.05525996 0.12454278 -0.11908457
v -0.02400804 0.11878978 -0.01410957
v -0.01485204 0.12589178 -0.03906957
v -0.05305204 0.12558578 0.08686643
v -0.07359404 0.12518178 0.16036743
v -0.07655804 0.12603478 0.15554543
v -0.01386204 0.13268378 0.01480943
v 0.06065996 0.12613478 -0.17421257
v 0.05567296 0.13322978 -0.15416757
v 0.00562296 0.12762878 -0.01469357
v 0.06485996 0.12117478 -0.18504957
v 0.06825296 0.12797878 -0.22673757
v -0.02450704 0.13031578 0.03856943
v -0.04714504 0.12761178 0.08825843
v 0.04720096 0.13079778 -0.20047957
v 0.04720096 0.13079778 -0.20047957
v 0.06378496 0.13391678 -0.20075557
v 0.03254296 0.12434578 -0.05437857
v -0.04384104 0.13309578 0.05635643
v -0.04916904 0.12776278 0.08471443
v -0.04336604 0.13054378 0.07862943
v 0.06640996 0.12519378 -0.20465357
v 0.05742596 0.12616378 -0.14709557
v 0.06242596 0.13091278 -0.22584157
v -0.03410704 0.13077878 0.05998043
v -0.03711004 0.12762278 0.06969443
v 0.06225896 0.12980878 -0.22955857
v 0.05281496 0.13470178 -0.13198457
v 0.06484796 0.13031978 -0.22986857
v 0.05798596 0.13072578 -0.16606557
v 0.03405396 0.12507778 -0.06441257
v -0.04510204 0.12644778 0.05096543
v 0.03736896 0.12921078 -0.17629257
v 0.03736896 0.12921078 -0.17629257
v 0.00826096 0.13958478 -0.09734757
v -0.04893904 0.12927278 0.07131843
v -0.02864804 0.13315378 -0.00133457
v 0.06668496 0.13182478 -0.22105257
v -0.00470704 0.13059678 -0.06388457
v 0.05050496 0.13277778 -0.20847357
v -0.04649104 0.13146878 0.06123643
v 0.02569696 0.13493678 -0.14450257
v 0.06596796 0.13283678 -0.21187957
v -0.04844304 0.13201878 0.07898943
v -0.03301804 0.13160178 0.01051243
v -0.00906604 0.13388578 -0.05411557
v -0.04157304 0.13272578 0.05206943
v -0.02427004 0.13728078 -0.01357657
v 0.05920096 0.13278378 -0.17907557
v 0.05442796 0.13308378 -0.21442957
v -0.03814204 0.13365178 0.02736243
v 0.06181196 0.13319178 -0.22175657
v 0.03007296 0.14171278 -0.07043557
v 0.00452096 0.13579278 -0.08834157
v -0.04525904 0.13286178 0.07300143
v -0.04150404 0.13507978 0.04774643
v 0.06204196 0.13223478 -0.18735757
v 0.06055096 0.13471578 -0.21542157
v -0.03714604 0.13511478 0.05941843
v 0.03582296 0.13870878 -0.17077457
v -0.03984304 0.13314278 0.06522343
v -0.03736404 0.13471578 0.05058543
v -0.00402604 0.13756978 -0.06185757
v 0.05726296 0.13130678 -0.22022457
v 0.06351496 0.13425178 -0.20382357
v -0.04098604 0.13978078 0.03931643
v 0.05509996 0.13736778 -0.21275857
v -0.03099704 0.13492678 0.04983943
v -0.03587904 0.13496678 0.05439043
v -0.02659604 0.13926078 0.03547643
v 0.02399496 0.13253278 -0.04558857
v 0.04067596 0.13228778 -0.18378257
v 0.04067596 0.13228778 -0.18378257
v 0.01757996 0.12822178 -0.03283657
v -0.01614804 0.13479278 -0.03532957
v -0.03908704 0.13718878 0.03525743
v -0.03558904 0.13937078 0.02255443
v 0.06093896 0.13792478 -0.20620557
v -0.03442104 0.13811178 0.03918643
v -0.02072004 0.14450778 -0.02143657
v 0.01371796 0.14438478 -0.11072257
v 0.05298596 0.13668178 -0.14524657
v -0.03568404 0.13810978 0.02752443
v 0.02767296 0.14628778 -0.14786857
v 0.05672996 0.13959678 -0.20733957
v 0.04171796 0.13916978 -0.09878957
v 0.01925496 0.13489578 -0.12704057
v 0.03883896 0.14647778 -0.17571157
v -0.03611004 0.13908278 0.04529243
v 0.00692596 0.13902978 -0.02446057
v -0.03906204 0.14003478 0.04498643
v -0.03014304 0.14058078 0.03623543
v -0.03688604 0.13935178 0.03535343
v 0.05126096 0.13754778 -0.20699957
v 0.04538296 0.14173178 -0.19353857
v -0.03741904 0.14106078 0.04002243
v 0.05567896 0.14041178 -0.18027657
v 0.03379196 0.14195378 -0.08232357
v 0.02980696 0.13598378 -0.05935657
v -0.03290904 0.13881778 0.04673243
v 0.00448096 0.14575778 -0.08530857
v -0.00168504 0.13838578 -0.01094557
v 0.05115896 0.13644178 -0.12359257
v 0.01356696 0.12888078 -0.11297457
v -0.03150704 0.14189378 0.02840343
v -0.03299104 0.14154278 0.01278243
v -0.00531104 0.14274678 -0.06050157
v 0.05082596 0.14310178 -0.20030057
v 0.05294896 0.14132878 -0.16202357
v 0.05982596 0.14238378 -0.19582357
v -0.02983004 0.14333178 0.00474443
v 0.03543596 0.15017678 -0.09672857
v -0.02599504 0.14209678 0.03046043
v 0.02617496 0.14875278 -0.06567857
v 0.05640596 0.14493878 -0.18904057
v 0.05251396 0.14353978 -0.19969557
v -0.02793504 0.14530778 0.01872443
v -0.01132604 0.14695878 -0.00087657
v 0.04610096 0.14458378 -0.11863257
v -0.01785304 0.14511478 0.01343943
v 0.05422296 0.14346578 -0.19410357
v -0.00642704 0.14705478 -0.05802257
v -0.02733404 0.14455578 0.02779543
v 0.04822496 0.14515978 -0.13577357
v -0.02825804 0.14597078 -0.00023957
v 0.02377096 0.14802578 -0.05889357
v 0.00607196 0.14678778 -0.02993357
v 0.04884296 0.14744178 -0.19301257
v -0.03016204 0.14571978 0.00960743
v 0.05320196 0.14628678 -0.17987857
v 0.02362796 0.13518678 -0.13565057
v 0.01486196 0.14787478 -0.04461657
v -0.01355004 0.14210078 -0.04192357
v 0.05274096 0.14685378 -0.17201657
v 0.04398696 0.14797478 -0.18456557
v 0.00382796 0.15307778 -0.08342057
v 0.05021396 0.14527578 -0.18966557
v 0.05384296 0.14719378 -0.18607957
v 0.02528796 0.15075078 -0.13868657
v 0.04564396 0.14807578 -0.13119357
v 0.03129896 0.14174878 -0.15876757
v -0.02513604 0.14814578 -0.00790457
v 0.04064196 0.14685878 -0.10305957
v -0.02324204 0.14786578 0.01608143
v 0.04977496 0.14726678 -0.18197457
v -0.02054804 0.14953478 0.01004743
v -0.01831804 0.14928878 -0.02627157
v 0.04138996 0.15196678 -0.11737757
v -0.00649604 0.15579878 -0.05332757
v 0.04898296 0.14910278 -0.18626657
v 0.02180796 0.15105978 -0.12854757
v 0.04307296 0.14999278 -0.18121757
v 0.02263196 0.15595678 -0.06954857
v 0.04873296 0.14879378 -0.15563357
v 0.04873496 0.15134778 -0.17283257
v 0.00093296 0.15071978 -0.07687857
v -0.02590904 0.14914478 0.00586443
v 0.04569996 0.14968878 -0.17685957
v 0.04572496 0.15074978 -0.14340657
v 0.03471696 0.14698278 -0.16530557
v -0.01503904 0.15317578 -0.03267957
v 0.03107196 0.14947278 -0.08333357
v 0.00907996 0.15172178 -0.10002857
v -0.02416604 0.14983078 -0.00229257
v -0.02063204 0.15188178 -0.01067357
v -0.01732804 0.15200278 0.00378743
v 0.03201296 0.15160578 -0.15786157
v 0.04104896 0.15310378 -0.17203157
v 0.02715296 0.15421378 -0.14472157
v -0.01719304 0.15308678 -0.00723757
v 0.04070196 0.15394078 -0.12714357
v -0.01599004 0.15445878 -0.02630857
v 0.04639096 0.15230678 -0.16463357
v -0.01488704 0.15379678 -0.00181257
v -0.01255404 0.15049878 -0.04055357
v -0.01937804 0.15249978 -0.01717657
v 0.00638396 0.15221578 -0.09128657
v 0.04204096 0.14865078 -0.10923557
v -0.01489104 0.15459278 -0.01621057
v 0.01972696 0.15666778 -0.06314157
v -0.00719204 0.15363878 -0.01412657
v 0.03561896 0.15286178 -0.16757157
v 0.00599896 0.16070178 -0.04422457
v 0.04369096 0.15676178 -0.15508257
v 0.03220096 0.15802378 -0.15279857
v -0.01359904 0.15721478 -0.03037457
v 0.03927196 0.15720278 -0.16906857
v 0.02604296 0.15786378 -0.08339357
v 0.04002496 0.15667078 -0.16009457
v 0.03526196 0.15624478 -0.15694757
v 0.03576096 0.15969578 -0.16355557
v -0.01404004 0.15577078 -0.01005057
v -0.01040904 0.15621678 -0.01434757
v -0.00852604 0.15715078 -0.04676157
v 0.03261596 0.15723678 -0.09941257
v -0.00352804 0.15702378 -0.02403857
v 0.01249296 0.15936878 -0.09711057
v -0.00288804 0.16167478 -0.05952057
v -0.00812804 0.15835178 -0.02124257
v 0.00125396 0.15787678 -0.03384157
v 0.03957796 0.15919178 -0.14648857
v 0.00158596 0.15925978 -0.07294557
v 0.01851696 0.15571478 -0.11656757
v -0.01164804 0.15769878 -0.04140057
v 0.04031396 0.15809178 -0.15071657
v -0.01181104 0.15805678 -0.03650657
v 0.03676096 0.15820578 -0.11261557
v -0.00687604 0.15911078 -0.04460557
v 0.03390296 0.16031578 -0.14689657
v 0.01517696 0.15809978 -0.10748957
v 0.02437696 0.15773278 -0.12789957
v -0.00468904 0.15908978 -0.04096157
v -0.00105604 0.15931778 -0.06623257
v 0.02775796 0.15970878 -0.13589957
v 0.02343696 0.16297678 -0.09126757
v -0.00331004 0.16055378 -0.05368657
v 0.00862896 0.16010678 -0.08761157
v -0.00702304 0.15994478 -0.03096557
v -0.00187004 0.16117178 -0.03622057
v 0.00113596 0.16212078 -0.06823057
v -0.00057404 0.16140378 -0.04305557
v 0.03757896 0.16169678 -0.13844757
v 0.00539996 0.16187178 -0.07305657
v 0.02884196 0.16342178 -0.12833357
v 0.03741996 0.16020578 -0.13157657
v 0.01772396 0.16359278 -0.07025057
v 0.00327796 0.16223378 -0.06664357
v 0.02443196 0.16049078 -0.12307857
v 0.03501996 0.16099678 -0.11985857
v 0.01229196 0.16188478 -0.09179957
v 0.03398696 0.16286578 -0.13446257
v 0.02915096 0.15852078 -0.14554757
v 0.00249396 0.16320578 -0.05808357
v 0.01788596 0.16176978 -0.09810057
v 0.02962496 0.16206878 -0.13319757
v 0.00519696 0.16174178 -0.07938957
v 0.01922496 0.16211578 -0.11172357
v 0.00558196 0.16190978 -0.06446357
v 0.00803896 0.16407078 -0.07660557
v 0.00753296 0.16429178 -0.05439557
v 0.00439496 0.16469278 -0.06970557
v 0.03076996 0.16435478 -0.14459357
v 0.02013196 0.16377778 -0.09532257
v 0.02283596 0.16209078 -0.11757957
v 0.01984196 0.16343578 -0.08717957
v 0.03213896 0.16353778 -0.12509957
v 0.00437396 0.16282178 -0.04590357
v 0.02321296 0.16549778 -0.09915757
v 0.02919896 0.16532778 -0.10860857
v 0.02484696 0.16592478 -0.12402957
v 0.02106496 0.16593178 -0.10386657
v 0.02744496 0.16362078 -0.13952257
v 0.00804196 0.16603278 -0.06339957
v 0.03002896 0.16728378 -0.12237357
v 0.03196996 0.16395578 -0.11898457
v 0.02798296 0.16435978 -0.10239857
v 0.01731596 0.16546678 -0.08253157
v 0.02704696 0.16696978 -0.11964457
v 0.01245196 0.16558378 -0.07839657
v 0.01281896 0.16614578 -0.06892857
v 0.01075996 0.16664478 -0.07455757
v 0.00661696 0.16681378 -0.05970157
v 0.01833596 0.16432578 -0.07649357
v 0.02115296 0.16727478 -0.10762257
v 0.02312796 0.16708178 -0.11648157
vt 0.67791200 0.39904600
vt 0.67647800 0.39946800
vt 0.46565600 0.40707700
vt 0.50000000 0.50000000
vt 0.67735700 0.40214100
vt 0.67986100 0.40104900
vt 0.84133600 0.60167200
vt 0.88983800 0.35622600
vt 0.50000000 0.50000000
vt 0.49081600 0.41080500
vt 0.50000000 0.50000000
vt 0.84341500 0.60893400
vt 0.50000000 0.50000000
vt 0.84270300 0.60403700
vt 0.50000000 0.50000000
vt 0.46616000 0.40630700
vt 0.49474900 0.41083600
vt 0.50000000 0.50000000
vt 0.83982900 0.55504600
vt 0.85560300 0.32460600
vt 0.50000000 0.50000000
vt 0.67699700 0.39651400
vt 0.50000000 0.50000000
vt 0.66543800 0.18654000
vt 0.50000000 0.50000000
vt 0.66620200 0.18805300
vt 0.45362700 0.40210700
vt 0.50000000 0.50000000
vt 0.50000000 0.50000000
vt 0.65971600 0.18970500
vt 0.84167600 0.60636600
vt 0.50000000 0.50000000
vt 0.83864800 0.56786500
vt 0.50000000 0.50000000
vt 0.84017300 0.55704600
vt 0.85783400 0.32564500
vt 0.50000000 0.50000000
vt 0.83981400 0.55272100
vt 0.85397400 0.32148000
vt 0.85662500 0.32435700
vt 0.84031900 0.55550800
vt 0.68110700 0.39878100
vt 0.50000000 0.50000000
vt 0.68170500 0.40479300
vt 0.65701400 0.18872100
vt 0.50000000 0.50000000
vt 0.65796400 0.19158300
vt 0.68671500 0.40639600
vt 0.50000000 0.50000000
vt 0.84493100 0.31426800
vt 0.50000000 0.50000000
vt 0.87855700 0.34234200
vt 0.50000000 0.50000000
vt 0.83027600 0.30165000
vt 0.64950800 0.19914000
vt 0.50000000 0.50000000
vt 0.50000000 0.50000000
vt 0.44191200 0.39949300
vt 0.69221000 0.41659400
vt 0.50000000 0.50000000
vt 0.84352000 0.60237000
vt 0.89165100 0.35528200
vt 0.26901200 0.69078500
vt 0.66324400 0.18982800
vt 0.48745200 0.40983400
vt 0.50000000 0.50000000
vt 0.68245800 0.40189000
vt 0.50000000 0.50000000
vt 0.68283400 0.39952300
vt 0.50000000 0.50000000
vt 0.68346900 0.40697300
vt 0.50000000 0.50000000
vt 0.69612500 0.16751600
vt 0.65458500 0.19109800
vt 0.50000000 0.50000000
vt 0.54292000 0.84008300
vt 0.50000000 0.50000000
vt 0.69740100 0.16536100
vt 0.53964900 0.83418900
vt 0.50000000 0.50000000
vt 0.84106600 0.31203500
vt 0.50000000 0.50000000
vt 0.83929700 0.30984700
vt 0.83885100 0.55288300
vt 0.50000000 0.50000000
vt 0.50000000 0.50000000
vt 0.83530700 0.30727500
vt 0.44700700 0.40149100
vt 0.50000000 0.50000000
vt 0.67804700 0.17810200
vt 0.50000000 0.50000000
vt 0.69444500 0.41943200
vt 0.50000000 0.50000000
vt 0.84036900 0.61267600
vt 0.50000000 0.50000000
vt 0.88762200 0.35395200
vt 0.50000000 0.50000000
vt 0.84097300 0.61586500
vt 0.50000000 0.50000000
vt 0.50000000 0.50000000
vt 0.84334600 0.61373400
vt 0.84416100 0.61117600
vt 0.90381100 0.36642100
vt 0.50000000 0.50000000
vt 0.84310500 0.61843900
vt 0.22965700 0.69051900
vt 0.50000000 0.50000000
vt 0.84443600 0.61629600
vt 0.86251400 0.32856000
vt 0.50000000 0.50000000
vt 0.84487800 0.61466500
vt 0.90762200 0.36787100
vt 0.90540400 0.36690500
vt 0.84497400 0.61274900
vt 0.69346300 0.42084200
vt 0.68857900 0.17184900
vt 0.50000000 0.50000000
vt 0.54057300 0.83711000
vt 0.70208000 0.16284200
vt 0.50000000 0.50000000
vt 0.67982500 0.17921200
vt 0.67498600 0.39001000
vt 0.50000000 0.50000000
vt 0.48147200 0.40955700
vt 0.50000000 0.50000000
vt 0.67526600 0.39671800
vt 0.50000000 0.50000000
vt 0.48754500 0.40840600
vt 0.45699000 0.40315800
vt 0.50000000 0.50000000
vt 0.46071900 0.40319700
vt 0.50000000 0.50000000
vt 0.84452300 0.60959100
vt 0.90188800 0.36371500
vt 0.67229000 0.39464000
vt 0.65878400 0.19381600
vt 0.67959000 0.40430700
vt 0.84257100 0.31078800
vt 0.46862300 0.40708800
vt 0.50000000 0.50000000
vt 0.50000000 0.50000000
vt 0.67410400 0.18214700
vt 0.84491300 0.60555900
vt 0.27150400 0.68906900
vt 0.50000000 0.50000000
vt 0.68904700 0.41765100
vt 0.43483200 0.39921800
vt 0.50000000 0.50000000
vt 0.33038200 0.66415300
vt 0.50000000 0.50000000
vt 0.83575000 0.30618200
vt 0.84427900 0.62177300
vt 0.69581100 0.42779200
vt 0.50000000 0.50000000
vt 0.88399600 0.35024100
vt 0.30087600 0.66676100
vt 0.50000000 0.50000000
vt 0.88256800 0.34418800
vt 0.50000000 0.50000000
vt 0.87801200 0.34592800
vt 0.50000000 0.50000000
vt 0.25183200 0.68296500
vt 0.50000000 0.50000000
vt 0.83877600 0.56954800
vt 0.50000000 0.50000000
vt 0.86759400 0.33165000
vt 0.84080900 0.56837000
vt 0.41781300 0.39704700
vt 0.50000000 0.50000000
vt 0.23176300 0.69074400
vt 0.68593500 0.17328700
vt 0.50000000 0.50000000
vt 0.68228200 0.17634500
vt 0.50000000 0.50000000
vt 0.32503400 0.66404000
vt 0.50000000 0.50000000
vt 0.87576600 0.34068100
vt 0.50000000 0.50000000
vt 0.65156800 0.19653800
vt 0.50000000 0.50000000
vt 0.50000000 0.50000000
vt 0.34087700 0.66061500
vt 0.67290700 0.39604800
vt 0.84055300 0.56585700
vt 0.86595700 0.33016500
vt 0.50000000 0.50000000
vt 0.69796400 0.41925700
vt 0.50000000 0.50000000
vt 0.68672200 0.41101300
vt 0.50000000 0.50000000
vt 0.68842000 0.41351500
vt 0.50000000 0.50000000
vt 0.69611200 0.42262000
vt 0.69759200 0.42508900
vt 0.50000000 0.50000000
vt 0.84268400 0.62007800
vt 0.68567000 0.17558000
vt 0.69337700 0.42269300
vt 0.66573600 0.38382000
vt 0.50000000 0.50000000
vt 0.68355000 0.41180900
vt 0.71345400 0.15386100
vt 0.50000000 0.50000000
vt 0.68517600 0.41252700
vt 0.65027200 0.20040900
vt 0.83152500 0.29959600
vt 0.68672200 0.41392700
vt 0.84428700 0.60583400
vt 0.89712600 0.35868400
vt 0.27077800 0.68844900
vt 0.50000000 0.50000000
vt 0.71552500 0.15279200
vt 0.84509900 0.60440100
vt 0.26467000 0.67868400
vt 0.27049500 0.69042600
vt 0.50000000 0.50000000
vt 0.84037400 0.54802400
vt 0.84980900 0.31724500
vt 0.50000000 0.50000000
vt 0.66988800 0.18715900
vt 0.50000000 0.50000000
vt 0.50496400 0.41201100
vt 0.50000000 0.50000000
vt 0.50000000 0.50000000
vt 0.31871600 0.66513600
vt 0.50000000 0.50000000
vt 0.42756400 0.39778000
vt 0.66987400 0.18926700
vt 0.30830100 0.66587200
vt 0.50000000 0.50000000
vt 0.83870400 0.57176300
vt 0.87007700 0.33609600
vt 0.50000000 0.50000000
vt 0.87306000 0.33796700
vt 0.50000000 0.50000000
vt 0.30384400 0.66648600
vt 0.50000000 0.50000000
vt 0.44969100 0.40018700
vt 0.50000000 0.50000000
vt 0.87549500 0.33791200
vt 0.45497200 0.40033500
vt 0.88751700 0.34806400
vt 0.87984800 0.34164800
vt 0.86918700 0.33033600
vt 0.23770400 0.68739000
vt 0.50000000 0.50000000
vt 0.23623400 0.68874100
vt 0.41185900 0.39477900
vt 0.50000000 0.50000000
vt 0.26045500 0.67857900
vt 0.26534500 0.69323700
vt 0.50000000 0.50000000
vt 0.91213300 0.37498400
vt 0.84627900 0.61978700
vt 0.66210500 0.38217100
vt 0.50000000 0.50000000
vt 0.67298400 0.39279800
vt 0.50000000 0.50000000
vt 0.34153800 0.66289800
vt 0.49123100 0.40841500
vt 0.67706400 0.18191300
vt 0.25883100 0.68016400
vt 0.50000000 0.50000000
vt 0.86013200 0.32599600
vt 0.66905200 0.39511300
vt 0.66285100 0.19347600
vt 0.89081800 0.35068600
vt 0.65299200 0.19929100
vt 0.54102100 0.84438700
vt 0.71091300 0.15671700
vt 0.50000000 0.50000000
vt 0.47347000 0.40771100
vt 0.50000000 0.50000000
vt 0.65684900 0.19376400
vt 0.43220300 0.39785700
vt 0.69272100 0.17004400
vt 0.50000000 0.50000000
vt 0.69443500 0.42565600
vt 0.68979600 0.17409800
vt 0.49753100 0.41091100
vt 0.50000000 0.50000000
vt 0.50000000 0.50000000
vt 0.28551100 0.67033900
vt 0.34863600 0.66070900
vt 0.50000000 0.50000000
vt 0.69055500 0.41928700
vt 0.66035100 0.38009100
vt 0.50000000 0.50000000
vt 0.24158100 0.68552300
vt 0.40569400 0.39468000
vt 0.50000000 0.50000000
vt 0.33701600 0.66360500
vt 0.50000000 0.50000000
vt 0.33313100 0.66515500
vt 0.50000000 0.50000000
vt 0.67257600 0.18563900
vt 0.26469600 0.67917800
vt 0.27021700 0.69071300
vt 0.89400900 0.35574900
vt 0.84747100 0.62103100
vt 0.27937800 0.67365400
vt 0.91152900 0.37415400
vt 0.50000000 0.50000000
vt 0.66260600 0.38272600
vt 0.50000000 0.50000000
vt 0.66882800 0.39350600
vt 0.26404200 0.69532100
vt 0.50000000 0.50000000
vt 0.25933200 0.68100800
vt 0.85751100 0.32170000
vt 0.66157400 0.38358000
vt 0.70455500 0.16272300
vt 0.69444100 0.42958300
vt 0.84527900 0.62387800
vt 0.66669200 0.19365000
vt 0.46654200 0.40301300
vt 0.68017500 0.40839100
vt 0.90766400 0.36502600
vt 0.35241400 0.65992500
vt 0.50000000 0.50000000
vt 0.83631900 0.30360600
vt 0.44607000 0.39758100
vt 0.50000000 0.50000000
vt 0.52375700 0.41400600
vt 0.71749000 0.15283800
vt 0.34466400 0.66087300
vt 0.50000000 0.50000000
vt 0.40259500 0.39361100
vt 0.50000000 0.50000000
vt 0.83979800 0.30710700
vt 0.50014400 0.41093500
vt 0.50000000 0.50000000
vt 0.28001900 0.67324900
vt 0.84716200 0.62027400
vt 0.91173300 0.37427500
vt 0.50000000 0.50000000
vt 0.50000000 0.50000000
vt 0.51343600 0.41273300
vt 0.48922900 0.40639500
vt 0.66955900 0.39445100
vt 0.87741500 0.33859800
vt 0.27984500 0.67380900
vt 0.91114200 0.37256500
vt 0.88452700 0.34420300
vt 0.68840000 0.17571100
vt 0.22916700 0.69148300
vt 0.42248100 0.39755200
vt 0.50000000 0.50000000
vt 0.66481100 0.38866900
vt 0.50000000 0.50000000
vt 0.84745500 0.61961900
vt 0.28080300 0.67199300
vt 0.50000000 0.50000000
vt 0.50000000 0.50000000
vt 0.66739800 0.39086800
vt 0.69100500 0.42161900
vt 0.66298000 0.38610100
vt 0.31402500 0.66596200
vt 0.50000000 0.50000000
vt 0.41603000 0.39573300
vt 0.50000000 0.50000000
vt 0.68435200 0.17832300
vt 0.41934900 0.39511300
vt 0.68561300 0.41430600
vt 0.33982300 0.66635300
vt 0.69871200 0.16718200
vt 0.53798000 0.83460400
vt 0.65458600 0.19680100
vt 0.86373700 0.32761800
vt 0.65726600 0.19721100
vt 0.51699200 0.41337100
vt 0.50000000 0.50000000
vt 0.67155600 0.39836500
vt 0.28930100 0.66866400
vt 0.50000000 0.50000000
vt 0.27199700 0.68925000
vt 0.89618800 0.35632200
vt 0.85881100 0.32360300
vt 0.26771900 0.69324400
vt 0.47490300 0.40452100
vt 0.50000000 0.50000000
vt 0.30025600 0.66997500
vt 0.45529500 0.39774700
vt 0.66690800 0.19011400
vt 0.48595300 0.40640600
vt 0.68067100 0.18336700
vt 0.84484500 0.31105900
vt 0.66726300 0.39253600
vt 0.86213100 0.32455400
vt 0.67738600 0.40422800
vt 0.44289900 0.39774800
vt 0.48013100 0.40723700
vt 0.50000000 0.50000000
vt 0.28034000 0.67977900
vt 0.67859600 0.40632800
vt 0.49535700 0.40927400
vt 0.27184000 0.68473400
vt 0.50000000 0.50000000
vt 0.46173000 0.40160700
vt 0.71030000 0.15929400
vt 0.67291100 0.18886100
vt 0.86578100 0.32673700
vt 0.88713200 0.34575800
vt 0.84950600 0.31405600
vt 0.51998700 0.41384000
vt 0.50000000 0.50000000
vt 0.43815000 0.39550500
vt 0.85584900 0.31737400
vt 0.67392200 0.39962400
vt 0.84711700 0.30666600
vt 0.68639500 0.42021700
vt 0.86029900 0.32144300
vt 0.68956600 0.42343500
vt 0.68392800 0.41517900
vt 0.83907400 0.30440400
vt 0.69703600 0.17086100
vt 0.84403000 0.30856900
vt 0.65894000 0.19566100
vt 0.67595800 0.40377400
vt 0.45017200 0.39716900
vt 0.67738400 0.18517500
vt 0.29661800 0.66941900
vt 0.50000000 0.50000000
vt 0.41602000 0.39276800
vt 0.52491400 0.41257000
vt 0.27547100 0.68349400
vt 0.50000000 0.50000000
vt 0.67179200 0.40038400
vt 0.68938200 0.42049100
vt 0.65733900 0.20000200
vt 0.66880100 0.19433600
vt 0.52188500 0.41221300
vt 0.67389700 0.40299500
vt 0.71396000 0.15705000
vt 0.27241100 0.68742300
vt 0.50000000 0.50000000
vt 0.69220100 0.42568800
vt 0.68074700 0.41056500
vt 0.71765300 0.15472000
vt 0.52599400 0.41283100
vt 0.70286900 0.16520500
vt 0.85805500 0.31938000
vt 0.84171000 0.30628500
vt 0.30559300 0.66916900
vt 0.67490000 0.40823600
vt 0.35029900 0.66399600
vt 0.28201800 0.67518500
vt 0.50000000 0.50000000
vt 0.32494800 0.66713300
vt 0.32589800 0.66976000
vt 0.69378600 0.17300900
vt 0.50000000 0.50000000
vt 0.66015200 0.38131200
vt 0.89314200 0.34947800
vt 0.90383800 0.36168200
vt 0.84419400 0.60714100
vt 0.89892200 0.36061900
vt 0.35300400 0.66383900
vt 0.50000000 0.50000000
vt 0.68462800 0.41736100
vt 0.67689900 0.40967700
vt 0.87356200 0.33236500
vt 0.26498000 0.69720500
vt 0.50414500 0.40737700
vt 0.44420000 0.39445800
vt 0.33384500 0.66783900
vt 0.70678700 0.15950000
vt 0.54090400 0.84103100
vt 0.32879300 0.66863300
vt 0.86630200 0.32505700
vt 0.47135900 0.40456600
vt 0.48912600 0.40423600
vt 0.31804300 0.67038000
vt 0.70569100 0.16990500
vt 0.67516800 0.18748500
vt 0.26137500 0.69984100
vt 0.50000000 0.50000000
vt 0.49233800 0.40505000
vt 0.48066000 0.40346000
vt 0.68086400 0.41510000
vt 0.40430300 0.39082000
vt 0.86063500 0.31967500
vt 0.68507000 0.18204500
vt 0.47788200 0.40386500
vt 0.87271600 0.32944100
vt 0.40185900 0.39098800
vt 0.50000000 0.50000000
vt 0.66794100 0.39584400
vt 0.27079900 0.69214100
vt 0.26757500 0.69500000
vt 0.86307400 0.32118500
vt 0.88211300 0.33966000
vt 0.69333300 0.43322300
vt 0.91525000 0.37337700
vt 0.84770700 0.62529100
vt 0.65978000 0.38561200
vt 0.87558700 0.33491500
vt 0.90195700 0.35818500
vt 0.89389300 0.34272500
vt 0.89411900 0.34533500
vt 0.86630800 0.32252700
vt 0.87747400 0.33024500
vt 0.43091200 0.39555100
vt 0.42941800 0.39352600
vt 0.34633200 0.66570100
vt 0.68275400 0.41733200
vt 0.27816300 0.68210000
vt 0.50000000 0.50000000
vt 0.67250600 0.19096900
vt 0.40955900 0.39012300
vt 0.67804600 0.41211900
vt 0.71712900 0.15533800
vt 0.67360900 0.40711400
vt 0.25388700 0.68611700
vt 0.25937000 0.70295000
vt 0.50000000 0.50000000
vt 0.68906000 0.42684100
vt 0.66943900 0.39985400
vt 0.85119600 0.30991400
vt 0.67059400 0.19236400
vt 0.51058500 0.40941800
vt 0.42331600 0.39358200
vt 0.26401200 0.69880900
vt 0.49707100 0.40694300
vt 0.28387900 0.67718500
vt 0.66327500 0.39252500
vt 0.86008200 0.31631100
vt 0.69148500 0.42874400
vt 0.66441200 0.39847200
vt 0.27351800 0.68949300
vt 0.71206500 0.16557100
vt 0.51806800 0.41016100
vt 0.29234600 0.67159100
vt 0.50000000 0.50000000
vt 0.68697000 0.42282500
vt 0.85599600 0.31457100
vt 0.47028700 0.40238300
vt 0.45720600 0.39524800
vt 0.33178900 0.67093800
vt 0.65608500 0.38128300
vt 0.50000000 0.50000000
vt 0.86946900 0.32700700
vt 0.91259600 0.37268900
vt 0.84862700 0.62272500
vt 0.91168800 0.36735000
vt 0.27115600 0.69057800
vt 0.89620700 0.35494600
vt 0.88323300 0.33633300
vt 0.67473200 0.19133100
vt 0.48456800 0.40407500
vt 0.27710400 0.68379900
vt 0.32435000 0.67189600
vt 0.67220700 0.40451200
vt 0.26921100 0.69498600
vt 0.66218500 0.20078000
vt 0.65212900 0.38127600
vt 0.50000000 0.50000000
vt 0.66039500 0.38907800
vt 0.31242600 0.67000000
vt 0.50056000 0.40639400
vt 0.45873800 0.39734800
vt 0.43410100 0.39214700
vt 0.67258700 0.40870100
vt 0.84116900 0.30026600
vt 0.50000000 0.50000000
vt 0.35529300 0.66612900
vt 0.66153100 0.39362800
vt 0.69119200 0.18060400
vt 0.26679700 0.69741700
vt 0.84381000 0.30594000
vt 0.29907500 0.67217600
vt 0.46790100 0.40046400
vt 0.26496700 0.70001100
vt 0.24958800 0.68714900
vt 0.39793500 0.38916900
vt 0.50000000 0.50000000
vt 0.30870800 0.67217600
vt 0.67155000 0.19468700
vt 0.67454700 0.19279600
vt 0.66806200 0.40008600
vt 0.70766900 0.16679300
vt 0.48274500 0.40067500
vt 0.47592600 0.40157800
vt 0.69699700 0.17757900
vt 0.52498100 0.40931400
vt 0.66594000 0.40019900
vt 0.67022900 0.40357100
vt 0.86400900 0.31914400
vt 0.66497200 0.19777100
vt 0.68502300 0.42259600
vt 0.68661000 0.42476300
vt 0.83843800 0.29650000
vt 0.67364300 0.41145900
vt 0.68281500 0.41960100
vt 0.90522800 0.36022500
vt 0.87072200 0.32193100
vt 0.65635900 0.38283300
vt 0.67740900 0.41445300
vt 0.70360800 0.17368900
vt 0.67817200 0.18999400
vt 0.27520400 0.68708200
vt 0.67026500 0.40734300
vt 0.65614100 0.20486700
vt 0.71490900 0.16541500
vt 0.28635000 0.67506600
vt 0.72174700 0.15869400
vt 0.85482300 0.31170100
vt 0.69692900 0.17414000
vt 0.26413200 0.70208900
vt 0.26232300 0.70524900
vt 0.25290400 0.68877100
vt 0.39475300 0.38704700
vt 0.34128700 0.67070300
vt 0.30375500 0.67348100
vt 0.41760900 0.38928400
vt 0.65492300 0.38572400
vt 0.27975900 0.68348100
vt 0.85796500 0.31470100
vt 0.28404400 0.67956900
vt 0.72623800 0.15878500
vt 0.53039100 0.40617600
vt 0.66764600 0.40737700
vt 0.72233300 0.15642200
vt 0.52901400 0.40985500
vt 0.67176900 0.41359200
vt 0.50687500 0.40555300
vt 0.27352600 0.69108100
vt 0.83599900 0.29410400
vt 0.65548100 0.20624400
vt 0.33316600 0.67488200
vt 0.67807200 0.19168200
vt 0.44245000 0.39031800
vt 0.65967200 0.20331100
vt 0.84535600 0.30212700
vt 0.87323100 0.32583800
vt 0.88243500 0.32957300
vt 0.68266200 0.42289500
vt 0.90202400 0.35136700
vt 0.89961000 0.34646900
vt 0.86657100 0.31903100
vt 0.90481000 0.35276300
vt 0.67757100 0.41733600
vt 0.89242900 0.33814900
vt 0.35774100 0.67010500
vt 0.64838300 0.37686800
vt 0.50000000 0.50000000
vt 0.68249000 0.18876100
vt 0.26889000 0.69648500
vt 0.70017500 0.17618200
vt 0.46420900 0.39853100
vt 0.65527200 0.38716700
vt 0.85660800 0.30953700
vt 0.68312500 0.18606000
vt 0.43143100 0.38875800
vt 0.51865800 0.40853500
vt 0.66854100 0.20068800
vt 0.68371000 0.18744000
vt 0.67407500 0.41382200
vt 0.27659600 0.68715700
vt 0.84619500 0.30384200
vt 0.47421500 0.39951600
vt 0.35424100 0.66843000
vt 0.64709500 0.37376600
vt 0.84259400 0.30183400
vt 0.71995700 0.16097300
vt 0.49989900 0.40271400
vt 0.66419600 0.39637300
vt 0.85185900 0.30722400
vt 0.67033500 0.41117700
vt 0.64947900 0.38052200
vt 0.50000000 0.50000000
vt 0.66658300 0.40592500
vt 0.69485700 0.17994700
vt 0.28851400 0.67809700
vt 0.40300900 0.38701700
vt 0.31799600 0.67488500
vt 0.43779100 0.39211900
vt 0.65727600 0.38780000
vt 0.67418600 0.19624800
vt 0.84757000 0.30081300
vt 0.70982600 0.16666300
vt 0.66208300 0.20649800
vt 0.27589500 0.68938200
vt 0.68620200 0.42568100
vt 0.91002100 0.36485300
vt 0.52273200 0.40985300
vt 0.86014400 0.31083100
vt 0.66533400 0.40350000
vt 0.48702200 0.40036700
vt 0.67093600 0.19792700
vt 0.40586600 0.38504100
vt 0.67864200 0.42159500
vt 0.69271700 0.18279900
vt 0.47062900 0.39846500
vt 0.29459300 0.67488600
vt 0.26716400 0.70110500
vt 0.48204000 0.39821100
vt 0.65170700 0.38567200
vt 0.52385200 0.40739700
vt 0.65267100 0.38353200
vt 0.66512000 0.20088100
vt 0.65555900 0.39068000
vt 0.65937600 0.39543200
vt 0.66158100 0.39699500
vt 0.67247500 0.41634400
vt 0.71854100 0.16379100
vt 0.66273600 0.40214700
vt 0.84942700 0.30229800
vt 0.27400300 0.69241500
vt 0.27168100 0.69418900
vt 0.29228600 0.67875400
vt 0.69874300 0.18089900
vt 0.84304700 0.29705800
vt 0.46654800 0.39646400
vt 0.35414300 0.67012100
vt 0.64445400 0.37409400
vt 0.85582100 0.30607700
vt 0.85340400 0.30348500
vt 0.34779100 0.67016700
vt 0.45132100 0.39261000
vt 0.65978100 0.20944400
vt 0.28439700 0.68123700
vt 0.51038600 0.40210000
vt 0.43670300 0.38933300
vt 0.47760300 0.39968000
vt 0.90829900 0.35613400
vt 0.68253000 0.42579900
vt 0.90757700 0.35938800
vt 0.68766600 0.43071200
vt 0.86726100 0.31552200
vt 0.68789200 0.43639900
vt 0.91618600 0.37051000
vt 0.87659600 0.32104500
vt 0.91122300 0.36136400
vt 0.87282200 0.31946200
vt 0.88845300 0.33006400
vt 0.46240100 0.39430300
vt 0.71323900 0.16953800
vt 0.70972700 0.17342900
vt 0.52650200 0.40383700
vt 0.67625900 0.42607700
vt 0.67364100 0.41861600
vt 0.30269300 0.67594500
vt 0.49241300 0.39902300
vt 0.68937000 0.18564200
vt 0.27055100 0.69610100
vt 0.46065900 0.39491600
vt 0.65143600 0.38835600
vt 0.66470400 0.41035700
vt 0.33613600 0.67590900
vt 0.46407600 0.39485000
vt 0.66796900 0.41401700
vt 0.32621500 0.67555100
vt 0.72402700 0.16253500
vt 0.52887000 0.40508000
vt 0.86103400 0.30760600
vt 0.34487900 0.67286000
vt 0.65784800 0.39231700
vt 0.84018700 0.29088000
vt 0.65761200 0.21096400
vt 0.66781100 0.20429500
vt 0.84923200 0.29736800
vt 0.84028000 0.29351300
vt 0.88162000 0.32394500
vt 0.67857700 0.42602900
vt 0.68204600 0.42732500
vt 0.89734700 0.34243300
vt 0.87297800 0.31752900
vt 0.67423000 0.42370500
vt 0.70257200 0.17835600
vt 0.39955700 0.38309800
vt 0.66161300 0.40667000
vt 0.64350800 0.37687500
vt 0.85824600 0.30594600
vt 0.27904800 0.68894200
vt 0.64591000 0.37593100
vt 0.88384600 0.32568800
vt 0.64962400 0.38665900
vt 0.68129900 0.19340300
vt 0.46444700 0.39244500
vt 0.67910000 0.19449700
vt 0.66030200 0.39975300
vt 0.68950100 0.18923200
vt 0.64977700 0.37813900
vt 0.50000000 0.50000000
vt 0.67113400 0.41711500
vt 0.84215900 0.29415500
vt 0.29826900 0.67832200
vt 0.42454400 0.38886900
vt 0.71533400 0.17027500
vt 0.47726500 0.39691300
vt 0.65703600 0.39568100
vt 0.72200000 0.16702100
vt 0.26894100 0.70464400
vt 0.39054700 0.37742000
vt 0.72619300 0.16094100
vt 0.53170300 0.40504800
vt 0.72378000 0.16590100
vt 0.41566400 0.38482900
vt 0.91007700 0.35890300
vt 0.59923100 0.00475300
vt 0.71087100 0.17552400
vt 0.48817600 0.39835500
vt 0.40131300 0.37998700
vt 0.53270500 0.40410200
vt 0.72698000 0.16201600
vt 0.33310200 0.67759200
vt 0.65809800 0.39816800
vt 0.34978500 0.66838200
vt 0.84729100 0.29676200
vt 0.30700200 0.67723100
vt 0.30283700 0.67870100
vt 0.58903300 0.00742200
vt 0.91087800 0.36006600
vt 0.59537700 0.00119800
vt 0.90553400 0.35031000
vt 0.69589300 0.45108100
vt 0.90079700 0.34241900
vt 0.88738900 0.32680600
vt 0.68519400 0.42971300
vt 0.90202200 0.34654400
vt 0.68470200 0.43316400
vt 0.71738700 0.16798700
vt 0.69253900 0.18661500
vt 0.44078800 0.38595300
vt 0.29033800 0.68107500
vt 0.59038700 0.00657400
vt 0.84428300 0.29544200
vt 0.70926800 0.17563300
vt 0.27687500 0.68992000
vt 0.49315600 0.39632600
vt 0.69450100 0.18471400
vt 0.69866600 0.18381900
vt 0.27474800 0.69510300
vt 0.86407900 0.31242300
vt 0.68591700 0.19195600
vt 0.51496200 0.40489900
vt 0.67758500 0.42822200
vt 0.86410400 0.30872800
vt 0.85542800 0.30149400
vt 0.45308200 0.38885700
vt 0.68532600 0.18817600
vt 0.58939200 0.00813000
vt 0.39496900 0.37938500
vt 0.42268800 0.38491700
vt 0.70239400 0.18145000
vt 0.87258900 0.31403300
vt 0.70696000 0.17534100
vt 0.45924300 0.39103500
vt 0.40788200 0.38363800
vt 0.71959000 0.16797000
vt 0.46906600 0.39499100
vt 0.59075200 0.00765400
vt 0.64591100 0.38002200
vt 0.46665300 0.39161500
vt 0.48489700 0.39451000
vt 0.64776000 0.38416000
vt 0.84492600 0.29226500
vt 0.84234300 0.29214900
vt 0.65197900 0.39123400
vt 0.53065000 0.40345200
vt 0.48732600 0.39622800
vt 0.71578100 0.17344400
vt 0.70489500 0.17918300
vt 0.86759300 0.30926700
vt 0.90333200 0.33840500
vt 0.68048000 0.43062500
vt 0.91252700 0.36210100
vt 0.59059700 0.00089000
vt 0.68289500 0.42992600
vt 0.90401400 0.34746300
vt 0.90436600 0.34586300
vt 0.90014900 0.33894000
vt 0.89899200 0.33140900
vt 0.69046100 0.43962600
vt 0.91298900 0.36525900
vt 0.91256400 0.36313900
vt 0.69054200 0.44146900
vt 0.91186400 0.36153500
vt 0.87075000 0.30961000
vt 0.28253200 0.68582700
vt 0.67660500 0.42968800
vt 0.43127900 0.38552900
vt 0.44709000 0.38840600
vt 0.69526100 0.18916300
vt 0.52071300 0.40413300
vt 0.87536600 0.31500500
vt 0.59286900 0.00533400
vt 0.65311500 0.39441100
vt 0.88051700 0.32017000
vt 0.87719200 0.31708400
vt 0.52914800 0.40328500
vt 0.66817700 0.41855800
vt 0.44990000 0.38517400
vt 0.48006600 0.39483800
vt 0.28541900 0.68699300
vt 0.32151500 0.67808500
vt 0.34058100 0.67662300
vt 0.46217500 0.38866400
vt 0.85836700 0.30207400
vt 0.90512000 0.33768100
vt 0.27277100 0.69974700
vt 0.31675100 0.67914200
vt 0.69842800 0.18558700
vt 0.43603900 0.38534700
vt 0.65897800 0.40159400
vt 0.32744200 0.67872900
vt 0.68209400 0.19575200
vt 0.50619600 0.39918500
vt 0.87853700 0.31400500
vt 0.88053300 0.31516600
vt 0.85136300 0.29865400
vt 0.58755700 0.00838600
vt 0.91437300 0.36482200
vt 0.59060200 0.00884100
vt 0.90711200 0.34013700
vt 0.59516100 0.00396100
vt 0.68209800 0.43004000
vt 0.89414700 0.33249500
vt 0.86791800 0.30529500
vt 0.68187100 0.43264700
vt 0.88748000 0.32110000
vt 0.68424200 0.43062700
vt 0.89158900 0.32550400
vt 0.91446000 0.36556800
vt 0.59266500 0.01222700
vt 0.91483200 0.36572200
vt 0.58661900 0.01100000
vt 0.67773600 0.43211500
vt 0.67924400 0.42955300
vt 0.68592600 0.43947900
vt 0.71328800 0.17491000
vt 0.72143700 0.17083400
vt 0.58906900 0.01261300
vt 0.91491600 0.36599500
vt 0.86129800 0.30158700
vt 0.50115000 0.39758900
vt 0.65904200 0.40739400
vt 0.44188400 0.38429300
vt 0.86327100 0.30488100
vt 0.65947700 0.21198200
vt 0.84103200 0.28874500
vt 0.85782600 0.29968900
vt 0.91107300 0.35866800
vt 0.68998700 0.44614600
vt 0.48693200 0.39376000
vt 0.48049000 0.39714500
vt 0.67297200 0.42966500
vt 0.41855800 0.38388900
vt 0.59189800 0.00698700
vt 0.67461300 0.42631500
vt 0.67119400 0.42339000
vt 0.51424600 0.39852900
vt 0.52638000 0.40044300
vt 0.89905600 0.33584600
vt 0.86154100 0.29968500
vt 0.47104800 0.39330300
vt 0.68337700 0.19671000
vt 0.72619700 0.16890600
vt 0.71854200 0.17212800
vt 0.52246600 0.40005600
vt 0.64528800 0.38701800
vt 0.34715300 0.67601200
vt 0.84954500 0.29304900
vt 0.68063200 0.19717800
vt 0.87632700 0.31148700
vt 0.34279200 0.67818400
vt 0.53228100 0.40233300
vt 0.88267200 0.31778600
vt 0.90867700 0.34483700
vt 0.69260900 0.45223600
vt 0.33729000 0.68197700
vt 0.35263600 0.67308200
vt 0.66609600 0.20733200
vt 0.51218700 0.40039800
vt 0.89745400 0.32936600
vt 0.68126000 0.43387000
vt 0.67762300 0.43365500
vt 0.68298000 0.43124200
vt 0.59695100 0.00705800
vt 0.59567400 0.00643600
vt 0.91453700 0.36584700
vt 0.91167300 0.36089700
vt 0.59929600 0.00940100
vt 0.72317400 0.16903500
vt 0.67151500 0.42624900
vt 0.66252700 0.21263100
vt 0.86989700 0.30763100
vt 0.41239600 0.38052500
vt 0.49623400 0.39381800
vt 0.85894000 0.29824600
vt 0.28139000 0.69109600
vt 0.67328900 0.20064500
vt 0.88586500 0.31830100
vt 0.70823200 0.17876100
vt 0.30100500 0.68457000
vt 0.59357900 0.01083500
vt 0.27899400 0.69242200
vt 0.66396400 0.20863200
vt 0.47324800 0.39271500
vt 0.90771700 0.33733800
vt 0.53048700 0.40169400
vt 0.67499900 0.19809200
vt 0.47932100 0.39178800
vt 0.43540000 0.38273900
vt 0.46522700 0.38844900
vt 0.65614300 0.40006400
vt 0.85665400 0.29703600
vt 0.91335200 0.33745500
vt 0.68835100 0.45543000
vt 0.72994900 0.16453600
vt 0.53425600 0.40089000
vt 0.64201700 0.38184700
vt 0.70291900 0.18456600
vt 0.42675900 0.38126400
vt 0.90666900 0.34398300
vt 0.67411400 0.43154000
vt 0.31465100 0.68007100
vt 0.48901600 0.39356600
vt 0.90108300 0.33253500
vt 0.86822900 0.30285200
vt 0.28730200 0.68597400
vt 0.67110000 0.20552300
vt 0.91570400 0.36746600
vt 0.91265700 0.36104500
vt 0.68805800 0.44478000
vt 0.67869200 0.44183400
vt 0.41764400 0.37998600
vt 0.85198000 0.29411500
vt 0.40289200 0.37788500
vt 0.69825700 0.19084300
vt 0.32090700 0.68305000
vt 0.64473900 0.38526900
vt 0.66715700 0.20946800
vt 0.46751400 0.39003500
vt 0.64731500 0.39364900
vt 0.50859500 0.39573300
vt 0.53185800 0.39880400
vt 0.31275700 0.68588300
vt 0.29240300 0.68582000
vt 0.52869700 0.39984600
vt 0.69031600 0.19314300
vt 0.63794300 0.37590400
vt 0.29571100 0.34473500
vt 0.35573500 0.67716100
vt 0.67752100 0.43653600
vt 0.86448500 0.30041700
vt 0.59429600 0.00878500
vt 0.59345000 0.00665400
vt 0.65727500 0.40402500
vt 0.64294400 0.38641600
vt 0.45905700 0.38485700
vt 0.29566400 0.68157100
vt 0.89024300 0.32198200
vt 0.67516600 0.43370200
vt 0.47600500 0.39430200
vt 0.64921200 0.39614100
vt 0.51717800 0.39877200
vt 0.66592100 0.42270000
vt 0.67127000 0.20908000
vt 0.30785300 0.68140600
vt 0.48475500 0.39133500
vt 0.50536900 0.39523600
vt 0.68443000 0.19936000
vt 0.35152400 0.67545700
vt 0.70553500 0.18326200
vt 0.42249300 0.37990400
vt 0.67808300 0.20459500
vt 0.67762900 0.43927400
vt 0.68453400 0.44378600
vt 0.34480700 0.68241600
vt 0.30785500 0.68458100
vt 0.67346700 0.43252100
vt 0.86623300 0.29964700
vt 0.47611100 0.39064900
vt 0.90103200 0.32674900
vt 0.90374800 0.32847200
vt 0.46939600 0.38931800
vt 0.84248700 0.28680200
vt 0.66067300 0.21440200
vt 0.72771600 0.16697300
vt 0.90495500 0.33369900
vt 0.46404400 0.38738500
vt 0.32726500 0.68175600
vt 0.44038100 0.38069200
vt 0.64555500 0.38899100
vt 0.64017900 0.37743300
vt 0.43196100 0.37861700
vt 0.45467500 0.38403200
vt 0.45756500 0.38292200
vt 0.63802900 0.38010400
vt 0.27953100 0.69563300
vt 0.89549700 0.32284500
vt 0.88172900 0.31290500
vt 0.30432000 0.68528000
vt 0.52470000 0.39823400
vt 0.68775000 0.44781700
vt 0.88815000 0.31581400
vt 0.71005500 0.18080700
vt 0.66015500 0.41387900
vt 0.89642400 0.32618900
vt 0.41188200 0.37699100
vt 0.48827400 0.38950900
vt 0.87596700 0.30748700
vt 0.68062500 0.20080200
vt 0.48798100 0.39110900
vt 0.84838500 0.28967100
vt 0.28748300 0.68922900
vt 0.46786300 0.38586000
vt 0.64014800 0.38323900
vt 0.88068200 0.31068200
vt 0.68297900 0.44634100
vt 0.68356600 0.44912700
vt 0.89827700 0.32423600
vt 0.65146800 0.40086400
vt 0.70489700 0.18713000
vt 0.45094400 0.38113700
vt 0.68889400 0.45202700
vt 0.50153300 0.39469900
vt 0.73217600 0.16667000
vt 0.53607200 0.39890200
vt 0.42809100 0.37823700
vt 0.85600700 0.29395000
vt 0.53423700 0.39802400
vt 0.71659000 0.17774300
vt 0.49040600 0.39106800
vt 0.68681100 0.44893100
vt 0.91158900 0.33473300
vt 0.68870800 0.45769300
vt 0.70258200 0.18891200
vt 0.88784400 0.31175000
vt 0.87101100 0.30151000
vt 0.72261900 0.17502200
vt 0.33157100 0.68484600
vt 0.72373700 0.17279300
vt 0.28127500 0.69450100
vt 0.64339600 0.38960000
vt 0.42356300 0.37688300
vt 0.68805700 0.19911200
vt 0.51226900 0.39488100
vt 0.86701900 0.29807700
vt 0.66889100 0.42883100
vt 0.67495100 0.43783500
vt 0.69460300 0.19481600
vt 0.27326900 0.70320100
vt 0.38678200 0.37201500
vt 0.68125100 0.44611300
vt 0.66617200 0.21443400
vt 0.43717400 0.37948400
vt 0.67339500 0.43507400
vt 0.89945700 0.32517000
vt 0.85338000 0.29091100
vt 0.27584100 0.70021900
vt 0.38167800 0.37078700
vt 0.64116700 0.38703500
vt 0.66231600 0.41839200
vt 0.84861500 0.28766200
vt 0.68362700 0.20082100
vt 0.71879100 0.17716000
vt 0.67383700 0.20800800
vt 0.31835500 0.68750000
vt 0.34994800 0.67886800
vt 0.68653300 0.45627200
vt 0.91456400 0.33479600
vt 0.68627700 0.45239100
vt 0.45366500 0.38042300
vt 0.50823100 0.39270100
vt 0.39586200 0.37570900
vt 0.67773400 0.44342900
vt 0.41985800 0.37654200
vt 0.65352300 0.40566100
vt 0.88270500 0.30874400
vt 0.88399200 0.30760700
vt 0.53466300 0.39675500
vt 0.65500100 0.40748200
vt 0.71287000 0.18008800
vt 0.72868100 0.16930200
vt 0.35171200 0.67983400
vt 0.64153300 0.38431000
vt 0.52129100 0.39701700
vt 0.47523200 0.38960700
vt 0.68109100 0.20507300
vt 0.46754500 0.38279000
vt 0.90766900 0.33357700
vt 0.47421000 0.38927400
vt 0.86255200 0.29525100
vt 0.89343300 0.31949500
vt 0.85774000 0.29070000
vt 0.48581300 0.38934800
vt 0.66956300 0.43289800
vt 0.68508200 0.45464200
vt 0.29381200 0.68967000
vt 0.91597400 0.33343700
vt 0.68528100 0.45621000
vt 0.49360500 0.39188600
vt 0.49618100 0.38992500
vt 0.41538400 0.37494200
vt 0.28667600 0.69339200
vt 0.39248300 0.37290200
vt 0.52974500 0.39680700
vt 0.49383300 0.38852500
vt 0.70876600 0.18473400
vt 0.68438600 0.45639800
vt 0.91762600 0.33326200
vt 0.33236900 0.68633600
vt 0.88445400 0.31130200
vt 0.52374100 0.39599000
vt 0.67532400 0.44200100
vt 0.72670600 0.17423100
vt 0.86178900 0.29308300
vt 0.68294600 0.45279400
vt 0.38813300 0.36751700
vt 0.50216200 0.39150800
vt 0.91942100 0.33202900
vt 0.68253600 0.45557700
vt 0.67013300 0.21187900
vt 0.89794700 0.32025600
vt 0.63755200 0.37854200
vt 0.29357300 0.34278800
vt 0.63843700 0.38417900
vt 0.45671300 0.37981800
vt 0.66447100 0.42709800
vt 0.87551700 0.30246500
vt 0.71047400 0.18791100
vt 0.64499800 0.39540400
vt 0.90655100 0.32714200
vt 0.90216800 0.32514300
vt 0.88834000 0.30808300
vt 0.42869800 0.37410700
vt 0.71764400 0.18052200
vt 0.30032100 0.68923100
vt 0.68017200 0.45042000
vt 0.66871200 0.21718300
vt 0.47107500 0.38745400
vt 0.91369300 0.33243000
vt 0.48301900 0.38999700
vt 0.44521300 0.38051900
vt 0.72237700 0.17782900
vt 0.64792100 0.40163800
vt 0.48092000 0.38691900
vt 0.65369900 0.41240100
vt 0.64781800 0.39922600
vt 0.66649400 0.42790400
vt 0.35297700 0.68222400
vt 0.73272100 0.16984400
vt 0.51962900 0.39507100
vt 0.50197700 0.38841200
vt 0.72505700 0.17686900
vt 0.88258600 0.30453700
vt 0.86342300 0.29167400
vt 0.70154500 0.19296400
vt 0.43763600 0.37679800
vt 0.47033100 0.38401500
vt 0.42062500 0.37285100
vt 0.67329200 0.21453700
vt 0.53288500 0.39540000
vt 0.88068600 0.30502600
vt 0.31212300 0.68869800
vt 0.44697500 0.37855600
vt 0.63530300 0.38092400
vt 0.30748200 0.68853500
vt 0.52678600 0.39163900
vt 0.35423400 0.68040000
vt 0.86859400 0.29295600
vt 0.68336200 0.20500600
vt 0.84944000 0.28187800
vt 0.68634700 0.20223900
vt 0.90959100 0.32702900
vt 0.72951600 0.17255200
vt 0.67391400 0.44460100
vt 0.45302100 0.37887500
vt 0.50814700 0.38982400
vt 0.85949900 0.28848100
vt 0.49094600 0.38751400
vt 0.89935100 0.31744700
vt 0.51463400 0.39295700
vt 0.48434100 0.38481300
vt 0.44425600 0.37628800
vt 0.27982800 0.70092200
vt 0.37886800 0.36479700
vt 0.68091300 0.45382000
vt 0.47882200 0.38716000
vt 0.85287200 0.28348300
vt 0.47663400 0.38739700
vt 0.63972600 0.38888500
vt 0.51977200 0.39224900
vt 0.67277300 0.44077200
vt 0.28286500 0.69934000
vt 0.37449700 0.36217800
vt 0.70728300 0.18962400
vt 0.30475300 0.68952300
vt 0.33867800 0.68636700
vt 0.91198200 0.32704000
vt 0.40832300 0.37404800
vt 0.49638500 0.38738800
vt 0.64463500 0.39997500
vt 0.46264600 0.38137400
vt 0.84422100 0.28365000
vt 0.66263200 0.21730500
vt 0.69020800 0.20250000
vt 0.47248500 0.38739400
vt 0.69405400 0.19889500
vt 0.52352400 0.39289500
vt 0.64916000 0.40562600
vt 0.34902800 0.68318400
vt 0.52799400 0.39449100
vt 0.32586800 0.68786300
vt 0.29738400 0.69137600
vt 0.45972000 0.37857500
vt 0.67836300 0.44817700
vt 0.67559100 0.44797700
vt 0.73035600 0.17466600
vt 0.87062000 0.29568500
vt 0.66984700 0.43712900
vt 0.89408400 0.31537800
vt 0.47373700 0.38265300
vt 0.47837500 0.38522000
vt 0.46211100 0.37802700
vt 0.47697900 0.38243200
vt 0.90484000 0.32135900
vt 0.47966400 0.38392000
vt 0.42572300 0.37400600
vt 0.88156500 0.30183800
vt 0.91247600 0.32780400
vt 0.69915100 0.19511600
vt 0.47375100 0.38739200
vt 0.67342800 0.21042100
vt 0.51206200 0.39038300
vt 0.72783700 0.17648500
vt 0.43840300 0.37456600
vt 0.91034400 0.32405400
vt 0.44991200 0.37819700
vt 0.67749200 0.21037200
vt 0.49551000 0.38484800
vt 0.41148300 0.37206800
vt 0.40052000 0.37218100
vt 0.65675000 0.41738200
vt 0.46638700 0.37913100
vt 0.32011200 0.69083900
vt 0.48673000 0.38421500
vt 0.29277800 0.69193400
vt 0.47546200 0.38503700
vt 0.86527400 0.29111900
vt 0.31751200 0.69141400
vt 0.91800400 0.32860300
vt 0.68128700 0.45866200
vt 0.44373900 0.37359000
vt 0.63572500 0.38419900
vt 0.63962500 0.39150300
vt 0.53100000 0.39238600
vt 0.65580800 0.42001100
vt 0.66723500 0.43579100
vt 0.64184600 0.39335000
vt 0.29092700 0.69639000
vt 0.67706800 0.21407900
vt 0.40414300 0.36946300
vt 0.86195600 0.28810400
vt 0.46877500 0.37944500
vt 0.49260400 0.38481300
vt 0.43442200 0.37351300
vt 0.51965600 0.39066000
vt 0.41192600 0.36906100
vt 0.28765900 0.69888400
vt 0.36965700 0.35971000
vt 0.66765000 0.44105300
vt 0.84722700 0.27701400
vt 0.66668200 0.22090800
vt 0.88635800 0.30475200
vt 0.90762100 0.32182400
vt 0.31296000 0.34785700
vt 0.34681000 0.68695600
vt 0.63704900 0.38592800
vt 0.88434600 0.30211000
vt 0.35380800 0.68554700
vt 0.30635000 0.34540700
vt 0.41814300 0.37174100
vt 0.72573100 0.17982300
vt 0.87724400 0.29721300
vt 0.45139800 0.37470100
vt 0.40887600 0.36814700
vt 0.50519800 0.38538500
vt 0.70503100 0.19278100
vt 0.53427200 0.39184100
vt 0.33456800 0.69080300
vt 0.45679700 0.37708900
vt 0.70586100 0.19751200
vt 0.73114300 0.17610000
vt 0.51570100 0.38880400
vt 0.91409500 0.32729400
vt 0.31509000 0.69269800
vt 0.39263500 0.36790300
vt 0.32953900 0.69076300
vt 0.29860800 0.34212100
vt 0.35829000 0.68318500
vt 0.63250900 0.37942500
vt 0.67931200 0.45625500
vt 0.88326900 0.29940500
vt 0.65096700 0.41049500
vt 0.88149200 0.29831600
vt 0.86184600 0.28314800
vt 0.68626300 0.20565300
vt 0.51559100 0.38753900
vt 0.63250700 0.38041000
vt 0.29699800 0.34112600
vt 0.42362900 0.37031300
vt 0.45738900 0.37329600
vt 0.31015500 0.69275900
vt 0.73219600 0.17476900
vt 0.67706900 0.45387000
vt 0.48188200 0.38205900
vt 0.72938200 0.17855200
vt 0.89217100 0.30308700
vt 0.30407200 0.69314800
vt 0.63306000 0.39249500
vt 0.63359400 0.38829700
vt 0.47564000 0.37993600
vt 0.48990700 0.38275600
vt 0.85760600 0.28115100
vt 0.66431300 0.43157300
vt 0.90159500 0.31966500
vt 0.89859600 0.31303000
vt 0.50165300 0.38526200
vt 0.72400900 0.18376400
vt 0.91012200 0.31965000
vt 0.86592000 0.28626300
vt 0.29691000 0.69702100
vt 0.89223200 0.30560000
vt 0.47058500 0.37688900
vt 0.38655400 0.36533200
vt 0.65967400 0.42475100
vt 0.88668400 0.30095300
vt 0.63180200 0.38317500
vt 0.64584300 0.40440400
vt 0.67094100 0.22019600
vt 0.89471400 0.31091500
vt 0.70820100 0.19390100
vt 0.47491000 0.37836700
vt 0.38082500 0.36116900
vt 0.45034300 0.37292700
vt 0.42954300 0.37073700
vt 0.73404900 0.17421200
vt 0.87453500 0.29614800
vt 0.63857800 0.39405000
vt 0.71454600 0.18510900
vt 0.43589500 0.37147000
vt 0.86716800 0.28830500
vt 0.69984800 0.19863400
vt 0.64272600 0.40445100
vt 0.49821200 0.38340400
vt 0.47834200 0.37878400
vt 0.71893900 0.18572200
vt 0.88211500 0.29524300
vt 0.67103900 0.22227800
vt 0.67462100 0.45194900
vt 0.35064200 0.68645000
vt 0.30961700 0.34622100
vt 0.30858300 0.69366100
vt 0.52834800 0.39166200
vt 0.37589500 0.35951100
vt 0.28318000 0.70198200
vt 0.53644400 0.39228800
vt 0.43877900 0.37087400
vt 0.63366700 0.38574500
vt 0.42037100 0.36799900
vt 0.50961100 0.38631600
vt 0.39348400 0.36442300
vt 0.46381500 0.37509600
vt 0.89617000 0.30719000
vt 0.90574500 0.31503700
vt 0.47909600 0.37975600
vt 0.42587500 0.36807200
vt 0.38453300 0.36043900
vt 0.69738100 0.20241500
vt 0.73638700 0.17427800
vt 0.39931300 0.36689200
vt 0.51439800 0.38514700
vt 0.73654700 0.17048300
vt 0.53725200 0.39527400
vt 0.30063000 0.69657900
vt 0.85519200 0.27488400
vt 0.52114400 0.38895200
vt 0.88087500 0.29187300
vt 0.33946800 0.69090600
vt 0.32096600 0.34825000
vt 0.33099900 0.69325500
vt 0.32902600 0.35009900
vt 0.73403100 0.17713000
vt 0.43501400 0.36966200
vt 0.53107200 0.38878700
vt 0.32643200 0.69314900
vt 0.33270600 0.35073400
vt 0.67068500 0.44765500
vt 0.49343800 0.38036900
vt 0.30878300 0.69870100
vt 0.35098200 0.35168200
vt 0.34018100 0.35112000
vt 0.31881900 0.69526200
vt 0.91768700 0.32096900
vt 0.44394700 0.36841900
vt 0.42980800 0.36847200
vt 0.30659400 0.34225900
vt 0.87180100 0.29130300
vt 0.72915300 0.18125000
vt 0.91389700 0.31993200
vt 0.30992900 0.34290200
vt 0.50986000 0.38324100
vt 0.67566800 0.45686300
vt 0.33150100 0.34657500
vt 0.50100800 0.38270000
vt 0.48999200 0.38136500
vt 0.38900100 0.36075800
vt 0.47645900 0.37470900
vt 0.50445600 0.38285800
vt 0.40291300 0.36559800
vt 0.66030500 0.43280300
vt 0.29579100 0.69917500
vt 0.39440500 0.36232300
vt 0.68398000 0.21007600
vt 0.48589100 0.38142500
vt 0.44558500 0.37172100
vt 0.35738900 0.68726500
vt 0.30352900 0.34244700
vt 0.41514400 0.36597800
vt 0.87913500 0.29504400
vt 0.88493600 0.29615200
vt 0.40324200 0.36166400
vt 0.64636300 0.40957200
vt 0.90951900 0.31409800
vt 0.31839400 0.34534300
vt 0.47297600 0.37414900
vt 0.71098800 0.19534600
vt 0.89864600 0.30995200
vt 0.46904600 0.37266700
vt 0.30561700 0.69667200
vt 0.53483300 0.38836800
vt 0.29410000 0.70371000
vt 0.36725700 0.35357100
vt 0.32732100 0.34631400
vt 0.63542000 0.39676700
vt 0.87329900 0.28652800
vt 0.31624600 0.69682600
vt 0.34335500 0.35061600
vt 0.88423600 0.29408000
vt 0.49478700 0.37858400
vt 0.73590200 0.17849000
vt 0.54675900 0.38881600
vt 0.64519000 0.41431800
vt 0.48948700 0.37843100
vt 0.48514300 0.37884100
vt 0.44082600 0.36793200
vt 0.87058000 0.28615700
vt 0.87629400 0.29120400
vt 0.68782300 0.21115700
vt 0.86533300 0.28300300
vt 0.41505100 0.36449900
vt 0.73328600 0.18084700
vt 0.54948900 0.38835000
vt 0.43615600 0.36683100
vt 0.91918200 0.32470400
vt 0.67893600 0.46126600
vt 0.67828900 0.21821600
vt 0.32248800 0.34565100
vt 0.39886300 0.36307100
vt 0.66831000 0.44422000
vt 0.42037400 0.36596100
vt 0.40608800 0.36320800
vt 0.52065700 0.38606000
vt 0.39013400 0.36234500
vt 0.90693400 0.31038400
vt 0.48847400 0.38014700
vt 0.29900600 0.33840000
vt 0.62742700 0.38383200
vt 0.48321600 0.37846000
vt 0.69167700 0.21161700
vt 0.49170900 0.37584600
vt 0.91565300 0.31641500
vt 0.50426400 0.38046200
vt 0.87524400 0.28730100
vt 0.53784200 0.38840900
vt 0.31579100 0.34191200
vt 0.64326900 0.41116900
vt 0.31824600 0.34302900
vt 0.33634500 0.34625100
vt 0.45167200 0.37002700
vt 0.66329300 0.43664700
vt 0.63120900 0.38878000
vt 0.62847700 0.38645300
vt 0.86674900 0.28420100
vt 0.52775800 0.38764900
vt 0.64021200 0.40046200
vt 0.62975700 0.39038100
vt 0.42120500 0.36271400
vt 0.88642800 0.29362300
vt 0.48593700 0.37499000
vt 0.43035200 0.36543400
vt 0.87796900 0.28835800
vt 0.87132500 0.28125700
vt 0.41203600 0.36496700
vt 0.68158800 0.21540300
vt 0.46516100 0.37144700
vt 0.67257700 0.45649600
vt 0.53657500 0.38760600
vt 0.29874600 0.70039000
vt 0.52508200 0.38744700
vt 0.71484100 0.19300000
vt 0.52395600 0.38472800
vt 0.86649200 0.27879800
vt 0.73812900 0.17630500
vt 0.54183500 0.38851000
vt 0.51201700 0.38122900
vt 0.50090500 0.37910600
vt 0.48184800 0.37626600
vt 0.65642400 0.43591400
vt 0.90480700 0.31134900
vt 0.67510800 0.22499700
vt 0.51538900 0.38184400
vt 0.71147400 0.20042700
vt 0.66258000 0.44458100
vt 0.48920600 0.37343400
vt 0.64687700 0.42030200
vt 0.89493800 0.30091000
vt 0.45694800 0.37232500
vt 0.44382800 0.36408100
vt 0.35632200 0.35273800
vt 0.30343800 0.70047200
vt 0.86043300 0.27621700
vt 0.68579900 0.21973300
vt 0.42531900 0.36343600
vt 0.48482300 0.37612700
vt 0.32746800 0.34175000
vt 0.72438600 0.18689300
vt 0.33933800 0.34625500
vt 0.53091600 0.38444600
vt 0.88909400 0.29713700
vt 0.88657900 0.29029400
vt 0.30328900 0.33520600
vt 0.67550600 0.22241600
vt 0.88374500 0.29071700
vt 0.70584400 0.20001800
vt 0.34341700 0.34654900
vt 0.87604600 0.28401000
vt 0.65526400 0.42840500
vt 0.48423000 0.37776200
vt 0.48695100 0.37368400
vt 0.40731100 0.36045600
vt 0.45997000 0.36827200
vt 0.63986500 0.40627100
vt 0.47214400 0.37165100
vt 0.48011200 0.37538000
vt 0.46155800 0.37235600
vt 0.32317200 0.34062200
vt 0.37861600 0.35138800
vt 0.89849600 0.30130200
vt 0.40307800 0.35905400
vt 0.69464300 0.20569600
vt 0.50791400 0.38091900
vt 0.73808700 0.17841500
vt 0.54413000 0.38651100
vt 0.87984600 0.28454900
vt 0.88277700 0.28773100
vt 0.63025200 0.39428000
vt 0.48374400 0.37645800
vt 0.39894700 0.35957600
vt 0.71607000 0.19653700
vt 0.67872500 0.22367800
vt 0.52632400 0.38355500
vt 0.52195500 0.38313300
vt 0.63553300 0.40095000
vt 0.53555000 0.38429600
vt 0.39357400 0.35720100
vt 0.62638100 0.39145400
vt 0.30107400 0.70309600
vt 0.36043300 0.35116800
vt 0.70132300 0.20211400
vt 0.51888200 0.38020300
vt 0.41584200 0.36094100
vt 0.72916200 0.18515200
vt 0.45658900 0.36748900
vt 0.30649600 0.33755700
vt 0.49815700 0.37768200
vt 0.63140300 0.39473800
vt 0.89180200 0.29416400
vt 0.45008000 0.36537900
vt 0.29715700 0.70523700
vt 0.36556000 0.35099700
vt 0.63268800 0.39695700
vt 0.49216800 0.37354800
vt 0.62549500 0.38825400
vt 0.66917000 0.45338500
vt 0.37297900 0.35568700
vt 0.28780300 0.70389700
vt 0.48278400 0.37282000
vt 0.51167800 0.37781500
vt 0.39279300 0.35479800
vt 0.54881900 0.38446400
vt 0.73714500 0.18262300
vt 0.34595500 0.34551500
vt 0.53342100 0.38295100
vt 0.90256800 0.30538800
vt 0.52823200 0.38196500
vt 0.66543600 0.44932300
vt 0.34875900 0.34961900
vt 0.89571100 0.29331200
vt 0.87587000 0.28105200
vt 0.41317700 0.35948900
vt 0.31378900 0.33744800
vt 0.67923000 0.22694900
vt 0.42344400 0.35789100
vt 0.69617200 0.21205700
vt 0.52549200 0.38115500
vt 0.49486800 0.37534400
vt 0.46865300 0.36739100
vt 0.87807400 0.28375800
vt 0.44093900 0.36432700
vt 0.53831900 0.38535800
vt 0.85237300 0.26901100
vt 0.67118200 0.22635400
vt 0.34858800 0.34636900
vt 0.65554200 0.44150800
vt 0.38794900 0.35660000
vt 0.33418500 0.34162100
vt 0.62369900 0.38731600
vt 0.54337900 0.38328200
vt 0.67371600 0.46106900
vt 0.89105900 0.29069100
vt 0.45271800 0.36627900
vt 0.87836500 0.27951100
vt 0.87367400 0.27888000
vt 0.30717500 0.33525600
vt 0.63365300 0.40277200
vt 0.70901900 0.20399700
vt 0.88812600 0.28633500
vt 0.91750700 0.31201200
vt 0.67685100 0.47167600
vt 0.91331800 0.30677900
vt 0.72482300 0.19249100
vt 0.35655100 0.34979600
vt 0.30058500 0.33193400
vt 0.62125700 0.38653700
vt 0.69937000 0.21249200
vt 0.64854800 0.42576300
vt 0.47888900 0.37035800
vt 0.39754300 0.35681900
vt 0.33694400 0.34145800
vt 0.50258300 0.37490600
vt 0.49527400 0.37253200
vt 0.90940500 0.30354300
vt 0.90558300 0.30272600
vt 0.43310300 0.36103500
vt 0.72894800 0.19042500
vt 0.48285800 0.36987500
vt 0.49138600 0.37176700
vt 0.41163700 0.35348000
vt 0.32675000 0.33929900
vt 0.62545600 0.39614800
vt 0.92244400 0.31634500
vt 0.67412100 0.46661400
vt 0.53998900 0.38149200
vt 0.42834300 0.35996200
vt 0.53562000 0.38116400
vt 0.44290600 0.36116200
vt 0.72127500 0.19422000
vt 0.48526200 0.37090400
vt 0.35509600 0.34730100
vt 0.46257200 0.36619300
vt 0.73321200 0.19142900
vt 0.54575600 0.37992900
vt 0.47236900 0.36715100
vt 0.62390500 0.39194900
vt 0.70609200 0.20912900
vt 0.40048700 0.35413700
vt 0.40492400 0.35590100
vt 0.31816800 0.33790000
vt 0.49258200 0.37281900
vt 0.34065100 0.34235200
vt 0.45785000 0.36385500
vt 0.45155600 0.36236000
vt 0.64171600 0.41731100
vt 0.69138500 0.21832700
vt 0.63772300 0.40925700
vt 0.68061300 0.22837300
vt 0.38521500 0.35279300
vt 0.51658500 0.37649300
vt 0.47755200 0.36738100
vt 0.49311200 0.36928800
vt 0.49848100 0.37194900
vt 0.48539700 0.36721000
vt 0.40683500 0.35689100
vt 0.65101200 0.43651000
vt 0.50704600 0.37338200
vt 0.51231300 0.37488900
vt 0.46938100 0.36548700
vt 0.63345100 0.40517900
vt 0.35801800 0.34586600
vt 0.69771600 0.21812700
vt 0.69504500 0.21505800
vt 0.73986300 0.18700900
vt 0.55194500 0.37803700
vt 0.66040100 0.44958500
vt 0.62387800 0.39400000
vt 0.54240000 0.37966800
vt 0.36547500 0.34852100
vt 0.53424100 0.37908500
vt 0.71387500 0.20308100
vt 0.53718900 0.37761800
vt 0.86709600 0.26752000
vt 0.52533700 0.37739700
vt 0.39764900 0.35247100
vt 0.86799500 0.27305800
vt 0.32198700 0.33711500
vt 0.85792000 0.26845600
vt 0.53834000 0.38074100
vt 0.39565500 0.35155100
vt 0.90168300 0.29726500
vt 0.62863600 0.40030500
vt 0.37108700 0.34846800
vt 0.46529200 0.36558100
vt 0.52826800 0.37781300
vt 0.64770900 0.42957900
vt 0.72459700 0.19965100
vt 0.38958600 0.34921600
vt 0.37533100 0.34434000
vt 0.45772700 0.36122600
vt 0.33429600 0.33906800
vt 0.53206800 0.37847800
vt 0.42986600 0.35630100
vt 0.36728900 0.34533400
vt 0.68575200 0.22420400
vt 0.54059200 0.37864000
vt 0.31953900 0.33291500
vt 0.87551100 0.27001400
vt 0.52130300 0.37653300
vt 0.64259000 0.42022400
vt 0.88133500 0.28032300
vt 0.43868500 0.35950500
vt 0.34830000 0.34225000
vt 0.66229800 0.45788100
vt 0.51623600 0.37397200
vt 0.87017800 0.27729600
vt 0.35181700 0.34359600
vt 0.33077100 0.33866300
vt 0.33922000 0.33926900
vt 0.41511300 0.35589100
vt 0.69668200 0.22174800
vt 0.44510500 0.35756800
vt 0.36408800 0.34359100
vt 0.42351200 0.35508000
vt 0.30322900 0.32947800
vt 0.49331900 0.36803300
vt 0.49553400 0.36761800
vt 0.44878700 0.35893600
vt 0.73819200 0.19315800
vt 0.43511400 0.35651400
vt 0.47926100 0.36558800
vt 0.88348500 0.28518000
vt 0.68558200 0.22814200
vt 0.38568300 0.35110900
vt 0.67693000 0.23168400
vt 0.85502500 0.26113500
vt 0.65532800 0.44838400
vt 0.50318700 0.37235800
vt 0.52179500 0.37371500
vt 0.63565100 0.41517500
vt 0.62120200 0.39319800
vt 0.62566700 0.40141600
vt 0.61849800 0.38833100
vt 0.30078400 0.32866500
vt 0.48911100 0.36863500
vt 0.46844500 0.35990500
vt 0.30728500 0.33269900
vt 0.44042000 0.35407000
vt 0.49825100 0.36741100
vt 0.69929600 0.21546800
vt 0.71933000 0.20247800
vt 0.53622100 0.37536600
vt 0.55144400 0.37547500
vt 0.31372700 0.33110300
vt 0.54575600 0.37802000
vt 0.32961000 0.33459600
vt 0.40686100 0.35177200
vt 0.63158200 0.41269300
vt 0.40894200 0.34942000
vt 0.65233600 0.45460800
vt 0.41702700 0.35273100
vt 0.63814200 0.42292800
vt 0.70395400 0.21689100
vt 0.33216400 0.33498900
vt 0.35530800 0.34195100
vt 0.92036100 0.30779700
vt 0.67359200 0.47432700
vt 0.34533000 0.33986800
vt 0.35235500 0.33952900
vt 0.62003800 0.39082200
vt 0.65690200 0.45888300
vt 0.51302200 0.36894200
vt 0.72857400 0.19664800
vt 0.62108600 0.39652600
vt 0.40350300 0.35067200
vt 0.63133100 0.41637500
vt 0.47374600 0.36352400
vt 0.89375700 0.28497600
vt 0.42722200 0.34982900
vt 0.86273400 0.26167600
vt 0.38390600 0.34547900
vt 0.36120000 0.34133400
vt 0.90210500 0.29218500
vt 0.67973900 0.23072100
vt 0.54729900 0.37488400
vt 0.88138900 0.27536600
vt 0.33831100 0.33536200
vt 0.73237900 0.19744200
vt 0.32022200 0.32862900
vt 0.90796300 0.29544000
vt 0.54013500 0.37569200
vt 0.69651000 0.22711500
vt 0.66873400 0.47000100
vt 0.92739600 0.31041100
vt 0.48243600 0.36750500
vt 0.53375200 0.37442500
vt 0.68502800 0.23164400
vt 0.35551600 0.33979900
vt 0.71561000 0.21161800
vt 0.72165300 0.20456400
vt 0.46621400 0.35617100
vt 0.50563300 0.36697700
vt 0.73569400 0.19735600
vt 0.49676900 0.36641700
vt 0.66459600 0.46405400
vt 0.89726100 0.28976300
vt 0.48659100 0.36247600
vt 0.32327300 0.33221200
vt 0.34833200 0.33915500
vt 0.54235400 0.37432900
vt 0.39677200 0.34748400
vt 0.87287900 0.26827800
vt 0.47571400 0.35981300
vt 0.62011000 0.39806000
vt 0.70007200 0.22163000
vt 0.54828700 0.37334800
vt 0.91416500 0.29266100
vt 0.53857600 0.37351900
vt 0.34165000 0.33843800
vt 0.62317800 0.39933200
vt 0.36381700 0.33907300
vt 0.68133600 0.23603200
vt 0.85743400 0.25506900
vt 0.88101900 0.26981700
vt 0.61519200 0.39263300
vt 0.50095600 0.36734600
vt 0.38413800 0.34252900
vt 0.88994000 0.27561200
vt 0.47189600 0.35966700
vt 0.48462400 0.36121300
vt 0.91748500 0.29837000
vt 0.39410300 0.34290000
vt 0.33425600 0.33521400
vt 0.64237400 0.43368900
vt 0.68883500 0.23355700
vt 0.65372800 0.46064600
vt 0.90554200 0.28175200
vt 0.51842400 0.37092500
vt 0.38934900 0.34426100
vt 0.71083400 0.21382400
vt 0.36671300 0.34184300
vt 0.64666400 0.44729000
vt 0.37137400 0.34030800
vt 0.34138200 0.33073800
vt 0.45277400 0.35712400
vt 0.73702800 0.20078100
vt 0.46359700 0.35126500
vt 0.30891500 0.32666500
vt 0.68416400 0.23527700
vt 0.41259800 0.34320700
vt 0.50743500 0.36795300
vt 0.66511300 0.47811800
vt 0.92875000 0.30008000
vt 0.46276800 0.35982900
vt 0.65863100 0.46350600
vt 0.64913800 0.44139800
vt 0.44569500 0.35393400
vt 0.40358400 0.34705500
vt 0.38741700 0.34409600
vt 0.49447200 0.36462800
vt 0.36003600 0.33844800
vt 0.89745900 0.27967900
vt 0.43218900 0.35073400
vt 0.72727900 0.20295900
vt 0.45288400 0.35347500
vt 0.55175100 0.37044500
vt 0.54754200 0.37197600
vt 0.62489700 0.40883900
vt 0.62432600 0.40644200
vt 0.34527900 0.33325800
vt 0.64368100 0.43858500
vt 0.48096900 0.35787200
vt 0.50274400 0.36420900
vt 0.54047800 0.37144500
vt 0.44742600 0.35238100
vt 0.55464500 0.36676900
vt 0.32698900 0.32914200
vt 0.30234000 0.32190700
vt 0.61278800 0.39114100
vt 0.42282400 0.34789700
vt 0.47491100 0.35651100
vt 0.49076800 0.36137200
vt 0.45000300 0.35349600
vt 0.37194100 0.33746000
vt 0.73417800 0.20434400
vt 0.61831700 0.39563100
vt 0.53569000 0.37025700
vt 0.42729400 0.34566100
vt 0.36856500 0.33812800
vt 0.53091200 0.37186000
vt 0.72109500 0.20987600
vt 0.48766500 0.35930000
vt 0.51788300 0.36663900
vt 0.35039600 0.33373900
vt 0.69002900 0.23014500
vt 0.52599500 0.36932500
vt 0.90884900 0.29044800
vt 0.31629100 0.32789600
vt 0.70377900 0.22157300
vt 0.55104100 0.36822700
vt 0.53401800 0.36801000
vt 0.61412900 0.39509200
vt 0.53183200 0.36984100
vt 0.41555100 0.34467800
vt 0.61628900 0.40158900
vt 0.72731800 0.20673700
vt 0.38883400 0.34111600
vt 0.54428800 0.36921000
vt 0.43883600 0.34970000
vt 0.54286600 0.37170700
vt 0.55591500 0.36754300
vt 0.74302700 0.19324200
vt 0.61700200 0.39777700
vt 0.61328900 0.39330800
vt 0.49361300 0.36049000
vt 0.49889300 0.36232900
vt 0.52176400 0.36803900
vt 0.40124200 0.34226200
vt 0.33405900 0.32897600
vt 0.50755700 0.36463600
vt 0.71004500 0.22186300
vt 0.43413100 0.34855300
vt 0.44312100 0.35127800
vt 0.61886500 0.40591700
vt 0.35260800 0.32878100
vt 0.41987200 0.34505400
vt 0.51388700 0.36555200
vt 0.30542300 0.32562000
vt 0.90287300 0.27492200
vt 0.32406600 0.32756700
vt 0.87329300 0.26005200
vt 0.49705300 0.36127500
vt 0.88765400 0.26759000
vt 0.35337600 0.33320100
vt 0.91997600 0.29263800
vt 0.53912900 0.36813300
vt 0.70278900 0.22636000
vt 0.35704700 0.33253800
vt 0.72458100 0.21079700
vt 0.91157400 0.28129100
vt 0.89788500 0.27237600
vt 0.68868800 0.23867400
vt 0.72036700 0.21479500
vt 0.56055600 0.35597900
vt 0.74403700 0.19958100
vt 0.70174000 0.23141800
vt 0.48465500 0.35803600
vt 0.71730800 0.21784800
vt 0.61331000 0.39881500
vt 0.40720100 0.34094800
vt 0.38547400 0.33687500
vt 0.73063000 0.21101500
vt 0.61056400 0.39735000
vt 0.65384600 0.46623300
vt 0.35977100 0.33319900
vt 0.33712700 0.33038300
vt 0.47225800 0.35160900
vt 0.33139200 0.32318900
vt 0.54177600 0.36812900
vt 0.62783100 0.41322200
vt 0.86490200 0.25190500
vt 0.68375700 0.24280900
vt 0.45969300 0.35472800
vt 0.50189400 0.35829600
vt 0.30961500 0.32130200
vt 0.34375600 0.32864500
vt 0.61111200 0.39480700
vt 0.32061300 0.32194200
vt 0.51111900 0.36183400
vt 0.54822700 0.36822400
vt 0.37681000 0.34119100
vt 0.63846900 0.44238100
vt 0.53243900 0.36435300
vt 0.45325900 0.34765300
vt 0.38956100 0.33718500
vt 0.62393800 0.41843100
vt 0.34830700 0.32962500
vt 0.36320900 0.33465000
vt 0.30855100 0.31500900
vt 0.33406400 0.32442200
vt 0.41885600 0.34188000
vt 0.48689600 0.35550300
vt 0.41507000 0.34081000
vt 0.48914400 0.35802200
vt 0.37576800 0.33367200
vt 0.39578400 0.33644600
vt 0.49686300 0.35504700
vt 0.62949500 0.42222100
vt 0.55462700 0.36231600
vt 0.31669100 0.32114100
vt 0.74053800 0.19924400
vt 0.56305900 0.35591300
vt 0.52743000 0.36498400
vt 0.61379200 0.40686300
vt 0.39815600 0.33764500
vt 0.32393100 0.32411300
vt 0.88458100 0.26140000
vt 0.37217600 0.33222900
vt 0.49183300 0.35390300
vt 0.63447700 0.43012200
vt 0.90789100 0.27676800
vt 0.53642400 0.36703900
vt 0.87406200 0.24768600
vt 0.68749500 0.25051400
vt 0.70052300 0.23414400
vt 0.89627300 0.26659100
vt 0.73925100 0.20609200
vt 0.35572800 0.32949900
vt 0.40410900 0.33956800
vt 0.51800800 0.36022800
vt 0.91473700 0.28733200
vt 0.41026100 0.33901700
vt 0.64657400 0.45533800
vt 0.49754300 0.35685500
vt 0.73755600 0.20906500
vt 0.55377900 0.36016100
vt 0.87465600 0.25503400
vt 0.44655500 0.34624100
vt 0.46028900 0.34806500
vt 0.48072500 0.34916900
vt 0.50639700 0.35895900
vt 0.61062900 0.40094700
vt 0.52398300 0.36185000
vt 0.31624000 0.31772400
vt 0.31207900 0.31728700
vt 0.35975500 0.32959700
vt 0.36195500 0.33173200
vt 0.91952600 0.28186800
vt 0.66843100 0.49581600
vt 0.90197100 0.26927900
vt 0.65892600 0.47266600
vt 0.32478300 0.32014300
vt 0.60924300 0.40581600
vt 0.60707900 0.40026800
vt 0.54498300 0.36467400
vt 0.54160500 0.36437300
vt 0.54399400 0.36217600
vt 0.42483300 0.33864400
vt 0.60906000 0.39387800
vt 0.30228100 0.31691200
vt 0.69434100 0.23594600
vt 0.43422700 0.34138300
vt 0.63491800 0.43584600
vt 0.92390300 0.28962900
vt 0.66652500 0.48820800
vt 0.44066200 0.34390000
vt 0.43816500 0.34291800
vt 0.48569800 0.35033500
vt 0.51019100 0.35676700
vt 0.40158100 0.33554300
vt 0.47718600 0.34430900
vt 0.34620600 0.32599800
vt 0.36469500 0.32902600
vt 0.41894400 0.33569200
vt 0.64612500 0.46345900
vt 0.51511500 0.35945400
vt 0.62865600 0.42824400
vt 0.32037700 0.31794800
vt 0.53298900 0.36072900
vt 0.62266700 0.42300900
vt 0.33848300 0.31950100
vt 0.35277600 0.32362800
vt 0.60647500 0.39821600
vt 0.55656600 0.35495600
vt 0.55046500 0.36223300
vt 0.53714700 0.36356200
vt 0.49434800 0.35444900
vt 0.60545300 0.39682100
vt 0.42950300 0.33951300
vt 0.42157100 0.33657600
vt 0.74447600 0.20466600
vt 0.56334500 0.34697100
vt 0.44985200 0.34351000
vt 0.52812900 0.35996800
vt 0.46300300 0.34579900
vt 0.56079100 0.34747700
vt 0.33867000 0.32420200
vt 0.44496600 0.34124800
vt 0.69542700 0.24263500
vt 0.66545700 0.48274100
vt 0.92677200 0.29525600
vt 0.48329000 0.34741300
vt 0.39891000 0.33417700
vt 0.62011500 0.41159100
vt 0.63698400 0.44924200
vt 0.72652500 0.21722500
vt 0.33180500 0.31989600
vt 0.48805300 0.35119500
vt 0.39096800 0.33180600
vt 0.71598700 0.22702500
vt 0.64903200 0.47090200
vt 0.51918000 0.35798700
vt 0.64062500 0.45456500
vt 0.41093800 0.33190200
vt 0.40512300 0.33673500
vt 0.49816900 0.35048000
vt 0.50202000 0.35356900
vt 0.49219100 0.35113000
vt 0.70799700 0.23412100
vt 0.35685100 0.32325400
vt 0.34371900 0.32227200
vt 0.70674900 0.22841700
vt 0.41228200 0.33399700
vt 0.43412400 0.33832200
vt 0.50726400 0.35514400
vt 0.46721200 0.34380400
vt 0.51475600 0.35727900
vt 0.49479200 0.35085100
vt 0.54700100 0.36046700
vt 0.43736200 0.33900400
vt 0.69285900 0.24480800
vt 0.43019200 0.33697900
vt 0.47446800 0.34168900
vt 0.54028400 0.35836400
vt 0.52414100 0.35840200
vt 0.73296300 0.21864800
vt 0.89270200 0.26203700
vt 0.63257800 0.44502400
vt 0.47010500 0.34897000
vt 0.46067400 0.34573000
vt 0.55417200 0.35468700
vt 0.65693400 0.48857600
vt 0.48205000 0.34271900
vt 0.48770900 0.34822500
vt 0.90121000 0.26417000
vt 0.73567100 0.21368800
vt 0.48896000 0.34859200
vt 0.37644600 0.32734700
vt 0.31342800 0.30980200
vt 0.65709000 0.47850000
vt 0.38603400 0.32553600
vt 0.34133700 0.31997400
vt 0.36569300 0.32254800
vt 0.60663200 0.40301000
vt 0.42560400 0.33480900
vt 0.49096200 0.34911300
vt 0.60366900 0.40438000
vt 0.54250000 0.35934400
vt 0.89962100 0.25706400
vt 0.68103000 0.27020800
vt 0.38455200 0.33250200
vt 0.60549300 0.40620900
vt 0.61361100 0.41345400
vt 0.69925300 0.24009800
vt 0.34536600 0.32036200
vt 0.70134600 0.24560800
vt 0.71447100 0.23430200
vt 0.32348700 0.31171200
vt 0.50022900 0.34842900
vt 0.90806600 0.27105700
vt 0.74268800 0.21201300
vt 0.45313000 0.34297500
vt 0.54634600 0.35761800
vt 0.64075800 0.46046800
vt 0.48621000 0.34520800
vt 0.91158700 0.27121500
vt 0.40395400 0.32968700
vt 0.48964200 0.34664700
vt 0.60330900 0.40116400
vt 0.62792200 0.43573000
vt 0.54360500 0.35680900
vt 0.50326200 0.34838700
vt 0.49325400 0.34814600
vt 0.33234000 0.31375800
vt 0.60348900 0.39890000
vt 0.42036400 0.33241100
vt 0.65341700 0.48421400
vt 0.53636800 0.35757100
vt 0.34194900 0.31418200
vt 0.44114700 0.33415800
vt 0.30954400 0.31023600
vt 0.38978500 0.32456600
vt 0.51578400 0.35342000
vt 0.37223300 0.32806500
vt 0.41230200 0.32956600
vt 0.36184600 0.32040200
vt 0.70928800 0.23815900
vt 0.73767300 0.22263100
vt 0.38163400 0.32440800
vt 0.64012500 0.46666100
vt 0.40149200 0.32891900
vt 0.31757700 0.31337200
vt 0.37109700 0.32251100
vt 0.43353400 0.33263900
vt 0.53286900 0.35815500
vt 0.41597300 0.33131800
vt 0.74907700 0.21286000
vt 0.56479400 0.33318900
vt 0.49492000 0.34463900
vt 0.47724600 0.33874500
vt 0.48908600 0.34401400
vt 0.72603000 0.22811400
vt 0.74123000 0.21716500
vt 0.49308900 0.34559900
vt 0.49091500 0.34614300
vt 0.30971900 0.29824800
vt 0.59362100 0.40034900
vt 0.46227500 0.33924900
vt 0.55108400 0.35393700
vt 0.31520200 0.30498000
vt 0.54572900 0.35421600
vt 0.44634400 0.33593200
vt 0.52562700 0.35344500
vt 0.52208900 0.35354500
vt 0.67795500 0.27624200
vt 0.46977700 0.22177900
vt 0.90517400 0.25792600
vt 0.91754800 0.27294200
vt 0.49833500 0.34706700
vt 0.35382100 0.31997000
vt 0.60616400 0.40977600
vt 0.50839800 0.35072000
vt 0.55634900 0.35125500
vt 0.33010300 0.31380300
vt 0.41861400 0.33088400
vt 0.88402900 0.25196100
vt 0.61483000 0.41901500
vt 0.42966200 0.32977700
vt 0.53245000 0.35209300
vt 0.60827300 0.41456600
vt 0.44723800 0.33320200
vt 0.93496000 0.27706800
vt 0.65341900 0.49464700
vt 0.49071300 0.34355500
vt 0.54896600 0.35356700
vt 0.30524100 0.30921300
vt 0.60246300 0.39628100
vt 0.55638100 0.34601500
vt 0.61803700 0.42924700
vt 0.45142300 0.33598900
vt 0.35916500 0.31960400
vt 0.70484700 0.24294300
vt 0.55903200 0.34411700
vt 0.69445400 0.25079700
vt 0.92907100 0.27366900
vt 0.65773700 0.49926700
vt 0.62400400 0.44239400
vt 0.37253000 0.31892200
vt 0.88912400 0.24492300
vt 0.69012200 0.26321500
vt 0.31218900 0.30413100
vt 0.39532100 0.32617200
vt 0.59907100 0.40308200
vt 0.55390700 0.34921800
vt 0.40383900 0.32611900
vt 0.43752700 0.33266100
vt 0.51741800 0.35079400
vt 0.37829300 0.32254100
vt 0.50854900 0.34644400
vt 0.53890600 0.35372900
vt 0.48576100 0.34037500
vt 0.59902100 0.40104800
vt 0.40827100 0.32819700
vt 0.71948600 0.23190900
vt 0.34971200 0.32004100
vt 0.39604600 0.32343300
vt 0.33873200 0.31338400
vt 0.55243400 0.35120000
vt 0.51334300 0.34941500
vt 0.41416100 0.32476400
vt 0.69134500 0.25746700
vt 0.50406500 0.34535300
vt 0.54819200 0.35120100
vt 0.54179700 0.35488800
vt 0.45272800 0.33421100
vt 0.47081000 0.33612600
vt 0.48051000 0.33751100
vt 0.51792100 0.34757500
vt 0.32441300 0.30566500
vt 0.62960800 0.44950200
vt 0.49194400 0.34199200
vt 0.32838300 0.30895200
vt 0.74645700 0.21647100
vt 0.36510700 0.31842800
vt 0.36835200 0.31894300
vt 0.64791000 0.47878400
vt 0.59701000 0.40415200
vt 0.38394900 0.32148300
vt 0.71384900 0.23941100
vt 0.35095900 0.31447700
vt 0.52222800 0.34934000
vt 0.43589000 0.32875900
vt 0.53544300 0.35297800
vt 0.63212400 0.45910600
vt 0.73349900 0.22641600
vt 0.54988800 0.34610000
vt 0.42506500 0.32851000
vt 0.59546100 0.40197300
vt 0.30722500 0.29830300
vt 0.73806300 0.22623400
vt 0.44250200 0.33074500
vt 0.72953000 0.22392300
vt 0.34573700 0.31304200
vt 0.55527700 0.34556800
vt 0.46283300 0.33646700
vt 0.52946100 0.34662000
vt 0.34068300 0.31029800
vt 0.37694500 0.31954600
vt 0.89530800 0.25107900
vt 0.68551900 0.26711400
vt 0.43255600 0.32742700
vt 0.51415100 0.34680700
vt 0.46826800 0.33596000
vt 0.44974800 0.33071100
vt 0.48889400 0.34010700
vt 0.33407000 0.30962100
vt 0.34809600 0.31319500
vt 0.50393700 0.34243900
vt 0.53795100 0.35137400
vt 0.52965200 0.35275000
vt 0.47371800 0.33454000
vt 0.38136500 0.31746400
vt 0.59959300 0.40767400
vt 0.49723400 0.34423600
vt 0.44162900 0.32773100
vt 0.72817400 0.23257700
vt 0.42144300 0.32570800
vt 0.68368300 0.27494600
vt 0.38673400 0.32000400
vt 0.52609100 0.34936500
vt 0.36635100 0.31264700
vt 0.49458200 0.34215300
vt 0.60808300 0.42024000
vt 0.60195200 0.41066000
vt 0.70661200 0.24820200
vt 0.33842000 0.30781100
vt 0.54070200 0.34956400
vt 0.55838300 0.33986300
vt 0.45254600 0.33126500
vt 0.46637200 0.33390400
vt 0.71713200 0.24115300
vt 0.69586500 0.25910600
vt 0.74278600 0.22165500
vt 0.34451100 0.30790500
vt 0.34698700 0.31000300
vt 0.60081400 0.41405000
vt 0.61687300 0.43858400
vt 0.91507800 0.26176200
vt 0.46435200 0.22058500
vt 0.59445900 0.40608700
vt 0.35702300 0.31315500
vt 0.56150600 0.33599500
vt 0.49173300 0.33756200
vt 0.53351200 0.34848300
vt 0.61353000 0.43698400
vt 0.54332900 0.35228500
vt 0.55287400 0.34403000
vt 0.63328900 0.47060300
vt 0.35201700 0.31029700
vt 0.70995300 0.24426500
vt 0.62917600 0.46181400
vt 0.41979200 0.32269200
vt 0.31736700 0.30158600
vt 0.55761900 0.33816100
vt 0.36083400 0.31302400
vt 0.51413800 0.34298900
vt 0.62580900 0.45450100
vt 0.55158400 0.34299600
vt 0.54707100 0.34875100
vt 0.32868500 0.30636000
vt 0.49650000 0.33900700
vt 0.30868500 0.29327500
vt 0.59208400 0.40447500
vt 0.31384600 0.30013500
vt 0.48097700 0.33573000
vt 0.67835900 0.27889700
vt 0.46897400 0.22412500
vt 0.36150400 0.31002400
vt 0.71367000 0.24314800
vt 0.50785600 0.34321300
vt 0.59679000 0.40928200
vt 0.48642700 0.33459000
vt 0.54359100 0.34843400
vt 0.74894000 0.21999200
vt 0.56737300 0.32034300
vt 0.48083300 0.33200900
vt 0.52403500 0.34501000
vt 0.41151500 0.32200300
vt 0.64003200 0.47514700
vt 0.73638900 0.22891800
vt 0.42692800 0.32467300
vt 0.38895800 0.31792800
vt 0.46308700 0.33280500
vt 0.64916000 0.50218800
vt 0.31977500 0.29909900
vt 0.73171200 0.23393900
vt 0.37251900 0.31252800
vt 0.53700700 0.34701700
vt 0.33331100 0.30503800
vt 0.35450400 0.30913900
vt 0.38547800 0.31644800
vt 0.60209900 0.42527300
vt 0.53910900 0.34410200
vt 0.42194200 0.32033700
vt 0.41679100 0.32070800
vt 0.55547400 0.33951800
vt 0.54823200 0.34422400
vt 0.48966000 0.33666300
vt 0.49911100 0.34001000
vt 0.60645600 0.42489900
vt 0.70841000 0.25094600
vt 0.70616800 0.25536500
vt 0.47034900 0.32794300
vt 0.34023200 0.30325600
vt 0.36858800 0.30945400
vt 0.39424100 0.32169200
vt 0.46378700 0.22614700
vt 0.72713700 0.23865300
vt 0.69423400 0.26190100
vt 0.69951500 0.24975100
vt 0.49392100 0.33451100
vt 0.49448900 0.33866800
vt 0.50839200 0.34039200
vt 0.51938800 0.34216100
vt 0.49084200 0.33321700
vt 0.72479200 0.24323800
vt 0.52730700 0.34482000
vt 0.61890700 0.44922000
vt 0.49572000 0.33517000
vt 0.64815100 0.50824800
vt 0.45224100 0.22464800
vt 0.46747500 0.22785300
vt 0.55374800 0.33957300
vt 0.92605800 0.26181500
vt 0.45889900 0.22266900
vt 0.65727200 0.50967600
vt 0.34168900 0.30339800
vt 0.50525700 0.33942200
vt 0.46585800 0.32794300
vt 0.46887700 0.23059400
vt 0.47116400 0.23177800
vt 0.68394200 0.28190200
vt 0.51294700 0.34078700
vt 0.53517700 0.34443900
vt 0.53078100 0.34414000
vt 0.64423200 0.48762200
vt 0.47478500 0.33149800
vt 0.71684600 0.24658400
vt 0.92444800 0.26621800
vt 0.46184300 0.32814200
vt 0.73982300 0.23236200
vt 0.52655700 0.34220500
vt 0.69155600 0.27071700
vt 0.43476300 0.32267900
vt 0.59704800 0.41283700
vt 0.47179000 0.32973200
vt 0.37397400 0.30925300
vt 0.54477300 0.34366400
vt 0.56187800 0.32741600
vt 0.60239100 0.41938300
vt 0.40013400 0.31752600
vt 0.52138100 0.34224900
vt 0.40840900 0.31710900
vt 0.46300600 0.32486400
vt 0.32599600 0.29965000
vt 0.59283800 0.40747200
vt 0.59357500 0.41122900
vt 0.45468200 0.32555200
vt 0.36570400 0.30721600
vt 0.43058300 0.32309500
vt 0.35200800 0.30684900
vt 0.43187300 0.32018600
vt 0.48344600 0.32805100
vt 0.49740500 0.33462500
vt 0.37702500 0.31305200
vt 0.54101500 0.34460000
vt 0.31954200 0.29487100
vt 0.48925400 0.33018600
vt 0.74563100 0.22329900
vt 0.56784400 0.31387100
vt 0.49349500 0.33151100
vt 0.52655900 0.33992700
vt 0.56584300 0.31752600
vt 0.51680200 0.33799400
vt 0.69992300 0.26660400
vt 0.74538800 0.22845200
vt 0.56225100 0.30906000
vt 0.32431000 0.29686900
vt 0.34624500 0.30263600
vt 0.47878800 0.32890200
vt 0.33804800 0.29734800
vt 0.60526700 0.43094700
vt 0.63731100 0.47991500
vt 0.55572800 0.33674800
vt 0.50029600 0.33542900
vt 0.58929800 0.40709800
vt 0.30969200 0.28874600
vt 0.38173600 0.31049000
vt 0.44281400 0.21531100
vt 0.64385500 0.49523900
vt 0.47849700 0.32577200
vt 0.32939100 0.29796500
vt 0.48566500 0.33009300
vt 0.70365400 0.26047100
vt 0.50591900 0.33539200
vt 0.52196600 0.33910500
vt 0.73602200 0.23448200
vt 0.73704800 0.23944800
vt 0.35048800 0.30293300
vt 0.55895700 0.33135100
vt 0.45163400 0.32343000
vt 0.44921400 0.32303300
vt 0.36075700 0.30452100
vt 0.62306300 0.45963000
vt 0.46655400 0.32503000
vt 0.73165000 0.24253500
vt 0.59575200 0.41770700
vt 0.54962800 0.34161300
vt 0.53710000 0.34269200
vt 0.53117400 0.34049900
vt 0.32725100 0.29330600
vt 0.44094700 0.31877300
vt 0.41931100 0.31577000
vt 0.56352800 0.32326700
vt 0.39929600 0.31382600
vt 0.61402300 0.45664000
vt 0.38596300 0.30959000
vt 0.58938700 0.41324100
vt 0.59077400 0.41028200
vt 0.39087400 0.31375800
vt 0.39519800 0.31256300
vt 0.55271200 0.33810200
vt 0.35447900 0.30736200
vt 0.45441100 0.32015700
vt 0.71598200 0.25213200
vt 0.63015400 0.48105500
vt 0.50975000 0.33582700
vt 0.43709100 0.31800000
vt 0.56114000 0.31760000
vt 0.60662100 0.43846000
vt 0.55469800 0.30610700
vt 0.75066700 0.23417200
vt 0.74163900 0.23618700
vt 0.47057000 0.32100700
vt 0.55455200 0.33446400
vt 0.46357900 0.23308100
vt 0.33350300 0.29325100
vt 0.37961100 0.30817200
vt 0.43294700 0.31545100
vt 0.31290400 0.29007900
vt 0.52048800 0.33711700
vt 0.69033200 0.27987600
vt 0.55136900 0.33587600
vt 0.55702600 0.32907400
vt 0.40286000 0.31236900
vt 0.58718500 0.40838100
vt 0.31002700 0.28592700
vt 0.63664800 0.48529000
vt 0.59107800 0.41599700
vt 0.39148800 0.30860200
vt 0.70893800 0.26245400
vt 0.72059400 0.25200300
vt 0.72412600 0.24829400
vt 0.34299200 0.29508100
vt 0.64426800 0.50441700
vt 0.44779900 0.22252900
vt 0.31845600 0.28850100
vt 0.61273900 0.44670200
vt 0.42390100 0.31314700
vt 0.71371200 0.25583100
vt 0.37371800 0.30491200
vt 0.44595900 0.31753100
vt 0.50114000 0.32960400
vt 0.69739900 0.27084600
vt 0.54406900 0.33917200
vt 0.42592200 0.31096500
vt 0.34045800 0.29242700
vt 0.63385700 0.48733400
vt 0.49572900 0.32798900
vt 0.32639000 0.28699600
vt 0.58838800 0.41573500
vt 0.46010100 0.23408500
vt 0.62625700 0.47819900
vt 0.33449700 0.28749900
vt 0.35507000 0.29706000
vt 0.31558900 0.28304700
vt 0.53821300 0.33903400
vt 0.55445400 0.33211100
vt 0.37893600 0.30482000
vt 0.39525200 0.30567400
vt 0.34625000 0.29656300
vt 0.51751700 0.33268000
vt 0.54631200 0.33944400
vt 0.52446700 0.33442400
vt 0.62467200 0.47092400
vt 0.41284700 0.31532500
vt 0.31292900 0.28014000
vt 0.60572000 0.44875000
vt 0.71835600 0.25445500
vt 0.61544600 0.45128600
vt 0.59319800 0.42320300
vt 0.69451500 0.27999900
vt 0.58698400 0.41775600
vt 0.58540900 0.41164500
vt 0.31038600 0.28066700
vt 0.55620100 0.31661800
vt 0.40828300 0.31038400
vt 0.50498600 0.32985900
vt 0.51309500 0.32909900
vt 0.70353200 0.27071600
vt 0.49042300 0.32237100
vt 0.55056900 0.30039900
vt 0.74708900 0.23859000
vt 0.53344700 0.33596800
vt 0.58656400 0.41501600
vt 0.54692300 0.33470700
vt 0.32203000 0.28452400
vt 0.46638900 0.23247600
vt 0.68870700 0.28535600
vt 0.47219300 0.23870300
vt 0.71991900 0.25681500
vt 0.46849200 0.23798900
vt 0.45501700 0.23428300
vt 0.72213200 0.25453100
vt 0.44496300 0.31535000
vt 0.61564400 0.46366400
vt 0.46030300 0.31730700
vt 0.38427500 0.30389900
vt 0.50729800 0.32722900
vt 0.71812700 0.25842400
vt 0.45400900 0.22893500
vt 0.55906400 0.31180300
vt 0.55583700 0.32683200
vt 0.34656300 0.29273400
vt 0.72201500 0.25852300
vt 0.72537000 0.25300900
vt 0.58928500 0.42007200
vt 0.07718800 0.01706500
vt 0.73384000 0.24762900
vt 0.49862400 0.32156700
vt 0.49445300 0.32152200
vt 0.35208600 0.29702500
vt 0.48042400 0.31945800
vt 0.55627300 0.32070700
vt 0.41724200 0.30932100
vt 0.46452000 0.31568100
vt 0.58425700 0.41483400
vt 0.31015400 0.27581700
vt 0.35879600 0.29993700
vt 0.72928100 0.24938000
vt 0.55947400 0.32254600
vt 0.55240600 0.33214300
vt 0.54996000 0.33467300
vt 0.39829400 0.30775000
vt 0.51910300 0.32907100
vt 0.60094700 0.44716500
vt 0.59977200 0.43666000
vt 0.37566100 0.30045600
vt 0.49986000 0.32612400
vt 0.55672100 0.31401600
vt 0.42196400 0.30932900
vt 0.49717700 0.32095300
vt 0.49655800 0.32384800
vt 0.42811600 0.30869100
vt 0.55324000 0.32964100
vt 0.33234400 0.28374400
vt 0.54867900 0.33244200
vt 0.36797100 0.29837900
vt 0.74491000 0.24224100
vt 0.36531400 0.29525700
vt 0.58660300 0.42151800
vt 0.52235900 0.33142200
vt 0.38996100 0.30288100
vt 0.64055000 0.50507400
vt 0.44516200 0.22431700
vt 0.71283200 0.26202800
vt 0.49686100 0.32251600
vt 0.59683200 0.43105700
vt 0.43873800 0.31330900
vt 0.69113900 0.29054100
vt 0.47013400 0.24180600
vt 0.53372100 0.33360300
vt 0.43603300 0.21704400
vt 0.63615500 0.49417500
vt 0.58920600 0.42857100
vt 0.07592400 0.01660500
vt 0.69204700 0.29918800
vt 0.74018900 0.24481400
vt 0.58531900 0.41679900
vt 0.49480300 0.31972700
vt 0.49784200 0.32095600
vt 0.36030300 0.29660200
vt 0.54323900 0.33369700
vt 0.69224600 0.29779300
vt 0.55246100 0.30673400
vt 0.46198100 0.31293900
vt 0.49610900 0.31954800
vt 0.38343600 0.30060400
vt 0.37188700 0.29536700
vt 0.72466100 0.25860900
vt 0.73078900 0.25764800
vt 0.47192500 0.31759800
vt 0.58546400 0.41960200
vt 0.58374200 0.41839400
vt 0.74819600 0.24270500
vt 0.54635100 0.29777100
vt 0.50014200 0.32208100
vt 0.38261700 0.29720300
vt 0.69240100 0.29710200
vt 0.42251400 0.30615700
vt 0.41122900 0.30537400
vt 0.36160000 0.29246500
vt 0.35757600 0.29010500
vt 0.35346100 0.29210300
vt 0.07526500 0.01766800
vt 0.69152500 0.29979000
vt 0.55099400 0.32955900
vt 0.58779700 0.42465700
vt 0.49343300 0.31929200
vt 0.42758000 0.30541300
vt 0.71226400 0.27059700
vt 0.55297200 0.32614500
vt 0.31139400 0.27404900
vt 0.58249700 0.41505100
vt 0.45359900 0.31131600
vt 0.39097100 0.29856200
vt 0.50394200 0.32233600
vt 0.31474200 0.27089400
vt 0.59069900 0.43746600
vt 0.58287600 0.42108900
vt 0.31534600 0.27682500
vt 0.58234800 0.41783600
vt 0.46570500 0.23958200
vt 0.69374400 0.28533700
vt 0.32176200 0.27795900
vt 0.40442200 0.30291700
vt 0.44666700 0.31020300
vt 0.72229300 0.26071800
vt 0.52062200 0.32454300
vt 0.50084100 0.32191800
vt 0.49923900 0.32015400
vt 0.44525700 0.22891800
vt 0.74267400 0.24801500
vt 0.54536700 0.33061800
vt 0.60477500 0.45535500
vt 0.61553900 0.47066000
vt 0.48464700 0.31744500
vt 0.55471200 0.32475500
vt 0.49640700 0.31588400
vt 0.34308900 0.28639200
vt 0.50394500 0.32001300
vt 0.37593500 0.29601700
vt 0.72797500 0.25845700
vt 0.69239200 0.29168600
vt 0.46977600 0.24320900
vt 0.59293600 0.44395500
vt 0.71783600 0.27149000
vt 0.69153900 0.29767400
vt 0.73678500 0.25115800
vt 0.49910600 0.31848400
vt 0.33792800 0.28186000
vt 0.55283400 0.31408700
vt 0.58118900 0.42418600
vt 0.50099500 0.31907400
vt 0.35273000 0.28720200
vt 0.39861700 0.30125300
vt 0.49088200 0.26657900
vt 0.70601700 0.27542700
vt 0.70009300 0.28151100
vt 0.48544700 0.26219200
vt 0.55281000 0.32409000
vt 0.72694400 0.26177300
vt 0.53996300 0.33282300
vt 0.43537800 0.30513400
vt 0.69334500 0.29591900
vt 0.71926300 0.26179000
vt 0.45837000 0.30901000
vt 0.61840000 0.47623800
vt 0.46332300 0.24136100
vt 0.55365800 0.31238900
vt 0.58143900 0.41978000
vt 0.43949700 0.23158600
vt 0.55095600 0.32696300
vt 0.69256200 0.29451900
vt 0.36874400 0.29194900
vt 0.41521700 0.30259100
vt 0.46555200 0.24316400
vt 0.54757900 0.33036900
vt 0.50560300 0.31794200
vt 0.44151700 0.30369100
vt 0.46901800 0.31263900
vt 0.50252500 0.31735800
vt 0.60930800 0.46829300
vt 0.46992200 0.24453400
vt 0.69338100 0.29238200
vt 0.51248100 0.32413600
vt 0.74554500 0.25059300
vt 0.55340800 0.32177900
vt 0.47652500 0.31568200
vt 0.32798200 0.28232400
vt 0.54578700 0.32884600
vt 0.52408900 0.32495100
vt 0.34686200 0.28613600
vt 0.57872800 0.41746900
vt 0.31369900 0.26712700
vt 0.37494400 0.29136200
vt 0.53759100 0.32795600
vt 0.69156100 0.29573100
vt 0.57845500 0.41964500
vt 0.53169000 0.32668900
vt 0.40672000 0.29848600
vt 0.55062200 0.32369000
vt 0.72396200 0.26298900
vt 0.36904300 0.28980700
vt 0.50909800 0.32235300
vt 0.44897600 0.30683900
vt 0.54602300 0.30072700
vt 0.31866900 0.26811200
vt 0.60490400 0.46228400
vt 0.32472500 0.27139000
vt 0.54041000 0.29831800
vt 0.39257500 0.29425000
vt 0.43341300 0.22340700
vt 0.46825400 0.24610400
vt 0.69053500 0.29352700
vt 0.61417000 0.47897400
vt 0.40768300 0.21225300
vt 0.68994600 0.29763900
vt 0.47109100 0.24655700
vt 0.55156400 0.31677700
vt 0.49736100 0.31283500
vt 0.49428600 0.31480900
vt 0.73410400 0.25875000
vt 0.49959000 0.31562900
vt 0.50403200 0.31638700
vt 0.54778900 0.30462500
vt 0.41364800 0.29806000
vt 0.42562900 0.21554500
vt 0.62784700 0.48879500
vt 0.38302900 0.29376700
vt 0.54751300 0.32638900
vt 0.33623300 0.27801600
vt 0.74740700 0.24534400
vt 0.54359400 0.29638900
vt 0.73871500 0.25487400
vt 0.57750700 0.42172200
vt 0.33091400 0.27212400
vt 0.50530300 0.31591600
vt 0.74416900 0.25681300
vt 0.59763500 0.46001200
vt 0.34381700 0.28153200
vt 0.46005300 0.24303000
vt 0.58392800 0.42862300
vt 0.59827100 0.45351600
vt 0.63643700 0.50037100
vt 0.43944400 0.22193800
vt 0.47362100 0.24897200
vt 0.69510200 0.29878700
vt 0.57979000 0.42177400
vt 0.61824200 0.48517000
vt 0.41511600 0.21601700
vt 0.69490900 0.29581600
vt 0.36674600 0.28527300
vt 0.55194400 0.32189200
vt 0.55153300 0.31987800
vt 0.54924900 0.30988700
vt 0.47224200 0.30595500
vt 0.31732700 0.26672700
vt 0.37428200 0.28619100
vt 0.50022000 0.31388900
vt 0.39797600 0.29593100
vt 0.50062700 0.31524300
vt 0.47077400 0.24821000
vt 0.50176100 0.31350800
vt 0.49917500 0.31153900
vt 0.52056700 0.32002800
vt 0.42835400 0.30124400
vt 0.57525100 0.42078500
vt 0.31623000 0.26162600
vt 0.50380000 0.31550900
vt 0.57545600 0.41935800
vt 0.31633500 0.26346500
vt 0.69483400 0.29202600
vt 0.45551900 0.30278900
vt 0.49167200 0.31672900
vt 0.55034000 0.31406500
vt 0.45539900 0.23947200
vt 0.72894000 0.26530000
vt 0.54200800 0.30042500
vt 0.72155200 0.26702700
vt 0.46489700 0.24564300
vt 0.47196100 0.25147200
vt 0.69623600 0.29733100
vt 0.57813200 0.42430700
vt 0.34710900 0.27683000
vt 0.57547200 0.42297800
vt 0.51466700 0.31771100
vt 0.55013800 0.32153500
vt 0.35789200 0.27679900
vt 0.35460000 0.28247300
vt 0.42734000 0.22275900
vt 0.45053400 0.23810200
vt 0.43393100 0.29944500
vt 0.54864500 0.32543700
vt 0.57486200 0.42747700
vt 0.40513600 0.29527500
vt 0.47188400 0.24899600
vt 0.50273000 0.31276900
vt 0.50616600 0.31364900
vt 0.58180100 0.43166400
vt 0.44621800 0.30042800
vt 0.42074500 0.29834000
vt 0.33781600 0.27275400
vt 0.54232400 0.32740800
vt 0.73076900 0.26346900
vt 0.38277400 0.28999000
vt 0.41057800 0.21879300
vt 0.42634000 0.29644300
vt 0.54950900 0.31816100
vt 0.54956900 0.32342500
vt 0.71670900 0.27712100
vt 0.57878700 0.42873200
vt 0.60858800 0.47348800
vt 0.50406100 0.31307500
vt 0.49475100 0.30900300
vt 0.54801700 0.31452900
vt 0.72638600 0.26648400
vt 0.44507600 0.23576200
vt 0.47016100 0.25283000
vt 0.33235600 0.26623300
vt 0.75220900 0.25139200
vt 0.53222500 0.29774400
vt 0.69730800 0.29124500
vt 0.43439000 0.23080200
vt 0.50503100 0.31034100
vt 0.58507600 0.43973700
vt 0.39121800 0.28738400
vt 0.46374200 0.30362800
vt 0.54391100 0.30573000
vt 0.43946700 0.29658200
vt 0.69720600 0.29478100
vt 0.47140400 0.25593200
vt 0.49110400 0.29680300
vt 0.46779000 0.24907200
vt 0.54232300 0.30299400
vt 0.53496900 0.32449600
vt 0.72807600 0.26731200
vt 0.59127000 0.45044800
vt 0.42675400 0.22802900
vt 0.59355600 0.45527100
vt 0.41431600 0.29382500
vt 0.47740100 0.26498300
vt 0.70226900 0.29044900
vt 0.50043600 0.30874500
vt 0.51050800 0.31410600
vt 0.54711800 0.31148700
vt 0.54848700 0.32091600
vt 0.54666400 0.32195000
vt 0.50172900 0.31062200
vt 0.31967400 0.26203700
vt 0.72957500 0.26824800
vt 0.46205700 0.24858800
vt 0.48421100 0.26841300
vt 0.54764100 0.31820700
vt 0.48724300 0.27275700
vt 0.71367600 0.27975200
vt 0.74123200 0.25859100
vt 0.57443700 0.42424100
vt 0.57139000 0.42147900
vt 0.31853900 0.25497700
vt 0.43168700 0.29495800
vt 0.44079000 0.23785800
vt 0.48127800 0.30495100
vt 0.35323400 0.27372700
vt 0.48830500 0.30958000
vt 0.53758800 0.31840100
vt 0.32516200 0.26596300
vt 0.46589600 0.25338700
vt 0.51945600 0.31491800
vt 0.38047300 0.28398500
vt 0.33800600 0.26558800
vt 0.46427900 0.25002200
vt 0.32333100 0.25559500
vt 0.53505800 0.30118000
vt 0.54667100 0.31957800
vt 0.50362300 0.30826700
vt 0.41922100 0.29308600
vt 0.46409800 0.29703100
vt 0.75197400 0.25350300
vt 0.52937500 0.29705400
vt 0.57251500 0.42533500
vt 0.50664100 0.30802100
vt 0.72372700 0.26877900
vt 0.72092300 0.27538600
vt 0.54660300 0.32446100
vt 0.54288100 0.30807700
vt 0.54545000 0.31495500
vt 0.59251800 0.45881300
vt 0.73316000 0.26683100
vt 0.39966900 0.28953500
vt 0.37307800 0.28101900
vt 0.58678200 0.44865400
vt 0.72640100 0.27028900
vt 0.36414400 0.28094900
vt 0.49816300 0.30885200
vt 0.32184900 0.26098900
vt 0.41152200 0.28739400
vt 0.73713600 0.26228600
vt 0.52263000 0.31750800
vt 0.43030200 0.23310900
vt 0.58820900 0.45521400
vt 0.46905100 0.25579200
vt 0.57340600 0.42914300
vt 0.53994100 0.30486600
vt 0.54279400 0.32172500
vt 0.60163100 0.47338800
vt 0.39179900 0.21509100
vt 0.73088700 0.26941500
vt 0.34151900 0.26932800
vt 0.40824300 0.28980200
vt 0.74137800 0.26219100
vt 0.34812400 0.26880000
vt 0.54560400 0.31732100
vt 0.70088900 0.29447900
vt 0.47208500 0.26257800
vt 0.54508700 0.32015900
vt 0.57122400 0.42345000
vt 0.31949300 0.25177800
vt 0.73683900 0.26556400
vt 0.48281000 0.27404200
vt 0.49609900 0.30283700
vt 0.70013200 0.29664800
vt 0.47028500 0.26053100
vt 0.36946600 0.27978500
vt 0.49838400 0.30530300
vt 0.38617400 0.28317000
vt 0.45083400 0.24441600
vt 0.58233300 0.44473800
vt 0.47140700 0.29688400
vt 0.52590800 0.31530900
vt 0.45171300 0.29651800
vt 0.53476500 0.30310300
vt 0.50190500 0.30581300
vt 0.32795200 0.26012200
vt 0.58553000 0.45377200
vt 0.46488300 0.25842900
vt 0.59609100 0.46859100
vt 0.38255900 0.21572200
vt 0.44921600 0.29049500
vt 0.57091000 0.42654000
vt 0.54428000 0.31901500
vt 0.39758800 0.28433000
vt 0.58188100 0.45222200
vt 0.40579500 0.28524000
vt 0.59919100 0.46410300
vt 0.75267500 0.25679300
vt 0.52563400 0.29685000
vt 0.58592200 0.45773300
vt 0.54353700 0.31122200
vt 0.40120300 0.21679000
vt 0.60584000 0.48026400
vt 0.35291200 0.26456600
vt 0.37214900 0.21539800
vt 0.59048300 0.46232600
vt 0.74717500 0.25996400
vt 0.52126000 0.29265700
vt 0.41654900 0.22571900
vt 0.57777200 0.43922400
vt 0.41415300 0.28408900
vt 0.53974300 0.31783100
vt 0.53159100 0.31346400
vt 0.51888800 0.31006700
vt 0.54210200 0.31105900
vt 0.44066800 0.29026500
vt 0.32306500 0.25154800
vt 0.38081300 0.28083400
vt 0.47941900 0.27095900
vt 0.49354200 0.28211800
vt 0.72355200 0.27784200
vt 0.71930200 0.28070200
vt 0.48872400 0.27811300
vt 0.54329500 0.31681500
vt 0.49567600 0.29853900
vt 0.39065700 0.28226700
vt 0.36434400 0.27441500
vt 0.57485100 0.43321500
vt 0.45741800 0.25072400
vt 0.46801400 0.25876100
vt 0.39262100 0.22030300
vt 0.54245000 0.31697800
vt 0.73934100 0.26848900
vt 0.74291900 0.26760700
vt 0.57067000 0.43247400
vt 0.32698100 0.24144300
vt 0.32532800 0.25563800
vt 0.50256600 0.30289100
vt 0.71907200 0.28273400
vt 0.48649300 0.27827900
vt 0.73503200 0.27025700
vt 0.52021700 0.30785000
vt 0.53892900 0.30661200
vt 0.54313000 0.31520500
vt 0.73069700 0.27278700
vt 0.50107100 0.28719400
vt 0.56885300 0.42705600
vt 0.32346900 0.24819700
vt 0.50475400 0.30285100
vt 0.54080300 0.31283400
vt 0.35833300 0.26705600
vt 0.51537200 0.30578400
vt 0.52001600 0.29668600
vt 0.42294400 0.28973500
vt 0.57055000 0.42899300
vt 0.32361500 0.24464000
vt 0.58223700 0.45831100
vt 0.52819900 0.30041200
vt 0.52805800 0.30285800
vt 0.72891100 0.27449300
vt 0.49889900 0.28666100
vt 0.33775100 0.26083500
vt 0.54140800 0.31633500
vt 0.73890400 0.27125700
vt 0.50643900 0.29064000
vt 0.53853100 0.31395500
vt 0.51064500 0.30573900
vt 0.45589600 0.29080700
vt 0.52281500 0.29950800
vt 0.74661300 0.26501900
vt 0.73533100 0.27190200
vt 0.50274600 0.28930600
vt 0.32602000 0.24669700
vt 0.45819300 0.25694600
vt 0.32567100 0.24938100
vt 0.33018900 0.23687500
vt 0.57166300 0.43597500
vt 0.36838000 0.27005600
vt 0.43115400 0.28805900
vt 0.47841800 0.29720000
vt 0.41694500 0.23196300
vt 0.32722500 0.25309900
vt 0.52467000 0.30106300
vt 0.34454200 0.25838800
vt 0.58615800 0.46113400
vt 0.36703200 0.21822500
vt 0.40034300 0.28191900
vt 0.50683700 0.30330300
vt 0.53243100 0.30401700
vt 0.52774300 0.30841200
vt 0.53925100 0.30944900
vt 0.54017800 0.31412000
vt 0.40976100 0.22774400
vt 0.39951000 0.22301400
vt 0.37307800 0.27416400
vt 0.38181100 0.27535600
vt 0.53156900 0.30641600
vt 0.48191300 0.27727400
vt 0.53479000 0.30662800
vt 0.40556800 0.22312300
vt 0.50862900 0.30124800
vt 0.33507700 0.25580600
vt 0.33050000 0.25242300
vt 0.49405100 0.28577500
vt 0.50128800 0.29146900
vt 0.42756100 0.23552900
vt 0.46673700 0.26337500
vt 0.49872800 0.29092600
vt 0.44201600 0.28136800
vt 0.53426300 0.30504700
vt 0.43436200 0.24125900
vt 0.52212600 0.30500200
vt 0.53672300 0.31166900
vt 0.51714200 0.30210400
vt 0.38942900 0.27610300
vt 0.32959000 0.24483500
vt 0.53337700 0.31191600
vt 0.74361800 0.26943000
vt 0.50786200 0.29474700
vt 0.40035800 0.27302200
vt 0.52091000 0.30073600
vt 0.51926600 0.29890600
vt 0.52385200 0.30221900
vt 0.50556000 0.29328600
vt 0.51539100 0.29850600
vt 0.75041000 0.26474700
vt 0.49324300 0.29015100
vt 0.49656600 0.29556000
vt 0.38848000 0.22501500
vt 0.32848400 0.24301100
vt 0.37918700 0.22270200
vt 0.53010400 0.30760200
vt 0.50645600 0.29996000
vt 0.53647200 0.30993700
vt 0.53313700 0.30888200
vt 0.32903200 0.24827400
vt 0.52893000 0.30814300
vt 0.49608700 0.29088400
vt 0.48425500 0.29486200
vt 0.50587600 0.29831800
vt 0.52820400 0.30501300
vt 0.57694900 0.44639600
vt 0.51252500 0.30226600
vt 0.50365100 0.29893500
vt 0.49002500 0.29367500
vt 0.49910800 0.29746100
vt 0.48751500 0.28332900
vt 0.51522000 0.30268300
vt 0.48064100 0.28205600
vt 0.44514500 0.24834100
vt 0.51877700 0.30280400
vt 0.50068800 0.29300800
vt 0.46940100 0.27340200
vt 0.52689500 0.30363300
vt 0.49960900 0.29561600
vt 0.49259100 0.29166100
vt 0.48673200 0.28533100
vt 0.38553500 0.26790300
vt 0.52587500 0.30631100
vt 0.51047600 0.29735200
vt 0.74796800 0.26895900
vt 0.49222100 0.28832600
vt 0.74916900 0.26679700
vt 0.51306800 0.29755200
vt 0.39004800 0.27239700
vt 0.47425700 0.27003000
vt 0.70168700 0.29931600
vt 0.46800300 0.26731700
vt 0.57850700 0.45665500
vt 0.35558700 0.22777300
vt 0.37312200 0.22291400
vt 0.48371900 0.28254500
vt 0.42119500 0.23679700
vt 0.50216700 0.29653900
vt 0.49656400 0.29330200
vt 0.50645300 0.29685100
vt 0.33416300 0.25067800
vt 0.57223900 0.44312000
vt 0.33849600 0.23540800
vt 0.37768100 0.27148400
vt 0.45064600 0.25055500
vt 0.43874600 0.24573200
vt 0.48969500 0.28713800
vt 0.52373300 0.30547100
vt 0.52269700 0.30312200
vt 0.45059000 0.28176000
vt 0.35397100 0.26036700
vt 0.36443800 0.26025000
vt 0.43307200 0.28114400
vt 0.34793800 0.26132500
vt 0.33219400 0.24853100
vt 0.46246900 0.28466300
vt 0.48807100 0.29026600
vt 0.57385200 0.45198300
vt 0.34870200 0.23345100
vt 0.34389300 0.25102500
vt 0.40998900 0.27947100
vt 0.47486600 0.28058400
vt 0.48764300 0.28813900
vt 0.48340100 0.28861700
vt 0.34037300 0.25511600
vt 0.36596600 0.26538900
vt 0.33389000 0.24446800
vt 0.47434500 0.28723200
vt 0.47849700 0.28998400
vt 0.33220100 0.24406000
vt 0.37456800 0.26389700
vt 0.33183700 0.24556800
vt 0.35862900 0.25938400
vt 0.40544700 0.27785600
vt 0.47484500 0.27602400
vt 0.36464500 0.22545900
vt 0.58139600 0.46447500
vt 0.40691000 0.23605700
vt 0.48250400 0.28378900
vt 0.45334300 0.25984000
vt 0.33532500 0.24764000
vt 0.42610800 0.23967900
vt 0.34396000 0.23694900
vt 0.47758100 0.28154800
vt 0.38233100 0.22878900
vt 0.33906500 0.24904700
vt 0.48467400 0.28697200
vt 0.45859200 0.26325000
vt 0.43070900 0.24388800
vt 0.47277800 0.27884800
vt 0.44738800 0.25765600
vt 0.35340100 0.25578800
vt 0.34044700 0.23965600
vt 0.46454400 0.26993200
vt 0.33603000 0.24429100
vt 0.40578400 0.26851500
vt 0.41232800 0.23621900
vt 0.48169400 0.28634400
vt 0.47105000 0.27749800
vt 0.34935800 0.25486100
vt 0.33898500 0.24430200
vt 0.47422900 0.28449900
vt 0.36638000 0.23073700
vt 0.47746100 0.28578600
vt 0.47108900 0.28026500
vt 0.42565500 0.24237100
vt 0.33689600 0.24106600
vt 0.34279400 0.24983300
vt 0.46768300 0.27571600
vt 0.34165300 0.24157500
vt 0.46881600 0.28368100
vt 0.47201900 0.28275300
vt 0.46236600 0.27952700
vt 0.41639700 0.27586700
vt 0.35972000 0.22929500
vt 0.57826500 0.46137700
vt 0.42275400 0.27921400
vt 0.43863800 0.25016300
vt 0.46645300 0.27391400
vt 0.46109400 0.27031100
vt 0.34293700 0.24643500
vt 0.46614700 0.27756300
vt 0.44253000 0.25787800
vt 0.39917500 0.23634400
vt 0.36919700 0.26008600
vt 0.46291200 0.27194200
vt 0.37858600 0.23396700
vt 0.34374800 0.24350400
vt 0.39140600 0.26659200
vt 0.39199100 0.23023900
vt 0.36215300 0.23695500
vt 0.46858200 0.27933700
vt 0.42966100 0.27453800
vt 0.46898500 0.27781200
vt 0.46364400 0.27808800
vt 0.46542600 0.27542300
vt 0.34521800 0.23914400
vt 0.35254700 0.23820900
vt 0.46712700 0.27675000
vt 0.35490000 0.25109900
vt 0.40022700 0.26693200
vt 0.40983500 0.27290100
vt 0.46815100 0.28089600
vt 0.41184600 0.24048800
vt 0.43733500 0.27608200
vt 0.37869100 0.26457100
vt 0.40082200 0.22894500
vt 0.46136300 0.27445100
vt 0.45676100 0.26763400
vt 0.42559200 0.24454200
vt 0.34818800 0.24144400
vt 0.36299700 0.25421700
vt 0.34797100 0.24775600
vt 0.45314900 0.26549100
vt 0.39515500 0.26084800
vt 0.46038000 0.27733700
vt 0.40949800 0.26545900
vt 0.35171800 0.24725900
vt 0.34800500 0.24286000
vt 0.45668200 0.27174100
vt 0.44509600 0.27316600
vt 0.38288200 0.26112000
vt 0.45253400 0.27541200
vt 0.34986600 0.24522700
vt 0.42602400 0.24674300
vt 0.45961800 0.27532500
vt 0.37538900 0.25752000
vt 0.45059600 0.26481400
vt 0.41266900 0.26655800
vt 0.42836100 0.26980400
vt 0.35182400 0.24231800
vt 0.45402300 0.26782100
vt 0.35660600 0.24774400
vt 0.38704300 0.22965300
vt 0.42050200 0.26776200
vt 0.43440600 0.25077400
vt 0.36036100 0.24878100
vt 0.35628600 0.24103900
vt 0.41151200 0.24372100
vt 0.35241200 0.24424200
vt 0.35363300 0.24627700
vt 0.38288900 0.23688400
vt 0.37819500 0.25672300
vt 0.37302800 0.23178600
vt 0.44705800 0.26322400
vt 0.39083400 0.26214400
vt 0.45430700 0.27288200
vt 0.35627400 0.24537200
vt 0.45141000 0.27189400
vt 0.43935600 0.25804000
vt 0.38533000 0.25724300
vt 0.42584500 0.25113700
vt 0.35470400 0.24368700
vt 0.38836500 0.23787600
vt 0.35791600 0.24148700
vt 0.40956200 0.26081200
vt 0.36765700 0.25127100
vt 0.36120100 0.24569500
vt 0.41544900 0.24404400
vt 0.45109700 0.26810300
vt 0.35954300 0.24371600
vt 0.37356600 0.25273400
vt 0.36821000 0.23539000
vt 0.43558800 0.25733800
vt 0.40139700 0.26280200
vt 0.40367000 0.24120300
vt 0.44809300 0.26573000
vt 0.44435700 0.26402100
vt 0.44823100 0.27066500
vt 0.37208800 0.23714200
vt 0.36294700 0.24155500
vt 0.37909000 0.23803000
vt 0.44417000 0.26653600
vt 0.38169900 0.25405400
vt 0.43785500 0.25989300
vt 0.36509300 0.24667700
vt 0.44543200 0.26950600
vt 0.43282400 0.25387000
vt 0.44202800 0.26211800
vt 0.40781500 0.24244400
vt 0.38815200 0.26049900
vt 0.44066700 0.26412600
vt 0.41284900 0.26115200
vt 0.43848800 0.26809800
vt 0.36670500 0.23861800
vt 0.42386100 0.26040600
vt 0.37014100 0.24697700
vt 0.37393000 0.24095000
vt 0.43527300 0.25939100
vt 0.36512300 0.24219200
vt 0.40355200 0.25798600
vt 0.36883500 0.24446100
vt 0.37151900 0.24144400
vt 0.36875000 0.24105800
vt 0.44212300 0.26677100
vt 0.43946300 0.26638400
vt 0.42829500 0.25381500
vt 0.39546700 0.25667700
vt 0.43388400 0.26497400
vt 0.40296200 0.24556300
vt 0.42185000 0.25151300
vt 0.43624300 0.26438800
vt 0.42889100 0.26306500
vt 0.37481000 0.24675800
vt 0.41580600 0.24780600
vt 0.39404900 0.24107500
vt 0.43064900 0.25582500
vt 0.37266800 0.24620400
vt 0.43244900 0.25762600
vt 0.38910800 0.25472400
vt 0.42814900 0.25565900
vt 0.37557100 0.24369300
vt 0.39848200 0.24314000
vt 0.38747700 0.24128100
vt 0.42859800 0.25766300
vt 0.41922700 0.24905000
vt 0.38261400 0.24171500
vt 0.40161900 0.25332400
vt 0.42406100 0.25324200
vt 0.40765400 0.24686400
vt 0.43254000 0.26104300
vt 0.42898000 0.26043500
vt 0.41721500 0.24946100
vt 0.42637300 0.25821300
vt 0.37899500 0.24751900
vt 0.41420200 0.24946800
vt 0.38573900 0.24486600
vt 0.38155400 0.24969800
vt 0.41129900 0.25629500
vt 0.41703200 0.25041900
vt 0.38939100 0.24318800
vt 0.38683400 0.25146000
vt 0.40478900 0.24775000
vt 0.38174700 0.24639000
vt 0.37773200 0.24028200
vt 0.41987700 0.25245300
vt 0.40081500 0.24796600
vt 0.38334000 0.24397300
vt 0.41177000 0.24794800
vt 0.39551200 0.24456700
vt 0.41730500 0.25178700
vt 0.41188500 0.25006500
vt 0.41983600 0.25690300
vt 0.41527500 0.25096800
vt 0.37798400 0.24312200
vt 0.40105200 0.25029400
vt 0.39208300 0.24435000
vt 0.40425200 0.25259100
vt 0.38579900 0.24802200
vt 0.42373500 0.25880300
vt 0.39859600 0.25090900
vt 0.39327000 0.25115300
vt 0.38880900 0.24561400
vt 0.39742400 0.24856200
vt 0.38042200 0.24278400
vt 0.41652200 0.25406100
vt 0.38805600 0.24710600
vt 0.38819100 0.24973500
vt 0.39601000 0.25229100
vt 0.40683900 0.25261500
vt 0.38994600 0.24745700
vt 0.40981400 0.25151600
vt 0.41326300 0.25434100
vt 0.41166400 0.25206600
vt 0.41799000 0.25471000
vt 0.40881000 0.25473800
vt 0.39577700 0.24822000
vt 0.39227100 0.24669100
f 1/1 42/42 6/6
f 6/6 2/2 1/1
f 42/42 69/69 6/6
f 22/22 42/42 1/1
f 1/1 126/126 22/22
f 38/38 19/19 84/84
f 2/2 6/6 5/5
f 67/67 6/6 69/69
f 6/6 67/67 44/44
f 61/61 14/14 31/31
f 98/98 108/108 105/105
f 108/108 98/98 101/101
f 30/30 24/24 64/64
f 24/24 26/26 64/64
f 3/3 16/16 139/139
f 1/1 183/183 126/126
f 183/183 1/1 2/2
f 67/67 48/48 44/44
f 48/48 71/71 44/44
f 6/6 137/137 5/5
f 6/6 44/44 137/137
f 59/59 92/92 115/115
f 20/20 39/39 40/40
f 35/35 19/19 41/41
f 31/31 7/7 61/61
f 196/196 98/98 105/105
f 98/98 94/94 101/101
f 31/31 456/456 12/12
f 31/31 14/14 208/208
f 31/31 208/208 456/456
f 30/30 47/47 45/45
f 160/160 52/52 158/158
f 83/83 81/81 87/87
f 83/83 87/87 151/151
f 142/142 90/90 261/261
f 217/217 38/38 84/84
f 64/64 26/26 384/384
f 30/30 64/64 47/47
f 292/292 182/182 259/259
f 108/108 101/101 111/111
f 101/101 102/102 114/114
f 114/114 111/111 101/101
f 198/198 115/115 193/193
f 173/173 121/121 90/90
f 173/173 171/171 197/197
f 12/12 133/133 102/102
f 113/113 103/103 134/134
f 65/65 124/124 128/128
f 61/61 213/213 14/14
f 65/65 128/128 10/10
f 109/109 36/36 264/264
f 135/135 257/257 183/183
f 257/257 126/126 183/183
f 44/44 71/71 137/137
f 189/189 71/71 48/48
f 179/179 74/74 368/368
f 74/74 45/45 368/368
f 47/47 274/274 45/45
f 189/189 191/191 207/207
f 81/81 138/138 50/50
f 81/81 83/83 138/138
f 191/191 59/59 146/146
f 59/59 286/286 146/146
f 83/83 151/151 330/330
f 115/115 286/286 59/59
f 62/62 8/8 267/267
f 87/87 54/54 151/151
f 129/129 27/27 241/241
f 193/193 92/92 187/187
f 187/187 194/194 193/193
f 193/193 115/115 92/92
f 196/196 105/105 152/152
f 177/177 234/234 240/240
f 242/242 155/155 158/158
f 155/155 242/242 96/96
f 96/96 242/242 267/267
f 183/183 265/265 135/135
f 158/158 52/52 243/243
f 33/33 184/184 167/167
f 366/366 73/73 78/78
f 367/367 79/79 118/118
f 468/468 118/118 76/76
f 269/269 468/468 76/76
f 26/26 24/24 220/220
f 108/108 111/111 300/300
f 193/193 278/278 198/198
f 279/279 116/116 276/276
f 197/197 171/171 116/116
f 261/261 90/90 121/121
f 272/272 392/392 124/124
f 108/108 254/254 105/105
f 300/300 254/254 108/108
f 260/260 10/10 128/128
f 260/260 17/17 10/10
f 316/316 16/16 131/131
f 272/272 139/139 471/471
f 208/208 14/14 143/143
f 213/213 143/143 14/14
f 36/36 40/40 378/378
f 17/17 396/396 280/280
f 175/175 149/149 294/294
f 205/205 55/55 179/179
f 467/467 312/312 119/119
f 2/2 373/373 183/183
f 368/368 45/45 274/274
f 274/274 47/47 136/136
f 137/137 71/71 317/317
f 5/5 137/137 390/390
f 83/83 330/330 138/138
f 71/71 189/189 204/204
f 204/204 201/201 71/71
f 189/189 207/207 364/364
f 146/146 207/207 191/191
f 240/240 341/341 177/177
f 52/52 177/177 341/341
f 286/286 115/115 356/356
f 147/147 227/227 275/275
f 54/54 206/206 151/151
f 267/267 8/8 96/96
f 193/193 194/194 278/278
f 105/105 254/254 152/152
f 88/88 58/58 238/238
f 243/243 52/52 341/341
f 33/33 167/167 164/164
f 244/244 166/166 185/185
f 220/220 228/228 26/26
f 106/106 170/170 346/346
f 257/257 135/135 340/340
f 340/340 135/135 265/265
f 294/294 149/149 292/292
f 182/182 326/326 259/259
f 133/133 12/12 456/456
f 109/109 264/264 369/369
f 264/264 36/36 378/378
f 378/378 40/40 310/310
f 278/278 194/194 313/313
f 262/262 250/250 309/309
f 40/40 39/39 310/310
f 441/441 119/119 312/312
f 205/205 179/179 268/268
f 179/179 368/368 268/268
f 306/306 257/257 340/340
f 112/112 113/113 318/318
f 373/373 2/2 409/409
f 129/129 241/241 131/131
f 115/115 198/198 356/356
f 136/136 47/47 64/64
f 418/418 274/274 136/136
f 50/50 138/138 387/387
f 387/387 404/404 50/50
f 139/139 16/16 316/316
f 390/390 137/137 395/395
f 254/254 300/300 351/351
f 218/218 50/50 404/404
f 231/231 164/164 167/167
f 276/276 73/73 451/451
f 26/26 228/228 384/384
f 395/395 137/137 317/317
f 121/121 173/173 362/362
f 279/279 345/345 116/116
f 297/297 250/250 214/214
f 362/362 173/173 197/197
f 241/241 27/27 420/420
f 197/197 116/116 345/345
f 27/27 238/238 420/420
f 451/451 73/73 416/416
f 73/73 366/366 416/416
f 17/17 260/260 478/478
f 355/355 122/122 306/306
f 366/366 119/119 441/441
f 122/122 257/257 306/306
f 175/175 294/294 469/469
f 469/469 449/449 175/175
f 318/318 113/113 455/455
f 225/225 175/175 449/449
f 399/399 131/131 241/241
f 368/368 274/274 370/370
f 349/349 357/357 199/199
f 304/304 199/199 357/357
f 357/357 311/311 304/304
f 5/5 409/409 2/2
f 227/227 503/503 275/275
f 232/232 166/166 244/244
f 156/156 236/236 382/382
f 333/333 301/301 342/342
f 351/351 334/334 254/254
f 136/136 64/64 266/266
f 270/270 202/202 434/434
f 266/266 64/64 315/315
f 467/467 270/270 400/400
f 71/71 201/201 438/438
f 438/438 317/317 71/71
f 524/524 280/280 396/396
f 331/331 280/280 524/524
f 347/347 168/168 363/363
f 512/512 202/202 212/212
f 330/330 151/151 321/321
f 364/364 204/204 189/189
f 307/307 251/251 379/379
f 251/251 298/298 379/379
f 238/238 58/58 322/322
f 207/207 146/146 364/364
f 294/294 292/292 365/365
f 429/429 146/146 286/286
f 356/356 429/429 286/286
f 284/284 505/505 326/326
f 261/261 421/421 142/142
f 259/259 365/365 292/292
f 260/260 128/128 339/339
f 185/185 109/109 402/402
f 402/402 109/109 369/369
f 255/255 304/304 311/311
f 453/453 255/255 311/311
f 265/265 183/183 340/340
f 302/302 112/112 343/343
f 240/240 234/234 497/497
f 453/453 287/287 255/255
f 344/344 242/242 158/158
f 113/113 134/134 457/457
f 267/267 242/242 403/403
f 242/242 344/344 403/403
f 158/158 243/243 344/344
f 267/267 299/299 62/62
f 63/63 298/298 215/215
f 244/244 185/185 402/402
f 142/142 421/421 475/475
f 411/411 364/364 146/146
f 386/386 121/121 362/362
f 146/146 429/429 411/411
f 400/400 270/270 434/434
f 355/355 306/306 388/388
f 245/245 289/289 247/247
f 227/227 347/347 522/522
f 387/387 138/138 443/443
f 198/198 437/437 356/356
f 469/469 294/294 466/466
f 322/322 58/58 391/391
f 380/380 272/272 471/471
f 5/5 390/390 419/419
f 451/451 279/279 276/276
f 512/512 212/212 439/439
f 212/212 325/325 439/439
f 330/330 443/443 138/138
f 330/330 321/321 415/415
f 278/278 437/437 198/198
f 261/261 121/121 386/386
f 364/364 414/414 204/204
f 194/194 153/153 313/313
f 420/420 238/238 322/322
f 414/414 201/201 204/204
f 218/218 408/408 39/39
f 64/64 384/384 315/315
f 362/362 197/197 345/345
f 147/147 275/275 407/407
f 360/360 363/363 168/168
f 58/58 147/147 407/407
f 222/222 331/331 560/560
f 434/434 202/202 512/512
f 296/296 142/142 475/475
f 128/128 124/124 385/385
f 396/396 17/17 478/478
f 236/236 229/229 444/444
f 310/310 39/39 408/408
f 274/274 418/418 370/370
f 392/392 550/550 124/124
f 382/382 236/236 444/444
f 402/402 369/369 389/389
f 497/497 234/234 232/232
f 369/369 264/264 389/389
f 298/298 546/546 376/376
f 316/316 131/131 399/399
f 365/365 466/466 294/294
f 409/409 5/5 433/433
f 404/404 387/387 410/410
f 366/366 441/441 474/474
f 349/349 355/355 388/388
f 347/347 363/363 522/522
f 385/385 339/339 128/128
f 503/503 227/227 522/522
f 421/421 261/261 386/386
f 399/399 241/241 383/383
f 391/391 58/58 407/407
f 387/387 443/443 417/417
f 363/363 360/360 424/424
f 464/464 222/222 560/560
f 574/574 162/162 514/514
f 338/338 222/222 521/521
f 405/405 432/432 324/324
f 462/462 232/232 244/244
f 383/383 241/241 420/420
f 392/392 272/272 380/380
f 401/401 228/228 220/220
f 220/220 296/296 401/401
f 360/360 248/248 424/424
f 339/339 478/478 260/260
f 449/449 358/358 225/225
f 264/264 378/378 389/389
f 284/284 319/319 446/446
f 497/497 232/232 462/462
f 496/496 311/311 357/357
f 183/183 306/306 340/340
f 497/497 341/341 240/240
f 425/425 324/324 432/432
f 403/403 344/344 492/492
f 344/344 243/243 492/492
f 243/243 341/341 492/492
f 454/454 547/547 267/267
f 314/314 152/152 254/254
f 112/112 318/318 343/343
f 253/253 335/335 543/543
f 335/335 343/343 543/543
f 333/333 352/352 447/447
f 113/113 457/457 455/455
f 457/457 209/209 498/498
f 455/455 457/457 498/498
f 498/498 209/209 547/547
f 209/209 377/377 547/547
f 144/144 376/376 210/210
f 299/299 267/267 547/547
f 451/451 416/416 608/608
f 151/151 206/206 628/628
f 205/205 268/268 603/603
f 425/425 440/440 324/324
f 373/373 409/409 428/428
f 385/385 124/124 550/550
f 485/485 462/462 244/244
f 442/442 310/310 408/408
f 478/478 524/524 396/396
f 392/392 380/380 484/484
f 430/430 368/368 370/370
f 5/5 419/419 433/433
f 413/413 429/429 356/356
f 259/259 326/326 505/505
f 374/374 533/533 605/605
f 401/401 296/296 475/475
f 317/317 461/461 395/395
f 290/290 328/328 486/486
f 389/389 378/378 412/412
f 283/283 374/374 605/605
f 405/405 371/371 338/338
f 408/408 218/218 536/536
f 450/450 449/449 469/469
f 352/352 283/283 605/605
f 248/248 290/290 510/510
f 144/144 435/435 376/376
f 458/458 446/446 319/319
f 384/384 228/228 520/520
f 414/414 364/364 460/460
f 379/379 298/298 489/489
f 218/218 404/404 536/536
f 390/390 395/395 445/445
f 395/395 461/461 445/445
f 558/558 349/349 526/526
f 460/460 364/364 411/411
f 139/139 316/316 537/537
f 428/428 409/409 433/433
f 339/339 385/385 472/472
f 522/522 363/363 424/424
f 407/407 275/275 503/503
f 559/559 444/444 229/229
f 399/399 383/383 561/561
f 435/435 397/397 601/601
f 391/391 407/407 465/465
f 321/321 151/151 628/628
f 471/471 139/139 537/537
f 484/484 479/479 392/392
f 268/268 368/368 430/430
f 410/410 387/387 417/417
f 315/315 384/384 431/431
f 486/486 481/481 290/290
f 413/413 356/356 437/437
f 437/437 528/528 413/413
f 392/392 479/479 550/550
f 513/513 419/419 445/445
f 228/228 401/401 509/509
f 365/365 259/259 505/505
f 405/405 532/532 432/432
f 418/418 136/136 589/589
f 136/136 266/266 589/589
f 530/530 376/376 435/435
f 419/419 390/390 445/445
f 443/443 330/330 415/415
f 414/414 438/438 201/201
f 290/290 481/481 510/510
f 378/378 310/310 412/412
f 298/298 376/376 489/489
f 442/442 412/412 310/310
f 352/352 605/605 447/447
f 424/424 248/248 510/510
f 490/490 307/307 379/379
f 312/312 467/467 681/681
f 681/681 467/467 531/531
f 505/505 284/284 446/446
f 488/488 183/183 518/518
f 183/183 373/373 518/518
f 357/357 349/349 558/558
f 496/496 597/597 311/311
f 311/311 597/597 453/453
f 496/496 357/357 558/558
f 526/526 349/349 388/388
f 183/183 488/488 306/306
f 343/343 318/318 685/685
f 595/595 318/318 455/455
f 403/403 454/454 267/267
f 244/244 402/402 542/542
f 628/628 592/592 321/321
f 490/490 463/463 307/307
f 317/317 438/438 511/511
f 391/391 465/465 322/322
f 520/520 228/228 509/509
f 476/476 307/307 463/463
f 521/521 222/222 464/464
f 420/420 322/322 465/465
f 429/429 413/413 535/535
f 331/331 524/524 560/560
f 504/504 503/503 522/522
f 358/358 559/559 229/229
f 506/506 414/414 460/460
f 422/422 382/382 571/571
f 386/386 362/362 483/483
f 438/438 414/414 480/480
f 405/405 338/338 532/532
f 402/402 389/389 470/470
f 412/412 470/470 389/389
f 483/483 345/345 568/568
f 474/474 441/441 581/581
f 376/376 530/530 489/489
f 511/511 461/461 317/317
f 278/278 528/528 437/437
f 313/313 528/528 278/278
f 421/421 386/386 653/653
f 379/379 489/489 490/490
f 358/358 449/449 450/450
f 362/362 345/345 483/483
f 467/467 400/400 531/531
f 629/629 205/205 603/603
f 497/497 462/462 502/502
f 365/365 505/505 613/613
f 555/555 418/418 701/701
f 433/433 513/513 553/553
f 411/411 429/429 535/535
f 443/443 570/570 417/417
f 442/442 408/408 527/527
f 425/425 432/432 686/686
f 559/559 358/358 473/473
f 601/601 397/397 426/426
f 472/472 385/385 550/550
f 488/488 518/518 580/580
f 512/512 665/665 434/434
f 421/421 600/600 475/475
f 536/536 404/404 519/519
f 511/511 438/438 480/480
f 418/418 589/589 701/701
f 431/431 384/384 520/520
f 338/338 521/521 532/532
f 370/370 418/418 555/555
f 506/506 480/480 414/414
f 413/413 528/528 517/517
f 358/358 450/450 473/473
f 433/433 587/587 428/428
f 587/587 433/433 553/553
f 366/366 649/649 416/416
f 365/365 613/613 466/466
f 478/478 339/339 472/472
f 559/559 577/577 444/444
f 603/603 268/268 633/633
f 561/561 747/747 399/399
f 430/430 633/633 268/268
f 410/410 519/519 404/404
f 469/469 466/466 539/539
f 564/564 415/415 321/321
f 399/399 572/572 316/316
f 564/564 443/443 415/415
f 667/667 388/388 488/488
f 681/681 581/581 441/441
f 543/543 343/343 545/545
f 312/312 681/681 441/441
f 373/373 428/428 518/518
f 306/306 488/488 388/388
f 453/453 597/597 540/540
f 513/513 433/433 419/419
f 547/547 454/454 500/500
f 244/244 542/542 635/635
f 485/485 244/244 635/635
f 542/542 402/402 470/470
f 314/314 254/254 544/544
f 544/544 495/495 314/314
f 412/412 491/491 470/470
f 341/341 497/497 502/502
f 412/412 482/482 491/491
f 498/498 547/547 638/638
f 403/403 492/492 499/499
f 454/454 403/403 500/500
f 411/411 594/594 460/460
f 506/506 460/460 594/594
f 462/462 485/485 502/502
f 394/394 447/447 525/525
f 458/458 566/566 446/446
f 476/476 463/463 523/523
f 562/562 503/503 504/504
f 430/430 370/370 555/555
f 608/608 416/416 649/649
f 484/484 380/380 583/583
f 475/475 549/549 401/401
f 509/509 401/401 549/549
f 667/667 526/526 388/388
f 512/512 439/439 623/623
f 426/426 551/551 601/601
f 451/451 608/608 584/584
f 345/345 279/279 568/568
f 434/434 604/604 400/400
f 539/539 450/450 469/469
f 529/529 488/488 580/580
f 482/482 412/412 527/527
f 442/442 527/527 412/412
f 570/570 410/410 417/417
f 440/440 425/425 585/585
f 425/425 686/686 585/585
f 366/366 599/599 649/649
f 481/481 486/486 575/575
f 599/599 366/366 474/474
f 463/463 490/490 554/554
f 554/554 569/569 463/463
f 496/496 558/558 678/678
f 686/686 432/432 655/655
f 837/837 532/532 521/521
f 411/411 535/535 590/590
f 558/558 526/526 567/567
f 476/476 609/609 515/515
f 564/564 321/321 592/592
f 525/525 447/447 605/605
f 695/695 422/422 571/571
f 533/533 422/422 695/695
f 432/432 532/532 655/655
f 407/407 503/503 562/562
f 562/562 677/677 407/407
f 517/517 535/535 413/413
f 577/577 614/614 444/444
f 650/650 399/399 747/747
f 383/383 420/420 538/538
f 531/531 400/400 604/604
f 382/382 444/444 614/614
f 490/490 489/489 554/554
f 647/647 421/421 653/653
f 539/539 552/552 450/450
f 537/537 316/316 572/572
f 537/537 380/380 471/471
f 451/451 584/584 279/279
f 461/461 593/593 445/445
f 536/536 519/519 607/607
f 536/536 618/618 408/408
f 443/443 664/664 570/570
f 564/564 664/664 443/443
f 488/488 529/529 667/667
f 428/428 587/587 518/518
f 496/496 616/616 597/597
f 343/343 685/685 545/545
f 491/491 501/501 470/470
f 493/493 528/528 313/313
f 455/455 498/498 595/595
f 548/548 341/341 502/502
f 548/548 492/492 341/341
f 500/500 403/403 499/499
f 499/499 492/492 548/548
f 505/505 446/446 809/809
f 600/600 549/549 475/475
f 461/461 511/511 658/658
f 504/504 522/522 789/789
f 426/426 507/507 551/551
f 523/523 573/573 476/476
f 552/552 473/473 450/450
f 527/527 408/408 618/618
f 394/394 525/525 619/619
f 609/609 476/476 573/573
f 610/610 515/515 609/609
f 510/510 481/481 675/675
f 479/479 484/484 583/583
f 407/407 632/632 465/465
f 380/380 537/537 583/583
f 501/501 491/491 588/588
f 535/535 591/591 590/590
f 523/523 463/463 569/569
f 633/633 430/430 555/555
f 665/665 512/512 606/606
f 521/521 464/464 626/626
f 574/574 514/514 611/611
f 482/482 588/588 491/491
f 266/266 315/315 431/431
f 513/513 602/602 553/553
f 386/386 483/483 653/653
f 431/431 520/520 578/578
f 513/513 445/445 563/563
f 571/571 382/382 614/614
f 658/658 593/593 461/461
f 446/446 566/566 662/662
f 616/616 496/496 651/651
f 496/496 678/678 651/651
f 399/399 650/650 572/572
f 568/568 279/279 673/673
f 584/584 673/673 279/279
f 606/606 512/512 623/623
f 424/424 510/510 615/615
f 420/420 465/465 720/720
f 604/604 434/434 706/706
f 529/529 580/580 586/586
f 578/578 520/520 579/579
f 472/472 550/550 689/689
f 624/624 440/440 585/585
f 552/552 539/539 630/630
f 594/594 411/411 590/590
f 509/509 549/549 579/579
f 520/520 509/509 579/579
f 706/706 434/434 665/665
f 550/550 479/479 582/582
f 585/585 686/686 699/699
f 466/466 613/613 630/630
f 539/539 466/466 630/630
f 569/569 573/573 523/523
f 561/561 383/383 538/538
f 535/535 517/517 591/591
f 569/569 554/554 648/648
f 602/602 513/513 563/563
f 593/593 563/563 445/445
f 589/589 431/431 690/690
f 674/674 533/533 695/695
f 431/431 589/589 266/266
f 527/527 588/588 482/482
f 605/605 533/533 674/674
f 526/526 667/667 704/704
f 522/522 424/424 615/615
f 568/568 745/745 483/483
f 489/489 530/530 627/627
f 410/410 570/570 660/660
f 435/435 601/601 530/530
f 506/506 598/598 480/480
f 635/635 542/542 596/596
f 558/558 567/567 758/758
f 660/660 570/570 664/664
f 658/658 511/511 598/598
f 587/587 580/580 518/518
f 598/598 511/511 480/480
f 642/642 598/598 637/637
f 594/594 598/598 506/506
f 470/470 501/501 596/596
f 542/542 470/470 596/596
f 502/502 485/485 635/635
f 660/660 664/664 634/634
f 532/532 837/837 655/655
f 519/519 410/410 668/668
f 668/668 410/410 660/660
f 525/525 605/605 619/619
f 666/666 464/464 560/560
f 619/619 617/617 394/394
f 582/582 479/479 725/725
f 632/632 407/407 677/677
f 618/618 536/536 607/607
f 676/676 559/559 473/473
f 583/583 537/537 661/661
f 420/420 720/720 538/538
f 678/678 558/558 758/758
f 607/607 519/519 668/668
f 481/481 575/575 675/675
f 689/689 478/478 472/472
f 666/666 560/560 524/524
f 473/473 552/552 897/897
f 587/587 553/553 622/622
f 602/602 622/622 553/553
f 551/551 507/507 617/617
f 647/647 653/653 657/657
f 524/524 478/478 744/744
f 664/664 564/564 713/713
f 530/530 601/601 627/627
f 489/489 627/627 710/710
f 554/554 489/489 710/710
f 573/573 569/569 648/648
f 589/589 690/690 656/656
f 666/666 909/909 464/464
f 625/625 593/593 658/658
f 421/421 647/647 600/600
f 568/568 673/673 693/693
f 608/608 649/649 584/584
f 606/606 623/623 796/796
f 620/620 796/796 623/623
f 602/602 669/669 622/622
f 631/631 579/579 549/549
f 654/654 504/504 789/789
f 586/586 580/580 688/688
f 479/479 583/583 725/725
f 669/669 593/593 625/625
f 650/650 747/747 751/751
f 662/662 566/566 644/644
f 474/474 581/581 739/739
f 626/626 837/837 521/521
f 672/672 688/688 580/580
f 580/580 587/587 672/672
f 600/600 631/631 549/549
f 672/672 587/587 622/622
f 661/661 572/572 694/694
f 675/675 575/575 612/612
f 537/537 572/572 661/661
f 690/690 431/431 578/578
f 745/745 568/568 693/693
f 559/559 676/676 577/577
f 659/659 551/551 617/617
f 591/591 517/517 684/684
f 567/567 526/526 704/704
f 551/551 659/659 601/601
f 747/747 561/561 849/849
f 510/510 675/675 691/691
f 684/684 517/517 528/528
f 650/650 694/694 572/572
f 745/745 653/653 483/483
f 529/529 586/586 707/707
f 719/719 505/505 809/809
f 613/613 505/505 719/719
f 598/598 594/594 637/637
f 636/636 502/502 764/764
f 556/556 540/540 700/700
f 616/616 700/700 597/597
f 637/637 594/594 590/590
f 669/669 602/602 563/563
f 540/540 597/597 700/700
f 563/563 593/593 669/669
f 692/692 642/642 637/637
f 596/596 501/501 640/640
f 501/501 588/588 640/640
f 684/684 590/590 591/591
f 507/507 394/394 617/617
f 640/640 588/588 527/527
f 637/637 590/590 684/684
f 500/500 638/638 547/547
f 638/638 500/500 639/639
f 636/636 548/548 502/502
f 500/500 499/499 639/639
f 595/595 685/685 318/318
f 548/548 643/643 499/499
f 543/543 545/545 494/494
f 641/641 595/595 498/498
f 638/638 641/641 498/498
f 652/652 607/607 717/717
f 571/571 743/743 695/695
f 582/582 689/689 550/550
f 624/624 585/585 621/621
f 687/687 607/607 652/652
f 617/617 619/619 722/722
f 607/607 687/687 618/618
f 464/464 909/909 626/626
f 789/789 522/522 615/615
f 619/619 605/605 674/674
f 610/610 609/609 696/696
f 446/446 662/662 715/715
f 809/809 446/446 715/715
f 758/758 567/567 703/703
f 642/642 692/692 742/742
f 677/677 562/562 724/724
f 562/562 504/504 654/654
f 739/739 581/581 681/681
f 598/598 705/705 658/658
f 705/705 598/598 642/642
f 707/707 586/586 688/688
f 657/657 653/653 842/842
f 897/897 676/676 473/473
f 744/744 478/478 689/689
f 661/661 725/725 583/583
f 571/571 614/614 743/743
f 554/554 710/710 648/648
f 704/704 703/703 567/567
f 527/527 618/618 687/687
f 650/650 714/714 694/694
f 664/664 680/680 634/634
f 720/720 465/465 632/632
f 710/710 746/746 648/648
f 609/609 573/573 696/696
f 701/701 589/589 656/656
f 665/665 606/606 796/796
f 654/654 724/724 562/562
f 640/640 527/527 730/730
f 712/712 673/673 584/584
f 753/753 552/552 630/630
f 747/747 737/737 751/751
f 599/599 474/474 739/739
f 578/578 579/579 679/679
f 651/651 678/678 702/702
f 582/582 725/725 697/697
f 573/573 648/648 696/696
f 658/658 705/705 625/625
f 561/561 538/538 849/849
f 702/702 678/678 758/758
f 642/642 742/742 705/705
f 681/681 531/531 738/738
f 713/713 564/564 592/592
f 753/753 897/897 552/552
f 717/717 607/607 668/668
f 651/651 698/698 616/616
f 627/627 601/601 683/683
f 850/850 510/510 691/691
f 615/615 510/510 850/850
f 660/660 634/634 680/680
f 682/682 633/633 555/555
f 728/728 595/595 726/726
f 685/685 595/595 728/728
f 700/700 670/670 556/556
f 635/635 764/764 502/502
f 764/764 635/635 596/596
f 595/595 641/641 726/726
f 684/684 528/528 729/729
f 528/528 493/493 729/729
f 731/731 729/729 493/493
f 648/648 746/746 696/696
f 705/705 786/786 625/625
f 668/668 660/660 708/708
f 754/754 665/665 796/796
f 680/680 708/708 660/660
f 714/714 650/650 751/751
f 579/579 631/631 781/781
f 585/585 755/755 621/621
f 527/527 687/687 835/835
f 626/626 723/723 837/837
f 664/664 713/713 828/828
f 584/584 649/649 712/712
f 613/613 750/750 630/630
f 739/739 681/681 738/738
f 722/722 619/619 674/674
f 698/698 651/651 702/702
f 592/592 763/763 713/713
f 527/527 835/835 730/730
f 592/592 628/628 763/763
f 603/603 633/633 682/682
f 659/659 683/683 601/601
f 676/676 903/903 577/577
f 757/757 613/613 719/719
f 682/682 555/555 701/701
f 577/577 811/811 614/614
f 831/831 666/666 744/744
f 524/524 744/744 666/666
f 765/765 769/769 692/692
f 808/808 703/703 704/704
f 706/706 665/665 798/798
f 770/770 649/649 599/599
f 689/689 582/582 803/803
f 669/669 625/625 752/752
f 693/693 673/673 832/832
f 704/704 667/667 782/782
f 788/788 695/695 743/743
f 631/631 600/600 779/779
f 791/791 947/947 725/725
f 697/697 725/725 947/947
f 675/675 612/612 771/771
f 529/529 782/782 667/667
f 670/670 700/700 857/857
f 750/750 613/613 898/898
f 683/683 709/709 627/627
f 529/529 707/707 782/782
f 679/679 579/579 781/781
f 626/626 909/909 723/723
f 752/752 625/625 786/786
f 690/690 578/578 679/679
f 677/677 724/724 632/632
f 695/695 711/711 674/674
f 710/710 627/627 709/709
f 758/758 703/703 792/792
f 738/738 531/531 790/790
f 857/857 700/700 698/698
f 629/629 603/603 721/721
f 603/603 682/682 721/721
f 717/717 774/774 652/652
f 898/898 613/613 757/757
f 717/717 668/668 718/718
f 903/903 811/811 577/577
f 659/659 617/617 775/775
f 811/811 743/743 614/614
f 668/668 708/708 718/718
f 816/816 641/641 638/638
f 692/692 769/769 742/742
f 616/616 698/698 700/700
f 727/727 765/765 692/692
f 764/764 777/777 636/636
f 727/727 692/692 637/637
f 637/637 684/684 727/727
f 729/729 727/727 684/684
f 596/596 733/733 764/764
f 735/735 733/733 596/596
f 735/735 640/640 730/730
f 596/596 640/640 735/735
f 548/548 736/736 643/643
f 736/736 636/636 819/819
f 636/636 736/736 548/548
f 767/767 639/639 499/499
f 499/499 643/643 767/767
f 814/814 685/685 728/728
f 732/732 545/545 876/876
f 494/494 545/545 732/732
f 545/545 685/685 876/876
f 876/876 685/685 734/734
f 824/824 693/693 832/832
f 664/664 828/828 810/810
f 698/698 702/702 748/748
f 531/531 604/604 790/790
f 779/779 781/781 631/631
f 712/712 649/649 770/770
f 699/699 686/686 886/886
f 791/791 661/661 694/694
f 652/652 756/756 687/687
f 886/886 655/655 837/837
f 754/754 798/798 665/665
f 600/600 647/647 836/836
f 691/691 675/675 771/771
f 683/683 659/659 830/830
f 645/645 776/776 663/663
f 585/585 699/699 740/740
f 775/775 830/830 659/659
f 663/663 776/776 716/716
f 811/811 903/903 1018/1018
f 701/701 656/656 761/761
f 792/792 703/703 808/808
f 709/709 683/683 830/830
f 647/647 657/657 842/842
f 897/897 903/903 676/676
f 741/741 769/769 765/765
f 745/745 693/693 824/824
f 799/799 615/615 850/850
f 680/680 664/664 810/810
f 653/653 745/745 783/783
f 842/842 653/653 783/783
f 710/710 709/709 746/746
f 690/690 679/679 1003/1003
f 748/748 702/702 860/860
f 630/630 750/750 807/807
f 622/622 669/669 749/749
f 771/771 612/612 844/844
f 770/770 846/846 712/712
f 673/673 712/712 832/832
f 753/753 630/630 807/807
f 689/689 803/803 744/744
f 725/725 661/661 791/791
f 686/686 655/655 886/886
f 599/599 739/739 848/848
f 790/790 604/604 823/823
f 772/772 707/707 688/688
f 884/884 841/841 720/720
f 835/835 687/687 839/839
f 779/779 600/600 836/836
f 604/604 706/706 823/823
f 845/845 789/789 615/615
f 749/749 672/672 622/622
f 656/656 690/690 993/993
f 755/755 585/585 740/740
f 632/632 724/724 825/825
f 883/883 654/654 789/789
f 610/610 696/696 794/794
f 844/844 612/612 795/795
f 720/720 632/632 884/884
f 617/617 722/722 881/881
f 897/897 753/753 907/907
f 705/705 742/742 786/786
f 808/808 704/704 782/782
f 647/647 842/842 836/836
f 828/828 713/713 787/787
f 718/718 708/708 912/912
f 759/759 763/763 628/628
f 629/629 721/721 760/760
f 680/680 762/762 708/708
f 766/766 727/727 820/820
f 787/787 713/713 763/763
f 774/774 756/756 652/652
f 800/800 728/728 726/726
f 814/814 734/734 685/685
f 726/726 641/641 816/816
f 766/766 765/765 727/727
f 582/582 697/697 856/856
f 856/856 803/803 582/582
f 952/952 742/742 769/769
f 773/773 784/784 854/854
f 645/645 784/784 773/773
f 753/753 807/807 907/907
f 832/832 712/712 833/833
f 764/764 733/733 890/890
f 666/666 831/831 937/937
f 776/776 645/645 773/773
f 615/615 799/799 949/949
f 599/599 848/848 770/770
f 538/538 720/720 849/849
f 1053/1053 711/711 695/695
f 825/825 724/724 654/654
f 778/778 698/698 748/748
f 702/702 758/758 792/792
f 793/793 851/851 706/706
f 688/688 672/672 749/749
f 696/696 746/746 834/834
f 706/706 798/798 793/793
f 786/786 742/742 952/952
f 804/804 691/691 771/771
f 714/714 852/852 694/694
f 848/848 739/739 829/829
f 829/829 739/739 802/802
f 722/722 674/674 826/826
f 823/823 706/706 851/851
f 682/682 701/701 974/974
f 783/783 745/745 824/824
f 717/717 718/718 840/840
f 751/751 737/737 780/780
f 746/746 709/709 834/834
f 743/743 811/811 812/812
f 708/708 762/762 912/912
f 812/812 788/788 743/743
f 699/699 886/886 740/740
f 714/714 751/751 852/852
f 780/780 852/852 751/751
f 909/909 666/666 937/937
f 694/694 1056/1056 791/791
f 679/679 781/781 965/965
f 881/881 775/775 617/617
f 739/739 738/738 863/863
f 773/773 716/716 776/776
f 688/688 749/749 772/772
f 788/788 1053/1053 695/695
f 797/797 621/621 861/861
f 621/621 755/755 861/861
f 845/845 615/615 949/949
f 892/892 755/755 740/740
f 848/848 864/864 770/770
f 715/715 973/973 809/809
f 778/778 857/857 698/698
f 826/826 674/674 711/711
f 787/787 763/763 859/859
f 965/965 781/781 779/779
f 749/749 669/669 752/752
f 759/759 859/859 763/763
f 826/826 881/881 722/722
f 741/741 765/765 838/838
f 974/974 701/701 761/761
f 825/825 884/884 632/632
f 761/761 656/656 993/993
f 814/814 728/728 800/800
f 643/643 919/919 955/955
f 816/816 638/638 871/871
f 730/730 835/835 865/865
f 767/767 873/873 818/818
f 730/730 847/847 768/768
f 873/873 767/767 955/955
f 838/838 765/765 766/766
f 767/767 643/643 955/955
f 843/843 813/813 827/827
f 838/838 766/766 930/930
f 733/733 735/735 891/891
f 729/729 820/820 727/727
f 730/730 768/768 735/735
f 639/639 818/818 821/821
f 639/639 821/821 638/638
f 638/638 821/821 871/871
f 767/767 818/818 639/639
f 736/736 919/919 643/643
f 820/820 729/729 822/822
f 777/777 819/819 636/636
f 729/729 731/731 822/822
f 752/752 786/786 893/893
f 848/848 829/829 995/995
f 973/973 1065/1065 719/719
f 825/825 654/654 905/905
f 883/883 905/905 654/654
f 784/784 670/670 854/854
f 909/909 975/975 723/723
f 890/890 733/733 891/891
f 837/837 723/723 975/975
f 862/862 803/803 856/856
f 840/840 718/718 912/912
f 694/694 957/957 1056/1056
f 754/754 796/796 806/806
f 687/687 756/756 839/839
f 779/779 836/836 908/908
f 807/807 750/750 898/898
f 694/694 852/852 957/957
f 846/846 770/770 864/864
f 774/774 717/717 900/900
f 682/682 974/974 999/999
f 840/840 900/900 717/717
f 1003/1003 679/679 965/965
f 737/737 747/747 849/849
f 808/808 782/782 906/906
f 787/787 859/859 858/858
f 973/973 719/719 809/809
f 810/810 762/762 680/680
f 989/989 799/799 850/850
f 861/861 755/755 892/892
f 841/841 884/884 894/894
f 792/792 889/889 702/702
f 854/854 670/670 857/857
f 712/712 846/846 833/833
f 908/908 965/965 779/779
f 1065/1065 757/757 719/719
f 802/802 739/739 932/932
f 769/769 741/741 951/951
f 852/852 780/780 855/855
f 790/790 823/823 933/933
f 739/739 863/863 932/932
f 782/782 707/707 906/906
f 787/787 858/858 828/828
f 1003/1003 993/993 690/690
f 937/937 831/831 990/990
f 824/824 832/832 885/885
f 738/738 790/790 863/863
f 830/830 775/775 998/998
f 883/883 789/789 845/845
f 709/709 830/830 834/834
f 832/832 833/833 885/885
f 856/856 697/697 947/947
f 861/861 968/968 797/797
f 936/936 756/756 774/774
f 886/886 837/837 953/953
f 800/800 726/726 944/944
f 805/805 797/797 968/968
f 1042/1042 836/836 842/842
f 936/936 774/774 900/900
f 864/864 848/848 995/995
f 843/843 827/827 853/853
f 816/816 944/944 726/726
f 721/721 941/941 760/760
f 907/907 807/807 972/972
f 865/865 835/835 839/839
f 737/737 849/849 899/899
f 880/880 847/847 730/730
f 865/865 880/880 730/730
f 882/882 838/838 930/930
f 930/930 766/766 918/918
f 868/868 879/879 814/814
f 918/918 867/867 930/930
f 918/918 766/766 870/870
f 873/873 866/866 818/818
f 955/955 919/919 874/874
f 891/891 735/735 887/887
f 768/768 847/847 887/887
f 870/870 820/820 923/923
f 766/766 820/820 870/870
f 888/888 827/827 869/869
f 768/768 887/887 735/735
f 913/913 869/869 813/813
f 879/879 868/868 914/914
f 827/827 813/813 869/869
f 777/777 764/764 922/922
f 813/813 843/843 913/913
f 871/871 821/821 872/872
f 822/822 923/923 820/820
f 876/876 734/734 877/877
f 734/734 814/814 879/879
f 734/734 879/879 877/877
f 996/996 788/788 812/812
f 1053/1053 788/788 996/996
f 1056/1056 957/957 1000/1000
f 696/696 834/834 902/902
f 933/933 823/823 851/851
f 900/900 840/840 943/943
f 720/720 841/841 849/849
f 741/741 838/838 882/882
f 803/803 862/862 1019/1019
f 716/716 773/773 1087/1087
f 960/960 790/790 933/933
f 737/737 1083/1083 780/780
f 783/783 824/824 885/885
f 952/952 893/893 786/786
f 967/967 757/757 963/963
f 721/721 682/682 999/999
f 792/792 808/808 1007/1007
f 862/862 856/856 946/946
f 792/792 1007/1007 889/889
f 947/947 791/791 895/895
f 811/811 1018/1018 1061/1061
f 906/906 707/707 938/938
f 810/810 828/828 858/858
f 889/889 860/860 702/702
f 881/881 826/826 1022/1022
f 1022/1022 896/896 881/881
f 827/827 950/950 853/853
f 859/859 759/759 942/942
f 886/886 953/953 1058/1058
f 966/966 847/847 880/880
f 943/943 840/840 1008/1008
f 737/737 899/899 1083/1083
f 837/837 975/975 953/953
f 836/836 958/958 908/908
f 885/885 833/833 904/904
f 840/840 912/912 1008/1008
f 741/741 882/882 948/948
f 851/851 793/793 985/985
f 905/905 883/883 1005/1005
f 951/951 741/741 948/948
f 1023/1023 761/761 993/993
f 988/988 880/880 865/865
f 846/846 864/864 1066/1066
f 808/808 906/906 1007/1007
f 891/891 969/969 890/890
f 922/922 764/764 994/994
f 861/861 892/892 1002/1002
f 769/769 951/951 986/986
f 912/912 762/762 964/964
f 970/970 816/816 871/871
f 1065/1065 963/963 757/757
f 839/839 756/756 940/940
f 775/775 881/881 992/992
f 1040/1040 826/826 711/711
f 954/954 886/886 961/961
f 740/740 886/886 954/954
f 898/898 757/757 967/967
f 910/910 911/911 891/891
f 1022/1022 826/826 1040/1040
f 691/691 804/804 1030/1030
f 772/772 938/938 707/707
f 1033/1033 854/854 857/857
f 887/887 847/847 966/966
f 834/834 830/830 998/998
f 1042/1042 842/842 783/783
f 744/744 803/803 1195/1195
f 831/831 744/744 1195/1195
f 812/812 811/811 1061/1061
f 929/929 882/882 930/930
f 901/901 916/916 866/866
f 873/873 955/955 866/866
f 819/819 924/924 736/736
f 819/819 777/777 922/922
f 874/874 919/919 976/976
f 866/866 916/916 818/818
f 815/815 801/801 917/917
f 920/920 865/865 839/839
f 869/869 815/815 917/917
f 929/929 930/930 977/977
f 891/891 887/887 910/910
f 818/818 916/916 1016/1016
f 888/888 869/869 917/917
f 977/977 930/930 867/867
f 818/818 1016/1016 872/872
f 867/867 921/921 977/977
f 843/843 915/915 913/913
f 915/915 843/843 853/853
f 827/827 888/888 950/950
f 979/979 822/822 921/921
f 923/923 822/822 979/979
f 877/877 879/879 925/925
f 879/879 927/927 925/925
f 879/879 914/914 927/927
f 818/818 872/872 821/821
f 977/977 921/921 822/822
f 731/731 977/977 822/822
f 931/931 977/977 731/731
f 875/875 931/931 731/731
f 931/931 875/875 878/878
f 1067/1067 845/845 949/949
f 955/955 901/901 866/866
f 752/752 893/893 1156/1156
f 932/932 1176/1176 802/802
f 780/780 1083/1083 855/855
f 933/933 851/851 985/985
f 825/825 905/905 939/939
f 906/906 938/938 1050/1050
f 913/913 915/915 934/934
f 691/691 1030/1030 850/850
f 833/833 846/846 1014/1014
f 884/884 825/825 894/894
f 862/862 946/946 1019/1019
f 863/863 790/790 960/960
f 754/754 959/959 798/798
f 970/970 871/871 1016/1016
f 1033/1033 857/857 778/778
f 754/754 806/806 1011/1011
f 805/805 968/968 1012/1012
f 940/940 756/756 936/936
f 941/941 721/721 987/987
f 773/773 854/854 1013/1013
f 817/817 971/971 945/945
f 994/994 890/890 969/969
f 995/995 829/829 802/802
f 1002/1002 968/968 861/861
f 912/912 964/964 1029/1029
f 762/762 810/810 964/964
f 764/764 890/890 994/994
f 887/887 966/966 910/910
f 740/740 1002/1002 892/892
f 748/748 860/860 1036/1036
f 804/804 771/771 844/844
f 895/895 791/791 1056/1056
f 993/993 1003/1003 1068/1068
f 897/897 907/907 1084/1084
f 883/883 845/845 1015/1015
f 998/998 775/775 992/992
f 1067/1067 1015/1015 845/845
f 1195/1195 803/803 1019/1019
f 928/928 913/913 934/934
f 894/894 1089/1089 841/841
f 935/935 925/925 927/927
f 1089/1089 1090/1090 841/841
f 849/849 841/841 1090/1090
f 1065/1065 973/973 1045/1045
f 696/696 902/902 794/794
f 936/936 900/900 956/956
f 858/858 859/859 1079/1079
f 939/939 905/905 1005/1005
f 799/799 989/989 1028/1028
f 900/900 943/943 956/956
f 952/952 769/769 986/986
f 962/962 778/778 748/748
f 1008/1008 912/912 1123/1123
f 1052/1052 899/899 849/849
f 961/961 886/886 1058/1058
f 1033/1033 778/778 962/962
f 793/793 798/798 985/985
f 1006/1006 855/855 1083/1083
f 1061/1061 1095/1095 812/812
f 975/975 909/909 1037/1037
f 948/948 986/986 951/951
f 1081/1081 959/959 754/754
f 1066/1066 1014/1014 846/846
f 942/942 1079/1079 859/859
f 1081/1081 754/754 1011/1011
f 1066/1066 864/864 995/995
f 1031/1031 885/885 904/904
f 894/894 825/825 939/939
f 903/903 897/897 1032/1032
f 957/957 852/852 855/855
f 883/883 1015/1015 1005/1005
f 1123/1123 912/912 1029/1029
f 915/915 997/997 934/934
f 856/856 947/947 1236/1236
f 999/999 987/987 721/721
f 882/882 929/929 1055/1055
f 1055/1055 1017/1017 882/882
f 896/896 992/992 881/881
f 1002/1002 740/740 954/954
f 1053/1053 1040/1040 711/711
f 947/947 895/895 1004/1004
f 1004/1004 1236/1236 947/947
f 949/949 799/799 1028/1028
f 749/749 938/938 772/772
f 972/972 807/807 898/898
f 810/810 858/858 964/964
f 1003/1003 965/965 1105/1105
f 950/950 888/888 1049/1049
f 889/889 1057/1057 860/860
f 969/969 891/891 911/911
f 749/749 752/752 1156/1156
f 965/965 908/908 958/958
f 1001/1001 916/916 901/901
f 976/976 919/919 1101/1101
f 920/920 988/988 865/865
f 977/977 978/978 929/929
f 982/982 1024/1024 877/877
f 919/919 736/736 1101/1101
f 924/924 1101/1101 736/736
f 924/924 819/819 1054/1054
f 917/917 801/801 980/980
f 944/944 1025/1025 983/983
f 983/983 800/800 944/944
f 921/921 867/867 918/918
f 918/918 979/979 921/921
f 981/981 917/917 980/980
f 979/979 870/870 923/923
f 801/801 984/984 980/980
f 917/917 981/981 888/888
f 925/925 982/982 877/877
f 920/920 839/839 940/940
f 1049/1049 888/888 981/981
f 872/872 1016/1016 871/871
f 991/991 956/956 943/943
f 904/904 833/833 1014/1014
f 896/896 1022/1022 1108/1108
f 909/909 937/937 1119/1119
f 995/995 802/802 1176/1176
f 1176/1176 1099/1099 995/995
f 1032/1032 897/897 1084/1084
f 874/874 1020/1020 955/955
f 987/987 1080/1080 941/941
f 889/889 1007/1007 1115/1115
f 953/953 975/975 1037/1037
f 957/957 855/855 1035/1035
f 1049/1049 853/853 950/950
f 882/882 1017/1017 948/948
f 954/954 1041/1041 1002/1002
f 958/958 836/836 1139/1139
f 973/973 715/715 1045/1045
f 1012/1012 968/968 1038/1038
f 1052/1052 849/849 1090/1090
f 911/911 910/910 1111/1111
f 895/895 1056/1056 1004/1004
f 1195/1195 1019/1019 1126/1126
f 910/910 966/966 1111/1111
f 1084/1084 907/907 972/972
f 974/974 761/761 1023/1023
f 885/885 1042/1042 783/783
f 1049/1049 997/997 915/915
f 915/915 853/853 1049/1049
f 1131/1131 1098/1098 969/969
f 1176/1176 932/932 1125/1125
f 831/831 1195/1195 990/990
f 996/996 812/812 1095/1095
f 856/856 1236/1236 1062/1062
f 909/909 1119/1119 1063/1063
f 1139/1139 1064/1064 958/958
f 1066/1066 995/995 1099/1099
f 909/909 1063/1063 1037/1037
f 1013/1013 854/854 1033/1033
f 968/968 1002/1002 1038/1038
f 957/957 1035/1035 1078/1078
f 834/834 998/998 1092/1092
f 967/967 972/972 898/898
f 880/880 988/988 1104/1104
f 990/990 1119/1119 937/937
f 943/943 1008/1008 991/991
f 932/932 863/863 1159/1159
f 994/994 969/969 1098/1098
f 1018/1018 1039/1039 1061/1061
f 1082/1082 1001/1001 901/901
f 966/966 880/880 1104/1104
f 955/955 1082/1082 901/901
f 1100/1100 749/749 1156/1156
f 1019/1019 946/946 1106/1106
f 920/920 1021/1021 988/988
f 962/962 748/748 1086/1086
f 1016/1016 916/916 1009/1009
f 964/964 858/858 1107/1107
f 1030/1030 844/844 1168/1168
f 963/963 1065/1065 1162/1162
f 929/929 978/978 1055/1055
f 804/804 844/844 1030/1030
f 997/997 1049/1049 1048/1048
f 858/858 1079/1079 1157/1157
f 999/999 974/974 1034/1034
f 945/945 971/971 1118/1118
f 1064/1064 965/965 958/958
f 949/949 1028/1028 1067/1067
f 819/819 922/922 1054/1054
f 1047/1047 936/936 956/956
f 1047/1047 940/940 936/936
f 1069/1069 1046/1046 978/978
f 979/979 918/918 870/870
f 1069/1069 978/978 977/977
f 926/926 997/997 984/984
f 984/984 997/997 980/980
f 997/997 926/926 934/934
f 931/931 1069/1069 977/977
f 1070/1070 1069/1069 931/931
f 1070/1070 1027/1027 1069/1069
f 931/931 878/878 1070/1070
f 1070/1070 878/878 1026/1026
f 1105/1105 1068/1068 1003/1003
f 988/988 1021/1021 1132/1132
f 933/933 1133/1133 960/960
f 1050/1050 1171/1171 906/906
f 748/748 1036/1036 1086/1086
f 1033/1033 1179/1179 1013/1013
f 1038/1038 1002/1002 1041/1041
f 1042/1042 885/885 1031/1031
f 1057/1057 1036/1036 860/860
f 1093/1093 924/924 1054/1054
f 911/911 1131/1131 969/969
f 1018/1018 903/903 1032/1032
f 1007/1007 906/906 1171/1171
f 1046/1046 1055/1055 978/978
f 932/932 1159/1159 1125/1125
f 1081/1081 1011/1011 1120/1120
f 1016/1016 1009/1009 970/970
f 999/999 1034/1034 987/987
f 1105/1105 965/965 1064/1064
f 939/939 1005/1005 1085/1085
f 1031/1031 904/904 1130/1130
f 1006/1006 1035/1035 855/855
f 1000/1000 957/957 1078/1078
f 976/976 1101/1101 1151/1151
f 974/974 1023/1023 1060/1060
f 1095/1095 1061/1061 1072/1072
f 893/893 952/952 1059/1059
f 1034/1034 974/974 1060/1060
f 1056/1056 1000/1000 1075/1075
f 1054/1054 922/922 994/994
f 902/902 834/834 1092/1092
f 1048/1048 980/980 997/997
f 1084/1084 972/972 1134/1134
f 1048/1048 981/981 980/980
f 967/967 963/963 1162/1162
f 911/911 1111/1111 1094/1094
f 1168/1168 844/844 1199/1199
f 844/844 795/795 1199/1199
f 1043/1043 716/716 1087/1087
f 955/955 1020/1020 1082/1082
f 1048/1048 1049/1049 981/981
f 1195/1195 1126/1126 1274/1274
f 988/988 1132/1132 1104/1104
f 1088/1088 1015/1015 1122/1122
f 939/939 1237/1237 894/894
f 1050/1050 938/938 1175/1175
f 1083/1083 899/899 1052/1052
f 1042/1042 1031/1031 1144/1144
f 894/894 1117/1117 1089/1089
f 1083/1083 1109/1109 1006/1006
f 962/962 1051/1051 1033/1033
f 1028/1028 989/989 1102/1102
f 1130/1130 1014/1014 1116/1116
f 1126/1126 1019/1019 1106/1106
f 1179/1179 1033/1033 1051/1051
f 1034/1034 1060/1060 1216/1216
f 850/850 1102/1102 989/989
f 959/959 1081/1081 1177/1177
f 794/794 902/902 1145/1145
f 1035/1035 1006/1006 1078/1078
f 749/749 1100/1100 938/938
f 850/850 1030/1030 1102/1102
f 960/960 1159/1159 863/863
f 904/904 1014/1014 1130/1130
f 945/945 1118/1118 1097/1097
f 1157/1157 1107/1107 858/858
f 1009/1009 916/916 1128/1128
f 1108/1108 992/992 896/896
f 1062/1062 1189/1189 856/856
f 954/954 961/961 1096/1096
f 1013/1013 1087/1087 773/773
f 1077/1077 1020/1020 1076/1076
f 1023/1023 993/993 1160/1160
f 856/856 1189/1189 946/946
f 993/993 1068/1068 1160/1160
f 1020/1020 874/874 1076/1076
f 916/916 1001/1001 1128/1128
f 1040/1040 1108/1108 1022/1022
f 1001/1001 1082/1082 1184/1184
f 1047/1047 1021/1021 920/920
f 920/920 940/940 1047/1047
f 1112/1112 1027/1027 1070/1070
f 1097/1097 1026/1026 945/945
f 1200/1200 954/954 1096/1096
f 1060/1060 1023/1023 1160/1160
f 985/985 798/798 959/959
f 956/956 1141/1141 1047/1047
f 952/952 986/986 1142/1142
f 1004/1004 1056/1056 1075/1075
f 1073/1073 1055/1055 1150/1150
f 1006/1006 1109/1109 1078/1078
f 1196/1196 990/990 1195/1195
f 967/967 1162/1162 1071/1071
f 1055/1055 1046/1046 1150/1150
f 1131/1131 911/911 1094/1094
f 1121/1121 1012/1012 1124/1124
f 893/893 1059/1059 1156/1156
f 1123/1123 1029/1029 1152/1152
f 976/976 1076/1076 874/874
f 1237/1237 939/939 1085/1085
f 1101/1101 924/924 1114/1114
f 924/924 1093/1093 1114/1114
f 986/986 948/948 1142/1142
f 1047/1047 1074/1074 1021/1021
f 1111/1111 966/966 1104/1104
f 933/933 985/985 1135/1135
f 1135/1135 1133/1133 933/933
f 996/996 1040/1040 1053/1053
f 1073/1073 948/948 1017/1017
f 998/998 992/992 1136/1136
f 1106/1106 946/946 1189/1189
f 1117/1117 894/894 1237/1237
f 1017/1017 1055/1055 1073/1073
f 1038/1038 1041/1041 1200/1200
f 1092/1092 998/998 1136/1136
f 1041/1041 954/954 1200/1200
f 1162/1162 1065/1065 1178/1178
f 1034/1034 1148/1148 987/987
f 1029/1029 964/964 1152/1152
f 902/902 1092/1092 1153/1153
f 1105/1105 1064/1064 1158/1158
f 964/964 1107/1107 1152/1152
f 1032/1032 1039/1039 1018/1018
f 1059/1059 952/952 1142/1142
f 992/992 1108/1108 1136/1136
f 1067/1067 1028/1028 1102/1102
f 1135/1135 985/985 959/959
f 1005/1005 1015/1015 1088/1088
f 1007/1007 1171/1171 1115/1115
f 1187/1187 1054/1054 1098/1098
f 1051/1051 962/962 1086/1086
f 1242/1242 889/889 1115/1115
f 953/953 1037/1037 1140/1140
f 956/956 991/991 1186/1186
f 961/961 1058/1058 1180/1180
f 1014/1014 1066/1066 1202/1202
f 1179/1179 1110/1110 1013/1013
f 1054/1054 994/994 1098/1098
f 1213/1213 990/990 1196/1196
f 1122/1122 1015/1015 1067/1067
f 1132/1132 1223/1223 1104/1104
f 1012/1012 1038/1038 1124/1124
f 1128/1128 1001/1001 1184/1184
f 1076/1076 976/976 1151/1151
f 1046/1046 1069/1069 1150/1150
f 1093/1093 1054/1054 1187/1187
f 1151/1151 1101/1101 1114/1114
f 991/991 1008/1008 1186/1186
f 1132/1132 1021/1021 1074/1074
f 1087/1087 1091/1091 1218/1218
f 1106/1106 1103/1103 1126/1126
f 1199/1199 795/795 1146/1146
f 836/836 1042/1042 1139/1139
f 1085/1085 1005/1005 1149/1149
f 1062/1062 1236/1236 1189/1189
f 1094/1094 1111/1111 1172/1172
f 1263/1263 1065/1065 1045/1045
f 1020/1020 1077/1077 1082/1082
f 1059/1059 1142/1142 1243/1243
f 1112/1112 1127/1127 1113/1113
f 1127/1127 1112/1112 1070/1070
f 1026/1026 1097/1097 1127/1127
f 1127/1127 1070/1070 1026/1026
f 1166/1166 1089/1089 1117/1117
f 1067/1067 1102/1102 1170/1170
f 1037/1037 1063/1063 1167/1167
f 1195/1195 1274/1274 1201/1201
f 1091/1091 1087/1087 1013/1013
f 1074/1074 1047/1047 1141/1141
f 1186/1186 1141/1141 956/956
f 1096/1096 961/961 1180/1180
f 1150/1150 1069/1069 1143/1143
f 1192/1192 1108/1108 1040/1040
f 1099/1099 1202/1202 1066/1066
f 1167/1167 1140/1140 1037/1037
f 1142/1142 948/948 1190/1190
f 1177/1177 1081/1081 1120/1120
f 1180/1180 953/953 1140/1140
f 1111/1111 1104/1104 1257/1257
f 1188/1188 1123/1123 1152/1152
f 1043/1043 1087/1087 1218/1218
f 948/948 1073/1073 1190/1190
f 1058/1058 953/953 1180/1180
f 1103/1103 1106/1106 1189/1189
f 990/990 1213/1213 1119/1119
f 1005/1005 1088/1088 1149/1149
f 1124/1124 1038/1038 1256/1256
f 1238/1238 1159/1159 960/960
f 960/960 1133/1133 1238/1238
f 1144/1144 1139/1139 1042/1042
f 1263/1263 1178/1178 1065/1065
f 1039/1039 1032/1032 1161/1161
f 1134/1134 972/972 1205/1205
f 1068/1068 1105/1105 1182/1182
f 1157/1157 1152/1152 1107/1107
f 1030/1030 1168/1168 1336/1336
f 1061/1061 1039/1039 1072/1072
f 1184/1184 1082/1082 1226/1226
f 1060/1060 1160/1160 1327/1327
f 1075/1075 1000/1000 1185/1185
f 1132/1132 1074/1074 1141/1141
f 996/996 1095/1095 1231/1231
f 1102/1102 1030/1030 1336/1336
f 1111/1111 1257/1257 1172/1172
f 1051/1051 1086/1086 1137/1137
f 1207/1207 1096/1096 1180/1180
f 1123/1123 1210/1210 1008/1008
f 1170/1170 1102/1102 1197/1197
f 1202/1202 1116/1116 1014/1014
f 1242/1242 1115/1115 1239/1239
f 1143/1143 1069/1069 1208/1208
f 1213/1213 1063/1063 1119/1119
f 1118/1118 971/971 1010/1010
f 1167/1167 1063/1063 1213/1213
f 1202/1202 1099/1099 1176/1176
f 1069/1069 1027/1027 1208/1208
f 1166/1166 1221/1221 1089/1089
f 1138/1138 1067/1067 1170/1170
f 996/996 1308/1308 1040/1040
f 1090/1090 1089/1089 1221/1221
f 1145/1145 902/902 1153/1153
f 1118/1118 1127/1127 1097/1097
f 1091/1091 1013/1013 1110/1110
f 1308/1308 1192/1192 1040/1040
f 1190/1190 1073/1073 1150/1150
f 1050/1050 1175/1175 1171/1171
f 972/972 967/967 1071/1071
f 1299/1299 987/987 1233/1233
f 1122/1122 1067/1067 1138/1138
f 1036/1036 1137/1137 1086/1086
f 1205/1205 972/972 1292/1292
f 1148/1148 1034/1034 1216/1216
f 1206/1206 1131/1131 1094/1094
f 1198/1198 1136/1136 1108/1108
f 1158/1158 1064/1064 1267/1267
f 1094/1094 1172/1172 1206/1206
f 1226/1226 1082/1082 1077/1077
f 1129/1129 1163/1163 1010/1010
f 1112/1112 1169/1169 1027/1027
f 1169/1169 1112/1112 1147/1147
f 1112/1112 1113/1113 1147/1147
f 1000/1000 1078/1078 1326/1326
f 1127/1127 1118/1118 1165/1165
f 1245/1245 1177/1177 1120/1120
f 1185/1185 1000/1000 1326/1326
f 1210/1210 1123/1123 1188/1188
f 1181/1181 1075/1075 1185/1185
f 1133/1133 1135/1135 1209/1209
f 1147/1147 1113/1113 1211/1211
f 1211/1211 1232/1232 1147/1147
f 1077/1077 1076/1076 1227/1227
f 1124/1124 1174/1174 1121/1121
f 1010/1010 1163/1163 1191/1191
f 1269/1269 1135/1135 959/959
f 1256/1256 1174/1174 1124/1124
f 1075/1075 1282/1282 1004/1004
f 1179/1179 1051/1051 1155/1155
f 1269/1269 959/959 1177/1177
f 1205/1205 1084/1084 1134/1134
f 1233/1233 987/987 1148/1148
f 1126/1126 1103/1103 1274/1274
f 1032/1032 1084/1084 1205/1205
f 1137/1137 1036/1036 1225/1225
f 1117/1117 1237/1237 1259/1259
f 1305/1305 1071/1071 1162/1162
f 1207/1207 1200/1200 1096/1096
f 1173/1173 1206/1206 1172/1172
f 1076/1076 1151/1151 1227/1227
f 1216/1216 1060/1060 1327/1327
f 1109/1109 1083/1083 1183/1183
f 1225/1225 1036/1036 1057/1057
f 1265/1265 1158/1158 1267/1267
f 1336/1336 1168/1168 1199/1199
f 1218/1218 1091/1091 1260/1260
f 1105/1105 1158/1158 1265/1265
f 1298/1298 1157/1157 1079/1079
f 1057/1057 889/889 1242/1242
f 1139/1139 1267/1267 1064/1064
f 1010/1010 1165/1165 1118/1118
f 1077/1077 1227/1227 1226/1226
f 1151/1151 1114/1114 1217/1217
f 1059/1059 1243/1243 1222/1222
f 1078/1078 1109/1109 1253/1253
f 1234/1234 1078/1078 1253/1253
f 1219/1219 1393/1393 1044/1044
f 1141/1141 1313/1313 1132/1132
f 1217/1217 1093/1093 1187/1187
f 1263/1263 1045/1045 1394/1394
f 1294/1294 1102/1102 1336/1336
f 1208/1208 1027/1027 1169/1169
f 1038/1038 1200/1200 1256/1256
f 1292/1292 972/972 1071/1071
f 1085/1085 1149/1149 1252/1252
f 1083/1083 1052/1052 1297/1297
f 1114/1114 1093/1093 1217/1217
f 1193/1193 1164/1164 1235/1235
f 1186/1186 1008/1008 1210/1210
f 1166/1166 1117/1117 1271/1271
f 1325/1325 1144/1144 1031/1031
f 1252/1252 1237/1237 1085/1085
f 1031/1031 1130/1130 1251/1251
f 1075/1075 1181/1181 1282/1282
f 1257/1257 1104/1104 1223/1223
f 1276/1276 1140/1140 1167/1167
f 1128/1128 1184/1184 1324/1324
f 1147/1147 1232/1232 1310/1310
f 1180/1180 1140/1140 1276/1276
f 1116/1116 1202/1202 1224/1224
f 1110/1110 1179/1179 1220/1220
f 1072/1072 1039/1039 1261/1261
f 1155/1155 1051/1051 1285/1285
f 1236/1236 1004/1004 1240/1240
f 1199/1199 1146/1146 1212/1212
f 1078/1078 1234/1234 1326/1326
f 1100/1100 1156/1156 1337/1337
f 1231/1231 1308/1308 996/996
f 1223/1223 1132/1132 1313/1313
f 1324/1324 1184/1184 1226/1226
f 1190/1190 1150/1150 1314/1314
f 1183/1183 1083/1083 1297/1297
f 1187/1187 1098/1098 1315/1315
f 1175/1175 938/938 1241/1241
f 1191/1191 1165/1165 1010/1010
f 1080/1080 987/987 1299/1299
f 938/938 1100/1100 1241/1241
f 1194/1194 1191/1191 1163/1163
f 1127/1127 1211/1211 1113/1113
f 1211/1211 1127/1127 1165/1165
f 1242/1242 1225/1225 1057/1057
f 1091/1091 1110/1110 1348/1348
f 1263/1263 1244/1244 1178/1178
f 1108/1108 1192/1192 1341/1341
f 1267/1267 1139/1139 1300/1300
f 1211/1211 1203/1203 1215/1215
f 1207/1207 1180/1180 1246/1246
f 1210/1210 1188/1188 1273/1273
f 1125/1125 1230/1230 1176/1176
f 1305/1305 1162/1162 1178/1178
f 1315/1315 1098/1098 1131/1131
f 1243/1243 1142/1142 1419/1419
f 1161/1161 1032/1032 1307/1307
f 1213/1213 1196/1196 1247/1247
f 1090/1090 1221/1221 1309/1309
f 1202/1202 1176/1176 1444/1444
f 1120/1120 1477/1477 1245/1245
f 1232/1232 1211/1211 1281/1281
f 1478/1478 1121/1121 1174/1174
f 1152/1152 1157/1157 1283/1283
f 1217/1217 1187/1187 1275/1275
f 1340/1340 1103/1103 1189/1189
f 1130/1130 1116/1116 1290/1290
f 1167/1167 1213/1213 1272/1272
f 1282/1282 1181/1181 1284/1284
f 1238/1238 1133/1133 1248/1248
f 1325/1325 1031/1031 1251/1251
f 1052/1052 1309/1309 1297/1297
f 1327/1327 1160/1160 1333/1333
f 1277/1277 1236/1236 1240/1240
f 1240/1240 1004/1004 1282/1282
f 1133/1133 1209/1209 1248/1248
f 1197/1197 1102/1102 1294/1294
f 1143/1143 1208/1208 1287/1287
f 1139/1139 1144/1144 1300/1300
f 1169/1169 1147/1147 1310/1310
f 1146/1146 1154/1154 1212/1212
f 1160/1160 1068/1068 1333/1333
f 1269/1269 1209/1209 1135/1135
f 1032/1032 1205/1205 1307/1307
f 1261/1261 1039/1039 1258/1258
f 1128/1128 1324/1324 1235/1235
f 1195/1195 1201/1201 1196/1196
f 1128/1128 1235/1235 1164/1164
f 1095/1095 1072/1072 1261/1261
f 1220/1220 1348/1348 1110/1110
f 1231/1231 1095/1095 1291/1291
f 1444/1444 1176/1176 1230/1230
f 1398/1398 1175/1175 1241/1241
f 1088/1088 1229/1229 1252/1252
f 1269/1269 1177/1177 1245/1245
f 1117/1117 1259/1259 1332/1332
f 1186/1186 1210/1210 1250/1250
f 1272/1272 1276/1276 1167/1167
f 1305/1305 1178/1178 1244/1244
f 1051/1051 1349/1349 1285/1285
f 1151/1151 1217/1217 1420/1420
f 1326/1326 1234/1234 1301/1301
f 1419/1419 1142/1142 1190/1190
f 1300/1300 1144/1144 1302/1302
f 1149/1149 1088/1088 1252/1252
f 1182/1182 1105/1105 1265/1265
f 1314/1314 1143/1143 1287/1287
f 1226/1226 1293/1293 1324/1324
f 1172/1172 1257/1257 1249/1249
f 1173/1173 1172/1172 1249/1249
f 1246/1246 1180/1180 1276/1276
f 1088/1088 1122/1122 1229/1229
f 1159/1159 1230/1230 1125/1125
f 1130/1130 1290/1290 1382/1382
f 1298/1298 1266/1266 1157/1157
f 1090/1090 1309/1309 1052/1052
f 1241/1241 1100/1100 1337/1337
f 1237/1237 1252/1252 1259/1259
f 1336/1336 1199/1199 1391/1391
f 1153/1153 1092/1092 1279/1279
f 1137/1137 1349/1349 1051/1051
f 1313/1313 1442/1442 1223/1223
f 1196/1196 1201/1201 1295/1295
f 1239/1239 1115/1115 1304/1304
f 1150/1150 1143/1143 1314/1314
f 1182/1182 1518/1518 1068/1068
f 1179/1179 1155/1155 1285/1285
f 1220/1220 1179/1179 1285/1285
f 1216/1216 1327/1327 1255/1255
f 1175/1175 1398/1398 1171/1171
f 1173/1173 1228/1228 1206/1206
f 1122/1122 1138/1138 1322/1322
f 1227/1227 1369/1369 1226/1226
f 1203/1203 1211/1211 1191/1191
f 1191/1191 1194/1194 1203/1203
f 1191/1191 1211/1211 1165/1165
f 1138/1138 1170/1170 1254/1254
f 1201/1201 1274/1274 1359/1359
f 1272/1272 1213/1213 1247/1247
f 1224/1224 1290/1290 1116/1116
f 1271/1271 1117/1117 1332/1332
f 1247/1247 1196/1196 1295/1295
f 1430/1430 1059/1059 1222/1222
f 1156/1156 1059/1059 1430/1430
f 1256/1256 1200/1200 1306/1306
f 1281/1281 1211/1211 1215/1215
f 1251/1251 1130/1130 1382/1382
f 1348/1348 1220/1220 1372/1372
f 1229/1229 1122/1122 1322/1322
f 1306/1306 1200/1200 1262/1262
f 1148/1148 1216/1216 1255/1255
f 1166/1166 1271/1271 1221/1221
f 1264/1264 1313/1313 1141/1141
f 1315/1315 1275/1275 1187/1187
f 1189/1189 1236/1236 1340/1340
f 1262/1262 1207/1207 1303/1303
f 1200/1200 1207/1207 1262/1262
f 1197/1197 1294/1294 1335/1335
f 1234/1234 1253/1253 1301/1301
f 1248/1248 1209/1209 1329/1329
f 1137/1137 1353/1353 1349/1349
f 1141/1141 1186/1186 1264/1264
f 1261/1261 1291/1291 1095/1095
f 1264/1264 1186/1186 1250/1250
f 1131/1131 1206/1206 1228/1228
f 1115/1115 1171/1171 1304/1304
f 1152/1152 1273/1273 1188/1188
f 1331/1331 1268/1268 1226/1226
f 1268/1268 1293/1293 1226/1226
f 1314/1314 1352/1352 1190/1190
f 1108/1108 1341/1341 1354/1354
f 1292/1292 1071/1071 1371/1371
f 1273/1273 1152/1152 1418/1418
f 1198/1198 1108/1108 1354/1354
f 1246/1246 1303/1303 1207/1207
f 1159/1159 1238/1238 1377/1377
f 1169/1169 1311/1311 1270/1270
f 1337/1337 1156/1156 1430/1430
f 1170/1170 1197/1197 1376/1376
f 1256/1256 1306/1306 1350/1350
f 1173/1173 1249/1249 1368/1368
f 1285/1285 1372/1372 1220/1220
f 1302/1302 1144/1144 1447/1447
f 1181/1181 1185/1185 1284/1284
f 1208/1208 1169/1169 1270/1270
f 1295/1295 1201/1201 1334/1334
f 1478/1478 1174/1174 1461/1461
f 1144/1144 1325/1325 1447/1447
f 1258/1258 1039/1039 1344/1344
f 1169/1169 1310/1310 1311/1311
f 1138/1138 1254/1254 1322/1322
f 1326/1326 1284/1284 1185/1185
f 1259/1259 1252/1252 1278/1278
f 1152/1152 1283/1283 1418/1418
f 1327/1327 1333/1333 1355/1355
f 1395/1395 1218/1218 1403/1403
f 1307/1307 1339/1339 1161/1161
f 1209/1209 1269/1269 1312/1312
f 1193/1193 1235/1235 1345/1345
f 1222/1222 1243/1243 1419/1419
f 1225/1225 1242/1242 1296/1296
f 1419/1419 1190/1190 1352/1352
f 1353/1353 1137/1137 1225/1225
f 1333/1333 1068/1068 1518/1518
f 1288/1288 1279/1279 1092/1092
f 1320/1320 1227/1227 1151/1151
f 1324/1324 1389/1389 1235/1235
f 1391/1391 1199/1199 1212/1212
f 1420/1420 1217/1217 1275/1275
f 1392/1392 1307/1307 1205/1205
f 1226/1226 1369/1369 1331/1331
f 1369/1369 1227/1227 1320/1320
f 1286/1286 1303/1303 1246/1246
f 1269/1269 1245/1245 1441/1441
f 1183/1183 1297/1297 1338/1338
f 1245/1245 1477/1477 1441/1441
f 1358/1358 1109/1109 1183/1183
f 1249/1249 1257/1257 1323/1323
f 1308/1308 1341/1341 1192/1192
f 1278/1278 1252/1252 1330/1330
f 1283/1283 1157/1157 1266/1266
f 1224/1224 1202/1202 1444/1444
f 1315/1315 1131/1131 1421/1421
f 1254/1254 1170/1170 1376/1376
f 1253/1253 1316/1316 1342/1342
f 1359/1359 1334/1334 1201/1201
f 1238/1238 1248/1248 1377/1377
f 1301/1301 1253/1253 1342/1342
f 1246/1246 1276/1276 1286/1286
f 1358/1358 1253/1253 1109/1109
f 1215/1215 1396/1396 1281/1281
f 1276/1276 1272/1272 1328/1328
f 1230/1230 1159/1159 1423/1423
f 1423/1423 1159/1159 1377/1377
f 1378/1378 1223/1223 1442/1442
f 1264/1264 1250/1250 1343/1343
f 1274/1274 1103/1103 1340/1340
f 1305/1305 1455/1455 1071/1071
f 1136/1136 1198/1198 1288/1288
f 1214/1214 1204/1204 1345/1345
f 1455/1455 1371/1371 1071/1071
f 1265/1265 1267/1267 1401/1401
f 1266/1266 1298/1298 1366/1366
f 1092/1092 1136/1136 1288/1288
f 1320/1320 1151/1151 1420/1420
f 1205/1205 1292/1292 1384/1384
f 1236/1236 1277/1277 1340/1340
f 1210/1210 1273/1273 1250/1250
f 1293/1293 1268/1268 1331/1331
f 1039/1039 1161/1161 1344/1344
f 1392/1392 1205/1205 1384/1384
f 1297/1297 1318/1318 1338/1338
f 1261/1261 1258/1258 1407/1407
f 1323/1323 1223/1223 1378/1378
f 1229/1229 1322/1322 1440/1440
f 1365/1365 1314/1314 1287/1287
f 1457/1457 1261/1261 1407/1407
f 1223/1223 1323/1323 1257/1257
f 1291/1291 1261/1261 1457/1457
f 1218/1218 1260/1260 1403/1403
f 1208/1208 1270/1270 1287/1287
f 1231/1231 1291/1291 1413/1413
f 1317/1317 1321/1321 1282/1282
f 1240/1240 1282/1282 1321/1321
f 1308/1308 1231/1231 1413/1413
f 1309/1309 1221/1221 1385/1385
f 1409/1409 1232/1232 1281/1281
f 1330/1330 1252/1252 1360/1360
f 1306/1306 1458/1458 1350/1350
f 1385/1385 1221/1221 1271/1271
f 1229/1229 1360/1360 1252/1252
f 1336/1336 1356/1356 1294/1294
f 1335/1335 1294/1294 1356/1356
f 1310/1310 1232/1232 1409/1409
f 1339/1339 1344/1344 1161/1161
f 1131/1131 1435/1435 1421/1421
f 1297/1297 1309/1309 1318/1318
f 1301/1301 1342/1342 1326/1326
f 1335/1335 1376/1376 1197/1197
f 1286/1286 1276/1276 1328/1328
f 1346/1346 1396/1396 1215/1215
f 1284/1284 1342/1342 1282/1282
f 1305/1305 1244/1244 1455/1455
f 1228/1228 1173/1173 1368/1368
f 1316/1316 1253/1253 1358/1358
f 1284/1284 1326/1326 1342/1342
f 1250/1250 1273/1273 1357/1357
f 1373/1373 1368/1368 1249/1249
f 1315/1315 1421/1421 1275/1275
f 1249/1249 1323/1323 1373/1373
f 1233/1233 1148/1148 1255/1255
f 1242/1242 1239/1239 1296/1296
f 1321/1321 1317/1317 1319/1319
f 1193/1193 1345/1345 1204/1204
f 1131/1131 1228/1228 1427/1427
f 1358/1358 1183/1183 1338/1338
f 1329/1329 1209/1209 1312/1312
f 1376/1376 1335/1335 1362/1362
f 1356/1356 1336/1336 1475/1475
f 1269/1269 1408/1408 1312/1312
f 1174/1174 1383/1383 1461/1461
f 1351/1351 1337/1337 1430/1430
f 1174/1174 1256/1256 1383/1383
f 1363/1363 1198/1198 1354/1354
f 1244/1244 1263/1263 1394/1394
f 1444/1444 1230/1230 1451/1451
f 1265/1265 1518/1518 1182/1182
f 1352/1352 1314/1314 1365/1365
f 1371/1371 1483/1483 1292/1292
f 1441/1441 1408/1408 1269/1269
f 1409/1409 1311/1311 1310/1310
f 1427/1427 1228/1228 1368/1368
f 1290/1290 1224/1224 1436/1436
f 1451/1451 1230/1230 1423/1423
f 1259/1259 1278/1278 1347/1347
f 1277/1277 1240/1240 1410/1410
f 1250/1250 1357/1357 1343/1343
f 1317/1317 1282/1282 1342/1342
f 1345/1345 1235/1235 1389/1389
f 1271/1271 1332/1332 1379/1379
f 1339/1339 1307/1307 1392/1392
f 1389/1389 1324/1324 1293/1293
f 1344/1344 1390/1390 1258/1258
f 1323/1323 1378/1378 1399/1399
f 1330/1330 1347/1347 1278/1278
f 1212/1212 1154/1154 1429/1429
f 1316/1316 1416/1416 1319/1319
f 1475/1475 1336/1336 1391/1391
f 1390/1390 1407/1407 1258/1258
f 1316/1316 1319/1319 1342/1342
f 1255/1255 1327/1327 1355/1355
f 1317/1317 1342/1342 1319/1319
f 1354/1354 1341/1341 1426/1426
f 1240/1240 1321/1321 1410/1410
f 1335/1335 1356/1356 1380/1380
f 1306/1306 1262/1262 1458/1458
f 1300/1300 1302/1302 1655/1655
f 1271/1271 1379/1379 1385/1385
f 1313/1313 1264/1264 1502/1502
f 1286/1286 1328/1328 1388/1388
f 1387/1387 1411/1411 1329/1329
f 1329/1329 1312/1312 1387/1387
f 1361/1361 1286/1286 1388/1388
f 1272/1272 1247/1247 1465/1465
f 1198/1198 1363/1363 1288/1288
f 1465/1465 1388/1388 1328/1328
f 1385/1385 1318/1318 1309/1309
f 1436/1436 1224/1224 1444/1444
f 1455/1455 1244/1244 1374/1374
f 1465/1465 1328/1328 1272/1272
f 1154/1154 1280/1280 1429/1429
f 1332/1332 1259/1259 1379/1379
f 1281/1281 1396/1396 1409/1409
f 1348/1348 1372/1372 1463/1463
f 1286/1286 1361/1361 1303/1303
f 1401/1401 1518/1518 1265/1265
f 1248/1248 1329/1329 1377/1377
f 1367/1367 1299/1299 1453/1453
f 1330/1330 1360/1360 1445/1445
f 1131/1131 1427/1427 1435/1435
f 1334/1334 1247/1247 1295/1295
f 1357/1357 1273/1273 1400/1400
f 1453/1453 1299/1299 1233/1233
f 1358/1358 1416/1416 1316/1316
f 1373/1373 1323/1323 1397/1397
f 1400/1400 1273/1273 1418/1418
f 1341/1341 1308/1308 1479/1479
f 1296/1296 1239/1239 1433/1433
f 1319/1319 1416/1416 1470/1470
f 1321/1321 1319/1319 1470/1470
f 1403/1403 1260/1260 1432/1432
f 1347/1347 1330/1330 1445/1445
f 1465/1465 1422/1422 1381/1381
f 1361/1361 1262/1262 1303/1303
f 1338/1338 1318/1318 1467/1467
f 1405/1405 1254/1254 1464/1464
f 1239/1239 1304/1304 1433/1433
f 1313/1313 1502/1502 1442/1442
f 1349/1349 1353/1353 1443/1443
f 1325/1325 1251/1251 1386/1386
f 1254/1254 1405/1405 1322/1322
f 1457/1457 1413/1413 1291/1291
f 1377/1377 1329/1329 1411/1411
f 1372/1372 1285/1285 1414/1414
f 1422/1422 1465/1465 1247/1247
f 1655/1655 1302/1302 1473/1473
f 1302/1302 1447/1447 1473/1473
f 1564/1564 1287/1287 1270/1270
f 1359/1359 1274/1274 1417/1417
f 1259/1259 1347/1347 1379/1379
f 1387/1387 1312/1312 1408/1408
f 1440/1440 1322/1322 1405/1405
f 1380/1380 1362/1362 1335/1335
f 1481/1481 1262/1262 1361/1361
f 1440/1440 1360/1360 1229/1229
f 1483/1483 1384/1384 1292/1292
f 1091/1091 1348/1348 1432/1432
f 1171/1171 1398/1398 1527/1527
f 1260/1260 1091/1091 1432/1432
f 1334/1334 1449/1449 1247/1247
f 1373/1373 1431/1431 1368/1368
f 1304/1304 1171/1171 1527/1527
f 1401/1401 1267/1267 1300/1300
f 1392/1392 1490/1490 1339/1339
f 1475/1475 1391/1391 1466/1466
f 1449/1449 1422/1422 1247/1247
f 1323/1323 1399/1399 1397/1397
f 1434/1434 1453/1453 1233/1233
f 1469/1469 1275/1275 1421/1421
f 1285/1285 1349/1349 1414/1414
f 1343/1343 1357/1357 1446/1446
f 1274/1274 1340/1340 1417/1417
f 1479/1479 1426/1426 1341/1341
f 1409/1409 1454/1454 1311/1311
f 1321/1321 1470/1470 1410/1410
f 1599/1599 1333/1333 1518/1518
f 1382/1382 1290/1290 1436/1436
f 1254/1254 1376/1376 1464/1464
f 1374/1374 1244/1244 1521/1521
f 1308/1308 1413/1413 1479/1479
f 1244/1244 1394/1394 1521/1521
f 1467/1467 1385/1385 1406/1406
f 1361/1361 1388/1388 1481/1481
f 1365/1365 1287/1287 1564/1564
f 1419/1419 1352/1352 1585/1585
f 1389/1389 1559/1559 1345/1345
f 1360/1360 1440/1440 1445/1445
f 1388/1388 1465/1465 1402/1402
f 1421/1421 1435/1435 1532/1532
f 1463/1463 1372/1372 1415/1415
f 1355/1355 1333/1333 1599/1599
f 1270/1270 1311/1311 1492/1492
f 1485/1485 1392/1392 1384/1384
f 1311/1311 1454/1454 1492/1492
f 1490/1490 1392/1392 1485/1485
f 1490/1490 1344/1344 1339/1339
f 1431/1431 1412/1412 1368/1368
f 1368/1368 1412/1412 1427/1427
f 1338/1338 1467/1467 1428/1428
f 1318/1318 1385/1385 1467/1467
f 1358/1358 1338/1338 1428/1428
f 1275/1275 1469/1469 1420/1420
f 1331/1331 1389/1389 1293/1293
f 1320/1320 1424/1424 1369/1369
f 1430/1430 1222/1222 1642/1642
f 1280/1280 1289/1289 1459/1459
f 1416/1416 1358/1358 1428/1428
f 1590/1590 1353/1353 1225/1225
f 1391/1391 1212/1212 1429/1429
f 1642/1642 1222/1222 1419/1419
f 1378/1378 1524/1524 1399/1399
f 1502/1502 1264/1264 1446/1446
f 1264/1264 1343/1343 1446/1446
f 1373/1373 1397/1397 1431/1431
f 1241/1241 1337/1337 1351/1351
f 1435/1435 1427/1427 1468/1468
f 1441/1441 1477/1477 1474/1474
f 1497/1497 1390/1390 1344/1344
f 1277/1277 1410/1410 1519/1519
f 1441/1441 1487/1487 1408/1408
f 1414/1414 1415/1415 1372/1372
f 1331/1331 1369/1369 1424/1424
f 1340/1340 1277/1277 1519/1519
f 1446/1446 1357/1357 1425/1425
f 1408/1408 1487/1487 1387/1387
f 1379/1379 1622/1622 1385/1385
f 1376/1376 1362/1362 1523/1523
f 1462/1462 1520/1520 1347/1347
f 1378/1378 1442/1442 1524/1524
f 1463/1463 1432/1432 1348/1348
f 1552/1552 1442/1442 1502/1502
f 1379/1379 1347/1347 1439/1439
f 1425/1425 1357/1357 1554/1554
f 1485/1485 1384/1384 1483/1483
f 1347/1347 1445/1445 1462/1462
f 1354/1354 1426/1426 1516/1516
f 1450/1450 1416/1416 1437/1437
f 1470/1470 1416/1416 1450/1450
f 1400/1400 1554/1554 1357/1357
f 1225/1225 1296/1296 1590/1590
f 1428/1428 1437/1437 1416/1416
f 1256/1256 1350/1350 1383/1383
f 1380/1380 1356/1356 1514/1514
f 1458/1458 1262/1262 1589/1589
f 1320/1320 1420/1420 1469/1469
f 1233/1233 1255/1255 1434/1434
f 1429/1429 1280/1280 1438/1438
f 1527/1527 1433/1433 1304/1304
f 1509/1509 1381/1381 1422/1422
f 1356/1356 1475/1475 1514/1514
f 1377/1377 1411/1411 1503/1503
f 1447/1447 1325/1325 1639/1639
f 1438/1438 1280/1280 1459/1459
f 1467/1467 1406/1406 1650/1650
f 1484/1484 1370/1370 1529/1529
f 1439/1439 1347/1347 1520/1520
f 1331/1331 1424/1424 1504/1504
f 1387/1387 1487/1487 1411/1411
f 1359/1359 1449/1449 1334/1334
f 1434/1434 1255/1255 1561/1561
f 1436/1436 1444/1444 1605/1605
f 1251/1251 1382/1382 1436/1436
f 1436/1436 1386/1386 1251/1251
f 1255/1255 1355/1355 1561/1561
f 1492/1492 1564/1564 1270/1270
f 1385/1385 1622/1622 1406/1406
f 1443/1443 1353/1353 1539/1539
f 1524/1524 1452/1452 1399/1399
f 1481/1481 1388/1388 1402/1402
f 1443/1443 1414/1414 1349/1349
f 1391/1391 1429/1429 1568/1568
f 1466/1466 1391/1391 1568/1568
f 1509/1509 1422/1422 1449/1449
f 1481/1481 1604/1604 1262/1262
f 1464/1464 1376/1376 1523/1523
f 1383/1383 1350/1350 1489/1489
f 1417/1417 1340/1340 1570/1570
f 1296/1296 1448/1448 1590/1590
f 1448/1448 1296/1296 1433/1433
f 1401/1401 1300/1300 1553/1553
f 1405/1405 1464/1464 1440/1440
f 1396/1396 1346/1346 1560/1560
f 1559/1559 1389/1389 1498/1498
f 1478/1478 1461/1461 1579/1579
f 1513/1513 1381/1381 1509/1509
f 1513/1513 1465/1465 1381/1381
f 1553/1553 1300/1300 1574/1574
f 1532/1532 1435/1435 1468/1468
f 1601/1601 1409/1409 1507/1507
f 1398/1398 1241/1241 1547/1547
f 1622/1622 1379/1379 1439/1439
f 1449/1449 1359/1359 1493/1493
f 1570/1570 1340/1340 1519/1519
f 1363/1363 1460/1460 1288/1288
f 1325/1325 1386/1386 1639/1639
f 1377/1377 1503/1503 1423/1423
f 1445/1445 1440/1440 1488/1488
f 1482/1482 1442/1442 1552/1552
f 1389/1389 1331/1331 1504/1504
f 1504/1504 1498/1498 1389/1389
f 1524/1524 1442/1442 1482/1482
f 1674/1674 1447/1447 1639/1639
f 1446/1446 1425/1425 1588/1588
f 1456/1456 1375/1375 1501/1501
f 1539/1539 1353/1353 1590/1590
f 1458/1458 1489/1489 1350/1350
f 1429/1429 1438/1438 1472/1472
f 1464/1464 1471/1471 1440/1440
f 1605/1605 1444/1444 1451/1451
f 1465/1465 1476/1476 1402/1402
f 1527/1527 1448/1448 1433/1433
f 1462/1462 1445/1445 1488/1488
f 1473/1473 1447/1447 1674/1674
f 1359/1359 1417/1417 1493/1493
f 1344/1344 1490/1490 1497/1497
f 1487/1487 1441/1441 1474/1474
f 1409/1409 1601/1601 1454/1454
f 1493/1493 1417/1417 1510/1510
f 1510/1510 1417/1417 1548/1548
f 1518/1518 1401/1401 1553/1553
f 1417/1417 1570/1570 1548/1548
f 1621/1621 1468/1468 1427/1427
f 1431/1431 1397/1397 1525/1525
f 1568/1568 1429/1429 1511/1511
f 1503/1503 1411/1411 1556/1556
f 1411/1411 1487/1487 1556/1556
f 1370/1370 1456/1456 1505/1505
f 1409/1409 1396/1396 1507/1507
f 1605/1605 1531/1531 1436/1436
f 1502/1502 1446/1446 1551/1551
f 1520/1520 1462/1462 1499/1499
f 1419/1419 1585/1585 1515/1515
f 1527/1527 1398/1398 1547/1547
f 1501/1501 1505/1505 1456/1456
f 1283/1283 1266/1266 1480/1480
f 1488/1488 1440/1440 1500/1500
f 1397/1397 1399/1399 1452/1452
f 1529/1529 1370/1370 1505/1505
f 1320/1320 1469/1469 1528/1528
f 1604/1604 1589/1589 1262/1262
f 1486/1486 1484/1484 1562/1562
f 1554/1554 1588/1588 1425/1425
f 1599/1599 1561/1561 1355/1355
f 1612/1612 1410/1410 1470/1470
f 1352/1352 1365/1365 1585/1585
f 1480/1480 1266/1266 1366/1366
f 1440/1440 1471/1471 1500/1500
f 1461/1461 1383/1383 1602/1602
f 1515/1515 1642/1642 1419/1419
f 1590/1590 1448/1448 1647/1647
f 1241/1241 1351/1351 1547/1547
f 1487/1487 1474/1474 1545/1545
f 1523/1523 1362/1362 1598/1598
f 1413/1413 1457/1457 1534/1534
f 1465/1465 1513/1513 1506/1506
f 1412/1412 1431/1431 1621/1621
f 1571/1571 1393/1393 1404/1404
f 1470/1470 1450/1450 1649/1649
f 1479/1479 1413/1413 1534/1534
f 1410/1410 1549/1549 1519/1519
f 1463/1463 1415/1415 1586/1586
f 1476/1476 1465/1465 1506/1506
f 1621/1621 1431/1431 1634/1634
f 1390/1390 1497/1497 1541/1541
f 1407/1407 1390/1390 1541/1541
f 1457/1457 1407/1407 1541/1541
f 1489/1489 1535/1535 1383/1383
f 1439/1439 1520/1520 1584/1584
f 1469/1469 1421/1421 1614/1614
f 1431/1431 1525/1525 1634/1634
f 1466/1466 1563/1563 1475/1475
f 1501/1501 1375/1375 1522/1522
f 1437/1437 1428/1428 1530/1530
f 1481/1481 1402/1402 1476/1476
f 1550/1550 1462/1462 1488/1488
f 1528/1528 1469/1469 1614/1614
f 1480/1480 1366/1366 1716/1716
f 1563/1563 1514/1514 1475/1475
f 1450/1450 1437/1437 1512/1512
f 1599/1599 1518/1518 1553/1553
f 1486/1486 1508/1508 1491/1491
f 1354/1354 1516/1516 1536/1536
f 1283/1283 1480/1480 1418/1418
f 1429/1429 1472/1472 1511/1511
f 1562/1562 1484/1484 1529/1529
f 1489/1489 1458/1458 1589/1589
f 1476/1476 1567/1567 1481/1481
f 1502/1502 1551/1551 1540/1540
f 1620/1620 1547/1547 1351/1351
f 1437/1437 1530/1530 1512/1512
f 1403/1403 1432/1432 1572/1572
f 1362/1362 1380/1380 1598/1598
f 1454/1454 1601/1601 1689/1689
f 1494/1494 1534/1534 1457/1457
f 1449/1449 1680/1680 1509/1509
f 1423/1423 1503/1503 1677/1677
f 1464/1464 1565/1565 1471/1471
f 1474/1474 1477/1477 1608/1608
f 1517/1517 1466/1466 1568/1568
f 1478/1478 1579/1579 1609/1609
f 1499/1499 1462/1462 1550/1550
f 1560/1560 1507/1507 1396/1396
f 1538/1538 1486/1486 1562/1562
f 1386/1386 1436/1436 1531/1531
f 1449/1449 1493/1493 1544/1544
f 1565/1565 1464/1464 1523/1523
f 1380/1380 1514/1514 1566/1566
f 1573/1573 1549/1549 1410/1410
f 1602/1602 1383/1383 1535/1535
f 1533/1533 1530/1530 1428/1428
f 1400/1400 1418/1418 1626/1626
f 1453/1453 1717/1717 1367/1367
f 1467/1467 1533/1533 1428/1428
f 1604/1604 1481/1481 1567/1567
f 1492/1492 1454/1454 1689/1689
f 1470/1470 1649/1649 1612/1612
f 1320/1320 1528/1528 1424/1424
f 1363/1363 1354/1354 1536/1536
f 1581/1581 1527/1527 1547/1547
f 1493/1493 1510/1510 1548/1548
f 1410/1410 1612/1612 1573/1573
f 1421/1421 1532/1532 1614/1614
f 1578/1578 1552/1552 1502/1502
f 1397/1397 1452/1452 1525/1525
f 1461/1461 1602/1602 1579/1579
f 1453/1453 1434/1434 1637/1637
f 1622/1622 1439/1439 1584/1584
f 1545/1545 1474/1474 1608/1608
f 1514/1514 1526/1526 1566/1566
f 1504/1504 1424/1424 1528/1528
f 1509/1509 1680/1680 1611/1611
f 1762/1762 1605/1605 1451/1451
f 1650/1650 1406/1406 1646/1646
f 1511/1511 1472/1472 1720/1720
f 1380/1380 1566/1566 1598/1598
f 1650/1650 1600/1600 1467/1467
f 1571/1571 1522/1522 1393/1393
f 1450/1450 1512/1512 1649/1649
f 1699/1699 1614/1614 1532/1532
f 1457/1457 1541/1541 1494/1494
f 1500/1500 1595/1595 1488/1488
f 1558/1558 1488/1488 1595/1595
f 1446/1446 1588/1588 1551/1551
f 1677/1677 1503/1503 1556/1556
f 1451/1451 1423/1423 1631/1631
f 1509/1509 1611/1611 1513/1513
f 1558/1558 1550/1550 1488/1488
f 1621/1621 1427/1427 1412/1412
f 1487/1487 1545/1545 1556/1556
f 1502/1502 1540/1540 1578/1578
f 1479/1479 1603/1603 1426/1426
f 1593/1593 1634/1634 1525/1525
f 1520/1520 1499/1499 1584/1584
f 1563/1563 1466/1466 1517/1517
f 1489/1489 1589/1589 1633/1633
f 1471/1471 1595/1595 1500/1500
f 1565/1565 1523/1523 1555/1555
f 1593/1593 1525/1525 1543/1543
f 1513/1513 1656/1656 1506/1506
f 1479/1479 1534/1534 1625/1625
f 1680/1680 1449/1449 1544/1544
f 1480/1480 1626/1626 1418/1418
f 1570/1570 1519/1519 1549/1549
f 1567/1567 1476/1476 1616/1616
f 1583/1583 1491/1491 1508/1508
f 1463/1463 1586/1586 1587/1587
f 1432/1432 1463/1463 1587/1587
f 1468/1468 1621/1621 1653/1653
f 1496/1496 1491/1491 1583/1583
f 1533/1533 1467/1467 1600/1600
f 1572/1572 1432/1432 1587/1587
f 1611/1611 1577/1577 1513/1513
f 1504/1504 1576/1576 1498/1498
f 1690/1690 1459/1459 1364/1364
f 1562/1562 1529/1529 1582/1582
f 1656/1656 1513/1513 1577/1577
f 1506/1506 1616/1616 1476/1476
f 1529/1529 1505/1505 1580/1580
f 1351/1351 1430/1430 1642/1642
f 1554/1554 1400/1400 1607/1607
f 1555/1555 1523/1523 1598/1598
f 1516/1516 1426/1426 1603/1603
f 1434/1434 1561/1561 1637/1637
f 1528/1528 1614/1614 1569/1569
f 1561/1561 1599/1599 1627/1627
f 1601/1601 1507/1507 1724/1724
f 1508/1508 1486/1486 1538/1538
f 1604/1604 1567/1567 1606/1606
f 1524/1524 1482/1482 1452/1452
f 1452/1452 1543/1543 1525/1525
f 1596/1596 1482/1482 1552/1552
f 1543/1543 1452/1452 1482/1482
f 1655/1655 1574/1574 1300/1300
f 1415/1415 1414/1414 1591/1591
f 1565/1565 1628/1628 1471/1471
f 1493/1493 1548/1548 1575/1575
f 1762/1762 1451/1451 1631/1631
f 1724/1724 1507/1507 1560/1560
f 1617/1617 1386/1386 1531/1531
f 1609/1609 1579/1579 1715/1715
f 1423/1423 1677/1677 1631/1631
f 1504/1504 1528/1528 1576/1576
f 1655/1655 1473/1473 1740/1740
f 1473/1473 1674/1674 1740/1740
f 1415/1415 1591/1591 1586/1586
f 1365/1365 1564/1564 1618/1618
f 1580/1580 1505/1505 1706/1706
f 1668/1668 1539/1539 1590/1590
f 1625/1625 1534/1534 1494/1494
f 1544/1544 1493/1493 1575/1575
f 1603/1603 1479/1479 1625/1625
f 1782/1782 1438/1438 1652/1652
f 1552/1552 1578/1578 1596/1596
f 1637/1637 1561/1561 1665/1665
f 1563/1563 1526/1526 1514/1514
f 1505/1505 1501/1501 1679/1679
f 1548/1548 1570/1570 1644/1644
f 1616/1616 1506/1506 1610/1610
f 1542/1542 1702/1702 1495/1495
f 1506/1506 1656/1656 1610/1610
f 1539/1539 1414/1414 1443/1443
f 1628/1628 1565/1565 1592/1592
f 1516/1516 1684/1684 1536/1536
f 1564/1564 1492/1492 1701/1701
f 1448/1448 1527/1527 1581/1581
f 1639/1639 1386/1386 1617/1617
f 1472/1472 1438/1438 1782/1782
f 1453/1453 1637/1637 1615/1615
f 1585/1585 1365/1365 1618/1618
f 1517/1517 1568/1568 1670/1670
f 1648/1648 1530/1530 1533/1533
f 1699/1699 1532/1532 1653/1653
f 1532/1532 1468/1468 1653/1653
f 1570/1570 1594/1594 1644/1644
f 1535/1535 1489/1489 1602/1602
f 1536/1536 1691/1691 1363/1363
f 1540/1540 1551/1551 1597/1597
f 1622/1622 1584/1584 1678/1678
f 1570/1570 1549/1549 1594/1594
f 1584/1584 1499/1499 1683/1683
f 1667/1667 1567/1567 1616/1616
f 1589/1589 1604/1604 1666/1666
f 1613/1613 1515/1515 1585/1585
f 1595/1595 1471/1471 1628/1628
f 1576/1576 1528/1528 1733/1733
f 1529/1529 1580/1580 1582/1582
f 1606/1606 1567/1567 1667/1667
f 1538/1538 1562/1562 1630/1630
f 1684/1684 1516/1516 1603/1603
f 1482/1482 1596/1596 1638/1638
f 1543/1543 1482/1482 1638/1638
f 1646/1646 1406/1406 1622/1622
f 1681/1681 1414/1414 1686/1686
f 1549/1549 1573/1573 1643/1643
f 1686/1686 1414/1414 1539/1539
f 1618/1618 1564/1564 1701/1701
f 1542/1542 1496/1496 1640/1640
f 1551/1551 1588/1588 1597/1597
f 1574/1574 1599/1599 1553/1553
f 1572/1572 1587/1587 1722/1722
f 1762/1762 1631/1631 1736/1736
f 1489/1489 1633/1633 1669/1669
f 1583/1583 1632/1632 1496/1496
f 1602/1602 1489/1489 1669/1669
f 1555/1555 1676/1676 1565/1565
f 1717/1717 1453/1453 1615/1615
f 1512/1512 1530/1530 1648/1648
f 1555/1555 1598/1598 1645/1645
f 1550/1550 1558/1558 1714/1714
f 1587/1587 1586/1586 1591/1591
f 1670/1670 1568/1568 1511/1511
f 1756/1756 1498/1498 1576/1576
f 1598/1598 1566/1566 1645/1645
f 1724/1724 1560/1560 1757/1757
f 1559/1559 1498/1498 1756/1756
f 1631/1631 1677/1677 1750/1750
f 1571/1571 1636/1636 1522/1522
f 1604/1604 1606/1606 1666/1666
f 1591/1591 1414/1414 1661/1661
f 1501/1501 1522/1522 1679/1679
f 1562/1562 1582/1582 1651/1651
f 1563/1563 1663/1663 1526/1526
f 1651/1651 1630/1630 1562/1562
f 1588/1588 1554/1554 1607/1607
f 1459/1459 1652/1652 1438/1438
f 1593/1593 1543/1543 1638/1638
f 1633/1633 1589/1589 1666/1666
f 1654/1654 1526/1526 1663/1663
f 1701/1701 1492/1492 1689/1689
f 1664/1664 1605/1605 1762/1762
f 1499/1499 1550/1550 1623/1623
f 1642/1642 1515/1515 1613/1613
f 1650/1650 1646/1646 1765/1765
f 1644/1644 1619/1619 1548/1548
f 1612/1612 1629/1629 1662/1662
f 1558/1558 1595/1595 1714/1714
f 1400/1400 1626/1626 1607/1607
f 1573/1573 1612/1612 1662/1662
f 1565/1565 1676/1676 1592/1592
f 1545/1545 1608/1608 1657/1657
f 1640/1640 1496/1496 1632/1632
f 1575/1575 1548/1548 1619/1619
f 1719/1719 1585/1585 1618/1618
f 1547/1547 1620/1620 1833/1833
f 1612/1612 1594/1594 1629/1629
f 1668/1668 1590/1590 1647/1647
f 1594/1594 1549/1549 1629/1629
f 1612/1612 1649/1649 1594/1594
f 1605/1605 1664/1664 1531/1531
f 1634/1634 1593/1593 1635/1635
f 1578/1578 1540/1540 1641/1641
f 1603/1603 1625/1625 1672/1672
f 1596/1596 1578/1578 1641/1641
f 1563/1563 1517/1517 1663/1663
f 1684/1684 1603/1603 1672/1672
f 1661/1661 1414/1414 1681/1681
f 1566/1566 1526/1526 1654/1654
f 1645/1645 1566/1566 1654/1654
f 1638/1638 1596/1596 1660/1660
f 1715/1715 1579/1579 1602/1602
f 1683/1683 1726/1726 1584/1584
f 1540/1540 1597/1597 1641/1641
f 1588/1588 1607/1607 1597/1597
f 1662/1662 1643/1643 1573/1573
f 1678/1678 1584/1584 1726/1726
f 1609/1609 1715/1715 1658/1658
f 1660/1660 1596/1596 1659/1659
f 1508/1508 1538/1538 1630/1630
f 1623/1623 1550/1550 1714/1714
f 1647/1647 1448/1448 1581/1581
f 1649/1649 1692/1692 1594/1594
f 1610/1610 1656/1656 1693/1693
f 1688/1688 1591/1591 1671/1671
f 1677/1677 1556/1556 1696/1696
f 1587/1587 1591/1591 1688/1688
f 1569/1569 1614/1614 1699/1699
f 1650/1650 1817/1817 1600/1600
f 1702/1702 1542/1542 1697/1697
f 1686/1686 1539/1539 1668/1668
f 1557/1557 1546/1546 1695/1695
f 1611/1611 1656/1656 1577/1577
f 1720/1720 1670/1670 1511/1511
f 1742/1742 1649/1649 1512/1512
f 1645/1645 1705/1705 1555/1555
f 1737/1737 1624/1624 1495/1495
f 1705/1705 1676/1676 1555/1555
f 1593/1593 1638/1638 1635/1635
f 1522/1522 1636/1636 1679/1679
f 1666/1666 1606/1606 1667/1667
f 1641/1641 1713/1713 1596/1596
f 1663/1663 1517/1517 1670/1670
f 1634/1634 1682/1682 1621/1621
f 1633/1633 1698/1698 1669/1669
f 1634/1634 1635/1635 1682/1682
f 1652/1652 1459/1459 1690/1690
f 1620/1620 1351/1351 1741/1741
f 1658/1658 1695/1695 1546/1546
f 1707/1707 1615/1615 1637/1637
f 1641/1641 1597/1597 1704/1704
f 1668/1668 1647/1647 1793/1793
f 1664/1664 1617/1617 1531/1531
f 1665/1665 1561/1561 1627/1627
f 1533/1533 1600/1600 1712/1712
f 1714/1714 1595/1595 1749/1749
f 1737/1737 1673/1673 1624/1624
f 1574/1574 1655/1655 1709/1709
f 1616/1616 1610/1610 1693/1693
f 1692/1692 1644/1644 1594/1594
f 1583/1583 1508/1508 1721/1721
f 1669/1669 1715/1715 1602/1602
f 1622/1622 1678/1678 1646/1646
f 1711/1711 1575/1575 1687/1687
f 1653/1653 1621/1621 1682/1682
f 1544/1544 1575/1575 1711/1711
f 1680/1680 1544/1544 1711/1711
f 1549/1549 1643/1643 1629/1629
f 1599/1599 1574/1574 1779/1779
f 1628/1628 1759/1759 1595/1595
f 1633/1633 1666/1666 1700/1700
f 1659/1659 1596/1596 1713/1713
f 1351/1351 1642/1642 1741/1741
f 1670/1670 1743/1743 1663/1663
f 1667/1667 1616/1616 1675/1675
f 1709/1709 1655/1655 1740/1740
f 1597/1597 1607/1607 1839/1839
f 1704/1704 1597/1597 1728/1728
f 1637/1637 1665/1665 1707/1707
f 1613/1613 1585/1585 1719/1719
f 1656/1656 1611/1611 1745/1745
f 1671/1671 1591/1591 1661/1661
f 1683/1683 1499/1499 1623/1623
f 1736/1736 1631/1631 1750/1750
f 1745/1745 1611/1611 1680/1680
f 1706/1706 1505/1505 1679/1679
f 1616/1616 1693/1693 1783/1783
f 1811/1811 1480/1480 1716/1716
f 1638/1638 1660/1660 1635/1635
f 1542/1542 1640/1640 1697/1697
f 1718/1718 1702/1702 1697/1697
f 1662/1662 1629/1629 1643/1643
f 1580/1580 1773/1773 1582/1582
f 1639/1639 1731/1731 1674/1674
f 1666/1666 1667/1667 1710/1710
f 1572/1572 1722/1722 1739/1739
f 1743/1743 1654/1654 1663/1663
f 1512/1512 1648/1648 1742/1742
f 1647/1647 1581/1581 1780/1780
f 1733/1733 1528/1528 1735/1735
f 1679/1679 1636/1636 1729/1729
f 1635/1635 1660/1660 1855/1855
f 1839/1839 1728/1728 1597/1597
f 1648/1648 1533/1533 1712/1712
f 1713/1713 1641/1641 1704/1704
f 1658/1658 1715/1715 1723/1723
f 1653/1653 1682/1682 1703/1703
f 1750/1750 1677/1677 1766/1766
f 1472/1472 1782/1782 1720/1720
f 1694/1694 1720/1720 1782/1782
f 1705/1705 1645/1645 1788/1788
f 1686/1686 1668/1668 1730/1730
f 1708/1708 1628/1628 1592/1592
f 1600/1600 1817/1817 1712/1712
f 1783/1783 1675/1675 1616/1616
f 1717/1717 1615/1615 1907/1907
f 1749/1749 1595/1595 1759/1759
f 1793/1793 1730/1730 1668/1668
f 1773/1773 1580/1580 1706/1706
f 1639/1639 1617/1617 1731/1731
f 1715/1715 1669/1669 1812/1812
f 1747/1747 1569/1569 1699/1699
f 1737/1737 1495/1495 1702/1702
f 1692/1692 1649/1649 1751/1751
f 1855/1855 1660/1660 1659/1659
f 1793/1793 1647/1647 1780/1780
f 1738/1738 1636/1636 1571/1571
f 1599/1599 1779/1779 1627/1627
f 1707/1707 1907/1907 1615/1615
f 1632/1632 1583/1583 1744/1744
f 1685/1685 1673/1673 1737/1737
f 1694/1694 1743/1743 1670/1670
f 1687/1687 1575/1575 1619/1619
f 1711/1711 1687/1687 1774/1774
f 1682/1682 1635/1635 1725/1725
f 1667/1667 1675/1675 1710/1710
f 1705/1705 1843/1843 1676/1676
f 1592/1592 1676/1676 1843/1843
f 1645/1645 1654/1654 1772/1772
f 1817/1817 1650/1650 1765/1765
f 1547/1547 1833/1833 1778/1778
f 1665/1665 1627/1627 1828/1828
f 1700/1700 1666/1666 1710/1710
f 1746/1746 1711/1711 1774/1774
f 1796/1796 1574/1574 1709/1709
f 1680/1680 1711/1711 1746/1746
f 1626/1626 1480/1480 1811/1811
f 1788/1788 1645/1645 1772/1772
f 1686/1686 1661/1661 1681/1681
f 1717/1717 1907/1907 1858/1858
f 1770/1770 1674/1674 1731/1731
f 1692/1692 1763/1763 1644/1644
f 1698/1698 1633/1633 1700/1700
f 1694/1694 1670/1670 1720/1720
f 1799/1799 1719/1719 1618/1618
f 1741/1741 1642/1642 1819/1819
f 1737/1737 1702/1702 1764/1764
f 1582/1582 1773/1773 1651/1651
f 1764/1764 1702/1702 1718/1718
f 1703/1703 1682/1682 1725/1725
f 1695/1695 1658/1658 1767/1767
f 1745/1745 1693/1693 1656/1656
f 1706/1706 1679/1679 1729/1729
f 1649/1649 1742/1742 1751/1751
f 1688/1688 1722/1722 1587/1587
f 1723/1723 1715/1715 1758/1758
f 1761/1761 1623/1623 1714/1714
f 1685/1685 1737/1737 1802/1802
f 1528/1528 1569/1569 1735/1735
f 1547/1547 1780/1780 1581/1581
f 1642/1642 1613/1613 1819/1819
f 1839/1839 1607/1607 1809/1809
f 1646/1646 1678/1678 1776/1776
f 1708/1708 1759/1759 1628/1628
f 1699/1699 1653/1653 1814/1814
f 1786/1786 1680/1680 1746/1746
f 1607/1607 1626/1626 1809/1809
f 1725/1725 1635/1635 1732/1732
f 1664/1664 1804/1804 1617/1617
f 1748/1748 1699/1699 1814/1814
f 1680/1680 1786/1786 1745/1745
f 1814/1814 1653/1653 1703/1703
f 1855/1855 1659/1659 1834/1834
f 1640/1640 1632/1632 1775/1775
f 1713/1713 1704/1704 1727/1727
f 1618/1618 1701/1701 1799/1799
f 1659/1659 1713/1713 1834/1834
f 1692/1692 1751/1751 1763/1763
f 1537/1537 1685/1685 1816/1816
f 1690/1690 1537/1537 1816/1816
f 1630/1630 1721/1721 1508/1508
f 1677/1677 1696/1696 1766/1766
f 1775/1775 1697/1697 1640/1640
f 1762/1762 1874/1874 1664/1664
f 1678/1678 1726/1726 1777/1777
f 1796/1796 1779/1779 1574/1574
f 1714/1714 1749/1749 1835/1835
f 1699/1699 1748/1748 1747/1747
f 1648/1648 1712/1712 1768/1768
f 1756/1756 1576/1576 1733/1733
f 1735/1735 1569/1569 1747/1747
f 1772/1772 1654/1654 1771/1771
f 1755/1755 1661/1661 1815/1815
f 1661/1661 1686/1686 1815/1815
f 1815/1815 1686/1686 1730/1730
f 1654/1654 1743/1743 1771/1771
f 1635/1635 1855/1855 1732/1732
f 1687/1687 1619/1619 1752/1752
f 1859/1859 1811/1811 1716/1716
f 1834/1834 1713/1713 1727/1727
f 1752/1752 1774/1774 1687/1687
f 1704/1704 1728/1728 1727/1727
f 1789/1789 1613/1613 1719/1719
f 1804/1804 1664/1664 1874/1874
f 1658/1658 1723/1723 1767/1767
f 1764/1764 1718/1718 1840/1840
f 1683/1683 1623/1623 1777/1777
f 1705/1705 1788/1788 1753/1753
f 1669/1669 1698/1698 1760/1760
f 1812/1812 1669/1669 1760/1760
f 1710/1710 1675/1675 1832/1832
f 1802/1802 1737/1737 1794/1794
f 1714/1714 1835/1835 1761/1761
f 1763/1763 1868/1868 1644/1644
f 1843/1843 1708/1708 1592/1592
f 1754/1754 1630/1630 1651/1651
f 1619/1619 1644/1644 1868/1868
f 1784/1784 1742/1742 1648/1648
f 1698/1698 1700/1700 1825/1825
f 1751/1751 1742/1742 1784/1784
f 1752/1752 1619/1619 1868/1868
f 1816/1816 1685/1685 1802/1802
f 1841/1841 1721/1721 1630/1630
f 1726/1726 1683/1683 1777/1777
f 1651/1651 1773/1773 1810/1810
f 1740/1740 1674/1674 1770/1770
f 1744/1744 1583/1583 1721/1721
f 1731/1731 1617/1617 1804/1804
f 1758/1758 1715/1715 1812/1812
f 1688/1688 1671/1671 1769/1769
f 1928/1928 1837/1837 1601/1601
f 1791/1791 1783/1783 1693/1693
f 1754/1754 1651/1651 1810/1810
f 1754/1754 1841/1841 1630/1630
f 1694/1694 1808/1808 1743/1743
f 1690/1690 1816/1816 1822/1822
f 1623/1623 1761/1761 1777/1777
f 1771/1771 1743/1743 1808/1808
f 1745/1745 1786/1786 1861/1861
f 1632/1632 1744/1744 1775/1775
f 1736/1736 1750/1750 1820/1820
f 1763/1763 1751/1751 1787/1787
f 1783/1783 1832/1832 1675/1675
f 1749/1749 1759/1759 1826/1826
f 1809/1809 1626/1626 1811/1811
f 1863/1863 1547/1547 1778/1778
f 1678/1678 1777/1777 1776/1776
f 1797/1797 1766/1766 1696/1696
f 1712/1712 1817/1817 1792/1792
f 1693/1693 1745/1745 1790/1790
f 1707/1707 1665/1665 1781/1781
f 1907/1907 1707/1707 1781/1781
f 1705/1705 1753/1753 1843/1843
f 1601/1601 1724/1724 1928/1928
f 1769/1769 1671/1671 1800/1800
f 1710/1710 1825/1825 1700/1700
f 1689/1689 1601/1601 1701/1701
f 1796/1796 1709/1709 1873/1873
f 1740/1740 1873/1873 1709/1709
f 1712/1712 1792/1792 1768/1768
f 1648/1648 1768/1768 1784/1784
f 1929/1929 1703/1703 1725/1725
f 1918/1918 1787/1787 1751/1751
f 1799/1799 1701/1701 1837/1837
f 1767/1767 1723/1723 1801/1801
f 1785/1785 1746/1746 1774/1774
f 1721/1721 1824/1824 1744/1744
f 1830/1830 1773/1773 1706/1706
f 1909/1909 1834/1834 1727/1727
f 1780/1780 1547/1547 1863/1863
f 1697/1697 1836/1836 1718/1718
f 1728/1728 1839/1839 1727/1727
f 1840/1840 1718/1718 1836/1836
f 1752/1752 1868/1868 1785/1785
f 1764/1764 1794/1794 1737/1737
f 1835/1835 1749/1749 1826/1826
f 1888/1888 1764/1764 1840/1840
f 1693/1693 1790/1790 1791/1791
f 1819/1819 1613/1613 1789/1789
f 1671/1671 1661/1661 1800/1800
f 1741/1741 1833/1833 1620/1620
f 1782/1782 1857/1857 1694/1694
f 1698/1698 1825/1825 1803/1803
f 1825/1825 1710/1710 1818/1818
f 1808/1808 1694/1694 1813/1813
f 1762/1762 1736/1736 1820/1820
f 1733/1733 1735/1735 1889/1889
f 1807/1807 1710/1710 1832/1832
f 1785/1785 1774/1774 1752/1752
f 1820/1820 1750/1750 1896/1896
f 1896/1896 1750/1750 1766/1766
f 1706/1706 1729/1729 1877/1877
f 1841/1841 1824/1824 1721/1721
f 1809/1809 1811/1811 1806/1806
f 1724/1724 1757/1757 1928/1928
f 1775/1775 1744/1744 1842/1842
f 1695/1695 1767/1767 1798/1798
f 1748/1748 1814/1814 1747/1747
f 1723/1723 1758/1758 1801/1801
f 1891/1891 1697/1697 1775/1775
f 1829/1829 1801/1801 1758/1758
f 1891/1891 1836/1836 1697/1697
f 1760/1760 1698/1698 1803/1803
f 1861/1861 1790/1790 1745/1745
f 1881/1881 1793/1793 1780/1780
f 1818/1818 1710/1710 1807/1807
f 1652/1652 1857/1857 1782/1782
f 1688/1688 1769/1769 1893/1893
f 1739/1739 1722/1722 1866/1866
f 1627/1627 1779/1779 1844/1844
f 1929/1929 1725/1725 1732/1732
f 1779/1779 1796/1796 1795/1795
f 1826/1826 1759/1759 1847/1847
f 1751/1751 1784/1784 1918/1918
f 1729/1729 1636/1636 1870/1870
f 1812/1812 1760/1760 1805/1805
f 1800/1800 1661/1661 1755/1755
f 1839/1839 1809/1809 1831/1831
f 1814/1814 1703/1703 1929/1929
f 1777/1777 1823/1823 1776/1776
f 1735/1735 1747/1747 1954/1954
f 1763/1763 1787/1787 1868/1868
f 1857/1857 1821/1821 1694/1694
f 1708/1708 1843/1843 1884/1884
f 1665/1665 1828/1828 1856/1856
f 1802/1802 1794/1794 1846/1846
f 1888/1888 1794/1794 1764/1764
f 1879/1879 1841/1841 1754/1754
f 1740/1740 1770/1770 1886/1886
f 1816/1816 1802/1802 1827/1827
f 1803/1803 1805/1805 1760/1760
f 1844/1844 1779/1779 1795/1795
f 1701/1701 1601/1601 1837/1837
f 1722/1722 1688/1688 1893/1893
f 1833/1833 1863/1863 1778/1778
f 1759/1759 1708/1708 1847/1847
f 1758/1758 1812/1812 1829/1829
f 1870/1870 1636/1636 1848/1848
f 1746/1746 1785/1785 1850/1850
f 1761/1761 1835/1835 1845/1845
f 1768/1768 1792/1792 1900/1900
f 1781/1781 1665/1665 1856/1856
f 1838/1838 1832/1832 1783/1783
f 1777/1777 1761/1761 1851/1851
f 1727/1727 1839/1839 1831/1831
f 1768/1768 1900/1900 1784/1784
f 1853/1853 1835/1835 1826/1826
f 1771/1771 1898/1898 1772/1772
f 1918/1918 1784/1784 1854/1854
f 1796/1796 1873/1873 1795/1795
f 1747/1747 1814/1814 1913/1913
f 1828/1828 1627/1627 1915/1915
f 1928/1928 1757/1757 1916/1916
f 1767/1767 1801/1801 1878/1878
f 1977/1977 1646/1646 1823/1823
f 1652/1652 1690/1690 1822/1822
f 1646/1646 1776/1776 1823/1823
f 1719/1719 1799/1799 1860/1860
f 1694/1694 1821/1821 1813/1813
f 1757/1757 1734/1734 1916/1916
f 1810/1810 1773/1773 1830/1830
f 1815/1815 1730/1730 1991/1991
f 1874/1874 1762/1762 1820/1820
f 1793/1793 1991/1991 1730/1730
f 1884/1884 1847/1847 1708/1708
f 1850/1850 1785/1785 1849/1849
f 1906/1906 1814/1814 1929/1929
f 1786/1786 1746/1746 1850/1850
f 1817/1817 1765/1765 1869/1869
f 1769/1769 1800/1800 1864/1864
f 1755/1755 1815/1815 1943/1943
f 1833/1833 1741/1741 1885/1885
f 1850/1850 1872/1872 1786/1786
f 1772/1772 1898/1898 1880/1880
f 1901/1901 1929/1929 1732/1732
f 1900/1900 1854/1854 1784/1784
f 1851/1851 1761/1761 1845/1845
f 1788/1788 1772/1772 1753/1753
f 1885/1885 1741/1741 1819/1819
f 1722/1722 1893/1893 1866/1866
f 1766/1766 1797/1797 1852/1852
f 1738/1738 1848/1848 1636/1636
f 1789/1789 1719/1719 1979/1979
f 1767/1767 1876/1876 1798/1798
f 1811/1811 1903/1903 1806/1806
f 1891/1891 1775/1775 1942/1942
f 1810/1810 1879/1879 1754/1754
f 1770/1770 1731/1731 1963/1963
f 1829/1829 1812/1812 1805/1805
f 1802/1802 1846/1846 1827/1827
f 1792/1792 1817/1817 1869/1869
f 1790/1790 1861/1861 1974/1974
f 1878/1878 1801/1801 1829/1829
f 1907/1907 1781/1781 1920/1920
f 1979/1979 1719/1719 1965/1965
f 1864/1864 1800/1800 1897/1897
f 1835/1835 1853/1853 1871/1871
f 1744/1744 1824/1824 1910/1910
f 1731/1731 1804/1804 1963/1963
f 1842/1842 1942/1942 1775/1775
f 1838/1838 1862/1862 1832/1832
f 1906/1906 1913/1913 1814/1814
f 1753/1753 1772/1772 1880/1880
f 1860/1860 1965/1965 1719/1719
f 1870/1870 1877/1877 1729/1729
f 1732/1732 1855/1855 1901/1901
f 1844/1844 1915/1915 1627/1627
f 1855/1855 1834/1834 1909/1909
f 1863/1863 1881/1881 1780/1780
f 1977/1977 1924/1924 1765/1765
f 1869/1869 1765/1765 1924/1924
f 1727/1727 1831/1831 1909/1909
f 1861/1861 1786/1786 1949/1949
f 1820/1820 1923/1923 1874/1874
f 1845/1845 1835/1835 1871/1871
f 1791/1791 1838/1838 1783/1783
f 1896/1896 1766/1766 1911/1911
f 1848/1848 1738/1738 1867/1867
f 1819/1819 1789/1789 1957/1957
f 1807/1807 1832/1832 1862/1862
f 1706/1706 1877/1877 1830/1830
f 1824/1824 1841/1841 1887/1887
f 1910/1910 1824/1824 1956/1956
f 1777/1777 1851/1851 1968/1968
f 1868/1868 1849/1849 1785/1785
f 1767/1767 1878/1878 1876/1876
f 1771/1771 1808/1808 1898/1898
f 1789/1789 1979/1979 1994/1994
f 1856/1856 1920/1920 1781/1781
f 1840/1840 1921/1921 1888/1888
f 1843/1843 1753/1753 1884/1884
f 1646/1646 1977/1977 1765/1765
f 1800/1800 1755/1755 1897/1897
f 1831/1831 1809/1809 1935/1935
f 1825/1825 1818/1818 2013/2013
f 1878/1878 1829/1829 1933/1933
f 1652/1652 1822/1822 2094/2094
f 1949/1949 1786/1786 1872/1872
f 1841/1841 1879/1879 1887/1887
f 1747/1747 1913/1913 1940/1940
f 1856/1856 1828/1828 2018/2018
f 1803/1803 1875/1875 1805/1805
f 1903/1903 1811/1811 1859/1859
f 1857/1857 1652/1652 2094/2094
f 1794/1794 1888/1888 1905/1905
f 1836/1836 1892/1892 1840/1840
f 1864/1864 1893/1893 1769/1769
f 1815/1815 1865/1865 1943/1943
f 1821/1821 1857/1857 1982/1982
f 1790/1790 1895/1895 1791/1791
f 1823/1823 1777/1777 1968/1968
f 1901/1901 1855/1855 1951/1951
f 1897/1897 1755/1755 1943/1943
f 1816/1816 1827/1827 1822/1822
f 1753/1753 1880/1880 1882/1882
f 1963/1963 1804/1804 1922/1922
f 1829/1829 1805/1805 1914/1914
f 1809/1809 1806/1806 1935/1935
f 1857/1857 1904/1904 1982/1982
f 1857/1857 2094/2094 1904/1904
f 1813/1813 1821/1821 1934/1934
f 1875/1875 1803/1803 1919/1919
f 1803/1803 1825/1825 1919/1919
f 1911/1911 1766/1766 1926/1926
f 1790/1790 1974/1974 1895/1895
f 1836/1836 1891/1891 1932/1932
f 1868/1868 1787/1787 1930/1930
f 1821/1821 1982/1982 1962/1962
f 1926/1926 1766/1766 1852/1852
f 1863/1863 1833/1833 1885/1885
f 1850/1850 1927/1927 1872/1872
f 1810/1810 1830/1830 1931/1931
f 1892/1892 1921/1921 1840/1840
f 1914/1914 1933/1933 1829/1829
f 1795/1795 1873/1873 1938/1938
f 1892/1892 1836/1836 1932/1932
f 1880/1880 1898/1898 1882/1882
f 1849/1849 1868/1868 1930/1930
f 1878/1878 1933/1933 1908/1908
f 1860/1860 1799/1799 1883/1883
f 1831/1831 1947/1947 1909/1909
f 1793/1793 1881/1881 2083/2083
f 1799/1799 1837/1837 1883/1883
f 1740/1740 1886/1886 1873/1873
f 1844/1844 1795/1795 1938/1938
f 1838/1838 1791/1791 1895/1895
f 1753/1753 1882/1882 1884/1884
f 1851/1851 1845/1845 1980/1980
f 1826/1826 1847/1847 1902/1902
f 1886/1886 1770/1770 1963/1963
f 1848/1848 1971/1971 1870/1870
f 1733/1733 1889/1889 1917/1917
f 1986/1986 1853/1853 1826/1826
f 1808/1808 1813/1813 1934/1934
f 1918/1918 1854/1854 1953/1953
f 1887/1887 1956/1956 1824/1824
f 1862/1862 1838/1838 1961/1961
f 1842/1842 1744/1744 1910/1910
f 1992/1992 1815/1815 1991/1991
f 1846/1846 1794/1794 1905/1905
f 1858/1858 1907/1907 1945/1945
f 1792/1792 1869/1869 1952/1952
f 1889/1889 1735/1735 1954/1954
f 1855/1855 1909/1909 1951/1951
f 1882/1882 1898/1898 1981/1981
f 1805/1805 1875/1875 1941/1941
f 1919/1919 1825/1825 2013/2013
f 1804/1804 1874/1874 1923/1923
f 1946/1946 1903/1903 1859/1859
f 1914/1914 1805/1805 1941/1941
f 1987/1987 1820/1820 1896/1896
f 1913/1913 1906/1906 2020/2020
f 1906/1906 1929/1929 1960/1960
f 1931/1931 1879/1879 1810/1810
f 1989/1989 1876/1876 1908/1908
f 1878/1878 1908/1908 1876/1876
f 1877/1877 2021/2021 1830/1830
f 1850/1850 1849/1849 1927/1927
f 1934/1934 1898/1898 1808/1808
f 1877/1877 1870/1870 1971/1971
f 1789/1789 1994/1994 1957/1957
f 1968/1968 1851/1851 2006/2006
f 1893/1893 1864/1864 2009/2009
f 1821/1821 1962/1962 1934/1934
f 1881/1881 1863/1863 1899/1899
f 1923/1923 1820/1820 1987/1987
f 2018/2018 1920/1920 1856/1856
f 1908/1908 1933/1933 2033/2033
f 1818/1818 1807/1807 2013/2013
f 1937/1937 2009/2009 1897/1897
f 1884/1884 2003/2003 1847/1847
f 1974/1974 1861/1861 1925/1925
f 1927/1927 1849/1849 1983/1983
f 1907/1907 1920/1920 1972/1972
f 1854/1854 1900/1900 1936/1936
f 1966/1966 1827/1827 1964/1964
f 1852/1852 1797/1797 2035/2035
f 1929/1929 1901/1901 1985/1985
f 1828/1828 1915/1915 2018/2018
f 1928/1928 1916/1916 2154/2154
f 1867/1867 2001/2001 1848/1848
f 1895/1895 1961/1961 1838/1838
f 1837/1837 1894/1894 1883/1883
f 2034/2034 1876/1876 1989/1989
f 1864/1864 1897/1897 2009/2009
f 1787/1787 1918/1918 1953/1953
f 1930/1930 1787/1787 1953/1953
f 1977/1977 1823/1823 2086/2086
f 1863/1863 1885/1885 1899/1899
f 1900/1900 1792/1792 1952/1952
f 1827/1827 1846/1846 1964/1964
f 1940/1940 1954/1954 1747/1747
f 2086/2086 1823/1823 1968/1968
f 1980/1980 1845/1845 1871/1871
f 1893/1893 2009/2009 1948/1948
f 1849/1849 1930/1930 2005/2005
f 1931/1931 1830/1830 1912/1912
f 1897/1897 1943/1943 1937/1937
f 1910/1910 1942/1942 1842/1842
f 1902/1902 1847/1847 2003/2003
f 1873/1873 1886/1886 1938/1938
f 1888/1888 1921/1921 1984/1984
f 1804/1804 1923/1923 1922/1922
f 1933/1933 1914/1914 1941/1941
f 1862/1862 2019/2019 1807/1807
f 2020/2020 1906/1906 1960/1960
f 2006/2006 1851/1851 1980/1980
f 1905/1905 1888/1888 1984/1984
f 1822/1822 1827/1827 1966/1966
f 1932/1932 1891/1891 1993/1993
f 1798/1798 1876/1876 2034/2034
f 2021/2021 1912/1912 1830/1830
f 2006/2006 1988/1988 1968/1968
f 1983/1983 1849/1849 2005/2005
f 1964/1964 1846/1846 1944/1944
f 1826/1826 1902/1902 1986/1986
f 1949/1949 1925/1925 1861/1861
f 1915/1915 1844/1844 2060/2060
f 1865/1865 1815/1815 1992/1992
f 1952/1952 1936/1936 1900/1900
f 1990/1990 1908/1908 2033/2033
f 1866/1866 1893/1893 1948/1948
f 1854/1854 1936/1936 1953/1953
f 1904/1904 2094/2094 1950/1950
f 1938/1938 1886/1886 2022/2022
f 1875/1875 1919/1919 1941/1941
f 1971/1971 2021/2021 1877/1877
f 2040/2040 1862/1862 1961/1961
f 1848/1848 2051/2051 1971/1971
f 1939/1939 1908/1908 1990/1990
f 1899/1899 1885/1885 2111/2111
f 1885/1885 1819/1819 1957/1957
f 1846/1846 1905/1905 1944/1944
f 1942/1942 1993/1993 1891/1891
f 1872/1872 1927/1927 1983/1983
f 1981/1981 1934/1934 1955/1955
f 2009/2009 1937/1937 2036/2036
f 1806/1806 1903/1903 2054/2054
f 1844/1844 1938/1938 2060/2060
f 1848/1848 2001/2001 2051/2051
f 1916/1916 1890/1890 1975/1975
f 1953/1953 1936/1936 1995/1995
f 2013/2013 1807/1807 2019/2019
f 1898/1898 1934/1934 1981/1981
f 1884/1884 1882/1882 2027/2027
f 1923/1923 1987/1987 2029/2029
f 1945/1945 1907/1907 1972/1972
f 1951/1951 1985/1985 1901/1901
f 1923/1923 2014/2014 1922/1922
f 2018/2018 1958/1958 1920/1920
f 1944/1944 1905/1905 1984/1984
f 1853/1853 1986/1986 1871/1871
f 1943/1943 1865/1865 1992/1992
f 2053/2053 1931/1931 1912/1912
f 1910/1910 1967/1967 1942/1942
f 1885/1885 1957/1957 2123/2123
f 1993/1993 1942/1942 1967/1967
f 1991/1991 1793/1793 2083/2083
f 1972/1972 1920/1920 1958/1958
f 1871/1871 2046/2046 1980/1980
f 1886/1886 1963/1963 2044/2044
f 1983/1983 2005/2005 2038/2038
f 1881/1881 1899/1899 2083/2083
f 1981/1981 1973/1973 1882/1882
f 1949/1949 1872/1872 2039/2039
f 1866/1866 1948/1948 2002/2002
f 1989/1989 1908/1908 1939/1939
f 1978/1978 1894/1894 1837/1837
f 1931/1931 2053/2053 2000/2000
f 1837/1837 1928/1928 1978/1978
f 1879/1879 1931/1931 2000/2000
f 1919/1919 2010/2010 1941/1941
f 1806/1806 2054/2054 1935/1935
f 1896/1896 1911/1911 2008/2008
f 2018/2018 1915/1915 2164/2164
f 1932/1932 2017/2017 1892/1892
f 1982/1982 1904/1904 1950/1950
f 2012/2012 1966/1966 1964/1964
f 1966/1966 2007/2007 1822/1822
f 1970/1970 1977/1977 2086/2086
f 1969/1969 1926/1926 2114/2114
f 1926/1926 1852/1852 2114/2114
f 2006/2006 1980/1980 1998/1998
f 1936/1936 1952/1952 2004/2004
f 1929/1929 1985/1985 1960/1960
f 1946/1946 2084/2084 1903/1903
f 2019/2019 1862/1862 2040/2040
f 2057/2057 1921/1921 1892/1892
f 1933/1933 1941/1941 1997/1997
f 1894/1894 1959/1959 1883/1883
f 1952/1952 1869/1869 1924/1924
f 1987/1987 1896/1896 2008/2008
f 1919/1919 2013/2013 2026/2026
f 2003/2003 1884/1884 2049/2049
f 2039/2039 1996/1996 1949/1949
f 2036/2036 1937/1937 2028/2028
f 1935/1935 2054/2054 1831/1831
f 1964/1964 1944/1944 2012/2012
f 2086/2086 1968/1968 1988/1988
f 2014/2014 1923/1923 2029/2029
f 1895/1895 1974/1974 2043/2043
f 1924/1924 1977/1977 1970/1970
f 2004/2004 1995/1995 1936/1936
f 1969/1969 1911/1911 1926/1926
f 1879/1879 2000/2000 1887/1887
f 1961/1961 1895/1895 2016/2016
f 2046/2046 1998/1998 1980/1980
f 1872/1872 1983/1983 2055/2055
f 1989/1989 1999/1999 2034/2034
f 1925/1925 1949/1949 2043/2043
f 1940/1940 1913/1913 2020/2020
f 1831/1831 2056/2056 1947/1947
f 2027/2027 1882/1882 1973/1973
f 1974/1974 1925/1925 2043/2043
f 2023/2023 1939/1939 1990/1990
f 2046/2046 1871/1871 2032/2032
f 1976/1976 1889/1889 1954/1954
f 1934/1934 1962/1962 1955/1955
f 2028/2028 1937/1937 1943/1943
f 2094/2094 1822/1822 2007/2007
f 1981/1981 2041/2041 1973/1973
f 2012/2012 2007/2007 1966/1966
f 2000/2000 2042/2042 1887/1887
f 1884/1884 2027/2027 2049/2049
f 1852/1852 2035/2035 2114/2114
f 1909/1909 1947/1947 2056/2056
f 2032/2032 1871/1871 2045/2045
f 1930/1930 1953/1953 2015/2015
f 2033/2033 1933/1933 1997/1997
f 2022/2022 2060/2060 1938/1938
f 2015/2015 2005/2005 1930/1930
f 2050/2050 1895/1895 2043/2043
f 1948/1948 2009/2009 2037/2037
f 1996/1996 2043/2043 1949/1949
f 1989/1989 1939/1939 2023/2023
f 1994/1994 2166/2166 1957/1957
f 1872/1872 2055/2055 2039/2039
f 1887/1887 2042/2042 1956/1956
f 2014/2014 2066/2066 1922/1922
f 2070/2070 2015/2015 1953/1953
f 2002/2002 1948/1948 2037/2037
f 2045/2045 1871/1871 1986/1986
f 2022/2022 1886/1886 2044/2044
f 2008/2008 1911/1911 1969/1969
f 2033/2033 2031/2031 1990/1990
f 2026/2026 2024/2024 1919/1919
f 1972/1972 1958/1958 2065/2065
f 1962/1962 1982/1982 2030/2030
f 2012/2012 1944/1944 1984/1984
f 1910/1910 1956/1956 2079/2079
f 2017/2017 2057/2057 1892/1892
f 1986/1986 1902/1902 2045/2045
f 2004/2004 1952/1952 1924/1924
f 2054/2054 1903/1903 2084/2084
f 2047/2047 2028/2028 1943/1943
f 2023/2023 1999/1999 1989/1989
f 2040/2040 1961/1961 2016/2016
f 2010/2010 2059/2059 1941/1941
f 1996/1996 2039/2039 2087/2087
f 1981/1981 1955/1955 2041/2041
f 2037/2037 2009/2009 2025/2025
f 2045/2045 1902/1902 2011/2011
f 1951/1951 1909/1909 2056/2056
f 2014/2014 2029/2029 2062/2062
f 1963/1963 1922/1922 2071/2071
f 1959/1959 1894/1894 1978/1978
f 1945/1945 1972/1972 2065/2065
f 2071/2071 1922/1922 2066/2066
f 1895/1895 2050/2050 2016/2016
f 2058/2058 1954/1954 1940/1940
f 1978/1978 1928/1928 2154/2154
f 1953/1953 1995/1995 2070/2070
f 1982/1982 1950/1950 2030/2030
f 2111/2111 1885/1885 2123/2123
f 1902/1902 2003/2003 2011/2011
f 1956/1956 2042/2042 2079/2079
f 2012/2012 1984/1984 2101/2101
f 2079/2079 1967/1967 1910/1910
f 2088/2088 2113/2113 1971/1971
f 1997/1997 1941/1941 2059/2059
f 2021/2021 1971/1971 2113/2113
f 2038/2038 2005/2005 2015/2015
f 1984/1984 1921/1921 2061/2061
f 2033/2033 1997/1997 2082/2082
f 2052/2052 1960/1960 1985/1985
f 1990/1990 2031/2031 2093/2093
f 1985/1985 1951/1951 2064/2064
f 1983/1983 2038/2038 2055/2055
f 1860/1860 1883/1883 1965/1965
f 1932/1932 1993/1993 2017/2017
f 1962/1962 2030/2030 1955/1955
f 2047/2047 1943/1943 1992/1992
f 2036/2036 2072/2072 2009/2009
f 1999/1999 2067/2067 2034/2034
f 1963/1963 2071/2071 2044/2044
f 2006/2006 2097/2097 1988/1988
f 2038/2038 2015/2015 2107/2107
f 2066/2066 2014/2014 2062/2062
f 1958/1958 2018/2018 2164/2164
f 2064/2064 2052/2052 1985/1985
f 1984/1984 2061/2061 2078/2078
f 2051/2051 2088/2088 1971/1971
f 2019/2019 2026/2026 2013/2013
f 1921/1921 2057/2057 2061/2061
f 1992/1992 1991/1991 2207/2207
f 1959/1959 1978/1978 2077/2077
f 1998/1998 2097/2097 2006/2006
f 2015/2015 2070/2070 2105/2105
f 1951/1951 2056/2056 2064/2064
f 2097/2097 2086/2086 1988/1988
f 1973/1973 2041/2041 2073/2073
f 2091/2091 1912/1912 2113/2113
f 1970/1970 2086/2086 2142/2142
f 2107/2107 2015/2015 2105/2105
f 2050/2050 2043/2043 2092/2092
f 2057/2057 2017/2017 2048/2048
f 2118/2118 1955/1955 2109/2109
f 2025/2025 2009/2009 2072/2072
f 2002/2002 2037/2037 2162/2162
f 2083/2083 2207/2207 1991/1991
f 2003/2003 2049/2049 2011/2011
f 2060/2060 2022/2022 2044/2044
f 2134/2134 2020/2020 2063/2063
f 2053/2053 1912/1912 2119/2119
f 2017/2017 1993/1993 2089/2089
f 1970/1970 2080/2080 1924/1924
f 1954/1954 2058/2058 2204/2204
f 2123/2123 1957/1957 2166/2166
f 1994/1994 2095/2095 2166/2166
f 2056/2056 1831/1831 2120/2120
f 2069/2069 2164/2164 1915/1915
f 1998/1998 2046/2046 2141/2141
f 1945/1945 2065/2065 2085/2085
f 2010/2010 1919/1919 2024/2024
f 1976/1976 1954/1954 2204/2204
f 2021/2021 2113/2113 1912/1912
f 1915/1915 2060/2060 2069/2069
f 2019/2019 2116/2116 2026/2026
f 2089/2089 2100/2100 2017/2017
f 1987/1987 2008/2008 2029/2029
f 2072/2072 2036/2036 2028/2028
f 2164/2164 2065/2065 1958/1958
f 2032/2032 2045/2045 2170/2170
f 1994/1994 1979/1979 2095/2095
f 2115/2115 2034/2034 2067/2067
f 2119/2119 1912/1912 2091/2091
f 2136/2136 1883/1883 1959/1959
f 2059/2059 2010/2010 2125/2125
f 2083/2083 1899/1899 2099/2099
f 1979/1979 1965/1965 2095/2095
f 2040/2040 2116/2116 2019/2019
f 2004/2004 1924/1924 2080/2080
f 1990/1990 2093/2093 2023/2023
f 1999/1999 2023/2023 2112/2112
f 2054/2054 2120/2120 1831/1831
f 2000/2000 2081/2081 2042/2042
f 2030/2030 1950/1950 2074/2074
f 2103/2103 2042/2042 2081/2081
f 2047/2047 1992/1992 2207/2207
f 2101/2101 1984/1984 2078/2078
f 2043/2043 1996/1996 2144/2144
f 2046/2046 2032/2032 2141/2141
f 2062/2062 2029/2029 2075/2075
f 2049/2049 2104/2104 2011/2011
f 2163/2163 2102/2102 2001/2001
f 2109/2109 1955/1955 2030/2030
f 2067/2067 1999/1999 2112/2112
f 2051/2051 2001/2001 2102/2102
f 2140/2140 2054/2054 2084/2084
f 2132/2132 2073/2073 2041/2041
f 2025/2025 2072/2072 2076/2076
f 2207/2207 2083/2083 2099/2099
f 2038/2038 2137/2137 2055/2055
f 2016/2016 2133/2133 2040/2040
f 2037/2037 2025/2025 2090/2090
f 2088/2088 2051/2051 2102/2102
f 2041/2041 1955/1955 2118/2118
f 2012/2012 2121/2121 2007/2007
f 1950/1950 2094/2094 2264/2264
f 2000/2000 2053/2053 2119/2119
f 1960/1960 2063/2063 2020/2020
f 2074/2074 1950/1950 2264/2264
f 1967/1967 2089/2089 1993/1993
f 2169/2169 2032/2032 2170/2170
f 1940/1940 2020/2020 2134/2134
f 2033/2033 2082/2082 2031/2031
f 2119/2119 2081/2081 2000/2000
f 1965/1965 1883/1883 2136/2136
f 2074/2074 2098/2098 2030/2030
f 2092/2092 2179/2179 2050/2050
f 2062/2062 2075/2075 2209/2209
f 2110/2110 2038/2038 2190/2190
f 2107/2107 2190/2190 2038/2038
f 2049/2049 2027/2027 2104/2104
f 2025/2025 2076/2076 2090/2090
f 2082/2082 1997/1997 2059/2059
f 2039/2039 2055/2055 2087/2087
f 2162/2162 2037/2037 2090/2090
f 2144/2144 1996/1996 2087/2087
f 2100/2100 2048/2048 2017/2017
f 2080/2080 1995/1995 2004/2004
f 2103/2103 2079/2079 2042/2042
f 1978/1978 2154/2154 2077/2077
f 2063/2063 1960/1960 2124/2124
f 2141/2141 2032/2032 2169/2169
f 2094/2094 2007/2007 2108/2108
f 2024/2024 2125/2125 2010/2010
f 2058/2058 1940/1940 2134/2134
f 2064/2064 2056/2056 2129/2129
f 2078/2078 2150/2150 2101/2101
f 2076/2076 2072/2072 2145/2145
f 1975/1975 2154/2154 1916/1916
f 2008/2008 1969/1969 2114/2114
f 2016/2016 2050/2050 2133/2133
f 2023/2023 2093/2093 2188/2188
f 2110/2110 2137/2137 2038/2038
f 2113/2113 2088/2088 2148/2148
f 2106/2106 2104/2104 2027/2027
f 2164/2164 2069/2069 2128/2128
f 2027/2027 1973/1973 2106/2106
f 2078/2078 2061/2061 2149/2149
f 2167/2167 2204/2204 2058/2058
f 2099/2099 1899/1899 2111/2111
f 2024/2024 2026/2026 2096/2096
f 2117/2117 2028/2028 2047/2047
f 2008/2008 2114/2114 2130/2130
f 2057/2057 2048/2048 2131/2131
f 2069/2069 2060/2060 2225/2225
f 2011/2011 2104/2104 2161/2161
f 2040/2040 2133/2133 2146/2146
f 2072/2072 2028/2028 2145/2145
f 2225/2225 2060/2060 2044/2044
f 2137/2137 2087/2087 2055/2055
f 2111/2111 2123/2123 2180/2180
f 2061/2061 2057/2057 2131/2131
f 2086/2086 2097/2097 2142/2142
f 2093/2093 2031/2031 2158/2158
f 2098/2098 2109/2109 2030/2030
f 2029/2029 2008/2008 2075/2075
f 2101/2101 2121/2121 2012/2012
f 2096/2096 2026/2026 2116/2116
f 2134/2134 2167/2167 2058/2058
f 2102/2102 2163/2163 2349/2349
f 2112/2112 2023/2023 2188/2188
f 2118/2118 2132/2132 2041/2041
f 2099/2099 2111/2111 2183/2183
f 2116/2116 2040/2040 2146/2146
f 2056/2056 2120/2120 2240/2240
f 2170/2170 2045/2045 2165/2165
f 2094/2094 2108/2108 2264/2264
f 2145/2145 2028/2028 2117/2117
f 2043/2043 2144/2144 2092/2092
f 2045/2045 2011/2011 2165/2165
f 2100/2100 2089/2089 2175/2175
f 2106/2106 1973/1973 2135/2135
f 1973/1973 2073/2073 2135/2135
f 2024/2024 2096/2096 2125/2125
f 2095/2095 1965/1965 2208/2208
f 2093/2093 2158/2158 2188/2188
f 2105/2105 2122/2122 2107/2107
f 2132/2132 2218/2218 2073/2073
f 2134/2134 2063/2063 2151/2151
f 2075/2075 2008/2008 2138/2138
f 2141/2141 2097/2097 1998/1998
f 2079/2079 2103/2103 2200/2200
f 2207/2207 2117/2117 2047/2047
f 1970/1970 2242/2242 2080/2080
f 1995/1995 2105/2105 2070/2070
f 2031/2031 2082/2082 2159/2159
f 2159/2159 2158/2158 2031/2031
f 2082/2082 2059/2059 2159/2159
f 2190/2190 2107/2107 2122/2122
f 2073/2073 2218/2218 2135/2135
f 2113/2113 2148/2148 2147/2147
f 1995/1995 2080/2080 2143/2143
f 2162/2162 2090/2090 2076/2076
f 2149/2149 2061/2061 2131/2131
f 2150/2150 2078/2078 2149/2149
f 2178/2178 1959/1959 2077/2077
f 2112/2112 2188/2188 2139/2139
f 2166/2166 2095/2095 2241/2241
f 2120/2120 2054/2054 2339/2339
f 2108/2108 2251/2251 2264/2264
f 2119/2119 2091/2091 2155/2155
f 2074/2074 2212/2212 2098/2098
f 2133/2133 2050/2050 2179/2179
f 2202/2202 2065/2065 2164/2164
f 2234/2234 2085/2085 2065/2065
f 2059/2059 2125/2125 2189/2189
f 2165/2165 2011/2011 2192/2192
f 2161/2161 2104/2104 2193/2193
f 2052/2052 2064/2064 2153/2153
f 2159/2159 2059/2059 2189/2189
f 2121/2121 2108/2108 2007/2007
f 2183/2183 2111/2111 2180/2180
f 2114/2114 2068/2068 2194/2194
f 2044/2044 2071/2071 2213/2213
f 2192/2192 2011/2011 2161/2161
f 2138/2138 2008/2008 2130/2130
f 1967/1967 2079/2079 2200/2200
f 2102/2102 2148/2148 2088/2088
f 2056/2056 2240/2240 2129/2129
f 2048/2048 2100/2100 2185/2185
f 2092/2092 2144/2144 2172/2172
f 2096/2096 2189/2189 2125/2125
f 2145/2145 2157/2157 2076/2076
f 1965/1965 2136/2136 2216/2216
f 2066/2066 2062/2062 2209/2209
f 2101/2101 2150/2150 2121/2121
f 2283/2283 2180/2180 2123/2123
f 2114/2114 2194/2194 2130/2130
f 2145/2145 2117/2117 2156/2156
f 2084/2084 2126/2126 2140/2140
f 2105/2105 1995/1995 2205/2205
f 2205/2205 2171/2171 2105/2105
f 2203/2203 2168/2168 2245/2245
f 1965/1965 2216/2216 2208/2208
f 2127/2127 2085/2085 2234/2234
f 2147/2147 2181/2181 2113/2113
f 2091/2091 2113/2113 2181/2181
f 2089/2089 1967/1967 2224/2224
f 2089/2089 2224/2224 2175/2175
f 2154/2154 1975/1975 2253/2253
f 1970/1970 2142/2142 2198/2198
f 2164/2164 2128/2128 2267/2267
f 2092/2092 2172/2172 2179/2179
f 2218/2218 2132/2132 2173/2173
f 2081/2081 2119/2119 2155/2155
f 2167/2167 2134/2134 2151/2151
f 2100/2100 2175/2175 2185/2185
f 2106/2106 2135/2135 2226/2226
f 2121/2121 2150/2150 2176/2176
f 2143/2143 2080/2080 2174/2174
f 2155/2155 2091/2091 2181/2181
f 2052/2052 2124/2124 1960/1960
f 2209/2209 2075/2075 2239/2239
f 2171/2171 2211/2211 2105/2105
f 2054/2054 2140/2140 2339/2339
f 2132/2132 2118/2118 2173/2173
f 2097/2097 2141/2141 2196/2196
f 1967/1967 2200/2200 2224/2224
f 2103/2103 2081/2081 2210/2210
f 2144/2144 2228/2228 2172/2172
f 2150/2150 2149/2149 2176/2176
f 2188/2188 2158/2158 2232/2232
f 2211/2211 2221/2221 2122/2122
f 2065/2065 2202/2202 2234/2234
f 2243/2243 2142/2142 2196/2196
f 2087/2087 2220/2220 2144/2144
f 2104/2104 2106/2106 2177/2177
f 2162/2162 2076/2076 2191/2191
f 2220/2220 2087/2087 2137/2137
f 2067/2067 2112/2112 2187/2187
f 2122/2122 2105/2105 2211/2211
f 2243/2243 2198/2198 2142/2142
f 2193/2193 2104/2104 2177/2177
f 2249/2249 2075/2075 2138/2138
f 2283/2283 2123/2123 2166/2166
f 2131/2131 2223/2223 2149/2149
f 2196/2196 2141/2141 2201/2201
f 2242/2242 1970/1970 2229/2229
f 2108/2108 2121/2121 2297/2297
f 2241/2241 2095/2095 2208/2208
f 2253/2253 1975/1975 2203/2203
f 2143/2143 2205/2205 1995/1995
f 2141/2141 2169/2169 2201/2201
f 2116/2116 2197/2197 2096/2096
f 2157/2157 2191/2191 2076/2076
f 2142/2142 2097/2097 2196/2196
f 2228/2228 2144/2144 2220/2220
f 2069/2069 2225/2225 2222/2222
f 2187/2187 2199/2199 2067/2067
f 2225/2225 2044/2044 2270/2270
f 2178/2178 2277/2277 1959/1959
f 2139/2139 2187/2187 2112/2112
f 2131/2131 2048/2048 2185/2185
f 2170/2170 2201/2201 2169/2169
f 2170/2170 2165/2165 2233/2233
f 2127/2127 2234/2234 2357/2357
f 2197/2197 2116/2116 2146/2146
f 2155/2155 2210/2210 2081/2081
f 2096/2096 2197/2197 2182/2182
f 2159/2159 2160/2160 2158/2158
f 2190/2190 2122/2122 2221/2221
f 2210/2210 2184/2184 2103/2103
f 2191/2191 2157/2157 2186/2186
f 2230/2230 2179/2179 2172/2172
f 2121/2121 2176/2176 2297/2297
f 2098/2098 2212/2212 2109/2109
f 2157/2157 2145/2145 2257/2257
f 2146/2146 2133/2133 2215/2215
f 2215/2215 2238/2238 2146/2146
f 2226/2226 2177/2177 2106/2106
f 2213/2213 2071/2071 2066/2066
f 2136/2136 1959/1959 2277/2277
f 2206/2206 2109/2109 2212/2212
f 2160/2160 2159/2159 2261/2261
f 2185/2185 2223/2223 2131/2131
f 2200/2200 2103/2103 2184/2184
f 2174/2174 2080/2080 2236/2236
f 2147/2147 2148/2148 2305/2305
f 2195/2195 2067/2067 2199/2199
f 2181/2181 2147/2147 2305/2305
f 2052/2052 2153/2153 2273/2273
f 2218/2218 2217/2217 2135/2135
f 2080/2080 2242/2242 2236/2236
f 2064/2064 2129/2129 2248/2248
f 2108/2108 2297/2297 2251/2251
f 2173/2173 2118/2118 2206/2206
f 2207/2207 2099/2099 2340/2340
f 2117/2117 2207/2207 2266/2266
f 2063/2063 2124/2124 2279/2279
f 2130/2130 2194/2194 2274/2274
f 2275/2275 2243/2243 2196/2196
f 2279/2279 2124/2124 2273/2273
f 2124/2124 2052/2052 2273/2273
f 2075/2075 2249/2249 2239/2239
f 2164/2164 2267/2267 2202/2202
f 2339/2339 2140/2140 2126/2126
f 2189/2189 2096/2096 2182/2182
f 2201/2201 2170/2170 2233/2233
f 2118/2118 2109/2109 2206/2206
f 2110/2110 2190/2190 2231/2231
f 2349/2349 2294/2294 2102/2102
f 2238/2238 2197/2197 2146/2146
f 2064/2064 2248/2248 2153/2153
f 2077/2077 2154/2154 2214/2214
f 2232/2232 2158/2158 2160/2160
f 2138/2138 2130/2130 2274/2274
f 2133/2133 2179/2179 2230/2230
f 2230/2230 2215/2215 2133/2133
f 2178/2178 2077/2077 2214/2214
f 2233/2233 2165/2165 2227/2227
f 2187/2187 2139/2139 2244/2244
f 2139/2139 2188/2188 2244/2244
f 2148/2148 2102/2102 2252/2252
f 2213/2213 2270/2270 2044/2044
f 2198/2198 2229/2229 1970/1970
f 2278/2278 2171/2171 2205/2205
f 2350/2350 2162/2162 2191/2191
f 2156/2156 2257/2257 2145/2145
f 2165/2165 2192/2192 2235/2235
f 2165/2165 2235/2235 2227/2227
f 2212/2212 2074/2074 2264/2264
f 2224/2224 2200/2200 2255/2255
f 2128/2128 2069/2069 2222/2222
f 2063/2063 2279/2279 2331/2331
f 2203/2203 2290/2290 2253/2253
f 2231/2231 2190/2190 2221/2221
f 2210/2210 2155/2155 2337/2337
f 2149/2149 2223/2223 2299/2299
f 2214/2214 2154/2154 2399/2399
f 2155/2155 2181/2181 2271/2271
f 2110/2110 2231/2231 2219/2219
f 2137/2137 2110/2110 2219/2219
f 2183/2183 2180/2180 2352/2352
f 2206/2206 2280/2280 2173/2173
f 2151/2151 2063/2063 2331/2331
f 2161/2161 2235/2235 2192/2192
f 2218/2218 2173/2173 2280/2280
f 2211/2211 2171/2171 2247/2247
f 2099/2099 2183/2183 2340/2340
f 2266/2266 2207/2207 2340/2340
f 2211/2211 2247/2247 2250/2250
f 2232/2232 2160/2160 2276/2276
f 2230/2230 2172/2172 2296/2296
f 2232/2232 2322/2322 2188/2188
f 2159/2159 2189/2189 2237/2237
f 2143/2143 2174/2174 2246/2246
f 2156/2156 2117/2117 2334/2334
f 2182/2182 2291/2291 2189/2189
f 2415/2415 2209/2209 2239/2239
f 2220/2220 2137/2137 2219/2219
f 2261/2261 2159/2159 2237/2237
f 2216/2216 2136/2136 2277/2277
f 2256/2256 2176/2176 2299/2299
f 2322/2322 2244/2244 2188/2188
f 2224/2224 2185/2185 2175/2175
f 2186/2186 2288/2288 2191/2191
f 2219/2219 2285/2285 2220/2220
f 2205/2205 2143/2143 2246/2246
f 2217/2217 2218/2218 2280/2280
f 2184/2184 2255/2255 2200/2200
f 2290/2290 2203/2203 2245/2245
f 2304/2304 2280/2280 2206/2206
f 2193/2193 2177/2177 2289/2289
f 2252/2252 2102/2102 2294/2294
f 2215/2215 2230/2230 2296/2296
f 2161/2161 2193/2193 2258/2258
f 2221/2221 2211/2211 2259/2259
f 2274/2274 2194/2194 2310/2310
f 2291/2291 2237/2237 2189/2189
f 2186/2186 2157/2157 2288/2288
f 2334/2334 2117/2117 2266/2266
f 2176/2176 2149/2149 2299/2299
f 2066/2066 2209/2209 2315/2315
f 2206/2206 2212/2212 2365/2365
f 2283/2283 2166/2166 2241/2241
f 2255/2255 2268/2268 2224/2224
f 2267/2267 2128/2128 2355/2355
f 2254/2254 2264/2264 2251/2251
f 2201/2201 2233/2233 2293/2293
f 2128/2128 2222/2222 2300/2300
f 2259/2259 2211/2211 2250/2250
f 2135/2135 2217/2217 2226/2226
f 2172/2172 2228/2228 2335/2335
f 2271/2271 2337/2337 2155/2155
f 2238/2238 2215/2215 2327/2327
f 2249/2249 2138/2138 2274/2274
f 2148/2148 2252/2252 2323/2323
f 2235/2235 2161/2161 2258/2258
f 2282/2282 2157/2157 2257/2257
f 2224/2224 2378/2378 2185/2185
f 2231/2231 2221/2221 2286/2286
f 2187/2187 2244/2244 2336/2336
f 2236/2236 2242/2242 2229/2229
f 2315/2315 2209/2209 2415/2415
f 2287/2287 2210/2210 2337/2337
f 2240/2240 2120/2120 2422/2422
f 2257/2257 2156/2156 2265/2265
f 2268/2268 2378/2378 2224/2224
f 2171/2171 2278/2278 2247/2247
f 2308/2308 2182/2182 2197/2197
f 2378/2378 2333/2333 2185/2185
f 2377/2377 2213/2213 2315/2315
f 2066/2066 2315/2315 2213/2213
f 2285/2285 2219/2219 2272/2272
f 2275/2275 2196/2196 2353/2353
f 2282/2282 2257/2257 2260/2260
f 2222/2222 2225/2225 2270/2270
f 2399/2399 2154/2154 2253/2253
f 2261/2261 2284/2284 2160/2160
f 2199/2199 2187/2187 2336/2336
f 2288/2288 2157/2157 2282/2282
f 2258/2258 2193/2193 2289/2289
f 2276/2276 2160/2160 2284/2284
f 2297/2297 2176/2176 2306/2306
f 2196/2196 2201/2201 2353/2353
f 2129/2129 2240/2240 2262/2262
f 2241/2241 2208/2208 2393/2393
f 2304/2304 2206/2206 2365/2365
f 2233/2233 2227/2227 2307/2307
f 2283/2283 2241/2241 2360/2360
f 2307/2307 2227/2227 2235/2235
f 2281/2281 2259/2259 2250/2250
f 2199/2199 2311/2311 2195/2195
f 2167/2167 2151/2151 2345/2345
f 2248/2248 2129/2129 2262/2262
f 2177/2177 2226/2226 2309/2309
f 2289/2289 2177/2177 2309/2309
f 2148/2148 2323/2323 2305/2305
f 2296/2296 2172/2172 2335/2335
f 2335/2335 2220/2220 2285/2285
f 2228/2228 2220/2220 2335/2335
f 2181/2181 2305/2305 2271/2271
f 2176/2176 2256/2256 2306/2306
f 2350/2350 2191/2191 2288/2288
f 2184/2184 2210/2210 2287/2287
f 2264/2264 2295/2295 2212/2212
f 2214/2214 2303/2303 2178/2178
f 2182/2182 2308/2308 2291/2291
f 2422/2422 2120/2120 2339/2339
f 2360/2360 2241/2241 2393/2393
f 2257/2257 2265/2265 2260/2260
f 2221/2221 2259/2259 2317/2317
f 2302/2302 2251/2251 2371/2371
f 2266/2266 2340/2340 2446/2446
f 2309/2309 2226/2226 2298/2298
f 2250/2250 2247/2247 2281/2281
f 2235/2235 2258/2258 2341/2341
f 2259/2259 2281/2281 2318/2318
f 2243/2243 2275/2275 2353/2353
f 2267/2267 2269/2269 2202/2202
f 2375/2375 2350/2350 2288/2288
f 2286/2286 2221/2221 2317/2317
f 2287/2287 2380/2380 2184/2184
f 2198/2198 2243/2243 2321/2321
f 2270/2270 2213/2213 2377/2377
f 2233/2233 2307/2307 2369/2369
f 2265/2265 2156/2156 2334/2334
f 2279/2279 2273/2273 2153/2153
f 2251/2251 2297/2297 2421/2421
f 2254/2254 2251/2251 2302/2302
f 2278/2278 2205/2205 2374/2374
f 2205/2205 2246/2246 2374/2374
f 2296/2296 2335/2335 2382/2382
f 2217/2217 2298/2298 2226/2226
f 2223/2223 2185/2185 2333/2333
f 2533/2533 2357/2357 2234/2234
f 2284/2284 2324/2324 2276/2276
f 2327/2327 2326/2326 2238/2238
f 2272/2272 2219/2219 2332/2332
f 2222/2222 2270/2270 2300/2300
f 2274/2274 2316/2316 2249/2249
f 2325/2325 2353/2353 2201/2201
f 2247/2247 2278/2278 2314/2314
f 2325/2325 2201/2201 2293/2293
f 2268/2268 2255/2255 2292/2292
f 2299/2299 2223/2223 2354/2354
f 2322/2322 2232/2232 2276/2276
f 2410/2410 2258/2258 2289/2289
f 2239/2239 2249/2249 2301/2301
f 2410/2410 2341/2341 2258/2258
f 2334/2334 2266/2266 2343/2343
f 2286/2286 2312/2312 2231/2231
f 2289/2289 2309/2309 2338/2338
f 2180/2180 2283/2283 2352/2352
f 2231/2231 2332/2332 2219/2219
f 2199/2199 2356/2356 2311/2311
f 2292/2292 2255/2255 2184/2184
f 2349/2349 2319/2319 2294/2294
f 2153/2153 2248/2248 2330/2330
f 2426/2426 2236/2236 2229/2229
f 2318/2318 2317/2317 2259/2259
f 2202/2202 2269/2269 2533/2533
f 2296/2296 2370/2370 2215/2215
f 2236/2236 2313/2313 2174/2174
f 2198/2198 2321/2321 2453/2453
f 2370/2370 2327/2327 2215/2215
f 2365/2365 2212/2212 2295/2295
f 2354/2354 2223/2223 2333/2333
f 2370/2370 2296/2296 2382/2382
f 2348/2348 2276/2276 2324/2324
f 2239/2239 2301/2301 2415/2415
f 2295/2295 2264/2264 2254/2254
f 2240/2240 2422/2422 2262/2262
f 2234/2234 2202/2202 2533/2533
f 2298/2298 2280/2280 2376/2376
f 2280/2280 2298/2298 2217/2217
f 2288/2288 2282/2282 2366/2366
f 2262/2262 2330/2330 2248/2248
f 2198/2198 2426/2426 2229/2229
f 2387/2387 2284/2284 2261/2261
f 2253/2253 2290/2290 2399/2399
f 2339/2339 2126/2126 2362/2362
f 2269/2269 2267/2267 2355/2355
f 2307/2307 2235/2235 2341/2341
f 2326/2326 2197/2197 2238/2238
f 2281/2281 2247/2247 2314/2314
f 2245/2245 2168/2168 2346/2346
f 2243/2243 2353/2353 2321/2321
f 2319/2319 2364/2364 2294/2294
f 2214/2214 2399/2399 2502/2502
f 2378/2378 2268/2268 2430/2430
f 2343/2343 2266/2266 2446/2446
f 2348/2348 2322/2322 2276/2276
f 2332/2332 2231/2231 2437/2437
f 2359/2359 2346/2346 2152/2152
f 2283/2283 2360/2360 2352/2352
f 2261/2261 2237/2237 2387/2387
f 2300/2300 2473/2473 2128/2128
f 2312/2312 2286/2286 2317/2317
f 2337/2337 2271/2271 2395/2395
f 2199/2199 2336/2336 2356/2356
f 2252/2252 2294/2294 2364/2364
f 2384/2384 2127/2127 2357/2357
f 2297/2297 2306/2306 2421/2421
f 2291/2291 2308/2308 2406/2406
f 2303/2303 2214/2214 2502/2502
f 2326/2326 2433/2433 2197/2197
f 2352/2352 2340/2340 2183/2183
f 2308/2308 2197/2197 2433/2433
f 2347/2347 2281/2281 2314/2314
f 2325/2325 2293/2293 2344/2344
f 2151/2151 2331/2331 2358/2358
f 2256/2256 2299/2299 2397/2397
f 2279/2279 2153/2153 2330/2330
f 2336/2336 2244/2244 2367/2367
f 2327/2327 2404/2404 2326/2326
f 2342/2342 2406/2406 2308/2308
f 2367/2367 2322/2322 2381/2381
f 2244/2244 2322/2322 2367/2367
f 2246/2246 2174/2174 2390/2390
f 2377/2377 2315/2315 2439/2439
f 2260/2260 2366/2366 2282/2282
f 2237/2237 2291/2291 2373/2373
f 2347/2347 2317/2317 2318/2318
f 2323/2323 2271/2271 2305/2305
f 2347/2347 2318/2318 2281/2281
f 2356/2356 2336/2336 2351/2351
f 2268/2268 2292/2292 2416/2416
f 2313/2313 2236/2236 2389/2389
f 2280/2280 2304/2304 2368/2368
f 2333/2333 2378/2378 2403/2403
f 2312/2312 2437/2437 2231/2231
f 2337/2337 2429/2429 2287/2287
f 2335/2335 2285/2285 2385/2385
f 2368/2368 2304/2304 2365/2365
f 2384/2384 2357/2357 2455/2455
f 2316/2316 2301/2301 2249/2249
f 2324/2324 2284/2284 2387/2387
f 2288/2288 2366/2366 2375/2375
f 2174/2174 2313/2313 2390/2390
f 2178/2178 2303/2303 2471/2471
f 2316/2316 2274/2274 2396/2396
f 2422/2422 2339/2339 2362/2362
f 2373/2373 2387/2387 2237/2237
f 2277/2277 2178/2178 2471/2471
f 2353/2353 2325/2325 2344/2344
f 2292/2292 2184/2184 2380/2380
f 2252/2252 2364/2364 2323/2323
f 2426/2426 2389/2389 2236/2236
f 2293/2293 2233/2233 2369/2369
f 2376/2376 2280/2280 2368/2368
f 2208/2208 2216/2216 2407/2407
f 2430/2430 2268/2268 2416/2416
f 2393/2393 2208/2208 2480/2480
f 2407/2407 2480/2480 2208/2208
f 2270/2270 2402/2402 2300/2300
f 2277/2277 2407/2407 2216/2216
f 2421/2421 2306/2306 2361/2361
f 2382/2382 2335/2335 2372/2372
f 2306/2306 2256/2256 2398/2398
f 2395/2395 2429/2429 2337/2337
f 2367/2367 2351/2351 2336/2336
f 2406/2406 2373/2373 2291/2291
f 2397/2397 2398/2398 2256/2256
f 2254/2254 2302/2302 2401/2401
f 2353/2353 2418/2418 2321/2321
f 2372/2372 2425/2425 2382/2382
f 2354/2354 2333/2333 2464/2464
f 2332/2332 2522/2522 2272/2272
f 2385/2385 2272/2272 2522/2522
f 2322/2322 2348/2348 2381/2381
f 2368/2368 2365/2365 2379/2379
f 2377/2377 2454/2454 2270/2270
f 2285/2285 2272/2272 2385/2385
f 2317/2317 2347/2347 2394/2394
f 2324/2324 2387/2387 2469/2469
f 2433/2433 2342/2342 2308/2308
f 2533/2533 2269/2269 2448/2448
f 2298/2298 2376/2376 2501/2501
f 2403/2403 2378/2378 2430/2430
f 2352/2352 2360/2360 2468/2468
f 2380/2380 2287/2287 2429/2429
f 2363/2363 2127/2127 2384/2384
f 2414/2414 2293/2293 2369/2369
f 2344/2344 2293/2293 2414/2414
f 2350/2350 2375/2375 2320/2320
f 2366/2366 2260/2260 2436/2436
f 2344/2344 2388/2388 2353/2353
f 2307/2307 2405/2405 2369/2369
f 2418/2418 2353/2353 2388/2388
f 2314/2314 2278/2278 2428/2428
f 2347/2347 2314/2314 2394/2394
f 2260/2260 2265/2265 2436/2436
f 2446/2446 2340/2340 2523/2523
f 2309/2309 2298/2298 2383/2383
f 2317/2317 2394/2394 2312/2312
f 2390/2390 2374/2374 2246/2246
f 2401/2401 2302/2302 2371/2371
f 2331/2331 2279/2279 2461/2461
f 2465/2465 2356/2356 2451/2451
f 2338/2338 2410/2410 2289/2289
f 2453/2453 2321/2321 2418/2418
f 2473/2473 2448/2448 2355/2355
f 2355/2355 2128/2128 2473/2473
f 2356/2356 2351/2351 2451/2451
f 2385/2385 2372/2372 2335/2335
f 2395/2395 2271/2271 2392/2392
f 2324/2324 2386/2386 2381/2381
f 2348/2348 2324/2324 2381/2381
f 2415/2415 2301/2301 2408/2408
f 2295/2295 2529/2529 2365/2365
f 2396/2396 2274/2274 2310/2310
f 2299/2299 2354/2354 2478/2478
f 2397/2397 2299/2299 2478/2478
f 2323/2323 2392/2392 2271/2271
f 2341/2341 2405/2405 2307/2307
f 2269/2269 2355/2355 2448/2448
f 2292/2292 2380/2380 2420/2420
f 2366/2366 2436/2436 2400/2400
f 2334/2334 2436/2436 2265/2265
f 2443/2443 2433/2433 2326/2326
f 2410/2410 2338/2338 2440/2440
f 2311/2311 2356/2356 2465/2465
f 2447/2447 2334/2334 2343/2343
f 2399/2399 2290/2290 2559/2559
f 2295/2295 2254/2254 2401/2401
f 2333/2333 2403/2403 2464/2464
f 2404/2404 2443/2443 2326/2326
f 2352/2352 2523/2523 2340/2340
f 2437/2437 2522/2522 2332/2332
f 2323/2323 2364/2364 2487/2487
f 2394/2394 2314/2314 2428/2428
f 2370/2370 2404/2404 2327/2327
f 2398/2398 2361/2361 2306/2306
f 2263/2263 2489/2489 2328/2328
f 2489/2489 2263/2263 2441/2441
f 2263/2263 2423/2423 2441/2441
f 2278/2278 2374/2374 2428/2428
f 2358/2358 2331/2331 2562/2562
f 2447/2447 2436/2436 2334/2334
f 2344/2344 2427/2427 2388/2388
f 2386/2386 2324/2324 2482/2482
f 2465/2465 2637/2637 2311/2311
f 2367/2367 2417/2417 2351/2351
f 2418/2418 2388/2388 2506/2506
f 2414/2414 2369/2369 2405/2405
f 2298/2298 2501/2501 2383/2383
f 2309/2309 2440/2440 2338/2338
f 2429/2429 2395/2395 2483/2483
f 2432/2432 2373/2373 2406/2406
f 2382/2382 2425/2425 2370/2370
f 2420/2420 2380/2380 2429/2429
f 2469/2469 2482/2482 2324/2324
f 2300/2300 2492/2492 2473/2473
f 2375/2375 2366/2366 2400/2400
f 2301/2301 2316/2316 2456/2456
f 2360/2360 2460/2460 2468/2468
f 2440/2440 2309/2309 2383/2383
f 2320/2320 2375/2375 2411/2411
f 2415/2415 2439/2439 2315/2315
f 2453/2453 2426/2426 2198/2198
f 2376/2376 2368/2368 2501/2501
f 2451/2451 2351/2351 2417/2417
f 2312/2312 2445/2445 2437/2437
f 2456/2456 2413/2413 2301/2301
f 2394/2394 2428/2428 2466/2466
f 2312/2312 2394/2394 2445/2445
f 2386/2386 2409/2409 2381/2381
f 2370/2370 2391/2391 2404/2404
f 2512/2512 2429/2429 2483/2483
f 2439/2439 2531/2531 2377/2377
f 2529/2529 2379/2379 2365/2365
f 2361/2361 2398/2398 2510/2510
f 2300/2300 2402/2402 2492/2492
f 2405/2405 2341/2341 2424/2424
f 2406/2406 2342/2342 2467/2467
f 2392/2392 2483/2483 2395/2395
f 2389/2389 2434/2434 2313/2313
f 2387/2387 2373/2373 2450/2450
f 2388/2388 2452/2452 2506/2506
f 2416/2416 2292/2292 2420/2420
f 2420/2420 2458/2458 2416/2416
f 2330/2330 2461/2461 2279/2279
f 2390/2390 2313/2313 2434/2434
f 2344/2344 2414/2414 2438/2438
f 2415/2415 2408/2408 2503/2503
f 2323/2323 2487/2487 2476/2476
f 2385/2385 2522/2522 2431/2431
f 2410/2410 2504/2504 2341/2341
f 2408/2408 2301/2301 2413/2413
f 2439/2439 2415/2415 2503/2503
f 2401/2401 2442/2442 2295/2295
f 2407/2407 2474/2474 2480/2480
f 2443/2443 2419/2419 2433/2433
f 2372/2372 2385/2385 2493/2493
f 2401/2401 2371/2371 2435/2435
f 2391/2391 2370/2370 2425/2425
f 2331/2331 2461/2461 2562/2562
f 2392/2392 2323/2323 2578/2578
f 2373/2373 2432/2432 2450/2450
f 2492/2492 2402/2402 2454/2454
f 2397/2397 2478/2478 2444/2444
f 2453/2453 2418/2418 2506/2506
f 2316/2316 2396/2396 2456/2456
f 2454/2454 2402/2402 2270/2270
f 2455/2455 2532/2532 2384/2384
f 2420/2420 2429/2429 2449/2449
f 2462/2462 2329/2329 2530/2530
f 2427/2427 2344/2344 2438/2438
f 2467/2467 2432/2432 2406/2406
f 2374/2374 2390/2390 2488/2488
f 2441/2441 2423/2423 2363/2363
f 2447/2447 2494/2494 2436/2436
f 2466/2466 2428/2428 2521/2521
f 2414/2414 2405/2405 2438/2438
f 2341/2341 2504/2504 2424/2424
f 2388/2388 2427/2427 2452/2452
f 2371/2371 2251/2251 2421/2421
f 2385/2385 2431/2431 2493/2493
f 2458/2458 2430/2430 2416/2416
f 2443/2443 2404/2404 2500/2500
f 2354/2354 2464/2464 2478/2478
f 2417/2417 2367/2367 2470/2470
f 2447/2447 2343/2343 2459/2459
f 2410/2410 2440/2440 2504/2504
f 2466/2466 2535/2535 2394/2394
f 2375/2375 2400/2400 2411/2411
f 2445/2445 2394/2394 2535/2535
f 2403/2403 2430/2430 2472/2472
f 2428/2428 2374/2374 2521/2521
f 2295/2295 2442/2442 2505/2505
f 2446/2446 2573/2573 2343/2343
f 2450/2450 2469/2469 2387/2387
f 2400/2400 2436/2436 2494/2494
f 2409/2409 2386/2386 2482/2482
f 2377/2377 2531/2531 2454/2454
f 2472/2472 2464/2464 2403/2403
f 2363/2363 2384/2384 2532/2532
f 2435/2435 2371/2371 2421/2421
f 2484/2484 2445/2445 2535/2535
f 2442/2442 2401/2401 2435/2435
f 2456/2456 2396/2396 2497/2497
f 2310/2310 2497/2497 2396/2396
f 2500/2500 2404/2404 2391/2391
f 2408/2408 2413/2413 2503/2503
f 2529/2529 2295/2295 2644/2644
f 2429/2429 2512/2512 2449/2449
f 2440/2440 2383/2383 2475/2475
f 2437/2437 2445/2445 2484/2484
f 2523/2523 2352/2352 2605/2605
f 2430/2430 2458/2458 2472/2472
f 2578/2578 2323/2323 2476/2476
f 2367/2367 2381/2381 2470/2470
f 2531/2531 2439/2439 2509/2509
f 2398/2398 2397/2397 2444/2444
f 2381/2381 2409/2409 2470/2470
f 2346/2346 2359/2359 2507/2507
f 2352/2352 2468/2468 2605/2605
f 2342/2342 2433/2433 2419/2419
f 2329/2329 2490/2490 2530/2530
f 2434/2434 2488/2488 2390/2390
f 2494/2494 2447/2447 2459/2459
f 2458/2458 2420/2420 2457/2457
f 2439/2439 2503/2503 2509/2509
f 2456/2456 2497/2497 2592/2592
f 2421/2421 2361/2361 2510/2510
f 2496/2496 2482/2482 2469/2469
f 2425/2425 2372/2372 2479/2479
f 2432/2432 2467/2467 2511/2511
f 2573/2573 2459/2459 2343/2343
f 2360/2360 2393/2393 2541/2541
f 2457/2457 2420/2420 2550/2550
f 2560/2560 2488/2488 2434/2434
f 2389/2389 2426/2426 2526/2526
f 2450/2450 2496/2496 2469/2469
f 2419/2419 2467/2467 2342/2342
f 2502/2502 2399/2399 2606/2606
f 2487/2487 2364/2364 2319/2319
f 2438/2438 2405/2405 2567/2567
f 2521/2521 2374/2374 2495/2495
f 2606/2606 2399/2399 2671/2671
f 2421/2421 2510/2510 2588/2588
f 2562/2562 2547/2547 2358/2358
f 2567/2567 2405/2405 2424/2424
f 2464/2464 2472/2472 2513/2513
f 2488/2488 2495/2495 2374/2374
f 2441/2441 2363/2363 2566/2566
f 2506/2506 2452/2452 2581/2581
f 2483/2483 2392/2392 2578/2578
f 2501/2501 2475/2475 2383/2383
f 2479/2479 2372/2372 2493/2493
f 2411/2411 2400/2400 2463/2463
f 2451/2451 2417/2417 2477/2477
f 2494/2494 2463/2463 2400/2400
f 2574/2574 2379/2379 2529/2529
f 2644/2644 2295/2295 2505/2505
f 2471/2471 2303/2303 2502/2502
f 2460/2460 2360/2360 2541/2541
f 2407/2407 2277/2277 2471/2471
f 2494/2494 2459/2459 2568/2568
f 2455/2455 2357/2357 2533/2533
f 2574/2574 2368/2368 2379/2379
f 2434/2434 2389/2389 2569/2569
f 2470/2470 2409/2409 2481/2481
f 2484/2484 2522/2522 2437/2437
f 2476/2476 2487/2487 2508/2508
f 2411/2411 2463/2463 2486/2486
f 2475/2475 2501/2501 2518/2518
f 2533/2533 2448/2448 2524/2524
f 2477/2477 2417/2417 2519/2519
f 2504/2504 2440/2440 2475/2475
f 2523/2523 2573/2573 2446/2446
f 2420/2420 2449/2449 2550/2550
f 2419/2419 2443/2443 2540/2540
f 2461/2461 2547/2547 2562/2562
f 2413/2413 2456/2456 2592/2592
f 2511/2511 2450/2450 2432/2432
f 2441/2441 2555/2555 2489/2489
f 2471/2471 2474/2474 2407/2407
f 2487/2487 2319/2319 2663/2663
f 2450/2450 2511/2511 2516/2516
f 2478/2478 2464/2464 2491/2491
f 2442/2442 2514/2514 2505/2505
f 2391/2391 2425/2425 2537/2537
f 2465/2465 2451/2451 2477/2477
f 2498/2498 2311/2311 2637/2637
f 2578/2578 2476/2476 2508/2508
f 2493/2493 2431/2431 2551/2551
f 2413/2413 2564/2564 2503/2503
f 2417/2417 2470/2470 2519/2519
f 2540/2540 2443/2443 2500/2500
f 2524/2524 2448/2448 2473/2473
f 2389/2389 2526/2526 2569/2569
f 2541/2541 2393/2393 2480/2480
f 2624/2624 2427/2427 2625/2625
f 2442/2442 2435/2435 2514/2514
f 2551/2551 2536/2536 2493/2493
f 2472/2472 2458/2458 2457/2457
f 2466/2466 2534/2534 2535/2535
f 2508/2508 2487/2487 2590/2590
f 2520/2520 2482/2482 2496/2496
f 2537/2537 2575/2575 2391/2391
f 2500/2500 2391/2391 2575/2575
f 2434/2434 2569/2569 2560/2560
f 2425/2425 2479/2479 2537/2537
f 2504/2504 2583/2583 2424/2424
f 2524/2524 2525/2525 2533/2533
f 2637/2637 2465/2465 2572/2572
f 2475/2475 2517/2517 2504/2504
f 2452/2452 2427/2427 2624/2624
f 2363/2363 2532/2532 2566/2566
f 2427/2427 2438/2438 2625/2625
f 2290/2290 2245/2245 2559/2559
f 2449/2449 2512/2512 2527/2527
f 2499/2499 2488/2488 2560/2560
f 2520/2520 2409/2409 2482/2482
f 2479/2479 2493/2493 2556/2556
f 2518/2518 2501/2501 2576/2576
f 2494/2494 2579/2579 2463/2463
f 2573/2573 2523/2523 2515/2515
f 2444/2444 2528/2528 2398/2398
f 2512/2512 2483/2483 2615/2615
f 2506/2506 2552/2552 2453/2453
f 2510/2510 2398/2398 2528/2528
f 2551/2551 2431/2431 2522/2522
f 2491/2491 2464/2464 2513/2513
f 2548/2548 2462/2462 2530/2530
f 2424/2424 2583/2583 2567/2567
f 2513/2513 2472/2472 2584/2584
f 2490/2490 2554/2554 2553/2553
f 2511/2511 2467/2467 2557/2557
f 2536/2536 2556/2556 2493/2493
f 2419/2419 2558/2558 2467/2467
f 2319/2319 2412/2412 2485/2485
f 2605/2605 2468/2468 2653/2653
f 2563/2563 2506/2506 2581/2581
f 2501/2501 2368/2368 2576/2576
f 2574/2574 2576/2576 2368/2368
f 2663/2663 2590/2590 2487/2487
f 2495/2495 2488/2488 2499/2499
f 2472/2472 2457/2457 2584/2584
f 2514/2514 2435/2435 2640/2640
f 2584/2584 2646/2646 2513/2513
f 2479/2479 2556/2556 2537/2537
f 2564/2564 2413/2413 2599/2599
f 2583/2583 2504/2504 2517/2517
f 2503/2503 2620/2620 2509/2509
f 2473/2473 2492/2492 2561/2561
f 2480/2480 2474/2474 2627/2627
f 2492/2492 2454/2454 2561/2561
f 2467/2467 2558/2558 2557/2557
f 2483/2483 2578/2578 2615/2615
f 2435/2435 2421/2421 2588/2588
f 2630/2630 2568/2568 2459/2459
f 2550/2550 2449/2449 2527/2527
f 2624/2624 2581/2581 2452/2452
f 2536/2536 2650/2650 2556/2556
f 2413/2413 2592/2592 2599/2599
f 2587/2587 2484/2484 2542/2542
f 2519/2519 2470/2470 2546/2546
f 2521/2521 2495/2495 2538/2538
f 2576/2576 2574/2574 2638/2638
f 2484/2484 2535/2535 2542/2542
f 2524/2524 2473/2473 2648/2648
f 2535/2535 2534/2534 2542/2542
f 2426/2426 2453/2453 2628/2628
f 2470/2470 2481/2481 2546/2546
f 2593/2593 2498/2498 2596/2596
f 2531/2531 2539/2539 2454/2454
f 2459/2459 2573/2573 2630/2630
f 2559/2559 2671/2671 2399/2399
f 2450/2450 2516/2516 2589/2589
f 2567/2567 2583/2583 2585/2585
f 2491/2491 2444/2444 2478/2478
f 2543/2543 2507/2507 2359/2359
f 2466/2466 2521/2521 2538/2538
f 2473/2473 2561/2561 2648/2648
f 2516/2516 2511/2511 2632/2632
f 2559/2559 2245/2245 2613/2613
f 2565/2565 2558/2558 2540/2540
f 2419/2419 2540/2540 2558/2558
f 2511/2511 2557/2557 2632/2632
f 2530/2530 2490/2490 2545/2545
f 2455/2455 2533/2533 2617/2617
f 2580/2580 2579/2579 2494/2494
f 2538/2538 2495/2495 2499/2499
f 2486/2486 2463/2463 2579/2579
f 2578/2578 2508/2508 2601/2601
f 2607/2607 2477/2477 2519/2519
f 2522/2522 2484/2484 2587/2587
f 2588/2588 2510/2510 2570/2570
f 2491/2491 2513/2513 2646/2646
f 2453/2453 2552/2552 2628/2628
f 2552/2552 2506/2506 2563/2563
f 2457/2457 2622/2622 2584/2584
f 2496/2496 2450/2450 2589/2589
f 2465/2465 2477/2477 2572/2572
f 2454/2454 2539/2539 2561/2561
f 2572/2572 2477/2477 2623/2623
f 2628/2628 2526/2526 2426/2426
f 2475/2475 2518/2518 2636/2636
f 2545/2545 2490/2490 2553/2553
f 2477/2477 2607/2607 2623/2623
f 2540/2540 2500/2500 2565/2565
f 2608/2608 2522/2522 2587/2587
f 2551/2551 2522/2522 2608/2608
f 2359/2359 2549/2549 2543/2543
f 2644/2644 2505/2505 2643/2643
f 2616/2616 2538/2538 2499/2499
f 2568/2568 2580/2580 2494/2494
f 2603/2603 2499/2499 2560/2560
f 2455/2455 2617/2617 2598/2598
f 2631/2631 2481/2481 2409/2409
f 2409/2409 2520/2520 2631/2631
f 2510/2510 2528/2528 2570/2570
f 2531/2531 2509/2509 2620/2620
f 2500/2500 2575/2575 2565/2565
f 2498/2498 2637/2637 2596/2596
f 2518/2518 2576/2576 2709/2709
f 2583/2583 2517/2517 2585/2585
f 2591/2591 2538/2538 2616/2616
f 2435/2435 2588/2588 2611/2611
f 2571/2571 2496/2496 2589/2589
f 2496/2496 2571/2571 2520/2520
f 2640/2640 2505/2505 2514/2514
f 2590/2590 2601/2601 2508/2508
f 2533/2533 2525/2525 2617/2617
f 2457/2457 2550/2550 2602/2602
f 2569/2569 2603/2603 2560/2560
f 2602/2602 2622/2622 2457/2457
f 2681/2681 2468/2468 2460/2460
f 2485/2485 2663/2663 2319/2319
f 2527/2527 2512/2512 2604/2604
f 2460/2460 2541/2541 2681/2681
f 2640/2640 2435/2435 2611/2611
f 2613/2613 2245/2245 2346/2346
f 2636/2636 2518/2518 2709/2709
f 2537/2537 2619/2619 2575/2575
f 2537/2537 2556/2556 2597/2597
f 2444/2444 2491/2491 2582/2582
f 2517/2517 2475/2475 2636/2636
f 2546/2546 2607/2607 2519/2519
f 2525/2525 2524/2524 2683/2683
f 2528/2528 2444/2444 2582/2582
f 2538/2538 2534/2534 2466/2466
f 2791/2791 2523/2523 2605/2605
f 2620/2620 2503/2503 2564/2564
f 2626/2626 2491/2491 2646/2646
f 2604/2604 2512/2512 2615/2615
f 2642/2642 2579/2579 2580/2580
f 2486/2486 2579/2579 2609/2609
f 2555/2555 2441/2441 2665/2665
f 2552/2552 2563/2563 2577/2577
f 2687/2687 2566/2566 2532/2532
f 2574/2574 2529/2529 2638/2638
f 2499/2499 2586/2586 2616/2616
f 2597/2597 2556/2556 2650/2650
f 2546/2546 2481/2481 2645/2645
f 2645/2645 2481/2481 2631/2631
f 2558/2558 2565/2565 2595/2595
f 2441/2441 2566/2566 2665/2665
f 2551/2551 2618/2618 2650/2650
f 2635/2635 2438/2438 2567/2567
f 2537/2537 2597/2597 2619/2619
f 2618/2618 2551/2551 2608/2608
f 2542/2542 2534/2534 2594/2594
f 2530/2530 2545/2545 2731/2731
f 2603/2603 2569/2569 2526/2526
f 2536/2536 2551/2551 2650/2650
f 2590/2590 2634/2634 2601/2601
f 2557/2557 2558/2558 2633/2633
f 2582/2582 2491/2491 2626/2626
f 2561/2561 2539/2539 2676/2676
f 2565/2565 2575/2575 2619/2619
f 2529/2529 2644/2644 2638/2638
f 2534/2534 2538/2538 2594/2594
f 2499/2499 2603/2603 2586/2586
f 2578/2578 2601/2601 2634/2634
f 2663/2663 2485/2485 2610/2610
f 2565/2565 2619/2619 2595/2595
f 2708/2708 2474/2474 2471/2471
f 2615/2615 2578/2578 2634/2634
f 2541/2541 2480/2480 2639/2639
f 2552/2552 2577/2577 2628/2628
f 2633/2633 2558/2558 2595/2595
f 2627/2627 2639/2639 2480/2480
f 2584/2584 2622/2622 2646/2646
f 2531/2531 2620/2620 2621/2621
f 2542/2542 2594/2594 2587/2587
f 2594/2594 2538/2538 2591/2591
f 2640/2640 2643/2643 2505/2505
f 2681/2681 2541/2541 2713/2713
f 2507/2507 2613/2613 2346/2346
f 2598/2598 2687/2687 2532/2532
f 2502/2502 2606/2606 2649/2649
f 2570/2570 2661/2661 2588/2588
f 2642/2642 2609/2609 2579/2579
f 2532/2532 2455/2455 2598/2598
f 2648/2648 2683/2683 2524/2524
f 2625/2625 2438/2438 2635/2635
f 2557/2557 2633/2633 2632/2632
f 2630/2630 2573/2573 2714/2714
f 2745/2745 2593/2593 2596/2596
f 2764/2764 2572/2572 2623/2623
f 2619/2619 2597/2597 2664/2664
f 2515/2515 2714/2714 2573/2573
f 2676/2676 2675/2675 2561/2561
f 2567/2567 2585/2585 2651/2651
f 2608/2608 2587/2587 2594/2594
f 2629/2629 2539/2539 2531/2531
f 2649/2649 2471/2471 2502/2502
f 2520/2520 2571/2571 2706/2706
f 2603/2603 2526/2526 2614/2614
f 2580/2580 2568/2568 2630/2630
f 2515/2515 2523/2523 2791/2791
f 2576/2576 2638/2638 2668/2668
f 2611/2611 2588/2588 2661/2661
f 2641/2641 2642/2642 2580/2580
f 2593/2593 2745/2745 2600/2600
f 2586/2586 2603/2603 2614/2614
f 2570/2570 2528/2528 2684/2684
f 2563/2563 2581/2581 2577/2577
f 2642/2642 2669/2669 2609/2609
f 2662/2662 2585/2585 2682/2682
f 2682/2682 2585/2585 2517/2517
f 2591/2591 2616/2616 2586/2586
f 2545/2545 2553/2553 2731/2731
f 2528/2528 2582/2582 2684/2684
f 2623/2623 2607/2607 2667/2667
f 2607/2607 2546/2546 2645/2645
f 2626/2626 2646/2646 2762/2762
f 2614/2614 2526/2526 2628/2628
f 2550/2550 2527/2527 2677/2677
f 2618/2618 2608/2608 2721/2721
f 2516/2516 2688/2688 2589/2589
f 2713/2713 2541/2541 2639/2639
f 2530/2530 2731/2731 2659/2659
f 2660/2660 2604/2604 2615/2615
f 2571/2571 2589/2589 2688/2688
f 2595/2595 2619/2619 2664/2664
f 2634/2634 2590/2590 2680/2680
f 2630/2630 2672/2672 2580/2580
f 2650/2650 2664/2664 2597/2597
f 2602/2602 2550/2550 2622/2622
f 2607/2607 2645/2645 2658/2658
f 2615/2615 2634/2634 2660/2660
f 2577/2577 2581/2581 2647/2647
f 2629/2629 2531/2531 2621/2621
f 2581/2581 2624/2624 2647/2647
f 2591/2591 2586/2586 2692/2692
f 2620/2620 2564/2564 2656/2656
f 2668/2668 2709/2709 2576/2576
f 2621/2621 2620/2620 2656/2656
f 2637/2637 2572/2572 2764/2764
f 2625/2625 2635/2635 2685/2685
f 2676/2676 2539/2539 2629/2629
f 2635/2635 2567/2567 2651/2651
f 2516/2516 2632/2632 2700/2700
f 2688/2688 2706/2706 2571/2571
f 2721/2721 2608/2608 2686/2686
f 2639/2639 2627/2627 2739/2739
f 2682/2682 2517/2517 2636/2636
f 2596/2596 2637/2637 2652/2652
f 2646/2646 2622/2622 2698/2698
f 2670/2670 2663/2663 2610/2610
f 2667/2667 2607/2607 2658/2658
f 2671/2671 2559/2559 2691/2691
f 2525/2525 2674/2674 2617/2617
f 2590/2590 2663/2663 2680/2680
f 2548/2548 2530/2530 2744/2744
f 2520/2520 2706/2706 2631/2631
f 2471/2471 2649/2649 2696/2696
f 2632/2632 2633/2633 2727/2727
f 2656/2656 2564/2564 2655/2655
f 2670/2670 2699/2699 2663/2663
f 2564/2564 2599/2599 2655/2655
f 2468/2468 2681/2681 2653/2653
f 2686/2686 2594/2594 2692/2692
f 2608/2608 2594/2594 2686/2686
f 2648/2648 2561/2561 2675/2675
f 2637/2637 2764/2764 2652/2652
f 2527/2527 2604/2604 2677/2677
f 2628/2628 2577/2577 2647/2647
f 2665/2665 2566/2566 2715/2715
f 2672/2672 2641/2641 2580/2580
f 2651/2651 2585/2585 2662/2662
f 2628/2628 2657/2657 2614/2614
f 2691/2691 2559/2559 2613/2613
f 2624/2624 2625/2625 2685/2685
f 2688/2688 2516/2516 2700/2700
f 2645/2645 2666/2666 2658/2658
f 2638/2638 2644/2644 2767/2767
f 2640/2640 2673/2673 2643/2643
f 2645/2645 2631/2631 2666/2666
f 2644/2644 2643/2643 2673/2673
f 2634/2634 2680/2680 2693/2693
f 2596/2596 2652/2652 2745/2745
f 2705/2705 2664/2664 2650/2650
f 2594/2594 2591/2591 2692/2692
f 2640/2640 2611/2611 2661/2661
f 2633/2633 2595/2595 2727/2727
f 2474/2474 2708/2708 2627/2627
f 2669/2669 2642/2642 2641/2641
f 2525/2525 2683/2683 2674/2674
f 2649/2649 2606/2606 2671/2671
f 2647/2647 2624/2624 2685/2685
f 2710/2710 2699/2699 2670/2670
f 2683/2683 2648/2648 2712/2712
f 2764/2764 2623/2623 2667/2667
f 2702/2702 2570/2570 2684/2684
f 2677/2677 2704/2704 2550/2550
f 2550/2550 2704/2704 2622/2622
f 2661/2661 2570/2570 2702/2702
f 2663/2663 2699/2699 2680/2680
f 2613/2613 2507/2507 2787/2787
f 2735/2735 2553/2553 2554/2554
f 2700/2700 2632/2632 2727/2727
f 2543/2543 2678/2678 2507/2507
f 2740/2740 2628/2628 2647/2647
f 2605/2605 2653/2653 2770/2770
f 2677/2677 2604/2604 2690/2690
f 2648/2648 2675/2675 2712/2712
f 2657/2657 2628/2628 2740/2740
f 2662/2662 2792/2792 2651/2651
f 2641/2641 2672/2672 2694/2694
f 2666/2666 2631/2631 2766/2766
f 2631/2631 2706/2706 2766/2766
f 2714/2714 2515/2515 2791/2791
f 2707/2707 2664/2664 2705/2705
f 2666/2666 2701/2701 2658/2658
f 2600/2600 2745/2745 2654/2654
f 2653/2653 2681/2681 2711/2711
f 2721/2721 2722/2722 2618/2618
f 2647/2647 2685/2685 2738/2738
f 2684/2684 2582/2582 2781/2781
f 2650/2650 2618/2618 2722/2722
f 2604/2604 2660/2660 2690/2690
f 2669/2669 2641/2641 2717/2717
f 2703/2703 2644/2644 2673/2673
f 2762/2762 2646/2646 2698/2698
f 2629/2629 2621/2621 2801/2801
f 2659/2659 2695/2695 2530/2530
f 2762/2762 2582/2582 2626/2626
f 2708/2708 2471/2471 2696/2696
f 2544/2544 2548/2548 2744/2744
f 2595/2595 2664/2664 2707/2707
f 2727/2727 2595/2595 2707/2707
f 2691/2691 2613/2613 2797/2797
f 2661/2661 2741/2741 2640/2640
f 2787/2787 2507/2507 2678/2678
f 2651/2651 2792/2792 2635/2635
f 2673/2673 2640/2640 2741/2741
f 2555/2555 2665/2665 2732/2732
f 2691/2691 2649/2649 2671/2671
f 2660/2660 2634/2634 2697/2697
f 2709/2709 2668/2668 2720/2720
f 2682/2682 2689/2689 2662/2662
f 2636/2636 2709/2709 2758/2758
f 2677/2677 2690/2690 2747/2747
f 2586/2586 2614/2614 2724/2724
f 2686/2686 2692/2692 2772/2772
f 2658/2658 2701/2701 2667/2667
f 2676/2676 2629/2629 2752/2752
f 2733/2733 2735/2735 2554/2554
f 2750/2750 2672/2672 2630/2630
f 2676/2676 2749/2749 2675/2675
f 2553/2553 2735/2735 2731/2731
f 2630/2630 2714/2714 2750/2750
f 2653/2653 2711/2711 2769/2769
f 2668/2668 2638/2638 2767/2767
f 2698/2698 2622/2622 2755/2755
f 2627/2627 2708/2708 2739/2739
f 2676/2676 2763/2763 2749/2749
f 2652/2652 2764/2764 2719/2719
f 2566/2566 2687/2687 2715/2715
f 2621/2621 2656/2656 2726/2726
f 2635/2635 2792/2792 2738/2738
f 2781/2781 2582/2582 2762/2762
f 2685/2685 2635/2635 2738/2738
f 2655/2655 2726/2726 2656/2656
f 2723/2723 2687/2687 2598/2598
f 2681/2681 2713/2713 2711/2711
f 2674/2674 2683/2683 2789/2789
f 2666/2666 2765/2765 2701/2701
f 2752/2752 2629/2629 2801/2801
f 2797/2797 2613/2613 2968/2968
f 2700/2700 2806/2806 2688/2688
f 2641/2641 2694/2694 2728/2728
f 2622/2622 2704/2704 2755/2755
f 2712/2712 2675/2675 2734/2734
f 2717/2717 2641/2641 2728/2728
f 2676/2676 2752/2752 2763/2763
f 2644/2644 2703/2703 2767/2767
f 2692/2692 2586/2586 2724/2724
f 2774/2774 2682/2682 2636/2636
f 2693/2693 2680/2680 2730/2730
f 2737/2737 2675/2675 2749/2749
f 2721/2721 2686/2686 2772/2772
f 2742/2742 2722/2722 2721/2721
f 2614/2614 2756/2756 2724/2724
f 2661/2661 2702/2702 2741/2741
f 2614/2614 2657/2657 2756/2756
f 2801/2801 2621/2621 2726/2726
f 2680/2680 2699/2699 2730/2730
f 2710/2710 2670/2670 2718/2718
f 2789/2789 2683/2683 2743/2743
f 2705/2705 2650/2650 2722/2722
f 2969/2969 2612/2612 2788/2788
f 2694/2694 2672/2672 2716/2716
f 2693/2693 2697/2697 2634/2634
f 2530/2530 2695/2695 2736/2736
f 2766/2766 2706/2706 2729/2729
f 2791/2791 2605/2605 2770/2770
f 2729/2729 2706/2706 2688/2688
f 2662/2662 2689/2689 2777/2777
f 2750/2750 2716/2716 2672/2672
f 2652/2652 2773/2773 2745/2745
f 2683/2683 2712/2712 2743/2743
f 2598/2598 2617/2617 2723/2723
f 2739/2739 2708/2708 2859/2859
f 2758/2758 2774/2774 2636/2636
f 2675/2675 2737/2737 2734/2734
f 2692/2692 2724/2724 2754/2754
f 2657/2657 2740/2740 2759/2759
f 2740/2740 2647/2647 2850/2850
f 2755/2755 2704/2704 2747/2747
f 2720/2720 2758/2758 2709/2709
f 2850/2850 2647/2647 2738/2738
f 2703/2703 2673/2673 2786/2786
f 2952/2952 2691/2691 2797/2797
f 2714/2714 2791/2791 2798/2798
f 2662/2662 2777/2777 2792/2792
f 2704/2704 2677/2677 2747/2747
f 2702/2702 2684/2684 2811/2811
f 2673/2673 2741/2741 2786/2786
f 2666/2666 2766/2766 2765/2765
f 2771/2771 2684/2684 2781/2781
f 2756/2756 2657/2657 2815/2815
f 2728/2728 2760/2760 2717/2717
f 2719/2719 2773/2773 2652/2652
f 2761/2761 2710/2710 2718/2718
f 2682/2682 2774/2774 2689/2689
f 2764/2764 2667/2667 2757/2757
f 2720/2720 2668/2668 2849/2849
f 2679/2679 2544/2544 2788/2788
f 2727/2727 2707/2707 2795/2795
f 2708/2708 2696/2696 2891/2891
f 2705/2705 2768/2768 2785/2785
f 2707/2707 2705/2705 2785/2785
f 2700/2700 2727/2727 2795/2795
f 2701/2701 2765/2765 2778/2778
f 2743/2743 2712/2712 2734/2734
f 2776/2776 2692/2692 2754/2754
f 2654/2654 2745/2745 2808/2808
f 2741/2741 2702/2702 2811/2811
f 2827/2827 2755/2755 2747/2747
f 2882/2882 2715/2715 2687/2687
f 2762/2762 2698/2698 2805/2805
f 2719/2719 2764/2764 2757/2757
f 2824/2824 2720/2720 2849/2849
f 2710/2710 2761/2761 2836/2836
f 2734/2734 2737/2737 2748/2748
f 2860/2860 2724/2724 2756/2756
f 2861/2861 2757/2757 2667/2667
f 2667/2667 2746/2746 2861/2861
f 2697/2697 2693/2693 2779/2779
f 2659/2659 2731/2731 2846/2846
f 2811/2811 2684/2684 2771/2771
f 2731/2731 2735/2735 2846/2846
f 2694/2694 2716/2716 2802/2802
f 2728/2728 2694/2694 2802/2802
f 2732/2732 2665/2665 2847/2847
f 2766/2766 2729/2729 2780/2780
f 2850/2850 2838/2838 2740/2740
f 2759/2759 2740/2740 2838/2838
f 2815/2815 2657/2657 2759/2759
f 2758/2758 2720/2720 2824/2824
f 2820/2820 2692/2692 2776/2776
f 2789/2789 2743/2743 2889/2889
f 2695/2695 2659/2659 2846/2846
f 2746/2746 2701/2701 2861/2861
f 2667/2667 2701/2701 2746/2746
f 2689/2689 2774/2774 2823/2823
f 2763/2763 2752/2752 2872/2872
f 2772/2772 2742/2742 2721/2721
f 2772/2772 2692/2692 2820/2820
f 2749/2749 2813/2813 2737/2737
f 2768/2768 2705/2705 2722/2722
f 2750/2750 2714/2714 2831/2831
f 2848/2848 2730/2730 2699/2699
f 2699/2699 2710/2710 2844/2844
f 2795/2795 2707/2707 2785/2785
f 2728/2728 2802/2802 2760/2760
f 2693/2693 2730/2730 2913/2913
f 2711/2711 2713/2713 2639/2639
f 2775/2775 2753/2753 2790/2790
f 2779/2779 2693/2693 2913/2913
f 2801/2801 2726/2726 2782/2782
f 2649/2649 2691/2691 2952/2952
f 2806/2806 2700/2700 2795/2795
f 2748/2748 2743/2743 2734/2734
f 2775/2775 2804/2804 2753/2753
f 2786/2786 2741/2741 2811/2811
f 2710/2710 2836/2836 2844/2844
f 2744/2744 2530/2530 2736/2736
f 2793/2793 2732/2732 2847/2847
f 2771/2771 2781/2781 2865/2865
f 2689/2689 2823/2823 2777/2777
f 2813/2813 2748/2748 2737/2737
f 2774/2774 2758/2758 2824/2824
f 2674/2674 2834/2834 2617/2617
f 2858/2858 2769/2769 2711/2711
f 2756/2756 2815/2815 2912/2912
f 2842/2842 2791/2791 2770/2770
f 2716/2716 2750/2750 2784/2784
f 2665/2665 2715/2715 2847/2847
f 2735/2735 2733/2733 2794/2794
f 2804/2804 2790/2790 2753/2753
f 2639/2639 2858/2858 2711/2711
f 2775/2775 2803/2803 2810/2810
f 2790/2790 2803/2803 2775/2775
f 2879/2879 2767/2767 2703/2703
f 2699/2699 2844/2844 2848/2848
f 2788/2788 2544/2544 2855/2855
f 2859/2859 2708/2708 2891/2891
f 2729/2729 2688/2688 2806/2806
f 2863/2863 2660/2660 2697/2697
f 2690/2690 2660/2660 2863/2863
f 2804/2804 2775/2775 2810/2810
f 2754/2754 2790/2790 2776/2776
f 2783/2783 2762/2762 2805/2805
f 2820/2820 2776/2776 2790/2790
f 2742/2742 2772/2772 2928/2928
f 2698/2698 2755/2755 2827/2827
f 2827/2827 2805/2805 2698/2698
f 2790/2790 2804/2804 2820/2820
f 2763/2763 2872/2872 2814/2814
f 2781/2781 2762/2762 2783/2783
f 2770/2770 2653/2653 2769/2769
f 2716/2716 2784/2784 2816/2816
f 2716/2716 2816/2816 2802/2802
f 2792/2792 2777/2777 2833/2833
f 2639/2639 2739/2739 2858/2858
f 2773/2773 2808/2808 2745/2745
f 2821/2821 2811/2811 2771/2771
f 2838/2838 2809/2809 2759/2759
f 2820/2820 2853/2853 2772/2772
f 2784/2784 2750/2750 2831/2831
f 2782/2782 2726/2726 2818/2818
f 2767/2767 2849/2849 2668/2668
f 2909/2909 2768/2768 2722/2722
f 2747/2747 2690/2690 2863/2863
f 2695/2695 2846/2846 2892/2892
f 2722/2722 2742/2742 2909/2909
f 2714/2714 2798/2798 2831/2831
f 2928/2928 2772/2772 2840/2840
f 2724/2724 2832/2832 2754/2754
f 2795/2795 2785/2785 2915/2915
f 2887/2887 2792/2792 2833/2833
f 2846/2846 2735/2735 2794/2794
f 2802/2802 2845/2845 2760/2760
f 2830/2830 2778/2778 2765/2765
f 2766/2766 2830/2830 2765/2765
f 2780/2780 2830/2830 2766/2766
f 2828/2828 2799/2799 2751/2751
f 2790/2790 2754/2754 2803/2803
f 2813/2813 2749/2749 2866/2866
f 2815/2815 2759/2759 2904/2904
f 2882/2882 2723/2723 2881/2881
f 2687/2687 2723/2723 2882/2882
f 2752/2752 2801/2801 2872/2872
f 2840/2840 2772/2772 2853/2853
f 2861/2861 2701/2701 2835/2835
f 2723/2723 2617/2617 2834/2834
f 2544/2544 2744/2744 2855/2855
f 2844/2844 2836/2836 2841/2841
f 2806/2806 2795/2795 2886/2886
f 2749/2749 2763/2763 2814/2814
f 2793/2793 2847/2847 2867/2867
f 2804/2804 2854/2854 2820/2820
f 2827/2827 2825/2825 2805/2805
f 2785/2785 2768/2768 2915/2915
f 2792/2792 2850/2850 2738/2738
f 2816/2816 2817/2817 2802/2802
f 2848/2848 2913/2913 2730/2730
f 2795/2795 2915/2915 2923/2923
f 2845/2845 2802/2802 2817/2817
f 2827/2827 2747/2747 2878/2878
f 2823/2823 2774/2774 2899/2899
f 2826/2826 2827/2827 2878/2878
f 2725/2725 2654/2654 2930/2930
f 2654/2654 2808/2808 2930/2930
f 2701/2701 2778/2778 2835/2835
f 2747/2747 2863/2863 2916/2916
f 2849/2849 2767/2767 2879/2879
f 2748/2748 2889/2889 2743/2743
f 2812/2812 2865/2865 2781/2781
f 2909/2909 2742/2742 2928/2928
f 2899/2899 2774/2774 2824/2824
f 2773/2773 2719/2719 2893/2893
f 2915/2915 2768/2768 2852/2852
f 2796/2796 2969/2969 2936/2936
f 2837/2837 2760/2760 2845/2845
f 2904/2904 2912/2912 2815/2815
f 2777/2777 2823/2823 2833/2833
f 2858/2858 2739/2739 2932/2932
f 2703/2703 2786/2786 2879/2879
f 2871/2871 2822/2822 2807/2807
f 2800/2800 2829/2829 2871/2871
f 2800/2800 2871/2871 2807/2807
f 2856/2856 2782/2782 2956/2956
f 2786/2786 2811/2811 2839/2839
f 2818/2818 2956/2956 2782/2782
f 2865/2865 2821/2821 2771/2771
f 2806/2806 2857/2857 2729/2729
f 2832/2832 2724/2724 2998/2998
f 2809/2809 2904/2904 2759/2759
f 2889/2889 2748/2748 2851/2851
f 2723/2723 2834/2834 2881/2881
f 2854/2854 2804/2804 2873/2873
f 2860/2860 2998/2998 2724/2724
f 2778/2778 2830/2830 2835/2835
f 2803/2803 2754/2754 2832/2832
f 2801/2801 2782/2782 2856/2856
f 2862/2862 2810/2810 2803/2803
f 2783/2783 2812/2812 2781/2781
f 2855/2855 2744/2744 2736/2736
f 2816/2816 2784/2784 2843/2843
f 2791/2791 2842/2842 2798/2798
f 2863/2863 2697/2697 2779/2779
f 3014/3014 2951/2951 2796/2796
f 2817/2817 2816/2816 2843/2843
f 2873/2873 2810/2810 2862/2862
f 2814/2814 2866/2866 2749/2749
f 2804/2804 2810/2810 2873/2873
f 2809/2809 2838/2838 2890/2890
f 2825/2825 2898/2898 2805/2805
f 2783/2783 2805/2805 2898/2898
f 2784/2784 2831/2831 2876/2876
f 2909/2909 2852/2852 2768/2768
f 2780/2780 2729/2729 2857/2857
f 2747/2747 2916/2916 2878/2878
f 2812/2812 2783/2783 2898/2898
f 2842/2842 2770/2770 2869/2869
f 2973/2973 2891/2891 2696/2696
f 2795/2795 2923/2923 2920/2920
f 2850/2850 2792/2792 2887/2887
f 2674/2674 2789/2789 2889/2889
f 2847/2847 2715/2715 3046/3046
f 2845/2845 2817/2817 2843/2843
f 2846/2846 2794/2794 2868/2868
f 2890/2890 2838/2838 2929/2929
f 2861/2861 2835/2835 2884/2884
f 2786/2786 2839/2839 2879/2879
f 2824/2824 2849/2849 2924/2924
f 2846/2846 2868/2868 2900/2900
f 2779/2779 2913/2913 2874/2874
f 2863/2863 2779/2779 2874/2874
f 2912/2912 2860/2860 2756/2756
f 2811/2811 2821/2821 2839/2839
f 2780/2780 2857/2857 2901/2901
f 2872/2872 2801/2801 2856/2856
f 2824/2824 2924/2924 2899/2899
f 2808/2808 2773/2773 2893/2893
f 2854/2854 2873/2873 2877/2877
f 2838/2838 2850/2850 2929/2929
f 2888/2888 2822/2822 2897/2897
f 2837/2837 2845/2845 2917/2917
f 2969/2969 2788/2788 2855/2855
f 2906/2906 2739/2739 2859/2859
f 2696/2696 2649/2649 2973/2973
f 2831/2831 2798/2798 2966/2966
f 2825/2825 2827/2827 2826/2826
f 2803/2803 2832/2832 2945/2945
f 2920/2920 2886/2886 2795/2795
f 2819/2819 2725/2725 2930/2930
f 2862/2862 2803/2803 2945/2945
f 2892/2892 2846/2846 2900/2900
f 2874/2874 2913/2913 2955/2955
f 2840/2840 2853/2853 2864/2864
f 2864/2864 2853/2853 2877/2877
f 2869/2869 2770/2770 2769/2769
f 2930/2930 2808/2808 2949/2949
f 2834/2834 2674/2674 2870/2870
f 3088/3088 2998/2998 2860/2860
f 2757/2757 2861/2861 2911/2911
f 2843/2843 2784/2784 2876/2876
f 2845/2845 2843/2843 2894/2894
f 2674/2674 2889/2889 2870/2870
f 2871/2871 2897/2897 2822/2822
f 2871/2871 2829/2829 2941/2941
f 2854/2854 2853/2853 2820/2820
f 2854/2854 2877/2877 2853/2853
f 2922/2922 2845/2845 2894/2894
f 3023/3023 2966/2966 2798/2798
f 2945/2945 2832/2832 2998/2998
f 2936/2936 3014/3014 2796/2796
f 2715/2715 2882/2882 3046/3046
f 2865/2865 2812/2812 2919/2919
f 2928/2928 2840/2840 2902/2902
f 2719/2719 2757/2757 2875/2875
f 2875/2875 2893/2893 2719/2719
f 2964/2964 2863/2863 2874/2874
f 2929/2929 2850/2850 2903/2903
f 3036/3036 2859/2859 2891/2891
f 2857/2857 2806/2806 3027/3027
f 2916/2916 2863/2863 2964/2964
f 2813/2813 2885/2885 2748/2748
f 2876/2876 2831/2831 2966/2966
f 2889/2889 2851/2851 2926/2926
f 2893/2893 2949/2949 2808/2808
f 2892/2892 2736/2736 2695/2695
f 2969/2969 2855/2855 2895/2895
f 2864/2864 2877/2877 2905/2905
f 3023/3023 2798/2798 2842/2842
f 2872/2872 2856/2856 2958/2958
f 2835/2835 2830/2830 2896/2896
f 2856/2856 2956/2956 2910/2910
f 2826/2826 2927/2927 2825/2825
f 2736/2736 2892/2892 2965/2965
f 2898/2898 2825/2825 2927/2927
f 2889/2889 2926/2926 3003/3003
f 2841/2841 2836/2836 2918/2918
f 3025/3025 2833/2833 2823/2823
f 2844/2844 2841/2841 2931/2931
f 2911/2911 2861/2861 2884/2884
f 2904/2904 2809/2809 2890/2890
f 2885/2885 2851/2851 2748/2748
f 2839/2839 2821/2821 2953/2953
f 2850/2850 2887/2887 2903/2903
f 2917/2917 2845/2845 2922/2922
f 2780/2780 2901/2901 3017/3017
f 2871/2871 2921/2921 2897/2897
f 2830/2830 2780/2780 3017/3017
f 2896/2896 2830/2830 3017/3017
f 2921/2921 2871/2871 2941/2941
f 3059/3059 2920/2920 2923/2923
f 2893/2893 2875/2875 2979/2979
f 2996/2996 2867/2867 2847/2847
f 2902/2902 2840/2840 2864/2864
f 2949/2949 2893/2893 2979/2979
f 2958/2958 2946/2946 2872/2872
f 2875/2875 2757/2757 2943/2943
f 2812/2812 2898/2898 2919/2919
f 2877/2877 2947/2947 2905/2905
f 2906/2906 2859/2859 3036/3036
f 2953/2953 2821/2821 2865/2865
f 2943/2943 2757/2757 2911/2911
f 2901/2901 2857/2857 2914/2914
f 2848/2848 2844/2844 2931/2931
f 2813/2813 2866/2866 2885/2885
f 2924/2924 2849/2849 2879/2879
f 2868/2868 2907/2907 2900/2900
f 2957/2957 2819/2819 2934/2934
f 3000/3000 2736/2736 2965/2965
f 2873/2873 2947/2947 2877/2877
f 2886/2886 3027/3027 2806/2806
f 2858/2858 2967/2967 2769/2769
f 2931/2931 2933/2933 2848/2848
f 2933/2933 2960/2960 2848/2848
f 2894/2894 2843/2843 2972/2972
f 2848/2848 2960/2960 2913/2913
f 2906/2906 2932/2932 2739/2739
f 2929/2929 3024/3024 2890/2890
f 2952/2952 2973/2973 2649/2649
f 3015/3015 2736/2736 3000/3000
f 2857/2857 3027/3027 2914/2914
f 2814/2814 2872/2872 2946/2946
f 2911/2911 2884/2884 2977/2977
f 2908/2908 2867/2867 2996/2996
f 2967/2967 2858/2858 2932/2932
f 2873/2873 2862/2862 2944/2944
f 2919/2919 2898/2898 2927/2927
f 2896/2896 2884/2884 2835/2835
f 2819/2819 2930/2930 2934/2934
f 2851/2851 2885/2885 2926/2926
f 2823/2823 2899/2899 2950/2950
f 2896/2896 2925/2925 2884/2884
f 2953/2953 2865/2865 2919/2919
f 2892/2892 2900/2900 3004/3004
f 2984/2984 2879/2879 2839/2839
f 2876/2876 2972/2972 2843/2843
f 3013/3013 2878/2878 2916/2916
f 2883/2883 2880/2880 3076/3076
f 3027/3027 2886/2886 2920/2920
f 2894/2894 2972/2972 2922/2922
f 2839/2839 2953/2953 2935/2935
f 3017/3017 2901/2901 2954/2954
f 2954/2954 2901/2901 2914/2914
f 2888/2888 2897/2897 2975/2975
f 2909/2909 3010/3010 2852/2852
f 2931/2931 2841/2841 2981/2981
f 2930/2930 2949/2949 3058/3058
f 2958/2958 2856/2856 2962/2962
f 2864/2864 2905/2905 2948/2948
f 2823/2823 2950/2950 3025/3025
f 2975/2975 2897/2897 2996/2996
f 2996/2996 2847/2847 3046/3046
f 2897/2897 2921/2921 2938/2938
f 2905/2905 2947/2947 2985/2985
f 2938/2938 2908/2908 2897/2897
f 3010/3010 2989/2989 2852/2852
f 2947/2947 2873/2873 2944/2944
f 2887/2887 2833/2833 2990/2990
f 2889/2889 3003/3003 2870/2870
f 2903/2903 2887/2887 2990/2990
f 2964/2964 2874/2874 2955/2955
f 2885/2885 2866/2866 3028/3028
f 2855/2855 2736/2736 3041/3041
f 2912/2912 2904/2904 2980/2980
f 2981/2981 2841/2841 2918/2918
f 2907/2907 2937/2937 2900/2900
f 2891/2891 2973/2973 2939/2939
f 2902/2902 2864/2864 2948/2948
f 3025/3025 2990/2990 2833/2833
f 2908/2908 2996/2996 2897/2897
f 2976/2976 2826/2826 2878/2878
f 2953/2953 2919/2919 3029/3029
f 2769/2769 2967/2967 2869/2869
f 2927/2927 2826/2826 2976/2976
f 2879/2879 2984/2984 3019/3019
f 2924/2924 2879/2879 3019/3019
f 2962/2962 2856/2856 2910/2910
f 2890/2890 3024/3024 2997/2997
f 2955/2955 2913/2913 2960/2960
f 2899/2899 2924/2924 3019/3019
f 2839/2839 2935/2935 2984/2984
f 2866/2866 2814/2814 3028/3028
f 3041/3041 2736/2736 3015/3015
f 2915/2915 2852/2852 2989/2989
f 2941/2941 2938/2938 2921/2921
f 2917/2917 2922/2922 2994/2994
f 3013/3013 2916/2916 2964/2964
f 2950/2950 2899/2899 3019/3019
f 2915/2915 3122/3122 2923/2923
f 2948/2948 2905/2905 2993/2993
f 2862/2862 2945/2945 2944/2944
f 3003/3003 2926/2926 3040/3040
f 2979/2979 3052/3052 2949/2949
f 2925/2925 2896/2896 3017/3017
f 2943/2943 2911/2911 2978/2978
f 2928/2928 3068/3068 2909/2909
f 2875/2875 2943/2943 2999/2999
f 2910/2910 2956/2956 3044/3044
f 2930/2930 3058/3058 3002/3002
f 2965/2965 2892/2892 3004/3004
f 2928/2928 2902/2902 2961/2961
f 2900/2900 2937/2937 3004/3004
f 2972/2972 2959/2959 2922/2922
f 2903/2903 2990/2990 3016/3016
f 2934/2934 2930/2930 3002/3002
f 2978/2978 2911/2911 2977/2977
f 2902/2902 2948/2948 2961/2961
f 2967/2967 2932/2932 2963/2963
f 2993/2993 2905/2905 2985/2985
f 2919/2919 2927/2927 2982/2982
f 2981/2981 2918/2918 2995/2995
f 2979/2979 2875/2875 2999/2999
f 2976/2976 2878/2878 3013/3013
f 2953/2953 3029/3029 2935/2935
f 3086/3086 2912/2912 2980/2980
f 3028/3028 2814/2814 2946/2946
f 3036/3036 2891/2891 2939/2939
f 2884/2884 2925/2925 3011/3011
f 2994/2994 2922/2922 2991/2991
f 2977/2977 2884/2884 3011/3011
f 3068/3068 2928/2928 2961/2961
f 2982/2982 3029/3029 2919/2919
f 2963/2963 2932/2932 3168/3168
f 2929/2929 2903/2903 3024/3024
f 2904/2904 2890/2890 3051/3051
f 2926/2926 2885/2885 3040/3040
f 2980/2980 2904/2904 3051/3051
f 3045/3045 2957/2957 2934/2934
f 3051/3051 2890/2890 2997/2997
f 2983/2983 2947/2947 2988/2988
f 2947/2947 2983/2983 2985/2985
f 2987/2987 2993/2993 2983/2983
f 2885/2885 3028/3028 3001/3001
f 2914/2914 3027/3027 3108/3108
f 2972/2972 2876/2876 3007/3007
f 2942/2942 3057/3057 2937/2937
f 3059/3059 3027/3027 2920/2920
f 3007/3007 2959/2959 2972/2972
f 3008/3008 3013/3013 2964/2964
f 2945/2945 2998/2998 3038/3038
f 2989/2989 3122/3122 2915/2915
f 2925/2925 3017/3017 3033/3033
f 3019/3019 2984/2984 3113/3113
f 3020/3020 2970/2970 3005/3005
f 2947/2947 2944/2944 2988/2988
f 2954/2954 2914/2914 3108/3108
f 3011/3011 2925/2925 3033/3033
f 3068/3068 3010/3010 2909/2909
f 2922/2922 2959/2959 2991/2991
f 2974/2974 2951/2951 3180/3180
f 3037/3037 2987/2987 3021/3021
f 2993/2993 2987/2987 3037/3037
f 2987/2987 2983/2983 2988/2988
f 2971/2971 2975/2975 3006/3006
f 2961/2961 2993/2993 3037/3037
f 2948/2948 2993/2993 2961/2961
f 3023/3023 3035/3035 2966/2966
f 3003/3003 3040/3040 3106/3106
f 2986/2986 3057/3057 2942/2942
f 2860/2860 3086/3086 3088/3088
f 2937/2937 3057/3057 3004/3004
f 3026/3026 3008/3008 2964/2964
f 2965/2965 3150/3150 3000/3000
f 2993/2993 2985/2985 2983/2983
f 2940/2940 2974/2974 3030/3030
f 2860/2860 2912/2912 3086/3086
f 2943/2943 2978/2978 3032/3032
f 2990/2990 3025/3025 3031/3031
f 3040/3040 2885/2885 3001/3001
f 3068/3068 2961/2961 3022/3022
f 2964/2964 2955/2955 3026/3026
f 2977/2977 3011/3011 2978/2978
f 2883/2883 3076/3076 3065/3065
f 3026/3026 2955/2955 2960/2960
f 2950/2950 3019/3019 3064/3064
f 2999/2999 2943/2943 3039/3039
f 3037/3037 3022/3022 2961/2961
f 3016/3016 3053/3053 2903/2903
f 3058/3058 2949/2949 3052/3052
f 2931/2931 2981/2981 3073/3073
f 3044/3044 3102/3102 2910/2910
f 3025/3025 2950/2950 3064/3064
f 2962/2962 3080/3080 2958/2958
f 2984/2984 2935/2935 3113/3113
f 3180/3180 2951/2951 3014/3014
f 2876/2876 2966/2966 3035/3035
f 2869/2869 2967/2967 3061/3061
f 2965/2965 3004/3004 3075/3075
f 2969/2969 2895/2895 3047/3047
f 2958/2958 3080/3080 2946/2946
f 3057/3057 2986/2986 3042/3042
f 2881/2881 2834/2834 3079/3079
f 2927/2927 2976/2976 2982/2982
f 2934/2934 3002/3002 3045/3045
f 2959/2959 3007/3007 3009/3009
f 2945/2945 3038/3038 3118/3118
f 3031/3031 3016/3016 2990/2990
f 2944/2944 2945/2945 3118/3118
f 2976/2976 3013/3013 3117/3117
f 3024/3024 2903/2903 3053/3053
f 3010/3010 3092/3092 2989/2989
f 3042/3042 3020/3020 3005/3005
f 3021/3021 2987/2987 2988/2988
f 2906/2906 3036/3036 3129/3129
f 3004/3004 3057/3057 3091/3091
f 2936/2936 2969/2969 3047/3047
f 3007/3007 2876/2876 3035/3035
f 2967/2967 3063/3063 3061/3061
f 3014/3014 2936/2936 3062/3062
f 3046/3046 2882/2882 3066/3066
f 2935/2935 3029/3029 3050/3050
f 3041/3041 3085/3085 2855/2855
f 3047/3047 3062/3062 2936/2936
f 3031/3031 3025/3025 3100/3100
f 2962/2962 2910/2910 3102/3102
f 2979/2979 3069/3069 3052/3052
f 2979/2979 2999/2999 3069/3069
f 2959/2959 3009/3009 2991/2991
f 3076/3076 2880/2880 3078/3078
f 2975/2975 2996/2996 3054/3054
f 3150/3150 3015/3015 3000/3000
f 2933/2933 2931/2931 3090/3090
f 3122/3122 2989/2989 3092/3092
f 3007/3007 3035/3035 3018/3018
f 3028/3028 2946/2946 3080/3080
f 3023/3023 2842/2842 3049/3049
f 3072/3072 3021/3021 2988/2988
f 2842/2842 2869/2869 3049/3049
f 3022/3022 3037/3037 3048/3048
f 2986/2986 3020/3020 3042/3042
f 3053/3053 3016/3016 3084/3084
f 2978/2978 3011/3011 3070/3070
f 3070/3070 3032/3032 2978/2978
f 3034/3034 2834/2834 3107/3107
f 3011/3011 3033/3033 3070/3070
f 3006/3006 2975/2975 3054/3054
f 2932/2932 2906/2906 3129/3129
f 3073/3073 2981/2981 2995/2995
f 3021/3021 3072/3072 3037/3037
f 2944/2944 3118/3118 2988/2988
f 2834/2834 2870/2870 3107/3107
f 3075/3075 3004/3004 3095/3095
f 3095/3095 3004/3004 3091/3091
f 3119/3119 3090/3090 2931/2931
f 3122/3122 3153/3153 2923/2923
f 3067/3067 2988/2988 3118/3118
f 3067/3067 3072/3072 2988/2988
f 3069/3069 2999/2999 3039/3039
f 3009/3009 3007/3007 3081/3081
f 3032/3032 3039/3039 2943/2943
f 2997/2997 3024/3024 3154/3154
f 3055/3055 3042/3042 3005/3005
f 3038/3038 2998/2998 3056/3056
f 3012/3012 3013/3013 3008/3008
f 3064/3064 3100/3100 3025/3025
f 2869/2869 3061/3061 3115/3115
f 3052/3052 3069/3069 3109/3109
f 3034/3034 3079/3079 2834/2834
f 3029/3029 2982/2982 3093/3093
f 2931/2931 3073/3073 3119/3119
f 2996/2996 3046/3046 3054/3054
f 2960/2960 2933/2933 3090/3090
f 3090/3090 3043/3043 2960/2960
f 3063/3063 2967/2967 3111/3111
f 3111/3111 2967/2967 2963/2963
f 3045/3045 3002/3002 3097/3097
f 3116/3116 3106/3106 3040/3040
f 3058/3058 3097/3097 3002/3002
f 3037/3037 3072/3072 3048/3048
f 3088/3088 3056/3056 2998/2998
f 3040/3040 3001/3001 3060/3060
f 3008/3008 3026/3026 3132/3132
f 3147/3147 2976/2976 3117/3117
f 3027/3027 3059/3059 3089/3089
f 2991/2991 3009/3009 3082/3082
f 3168/3168 2932/2932 3129/3129
f 3059/3059 2923/2923 3089/3089
f 3082/3082 3009/3009 3081/3081
f 2982/2982 2976/2976 3114/3114
f 3070/3070 3033/3033 3017/3017
f 3041/3041 3015/3015 3150/3150
f 3173/3173 2940/2940 3030/3030
f 3071/3071 3017/3017 3108/3108
f 2954/2954 3108/3108 3017/3017
f 3040/3040 3060/3060 3116/3116
f 3113/3113 2935/2935 3050/3050
f 3114/3114 2976/2976 3147/3147
f 3070/3070 3077/3077 3032/3032
f 3050/3050 3029/3029 3093/3093
f 2855/2855 3085/3085 2895/2895
f 3048/3048 3072/3072 3067/3067
f 3016/3016 3031/3031 3084/3084
f 3012/3012 3008/3008 3087/3087
f 3042/3042 3091/3091 3057/3057
f 3049/3049 2869/2869 3115/3115
f 3070/3070 3017/3017 3071/3071
f 3073/3073 2995/2995 3083/3083
f 3132/3132 3026/3026 3094/3094
f 3077/3077 3039/3039 3032/3032
f 3028/3028 3080/3080 3121/3121
f 3108/3108 3027/3027 3128/3128
f 3084/3084 3031/3031 3225/3225
f 3118/3118 3038/3038 3144/3144
f 3081/3081 3007/3007 3018/3018
f 3093/3093 2982/2982 3114/3114
f 3111/3111 2963/2963 3177/3177
f 3068/3068 3022/3022 3048/3048
f 3050/3050 3093/3093 3149/3149
f 3185/3185 3010/3010 3068/3068
f 3051/3051 2997/2997 3101/3101
f 3031/3031 3100/3100 3225/3225
f 3036/3036 2939/2939 3174/3174
f 3091/3091 3042/3042 3125/3125
f 3128/3128 3027/3027 3089/3089
f 2995/2995 2992/2992 3083/3083
f 3132/3132 3135/3135 3008/3008
f 3086/3086 2980/2980 3152/3152
f 3018/3018 3035/3035 3126/3126
f 3079/3079 3034/3034 3193/3193
f 3001/3001 3074/3074 3060/3060
f 2974/2974 3180/3180 3030/3030
f 3092/3092 3010/3010 3185/3185
f 3043/3043 3090/3090 3157/3157
f 3042/3042 3055/3055 3125/3125
f 3046/3046 3066/3066 3137/3137
f 3135/3135 3087/3087 3008/3008
f 3028/3028 3112/3112 3001/3001
f 3026/3026 2960/2960 3094/3094
f 3048/3048 3067/3067 3099/3099
f 3064/3064 3019/3019 3133/3133
f 3178/3178 3080/3080 2962/2962
f 3150/3150 3085/3085 3041/3041
f 3082/3082 3081/3081 3104/3104
f 3012/3012 3117/3117 3013/3013
f 3023/3023 3049/3049 3181/3181
f 3076/3076 3078/3078 3143/3143
f 3062/3062 3252/3252 3014/3014
f 3046/3046 3145/3145 3054/3054
f 3039/3039 3077/3077 3110/3110
f 3074/3074 3001/3001 3112/3112
f 3061/3061 3063/3063 3124/3124
f 3038/3038 3056/3056 3196/3196
f 3060/3060 3074/3074 3131/3131
f 3172/3172 3109/3109 3069/3069
f 3112/3112 3028/3028 3142/3142
f 2870/2870 3003/3003 3107/3107
f 3003/3003 3106/3106 3231/3231
f 3094/3094 2960/2960 3043/3043
f 3068/3068 3048/3048 3105/3105
f 3121/3121 3080/3080 3134/3134
f 3119/3119 3073/3073 3096/3096
f 3180/3180 3014/3014 3252/3252
f 3098/3098 3070/3070 3071/3071
f 3051/3051 3152/3152 2980/2980
f 3077/3077 3070/3070 3098/3098
f 3126/3126 3035/3035 3199/3199
f 3045/3045 3097/3097 3103/3103
f 3181/3181 3049/3049 3151/3151
f 2923/2923 3153/3153 3184/3184
f 3086/3086 3152/3152 3251/3251
f 3107/3107 3003/3003 3231/3231
f 3108/3108 3128/3128 3139/3139
f 3099/3099 3105/3105 3048/3048
f 3064/3064 3120/3120 3100/3100
f 3152/3152 3051/3051 3101/3101
f 3178/3178 2962/2962 3169/3169
f 3067/3067 3118/3118 3148/3148
f 3062/3062 3047/3047 3123/3123
f 3058/3058 3052/3052 3127/3127
f 3035/3035 3023/3023 3199/3199
f 3082/3082 3104/3104 3140/3140
f 3089/3089 3183/3183 3128/3128
f 2965/2965 3075/3075 3150/3150
f 3120/3120 3064/3064 3133/3133
f 2962/2962 3102/3102 3169/3169
f 3052/3052 3109/3109 3127/3127
f 3084/3084 3225/3225 3250/3250
f 3124/3124 3115/3115 3061/3061
f 3196/3196 3144/3144 3038/3038
f 3168/3168 3177/3177 2963/2963
f 3081/3081 3018/3018 3104/3104
f 3065/3065 3076/3076 3337/3337
f 3116/3116 3231/3231 3106/3106
f 3097/3097 3058/3058 3127/3127
f 3099/3099 3067/3067 3156/3156
f 3118/3118 3144/3144 3148/3148
f 3178/3178 3134/3134 3080/3080
f 3089/3089 2923/2923 3184/3184
f 3053/3053 3084/3084 3187/3187
f 3149/3149 3197/3197 3050/3050
f 3173/3173 3030/3030 3271/3271
f 3019/3019 3113/3113 3133/3133
f 3063/3063 3111/3111 3124/3124
f 3125/3125 3055/3055 3146/3146
f 3049/3049 3115/3115 3151/3151
f 3096/3096 3073/3073 3083/3083
f 3113/3113 3050/3050 3165/3165
f 3093/3093 3114/3114 3189/3189
f 3110/3110 3077/3077 3136/3136
f 3156/3156 3067/3067 3148/3148
f 2997/2997 3154/3154 3239/3239
f 3149/3149 3093/3093 3189/3189
f 3136/3136 3077/3077 3098/3098
f 3101/3101 2997/2997 3239/3239
f 3076/3076 3143/3143 3190/3190
f 3129/3129 3036/3036 3174/3174
f 3039/3039 3172/3172 3069/3069
f 3131/3131 3074/3074 3112/3112
f 3088/3088 3086/3086 3056/3056
f 3095/3095 3091/3091 3159/3159
f 3024/3024 3053/3053 3187/3187
f 3123/3123 3047/3047 2895/2895
f 3198/3198 3147/3147 3117/3117
f 3122/3122 3092/3092 3185/3185
f 3071/3071 3164/3164 3098/3098
f 3164/3164 3071/3071 3139/3139
f 3115/3115 3124/3124 3158/3158
f 3097/3097 3127/3127 3155/3155
f 3164/3164 3128/3128 3183/3183
f 3104/3104 3163/3163 3140/3140
f 3133/3133 3113/3113 3167/3167
f 3071/3071 3108/3108 3139/3139
f 3163/3163 3104/3104 3018/3018
f 3121/3121 3142/3142 3028/3028
f 3012/3012 3198/3198 3117/3117
f 3099/3099 3156/3156 3105/3105
f 3141/3141 3188/3188 3083/3083
f 3075/3075 3095/3095 3159/3159
f 3168/3168 3129/3129 3160/3160
f 3085/3085 3282/3282 2895/2895
f 3145/3145 3046/3046 3137/3137
f 3090/3090 3119/3119 3157/3157
f 3068/3068 3105/3105 3238/3238
f 3162/3162 3024/3024 3187/3187
f 3142/3142 3121/3121 3134/3134
f 3165/3165 3050/3050 3197/3197
f 3150/3150 3075/3075 3200/3200
f 3139/3139 3128/3128 3164/3164
f 3116/3116 3060/3060 3216/3216
f 3084/3084 3250/3250 3187/3187
f 3136/3136 3098/3098 3164/3164
f 3094/3094 3043/3043 3233/3233
f 3216/3216 3060/3060 3131/3131
f 3201/3201 3125/3125 3146/3146
f 3091/3091 3125/3125 3201/3201
f 3199/3199 3023/3023 3181/3181
f 3157/3157 3119/3119 3208/3208
f 3200/3200 3075/3075 3159/3159
f 3112/3112 3142/3142 3204/3204
f 3018/3018 3126/3126 3226/3226
f 3100/3100 3120/3120 3182/3182
f 3100/3100 3182/3182 3225/3225
f 3112/3112 3212/3212 3131/3131
f 3105/3105 3156/3156 3220/3220
f 3079/3079 3193/3193 3210/3210
f 3226/3226 3163/3163 3018/3018
f 3162/3162 3154/3154 3024/3024
f 3119/3119 3096/3096 3208/3208
f 3188/3188 3096/3096 3083/3083
f 3034/3034 3107/3107 3193/3193
f 3264/3264 3271/3271 3030/3030
f 3110/3110 3172/3172 3039/3039
f 3151/3151 3115/3115 3166/3166
f 3164/3164 3195/3195 3136/3136
f 3056/3056 3086/3086 3310/3310
f 3127/3127 3109/3109 3214/3214
f 3158/3158 3166/3166 3115/3115
f 3126/3126 3199/3199 3206/3206
f 3190/3190 3337/3337 3076/3076
f 3205/3205 3134/3134 3241/3241
f 3157/3157 3273/3273 3043/3043
f 3120/3120 3133/3133 3167/3167
f 3107/3107 3231/3231 3192/3192
f 3228/3228 3124/3124 3171/3171
f 3123/3123 3277/3277 3062/3062
f 3155/3155 3127/3127 3214/3214
f 3213/3213 3122/3122 3185/3185
f 3153/3153 3122/3122 3213/3213
f 3193/3193 3107/3107 3192/3192
f 3140/3140 3163/3163 3218/3218
f 3188/3188 3141/3141 3219/3219
f 3130/3130 3173/3173 3202/3202
f 3030/3030 3180/3180 3264/3264
f 3147/3147 3266/3266 3114/3114
f 3239/3239 3154/3154 3162/3162
f 3149/3149 3189/3189 3286/3286
f 3209/3209 3156/3156 3148/3148
f 3113/3113 3165/3165 3258/3258
f 3103/3103 3097/3097 3229/3229
f 3212/3212 3216/3216 3131/3131
f 3167/3167 3113/3113 3258/3258
f 3214/3214 3109/3109 3186/3186
f 3143/3143 3078/3078 3269/3269
f 3142/3142 3134/3134 3205/3205
f 3161/3161 3130/3130 3302/3302
f 3220/3220 3156/3156 3209/3209
f 3085/3085 3150/3150 3321/3321
f 3200/3200 3352/3352 3150/3150
f 3123/3123 2895/2895 3282/3282
f 3189/3189 3114/3114 3267/3267
f 3183/3183 3234/3234 3164/3164
f 3202/3202 3302/3302 3130/3130
f 3226/3226 3126/3126 3206/3206
f 3177/3177 3168/3168 3160/3160
f 3238/3238 3185/3185 3068/3068
f 3012/3012 3087/3087 3222/3222
f 3110/3110 3136/3136 3215/3215
f 3238/3238 3105/3105 3259/3259
f 3215/3215 3136/3136 3195/3195
f 3197/3197 3149/3149 3286/3286
f 3195/3195 3164/3164 3203/3203
f 3229/3229 3097/3097 3155/3155
f 3229/3229 3170/3170 3103/3103
f 3124/3124 3228/3228 3158/3158
f 3211/3211 3269/3269 3078/3078
f 3241/3241 3134/3134 3178/3178
f 3204/3204 3142/3142 3205/3205
f 3091/3091 3201/3201 3159/3159
f 3159/3159 3245/3245 3200/3200
f 3181/3181 3151/3151 3313/3313
f 3165/3165 3197/3197 3258/3258
f 3203/3203 3164/3164 3234/3234
f 3109/3109 3172/3172 3186/3186
f 3222/3222 3198/3198 3012/3012
f 3313/3313 3151/3151 3166/3166
f 3089/3089 3184/3184 3183/3183
f 3185/3185 3238/3238 3223/3223
f 3216/3216 3212/3212 3242/3242
f 3204/3204 3212/3212 3112/3112
f 3201/3201 3146/3146 3278/3278
f 3220/3220 3259/3259 3105/3105
f 3138/3138 3278/3278 3146/3146
f 3321/3321 3150/3150 3352/3352
f 3273/3273 3233/3233 3043/3043
f 3163/3163 3226/3226 3218/3218
f 3087/3087 3135/3135 3175/3175
f 3232/3232 3275/3275 3191/3191
f 3194/3194 3191/3191 3211/3211
f 3216/3216 3231/3231 3116/3116
f 3273/3273 3157/3157 3274/3274
f 3171/3171 3124/3124 3256/3256
f 3172/3172 3110/3110 3221/3221
f 3361/3361 3135/3135 3132/3132
f 3111/3111 3177/3177 3256/3256
f 3215/3215 3221/3221 3110/3110
f 3124/3124 3111/3111 3256/3256
f 3266/3266 3147/3147 3249/3249
f 3265/3265 3202/3202 3173/3173
f 3155/3155 3214/3214 3281/3281
f 3215/3215 3195/3195 3203/3203
f 3179/3179 3170/3170 3224/3224
f 3062/3062 3277/3277 3252/3252
f 3351/3351 3267/3267 3114/3114
f 3213/3213 3184/3184 3153/3153
f 3157/3157 3208/3208 3253/3253
f 3137/3137 3066/3066 3338/3338
f 3221/3221 3186/3186 3172/3172
f 3135/3135 3361/3361 3175/3175
f 3147/3147 3198/3198 3249/3249
f 3085/3085 3321/3321 3353/3353
f 3173/3173 3271/3271 3265/3265
f 3094/3094 3233/3233 3132/3132
f 3214/3214 3186/3186 3262/3262
f 3215/3215 3203/3203 3234/3234
f 3179/3179 3224/3224 3296/3296
f 3229/3229 3155/3155 3281/3281
f 3148/3148 3144/3144 3317/3317
f 3258/3258 3197/3197 3286/3286
f 3228/3228 3166/3166 3158/3158
f 3204/3204 3235/3235 3212/3212
f 3152/3152 3101/3101 3363/3363
f 3224/3224 3170/3170 3240/3240
f 3120/3120 3167/3167 3368/3368
f 3087/3087 3175/3175 3222/3222
f 3191/3191 3318/3318 3211/3211
f 3248/3248 3206/3206 3199/3199
f 3188/3188 3208/3208 3096/3096
f 3086/3086 3251/3251 3310/3310
f 3263/3263 3234/3234 3237/3237
f 3229/3229 3281/3281 3260/3260
f 3183/3183 3184/3184 3288/3288
f 3368/3368 3182/3182 3120/3120
f 3227/3227 3244/3244 3219/3219
f 3085/3085 3353/3353 3282/3282
f 3274/3274 3157/3157 3253/3253
f 3351/3351 3114/3114 3266/3266
f 3213/3213 3185/3185 3223/3223
f 3240/3240 3293/3293 3224/3224
f 3361/3361 3132/3132 3255/3255
f 3170/3170 3229/3229 3254/3254
f 3188/3188 3219/3219 3244/3244
f 3242/3242 3212/3212 3235/3235
f 3244/3244 3246/3246 3188/3188
f 3349/3349 3181/3181 3313/3313
f 3176/3176 3161/3161 3342/3342
f 3286/3286 3189/3189 3267/3267
f 3183/3183 3237/3237 3234/3234
f 3188/3188 3246/3246 3208/3208
f 3161/3161 3302/3302 3342/3342
f 3101/3101 3239/3239 3363/3363
f 3376/3376 3251/3251 3152/3152
f 3215/3215 3263/3263 3221/3221
f 3263/3263 3215/3215 3234/3234
f 3262/3262 3186/3186 3221/3221
f 3277/3277 3123/3123 3396/3396
f 3276/3276 3217/3217 3243/3243
f 3184/3184 3213/3213 3261/3261
f 3297/3297 3241/3241 3178/3178
f 3232/3232 3217/3217 3279/3279
f 3238/3238 3259/3259 3272/3272
f 3159/3159 3201/3201 3278/3278
f 3317/3317 3209/3209 3148/3148
f 3190/3190 3143/3143 3269/3269
f 3237/3237 3183/3183 3288/3288
f 3288/3288 3184/3184 3261/3261
f 3373/3373 3249/3249 3198/3198
f 3199/3199 3181/3181 3248/3248
f 3253/3253 3208/3208 3246/3246
f 3381/3381 3167/3167 3258/3258
f 3229/3229 3260/3260 3230/3230
f 3250/3250 3225/3225 3360/3360
f 3170/3170 3254/3254 3240/3240
f 3352/3352 3200/3200 3245/3245
f 3123/3123 3282/3282 3396/3396
f 3269/3269 3211/3211 3343/3343
f 3372/3372 3255/3255 3233/3233
f 3223/3223 3238/3238 3314/3314
f 3214/3214 3262/3262 3270/3270
f 3279/3279 3217/3217 3276/3276
f 3270/3270 3281/3281 3214/3214
f 3202/3202 3265/3265 3300/3300
f 3132/3132 3233/3233 3255/3255
f 3222/3222 3373/3373 3198/3198
f 3248/3248 3181/3181 3349/3349
f 3257/3257 3176/3176 3342/3342
f 3337/3337 3190/3190 3269/3269
f 3286/3286 3291/3291 3258/3258
f 3278/3278 3138/3138 3339/3339
f 3244/3244 3227/3227 3301/3301
f 3302/3302 3202/3202 3300/3300
f 3254/3254 3229/3229 3230/3230
f 3213/3213 3223/3223 3322/3322
f 3209/3209 3317/3317 3315/3315
f 3293/3293 3240/3240 3292/3292
f 3315/3315 3220/3220 3209/3209
f 3314/3314 3238/3238 3272/3272
f 3272/3272 3259/3259 3304/3304
f 3225/3225 3182/3182 3424/3424
f 3245/3245 3159/3159 3395/3395
f 3279/3279 3275/3275 3232/3232
f 3454/3454 3265/3265 3271/3271
f 3317/3317 3144/3144 3196/3196
f 3277/3277 3344/3344 3252/3252
f 3293/3293 3296/3296 3224/3224
f 3260/3260 3281/3281 3270/3270
f 3191/3191 3275/3275 3318/3318
f 3268/3268 3230/3230 3260/3260
f 3211/3211 3318/3318 3343/3343
f 3270/3270 3268/3268 3260/3260
f 3383/3383 3257/3257 3342/3342
f 3227/3227 3207/3207 3301/3301
f 3221/3221 3305/3305 3262/3262
f 3166/3166 3228/3228 3340/3340
f 3305/3305 3221/3221 3263/3263
f 3285/3285 3322/3322 3223/3223
f 3246/3246 3244/3244 3307/3307
f 3253/3253 3246/3246 3307/3307
f 3241/3241 3289/3289 3205/3205
f 3220/3220 3315/3315 3259/3259
f 3270/3270 3306/3306 3268/3268
f 3233/3233 3273/3273 3372/3372
f 3187/3187 3250/3250 3280/3280
f 3284/3284 3237/3237 3288/3288
f 3235/3235 3204/3204 3289/3289
f 3268/3268 3312/3312 3230/3230
f 3204/3204 3205/3205 3289/3289
f 3308/3308 3288/3288 3261/3261
f 3301/3301 3207/3207 3247/3247
f 3384/3384 3228/3228 3171/3171
f 3256/3256 3384/3384 3171/3171
f 3381/3381 3258/3258 3291/3291
f 3274/3274 3253/3253 3307/3307
f 3162/3162 3187/3187 3280/3280
f 3223/3223 3314/3314 3319/3319
f 3352/3352 3245/3245 3387/3387
f 3138/3138 3337/3337 3339/3339
f 3295/3295 3243/3243 3236/3236
f 3259/3259 3315/3315 3304/3304
f 3299/3299 3317/3317 3196/3196
f 3274/3274 3348/3348 3273/3273
f 3306/3306 3284/3284 3288/3288
f 3196/3196 3056/3056 3299/3299
f 3285/3285 3223/3223 3319/3319
f 3240/3240 3254/3254 3294/3294
f 3280/3280 3250/3250 3360/3360
f 3270/3270 3262/3262 3305/3305
f 3337/3337 3269/3269 3382/3382
f 3330/3330 3213/3213 3355/3355
f 3225/3225 3424/3424 3360/3360
f 3261/3261 3213/3213 3330/3330
f 3312/3312 3268/3268 3303/3303
f 3244/3244 3301/3301 3287/3287
f 3305/3305 3263/3263 3284/3284
f 3237/3237 3284/3284 3263/3263
f 3306/3306 3270/3270 3305/3305
f 3167/3167 3381/3381 3368/3368
f 3303/3303 3268/3268 3306/3306
f 3306/3306 3288/3288 3308/3308
f 3304/3304 3315/3315 3311/3311
f 3236/3236 3290/3290 3295/3295
f 3298/3298 3333/3333 3275/3275
f 3306/3306 3305/3305 3284/3284
f 3283/3283 3213/3213 3322/3322
f 3275/3275 3309/3309 3298/3298
f 3304/3304 3331/3331 3272/3272
f 3382/3382 3269/3269 3391/3391
f 3275/3275 3279/3279 3309/3309
f 3289/3289 3241/3241 3334/3334
f 3278/3278 3395/3395 3159/3159
f 3299/3299 3056/3056 3316/3316
f 3292/3292 3240/3240 3356/3356
f 3240/3240 3294/3294 3356/3356
f 3373/3373 3222/3222 3359/3359
f 3243/3243 3295/3295 3276/3276
f 3355/3355 3213/3213 3283/3283
f 3331/3331 3314/3314 3272/3272
f 3312/3312 3325/3325 3230/3230
f 3340/3340 3313/3313 3166/3166
f 3279/3279 3276/3276 3323/3323
f 3296/3296 3293/3293 3285/3285
f 3285/3285 3319/3319 3296/3296
f 3424/3424 3182/3182 3421/3421
f 3290/3290 3347/3347 3295/3295
f 3230/3230 3294/3294 3254/3254
f 3307/3307 3244/3244 3287/3287
f 3222/3222 3175/3175 3358/3358
f 3056/3056 3310/3310 3316/3316
f 3322/3322 3293/3293 3292/3292
f 3293/3293 3322/3322 3285/3285
f 3346/3346 3326/3326 3299/3299
f 3347/3347 3304/3304 3311/3311
f 3317/3317 3299/3299 3326/3326
f 3345/3345 3347/3347 3311/3311
f 3241/3241 3297/3297 3334/3334
f 3345/3345 3311/3311 3315/3315
f 3324/3324 3337/3337 3382/3382
f 3391/3391 3269/3269 3320/3320
f 3309/3309 3279/3279 3346/3346
f 3162/3162 3357/3357 3239/3239
f 3269/3269 3343/3343 3320/3320
f 3287/3287 3301/3301 3377/3377
f 3345/3345 3323/3323 3276/3276
f 3335/3335 3296/3296 3319/3319
f 3271/3271 3264/3264 3454/3454
f 3175/3175 3361/3361 3358/3358
f 3247/3247 3377/3377 3301/3301
f 3318/3318 3275/3275 3333/3333
f 3276/3276 3295/3295 3345/3345
f 3303/3303 3306/3306 3308/3308
f 3376/3376 3152/3152 3375/3375
f 3346/3346 3323/3323 3326/3326
f 3343/3343 3318/3318 3328/3328
f 3230/3230 3325/3325 3294/3294
f 3327/3327 3346/3346 3299/3299
f 3331/3331 3335/3335 3319/3319
f 3286/3286 3267/3267 3329/3329
f 3329/3329 3336/3336 3286/3286
f 3266/3266 3378/3378 3351/3351
f 3313/3313 3340/3340 3365/3365
f 3332/3332 3289/3289 3334/3334
f 3328/3328 3318/3318 3354/3354
f 3309/3309 3327/3327 3298/3298
f 3300/3300 3392/3392 3302/3302
f 3310/3310 3251/3251 3376/3376
f 3222/3222 3358/3358 3380/3380
f 3333/3333 3354/3354 3318/3318
f 3347/3347 3290/3290 3331/3331
f 3326/3326 3323/3323 3345/3345
f 3373/3373 3266/3266 3249/3249
f 3347/3347 3345/3345 3295/3295
f 3326/3326 3345/3345 3317/3317
f 3300/3300 3265/3265 3437/3437
f 3317/3317 3345/3345 3315/3315
f 3323/3323 3346/3346 3279/3279
f 3382/3382 3391/3391 3369/3369
f 3316/3316 3327/3327 3299/3299
f 3348/3348 3372/3372 3273/3273
f 3330/3330 3308/3308 3261/3261
f 3327/3327 3309/3309 3346/3346
f 3331/3331 3304/3304 3347/3347
f 3319/3319 3314/3314 3331/3331
f 3377/3377 3247/3247 3414/3414
f 3354/3354 3333/3333 3298/3298
f 3380/3380 3359/3359 3222/3222
f 3316/3316 3371/3371 3364/3364
f 3354/3354 3298/3298 3364/3364
f 3316/3316 3310/3310 3376/3376
f 3307/3307 3362/3362 3274/3274
f 3356/3356 3330/3330 3355/3355
f 3265/3265 3454/3454 3437/3437
f 3328/3328 3354/3354 3370/3370
f 3327/3327 3364/3364 3298/3298
f 3350/3350 3414/3414 3247/3247
f 3264/3264 3180/3180 3252/3252
f 3364/3364 3327/3327 3316/3316
f 3365/3365 3349/3349 3313/3313
f 3358/3358 3361/3361 3407/3407
f 3330/3330 3294/3294 3325/3325
f 3356/3356 3294/3294 3330/3330
f 3356/3356 3322/3322 3292/3292
f 3312/3312 3330/3330 3325/3325
f 3330/3330 3312/3312 3308/3308
f 3322/3322 3356/3356 3283/3283
f 3356/3356 3355/3355 3283/3283
f 3303/3303 3308/3308 3312/3312
f 3152/3152 3363/3363 3375/3375
f 3321/3321 3352/3352 3398/3398
f 3278/3278 3339/3339 3401/3401
f 3316/3316 3376/3376 3371/3371
f 3339/3339 3337/3337 3324/3324
f 3379/3379 3287/3287 3377/3377
f 3307/3307 3287/3287 3379/3379
f 3425/3425 3353/3353 3321/3321
f 3245/3245 3395/3395 3387/3387
f 3370/3370 3354/3354 3364/3364
f 3348/3348 3274/3274 3362/3362
f 3162/3162 3280/3280 3357/3357
f 3414/3414 3350/3350 3400/3400
f 3182/3182 3368/3368 3421/3421
f 3228/3228 3384/3384 3340/3340
f 3390/3390 3400/3400 3350/3350
f 3377/3377 3414/3414 3374/3374
f 3348/3348 3362/3362 3388/3388
f 3350/3350 3366/3366 3390/3390
f 3320/3320 3343/3343 3386/3386
f 3324/3324 3401/3401 3339/3339
f 3407/3407 3399/3399 3358/3358
f 3362/3362 3307/3307 3379/3379
f 3361/3361 3255/3255 3367/3367
f 3385/3385 3454/3454 3264/3264
f 3404/3404 3385/3385 3264/3264
f 3387/3387 3398/3398 3352/3352
f 3264/3264 3252/3252 3404/3404
f 3348/3348 3393/3393 3372/3372
f 3344/3344 3277/3277 3389/3389
f 3374/3374 3388/3388 3362/3362
f 3366/3366 3341/3341 3422/3422
f 3381/3381 3449/3449 3368/3368
f 3267/3267 3351/3351 3378/3378
f 3328/3328 3386/3386 3343/3343
f 3367/3367 3372/3372 3415/3415
f 3255/3255 3372/3372 3367/3367
f 3282/3282 3353/3353 3425/3425
f 3252/3252 3344/3344 3404/3404
f 3401/3401 3395/3395 3278/3278
f 3370/3370 3386/3386 3328/3328
f 3277/3277 3396/3396 3389/3389
f 3481/3481 3300/3300 3437/3437
f 3378/3378 3329/3329 3267/3267
f 3394/3394 3370/3370 3364/3364
f 3376/3376 3375/3375 3371/3371
f 3377/3377 3374/3374 3379/3379
f 3372/3372 3393/3393 3415/3415
f 3379/3379 3374/3374 3362/3362
f 3336/3336 3291/3291 3286/3286
f 3320/3320 3386/3386 3411/3411
f 3340/3340 3384/3384 3423/3423
f 3378/3378 3373/3373 3432/3432
f 3266/3266 3373/3373 3378/3378
f 3369/3369 3397/3397 3382/3382
f 3361/3361 3367/3367 3407/3407
f 3374/3374 3414/3414 3402/3402
f 3383/3383 3342/3342 3410/3410
f 3411/3411 3386/3386 3405/3405
f 3393/3393 3348/3348 3388/3388
f 3453/3453 3329/3329 3378/3378
f 3386/3386 3370/3370 3394/3394
f 3373/3373 3359/3359 3432/3432
f 3391/3391 3320/3320 3411/3411
f 3410/3410 3342/3342 3302/3302
f 3382/3382 3397/3397 3406/3406
f 3409/3409 3411/3411 3375/3375
f 3344/3344 3389/3389 3413/3413
f 3280/3280 3360/3360 3452/3452
f 3411/3411 3405/3405 3371/3371
f 3421/3421 3368/3368 3449/3449
f 3392/3392 3300/3300 3481/3481
f 3374/3374 3402/3402 3388/3388
f 3422/3422 3383/3383 3410/3410
f 3381/3381 3291/3291 3403/3403
f 3424/3424 3440/3440 3360/3360
f 3425/3425 3321/3321 3398/3398
f 3358/3358 3399/3399 3380/3380
f 3371/3371 3405/3405 3394/3394
f 3324/3324 3382/3382 3406/3406
f 3375/3375 3418/3418 3409/3409
f 3386/3386 3394/3394 3405/3405
f 3371/3371 3375/3375 3411/3411
f 3371/3371 3394/3394 3364/3364
f 3401/3401 3324/3324 3426/3426
f 3357/3357 3363/3363 3239/3239
f 3408/3408 3402/3402 3414/3414
f 3336/3336 3436/3436 3291/3291
f 3411/3411 3369/3369 3391/3391
f 3417/3417 3400/3400 3390/3390
f 3375/3375 3363/3363 3418/3418
f 3396/3396 3282/3282 3483/3483
f 3449/3449 3381/3381 3403/3403
f 3397/3397 3369/3369 3419/3419
f 3436/3436 3336/3336 3329/3329
f 3414/3414 3400/3400 3417/3417
f 3419/3419 3369/3369 3409/3409
f 3392/3392 3434/3434 3302/3302
f 3388/3388 3402/3402 3393/3393
f 3360/3360 3440/3440 3452/3452
f 3402/3402 3408/3408 3393/3393
f 3369/3369 3411/3411 3409/3409
f 3393/3393 3408/3408 3428/3428
f 3425/3425 3483/3483 3282/3282
f 3390/3390 3366/3366 3444/3444
f 3387/3387 3395/3395 3461/3461
f 3419/3419 3412/3412 3397/3397
f 3415/3415 3393/3393 3428/3428
f 3416/3416 3324/3324 3406/3406
f 3412/3412 3406/3406 3397/3397
f 3389/3389 3396/3396 3413/3413
f 3380/3380 3399/3399 3447/3447
f 3447/3447 3399/3399 3407/3407
f 3398/3398 3430/3430 3425/3425
f 3395/3395 3401/3401 3427/3427
f 3403/3403 3291/3291 3448/3448
f 3380/3380 3459/3459 3359/3359
f 3418/3418 3419/3419 3409/3409
f 3418/3418 3363/3363 3420/3420
f 3417/3417 3408/3408 3414/3414
f 3378/3378 3432/3432 3474/3474
f 3439/3439 3406/3406 3412/3412
f 3445/3445 3422/3422 3438/3438
f 3380/3380 3447/3447 3459/3459
f 3450/3450 3419/3419 3418/3418
f 3427/3427 3401/3401 3433/3433
f 3302/3302 3434/3434 3491/3491
f 3417/3417 3428/3428 3408/3408
f 3390/3390 3444/3444 3417/3417
f 3419/3419 3450/3450 3412/3412
f 3443/3443 3401/3401 3426/3426
f 3406/3406 3439/3439 3441/3441
f 3366/3366 3422/3422 3445/3445
f 3396/3396 3483/3483 3472/3472
f 3443/3443 3433/3433 3401/3401
f 3456/3456 3395/3395 3427/3427
f 3428/3428 3367/3367 3415/3415
f 3450/3450 3439/3439 3412/3412
f 3444/3444 3366/3366 3445/3445
f 3460/3460 3407/3407 3367/3367
f 3417/3417 3435/3435 3428/3428
f 3426/3426 3324/3324 3416/3416
f 3420/3420 3363/3363 3463/3463
f 3404/3404 3344/3344 3451/3451
f 3422/3422 3410/3410 3438/3438
f 3359/3359 3459/3459 3432/3432
f 3457/3457 3396/3396 3472/3472
f 3437/3437 3454/3454 3431/3431
f 3439/3439 3429/3429 3443/3443
f 3453/3453 3378/3378 3490/3490
f 3417/3417 3444/3444 3435/3435
f 3398/3398 3387/3387 3475/3475
f 3424/3424 3421/3421 3482/3482
f 3418/3418 3420/3420 3450/3450
f 3413/3413 3396/3396 3457/3457
f 3410/3410 3302/3302 3491/3491
f 3443/3443 3426/3426 3416/3416
f 3416/3416 3406/3406 3441/3441
f 3470/3470 3357/3357 3280/3280
f 3439/3439 3443/3443 3446/3446
f 3461/3461 3395/3395 3456/3456
f 3407/3407 3460/3460 3465/3465
f 3357/3357 3470/3470 3363/3363
f 3490/3490 3378/3378 3474/3474
f 3460/3460 3367/3367 3428/3428
f 3474/3474 3432/3432 3504/3504
f 3442/3442 3443/3443 3429/3429
f 3450/3450 3442/3442 3429/3429
f 3443/3443 3416/3416 3446/3446
f 3420/3420 3442/3442 3450/3450
f 3439/3439 3450/3450 3429/3429
f 3493/3493 3436/3436 3329/3329
f 3443/3443 3455/3455 3433/3433
f 3291/3291 3436/3436 3448/3448
f 3329/3329 3453/3453 3469/3469
f 3483/3483 3425/3425 3430/3430
f 3445/3445 3458/3458 3444/3444
f 3463/3463 3442/3442 3420/3420
f 3446/3446 3441/3441 3439/3439
f 3440/3440 3424/3424 3477/3477
f 3427/3427 3433/3433 3455/3455
f 3461/3461 3475/3475 3387/3387
f 3413/3413 3457/3457 3344/3344
f 3458/3458 3435/3435 3444/3444
f 3435/3435 3466/3466 3428/3428
f 3455/3455 3442/3442 3463/3463
f 3455/3455 3443/3443 3442/3442
f 3447/3447 3407/3407 3465/3465
f 3460/3460 3428/3428 3466/3466
f 3416/3416 3441/3441 3446/3446
f 3468/3468 3280/3280 3452/3452
f 3447/3447 3484/3484 3459/3459
f 3463/3463 3363/3363 3470/3470
f 3491/3491 3510/3510 3410/3410
f 3466/3466 3471/3471 3460/3460
f 3448/3448 3436/3436 3462/3462
f 3437/3437 3431/3431 3501/3501
f 3490/3490 3469/3469 3453/3453
f 3436/3436 3493/3493 3462/3462
f 3456/3456 3427/3427 3467/3467
f 3467/3467 3427/3427 3455/3455
f 3458/3458 3466/3466 3435/3435
f 3434/3434 3392/3392 3489/3489
f 3398/3398 3492/3492 3430/3430
f 3451/3451 3385/3385 3404/3404
f 3421/3421 3449/3449 3476/3476
f 3513/3513 3431/3431 3454/3454
f 3481/3481 3489/3489 3392/3392
f 3506/3506 3344/3344 3457/3457
f 3461/3461 3456/3456 3479/3479
f 3464/3464 3449/3449 3403/3403
f 3480/3480 3484/3484 3447/3447
f 3483/3483 3430/3430 3511/3511
f 3477/3477 3424/3424 3482/3482
f 3454/3454 3385/3385 3513/3513
f 3452/3452 3440/3440 3531/3531
f 3476/3476 3449/3449 3464/3464
f 3455/3455 3463/3463 3473/3473
f 3451/3451 3344/3344 3506/3506
f 3493/3493 3329/3329 3528/3528
f 3460/3460 3471/3471 3465/3465
f 3470/3470 3280/3280 3468/3468
f 3432/3432 3459/3459 3504/3504
f 3501/3501 3431/3431 3553/3553
f 3480/3480 3447/3447 3465/3465
f 3445/3445 3438/3438 3485/3485
f 3329/3329 3469/3469 3528/3528
f 3473/3473 3467/3467 3455/3455
f 3410/3410 3510/3510 3438/3438
f 3466/3466 3458/3458 3478/3478
f 3458/3458 3445/3445 3478/3478
f 3470/3470 3473/3473 3463/3463
f 3501/3501 3481/3481 3437/3437
f 3467/3467 3479/3479 3456/3456
f 3465/3465 3471/3471 3488/3488
f 3482/3482 3421/3421 3476/3476
f 3511/3511 3430/3430 3497/3497
f 3468/3468 3452/3452 3531/3531
f 3472/3472 3506/3506 3457/3457
f 3398/3398 3475/3475 3492/3492
f 3478/3478 3487/3487 3471/3471
f 3466/3466 3478/3478 3471/3471
f 3494/3494 3473/3473 3470/3470
f 3478/3478 3445/3445 3485/3485
f 3531/3531 3440/3440 3477/3477
f 3509/3509 3474/3474 3504/3504
f 3487/3487 3488/3488 3471/3471
f 3485/3485 3438/3438 3502/3502
f 3511/3511 3525/3525 3483/3483
f 3473/3473 3494/3494 3467/3467
f 3488/3488 3480/3480 3465/3465
f 3448/3448 3462/3462 3512/3512
f 3496/3496 3494/3494 3470/3470
f 3498/3498 3528/3528 3469/3469
f 3525/3525 3544/3544 3483/3483
f 3479/3479 3467/3467 3494/3494
f 3510/3510 3491/3491 3517/3517
f 3385/3385 3451/3451 3513/3513
f 3430/3430 3492/3492 3526/3526
f 3480/3480 3488/3488 3495/3495
f 3470/3470 3468/3468 3516/3516
f 3501/3501 3489/3489 3481/3481
f 3403/3403 3448/3448 3512/3512
f 3507/3507 3475/3475 3461/3461
f 3490/3490 3498/3498 3469/3469
f 3479/3479 3507/3507 3461/3461
f 3513/3513 3451/3451 3486/3486
f 3500/3500 3487/3487 3478/3478
f 3488/3488 3487/3487 3500/3500
f 3503/3503 3403/3403 3512/3512
f 3504/3504 3459/3459 3484/3484
f 3494/3494 3507/3507 3479/3479
f 3500/3500 3502/3502 3495/3495
f 3492/3492 3475/3475 3514/3514
f 3507/3507 3494/3494 3496/3496
f 3556/3556 3525/3525 3511/3511
f 3486/3486 3451/3451 3506/3506
f 3521/3521 3498/3498 3490/3490
f 3491/3491 3434/3434 3517/3517
f 3488/3488 3500/3500 3495/3495
f 3526/3526 3492/3492 3515/3515
f 3526/3526 3497/3497 3430/3430
f 3464/3464 3403/3403 3503/3503
f 3514/3514 3475/3475 3507/3507
f 3505/3505 3495/3495 3508/3508
f 3502/3502 3500/3500 3485/3485
f 3472/3472 3483/3483 3544/3544
f 3478/3478 3485/3485 3500/3500
f 3502/3502 3508/3508 3495/3495
f 3496/3496 3470/3470 3516/3516
f 3495/3495 3505/3505 3480/3480
f 3438/3438 3510/3510 3532/3532
f 3504/3504 3484/3484 3523/3523
f 3484/3484 3480/3480 3505/3505
f 3515/3515 3492/3492 3514/3514
f 3496/3496 3516/3516 3507/3507
f 3509/3509 3504/3504 3534/3534
f 3553/3553 3431/3431 3513/3513
f 3490/3490 3474/3474 3509/3509
f 3476/3476 3464/3464 3530/3530
f 3516/3516 3468/3468 3524/3524
f 3434/3434 3489/3489 3519/3519
f 3514/3514 3507/3507 3516/3516
f 3523/3523 3484/3484 3505/3505
f 3538/3538 3512/3512 3462/3462
f 3508/3508 3518/3518 3505/3505
f 3524/3524 3468/3468 3531/3531
f 3531/3531 3477/3477 3546/3546
f 3538/3538 3503/3503 3512/3512
f 3477/3477 3482/3482 3533/3533
f 3546/3546 3477/3477 3533/3533
f 3515/3515 3514/3514 3520/3520
f 3513/3513 3486/3486 3527/3527
f 3502/3502 3438/3438 3518/3518
f 3523/3523 3534/3534 3504/3504
f 3502/3502 3518/3518 3508/3508
f 3472/3472 3499/3499 3563/3563
f 3516/3516 3520/3520 3514/3514
f 3520/3520 3516/3516 3524/3524
f 3526/3526 3522/3522 3497/3497
f 3529/3529 3515/3515 3520/3520
f 3532/3532 3518/3518 3438/3438
f 3482/3482 3476/3476 3530/3530
f 3518/3518 3523/3523 3505/3505
f 3517/3517 3532/3532 3510/3510
f 3462/3462 3493/3493 3528/3528
f 3529/3529 3520/3520 3542/3542
f 3511/3511 3497/3497 3522/3522
f 3472/3472 3544/3544 3499/3499
f 3539/3539 3523/3523 3518/3518
f 3557/3557 3528/3528 3498/3498
f 3519/3519 3489/3489 3564/3564
f 3526/3526 3515/3515 3529/3529
f 3533/3533 3482/3482 3530/3530
f 3524/3524 3531/3531 3543/3543
f 3523/3523 3539/3539 3534/3534
f 3553/3553 3513/3513 3560/3560
f 3518/3518 3532/3532 3537/3537
f 3534/3534 3551/3551 3509/3509
f 3519/3519 3517/3517 3434/3434
f 3532/3532 3517/3517 3541/3541
f 3544/3544 3525/3525 3554/3554
f 3464/3464 3503/3503 3530/3530
f 3546/3546 3533/3533 3550/3550
f 3462/3462 3528/3528 3545/3545
f 3513/3513 3527/3527 3547/3547
f 3563/3563 3499/3499 3548/3548
f 3524/3524 3542/3542 3520/3520
f 3540/3540 3517/3517 3535/3535
f 3551/3551 3534/3534 3555/3555
f 3521/3521 3579/3579 3498/3498
f 3501/3501 3553/3553 3561/3561
f 3528/3528 3557/3557 3545/3545
f 3561/3561 3564/3564 3501/3501
f 3552/3552 3472/3472 3563/3563
f 3511/3511 3522/3522 3536/3536
f 3542/3542 3524/3524 3543/3543
f 3529/3529 3542/3542 3543/3543
f 3537/3537 3539/3539 3518/3518
f 3501/3501 3564/3564 3489/3489
f 3532/3532 3541/3541 3537/3537
f 3525/3525 3556/3556 3554/3554
f 3517/3517 3519/3519 3535/3535
f 3522/3522 3526/3526 3529/3529
f 3506/3506 3472/3472 3486/3486
f 3472/3472 3552/3552 3486/3486
f 3513/3513 3547/3547 3560/3560
f 3543/3543 3522/3522 3529/3529
f 3538/3538 3462/3462 3545/3545
f 3519/3519 3564/3564 3582/3582
f 3536/3536 3556/3556 3511/3511
f 3557/3557 3498/3498 3579/3579
f 3555/3555 3540/3540 3535/3535
f 3538/3538 3613/3613 3503/3503
f 3490/3490 3509/3509 3572/3572
f 3539/3539 3540/3540 3555/3555
f 3522/3522 3568/3568 3536/3536
f 3549/3549 3568/3568 3522/3522
f 3572/3572 3521/3521 3490/3490
f 3541/3541 3517/3517 3540/3540
f 3547/3547 3527/3527 3567/3567
f 3543/3543 3549/3549 3522/3522
f 3531/3531 3549/3549 3543/3543
f 3546/3546 3549/3549 3531/3531
f 3572/3572 3509/3509 3551/3551
f 3544/3544 3554/3554 3558/3558
f 3582/3582 3535/3535 3519/3519
f 3535/3535 3559/3559 3555/3555
f 3539/3539 3555/3555 3534/3534
f 3527/3527 3486/3486 3567/3567
f 3540/3540 3539/3539 3541/3541
f 3535/3535 3582/3582 3559/3559
f 3568/3568 3562/3562 3556/3556
f 3553/3553 3560/3560 3587/3587
f 3555/3555 3559/3559 3551/3551
f 3561/3561 3553/3553 3578/3578
f 3556/3556 3558/3558 3554/3554
f 3548/3548 3499/3499 3566/3566
f 3499/3499 3544/3544 3566/3566
f 3539/3539 3537/3537 3541/3541
f 3556/3556 3536/3536 3568/3568
f 3579/3579 3521/3521 3575/3575
f 3567/3567 3486/3486 3586/3586
f 3530/3530 3503/3503 3576/3576
f 3556/3556 3562/3562 3558/3558
f 3486/3486 3552/3552 3586/3586
f 3562/3562 3571/3571 3558/3558
f 3575/3575 3521/3521 3572/3572
f 3578/3578 3564/3564 3561/3561
f 3582/3582 3564/3564 3602/3602
f 3530/3530 3576/3576 3533/3533
f 3584/3584 3587/3587 3560/3560
f 3560/3560 3547/3547 3584/3584
f 3578/3578 3553/3553 3594/3594
f 3558/3558 3566/3566 3544/3544
f 3580/3580 3547/3547 3567/3567
f 3550/3550 3569/3569 3546/3546
f 3562/3562 3568/3568 3569/3569
f 3569/3569 3549/3549 3546/3546
f 3568/3568 3549/3549 3569/3569
f 3533/3533 3576/3576 3590/3590
f 3579/3579 3605/3605 3557/3557
f 3594/3594 3553/3553 3587/3587
f 3584/3584 3547/3547 3580/3580
f 3574/3574 3585/3585 3564/3564
f 3538/3538 3545/3545 3565/3565
f 3503/3503 3613/3613 3576/3576
f 3602/3602 3564/3564 3585/3585
f 3563/3563 3570/3570 3552/3552
f 3569/3569 3533/3533 3597/3597
f 3550/3550 3533/3533 3569/3569
f 3571/3571 3566/3566 3558/3558
f 3571/3571 3562/3562 3569/3569
f 3577/3577 3563/3563 3583/3583
f 3564/3564 3578/3578 3574/3574
f 3572/3572 3551/3551 3559/3559
f 3573/3573 3552/3552 3570/3570
f 3577/3577 3570/3570 3563/3563
f 3586/3586 3552/3552 3589/3589
f 3584/3584 3601/3601 3587/3587
f 3605/3605 3599/3599 3557/3557
f 3575/3575 3581/3581 3596/3596
f 3557/3557 3599/3599 3606/3606
f 3580/3580 3593/3593 3584/3584
f 3594/3594 3600/3600 3578/3578
f 3557/3557 3606/3606 3545/3545
f 3579/3579 3575/3575 3596/3596
f 3559/3559 3582/3582 3592/3592
f 3545/3545 3606/3606 3565/3565
f 3581/3581 3575/3575 3572/3572
f 3571/3571 3569/3569 3597/3597
f 3548/3548 3583/3583 3563/3563
f 3538/3538 3565/3565 3613/3613
f 3590/3590 3597/3597 3533/3533
f 3583/3583 3588/3588 3577/3577
f 3548/3548 3566/3566 3583/3583
f 3574/3574 3578/3578 3600/3600
f 3573/3573 3570/3570 3577/3577
f 3589/3589 3552/3552 3573/3573
f 3566/3566 3571/3571 3597/3597
f 3579/3579 3596/3596 3605/3605
f 3574/3574 3581/3581 3585/3585
f 3582/3582 3602/3602 3592/3592
f 3613/3613 3565/3565 3607/3607
f 3583/3583 3597/3597 3590/3590
f 3593/3593 3580/3580 3595/3595
f 3595/3595 3607/3607 3565/3565
f 3611/3611 3589/3589 3573/3573
f 3611/3611 3573/3573 3591/3591
f 3606/3606 3598/3598 3565/3565
f 3581/3581 3574/3574 3596/3596
f 3586/3586 3580/3580 3567/3567
f 3602/3602 3585/3585 3581/3581
f 3583/3583 3566/3566 3597/3597
f 3595/3595 3565/3565 3593/3593
f 3573/3573 3577/3577 3591/3591
f 3605/3605 3596/3596 3604/3604
f 3586/3586 3589/3589 3609/3609
f 3601/3601 3584/3584 3593/3593
f 3598/3598 3593/3593 3565/3565
f 3590/3590 3576/3576 3610/3610
f 3586/3586 3609/3609 3580/3580
f 3596/3596 3574/3574 3604/3604
f 3592/3592 3602/3602 3581/3581
f 3592/3592 3581/3581 3572/3572
f 3603/3603 3591/3591 3588/3588
f 3588/3588 3591/3591 3577/3577
f 3559/3559 3592/3592 3572/3572
f 3583/3583 3603/3603 3588/3588
f 3580/3580 3607/3607 3595/3595
f 3599/3599 3598/3598 3606/3606
f 3609/3609 3589/3589 3611/3611
f 3590/3590 3612/3612 3583/3583
f 3599/3599 3605/3605 3615/3615
f 3603/3603 3583/3583 3612/3612
f 3607/3607 3580/3580 3609/3609
f 3601/3601 3593/3593 3598/3598
f 3587/3587 3601/3601 3614/3614
f 3603/3603 3612/3612 3590/3590
f 3594/3594 3587/3587 3615/3615
f 3600/3600 3594/3594 3615/3615
f 3615/3615 3605/3605 3608/3608
f 3613/3613 3610/3610 3576/3576
f 3591/3591 3610/3610 3611/3611
f 3610/3610 3603/3603 3590/3590
f 3614/3614 3615/3615 3587/3587
f 3613/3613 3607/3607 3609/3609
f 3591/3591 3603/3603 3610/3610
f 3608/3608 3605/3605 3604/3604
f 3614/3614 3601/3601 3599/3599
f 3609/3609 3611/3611 3613/3613
f 3599/3599 3601/3601 3598/3598
f 3610/3610 3613/3613 3611/3611
f 3604/3604 3574/3574 3600/3600
f 3604/3604 3600/3600 3615/3615
f 3615/3615 3614/3614 3599/3599
f 3615/3615 3608/3608 3604/3604
f 557/557 671/671 785/785
f 423/423 534/534 375/375
f 161/161 159/159 154/154
f 110/110 186/186 34/34
f 157/157 381/381 423/423
f 163/163 576/576 487/487
f 178/178 53/53 161/161
f 163/163 487/487 329/329
f 398/398 436/436 145/145
f 188/188 93/93 60/60
f 141/141 295/295 221/221
f 406/406 323/323 211/211
f 785/785 646/646 565/565
f 557/557 785/785 565/565
f 541/541 557/557 565/565
f 452/452 541/541 565/565
f 452/452 565/565 459/459
f 104/104 100/100 95/95
f 477/477 516/516 163/163
f 308/308 477/477 163/163
f 336/336 448/448 393/393
f 23/23 127/127 258/258
f 23/23 258/258 123/123
f 13/13 104/104 95/95
f 99/99 195/195 188/188
f 452/452 459/459 320/320
f 25/25 29/29 46/46
f 32/32 13/13 95/95
f 43/43 23/23 123/123
f 89/89 239/239 28/28
f 157/157 423/423 375/375
f 320/320 285/285 327/327
f 49/49 68/68 70/70
f 56/56 86/86 82/82
f 174/174 91/91 141/141
f 132/132 15/15 4/4
f 141/141 221/221 25/25
f 77/77 120/120 80/80
f 130/130 132/132 4/4
f 336/336 393/393 508/508
f 336/336 508/508 427/427
f 336/336 427/427 398/398
f 246/246 249/249 361/361
f 123/123 354/354 350/350
f 192/192 190/190 49/49
f 60/60 192/192 49/49
f 21/21 37/37 110/110
f 85/85 21/21 110/110
f 203/203 271/271 77/77
f 172/172 174/174 141/141
f 4/4 140/140 273/273
f 4/4 273/273 125/125
f 246/246 361/361 169/169
f 288/288 452/452 320/320
f 233/233 235/235 178/178
f 233/233 178/178 161/161
f 263/263 308/308 163/163
f 224/224 359/359 230/230
f 70/70 43/43 123/123
f 49/49 70/70 123/123
f 51/51 219/219 85/85
f 123/123 350/350 200/200
f 188/188 60/60 49/49
f 181/181 293/293 150/150
f 281/281 332/332 223/223
f 107/107 348/348 226/226
f 72/72 277/277 117/117
f 163/163 329/329 291/291
f 97/97 9/9 32/32
f 97/97 32/32 95/95
f 110/110 34/34 165/165
f 125/125 66/66 11/11
f 148/148 57/57 89/89
f 200/200 305/305 256/256
f 107/107 226/226 148/148
f 25/25 46/46 75/75
f 110/110 165/165 233/233
f 176/176 224/224 230/230
f 82/82 51/51 85/85
f 82/82 85/85 110/110
f 56/56 82/82 110/110
f 188/188 49/49 123/123
f 95/95 99/99 188/188
f 252/252 263/263 163/163
f 172/172 141/141 25/25
f 398/398 145/145 216/216
f 398/398 216/216 252/252
f 18/18 281/281 223/223
f 161/161 154/154 97/97
f 161/161 97/97 95/95
f 233/233 161/161 95/95
f 107/107 148/148 89/89
f 110/110 233/233 95/95
f 163/163 291/291 246/246
f 320/320 327/327 181/181
f 176/176 230/230 237/237
f 110/110 95/95 188/188
f 110/110 188/188 123/123
f 56/56 110/110 123/123
f 181/181 150/150 176/176
f 336/336 398/398 252/252
f 375/375 282/282 353/353
f 176/176 237/237 157/157
f 28/28 130/130 4/4
f 4/4 125/125 11/11
f 252/252 163/163 246/246
f 11/11 18/18 223/223
f 180/180 56/56 123/123
f 223/223 337/337 372/372
f 176/176 157/157 375/375
f 181/181 176/176 375/375
f 11/11 223/223 372/372
f 117/117 172/172 25/25
f 72/72 117/117 25/25
f 75/75 180/180 123/123
f 303/303 336/336 252/252
f 353/353 303/303 252/252
f 375/375 353/353 252/252
f 181/181 375/375 252/252
f 75/75 123/123 200/200
f 288/288 320/320 181/181
f 406/406 211/211 203/203
f 406/406 203/203 77/77
f 256/256 288/288 181/181
f 200/200 256/256 181/181
f 406/406 77/77 80/80
f 246/246 169/169 107/107
f 246/246 107/107 89/89
f 406/406 80/80 72/72
f 89/89 28/28 4/4
f 11/11 372/372 406/406
f 11/11 406/406 72/72
f 11/11 72/72 25/25
f 4/4 11/11 25/25
f 200/200 181/181 252/252
f 252/252 246/246 89/89
f 252/252 89/89 4/4

