# https://github.com/mikedh/trimesh

o largebox_cleaned_simplified.obj
v 0.27792848 -0.07290459 -0.24555217
v 0.28048525 -0.08420852 -0.23275820
v 0.27937837 -0.08929062 -0.23960873
v 0.27786526 -0.07903944 -0.25233390
v 0.27918975 -0.07714527 -0.23200619
v 0.27761343 -0.08243869 -0.25223191
v 0.27828825 -0.09137481 -0.24747010
v 0.27805108 -0.07245821 -0.23905581
v 0.28001092 -0.07769155 -0.24763915
v 0.28240597 -0.08416590 -0.23870618
v 0.27791032 -0.07239813 -0.23374074
v 0.28048386 -0.07771530 -0.24003137
v 0.28043251 -0.08479567 -0.24730803
v -0.04692824 0.10325470 -0.31820353
v 0.09416245 -0.02487401 -0.28592677
v -0.07517495 0.09198466 -0.31894646
v -0.01479189 0.02001510 -0.30582486
v 0.11709269 -0.05403480 -0.27814574
v -0.06167227 0.07857699 -0.32063316
v -0.05970230 0.10549048 -0.29192260
v 0.05875784 -0.01080095 -0.29348880
v -0.02863512 0.12158485 -0.30705889
v -0.01504547 0.14485634 -0.21226947
v -0.07425668 0.09980690 -0.28626488
v -0.06778407 0.08602690 -0.32174180
v 0.10534308 -0.14738132 -0.14282350
v -0.01062002 0.14840298 -0.20522159
v 0.23051264 -0.09353059 -0.20402424
v -0.03098371 0.11714264 -0.31425626
v 0.24397690 -0.08504540 -0.19667213
v -0.13267361 0.01198293 -0.19647618
v 0.25254487 -0.08019628 -0.19616357
v 0.03111120 0.17290221 -0.19517858
v 0.12562329 -0.06189163 -0.27589180
v 0.22071414 -0.09558160 -0.19041084
v 0.03476787 0.17064652 -0.21291949
v 0.26932174 -0.07110892 -0.20369661
v -0.13627789 0.01942027 -0.18874579
v 0.10972416 -0.07755114 -0.27598227
v 0.01411357 0.16507333 -0.18838428
v 0.06687837 -0.01828823 -0.29019469
v -0.04810813 0.11120583 -0.30609765
v 0.00939543 0.16448373 -0.18029868
v -0.00268286 0.15645645 -0.18955544
v -0.06136875 0.10340419 -0.29874485
v 0.10210869 -0.07008796 -0.27821909
v 0.23816793 -0.08585540 -0.18851247
v 0.08525358 -0.16255917 -0.18114639
v 0.00624033 0.16393885 -0.17337968
v 0.09457147 -0.15758919 -0.18141779
v -0.05608510 0.07412709 -0.31863281
v 0.02097179 0.16679914 -0.19637523
v 0.00544920 0.02747095 -0.30475570
v 0.01243631 0.02577272 -0.30321465
v -0.02229873 0.12235397 -0.31345884
v 0.02839516 0.16926265 -0.20433440
v 0.08801678 -0.16022455 -0.17402691
v 0.05111687 -0.00330808 -0.29457508
v 0.26296265 -0.05607533 -0.19051388
v 0.26749184 -0.06177916 -0.19634764
v -0.15027061 0.08203387 -0.17378660
v 0.23593041 -0.08890221 -0.19591627
v -0.00022843 0.16012290 -0.18108003
v 0.00064164 0.03575146 -0.30465825
v 0.01296652 0.16284768 -0.19699557
v -0.15664647 0.08057560 -0.16527556
v 0.07364368 -0.16659167 -0.16501779
v 0.04420137 0.00443627 -0.29571899
v 0.08696752 -0.03120411 -0.28639411
v 0.08016624 -0.16276280 -0.16006946
v 0.02822121 0.01213173 -0.30064985
v -0.00541253 0.15129856 -0.21203090
v -0.00742930 0.15897096 -0.15768140
v -0.14142845 0.08827385 -0.15741489
v 0.09692565 -0.15373936 -0.15728182
v 0.00703845 0.04971763 -0.30239488
v -0.05186469 0.10825332 -0.29928659
v -0.15175577 0.04212102 -0.15259860
v 0.26564656 -0.07858083 -0.21160478
v 0.24452877 -0.07895177 -0.17262418
v 0.02019568 0.03555551 -0.30308192
v -0.06094716 0.13083917 -0.15204009
v -0.12722022 0.09535980 -0.15322626
v 0.03533441 0.02029208 -0.30055135
v 0.10304164 -0.14986020 -0.15243443
v -0.16604224 0.07156194 -0.16502443
v 0.11070496 -0.14569497 -0.15297583
v 0.24741561 -0.03627573 -0.15163108
v -0.05022899 0.13662089 -0.15098350
v 0.08163917 -0.03759568 -0.28619816
v 0.27182193 -0.07001391 -0.21236098
v -0.15028318 0.08333216 -0.16440654
v 0.07381902 -0.04636100 -0.28648178
v -0.00793227 0.01305629 -0.30457547
v 0.18426237 -0.10702244 -0.14508163
v 0.25935453 -0.07528917 -0.18882054
v 0.14623881 -0.12635050 -0.14593214
v -0.15926401 0.05505646 -0.14541240
v -0.16449351 0.06402401 -0.14583259
v -0.13511931 0.09367066 -0.14481617
v -0.05542705 0.13447278 -0.14525522
v -0.16291265 0.07839222 -0.15773100
v -0.03838437 0.10845207 -0.31686857
v -0.09568429 0.11342240 -0.14506416
v -0.06873133 0.10386036 -0.27961833
v 0.03579267 0.17620994 -0.18851352
v 0.13100333 -0.13318741 -0.13976061
v 0.24175020 -0.02715100 -0.13786783
v -0.08930215 0.11771372 -0.13727335
v 0.14041867 -0.12724327 -0.13796703
v -0.15694441 0.04975501 -0.13789613
v -0.08073383 0.12137563 -0.13744660
v 0.14765935 -0.12353526 -0.13768411
v 0.15795698 -0.11765853 -0.13632364
v -0.10627078 0.11065187 -0.13065754
v 0.23933978 -0.02392186 -0.13022233
v -0.15449103 0.04387514 -0.13087968
v -0.08709047 0.12016430 -0.12802777
v 0.13350002 -0.12895233 -0.13004245
v 0.15368208 -0.11880698 -0.13031873
v -0.06737925 0.13001939 -0.12979306
v 0.17196787 -0.10914645 -0.12989086
v 0.24435797 -0.03176401 -0.12947136
v 0.11738539 -0.13528312 -0.12231730
v 0.22564919 0.00265108 -0.12392890
v 0.23554550 -0.01807657 -0.12181677
v -0.14065548 0.01948978 -0.12191807
v -0.12066204 0.10316668 -0.12240707
v -0.11297252 0.10723201 -0.12193099
v -0.04591950 0.14357341 -0.12185100
v 0.05068376 -0.17083129 -0.12284088
v 0.12587233 -0.13181961 -0.12140322
v 0.19387680 -0.09451139 -0.12164458
v 0.19969449 -0.09033917 -0.11446886
v 0.22349620 0.00587673 -0.11505636
v 0.22759227 -0.00227629 -0.11422086
v -0.13861915 0.01393544 -0.11275107
v -0.11764316 0.10574231 -0.11413319
v -0.03809865 0.14811587 -0.11510770
v 0.04399773 -0.17177402 -0.11448178
v 0.11951778 -0.13233865 -0.11238083
v 0.03768964 0.18766615 -0.11396274
v -0.02601582 0.15644598 -0.10634448
v 0.23122623 -0.01033955 -0.10647860
v 0.21464531 -0.08290394 -0.10686980
v -0.13507320 0.10006538 -0.10619394
v 0.10289703 -0.13895306 -0.10661692
v 0.25348340 -0.04665615 -0.10663089
v -0.14725628 0.02822331 -0.10683068
v -0.03084854 0.15497444 -0.09896373
v 0.20683179 -0.08509954 -0.09819111
v -0.13008541 0.10407762 -0.09841116
v 0.24895351 -0.04147694 -0.09912894
v 0.10902559 -0.13555836 -0.09889248
v -0.15169220 0.03555062 -0.09799621
v -0.11127779 0.11439062 -0.09882471
v -0.10150513 -0.05919689 -0.09092702
v -0.09121937 -0.07683371 -0.09129377
v 0.08998151 0.21809974 -0.09101330
v 0.01271259 -0.18329275 -0.09074435
v 0.13177839 0.17522461 -0.09117886
v 0.18394172 0.07901674 -0.09102831
v -0.09950757 -0.06244804 -0.08487041
v 0.18757604 0.07055914 -0.08501746
v 0.09370070 0.22143786 -0.08506671
v -0.10409822 -0.05361286 -0.08500070
v 0.02021454 -0.17870803 -0.08496227
v 0.12914094 0.18012753 -0.08455885
v 0.05085316 0.20092363 -0.07892872
v 0.05870335 0.20548495 -0.07892767
v 0.06747390 0.21010599 -0.07838628
v -0.09475240 -0.06910507 -0.07979984
v -0.05501420 -0.14566912 -0.07892034
v 0.17906989 0.08537234 -0.07899299
v 0.04427053 0.19949750 -0.07085918
v -0.05792339 -0.14182664 -0.07078129
v 0.13784059 0.16174394 -0.07106246
v 0.17554001 0.09171745 -0.07076068
v 0.08173034 0.21824260 -0.07121056
v 0.13426845 0.16864232 -0.07057765
v -0.05267573 -0.15068347 -0.07093358
v 0.02813564 -0.17127384 -0.07099610
v 0.15145643 0.13570890 -0.06556611
v 0.14162929 0.15413126 -0.06333487
v -0.07228880 -0.11850729 -0.06282666
v 0.16267932 0.11617302 -0.06361849
v -0.08092768 -0.10034166 -0.06370861
v -0.06191747 -0.13607740 -0.06297127
v 0.07135027 0.21599494 -0.05613540
v -0.07032757 -0.12290410 -0.05555803
v 0.15395243 0.13102254 -0.05524438
v 0.15985849 0.12067007 -0.05510536
v -0.07510544 -0.11403400 -0.05505960
v -0.08027801 -0.10308250 -0.05345079
v 0.14987487 0.13779728 -0.05521573
v -0.08531435 -0.08605659 -0.04782835
v -0.06744177 -0.12955100 -0.04732712
v -0.00962770 -0.18615410 -0.04774068
v 0.14518641 0.14550112 -0.04748500
v -0.00011422 -0.18169093 -0.04775255
v 0.12501728 0.18385719 -0.04746509
v -0.04558105 -0.16664546 -0.04746369
v 0.12790552 0.17847506 -0.04008259
v 0.00465213 -0.17822916 -0.04065717
v -0.06531497 -0.13440292 -0.03926736
v -0.08453021 -0.09205940 -0.03997886
v -0.08759833 -0.08438141 -0.03936481
v -0.01488375 -0.18793510 -0.03997536
v 0.16752671 0.10086559 -0.04040638
v 0.16274394 0.10932703 -0.03976894
v -0.04895933 -0.16136147 -0.04036901
v -0.03079370 -0.19390998 -0.03186775
v -0.02117927 -0.19036124 -0.03219224
v -0.04074205 -0.17717571 -0.03172315
v 0.10879332 0.21159185 -0.03173467
v 0.11960126 0.19241050 -0.03173921
v 0.19105422 0.05519862 -0.03228200
v -0.11089532 -0.03957578 -0.03232392
v 0.10610242 0.21593068 -0.02499556
v 0.12168754 0.18825994 -0.02597775
v 0.11126486 0.20523486 -0.02422434
v -0.04002426 -0.18284601 -0.02402106
v -0.04319158 -0.17355432 -0.02459982
v 0.11639482 0.19653870 -0.02439549
v -0.10972416 -0.04433200 -0.02389741
v 0.11373152 0.20042834 -0.01726064
v -0.03603647 -0.19004059 -0.01880238
v -0.11800852 -0.03049261 -0.01881251
v -0.11467913 -0.03601517 -0.01040381
v 0.19217158 0.04917345 -0.01300285
v -0.12162222 -0.02501233 -0.01298992
v 0.19614366 0.04109168 -0.01301612
v 0.20998165 0.01411148 -0.00415615
v 0.19853801 0.03491911 -0.00421902
v -0.13277945 -0.00347050 -0.00447435
v 0.03556529 -0.15619205 -0.00503879
v 0.20131867 0.02857504 0.00329551
v 0.21122126 0.01059418 0.00322041
v -0.13754055 0.00266016 0.00284598
v 0.02766725 -0.15866499 0.00300316
v 0.20649648 0.01932421 0.00314706
v 0.01342234 -0.16511978 0.01154563
v 0.02073638 -0.16069608 0.01136714
v 0.18386418 0.06328003 0.01105733
v -0.13052795 -0.01280899 0.01169931
v -0.13137672 -0.00839927 0.01719462
v 0.10133677 0.21909380 0.01094346
v 0.04534667 0.16785538 0.01677024
v 0.05746199 0.18217294 0.01611358
v -0.12598305 -0.01767629 0.01834377
v 0.05114970 0.16202616 0.01794000
v 0.06586789 0.17367972 0.01795676
v 0.18685022 0.05487763 0.01946707
v 0.03599176 -0.15227795 0.01923724
v -0.11679300 0.00795602 0.02172520
v 0.05541657 0.07376768 0.02853906
v -0.07548826 -0.03259217 0.02799138
v 0.06359788 0.08194934 0.02858133
v 0.04723491 0.09013065 0.02563406
v 0.07177955 0.11467528 0.02595330
v -0.06730660 -0.02441086 0.02705739
v 0.07996121 0.12285695 0.02614227
v -0.04276196 0.00013378 0.02605110
v -0.02639899 -0.00804754 0.02883526
v -0.03458030 0.00831544 0.02589916
v 0.09632418 0.09831231 0.03084924
v -0.05094362 -0.04895514 0.03169695
v -0.05890978 -0.04084928 0.02997428
v 0.06544456 0.07107259 0.02998266
v -0.02571823 -0.01666336 0.02994214
v 0.12905013 0.03286007 0.04226563
v 0.15768559 0.05520176 0.04503302
v 0.15359476 0.06394996 0.04400891
v -0.01003567 -0.09804441 0.04219472
v -0.01821733 -0.10622607 0.04272319
v 0.11268715 0.01649710 0.04197747
v 0.12086881 0.02467841 0.04206968
v -0.00185436 -0.08986310 0.04185382
v 0.00632730 -0.08168144 0.04159675
v 0.01450862 -0.07349978 0.04140080
v 0.13723179 0.04922304 0.04174345
v 0.03905325 -0.05713680 0.04210077
v 0.03087194 -0.06531846 0.04223140
v 0.14745886 0.05570019 0.04306689
v -0.04621849 0.10017505 -0.31899956
v 0.01035806 0.05708546 -0.30409240
v -0.04383147 0.11350483 -0.30718323
v 0.09349462 -0.04542631 -0.28212480
v 0.08444394 -0.16179738 -0.17094307
v 0.01992464 0.06507781 -0.30451679
v -0.03821706 0.11527186 -0.31299848
v -0.07431291 0.07115432 -0.32161850
v 0.02024423 0.01217120 -0.30050000
v -0.03070952 0.10849049 -0.31751824
v -0.00706045 0.03539693 -0.30534948
v -0.13081786 0.01037587 -0.21405955
v 0.27053900 -0.06377777 -0.21177907
v 0.22271345 -0.09864972 -0.21232954
v 0.08034507 -0.03118141 -0.28694564
v -0.13578819 0.01984640 -0.21195197
v -0.06883472 0.07864545 -0.32180432
v -0.06152732 0.08652987 -0.32142255
v 0.25967413 -0.08018300 -0.21026911
v 0.02742729 0.03560441 -0.30234633
v -0.01105838 0.14873515 -0.19961171
v -0.06118153 0.10632632 -0.28552335
v 0.03189465 0.17233357 -0.20012307
v 0.07436775 -0.02499137 -0.28830261
v 0.26875380 -0.06231531 -0.20454572
v -0.02357013 0.10180482 -0.31801422
v 0.12541511 -0.06981726 -0.27510137
v 0.02019987 0.16266710 -0.21220380
v -0.05396983 0.09435211 -0.32009072
v 0.03772981 0.17278520 -0.21094218
v 0.11759077 -0.07739850 -0.27516179
v -0.00768568 0.15355459 -0.18820231
v 0.22325833 -0.09365319 -0.18780726
v 0.26109223 -0.05366980 -0.18814572
v 0.10196723 -0.06172816 -0.27896796
v -0.14239527 0.08420537 -0.18043420
v -0.05347420 0.07119764 -0.31727793
v 0.06697617 0.00470976 -0.29314056
v 0.01190889 0.02050620 -0.30205398
v 0.08040200 -0.16519942 -0.18103427
v 0.02791314 0.17052567 -0.19683943
v 0.24533736 -0.08621935 -0.20471512
v -0.14850253 0.08296227 -0.17214740
v -0.15116723 0.08246593 -0.16790847
v 0.02190928 0.16555080 -0.20382025
v 0.01242303 0.16069433 -0.20442626
v 0.26574192 -0.05365163 -0.21229706
v 0.05115913 -0.01081912 -0.29412450
v 0.24344773 -0.08905171 -0.21311963
v -0.15598247 0.07941318 -0.17369823
v 0.23007743 -0.09201505 -0.19670566
v 0.23724791 -0.09003599 -0.20445525
v -0.00464200 0.15779457 -0.17893576
v 0.08677157 -0.15990600 -0.16514982
v -0.05411933 0.11073255 -0.27940456
v 0.09292389 -0.15610158 -0.15962832
v -0.01472587 0.02831133 -0.30560411
v 0.26871224 -0.06951687 -0.19666270
v 0.11114017 -0.05386295 -0.27950167
v -0.00007579 0.15391191 -0.21232919
v -0.15389969 0.04550665 -0.15155738
v 0.24367267 -0.07847639 -0.16569890
v -0.00069578 0.16266361 -0.15841804
v 0.00662210 0.16635625 -0.15763424
v 0.00660184 0.05350773 -0.30347068
v 0.23821823 -0.07931712 -0.15748545
v -0.07358849 0.09883519 -0.29189361
v -0.06780223 0.10022989 -0.29882239
v 0.23904464 -0.02136788 -0.15162095
v -0.08423995 0.11871722 -0.15321474
v 0.15438764 -0.12255551 -0.15154026
v -0.06482702 0.12894569 -0.15171525
v -0.12307001 0.09755262 -0.15179524
v 0.03552302 0.02827989 -0.30068408
v -0.16492243 0.07149243 -0.17355817
v 0.24454064 -0.03109199 -0.15315606
v 0.11784680 -0.14164990 -0.15139496
v -0.10532946 0.10691766 -0.15260977
v 0.08810410 -0.03965856 -0.28479299
v -0.09858650 0.11149085 -0.14737923
v 0.04409519 -0.01896550 -0.29484263
v 0.24152875 -0.02651879 -0.14576238
v 0.13239139 -0.13355556 -0.14587241
v -0.08980197 0.11617267 -0.14544314
v -0.15610857 0.04875465 -0.14533381
v -0.08023924 0.12096836 -0.14496042
v 0.14096460 -0.12915701 -0.14506661
v 0.15017840 -0.12400260 -0.14554757
v -0.01609612 0.14853257 -0.18888341
v -0.13250491 0.01180654 -0.20458903
v 0.07435378 -0.16722667 -0.17313553
v -0.07519486 0.09569791 -0.31526604
v 0.00550858 0.16406249 -0.16733879
v 0.05886157 -0.00337130 -0.29381922
v -0.15933247 0.05440923 -0.13825135
v -0.16493221 0.06371594 -0.13789997
v 0.10445904 -0.14679522 -0.13796738
v -0.13577038 0.09455924 -0.13777283
v 0.18443247 -0.10533190 -0.13787203
v -0.09700598 0.11434346 -0.13795376
v -0.13065544 0.09739404 -0.13226704
v 0.09946670 -0.14856715 -0.13225971
v -0.10260084 0.11287612 -0.12814163
v -0.15223464 0.04007037 -0.13007318
v -0.16180786 0.05818536 -0.13028310
v -0.06293040 0.13293627 -0.12992404
v -0.05274838 0.13916124 -0.13036449
v 0.17682992 -0.10683313 -0.12954611
v 0.24721058 -0.03625268 -0.13045460
v 0.11001861 -0.14188427 -0.13023735
v 0.18658616 -0.10183520 -0.13022687
v -0.03027955 0.15126223 -0.12151220
v 0.20926387 -0.08729341 -0.12186253
v -0.12757579 0.10041780 -0.12196347
v 0.25593748 -0.04908508 -0.12238751
v 0.24982882 -0.04060967 -0.12163130
v -0.14402155 0.02558900 -0.12198862
v -0.14937330 0.03482131 -0.12131520
v 0.11181359 -0.13833867 -0.12083354
v 0.18996340 -0.09701053 -0.12179686
v 0.20515732 -0.08827315 -0.11619957
v 0.10554427 -0.13957409 -0.11442310
v -0.02503643 0.15585568 -0.11474060
v 0.21361666 -0.08405763 -0.11432111
v 0.23141694 -0.01012404 -0.11440040
v -0.13434250 0.09888235 -0.11416288
v -0.14685565 0.02927221 -0.11463616
v 0.25319139 -0.04572460 -0.11396763
v 0.04182378 -0.17155886 -0.10633225
v 0.19949785 -0.08954315 -0.10655929
v 0.22722587 -0.00291409 -0.10661063
v 0.22305086 0.00472478 -0.10711221
v -0.13910081 0.01410659 -0.10580553
v -0.11975110 0.10694071 -0.10625471
v 0.11911191 -0.13168234 -0.10580413
v -0.04018179 0.14884762 -0.10629907
v 0.03608223 0.18821348 -0.10630606
v -0.11437734 0.11227500 -0.10044994
v 0.11534871 -0.13353739 -0.10051945
v 0.12453980 -0.12726074 -0.09888235
v 0.23507326 -0.01838079 -0.09837483
v 0.20123100 -0.08742998 -0.09871958
v 0.22542775 -0.00134265 -0.09845796
v -0.14328071 0.02057431 -0.09851106
v -0.04608052 0.14748506 -0.09886383
v 0.19124283 -0.09261652 -0.09835562
v -0.03722823 0.15187418 -0.09857637
v 0.03103156 0.18745309 -0.09792740
v 0.18112718 0.08446594 -0.09278697
v 0.06641278 0.20662012 -0.09216209
v 0.17553233 0.09466892 -0.09175064
v -0.05108997 -0.15004497 -0.09143349
v 0.13983990 0.16007226 -0.09062943
v 0.13520698 0.16860600 -0.09101504
v 0.02850169 -0.17514148 -0.09223859
v 0.04566732 0.19574792 -0.09081071
v 0.05890838 0.20383911 -0.08511142
v 0.06863702 0.20933547 -0.08511247
v -0.05415495 -0.14625173 -0.08441145
v 0.17884600 0.08653581 -0.08510863
v 0.03406930 -0.17026440 -0.08492001
v 0.13719302 0.16484594 -0.08388857
v -0.09592460 -0.06853573 -0.08470171
v 0.21874277 0.00980828 -0.08412329
v 0.05066874 0.19963791 -0.08403038
v 0.05337221 0.20299105 -0.07642260
v 0.20351637 0.02452752 0.00277682
v -0.09305068 -0.07164228 -0.07650014
v -0.09789736 -0.06261500 -0.07890741
v 0.09320017 0.22211512 -0.07917671
v 0.01841712 -0.17801889 -0.07853193
v -0.10248557 -0.05386470 -0.07910092
v 0.18678141 0.07089515 -0.07936393
v -0.04986084 -0.15521509 -0.07173134
v 0.17329306 0.09595289 -0.07140197
v -0.08964165 -0.07774604 -0.07107364
v 0.16535031 0.11154429 -0.06360382
v 0.13110392 0.17499967 -0.07136739
v 0.08806218 0.22106133 -0.07061363
v 0.09513905 0.22511129 -0.07042117
v 0.01235737 -0.17912857 -0.07076313
v 0.18281563 0.07773766 -0.07093777
v 0.02041853 -0.17539471 -0.07117808
v -0.09928822 -0.05548503 -0.07030381
v -0.08651415 -0.08322214 -0.06548053
v -0.01329345 -0.19049641 -0.06364713
v 0.17042543 0.10164170 -0.06355248
v 0.00591934 -0.18059452 -0.06331077
v 0.12851083 0.17903077 -0.06335897
v -0.04766174 -0.16151271 -0.06302087
v -0.08301955 -0.09303112 -0.06363980
v -0.06683366 -0.12899284 -0.05561182
v -0.08500209 -0.08490674 -0.05528035
v -0.00775483 -0.18629870 -0.05514623
v 0.14566563 0.14553081 -0.05544277
v 0.16719069 0.10708776 -0.05497368
v 0.00046874 -0.18232698 -0.05544277
v 0.12538123 0.18412230 -0.05554371
v -0.04543644 -0.16625042 -0.05535929
v -0.07052352 -0.12392296 -0.04781368
v 0.15977362 0.12014020 -0.04911861
v -0.00533603 -0.18408563 -0.04690658
v -0.07524411 -0.11486320 -0.04754438
v 0.06880992 0.21697818 -0.04571692
v -0.08006844 -0.10453832 -0.04690903
v 0.14935583 0.13791604 -0.04740746
v 0.15356647 0.13089191 -0.04768759
v -0.06322799 -0.13780741 -0.04053247
v 0.14084200 0.15291400 -0.03982238
v -0.07256404 -0.12074621 -0.04017376
v 0.15992835 0.11678672 -0.04061805
v -0.08228570 -0.10014711 -0.04014826
v -0.11377867 -0.03421530 -0.03258623
v -0.12162432 -0.02414715 -0.03193796
v 0.19752264 0.04235609 -0.03175633
v 0.19558271 0.04417866 -0.02505215
v 0.19386248 0.04920313 -0.03126768
v -0.03737354 -0.18933154 -0.02416426
v -0.11830960 -0.02975353 -0.02452892
v 0.11386669 0.20083281 -0.02397320
v -0.10921211 -0.04586746 -0.01855753
v -0.02885796 -0.19230781 -0.01430463
v -0.04106653 -0.18290958 -0.01863717
v -0.04471167 -0.17326651 -0.01855928
v 0.11599558 0.19591418 -0.01848768
v 0.10598541 0.21310042 -0.01795362
v 0.11057782 0.20506476 -0.01807238
v 0.10720058 0.20939450 -0.01449674
v -0.04372424 -0.18006815 -0.01153725
v -0.11313424 -0.03893764 -0.01250616
v -0.02313806 -0.18952784 -0.01252433
v 0.18955858 0.05330724 -0.01225538
v 0.11708500 0.19120441 -0.01195639
v 0.09962772 0.22524786 -0.00632172
v -0.12492541 -0.01835425 -0.00412611
v -0.13158419 -0.00676636 -0.00161300
v 0.02016390 -0.16387667 -0.00501958
v 0.18654949 0.05594120 -0.00388720
v 0.03765576 -0.15470479 -0.00211492
v 0.10065532 0.21915283 0.00255607
v -0.12955030 -0.01267661 0.00308489
v 0.18360606 0.06285670 0.00400735
v 0.01297036 -0.16677190 0.00314951
v 0.02253345 -0.16106737 0.00361021
v 0.21143817 0.00917782 0.00821380
v 0.02875387 -0.15687106 0.01106781
v 0.20587265 0.01922781 0.01105628
v 0.20153243 0.02731167 0.01135038
v -0.13798345 0.00267902 0.01319391
v 0.04518950 0.17399163 0.01590296
v 0.04450769 0.18285475 0.01454494
v 0.05132574 0.18217294 0.01537310
v 0.18793964 0.05216997 0.01823549
v 0.05763244 0.16171914 0.01853238
v 0.06548612 0.16785538 0.01851562
v -0.13289855 -0.00297556 0.01886246
v 0.19748771 0.03394565 0.01916808
v -0.12324465 -0.02086212 0.02130187
v 0.20803543 0.01275381 0.01950934
v 0.07177955 0.14740158 0.02222747
v 0.07996121 0.15558324 0.02206960
v -0.07439744 -0.04155099 0.02941542
v 0.07996121 0.09831231 0.02881220
v 0.04723491 0.08194934 0.02658795
v 0.06359788 0.09013065 0.02766620
v -0.05094362 -0.03259217 0.02948178
v 0.07177955 0.10649397 0.02688100
v -0.05912494 -0.02441086 0.02770217
v 0.09632418 0.11467528 0.02928409
v 0.08814252 0.12285695 0.02732669
v -0.03458030 -0.01622920 0.02897637
v -0.04276196 -0.00804754 0.02711223
v -0.02639899 0.00013378 0.02782687
v -0.07548826 -0.04714619 0.03032216
v -0.06730660 -0.04351013 0.02998266
v 0.10450549 0.03286007 0.03904242
v -0.00185436 -0.09804441 0.04314618
v 0.12086881 0.01649710 0.04303825
v -0.01821733 -0.08168144 0.03904906
v -0.01003567 -0.08986310 0.04095232
v 0.11268715 0.02467841 0.04098689
v 0.01450862 -0.05713680 0.03929321
v 0.02269028 -0.06531846 0.04125375
v 0.03905325 -0.07349978 0.04431174
v 0.13723179 0.05740471 0.04093206
v 0.15731954 0.04740501 0.04558489
v 0.14541345 0.04922304 0.04320765
v 0.04165333 0.00679814 -0.29649650
v -0.03262640 0.11927537 -0.30628487
v -0.05399009 0.07876875 -0.31936735
v 0.12566660 -0.05371485 -0.27703222
v 0.00652116 0.04380423 -0.30304036
v -0.06366634 0.10344052 -0.29257542
v -0.07454344 0.10104442 -0.27922189
v -0.05696984 0.10570284 -0.30017971
v 0.23156958 -0.09444642 -0.21200576
v -0.06801460 0.10300915 -0.28572314
v 0.06689933 -0.01093333 -0.29233825
v -0.01536472 0.14539389 -0.20460789
v -0.02913215 0.12011506 -0.31256467
v 0.00260357 0.04987237 -0.30362541
v -0.06491783 0.10563508 -0.28011012
v 0.03308361 0.17147608 -0.20678708
v -0.00759416 0.02028370 -0.30492859
v 0.23373375 -0.08868915 -0.19023515
v 0.01564833 0.16478621 -0.19376118
v 0.25775341 -0.07745823 -0.19640178
v 0.03596207 0.17499652 -0.19640597
v -0.00020573 0.02887263 -0.30493802
v 0.24008655 -0.08693434 -0.19663126
v -0.04632328 0.10911885 -0.31509769
v -0.13629640 0.01928020 -0.19659284
v 0.10198295 -0.07754310 -0.27706121
v 0.05120803 0.00463537 -0.29473854
v 0.02002593 0.02747269 -0.30270050
v 0.24402580 -0.08275095 -0.18881635
v 0.02062600 0.16803387 -0.18868991
v -0.13258769 0.01167766 -0.18866860
v -0.00907164 0.14890560 -0.21192367
v 0.25107717 -0.07889693 -0.18865463
v 0.02940739 0.17311073 -0.18834307
v 0.03631206 0.01206327 -0.29924397
v 0.24435343 -0.08031748 -0.18106082
v 0.01116875 0.16380472 -0.18931408
v 0.02816009 0.01994315 -0.30150944
v -0.14903973 0.08111944 -0.18184880
v 0.08915335 -0.16056859 -0.18202519
v -0.06227759 0.07170305 -0.31928737
v 0.04400717 -0.00364968 -0.29547693
v 0.08723088 -0.02537698 -0.28690966
v 0.09448973 -0.03221878 -0.28459914
v -0.02218626 0.12535923 -0.30687865
v 0.09498816 -0.15653469 -0.17321761
v 0.00822602 0.16478447 -0.17242299
v 0.26642302 -0.06091467 -0.18861202
v -0.01570736 0.01239474 -0.30588319
v 0.26411529 -0.05629677 -0.19687087
v -0.02338291 0.11749507 -0.31592235
v -0.16301324 0.07694478 -0.16520955
v 0.08038454 -0.16324307 -0.16499229
v -0.00622042 0.15810613 -0.16454555
v -0.00267238 0.15518540 -0.19732354
v -0.00724243 0.15104323 -0.20433580
v 0.00660603 0.16322700 -0.18197629
v 0.11747481 -0.06158181 -0.27709788
v 0.11003084 -0.06994440 -0.27704235
v 0.09632872 -0.15481132 -0.16331956
v 0.05960276 -0.01922362 -0.29173853
v -0.15690738 0.08179705 -0.15856334
v -0.06768313 0.09403496 -0.31919516
v 0.27034620 -0.06979875 -0.20673993
v 0.02851252 0.16737686 -0.21214722
v -0.14798279 0.08544708 -0.15795314
v 0.07430907 -0.16535625 -0.15807609
v -0.09478104 0.11305984 -0.15155074
v 0.26542651 -0.07557733 -0.20458798
v 0.14631845 -0.12722546 -0.15293950
v -0.15901497 0.05526673 -0.15115675
v 0.01226970 0.03758136 -0.30348779
v -0.13491498 0.09219283 -0.15256122
v 0.27118064 -0.07657908 -0.21326039
v -0.05529677 0.13361983 -0.15277010
v -0.16699474 0.07140581 -0.15862482
v 0.18425608 -0.10842377 -0.15253922
v 0.08267830 -0.04662925 -0.28462114
v -0.14276167 0.08626546 -0.16545998
v 0.07426960 -0.03861001 -0.28673048
v 0.24718019 -0.03619784 -0.14334952
v -0.15181864 0.04120694 -0.14580465
v -0.16235868 0.06018048 -0.14357516
v -0.06097196 0.13172740 -0.14491851
v -0.12822232 0.09640696 -0.14593633
v -0.05183081 0.13648362 -0.14522658
v 0.22070750 -0.09686662 -0.19628442
v 0.10217471 -0.14950812 -0.14555665
v -0.03783285 0.10290367 -0.31834744
v 0.17863468 -0.10945731 -0.14525522
v 0.00688302 0.03571164 -0.30419544
v 0.10995434 -0.14502260 -0.14453290
v -0.07355881 0.08563500 -0.32159475
v -0.08461753 0.11910283 -0.13967469
v 0.08277540 -0.16111557 -0.15706002
v 0.00017883 0.16119067 -0.17294098
v -0.16309847 0.06272921 -0.15118609
v -0.15413964 0.04374800 -0.13741272
v 0.13286572 -0.13139418 -0.13665162
v 0.24401951 -0.03081256 -0.13807147
v -0.05276794 0.10869168 -0.29273888
v 0.23936912 -0.02343530 -0.13790032
v -0.06748648 0.12886780 -0.13781335
v 0.15513336 -0.11972525 -0.13839456
v 0.11496135 -0.14063662 -0.13862299
v -0.10524109 0.11061030 -0.13818708
v 0.13876899 -0.12570153 -0.13211126
v -0.09073841 0.11838574 -0.13081017
v 0.24164961 -0.02756979 -0.13020067
v -0.15736984 0.04965476 -0.13000542
v -0.08198601 0.12212310 -0.13000123
v -0.07195035 0.12748637 -0.12804069
v 0.14885635 -0.12081223 -0.13002114
v 0.15765835 -0.11640634 -0.12956881
v 0.12345143 -0.13333062 -0.12405988
v 0.19854849 -0.09210621 -0.12222649
v 0.22424576 0.00534861 -0.12088453
v 0.22831948 -0.00333637 -0.12173155
v -0.03820798 0.14707954 -0.12179617
v 0.04314583 -0.17376704 -0.12185939
v 0.03749998 0.18680342 -0.11991492
v 0.19236893 -0.09387883 -0.11486774
v 0.23528423 -0.01823794 -0.11446222
v -0.14094294 0.01898820 -0.11483735
v -0.12202355 0.10355299 -0.11456736
v -0.11213039 0.10873115 -0.11423064
v -0.04557022 0.14444104 -0.11445384
v 0.11703052 -0.13418986 -0.11517581
v -0.03592610 0.14998909 -0.11252543
v 0.12512381 -0.13099460 -0.11470288
v 0.20788593 -0.08575271 -0.10649816
v -0.03122402 0.15356821 -0.10680903
v -0.12820905 0.10280622 -0.10675524
v 0.11061414 -0.13634879 -0.10679226
v 0.24857698 -0.04039206 -0.10638954
v -0.11081848 0.11251146 -0.10455474
v -0.15135584 0.03590479 -0.10719464
v -0.02639899 0.15679421 -0.10194453
v 0.21336902 -0.08218790 -0.09926446
v -0.16943695 0.06663387 -0.09837483
v 0.23092620 -0.01057811 -0.09855332
v -0.13552692 0.10171575 -0.09856694
v 0.10189144 -0.13840888 -0.09811077
v -0.12637669 0.10572031 -0.09911602
v 0.25350086 -0.04688423 -0.09846460
v -0.14760591 0.02825230 -0.09853481
v 0.05728455 0.20081291 -0.09405871
v -0.10438708 -0.05336347 -0.09196335
v -0.09964798 -0.06254723 -0.09093366
v 0.02065394 -0.17982400 -0.09111738
v 0.09482016 0.22137359 -0.09128888
v 0.18723339 0.07281168 -0.09108141
v -0.09126443 -0.07723119 -0.08506531
v -0.10144400 -0.05902714 -0.08532798
v 0.08926966 0.21842667 -0.08541285
v 0.01454983 -0.18119913 -0.08367376
v 0.09706606 0.22393525 -0.08497764
v 0.18348206 0.07838803 -0.08477471
v 0.13101031 0.17649181 -0.08513133
v -0.10099238 -0.05838864 -0.08176282
v 0.02482790 -0.17551242 -0.08348061
v 0.06426327 0.20816257 -0.08033075
v -0.05739038 -0.14166352 -0.07828918
v 0.04324642 0.19734031 -0.07860388
v 0.17568217 0.09205172 -0.07905795
v 0.13857060 0.16118473 -0.07880577
v 0.08322214 0.21763903 -0.07820535
v 0.13477177 0.16848584 -0.07899369
v 0.02857609 -0.17231646 -0.07880298
v -0.05137115 -0.15160418 -0.07861331
v 0.04929360 0.20158098 -0.07277047
v -0.09383168 -0.06758114 -0.07299192
v 0.05887799 0.20744025 -0.07098422
v 0.06726748 0.21117655 -0.07126749
v 0.17873947 0.08536116 -0.07108621
v -0.05560484 -0.14565480 -0.07160386
v -0.00459869 -0.18615130 -0.06539042
v 0.07256788 0.21505537 -0.06303973
v -0.06986686 -0.12227783 -0.06389897
v 0.15988085 0.12106686 -0.06310085
v -0.07460701 -0.11374479 -0.06389897
v 0.15402892 0.13126320 -0.06356331
v 0.14941870 0.13918464 -0.06315010
v -0.07287141 -0.11871233 -0.05550599
v 0.14159261 0.15359616 -0.05541483
v -0.06237818 -0.13643122 -0.05542880
v 0.16227345 0.11617547 -0.05557235
v -0.08132167 -0.10016667 -0.05576726
v -0.06453676 -0.13451295 -0.04752098
v -0.08703528 -0.08317638 -0.04564496
v -0.01585756 -0.18962355 -0.04764078
v 0.00639821 -0.17840729 -0.04806621
v 0.16840062 0.10220195 -0.04710603
v -0.04874278 -0.16139151 -0.04772915
v 0.12813430 0.17842825 -0.04742772
v -0.08341284 -0.09348763 -0.04761389
v 0.16440514 0.10999346 -0.04738476
v -0.08597171 -0.08701223 -0.04195861
v -0.00958614 -0.18538217 -0.04201135
v -0.06789060 -0.12945914 -0.04042874
v 0.14564712 0.14380953 -0.04057893
v -0.00112784 -0.18080758 -0.03996384
v 0.16530700 0.10369445 -0.03809761
v 0.12495999 0.18372377 -0.03990516
v 0.00862421 -0.17615301 -0.04001658
v -0.04580005 -0.16692174 -0.04016153
v 0.12191597 0.18875592 -0.03231938
v 0.18869550 0.06046479 -0.03405323
v -0.02482476 -0.19253694 -0.03153803
v -0.03901588 -0.18221136 -0.03164945
v -0.04251467 -0.17372932 -0.03166377
v 0.10638220 0.21631699 -0.02983142
v 0.11612272 0.19794807 -0.03176611
v 0.11150657 0.20573573 -0.03183562
v -0.10941120 -0.04389470 -0.02978880
v -0.04183496 -0.17814044 -0.02264557
v -0.04144620 -0.17724068 -0.02588694
v 0.19014887 0.05494713 -0.02392884
v -0.11239026 -0.03880107 -0.02379227
v -0.03079510 -0.19337243 -0.02391662
v -0.02267910 -0.19055719 -0.02404760
v 0.10812060 0.21151222 -0.02376293
v 0.11911715 0.19151563 -0.02365780
v 0.19292290 0.04826076 -0.01846532
v 0.19640248 0.04167219 -0.01865463
v -0.12242663 -0.02315937 -0.02025960
v -0.11566586 -0.03398687 -0.01696095
v -0.03866624 -0.18753587 -0.01197769
v 0.19457711 0.04384580 -0.01159697
v -0.11757715 -0.03173083 -0.01160501
v 0.11385027 0.19787472 -0.00984705
v 0.20665785 0.02001475 -0.00423928
v 0.20190687 0.02854116 -0.00442649
v 0.21184439 0.01060361 -0.00353966
v -0.13601453 0.00230528 -0.00469020
v 0.02800605 -0.15968490 -0.00409153
v 0.19798474 0.03490514 0.00273456
v 0.18825714 0.05233797 0.00328608
v -0.13504945 -0.00304472 0.00355642
v 0.20943397 0.01402241 0.00328293
v 0.03384610 -0.15581621 0.00308070
v 0.18680027 0.05545080 0.01090609
v -0.12777977 -0.01827636 0.01109330
v 0.03558904 -0.15382634 0.01111321
v -0.13221395 -0.00956169 0.01108003
v 0.05132574 0.16785538 0.01725155
v 0.05678018 0.17467343 0.01687817
v 0.06596709 0.18172690 0.01717751
v 0.04525935 0.16198494 0.01740314
v 0.10121068 0.21828940 0.01873741
v 0.01300739 -0.16377783 0.01923585
v 0.02032806 -0.15985919 0.01916424
v 0.18389736 0.06342045 0.01905526
v 0.02989010 -0.15484206 0.02135077
v -0.12882763 -0.01178384 0.01988971
v 0.20256352 0.02286282 0.02152157
v -0.11242728 0.00596021 0.02130327
v 0.05541657 0.08194934 0.02760368
v 0.06359788 0.07376768 0.02948563
v -0.06730660 -0.03259217 0.02829212
v -0.07548826 -0.02441086 0.02658795
v 0.07177955 0.12285695 0.02500499
v 0.08814252 0.10649397 0.02897322
v 0.07996121 0.11467528 0.02705215
v -0.04276196 0.00831544 0.02499137
v -0.03458030 0.00013378 0.02693829
v 0.08899023 0.09831231 0.02991420
v 0.09615268 0.10671891 0.02999733
v -0.05912494 -0.04895514 0.03114264
v -0.05094362 -0.03862782 0.03026418
v 0.15359476 0.05570019 0.04427018
v 0.10450549 0.01649710 0.04091948
v -0.01003567 -0.10622607 0.04354855
v -0.01821733 -0.09804441 0.04136587
v -0.00185436 -0.08168144 0.04069210
v 0.12905013 0.02467841 0.04321254
v 0.00632730 -0.08986310 0.04279410
v 0.12086881 0.03286007 0.04113918
v 0.02269028 -0.07349978 0.04237321
v 0.13723179 0.04104173 0.04258383
v 0.03905325 -0.06531846 0.04319368
v 0.14834640 0.06466355 0.04263517
v 0.03087194 -0.05713680 0.04114058
v 0.15821685 0.06369813 0.04548674
v 0.13284546 -0.04668514 -0.27708182
v -0.03909691 0.04593382 -0.31088007
v -0.01293439 0.06900447 -0.31077039
v -0.00663014 0.07831083 -0.31081475
v 0.10913527 0.00513729 -0.28929388
v -0.01465776 0.07880472 -0.31233309
v -0.02086037 0.06117804 -0.31090382
v 0.14021713 -0.03903020 -0.27668503
v 0.19882198 -0.11408849 -0.26215510
v -0.04436553 0.04164495 -0.31117067
v -0.03265155 0.12608295 -0.25627768
v 0.00694589 0.09372724 -0.31021014
v 0.14925140 -0.03231973 -0.27593022
v 0.03774937 0.12217235 -0.31053672
v 0.12528238 -0.00357249 -0.28475631
v 0.06704184 -0.06196952 -0.28336476
v -0.05684969 0.12113532 -0.22525101
v -0.02893585 0.05329397 -0.31111863
v -0.06597966 0.11313983 -0.23968278
v -0.04052619 0.11874236 -0.27153516
v 0.11176504 -0.09520612 -0.27398470
v -0.15119517 0.04869877 -0.21192752
v -0.07360212 0.02025995 -0.31229502
v -0.04925099 0.12893277 -0.21033966
v 0.11099277 -0.15313685 -0.21251152
v 0.07382636 -0.17227838 -0.21166660
v -0.08319070 0.11226522 -0.20677486
v 0.10413385 -0.15471247 -0.20256422
v 0.21452760 -0.11108184 -0.24789867
v 0.14811307 -0.07047636 -0.27178805
v 0.10024176 -0.15599365 -0.19640283
v -0.05962581 0.02623378 -0.31116194
v 0.07425109 -0.10671402 -0.27783103
v 0.12001830 -0.14715813 -0.19598788
v -0.15984173 0.06262967 -0.20488278
v -0.09880236 0.10470284 -0.19690650
v -0.06782459 0.01189491 -0.31216160
v 0.15657381 -0.02490265 -0.27641678
v -0.00069368 0.08659833 -0.31059330
v -0.00011387 0.09512962 -0.31185807
v 0.12569349 -0.14407499 -0.18864904
v 0.24514630 -0.02420478 -0.18824177
v -0.15469501 0.05287098 -0.18884010
v 0.11057048 -0.01874859 -0.28364629
v 0.10229766 -0.00975240 -0.28620690
v -0.11476680 0.09743910 -0.18916598
v 0.11617302 -0.14818887 -0.18866231
v -0.08710165 0.11300500 -0.18870248
v 0.20680559 -0.11498335 -0.25567342
v 0.24154168 -0.02019079 -0.18075519
v 0.02807242 0.12377836 -0.31288217
v -0.08178483 0.11476819 -0.19643182
v 0.04306724 -0.06958848 -0.28583002
v -0.03270534 0.14132855 -0.18333676
v 0.13081926 -0.14041447 -0.18161164
v 0.01284253 0.10116632 -0.31034741
v 0.12568057 -0.10629209 -0.27103394
v 0.02081147 0.10878843 -0.31066316
v 0.11827781 0.00375482 -0.28823450
v -0.11293689 0.09950792 -0.18111286
v 0.09415197 -0.08549249 -0.27678877
v 0.05168551 -0.18019808 -0.18108352
v -0.03827434 0.12175914 -0.26314149
v 0.24914318 -0.03592575 -0.17241356
v 0.05133867 -0.07713234 -0.28408184
v -0.15515432 0.05591326 -0.21222371
v -0.09745971 0.10702593 -0.18872379
v -0.10532911 0.10255718 -0.18850269
v 0.22738444 0.00545444 -0.17294901
v 0.01221905 0.10990125 -0.31275329
v 0.04360199 -0.18280689 -0.17320364
v 0.15384380 -0.13292160 -0.21203544
v 0.25644743 -0.04998518 -0.16582534
v -0.06343337 0.11900817 -0.22008368
v 0.15655460 -0.07763951 -0.27114920
v -0.14702645 0.03642383 -0.16506145
v 0.06401528 -0.17047433 -0.15905584
v 0.21542980 -0.09352326 -0.16547361
v -0.13505329 0.08501886 -0.20405462
v 0.08192454 -0.10139930 -0.27730501
v -0.04568304 0.13705400 -0.16523854
v 0.17510096 -0.12637215 -0.24037681
v -0.02501198 0.14792411 -0.16590567
v -0.14158703 0.02637210 -0.16588646
v 0.05848050 -0.17435873 -0.16554731
v -0.13851506 0.02190194 -0.17301573
v -0.04691916 0.04845042 -0.31277215
v -0.05299672 0.12445563 -0.21950002
v 0.03628237 0.07043934 -0.30277665
v 0.03042974 0.11431412 -0.31063557
v 0.19724495 -0.10342585 -0.16494444
v -0.02094630 0.15155982 -0.15764123
v -0.12767324 0.08768915 -0.21219821
v 0.23130692 -0.00102655 -0.18058020
v 0.15528879 -0.13131349 -0.20452441
v -0.04003579 0.14085213 -0.15920289
v 0.19902317 -0.10150827 -0.15819694
v 0.19239163 -0.10533958 -0.15840791
v 0.25379461 -0.04638440 -0.15755950
v -0.03104518 0.14614520 -0.15848301
v -0.01558686 0.15538624 -0.15164365
v 0.06712182 -0.16779007 -0.15110296
v 0.21259011 -0.09634374 -0.17316801
v -0.16823436 0.07325108 -0.15136702
v 0.22308090 -0.08587880 -0.15158148
v 0.23618189 -0.01026515 -0.18156344
v 0.20930683 -0.09506466 -0.15795070
v 0.16278201 -0.12996560 -0.22468167
v 0.02123236 0.17327524 -0.15268836
v 0.11730226 -0.10058721 -0.27287223
v 0.05839947 -0.05357654 -0.28592991
v 0.14789547 -0.13470017 -0.20427362
v -0.09007267 0.10770145 -0.21233199
v 0.16862591 -0.12661246 -0.22000195
v 0.23889619 -0.01636227 -0.17270940
v -0.04622059 0.11776925 -0.26284634
v 0.06094506 -0.16961753 -0.14330865
v 0.14136034 -0.13706064 -0.19627429
v 0.22926255 -0.08176247 -0.14522763
v -0.12418144 0.09036362 -0.20267984
v 0.01572238 0.17269124 -0.14223879
v 0.25986938 -0.05411583 -0.14518432
v 0.18344364 -0.12043011 -0.22547245
v 0.24991545 -0.03853421 -0.16502023
v 0.13487935 -0.13943298 -0.18805526
v -0.16876143 0.07699682 -0.14325556
v 0.08671219 -0.09175064 -0.27792150
v -0.14435022 0.03076087 -0.15802335
v 0.19150829 -0.11970534 -0.26097941
v 0.17669650 -0.12248845 -0.21962681
v -0.06179941 0.03560545 -0.31293876
v -0.11950031 0.09381491 -0.19649539
v -0.14858007 0.04173017 -0.20469661
v -0.07638417 0.11083035 -0.22580777
v 0.20738192 -0.10080342 -0.18139927
v 0.14144312 -0.06254828 -0.27362668
v -0.03073467 0.06317490 -0.31294644
v 0.01137343 0.17095878 -0.13834636
v 0.25041108 -0.07008970 -0.13811303
v 0.02964071 0.18017154 -0.13710395
v -0.13598589 0.01153445 -0.12987304
v 0.03547133 0.18422325 -0.13020905
v 0.25680440 -0.06645364 -0.13024817
v 0.08103316 -0.15487210 -0.11950765
v -0.00010234 0.16771427 -0.12246505
v -0.15723641 0.08849949 -0.12184716
v 0.24009005 -0.07213232 -0.12191492
v 0.00603670 0.17166050 -0.11494633
v -0.15472575 0.09099513 -0.11334765
v 0.07673625 -0.15479910 -0.11225893
v 0.23557763 -0.07436426 -0.11471999
v 0.24332129 -0.06889515 -0.11413739
v -0.16341527 0.08686239 -0.11435883
v -0.01105838 0.16435694 -0.10870181
v 0.07225597 -0.15585708 -0.10781881
v -0.14964364 0.09454981 -0.10660120
v 0.08805450 -0.14687486 -0.10502383
v 0.23069043 -0.07444355 -0.10674231
v 0.00601435 0.17308139 -0.10681741
v -0.14562162 0.09721660 -0.10044156
v 0.00094167 0.17208593 -0.09785370
v -0.01684114 0.16271600 -0.09956869
v -0.00885543 0.16696680 -0.09958895
v 0.22209486 -0.07583615 -0.09879363
v 0.09431614 -0.14215566 -0.09814675
v 0.23289512 -0.07268524 -0.09849289
v 0.12056249 0.19805355 -0.09122776
v -0.02500639 -0.19938747 -0.08914008
v -0.03497709 -0.18077650 -0.09265494
v 0.19606472 0.05328034 -0.09071151
v 0.19149292 0.06311482 -0.09089314
v -0.03199629 -0.18878876 -0.09044955
v -0.10921840 -0.04384125 -0.09100771
v 0.12371444 0.19144926 -0.09124662
v -0.02921213 -0.19516042 -0.08505204
v 0.19395643 0.05682105 -0.08525078
v 0.11256106 0.21222126 -0.08499965
v -0.03947065 -0.17381943 -0.08496437
v -0.11030049 -0.04063901 -0.08458295
v 0.20019572 0.04256706 -0.07905237
v 0.19554533 0.05234216 -0.07898460
v -0.11910911 -0.02598159 -0.07884489
v -0.11391629 -0.03351219 -0.07924238
v -0.11693935 -0.02948039 -0.07278654
v 0.19751530 0.04760969 -0.07092065
v 0.11606020 0.20403925 -0.07090948
v 0.21534178 0.01307550 -0.06368381
v -0.13623562 0.00413624 -0.06358496
v 0.03507873 -0.16694654 -0.06316302
v 0.21027470 0.02262182 -0.06331776
v 0.20232845 0.03639589 -0.05517347
v -0.12265436 -0.02077410 -0.05556711
v 0.21210181 0.01844716 -0.05580568
v -0.13206236 -0.00328363 -0.05539177
v 0.02886180 -0.16805343 -0.05567365
v 0.01450862 0.00013378 0.03240914
v 0.10708287 0.21746159 -0.04743820
v 0.02208112 -0.16966084 -0.04571971
v -0.12508085 -0.01679120 -0.04746090
v 0.20370150 0.03320307 -0.04725796
v -0.10758689 -0.03901972 -0.04765056
v 0.10197981 0.22695412 -0.04760446
v 0.20638995 0.02737559 -0.04007945
v -0.12831209 -0.01115233 -0.03993205
v 0.10544612 0.21981892 -0.03916537
v 0.18680272 0.06471944 -0.04079968
v -0.10552995 -0.04688667 -0.04003125
v 0.04565090 0.20906931 -0.02991036
v 0.17625081 0.07892348 -0.03195717
v -0.09981633 -0.06175121 -0.03215137
v 0.17145372 0.08737619 -0.03205881
v 0.16608346 0.09635352 -0.02985657
v 0.01291937 -0.17217255 -0.03174899
v 0.08802167 0.22970789 -0.03204659
v -0.10374614 -0.05366246 -0.03175633
v 0.18188408 0.06907992 -0.03169905
v 0.12920870 0.17296892 -0.02728827
v -0.10193755 -0.05967052 -0.02415553
v -0.05017869 -0.15899716 -0.02370460
v 0.04148288 0.20736305 -0.02528442
v 0.13110602 0.16825042 -0.01853623
v 0.16737791 0.09174575 -0.02409441
v -0.09235071 -0.07734611 -0.02439758
v 0.09734689 0.23079277 -0.02401721
v 0.05089437 0.21205081 -0.02503643
v 0.17869196 0.07076487 -0.02478529
v 0.05704110 0.21592229 -0.01984430
v -0.09406465 -0.07520219 -0.01856312
v -0.05383641 -0.15121822 -0.01822187
v 0.09351208 0.23220039 -0.01937381
v 0.07644146 0.22490766 -0.01670981
v -0.05786891 -0.14454233 -0.01726343
v -0.13849061 0.00676356 -0.01034059
v 0.07293673 0.22323493 -0.01233117
v 0.17350333 0.08037895 -0.01245552
v -0.09712230 -0.07056683 -0.01244993
v 0.13393628 0.16145263 -0.01157741
v 0.08162241 0.22872710 -0.01095289
v 0.08770242 0.23210992 -0.01199795
v 0.14139352 0.14508442 -0.00457494
v 0.06725106 0.22226497 -0.00407476
v 0.13737429 0.14991853 0.00132519
v -0.00749671 -0.17891271 -0.00432730
v 0.13575745 0.15512393 -0.00395636
v -0.07016445 -0.12263410 -0.00431437
v -0.07542678 -0.11408150 -0.00476460
v -0.07983931 -0.10504688 -0.00418095
v 0.14512529 0.13764429 -0.00393086
v 0.06760803 0.22540819 0.00410864
v -0.08274082 -0.09895430 0.00283096
v -0.00542231 -0.17689105 0.00311458
v 0.12695930 0.16843694 0.00372338
v -0.01525958 -0.18240452 0.00324486
v 0.14787591 0.13069107 0.00282432
v -0.07206107 -0.11838120 0.00299757
v -0.06207745 -0.13648641 0.00310934
v 0.05818396 0.22062926 0.00307790
v 0.05225554 0.21870749 0.01001785
v -0.08596647 -0.09449777 0.01159069
v -0.00009431 -0.17191233 0.01122009
v -0.09119737 -0.08431610 0.01182226
v 0.12251360 0.17491619 0.01199760
v 0.11804938 0.18430568 0.01114500
v 0.15949873 0.10695678 0.01145761
v 0.12184367 0.18147961 0.01997947
v -0.10926171 -0.05237954 0.01772658
v 0.07405828 0.19061971 0.01734621
v 0.08193153 0.19778390 0.01788167
v -0.08866435 -0.09280268 0.01927357
v -0.06864366 -0.12808749 0.01929627
v 0.16241841 0.10118588 0.01921174
v -0.04827264 -0.16687669 0.01935949
v 0.14230201 0.13927231 0.01884744
v 0.08935803 0.20630856 0.02001161
v 0.15194054 0.11508465 0.03962678
v 0.10450549 0.09013065 0.03289884
v 0.02269028 0.00831544 0.03233544
v 0.06359788 0.01649710 0.03621007
v 0.04723491 0.02467841 0.03326594
v -0.04276196 -0.06531846 0.03491806
v -0.03458030 -0.05713680 0.03443814
v 0.03087194 -0.01622920 0.03635677
v 0.07177955 0.05740471 0.03231519
v 0.03905325 -0.00804754 0.03630403
v 0.08814252 0.04104173 0.03629110
v -0.00185436 -0.04895514 0.03672317
v 0.09632418 0.04922304 0.03637214
v 0.07996121 0.06558602 0.03237491
v -0.01821733 -0.03259217 0.03280069
v -0.01003567 -0.02441086 0.03266098
v 0.00632730 -0.04077383 0.03658939
v 0.12086881 0.07376768 0.03700399
v 0.15755635 0.11168400 0.03431135
v 0.13439524 0.10806715 0.03754399
v 0.13983187 0.10067593 0.03988595
v -0.06115044 -0.08400279 0.03847937
v -0.05298904 -0.09190851 0.03923174
v -0.07604711 -0.10007061 0.04209168
v 0.14584202 0.12346365 0.04090726
v -0.07058010 -0.11037593 0.04419962
v -0.06309421 -0.09379116 0.04667780
v -0.07253121 -0.10430221 0.04795584
v 0.14184200 0.10966129 0.04776128
v 0.15008025 0.11679370 0.04891882
v 0.02994668 0.06916584 -0.30370330
v 0.15609075 -0.06982844 -0.27287852
v -0.03794671 0.04969737 -0.31152380
v 0.03341124 0.12362677 -0.31172429
v 0.14872921 -0.07670936 -0.27094278
v -0.03805045 0.04225864 -0.30998310
v -0.00959522 0.08055464 -0.31151193
v 0.04285452 -0.05350004 -0.28937841
v -0.02342238 0.06397651 -0.31199429
v 0.10975770 -0.01079816 -0.28496903
v 0.10198924 0.00484843 -0.28926734
v 0.08244742 -0.10672241 -0.27677340
v 0.00496824 0.08675097 -0.30977493
v -0.03612589 0.12123941 -0.27102067
v -0.02246988 0.05590243 -0.31029501
v 0.17417850 -0.12529042 -0.23382981
v 0.13271902 -0.04033792 -0.27791661
v -0.06776032 0.01994070 -0.31173547
v 0.05080426 -0.06999994 -0.28446885
v 0.17602796 -0.12356460 -0.22669775
v 0.07740479 -0.17064617 -0.21393661
v 0.11778881 -0.10781811 -0.27185336
v 0.19144961 -0.11389987 -0.26422741
v 0.15745471 -0.13123456 -0.21188909
v -0.13354438 0.08475620 -0.21157334
v -0.14787835 0.04215525 -0.21129566
v 0.14780291 -0.13558525 -0.21176789
v 0.20734873 -0.11395191 -0.24800485
v -0.00763608 0.07135377 -0.31021119
v -0.05098170 0.12872808 -0.20485798
v 0.11022958 -0.15227027 -0.20481187
v 0.24636531 -0.02460751 -0.19627219
v 0.13618218 -0.13960064 -0.19591942
v 0.07376384 -0.17129584 -0.20501341
v -0.11330399 0.09663330 -0.19769344
v -0.16070132 0.06481689 -0.20279300
v 0.12611194 -0.14444243 -0.19658096
v -0.07353156 0.01230742 -0.31275783
v 0.14852348 -0.02503992 -0.27704095
v 0.00278415 0.09262979 -0.31075467
v 0.21273716 -0.11132040 -0.25580999
v 0.24751271 -0.02883665 -0.18690785
v 0.14100861 -0.13642738 -0.18845379
v -0.08174990 0.11537979 -0.18902382
v 0.10165951 -0.01877304 -0.28523833
v -0.05323529 0.02759948 -0.31077319
v 0.11941474 -0.14685565 -0.18872064
v 0.15612638 -0.03243150 -0.27522990
v -0.05360553 0.03584716 -0.31187658
v -0.09560256 0.10672345 -0.19667387
v 0.08716033 -0.08418232 -0.27879087
v 0.23947216 -0.01606398 -0.18084915
v 0.01700880 0.10557535 -0.31047245
v 0.01992149 0.10190681 -0.30954230
v 0.11710876 -0.00289523 -0.28634102
v -0.01584882 0.07184137 -0.31186086
v 0.10085336 -0.15518960 -0.18868083
v 0.04486117 -0.18307759 -0.18077859
v 0.22865444 0.00454211 -0.18100738
v 0.12872284 -0.13947315 -0.17153126
v 0.04357091 -0.07737265 -0.28488904
v -0.10441712 0.10168781 -0.19664628
v 0.01022498 0.10415167 -0.31133134
v 0.01808111 0.11212934 -0.31202258
v 0.12563062 -0.10068396 -0.27198085
v 0.05145393 -0.17928784 -0.17306113
v 0.11672664 -0.14862757 -0.19657048
v -0.05202466 0.12358765 -0.22595167
v -0.09003425 0.10890998 -0.20533196
v 0.24896155 -0.03380629 -0.18090154
v -0.05974631 0.12102809 -0.21903163
v -0.06071384 0.11896172 -0.22602153
v 0.12501588 0.00473910 -0.28606963
v -0.11195051 0.10048452 -0.17318199
v 0.07378025 -0.10025015 -0.27839408
v 0.25389835 -0.04582869 -0.16516728
v -0.03076226 0.14508652 -0.16541004
v -0.03879338 0.14064465 -0.16620361
v -0.14477041 0.03254502 -0.16512607
v -0.06770024 0.11396658 -0.23207884
v 0.02623657 0.11805776 -0.31182139
v 0.16911176 -0.12699388 -0.22619652
v -0.04627473 0.04359885 -0.31197787
v 0.03546679 0.11752231 -0.31041377
v 0.19222258 -0.10631514 -0.16556896
v -0.02479193 0.14899223 -0.16002056
v 0.21406898 -0.09210621 -0.15765346
v 0.21824783 -0.08893086 -0.15410192
v 0.25704785 -0.05080635 -0.15755915
v 0.06479943 -0.17084212 -0.16538768
v -0.04649233 0.13761460 -0.15810299
v 0.24974814 -0.03941930 -0.15897096
v -0.15596606 0.05627686 -0.20500014
v 0.22870299 -0.08295738 -0.15278966
v 0.23141799 -0.00272058 -0.17297940
v 0.01679469 0.17211911 -0.14841556
v 0.26062174 -0.05504563 -0.15153083
v 0.16260842 -0.12950000 -0.21847033
v 0.05930237 -0.06155736 -0.28420235
v 0.06679664 -0.05389159 -0.28504832
v -0.08400069 0.11068016 -0.21182972
v 0.24126958 -0.02054043 -0.17285890
v 0.23516512 -0.01042512 -0.17312610
v 0.26200037 -0.06583645 -0.14489755
v -0.04594430 0.11608989 -0.27079852
v 0.05846374 -0.17332694 -0.15792590
v -0.01700147 0.15579980 -0.14577286
v 0.06683576 -0.16694410 -0.14518956
v -0.02082160 0.15034361 -0.16520256
v 0.22288215 -0.08543870 -0.14531006
v -0.12814408 0.08835768 -0.20468927
v 0.18435458 -0.11941404 -0.21964393
v -0.15923746 0.06295171 -0.21216258
v 0.02136299 0.17477787 -0.14529993
v -0.14738761 0.03584541 -0.15771772
v -0.16873873 0.07155216 -0.14479556
v 0.09521660 -0.09364970 -0.27608111
v -0.14235755 0.02714646 -0.15766708
v -0.06254619 0.02885901 -0.31155070
v -0.12023940 0.09459661 -0.18896235
v -0.15142709 0.04774068 -0.20460405
v -0.07709148 0.11151565 -0.22190415
v -0.15460210 0.05300266 -0.19452018
v 0.21424363 -0.09684881 -0.18162177
v 0.20674028 -0.09971679 -0.17311387
v 0.20148528 -0.10112546 -0.16497553
v 0.14072045 -0.04625482 -0.27601335
v -0.03106754 0.05593177 -0.31199429
v -0.13545846 0.01220822 -0.13786888
v 0.02609581 0.17835595 -0.13815076
v 0.25760566 -0.06715361 -0.13799358
v 0.03627084 0.18298503 -0.13792162
v 0.01037971 0.17142683 -0.12990657
v 0.02785761 0.18065145 -0.13009833
v 0.25085153 -0.06849242 -0.12998097
v -0.16450154 0.08485714 -0.12255970
v 0.23627969 -0.07486269 -0.12270815
v 0.00506080 0.17020992 -0.12172421
v 0.24426191 -0.06991576 -0.12173574
v -0.15730557 0.08954595 -0.11466935
v 0.08189939 -0.15266845 -0.11436547
v 0.00040517 0.16893782 -0.11434207
v 0.23870269 -0.07204675 -0.11465153
v 0.08623507 -0.14901074 -0.10875839
v 0.24548616 -0.06553537 -0.10149046
v 0.07057311 -0.15531534 -0.10296724
v -0.01601753 0.16207052 -0.10653589
v -0.00714603 0.16660389 -0.10652471
v -0.14356817 0.09663854 -0.10653135
v 0.22256919 -0.07751935 -0.10669027
v 0.09515303 -0.14357201 -0.10624633
v -0.01305559 0.16515576 -0.09764972
v -0.15068067 0.09569442 -0.09869199
v 0.08814671 -0.14530831 -0.09939614
v 0.22890174 -0.07357697 -0.09863994
v 0.00612158 0.17456481 -0.09877721
v 0.09632418 0.04104173 0.03725897
v -0.02916638 -0.19494736 -0.09094309
v 0.19442238 0.05707847 -0.09081455
v -0.03801972 -0.17495740 -0.09102762
v -0.11150831 -0.03910390 -0.09109188
v 0.11230259 0.21346682 -0.09076565
v -0.02260016 -0.19916183 -0.08523157
v 0.19087119 0.06357169 -0.08605833
v -0.03247446 -0.18873112 -0.08506671
v -0.03600608 -0.18087325 -0.08553999
v -0.04182867 -0.17036954 -0.08135800
v 0.12311786 0.19196795 -0.08514320
v 0.12072700 0.19689742 -0.08463849
v -0.11612237 -0.03054675 -0.07894444
v 0.19757747 0.04778923 -0.07899927
v 0.11617127 0.20461348 -0.07876141
v 0.20034556 0.04176440 -0.07122733
v 0.19550377 0.05211373 -0.07115153
v -0.11952092 -0.02567737 -0.07059267
v -0.11308499 -0.03321460 -0.07031080
v -0.12219784 -0.02098646 -0.06383680
v 0.20206370 0.03736306 -0.06340089
v 0.21199423 0.01949746 -0.06364783
v -0.13204560 -0.00325464 -0.06359369
v 0.02984993 -0.16899615 -0.06153920
v 0.21013149 0.02201022 -0.05598905
v 0.21523804 0.01248241 -0.05558353
v -0.13620803 0.00409502 -0.05542041
v 0.03595823 -0.16481835 -0.05520875
v 0.20654328 0.02792432 -0.04753809
v -0.12806304 -0.01097175 -0.04718077
v 0.18766825 0.06522905 -0.04772985
v -0.10437765 -0.04624958 -0.04723840
v 0.10685548 0.21734109 -0.04206898
v 0.10556732 0.22110674 -0.04769213
v -0.10794386 -0.04090272 -0.04118284
v 0.20356108 0.03259811 -0.04029496
v -0.12500261 -0.01813350 -0.04019402
v 0.02322364 -0.16822563 -0.04007701
v 0.10145064 0.22690383 -0.03978256
v 0.04318844 0.20701726 -0.03319224
v -0.09220820 -0.07618089 -0.03209618
v -0.05058316 -0.15818577 -0.03159531
v -0.10124806 -0.05927129 -0.02983561
v 0.16827522 0.09430182 -0.03312693
v 0.12961527 0.17410270 -0.03324079
v 0.05109521 0.21154819 -0.03222717
v 0.09531789 0.23096322 -0.03225092
v 0.17964866 0.07309880 -0.03179021
v 0.17066573 0.08557562 -0.02611397
v 0.16534647 0.09624419 -0.02379262
v 0.01261200 -0.17112958 -0.02585550
v 0.17542894 0.07699787 -0.02514436
v -0.09987781 -0.06352803 -0.02482546
v 0.08656515 0.22961323 -0.02441575
v -0.10470389 -0.05407567 -0.02395015
v 0.04556393 0.20959534 -0.02370600
v 0.05701211 0.21641758 -0.01450443
v 0.13477456 0.16088120 -0.01860643
v 0.07273798 0.22264883 -0.01828125
v 0.17333497 0.08031224 -0.02012443
v 0.08857179 0.23190909 -0.01847126
v -0.09706327 -0.06982704 -0.01908635
v 0.07644984 0.22555593 -0.01042268
v 0.08139328 0.22743823 -0.01751561
v -0.09433500 -0.07547219 -0.01274438
v 0.13049198 0.16815682 -0.01219670
v -0.05413295 -0.15215605 -0.01189247
v -0.05872710 -0.14333450 -0.01209540
v 0.09366262 0.23239075 -0.01241151
v -0.06226187 -0.13655382 -0.00427525
v 0.05895903 0.21921221 -0.00387986
v 0.13766944 0.15158497 -0.00429097
v 0.12801484 0.16928501 -0.00394483
v -0.01455787 -0.18292740 -0.00397382
v -0.07265485 -0.11858064 -0.00403075
v 0.14946027 0.13011160 -0.00439541
v -0.08262660 -0.09876499 -0.00417675
v 0.06509422 0.22305680 0.00136815
v 0.14421470 0.13637674 0.00152987
v -0.07991370 -0.10500008 0.00310026
v 0.13955733 0.14563978 0.00302027
v 0.06199746 0.22408998 0.00584843
v 0.13478295 0.15402543 0.00359450
v -0.00953584 -0.17899025 0.00305625
v -0.07508379 -0.11392502 0.00336047
v -0.06966323 -0.12206372 0.00328258
v 0.00365073 -0.17063046 0.00949078
v -0.04664008 -0.16729862 0.01145936
v -0.10980660 -0.05356396 0.01104126
v -0.08821727 -0.09035245 0.01123162
v -0.06648508 -0.12873123 0.01085404
v 0.12064807 0.17763817 0.01090748
v 0.16197447 0.10189423 0.01089736
v 0.14232507 0.13859924 0.01100389
v 0.07390669 0.19845418 0.01660608
v -0.00226756 -0.17082431 0.01827950
v 0.08254487 0.18960119 0.01857220
v 0.15965591 0.10694909 0.01933434
v -0.09242022 -0.08507440 0.01868502
v -0.06533628 -0.13386433 0.01965604
v 0.12417375 0.17579394 0.01913036
v 0.12065610 0.18370176 0.01877130
v 0.08820574 0.21243119 0.02034692
v 0.09205626 0.20607978 0.02137173
v 0.15865241 0.11199173 0.02672033
v 0.05541657 0.01649710 0.03527014
v 0.04723491 0.03286007 0.03224882
v 0.01450862 0.00831544 0.03135849
v 0.12086881 0.08194934 0.03625373
v -0.04276196 -0.05713680 0.03366063
v 0.11268715 0.09013065 0.03415976
v -0.03458030 -0.06531846 0.03560511
v 0.03087194 -0.00804754 0.03538261
v 0.03905325 -0.01622920 0.03722579
v 0.02269028 0.00013378 0.03339448
v 0.07996121 0.05740471 0.03336863
v -0.01821733 -0.02441086 0.03170638
v 0.07177955 0.06558602 0.03133579
v 0.08814252 0.04922304 0.03538191
v -0.01003567 -0.03259217 0.03375250
v -0.00185436 -0.04077383 0.03571653
v 0.13549549 0.09831231 0.03782202
v -0.07362203 -0.10715203 0.04032989
v 0.14978545 0.11728794 0.04115874
v 0.13879239 0.10877376 0.04154226
v -0.06069742 -0.09125116 0.04130090
v -0.05332994 -0.08733742 0.03843187
v 0.14358564 0.10356277 0.04536065
v 0.14619794 0.12195823 0.04828766
v -0.06911834 -0.10697110 0.05026287
v -0.07426157 -0.09971434 0.04986503
v 0.15843620 0.08109010 0.05265477
v -0.04445565 0.11277971 -0.31256258
v -0.00133567 0.02203362 -0.30445287
v 0.09600074 -0.04849409 -0.28112410
v -0.03820274 0.09985371 -0.31875401
v -0.06894195 0.09643001 -0.31788499
v 0.09405522 -0.03945842 -0.28314890
v -0.07300379 0.09776987 -0.29876231
v 0.12493904 -0.07669504 -0.27442934
v -0.05113503 0.07598215 -0.31795275
v 0.05913367 0.00466890 -0.29388314
v -0.06779560 0.07120777 -0.32027969
v 0.01206432 0.06385321 -0.30563101
v 0.22747421 -0.09639159 -0.21233408
v 0.05110919 -0.01850130 -0.29383878
v 0.24074915 -0.08859170 -0.20645806
v -0.03710633 0.11682688 -0.30672183
v -0.06369778 0.10452575 -0.28863338
v 0.03601726 0.17357284 -0.20417303
v -0.07398424 0.07914283 -0.32225559
v 0.07404955 -0.03203331 -0.28718944
v 0.26473807 -0.05419617 -0.20464247
v -0.00761058 0.02835743 -0.30513083
v 0.02335322 0.16486375 -0.21005535
v -0.05354161 0.08631750 -0.32056156
v 0.11750380 -0.07014524 -0.27591870
v 0.02614820 0.17104471 -0.18825714
v -0.00114146 0.15484904 -0.20495927
v -0.01301682 0.15025384 -0.18902068
v 0.23007184 -0.09010969 -0.18873217
v -0.15679386 0.07752564 -0.18100912
v -0.05948156 0.06900238 -0.31810678
v 0.24425947 -0.08787706 -0.21028308
v 0.06689933 -0.00335244 -0.29288663
v -0.07710754 0.09609225 -0.30608298
v 0.01305105 0.01255227 -0.30040220
v 0.02007553 0.02033470 -0.30167989
v 0.04424922 -0.01100249 -0.29483949
v 0.07382287 -0.16876248 -0.18126655
v -0.16157314 0.07648232 -0.17236675
v -0.00528085 0.15802475 -0.17316452
v 0.08112747 -0.16374464 -0.17261021
v -0.14286087 0.08507929 -0.17327280
v 0.03541440 0.03561908 -0.30102952
v 0.25818652 -0.07899404 -0.20421285
v 0.26900739 -0.06058600 -0.21208365
v 0.26658719 -0.07073204 -0.18858372
v 0.22304317 -0.09712369 -0.20447062
v 0.26147330 -0.05202082 -0.19659913
v 0.08849460 -0.04700788 -0.28300535
v 0.23769884 -0.09144536 -0.21181819
v -0.01517261 0.03595509 -0.30582661
v -0.02278319 0.11017125 -0.31767786
v 0.01882578 0.16350783 -0.20538400
v 0.24004464 -0.07977748 -0.16319242
v -0.00757216 0.15191120 -0.19619186
v 0.10954393 -0.06142882 -0.27886911
v 0.09415128 -0.15613162 -0.16563672
v 0.00680862 0.15635726 -0.21257265
v 0.08257491 -0.02699208 -0.28736408
v -0.06083504 0.10778808 -0.27867735
v 0.00674715 0.16516484 -0.16458642
v -0.16341876 0.07189935 -0.18128890
v -0.06185879 0.09454247 -0.31974598
v 0.24484801 -0.07631013 -0.15780994
v 0.26403810 -0.07453506 -0.19653591
v -0.15344282 0.08346279 -0.15765800
v -0.09864274 0.11054813 -0.15299015
v 0.13274137 -0.13409835 -0.15152769
v -0.08995112 0.11561172 -0.15283471
v -0.06747356 0.10170317 -0.29199630
v 0.24112149 -0.02466444 -0.15360629
v 0.14030200 -0.13047067 -0.15257415
v -0.15558080 0.04846405 -0.15112671
v -0.07973068 0.12102844 -0.15156122
v 0.15003554 -0.12497292 -0.15163108
v 0.02757957 0.02852020 -0.30218880
v -0.04097467 -0.18463366 -0.01456904
v -0.06669116 0.12850105 -0.14591013
v 0.24465975 -0.03190582 -0.14595519
v -0.08476772 0.11879161 -0.14557621
v -0.15444911 0.04546159 -0.14529434
v 0.23924548 -0.02286387 -0.14454652
v -0.01516842 0.14709037 -0.19639584
v -0.13239418 0.01277197 -0.21129182
v 0.15578443 -0.12070849 -0.14489127
v 0.22463731 -0.09481492 -0.19604865
v 0.01322115 0.15913058 -0.21221742
v 0.11702807 -0.14147805 -0.14557552
v -0.10443773 0.10921176 -0.14514520
v 0.13476967 -0.13200543 -0.14385040
v -0.03028374 0.10117226 -0.31833801
v -0.15225665 0.04022126 -0.13823493
v -0.13625798 0.01937137 -0.20483074
v 0.08835034 -0.15819135 -0.15693742
v 0.00015194 0.16169608 -0.16493047
v 0.10195571 -0.05385387 -0.27967072
v 0.24711592 -0.03618841 -0.13799428
v -0.05339456 0.10979507 -0.28635849
v -0.16163880 0.05834428 -0.13804527
v -0.06119340 0.13262995 -0.13734565
v 0.10097631 -0.14880536 -0.13843752
v -0.12924363 0.09694626 -0.13876270
v -0.05361461 0.13705819 -0.13779064
v 0.10955057 -0.14347945 -0.13788809
v 0.17684110 -0.10903956 -0.13768516
v -0.09755087 0.11536058 -0.12969980
v -0.15955322 0.05398869 -0.12984650
v 0.14120980 -0.12383704 -0.12949302
v -0.16486655 0.06337714 -0.12997154
v -0.13508578 0.09572516 -0.12965998
v -0.05892270 0.13564638 -0.12985488
v 0.10398052 -0.14587520 -0.13007912
v 0.18200354 -0.10470458 -0.13029114
v -0.03370569 0.14875820 -0.12455343
v 0.20519923 -0.08932485 -0.12181782
v -0.02339828 0.15554692 -0.12204416
v 0.21446892 -0.08515473 -0.12208607
v 0.23149483 -0.01019075 -0.12188209
v -0.13327718 0.09810798 -0.12139204
v 0.25285084 -0.04454856 -0.12277801
v -0.14646270 0.03017721 -0.12286288
v 0.25534404 -0.04846405 -0.11624358
v 0.20745981 -0.08677786 -0.11380976
v -0.12759046 0.10146287 -0.11455443
v -0.14475330 0.02539514 -0.11350902
v 0.24943238 -0.04085067 -0.11476365
v 0.11097950 -0.13735334 -0.11447549
v -0.14952733 0.03392295 -0.11445768
v -0.03061102 0.15277813 -0.11418803
v -0.12216361 0.10486526 -0.10859038
v -0.11326347 0.11009545 -0.10725297
v 0.12571585 -0.12816573 -0.10626729
v 0.23530449 -0.01824422 -0.10645101
v -0.14227791 0.01998751 -0.10681776
v 0.11621109 -0.13396527 -0.10745695
v -0.04616400 0.14559543 -0.10716320
v 0.19192185 -0.09358369 -0.10671996
v -0.03622299 0.15085112 -0.10654252
v -0.04173926 0.14882422 -0.10194453
v 0.04149965 -0.16996751 -0.10060642
v 0.19719815 -0.08926023 -0.09840173
v 0.22757061 -0.00467973 -0.09925888
v 0.22237848 0.00428224 -0.09966160
v -0.13957130 0.01407690 -0.09836331
v -0.11953699 0.10960576 -0.09890191
v 0.11774131 -0.13140501 -0.09869408
v 0.03569452 0.18946497 -0.09877966
v 0.04180632 0.19324075 -0.09324593
v -0.05458842 -0.14411795 -0.09122077
v 0.06006102 0.20327572 -0.09016174
v 0.21887340 0.01058614 -0.09277719
v 0.13735019 0.16496819 -0.09050124
v -0.09553479 -0.06909354 -0.09175343
v 0.03490793 -0.17136919 -0.09156761
v 0.17934093 0.08718687 -0.09152954
v 0.05149864 0.19853836 -0.09139611
v -0.05675538 -0.14165968 -0.08505903
v 0.17496544 0.09409853 -0.08505798
v 0.08446489 0.21653459 -0.08503632
v 0.13965513 0.16035099 -0.08522040
v 0.13508019 0.16867341 -0.08508837
v -0.05042563 -0.15214313 -0.08539469
v 0.04338474 0.19589567 -0.08469787
v 0.02930749 -0.17317151 -0.08587635
v 0.06495102 0.20743955 -0.08513517
v -0.09109328 -0.07682288 -0.07936777
v 0.17351206 0.09622009 -0.07906913
v 0.08828468 0.21943890 -0.07856057
v 0.01228891 -0.18074751 -0.07855498
v 0.13120836 0.17567728 -0.07856022
v 0.09624559 0.22443717 -0.07874674
v 0.02226310 -0.17598989 -0.07824098
v 0.18306746 0.07804992 -0.07890008
v -0.10054110 -0.05584061 -0.07560841
v 0.09266856 0.22307182 -0.07258220
v 0.05228628 0.20372036 -0.07077325
v -0.09240275 -0.06992449 -0.07047322
v -0.09611007 -0.06129889 -0.07080399
v -0.10157289 -0.05171939 -0.07134469
v 0.18619147 0.07132443 -0.07100867
v -0.06618609 -0.12851223 -0.06346970
v -0.01730255 -0.19319115 -0.06294472
v -0.00012924 -0.18368430 -0.06375471
v -0.00750894 -0.18722780 -0.06332370
v 0.14577461 0.14607290 -0.06355143
v 0.12574554 0.18446635 -0.06373550
v 0.16725461 0.10791801 -0.06373900
v -0.04527507 -0.16619872 -0.06366460
v -0.08495738 -0.08577017 -0.06293669
v -0.04824365 -0.16131362 -0.05595098
v -0.01513908 -0.19047091 -0.05538549
v 0.17026650 0.10112441 -0.05579031
v 0.12830580 0.17873842 -0.05539352
v 0.00679220 -0.17902169 -0.05536208
v 0.16493850 0.11123902 -0.05540714
v -0.08307020 -0.09295008 -0.05563732
v 0.14119652 0.15330311 -0.04764812
v -0.07283439 -0.11987824 -0.04696841
v -0.08200173 -0.09993754 -0.04729708
v 0.16088714 0.11752161 -0.04749827
v -0.06223567 -0.13807042 -0.04830652
v -0.07021614 -0.12499422 -0.03973436
v 0.14381197 0.14705718 -0.03935992
v 0.06771736 0.21848814 -0.03912905
v -0.00719458 -0.18380864 -0.03942105
v -0.07565417 -0.11468926 -0.04019017
v 0.15342605 0.13006655 -0.04022685
v -0.08003630 -0.10531688 -0.03983530
v 0.14909247 0.13746406 -0.04046856
v -0.03676788 -0.18845274 -0.03224847
v -0.11746782 -0.03012237 -0.03173782
v 0.11413284 0.20099977 -0.03202737
v -0.11482757 -0.03426071 -0.02490719
v 0.15359476 0.04922304 0.04468653
v 0.19343425 0.04827439 -0.02419220
v 0.19753137 0.04066136 -0.02464243
v -0.12214929 -0.02358585 -0.02457362
v -0.03098720 -0.19277515 -0.01869760
v -0.02333471 -0.19065848 -0.01815970
v -0.12350836 -0.02131759 -0.01860084
v 0.10810627 0.20928517 -0.01856522
v -0.04289399 -0.17897104 -0.01751142
v 0.11924289 0.18987329 -0.01857919
v 0.18965987 0.05488671 -0.01862285
v -0.11255722 -0.03934840 -0.01803395
v 0.11459111 0.19793968 -0.01445273
v 0.11000918 0.20475843 -0.01186453
v -0.03118839 -0.19141783 -0.01164587
v 0.10497318 0.21284823 -0.01191552
v -0.04665719 -0.17461231 -0.01206222
v 0.00632730 -0.10622607 0.04542701
v -0.10978494 -0.04561772 -0.01228611
v 0.20375179 0.02519430 -0.00444536
v -0.10821525 -0.04973545 -0.00670034
v 0.01276009 -0.16771218 -0.00447749
v -0.12836518 -0.01116630 -0.00402097
v 0.10149814 0.21893313 -0.00411982
v 0.02234483 -0.16227555 -0.00213448
v 0.18332803 0.06271803 -0.00424487
v 0.01875732 -0.16345369 0.00256760
v 0.03757368 -0.15402159 0.00364479
v -0.12679619 -0.01777199 0.00295076
v 0.18623967 0.05558144 0.00340448
v -0.13192509 -0.00905837 0.00320365
v 0.19766026 0.03476822 0.01114046
v 0.18813978 0.05242110 0.01133361
v 0.20940463 0.01219984 0.01114465
v -0.13543960 -0.00326407 0.01086732
v 0.05132574 0.17399163 0.01640174
v 0.04723491 0.18012753 0.01518588
v 0.20083875 0.02708254 0.01894699
v 0.05864816 0.16895179 0.01771401
v 0.06564330 0.16171914 0.01934168
v -0.13516367 0.00414741 0.01986631
v 0.02794772 -0.15622208 0.01843389
v 0.20481502 0.01958024 0.01885443
v 0.07401497 0.15337436 0.02162566
v -0.06730660 -0.04077383 0.02956352
v 0.04723491 0.07376768 0.02754045
v 0.07177955 0.09831231 0.02778391
v 0.05541657 0.09013065 0.02666899
v -0.05912494 -0.03259217 0.02883630
v 0.07996121 0.10649397 0.02792222
v 0.08814252 0.11467528 0.02813738
v -0.05094362 -0.02441086 0.02841716
v -0.04276196 -0.01622920 0.02814332
v 0.09632418 0.12285695 0.02852858
v -0.03458030 -0.00804754 0.02796484
v -0.02639899 0.00831544 0.02681848
v -0.06730660 -0.04895514 0.03081046
v 0.10450549 0.02467841 0.03996663
v -0.00185436 -0.10622607 0.04448080
v 0.00632730 -0.09804441 0.04408785
v -0.01821733 -0.08986310 0.04014861
v -0.01003567 -0.08168144 0.03981574
v 0.12905013 0.01649710 0.04411265
v 0.11268715 0.03286007 0.04005011
v 0.03087194 -0.07349978 0.04333689
v 0.01450862 -0.06531846 0.04031557
v 0.14541345 0.04104173 0.04390622
v 0.13723179 0.06558602 0.04022371
v 0.02269028 -0.05713680 0.04019576
v 0.15634154 0.04104173 0.04589890
v 0.09232032 -0.00145547 -0.28918840
v 0.13308053 -0.05405261 -0.27605247
v -0.05929783 0.10583522 -0.30820978
v -0.04427821 0.08447048 -0.31847214
v -0.04887935 0.08106250 -0.31865586
v 0.08739854 0.00499269 -0.29076298
v -0.03458030 0.09115336 -0.31805160
v 0.05927024 -0.04710044 -0.28780697
v 0.06697233 -0.03852862 -0.28794878
v -0.03893729 0.11809409 -0.27947058
v 0.08170868 -0.16710477 -0.20493203
v 0.07443586 -0.01104056 -0.29101446
v 0.08572162 -0.16376805 -0.19553870
v 0.10922818 -0.09231473 -0.27436787
v 0.01938534 0.04829080 -0.30221150
v -0.03297079 0.11803017 -0.29970713
v 0.10185127 -0.08517953 -0.27547999
v -0.15033069 0.07918929 -0.18835250
v 0.08973351 -0.16098704 -0.18860678
v 0.24216445 -0.08144532 -0.18056169
v -0.00114985 0.05075711 -0.30547208
v 0.26611146 -0.06109525 -0.18134304
v 0.02047581 0.16895144 -0.18153340
v 0.02948353 0.17414077 -0.18070839
v 0.25029861 -0.07746417 -0.18094206
v 0.25979079 -0.07309181 -0.17889420
v -0.13265196 0.01144049 -0.18113591
v -0.04531489 0.11383316 -0.28627396
v -0.05300860 0.10808986 -0.31345535
v 0.25655536 -0.07338311 -0.17467378
v -0.03083736 0.07210962 -0.31405577
v -0.01525644 0.06326467 -0.31005680
v 0.08809816 -0.01907098 -0.28714892
v 0.01329171 0.16682499 -0.17313134
v 0.03548809 0.17786311 -0.17295460
v -0.14403866 0.08107298 -0.19667702
v -0.00939159 0.15614210 -0.16564895
v 0.22275222 -0.08967448 -0.16476106
v 0.26025674 -0.05483571 -0.16510511
v 0.04934774 -0.04449232 -0.28925441
v 0.05923601 -0.02468295 -0.29078358
v 0.22308055 -0.08724835 -0.15701845
v 0.03533057 0.06314835 -0.30193173
v -0.02294945 0.12388489 -0.29883566
v -0.02847794 0.12132219 -0.29263235
v 0.09507863 -0.01059068 -0.28705531
v 0.02155266 0.17253581 -0.15921127
v 0.06246515 -0.17073804 -0.15523710
v 0.01273460 0.04314408 -0.30274451
v -0.02342867 0.07856965 -0.31405228
v 0.06732755 -0.16853265 -0.15685359
v 0.00163780 0.15813198 -0.19646570
v 0.26338634 -0.06731603 -0.15774671
v -0.02274931 0.15180502 -0.15196255
v 0.23676101 -0.08333915 -0.17296717
v 0.20984787 -0.09329273 -0.15160418
v 0.25382605 -0.04645915 -0.15151232
v 0.19222572 -0.10489180 -0.15154131
v -0.02986739 0.14810714 -0.15148612
v 0.19958272 -0.10010554 -0.15289374
v 0.09384775 -0.15949838 -0.19684188
v -0.13602046 0.01737730 -0.17310829
v 0.04369176 -0.04053422 -0.29098966
v 0.19424040 -0.10193231 -0.14247456
v 0.05839877 -0.17137932 -0.14591502
v -0.00718340 0.05492059 -0.30688669
v 0.13877807 -0.05969008 -0.27464555
v -0.04036796 0.14176237 -0.15295068
v 0.00562769 0.16165557 -0.18904793
v 0.25616556 -0.04912035 -0.14594855
v -0.12468895 0.09840487 -0.14414799
v -0.15789935 0.07199226 -0.20479930
v 0.24990392 -0.04037250 -0.14574492
v -0.04578747 0.14014972 -0.14510712
v 0.01200599 0.03379511 -0.30415632
v -0.02837455 0.14979418 -0.14526710
v -0.01553587 0.15432931 -0.15780749
v 0.21510252 -0.08968426 -0.14551264
v -0.14797790 0.03489920 -0.14484132
v -0.14371173 0.02788310 -0.14503238
v 0.23042043 -0.08576528 -0.16494234
v -0.04828207 0.11108044 -0.29252896
v -0.06222380 0.10161620 -0.31568973
v 0.23619342 -0.01812232 -0.13747454
v 0.02823064 0.05632611 -0.30218496
v 0.22650285 0.00449111 -0.13770891
v -0.13992687 0.02007483 -0.13775746
v -0.04410147 0.14263034 -0.13616193
v -0.11986846 0.10194733 -0.13826288
v -0.11266794 0.10639792 -0.13783465
v 0.11823765 -0.13904493 -0.13795446
v 0.05035787 -0.17421482 -0.13810849
v 0.04119018 -0.17863782 -0.13798624
v 0.23307465 -0.01262422 -0.13204106
v 0.12526841 -0.13396667 -0.13041932
v 0.20020969 -0.09349916 -0.12917447
v 0.22883188 -0.00366261 -0.13025830
v 0.22464325 0.00673108 -0.12952411
v -0.03906932 0.14577950 -0.13007947
v 0.04404384 -0.17539052 -0.12965299
v -0.03458030 -0.04895514 0.03326419
v -0.09113869 0.11895159 -0.12240322
v 0.24158918 -0.02796134 -0.12186952
v -0.15768489 0.04956674 -0.12188663
v -0.08206251 0.12316187 -0.12199072
v 0.14820668 -0.11981921 -0.12200434
v -0.07182530 0.12823943 -0.12199386
v 0.15604500 -0.11600921 -0.12163165
v -0.15433035 0.04278397 -0.11451531
v 0.13167535 -0.12731592 -0.11493480
v -0.08858506 0.12155376 -0.11371300
v 0.23853782 -0.02408008 -0.11504273
v 0.15053292 -0.11748913 -0.11248282
v -0.06824303 0.13124329 -0.11486634
v 0.16908382 -0.10791801 -0.11442275
v -0.10660924 0.11147653 -0.11418279
v 0.24411871 -0.03245106 -0.11429072
v -0.10105525 0.11815522 -0.10325959
v -0.09509190 0.12058659 -0.10463577
v 0.13356429 -0.12360477 -0.10607623
v -0.16196434 0.05682769 -0.10641503
v -0.05507497 0.14173862 -0.10672066
v 0.17569824 -0.10445484 -0.10766198
v 0.24660108 -0.03755517 -0.10672171
v 0.18480306 -0.09792810 -0.10628999
v -0.10491241 0.11469834 -0.10663788
v -0.16022105 0.05325519 -0.10034969
v -0.02257292 0.15976803 -0.09814535
v 0.14058388 -0.11920202 -0.09862562
v 0.21668688 -0.07939257 -0.09852328
v -0.16574710 0.06210050 -0.09858406
v -0.06157971 0.13962439 -0.09860711
v 0.17818026 -0.10138358 -0.09750476
v 0.18886734 0.06914174 -0.09106639
v -0.08619840 -0.08720713 -0.09094064
v -0.06465063 -0.12630579 -0.09071431
v -0.01551456 -0.19769099 -0.09108490
v -0.00562629 -0.19172380 -0.09122322
v 0.16806670 0.10805074 -0.09215755
v 0.14684377 0.14509874 -0.09088022
v 0.12740604 0.18394836 -0.09116628
v -0.04305886 -0.16529931 -0.09179115
v -0.04654158 -0.15907190 -0.08508837
v -0.00941708 -0.19262915 -0.08496821
v -0.08886414 -0.08228430 -0.08581733
v 0.17103702 0.10145902 -0.08513342
v 0.16533494 0.11212166 -0.08505239
v 0.00839158 -0.18347578 -0.08469577
v -0.04157754 -0.16969158 -0.08516381
v -0.08350191 -0.09308526 -0.08504960
v -0.06061708 -0.13590171 -0.07913619
v 0.14214728 0.15376346 -0.07862589
v 0.07946557 0.21591251 -0.07896190
v 0.16220918 0.11681815 -0.07856162
v -0.08041493 -0.10003883 -0.07895876
v 0.14977707 0.13891814 -0.07116585
v 0.15151965 0.13613573 -0.07895247
v 0.07414456 0.21465788 -0.07069117
v -0.06979211 -0.12110493 -0.07144214
v 0.15987212 0.12067007 -0.07127099
v -0.00166958 -0.18579643 -0.07053504
v 0.15419309 0.13099914 -0.07103138
v -0.07435518 -0.11328338 -0.07111905
v 0.05661078 0.20782760 -0.06378510
v 0.06618434 0.21208609 -0.06369079
v 0.07639186 0.21688981 -0.06409841
v -0.09286940 -0.06397406 -0.06244804
v -0.05639981 -0.14559298 -0.06346795
v 0.17809364 0.08635103 -0.06339390
v 0.17452708 0.09270908 -0.05539387
v 0.04144166 0.20066097 -0.05626254
v 0.05944872 0.21008993 -0.05503725
v 0.13781300 0.16133318 -0.05592408
v 0.13358839 0.16918476 -0.05532785
v 0.08019767 0.22054334 -0.05520246
v -0.05393176 -0.15164679 -0.05552241
v -0.05813716 -0.14368623 -0.05496110
v 0.18208038 0.07679633 -0.04771343
v 0.04373507 0.20348599 -0.04731350
v -0.08910515 -0.07739326 -0.04775290
v 0.17218512 0.09502798 -0.04715388
v 0.01965359 -0.17147782 -0.04811406
v -0.10008528 -0.05498625 -0.04739733
v -0.05073545 -0.15823536 -0.04735227
v 0.13045460 0.17441985 -0.04717309
v 0.09400981 0.22868518 -0.04769806
v 0.04922968 0.20772107 -0.04218739
v 0.17317325 0.08824172 -0.03814546
v -0.09845238 -0.06209002 -0.04016153
v -0.09319004 -0.07170340 -0.04008574
v 0.01393230 -0.17318059 -0.03980142
v 0.08731401 0.22783083 -0.04033757
v -0.10251002 -0.05293909 -0.03918982
v 0.17933325 0.07856092 -0.04011578
v 0.18324071 0.07093113 -0.04000959
v 0.20557890 0.02754045 -0.03232741
v -0.12834771 -0.01127039 -0.03176821
v -0.10693058 -0.04760550 -0.03240460
v 0.10507622 0.21931770 -0.03243499
v 0.18538148 0.06457938 -0.03197568
v 0.18017188 0.06747600 -0.02299730
v -0.12514896 -0.01803884 -0.02403852
v 0.02050305 -0.16696331 -0.02456035
v 0.10128054 0.22650145 -0.02386178
v 0.18833538 0.05997160 -0.02413911
v 0.03508013 -0.15901637 -0.01941049
v 0.19979055 0.03552198 -0.01934203
v -0.13253006 -0.00346212 -0.01861097
v 0.02604132 -0.16323329 -0.01853099
v -0.13648536 0.00359799 -0.01286243
v 0.20744199 0.02011674 -0.01195709
v 0.20220760 0.02950938 -0.01214011
v 0.02883281 -0.16062657 -0.01230009
v 0.21220380 0.01123057 -0.01120333
v -0.03823802 -0.18836682 -0.00423369
v 0.19456070 0.04221498 -0.00413240
v -0.11813077 -0.03242486 -0.00402272
v 0.11207311 0.19748736 -0.00375587
v 0.19060714 0.04807145 0.00285296
v 0.11297322 0.19202838 0.00408943
v 0.10670424 0.20899177 0.00936015
v 0.10712583 0.20932255 0.01310135
v -0.04489365 -0.18016560 0.01191447
v -0.02497286 -0.18599901 0.01086871
v 0.11570603 0.19062006 0.01193124
v -0.12483739 -0.02583524 0.01122254
v -0.11745630 -0.03716222 0.01702277
v 0.08200627 0.17399163 0.01996480
v 0.07366394 0.18254528 0.01802522
v 0.04723491 0.15558324 0.01836717
v -0.10758479 0.00480966 0.02123061
v 0.00629692 -0.16680892 0.01970459
v -0.11205041 -0.04663449 0.01876780
v 0.10347580 0.21305710 0.02027322
v -0.03093691 -0.18637170 0.01907168
v 0.10933017 0.20399070 0.01895572
v -0.04686083 -0.17495531 0.01892009
v 0.08864793 0.16707298 0.02174302
v 0.05860101 0.13921992 0.02155440
v -0.10003254 0.00028152 0.02182545
v 0.04723491 0.09831231 0.02467666
v 0.06359788 0.12285695 0.02390789
v 0.05541657 0.11467528 0.02379751
v -0.07548826 -0.01622920 0.02524600
v -0.06730660 -0.00804754 0.02467282
v -0.05912494 0.00013378 0.02434589
v -0.05094362 0.00831544 0.02411816
v 0.08814252 0.09657322 0.02998266
v -0.04276196 -0.04077383 0.03127117
v -0.02639899 -0.03259217 0.03188871
v 0.07996121 0.07376768 0.03143289
v 0.07361923 0.07987878 0.02998266
v 0.09632418 0.09013065 0.03170918
v 0.13723179 0.03286007 0.04343399
v -0.00185436 -0.07349978 0.03959883
v 0.01450862 -0.08986310 0.04377070
v 0.02269028 -0.08986310 0.04474765
v 0.02269028 -0.08168144 0.04352969
v 0.12086881 0.04104173 0.04022091
v 0.12905013 0.04922304 0.04045528
v 0.14594506 0.01649710 0.04630092
v 0.03729949 -0.10824634 0.05029256
v 0.02811468 -0.09804441 0.04668164
v -0.03620727 0.11992644 -0.27726100
v -0.00738285 0.06300829 -0.30834321
v -0.01545308 0.05566037 -0.30835194
v -0.03776858 0.11749437 -0.28663931
v 0.07363285 -0.01725295 -0.28963269
v -0.02198786 0.12477243 -0.29269348
v 0.06676940 -0.04741060 -0.28720306
v 0.02843672 0.06364120 -0.30290938
v 0.07999928 -0.01057007 -0.29002319
v 0.02165150 0.04231697 -0.30256673
v 0.01198224 0.04893628 -0.30232083
v 0.01257637 0.03012342 -0.30408088
v 0.00061579 0.04337426 -0.30451818
v 0.10978075 -0.08540552 -0.27509019
v 0.07655882 -0.16942507 -0.20251602
v 0.05926605 -0.03168298 -0.29060894
v -0.04566592 0.11134240 -0.29857719
v 0.09396022 -0.01895502 -0.28633928
v 0.06496184 -0.02486213 -0.28901585
v 0.08860532 -0.01107444 -0.28810456
v 0.08161857 -0.16826684 -0.21229881
v 0.24891614 -0.08229164 -0.19648037
v 0.13290309 -0.06150741 -0.27509473
v 0.08875272 -0.16212326 -0.19618837
v -0.03248808 0.11917653 -0.29274622
v -0.14468589 0.08172405 -0.18904583
v -0.05315565 0.10874407 -0.30713782
v 0.08609710 -0.16305061 -0.18873392
v -0.06187765 0.10388586 -0.30563450
v 0.01374368 0.16606006 -0.18060255
v 0.09593787 -0.15773728 -0.18850514
v -0.05954548 0.10564137 -0.31208371
v 0.22582838 -0.08878206 -0.16640480
v 0.02039862 0.16996367 -0.17307091
v 0.25206495 -0.07540827 -0.17325499
v -0.03018978 0.07814178 -0.31487345
v -0.14951546 0.07839990 -0.19644474
v 0.02932915 0.17461091 -0.17287566
v 0.03546469 0.05513156 -0.30160060
v -0.13290868 0.01154074 -0.17311667
v -0.01064797 0.15648859 -0.16011627
v 0.23760733 -0.08397485 -0.18111635
v -0.04673264 0.11431098 -0.27904061
v 0.02353660 0.17272442 -0.16447744
v 0.25842404 -0.07229369 -0.17205414
v 0.22024295 -0.08926442 -0.15894441
v -0.02895855 0.12027712 -0.29848568
v 0.08677018 -0.00334720 -0.28994006
v -0.03865961 0.08680371 -0.31794436
v 0.09416280 0.00458647 -0.28973677
v 0.10239755 -0.09193436 -0.27493441
v -0.02287016 0.07104465 -0.31320247
v 0.06868627 -0.16892909 -0.16477923
v 0.23025662 -0.08362521 -0.15859059
v -0.14798139 0.03605743 -0.15154865
v 0.26041531 -0.05492059 -0.15765835
v 0.24989135 -0.04029461 -0.15147530
v 0.05933800 -0.17170765 -0.15104113
v 0.24145016 -0.08082674 -0.17463641
v 0.21527716 -0.09004438 -0.15162025
v 0.04265927 -0.04558314 -0.28969800
v 0.25712539 -0.05072532 -0.15152385
v -0.12355447 0.09799272 -0.14864748
v -0.13669493 0.01913525 -0.18124803
v 0.26476881 -0.06769186 -0.16533948
v 0.05102082 -0.03861001 -0.29072909
v -0.00525570 0.01042617 -0.30358734
v 0.19111290 -0.10440944 -0.14605194
v -0.03153942 0.14806802 -0.14584516
v 0.19848317 -0.10013488 -0.14538795
v 0.25801957 -0.07442713 -0.18207689
v -0.04608716 0.13867014 -0.15279979
v 0.00063360 0.15904675 -0.18868537
v -0.02291801 0.15293321 -0.14493108
v 0.23198244 -0.00823790 -0.14478543
v -0.15685324 0.07139533 -0.21203964
v 0.25288647 -0.04465579 -0.14447736
v 0.20540042 -0.09619180 -0.13972464
v 0.03539728 0.17704613 -0.18145865
v -0.01521103 0.15327970 -0.16488925
v 0.20922719 -0.09344153 -0.14530971
v -0.14348434 0.02868017 -0.15166740
v 0.00737237 0.16054414 -0.19656420
v 0.26586312 -0.06145956 -0.17315404
v 0.14034427 -0.05456467 -0.27514712
v -0.05442740 0.10355369 -0.31708338
v 0.23356121 -0.01293124 -0.13820629
v 0.22923705 -0.00306847 -0.13793210
v 0.04599565 -0.17604508 -0.13718219
v -0.03843886 0.14538516 -0.13788425
v 0.12490620 -0.13600195 -0.13765302
v 0.12860444 -0.13165929 -0.12767150
v 0.23572188 -0.01768572 -0.12999075
v 0.22642670 0.00231227 -0.13036693
v -0.14015705 0.01943529 -0.13018356
v -0.12029249 0.10250618 -0.13009973
v -0.04425725 0.14318466 -0.13008855
v -0.11295366 0.10665360 -0.13004594
v 0.05153846 -0.17244918 -0.12958977
v 0.11784016 -0.13698344 -0.13019858
v 0.13285664 -0.12772843 -0.12199177
v 0.23956961 -0.02491243 -0.12164912
v -0.15451303 0.04379305 -0.12124325
v -0.08744674 0.12067775 -0.12195020
v -0.06654131 0.13126704 -0.12234350
v 0.16867376 -0.10895155 -0.12222684
v 0.24444878 -0.03237945 -0.12198268
v -0.10696900 0.11051669 -0.12180734
v -0.09117501 0.11931799 -0.11614717
v 0.24121510 -0.02794283 -0.11473781
v -0.15705897 0.04801347 -0.11439027
v -0.08129059 0.12511647 -0.11388730
v 0.14651474 -0.11905253 -0.11568262
v -0.07369153 0.12852550 -0.11413354
v 0.15483542 -0.11543079 -0.11431832
v 0.16437440 -0.10935881 -0.11403749
v -0.04276196 -0.04895514 0.03243290
v -0.15995629 0.05319442 -0.10656802
v 0.09988794 -0.14106869 -0.10861064
v -0.09745866 0.11834802 -0.10743495
v 0.14053463 -0.12008397 -0.10627602
v -0.02229663 0.15862971 -0.10638080
v 0.21749268 -0.08044043 -0.10409508
v -0.16619942 0.06365272 -0.10660644
v -0.06062337 0.13818778 -0.10663159
v 0.17918900 -0.10203395 -0.10602907
v -0.09671084 0.12157227 -0.09914990
v 0.13228591 -0.12284367 -0.09914675
v -0.16246870 0.05697473 -0.09869932
v 0.24648302 -0.03820169 -0.09885021
v 0.17437200 -0.10365917 -0.09833641
v 0.18361793 -0.09771957 -0.09887885
v -0.10450584 0.11791421 -0.09866893
v -0.08827280 -0.08284910 -0.09145514
v 0.17168949 0.10149395 -0.09090886
v -0.00950510 -0.19414365 -0.09186974
v 0.08521970 0.21582414 -0.09161337
v -0.00588266 -0.19052785 -0.08512644
v 0.10699904 0.20923802 0.01719707
v 0.14681199 0.14494715 -0.08507020
v 0.16549631 0.11211642 -0.09054351
v -0.04115455 -0.16915088 -0.09079779
v -0.08330072 -0.09258543 -0.09142196
v -0.04596351 -0.15934924 -0.09096544
v -0.08630598 -0.08734824 -0.08508418
v -0.06477533 -0.12670642 -0.08513447
v 0.16801396 0.10740701 -0.08500524
v -0.04312208 -0.16650679 -0.08561579
v 0.12736063 0.18361689 -0.08499092
v -0.01482542 -0.19614540 -0.08454348
v 0.07382426 0.21325445 -0.07878970
v -0.06367647 -0.13020766 -0.07904049
v 0.14981514 0.13899742 -0.07879075
v 0.15985570 0.12069242 -0.07893605
v -0.06887943 -0.12115208 -0.07881939
v -0.07384452 -0.11314087 -0.07879075
v 0.15404883 0.13159153 -0.07887388
v -0.00055956 -0.18649395 -0.07855324
v 0.07725879 0.21591146 -0.07270550
v 0.14183083 0.15385637 -0.07099924
v 0.16234750 0.11639866 -0.07087734
v -0.07168279 -0.11839937 -0.06916864
v -0.06136630 -0.13597436 -0.07074461
v 0.15156436 0.13570401 -0.07097235
v -0.08077260 -0.10013942 -0.07102334
v 0.06106277 0.20993065 -0.06340578
v 0.04251362 0.19995192 -0.06402576
v 0.13809243 0.16137544 -0.06368311
v 0.17471954 0.09276985 -0.06409387
v 0.13392790 0.16909639 -0.06353746
v 0.08167829 0.21946789 -0.06366425
v 0.02738258 -0.17071743 -0.06439565
v -0.05316683 -0.15131183 -0.06372537
v -0.05840192 -0.14192688 -0.06428842
v -0.09295148 -0.06416687 -0.05694085
v 0.05695308 0.20869767 -0.05750635
v 0.06614802 0.21332291 -0.05523949
v 0.13646126 0.16362798 -0.05325240
v 0.07476733 0.21824399 -0.05530899
v 0.17806884 0.08629166 -0.05519862
v -0.10137415 -0.05174488 -0.04786537
v 0.07177955 0.08194934 0.02955199
v 0.18014743 0.08072998 -0.04722758
v -0.09250439 -0.07025037 -0.04783463
v -0.09684496 -0.06193005 -0.04776128
v 0.01250896 -0.17534825 -0.04752901
v 0.18435528 0.07172366 -0.04726949
v 0.05120978 0.20726246 -0.04721919
v 0.08751974 0.22578192 -0.04763903
v 0.01902138 -0.17049319 -0.04037565
v -0.10067278 -0.05606939 -0.04147135
v 0.05197297 0.21037983 -0.03914092
v 0.17100733 0.09384006 -0.04006688
v -0.09025185 -0.07772823 -0.04028797
v 0.13038300 0.17417989 -0.04020345
v -0.05092965 -0.15802021 -0.04052549
v 0.09381596 0.23017139 -0.03998095
v 0.04334213 0.20518980 -0.04004347
v -0.12509761 -0.01842830 -0.03186845
v 0.02059422 -0.16815158 -0.03183073
v 0.18839791 0.06030168 -0.03004204
v 0.10125155 0.22673337 -0.03241543
v 0.20532462 0.02618558 -0.02389077
v -0.12820346 -0.01116561 -0.02392395
v 0.01556241 -0.16901641 -0.02225542
v 0.10432561 0.21949513 -0.02384222
v -0.10761413 -0.04846265 -0.02375176
v 0.18438741 0.06383924 -0.02389287
v -0.13673405 0.00413973 -0.01860434
v 0.03054117 -0.16066604 -0.01741677
v 0.20787755 0.02063299 -0.01765009
v 0.21161665 0.01366020 -0.01869864
v -0.12341336 -0.02123655 -0.01041359
v 0.19892991 0.03566134 -0.01181318
v -0.13223770 -0.00371779 -0.01251629
v 0.21044200 0.01471924 -0.01276114
v 0.03590514 -0.15741035 -0.01231895
v 0.11402422 0.19268189 -0.00282677
v 0.19096410 0.04912000 -0.00444361
v -0.12189082 -0.02659634 -0.00415719
v 0.19320093 0.04313535 0.00313833
v -0.12020552 -0.03204030 0.00281664
v -0.02639899 -0.02441086 0.03081326
v -0.03878849 -0.18729626 0.00309746
v 0.10996133 0.19849260 0.00383830
v -0.11347828 -0.04676582 0.01102904
v 0.00790922 -0.16828465 0.01097979
v 0.07996121 0.08194934 0.03051287
v 0.10483137 0.21271585 0.01019424
v -0.04556044 -0.17299861 0.01223163
v -0.03017581 -0.18774195 0.01149882
v -0.11770778 -0.03884682 0.01158789
v 0.10929769 0.20358937 0.01105558
v -0.12421602 -0.02263614 0.01733748
v 0.08200662 0.18217294 0.01916354
v 0.07374323 0.17407336 0.01884010
v 0.05132574 0.15394684 0.01898541
v -0.10003289 0.00831544 0.02056068
v 0.04723491 0.14740158 0.01934657
v 0.00131506 -0.16876178 0.02000742
v 0.10645695 0.20837389 0.02066617
v -0.11458342 -0.04088036 0.02026694
v -0.04526843 -0.18183134 0.01903466
v 0.11689045 0.19152576 0.01922257
v -0.10616879 0.00025009 0.02205982
v 0.08735523 0.16376455 0.02189600
v 0.09223335 0.16785538 0.02222713
v 0.06359788 0.13921992 0.02213352
v 0.05541657 0.12285695 0.02287749
v 0.06359788 0.11467528 0.02484607
v 0.05541657 0.13211441 0.02189286
v 0.04723491 0.10649397 0.02372032
v -0.06730660 -0.01622920 0.02584363
v -0.07548826 -0.00804754 0.02400115
v -0.05912494 0.00831544 0.02331270
v -0.05094362 0.00013378 0.02517195
v -0.03458030 -0.04077383 0.03210457
v 0.11268715 0.05740471 0.03750696
v 0.07177955 0.07376768 0.03041996
v 0.08814252 0.09013065 0.03063652
v 0.13723179 0.02467841 0.04430301
v -0.00797908 -0.06531846 0.03803578
v 0.00632730 -0.07349978 0.04047170
v 0.01450862 -0.08168144 0.04255554
v 0.12086881 0.04922304 0.03931976
v 0.12905013 0.04104173 0.04133583
v 0.14541345 0.01532699 0.04634563
v 0.15359476 0.01649710 0.04736624
v 0.03087194 -0.10622607 0.04871134
v 0.03759254 -0.09979782 0.04832259
v 0.13084196 -0.06790911 -0.27462424
v -0.03253733 0.11980524 -0.28860858
v -0.02284885 0.09443664 -0.31657971
v 0.00490711 0.05747002 -0.30576758
v 0.04527787 -0.04824714 -0.28895822
v -0.07591543 0.09736610 -0.29298024
v 0.03614370 0.04819300 -0.30145006
v 0.07631711 -0.02074720 -0.28869835
v 0.08467691 -0.00908107 -0.28920621
v 0.00054838 0.06312425 -0.30705155
v 0.06872574 -0.02492221 -0.28866342
v -0.02243251 0.12508120 -0.28669136
v 0.15673169 -0.06135268 -0.27445484
v 0.08108835 -0.00325953 -0.29093867
v 0.08447153 -0.01266194 -0.28867180
v 0.14731356 -0.05318429 -0.27449571
v -0.03111330 0.12213043 -0.27908322
v -0.15077987 0.07464404 -0.21323664
v -0.14287100 0.07891335 -0.21249336
v 0.25752568 -0.08188332 -0.21223978
v -0.04631664 0.07120707 -0.31592794
v -0.14915499 0.07717740 -0.20445875
v -0.05394433 0.09977407 -0.31888220
v 0.05100580 -0.03068717 -0.29211646
v 0.02788101 0.04363308 -0.30211964
v 0.07649141 -0.16871532 -0.19652158
v 0.07453122 0.00476390 -0.29244688
v 0.01987259 0.06134779 -0.30329638
v 0.08230701 -0.16517147 -0.18865638
v -0.07269956 0.09893439 -0.31190487
v -0.00008278 0.01233641 -0.30285663
v -0.06681620 0.10152504 -0.30700195
v 0.05876343 -0.03815035 -0.29041474
v -0.00824383 0.15485358 -0.18176148
v -0.14126918 0.08351099 -0.18820824
v 0.22213154 -0.09265913 -0.18124279
v 0.26042998 -0.05406414 -0.18093717
v 0.12142383 -0.13997472 -0.15307921
v 0.04361352 -0.02498788 -0.29440218
v 0.00639157 0.01980832 -0.30251154
v 0.02478110 0.17206078 -0.17342264
v 0.26503741 -0.06909110 -0.17291234
v -0.01487187 0.15283821 -0.17309955
v 0.22839772 -0.08842090 -0.17422495
v 0.25174291 -0.08293048 -0.20473992
v 0.01342164 0.05529782 -0.30271378
v -0.00720820 0.04338229 -0.30583289
v -0.15450779 0.07600171 -0.19595749
v 0.23262896 -0.08673769 -0.18107304
v -0.13355102 0.01189317 -0.16508939
v 0.01978108 0.17088474 -0.16540270
v 0.02848597 0.17485786 -0.16545998
v 0.03835957 0.17973074 -0.16507367
v 0.08795076 -0.16484210 -0.21205081
v 0.23577672 -0.08124518 -0.16050537
v 0.11634068 -0.08430736 -0.27471191
v -0.03088137 0.08663116 -0.31637083
v 0.10186559 -0.10079433 -0.27493790
v -0.15906142 0.07496817 -0.18903780
v -0.16184348 0.07035516 -0.19565990
v 0.00535978 0.15793603 -0.20443325
v 0.06867649 -0.16981697 -0.17109885
v -0.13739595 0.01798785 -0.15779317
v -0.13974734 0.02192499 -0.15157624
v 0.03345630 0.17799898 -0.15797934
v 0.23724442 -0.01740664 -0.15282458
v 0.22692967 0.00419806 -0.15151651
v 0.25218475 -0.07252038 -0.15843131
v 0.25019732 -0.07522105 -0.16546976
v -0.11967635 0.09954669 -0.15197093
v 0.04364880 -0.18012718 -0.15324652
v 0.10446497 0.04109517 0.03816781
v 0.05215739 -0.17568636 -0.15160837
v -0.01882509 0.14896603 -0.18181038
v 0.25836571 -0.07119275 -0.16549072
v -0.04628590 0.09454247 -0.31951999
v 0.12605186 -0.13675501 -0.14549448
v -0.01490820 0.04969528 -0.30747663
v 0.09530182 -0.16063426 -0.21147938
v 0.20477695 -0.09651035 -0.14548680
v 0.23391957 -0.01216736 -0.14568449
v 0.22991257 -0.00337200 -0.14593598
v -0.03789327 0.14460939 -0.14535127
v 0.04570714 -0.17726199 -0.14341414
v 0.18985268 -0.10325226 -0.13971695
v -0.03798583 0.07866675 -0.31599011
v -0.11438573 0.10411499 -0.14555735
v 0.01277407 0.16887669 -0.15889097
v -0.03721636 0.11661941 -0.29279267
v -0.02344858 0.15371142 -0.13788146
v 0.20768684 -0.09399410 -0.13690171
v 0.26526759 -0.06148226 -0.16549771
v 0.23114974 -0.00771152 -0.13742110
v 0.25331714 -0.04515352 -0.13807636
v -0.03214718 0.14876938 -0.13797157
v -0.14630657 0.03012063 -0.13800790
v 0.19891035 -0.09783798 -0.13731806
v 0.05638409 -0.17063779 -0.13256114
v 0.21291949 -0.08935279 -0.13201975
v -0.02876715 0.15096254 -0.13001869
v 0.25640831 -0.04948256 -0.13015666
v -0.12761247 0.09913942 -0.12987723
v -0.04786712 0.14176726 -0.12991565
v -0.14371976 0.02574792 -0.12983043
v 0.24997098 -0.04040394 -0.12975079
v -0.14883365 0.03474936 -0.12964216
v 0.19218276 -0.09786802 -0.12980877
v 0.11282757 -0.13957095 -0.12773576
v -0.15214977 0.03977802 -0.12260930
v -0.16212151 0.05828246 -0.12180525
v -0.06254199 0.13397295 -0.12114510
v -0.05304667 0.13986156 -0.12175740
v 0.17677054 -0.10552540 -0.12178953
v 0.10875804 -0.14125451 -0.12274587
v 0.24718823 -0.03666309 -0.12229110
v 0.18474752 -0.10089842 -0.12152302
v -0.10266371 0.11281709 -0.12207385
v -0.09651978 0.11663932 -0.11439935
v -0.02154532 0.15792450 -0.11415066
v -0.15982566 0.05337535 -0.11479614
v 0.14082978 -0.12118247 -0.11430190
v -0.13771764 0.09721206 -0.11467494
v -0.16575792 0.06423533 -0.11456736
v -0.05945606 0.13699183 -0.11446292
v 0.10193266 -0.14175398 -0.11498650
v 0.24117283 -0.02857783 -0.10843670
v -0.15699470 0.04750351 -0.10653519
v -0.08224449 0.12628902 -0.10731933
v -0.07393534 0.13015387 -0.10697005
v 0.15629543 -0.11271544 -0.10637871
v 0.16269818 -0.10918068 -0.10688343
v -0.07067615 0.13387446 -0.09966335
v 0.23849696 -0.02467212 -0.09907550
v -0.15472540 0.04176650 -0.09884881
v -0.08966226 0.12515874 -0.09903044
v 0.06974356 0.20778813 -0.09606850
v 0.14774283 -0.11541996 -0.09865112
v 0.16916625 -0.10614748 -0.09867208
v -0.05317206 0.14429154 -0.09872726
v 0.24253749 -0.03203401 -0.09809750
v 0.18625015 -0.09537622 -0.09631545
v -0.05877006 -0.13669179 -0.09132765
v 0.14291885 0.15306419 -0.09110551
v 0.08169995 0.21447346 -0.09124138
v 0.00685682 -0.18594487 -0.09254456
v -0.07054168 -0.11594389 -0.09094833
v 0.16216867 0.11773922 -0.09122811
v 0.15171246 0.13624575 -0.09077927
v -0.08019593 -0.09825608 -0.09151801
v -0.04900509 -0.15374705 -0.09101050
v -0.06250881 -0.13141129 -0.08459867
v 0.15989692 0.12110388 -0.08513412
v -0.00159239 -0.18841781 -0.08614880
v -0.07333876 -0.11277622 -0.08525498
v 0.15430276 0.13113920 -0.08506182
v 0.14921088 0.14041238 -0.08504925
v 0.07330837 0.21180212 -0.08439259
v -0.06759581 -0.12197011 -0.08500524
v 0.04573927 0.20206020 -0.06147912
v -0.08610339 -0.08713483 -0.07885502
v -0.01550722 -0.19514191 -0.07893955
v -0.00763992 -0.19011359 -0.07886829
v 0.16766258 0.10750446 -0.07919068
v 0.14632264 0.14552522 -0.07785432
v 0.00277402 -0.18457602 -0.07690915
v 0.12764390 0.18257148 -0.07895422
v -0.04383567 -0.16710442 -0.07873172
v -0.06560558 -0.12679758 -0.07733912
v -0.01318692 -0.19175104 -0.07120777
v -0.08728048 -0.08325217 -0.07114140
v 0.17100035 0.10067173 -0.07051408
v 0.16519243 0.11141610 -0.07101601
v 0.12863552 0.17927003 -0.06921859
v 0.00579779 -0.18214325 -0.07124200
v -0.04769562 -0.15973939 -0.07094999
v -0.08385469 -0.09170837 -0.07110228
v -0.08842684 -0.07667548 -0.06347948
v 0.17303459 0.09620298 -0.06361046
v 0.01173843 -0.17804509 -0.06406942
v 0.08794901 0.22206692 -0.06321577
v 0.13030930 0.17571919 -0.06383295
v 0.09459487 0.22577528 -0.06342254
v 0.02090997 -0.17341461 -0.06294891
v -0.09814745 -0.05454266 -0.06353117
v -0.04981229 -0.15736110 -0.06353362
v 0.18283379 0.07800206 -0.06347459
v -0.09108455 -0.06947671 -0.05481720
v -0.09488477 -0.06150636 -0.05441063
v 0.01370002 -0.17573247 -0.05473302
v 0.08954106 0.22485981 -0.05452659
v 0.18580691 0.07113022 -0.05531039
v 0.18103567 0.08076841 -0.05337744
v 0.05147244 0.20603298 -0.05583921
v 0.13631351 0.16316343 -0.04766034
v 0.17672339 0.08699162 -0.04754962
v -0.09438110 -0.06788501 -0.04564042
v 0.06657170 0.21509728 -0.04809660
v 0.07429265 0.21972147 -0.04732992
v -0.05665828 -0.14974074 -0.04567815
v 0.07885781 0.22304527 -0.04038927
v -0.06078439 -0.14290453 -0.03982552
v 0.05906346 0.21358103 -0.04031033
v 0.13738582 0.15991089 -0.04011508
v 0.13312419 0.16857701 -0.04005291
v -0.05420630 -0.15314663 -0.03979408
v 0.21129636 0.01649710 -0.03297534
v 0.20165643 0.03453455 -0.03168193
v -0.13244448 -0.00379673 -0.03197882
v 0.02901898 -0.16406319 -0.03223345
v 0.03622159 -0.16058501 -0.03193761
v 0.20887756 0.01983627 -0.02415728
v 0.20261696 0.03072664 -0.02232772
v 0.21340674 0.01131161 -0.02426905
v -0.13649933 0.00382922 -0.02398194
v 0.02981954 -0.16207611 -0.02426241
v 0.20408780 0.02762673 -0.01857081
v 0.18412056 0.06329051 -0.01847161
v -0.10803886 -0.04843995 -0.01718798
v -0.12814059 -0.01114849 -0.01818974
v 0.01567802 -0.16822423 -0.01794733
v 0.10313979 0.21993488 -0.01720091
v 0.10086314 0.22516264 -0.01294137
v -0.12497641 -0.01756696 -0.01202031
v 0.18882683 0.05329012 -0.00640380
v -0.01821733 -0.05713680 0.03606686
v 0.02055824 -0.16489449 -0.01245063
v 0.18727286 0.05684969 -0.01154668
v 0.18016595 0.06748543 -0.00965495
v -0.12359010 -0.02156383 -0.00522601
v -0.11407521 -0.03910704 -0.00446107
v -0.04387723 -0.18132627 -0.00461441
v 0.10652401 0.20853002 -0.00452709
v -0.02224180 -0.18725749 -0.00447365
v 0.11582374 0.19061203 -0.00472199
v -0.11253067 -0.04634179 0.00310131
v -0.03099279 -0.18985303 0.00274259
v 0.10369410 0.21289015 0.00317116
v -0.04592474 -0.17317046 0.00257773
v -0.11715521 -0.03853247 0.00503355
v 0.10770495 0.20384785 0.00291549
v 0.19355615 0.04179654 0.01130357
v -0.04180073 -0.18605769 0.01701579
v -0.03917690 -0.18699063 0.01101437
v -0.12180071 -0.03122018 0.01156903
v 0.11224251 0.19705320 0.01076812
v 0.18996096 0.04752447 0.01940804
v 0.08814252 0.18217294 0.02011744
v 0.07382496 0.16785538 0.01951877
v 0.05814379 0.15444667 0.01968014
v 0.04723491 0.13921992 0.02023271
v -0.02285025 -0.18245970 0.01917297
v -0.12236236 -0.02589462 0.01947091
v 0.08157840 0.16104851 0.02144088
v 0.09376357 0.17482607 0.02186177
v 0.06548368 0.14563245 0.02162810
v 0.05541657 0.09831231 0.02571614
v 0.07177955 0.09013065 0.02867493
v -0.09185123 0.00511354 0.02132981
v 0.06359788 0.10649397 0.02579298
v 0.05367958 0.13103861 0.02180100
v 0.04723491 0.11467528 0.02279227
v -0.05912494 -0.01622920 0.02656350
v -0.08366957 0.00013378 0.02237732
v -0.07548826 0.00013378 0.02290509
v -0.06730660 0.00831544 0.02255930
v -0.05094362 -0.00804754 0.02626172
v -0.02639899 -0.04895514 0.03413601
v -0.03458030 -0.03259217 0.03099908
v 0.10450549 0.06558602 0.03561628
v 0.08266468 0.09013065 0.02998266
v 0.08814252 0.08194934 0.03153174
v 0.09632418 0.07376768 0.03359532
v 0.01450862 -0.09804441 0.04505712
v -0.01778037 -0.07379772 0.03814197
v -0.01003567 -0.06801809 0.03816432
v -0.00185436 -0.06299362 0.03834176
v 0.00493191 -0.05626534 0.03822894
v 0.11219291 0.04983988 0.03820309
v 0.11920517 0.05740471 0.03830019
v 0.12628448 0.06558602 0.03848252
v 0.15296046 0.02603923 0.04641689
v 0.02269028 -0.10622607 0.04749408
v 0.03713777 -0.08986310 0.04647347
v -0.04823771 0.11194178 -0.28858623
v 0.15697584 -0.04720452 -0.27387468
v -0.06841278 0.10012231 -0.31414204
v -0.07697796 0.09582016 -0.29883112
v 0.00712193 0.06369918 -0.30636975
v -0.02976575 0.12145946 -0.28619851
v 0.00592109 0.01187780 -0.30140081
v 0.02829980 0.04973125 -0.30188457
v 0.09250230 -0.16249141 -0.21378991
v -0.14791713 0.07642749 -0.21149964
v -0.15219308 0.07528847 -0.20617409
v -0.03905325 0.11460752 -0.29912592
v 0.05119651 -0.02494107 -0.29294182
v 0.03443640 0.04279584 -0.30162505
v -0.05945571 0.09874228 -0.31874318
v 0.06703695 -0.03100886 -0.28799349
v 0.00113762 0.01942376 -0.30349757
v 0.08107717 -0.16636044 -0.19727884
v 0.08807441 -0.16360179 -0.20423590
v 0.08211036 0.00385332 -0.29155935
v -0.15557276 0.07663950 -0.18867698
v -0.03786568 0.07090389 -0.31471941
v 0.07647464 -0.16824903 -0.18828194
v -0.02230502 0.08630178 -0.31450705
v -0.02370111 0.12582238 -0.27953380
v 0.10158791 -0.10673777 -0.27507133
v 0.00084352 0.05512736 -0.30605225
v -0.14033239 0.08307683 -0.19590370
v 0.22858040 -0.08926792 -0.18130497
v 0.02544789 0.17160391 -0.18077091
v 0.25036917 -0.08540831 -0.21201973
v 0.07433038 -0.00352289 -0.29186777
v 0.26554247 -0.07025806 -0.18135806
v -0.07234958 0.09885161 -0.30624295
v -0.00868114 0.15606281 -0.17431192
v 0.23213647 -0.08612016 -0.17306323
v 0.22226951 -0.09145409 -0.17320958
v 0.26052813 -0.05493596 -0.17306043
v 0.09467241 -0.16005514 -0.20462221
v 0.15599714 -0.05559471 -0.27441817
v -0.13677038 0.01765708 -0.16541004
v 0.04358907 -0.03269137 -0.29315209
v -0.15791332 0.07377012 -0.19787227
v -0.14210502 0.08073697 -0.20482585
v 0.03512449 0.17809468 -0.16574011
v 0.05159120 -0.04718811 -0.28845839
v 0.01274612 0.16777190 -0.16492383
v -0.13460795 0.01305838 -0.15870446
v 0.24915435 -0.07448267 -0.16033632
v 0.09447856 -0.00410026 -0.28836932
v 0.10812199 -0.09856135 -0.27428194
v 0.23589094 -0.08289241 -0.16594584
v -0.16251167 0.07127308 -0.18866616
v 0.01810975 0.17131610 -0.15743096
v 0.02862219 0.17578521 -0.15752143
v 0.03787232 0.17992704 -0.15888538
v 0.25840972 -0.06988991 -0.15816795
v 0.26495777 -0.06237958 -0.15810194
v 0.20545211 -0.09639369 -0.15265693
v 0.25287808 -0.07307365 -0.16320430
v 0.23418328 -0.01118097 -0.15178197
v 0.23062686 -0.00375307 -0.15122346
v -0.11312376 0.10298191 -0.15210890
v 0.12614372 -0.13735683 -0.15150149
v -0.03560965 0.14475155 -0.15227236
v -0.01458476 0.15164260 -0.18098782
v -0.03794497 0.09426829 -0.31886194
v -0.04706027 0.08723228 -0.31933382
v -0.03105811 0.09482435 -0.31794471
v 0.23621158 -0.01707447 -0.14548994
v 0.22658423 0.00496265 -0.14494540
v -0.13968971 0.02075559 -0.14526291
v -0.11969976 0.10110939 -0.14548819
v 0.00769231 0.15727169 -0.21007945
v 0.05130793 -0.17489453 -0.14511935
v 0.12071932 -0.13954161 -0.14494331
v 0.04302532 -0.17901331 -0.14572012
v -0.00775972 0.04884267 -0.30657862
v -0.01500076 0.04278048 -0.30669563
v -0.04606550 0.07891440 -0.31754513
v -0.11064139 0.10597982 -0.14512668
v 0.08163778 -0.01814188 -0.28834592
v -0.04354436 0.11339201 -0.29284122
v -0.02871999 0.15059056 -0.13840050
v 0.02008915 0.05644557 -0.30217483
v 0.21466836 -0.09009188 -0.13837011
v 0.25631435 -0.04918742 -0.13731072
v -0.04698063 0.14091116 -0.13835194
v -0.12597711 0.09860606 -0.13747489
v -0.14369531 0.02600185 -0.13794293
v 0.24992872 -0.04083356 -0.13800266
v -0.14929017 0.03518841 -0.13798310
v 0.05691466 -0.17104331 -0.13824576
v 0.19247686 -0.10088305 -0.13731282
v 0.19729770 -0.09584461 -0.13183603
v -0.02361519 0.15435026 -0.13016295
v 0.20734245 -0.09115196 -0.13020731
v 0.21546228 -0.08720958 -0.12927262
v 0.23144838 -0.00969477 -0.12936343
v -0.13116575 0.09768989 -0.12840290
v 0.25331644 -0.04503372 -0.13016050
v -0.14618537 0.03014263 -0.13083672
v -0.03235850 0.14896743 -0.13002498
v -0.15984417 0.05384374 -0.12243012
v -0.05876482 0.13648257 -0.12226770
v 0.18167591 -0.10351492 -0.12388839
v -0.01995782 0.15754797 -0.12181957
v 0.13994748 -0.12310214 -0.12209341
v -0.13622899 0.09634129 -0.12283145
v -0.16564126 0.06426327 -0.12183703
v 0.10272344 -0.14457796 -0.12227748
v -0.09706990 0.11600117 -0.12241405
v 0.13529430 -0.12435224 -0.11342973
v -0.16233109 0.05836664 -0.11446292
v -0.06322240 0.13451435 -0.11388834
v -0.05360064 0.14073582 -0.11423414
v 0.17624033 -0.10496934 -0.11447584
v 0.24692940 -0.03698164 -0.11488241
v 0.18436261 -0.09947404 -0.11450798
v -0.10255892 0.11360647 -0.11402841
v -0.15204498 0.03852373 -0.11420759
v 0.13118670 -0.12596873 -0.10858305
v -0.15476137 0.04267709 -0.10642970
v 0.23857904 -0.02436335 -0.10676187
v -0.08986659 0.12289676 -0.10648035
v -0.08572232 0.12586604 -0.10323689
v 0.14881444 -0.11661068 -0.10644298
v -0.06769361 0.13358629 -0.10647686
v 0.16948829 -0.10714888 -0.10605702
v -0.05099706 0.14379905 -0.10570494
v 0.24334050 -0.03250450 -0.10648280
v -0.15789691 0.04852622 -0.09828472
v -0.07451969 0.13215562 -0.09897945
v 0.15398456 -0.11189916 -0.09930568
v -0.06686091 0.13620838 -0.09879223
v 0.16203769 -0.10818731 -0.09924910
v -0.06217420 -0.13071168 -0.09141812
v 0.07467338 0.21130718 -0.09113729
v 0.00009920 -0.18910381 -0.09232067
v -0.06770408 -0.12074028 -0.09110830
v 0.15941106 0.12256564 -0.09044431
v -0.07273449 -0.11250378 -0.09049076
v 0.15441872 0.13135646 -0.09161965
v 0.14944804 0.14017487 -0.09098989
v -0.05982316 -0.13620873 -0.08508243
v 0.14263453 0.15366951 -0.08502375
v 0.08009673 0.21504454 -0.08433216
v 0.00343452 -0.18602242 -0.08666155
v -0.07024583 -0.11780698 -0.08493782
v 0.16208030 0.11747551 -0.08503737
v 0.15159894 0.13619231 -0.08510688
v -0.08106530 -0.09808074 -0.08587216
v 0.16529792 0.11188938 -0.07951971
v -0.08824556 -0.08262276 -0.07819662
v 0.17117220 0.10081110 -0.07879180
v 0.00690921 -0.18288793 -0.07883930
v -0.04675255 -0.16000519 -0.07897028
v -0.08367656 -0.09256936 -0.07841178
v -0.08579008 -0.08661719 -0.07108726
v 0.14642672 0.14523217 -0.07059093
v -0.06562618 -0.12808715 -0.07100099
v 0.16719768 0.10777795 -0.07136983
v -0.00842057 -0.18915760 -0.07089795
v 0.12670153 0.18337274 -0.07111416
v 0.00251206 -0.18384462 -0.07136948
v -0.04472495 -0.16688856 -0.07069327
v -0.01711848 -0.19453136 -0.07023012
v -0.09069719 -0.06980154 -0.06360697
v -0.09487255 -0.06084517 -0.06449799
v 0.01569514 -0.17598605 -0.06311308
v 0.01053410 -0.17755713 -0.05747910
v 0.18624770 0.07118890 -0.06383854
v 0.05081474 0.20441823 -0.06351615
v 0.04611371 0.20332497 -0.05495656
v 0.17256585 0.09635562 -0.05488566
v -0.08813099 -0.07665557 -0.05555244
v -0.09820962 -0.05482314 -0.05535789
v 0.13010462 0.17559694 -0.05571242
v 0.08606637 0.22258247 -0.05620596
v 0.02081811 -0.17207755 -0.05534392
v -0.05029640 -0.15794511 -0.05515705
v 0.09414639 0.22708091 -0.05592583
v 0.18290260 0.07738278 -0.05658982
v 0.17395006 0.09252815 -0.04932538
v 0.13784653 0.16017495 -0.04739628
v 0.05912843 0.21137110 -0.04743226
v 0.13341829 0.16870240 -0.04752622
v -0.05411234 -0.15313650 -0.04797610
v -0.05916336 -0.14418047 -0.04792335
v 0.08117253 0.22258840 -0.04775779
v 0.06488884 0.21591007 -0.04222721
v -0.05663663 -0.14974913 -0.04210985
v 0.17548273 0.08560426 -0.04053178
v 0.13589472 0.16286409 -0.04096803
v 0.07403698 0.22085036 -0.04034805
v -0.09575484 -0.06749451 -0.03912695
v 0.08243799 0.22506414 -0.03998305
v -0.13659259 0.00394658 -0.03198127
v 0.20930194 0.02021454 -0.03148738
v 0.21385487 0.01154633 -0.03173048
v 0.21086569 0.01614711 -0.02473150
v 0.20085377 0.03434349 -0.02423307
v -0.13225971 -0.00389802 -0.02401547
v 0.02685027 -0.16366605 -0.02445976
v 0.03530472 -0.15964124 -0.02457607
v 0.10088759 0.22654232 -0.01872694
v 0.02131374 -0.16546732 -0.01782613
v -0.12484368 -0.01841607 -0.01737765
v 0.18823514 0.05759507 -0.01662668
v 0.20429563 0.02597635 -0.01282820
v -0.12812417 -0.01074297 -0.01247647
v 0.10211743 0.21949583 -0.01143595
v -0.04991847 -0.17067516 -0.01042652
v 0.01336471 -0.16834229 -0.01123232
v -0.10800428 -0.04930722 -0.01036015
v 0.18365147 0.06313368 -0.01205768
v 0.10921700 0.20386776 -0.00459904
v -0.03011120 -0.19064521 -0.00418688
v 0.10478492 0.21193415 -0.00430320
v -0.04653355 -0.17461720 -0.00374364
v -0.11028302 -0.04697749 -0.00352778
v 0.11447375 0.18968817 0.00136466
v -0.12457089 -0.02548805 0.00369823
v -0.11543428 -0.04021462 0.00220434
v -0.04367639 -0.18043455 0.00315894
v 0.10609823 0.20793868 0.00424906
v -0.02328441 -0.18649360 0.00334057
v 0.11385411 0.19312758 0.01021241
v 0.19006958 0.04811511 0.01102380
v -0.02087364 -0.18402555 0.01113801
v 0.07382496 0.16171914 0.02029628
v 0.08814252 0.17399163 0.02090962
v 0.08216380 0.16785538 0.02065464
v 0.04723491 0.13103861 0.02107413
v 0.05541657 0.14740158 0.02033854
v 0.06573237 0.15362654 0.02052436
v -0.03839869 -0.18721278 0.01992184
v 0.11254255 0.19848492 0.01942236
v 0.19338745 0.04136692 0.01909927
v -0.11939797 -0.03215486 0.01912861
v 0.09446458 0.18210448 0.02138814
v 0.06359788 0.09831231 0.02674234
v 0.07996121 0.08820399 0.02985657
v -0.09185123 0.00013378 0.02205004
v 0.05541657 0.10649397 0.02473604
v -0.08366957 0.00603216 0.02160470
v -0.05912494 -0.00804754 0.02543741
v -0.06730660 0.00013378 0.02359283
v -0.04276196 -0.02441086 0.02918279
v -0.05094362 -0.01622920 0.02733542
v -0.01821733 -0.06531846 0.03707595
v -0.03455271 -0.02443321 0.02997986
v -0.04382903 -0.03200712 0.03003121
v -0.02639899 -0.04077383 0.03300502
v -0.00185436 -0.05713680 0.03766903
v -0.01003567 -0.05713680 0.03686742
v 0.10450549 0.04922304 0.03735223
v 0.08814252 0.07376768 0.03248808
v 0.10450549 0.05740471 0.03649019
v 0.11268715 0.06558602 0.03667462
v 0.12086881 0.06307500 0.03797885
v 0.09632418 0.08194934 0.03263129
v 0.02269028 -0.09920194 0.04622129
v 0.13723179 0.01649710 0.04519089
v 0.11268715 0.04104173 0.03914651
v -0.01003567 -0.07349978 0.03880631
v 0.00632730 -0.06531846 0.03942524
v 0.14541345 0.02467841 0.04544587
v 0.15495523 0.03286007 0.04621185
v 0.14541345 0.03286007 0.04466662
v 0.03087194 -0.08168144 0.04449861
v 0.12905013 0.05740471 0.03962992
v 0.01425923 -0.10610033 0.04636694
v 0.03087194 -0.09228434 0.04610078
v 0.03905325 -0.08458225 0.04591531
v 0.03336409 -0.00121866 -0.29705151
v 0.05697019 0.03767811 -0.29710460
v 0.15928951 0.15105511 -0.28623798
v -0.03035954 -0.05399603 -0.30001415
v 0.01249219 -0.01084426 -0.30071551
v 0.04551678 0.01051978 -0.29637459
v 0.10193615 0.07129683 -0.29356075
v 0.16248512 0.13021569 -0.29528902
v 0.13244029 0.19130955 -0.20448075
v -0.06498944 -0.09853865 -0.29262886
v -0.05349830 -0.09314009 -0.30137427
v 0.12990937 0.19708254 -0.21197607
v -0.10098190 -0.04269525 -0.20535431
v 0.16139570 0.14529120 -0.27885619
v -0.04635471 -0.07008132 -0.30167290
v 0.08144986 0.04894012 -0.29497850
v 0.04629918 0.18032627 -0.19507415
v -0.07440897 -0.06229994 -0.30709661
v -0.02350481 -0.06128806 -0.29716782
v -0.10346043 -0.03924152 -0.21234806
v -0.06977325 -0.08703808 -0.27869167
v 0.02046009 -0.01896201 -0.29896455
v 0.05283885 0.02008566 -0.29586429
v -0.12857789 0.00431018 -0.18849640
v -0.06767090 -0.05345045 -0.30648431
v 0.00623544 -0.03049611 -0.29774624
v -0.10814225 -0.03341020 -0.18899972
v 0.04168337 0.17862909 -0.18848034
v -0.11706195 -0.01809962 -0.18842620
v -0.01485825 -0.00325953 -0.30497645
v -0.11010523 -0.03038992 -0.18122428
v -0.02557014 -0.18312684 -0.18144189
v 0.05061914 0.18438112 -0.18853867
v -0.01556486 -0.03937424 -0.29879305
v 0.11692852 0.08673595 -0.29497955
v 0.05919549 0.18365566 -0.21181260
v -0.11300500 -0.02539060 -0.17346840
v 0.11015448 0.07846731 -0.29364493
v -0.06084761 -0.07637928 -0.30467920
v 0.09394310 0.06306278 -0.29359149
v 0.08835593 0.05544452 -0.29434210
v -0.12276229 -0.00521972 -0.20487963
v -0.02835534 -0.17985613 -0.17277856
v 0.12858103 0.19313596 -0.16482359
v 0.20068856 0.05699045 -0.16503770
v -0.06881621 -0.09250719 -0.28640424
v 0.05884132 0.02829526 -0.29577452
v 0.10229871 0.21095406 -0.16517497
v 0.15515187 0.11761312 -0.30121988
v 0.04316853 0.02005317 -0.29838299
v 0.11827432 0.21255029 -0.18110552
v 0.20793798 0.04273716 -0.15785569
v 0.12350592 0.20573399 -0.18125048
v 0.13421885 0.11069343 -0.29802043
v -0.09868919 -0.04817763 -0.21110425
v 0.12619192 0.19785166 -0.15764891
v -0.03762467 -0.07734925 -0.29884265
v -0.06368870 -0.11489149 -0.15154166
v 0.19756036 0.06310085 -0.15753330
v 0.20503088 0.04881997 -0.16542366
v -0.06010503 -0.10719953 -0.27917858
v -0.00761512 -0.04644727 -0.29722790
v 0.10830013 0.21564461 -0.15899995
v -0.11532286 -0.02096062 -0.19677971
v 0.19553136 0.06764994 -0.16488366
v -0.02455895 -0.18828963 -0.15864997
v -0.06294926 -0.10287084 -0.28653138
v -0.03742139 -0.16571601 -0.15199049
v 0.02802911 0.00420924 -0.29894219
v -0.04245808 -0.15612289 -0.15036911
v 0.18989145 0.07861087 -0.15157938
v 0.09240764 0.20823487 -0.15351303
v 0.15432302 0.14640193 -0.15185183
v 0.07364857 0.04174345 -0.29514965
v 0.14936212 0.15353119 -0.15069709
v -0.12521148 -0.00146246 -0.19681394
v 0.06684414 0.03581468 -0.29544165
v -0.05573372 -0.07025736 -0.30478259
v 0.17349180 0.11186808 -0.14533346
v -0.12022997 -0.01117643 -0.19639095
v 0.07296292 0.19724845 -0.15223185
v -0.00948554 0.00488196 -0.30448046
v 0.21477559 0.03572281 -0.20463479
v -0.03030260 -0.17476984 -0.18113696
v 0.12549510 0.09444188 -0.29491493
v 0.11799943 0.09535631 -0.29729671
v -0.04088665 -0.15978130 -0.14555491
v -0.06154129 -0.12034908 -0.14559403
v 0.08795425 0.20826980 -0.14464537
v 0.19336893 0.07171004 -0.14500129
v 0.09441359 0.21089992 -0.14559438
v -0.04914480 -0.14590524 -0.13992093
v -0.07309461 -0.08385015 -0.28659286
v -0.08072125 -0.08485050 -0.14538620
v 0.14847284 0.12336551 -0.30225062
v 0.14135161 0.10296200 -0.29802182
v -0.02085129 -0.19457746 -0.16497413
v 0.17412995 0.10807903 -0.13817590
v -0.06120982 -0.08511875 -0.30244168
v 0.13326460 0.10221383 -0.29412904
v -0.05436697 -0.13694153 -0.13790032
v -0.05854163 -0.12924014 -0.13800825
v 0.00144849 -0.02611816 -0.29972319
v 0.16954243 0.11509827 -0.13798065
v 0.07996330 0.20586392 -0.13825310
v 0.00665109 -0.19432213 -0.13802571
v 0.15799610 0.13305748 -0.13627824
v 0.16287876 0.12409307 -0.13795411
v 0.16554416 0.11971547 -0.12967500
v 0.17537864 0.10179958 -0.12981296
v 0.07484348 0.20348878 -0.13014164
v -0.04636519 -0.15179000 -0.12945110
v -0.00126860 -0.19660192 -0.13012208
v -0.06667229 -0.11332495 -0.13022966
v 0.15477499 0.13743123 -0.13021604
v 0.14114343 0.16105899 -0.12229669
v 0.01351769 -0.18862494 -0.12205813
v 0.18287361 0.08410129 -0.12134838
v 0.13582277 0.17062068 -0.12162571
v 0.03403926 -0.17901086 -0.12272876
v 0.17792738 0.09440171 -0.12162467
v 0.21984407 0.01832666 -0.12204241
v 0.05062228 0.19254916 -0.12183005
v -0.05186364 -0.14394470 -0.11432495
v -0.09436818 -0.06784974 -0.11444441
v 0.13720314 0.16691336 -0.11448108
v 0.02885621 -0.17974087 -0.11468751
v 0.17984286 0.08876355 -0.11466271
v 0.03658625 -0.17623718 -0.11365572
v 0.22087900 0.01227075 -0.11436058
v 0.05292128 0.19484851 -0.11269169
v 0.04412802 0.19032072 -0.11416393
v 0.05911795 0.19904203 -0.10612373
v -0.01668536 -0.20049401 -0.10622083
v -0.09313485 -0.07167336 -0.10678493
v -0.09785405 -0.06253955 -0.10657955
v 0.09529379 0.21852272 -0.10589285
v -0.10249116 -0.05372149 -0.10652960
v 0.18776989 0.07398109 -0.10521524
v 0.02047371 -0.18226131 -0.10664137
v 0.12965614 0.18123197 -0.10675454
v -0.10092846 -0.05807708 -0.09923757
v -0.08985402 -0.07817356 -0.09860152
v 0.01517750 -0.18375555 -0.09859314
v 0.18432279 0.07931119 -0.09824280
v 0.13182345 0.17566680 -0.09848102
v -0.13108262 0.10565429 -0.08962314
v -0.03143254 0.15601740 -0.09153583
v 0.12822302 -0.12446750 -0.08968811
v 0.20647971 -0.08470520 -0.09081385
v 0.24898250 -0.04141163 -0.09063362
v -0.15168906 0.03488488 -0.09164410
v 0.10916007 -0.13417973 -0.09241463
v -0.11312830 0.11492677 -0.09145933
v 0.23032543 -0.01121940 -0.08559099
v -0.16992280 0.06646202 -0.08510688
v 0.21163412 -0.08155290 -0.08531366
v -0.13743786 0.10402942 -0.08514146
v -0.14791922 0.02770217 -0.08498498
v -0.12726458 0.10832143 -0.08531890
v 0.25304155 -0.04689052 -0.08507160
v 0.10218239 -0.13637359 -0.08519804
v 0.11081114 -0.13183463 -0.08503004
v -0.11820412 0.11348597 -0.08379252
v -0.12212938 0.11194492 -0.08098776
v 0.03492365 0.19314539 -0.07953368
v 0.22600162 -0.00458158 -0.07899194
v 0.22079727 0.00473596 -0.07825111
v -0.13988007 0.01203672 -0.07896435
v -0.04571377 0.15134187 -0.07843273
v 0.11683631 -0.12763831 -0.07877853
v 0.19408462 -0.08723542 -0.07605200
v -0.15375613 0.03743082 -0.07100832
v 0.18956347 -0.08900735 -0.07297201
v 0.23324266 -0.02081357 -0.07092729
v 0.19956561 -0.08298392 -0.07071003
v 0.22325833 -0.00102166 -0.07102404
v -0.14423740 0.01987294 -0.07090284
v -0.03986813 0.15588502 -0.07139638
v 0.02825684 0.19149886 -0.07083613
v 0.03664877 0.19571718 -0.07085604
v 0.14573968 -0.11118627 -0.06553048
v -0.05537047 0.14887976 -0.06559091
v 0.20138364 -0.08036428 -0.06280221
v -0.07531012 0.13932436 -0.06361710
v 0.16331712 -0.10184568 -0.06375995
v 0.24143550 -0.03392539 -0.06389478
v 0.18426761 -0.08988650 -0.06371490
v 0.23591679 -0.02557188 -0.06352628
v -0.15666882 0.04269665 -0.06358880
v -0.03750871 0.15890285 -0.06301702
v 0.18580760 -0.08774678 -0.05345499
v -0.15927973 0.04855277 -0.05495796
v -0.06102610 0.14770965 -0.05519827
v -0.05333274 0.15184205 -0.05537955
v -0.04314792 0.15732583 -0.05517836
v 0.16905623 -0.09703602 -0.05553917
v 0.17590327 -0.09326793 -0.05522516
v 0.23944142 -0.03131204 -0.05557200
v 0.21280702 -0.07379876 -0.04862157
v -0.10711605 0.12573226 -0.04744134
v -0.03355759 0.16439222 -0.04324223
v 0.13270714 -0.11599978 -0.04777211
v -0.03010386 0.16566851 -0.04724749
v 0.24774708 -0.04428520 -0.04570469
v -0.06822627 0.14544488 -0.04765440
v 0.17123786 -0.09394764 -0.04745147
v 0.13886470 -0.11057433 -0.04208470
v 0.20674272 -0.07555183 -0.04082063
v 0.21518879 -0.07104744 -0.04004697
v -0.07413059 0.14402644 -0.04003893
v 0.24361154 -0.03876614 -0.04021812
v -0.16343867 0.05669461 -0.04014477
v -0.02322329 0.17075969 -0.04027959
v 0.23897338 -0.05829538 -0.03043219
v 0.22142214 -0.06687698 -0.03276716
v 0.00010409 0.18450407 -0.03179091
v 0.24529859 -0.05307636 -0.02462322
v -0.01277965 0.17959312 -0.01829522
v 0.22920806 -0.06003413 -0.01836927
v -0.17055606 0.10136332 -0.01851946
v 0.22191114 -0.06311308 -0.01229729
v -0.01746602 0.17767484 -0.01288199
v 0.23178858 -0.05708162 -0.00995394
v -0.00871432 0.18264343 -0.01213103
v -0.17580861 0.09836575 -0.01286139
v 0.08000557 -0.13293348 -0.00472478
v -0.17987429 0.09608876 -0.00572514
v 0.05901282 -0.14390698 -0.00409677
v -0.16469645 0.11029140 -0.00407476
v -0.14339143 0.11760509 -0.00429377
v 0.09621835 -0.12485241 -0.00382782
v 0.04806027 -0.14806627 0.00806779
v 0.06438308 -0.14041413 0.00342719
v 0.07380889 -0.13535088 0.00322635
v 0.08146313 -0.13136833 0.00363152
v 0.21466591 0.00457005 0.00326128
v -0.14317907 0.12066623 0.00503984
v -0.18152816 0.08403038 0.00437724
v -0.14592061 0.11208498 0.00768079
v -0.14819900 0.11619363 0.00495007
v -0.16139430 0.09831231 0.00688616
v -0.15587140 0.11003677 0.00583027
v 0.01358650 0.18306676 0.01175450
v -0.01643877 0.15380433 0.01156519
v -0.01003567 0.14740158 0.01285370
v -0.10821420 0.06558602 0.01150895
v 0.08782048 -0.12726877 0.01152642
v -0.17211073 0.07128915 0.01085404
v 0.04696561 -0.14732718 0.01405734
v -0.17871117 0.08022911 0.01143141
v -0.18660921 0.08640867 0.01101017
v -0.17614358 0.07254238 0.01906504
v -0.00185436 0.13921992 0.01442199
v -0.12661281 0.03474447 0.01646182
v -0.08366957 0.04922304 0.01580586
v -0.09185123 0.04922304 0.01496828
v -0.09823512 0.05620037 0.01352084
v -0.11300640 0.01892009 0.01865219
v -0.09185123 0.04104173 0.01610136
v 0.03688419 0.16915717 0.01569130
v 0.03087194 0.16376455 0.01549814
v 0.02110173 0.17456446 0.01314710
v 0.00632730 0.13921992 0.01532210
v -0.00185436 0.13103861 0.01528298
v 0.05152169 -0.14400513 0.01914503
v 0.04252235 -0.14882981 0.01866651
v -0.11936165 0.01244609 0.02136160
v -0.17219141 0.07975687 0.01859980
v -0.04276196 0.01649710 0.02397774
v 0.01450862 0.08194934 0.02266199
v -0.02639899 0.02467841 0.02477551
v 0.03905325 0.09013065 0.02461309
v 0.02269028 0.07376768 0.02456664
v 0.11268715 0.00013378 0.04390168
v 0.10450549 0.00831544 0.04189224
v 0.04723491 -0.05713680 0.04308400
v 0.06359788 -0.06724862 0.04634563
v 0.05132574 -0.10734169 0.05257304
v 0.07363879 -0.08986310 0.05167538
v 0.05568098 -0.07375336 0.04632782
v 0.08200662 -0.08372685 0.05156430
v 0.11870255 -0.01622920 0.04652097
v 0.13723179 -0.02441086 0.04999951
v 0.12652794 -0.00804754 0.04654158
v 0.13117867 0.10736474 -0.29546506
v -0.07090389 -0.08732100 -0.28447374
v -0.03042520 -0.06203518 -0.29926947
v 0.11522960 0.09269860 -0.29595755
v -0.02114574 -0.06352942 -0.29557718
v -0.00961233 -0.00340169 -0.30403722
v 0.05987520 0.03493413 -0.29613464
v 0.12592996 0.08701468 -0.29593240
v 0.00667938 -0.02584083 -0.29932431
v 0.16236392 0.14504530 -0.28674549
v 0.15527797 0.12477347 -0.29942211
v 0.02763162 -0.00285261 -0.29809867
v 0.16691685 0.13034248 -0.29226840
v 0.21660026 0.03391910 -0.21194952
v -0.10144086 -0.04396316 -0.21426493
v -0.12249124 -0.00528259 -0.21262923
v 0.16290880 0.13726322 -0.29343117
v 0.12969002 0.19669728 -0.20513706
v 0.21757302 0.03026313 -0.20461173
v -0.10342725 -0.03889887 -0.20411295
v -0.07183194 -0.08316380 -0.27905179
v 0.04227436 0.01336191 -0.29783356
v 0.10194907 0.07872613 -0.29373993
v -0.10734204 -0.03425617 -0.19727988
v -0.12866067 0.00450508 -0.19650202
v 0.05132260 0.18282261 -0.19673046
v -0.10116458 -0.04339033 -0.21046611
v 0.01207410 -0.01885582 -0.30023944
v -0.11544406 -0.02123271 -0.19054112
v -0.07352178 -0.05404982 -0.30797227
v 0.04519753 0.18086941 -0.18894768
v -0.12039448 -0.01125712 -0.18865603
v 0.06511239 0.18576255 -0.21252270
v -0.11310210 -0.02524425 -0.18106396
v -0.00829972 -0.03887197 -0.29863936
v -0.02730469 -0.18004090 -0.18130671
v 0.04287653 0.17767938 -0.19730049
v 0.09414953 0.05516439 -0.29272980
v -0.01487886 -0.04639418 -0.29690621
v -0.03163652 -0.17409152 -0.17273839
v 0.02129034 -0.01086173 -0.29950699
v -0.11017230 -0.03078776 -0.17272861
v -0.02572766 -0.18416422 -0.17358890
v 0.10981673 0.07105967 -0.29382376
v 0.19732599 0.06357798 -0.16520850
v -0.05580882 -0.07575616 -0.30435437
v 0.08738666 0.06273829 -0.29503264
v 0.05830901 0.18470177 -0.20465889
v -0.06724862 -0.06194891 -0.30682067
v -0.02382057 -0.05343263 -0.29804558
v 0.12601658 0.19921213 -0.16506983
v -0.11710561 -0.01750793 -0.19606158
v 0.20797500 0.04291914 -0.16528010
v -0.02488763 -0.18691449 -0.16505237
v 0.04953146 0.02022223 -0.29656530
v -0.06293494 -0.10137624 -0.27865989
v 0.03609690 -0.00399478 -0.29619960
v 0.12816050 0.19304375 -0.15706526
v -0.06774565 -0.09163223 -0.27886736
v -0.02113072 -0.19489322 -0.15750606
v 0.20116044 0.05586750 -0.15809565
v 0.11006122 0.21484824 -0.16498670
v 0.07761785 0.20043847 -0.15134955
v -0.03788978 -0.07010577 -0.29973786
v 0.19551634 0.06756402 -0.15781762
v 0.20530227 0.04796736 -0.15752632
v 0.10240070 0.21251047 -0.15812115
v -0.06027758 -0.10792115 -0.28673292
v 0.14834046 0.11661487 -0.30262156
v 0.03522997 0.00534372 -0.29815420
v -0.04037565 -0.15986862 -0.15152489
v 0.08726022 0.20626001 -0.15193915
v -0.06156225 -0.11974411 -0.15152420
v 0.19358165 0.07101391 -0.15154096
v 0.09676637 0.21045702 -0.15190282
v 0.11869137 0.21285836 -0.17298743
v 0.07474149 0.04762576 -0.29577208
v 0.13273753 0.19176187 -0.21192332
v -0.09815129 -0.04719160 -0.20455759
v 0.06685357 0.02782477 -0.29503928
v -0.06162931 -0.06987210 -0.30583639
v -0.08094514 -0.08489102 -0.15152909
v -0.04626879 -0.07753437 -0.30110287
v -0.05424158 -0.08444498 -0.30223630
v -0.06160137 -0.09278732 -0.30034283
v 0.07939152 0.04260548 -0.29433826
v -0.03758066 -0.16634158 -0.14547352
v -0.04267918 -0.15635027 -0.14549797
v -0.12511228 -0.00209955 -0.18778910
v 0.07377676 0.19966166 -0.14567122
v -0.06385950 -0.11487543 -0.14530866
v 0.15396710 0.14544069 -0.14511271
v 0.18983556 0.07869295 -0.14522344
v 0.14917246 0.15280223 -0.14488114
v 0.14026568 0.10908253 -0.30064496
v -0.01499936 0.00482922 -0.30552168
v 0.13887762 0.09991064 -0.29524046
v -0.04593906 -0.15147320 -0.13821398
v 0.17631123 0.10198749 -0.13823074
v 0.05154544 0.01194975 -0.29519611
v 0.12334874 0.20556493 -0.17306113
v -0.00028956 -0.03218211 -0.29863727
v 0.16537301 0.11978917 -0.13840748
v 0.07561679 0.20310038 -0.13832645
v -0.06538238 -0.11315100 -0.13748292
v 0.00008418 -0.19726661 -0.13799812
v 0.15582564 0.13752763 -0.13855837
v -0.05473197 -0.13675606 -0.13014199
v -0.05897684 -0.12956288 -0.13026005
v 0.08183931 0.20757647 -0.13038544
v 0.16912818 0.11546502 -0.13052865
v -0.06437539 -0.11839797 -0.12809797
v 0.15754937 0.13263764 -0.13029672
v 0.00498675 -0.19346324 -0.12962260
v 0.16231642 0.12496803 -0.12984824
v -0.09395672 -0.06734187 -0.11979756
v -0.05099252 -0.14421610 -0.12185939
v 0.13802711 0.16681766 -0.12233791
v 0.01852260 -0.18543422 -0.12212519
v 0.02851741 -0.18133116 -0.12195055
v 0.22210080 0.01177860 -0.12217898
v 0.18004824 0.08880337 -0.12173714
v 0.03757438 -0.17679395 -0.12150242
v 0.04270189 0.18881390 -0.12203054
v 0.03355934 -0.17819039 -0.11633090
v 0.21901731 0.01824562 -0.11446013
v 0.06871492 0.20242765 -0.11395820
v 0.01298014 -0.18764240 -0.11451322
v 0.14046547 0.16051236 -0.11492502
v 0.18303742 0.08414844 -0.11463197
v 0.17739786 0.09440590 -0.11445908
v 0.04969668 0.19281741 -0.11554605
v 0.13528836 0.17037513 -0.11433857
v 0.06228772 0.20027431 -0.10806541
v -0.10057778 -0.05713680 -0.10862881
v -0.08971954 -0.07773591 -0.10642866
v 0.01755159 -0.18358196 -0.10455928
v 0.13224224 0.17561057 -0.10644822
v 0.18533083 0.07908275 -0.10614923
v 0.12931069 0.18115023 -0.10098225
v 0.05798592 0.19984818 -0.09969548
v -0.01704967 -0.19975213 -0.09897700
v -0.09296580 -0.07216411 -0.09897141
v -0.09873320 -0.06211307 -0.09832768
v -0.10326029 -0.05399708 -0.09859209
v 0.09537762 0.22027369 -0.09889492
v 0.02109684 -0.18060151 -0.09843701
v 0.18745938 0.07277676 -0.09885370
v 0.21261212 -0.08154102 -0.09232870
v -0.16951693 0.06619342 -0.09108420
v 0.23069706 -0.01092425 -0.09073491
v -0.13557617 0.10343773 -0.09107232
v 0.25344323 -0.04693383 -0.09106569
v -0.12756461 0.10669237 -0.09186695
v -0.14779418 0.02797217 -0.09104892
v -0.11809130 0.11250168 -0.08905276
v 0.10284988 -0.13733168 -0.09093890
v 0.11237699 -0.13205503 -0.08984563
v -0.03320691 0.15643480 -0.08445791
v 0.12728763 -0.12417899 -0.08514355
v 0.20663864 -0.08392315 -0.08518687
v 0.24966571 -0.04288875 -0.08509256
v 0.10785304 -0.13320173 -0.08511072
v -0.15155633 0.03413496 -0.08507160
v -0.13406062 0.10575314 -0.08410094
v -0.11159668 0.11730960 -0.08490325
v 0.02479542 0.18755263 -0.08190498
v -0.15363667 0.03750033 -0.07913724
v 0.03794078 0.19521246 -0.07644809
v 0.23387137 -0.02021035 -0.07897482
v 0.19913110 -0.08565700 -0.07845090
v 0.22418115 -0.00139085 -0.07879424
v -0.14373059 0.01965604 -0.07880577
v 0.02860263 0.19026553 -0.07831572
v -0.03781084 0.15532547 -0.07935764
v 0.19132701 -0.09042126 -0.07911454
v 0.03354572 0.19378878 -0.07284556
v 0.19259492 -0.08632798 -0.07036459
v 0.22567329 -0.00523684 -0.07035551
v 0.21988808 0.00504124 -0.07133491
v -0.14011828 0.01188793 -0.07104605
v -0.12535259 0.11288240 -0.06948823
v -0.04630931 0.15284065 -0.07099121
v 0.11702388 -0.12643747 -0.07171737
v -0.05237919 0.15099608 -0.06287591
v -0.15999821 0.04965371 -0.06427829
v -0.07077919 0.14151437 -0.06287836
v 0.15916691 -0.10422886 -0.06381724
v 0.16948585 -0.09825608 -0.06350218
v -0.06022518 0.14677217 -0.06326606
v 0.17735699 -0.09367171 -0.06304217
v 0.23931917 -0.03072419 -0.06288814
v 0.18317225 -0.08939052 -0.05595063
v -0.15620043 0.04205990 -0.05582698
v 0.23593844 -0.02568785 -0.05543753
v 0.20100012 -0.07998740 -0.05496530
v -0.07441421 0.14110955 -0.05611479
v 0.16323888 -0.10025434 -0.05471171
v 0.24165170 -0.03498966 -0.05494259
v -0.03759533 0.16031117 -0.05536278
v -0.03301620 0.16392627 -0.04785594
v 0.20668719 -0.07677118 -0.04738021
v 0.14012701 -0.11238851 -0.04835542
v -0.16352215 0.05665165 -0.04760935
v -0.02347407 0.16929793 -0.04753739
v 0.21529917 -0.07215503 -0.04650002
v -0.07330732 0.14313366 -0.04663868
v 0.24380016 -0.03886079 -0.04756184
v -0.16795703 0.06212111 -0.03802635
v 0.21077802 -0.07345367 -0.04116678
v -0.10669062 0.12699214 -0.04214512
v 0.13359398 -0.11312585 -0.03992332
v 0.21019366 -0.07322419 -0.03796732
v -0.06769954 0.14701981 -0.04026632
v 0.00956832 0.18754565 -0.03841161
v 0.24779074 -0.04422023 -0.04005395
v 0.16947502 -0.09349008 -0.03970222
v -0.02988940 0.16719349 -0.03973051
v 0.23755947 -0.05921540 -0.03244058
v 0.24461399 -0.05530410 -0.03137281
v 0.21957198 -0.06623080 -0.02419919
v -0.00074014 0.18479538 -0.02515798
v 0.23773517 -0.05713925 -0.02414715
v -0.01666476 0.17698326 -0.02000148
v 0.22173650 -0.06429576 -0.01961028
v -0.17616209 0.09862911 -0.02041398
v -0.00720995 0.18258859 -0.01757290
v 0.22789056 -0.05963350 -0.01289108
v 0.23137398 -0.05815881 -0.01487083
v 0.06954831 -0.13927860 -0.01039194
v -0.01344644 0.18017223 -0.01199516
v -0.17119001 0.10062807 -0.01226830
v -0.16539537 0.10463857 -0.00647959
v 0.06501843 -0.14093770 -0.00423264
v 0.07425807 -0.13597645 -0.00437620
v -0.15012321 0.11627676 -0.00354734
v 0.08286062 -0.13142911 -0.00448413
v 0.21522791 0.00506883 -0.00454874
v -0.18214325 0.08302933 -0.00398570
v 0.05866178 -0.14321854 0.00296648
v -0.14955073 0.11998233 0.00338388
v 0.21795828 -0.00051135 0.00308140
v 0.09560570 -0.12419611 0.00389453
v -0.14200407 0.11213284 0.00773213
v -0.14387799 0.11889326 0.00346945
v -0.16377398 0.10940701 0.00606779
v -0.15594475 0.10117925 0.00555399
v 0.02132667 0.18149114 0.01252468
v -0.01821733 0.14740158 0.01201158
v -0.00743489 0.15438694 0.01230532
v -0.10821420 0.05740471 0.01260117
v 0.01246320 0.17399163 0.01227459
v -0.10003289 0.06558602 0.01221346
v 0.05141795 -0.14565166 0.01137972
v -0.17365177 0.07799473 0.01134689
v 0.04278292 -0.15035828 0.01084077
v -0.18655857 0.09438844 0.01063190
v -0.18397910 0.08708593 0.01607202
v -0.17349914 0.06985289 0.01849361
v -0.11230503 0.01240627 0.01979156
v -0.11888871 0.01854251 0.01948384
v -0.08366957 0.04104173 0.01692847
v 0.03905325 0.16376455 0.01655508
v 0.00632730 0.13103861 0.01624107
v 0.08590290 -0.12699283 0.01900427
v 0.04588877 -0.14665481 0.01974196
v -0.12721323 0.02701513 0.02027462
v -0.13358071 0.03563864 0.02047266
v -0.17885752 0.07832411 0.01877968
v 0.01450862 0.07376768 0.02358794
v -0.03458030 0.01649710 0.02486737
v 0.02269028 0.08194934 0.02360610
v -0.02639899 0.03286007 0.02377551
v 0.03087194 0.09013065 0.02362706
v 0.11268715 0.00831544 0.04295861
v 0.10450549 0.00013378 0.04287653
v 0.04723491 -0.06531846 0.04419054
v 0.04723491 -0.11031690 0.05274629
v 0.06359788 -0.07349978 0.04721430
v 0.07398214 -0.08388403 0.05049479
v 0.13723179 -0.03259217 0.05113468
v 0.12086881 -0.01062421 0.04615911
v 0.12905013 -0.01622920 0.04782346
v -0.04215979 -0.17065560 -0.07842260
v 0.19823972 -0.11899315 -0.25525148
v 0.13378748 -0.07068209 -0.27371051
v 0.05886612 -0.06976068 -0.28374513
v 0.20141787 -0.11710387 -0.24731327
v 0.15399399 -0.06386125 -0.27385372
v 0.01407830 0.12288244 -0.31526395
v 0.15052664 -0.05561706 -0.27411673
v 0.16919804 -0.12736447 -0.23165550
v -0.06241101 0.02053100 -0.31141447
v -0.06676486 0.11594599 -0.22547385
v 0.17351136 -0.12479059 -0.22640714
v -0.04399075 0.12061523 -0.25462172
v 0.02012024 0.11797708 -0.31308336
v 0.09512369 -0.10042758 -0.27587853
v 0.08866470 -0.10673742 -0.27616809
v -0.05281859 0.12162816 -0.23211831
v 0.12202390 -0.14808688 -0.21240324
v -0.03142032 0.04337391 -0.30918359
v 0.15417248 -0.03885101 -0.27468362
v 0.14104738 -0.02488938 -0.27794350
v -0.13800406 0.08168633 -0.21259570
v -0.12306861 0.09001853 -0.20690165
v -0.09734235 0.10284324 -0.21175986
v 0.02833648 0.10187712 -0.30902187
v 0.16232340 -0.13190134 -0.24031184
v -0.09502763 0.10581112 -0.20369975
v 0.24660387 -0.02427184 -0.20408815
v -0.03013110 0.12430473 -0.27112860
v 0.00675239 0.07938873 -0.30888041
v -0.11292676 0.09528645 -0.20482235
v 0.07399995 -0.09330531 -0.27909160
v -0.07421895 0.11434766 -0.21744099
v -0.04555974 0.06282596 -0.31458249
v 0.07225597 -0.17102480 -0.19650901
v -0.16168316 0.06507257 -0.19700639
v -0.04830268 0.11971547 -0.24960947
v -0.00737516 0.08646700 -0.31197962
v 0.14684971 -0.13364952 -0.18865742
v 0.13236100 -0.03237456 -0.27855231
v 0.05087202 -0.06149973 -0.28498370
v -0.14823288 0.04022650 -0.18871925
v -0.07608554 0.10773359 -0.24007782
v 0.18352328 -0.12247343 -0.24007014
v 0.17692004 -0.12393519 -0.23301248
v -0.16009775 0.06122519 -0.18862284
v -0.05858459 0.12823664 -0.18687747
v -0.03821287 0.05498660 -0.31251193
v 0.04157544 -0.18488025 -0.18318901
v 0.21662715 -0.09503916 -0.17926130
v 0.11021247 -0.00342265 -0.28691769
v -0.08963292 0.11067946 -0.19649748
v 0.19963896 -0.10549187 -0.18119529
v 0.05950915 -0.17585646 -0.18010308
v -0.00009116 0.07052177 -0.30886050
v 0.06678197 -0.07706179 -0.28280905
v 0.14151787 -0.13854650 -0.21206374
v 0.08191860 -0.08583060 -0.27960261
v 0.10392044 -0.15371247 -0.18873077
v 0.10962078 -0.15162689 -0.19630188
v -0.02340142 0.05094537 -0.30924297
v 0.25663535 -0.04861564 -0.18152187
v 0.03563305 0.11010104 -0.30969669
v -0.03784752 0.12533478 -0.24767792
v -0.03006090 0.14464816 -0.17295879
v 0.20115451 -0.10246986 -0.17104680
v 0.06621752 -0.17121900 -0.17330913
v -0.02042376 0.14996708 -0.17097241
v 0.11011362 -0.10679715 -0.27344366
v -0.05376201 0.02017333 -0.31005121
v 0.25375165 -0.04476756 -0.17320783
v -0.13584757 0.08668390 -0.18864869
v -0.03773086 0.14044521 -0.17313343
v -0.14449762 0.03304799 -0.17264199
v 0.19223341 -0.12105848 -0.24764439
v 0.24056228 -0.02088168 -0.16697379
v -0.04835053 0.13447558 -0.17503215
v -0.03619540 0.14240261 -0.16324377
v -0.10466337 0.10004267 -0.20418141
v -0.01485511 0.09382190 -0.31482245
v -0.07939746 0.11285132 -0.21265962
v 0.25217288 -0.03993624 -0.18134933
v 0.23098383 -0.00287671 -0.16510057
v -0.11163615 0.10123513 -0.16493256
v -0.06102505 0.11751393 -0.23256993
v 0.04993454 -0.17881037 -0.16528359
v 0.15608901 -0.12888841 -0.18832071
v 0.14098556 -0.07684942 -0.27117505
v 0.11952092 -0.08745128 -0.27393161
v 0.05294573 -0.17637306 -0.15781378
v -0.14064046 0.02704761 -0.18127877
v 0.23875683 -0.01932841 -0.15844040
v 0.23356330 -0.08082988 -0.15512253
v -0.13782452 0.01809613 -0.15154131
v 0.22682663 0.00484948 -0.15824060
v -0.11828236 0.09903219 -0.15809949
v -0.13952380 0.02187784 -0.15763110
v 0.03342067 0.17898676 -0.15150429
v 0.04299494 -0.18143211 -0.15844878
v -0.04429812 0.13553321 -0.18074017
v 0.12571515 -0.09319353 -0.27238672
v 0.19138430 -0.10850970 -0.17320539
v 0.01313907 0.16995284 -0.15248543
v -0.14648645 0.03737808 -0.18086102
v 0.10246636 -0.15707050 -0.21204173
v 0.25290812 -0.07104849 -0.15128878
v -0.02316496 0.14681373 -0.18153410
v 0.23488046 -0.01094032 -0.16579530
v 0.11756772 -0.01103882 -0.28387192
v -0.11903891 0.09115406 -0.21189119
v -0.12675288 0.09122356 -0.18877304
v 0.12642280 -0.13912701 -0.16506809
v 0.26322497 -0.06196952 -0.14531774
v -0.05447769 0.11859846 -0.24086371
v -0.12853842 0.08925394 -0.19695400
v 0.12646751 -0.14484726 -0.20447237
v 0.11762011 -0.14902436 -0.20495089
v -0.05331772 0.12881750 -0.19654429
v 0.04571657 -0.05573582 -0.28841368
v -0.13539559 0.01267033 -0.14537468
v 0.02825404 0.17801924 -0.14511795
v 0.03535397 0.18107758 -0.14559962
v 0.25826721 -0.06781795 -0.14596217
v -0.01835565 0.15658709 -0.13818010
v -0.06780049 0.02824531 -0.31213994
v -0.07401008 0.03505288 -0.31563489
v 0.12335188 -0.01655613 -0.28170531
v 0.26201993 -0.06247842 -0.13792617
v -0.05897544 0.01195988 -0.31044626
v -0.15161955 0.04774836 -0.19654359
v 0.06624442 -0.16604783 -0.13785002
v 0.20774936 -0.09773320 -0.16513899
v 0.14841171 -0.04650630 -0.27500706
v -0.15693917 0.05651508 -0.19676574
v 0.22301698 -0.08521760 -0.13804981
v 0.02045415 0.17565632 -0.13797472
v -0.16938665 0.07131046 -0.13794153
v 0.22717103 -0.08165280 -0.13314620
v 0.05953465 -0.16861298 -0.12978293
v 0.25979568 -0.05491081 -0.13055659
v 0.01442374 0.17364654 -0.12955764
v -0.17011316 0.07842959 -0.13004175
v 0.00929169 0.17205065 -0.12257787
v 0.07432619 -0.15898214 -0.12206686
v -0.00880409 0.16369085 -0.12246086
v -0.15063457 0.09155294 -0.12163305
v 0.22980394 -0.07745893 -0.12136480
v 0.09425606 -0.14917770 -0.12265192
v 0.07766361 -0.15530591 -0.11592852
v -0.01539999 0.16141386 -0.11454291
v -0.00693960 0.16537546 -0.11495925
v -0.14293841 0.09522533 -0.11419572
v 0.22279518 -0.07922177 -0.11461556
v 0.08833428 -0.14981829 -0.11442101
v 0.09546983 -0.14542532 -0.11406334
v 0.08062485 -0.15052803 -0.10606400
v 0.00028083 0.17012155 -0.10679576
v 0.23771386 -0.07151060 -0.10659806
v -0.16486864 0.08896683 -0.09988689
v -0.15627902 0.09332836 -0.09841186
v 0.07439465 -0.15208445 -0.09819390
v 0.08442507 -0.14644419 -0.09631789
v 0.24302055 -0.06623394 -0.09842758
v 0.20130330 0.04209064 -0.09087707
v -0.11802598 -0.02628023 -0.09087847
v 0.11446816 0.20949020 -0.09050788
v -0.11450134 -0.03279371 -0.09090222
v 0.19786040 0.04777700 -0.08509989
v 0.11640564 0.20515627 -0.08501851
v -0.02301756 -0.19856910 -0.07799997
v 0.19035216 0.06335304 -0.07884768
v -0.03269416 -0.18847859 -0.07889344
v -0.03645247 -0.18124664 -0.07887283
v 0.12358241 0.19045275 -0.07884803
v 0.11406683 0.20860057 -0.07883406
v 0.11964038 0.19834451 -0.07904294
v -0.11001826 -0.03698793 -0.07304501
v -0.02954850 -0.19507170 -0.07099365
v -0.04026003 -0.17523683 -0.07102229
v 0.19303327 0.05678787 -0.07107085
v 0.11112131 0.21273436 -0.07077919
v -0.12427155 -0.01715061 -0.06346760
v 0.20402354 0.03365260 -0.06358112
v 0.10792744 0.21853879 -0.06429087
v -0.10042689 -0.04997785 -0.06251405
v 0.10300950 0.22619792 -0.06362303
v -0.10639513 -0.03949859 -0.06342499
v -0.12802497 -0.01062107 -0.05549865
v -0.10276256 -0.04637008 -0.05566631
v 0.18761236 0.06712008 -0.05511374
v 0.10608950 0.22176234 -0.05506834
v 0.20696173 0.02777028 -0.05536383
v 0.20968406 0.02219499 -0.04762821
v 0.21487933 0.01242932 -0.04781088
v -0.13623737 0.00392806 -0.04748046
v 0.03507664 -0.16380786 -0.04786607
v 0.20189359 0.03570046 -0.03993031
v 0.21154016 0.01776885 -0.04097467
v -0.13236310 -0.00372443 -0.03989957
v 0.02904238 -0.16531713 -0.03970537
v 0.03750731 -0.16135448 -0.03973715
v 0.07770936 0.22364814 -0.03355759
v -0.06037852 -0.14308302 -0.03219957
v 0.05835197 0.21537112 -0.03226559
v 0.13730793 0.15891542 -0.03241613
v 0.13264322 0.16822737 -0.03242312
v -0.05449167 -0.15208375 -0.03206684
v 0.17306218 0.08111210 -0.02497286
v 0.13523248 0.16093220 -0.02393269
v 0.07303138 0.22252099 -0.02524495
v 0.08078342 0.22624612 -0.02460751
v -0.09659697 -0.06981656 -0.02442099
v 0.08914567 0.23157761 -0.02208532
v 0.17492282 0.07674045 -0.01858443
v 0.17051868 0.08588963 -0.02002313
v 0.16516449 0.09600982 -0.01859526
v 0.08533566 0.22976622 -0.01905841
v -0.05031351 -0.16521618 -0.01657289
v -0.10074229 -0.06311622 -0.01940595
v 0.01139264 -0.17073978 -0.02021140
v -0.10522677 -0.05425415 -0.01919777
v 0.04557441 0.21028308 -0.01678840
v 0.16691650 0.09208735 -0.01271469
v 0.04168302 0.20863620 -0.01271364
v 0.17778068 0.07117598 -0.01258615
v -0.09286765 -0.07821548 -0.01098083
v -0.05370927 -0.15881308 -0.01088653
v -0.10230534 -0.06104915 -0.01169966
v 0.09823652 0.22948365 -0.01236016
v 0.05144415 0.21402358 -0.01237413
v -0.08556374 -0.09374261 -0.00407930
v -0.09034860 -0.08496053 -0.00399722
v -0.00031645 -0.17482258 -0.00348307
v 0.15971599 0.10687120 -0.00384458
v 0.12461420 0.17596963 -0.00429656
v 0.11954642 0.18364972 -0.00343208
v 0.00535035 -0.17100314 0.00313239
v -0.06618504 -0.12883881 0.00313553
v -0.10951494 -0.05219267 0.00438248
v -0.08800944 -0.08991095 0.00327874
v 0.16215225 0.10174649 0.00332799
v 0.14262021 0.13910850 0.00393540
v 0.12040706 0.17902483 0.00502063
v -0.04732712 -0.16713236 0.00315579
v -0.01039403 -0.17854247 0.00920751
v 0.13453530 0.15402263 0.01095394
v -0.07534680 -0.11381255 0.01071293
v -0.08034123 -0.10558583 0.01072306
v 0.13902292 0.14540926 0.01094800
v -0.06969920 -0.12226526 0.01114255
v 0.06551965 0.21857756 0.01441361
v 0.06095694 0.22519023 0.01082191
v 0.07382496 0.20671757 0.01587153
v 0.13744904 0.15001389 0.02143425
v -0.07337788 -0.11979965 0.02024877
v 0.06684310 0.22685353 0.01852400
v 0.08219104 0.21305710 0.01717995
v 0.08814252 0.19035460 0.01947371
v -0.06259264 -0.13873301 0.01952086
v -0.09417398 -0.08270484 0.02137347
v 0.12781854 0.16871777 0.01873567
v -0.08438491 -0.09996932 0.01924737
v -0.01821733 -0.04895514 0.03502704
v -0.01577163 -0.17874785 0.01854880
v 0.15048507 0.11179752 0.04454402
v -0.00809015 -0.17391618 0.01922886
v 0.14665306 0.13076442 0.01925715
v 0.09367939 0.19866934 0.02101895
v 0.15596920 0.11668961 0.02622260
v 0.15033034 0.12531207 0.02670147
v 0.15189129 0.12070640 0.03346992
v 0.15090631 0.11987091 0.03684332
v 0.13314096 0.10240314 0.03686498
v -0.05094362 -0.08168144 0.03724116
v 0.05541657 0.02467841 0.03428166
v 0.03905325 0.00831544 0.03431450
v 0.06359788 0.03286007 0.03427258
v 0.07177955 0.04104173 0.03431240
v -0.04276196 -0.07349978 0.03617095
v 0.01450862 -0.01622920 0.03449717
v -0.02639899 -0.05713680 0.03525896
v -0.02639899 -0.07608065 0.03770501
v 0.12086881 0.09013065 0.03551394
v 0.02269028 -0.00804754 0.03442277
v 0.03087194 0.00013378 0.03438505
v 0.08814252 0.05740471 0.03442557
v 0.07996121 0.04922304 0.03434453
v 0.00632730 -0.04895514 0.03755901
v -0.01003567 -0.04077383 0.03483144
v 0.09632418 0.06558602 0.03453385
v 0.00632730 -0.02441086 0.03459567
v -0.00185436 -0.03259217 0.03469906
v 0.10450549 0.07376768 0.03474482
v 0.11268715 0.08194934 0.03501307
v -0.07660283 -0.10591695 0.03504241
v -0.05094362 -0.10622607 0.04347730
v 0.13679064 0.11553034 0.04322512
v 0.13168583 0.12427504 0.03980352
v -0.06891575 -0.08688614 0.04554437
v 0.12896979 0.07396852 0.03817585
v 0.15817110 0.10409089 0.04464356
v -0.05645011 -0.10213524 0.04528171
v 0.15365344 0.10724913 0.04924191
v 0.14029502 0.12368161 0.04950003
v 0.14624370 0.10153901 0.04817624
v -0.07468176 -0.09342302 0.04843052
v -0.05947911 -0.10482125 0.05037848
v 0.15737263 0.08657877 0.05394888
v 0.00683307 0.12335223 -0.31609874
v 0.08033529 -0.06775578 -0.28184118
v 0.05107810 -0.10675873 -0.28092954
v 0.16228009 -0.11320514 -0.26555400
v 0.00025603 0.11897464 -0.31613507
v 0.17545653 -0.12775358 -0.26095147
v 0.06703241 -0.09321135 -0.28011641
v 0.16484454 -0.13230162 -0.24655322
v 0.09429064 -0.06186089 -0.27966862
v 0.02008880 0.07137926 -0.30549339
v -0.07406806 0.04152095 -0.31711411
v -0.06891052 0.05068550 -0.31779766
v 0.11002630 -0.04651713 -0.28053345
v 0.20527538 -0.11084642 -0.22208893
v -0.03814092 0.01226935 -0.30798589
v 0.13304071 -0.09305277 -0.27122605
v 0.21669142 -0.10160747 -0.21163901
v 0.14054301 -0.01782124 -0.27885164
v -0.05925522 0.11315170 -0.25560251
v -0.03262256 0.13471064 -0.21200226
v -0.10785549 0.09749114 -0.20707070
v 0.17133077 -0.13172460 -0.25293781
v 0.24932515 -0.02799103 -0.20501411
v 0.12550628 -0.03253489 -0.27969168
v 0.13347243 -0.01144259 -0.28128931
v -0.10870216 0.09831231 -0.20114577
v -0.07636496 0.10409822 -0.25594900
v 0.13794049 -0.14026498 -0.21207911
v -0.05393630 0.06301598 -0.31627757
v 0.16195421 -0.13728069 -0.25592770
v 0.06619063 -0.17432869 -0.19663405
v 0.23463561 -0.00482782 -0.19683734
v 0.08576144 -0.06075959 -0.28203818
v -0.02243181 0.14019023 -0.21201519
v -0.14650077 0.03706058 -0.18852574
v 0.19875561 -0.10788692 -0.18852015
v 0.06102225 -0.17626024 -0.18910695
v 0.05797055 -0.17883971 -0.19697216
v 0.14872747 -0.10669027 -0.26852642
v 0.25730877 -0.04751050 -0.18890612
v 0.25347257 -0.03949370 -0.18924632
v 0.26292248 -0.04844693 -0.21213988
v -0.07410823 0.10706890 -0.24778760
v 0.14647493 -0.13287201 -0.18349673
v -0.01471924 0.10225784 -0.31686263
v 0.03502983 0.08696962 -0.30564847
v -0.14066456 0.02758097 -0.18853867
v -0.06204356 0.05520805 -0.31714171
v -0.00744921 0.10981742 -0.31651055
v 0.10919849 -0.03747134 -0.28209860
v 0.13305433 -0.14176376 -0.20513880
v 0.08176631 -0.07792417 -0.28046010
v -0.13563101 0.08714706 -0.18152222
v -0.06749835 0.10866862 -0.25589975
v 0.10319462 -0.15337681 -0.18130986
v 0.24314001 -0.01807342 -0.20476682
v 0.06669884 -0.08316241 -0.28190964
v -0.06152068 0.11019291 -0.26375972
v -0.13176198 0.09019143 -0.17240972
v 0.07376558 -0.07683650 -0.28213563
v -0.05555629 0.11151879 -0.27161550
v 0.05153077 -0.18309401 -0.20470814
v -0.05307741 0.13271937 -0.17279428
v -0.04589855 0.02011744 -0.30887831
v 0.19070948 -0.11964247 -0.24045889
v 0.23858672 -0.00974157 -0.20397254
v 0.04159814 -0.18551525 -0.18872414
v 0.14781129 -0.13007178 -0.17285680
v -0.09645586 0.10951355 -0.16513270
v 0.14272779 -0.13141514 -0.16574954
v -0.08843347 0.11417720 -0.16477154
v -0.15486336 0.05045847 -0.16511978
v -0.05888847 0.12888247 -0.18186697
v 0.04386396 -0.10532701 -0.28240667
v 0.25645197 -0.04137111 -0.19827989
v -0.10658339 0.10399449 -0.16502512
v 0.02807835 0.09463294 -0.30771903
v 0.14039282 -0.08468355 -0.27063086
v -0.08352497 0.11787718 -0.15905234
v -0.03080348 0.03587266 -0.30827440
v -0.05341098 0.11766028 -0.24743447
v 0.15601740 -0.00335489 -0.27773847
v -0.12220064 0.09688862 -0.15768070
v 0.24524166 -0.03122297 -0.15825318
v 0.05046371 -0.09973949 -0.28200604
v -0.04532467 0.13184371 -0.19594911
v 0.15582844 -0.12273085 -0.15801008
v 0.13801663 -0.13280983 -0.15979283
v 0.13314305 -0.13605714 -0.16524727
v 0.14837574 0.00466017 -0.28025752
v -0.10406749 0.10681462 -0.15756893
v 0.11715766 -0.14275539 -0.15841525
v 0.24108272 -0.01265321 -0.21184962
v -0.00283445 0.16257663 -0.15339008
v 0.00622217 0.16676282 -0.15308166
v 0.01421103 0.07803385 -0.30734390
v 0.23752455 -0.07863532 -0.15164400
v 0.09320681 -0.15529787 -0.15339287
v 0.25220012 -0.03221878 -0.21203125
v 0.20709410 -0.10680204 -0.21223628
v -0.14385878 0.03341055 -0.19674443
v 0.24231989 -0.02446430 -0.16509847
v 0.15639009 -0.10082996 -0.26748310
v -0.07481693 0.06336771 -0.32020459
v -0.15209947 0.04770121 -0.17358890
v 0.23144314 0.00682085 -0.21166520
v 0.12315978 -0.14081580 -0.16550399
v 0.18464169 -0.12410948 -0.24742993
v -0.15705757 0.08444114 -0.14544488
v 0.19370739 -0.11671895 -0.23267053
v 0.19905251 -0.11599978 -0.24008935
v 0.00106672 0.16547780 -0.14553779
v -0.02275559 0.14493248 -0.18873427
v -0.14937295 0.04264775 -0.18095219
v -0.16020254 0.06105893 -0.18156693
v 0.08704611 -0.15748161 -0.14498383
v -0.02988067 0.13659783 -0.20476612
v -0.09238494 0.11106088 -0.17309327
v -0.06420320 0.12851851 -0.15573588
v 0.24366289 -0.07506946 -0.14556609
v -0.03587056 0.13611303 -0.19561170
v -0.02347896 0.02838992 -0.30629185
v -0.04022440 0.12597711 -0.24023605
v -0.04557092 0.12524257 -0.23254444
v 0.16968459 -0.12003367 -0.26359765
v 0.07182321 -0.16327520 -0.13939177
v -0.12748952 0.09150474 -0.18128226
v 0.15579002 -0.12738299 -0.18116630
v 0.11934209 -0.02492535 -0.28144753
v 0.11523135 -0.03067040 -0.28178390
v -0.15804186 0.05683572 -0.17334126
v -0.16241980 0.06338342 -0.17308558
v -0.01468920 0.15874951 -0.13784024
v 0.05829643 -0.09258718 -0.28183664
v 0.10977132 -0.14925768 -0.17281454
v -0.14883784 0.08953163 -0.13813888
v 0.08870068 -0.15463598 -0.13608648
v -0.14354896 0.09160429 -0.13804248
v 0.08013131 -0.15950851 -0.13735194
v -0.16644706 0.08228046 -0.13103826
v -0.00836224 0.16293744 -0.12999250
v -0.14938308 0.09064515 -0.12956742
v 0.07431885 -0.16104187 -0.13042491
v 0.23004250 -0.07929512 -0.12987863
v 0.09557391 -0.14989932 -0.12956846
v 0.02452542 0.18011355 -0.12229320
v 0.06869605 -0.16155847 -0.12153979
v 0.25872652 -0.05370473 -0.12169802
v 0.01355262 0.17436816 -0.12205289
v 0.25349527 -0.06542849 -0.11939203
v 0.05883223 -0.16705552 -0.12206023
v -0.17122599 0.07914982 -0.12186602
v 0.06236002 -0.16305306 -0.11550868
v -0.17061299 0.07099854 -0.11431552
v 0.21947103 -0.08180159 -0.11486390
v 0.01810486 0.17793576 -0.11448353
v 0.25772058 -0.06164363 -0.11455862
v 0.03354886 0.18661585 -0.10862007
v 0.04553040 -0.16906985 -0.10650620
v -0.13721886 0.01054702 -0.10652960
v 0.05197471 -0.16369400 -0.09901647
v -0.17074083 0.08585784 -0.09830602
v 0.06879036 -0.15478792 -0.09623721
v 0.02738013 0.18556590 -0.09890889
v -0.13240466 -0.00155746 -0.09206779
v -0.12207001 -0.01958234 -0.09154980
v 0.21392927 0.01938429 -0.09157215
v 0.03758940 -0.16858399 -0.08504121
v 0.21653075 0.01394662 -0.08506671
v -0.13606482 0.00427700 -0.08551869
v 0.10639268 0.22389543 -0.07685606
v 0.20877067 0.02659529 -0.07950888
v -0.12767499 -0.01071503 -0.07902861
v 0.18813874 0.06784170 -0.07705376
v -0.10605352 -0.04674067 -0.07872369
v 0.20393202 0.03468753 -0.07193987
v -0.12435748 -0.01643877 -0.07048754
v 0.10797005 0.21941654 -0.07087036
v -0.10706401 -0.04077139 -0.07025806
v -0.10098365 -0.05078225 -0.06717317
v 0.10231652 0.22595377 -0.07014419
v 0.12143081 0.19240002 -0.06264399
v -0.02994319 -0.19459597 -0.06301318
v -0.04023558 -0.17550788 -0.06374843
v 0.19317054 0.05622133 -0.06375925
v 0.11098648 0.21221952 -0.06357623
v -0.04246542 -0.17162697 -0.05510187
v -0.02235950 -0.19496203 -0.05528943
v 0.19710384 0.04576093 -0.04934983
v -0.03351393 -0.18862494 -0.05607672
v -0.03667951 -0.18152048 -0.05534776
v 0.18954251 0.06328038 -0.05525905
v 0.12242104 0.18972484 -0.05549167
v 0.11766936 0.19844580 -0.05520735
v 0.11356106 0.20596591 -0.05385841
v -0.03476438 -0.18785057 -0.04704071
v 0.11504937 0.20202178 -0.04773020
v -0.11390127 -0.03252057 -0.04057683
v 0.19847654 0.04211404 -0.04073017
v 0.19485305 0.04911616 -0.04027330
v 0.16000729 0.11330015 -0.03676124
v -0.12077171 -0.02471124 -0.04039800
v -0.06303973 -0.13821712 -0.03135360
v 0.06117419 0.21718112 -0.02986041
v 0.14031702 0.15249486 -0.03204449
v -0.07236600 -0.12079686 -0.03196031
v -0.08243939 -0.10028333 -0.03197987
v 0.15309353 0.12788072 -0.02557957
v -0.07063703 -0.12347413 -0.02375700
v 0.14683469 0.13880252 -0.02448246
v 0.14229328 0.14668729 -0.02402420
v -0.02639899 -0.08168144 0.03841441
v 0.06645294 0.22002465 -0.02432493
v -0.00768707 -0.18243456 -0.02373604
v -0.07527729 -0.11469659 -0.02393793
v -0.07994479 -0.10521594 -0.02392256
v -0.06717247 -0.12916155 -0.01834831
v -0.08665701 -0.09133638 -0.01864136
v 0.16251341 0.10114257 -0.01859246
v -0.00217849 -0.17803705 -0.01824353
v 0.00657425 -0.17299547 -0.01866337
v 0.12316222 0.18354738 -0.01769864
v -0.04803233 -0.16725950 -0.01827112
v -0.01821733 0.00013378 0.02871370
v -0.08964584 -0.08534160 -0.01267068
v -0.08500943 -0.09428156 -0.01190434
v 0.00017010 -0.17568322 -0.01160640
v 0.15962063 0.10796167 -0.01032977
v -0.01714118 -0.18551071 -0.01192670
v 0.12584613 0.17633429 -0.01159628
v 0.12020657 0.18611323 -0.01187361
v -0.05455000 -0.15954973 -0.00451242
v -0.09289070 -0.07897378 -0.00435594
v -0.10257953 -0.06165167 -0.00391724
v 0.16696226 0.09200561 -0.00376285
v 0.17910517 0.07047077 -0.00443977
v 0.09798608 0.22774595 -0.00385541
v 0.05135962 0.21507248 -0.00462629
v 0.09931301 0.22137953 0.00493855
v 0.17092840 0.08572302 0.00333253
v 0.16517462 0.09605383 0.00247224
v -0.10706820 -0.05548608 0.00244779
v 0.08271323 0.23256958 0.00346491
v -0.05019930 -0.16294478 0.00379673
v 0.04310810 0.21201204 0.00326896
v 0.17569160 0.07656999 0.00319596
v 0.01450862 -0.02441086 0.03552302
v 0.17359275 0.08046557 0.00902449
v 0.08944605 0.23562129 0.01096197
v -0.05723740 -0.14961011 0.01112614
v 0.13040570 0.16159025 0.01122603
v -0.09907166 -0.07050605 0.01089421
v -0.13994364 0.00544152 0.01110239
v 0.04508262 0.19024458 0.01366195
v 0.06594403 0.21357579 0.01414850
v 0.05157862 0.19817615 0.01357568
v 0.05707149 0.20406824 0.01366020
v 0.06768872 0.20467216 0.01507271
v -0.06007534 -0.14355071 0.01913560
v -0.09644678 -0.07699403 0.01911360
v 0.12973472 0.16531713 0.02017647
v -0.10210555 -0.06773168 0.01931828
v 0.09307513 0.23261639 0.01863193
v 0.07336076 0.22857725 0.01956802
v 0.08193222 0.21978993 0.01856242
v -0.01003567 0.00831544 0.02863197
v 0.04723491 0.05740471 0.02939935
v -0.07428497 -0.05473058 0.03213915
v -0.05317486 -0.07535937 0.03615523
v -0.06358776 -0.07164053 0.03552477
v -0.06875299 -0.06309806 0.03386636
v 0.00632730 -0.01622920 0.03353838
v -0.00185436 -0.00804754 0.03149960
v -0.00642895 0.00013378 0.02998266
v 0.07177955 0.03286007 0.03528830
v 0.10496760 0.12174133 0.02993865
v 0.07996121 0.02467841 0.03716152
v 0.12086881 0.10649397 0.03419539
v 0.12829497 0.10020055 0.03617619
v 0.05247943 0.05740471 0.02998266
v 0.05541657 0.04922304 0.03125825
v 0.06359788 0.04104173 0.03327363
v 0.11268715 0.11467528 0.03182304
v 0.01379014 -0.04831316 0.03821077
v -0.07534610 -0.07503000 0.04202881
v 0.14625523 0.08837759 0.04176371
v 0.08073487 0.01649710 0.03811682
v 0.03075353 -0.03251707 0.03817061
v 0.13995901 0.08081276 0.03975496
v 0.08849914 0.02417893 0.03813952
v 0.03921392 -0.02451180 0.03815489
v -0.04481157 -0.10829943 0.04269176
v 0.09652921 0.03269591 0.03815105
v -0.03681189 -0.09990401 0.04055797
v 0.02233680 -0.04044620 0.03818667
v 0.15370548 0.08747888 0.05077387
v 0.14926537 0.09481771 0.04863555
v 0.15014906 0.10126831 0.05278785
v 0.15563563 0.10873988 0.05371311
v 0.11921215 -0.03059146 -0.28080101
v 0.13299530 -0.01884430 -0.27986772
v 0.15608481 -0.10672101 -0.26723930
v 0.08855363 -0.06385950 -0.28089811
v 0.12741687 -0.07921024 -0.27373636
v 0.10188131 -0.03840428 -0.28199521
v 0.18157776 -0.12597816 -0.26053198
v 0.05311408 -0.10277583 -0.28115798
v -0.07411626 0.04811721 -0.31803623
v 0.08222318 -0.07193079 -0.28111362
v 0.20509968 -0.11161589 -0.22633449
v -0.06773517 0.06515360 -0.31881059
v 0.01301472 0.07139917 -0.30661914
v 0.06661257 -0.08724171 -0.28123168
v -0.00017569 0.12470851 -0.31576797
v -0.06719063 0.04258872 -0.31603133
v -0.06155352 0.06305440 -0.31754932
v 0.24909463 -0.02671998 -0.21267499
v 0.16272892 -0.13408542 -0.24868980
v 0.07647708 -0.07915995 -0.28140946
v 0.24389761 -0.01802243 -0.21156880
v -0.10683977 0.09663993 -0.21232815
v -0.02867843 0.13661704 -0.21160897
v 0.05334112 -0.18360082 -0.21007386
v 0.14082104 -0.09334478 -0.26997281
v 0.16793851 -0.13399740 -0.25554872
v 0.16906705 -0.13079620 -0.24755602
v 0.21523630 -0.10123793 -0.20480314
v 0.18981007 -0.11834138 -0.23196392
v 0.02826906 0.08637164 -0.30644379
v 0.02042481 0.07907751 -0.30627788
v -0.14645362 0.03725129 -0.19690335
v -0.02093721 0.14366388 -0.19633891
v 0.06095729 -0.17695811 -0.19460715
v 0.12495825 -0.02481463 -0.28011885
v 0.04164809 -0.18596164 -0.19638466
v 0.25237511 -0.03257960 -0.20462221
v 0.13090832 -0.00886347 -0.28247897
v -0.07377851 0.05486750 -0.31908688
v -0.02880487 0.14233974 -0.18676604
v 0.06625385 -0.17356690 -0.18903081
v 0.14861185 -0.10066719 -0.26852747
v 0.23395415 -0.00473875 -0.18802382
v 0.25521096 -0.04436309 -0.18686245
v -0.06794614 0.11025927 -0.24783685
v 0.07007888 -0.17086029 -0.18224629
v 0.19925509 -0.10877551 -0.19622225
v -0.05274803 0.05533484 -0.31513471
v -0.00753688 0.10210415 -0.31536384
v 0.11181778 -0.04029496 -0.28103957
v 0.13237078 -0.14313192 -0.21231173
v -0.01496583 0.10996482 -0.31743860
v 0.14861116 -0.13124713 -0.18063399
v -0.13079201 0.08976076 -0.18122533
v -0.07238660 0.10619813 -0.25540656
v -0.05334776 0.13144098 -0.18092914
v 0.11032389 -0.14982387 -0.18071398
v 0.24051513 -0.01283065 -0.20662397
v 0.07307854 -0.06987559 -0.28254604
v 0.05888288 -0.08527279 -0.28281778
v -0.04648814 0.01198468 -0.30869564
v -0.14937155 0.04197677 -0.17301677
v 0.16346277 -0.12125512 -0.26555505
v 0.05638968 -0.17872864 -0.18859281
v -0.13492615 0.08846526 -0.17345548
v 0.10293231 -0.15267998 -0.17289103
v 0.11292117 -0.14730378 -0.17061124
v -0.03786778 0.13708299 -0.18840838
v -0.14453988 0.03392819 -0.18886245
v 0.08692456 -0.05405331 -0.28242379
v -0.04590902 0.13304211 -0.18875033
v 0.00579953 0.11658378 -0.31552277
v 0.15365134 -0.12675742 -0.17314426
v -0.10275452 0.10607134 -0.16545125
v 0.13873301 -0.13346090 -0.16534751
v 0.18784918 -0.12441441 -0.25458155
v -0.08127801 0.11802004 -0.16519872
v -0.05964747 0.12940779 -0.17287007
v -0.12053210 0.09655366 -0.16531014
v 0.11740355 -0.14382629 -0.16520431
v 0.25407683 -0.03808224 -0.19554848
v 0.25823577 -0.04643959 -0.19593024
v -0.10681357 0.10485024 -0.15966988
v -0.06098104 0.10909196 -0.27107236
v 0.15616061 0.00403599 -0.27940526
v 0.15599854 -0.12378954 -0.16502547
v 0.12254119 -0.14019058 -0.15985291
v 0.24221440 -0.02561310 -0.15907086
v -0.08940309 0.11492852 -0.15778269
v 0.04366277 -0.10022325 -0.28342589
v 0.14085353 -0.13107319 -0.15832967
v -0.14038479 0.02725195 -0.19647024
v -0.07919592 0.12033720 -0.15742502
v -0.15504359 0.04866838 -0.15702928
v 0.15055737 -0.12517026 -0.15562620
v 0.13203128 -0.13533447 -0.15829614
v 0.14924546 -0.00345129 -0.27932737
v 0.03580769 0.09403531 -0.30695165
v -0.09695883 0.11059179 -0.15798458
v -0.15575788 0.08361159 -0.15234641
v 0.24578654 -0.03080557 -0.16490357
v 0.00197975 0.16536009 -0.15137959
v 0.19902736 -0.11429666 -0.23207954
v 0.20769103 -0.10512827 -0.20509095
v 0.08873875 -0.15738695 -0.15089269
v 0.24401741 -0.07568910 -0.15125001
v 0.21244376 -0.10390996 -0.21213464
v 0.13367676 -0.08542298 -0.27154739
v -0.00230004 0.16392627 -0.14547737
v -0.15225944 0.04870994 -0.18071188
v 0.23111097 0.00510201 -0.20474446
v -0.09235385 0.11088414 -0.18078698
v 0.19402943 -0.11742276 -0.23789060
v -0.03069206 0.02803539 -0.30709346
v -0.03820903 0.02010033 -0.30775885
v 0.00720925 0.16813551 -0.14514415
v -0.16296189 0.06523184 -0.18087080
v -0.02307484 0.14059226 -0.20468194
v 0.23904534 -0.00848205 -0.21234317
v 0.23833454 -0.07759899 -0.14544349
v -0.05270018 0.11636897 -0.25538176
v -0.04014058 0.13383813 -0.19689497
v -0.02256314 0.03542662 -0.30655277
v -0.06084097 0.11397567 -0.24775826
v 0.16880544 -0.11292746 -0.26419004
v -0.14707640 0.09036048 -0.13773895
v 0.07494721 -0.16160108 -0.13761076
v -0.12753632 0.09230845 -0.17261055
v 0.11541542 -0.02502839 -0.28232494
v 0.14098765 -0.01078523 -0.27980973
v 0.10192078 -0.04659327 -0.28064313
v 0.09401016 -0.05377633 -0.28085899
v -0.15714839 0.05621085 -0.18146284
v -0.16574570 0.08129408 -0.13852973
v 0.06104740 -0.09494904 -0.28090929
v -0.04625656 0.12305464 -0.23960349
v -0.00825815 0.16184244 -0.13823214
v 0.09437028 -0.15203834 -0.13798450
v 0.23286263 -0.07925111 -0.13779553
v 0.06973413 -0.16325704 -0.13109135
v -0.15028249 0.08993016 -0.13220243
v -0.01562738 0.15903278 -0.13007702
v -0.14188427 0.09304264 -0.13025097
v 0.08092663 -0.15802125 -0.12996735
v 0.08977368 -0.15295312 -0.13043015
v 0.06556192 -0.16369190 -0.12227259
v 0.22122095 -0.08234543 -0.12192261
v 0.02028265 0.17801190 -0.12181747
v -0.17045302 0.07104605 -0.12190479
v 0.25840099 -0.06285146 -0.12186358
v 0.06719343 -0.16007819 -0.11465887
v 0.01303638 0.17547400 -0.11429177
v 0.02256104 0.18000667 -0.11430749
v -0.17212610 0.07929617 -0.11486425
v 0.25171950 -0.06507885 -0.11332949
v 0.25797276 -0.05338618 -0.11441157
v 0.05914869 -0.16378062 -0.11393201
v -0.17035417 0.08429968 -0.10633295
v 0.02793689 0.18410868 -0.10650096
v 0.05037219 -0.16598915 -0.10672241
v -0.13750388 0.01034548 -0.09808423
v 0.04506061 -0.16761857 -0.09856694
v -0.13038789 -0.00547435 -0.09094973
v 0.21747033 0.01291867 -0.09093471
v -0.13563835 0.00480547 -0.09106778
v 0.03763096 -0.16955221 -0.08910410
v 0.20263722 0.03803019 -0.08505029
v -0.12266903 -0.01906015 -0.08513063
v 0.21356322 0.01916948 -0.08506462
v -0.13238510 -0.00279638 -0.08511352
v 0.20475878 0.03366762 -0.07897762
v -0.12456216 -0.01569654 -0.07860039
v 0.10279923 0.22545743 -0.07919453
v 0.10853869 0.21963380 -0.07875792
v -0.10808637 -0.04139486 -0.07667024
v 0.10633121 0.22375397 -0.07278758
v 0.20726979 0.02851426 -0.07141000
v -0.12781365 -0.01077825 -0.07137822
v 0.18789738 0.06763143 -0.07104220
v -0.10417367 -0.04681577 -0.07139708
v 0.11368716 0.20773993 -0.06633977
v -0.02284746 -0.19650237 -0.06382422
v 0.12242837 0.19071157 -0.06421472
v -0.04259046 -0.17147922 -0.06309631
v -0.03312134 -0.18803989 -0.06426851
v -0.03687650 -0.18119250 -0.06356435
v 0.18997039 0.06300934 -0.06335234
v 0.11917618 0.19693619 -0.06385985
v -0.03083736 -0.19446569 -0.05520805
v 0.11060401 0.21194847 -0.05562649
v -0.04022231 -0.17528853 -0.05540644
v 0.19288587 0.05597089 -0.05489719
v 0.12044024 0.19323236 -0.05466980
v 0.19520827 0.04951016 -0.04731036
v -0.11910353 -0.02617859 -0.04731210
v 0.19879438 0.04219891 -0.04729219
v -0.11265153 -0.03267146 -0.04756254
v 0.19635463 0.04571203 -0.03793589
v 0.11469415 0.20177030 -0.04216294
v -0.03507943 -0.18972729 -0.03993066
v -0.11701969 -0.02979474 -0.03803508
v -0.07005268 -0.12501937 -0.03181012
v 0.14301281 0.14691992 -0.03139622
v 0.06663772 0.21942737 -0.03173712
v -0.00703321 -0.18274542 -0.03240425
v 0.14856051 0.13719791 -0.03170359
v -0.07554624 -0.11477623 -0.03183143
v -0.08004329 -0.10542726 -0.03178916
v 0.15268766 0.12983951 -0.03214159
v -0.07315852 -0.11909235 -0.02407904
v 0.15044001 0.13246683 -0.02392360
v -0.06202121 -0.13834601 -0.02351284
v 0.06094401 0.21766977 -0.02412724
v 0.13906484 0.15316165 -0.02403852
v -0.08241459 -0.10009367 -0.02399137
v -0.06415465 -0.13433062 -0.01858652
v -0.08485330 -0.09462456 -0.01843319
v -0.08927770 -0.08542124 -0.01849326
v -0.01678875 -0.18658372 -0.01884954
v 0.12730789 0.17542510 -0.01833644
v 0.00137409 -0.17561616 -0.01646985
v -0.00441497 -0.17852570 -0.01239160
v 0.15979143 0.10682370 -0.01689459
v -0.08758436 -0.09001364 -0.01169338
v -0.06700167 -0.12897154 -0.01232908
v -0.10054355 -0.06531846 -0.00503425
v 0.16208763 0.10199238 -0.01250127
v 0.00613869 -0.17234021 -0.01239509
v 0.12351814 0.18109051 -0.01327564
v 0.17563746 0.07654659 -0.00418374
v 0.17025148 0.08634545 -0.00498430
v 0.16482219 0.09625293 -0.00443872
v -0.05191149 -0.16580927 -0.00434756
v 0.08447432 0.23235023 -0.00221412
v -0.10638255 -0.05434287 -0.00392702
v 0.04394604 0.21106129 -0.00435943
v -0.05359924 -0.15958186 0.00291304
v 0.16713690 0.09247191 0.00343697
v -0.09310517 -0.07904783 0.00312890
v -0.10363228 -0.06158425 0.00355712
v 0.04932329 0.21527611 0.00374434
v 0.17935700 0.07089900 0.00353686
v 0.09750441 0.22652276 0.00314881
v 0.09408421 0.23294472 0.01099935
v -0.10172867 -0.06714837 0.01109854
v -0.05911725 -0.14411236 0.01078419
v 0.07287211 0.23043266 0.00964167
v 0.04468897 0.19939655 0.01274228
v -0.05616195 -0.15370898 0.01125188
v -0.09521974 -0.07664754 0.01122638
v -0.13886714 0.00684425 0.01701160
v 0.05872011 0.21182622 0.01319041
v 0.06488989 0.20725582 0.01444505
v 0.05132574 0.19051213 0.01437205
v 0.07420498 0.21944903 0.01638533
v -0.05818396 -0.15194928 0.01883417
v 0.09632418 0.02467841 0.03896174
v -0.09999412 -0.07120253 0.01947231
v 0.13218671 0.16022839 0.01929907
v 0.08750996 0.23682213 0.01908984
v 0.07849945 0.22517556 0.02074581
v -0.01821733 0.00831544 0.02771684
v 0.04723491 0.06558602 0.02848003
v -0.07532165 -0.06318678 0.03515138
v -0.06056888 -0.07614701 0.03632568
v -0.00185436 -0.01622920 0.03256667
v 0.07177955 0.02467841 0.03621077
v 0.10258407 0.11467528 0.03016394
v -0.01003567 -0.00188335 0.02982688
v -0.06919448 -0.05713680 0.03236409
v 0.11203574 0.12526317 0.03087264
v -0.02975353 -0.08168144 0.03816432
v 0.00632730 -0.00804754 0.03247725
v 0.07996121 0.03286007 0.03623696
v 0.02269028 -0.02441086 0.03642348
v 0.05541657 0.04104173 0.03224253
v 0.12086881 0.09831231 0.03485554
v 0.06359788 0.04922304 0.03227467
v 0.12762469 0.10974442 0.03557786
v 0.01450862 -0.04077383 0.03744409
v 0.01450862 -0.03259217 0.03649543
v 0.14567995 0.09515861 0.04279515
v -0.07542539 -0.06931499 0.03820693
v -0.07028670 -0.07740898 0.03941022
v 0.07996121 0.01516423 0.03816432
v 0.13223701 0.08194934 0.03816432
v 0.03905325 -0.03259217 0.03904871
v -0.04471831 -0.10000111 0.04050523
v -0.03458030 -0.10622607 0.04168756
v -0.02639899 -0.08986310 0.03948147
v 0.13911967 0.07219450 0.04012206
v 0.02269028 -0.04895514 0.03918423
v -0.07682812 -0.07896679 0.04547801
v 0.15061326 0.08729864 0.04538265
v -0.06280396 -0.10281705 0.05335509
v 0.14935094 0.11028861 0.05428559
v 0.15143862 0.09377998 0.05185701
v 0.15471666 0.10242235 0.05494748
v -0.04628241 0.05471137 -0.31354407
v -0.05882909 0.01824702 -0.31080462
v 0.20123973 -0.11728689 -0.25763710
v 0.14118535 -0.03200048 -0.27727567
v -0.00072896 0.07814562 -0.30995202
v 0.11757715 -0.01789843 -0.28257608
v 0.14771594 -0.03892995 -0.27557186
v 0.01293683 0.11725685 -0.31451962
v 0.06715605 -0.07029753 -0.28309337
v 0.11165327 0.00283201 -0.28890792
v 0.11543568 0.00660149 -0.28944547
v 0.19710978 -0.11893272 -0.24749001
v 0.13285035 -0.02433716 -0.27891032
v -0.06387522 0.01251001 -0.31150843
v 0.16313444 -0.13023315 -0.23220039
v -0.07231256 0.11313843 -0.22494399
v 0.15459895 -0.04469945 -0.27416982
v 0.09401261 -0.10673463 -0.27589634
v -0.05560554 0.11982166 -0.23396184
v -0.02489776 0.12671899 -0.27331093
v -0.03838053 0.06335583 -0.31377634
v -0.06865763 0.11657156 -0.21939594
v -0.00776077 0.09475868 -0.31378962
v -0.03024637 0.04864079 -0.31011513
v 0.24707226 -0.02346674 -0.21184159
v 0.02117717 0.12483076 -0.31403970
v 0.19219464 -0.12198792 -0.25544638
v -0.12231241 0.08976181 -0.21219297
v 0.11758378 -0.15013369 -0.21204418
v 0.10174474 -0.00339925 -0.28772629
v 0.12539416 -0.14642603 -0.21202287
v 0.03553455 0.10202068 -0.30845952
v 0.16891337 -0.12873891 -0.23962620
v -0.04782835 0.11875459 -0.25490464
v -0.03061067 0.12569070 -0.26328399
v -0.04541094 0.12163934 -0.24726786
v 0.10177303 -0.15640581 -0.20529389
v -0.01562528 0.08709327 -0.31341274
v -0.07420394 0.02777343 -0.31339597
v 0.10399623 -0.15408795 -0.19649923
v -0.15166950 0.04759782 -0.18854426
v -0.09170698 0.11080974 -0.18961307
v -0.13021883 0.08946596 -0.18862913
v -0.07019833 0.11096448 -0.23959127
v 0.15525317 -0.13037042 -0.19630433
v 0.20682760 -0.11185515 -0.26025848
v 0.15038518 -0.13193173 -0.18890123
v 0.06630764 -0.17246316 -0.18137727
v 0.00545200 0.07160665 -0.30800685
v 0.10944369 -0.15114801 -0.18853587
v -0.02255231 0.04337321 -0.30795445
v 0.25465665 -0.04502149 -0.18173773
v -0.03001549 0.14347002 -0.18024873
v 0.05935057 -0.07763427 -0.28361066
v 0.25088401 -0.03902985 -0.17351241
v -0.14674492 0.03696732 -0.17289103
v 0.19810629 -0.10460469 -0.17335593
v 0.05911760 -0.17510306 -0.17336850
v -0.02270215 0.14829540 -0.17362628
v 0.05617103 -0.17827666 -0.18318831
v 0.25643835 -0.04959608 -0.17279044
v -0.10306329 0.09894661 -0.21195511
v 0.18447333 -0.12070151 -0.23257412
v 0.17261999 -0.12459918 -0.22094397
v -0.04788493 0.13337393 -0.18194870
v -0.04481646 0.13675955 -0.17223193
v -0.09847368 0.10346951 -0.20466727
v -0.11673083 0.09847124 -0.16607822
v -0.08115157 0.11394004 -0.20346887
v -0.13938024 0.02195957 -0.16432760
v 0.17839647 -0.12476230 -0.24001600
v 0.02744091 0.10967072 -0.31029536
v 0.05283116 -0.17712891 -0.16331712
v 0.13274207 -0.07759270 -0.27303011
v -0.14176935 0.02794632 -0.17287566
v 0.14102887 -0.06975159 -0.27238043
v 0.07176068 -0.17072162 -0.18887817
v 0.24941911 -0.07338277 -0.15544946
v 0.20567007 -0.09750756 -0.15890390
v -0.06838275 0.03531485 -0.31426220
v 0.04371342 -0.06219970 -0.28689045
v -0.14443405 0.03394670 -0.18146669
v 0.23453955 -0.01108003 -0.15748720
v 0.11744966 -0.09319004 -0.27367419
v 0.23073688 -0.00309781 -0.15760875
v 0.22709314 0.00514917 -0.16506389
v 0.15638345 -0.05189892 -0.27398785
v -0.11247094 0.10212057 -0.15781203
v 0.03798583 0.18069826 -0.15289200
v -0.03623906 0.14347421 -0.15742502
v 0.04914760 -0.17819528 -0.15789761
v 0.12507700 -0.13860867 -0.15703033
v 0.21639278 -0.09425711 -0.17296403
v -0.05381440 0.12984335 -0.18900636
v -0.03849684 0.13861635 -0.18107549
v 0.12528658 -0.08524974 -0.27327635
v 0.21086569 -0.09684636 -0.16944219
v 0.19397949 -0.10903782 -0.18136574
v -0.13503443 0.01284567 -0.15320985
v -0.13819651 0.01816913 -0.14744384
v 0.23339355 -0.00536293 -0.18128925
v 0.26413730 -0.06191258 -0.15161955
v 0.11034450 -0.10168292 -0.27379958
v 0.02794004 0.17636782 -0.15164051
v 0.14817071 -0.13386328 -0.19707555
v 0.26013379 -0.06798072 -0.15145224
v 0.12576160 -0.01115094 -0.28282896
v 0.23856996 -0.01784464 -0.16466955
v -0.11199522 0.09403915 -0.21204068
v 0.14042286 -0.13831248 -0.20492888
v -0.06116756 0.11556561 -0.23980678
v 0.03225546 0.18007094 -0.14408791
v -0.07411068 0.11055127 -0.23220668
v 0.07436985 -0.08531785 -0.28046953
v 0.08102513 -0.09266192 -0.27859597
v 0.08713623 -0.09967208 -0.27681112
v -0.12520345 0.09105486 -0.19566933
v 0.12079092 -0.14728981 -0.20193097
v 0.05100615 -0.05480497 -0.28723100
v 0.01236680 0.17059483 -0.14535442
v -0.16262483 0.06545888 -0.18828893
v -0.11940286 0.09241009 -0.20392818
v 0.25087493 -0.07094231 -0.14518606
v -0.03872737 0.12309236 -0.25554139
v 0.04316993 -0.18214325 -0.16512257
v -0.14818887 0.04025374 -0.19606018
v 0.12615490 -0.01970249 -0.28068714
v -0.13556360 0.08593469 -0.19681813
v 0.06104531 -0.16889730 -0.13821258
v -0.05385911 0.01226481 -0.30931876
v 0.14876170 -0.06182386 -0.27335739
v -0.05069249 0.12091632 -0.23927377
v -0.16005584 0.06127723 -0.19589252
v -0.15766114 0.05719199 -0.18856591
v 0.22880988 -0.08151413 -0.13797122
v 0.25959799 -0.05397961 -0.13856396
v 0.01417994 0.17254209 -0.13713608
v -0.16931086 0.07782253 -0.13751925
v -0.01924004 0.15685743 -0.13109135
v 0.26106883 -0.06186718 -0.13007772
v 0.06606803 -0.16495492 -0.12960304
v -0.17008627 0.07149278 -0.12995792
v 0.22212211 -0.08417010 -0.13047765
v 0.02040909 0.17693750 -0.13028660
v -0.00525640 0.16535205 -0.12155376
v 0.08100592 -0.15657626 -0.12374308
v -0.01468431 0.16062273 -0.12179966
v 0.22484164 -0.07970693 -0.12230438
v -0.14283432 0.09398292 -0.12198129
v 0.08691583 -0.15304394 -0.12197186
v 0.09681493 -0.14702016 -0.12051254
v -0.01014988 0.16397692 -0.11499279
v 0.00797314 0.17284912 -0.11408814
v -0.14920808 0.09300073 -0.11488171
v 0.07310962 -0.15721964 -0.11509024
v 0.22944069 -0.07630070 -0.11433054
v 0.07468839 -0.15381586 -0.10561936
v -0.16332725 0.08823543 -0.10675454
v -0.15600064 0.09181421 -0.10632108
v 0.23441381 -0.07346590 -0.10647895
v 0.24402125 -0.06739671 -0.10681112
v -0.16096084 0.09174435 -0.09638286
v 0.08015122 -0.14907675 -0.09947648
v -0.00186239 0.17028571 -0.09977687
v 0.23829367 -0.06962969 -0.09918168
v 0.19847060 0.04800194 -0.09170767
v -0.03351568 -0.18439754 -0.09282469
v 0.11759252 0.20396835 -0.09127875
v -0.11460927 -0.03285274 -0.08510653
v 0.20037211 0.04237775 -0.08504785
v 0.19570915 0.05294433 -0.08521621
v -0.11874271 -0.02582267 -0.08491198
v -0.02933194 -0.19514296 -0.07901953
v -0.03993589 -0.17476076 -0.07897727
v 0.19331410 0.05696740 -0.07898076
v 0.11153975 0.21324153 -0.07911559
v -0.11037104 -0.03842838 -0.07892697
v -0.02286632 -0.19756874 -0.07107399
v -0.03681887 -0.18116770 -0.07110962
v -0.03256283 -0.18868467 -0.07102229
v 0.19005596 0.06298768 -0.07127623
v -0.04233129 -0.17167831 -0.07033979
v 0.12299876 0.19063962 -0.07141524
v 0.11934942 0.19776539 -0.07107294
v 0.11384084 0.20811192 -0.07097968
v 0.10668294 0.22166839 -0.06151754
v -0.12778711 -0.01096442 -0.06360277
v -0.10071435 -0.05023492 -0.05596320
v -0.10263437 -0.04621011 -0.06374808
v 0.18785477 0.06763143 -0.06311692
v 0.20722753 0.02793515 -0.06300654
v 0.20404065 0.03322787 -0.05543858
v -0.12450453 -0.01729033 -0.05561986
v 0.10769307 0.21730232 -0.05542041
v 0.10246706 0.22687309 -0.05544766
v -0.10613176 -0.03995755 -0.05562754
v -0.12301867 -0.02081985 -0.04747941
v 0.20195786 0.03642942 -0.04741165
v 0.21147589 0.01883102 -0.04693208
v -0.13215667 -0.00348377 -0.04688842
v 0.02757608 -0.16710337 -0.04725063
v 0.03766694 -0.16215155 -0.04570714
v 0.21437391 0.01197141 -0.03977557
v 0.20972283 0.02091800 -0.03932709
v -0.13637359 0.00379708 -0.04008120
v 0.03403961 -0.16310894 -0.04061630
v 0.17364514 0.08442123 -0.03404345
v -0.09588198 -0.06926644 -0.03212308
v 0.13719895 0.15743969 -0.02603608
v 0.13560866 0.16200695 -0.03129877
v 0.07390914 0.22197576 -0.03220481
v 0.08095457 0.22548503 -0.03146887
v 0.09188476 0.23141135 -0.02982862
v 0.05664990 0.21514269 -0.02456943
v 0.07663496 0.22435544 -0.02414680
v 0.13196910 0.16765035 -0.02497495
v -0.09378068 -0.07516831 -0.02209335
v -0.10264031 -0.05974981 -0.01859526
v -0.05366456 -0.15160802 -0.02408952
v 0.09415861 0.23159158 -0.02453276
v -0.05825906 -0.14443405 -0.02465117
v 0.16703177 0.09236887 -0.01858443
v 0.05035333 0.21242560 -0.01967280
v 0.09759767 0.23051090 -0.01839057
v 0.04120974 0.20778569 -0.01902173
v 0.17642789 0.07275300 -0.01868397
v -0.05148816 -0.16053261 -0.01731408
v -0.09228469 -0.07858991 -0.01707377
v 0.01055645 -0.17031610 -0.01429870
v -0.10044540 -0.06424825 -0.01349883
v 0.08609710 0.23109001 -0.01297036
v 0.17538004 0.07647883 -0.01193788
v 0.17065770 0.08589591 -0.01222185
v 0.16483057 0.09623860 -0.01303952
v -0.05297821 -0.16604085 -0.01175066
v -0.10517053 -0.05504563 -0.01180829
v 0.04600613 0.21129775 -0.01113557
v 0.12198024 0.18097035 -0.00552395
v -0.08794447 -0.08993121 -0.00468531
v 0.00577858 -0.17169228 -0.00478346
v 0.16216832 0.10141781 -0.00398674
v -0.04784826 -0.16901641 -0.00239470
v -0.06646133 -0.12893835 -0.00429342
v 0.05308579 0.21764986 0.00370033
v 0.15972926 0.10698297 0.00297801
v -0.08529549 -0.09445830 0.00378870
v -0.09049740 -0.08478763 0.00301224
v -0.00072023 -0.17410515 0.00356271
v 0.12325967 0.17513484 0.00288545
v 0.11810282 0.18296058 0.00277682
v -0.06249798 -0.13651680 0.01114220
v 0.12613604 0.16888158 0.01082331
v 0.14800305 0.12965264 0.01107444
v -0.00688896 -0.17561650 0.01199481
v -0.01537100 -0.18085404 0.01122848
v -0.08360530 -0.09897910 0.01151664
v 0.06640300 0.22839458 0.01083239
v -0.07209914 -0.11842871 0.01127423
v 0.05803377 0.22110254 0.01196687
v 0.07382496 0.21285382 0.01546845
v -0.08081172 -0.10632387 0.01944716
v -0.07084032 -0.12283040 0.01747859
v 0.13918394 0.14582176 0.01880832
v 0.06682179 0.22210884 0.01633433
v 0.08185748 0.20689082 0.01730045
v 0.08814252 0.19835009 0.01895677
v 0.13547313 0.15328110 0.01903361
v -0.07640164 -0.11368681 0.01929487
v -0.01313697 -0.17629726 0.02114818
v 0.14407673 0.13590974 0.02104305
v 0.09457985 0.19069446 0.02114853
v 0.15371631 0.11990199 0.02848876
v -0.07792802 -0.11014435 0.02818873
v 0.04723491 0.01649710 0.03429179
v 0.05541657 0.03286007 0.03325546
v 0.06359788 0.02467841 0.03525128
v 0.12905013 0.08194934 0.03760756
v 0.12905013 0.09013065 0.03705534
v 0.02269028 -0.01622920 0.03543989
v -0.02639899 -0.06531846 0.03633791
v -0.03458030 -0.07349978 0.03674657
v 0.01450862 -0.00804754 0.03345106
v 0.03087194 0.00831544 0.03333231
v 0.07177955 0.04922304 0.03330716
v 0.03905325 0.00013378 0.03532742
v 0.07996121 0.04104173 0.03530262
v -0.01003567 -0.04895514 0.03588558
v -0.01821733 -0.04077383 0.03392120
v 0.08814252 0.06558602 0.03346399
v 0.09632418 0.05740471 0.03545596
v 0.00632730 -0.03259217 0.03559882
v -0.00185436 -0.02441086 0.03365155
v 0.10450549 0.08194934 0.03381781
v 0.11268715 0.07376768 0.03585240
v 0.14876414 0.12481923 0.03462641
v -0.07859690 -0.09954145 0.03643675
v 0.15440335 0.11616184 0.03423172
v -0.05500931 -0.10617892 0.04638894
v 0.13367257 0.11769765 0.03928972
v 0.14473059 0.10015898 0.04450979
v -0.06802019 -0.08313621 0.04124432
v -0.05254824 -0.09966929 0.04149790
v 0.15530556 0.10939653 0.04194044
v -0.07856407 -0.09289944 0.04296839
v 0.15858500 0.10425436 0.04831071
v 0.13522270 0.12297116 0.04561877
v -0.06824862 -0.09212263 0.04969947
v -0.07419066 -0.08508802 0.04705363
v 0.14867682 0.10841120 0.05026217
v 0.14028244 0.11651357 0.04940083
v -0.06169742 -0.09829520 0.04924749
v 0.15616410 0.09420227 0.05615811
v -0.10145972 0.02202384 -0.31782945
v 0.10412861 -0.11500885 -0.27408076
v 0.01219809 0.13753043 -0.31235615
v 0.13250561 -0.14397928 -0.26812334
v 0.05885878 -0.15159580 -0.27687539
v -0.12109096 0.04278048 -0.32441662
v -0.09132416 0.09673110 -0.25562591
v 0.23677638 0.00421727 -0.25593049
v 0.05908896 -0.18947161 -0.27094382
v -0.08401327 0.10378003 -0.23996500
v -0.12564564 0.08326789 -0.23947181
v -0.02176572 0.12884055 -0.27014920
v 0.03551918 0.14507359 -0.31250774
v -0.14708163 0.04463064 -0.23194471
v -0.01514676 0.12976337 -0.27915063
v -0.14502260 0.04160897 -0.23934956
v -0.15402997 0.05737921 -0.23878861
v 0.05682384 -0.19365640 -0.26322986
v -0.15319378 0.05333972 -0.22206238
v 0.02770637 0.14790700 -0.31037151
v -0.11663757 0.09068112 -0.22438792
v -0.09783763 0.10054494 -0.22643823
v 0.21500053 -0.10078281 -0.26049460
v -0.12102529 0.08939645 -0.22055731
v 0.10794281 -0.15578932 -0.21999845
v 0.07506318 -0.17563048 -0.23891610
v 0.11734906 -0.15113230 -0.21921047
v -0.11244440 0.09247785 -0.21990415
v 0.04386221 -0.16630351 -0.27863649
v -0.06834502 0.11881921 -0.21188630
v 0.02098122 0.13078852 -0.31424404
v 0.24653436 -0.02191312 -0.21803442
v -0.13559573 0.05534776 -0.32496081
v -0.09708842 0.01238112 -0.31688079
v 0.25900874 -0.03965262 -0.24750188
v 0.17592877 -0.06977779 -0.27386036
v -0.12328552 0.01026689 -0.29238960
v -0.00127035 0.13423108 -0.29293937
v 0.15500308 -0.13480949 -0.23960070
v 0.23273445 -0.00288859 -0.27307621
v -0.08961301 0.03594286 -0.31817908
v 0.24340512 -0.01942167 -0.26855052
v 0.23845539 -0.01100913 -0.27053271
v 0.19904377 -0.08536710 -0.26531579
v 0.08062555 -0.17123612 -0.23186019
v 0.21466452 0.00387497 -0.27593197
v 0.23859895 -0.00086413 -0.24728672
v -0.08972129 0.10296235 -0.23204461
v 0.14221050 -0.13955453 -0.22553672
v 0.20712903 -0.10686701 -0.26162838
v 0.10257115 -0.15883788 -0.22685283
v 0.18186208 -0.11811679 -0.19695190
v 0.00008837 0.13606482 -0.29846716
v 0.19242447 -0.08513552 -0.26793857
v 0.04329742 -0.19540038 -0.24775651
v 0.05121222 -0.19468539 -0.25561474
v -0.10150897 0.09858685 -0.21976199
v 0.13287480 -0.15133453 -0.26319388
v 0.18385335 -0.11625196 -0.18925400
v 0.00779535 0.13883081 -0.29393204
v -0.12964112 0.02777832 -0.29886186
v 0.24133350 -0.00528434 -0.25532658
v 0.12702217 -0.14676169 -0.21933132
v 0.12511927 -0.14827584 -0.22544346
v -0.12745983 0.02067385 -0.27917893
v 0.18988167 -0.11126207 -0.18105243
v 0.16181973 -0.12726178 -0.19596727
v 0.08164791 -0.12870643 -0.27512652
v 0.03844095 0.15740267 -0.30009658
v -0.09926167 0.08981455 -0.27027459
v -0.09683763 0.09267624 -0.26282434
v -0.14029572 0.03498582 -0.24751062
v -0.14954864 0.04983325 -0.23946308
v 0.05100370 -0.15972542 -0.27889880
v 0.08796613 -0.12034943 -0.27554566
v -0.10673952 0.02850588 -0.31936805
v 0.14806522 -0.13706413 -0.23258460
v -0.07472647 0.11710352 -0.20449053
v 0.24343935 -0.01011007 -0.26309259
v 0.18413383 -0.07789903 -0.27136157
v -0.11263616 0.04778573 -0.32439078
v 0.11031725 -0.12095055 -0.27206154
v -0.09493402 -0.06006870 0.05214132
v 0.17601504 -0.11980279 -0.18860468
v 0.09551663 -0.11334486 -0.27552191
v 0.16220884 -0.05183465 -0.27383451
v -0.12426352 0.01427145 -0.28753034
v 0.14176691 -0.14484970 -0.26443734
v -0.06650394 0.12098582 -0.20462431
v 0.14814835 -0.14438410 -0.25548236
v 0.16852811 -0.06182631 -0.27389249
v -0.13471449 0.08130700 -0.22592722
v -0.13311686 0.03485519 -0.29867429
v 0.12525200 -0.13617101 -0.27072971
v 0.11708221 -0.12886046 -0.27101438
v -0.12826738 0.06441277 -0.32296953
v 0.05215110 -0.19098087 -0.24714456
v -0.08162904 0.10668538 -0.23193947
v 0.06618574 -0.18841292 -0.26293471
v -0.10508496 0.08845722 -0.26376915
v -0.06113682 0.12485067 -0.19656350
v 0.06644910 -0.14352172 -0.27495746
v 0.26147644 -0.04619823 -0.25665211
v 0.03578638 0.15363458 -0.30800475
v 0.06877988 -0.18456415 -0.25365490
v -0.15660141 0.06373655 -0.23237154
v 0.17089312 -0.12463027 -0.21191669
v -0.08098287 0.02835639 -0.31620213
v -0.00741428 0.13155241 -0.28644127
v -0.09674192 0.03747378 -0.31912809
v 0.25165384 -0.03155933 -0.26333569
v 0.07432549 -0.13568515 -0.27490961
v 0.20755761 -0.00209187 -0.27489773
v 0.09900774 0.19334414 0.02919607
v 0.15738206 0.11205634 0.00322600
v -0.07812292 -0.11038641 0.01723793
v 0.15459092 0.11739203 0.01162038
v 0.15062548 0.12478640 0.01311497
v 0.15208131 0.12076577 0.01828125
v -0.08037930 -0.10598506 0.02659773
v 0.14042041 0.14468973 0.02677133
v -0.01479328 -0.17521867 0.02697531
v 0.14509455 0.13591987 0.02669868
v 0.13568725 0.15503486 0.02691488
v -0.07689658 -0.11314926 0.02662847
v 0.10876468 0.17317011 0.02863861
v 0.10281984 0.18278698 0.02616532
v 0.13730199 0.14980327 0.03163897
v 0.11342764 0.18309680 0.03343150
v -0.07255321 -0.11864980 0.03275284
v 0.14597230 0.13078049 0.03294844
v -0.08006949 -0.09992182 0.03281501
v -0.01949432 -0.17869022 0.03238889
v -0.00745829 -0.17118233 0.03452616
v 0.09706292 0.19909687 0.03309339
v 0.10647476 0.17863049 0.03332357
v 0.11467319 0.15871144 0.03524290
v 0.12403509 0.16741214 0.03335047
v -0.06282911 -0.13597331 0.03536689
v 0.13502570 0.14700619 0.03668999
v -0.08658540 -0.08285469 0.03989223
v -0.08094095 -0.09145305 0.03992297
v 0.11729737 0.18363854 0.04110460
v 0.13340991 0.13739211 0.04291460
v -0.04645007 -0.15986443 0.04177279
v -0.04213954 -0.16475408 0.04703198
v 0.13411686 0.12811125 0.04524573
v 0.14160694 0.12966033 0.04219333
v -0.08076910 -0.08445127 0.04628800
v -0.06268241 -0.12058869 0.04993559
v -0.06408584 -0.12605640 0.05196773
v 0.16041980 0.10120405 0.04956744
v -0.08991340 -0.07095453 0.05362404
v -0.05295970 -0.11353347 0.04963660
v 0.16257908 0.09387150 0.05618745
v 0.09498851 0.09393891 -0.29594428
v -0.06760419 -0.02503363 -0.30889019
v -0.06388360 -0.10268606 -0.25741111
v 0.16507856 0.13238161 -0.26277229
v 0.14846236 0.00995498 -0.28118103
v 0.15833561 0.01972694 -0.28130223
v 0.03640811 -0.10693757 -0.28352054
v -0.01485895 -0.07722770 -0.29281677
v -0.07150675 -0.09120121 -0.24557103
v -0.02267142 -0.01083274 -0.30483184
v 0.07448371 0.11818421 -0.30501731
v 0.11025124 0.04854613 -0.29042661
v 0.07339534 0.07992174 -0.29781435
v 0.13654230 0.17972131 -0.19004863
v -0.09308002 -0.05768553 -0.21169769
v 0.22867889 0.01186522 -0.21197711
v -0.02272800 -0.03101340 -0.30116679
v 0.08048094 0.12347763 -0.30490764
v 0.01396688 -0.08721866 -0.28857086
v 0.01388095 -0.19850064 -0.20490339
v -0.03106754 -0.01656521 -0.30425587
v 0.18265321 0.09266716 -0.20476507
v 0.00563712 -0.20352196 -0.20464212
v -0.03039936 -0.02484851 -0.30276826
v 0.16784281 0.12977489 -0.27149779
v -0.01452888 -0.20186635 -0.19642972
v 0.14495798 0.16478726 -0.19653136
v 0.05032679 0.09504475 -0.30449234
v -0.00115264 -0.20944619 -0.20463409
v 0.13169596 -0.09631859 0.05298380
v -0.08486308 -0.07179980 -0.18851037
v -0.01263260 -0.20800923 -0.18867209
v 0.07665592 0.07359688 -0.29627190
v 0.18699762 0.08663815 -0.21170642
v 0.13485595 0.18437379 -0.19643077
v 0.21888388 0.02535078 -0.18909787
v -0.06366425 -0.11481919 -0.18324001
v 0.14890910 0.01920581 -0.28300989
v -0.03541265 -0.16600033 -0.18060849
v 0.19002767 0.07818788 -0.18177685
v 0.15420636 0.01385266 -0.28199940
v 0.02919537 -0.09931895 -0.28644755
v 0.08722145 0.09477335 -0.29818634
v 0.14955248 0.15528111 -0.18084007
v -0.06553188 -0.09858301 -0.26318131
v 0.10195990 0.04209902 -0.29050450
v 0.17353197 0.11211677 -0.17321761
v 0.08790605 0.08465805 -0.29545283
v 0.02024982 -0.09354177 -0.28703191
v -0.01895397 -0.19731446 -0.17436467
v -0.03813288 0.00484983 -0.30794572
v -0.03960058 -0.15932618 -0.17320050
v -0.06171838 -0.04662436 -0.30455067
v 0.08029373 0.20061731 -0.17386658
v -0.04798692 -0.13800930 -0.20524219
v -0.06091956 -0.12124325 -0.17307685
v 0.19413946 0.07084137 -0.17342823
v -0.07282775 -0.03232741 -0.30840713
v -0.08091371 -0.08300802 -0.17278625
v 0.11744337 0.05518604 -0.29232603
v 0.12541022 0.06294856 -0.29336271
v 0.00532346 -0.05416893 -0.29423173
v 0.13936732 0.17480511 -0.19672068
v -0.07327449 -0.08457911 -0.25564338
v 0.17535454 0.10759282 -0.16475582
v 0.08172056 0.20288067 -0.16532621
v -0.05803866 -0.12679444 -0.16508101
v 0.16497622 0.12697642 -0.16537720
v 0.00642476 -0.19822819 -0.16532760
v -0.00777195 -0.06948753 -0.29386218
v 0.00033182 -0.06222938 -0.29475670
v 0.17050541 0.11747027 -0.16538279
v -0.04788563 -0.14567122 -0.16476141
v -0.08065314 -0.07705306 -0.19644055
v -0.05365687 -0.04051326 -0.30458315
v 0.00233742 -0.19924252 -0.15571318
v -0.06198174 -0.10707972 -0.24764928
v 0.16727871 0.12308992 -0.15819834
v -0.06487592 -0.11319816 -0.15801811
v 0.15767336 0.14062719 -0.15760700
v -0.08914916 -0.06172781 -0.20437457
v -0.04500088 -0.15076590 -0.15767511
v 0.05978439 0.18770772 -0.18794628
v 0.17894694 0.10105455 -0.15751584
v 0.16334576 0.13807636 -0.27118832
v 0.12280805 0.20366936 -0.15163736
v -0.03269172 -0.17484109 -0.15152804
v -0.05329816 -0.13556360 -0.16503386
v -0.11006507 -0.03009862 -0.15154585
v 0.11817408 0.21232046 -0.15149555
v -0.00895323 -0.21033757 -0.19696902
v 0.04284998 0.08715369 -0.30418671
v 0.06587068 0.18947370 -0.19641715
v -0.07805341 -0.07947465 -0.23283853
v -0.09531230 -0.05357689 -0.18846637
v 0.09493333 0.20674342 -0.18139229
v 0.08049177 0.07874639 -0.29568615
v 0.22374733 0.02066163 -0.21187617
v 0.15584835 0.14455001 -0.18112089
v 0.15222731 0.15067473 -0.17285925
v 0.02204445 -0.19779194 -0.21152549
v -0.11445314 -0.02393059 -0.14484516
v 0.14261602 0.16925218 -0.20403017
v 0.20294704 0.05113887 -0.14536140
v 0.08694552 0.20415277 -0.17338352
v -0.06939078 -0.09291446 -0.25552846
v 0.12082969 0.20624814 -0.14488044
v -0.02865118 -0.18254982 -0.14541415
v 0.14737329 0.15989377 -0.18878876
v -0.02304864 -0.19515274 -0.13797367
v -0.03797571 -0.04653005 -0.30262995
v 0.03656389 -0.18755298 -0.18847440
v 0.02846781 -0.19090542 -0.19696099
v 0.07492765 0.19620723 -0.18039752
v -0.04621011 -0.00356376 -0.30764010
v 0.14083536 0.02807835 -0.28681884
v 0.20451219 0.04757372 -0.13711827
v 0.19985097 0.05609733 -0.13812840
v 0.19536510 0.06660872 -0.13518218
v 0.10042863 0.21550769 -0.13785736
v -0.02697636 -0.18701893 -0.13627789
v 0.12726702 0.19119533 -0.13831038
v -0.02629700 -0.18967804 -0.13048045
v 0.12342419 0.19782197 -0.13008611
v 0.19682686 0.06271734 -0.13016435
v -0.10967911 -0.03711018 -0.12763622
v 0.20824605 0.04194289 -0.12981890
v -0.03506232 -0.17331576 -0.12946298
v 0.20958311 0.03708433 -0.12106965
v -0.10798088 -0.04107422 -0.12250591
v 0.11093339 0.21910149 -0.12227119
v 0.21444516 0.02766236 -0.12250871
v 0.21122371 0.03286007 -0.11697044
v -0.02195224 -0.20122192 -0.11481220
v -0.12611473 -0.00901331 -0.11427116
v -0.10529942 -0.04734284 -0.11440599
v 0.10236193 0.22045567 -0.11431133
v 0.21803652 0.01465322 -0.10438184
v -0.12902602 -0.00500631 -0.10669167
v -0.13462751 0.00573457 -0.10655091
v 0.21451956 0.01970633 -0.09880236
v -0.12213777 -0.01881461 -0.09820089
v -0.13163833 -0.00120399 -0.09886698
v 0.02602665 0.18612860 -0.09273702
v -0.17233217 0.08630667 -0.09135210
v 0.06867056 -0.15442780 -0.09070348
v 0.05068620 -0.16379389 -0.09141427
v -0.17621169 0.08446559 -0.08498952
v 0.04286570 -0.16629338 -0.08604436
v 0.05288705 -0.16139710 -0.08508592
v -0.17348132 0.07191751 -0.07960598
v 0.05755595 -0.15741280 -0.07899683
v -0.14294959 0.10334342 -0.07862170
v 0.25454697 -0.05674700 -0.07697831
v 0.09502623 -0.13833693 -0.07834262
v 0.01343526 0.18215373 -0.07886235
v -0.17766856 0.07899194 -0.07843832
v -0.17560253 0.07435972 -0.07282635
v -0.14956575 0.10209577 -0.07085883
v -0.14055244 0.10564207 -0.07050535
v 0.09062559 -0.13893735 -0.07020147
v 0.01813036 0.18601229 -0.07108237
v 0.24980472 -0.05955840 -0.07106875
v 0.08653057 -0.14098206 -0.06433942
v -0.01563716 0.17036360 -0.06314870
v 0.22273825 -0.07053784 -0.06317420
v 0.00220853 0.17953234 -0.06405999
v 0.24385430 -0.06060171 -0.06258775
v -0.00139190 0.17891620 -0.05735615
v 0.00607722 0.18280899 -0.05613086
v 0.22816719 -0.06644107 -0.05600023
v 0.23783611 -0.06190630 -0.05479939
v 0.24682217 -0.05815532 -0.05347629
v 0.07400554 -0.14479871 -0.04745461
v -0.00876706 0.17695706 -0.04817798
v 0.23125068 -0.06392586 -0.04766244
v -0.01536192 0.17496299 -0.03989188
v 0.19346988 -0.07938174 -0.02451005
v -0.00574120 0.18047506 -0.03933443
v 0.07954032 -0.14029642 -0.04014547
v -0.06080290 0.15243478 -0.03248948
v 0.16194862 -0.09642268 -0.03390409
v -0.02096481 0.17306043 -0.03199524
v 0.19947270 -0.07750608 -0.03217757
v -0.03886464 0.16358153 -0.03192503
v 0.24095872 -0.03588069 -0.03174131
v -0.15597689 0.04171725 -0.03151183
v 0.23451406 -0.02490125 -0.03210596
v -0.05600826 0.15615607 -0.02603259
v -0.15959583 0.04928487 -0.02429664
v -0.04664916 0.16045193 -0.02466619
v 0.23823918 -0.03221459 -0.02395818
v 0.17509013 -0.08883166 -0.02495225
v -0.03622055 0.16577120 -0.02398648
v 0.18388304 -0.08444883 -0.02415134
v -0.16648339 0.06160242 -0.01820755
v 0.20740916 -0.07180365 -0.01860189
v 0.24709951 -0.04762821 -0.01874370
v 0.00671920 0.18987014 -0.01855998
v 0.16761752 -0.09152884 -0.01976396
v -0.03149681 0.16900174 -0.01881845
v 0.00144255 0.18758232 -0.01348067
v -0.06749032 0.15334432 -0.01181528
v 0.21395093 -0.06782668 -0.01165146
v -0.07580227 0.14907256 -0.01151559
v 0.16237894 -0.09270453 -0.01198643
v 0.24354797 -0.04007980 -0.01258999
v -0.16382673 0.05600093 -0.01204371
v 0.23169707 -0.02148105 -0.01227214
v 0.12339135 -0.11076713 0.00284598
v 0.01282611 0.19580660 -0.00348622
v -0.12213183 0.12704453 -0.00229830
v 0.22865479 -0.01720091 -0.00451556
v 0.11833091 -0.11383036 -0.00417536
v 0.22400091 -0.01022987 -0.00412681
v 0.03603717 0.20652197 -0.00430494
v 0.01956522 0.20097812 0.00309257
v 0.02835569 0.20528655 0.00332031
v -0.17017429 0.06427724 0.00273316
v 0.03752303 0.20992890 0.00508455
v -0.15151826 0.02807486 0.00362942
v -0.12701309 0.10896691 0.00570558
v -0.11944093 0.11789185 0.00575308
v -0.11252683 0.12254538 0.00562280
v 0.18451560 -0.07841038 0.01113941
v 0.02253065 0.20352196 0.00919948
v -0.05346931 0.16169574 0.01056798
v -0.04511335 0.15358777 0.00978907
v 0.03683738 0.19052505 0.01286663
v 0.02851741 0.19907242 0.01226166
v -0.03662572 0.14552662 0.01040032
v -0.02639899 0.13103861 0.01271434
v -0.13442144 0.10130743 0.00541672
v -0.08366957 0.07376768 0.01279467
v -0.09185123 0.08194934 0.01102834
v -0.10003289 0.09013065 0.00919075
v -0.14325277 0.01225014 0.01092704
v -0.14681199 0.02101965 0.01060885
v -0.05128942 0.17013552 0.01578351
v -0.15323290 0.03762712 0.01695361
v 0.10149814 -0.11893028 0.01876221
v 0.11087890 -0.11447305 0.01909054
v -0.14350460 0.01991032 0.01908740
v 0.17812857 -0.08040410 0.01928929
v -0.01821733 0.01649710 0.02671335
v -0.00185436 0.03286007 0.02659389
v 0.00632730 0.02467841 0.02851007
v 0.01450862 0.04922304 0.02652857
v 0.02269028 0.04104173 0.02844231
v 0.03905325 0.05740471 0.02846257
v 0.03087194 0.06558602 0.02654499
v 0.12337843 -0.10322885 0.04074274
v 0.07232688 0.00788197 0.03811717
v 0.09632418 -0.01622920 0.04383497
v 0.08814252 -0.00804754 0.04183391
v 0.07996121 0.00013378 0.03984997
v 0.06359788 -0.04895514 0.04397084
v 0.05541657 -0.04077383 0.04193346
v 0.04723491 -0.02441086 0.03897536
v 0.11700642 -0.10450444 0.04768584
v 0.12560722 -0.10071784 0.04800753
v 0.12086881 -0.05713680 0.05252484
v 0.12702951 -0.06334849 0.05426463
v 0.11088519 -0.07694233 0.05439212
v 0.14871350 -0.08545197 0.05706275
v -0.05402467 0.11407766 -0.26333359
v 0.06637086 -0.10615447 -0.27870809
v -0.00169997 0.10159525 -0.31390663
v -0.01439685 0.11764421 -0.31665410
v -0.06372223 0.11211956 -0.24972858
v 0.16960530 -0.13292929 -0.25991199
v -0.07206771 0.10523340 -0.26125989
v 0.19001265 -0.11798861 -0.22628454
v 0.20037735 -0.11343881 -0.22487273
v -0.00748414 0.12518423 -0.31531774
v -0.06160940 0.04281296 -0.31498836
v -0.04535436 0.03535432 -0.31044241
v 0.07404466 -0.06252628 -0.28301128
v 0.03357820 0.07318228 -0.30436799
v 0.01257847 0.09514674 -0.30945219
v -0.14375853 0.03551778 -0.21185871
v 0.15593183 -0.08513692 -0.26942548
v 0.13948468 0.00423928 -0.28252368
v 0.14825663 -0.01097385 -0.27899136
v -0.02246150 0.01173808 -0.30654998
v -0.02070564 0.14234288 -0.20253907
v -0.03808678 0.13336345 -0.20450450
v 0.13282415 -0.10661902 -0.27047962
v 0.21292088 -0.11087681 -0.24152421
v 0.05110919 -0.08534160 -0.28366026
v -0.14609281 0.03750801 -0.20273886
v -0.03081920 0.01998611 -0.30697052
v -0.02482127 0.14123984 -0.19681987
v 0.08928119 -0.06939637 -0.27970460
v 0.14066771 -0.10031931 -0.26954424
v 0.14869498 -0.09306360 -0.26856554
v 0.04558698 -0.18434340 -0.19672277
v 0.25068248 -0.03155759 -0.19625368
v 0.19163229 -0.11663722 -0.21999356
v 0.08184036 -0.05360797 -0.28359808
v 0.23246270 -0.00150298 -0.18888516
v 0.13275115 -0.00344815 -0.28267108
v 0.14155699 -0.00389733 -0.28100883
v 0.05045567 -0.18163853 -0.18891031
v 0.10187887 -0.03177519 -0.28379473
v 0.05040538 -0.18579748 -0.21310007
v -0.11171439 0.09898573 -0.18897248
v 0.09397349 -0.07722945 -0.27799939
v 0.11453033 -0.14820808 -0.18346460
v 0.24410334 -0.02476154 -0.18102030
v -0.15471666 0.05283780 -0.18155121
v -0.08743452 0.11310385 -0.18132208
v 0.02795017 0.07861192 -0.30531001
v 0.17611563 -0.12803755 -0.24792382
v 0.12511647 -0.14316056 -0.18104370
v 0.26060183 -0.04677385 -0.20455026
v -0.03101829 0.14053079 -0.18885442
v 0.15612568 -0.01874789 -0.27696550
v 0.25738456 -0.04056915 -0.21212067
v 0.24692137 -0.03139761 -0.17312470
v 0.13978087 -0.13442213 -0.17373595
v 0.16436113 -0.12789609 -0.26478872
v -0.08317813 0.11605426 -0.17287461
v 0.15784207 -0.12428867 -0.17278101
v 0.00665528 0.10003010 -0.31120944
v -0.12039169 0.09572061 -0.17333043
v 0.11800363 -0.14507359 -0.17289243
v 0.21463273 -0.10029765 -0.19649783
v -0.10242445 0.10587714 -0.17295705
v 0.25506671 -0.03684018 -0.20464561
v -0.04813956 0.12680108 -0.22196807
v 0.23666286 -0.00323962 -0.21180562
v 0.00663922 0.10968819 -0.31431494
v -0.10544751 0.10365114 -0.18226375
v -0.14966076 0.04110984 -0.16541667
v -0.13573754 0.08933463 -0.16532586
v 0.10240594 -0.15203275 -0.16503875
v -0.12731208 0.09322881 -0.16490741
v 0.11195854 -0.14689966 -0.16553264
v 0.23689234 -0.01009225 -0.18870353
v 0.24178827 -0.01855055 -0.18869934
v 0.14738866 -0.12751362 -0.15918926
v -0.06146235 0.12911998 -0.16543588
v -0.05360308 0.04927893 -0.31453534
v 0.11768822 -0.03877522 -0.27989356
v 0.10998368 -0.02493409 -0.28350203
v 0.04349232 -0.09347331 -0.28405705
v -0.15863739 0.05548329 -0.15789830
v -0.13433516 0.09115720 -0.15864403
v -0.05481615 0.13334424 -0.15879667
v -0.04606795 0.12988981 -0.21245040
v 0.18482541 -0.10904026 -0.15857836
v 0.10797390 -0.14810783 -0.15932234
v -0.13951961 0.09039890 -0.15191435
v 0.22996950 0.00419177 -0.19663755
v -0.01223407 0.15744004 -0.15134885
v 0.07312255 -0.16498810 -0.15189444
v -0.16699719 0.06887978 -0.15154131
v -0.15000061 0.08625463 -0.15106174
v 0.12515385 -0.04601695 -0.27795887
v 0.08192314 -0.16090635 -0.15170268
v 0.02073847 0.08605763 -0.30696074
v 0.20527118 -0.11186982 -0.23238341
v 0.20119921 -0.10872137 -0.20460510
v 0.13367222 -0.13882103 -0.18062037
v -0.15851305 0.08230526 -0.15266077
v 0.07644670 -0.16197307 -0.14352626
v 0.05845780 -0.18111286 -0.21211683
v -0.06680712 0.06193529 -0.31830692
v -0.09803253 0.10765325 -0.18145062
v -0.14471313 0.08962489 -0.14594681
v -0.16502966 0.07987528 -0.14577635
v -0.00773073 0.16114177 -0.14535093
v -0.03823278 0.02825928 -0.30837674
v 0.23270476 -0.07997518 -0.14524439
v 0.09526794 -0.15307432 -0.14514520
v 0.06753014 -0.17558647 -0.21085556
v 0.13220697 -0.14088182 -0.18908355
v 0.04287688 -0.18653971 -0.20416954
v -0.06759371 0.10582335 -0.27121277
v -0.07399436 0.10261586 -0.27134620
v 0.17626233 -0.11396204 -0.26372060
v 0.18407829 -0.12071757 -0.26271221
v 0.18433327 -0.12635853 -0.25561054
v -0.00274503 0.16427206 -0.13867713
v -0.14017277 0.02736965 -0.20457995
v -0.16284244 0.06338657 -0.15772052
v 0.20927993 -0.10148033 -0.18853028
v 0.20621041 -0.10472938 -0.19691872
v -0.16187492 0.08372860 -0.13739385
v 0.05899675 -0.10063820 -0.28042413
v 0.00641882 0.16861403 -0.13810255
v 0.23787523 -0.07685955 -0.13801069
v 0.24467197 -0.07299576 -0.13777004
v 0.08579707 -0.15517947 -0.12945879
v 0.24135237 -0.07336670 -0.13160096
v -0.15569606 0.08776808 -0.13031908
v -0.00084702 0.16635276 -0.12992613
v -0.13674977 0.01174123 -0.12216396
v 0.03492400 0.18535493 -0.12232359
v 0.24902547 -0.06655074 -0.11515066
v 0.02867319 0.18308947 -0.11442520
v -0.16894306 0.08392525 -0.11420096
v 0.05163521 -0.16770694 -0.11424706
v 0.05707044 -0.16291160 -0.10852856
v 0.06627271 -0.15857033 -0.10706086
v 0.01236645 0.17624766 -0.10682021
v 0.02092080 0.18058160 -0.10631793
v -0.17379323 0.07882254 -0.10638535
v 0.25094234 -0.06420075 -0.10579924
v 0.25767727 -0.05353218 -0.10639058
v 0.09843526 -0.14005087 -0.09939719
v 0.01683765 0.17995952 -0.09963296
v 0.05938795 -0.15985046 -0.09894906
v -0.14171801 0.09894906 -0.09920089
v -0.17382991 0.07273659 -0.09854983
v 0.25628606 -0.06033556 -0.09799027
v -0.17563048 0.07913585 -0.09626515
v 0.10375977 0.22373231 -0.09425047
v -0.02210732 -0.19988276 -0.09143977
v -0.12751711 -0.00989002 -0.09176531
v -0.10764068 -0.04712873 -0.09066785
v 0.20896697 0.02767633 -0.09096160
v -0.12449579 -0.01565427 -0.08507020
v 0.21089747 0.02370705 -0.08650961
v 0.10341153 0.22474873 -0.08506811
v 0.10942168 0.21901172 -0.08552253
v 0.20443919 0.03460964 -0.08511980
v -0.12260022 -0.01922187 -0.07919802
v 0.20250065 0.03804906 -0.07874604
v 0.21330824 0.01912198 -0.07925914
v -0.13205119 -0.00339051 -0.07901534
v 0.21573543 0.01312754 -0.07091017
v -0.13619790 0.00414741 -0.07108132
v 0.21055482 0.02297495 -0.07081098
v 0.03575984 -0.16725217 -0.07112429
v 0.19677621 0.04854543 -0.06409108
v 0.11536687 0.20425616 -0.06382282
v 0.19909756 0.04261911 -0.05584829
v 0.19543740 0.05037743 -0.05496669
v -0.11919678 -0.02583559 -0.05535195
v -0.11243392 -0.03261802 -0.05538653
v -0.04042594 -0.17506883 -0.04749618
v -0.03106335 -0.19467631 -0.04755032
v 0.19239548 0.05568133 -0.04750666
v 0.12008711 0.19257745 -0.04737078
v 0.11000604 0.21151222 -0.04771658
v -0.02491034 -0.19420652 -0.04030195
v -0.03766798 -0.18212579 -0.04009028
v -0.04257265 -0.17288684 -0.03952898
v 0.18897877 0.06109980 -0.03967882
v 0.12196208 0.18910975 -0.04056880
v 0.11665713 0.19802316 -0.03960896
v 0.11222994 0.20543395 -0.03938263
v -0.06785917 -0.12940919 -0.03152964
v 0.00230493 -0.17603774 -0.02390824
v -0.00011107 -0.17895428 -0.03214369
v 0.14511551 0.14326849 -0.03168438
v 0.00682748 -0.17525814 -0.03190093
v 0.16401848 0.10194907 -0.03195542
v -0.04609275 -0.16680997 -0.03268019
v 0.12471724 0.18336051 -0.03172105
v -0.06463806 -0.13448920 -0.02392884
v -0.08508976 -0.09367031 -0.02459249
v -0.04896876 -0.16149315 -0.02588833
v -0.01306572 -0.18462038 -0.01859281
v -0.01517016 -0.18654844 -0.02414016
v -0.08891269 -0.08496262 -0.02407135
v 0.12748707 0.17603530 -0.02385759
v 0.15922279 0.10801756 -0.02422189
v 0.06074387 0.21837882 -0.01867978
v -0.06166948 -0.13816752 -0.01862984
v -0.07298633 -0.11905882 -0.01857395
v 0.14990735 0.13231140 -0.01874964
v -0.08229304 -0.09995465 -0.01867419
v 0.13859470 0.15304918 -0.01784604
v -0.07048894 -0.12326386 -0.01268081
v 0.14594506 0.13824821 -0.01212439
v 0.14168448 0.14599466 -0.01256205
v 0.06537156 0.22046265 -0.01226131
v 0.13632190 0.15581656 -0.01007199
v -0.00836539 -0.18063783 -0.01106571
v -0.07489203 -0.11542031 -0.01205838
v -0.07986969 -0.10476815 -0.01265007
v 0.15156401 0.12804279 -0.01246879
v 0.07115642 0.22299253 -0.00713765
v 0.17342753 0.08032900 -0.00466890
v -0.09755436 -0.07050989 -0.00433533
v 0.13278399 0.16072193 -0.00428503
v -0.13913854 0.00710691 -0.00369928
v 0.07918125 0.22845186 -0.00400456
v 0.08695495 0.23305858 -0.00523474
v 0.12935889 0.16478726 0.00120119
v 0.07419450 0.22758877 0.00300770
v -0.09533780 -0.07487212 0.00356411
v -0.05577529 -0.15342885 0.00356795
v 0.09352815 0.23286752 0.00328643
v -0.05844977 -0.14446653 0.00316802
v -0.09276601 -0.08044462 0.00920402
v 0.05061739 0.21213534 0.01186592
v 0.04411475 0.20567286 0.01219565
v 0.07474498 0.23252942 0.01168499
v -0.05370927 -0.15979143 0.01120333
v 0.17936015 0.07140686 0.01226027
v -0.10507133 -0.06228003 0.01101856
v 0.09756309 0.22651752 0.01110902
v 0.16782954 0.09195567 0.01111007
v 0.05541657 0.19240002 0.01467977
v 0.06359788 0.20058168 0.01490610
v 0.06572503 0.19027287 0.01630010
v -0.05854652 -0.15841455 0.01788481
v -0.05178715 -0.16275232 0.02148629
v -0.10745695 -0.05423634 0.01993057
v 0.09934270 0.22118498 0.02117613
v 0.17513833 0.07810231 0.01912268
v 0.17128432 0.08547887 0.01916948
v 0.07926089 0.23617246 0.01890787
v 0.16521164 0.09610308 0.01906435
v 0.13509660 0.08842614 0.03831766
v 0.11899385 0.12490236 0.03245804
v -0.06730660 -0.07349978 0.03644828
v 0.07177955 0.01649710 0.03713463
v -0.01003567 -0.01622920 0.03158937
v 0.10450549 0.10649397 0.03118245
v -0.05912494 -0.05713680 0.03249053
v 0.00024171 0.00641637 0.02998266
v 0.08814252 0.03286007 0.03718457
v 0.00632730 0.00013378 0.03142102
v -0.05094362 -0.06531846 0.03434488
v 0.03087194 -0.02441086 0.03728272
v 0.11268715 0.09831231 0.03330855
v 0.04608681 0.05027439 0.03005601
v 0.12689014 0.11680243 0.03520622
v 0.06359788 0.05740471 0.03129178
v 0.06022274 0.06558602 0.02998266
v -0.01713629 -0.00900318 0.02990931
v 0.13898206 0.09422148 0.03891913
v 0.09632418 0.01649710 0.03989922
v -0.02639899 -0.09804441 0.04069210
v -0.04514828 -0.09224942 0.03912765
v -0.03458030 -0.08315577 0.03803578
v 0.14805404 0.07198912 0.04225585
v 0.03087194 -0.04895514 0.04009063
v 0.03905325 -0.04077383 0.04001413
v 0.15802999 0.07195419 0.04677281
v 0.14658216 0.11577099 0.05327301
v -0.06769710 -0.09967976 0.05699360
v -0.07195244 -0.10541782 0.05702014
v -0.06130029 0.04960761 -0.31642218
v 0.06716025 -0.10035598 -0.27909021
v 0.17645654 -0.11994460 -0.26272933
v 0.14113680 -0.10674371 -0.26957428
v 0.08026334 -0.06187835 -0.28275142
v -0.00723754 0.11773957 -0.31645920
v -0.04842737 0.03762363 -0.31136523
v 0.11696660 -0.04637707 -0.27884047
v 0.18179781 -0.12632465 -0.24966955
v -0.06351021 0.11108288 -0.25508277
v 0.19319953 -0.11658273 -0.22552275
v 0.12566590 -0.03952514 -0.27882370
v 0.14884937 -0.08528292 -0.27003184
v -0.03815698 0.03550556 -0.30935544
v 0.02737629 0.07181378 -0.30469457
v 0.18356100 -0.11311503 -0.26512613
v -0.03083107 0.01210693 -0.30726566
v 0.20158168 -0.10935392 -0.21005185
v 0.14860976 -0.01855090 -0.27802419
v -0.04605922 0.13063379 -0.20482934
v 0.24916274 -0.02856875 -0.19856560
v 0.23512496 -0.00285192 -0.20449367
v 0.04381261 -0.08529759 -0.28444580
v 0.17715161 -0.12975778 -0.25568669
v 0.24249977 -0.01872659 -0.19700325
v -0.11058411 0.09827459 -0.19577726
v 0.07446765 -0.05392093 -0.28488730
v 0.23771840 -0.01046669 -0.19648107
v -0.01547299 0.12395719 -0.31443230
v 0.13877702 -0.00110025 -0.28170985
v 0.10197911 -0.02493374 -0.28491594
v 0.04393137 -0.18847615 -0.21181016
v 0.22971313 0.00393645 -0.18851526
v 0.09521450 -0.06912707 -0.27850655
v -0.02245032 0.02011779 -0.30650247
v -0.13980462 0.02798090 -0.21166520
v 0.24684243 -0.02964315 -0.18158614
v -0.08203876 0.11573257 -0.18089840
v 0.14031633 -0.13551051 -0.18120053
v 0.08799826 -0.07651795 -0.27923062
v -0.04656428 0.02835673 -0.31008963
v -0.10311010 0.10523934 -0.17920332
v 0.11797638 -0.14640402 -0.18111181
v 0.13263065 -0.10068571 -0.27086244
v -0.09698188 0.10871159 -0.17310654
v 0.25744150 -0.04072842 -0.20511645
v 0.26039785 -0.04495268 -0.21135434
v 0.13294955 -0.13780601 -0.17325883
v 0.16296399 -0.13498413 -0.26182363
v 0.16983758 -0.12872704 -0.26243977
v -0.15443374 0.05152169 -0.17274224
v 0.00402167 0.10271505 -0.31269810
v 0.05059713 -0.18220752 -0.19629071
v 0.05099357 -0.09312822 -0.28284013
v 0.15629753 -0.01099970 -0.27736334
v 0.25507893 -0.03694531 -0.21263552
v -0.04739593 0.12612975 -0.22574874
v 0.24980193 -0.03244617 -0.18866162
v -0.13287934 0.09083376 -0.16417950
v 0.00080336 0.10928057 -0.31529015
v 0.04586571 -0.18355891 -0.18814397
v 0.13322863 0.00453582 -0.28352927
v -0.10642761 0.10367245 -0.17320958
v -0.15235235 0.04598307 -0.16458502
v 0.15654762 -0.09331823 -0.26812858
v 0.14858042 -0.12797991 -0.16495806
v 0.24383334 -0.02531027 -0.17308838
v 0.18626622 -0.10965920 -0.16616519
v 0.02010801 0.09423301 -0.30832539
v -0.13753252 0.08947330 -0.15966499
v -0.05371974 0.04301030 -0.31350565
v 0.19934800 -0.11295959 -0.21909520
v -0.05198904 0.13514935 -0.15566882
v 0.10837522 -0.14885531 -0.16551657
v 0.24769818 -0.03635467 -0.15553259
v 0.10999137 -0.03153069 -0.28302980
v -0.15127865 0.04248847 -0.15869363
v 0.07772613 -0.16290776 -0.15227236
v -0.12823035 0.09397209 -0.15839953
v 0.14323600 0.00680233 -0.28139619
v 0.10237066 -0.15097442 -0.15837403
v 0.20680979 -0.11230923 -0.23953888
v 0.11172871 -0.14569497 -0.15781168
v -0.07524341 0.10339267 -0.26329412
v 0.23284307 -0.00141705 -0.19655302
v -0.00782749 0.16000729 -0.15201843
v -0.16252983 0.06342813 -0.16519488
v -0.15807469 0.05575817 -0.16514947
v -0.14411515 0.08822879 -0.15267684
v -0.06769256 0.10721944 -0.26247226
v 0.23288499 -0.08055639 -0.15141941
v 0.01212719 0.08637513 -0.30851052
v 0.09703532 -0.15298630 -0.15170443
v 0.03539169 0.07873696 -0.30453704
v -0.16437336 0.07875652 -0.15161012
v -0.14406276 0.03498443 -0.20529214
v -0.16797239 0.06969955 -0.14743965
v 0.05915707 -0.10670704 -0.27977271
v 0.05931390 -0.17915546 -0.20445525
v -0.06822731 0.05633589 -0.31830692
v 0.23413264 0.00229166 -0.21221568
v 0.12476928 -0.14189475 -0.17384213
v -0.05164080 0.11344580 -0.27106223
v 0.06435025 -0.17796161 -0.21370782
v 0.21444062 -0.09861654 -0.18894244
v -0.01359314 0.15802265 -0.14473409
v 0.07381553 -0.16353228 -0.14563420
v -0.15074669 0.08738003 -0.14515742
v 0.20503262 -0.10394838 -0.18867105
v 0.08161193 -0.16015993 -0.14516161
v -0.14173233 0.09117816 -0.14434149
v -0.05370333 0.13319230 -0.16532900
v -0.03058308 0.13829990 -0.19642588
v 0.06685078 -0.17496369 -0.20442661
v -0.08802586 0.11336896 -0.17303563
v -0.09122252 0.11218872 -0.16684595
v -0.06128003 0.12985243 -0.15856719
v 0.13253634 -0.14138654 -0.19650272
v -0.03740847 0.13298203 -0.21213255
v -0.12067007 0.09498537 -0.18101017
v 0.24287804 -0.07410998 -0.13859400
v 0.20934595 -0.10272972 -0.19450481
v -0.15558848 0.08664269 -0.13804318
v 0.08648411 -0.15654901 -0.13858981
v 0.00085645 0.16609708 -0.13795271
v -0.16290147 0.08431994 -0.12967779
v 0.00567309 0.16931959 -0.12962819
v 0.23703555 -0.07580576 -0.13008017
v 0.24455252 -0.07134503 -0.12973647
v -0.16822143 0.08351064 -0.11984820
v 0.25054730 -0.06737471 -0.12272003
v 0.02921213 0.18247787 -0.12190968
v 0.05299323 -0.16878029 -0.11985519
v -0.13719022 0.01129275 -0.11480766
v 0.01796375 0.17873353 -0.10854952
v 0.03349612 0.18572517 -0.11429212
v 0.21829534 -0.08088157 -0.10705807
v 0.05949099 -0.16105724 -0.10556976
v -0.13943298 0.09808248 -0.10680309
v -0.17165037 0.07080364 -0.10639303
v 0.25715823 -0.06065131 -0.10684815
v -0.17491758 0.07924936 -0.10035738
v 0.06675612 -0.15625876 -0.09901263
v 0.21112346 0.02467841 -0.09376322
v -0.14638551 0.09764029 -0.09665041
v 0.25761125 -0.05473966 -0.09889492
v 0.01235318 0.17774819 -0.09879572
v 0.02074825 0.18212055 -0.09897595
v 0.25097832 -0.06315324 -0.09887885
v -0.12421567 -0.01584848 -0.09035349
v 0.10953066 0.21941794 -0.09083760
v 0.10243109 0.22440993 -0.09061162
v 0.20535816 0.03431939 -0.09089908
v -0.12757230 -0.01039683 -0.08509675
v -0.10660470 -0.04821326 -0.08423367
v 0.20785066 0.02846187 -0.08504855
v 0.10450549 0.09831231 0.03202493
v 0.21675254 0.01247158 -0.07851097
v 0.21069663 0.02326869 -0.07672438
v -0.13620209 0.00423578 -0.07880752
v 0.03592610 -0.16802339 -0.07893990
v 0.20230994 0.03779443 -0.07061049
v -0.12254294 -0.01970214 -0.07178199
v 0.21245738 0.01958688 -0.07120811
v -0.13205852 -0.00327769 -0.07102160
v 0.19547932 0.05150283 -0.06393460
v 0.19929421 0.04285662 -0.06303903
v -0.11905008 -0.02600535 -0.06353292
v -0.11267563 -0.03281886 -0.06359998
v 0.05541657 0.06558602 0.02942799
v 0.19675735 0.04745566 -0.05535475
v -0.03445491 -0.18658057 -0.05468168
v 0.11534661 0.20309793 -0.05622272
v -0.04268407 -0.17154663 -0.04746754
v -0.03411191 -0.18955369 -0.04806761
v -0.02259108 -0.19439793 -0.04775185
v 0.13254717 0.09503986 0.03741545
v -0.03701517 -0.18130462 -0.04755346
v 0.18984709 0.06107430 -0.04764742
v 0.11317510 0.20522473 -0.04734529
v 0.12203193 0.18911604 -0.04721675
v 0.11730296 0.19779648 -0.04766663
v -0.02060190 -0.19129278 -0.03954644
v -0.03087264 -0.19414609 -0.04034980
v -0.04033338 -0.17642370 -0.04051291
v 0.10934100 0.21161805 -0.04050383
v 0.19186875 0.05559366 -0.04016712
v 0.12007663 0.19233226 -0.04009657
v -0.11004097 -0.03748845 -0.03946611
v 0.00267168 -0.17688406 -0.02983247
v -0.04902849 -0.16123084 -0.03224673
v 0.16035343 0.10933681 -0.03273398
v -0.08498533 -0.09285962 -0.03169066
v -0.06533034 -0.13432783 -0.03268403
v -0.01460083 -0.18680691 -0.03233230
v -0.08853197 -0.08422878 -0.03233055
v 0.12782728 0.17713659 -0.03175843
v 0.14412843 0.14372675 -0.02552822
v -0.08635383 -0.09144885 -0.02209265
v -0.00184143 -0.17855015 -0.02441924
v -0.06753049 -0.12940325 -0.02452857
v 0.16262274 0.10144645 -0.02429524
v -0.04580179 -0.16798532 -0.02441540
v 0.12421078 0.18340871 -0.02435602
v 0.00674854 -0.17362663 -0.02370530
v 0.14739879 0.13666105 -0.01947965
v 0.14258843 0.14507010 -0.01842236
v 0.06554899 0.22010114 -0.01951423
v -0.07040825 -0.12355971 -0.01863612
v 0.15205371 0.12871237 -0.02042970
v -0.07957315 -0.10545764 -0.01853413
v -0.00799794 -0.18159732 -0.01755683
v -0.07565172 -0.11352544 -0.01770563
v 0.05935511 0.21818426 -0.01119599
v 0.13774803 0.15379734 -0.01263784
v -0.01301263 -0.18345202 -0.01231196
v -0.07297899 -0.11912099 -0.01246425
v 0.12865788 0.17129095 -0.01210658
v -0.08249807 -0.09908179 -0.01272656
v -0.06253676 -0.13657303 -0.01236296
v 0.14951615 0.13179621 -0.01156030
v -0.09454702 -0.07571564 -0.00428189
v 0.07422350 0.22511304 -0.00431228
v 0.13016539 0.16582219 -0.00497033
v 0.09387255 0.23279313 -0.00425150
v -0.05541762 -0.15214662 -0.00468636
v -0.05832612 -0.14453779 -0.00428329
v 0.07908939 0.23050112 0.00316418
v 0.13144378 0.16039115 0.00311143
v -0.09892496 -0.06926504 0.00299512
v -0.05677180 -0.14942848 0.00275901
v -0.13988845 0.00653967 0.00311143
v 0.08799023 0.23482317 0.00441811
v 0.17346491 0.08036463 0.00286379
v 0.18105488 0.06899749 0.00905313
v -0.04985071 -0.16283021 0.01009575
v 0.04404803 0.21208784 0.01056588
v 0.05034425 0.20505113 0.01270141
v 0.07542154 0.23301353 0.01846567
v 0.08151203 0.23492412 0.01176812
v -0.05812808 -0.15858849 0.01460991
v -0.10820477 -0.05717697 0.01134549
v 0.17538633 0.07763322 0.01146634
v 0.17120887 0.08550157 0.01099935
v 0.16535275 0.09623162 0.01139963
v 0.05807533 0.19792257 0.01441536
v 0.06632510 0.19785446 0.01557079
v 0.05814344 0.18967280 0.01535773
v -0.05511724 -0.16038172 0.01940630
v 0.17956657 0.07091052 0.01944646
v -0.10494384 -0.06193424 0.01896829
v 0.16773034 0.09212402 0.01954391
v 0.09737238 0.22779555 0.01948034
v -0.00185436 0.00831544 0.02954081
v 0.12597921 0.12444794 0.03502180
v 0.02269028 -0.03259217 0.03736830
v -0.06953783 -0.06940929 0.03579442
v -0.05912494 -0.06531846 0.03400608
v -0.01003567 -0.00804754 0.03055444
v -0.00185436 0.00013378 0.03048109
v -0.05094362 -0.05713680 0.03297079
v 0.00632730 0.00831544 0.03041857
v 0.04723491 0.04104173 0.03124498
v 0.05541657 0.05923531 0.03011643
v 0.11268715 0.10649397 0.03251777
v 0.11973259 0.11740251 0.03313880
v 0.06359788 0.06558602 0.03036722
v -0.01821733 -0.01622920 0.03066586
v 0.15359476 0.07125038 0.04402218
v 0.14811168 0.07999264 0.04226528
v 0.08814252 0.01649710 0.03892821
v 0.13918813 0.08835209 0.03910110
v -0.02639899 -0.10622607 0.04211439
v -0.03458030 -0.08986310 0.03895685
v -0.04276196 -0.08425253 0.03783599
v 0.03087194 -0.04077383 0.03909796
v 0.03905325 -0.04895514 0.04104627
v 0.15273447 0.11399732 0.05251611
v 0.15546798 0.07987773 0.04784127
v -0.06627655 -0.10540141 0.05532890
v -0.07353470 -0.09985720 0.05667784
v -0.07249872 -0.10323654 0.05995030
v 0.13519406 -0.14639005 -0.26647786
v 0.00262593 0.13602081 -0.29274727
v 0.13007283 -0.14815639 -0.26728785
v 0.01177092 0.14189824 -0.30882033
v 0.08038000 -0.13424959 -0.27435634
v 0.20750626 -0.10044156 -0.26146107
v -0.09594800 0.09144641 -0.27057114
v -0.10166056 0.09091480 -0.26058611
v -0.09774368 0.01996969 -0.31661359
v 0.25921272 -0.03958871 -0.25534299
v -0.09213310 0.09755087 -0.25002547
v 0.05081159 -0.16671112 -0.27834204
v 0.07449629 -0.12831174 -0.27605631
v -0.01452678 0.12863482 -0.28557364
v 0.23558392 0.00531263 -0.24778830
v -0.11220898 0.04067778 -0.32320845
v 0.06545608 -0.15141731 -0.27480762
v 0.05692583 -0.19232352 -0.26927564
v -0.14682177 0.04492648 -0.23951827
v 0.23939602 -0.00088649 -0.25533566
v -0.12760548 0.08381382 -0.23168205
v -0.15308061 0.05343508 -0.22623145
v 0.21314443 -0.10706436 -0.25964339
v 0.10787470 -0.15654063 -0.22627162
v 0.08669648 -0.11295820 -0.27635775
v -0.12447239 0.01558826 -0.27942692
v -0.11832357 0.09063781 -0.21806935
v -0.00757321 0.13325308 -0.27856628
v 0.11714508 -0.15187453 -0.22545639
v 0.11203294 -0.15490877 -0.23188848
v 0.13888565 -0.14160100 -0.26742373
v 0.04329462 -0.16009426 -0.27965186
v 0.14234742 -0.13899498 -0.21943855
v -0.06446586 0.12092854 -0.21048986
v 0.12541930 -0.12803370 -0.27080027
v 0.24670586 -0.02147372 -0.22416298
v -0.07140616 0.11859357 -0.20657681
v 0.17614742 -0.07643692 -0.27318763
v 0.21514653 -0.00125114 -0.27474440
v 0.14742324 -0.14172360 -0.24873975
v 0.23134115 0.00522775 -0.27280167
v 0.17030527 -0.12416956 -0.20475250
v 0.17427839 -0.02199415 -0.27479574
v 0.19913878 -0.09319423 -0.26533325
v -0.14461289 0.04003998 -0.23262966
v -0.13530373 0.06303868 -0.32195765
v -0.02315064 0.12961562 -0.26322322
v 0.16642157 -0.12541127 -0.19845767
v -0.11208953 0.09241323 -0.22623494
v 0.20721321 0.00450299 -0.27645939
v 0.18080234 -0.11721040 -0.18704128
v 0.04932119 -0.19318102 -0.24965837
v 0.18545413 -0.11645699 -0.19661554
v 0.06719273 -0.18247088 -0.24660632
v 0.06687244 -0.18664659 -0.26914465
v -0.00412471 0.13391078 -0.29948358
v 0.05919305 -0.14351019 -0.27701545
v 0.04386640 -0.19803399 -0.25500244
v 0.23696359 -0.01782962 -0.27179049
v 0.12797887 -0.14702086 -0.22621748
v 0.18422220 -0.07012428 -0.27167313
v 0.13924891 -0.14889128 -0.26154351
v 0.15601321 -0.13348745 -0.23196707
v -0.08011629 0.10549676 -0.24058918
v 0.00546841 0.13915076 -0.29934911
v 0.07976491 -0.17321167 -0.24079491
v -0.09691377 0.10190227 -0.21966523
v 0.24059337 -0.00541916 -0.24766221
v 0.12326840 -0.14858740 -0.22008123
v 0.02840529 0.14431529 -0.31222726
v 0.02004339 0.13741656 -0.31339457
v 0.02877343 0.15175437 -0.30637079
v -0.11885169 0.04820383 -0.32512567
v -0.12945390 0.02807381 -0.29264353
v -0.06207500 0.12590830 -0.18921314
v 0.14828213 -0.13796109 -0.24003940
v -0.13982209 0.03577800 -0.25562941
v -0.07486583 0.11552545 -0.21193241
v 0.07108726 -0.17828050 -0.24212568
v -0.14969464 0.04928137 -0.23239180
v 0.10976922 -0.11293445 -0.27286489
v -0.10492813 0.08692142 -0.27101124
v 0.24259827 -0.01365042 -0.26764273
v 0.24983546 -0.02459738 -0.26255713
v 0.19152645 -0.09344886 -0.26799271
v 0.16118438 -0.12657264 -0.18894698
v 0.17615301 -0.12070954 -0.19663860
v -0.08912646 0.02828793 -0.31655700
v -0.12036445 0.08887707 -0.22629886
v 0.06079417 -0.19159526 -0.26323440
v 0.10268746 -0.15796816 -0.21950317
v 0.09393157 -0.12030926 -0.27482648
v 0.10164240 -0.12004345 -0.27362529
v 0.15453608 -0.14141692 -0.25627209
v -0.13678715 0.08127766 -0.21960481
v -0.13277630 0.03431205 -0.29222823
v 0.11778113 -0.13645952 -0.27144749
v 0.01226830 0.13020172 -0.31471557
v 0.24668456 -0.01732770 -0.26327282
v -0.12820311 0.05483431 -0.32561537
v -0.15540685 0.06330414 -0.23991540
v 0.26239506 -0.04497573 -0.24735518
v 0.16822737 -0.05378960 -0.27389703
v 0.07431990 -0.17492492 -0.23224126
v -0.08992318 0.10103185 -0.23993112
v -0.12653143 0.01995747 -0.28623694
v -0.15501600 0.05725556 -0.23156574
v -0.08225007 0.03504276 -0.31805404
v -0.10477444 0.03566937 -0.32028597
v 0.15752143 0.11198928 -0.00478556
v -0.07797971 -0.10983000 0.01094171
v 0.15230380 0.12262327 0.01019180
v -0.04784930 -0.12361175 0.05434182
v 0.15009282 0.12491249 0.01948384
v 0.15467824 0.11675458 0.01932910
v -0.09411320 -0.08244637 0.02475176
v 0.13744764 0.15131113 0.02641122
v 0.14780535 0.13023001 0.02649330
v -0.06384972 -0.13808893 0.02710490
v 0.12728204 0.16877226 0.02723762
v -0.00835630 -0.17192875 0.02584223
v -0.07342293 -0.12004205 0.02660996
v -0.08322353 -0.10007131 0.02656246
v 0.10397213 0.17538807 0.02534310
v 0.09694591 0.19744125 0.02608882
v 0.13827894 0.14525906 0.03406161
v -0.01477268 -0.17537794 0.03419609
v -0.07435238 -0.11342275 0.03434873
v 0.12683461 0.16247359 0.03544967
v 0.12022264 0.16961543 0.03520762
v 0.13407879 0.15353084 0.03461977
v -0.07000937 -0.12173329 0.03475704
v 0.10832283 0.17569125 0.03518701
v 0.10435600 0.18389282 0.03458065
v 0.09670560 0.21399738 0.03850906
v -0.06471804 -0.12681994 0.04002776
v 0.11282512 0.16920817 0.04012975
v 0.16150677 0.10113314 0.04096978
v 0.13855767 0.13603933 0.03966974
v 0.11739866 0.17633394 0.04202846
v -0.08331085 -0.08515019 0.04184753
v 0.13226495 0.13010008 0.04287513
v -0.04430057 -0.16631713 0.04126842
v 0.13903026 0.12949826 0.04646090
v -0.04075916 -0.16748060 0.04873649
v -0.04470853 -0.15787351 0.04866419
v -0.06091328 -0.11394702 0.05125623
v -0.04936381 -0.11849821 0.05043646
v 0.16099612 0.08782676 0.05360972
v -0.05028138 -0.15631884 0.05701036
v -0.03396940 -0.13895237 0.05452729
v 0.17464829 0.06991995 0.05792095
v -0.05718396 -0.10380238 -0.29827541
v 0.07269886 0.05523425 -0.29641511
v -0.02470740 -0.06781027 -0.29657019
v 0.05301803 0.02614716 -0.29637425
v -0.05572639 -0.06208618 -0.30433830
v -0.05522656 -0.11024076 -0.29590970
v 0.10964837 0.09646564 -0.29687966
v -0.01549360 -0.01049672 -0.30416925
v 0.10105839 0.09357600 -0.29567253
v -0.00155991 -0.04421255 -0.29690760
v -0.02301651 -0.07704398 -0.29450592
v 0.08143589 0.05476970 -0.29545493
v 0.02014224 0.00453303 -0.29979026
v 0.05051400 0.03545352 -0.29815595
v 0.07511662 0.06209840 -0.29622300
v -0.12793311 0.00499094 -0.21225759
v -0.11685902 -0.01612755 -0.21179269
v -0.11483631 -0.02083313 -0.20439098
v -0.00726723 -0.02493583 -0.30080039
v -0.06244245 -0.10201229 -0.29373085
v -0.05411618 -0.10100181 -0.29979585
v -0.01473635 -0.03053418 -0.30067325
v 0.15560455 0.10090855 -0.29348042
v -0.06780503 -0.07548302 -0.30411755
v 0.02772173 -0.01857605 -0.29742455
v 0.01213802 -0.00352918 -0.30081506
v 0.04416539 0.17571465 -0.21226632
v -0.07299296 -0.06896885 -0.30526007
v 0.13186048 0.19103222 -0.19665501
v -0.09888654 -0.04754543 -0.18891939
v 0.12739975 0.19793375 -0.18105208
v -0.12004660 -0.01088443 -0.20469382
v 0.10979367 0.08752778 -0.29417410
v 0.11694494 0.07866047 -0.29471444
v -0.06554655 -0.09854738 -0.28693620
v 0.20905744 0.04225655 -0.18087569
v 0.20474202 0.04933202 -0.17292736
v 0.20111958 0.05657760 -0.17307825
v 0.12846891 0.19401686 -0.17092036
v 0.10369445 0.21079129 -0.17242508
v 0.14888534 0.10196025 -0.29804313
v 0.00596230 -0.04672146 -0.29489083
v 0.00292771 -0.04037320 -0.29650977
v 0.09585579 0.04268547 -0.29141300
v -0.03149926 -0.07644670 -0.29736028
v -0.02275594 -0.18849396 -0.18094031
v 0.05669635 0.18649325 -0.19047091
v -0.02885936 -0.18006465 -0.16484943
v 0.21706271 0.02898405 -0.18810695
v 0.04409169 0.02822575 -0.29886814
v 0.15608307 0.10935741 -0.29919927
v 0.11000743 0.21286744 -0.18123965
v 0.14004458 0.12335258 -0.30248953
v 0.13301940 0.11721808 -0.29903266
v -0.03256388 -0.17436117 -0.15802265
v 0.12337494 0.20366587 -0.15738974
v -0.06517700 -0.11175770 -0.15152420
v 0.19791314 0.06330518 -0.18099934
v -0.11002944 -0.03085971 -0.15776558
v 0.19564139 0.06786056 -0.17100768
v -0.10444297 -0.03905639 -0.18871506
v -0.10109821 -0.04308540 -0.19616357
v -0.06897374 -0.08523088 -0.29948987
v -0.06849417 -0.09248483 -0.29377801
v 0.16480158 0.13953113 -0.27846254
v 0.03556144 -0.01868363 -0.29594847
v 0.16762660 0.12049019 -0.15218015
v 0.06706140 0.01215199 -0.29370850
v 0.15741594 0.13818988 -0.15159126
v -0.04521884 -0.15086125 -0.15160313
v 0.17886381 0.10157918 -0.15145259
v -0.10684256 -0.03299839 -0.21216713
v -0.12292436 -0.00541078 -0.19672347
v -0.12469803 -0.00192980 -0.20522124
v -0.03816746 -0.05377773 -0.30159990
v -0.04606306 -0.06176833 -0.30183288
v 0.00143521 -0.19882163 -0.15092587
v 0.12497676 0.07160525 -0.29390305
v 0.16744637 0.13589018 -0.28665503
v 0.17490780 0.10745905 -0.14593877
v 0.10009017 0.20822125 -0.18137587
v 0.05255523 0.18088617 -0.21213324
v 0.15713686 0.13472881 -0.14330237
v 0.08665456 0.04803163 -0.29402949
v 0.21421394 0.03517094 -0.19667702
v 0.16970415 0.11552405 -0.14508826
v -0.05437605 -0.13644624 -0.14522798
v -0.11439481 -0.02311571 -0.16524028
v 0.08134542 0.20487020 -0.14531774
v -0.05816824 -0.12874695 -0.14544558
v 0.16262309 0.12483146 -0.14492584
v 0.00560254 -0.19610035 -0.14559822
v -0.07349139 -0.08474362 -0.29335747
v -0.04886642 -0.14575854 -0.14494296
v 0.11803366 0.21305047 -0.15806876
v -0.04103510 -0.16068351 -0.13828314
v -0.02073218 -0.19393757 -0.17216033
v 0.16965944 0.13053389 -0.27847861
v -0.06228422 -0.05393106 -0.30487585
v 0.05902015 0.01942621 -0.29492716
v 0.17317675 0.11159738 -0.13770716
v -0.06201457 -0.12058484 -0.13784129
v 0.08468564 0.20828167 -0.13764604
v 0.09490957 0.21291844 -0.13770577
v 0.19267351 0.07188119 -0.13784653
v -0.08125286 -0.08510234 -0.13772218
v 0.07003556 0.20027675 -0.13191182
v -0.04271865 -0.15834853 -0.13050525
v -0.00604927 -0.19928967 -0.12810321
v 0.08781698 0.21045109 -0.12916609
v 0.15273656 0.14330656 -0.12950734
v 0.18873671 0.07654450 -0.13041164
v 0.14610084 0.15387209 -0.12991007
v -0.08001744 -0.09030250 -0.12947905
v -0.03821322 -0.16733949 -0.13039976
v -0.09995291 -0.05505157 -0.12223033
v -0.08873316 -0.07631397 -0.12128621
v 0.06658637 0.20013250 -0.12170221
v -0.00954562 -0.20020200 -0.12210528
v 0.18707691 0.07810126 -0.12172771
v 0.13289855 0.17649775 -0.12224744
v -0.01586769 -0.20157120 -0.11464036
v 0.05839842 0.19680800 -0.11444615
v -0.09260813 -0.07145227 -0.11428828
v -0.09725992 -0.06231740 -0.11459425
v 0.09700668 0.21779376 -0.11464071
v -0.10205595 -0.05297088 -0.11392816
v 0.02014049 -0.18326830 -0.11447794
v 0.12961667 0.18228122 -0.11402177
v 0.21969877 0.01223826 -0.10679750
v 0.05201907 0.19551739 -0.10605527
v 0.04394220 0.19166582 -0.10681147
v -0.09513801 -0.06764715 -0.10617123
v -0.05294538 -0.14341833 -0.10661378
v 0.13737744 0.16527556 -0.10647826
v 0.02707835 -0.17900353 -0.10687015
v 0.18047961 0.08883131 -0.10753240
v 0.03558345 -0.17483376 -0.10707903
v 0.17711110 0.09454492 -0.09859384
v 0.06638902 0.20489500 -0.09934864
v -0.05031456 -0.14975961 -0.09841256
v 0.01064377 -0.18585930 -0.09932978
v 0.13970822 0.16030558 -0.09888374
v 0.02945454 -0.17596509 -0.09891273
v 0.13536660 0.16845650 -0.09860990
v 0.18176567 0.08460950 -0.09854459
v 0.12458381 -0.12675951 -0.09262979
v 0.20117826 -0.08731262 -0.09076146
v 0.23466565 -0.01854740 -0.09106429
v 0.22495062 -0.00124206 -0.09104822
v -0.14350355 0.02005667 -0.09083795
v -0.04584825 0.14855911 -0.09240694
v -0.15336144 0.03776823 -0.08915056
v -0.03810005 0.15281131 -0.09121344
v 0.02931517 0.18793056 -0.09116698
v 0.19259108 -0.09114882 -0.09114602
v -0.12176613 0.11111886 -0.08495215
v 0.19716252 -0.08897067 -0.08627384
v 0.22682593 -0.00527037 -0.08507544
v -0.13968866 0.01221905 -0.08536046
v -0.04355624 0.15122660 -0.08420922
v 0.03599211 0.19229733 -0.08619630
v 0.11792050 -0.12834038 -0.08569438
v 0.22219127 0.00328608 -0.08402060
v -0.16989835 0.06635864 -0.07866396
v 0.22863698 -0.00947367 -0.07892103
v 0.10175417 -0.13518288 -0.07900451
v -0.12793625 0.10981184 -0.07865663
v -0.14815080 0.02770567 -0.07890881
v 0.11033332 -0.13104350 -0.07888715
v 0.25313481 -0.04745636 -0.07887039
v -0.11974866 0.11426837 -0.07777538
v 0.20515522 -0.08138629 -0.07289027
v 0.12602985 -0.12195928 -0.07070724
v 0.23112180 -0.01647649 -0.07055355
v -0.13452482 0.10839129 -0.07110193
v 0.02191382 0.18802487 -0.07068838
v 0.24918020 -0.04337182 -0.07081412
v 0.10517996 -0.13178782 -0.07000692
v -0.15166566 0.03350101 -0.07098073
v -0.11468472 0.11836549 -0.07083578
v -0.03150799 0.16190601 -0.06352069
v 0.13120976 -0.11911086 -0.06415954
v -0.16432306 0.05639143 -0.06351336
v -0.02268818 0.16650155 -0.06380326
v 0.20745107 -0.07737964 -0.06369778
v 0.14093736 -0.11363965 -0.06343197
v 0.21672146 -0.07274951 -0.06154409
v 0.24539325 -0.03894288 -0.06359998
v -0.02830190 0.16524378 -0.05488880
v 0.13495689 -0.11691071 -0.05516369
v 0.21289853 -0.07379702 -0.05555873
v -0.06723045 0.14447771 -0.05559401
v -0.10623201 0.12538577 -0.05504214
v -0.06252034 0.14808688 -0.04800683
v 0.16729408 -0.09616106 -0.04741514
v -0.15892905 0.04876094 -0.04778189
v -0.05372918 0.15288571 -0.04765196
v 0.23920636 -0.03104973 -0.04766872
v 0.17668183 -0.09119003 -0.04770505
v -0.04416539 0.15801252 -0.04742492
v 0.18671330 -0.08602201 -0.04733062
v -0.07853507 0.14164640 -0.04190621
v -0.01958408 0.17286798 -0.03792192
v 0.19978775 -0.07873871 -0.03984613
v 0.16204292 -0.09790784 -0.04034805
v -0.06033242 0.15104498 -0.03930928
v 0.24124723 -0.03553595 -0.03947938
v -0.15554831 0.04153492 -0.04006688
v -0.03864983 0.16233702 -0.04035923
v 0.23535024 -0.02538990 -0.04039625
v -0.00738180 0.18087080 -0.03133893
v -0.01486733 0.17647854 -0.03211260
v 0.22452379 -0.06502227 -0.03133684
v -0.17116905 0.10036925 -0.02433716
v 0.07188293 -0.14063313 -0.02420024
v 0.22998732 -0.06080605 -0.02446081
v 0.24427833 -0.05309592 -0.01951946
v 0.23667159 -0.05542216 -0.01180340
v -0.00208279 0.18584638 -0.01253935
v -0.16230105 0.11563652 -0.00369544
v 0.09213974 -0.12689434 -0.00400351
v -0.17598011 0.07347602 -0.00375866
v 0.04390308 -0.15185776 -0.00440239
v 0.05339246 -0.14686578 -0.00425988
v -0.18562493 0.09404090 -0.00338702
v 0.04910568 -0.14827060 0.00281838
v -0.17809643 0.07869505 0.00304996
v -0.17361265 0.07131709 0.00359240
v 0.08847888 -0.12805466 0.00294762
v -0.18503044 0.08829690 0.00420155
v -0.15593986 0.11723101 0.00330494
v -0.14623008 0.11573327 0.00828295
v -0.14829086 0.10918172 0.00625745
v -0.14274037 0.10073565 0.00518689
v -0.16529687 0.10176674 0.00838425
v 0.09163782 -0.12498165 0.01298678
v 0.07264577 -0.13481613 0.00989106
v 0.21370293 0.00442475 0.01144643
v 0.08091441 -0.13054577 0.01115373
v -0.18371050 0.08137581 0.01121311
v -0.17803461 0.09200841 0.01565567
v 0.03905325 0.17194621 0.01556765
v 0.03667951 0.18263609 0.01386873
v -0.17143870 0.09402658 0.01336261
v -0.17069298 0.08648970 0.01808181
v -0.00189941 0.14745607 0.01362248
v -0.10003289 0.04922304 0.01424840
v 0.00606918 0.15592379 0.01363505
v -0.09185123 0.05905683 0.01374683
v -0.08423611 0.06591679 0.01365846
v -0.11844128 0.03456458 0.01564973
v -0.10821420 0.04104173 0.01478350
v -0.10003289 0.04104173 0.01536681
v 0.01445483 0.16384000 0.01362492
v 0.02950064 0.17421517 0.01417680
v -0.01777374 0.13079760 0.01359139
v -0.00990678 0.13904912 0.01360641
v 0.07555183 -0.13145286 0.01935600
v 0.09550301 -0.12198059 0.01898576
v 0.21063341 0.00761931 0.01931583
v 0.05801386 -0.14091710 0.01887713
v 0.21664671 -0.00232449 0.01922572
v -0.02639899 0.01649710 0.02579997
v -0.04276196 0.02467841 0.02297949
v 0.03905325 0.08194934 0.02558027
v -0.03458030 0.03286007 0.02288797
v 0.03087194 0.07376768 0.02556420
v 0.06494193 -0.06531846 0.04625307
v 0.12905013 -0.00217745 0.04617832
v 0.06677429 -0.10121278 0.05359784
v 0.08814252 -0.08168144 0.05204772
v 0.11268715 -0.01896585 0.04613641
v 0.14541345 -0.02441086 0.05112420
v 0.05882944 -0.10726240 0.05441866
v 0.06768872 -0.10986737 0.06126256
v 0.10383836 0.09596197 -0.29648776
v 0.16696960 0.13574662 -0.27867945
v -0.02254567 -0.07067476 -0.29543886
v 0.14911937 0.10949399 -0.30122093
v 0.16050397 0.14558739 -0.29256075
v 0.11001232 0.09258124 -0.29582133
v -0.05373057 -0.10655126 -0.29816643
v -0.05972815 -0.10727428 -0.29337004
v 0.01283624 0.00401259 -0.30046019
v 0.15403521 0.10411185 -0.29652863
v -0.01536541 -0.02405563 -0.30186676
v 0.07640862 0.05690942 -0.29606478
v -0.00699479 -0.03198791 -0.29977000
v -0.03103645 -0.06930276 -0.29826702
v 0.14104004 0.11742870 -0.30233969
v -0.11512901 -0.01936578 -0.21211613
v -0.11681326 -0.01723933 -0.20538470
v -0.06058670 -0.10023059 -0.29765193
v 0.15774706 0.10521279 -0.29549160
v 0.12939627 0.19649085 -0.19865048
v 0.21689366 0.03018489 -0.19640737
v -0.12441476 -0.00194307 -0.21190027
v 0.10212616 0.08765596 -0.29430054
v -0.12307700 -0.00567484 -0.18876431
v -0.06199921 -0.06235478 -0.30600858
v -0.09781528 -0.04768444 -0.19663021
v 0.04367919 0.03590863 -0.29964635
v -0.10156416 -0.04375743 -0.18691135
v -0.12823489 0.00425744 -0.20449123
v 0.13140117 0.19022537 -0.18856871
v 0.21093869 0.03970362 -0.18302939
v -0.00073350 -0.03739135 -0.29772423
v 0.05065965 0.18093787 -0.20474446
v 0.04303615 0.17669126 -0.20470080
v 0.16990813 0.13086292 -0.28668926
v -0.02052960 -0.19255021 -0.18117224
v -0.04626739 -0.05324367 -0.30242771
v 0.10003534 0.20871444 -0.17508210
v 0.19782547 0.06304497 -0.17301433
v 0.02781185 -0.01071433 -0.29755029
v 0.10969482 0.21366102 -0.17305450
v -0.11984401 -0.01046843 -0.21192961
v 0.10482509 0.21041581 -0.18168639
v 0.00064024 -0.04638580 -0.29617620
v 0.09505034 0.04773928 -0.29194461
v 0.05672954 0.18504861 -0.19774234
v -0.06814733 -0.06850604 -0.30584512
v -0.02897427 -0.07925705 -0.29604522
v -0.02685376 -0.18292810 -0.16773628
v -0.03273607 -0.17325638 -0.16503944
v -0.02311466 -0.18904618 -0.17335174
v -0.11014121 -0.03197568 -0.16500626
v -0.10684675 -0.03356248 -0.20530891
v 0.12300085 0.20538819 -0.16513166
v 0.21411963 0.03508467 -0.18863193
v 0.11760300 0.21357405 -0.16561262
v 0.12148111 0.20774028 -0.16071005
v 0.05002535 0.02929841 -0.29747135
v 0.20124183 0.05640226 -0.18106955
v -0.06523149 -0.09725363 -0.27953345
v 0.12594079 0.07833039 -0.29510634
v -0.07279841 -0.08376248 -0.29720974
v 0.17039469 0.11663443 -0.15182423
v -0.11351636 -0.02424879 -0.15841664
v -0.10374265 -0.03936970 -0.19612899
v 0.20838192 0.04195616 -0.17350752
v -0.02881744 -0.18083937 -0.15761713
v -0.06668103 -0.09199094 -0.29757229
v 0.17480826 0.11000813 -0.15161815
v 0.03556564 -0.01096092 -0.29580666
v 0.06659860 0.02041084 -0.29435503
v 0.08179950 0.20311959 -0.15275333
v 0.11757505 0.07200693 -0.29442558
v -0.05413574 -0.13626811 -0.15217806
v 0.00598012 -0.19698858 -0.15142220
v -0.04837987 -0.14561149 -0.15153467
v -0.03820553 -0.06188185 -0.30073612
v 0.16531713 0.14001629 -0.28660369
v -0.05806940 -0.12851048 -0.15155598
v 0.20533615 0.04860725 -0.18164377
v 0.04922374 0.17880827 -0.21225584
v 0.08038838 0.06357763 -0.29589363
v 0.00817398 -0.03954574 -0.29543013
v 0.03087194 0.08194934 0.02459598
v 0.16508765 0.12383355 -0.15095346
v 0.08618408 0.04154505 -0.29332219
v 0.13305678 0.12381189 -0.30058907
v 0.16578726 0.11971058 -0.14588359
v 0.07637928 0.20227117 -0.14355769
v -0.06522625 -0.11182826 -0.14505927
v -0.04557161 -0.15106698 -0.14550985
v 0.07233840 0.06505895 -0.29644096
v -0.00000594 -0.19826906 -0.14393702
v 0.17776461 0.10144750 -0.14540262
v 0.15610368 0.13747454 -0.14581163
v -0.04260758 -0.15752562 -0.13750702
v 0.02114085 -0.00390746 -0.29973647
v 0.05872465 0.01271678 -0.29430787
v 0.12672109 0.19839760 -0.17345233
v 0.07187001 0.20064001 -0.13747978
v 0.08964235 0.21034490 -0.13839072
v 0.18962529 0.07674045 -0.13777947
v -0.07893605 -0.09148588 -0.13599776
v 0.14814032 0.15270199 -0.13812945
v -0.03790864 -0.16682918 -0.13819092
v 0.15295382 0.14582281 -0.13744625
v -0.04127925 -0.16153017 -0.12966696
v 0.12890028 0.18668711 -0.12787024
v 0.17257493 0.10990579 -0.12986221
v 0.19225926 0.07151793 -0.13014374
v -0.06232509 -0.12221426 -0.13016574
v 0.09471956 0.21441687 -0.12982694
v 0.15024127 0.14805649 -0.13063868
v -0.08268773 -0.08456479 -0.13014968
v -0.08627768 -0.07919522 -0.12402985
v 0.12987863 0.18309226 -0.12235712
v 0.05882350 0.19607380 -0.12139030
v -0.09177579 -0.07000553 -0.12256180
v -0.01457289 -0.20270184 -0.12182097
v -0.09644957 -0.06177147 -0.12207769
v -0.10195571 -0.05192477 -0.12127713
v 0.02212129 -0.18325049 -0.12122019
v 0.06506628 0.20022401 -0.11449820
v -0.08928328 -0.07758781 -0.11433194
v -0.10054425 -0.05574420 -0.11522052
v 0.18678106 0.07814946 -0.11448108
v 0.13260864 0.17587218 -0.11439132
v 0.04926810 0.19394386 -0.10860994
v 0.06723045 0.20370778 -0.10651772
v -0.04990799 -0.14903728 -0.10524877
v 0.14012387 0.15982811 -0.10644193
v 0.01243212 -0.18667802 -0.10677235
v -0.00185436 0.15558324 0.01279956
v 0.13550422 0.16891966 -0.10682649
v 0.03091874 -0.17635175 -0.10475802
v 0.18251943 0.08445372 -0.10657710
v 0.17774051 0.09459836 -0.10653973
v 0.02611153 -0.17804683 -0.10041012
v -0.05382942 -0.14338165 -0.09863400
v 0.04329916 0.19253135 -0.09959629
v 0.21938651 0.01028576 -0.09848451
v 0.05103618 0.19626731 -0.09900983
v 0.06099745 0.20221214 -0.09632523
v -0.09544852 -0.06794125 -0.09759558
v 0.13728453 0.16487668 -0.09783833
v 0.18008002 0.08853162 -0.09906258
v 0.03629844 -0.17217954 -0.09844679
v 0.19769239 -0.08867378 -0.09121518
v 0.12327714 -0.12581889 -0.08512434
v 0.22206657 0.00428957 -0.09174819
v 0.22706554 -0.00485856 -0.09095566
v -0.13967574 0.01302590 -0.09062629
v -0.12109864 0.11029874 -0.09121483
v -0.04401485 0.14990211 -0.08910270
v 0.11715696 -0.13015212 -0.09176950
v 0.03558240 0.19095258 -0.09144990
v 0.23375087 -0.01801265 -0.08488159
v 0.22472044 -0.00138073 -0.08505239
v -0.14364851 0.01995677 -0.08500035
v -0.04811302 0.14858950 -0.08500209
v -0.03899247 0.15329333 -0.08561334
v -0.15354132 0.03768894 -0.08511875
v 0.19402769 -0.09044571 -0.08451833
v 0.20085517 -0.08654035 -0.08328291
v 0.02882198 0.18921768 -0.08400908
v 0.10739338 -0.13286537 -0.08123470
v 0.10667455 -0.13255101 -0.07777643
v 0.23163105 -0.01563192 -0.07906599
v 0.20713427 -0.08235696 -0.07925146
v -0.13582975 0.10636229 -0.07881171
v 0.24938383 -0.04317761 -0.07891545
v 0.02238884 0.18725993 -0.07665382
v -0.15149066 0.03366413 -0.07883301
v 0.12477627 -0.12397361 -0.07838383
v -0.11265572 0.11809165 -0.07862100
v 0.11995753 -0.12453456 -0.06936005
v 0.22812598 -0.00972341 -0.07121196
v -0.16984631 0.06616548 -0.07111695
v -0.12849860 0.11113528 -0.07130417
v 0.10171295 -0.13352552 -0.07127413
v 0.25277574 -0.04749164 -0.07116480
v 0.11041226 -0.12972704 -0.07152282
v -0.12007698 0.11537036 -0.07104185
v -0.14837329 0.02740633 -0.07113092
v -0.11032144 0.12071757 -0.07045925
v -0.02624810 0.16417426 -0.06599293
v -0.16796157 0.06170860 -0.06552140
v 0.17430459 -0.09577999 -0.06569569
v -0.10447860 0.12526841 -0.06409562
v -0.02726033 0.16477818 -0.06017978
v 0.13522165 -0.11689534 -0.06325244
v 0.21466871 -0.07413373 -0.06346830
v -0.06626887 0.14363454 -0.06363945
v -0.03136618 0.16346976 -0.05587728
v -0.02265290 0.16823925 -0.05504598
v -0.16410755 0.05643264 -0.05561916
v 0.13108995 -0.11900503 -0.05573722
v 0.20660685 -0.07685327 -0.05551996
v -0.07188782 0.14269496 -0.05339456
v 0.14095517 -0.11328583 -0.05561392
v 0.21658035 -0.07239080 -0.05519687
v 0.24468525 -0.03929076 -0.05564780
v 0.19967179 -0.07994898 -0.04688912
v -0.03848601 0.16100660 -0.04793243
v -0.07609776 0.14151263 -0.04851050
v 0.16309043 -0.09889457 -0.04733062
v -0.05920876 0.14986334 -0.04714340
v 0.24152212 -0.03516012 -0.04746439
v -0.15600448 0.04238404 -0.04723666
v 0.23575856 -0.02556525 -0.04752237
v 0.18192565 -0.08829446 -0.04705154
v 0.16651308 -0.09559068 -0.04203266
v -0.06242219 0.14939111 -0.04129706
v 0.17643977 -0.09003250 -0.03991354
v -0.05373197 0.15436458 -0.04016747
v 0.18472028 -0.08608628 -0.04009168
v -0.04516051 0.15911172 -0.03937075
v 0.23864959 -0.03114613 -0.04002496
v -0.15877501 0.04809520 -0.04002915
v -0.03487475 0.16483092 -0.03730473
v -0.00960919 0.17929658 -0.03412309
v 0.07391263 -0.14183851 -0.03258483
v 0.23082665 -0.06188080 -0.03240600
v -0.17167831 0.09958790 -0.03149332
v -0.17556446 0.09832978 -0.02490300
v -0.01553936 0.17703879 -0.02423517
v -0.00812612 0.18128925 -0.02411397
v 0.22367468 -0.06420424 -0.02459912
v -0.00193190 0.18485161 -0.01967105
v 0.23775507 -0.05591361 -0.01735075
v 0.24301217 -0.05266351 -0.01227494
v -0.17395181 0.07033281 -0.00462733
v 0.08788475 -0.12887339 -0.00401643
v -0.18455472 0.08720259 -0.00392736
v -0.17905557 0.07825949 -0.00443034
v 0.05025309 -0.14859439 -0.00480721
v -0.15577919 0.11772490 -0.00397172
v 0.09231299 -0.12613324 0.00313588
v -0.17589558 0.07390669 0.00139330
v -0.15367649 0.12042417 0.00107161
v -0.17492178 0.07675861 0.00681875
v -0.14912181 0.10069863 0.00504613
v 0.04326843 -0.15129087 0.00317780
v 0.05209312 -0.14658355 0.00381629
v -0.16287911 0.11422680 0.00307022
v -0.18874824 0.09381876 0.00318234
v -0.14198346 0.11761836 0.00847436
v -0.14201106 0.10909580 0.00641602
v -0.01821733 0.13921992 0.01278699
v 0.01369618 0.16871358 0.01293439
v -0.09185123 0.06558602 0.01297036
v 0.09523266 -0.12326631 0.01141220
v 0.05843160 -0.14218326 0.01094556
v 0.21741444 -0.00119071 0.01065600
v 0.07563112 -0.13268444 0.01276673
v 0.03685066 0.17603704 0.01479992
v 0.02899348 0.18215687 0.01320648
v -0.17915442 0.09499480 0.01350023
v -0.17277123 0.09185368 0.01534096
v 0.07210613 -0.13318462 0.01855963
v -0.18367871 0.08091161 0.01658826
v -0.17910307 0.08656619 0.01843109
v -0.10821420 0.04947069 0.01364518
v 0.00632730 0.14740158 0.01446705
v -0.11865365 0.02559214 0.01771645
v -0.08366957 0.05740471 0.01474508
v 0.02269028 0.16376455 0.01458930
v -0.01003567 0.13103861 0.01438287
v 0.08156652 -0.12907981 0.01871890
v 0.21269629 0.00399268 0.01910661
v 0.08956935 -0.12477243 0.02017298
v -0.13778715 0.01017957 0.02132073
v -0.12503719 0.01895188 0.02178738
v -0.03458030 0.02467841 0.02385270
v 0.02269028 0.09013065 0.02266338
v 0.03905325 0.07376768 0.02654290
v 0.05541657 -0.05713680 0.04405537
v 0.05541657 -0.06531846 0.04514444
v 0.10450549 -0.01622920 0.04486117
v 0.06359788 -0.05713680 0.04503057
v 0.11268715 -0.00804754 0.04487235
v 0.10450549 -0.00804754 0.04385907
v 0.12086881 0.00831544 0.04398132
v 0.12086881 0.00013378 0.04494115
v 0.12905013 0.00831544 0.04502044
v 0.04723491 -0.07349978 0.04529393
v 0.05950705 -0.10213524 0.05239770
v 0.12905013 -0.04895514 0.05234705
v 0.09632418 -0.07759061 0.05240399
v 0.06711938 -0.10675000 0.05716230
v -0.07704223 -0.07061538 -0.30221744
v 0.14280568 0.08451833 -0.28859776
v -0.03228515 -0.08512923 -0.29648427
v 0.15555844 0.09461617 -0.29051708
v 0.08031224 0.02074546 -0.29286463
v -0.05101208 -0.06170860 -0.30292754
v 0.20391177 0.05425520 -0.20476088
v 0.13948747 0.07816553 -0.29047936
v -0.11199068 -0.02515274 -0.20520168
v 0.10795957 0.20867218 -0.19854989
v 0.02799942 -0.02481009 -0.29703684
v 0.11018836 0.10207307 -0.29857824
v -0.04613781 -0.10067069 -0.29951153
v 0.12843329 0.19656490 -0.18844261
v -0.03810285 -0.10674197 -0.29708434
v 0.02832146 -0.03300363 -0.29536027
v -0.02493269 -0.18114464 -0.21233199
v 0.21667745 0.02830155 -0.18129658
v -0.09990016 -0.04698482 -0.18141429
v 0.00055501 0.00427735 -0.30246439
v 0.03547412 -0.02486842 -0.29570362
v 0.12316222 0.20939345 -0.20457122
v 0.11721878 0.21003404 -0.21204418
v -0.02875562 -0.17344185 -0.21212521
v -0.01313138 -0.01274717 -0.30345531
v 0.20933233 0.04339277 -0.18863507
v -0.12312345 -0.00601644 -0.17308908
v 0.06700062 0.05509942 -0.29712346
v -0.10217436 -0.04435366 -0.17271709
v 0.13004838 0.19086596 -0.17344954
v -0.02960962 -0.09407723 -0.29535643
v -0.02226555 -0.18770527 -0.18902976
v 0.10969133 0.21157124 -0.18884709
v 0.04429882 0.04847313 -0.30027681
v 0.04336343 0.18204161 -0.16526718
v -0.10861169 -0.03463758 -0.16074952
v 0.05877460 0.06329086 -0.29796280
v 0.05091498 0.04222546 -0.29881785
v 0.14934011 0.08032621 -0.28806370
v 0.21152444 0.04001902 -0.19588134
v 0.07429685 0.01194032 -0.29310947
v 0.12754121 0.11821075 -0.29727785
v 0.00695742 -0.00343662 -0.30144517
v -0.12913815 0.00274643 -0.15745995
v 0.21756708 0.02224529 -0.15709146
v -0.11774935 -0.01721243 -0.15718541
v 0.11494214 0.21661562 -0.15563598
v 0.05089298 0.18581564 -0.15782530
v 0.02044228 -0.03876020 -0.29401273
v 0.01213802 -0.04641584 -0.29344130
v -0.12584578 -0.00306323 -0.16501709
v -0.00306463 -0.20134731 -0.15209982
v 0.14387485 0.16298111 -0.15411240
v 0.20530052 0.05036660 -0.19682476
v 0.20132705 0.05740191 -0.19625648
v 0.21282448 0.03356388 -0.17315020
v 0.18656625 0.08634859 -0.15266671
v 0.22021152 0.01818415 -0.15154515
v -0.07738034 -0.07718718 -0.29262327
v 0.03801797 -0.18276708 -0.15199573
v 0.05318673 0.18754355 -0.15134990
v 0.13302464 0.07130312 -0.29260231
v -0.10496410 -0.03857857 -0.18117154
v 0.09550231 0.03573294 -0.29135432
v 0.19783595 0.06377777 -0.18850304
v 0.08665107 0.02827116 -0.29223696
v 0.10218554 0.10899451 -0.29957056
v -0.00793018 -0.01822711 -0.30202324
v 0.12581260 0.20563723 -0.21205186
v -0.09259032 -0.06348996 -0.14521156
v 0.14006170 0.16756373 -0.14536769
v 0.01183274 -0.19321839 -0.14597300
v -0.05125623 -0.14195378 -0.14503412
v 0.22337884 0.01296268 -0.14539703
v -0.12072141 -0.01133466 -0.16491196
v 0.18228960 0.09375763 -0.14639634
v 0.02081252 -0.18908949 -0.14459961
v -0.06937646 -0.07758502 -0.30300508
v 0.10179643 0.20752966 -0.18972868
v -0.02381113 -0.08503982 -0.29398688
v 0.11773957 0.12405919 -0.29807142
v 0.06094855 0.19468260 -0.13609172
v -0.08511177 -0.07830944 -0.13838198
v 0.13147556 0.18253340 -0.13802711
v 0.05698382 0.19391068 -0.13210288
v -0.08931472 -0.06995488 -0.13755313
v -0.09533046 -0.05961883 -0.13799952
v -0.01629766 -0.20402843 -0.13789962
v 0.02630468 -0.18560991 -0.13795411
v 0.13669878 0.17194621 -0.13707426
v -0.08770521 -0.07502126 -0.12904314
v 0.06716583 0.19906368 -0.13000333
v -0.00884670 -0.20152684 -0.13070923
v -0.09902939 -0.05406484 -0.13050979
v 0.18658372 0.07959970 -0.12930475
v 0.13362681 0.17671745 -0.12973717
v 0.15153293 0.14313087 -0.12374518
v -0.04318809 -0.15873973 -0.12147343
v 0.17280650 0.10397947 -0.12148845
v 0.14557482 0.15273796 -0.12251220
v -0.00592667 -0.19798963 -0.12159882
v 0.08736885 0.21150034 -0.12223277
v -0.08062555 -0.09063991 -0.12238087
v -0.03874064 -0.16736953 -0.12189781
v -0.04191844 -0.16263811 -0.11268296
v 0.16950157 0.10935218 -0.11442694
v 0.09266891 0.21491181 -0.11468821
v 0.18980727 0.07150780 -0.11440145
v -0.06392377 -0.12226840 -0.11432006
v -0.08482221 -0.08563640 -0.11476854
v 0.14850497 0.14465201 -0.11429910
v 0.12823245 0.18520579 -0.11500466
v 0.07634855 0.20976160 -0.10449816
v -0.05639737 -0.13792372 -0.10677934
v -0.06178125 -0.12805152 -0.10716530
v 0.16729234 0.11271859 -0.10669272
v 0.00215684 -0.19127497 -0.10738605
v -0.07168733 -0.11065641 -0.10446532
v 0.16037439 0.12348321 -0.10640421
v -0.06579419 -0.12017688 -0.10661518
v 0.14985391 0.14028559 -0.10655475
v 0.15519449 0.13123421 -0.10660470
v 0.17436956 0.09991833 -0.10037135
v 0.07166149 0.20806267 -0.10023792
v -0.05831844 -0.13569738 -0.09813348
v 0.08191266 0.21351676 -0.09859034
v 0.14256607 0.15407677 -0.09895674
v -0.04828626 -0.15368033 -0.09833222
v 0.00724523 -0.18722640 -0.09902590
v 0.16343029 0.11734173 -0.09849778
v -0.06991017 -0.11497951 -0.09892775
v 0.15173621 0.13647873 -0.09845342
v -0.07991580 -0.09730113 -0.09867347
v 0.23811065 -0.02452193 -0.09182119
v -0.15575474 0.04255519 -0.09229168
v -0.09118410 0.12641058 -0.09221484
v 0.14794472 -0.11526348 -0.09123579
v -0.07182146 0.13573615 -0.09036642
v 0.16856443 -0.10472345 -0.09239192
v -0.05404493 0.14513367 -0.09079918
v 0.24304430 -0.03237736 -0.09077683
v 0.18729172 -0.09440870 -0.09096474
v -0.15955671 0.04932748 -0.08504086
v -0.07791020 0.13376408 -0.08611806
v -0.06722451 0.13956187 -0.08465386
v 0.15382214 -0.11237035 -0.08698045
v 0.16279529 -0.10648454 -0.08514320
v 0.17134195 -0.10178910 -0.08531016
v -0.05808756 0.14403167 -0.08436989
v 0.13885422 -0.11812692 -0.08103246
v -0.06376973 0.14202608 -0.08095981
v -0.02349713 0.16305376 -0.07933214
v 0.21522721 -0.07814597 -0.07847674
v -0.16673557 0.06176134 -0.07898321
v 0.17638214 -0.09763016 -0.07884245
v -0.10503571 0.12223312 -0.07896679
v -0.09940243 0.12660478 -0.07248615
v 0.13193243 -0.11962885 -0.07152352
v -0.02197145 0.16562659 -0.07062760
v -0.16366780 0.05656921 -0.07114315
v 0.13978716 -0.11567983 -0.07091052
v 0.20782795 -0.07927172 -0.07035900
v 0.24902232 -0.04353493 -0.06566530
v -0.03066796 0.16092172 -0.07106002
v 0.24581379 -0.03910704 -0.07067580
v 0.10549117 -0.13184266 -0.06597303
v 0.23140961 -0.01829976 -0.06345712
v -0.13488529 0.10919220 -0.06312775
v 0.02042376 0.18849885 -0.06373061
v -0.11433613 0.11967565 -0.06294961
v -0.15171002 0.03313042 -0.06380082
v 0.12636761 -0.12137667 -0.06358461
v 0.11957401 -0.12433512 -0.05516544
v 0.13723179 -0.04895514 0.05351332
v 0.22694050 -0.01043106 -0.05544556
v -0.16990743 0.06410330 -0.05536034
v 0.01565951 0.18755368 -0.05458877
v 0.25018614 -0.04593906 -0.05536767
v 0.10102347 -0.13359468 -0.05614064
v -0.14875855 0.02723693 -0.05549481
v -0.11985484 0.11769486 -0.05507777
v 0.11007415 -0.12932920 -0.05515007
v -0.11258411 0.12166344 -0.05550564
v 0.11524427 -0.12538333 -0.04936625
v 0.21970855 0.00284179 -0.04763275
v -0.14013924 0.01156135 -0.04759118
v -0.14597964 0.02212723 -0.04745461
v -0.12811369 0.11552999 -0.04760865
v 0.02857224 0.19580345 -0.04715283
v -0.04775395 0.15616096 -0.04755800
v 0.19231339 -0.08329164 -0.04707180
v 0.22194118 -0.00342859 -0.04034456
v -0.14355734 0.01805491 -0.04015420
v -0.13568864 0.11390197 -0.03985626
v -0.15362270 0.03755412 -0.03987826
v 0.03471059 0.20047934 -0.04065368
v 0.06295171 -0.14782491 -0.03371652
v -0.16203594 0.10543704 -0.03237352
v -0.14072080 0.11320095 -0.03226279
v 0.06196567 -0.14706836 -0.02963058
v 0.08198986 -0.13800336 -0.03243813
v -0.17878906 0.09437552 -0.03259881
v 0.04360793 -0.15716341 -0.03207418
v -0.18184880 0.08349108 -0.02367491
v 0.05713715 -0.14837853 -0.02433052
v -0.16596540 0.10344017 -0.02344858
v -0.15674741 0.10768783 -0.02449294
v 0.06647635 -0.14338934 -0.02393583
v 0.21676442 0.00525081 -0.02438361
v 0.07534645 -0.13849655 -0.02379681
v 0.05074348 -0.15094578 -0.01914887
v 0.08814915 -0.13166767 -0.01965569
v -0.18373879 0.08644394 -0.01859910
v -0.14979244 0.10950691 -0.01745274
v -0.17160147 0.06977430 -0.01929103
v -0.17906535 0.07880263 -0.01906889
v 0.05428489 -0.14731600 -0.00993612
v -0.18404022 0.09279011 -0.01214989
v 0.09434548 -0.12696280 -0.01189945
v -0.17562209 0.07420254 -0.01030636
v 0.04389470 -0.15295242 -0.01168290
v 0.23795661 -0.05359540 -0.00418409
v -0.18498678 0.10061026 -0.00119316
v -0.14346793 0.09362455 0.00538109
v -0.15321264 0.08194934 0.00761757
v -0.14912181 0.08849460 0.00611040
v -0.01501089 0.18357148 0.00974541
v 0.00019106 0.16785538 0.01162457
v -0.17148900 0.10094697 0.01004754
v -0.16540689 0.09478383 0.00960814
v -0.00744642 0.17561336 0.01080445
v -0.12457718 0.05740471 0.01172691
v -0.13496143 0.06338342 0.01053654
v 0.00777439 0.16343762 0.01297176
v -0.14912181 0.07785851 0.00817433
v -0.14259087 0.07172890 0.00902064
v 0.22486086 -0.05765165 0.01315129
v 0.06649975 -0.13787936 0.01132034
v -0.16544776 0.08420956 0.01647894
v -0.11639586 0.04778573 0.01349639
v 0.01450862 0.14740158 0.01537519
v -0.10821420 0.02467841 0.01746916
v -0.08366957 0.01649710 0.02026728
v 0.01450862 0.15558324 0.01452189
v -0.10003289 0.03286007 0.01658721
v 0.02269028 0.15558324 0.01542584
v 0.03087194 0.13103861 0.01918171
v 0.03905325 0.13921992 0.01924912
v 0.22042493 -0.05892305 0.01864346
v 0.06118293 -0.13903969 0.01984814
v 0.23029399 -0.05328279 0.01936648
v 0.13262576 0.00013378 0.04634563
v 0.08814252 -0.08577227 0.05270088
v 0.13811164 0.00726234 0.04627368
v 0.06359788 -0.09804441 0.05208893
v 0.15359476 -0.00804754 0.05018882
v 0.10310870 -0.03122122 0.04645496
v 0.12086881 -0.04895514 0.05122200
v 0.07177955 -0.06206312 0.04663379
v 0.08814252 -0.07349978 0.05060971
v 0.04723491 -0.08986310 0.04772182
v 0.11045557 -0.02441086 0.04651643
v 0.07996121 -0.05437011 0.04658035
v 0.12905013 -0.04077383 0.05113818
v 0.15359476 -0.03259217 0.05334042
v 0.14541345 -0.01622920 0.05005190
v 0.07400589 -0.09965706 0.05458632
v 0.07351095 -0.10691835 0.06100723
v 0.08081696 -0.10298645 0.05994750
v 0.09452990 -0.09230879 0.05691605
v 0.14297194 0.03372979 -0.28862290
v 0.09228854 0.09619704 -0.29705395
v 0.15361711 0.01926833 -0.28241086
v 0.16759621 0.12842386 -0.26288860
v 0.16480368 0.13470960 -0.26950232
v 0.15882601 0.14289300 -0.25753825
v -0.02320512 -0.02434030 -0.30240710
v 0.00586660 -0.06087765 -0.29389746
v 0.10931934 0.04159884 -0.28987439
v 0.07368455 0.12421182 -0.30586712
v -0.05393246 -0.04429742 -0.30400543
v -0.06178754 -0.03823592 -0.30552203
v 0.03553420 -0.10052923 -0.28564525
v 0.22631353 0.01592672 -0.20966799
v 0.16167024 0.13837570 -0.26312647
v -0.03048912 -0.01097874 -0.30547278
v 0.09440660 0.08631715 -0.29481049
v 0.00129375 -0.20668789 -0.20274690
v -0.07435692 -0.02610419 -0.30960098
v -0.03140669 -0.03107208 -0.30237217
v -0.09494974 -0.05199288 -0.19681918
v -0.07727171 -0.07931119 -0.23952875
v 0.13668236 0.18012753 -0.19564977
v 0.00047049 -0.20973610 -0.21189992
v 0.03547308 -0.18828753 -0.19686144
v 0.09120261 -0.14000826 -0.07756825
v 0.00669266 -0.20474726 -0.21180282
v -0.01508633 -0.20272070 -0.18876850
v 0.18662109 0.08591862 -0.20486392
v 0.14959928 0.01379363 -0.28229700
v 0.02815555 -0.10654252 -0.28468122
v -0.08120990 -0.07747709 -0.18890646
v 0.13491812 0.18277022 -0.18830604
v 0.17344081 0.11200919 -0.18138356
v 0.13337148 0.02571055 -0.28779789
v 0.08159551 0.19976156 -0.18098013
v 0.19433261 0.07056229 -0.18135107
v 0.15703208 0.01137064 -0.28105599
v -0.06044174 -0.12126805 -0.18112194
v -0.07944846 -0.08327732 -0.17907967
v -0.06492587 -0.09799411 -0.27105420
v 0.02072485 -0.19558725 -0.20464771
v 0.08677332 0.08846735 -0.29725375
v 0.22710012 0.01271748 -0.20456318
v 0.01734586 -0.19902526 -0.21015943
v 0.08858576 0.20386496 -0.18096302
v -0.03874239 -0.15990774 -0.18136120
v -0.04183531 -0.15520741 -0.17308453
v 0.18980832 0.07873766 -0.17318443
v -0.06672050 -0.03284854 -0.30715843
v -0.06118223 -0.10738814 -0.25594167
v -0.03646959 -0.16522841 -0.17297241
v 0.15500902 0.14564293 -0.17299582
v 0.11727432 0.06322590 -0.29338786
v 0.14918957 0.15553190 -0.17313588
v -0.04762227 -0.13726427 -0.21202951
v -0.08724031 -0.06777359 -0.18893860
v -0.05598905 -0.13023141 -0.16538035
v 0.18290539 0.09341638 -0.21154156
v 0.16729897 0.12304242 -0.16596051
v 0.12562853 0.05497787 -0.29295474
v -0.06607711 -0.11342205 -0.16526369
v 0.06092131 0.18705979 -0.19680276
v -0.04493242 -0.15049485 -0.16512222
v 0.17863887 0.10128368 -0.16510581
v 0.21881298 0.02638048 -0.19654254
v -0.08472686 -0.06937646 -0.19678914
v 0.00036430 -0.05344206 -0.29530788
v 0.17535454 0.10827079 -0.15754518
v 0.17085330 0.11685483 -0.15719938
v 0.08115891 0.20261941 -0.15838730
v 0.16493431 0.12681190 -0.15573518
v -0.05789859 -0.12840465 -0.15747462
v 0.15744808 0.14070543 -0.16481870
v 0.00666891 -0.19744579 -0.15718960
v -0.09275658 -0.05565688 -0.20381536
v 0.06653677 0.19070354 -0.18867629
v -0.04802185 -0.14575400 -0.15716935
v -0.01626971 -0.06983368 -0.29407734
v 0.20319049 0.05126846 -0.15160209
v 0.01214745 -0.09307827 -0.28809444
v 0.07393149 0.19711572 -0.17309292
v 0.12108851 0.20695090 -0.15141452
v -0.02918454 -0.18088163 -0.15097093
v -0.01228961 -0.20796871 -0.19436510
v -0.00826409 -0.21007071 -0.18835459
v -0.11364699 -0.02423901 -0.15177324
v 0.04330999 0.09481631 -0.30600649
v 0.09411355 0.20739414 -0.17334650
v 0.08062031 0.07100728 -0.29624641
v -0.07368874 -0.08549528 -0.24796608
v 0.22301174 0.02017158 -0.20449996
v 0.02013037 -0.08720888 -0.28802178
v 0.12242069 0.20327257 -0.14565096
v -0.09035664 -0.06237364 -0.21165507
v -0.11021037 -0.03058343 -0.14529783
v -0.00705906 -0.07751097 -0.29265296
v 0.15227691 0.15084938 -0.18122882
v 0.10349256 0.04928033 -0.29071757
v 0.14268623 0.17035312 -0.21204173
v 0.18065145 0.09622114 -0.20516919
v 0.07371249 0.07060560 -0.29656810
v -0.06977779 -0.09410238 -0.24785187
v 0.11802703 0.21165228 -0.14551858
v -0.03277170 -0.17536851 -0.14514659
v 0.14763700 0.15997830 -0.19677237
v -0.01868083 -0.19643531 -0.18109574
v -0.03767776 -0.03927120 -0.30331070
v -0.04591776 -0.04674801 -0.30299600
v 0.02790651 -0.19085024 -0.18855089
v 0.13925310 0.17468426 -0.18874370
v -0.03838227 -0.00342404 -0.30695899
v 0.07233666 0.19413352 -0.18316945
v -0.04629219 0.00473980 -0.30846616
v -0.02584328 -0.18879120 -0.13820874
v 0.20818003 0.04191145 -0.13764883
v 0.12444515 0.19689008 -0.13798554
v -0.05381230 -0.13614376 -0.15771109
v 0.19684223 0.06338936 -0.13786923
v -0.03498932 -0.17230109 -0.13774663
v 0.20477695 0.04808088 -0.13077315
v -0.02393688 -0.19545801 -0.13004245
v 0.20014333 0.05615112 -0.13008506
v 0.19498438 0.06636388 -0.12992858
v -0.02790511 -0.18694662 -0.12943643
v 0.12711019 0.19078981 -0.13046019
v -0.02178144 -0.20165853 -0.12190025
v -0.12559220 -0.00903182 -0.12066693
v 0.21206618 0.03434873 -0.12240567
v -0.10511814 -0.04675779 -0.12185869
v 0.10183765 0.21923247 -0.12205324
v 0.21357894 0.02708673 -0.11468367
v -0.10820966 -0.04157020 -0.11486669
v 0.20925024 0.03486602 -0.11408674
v 0.11041470 0.21954473 -0.11449994
v -0.17550683 0.07435762 -0.07681729
v -0.12162711 -0.01843668 -0.10618381
v 0.21597503 0.02040351 -0.10651039
v -0.13101625 -0.00120853 -0.10627427
v 0.21737707 0.01402032 -0.09906397
v -0.13482242 0.00528818 -0.09834200
v -0.12951328 -0.00544606 -0.09871888
v -0.13821048 0.01058963 -0.09276252
v 0.05304423 -0.16230384 -0.08904367
v -0.17574993 0.08380719 -0.08895705
v 0.04366137 -0.16717532 -0.09158473
v 0.06693042 -0.15423989 -0.08499720
v -0.17194482 0.08850543 -0.08453161
v 0.04939734 -0.16311348 -0.08557981
v 0.06225698 -0.15520916 -0.08022317
v -0.14898454 0.10043527 -0.07951307
v 0.25568983 -0.05324122 -0.07955953
v 0.01970249 0.18534201 -0.07930141
v 0.25049002 -0.06038062 -0.07859934
v -0.14440436 0.10385547 -0.07199296
v 0.05758354 -0.15616934 -0.07052631
v 0.25404400 -0.05392652 -0.07065380
v 0.09539822 -0.13653531 -0.07140581
v -0.17353756 0.07190389 -0.07058324
v -0.17838878 0.07881730 -0.07119344
v 0.01281528 0.18347508 -0.07070794
v 0.22861812 -0.06763108 -0.06446691
v -0.00212820 0.17744571 -0.06284483
v 0.00650928 0.18181457 -0.06303693
v 0.23709458 -0.06345014 -0.06414102
v -0.01685092 0.17105274 -0.05583467
v 0.08601083 -0.14125870 -0.05744103
v 0.22243891 -0.06956822 -0.05496565
v 0.00068565 0.18064307 -0.05400790
v 0.24435063 -0.05954303 -0.05633030
v -0.01509611 0.17376145 -0.04704420
v 0.08087668 -0.14152136 -0.04845077
v -0.00537969 0.17939298 -0.04573089
v -0.01004370 0.17785682 -0.04033757
v 0.07401427 -0.14337641 -0.04010530
v 0.22968693 -0.06369359 -0.03983251
v -0.16964128 0.09912754 -0.03977208
v -0.03555446 0.16519453 -0.03212832
v 0.19358200 -0.08027521 -0.02984714
v 0.03087194 0.05740471 0.02750518
v -0.05416508 0.15576487 -0.03247341
v 0.17595007 -0.08920015 -0.03184086
v -0.04567081 0.16006003 -0.03196276
v 0.18390190 -0.08548061 -0.03213391
v -0.15907644 0.04837498 -0.03238784
v 0.23790527 -0.03096031 -0.03142940
v 0.15964753 -0.09648520 -0.02650762
v 0.19835394 -0.07678201 -0.02450167
v -0.02238046 0.17337200 -0.02432982
v 0.20370673 -0.07363460 -0.02012932
v -0.06015742 0.15473343 -0.02342692
v -0.15720288 0.04333339 -0.02424530
v 0.23487172 -0.02606612 -0.02386877
v -0.04046576 0.16354311 -0.02382441
v 0.17860289 -0.08708034 -0.02357816
v 0.23178474 -0.02136963 -0.01863263
v 0.00216801 0.18721173 -0.01865044
v 0.16210126 -0.09371257 -0.01735390
v -0.16358013 0.05648050 -0.01735180
v 0.21449686 -0.06822661 -0.01850409
v -0.07563286 0.14731600 -0.01780447
v 0.24390215 -0.04039416 -0.01790262
v -0.06844038 0.15139042 -0.01799169
v 0.20759917 -0.07111276 -0.01239300
v 0.24641386 -0.04724818 -0.01158545
v -0.07285150 0.15047250 -0.01161304
v 0.16917533 -0.08974748 -0.01176708
v 0.00617222 0.19012093 -0.01263365
v -0.16766467 0.06210713 -0.01230393
v -0.03055933 0.17036430 -0.01172900
v 0.01035666 0.19344997 -0.00628818
v -0.16991931 0.06360801 -0.00421902
v -0.15023428 0.02718488 -0.00425255
v 0.02043145 0.19955338 -0.00407861
v 0.12344200 -0.11125369 -0.00394238
v 0.02862114 0.20324463 -0.00407162
v 0.22849272 -0.01772519 0.00370277
v 0.11805637 -0.11336546 0.00307930
v 0.01371609 0.19826347 0.00317675
v 0.03501516 0.20784472 0.00247469
v 0.22354370 -0.01021101 0.00310724
v -0.12056913 0.12522370 0.00395566
v -0.13631351 0.11701585 0.00814534
v -0.13579657 0.10939514 0.00608141
v -0.11360857 0.11690862 0.00567379
v -0.05817383 0.15908972 0.00868533
v -0.04500158 0.14526395 0.00974401
v -0.03653700 0.15344876 0.01023441
v 0.02825649 0.19095852 0.01237483
v 0.03536235 0.19890336 0.01226411
v -0.02639899 0.13921992 0.01202625
v -0.12701728 0.10035773 0.00585158
v -0.10821420 0.09013065 0.00838006
v -0.09185123 0.07376768 0.01198154
v -0.08366957 0.08194934 0.01185335
v 0.10198959 -0.11998617 0.01077790
v 0.10927813 -0.11638469 0.01108213
v 0.21941550 -0.00488790 0.01110623
v -0.15526958 0.03576648 0.01106571
v -0.14497230 0.01818450 0.01309471
v -0.05182767 0.16747885 0.01057951
v 0.18377022 -0.07744006 0.01944192
v 0.10467035 -0.11706300 0.02040560
v -0.14074630 0.01203777 0.01904758
v -0.01003567 0.01649710 0.02763336
v -0.00185436 0.02467841 0.02758831
v 0.00632730 0.03286007 0.02752229
v 0.02269028 0.04922304 0.02748003
v 0.01450862 0.04104173 0.02749819
v 0.03905325 0.06558602 0.02751985
v 0.11221597 -0.10967457 0.03641475
v 0.11705881 -0.10541992 0.04204453
v 0.07996121 0.00831544 0.03890411
v 0.07177955 0.00013378 0.03891144
v 0.08814252 -0.01622920 0.04283427
v 0.09632418 -0.00804754 0.04287373
v 0.05541657 -0.04895514 0.04298376
v 0.04723491 -0.03259217 0.03994602
v 0.06359788 -0.04077383 0.04292054
v 0.12612731 -0.10139371 0.04263517
v 0.12905013 -0.05713680 0.05356466
v 0.10314223 -0.07645438 0.05298170
v 0.10859632 -0.07213617 0.05312212
v 0.12086881 -0.06531846 0.05375991
v 0.15565939 -0.08335836 0.05526219
v 0.14664677 -0.08256722 0.06109805
v -0.01547788 -0.05460099 -0.29648427
v -0.03610214 -0.03106440 -0.30343540
v 0.11679719 0.04319228 -0.29025232
v -0.06266355 -0.10239476 -0.27055891
v -0.05314133 -0.02554883 -0.30699043
v -0.07376977 -0.04633795 -0.30768201
v -0.06075191 -0.03066027 -0.30657617
v 0.15925388 0.14290069 -0.26263537
v 0.01979750 -0.10672834 -0.28540494
v 0.16712014 0.12769350 -0.25513936
v 0.07976770 0.08731436 -0.29759081
v -0.08719805 -0.06781725 -0.21258312
v 0.02054671 -0.08323541 -0.28912972
v 0.13593978 0.18483694 -0.21166450
v 0.16100939 0.13829082 -0.25577261
v 0.14032331 0.17553757 -0.21153212
v -0.01334445 -0.20234208 -0.21214931
v 0.01267731 -0.10037065 -0.28751707
v -0.03835468 -0.00947297 -0.30607146
v -0.03075318 -0.03800539 -0.30176512
v 0.09454806 0.07916449 -0.29396313
v 0.13717136 0.18081806 -0.20500922
v 0.03502389 -0.19289670 -0.21295476
v 0.06866636 0.18740559 -0.21215246
v -0.04639348 -0.01838114 -0.30616960
v 0.13241619 0.03022436 -0.28920132
v 0.00191234 -0.20536479 -0.19654184
v 0.22209591 0.01969516 -0.19666654
v 0.22667749 0.01021206 -0.19633053
v 0.18659734 0.08543311 -0.19660751
v 0.00946284 -0.19892607 -0.18141848
v -0.05691885 -0.12691459 -0.18122777
v -0.00916595 -0.21037250 -0.21218180
v -0.02276328 0.00474644 -0.30642493
v 0.17556481 0.10742377 -0.18113207
v 0.17168111 0.11572594 -0.18075589
v -0.07278444 -0.08306670 -0.27064064
v -0.05121222 -0.13667468 -0.18111041
v 0.06723709 0.10134865 -0.30246823
v -0.06784135 -0.03899527 -0.30623737
v -0.06582109 -0.11318139 -0.17296683
v 0.01995747 -0.19443321 -0.19593898
v 0.08474537 0.20088591 -0.18317923
v 0.15626051 0.02826348 -0.28219186
v -0.04165962 -0.15467265 -0.18092355
v 0.16858853 0.12178639 -0.17295146
v -0.04412662 -0.15121438 -0.17323368
v 0.10999207 0.06298838 -0.29290968
v -0.06076972 -0.10705807 -0.26324592
v 0.17899864 0.10094872 -0.17307615
v 0.21942004 0.02654499 -0.20414020
v 0.18287256 0.09305417 -0.18811289
v 0.07455636 0.09435910 -0.30071656
v -0.00299792 -0.20809481 -0.18913001
v -0.09290363 -0.05550564 -0.19634624
v -0.02286422 -0.04653914 -0.29850978
v -0.03673993 -0.16544601 -0.16494584
v 0.07295419 0.19730363 -0.16510267
v 0.12621672 0.04794571 -0.29197674
v 0.09477615 0.20806093 -0.16482184
v 0.18988761 0.07851517 -0.16515750
v -0.04201589 -0.15531534 -0.16538209
v 0.14889687 0.03553699 -0.28685866
v 0.14912356 0.15540545 -0.16501744
v 0.22429047 0.01408738 -0.18833434
v -0.01913805 -0.19948038 -0.15951375
v 0.17340238 0.11202596 -0.15975336
v -0.08482361 -0.06965100 -0.20457261
v 0.01278699 -0.19776260 -0.18854845
v 0.08800560 0.20582096 -0.15849314
v 0.00617048 -0.20145804 -0.18869969
v -0.04713676 -0.14443754 -0.18132662
v -0.06777464 -0.09268218 -0.27096967
v -0.00738424 -0.05573023 -0.29629740
v -0.04003824 -0.15953471 -0.15776697
v 0.07768980 0.20043079 -0.15777920
v 0.19356488 0.07122488 -0.15764996
v 0.15783404 0.14056397 -0.17292142
v 0.09772412 0.21021532 -0.15569257
v 0.13977319 0.01249708 -0.28275386
v 0.13288004 0.02020092 -0.28615904
v -0.01551002 -0.06261115 -0.29518179
v -0.02148000 -0.19514296 -0.15159266
v 0.12801484 0.19215377 -0.15159615
v 0.20420097 0.04920453 -0.15158288
v 0.20107487 0.05558353 -0.15150778
v 0.19552507 0.06724023 -0.15154515
v -0.06169882 -0.12043360 -0.15804431
v -0.06618679 -0.10047823 -0.24786409
v -0.05510082 -0.13063972 -0.17330493
v -0.09462840 -0.05314761 -0.20565749
v 0.10264450 0.21418669 -0.15196814
v -0.09050613 -0.06222589 -0.18875418
v -0.08063672 -0.08501257 -0.15783439
v 0.16530141 0.12715211 -0.18138845
v 0.14777217 0.15995874 -0.20473224
v 0.02813459 -0.08517743 -0.28803680
v 0.15415117 0.14653326 -0.16516833
v 0.00017255 -0.07788401 -0.29217793
v 0.20699421 0.04327052 -0.14534394
v -0.03367740 -0.16983234 -0.17516732
v 0.10188655 0.05517172 -0.29118107
v 0.12504068 0.19749400 -0.14589022
v 0.14473164 0.16597728 -0.21215420
v 0.18065145 0.09620857 -0.19721457
v 0.19744090 0.06305510 -0.14549099
v -0.03467810 -0.17185750 -0.14537887
v -0.02538746 -0.18846043 -0.14610398
v 0.08817046 0.07135132 -0.29527295
v -0.08175968 -0.07780507 -0.21218843
v 0.00801854 -0.06921230 -0.29300993
v 0.16435100 0.13166697 -0.24750468
v 0.02735289 -0.19299380 -0.20527607
v 0.03524604 -0.18987643 -0.20491072
v 0.14284271 0.16811665 -0.18857290
v -0.03100187 -0.00342579 -0.30642249
v -0.11613844 -0.02236544 -0.13682976
v 0.14013330 0.03601901 -0.28977415
v 0.12221810 0.20182548 -0.13781300
v 0.03511995 -0.09300492 -0.28630854
v -0.11024844 -0.03216150 -0.13766246
v -0.03341509 -0.17529656 -0.13749550
v 0.11751428 0.21150802 -0.13769669
v 0.20285099 0.05115739 -0.12972983
v 0.11952756 0.20573538 -0.13014304
v -0.03095542 -0.18115198 -0.12989016
v -0.11447270 -0.02679194 -0.13090273
v -0.12900192 -0.00363746 -0.12227364
v -0.12295055 -0.01281703 -0.12197710
v -0.13297574 0.00395915 -0.12179826
v -0.01821733 0.03286007 0.02468889
v -0.13176093 0.00083759 -0.11534556
v 0.21674870 0.02193477 -0.11446222
v -0.12071478 -0.01831129 -0.11430085
v -0.10848874 -0.04179654 -0.11012619
v -0.12377627 -0.01415025 -0.10795084
v 0.21286046 0.02632529 -0.10716006
v 0.11027115 0.21957722 -0.10658933
v 0.20692051 0.03556005 -0.10669691
v -0.02282615 -0.20038293 -0.09842443
v -0.12621707 -0.01135736 -0.09838077
v -0.10675559 -0.04744483 -0.09854563
v 0.10449920 0.22349340 -0.09896513
v 0.20952373 0.02867633 -0.09817923
v 0.09804930 -0.13997472 -0.09316664
v 0.05886856 -0.15959164 -0.09081141
v -0.14252102 0.10028473 -0.09186835
v 0.01425923 0.18021729 -0.09083516
v -0.17363850 0.07233421 -0.09083062
v 0.25563255 -0.05931215 -0.09107093
v -0.17628678 0.07865942 -0.09086799
v 0.06388919 -0.15606630 -0.08586623
v -0.14945887 0.09847438 -0.08641076
v -0.15964473 0.04598517 -0.01023197
v 0.01985303 0.18433152 -0.08495215
v 0.25606427 -0.05424158 -0.08510304
v 0.25165384 -0.06063385 -0.08553406
v -0.17319666 0.08908210 -0.07872474
v 0.06696220 -0.15247635 -0.07896504
v -0.15591017 0.09830113 -0.07683685
v 0.06104007 -0.15416025 -0.07139428
v 0.21818112 0.00792284 -0.06929683
v 0.05119301 -0.15956020 -0.07107504
v 0.04310356 -0.16372054 -0.07158045
v -0.17815057 0.08634964 -0.07095663
v -0.17112050 0.09210691 -0.07063110
v 0.23229505 -0.06525000 -0.06214276
v -0.16510651 0.09618412 -0.06450533
v 0.07471424 -0.14633696 -0.06363945
v -0.00811145 0.17418234 -0.06340473
v 0.07091786 -0.14799013 -0.05620037
v -0.01763961 0.17178065 -0.04972671
v -0.01360502 0.17288195 -0.05505297
v 0.08078657 -0.14306206 -0.05478017
v 0.22210080 -0.06898177 -0.04754997
v -0.00014216 0.18155191 -0.04728661
v 0.24379142 -0.05861987 -0.04769737
v 0.00505206 0.18531721 -0.03959849
v 0.24472751 -0.05684340 -0.03990446
v 0.23727236 -0.06022658 -0.03987687
v -0.06786475 0.14839180 -0.03268752
v 0.16919035 -0.09235315 -0.03179266
v 0.13294396 -0.11249225 -0.03215382
v -0.16676701 0.06179872 -0.03155479
v 0.20951465 -0.07263774 -0.03216220
v 0.24758676 -0.04442212 -0.03190233
v 0.00696091 0.18772902 -0.03179999
v -0.03042031 0.16812503 -0.03190408
v 0.15878933 -0.09611216 -0.02200987
v 0.16337754 -0.09404684 -0.02426800
v 0.23185075 -0.02130292 -0.02218626
v -0.02558481 0.17166679 -0.02435951
v 0.20441613 -0.07391368 -0.02526800
v 0.21425166 -0.06910542 -0.02480800
v 0.00260043 0.18698120 -0.02220861
v -0.07415189 0.14679347 -0.02434100
v -0.06601180 0.15141836 -0.02423063
v 0.24371284 -0.04010565 -0.02461135
v -0.16240409 0.05559715 -0.02407624
v -0.02405459 0.17319351 -0.01785896
v -0.15749942 0.04256811 -0.01722536
v 0.23458915 -0.02541785 -0.01859246
v 0.20011119 -0.07496363 -0.01736926
v 0.20164805 -0.07322244 -0.01025118
v -0.06055945 0.15571737 -0.01770109
v 0.17857425 -0.08619316 -0.01754984
v -0.04127994 0.16396644 -0.01664799
v -0.02714611 0.17273665 -0.00887953
v 0.23786196 -0.03106160 -0.01177616
v 0.18401996 -0.08231260 -0.01141814
v 0.19224319 -0.07815924 -0.01172516
v -0.04616645 0.16257139 -0.01182191
v -0.03747623 0.16682429 -0.01118167
v -0.08366957 0.09013065 0.01091133
v -0.14242671 0.01294242 -0.00423613
v -0.14668170 0.02152751 -0.00384563
v -0.13541934 0.12132184 -0.00399443
v 0.10809510 -0.11896661 -0.00465947
v 0.18589318 -0.08016274 -0.00412506
v -0.05351262 0.16213094 -0.00388999
v -0.14549274 0.01809089 0.00117360
v 0.11147583 -0.11642870 0.00296019
v -0.15576347 0.03543850 0.00366226
v -0.05222550 0.16615471 0.00371605
v 0.21995374 -0.00384214 0.00326198
v -0.12824537 0.12189501 0.00366854
v 0.10258442 -0.12084262 0.00369195
v -0.06047562 0.15954169 0.00381001
v -0.13422619 0.11555898 0.00747995
v 0.22782769 -0.01793790 0.01130043
v 0.01299027 0.19742798 0.00953095
v -0.03048982 0.15338030 0.01051628
v 0.02163124 0.19165569 0.01195080
v -0.02399241 0.14643895 0.01150057
v -0.04548918 0.13808369 0.01018621
v -0.03458030 0.13103861 0.01191273
v -0.10003289 0.07376768 0.01120263
v -0.10821420 0.08194934 0.00937657
v -0.11859846 0.10051491 0.00645829
v -0.11230503 0.10872521 0.00620575
v 0.22294258 -0.01084322 0.01113207
v 0.11735465 -0.11264279 0.01093822
v -0.15156960 0.03217163 0.01330533
v 0.03640706 0.20456668 0.01255192
v 0.02962569 0.20953840 0.01295989
v -0.05093000 0.17294727 0.01311287
v -0.16927767 0.06576730 0.01921105
v -0.14726152 0.02834765 0.01787643
v -0.00185436 0.01649710 0.02856700
v -0.01003567 0.02467841 0.02664000
v 0.03087194 0.04922304 0.02843567
v 0.01450862 0.06558602 0.02455302
v 0.02269028 0.05740471 0.02652438
v 0.12615315 -0.10528929 0.02618977
v 0.11708011 -0.10760610 0.03458170
v 0.12746437 -0.10246008 0.03670535
v 0.11187960 -0.10848595 0.04081679
v 0.07177955 -0.00804754 0.03985765
v 0.08814252 0.00831544 0.03987093
v 0.09632418 0.00013378 0.04186744
v 0.06359788 -0.03259217 0.04189853
v 0.05541657 -0.02441086 0.03989747
v 0.07996121 -0.01622920 0.04185277
v 0.04723491 -0.04077383 0.04097956
v 0.10448977 -0.10961833 0.05138163
v 0.11268715 -0.06531846 0.05269808
v 0.11933790 -0.07052177 0.05449341
v 0.14011060 -0.09024312 0.05572325
v 0.12624117 -0.07585606 0.05772290
v 0.13244273 -0.08943068 0.06122205
v 0.13995307 -0.08482151 0.06210539
v 0.06855389 0.04174694 -0.29604242
v 0.05857551 0.04314059 -0.29789608
v 0.08013934 0.02826452 -0.29292820
v -0.03823732 -0.08526720 -0.29852689
v -0.02329140 -0.10679610 -0.29346051
v -0.00030283 -0.01831199 -0.30126599
v -0.04631070 -0.09304369 -0.30034283
v 0.14853606 0.08673979 -0.28811469
v 0.14282559 0.08058293 -0.28879755
v 0.13280704 0.09473738 -0.29271234
v 0.12493065 0.10185931 -0.29434420
v 0.00547505 -0.01162946 -0.30129568
v 0.01984814 -0.03386776 -0.29527679
v 0.11716499 0.10112930 -0.29861107
v -0.07738383 -0.06976661 -0.27878633
v -0.02149572 -0.18731477 -0.21237041
v 0.10911117 0.20764283 -0.20523137
v -0.05115285 -0.06960350 -0.30295373
v 0.12273120 0.20941301 -0.19658760
v -0.00548343 0.00427071 -0.30337497
v 0.10186978 0.11793866 -0.29984824
v 0.13928174 0.08671045 -0.29039623
v -0.11015972 -0.03022751 -0.18844855
v 0.02795331 -0.03849370 -0.29361559
v 0.04136657 0.17927876 -0.18334794
v 0.06720845 0.04967083 -0.29718040
v -0.11715556 -0.01762704 -0.18158230
v 0.15526853 0.07160351 -0.29054502
v -0.10822783 -0.03363444 -0.18138076
v -0.12857999 0.00432800 -0.18122149
v 0.05042668 0.18454179 -0.18122009
v 0.21176195 0.04051082 -0.20477380
v 0.04284754 0.18130462 -0.17308803
v -0.12530229 -0.00251241 -0.17309641
v 0.01990892 -0.02437593 -0.29789573
v -0.11535988 -0.02107099 -0.17281733
v -0.12045247 -0.01117504 -0.17284632
v 0.04378362 0.05517836 -0.30030999
v 0.21180771 0.03484122 -0.16526753
v -0.02952544 -0.17444780 -0.18853971
v -0.10263053 -0.04608646 -0.16498461
v 0.01224595 -0.02905007 -0.29750104
v 0.05173860 0.06297301 -0.29888421
v 0.14878685 0.07674464 -0.28921005
v 0.12892962 0.19909093 -0.21262469
v -0.10018204 -0.04957932 -0.15753994
v -0.03001724 -0.10038392 -0.29526457
v 0.09406640 0.01258720 -0.29055061
v -0.10584081 -0.03883041 -0.15790529
v -0.11287367 -0.02535567 -0.19663929
v 0.13004873 0.18981810 -0.16493885
v 0.11158655 0.21707598 -0.15746659
v 0.05891117 0.18999135 -0.15155633
v 0.06874391 0.19475874 -0.15164190
v -0.02528058 -0.18198293 -0.18882892
v 0.03583738 -0.04619579 -0.29077625
v -0.09669722 -0.05488042 -0.15256437
v 0.20243394 0.05741728 -0.20445421
v 0.14605124 0.15909321 -0.15166391
v -0.07578620 -0.07697237 -0.28647550
v 0.03354642 -0.18497386 -0.15145888
v 0.13531107 0.17709817 -0.15145434
v 0.07345577 0.03528970 -0.29449614
v 0.13718987 0.17288928 -0.14753850
v 0.10931236 0.12308817 -0.29897433
v 0.11949822 0.11207520 -0.29638472
v 0.06512985 0.19393757 -0.14745816
v -0.00809085 -0.20474202 -0.15184519
v 0.08629829 0.01995572 -0.29222404
v 0.21028553 0.03770536 -0.15692799
v -0.08464023 -0.07689902 -0.14519305
v 0.13189471 0.18294835 -0.14524789
v -0.09462106 -0.05967925 -0.14566423
v -0.01646427 -0.20467565 -0.14527164
v 0.10221208 0.20356562 -0.21209971
v -0.08870277 -0.06928984 -0.14499535
v 0.21476616 0.02784678 -0.15888119
v -0.12353910 -0.00667275 -0.16577644
v 0.12492576 0.20414788 -0.18817611
v 0.11843569 0.21245913 -0.18831478
v 0.02776085 -0.18655962 -0.14520423
v -0.06378126 -0.07939676 -0.30367571
v 0.19989708 0.06375297 -0.21173785
v 0.04558139 0.18762459 -0.13614726
v -0.09305871 -0.06392656 -0.13802920
v 0.20731520 0.04765231 -0.20502075
v -0.05061006 -0.14367959 -0.13748118
v 0.01045481 -0.19265325 -0.13827091
v 0.13951192 0.16733669 -0.13840084
v 0.02085863 -0.18745344 -0.13788774
v 0.03027676 -0.18390540 -0.13776864
v 0.22406518 0.01259348 -0.13745463
v 0.05122550 0.19167839 -0.13031768
v 0.14197578 0.16144774 -0.12996036
v 0.01308318 -0.19012512 -0.12963832
v 0.03569662 -0.17928610 -0.12983741
v 0.18298189 0.08609047 -0.13023211
v 0.13634146 0.17143486 -0.12952725
v 0.21992755 0.01902872 -0.13101101
v 0.17910237 0.09378348 -0.13007633
v 0.14380569 0.15515711 -0.11975809
v 0.17558751 0.09963645 -0.12219016
v -0.05672011 -0.13438441 -0.11984087
v 0.07441665 0.20401271 -0.12205499
v 0.16515750 0.11908851 -0.12225408
v 0.08420258 0.21044445 -0.12003821
v -0.04658105 -0.15213335 -0.12198548
v -0.06739776 -0.11445593 -0.12182690
v 0.00052742 -0.19444927 -0.12165191
v 0.00732591 -0.19127217 -0.12188838
v 0.15319797 0.13806343 -0.12221042
v -0.05488985 -0.13853357 -0.11487228
v 0.16773802 0.11323623 -0.11539621
v 0.07965279 0.20785694 -0.11414961
v -0.06035442 -0.12887828 -0.11487403
v 0.16120953 0.12266239 -0.11486355
v -0.06566426 -0.11888173 -0.11384399
v 0.00272198 -0.19203990 -0.11260402
v 0.15676348 0.12980703 -0.11454081
v 0.15119936 0.13934182 -0.11258411
v -0.01325643 -0.19840528 -0.10698437
v 0.09250998 0.21605921 -0.10839758
v -0.08493922 -0.08679078 -0.10667595
v 0.16910059 0.10952752 -0.10640840
v 0.14682735 0.14612809 -0.10626065
v 0.18978212 0.07029508 -0.10723551
v 0.12815176 0.18436680 -0.10649362
v -0.04264879 -0.16351307 -0.10411359
v -0.08735663 -0.08327034 -0.09822604
v 0.17224974 0.10262110 -0.09803638
v 0.14391362 0.15103066 -0.09630217
v -0.00771432 -0.19423935 -0.09847403
v 0.08847155 0.21593906 -0.09865321
v -0.04077453 -0.16811630 -0.09906293
v -0.04569771 -0.15855287 -0.09875975
v -0.08322842 -0.09126478 -0.09840557
v 0.24646555 -0.03791703 -0.09259311
v -0.10664486 0.11850171 -0.09205661
v -0.02816777 0.15771493 -0.09193681
v -0.09733920 0.12330752 -0.09214533
v 0.13293593 -0.12214650 -0.09102587
v 0.14283677 -0.11782968 -0.08918094
v -0.16238592 0.05586820 -0.09082119
v 0.18321137 -0.09793718 -0.09094973
v -0.02374896 0.16168281 -0.08569193
v 0.13879624 -0.11890059 -0.08509570
v 0.21593941 -0.07822072 -0.08508907
v -0.16632901 0.06143755 -0.08499196
v -0.06275890 0.14152939 -0.08598254
v -0.10349047 0.12148425 -0.08601886
v 0.17638039 -0.09952189 -0.08500559
v 0.15414593 -0.11091942 -0.08094899
v 0.23970828 -0.02888590 -0.07932097
v -0.15910578 0.04842353 -0.07855324
v 0.09632418 -0.06531846 0.05034670
v -0.06755005 0.14068063 -0.07885921
v -0.06068310 0.14401211 -0.07821513
v 0.16964722 -0.10121138 -0.07839781
v 0.16154484 -0.10594664 -0.07853507
v -0.15610472 0.04191460 -0.07053609
v 0.23628982 -0.02552962 -0.07103906
v 0.14628107 -0.11208394 -0.07086477
v -0.07488644 0.13863347 -0.07076697
v 0.16459480 -0.10208355 -0.07099261
v -0.05530725 0.14819411 -0.07050011
v -0.03653560 0.15776173 -0.07063529
v 0.18451001 -0.09126932 -0.07069327
v 0.24188607 -0.03382899 -0.07171178
v -0.04126073 0.15642851 -0.06570897
v 0.02755128 0.19241154 -0.06356959
v 0.19784014 -0.08207648 -0.06338342
v 0.22376235 -0.00265632 -0.06349799
v -0.14419898 0.01927287 -0.06354095
v -0.15381690 0.03737528 -0.06359369
v 0.03512973 0.19625264 -0.06337015
v -0.14577775 0.02191871 -0.05745745
v 0.11531238 -0.12669559 -0.05588706
v 0.19142481 -0.08492141 -0.05523355
v 0.21974068 0.00354350 -0.05549586
v -0.14023005 0.01166019 -0.05534986
v -0.12835260 0.11386040 -0.05567469
v -0.04679237 0.15542152 -0.05545988
v 0.03015590 0.19521596 -0.05533030
v 0.10974128 -0.12794324 -0.04762751
v -0.11289603 0.12225024 -0.04741375
v 0.12764844 -0.11731029 -0.04566068
v -0.16994027 0.06408164 -0.04730512
v 0.24994304 -0.04684162 -0.04778469
v -0.14897965 0.02759599 -0.04781193
v -0.12046329 0.11841893 -0.04740117
v 0.01397072 0.18796933 -0.04766593
v 0.22713121 -0.01171608 -0.04718985
v 0.11784470 -0.12310284 -0.04699286
v 0.12348985 -0.11826594 -0.04205745
v 0.23089127 -0.01842550 -0.04014337
v 0.22441726 -0.00835840 -0.03975951
v 0.01944646 0.19240735 -0.04069175
v -0.11781257 0.12106791 -0.03956949
v 0.10294034 -0.12921080 -0.04018354
v -0.15164400 0.03340810 -0.04003090
v 0.03760721 0.20248738 -0.03797536
v -0.14562302 0.11183874 -0.03207662
v 0.08827664 -0.13535717 -0.03258623
v -0.17575377 0.07385290 -0.03184575
v 0.09606606 -0.13092998 -0.03159915
v 0.09060882 -0.13236135 -0.02556315
v -0.14926397 0.10983768 -0.02424215
v -0.18346006 0.08696682 -0.02387191
v -0.17227908 0.07056822 -0.02433960
v -0.17836748 0.07855813 -0.02420757
v 0.05152379 -0.15166635 -0.02462846
v -0.16139430 0.09422148 0.00713380
v 0.05559017 -0.14796637 -0.01763577
v 0.06660279 -0.14211549 -0.01862949
v 0.21615317 0.00562699 -0.01955300
v -0.16498076 0.10417367 -0.01864695
v -0.18231231 0.08297205 -0.01855858
v -0.15728251 0.10670040 -0.01746706
v -0.14583049 0.11279788 -0.01464100
v 0.07435378 -0.13783081 -0.01793371
v 0.09890854 -0.12476160 -0.01346460
v 0.05942043 -0.14492340 -0.01217784
v 0.07952879 -0.13431176 -0.01284322
v -0.14284585 0.11598755 -0.01150267
v -0.17921519 0.09623337 -0.01209680
v -0.16170726 0.10691835 -0.00903986
v -0.00897279 0.18455367 -0.00449041
v 0.22256640 -0.06155631 -0.00416872
v 0.23036070 -0.05701595 -0.00385262
v -0.17783586 0.10121592 -0.00279149
v -0.16999301 0.10813701 -0.00107615
v 0.06748019 -0.13887971 0.00340553
v -0.01535459 0.18437553 0.00293924
v -0.15517632 0.08800350 0.00660499
v -0.17844676 0.10635566 0.00208803
v 0.00027279 0.17407336 0.01122708
v 0.00570278 0.18320997 0.01123302
v -0.15646623 0.07854381 0.01077161
v -0.01617191 0.16188959 0.01094765
v -0.00799060 0.16785538 0.01105907
v -0.12737635 0.05029954 0.01283275
v -0.11639586 0.05740471 0.01205070
v -0.14912181 0.08194934 0.00728260
v -0.10821420 0.01649710 0.01897388
v 0.03905325 0.14740158 0.01835600
v -0.08366957 0.02467841 0.01918904
v -0.09185123 0.03286007 0.01728055
v 0.03087194 0.15558324 0.01639860
v 0.01450862 0.13921992 0.01628927
v 0.02269028 0.13103861 0.01821419
v 0.10450549 -0.04077383 0.04782416
v -0.16422456 0.07862729 0.01962285
v -0.15870725 0.06986162 0.01942725
v -0.05094362 0.01649710 0.02312234
v 0.03087194 0.09831231 0.02269936
v 0.03905325 0.10649397 0.02273673
v 0.07429685 -0.09395393 0.05266560
v 0.14541345 0.00831544 0.04707459
v 0.06580083 -0.09206569 0.05102780
v 0.11268715 -0.04895514 0.05008508
v 0.05541657 -0.08168144 0.04744658
v 0.15359476 0.00013378 0.04916716
v 0.08166572 -0.07554519 0.05003129
v 0.04634738 -0.10087222 0.04991114
v 0.08814252 -0.05713680 0.04796457
v 0.12905013 -0.03259217 0.04998693
v 0.12086881 -0.02441086 0.04778713
v 0.13723179 -0.01622920 0.04891043
v 0.09242126 -0.09608597 0.05856783
v 0.09191340 -0.10956908 0.05929120
v 0.14706207 -0.04868410 0.05469530
v 0.15365309 -0.04082518 0.05452240
v 0.08800141 -0.10102067 0.06103727
v 0.09425676 -0.10549222 0.06196218
v -0.10254670 0.02797636 -0.31821611
v -0.09970037 0.00998851 -0.31900794
v -0.13130511 0.02948702 -0.28471510
v -0.13039452 0.02615659 -0.28089427
v 0.23147981 -0.01144364 -0.27349989
v 0.03894497 0.15731011 -0.27594384
v -0.12816189 0.04216364 -0.32378092
v 0.24104674 -0.00516418 -0.26350230
v -0.02872942 0.12857824 -0.25481871
v -0.09662142 0.09433605 -0.25535207
v 0.13723179 -0.14785530 -0.25125775
v 0.25673489 -0.03559952 -0.24956372
v 0.06864611 -0.17469998 -0.27368956
v -0.01468361 0.12859291 -0.29902567
v -0.00746458 0.13133725 -0.29267881
v 0.19919711 -0.10757920 -0.26450789
v 0.11033926 -0.15666742 -0.23953538
v 0.03742523 0.12745005 -0.31120595
v 0.12905047 -0.14746026 -0.23931079
v 0.26368882 -0.04827019 -0.25387390
v 0.19152506 -0.10539442 -0.26689491
v 0.14357132 -0.13914552 -0.23018327
v 0.06103972 -0.18459943 -0.27367314
v 0.25411665 -0.03046851 -0.25573314
v -0.13481403 0.08016135 -0.23224475
v -0.15187977 0.05421748 -0.24062096
v -0.09224872 0.10321348 -0.22721504
v 0.07995178 -0.17055850 -0.22651158
v -0.13205398 0.08297205 -0.22466770
v 0.05878927 -0.18782543 -0.24789169
v 0.19121559 0.00445234 -0.27567804
v -0.12911963 0.08160983 -0.23985323
v -0.11020373 0.09123230 -0.23823010
v -0.10413490 0.09210516 -0.24727799
v -0.15510472 0.05611829 -0.21980460
v 0.15428110 -0.13361074 -0.21988703
v 0.07371109 -0.17322285 -0.21987970
v 0.11165781 -0.15403556 -0.22070401
v 0.14220072 -0.14666179 -0.25334752
v -0.09715583 0.09974124 -0.23287032
v 0.08164651 -0.12078638 -0.27616494
v -0.08142122 0.02065604 -0.31349901
v -0.08965562 0.01210623 -0.31400582
v -0.12440288 0.01222115 -0.29317060
v -0.15024546 0.04852203 -0.22016087
v -0.05410570 0.12567149 -0.21180038
v 0.23720774 -0.00354315 -0.27000215
v 0.18180130 -0.11870045 -0.20443884
v 0.08728397 -0.12672563 -0.27455194
v 0.15709565 -0.13263205 -0.22427161
v 0.22253392 -0.01867315 -0.27200879
v -0.06799399 0.12157123 -0.19671264
v 0.10223234 -0.15981134 -0.23216686
v 0.07435553 -0.11303260 -0.27765080
v -0.08204958 0.10821001 -0.22561950
v 0.10222745 -0.13604107 -0.27266475
v 0.12535678 -0.11282128 -0.27061340
v 0.18662074 -0.11735675 -0.21073366
v 0.05169040 -0.19626521 -0.26258053
v 0.24366568 -0.01006466 -0.25549179
v -0.02334973 0.13299530 -0.24812117
v 0.13313048 -0.15181899 -0.25511945
v 0.14828457 -0.14296146 -0.26250509
v 0.16969647 -0.12256180 -0.18810555
v 0.16647186 -0.12719682 -0.21392054
v -0.11969312 0.08608662 -0.23958323
v -0.10531479 0.01989250 -0.31940123
v 0.11750415 -0.12047726 -0.27117750
v 0.10994212 -0.12821079 -0.27181424
v 0.16232899 -0.07778586 -0.27169444
v -0.13509975 0.06620146 -0.30625553
v -0.08954979 0.09597280 -0.26355225
v 0.05901561 -0.15963565 -0.27641119
v 0.06481479 -0.16750715 -0.27471157
v 0.19997322 -0.00099022 -0.27463367
v 0.11753419 -0.15305756 -0.23943758
v -0.14431669 0.03819506 -0.22192791
v 0.16794270 -0.07063144 -0.27397422
v -0.08386412 0.09736784 -0.27187921
v 0.17588231 -0.06164189 -0.27390891
v 0.05157094 -0.15154061 -0.27929070
v 0.12466275 -0.14896009 -0.23210154
v -0.11995683 0.06328073 -0.32439671
v 0.16640934 -0.02898370 -0.27416458
v 0.25720573 -0.04623945 -0.26049181
v 0.14926432 -0.13613398 -0.22627476
v 0.16286654 -0.12771306 -0.20407558
v -0.13623073 0.03508118 -0.27876188
v 0.16613096 -0.12513953 -0.19451913
v 0.16298180 -0.02604377 -0.27541258
v -0.11248701 0.05514273 -0.32485288
v 0.02031618 0.14623497 -0.30782871
v -0.11523659 0.09000176 -0.23324021
v 0.05149060 -0.18867768 -0.27360538
v 0.05694470 -0.19233121 -0.25735627
v -0.12772668 0.02021559 -0.29942351
v -0.12837600 0.08624066 -0.21981263
v 0.23572328 0.00540275 -0.26353583
v -0.12228621 0.01128821 -0.28580103
v 0.13387166 -0.14648086 -0.24593150
v 0.25052774 -0.03871375 -0.26462211
v -0.06077217 0.12366205 -0.20474097
v -0.13577771 0.04899496 -0.32379629
v 0.20698513 -0.08490814 -0.26314673
v 0.21467360 -0.09308630 -0.26164445
v 0.04388142 -0.19637698 -0.27218449
v -0.12457718 0.05284898 -0.32607433
v 0.00605766 0.13771415 -0.28626732
v 0.24631047 -0.01776291 -0.24745822
v -0.15804011 0.06358461 -0.22495342
v -0.14717699 0.04402498 -0.22490556
v 0.25098985 -0.02552403 -0.24700555
v -0.07207993 0.12050032 -0.18897492
v 0.00043172 0.13706727 -0.27868958
v 0.02809198 0.13017028 -0.31368134
v -0.08887672 0.10663613 -0.21927788
v 0.06632056 -0.18682961 -0.25628152
v -0.10613875 0.08957913 -0.25685435
v 0.03566274 0.13724331 -0.31341378
v 0.18426027 -0.05390417 -0.27163646
v -0.07483090 0.11809234 -0.19707066
v -0.13873546 0.03710773 -0.27097072
v 0.17664340 -0.12194880 -0.21258941
v -0.00179777 0.13421361 -0.28587997
v -0.09684112 0.03392539 -0.31816022
v -0.07767339 -0.10987051 -0.00439122
v 0.15308026 0.12324151 -0.00389733
v 0.15514559 0.11642276 0.00314042
v 0.15731849 0.11214017 0.01118482
v 0.12173050 0.18130427 0.02417090
v 0.16387912 0.10165986 0.02667353
v 0.10229382 0.16171110 0.02518976
v -0.08777123 -0.09176740 0.02658795
v -0.06929054 -0.12805466 0.02687227
v 0.09794277 0.21359221 0.02800605
v 0.14326395 0.13925415 0.02661974
v -0.04770854 -0.16784071 0.02598928
v 0.11975809 0.17869022 0.02899697
v 0.10923796 0.16877715 0.02758656
v 0.09017536 0.21426109 0.03174620
v -0.06508305 -0.13408507 0.03242207
v 0.11318523 0.16190810 0.03395019
v 0.09522533 0.20485099 0.03449543
v 0.16005444 0.10796970 0.03441439
v 0.11492223 0.18371573 0.03445351
v 0.14365549 0.13177839 0.03692750
v 0.14447771 0.12856043 0.03809970
v -0.08953093 -0.08446454 0.03350800
v -0.08261647 -0.09312263 0.03410108
v -0.04878050 -0.16155043 0.03667846
v 0.12268195 0.16832273 0.04094708
v 0.10983209 0.18366683 0.04185277
v 0.11586949 0.16095211 0.04238369
v -0.00977790 -0.17138806 0.04202113
v -0.05959542 -0.13615634 0.04094952
v -0.06870933 -0.11538957 0.04224607
v 0.13409206 0.14531914 0.04154226
v -0.06472503 -0.12013916 0.04488597
v 0.13139348 0.15244177 0.04666523
v 0.11970919 0.16687180 0.04669282
v -0.06127199 -0.12933305 0.04718392
v 0.12562503 0.16080087 0.04781682
v -0.01536751 -0.17180266 0.04821326
v -0.04786886 -0.14550741 0.05193350
v -0.05471206 -0.13667363 0.04942563
v -0.09060638 -0.06404078 0.05241901
v 0.16365837 0.07107050 0.05539876
v 0.17098044 0.06858114 0.06009455
v 0.16833146 0.07821932 0.05616823
v -0.04629778 -0.13630373 0.05760205
v -0.05200371 -0.15028877 0.06183364
v -0.01308493 -0.05202327 -0.29638193
v -0.06147353 -0.02504376 -0.30790520
v -0.03589711 -0.02504481 -0.30359607
v 0.11764631 0.04831176 -0.29116396
v 0.14905754 0.02806857 -0.28366724
v -0.06323183 -0.10269375 -0.26270663
v 0.00043765 -0.06959232 -0.29358276
v 0.07234294 0.11205530 -0.30446439
v -0.02303991 -0.00373910 -0.30587516
v 0.16096293 0.13801034 -0.24782358
v 0.10194418 0.06318328 -0.29219959
v -0.04569561 -0.01103113 -0.30687656
v 0.16017879 0.14333415 -0.27122535
v 0.06113228 0.09994662 -0.30307843
v 0.16451272 0.13186432 -0.25551100
v 0.07424795 0.08626441 -0.29918460
v -0.03052056 0.00446247 -0.30716367
v -0.08496716 -0.07149662 -0.21218354
v 0.13743123 0.18198398 -0.21270223
v 0.22007669 0.02703364 -0.21196000
v 0.01283868 -0.10597039 -0.28673467
v 0.08459098 0.12344095 -0.30439978
v -0.00938390 -0.21024361 -0.20457680
v -0.01358790 -0.20260963 -0.20480524
v 0.13571414 0.18409541 -0.20485309
v 0.13933553 0.17598046 -0.20434802
v 0.03550905 -0.08499895 -0.28667808
v 0.02827780 -0.19534030 -0.21198340
v -0.07085324 -0.08723857 -0.27128508
v -0.06894160 -0.09239681 -0.26322776
v 0.00603041 -0.20223974 -0.19661659
v -0.06783018 -0.04669841 -0.30607355
v -0.00196683 -0.20845667 -0.19604097
v -0.09301156 -0.05770649 -0.18890402
v 0.18261409 0.09261163 -0.19601582
v 0.10974372 0.05517592 -0.29141544
v 0.18666475 0.08562627 -0.18852679
v 0.22188948 0.01895956 -0.18865218
v -0.03793868 -0.01900462 -0.30456394
v 0.03722754 -0.19081985 -0.20993868
v -0.05443543 -0.13090658 -0.18178244
v -0.06569639 -0.09986803 -0.25547572
v -0.07288573 -0.08436919 -0.26298012
v 0.15869817 0.13920211 -0.17921030
v 0.02009090 -0.10011497 -0.28622611
v -0.04359187 -0.15126363 -0.18114010
v 0.08119209 0.09417573 -0.29895442
v -0.02283803 -0.03909062 -0.29970783
v -0.06538169 -0.11214506 -0.18040591
v -0.07388050 -0.03889258 -0.30747977
v 0.08411037 0.20298651 -0.17109745
v 0.09396860 0.07135237 -0.29415454
v 0.18090888 0.09651978 -0.19039058
v 0.16845755 0.12185170 -0.18116211
v 0.17557948 0.10746953 -0.17303878
v -0.05748260 -0.12673401 -0.17398988
v 0.16532306 0.12715840 -0.17252603
v 0.07754380 0.20043707 -0.16617078
v 0.14296985 0.16823715 -0.19651600
v -0.01895956 -0.19929107 -0.16325495
v 0.01312056 -0.19766515 -0.19654254
v -0.03967917 -0.15952877 -0.16509009
v 0.17329376 0.11184188 -0.16541178
v -0.03096660 -0.04628276 -0.30120870
v 0.08844116 0.20592190 -0.16512048
v -0.00743664 -0.06182177 -0.29569768
v 0.17197625 0.11548423 -0.17304507
v 0.15154585 0.15135235 -0.16535555
v 0.22629048 0.01010448 -0.18897248
v 0.22481650 0.01406328 -0.19625438
v 0.15575474 0.03501027 -0.28433612
v -0.08127487 -0.07735379 -0.20449647
v -0.05381196 -0.03206754 -0.30595934
v 0.00709608 -0.19890196 -0.17276773
v 0.09500109 0.20846330 -0.15958570
v -0.04215840 -0.15531534 -0.15974567
v -0.06479034 -0.10318240 -0.24572612
v 0.00132728 -0.20461348 -0.18861202
v 0.13284162 0.01207864 -0.28472208
v -0.03652966 -0.16663743 -0.15803732
v 0.07363355 0.19749469 -0.15801322
v 0.14092583 0.02009229 -0.28390022
v -0.06377672 -0.11493655 -0.15562027
v -0.08905485 -0.06182910 -0.19663405
v 0.00659346 -0.07721093 -0.29176542
v 0.18983836 0.07853542 -0.15768035
v -0.00738215 -0.05207706 -0.29662119
v 0.15397653 0.14709910 -0.15822209
v 0.14281337 0.01002274 -0.28145627
v 0.19381392 0.07132478 -0.16517706
v 0.14964714 0.15386825 -0.15766708
v 0.01167102 -0.08417254 -0.28968054
v -0.02442413 -0.18949082 -0.15220845
v -0.08050819 -0.08484771 -0.16516519
v 0.12523733 0.19861660 -0.15212112
v -0.03458030 -0.17137478 -0.15109388
v 0.01974126 -0.19435916 -0.18866406
v 0.19743566 0.06311412 -0.15154271
v -0.06192865 -0.12055481 -0.16510546
v 0.20715174 0.04348743 -0.15145923
v -0.04772740 -0.14455281 -0.17402691
v -0.05193804 -0.13649759 -0.17340169
v 0.04401240 0.08039467 -0.30391741
v 0.12494393 0.04226563 -0.29087021
v 0.06633593 0.18841292 -0.20490688
v 0.14478578 0.16531119 -0.20505567
v 0.08823683 0.07782148 -0.29451675
v -0.09578418 -0.05353532 -0.21259221
v -0.03329877 -0.16940377 -0.18137727
v -0.02223865 -0.19489741 -0.14542812
v 0.20390653 0.04908123 -0.14537083
v 0.20076750 0.05543578 -0.14512179
v 0.10137520 0.21474380 -0.14578369
v 0.12769036 0.19131339 -0.14486577
v 0.19554114 0.06753014 -0.14430132
v 0.20261417 0.05071205 -0.13800406
v 0.16679356 0.12749581 -0.24735833
v 0.03059635 -0.19099310 -0.20252091
v -0.06012599 -0.10702978 -0.27133572
v 0.14781199 0.16009985 -0.21222057
v 0.13299356 0.03575076 -0.29016360
v 0.17896720 0.10107691 -0.18141429
v 0.02848283 -0.09338879 -0.28691175
v -0.11404971 -0.02551041 -0.13821572
v -0.03005775 -0.18120367 -0.13811199
v 0.12063270 0.20508536 -0.13734286
v -0.03347342 -0.17595636 -0.13214235
v -0.11180625 -0.03212098 -0.12992159
v 0.11642975 0.21195127 -0.12986431
v -0.11662150 -0.02374652 -0.12874310
v 0.21693033 0.02207065 -0.12142942
v -0.11995089 -0.01859491 -0.12182201
v -0.12326910 -0.01340592 -0.11489568
v -0.12961597 -0.00314357 -0.11448248
v -0.13445252 0.00571186 -0.11419013
v -0.02258130 -0.20068227 -0.10636998
v -0.12651885 -0.00957042 -0.10657745
v 0.10190716 0.22209067 -0.10623795
v -0.10855161 -0.04281925 -0.10296724
v -0.10612827 -0.04701172 -0.10657990
v 0.20986568 0.03032042 -0.10633295
v 0.20607384 0.03503717 -0.09861829
v 0.21151711 0.02554149 -0.09938532
v -0.12423034 -0.01520649 -0.09758720
v 0.10981358 0.21984756 -0.09874089
v 0.10404653 0.22413329 -0.09637238
v -0.14707674 0.09797665 -0.09336992
v 0.06549939 -0.15596501 -0.09089349
v 0.01033116 0.17819493 -0.09125151
v 0.02075698 0.18355436 -0.09135105
v 0.25083442 -0.06192481 -0.09152046
v 0.25697346 -0.05406903 -0.09152046
v -0.14286611 0.10178386 -0.08543416
v 0.01239614 0.18031125 -0.08521411
v 0.09612928 -0.13964849 -0.08560112
v -0.17386798 0.07273030 -0.08507195
v -0.17660219 0.07839222 -0.08502759
v 0.05872116 -0.15837857 -0.08446384
v 0.25455710 -0.05830097 -0.08153963
v 0.06144768 -0.15472679 -0.07675756
v -0.16945860 0.09158053 -0.07798216
v -0.17716314 0.08549424 -0.07837301
v 0.05160971 -0.16052004 -0.07927870
v 0.04417832 -0.16405097 -0.07893501
v -0.17432135 0.08991270 -0.07079701
v 0.04568059 -0.16237649 -0.06921859
v 0.06635619 -0.15115325 -0.07095733
v -0.15674427 0.09945308 -0.07083682
v 0.07127762 -0.14816372 -0.06343407
v 0.08119209 -0.14346094 -0.06305440
v -0.16522002 0.09713767 -0.05764955
v 0.07496643 -0.14567366 -0.05518220
v -0.00730426 0.17624173 -0.05522237
v 0.23149029 -0.06481340 -0.05538095
v 0.22718919 -0.06612042 -0.04738056
v 0.24555881 -0.05759646 -0.04618880
v 0.00640380 0.18429520 -0.04790798
v 0.23761711 -0.06108198 -0.04770959
v -0.00082676 0.18246913 -0.04081295
v 0.22174278 -0.06799015 -0.04055413
v -0.02484781 0.17124485 -0.03194879
v 0.20553385 -0.07461993 -0.03226209
v 0.21500577 -0.06991122 -0.03182200
v -0.07404291 0.14548680 -0.03175249
v -0.06689095 0.14963386 -0.02964001
v 0.16463113 -0.09441883 -0.03155374
v 0.24358046 -0.03931347 -0.03201096
v -0.16298704 0.05633030 -0.03205671
v 0.13141374 -0.11165781 -0.02692886
v -0.16551168 0.06091607 -0.02383384
v 0.20741859 -0.07232059 -0.02417509
v -0.06981412 0.14908863 -0.02473115
v 0.24741072 -0.04618217 -0.02321316
v 0.00750929 0.18943004 -0.02413283
v 0.17410270 -0.08843522 -0.01845834
v 0.17079008 -0.09068043 -0.02441156
v -0.03090722 0.16869297 -0.02407450
v 0.19211919 -0.07940025 -0.01947476
v -0.04612558 0.16137614 -0.01974720
v -0.03802076 0.16542715 -0.01890612
v 0.23779175 -0.03122332 -0.01743318
v -0.15979807 0.04768793 -0.01722012
v 0.18522500 -0.08276178 -0.01740035
v -0.04173926 0.16439781 -0.01150930
v 0.21771203 -0.06533174 -0.01021730
v -0.06326327 0.15550710 -0.01176742
v -0.15704675 0.04099737 -0.01174193
v 0.17643348 -0.08627803 -0.01203568
v 0.24110437 -0.03609934 -0.01040312
v -0.16104606 0.04957477 -0.01201612
v 0.23428213 -0.02511641 -0.01271119
v 0.19903993 -0.07470551 -0.01257427
v -0.02241993 0.17519911 -0.01158195
v -0.14480779 0.01803710 -0.00463676
v 0.10290472 -0.12157192 -0.00421378
v 0.21984477 -0.00264688 -0.00420540
v -0.06074143 0.15874951 -0.00346701
v -0.05092476 0.16477993 -0.00067307
v -0.15497514 0.03579966 -0.00391130
v -0.12732256 0.12475706 -0.00435279
v 0.11196483 -0.11683876 -0.00419562
v 0.10792849 -0.11814683 0.00359415
v 0.18508633 -0.07929372 0.00396718
v -0.05601385 0.16293011 0.00312436
v 0.02282370 0.20315486 0.00483271
v -0.14317243 0.01265286 0.00317780
v -0.14733033 0.02125821 0.00329132
v -0.13501976 0.12078533 0.00276180
v -0.12787757 0.11562814 0.00642510
v -0.11863898 0.10915273 0.00580582
v 0.01972554 0.19917022 0.01075100
v -0.02435357 0.15353783 0.01083379
v 0.01455228 0.19112233 0.01152013
v -0.03086146 0.14554198 0.01096302
v -0.04276196 0.13103861 0.01108667
v -0.03713707 0.13819721 0.01094241
v -0.10821420 0.07376768 0.01042303
v -0.09185123 0.09013065 0.01006466
v -0.10003289 0.08194934 0.01019669
v -0.11230503 0.10322117 0.00671746
v -0.16964512 0.06623988 0.01120612
v -0.14997931 0.02787891 0.01128227
v 0.02710210 0.20597604 0.01104196
v 0.03632673 0.21092157 0.01043071
v -0.14485110 0.02638432 0.02111849
v -0.15046551 0.03465330 0.01968677
v 0.22721574 -0.01838254 0.01906924
v 0.11683841 -0.11146465 0.01880343
v 0.22150248 -0.01007060 0.01916529
v 0.00632730 0.01649710 0.02947235
v -0.01821733 0.02467841 0.02569763
v -0.01003567 0.03286007 0.02563615
v 0.03087194 0.04104173 0.02937874
v 0.03905325 0.04922304 0.02938503
v 0.01450862 0.05740471 0.02553975
v 0.02269028 0.06558602 0.02555023
v 0.11826384 -0.10897774 0.02711607
v 0.00632730 0.01208143 0.02998266
v 0.03812066 0.04234142 0.03005112
v 0.12448881 -0.10439651 0.03414963
v 0.09632418 0.00831544 0.04085766
v 0.08814252 0.00013378 0.04083950
v 0.05541657 -0.03259217 0.04089643
v 0.06359788 -0.02441086 0.04086849
v 0.07996121 -0.00804754 0.04082273
v 0.07177955 -0.01622920 0.04084578
v 0.04723491 -0.04895514 0.04201170
v 0.10975350 -0.10789356 0.04761668
v 0.14247491 -0.08635278 0.05939982
v 0.11796206 -0.07656790 0.05587029
v 0.12635015 -0.06904464 0.05520002
v 0.13313502 -0.09265040 0.05686750
v 0.12812033 -0.07874779 0.06026396
v 0.13279866 -0.08546210 0.06397057
v -0.08097763 0.01217469 -0.31287030
v -0.11257014 0.06314556 -0.32446692
v 0.19961521 -0.10059140 -0.26501680
v 0.06465238 -0.15885430 -0.27468607
v -0.08948308 0.09467031 -0.27105385
v -0.09661967 0.02831587 -0.31681303
v 0.21619963 -0.10884711 -0.25663779
v 0.11749926 -0.11341262 -0.27129835
v 0.16220674 -0.06995732 -0.27359944
v 0.23890527 -0.00073245 -0.26274330
v -0.08871535 0.01956767 -0.31464222
v 0.19354672 -0.10680449 -0.26626724
v -0.10776363 0.09001678 -0.24871670
v 0.05908162 -0.16711455 -0.27637172
v 0.04565335 -0.18854740 -0.27400776
v -0.01485231 0.12814513 -0.29267985
v 0.10242480 -0.16076314 -0.23940056
v 0.19200183 -0.10024351 -0.26757392
v 0.12841373 -0.14723497 -0.23187171
v 0.25412818 -0.03123904 -0.24830210
v -0.10432875 0.01233222 -0.31980955
v 0.15420182 -0.13397260 -0.22626044
v -0.15575893 0.05728839 -0.22620421
v 0.10204093 -0.12842106 -0.27315515
v 0.06441696 -0.18539161 -0.24949316
v -0.08801189 0.10552715 -0.22512876
v -0.13066732 0.08189380 -0.23380990
v 0.07793081 -0.17079811 -0.21939279
v -0.14485843 0.03975147 -0.22615286
v -0.13320453 0.08328675 -0.22019894
v 0.04564985 -0.19908150 -0.26269650
v 0.10921526 -0.15633630 -0.23259334
v -0.10337695 0.09132032 -0.25499895
v 0.24698110 -0.01617645 -0.25553650
v 0.22965200 -0.01956068 -0.27260817
v 0.15768594 -0.13179481 -0.21802674
v -0.00460149 0.13403198 -0.28077726
v 0.11159214 -0.15475788 -0.22630061
v 0.07436461 -0.12048390 -0.27708112
v 0.14055908 -0.14441170 -0.24763147
v -0.14666319 0.04197782 -0.21919719
v 0.16643274 -0.12633548 -0.20674657
v -0.13953637 0.03686463 -0.26252395
v 0.23468206 0.00465493 -0.26927599
v -0.05542635 0.12659255 -0.20404414
v 0.17658892 -0.12115872 -0.20479685
v 0.05092721 -0.19435392 -0.27082891
v 0.18601997 -0.11683701 -0.20446049
v -0.06148436 0.12187091 -0.21238019
v 0.25634160 -0.03872353 -0.26056166
v 0.20691667 -0.09299689 -0.26206953
v -0.12193763 0.01177441 -0.27897669
v 0.22170262 -0.01162876 -0.27343842
v -0.02270006 0.13171692 -0.25573349
v 0.08075967 -0.11274339 -0.27693651
v 0.02310069 0.14961500 -0.30460341
v 0.06671665 -0.18243106 -0.27297981
v 0.10981812 -0.13589367 -0.27204337
v 0.12553631 -0.12017828 -0.27050128
v 0.18310239 -0.11915522 -0.21256496
v 0.15401216 -0.14099219 -0.26098151
v 0.00620156 0.13991919 -0.27869517
v 0.00262872 0.13610814 -0.28606963
v -0.11318628 0.08930180 -0.23985847
v -0.02079855 0.13483569 -0.24563914
v 0.07324305 -0.17423124 -0.22565827
v 0.24263878 -0.01068709 -0.24764404
v 0.02220268 0.14295937 -0.31191116
v 0.19162775 -0.00350892 -0.27449641
v 0.16924729 -0.07796749 -0.27257708
v -0.00832138 0.13160829 -0.29848253
v -0.09733885 0.09546389 -0.24778620
v -0.13237847 0.02860752 -0.27847092
v 0.19883385 0.00429900 -0.27612233
v 0.17604962 -0.05382732 -0.27359525
v -0.15249730 0.05360972 -0.23181268
v -0.11237349 0.09167554 -0.23186019
v 0.08515892 -0.17029863 -0.24243131
v 0.12519471 -0.14938936 -0.23951023
v 0.04342211 -0.15203241 -0.28064313
v 0.14840333 -0.13616507 -0.21964288
v 0.16955326 -0.02429664 -0.27473881
v 0.25100941 -0.04587689 -0.26201364
v 0.16367374 -0.12828484 -0.21116817
v 0.16543588 -0.12477033 -0.18944052
v 0.16945476 -0.12379617 -0.19653940
v -0.03045210 0.12926878 -0.24783545
v 0.16241876 -0.03247481 -0.27459910
v 0.11775458 -0.15211519 -0.23202889
v 0.01435284 0.14418746 -0.30628103
v 0.25135066 -0.02458515 -0.25539993
v -0.08338246 0.03231658 -0.31868939
v -0.12047028 0.08750507 -0.23202435
v -0.12733653 0.08538701 -0.22553602
v 0.05919654 -0.19027531 -0.25507020
v -0.09498886 0.09880620 -0.23983542
v 0.13194395 -0.14956645 -0.24951551
v 0.13986330 -0.14874563 -0.25597729
v -0.12498549 0.01160780 -0.29917027
v -0.13556884 0.04292263 -0.32120355
v -0.12845494 0.04845008 -0.32509039
v -0.15862482 0.06331706 -0.21857407
v 0.04357754 -0.14353953 -0.28256560
v 0.05188425 -0.14364641 -0.27981218
v -0.08201326 0.10995819 -0.21918532
v 0.21480493 -0.08534579 -0.26325465
v -0.12031729 0.05502118 -0.32550639
v 0.18465217 -0.06191922 -0.27180481
v -0.14990700 0.04873055 -0.22629921
v -0.06795557 0.12279512 -0.18849885
v -0.13404351 0.03464806 -0.28620201
v 0.02822680 0.13734810 -0.31352556
v -0.09123509 0.10473916 -0.22202745
v 0.03447098 0.13005502 -0.31279450
v 0.26443419 -0.04886293 -0.24858711
v -0.13501557 0.06590037 -0.31418151
v -0.13552273 0.07865278 -0.23966497
v -0.07162446 0.12001376 -0.19448001
v -0.07581659 0.11842382 -0.18936682
v -0.12965998 0.02711468 -0.28682408
v -0.12702881 0.02058199 -0.29266763
v 0.25642403 -0.03457227 -0.25611526
v 0.15531499 0.11632950 -0.00455328
v 0.15280817 0.12284018 0.00292701
v -0.07764510 -0.10967003 0.00373666
v -0.05735476 -0.13559329 0.04574731
v 0.15749348 0.11192641 0.01974650
v 0.10261760 0.16785538 0.02452752
v -0.08507370 -0.09489071 0.02854814
v 0.12366030 0.17564829 0.02606822
v -0.09174994 -0.08495983 0.02729141
v 0.11784330 0.18415514 0.02727116
v -0.06579908 -0.13433202 0.02658097
v 0.16063356 0.10838675 0.02664943
v 0.10910593 0.16217740 0.02747130
v 0.08997522 0.21153492 0.02674304
v 0.09373947 0.20415557 0.02717545
v -0.08522529 -0.08733986 0.03676613
v 0.16378272 0.10174299 0.03492155
v 0.14163069 0.13798799 0.03454398
v -0.06256924 -0.13004489 0.04120660
v -0.04726076 -0.16715646 0.03478219
v -0.06674599 -0.12863378 0.03468509
v 0.11125962 0.16879915 0.03517513
v 0.11742556 0.17617850 0.03403821
v 0.10641294 0.18162910 0.03816432
v 0.09444712 0.21224641 0.03425931
v -0.01574823 -0.17464829 0.04062259
v -0.07267476 -0.11116811 0.03984683
v -0.06700621 -0.12072630 0.04028658
v 0.11119116 0.17707722 0.04108714
v -0.00859626 -0.17028851 0.04483672
v 0.12634840 0.16069049 0.04247310
v 0.13179062 0.14536909 0.04610288
v 0.13128625 0.15329996 0.04214547
v 0.11967705 0.16058920 0.04650595
v 0.12385730 0.16653474 0.04570749
v 0.11716045 0.16961124 0.04271236
v -0.05607393 -0.13183777 0.05069738
v -0.06572224 -0.11245977 0.04865231
v -0.04775674 -0.15214173 0.04681507
v 0.16263461 0.07889414 0.05526778
v -0.03854434 -0.13706168 0.05598137
v 0.17014390 0.07239813 0.05800408
v -0.05096179 -0.15294718 0.05719513
v -0.04655835 -0.12831383 0.05664291
v -0.05288600 -0.14334917 0.06272118
v -0.03242207 -0.09137620 -0.29642315
v 0.08764898 0.03608013 -0.29282271
v 0.08220048 0.01215967 -0.29230856
v -0.02875492 -0.08540272 -0.29542838
v 0.00786241 0.00541881 -0.30091041
v -0.01428507 -0.01855369 -0.30268828
v 0.20436339 0.05483222 -0.21193660
v -0.10948141 -0.02987368 -0.20217931
v 0.15417038 0.08033250 -0.28863338
v -0.04568513 -0.10642796 -0.29862329
v 0.13294710 0.07872928 -0.29304905
v 0.19792152 0.06371455 -0.19680206
v -0.11119081 -0.02566549 -0.21220729
v 0.02626556 -0.02916638 -0.29641895
v 0.21139241 0.04001902 -0.18821872
v 0.03579651 -0.03129178 -0.29512590
v -0.03896558 -0.10066754 -0.29802671
v -0.10167803 -0.04398097 -0.18103392
v -0.05332121 -0.05423284 -0.30316051
v 0.14887102 0.09415023 -0.29294007
v -0.12317060 -0.00589175 -0.18115442
v 0.11120513 0.21076020 -0.19624809
v 0.13111196 0.18988691 -0.18122254
v 0.12838578 0.19804796 -0.19606682
v 0.11766761 0.21130963 -0.20445630
v -0.00733814 -0.01067835 -0.30304525
v 0.05164045 0.04833726 -0.29928833
v 0.06710261 0.06305335 -0.29700575
v -0.09974194 -0.04828591 -0.17256689
v -0.10860156 -0.03463758 -0.16944219
v 0.14105541 0.07179911 -0.29094425
v -0.10536299 -0.03878081 -0.17288160
v 0.21019611 0.03777452 -0.17095110
v 0.20121773 0.05717313 -0.18859490
v 0.10407412 0.20926247 -0.18687712
v -0.02167246 -0.18746147 -0.19649853
v -0.01981741 -0.19247721 -0.18872239
v 0.10950377 0.10968365 -0.29878746
v 0.05124506 0.18579154 -0.16496994
v 0.04320067 0.04293661 -0.30027437
v 0.21800753 0.02287226 -0.16509044
v -0.11718141 -0.01822152 -0.16507472
v -0.12650733 -0.00264688 -0.15820253
v 0.12346051 0.11606789 -0.29631801
v 0.04461981 0.18303533 -0.15743969
v 0.00002864 -0.00337480 -0.30238929
v -0.07523887 -0.07714666 -0.29913360
v -0.13125831 0.00684110 -0.15840547
v 0.05909944 0.05511235 -0.29811229
v 0.21345180 0.03453944 -0.18135561
v 0.15802021 0.08659099 -0.28937142
v 0.07442748 0.01984046 -0.29350591
v 0.14055174 0.16789066 -0.15157903
v 0.01205978 -0.19445486 -0.15149066
v 0.21606340 0.02768960 -0.17296613
v 0.22305156 0.01261339 -0.15145189
v 0.18304825 0.09401436 -0.15199503
v 0.02034518 -0.19090822 -0.15164540
v -0.09205696 -0.06192655 -0.15100446
v -0.00157842 -0.19963057 -0.14754968
v 0.20522159 0.04989507 -0.18862075
v 0.09554388 0.02805041 -0.29116221
v 0.01284392 -0.03853316 -0.29488175
v -0.02888031 -0.17298499 -0.20474970
v 0.10154285 0.10173112 -0.29801135
v 0.01565916 -0.19103047 -0.14463908
v 0.12609692 0.20454048 -0.20468962
v -0.12131171 -0.01082575 -0.15865171
v 0.11714089 0.11722961 -0.29713150
v 0.14318116 0.16275721 -0.14602120
v 0.18560711 0.08639469 -0.14531320
v 0.03549857 -0.18282191 -0.14534534
v 0.18078383 0.09637238 -0.14349866
v 0.05161705 0.18835844 -0.14493982
v 0.02031618 -0.04669282 -0.29154677
v 0.05763034 0.19261902 -0.13862998
v -0.02488763 -0.18140381 -0.20489745
v 0.10252819 0.20623556 -0.19658655
v 0.22008752 0.01913281 -0.14530622
v -0.02290334 -0.09319703 -0.29362188
v 0.12500121 0.12288698 -0.29823733
v -0.12934108 0.00399338 -0.16530141
v -0.08670626 -0.07557977 -0.13621467
v 0.20910843 0.04405118 -0.19664244
v 0.06580362 0.19691383 -0.13785631
v -0.05042144 -0.14268693 -0.15076974
v -0.00767939 -0.20192922 -0.13789892
v 0.14452626 0.15892730 -0.13805680
v 0.18770213 0.08068318 -0.13785736
v 0.21827508 0.02331201 -0.13605190
v 0.13461389 0.17611493 -0.13802886
v -0.09772412 -0.05509628 -0.13765861
v 0.13079620 0.18283798 -0.13052516
v -0.08542997 -0.07901360 -0.13103686
v 0.05995589 0.19580380 -0.12945914
v -0.09022845 -0.07013127 -0.13051538
v -0.01453761 -0.20390897 -0.13027716
v -0.09534304 -0.06106452 -0.12973438
v -0.10129626 -0.05126986 -0.12773751
v -0.04165228 -0.16170761 -0.12175949
v 0.17093224 0.10947408 -0.12225129
v -0.06288988 -0.12352653 -0.12172142
v 0.09434548 0.21507213 -0.12196767
v 0.19120337 0.07075265 -0.12197011
v 0.14930519 0.14597545 -0.12151988
v -0.08405239 -0.08460740 -0.12170081
v 0.12856916 0.18560677 -0.12081153
v 0.17217080 0.10386316 -0.11448178
v -0.08634719 -0.08333076 -0.11260996
v -0.00856168 -0.19758691 -0.11421912
v 0.08799372 0.21250943 -0.11407975
v -0.08094130 -0.09263223 -0.11442066
v 0.14502539 0.15106384 -0.11435883
v -0.03961595 -0.16668737 -0.11442764
v -0.04311160 -0.15984906 -0.11468297
v 0.17470242 0.09997386 -0.10671926
v 0.07394931 0.20736166 -0.10716495
v -0.05826639 -0.13481613 -0.10644123
v 0.08109219 0.21112870 -0.10675419
v 0.14252032 0.15483822 -0.10657291
v -0.04801312 -0.15230694 -0.10715412
v -0.00213728 -0.19300358 -0.10686631
v 0.16402337 0.11776821 -0.10660679
v -0.06982564 -0.11331656 -0.10700987
v 0.00551487 -0.18950235 -0.10620791
v 0.15227795 0.13614760 -0.10729977
v -0.05663313 -0.13801698 -0.10040488
v -0.06234081 -0.12877489 -0.09880760
v 0.07507016 0.21071515 -0.09765496
v 0.00062313 -0.19027147 -0.09910798
v 0.14945293 0.14030794 -0.09826376
v -0.06663841 -0.12083528 -0.09833536
v 0.15996922 0.12294776 -0.09867208
v 0.15445365 0.13187829 -0.09937589
v -0.07234958 -0.11086144 -0.09789876
v 0.15302053 -0.11199557 -0.09359836
v -0.05965201 0.14255524 -0.08918409
v 0.17036570 -0.10292113 -0.08907930
v -0.07555113 0.13365196 -0.09109608
v -0.15887665 0.04865511 -0.09062244
v -0.06683262 0.13815914 -0.09108455
v 0.16304782 -0.10715657 -0.09027630
v 0.23737366 -0.02426975 -0.08470520
v -0.15635831 0.04263238 -0.08508208
v -0.07381832 0.13627998 -0.08451938
v 0.16701710 -0.10383731 -0.08493992
v 0.18713664 -0.09451034 -0.08455291
v 0.20955203 -0.08046138 -0.07675826
v 0.14941556 -0.11394982 -0.08351728
v -0.05251192 0.14667646 -0.08394096
v 0.18204266 -0.09598328 -0.08079286
v 0.24288922 -0.03269172 -0.08419070
v -0.03001025 0.15944459 -0.07889169
v 0.13338022 -0.12058240 -0.07887702
v -0.09778035 0.12604662 -0.07933424
v -0.01994140 0.16513480 -0.07874534
v 0.14135650 -0.11641298 -0.07765243
v -0.16265278 0.05547979 -0.07882778
v 0.24597516 -0.03863551 -0.07881415
v 0.13469632 -0.11775214 -0.06935027
v -0.02532284 0.16368142 -0.07142537
v -0.16755150 0.06209561 -0.07035271
v 0.21418774 -0.07678026 -0.07061677
v 0.17457074 -0.09617783 -0.07064192
v -0.10476920 0.12373505 -0.07122872
v 0.22751892 -0.01011321 -0.06356959
v -0.16982081 0.06439810 -0.06275646
v -0.13011614 0.11134345 -0.06403274
v 0.25121269 -0.04629114 -0.06332265
v 0.01751142 0.18726762 -0.06167786
v -0.11917513 0.11698511 -0.06373585
v 0.10172553 -0.13398483 -0.06361919
v -0.14869324 0.02713598 -0.06357763
v -0.11068714 0.12156843 -0.06368800
v 0.10988169 -0.12993626 -0.06377218
v 0.11989116 -0.12439310 -0.06340543
v 0.12633268 -0.12122229 -0.05539527
v 0.23132054 -0.01860818 -0.05534986
v -0.13565826 0.11025752 -0.05567085
v 0.02117403 0.19040385 -0.05538898
v 0.10401090 -0.13182659 -0.05446058
v -0.15170268 0.03307139 -0.05515147
v 0.19738118 -0.08141947 -0.04904875
v 0.02610629 0.19414260 -0.04932399
v 0.03553874 0.19957713 -0.04732642
v 0.22268306 -0.00358611 -0.04711161
v -0.14350321 0.01807622 -0.04742597
v -0.13362821 0.11376924 -0.04799496
v -0.15367824 0.03752059 -0.04717798
v -0.04912978 0.15638695 -0.04230370
v 0.21904979 0.00288649 -0.03975566
v -0.14020351 0.01162841 -0.04013115
v -0.14600653 0.02213596 -0.04003335
v -0.12708854 0.11692224 -0.04015210
v 0.11230923 -0.12485591 -0.03998445
v 0.02833194 0.19721457 -0.03998829
v -0.17435593 0.09753620 -0.03418002
v 0.19194420 -0.08260774 -0.03941546
v 0.04825762 -0.15560769 -0.03546958
v -0.16549526 0.10337974 -0.03185902
v 0.05842706 -0.14986020 -0.03241054
v 0.06719832 -0.14505054 -0.03194145
v -0.15699715 0.10896342 -0.03214683
v 0.21705398 0.00560673 -0.03119817
v -0.18167241 0.08617709 -0.03218735
v 0.04208994 -0.15662935 -0.02459703
v -0.16241701 0.10597633 -0.02435323
v 0.06107709 -0.14621715 -0.02421526
v -0.14098102 0.11376505 -0.02454743
v 0.07999683 -0.13707670 -0.02586877
v -0.17970734 0.09539089 -0.02529630
v 0.09445830 -0.12819053 -0.01943040
v -0.18380236 0.09293646 -0.01851038
v -0.17549321 0.07479039 -0.01839861
v -0.14553081 0.11186109 -0.01857220
v 0.05094048 -0.14956680 -0.01303743
v 0.04551119 -0.15317632 -0.01659280
v -0.17332135 0.07120811 -0.01285580
v -0.15092098 0.11092256 -0.01230218
v 0.08804297 -0.13017657 -0.01243351
v -0.18367207 0.08664199 -0.01248032
v 0.24327728 -0.05130793 -0.00652290
v -0.17874156 0.07851377 -0.01259314
v -0.15358393 0.11298300 -0.00736014
v -0.15109318 0.09374052 0.00540170
v 0.23749451 -0.05258107 0.00324696
v -0.18641571 0.10099133 0.00319910
v -0.00751627 0.18461340 0.00999306
v -0.17842546 0.10049500 0.00981841
v 0.00632730 0.16785538 0.01219146
v -0.01492392 0.17606394 0.01080968
v -0.12457718 0.06558602 0.01036609
v -0.13453740 0.05544836 0.01201891
v 0.00007475 0.16183894 0.01232384
v -0.14950113 0.07198737 0.00983623
v -0.14571313 0.07717670 0.00817153
v -0.14319025 0.08910794 0.00614952
v 0.22150213 -0.05987485 0.01004335
v 0.23008547 -0.05496704 0.01089072
v -0.16364754 0.08796857 0.01138216
v -0.10915378 0.04922304 0.01361969
v -0.10003289 0.02467841 0.01790402
v -0.09185123 0.01649710 0.01966512
v 0.02269028 0.14740158 0.01634132
v 0.03087194 0.13921992 0.01825854
v -0.10821420 0.03286007 0.01608145
v -0.11835920 0.04217901 0.01427809
v 0.03905325 0.13103861 0.02015516
v 0.22376969 -0.05710362 0.01880168
v 0.06673552 -0.13598903 0.01906574
v 0.10450549 -0.02441086 0.04583288
v 0.05177946 -0.09531719 0.04953286
v 0.05655280 -0.09963541 0.05123563
v 0.13723179 0.00013378 0.04691776
v 0.15359476 -0.01622920 0.05123074
v 0.14541345 -0.00804754 0.04899776
v 0.07365975 -0.05713680 0.04620382
v 0.09446458 -0.07610300 0.05193070
v 0.12086881 -0.04077383 0.05002081
v 0.04684930 -0.08148374 0.04637742
v 0.11268715 -0.03259217 0.04779586
v 0.07996121 -0.06531846 0.04809485
v 0.13723179 -0.04077383 0.05227300
v 0.15359476 -0.02441086 0.05227021
v 0.14541345 -0.03259217 0.05222899
v 0.08823263 -0.09345061 0.05534497
v 0.09564447 -0.08436465 0.05368202
v 0.08060913 -0.09786837 0.05546268
v 0.07840759 -0.10624633 0.06245642
v 0.02012478 -0.02900431 -0.29666415
v 0.06647984 0.04428624 -0.29679478
v 0.08184036 0.03529110 -0.29345073
v -0.05293176 -0.07783720 -0.30291042
v 0.00567414 -0.01961063 -0.30071412
v -0.03844235 -0.09350824 -0.29841582
v 0.08878206 0.01168220 -0.29118526
v 0.10219846 0.12342244 -0.30022512
v -0.00564864 -0.00363955 -0.30326774
v 0.05160168 0.05555105 -0.29919438
v 0.20283771 0.05836105 -0.21223104
v 0.10188480 0.20435012 -0.20493133
v 0.11159249 0.20960162 -0.20265154
v 0.19922016 0.06296393 -0.20447691
v -0.07404187 -0.07782114 -0.27897704
v 0.15422592 0.08591513 -0.28820690
v -0.10984537 -0.03024323 -0.19640213
v 0.14110117 0.09469930 -0.29322823
v 0.04342002 0.06316687 -0.30042281
v 0.21264076 0.04068616 -0.21195546
v -0.11419257 -0.02372905 -0.18812476
v 0.03565366 -0.03803648 -0.29324465
v 0.13196561 0.08651310 -0.29383284
v -0.11531308 -0.02111849 -0.18102274
v 0.12551221 0.20423136 -0.19720898
v 0.12868617 0.19866655 -0.20474516
v 0.04369036 0.18107374 -0.18069407
v -0.10827847 -0.03407314 -0.17425080
v 0.11765504 0.21215630 -0.19696308
v 0.05038616 0.18489283 -0.17304891
v -0.02288483 -0.10086524 -0.29359044
v 0.14818503 0.07045960 -0.29057296
v 0.01290121 -0.02474303 -0.29876580
v -0.11717687 -0.01767140 -0.17276005
v -0.12055341 -0.01103812 -0.18122568
v -0.02883281 -0.17377123 -0.19688240
v -0.02136544 -0.18846008 -0.20496521
v 0.07431606 0.02833298 -0.29393099
v -0.10005525 -0.04953146 -0.16538768
v -0.10591905 -0.03980072 -0.16535939
v 0.21034735 0.03792436 -0.16442121
v 0.21494918 0.02836093 -0.16542960
v -0.12396837 -0.00702483 -0.15884696
v -0.03013984 -0.10679087 -0.29512974
v -0.00096088 -0.01044363 -0.30212593
v -0.09395428 -0.05912878 -0.15145224
v -0.10229032 -0.04577665 -0.15768559
v 0.12974835 0.18984744 -0.15836844
v 0.13230651 0.18365147 -0.15157903
v 0.06408793 0.19242447 -0.15134082
v 0.15614524 0.07796539 -0.28974306
v -0.02491453 -0.18114430 -0.19648386
v -0.07763776 -0.07154168 -0.28520165
v -0.08381592 -0.07639640 -0.15202717
v 0.13732365 0.17327804 -0.15177254
v 0.05789790 0.04891078 -0.29839731
v -0.01619776 -0.20458239 -0.15084763
v 0.02895087 -0.18713873 -0.15131358
v 0.11012410 0.11645000 -0.29838997
v 0.11640774 0.10882930 -0.29791285
v 0.12567638 0.10924390 -0.29507979
v -0.04613117 -0.08552742 -0.30098062
v 0.01189876 -0.03261417 -0.29627819
v 0.11033891 0.20697116 -0.21236238
v 0.09479780 0.01999938 -0.29107524
v 0.02767668 -0.04666243 -0.29088592
v 0.05915602 0.19167246 -0.14537293
v 0.06736388 0.19588274 -0.14465096
v -0.12507211 -0.00235663 -0.18110867
v -0.08816278 -0.06905372 -0.15144316
v -0.00744327 -0.20298197 -0.14484376
v 0.14510608 0.15941316 -0.14518327
v -0.09738426 -0.05431807 -0.14536245
v 0.21171690 0.03477555 -0.15816411
v 0.13507495 0.17655119 -0.14522658
v 0.12257228 0.20927015 -0.19045624
v -0.12884544 0.00413274 -0.17301922
v 0.05119686 0.18990228 -0.13787272
v 0.21046087 0.04255798 -0.20460475
v 0.20794287 0.04822793 -0.21205535
v 0.14229852 0.16271984 -0.13787587
v 0.01404197 -0.19063648 -0.13779483
v 0.03561908 -0.18127283 -0.13780671
v 0.18370246 0.08655467 -0.13776410
v 0.22016716 0.02011604 -0.13838722
v 0.17997174 0.09475624 -0.13771520
v -0.09286276 -0.06541871 -0.13052062
v 0.04407388 0.18842794 -0.12936763
v -0.05062892 -0.14413856 -0.13002952
v 0.13822166 0.16806461 -0.13017413
v 0.02043285 -0.18609088 -0.13021674
v 0.02849261 -0.18298887 -0.12971307
v 0.22292302 0.01258056 -0.13014304
v -0.05512562 -0.13680671 -0.12291563
v 0.16772405 0.11598196 -0.12199701
v -0.05971907 -0.12898621 -0.12222998
v 0.08010441 0.20768021 -0.12202146
v 0.16203035 0.12312240 -0.12146784
v -0.06509003 -0.11887893 -0.12205883
v 0.15706840 0.13091461 -0.12138576
v -0.06857555 -0.11367912 -0.11464979
v 0.17505870 0.09953830 -0.11533648
v -0.05728979 -0.13457407 -0.11378531
v 0.08405518 0.21049370 -0.11290546
v 0.16463427 0.11755619 -0.11370008
v 0.07354064 0.20475284 -0.11418314
v 0.14304739 0.15500168 -0.11432495
v -0.04717309 -0.15227132 -0.11443742
v -0.00116102 -0.19410174 -0.11455478
v 0.00677229 -0.19050375 -0.11442485
v 0.15278826 0.13695445 -0.11471406
v -0.08678729 -0.08321166 -0.10630780
v 0.14445012 0.15113195 -0.10726100
v 0.17217185 0.10388446 -0.10653484
v -0.00732242 -0.19521456 -0.10619708
v 0.08746456 0.21399598 -0.10655056
v -0.08150121 -0.09337796 -0.10623690
v -0.04024466 -0.16729478 -0.10669481
v -0.04445006 -0.15920009 -0.10689111
v -0.08579113 -0.08658156 -0.09811427
v -0.01404931 -0.19759424 -0.09828891
v 0.16803422 0.10983489 -0.09863889
v 0.14659508 0.14595798 -0.09869722
v 0.18898820 0.06919658 -0.09798363
v 0.12775917 0.18404860 -0.09864902
v -0.04257440 -0.16509708 -0.09800005
v -0.06117454 0.14098067 -0.09365110
v -0.10286315 0.12056563 -0.09118165
v -0.02300009 0.16112116 -0.09159520
v 0.14035021 -0.11905078 -0.09130495
v -0.16561437 0.06099396 -0.09078556
v 0.21597888 -0.07830979 -0.09115860
v 0.17620540 -0.10109402 -0.09105800
v -0.03006195 0.15804466 -0.08472616
v -0.09621974 0.12525584 -0.08592456
v 0.13366838 -0.12139204 -0.08493468
v -0.16275617 0.05575852 -0.08527104
v 0.24715400 -0.03918249 -0.08555571
v 0.16637511 -0.10363437 -0.08104155
v 0.18240102 -0.09735387 -0.08517709
v 0.14249796 -0.11678287 -0.08373803
v -0.03488453 0.15731116 -0.07639710
v 0.23621263 -0.02396622 -0.07850958
v -0.15605757 0.04193800 -0.07934646
v 0.14864084 -0.11291768 -0.07798146
v -0.05331911 0.14744699 -0.07806633
v 0.24186966 -0.03255934 -0.07820744
v 0.18471155 -0.09386626 -0.07820570
v -0.07418822 0.13764290 -0.07855498
v -0.06165621 0.14484830 -0.07128985
v 0.23899469 -0.02965677 -0.07116655
v -0.15907051 0.04830722 -0.07103766
v -0.06827796 0.14148538 -0.07131849
v 0.16129790 -0.10396969 -0.07091437
v -0.05183256 0.14983261 -0.07125841
v 0.17044219 -0.09871539 -0.07098911
v 0.17873632 -0.09401994 -0.07122348
v 0.11536233 -0.12685207 -0.06362024
v 0.21985210 0.00425919 -0.06360836
v -0.14018674 0.01160256 -0.06359265
v -0.12573785 0.11362848 -0.06311797
v 0.19173218 -0.08563535 -0.06393215
v -0.04615737 0.15430555 -0.06361186
v 0.19753312 -0.08164895 -0.05537326
v 0.22313573 -0.00283236 -0.05565094
v -0.14400443 0.01876291 -0.05506170
v 0.02633717 0.19312513 -0.05553987
v 0.03610354 0.19836372 -0.05519967
v -0.15380782 0.03738157 -0.05555384
v 0.23111691 -0.01856242 -0.04744798
v 0.22560413 -0.00923615 -0.04576512
v -0.13744101 0.11180521 -0.04810847
v -0.15159824 0.03303611 -0.04735646
v 0.10215410 -0.13085803 -0.04721291
v 0.02046254 0.19146393 -0.04763170
v 0.12458521 -0.12001132 -0.04823038
v -0.17022494 0.06482702 -0.04042350
v 0.25009463 -0.04820383 -0.04019576
v 0.01285161 0.18876954 -0.04051361
v -0.12185589 0.11897429 -0.03999318
v -0.14872642 0.02719955 -0.04001763
v 0.02281916 0.19476503 -0.03836306
v 0.10933296 -0.12659185 -0.04080911
v -0.11213179 0.12393519 -0.04035364
v 0.12654330 -0.11657819 -0.03975601
v 0.11811749 -0.12120029 -0.03995161
v 0.22689195 -0.01239544 -0.03969803
v 0.24892417 -0.05218987 -0.03396591
v 0.09225046 -0.13324469 -0.03179964
v -0.17337724 0.07054762 -0.03192853
v -0.14969708 0.11135114 -0.03161487
v -0.18294591 0.08872059 -0.02973746
v -0.17836608 0.07882812 -0.03205357
v 0.05111547 -0.15366042 -0.03210247
v -0.14553360 0.11131446 -0.02348979
v 0.08620503 -0.13421710 -0.02497460
v -0.18347717 0.09230914 -0.02373359
v 0.09475589 -0.12972844 -0.02497635
v -0.17552290 0.07460003 -0.02384956
v 0.04584511 -0.15462061 -0.02408288
v 0.05896985 -0.14641345 -0.01952505
v -0.18006256 0.09609260 -0.01892812
v 0.04163936 -0.15576242 -0.01845170
v -0.16161086 0.10555929 -0.01696514
v -0.14079694 0.11561626 -0.01750618
v 0.08302898 -0.13234214 -0.01087849
v 0.08170379 -0.13447243 -0.01846881
v 0.06604044 -0.14154616 -0.01268570
v 0.21578118 0.00526897 -0.01250337
v 0.07353540 -0.13716437 -0.01165076
v -0.18203672 0.08312049 -0.01207689
v -0.16613480 0.10319672 -0.01259069
v -0.15665799 0.10891173 -0.01110448
v -0.14905405 0.11309966 -0.00986696
v 0.22797019 -0.05862231 -0.00660813
v -0.01563401 0.18133396 -0.00430389
v 0.06817771 -0.13938234 -0.00401888
v -0.17721204 0.10547127 -0.00035313
v -0.17138945 0.10242654 -0.00463537
v -0.00947751 0.18646636 0.00139400
v 0.22216682 -0.06076064 0.00318723
v 0.23030866 -0.05614204 0.00276005
v -0.18117154 0.10421174 0.00549601
v -0.17064582 0.10949433 0.00328887
v -0.15730347 0.09422148 0.00587952
v 0.11268715 -0.04077383 0.04889611
v -0.18454564 0.09940837 0.00839857
v -0.00009046 0.18181422 0.01097664
v 0.00632730 0.17399163 0.01168779
v -0.00799060 0.16154869 0.01147752
v -0.01630709 0.16884980 0.01063190
v -0.11639586 0.06558602 0.01085649
v -0.14094050 0.08194934 0.00715895
v 0.23555982 -0.05204911 0.01076183
v -0.15439427 0.07168175 0.01290400
v -0.13427753 0.04828451 0.01356380
v -0.16138173 0.08197623 0.01364833
v -0.10639617 0.01240627 0.01976955
v -0.10003289 0.01649710 0.01924737
v 0.02269028 0.13921992 0.01729382
v 0.03905325 0.15558324 0.01743109
v 0.03087194 0.14740158 0.01733434
v -0.09185123 0.02467841 0.01850304
v -0.12653911 0.04308575 0.01408179
v -0.08366957 0.03286007 0.01806050
v 0.01450862 0.13103861 0.01725016
v -0.16103628 0.07236669 0.02116390
v -0.13633622 0.04186081 0.01830884
v 0.03905325 0.09831231 0.02364802
v -0.02639899 0.04104173 0.02280449
v 0.00632730 0.07376768 0.02266862
v 0.04439208 -0.10786247 0.05140608
v 0.05071344 -0.10048976 0.05048222
v 0.15359476 0.00831544 0.04822618
v 0.10450549 -0.04895514 0.04894851
v 0.05712109 -0.09190851 0.04963311
v 0.06359788 -0.08168144 0.04852133
v 0.08146802 -0.09093960 0.05298799
v 0.14541345 0.00013378 0.04800753
v 0.07177955 -0.07349978 0.04826426
v 0.12086881 -0.03259217 0.04887166
v 0.09632418 -0.05713680 0.04903757
v 0.08814252 -0.06531846 0.04918323
v 0.14541345 -0.04077383 0.05342530
v 0.12905013 -0.02441086 0.04887411
v 0.13723179 -0.00804754 0.04787410
v 0.09574611 -0.10861483 0.05818536
v 0.08584282 -0.09883275 0.05793667
v 0.15625003 -0.04751783 0.05602503
v 0.09373388 -0.09886733 0.06199816
v 0.08717290 -0.10685863 0.06299222
v 0.04159395 -0.18851492 -0.27427601
v 0.22419232 -0.00830810 -0.27469445
v 0.16613620 -0.03249751 -0.27361236
v -0.09692390 0.08701747 -0.29259218
v 0.24381902 -0.10567665 -0.26006917
v 0.08662243 -0.13643192 -0.27384289
v 0.06565413 -0.17743838 -0.27463856
v -0.01732945 0.13381717 -0.25785470
v -0.13062959 0.01806749 -0.25521690
v 0.22980848 -0.10762321 -0.24704222
v -0.11249889 0.07148894 -0.32224337
v 0.01961063 0.15609459 -0.24046134
v 0.26377439 -0.09566298 -0.23696220
v 0.24970797 -0.07775477 -0.25838632
v 0.17570103 -0.04630511 -0.27259979
v 0.26663120 -0.08856480 -0.22929049
v 0.21486605 -0.01082959 -0.27321313
v 0.23029259 -0.09248309 -0.26030913
v -0.14929261 0.07117039 -0.24007084
v 0.24450606 -0.08584317 -0.25838806
v -0.08980127 0.09314813 -0.27915203
v 0.05905508 -0.17533428 -0.27617472
v 0.09490259 -0.16362065 -0.23255387
v 0.08187005 -0.16862102 -0.21985874
v 0.06858219 -0.15984138 -0.27344995
v 0.25783130 -0.09299689 -0.23216721
v 0.18455472 -0.03831556 -0.27139161
v 0.26556762 -0.08275689 -0.21926391
v -0.01479887 0.13732120 -0.24768177
v 0.22234460 -0.08520608 -0.26370838
v 0.22238442 -0.10738081 -0.25550750
v -0.08214738 0.09569861 -0.28670428
v -0.15578513 0.07066812 -0.21957023
v -0.13243819 0.01996900 -0.24742888
v -0.00794065 0.13882069 -0.25582605
v 0.00536922 0.14174455 -0.27154983
v 0.23043370 -0.09948451 -0.25806742
v 0.03648321 0.15909111 -0.26246143
v -0.12289991 0.01014395 -0.27114292
v -0.00064199 0.14066910 -0.26340066
v 0.08789418 -0.16810966 -0.23948613
v 0.01360013 0.15482774 -0.23256574
v -0.14104214 0.07592137 -0.23957485
v 0.20722334 -0.01898436 -0.27203220
v 0.00088439 0.14339632 -0.25459412
v 0.27155053 -0.06156015 -0.24756650
v -0.12848079 0.01200180 -0.24757454
v -0.12741582 0.07017353 -0.30630443
v -0.13310568 0.02766655 -0.27148033
v -0.14526710 0.05606694 -0.30675745
v -0.14100616 0.06271838 -0.31412877
v 0.27424981 -0.08479008 -0.22631423
v 0.00596754 0.14749239 -0.24810335
v 0.23788571 -0.09316489 -0.25808628
v -0.10244156 0.08349283 -0.29888037
v -0.14411341 0.07514107 -0.23444874
v 0.25136114 -0.05454406 -0.26349392
v 0.26781807 -0.05432156 -0.24709671
v 0.09394345 -0.12787373 -0.27378631
v -0.13708055 0.03253873 -0.26293331
v 0.26630357 -0.06190734 -0.25703388
v 0.25816382 -0.06196777 -0.26118165
v 0.00632730 -0.13077071 0.05255488
v -0.07676525 0.12658941 -0.11615625
v 0.16033527 -0.11174164 -0.11556701
v 0.15757347 0.12494253 -0.07901534
v -0.07704747 -0.10665674 -0.07891754
v 0.08814252 0.15967372 0.02261309
v -0.10632632 -0.00395670 0.02296482
v 0.09632418 0.16785538 0.02303817
v 0.11631169 0.18889284 0.02503049
v -0.09087707 -0.01882159 0.02533332
v -0.08366957 -0.00804754 0.02351389
v -0.00059902 -0.16794864 0.02665292
v 0.10488866 0.20526874 0.02795995
v -0.04408086 -0.18064936 0.02553765
v -0.11298614 -0.03901134 0.02646431
v 0.10682719 0.20191874 0.03285972
v -0.03913603 -0.18185928 0.03479861
v 0.00722462 -0.16381974 0.03470465
v -0.04387968 -0.17493610 0.03426909
v 0.10397877 0.19217578 0.03927155
v 0.10099308 0.21152200 0.03445875
v 0.10898543 0.19737140 0.03987163
v -0.11750240 -0.03009059 0.04249825
v -0.11827048 -0.02532564 0.04492823
v -0.11293864 -0.02461833 0.04149650
v 0.19322608 0.04310566 0.04185906
v -0.03101829 -0.17998432 0.04107596
v -0.02233051 -0.17624033 0.04326773
v -0.11227639 -0.03191980 0.04629498
v 0.19005491 0.04737532 0.04848116
v -0.03040005 -0.17454629 0.04869842
v -0.00699374 -0.16747187 0.04931700
v 0.01041814 -0.12667987 0.05153706
v 0.16177642 0.01649710 0.04872531
v 0.02891769 -0.11324741 0.05031701
v 0.21051291 0.01466370 0.05643753
v 0.18539510 0.04902605 0.05542845
v 0.01380236 -0.15292238 0.05544975
v 0.19753626 0.03343604 0.05512282
v 0.16874746 0.06356400 0.05712772
v 0.00011841 -0.13705575 0.05593910
v 0.02377062 -0.14529853 0.05772500
v 0.01777059 -0.14915604 0.05974108
v 0.17694554 0.04288840 0.05623704
v 0.19830678 0.02737000 0.06107535
v 0.18482367 0.04285033 0.06077950
v 0.19250480 0.03473504 0.06173549
v 0.01404267 -0.14598942 0.06455842
v 0.00630670 -0.13674593 0.06333662
v 0.19982513 0.01798575 0.06734746
v 0.20460580 0.01886106 0.06191328
v 0.05183011 0.12475496 -0.30872602
v -0.05407846 -0.01076847 -0.30877458
v 0.05831075 0.10260747 -0.30504491
v 0.04445250 0.07652214 -0.30329394
v 0.00699723 -0.10687854 -0.28730819
v -0.01441780 -0.10670843 -0.29183738
v 0.15530556 0.06404113 -0.29005882
v 0.16631434 0.12748498 -0.23929018
v -0.07658047 -0.07637300 -0.26318794
v 0.08974469 0.12229914 -0.30311091
v 0.06634536 0.11029071 -0.30538581
v 0.03535851 -0.05366980 -0.28987824
v 0.15053292 0.15492100 -0.21182552
v -0.03440182 -0.16247394 -0.20979932
v 0.19154043 0.07846487 -0.21212661
v -0.00067726 -0.09240345 -0.28987754
v 0.07424934 0.19215447 -0.20441858
v 0.08039886 0.19509860 -0.20426978
v 0.01301996 -0.07799997 -0.29089885
v -0.03652652 -0.15896572 -0.20397603
v -0.01674789 -0.19631411 -0.20462221
v -0.07740583 -0.07098108 -0.27148382
v -0.07652354 -0.08450471 -0.22601105
v 0.09471258 0.11733370 -0.30105257
v 0.15272259 0.15137854 -0.20451009
v -0.07349209 -0.09202832 -0.21904490
v 0.19440352 0.07179456 -0.20479685
v 0.16528464 0.12710880 -0.19642344
v 0.07447952 0.10863439 -0.30288527
v -0.04635157 -0.14381302 -0.19659738
v 0.00992704 -0.19939795 -0.19646570
v 0.15623326 0.14440296 -0.21217341
v 0.00270172 -0.10267489 -0.28858378
v -0.07374288 0.00460882 -0.31210152
v -0.06475507 -0.11088903 -0.18886280
v -0.04315072 -0.15090875 -0.18823269
v -0.04005360 -0.02496552 -0.30456813
v 0.17348202 0.11207451 -0.20489850
v 0.15583088 0.04081400 -0.28790547
v -0.09336992 -0.05835127 -0.18305698
v 0.05109941 0.07124898 -0.30023979
v 0.19683315 0.06907154 -0.21207596
v 0.22581161 0.01046808 -0.18311706
v 0.17508315 0.10803223 -0.19638536
v 0.22101976 0.01963193 -0.18129239
v 0.02083033 -0.19349153 -0.18105558
v 0.18609192 0.08605938 -0.18165041
v 0.02786599 -0.06177601 -0.28964282
v 0.08049876 0.10142689 -0.30099110
v 0.04311055 0.11747062 -0.30937325
v 0.06635549 0.08689417 -0.30167954
v 0.08708244 0.19997672 -0.19702456
v -0.06178160 -0.01867594 -0.30871310
v -0.05043052 -0.13649654 -0.19642518
v -0.09251208 -0.06165062 -0.17375831
v 0.17852081 0.10125644 -0.18850164
v 0.16793292 0.12277801 -0.18858827
v 0.13289296 0.04261037 -0.29079721
v 0.14124158 0.16871707 -0.17302306
v 0.02313841 -0.19145590 -0.17121795
v 0.22341901 0.01339754 -0.17331367
v 0.18291622 0.09341393 -0.17293818
v 0.14074001 0.04936905 -0.29043255
v -0.01932841 -0.19148070 -0.21101588
v -0.05470089 -0.12997853 -0.18910835
v 0.11737736 0.02817511 -0.28931728
v 0.00512961 -0.08558121 -0.29011330
v -0.05007146 -0.14082314 -0.17083374
v -0.08868705 -0.06949662 -0.16510441
v 0.13268863 0.18435947 -0.16501430
v 0.17022948 0.11799035 -0.19656769
v -0.01731128 -0.20419189 -0.16516204
v -0.03309968 -0.16824973 -0.18910835
v -0.00921974 -0.20762607 -0.16500067
v -0.05508999 -0.12185135 -0.21244795
v 0.03604660 -0.07734087 -0.28721563
v 0.13730269 0.17502901 -0.16524168
v -0.06497162 -0.10353832 -0.24001181
v -0.07075439 -0.09489560 -0.22606868
v -0.06782738 -0.09886663 -0.23196253
v -0.00774261 -0.09981564 -0.29014404
v 0.06873482 0.19423831 -0.15981064
v 0.00280546 -0.20155758 -0.17497836
v 0.10167593 0.01202031 -0.28963863
v 0.02822156 -0.18880692 -0.16509708
v -0.04614374 -0.03108291 -0.30594117
v -0.09755506 -0.05409313 -0.15812080
v -0.09426619 -0.05915672 -0.16541283
v 0.12561490 0.01197280 -0.28693935
v 0.03371372 -0.18583345 -0.15701112
v 0.14547003 0.16080366 -0.15828112
v -0.06284657 -0.10662670 -0.22040467
v 0.06435444 0.19198437 -0.16508450
v 0.05796042 0.18901370 -0.15768943
v 0.13533167 0.17760848 -0.15680190
v 0.16442051 0.12974416 -0.23249798
v 0.16076349 0.13766804 -0.23952805
v -0.07326575 -0.00427211 -0.31088077
v -0.10055333 -0.04846335 -0.15154166
v 0.21018947 0.03731136 -0.15150498
v 0.21435365 0.02784713 -0.15254760
v 0.11007205 0.21773508 -0.15153223
v -0.00674505 -0.20489710 -0.15741699
v 0.12540673 0.03549054 -0.28960649
v -0.00045582 -0.20482794 -0.18128261
v -0.08441494 -0.07654624 -0.16513131
v 0.10988204 0.02005527 -0.29002878
v 0.07996470 0.19263229 -0.21219262
v 0.05909699 0.09453479 -0.30261074
v -0.10226622 -0.04544971 -0.14498941
v -0.10546358 -0.03880351 -0.15155144
v 0.02033959 -0.07022662 -0.29084226
v -0.01996550 -0.20067878 -0.14490314
v 0.21179409 0.03452511 -0.14511201
v -0.05955560 -0.11390301 -0.21233199
v -0.04098655 -0.15258952 -0.19714331
v 0.10397493 0.21652691 -0.14334149
v -0.12439799 -0.00776147 -0.14542917
v 0.04291739 0.18572203 -0.13889404
v -0.07908066 -0.08326964 -0.20664143
v -0.01315444 -0.20726176 -0.15732024
v -0.05796182 -0.11983388 -0.20418945
v 0.14878091 0.05513645 -0.29000817
v -0.12746053 -0.00303669 -0.13793560
v 0.01267557 -0.19632808 -0.17355502
v -0.13240466 0.00639542 -0.13799777
v -0.12218352 -0.01180270 -0.13830130
v 0.11432146 0.21678363 -0.13224539
v 0.21769841 0.02246254 -0.13007772
v -0.11944967 -0.01813595 -0.13030406
v 0.11599069 0.21144899 -0.12154468
v -0.11300710 -0.03192434 -0.12138366
v -0.11699559 -0.02418836 -0.12219295
v 0.20099977 0.04903653 -0.11466166
v 0.11924988 0.20351288 -0.11444196
v -0.03215451 -0.18057286 -0.11453243
v -0.02937350 -0.18846287 -0.10707868
v 0.12086218 0.19884014 -0.10574545
v -0.02596657 -0.19616077 -0.10725926
v 0.19697146 0.05511689 -0.10671263
v 0.19271263 0.06400655 -0.10674651
v 0.12469943 0.19116425 -0.10647581
v 0.20343255 0.03995336 -0.10056939
v 0.12174273 0.19627359 -0.10061271
v 0.11322750 0.21323070 -0.09852887
v -0.02839970 -0.19460017 -0.09882297
v 0.19514051 0.05673338 -0.09886418
v -0.03745143 -0.17436362 -0.09828402
v -0.11052228 -0.04005011 -0.09836261
v 0.24369432 -0.06468311 -0.09233918
v 0.22734218 -0.07369223 -0.09206429
v -0.01460118 0.16577294 -0.09129796
v -0.14978615 0.09724175 -0.09179919
v 0.08802621 -0.14425452 -0.09117816
v 0.00695427 0.17645200 -0.09165319
v -0.00856867 0.17009849 -0.08474537
v 0.09213590 -0.14128000 -0.08516276
v 0.23053744 -0.07090493 -0.08466608
v 0.23574983 -0.06635933 -0.08020396
v -0.00012190 0.17444221 -0.08409640
v 0.22290695 -0.07469887 -0.08422947
v 0.00980968 0.17979291 -0.08136918
v -0.16374918 0.09483622 -0.07864475
v 0.07644251 -0.14665446 -0.07671425
v -0.00605172 0.17248376 -0.07615050
v 0.07160246 -0.14845118 -0.07115188
v 0.08055115 -0.14375050 -0.07109285
v -0.15654552 0.10099168 -0.06331950
v 0.06609737 -0.15078685 -0.06364958
v 0.04565230 -0.16171495 -0.06356296
v -0.17576111 0.09085262 -0.06057936
v 0.03999842 -0.16350573 -0.05864397
v 0.05135997 -0.15708901 -0.05540784
v 0.05910223 -0.15349067 -0.05533763
v -0.17125638 0.09454702 -0.05576306
v -0.16290496 0.09873215 -0.05540784
v 0.21796526 0.00695707 -0.05525974
v -0.18023476 0.08729550 -0.05562824
v 0.05339805 -0.15481132 -0.04570120
v -0.17385541 0.07071737 -0.04783009
v -0.14944734 0.10594490 -0.04745042
v 0.24994234 -0.05443368 -0.04757267
v 0.09403392 -0.13448745 -0.04730966
v -0.17832347 0.07902792 -0.04760166
v 0.01037447 0.18618553 -0.04750037
v -0.14315986 0.11131062 -0.04019297
v 0.08764164 -0.13661600 -0.03960827
v 0.09616316 -0.13196491 -0.03936167
v -0.17576181 0.07372681 -0.04008644
v 0.01812686 0.19349363 -0.03397604
v -0.15172084 0.03365470 -0.03188731
v 0.23065969 -0.01868467 -0.03232043
v 0.10203534 -0.12789189 -0.03263583
v -0.11990444 0.12149543 -0.03230645
v 0.03672945 0.20337945 -0.03135151
v 0.22377563 -0.00814638 -0.03207313
v 0.24814492 -0.04847522 -0.02578530
v 0.12485695 -0.11426068 -0.02478983
v -0.16845580 0.06510645 -0.02353415
v -0.14824336 0.02703120 -0.02403468
v 0.01247298 0.19227393 -0.02464243
v 0.02001126 0.19596867 -0.02411257
v -0.11422471 0.12613254 -0.02504237
v 0.22595097 -0.01208458 -0.02394421
v 0.11553453 -0.11904659 -0.02562637
v -0.14046093 0.01117015 -0.01806888
v 0.02729700 0.20028548 -0.01954496
v -0.05340539 0.15882915 -0.01800147
v -0.13312454 0.12081956 -0.01488235
v 0.10924390 -0.12028655 -0.01770493
v 0.22011931 -0.00225848 -0.01232628
v -0.14396706 0.01758058 -0.01292077
v -0.13725763 0.11946608 -0.01211566
v -0.15407153 0.03575704 -0.01205559
v 0.10291030 -0.12244165 -0.01205559
v -0.12754994 0.12371584 -0.01179467
v -0.05893318 0.15748824 -0.01195848
v 0.11231377 -0.11746153 -0.01063853
v 0.24112708 -0.03610493 -0.00631229
v -0.16234541 0.05082417 -0.00430110
v 0.21698168 -0.06486719 -0.00407197
v -0.00543279 0.18685930 -0.00236396
v 0.17582328 -0.08530318 -0.00393784
v -0.15854518 0.04254156 -0.00419352
v 0.23418433 -0.02552403 -0.00407232
v 0.18293823 -0.08088577 0.00170521
v 0.19761450 -0.07429126 -0.00423998
v -0.02397635 0.17676111 -0.00476355
v -0.04568339 0.16651168 -0.00287951
v 0.19181566 -0.07595700 0.00294797
v -0.04064459 0.17161300 0.00086239
v 0.23769919 -0.03208256 0.00323892
v 0.20003505 -0.07212254 0.00406463
v -0.03039027 0.17635943 0.00286903
v -0.02199799 0.18094031 0.00330040
v -0.06708026 0.14509979 0.00806710
v -0.08366957 0.12694778 0.00748623
v -0.06108862 0.13725624 0.00878488
v 0.16626998 -0.08821622 0.00909574
v 0.00547156 0.18944960 0.01115897
v -0.05410256 0.13145635 0.00982400
v -0.02427184 0.16180087 0.01062107
v -0.11639586 0.08194934 0.00861268
v 0.13314096 -0.06940929 0.05689091
v -0.10650969 0.10035773 0.00746283
v -0.08366957 0.09831231 0.00995708
v -0.09882960 0.10938152 0.00732242
v -0.09185123 0.11656352 0.00740485
v -0.09014672 0.10853939 0.00824628
v 0.20687266 -0.06790632 0.01054143
v -0.16585817 0.06170371 0.01089770
v 0.24285813 -0.04642562 0.01043071
v 0.23987803 -0.03620238 0.01144014
v -0.03054151 0.16898637 0.01227179
v -0.03860651 0.17565667 0.01074227
v -0.04586956 0.17392876 0.01571016
v -0.15607364 0.06372153 0.01811778
v -0.14268972 0.04897086 0.01898226
v 0.23780712 -0.04924610 0.01900706
v 0.24177360 -0.04056112 0.01857255
v 0.16221407 -0.08908629 0.01894699
v 0.23084621 -0.02465012 0.01976711
v 0.16896227 -0.08507894 0.01885827
v 0.15541279 -0.09113624 0.02633891
v -0.01003567 0.04104173 0.02462637
v -0.01821733 0.04922304 0.02274057
v -0.00185436 0.06558602 0.02268224
v 0.00632730 0.05740471 0.02457258
v 0.13423911 -0.10123513 0.02705006
v 0.06359788 0.00831544 0.03713742
v 0.05541657 0.00013378 0.03716641
v 0.02269028 0.01649710 0.03130785
v 0.03087194 0.02467841 0.03126419
v 0.03905325 0.03286007 0.03124672
v 0.14832963 -0.09223021 0.03466343
v 0.15831780 -0.08738946 0.03464667
v 0.13893350 -0.09690190 0.03456843
v 0.07996121 -0.03259217 0.04387199
v 0.05583152 -0.00845306 0.03813533
v 0.06359788 -0.01622920 0.03987093
v 0.07177955 -0.02441086 0.04185801
v 0.14030270 -0.09388407 0.04157195
v 0.13476723 -0.09488547 0.05206064
v 0.09491062 -0.03937878 0.04645880
v 0.08814252 -0.04666872 0.04657406
v 0.10450549 -0.06531846 0.05151960
v 0.11268715 -0.05713680 0.05133971
v 0.12756916 -0.09489351 0.05734707
v 0.10889112 -0.10568468 0.05419827
v 0.14779977 -0.05526184 0.05605681
v 0.10275417 -0.10351108 0.06064887
v 0.11780069 -0.08208032 0.05828386
v 0.15040404 -0.06434955 0.06022658
v 0.15359476 -0.06022344 0.05903307
v 0.10932947 -0.09932768 0.06116930
v 0.14115321 -0.07130417 0.06089651
v 0.11744337 -0.09208001 0.06320319
v 0.12586534 -0.08465630 0.06298209
v 0.13293767 -0.07767583 0.06167821
v 0.15409738 -0.07506597 0.06696290
v 0.04578119 0.08461718 -0.30359083
v 0.15821301 0.04559606 -0.28955619
v 0.05965480 0.12242488 -0.30760761
v 0.05277074 0.09282399 -0.30337462
v -0.07528183 -0.08495704 -0.23182630
v -0.00737970 -0.09349951 -0.29089326
v 0.04365893 0.10988029 -0.30836207
v 0.10232944 0.03573120 -0.29048879
v 0.06656157 0.11796136 -0.30627439
v -0.06470198 -0.10361167 -0.22007076
v 0.18871680 0.08427383 -0.21411334
v 0.17561511 0.10754497 -0.20476123
v -0.04027575 -0.15192797 -0.20499280
v -0.05916161 0.00461895 -0.31046442
v 0.01037343 -0.20015380 -0.20491736
v -0.05003828 -0.13437184 -0.20467391
v -0.06795941 -0.09906083 -0.22616858
v -0.05154963 -0.12868547 -0.21251432
v -0.03036443 -0.02071193 -0.30332398
v -0.01756451 -0.19541191 -0.19676643
v 0.07180260 0.19265534 -0.19639444
v -0.03742174 -0.15899157 -0.19667981
v 0.08084944 0.19732948 -0.19626521
v -0.06800307 -0.01892917 -0.30942425
v 0.05884027 0.07121266 -0.29858522
v 0.05111338 0.10201055 -0.30630792
v -0.03509375 -0.16513969 -0.18841118
v -0.03219294 -0.16673418 -0.21217236
v -0.06261185 -0.11588102 -0.18827635
v 0.19071122 0.07784314 -0.18882648
v 0.15619763 0.14467471 -0.18840489
v 0.08711352 0.10137345 -0.30002078
v 0.21901347 0.02451599 -0.18336645
v 0.06710017 0.07852599 -0.29881296
v -0.08612924 -0.07134992 -0.18322708
v 0.07531990 0.19543426 -0.18860433
v 0.11740111 0.02032946 -0.28942277
v 0.13614551 0.17901889 -0.18088687
v 0.05893108 0.18822431 -0.18127598
v -0.01325608 -0.20798513 -0.18094730
v 0.17892948 0.10126342 -0.21228693
v -0.09619564 -0.05334531 -0.18121415
v 0.14583434 0.16168630 -0.18088513
v 0.03598583 -0.18716772 -0.18119145
v -0.08869160 -0.06964367 -0.17338562
v 0.13792617 0.17500281 -0.17421168
v -0.09402937 -0.05943370 -0.17077576
v 0.08727734 0.19816253 -0.20455655
v -0.01666336 -0.20375214 -0.17284597
v -0.04547102 -0.14299884 -0.20462081
v 0.02773501 -0.18976641 -0.17323089
v 0.15260069 0.15149940 -0.19658970
v 0.16417252 0.12973927 -0.22623704
v -0.09189664 -0.06234954 -0.16497657
v 0.01381668 -0.05401349 -0.29212344
v 0.10976852 0.02824671 -0.28997429
v 0.14085527 0.16868389 -0.16551831
v 0.17328852 0.11186598 -0.19677796
v 0.17100943 0.11693027 -0.20482654
v 0.02260016 -0.19109090 -0.16454765
v 0.18661341 0.08523437 -0.15796676
v -0.07167651 -0.09115406 -0.23964960
v -0.07031848 -0.09448973 -0.23212844
v 0.00004541 -0.10006572 -0.28917233
v -0.07705201 -0.07747604 -0.25599057
v -0.10824878 -0.03374167 -0.15358184
v 0.03753840 -0.18414396 -0.15751479
v -0.06266180 -0.10703048 -0.24012672
v -0.12976267 0.00269858 -0.15154515
v 0.18280096 0.09354282 -0.16512537
v 0.19427428 0.07099575 -0.19656175
v -0.00031855 -0.20105566 -0.15859688
v -0.04647626 -0.03803439 -0.30490799
v 0.09401715 0.11003817 -0.30072355
v 0.21986922 0.01882928 -0.15903243
v 0.04929604 0.18580481 -0.15160942
v -0.07404187 -0.01055366 -0.31026288
v 0.11497288 0.21674311 -0.15162060
v 0.15947288 0.13799113 -0.22009625
v 0.01809717 -0.19258723 -0.15806002
v -0.05015249 -0.14180009 -0.16512118
v 0.21740710 0.02208566 -0.15148997
v -0.11822368 -0.01710520 -0.15167823
v 0.13284895 0.06302576 -0.29242033
v 0.13323491 0.18412649 -0.17320364
v 0.16823331 0.12250906 -0.21155134
v 0.02082335 -0.06165271 -0.29088278
v 0.22332819 0.01276743 -0.16506844
v -0.12227818 -0.01128576 -0.14516825
v 0.02804343 -0.06961572 -0.28984959
v -0.12742280 -0.00249180 -0.14540227
v 0.01816389 -0.20059670 -0.21396560
v -0.08427698 -0.07694129 -0.17313134
v -0.13212034 0.00649601 -0.14534813
v 0.14886823 0.04737567 -0.28976996
v 0.04292683 0.18431406 -0.14522833
v 0.15014557 0.15510437 -0.18838358
v 0.09491516 0.20541579 -0.18818938
v -0.05891362 -0.12117479 -0.19660926
v 0.14100756 0.05541063 -0.29083633
v -0.01523618 -0.08533496 -0.29199560
v -0.00743664 -0.20804661 -0.17320050
v -0.05377318 -0.00358332 -0.30885456
v 0.09475030 0.19993236 -0.21256845
v -0.02079925 -0.20079125 -0.13784234
v 0.21291460 0.03382026 -0.13806553
v 0.06648997 0.19248489 -0.17358855
v 0.01322744 -0.19515343 -0.16566082
v -0.10260817 -0.04636694 -0.13790765
v 0.10510871 0.21813886 -0.13659853
v 0.12909798 0.18738253 -0.13623597
v -0.12413358 -0.00871397 -0.13741202
v -0.10096548 -0.05072916 -0.13149303
v -0.10710173 -0.04015560 -0.13106271
v 0.11077132 0.21903023 -0.12983602
v 0.21562854 0.02802352 -0.13003825
v 0.19673116 0.06128073 -0.12426422
v 0.12278779 0.19771195 -0.12297466
v -0.02660926 -0.19067420 -0.12249474
v 0.20596032 0.04264810 -0.12162641
v 0.19588309 0.06026710 -0.12021216
v -0.10994072 -0.03764249 -0.12170850
v 0.11383595 0.21621534 -0.11984157
v -0.03515872 -0.17417186 -0.12149403
v 0.12107804 0.19941856 -0.11416777
v -0.02565816 -0.19465046 -0.11439865
v 0.19791803 0.05536348 -0.11454989
v 0.19322608 0.06478755 -0.11449959
v -0.02878461 -0.18779189 -0.11375142
v 0.12500505 0.19162705 -0.11449226
v 0.02269028 0.03286007 0.02938852
v 0.19980836 0.04900404 -0.10611116
v -0.03281222 -0.18160780 -0.10645241
v 0.11819119 0.20472281 -0.10658618
v -0.11835745 -0.02519186 -0.09859977
v 0.20140774 0.04369630 -0.09840697
v 0.11520725 0.20933058 -0.09801577
v -0.11429806 -0.03267425 -0.09849324
v -0.16623051 0.09008664 -0.09310586
v 0.08294934 -0.14704775 -0.09274051
v -0.15593637 0.09496965 -0.09096998
v 0.07435902 -0.15144386 -0.09090083
v 0.07925984 -0.14802505 -0.08638806
v -0.16497867 0.09252745 -0.08514949
v 0.09205696 -0.14041832 -0.08111944
v 0.23557868 -0.06787628 -0.08550402
v 0.22070366 -0.07486513 -0.07853822
v 0.00879151 0.18024454 -0.07706179
v -0.00826584 0.17099895 -0.07962310
v -0.00141391 0.17448692 -0.07928185
v 0.23047317 -0.06939567 -0.07862868
v 0.23852280 -0.06469115 -0.07863113
v 0.08626197 -0.14122447 -0.07125143
v 0.22284024 -0.07212848 -0.07072924
v 0.24392625 -0.06161883 -0.07092170
v -0.01565392 0.16889870 -0.07064542
v 0.08968182 -0.13956571 -0.06360941
v 0.24827939 -0.05937607 -0.06555912
v 0.05541657 -0.15564157 -0.05858250
v -0.15023114 0.10363437 -0.06405719
v -0.14227232 0.10648734 -0.06352174
v -0.17401294 0.07184207 -0.05544452
v -0.14902646 0.10534203 -0.05617522
v 0.01144084 0.18530184 -0.05574490
v 0.09448659 -0.13654369 -0.05492233
v 0.25111349 -0.05478506 -0.05554686
v -0.17807792 0.07913864 -0.05539527
v 0.05925033 -0.15255633 -0.04709939
v 0.06932442 -0.14700444 -0.04570469
v 0.21773159 0.00690537 -0.04734144
v -0.18140032 0.08662872 -0.04732049
v 0.05116228 -0.15598352 -0.04774836
v -0.17135348 0.09602938 -0.04787899
v -0.16431223 0.09956031 -0.04759817
v -0.15799156 0.10362704 -0.04175602
v 0.04283392 -0.15887700 -0.04014302
v 0.06510854 -0.14835967 -0.04045528
v 0.08222423 -0.13914482 -0.04076615
v -0.17822287 0.09389490 -0.04013743
v 0.03346643 0.20122925 -0.03400538
v 0.10668713 -0.12483285 -0.03041123
v -0.15373866 0.03745841 -0.03207627
v 0.22135124 -0.00337584 -0.03168542
v -0.14342951 0.01809194 -0.03204379
v -0.13549758 0.11512377 -0.03178288
v 0.21902395 0.00110654 -0.02576469
v -0.12871376 0.11892050 -0.02553800
v -0.14032331 0.01125852 -0.02398997
v -0.05302536 0.15792171 -0.02382790
v 0.02795261 0.19984049 -0.02479717
v 0.11022155 -0.12108851 -0.02416042
v 0.18996340 -0.08149946 -0.02518418
v 0.01228646 0.19317578 -0.01851352
v 0.22581825 -0.01203044 -0.01828684
v 0.02133784 0.19756979 -0.01783137
v -0.16946419 0.06600481 -0.01740699
v 0.12542838 -0.11229246 -0.01893371
v -0.14873445 0.02755198 -0.01724038
v 0.03589641 0.20532358 -0.01224525
v -0.15210052 0.03253698 -0.01288444
v -0.12174866 0.12667149 -0.01125083
v 0.01408633 0.19461798 -0.01246460
v 0.11757820 -0.11515695 -0.01233711
v 0.22856258 -0.01686105 -0.01253271
v 0.22457549 -0.01058265 -0.01243491
v 0.23151614 -0.02151109 -0.00489139
v 0.21402288 -0.06666880 -0.00481245
v -0.06844073 0.15481796 -0.00443872
v 0.00000454 0.18901893 -0.00402307
v 0.16249909 -0.09166960 -0.00378660
v 0.17029340 -0.08787008 -0.00226861
v 0.24244982 -0.03906059 -0.00301992
v -0.16524832 0.05621294 -0.00397871
v 0.00317465 0.19261308 0.00153441
v 0.16717567 -0.08858856 0.00309153
v -0.16799160 0.06121681 0.00485018
v 0.24385150 -0.04677735 0.00358961
v 0.20674936 -0.06923291 0.00320120
v -0.03780141 0.17368321 0.00326966
v -0.07519206 0.15112915 0.00414392
v -0.06086019 0.14464048 0.00844363
v -0.10558269 0.12411647 0.00578277
v -0.06943374 0.13725659 0.00806744
v -0.02089355 0.18032278 0.00996511
v -0.05378820 0.15268836 0.00926480
v -0.14315637 0.06371140 0.01098887
v -0.13523807 0.07182914 0.00896196
v -0.12457718 0.08194934 0.00794624
v -0.13710360 0.09611880 0.00559555
v -0.08116973 0.12422056 0.00787150
v -0.12457718 0.09013065 0.00700143
v -0.07391473 0.12946508 0.00814988
v -0.11639586 0.09013065 0.00764236
v -0.09815793 0.11672070 0.00676007
v -0.08776040 0.11690687 0.00784216
v 0.21064704 -0.06534012 0.01359419
v -0.15988818 0.04579970 0.01285859
v 0.19161028 -0.07484138 0.01078628
v 0.19947863 -0.07134469 0.01106082
v 0.23686370 -0.03193796 0.01088792
v -0.04632991 0.16072088 0.01179956
v -0.03698967 0.16728954 0.01373216
v -0.03116359 0.17575273 0.01095499
v -0.04582799 0.16887006 0.01602626
v -0.14521121 0.05312037 0.01719776
v 0.19358898 -0.07262132 0.01901230
v 0.23342324 -0.02856526 0.01897842
v -0.15614524 0.04332536 0.01926693
v 0.21463029 -0.06185600 0.01936753
v 0.17492562 -0.08216694 0.01885897
v 0.01450862 0.02467841 0.02943323
v -0.00185436 0.04104173 0.02559459
v 0.00632730 0.04922304 0.02555232
v 0.02126659 0.02563545 0.03005636
v 0.03087194 0.01649710 0.03227991
v 0.04723491 0.00831544 0.03528760
v 0.14278228 -0.09488198 0.03484541
v 0.15588607 -0.08621237 0.04150454
v 0.04723491 -0.01670457 0.03812450
v 0.09632418 -0.03259217 0.04582170
v 0.14875611 -0.08978835 0.04130928
v 0.15051022 -0.08760532 0.05026950
v 0.13271064 -0.09695743 0.04734319
v 0.11567389 -0.10378387 0.05279623
v 0.08239922 -0.04895514 0.04618531
v 0.10041501 -0.07186372 0.05199777
v 0.12518039 -0.09851036 0.05445010
v 0.13298343 -0.06275855 0.05494154
v 0.10992291 -0.08453615 0.05715741
v 0.11738853 -0.09584077 0.06117908
v 0.10046112 -0.09086345 0.05775364
v 0.13946302 -0.05610152 0.05489614
v 0.10996412 -0.09233953 0.06253012
v 0.15645506 -0.07761750 0.06309631
v 0.14865272 -0.06997374 0.06397721
v 0.06514522 0.10391974 -0.30391916
v 0.02964630 -0.07894059 -0.28883876
v 0.15060278 0.04161631 -0.28876087
v 0.00678068 -0.10005001 -0.28838923
v 0.00579360 -0.09407059 -0.28914893
v 0.00078834 -0.10676222 -0.28845245
v 0.08691513 0.11703541 -0.30242561
v 0.11743115 0.03576333 -0.28946817
v 0.05106937 0.11782095 -0.30827265
v -0.06780677 -0.09841954 -0.23939462
v -0.06485985 -0.10370947 -0.23225732
v 0.09443839 0.12310249 -0.30208017
v -0.06234709 -0.10720442 -0.22637047
v -0.07140616 -0.09500074 -0.22211373
v 0.05913891 0.08585330 -0.30273962
v 0.14816407 0.06390910 -0.29063060
v 0.02827780 -0.05377109 -0.28956877
v 0.15264785 0.15114312 -0.21218214
v 0.17357598 0.11212096 -0.21033128
v 0.04310426 0.12369348 -0.30986679
v -0.03438016 -0.16247394 -0.20679092
v -0.01942900 -0.19175559 -0.20269625
v -0.07745823 -0.00135942 -0.31153253
v 0.09750511 0.20282968 -0.20273223
v -0.07300763 -0.09143349 -0.22479205
v 0.19096969 0.07773766 -0.20422577
v -0.00860814 -0.10701057 -0.29069102
v -0.05332540 -0.01916459 -0.30774733
v -0.06425279 -0.11071823 -0.19441574
v 0.10206923 0.02002663 -0.29023975
v 0.19607974 0.06849976 -0.20435152
v 0.16777155 0.12282027 -0.19645347
v 0.16537441 0.12698969 -0.19033574
v 0.13349443 0.04864847 -0.29144234
v 0.05123283 0.07842959 -0.30265090
v -0.06775194 0.00444605 -0.31177319
v -0.01431895 -0.10040034 -0.29145840
v 0.17535279 0.10756977 -0.18781530
v -0.03638750 -0.15895105 -0.21173052
v -0.06163141 -0.11348562 -0.20405462
v 0.08496542 0.20056631 -0.18916005
v 0.17041809 0.11769451 -0.18848103
v -0.05683467 -0.12633443 -0.18693545
v -0.04122127 -0.15402787 -0.18902208
v 0.19475455 0.07255845 -0.21210321
v -0.04684476 -0.14411061 -0.18863647
v -0.05088809 -0.13676619 -0.18856067
v -0.04677455 -0.02493653 -0.30588249
v -0.04017795 -0.03096729 -0.30448849
v 0.03376018 -0.06009979 -0.28902842
v -0.12443118 -0.00771886 -0.15132615
v 0.17776356 0.10226238 -0.19652752
v -0.09175657 -0.06160835 -0.18093717
v -0.07470551 -0.07800695 -0.27147474
v 0.14197997 0.16869576 -0.18093961
v 0.07414735 0.10231268 -0.30168094
v -0.07721058 -0.08497555 -0.22024330
v 0.04356811 0.07197759 -0.30191636
v 0.22402536 0.01322569 -0.18036958
v 0.08000801 0.10996273 -0.30190588
v -0.06191817 -0.01078628 -0.30958666
v 0.15626120 0.14473269 -0.20503926
v 0.07424061 0.18991206 -0.21192123
v 0.05885249 0.10921875 -0.30655102
v 0.10972486 0.01204161 -0.28969870
v 0.18579433 0.08670311 -0.17301677
v 0.01961692 -0.19323167 -0.17399722
v -0.06737121 -0.00410585 -0.31043298
v -0.01678875 -0.19527988 -0.21270607
v -0.05466002 -0.12878013 -0.19674408
v -0.00064408 -0.08519595 -0.29091422
v 0.18253236 0.09377405 -0.18129379
v 0.06875718 0.19439339 -0.16509568
v 0.22033377 0.01967071 -0.17304751
v -0.00588651 -0.20593972 -0.16483861
v -0.05707079 -0.11878637 -0.21039450
v 0.03592191 -0.07051059 -0.28793062
v 0.13730060 0.17423578 -0.15849558
v -0.07830210 -0.07173204 -0.26502029
v -0.00959487 -0.20702285 -0.15984173
v 0.13541236 0.17833185 -0.16525286
v 0.00983099 -0.19922540 -0.18878037
v -0.00083759 -0.20365853 -0.17265177
v 0.14033344 0.04299144 -0.29002843
v 0.13273334 0.18347927 -0.15762132
v 0.06531392 0.19237103 -0.15733910
v -0.08809117 -0.06904639 -0.15775929
v -0.09422532 -0.05872291 -0.15743515
v -0.09734619 -0.05450319 -0.16532970
v 0.12585766 0.01968747 -0.28755025
v 0.02849191 -0.18812476 -0.15804221
v 0.16022559 0.13727615 -0.23206591
v 0.21178396 0.03383493 -0.15156646
v 0.12961387 0.18851352 -0.15023708
v 0.15055528 0.15492833 -0.20507593
v 0.03501970 -0.18629206 -0.16567794
v -0.10260328 -0.04437287 -0.15152385
v 0.01440523 -0.19650901 -0.18119983
v -0.05600547 -0.12222369 -0.20678953
v 0.00522147 -0.20120690 -0.18141534
v -0.08368634 -0.07620115 -0.15740407
v 0.05791396 0.18888306 -0.16508031
v 0.08397624 0.19496063 -0.21147379
v 0.06649486 0.09390852 -0.30222757
v -0.10530466 -0.03985731 -0.14583958
v -0.10038742 -0.04869003 -0.14618781
v -0.03257191 -0.16746279 -0.19650761
v 0.01992324 -0.07740304 -0.29016989
v 0.21013184 0.03749928 -0.14531390
v -0.04297747 -0.14964958 -0.19594247
v 0.10961344 0.21832573 -0.14556993
v 0.21487199 0.02815066 -0.14538376
v -0.07912956 -0.08334543 -0.21029321
v 0.14543196 0.16130454 -0.16516030
v 0.01296792 -0.07056578 -0.29199491
v 0.16417287 0.13117972 -0.23970583
v -0.01334654 -0.20796033 -0.16511105
v -0.01764590 -0.20385134 -0.15750676
v 0.15615607 0.05510885 -0.28933649
v -0.13045390 0.00259414 -0.13785736
v -0.11832148 -0.01848733 -0.13762823
v 0.11471371 0.21702673 -0.13761775
v 0.04159116 0.18674194 -0.13202708
v -0.12237877 -0.01280969 -0.13002219
v -0.12824782 -0.00356201 -0.12981436
v -0.13224853 0.00410655 -0.12988631
v 0.20246014 0.04928277 -0.12095264
v 0.11899001 0.20521600 -0.12210843
v -0.11538154 -0.02710629 -0.12247972
v -0.03161382 -0.18094800 -0.12257717
v -0.11758134 -0.02443461 -0.11402247
v 0.19522818 0.05876901 -0.10630187
v -0.11368681 -0.03159531 -0.11470602
v 0.11542799 0.21166276 -0.11451112
v -0.02794074 -0.19263718 -0.10446113
v 0.12183598 0.19687541 -0.10715587
v 0.11360228 0.21400646 -0.10499344
v -0.03636620 -0.17450089 -0.10675419
v -0.11060436 -0.03851640 -0.10654392
v 0.20403122 0.04109413 -0.10659038
v -0.02641820 -0.19824426 -0.10110974
v -0.03457995 -0.17958474 -0.09998225
v 0.12096347 0.19772802 -0.09749778
v -0.03092887 -0.18858023 -0.09930044
v 0.19670880 0.05331737 -0.09819251
v 0.19192743 0.06331496 -0.09834200
v 0.12432779 0.19087329 -0.09840662
v -0.01788132 0.16408205 -0.09111599
v -0.00755958 0.16921410 -0.09193366
v 0.22260342 -0.07491159 -0.09070557
v 0.00062487 0.17357563 -0.09051486
v 0.23075679 -0.07213267 -0.09068043
v 0.09417328 -0.14149447 -0.09078905
v -0.01513873 0.16657036 -0.08503388
v 0.00601644 0.17734652 -0.08488229
v 0.22621608 -0.07346555 -0.08473664
v 0.08835384 -0.14319793 -0.08517848
v 0.24375056 -0.06361500 -0.08532413
v -0.15727169 0.09670909 -0.08105971
v 0.07313617 -0.14911273 -0.07890671
v 0.08105412 -0.14542148 -0.07953613
v -0.16426438 0.09614046 -0.07113511
v 0.07481204 -0.14645048 -0.07068698
v -0.00691376 0.17332869 -0.06971806
v 0.21806516 0.00748344 -0.06316407
v 0.04187792 -0.16360668 -0.06328527
v -0.16220884 0.09774333 -0.06194856
v 0.05981093 -0.15401879 -0.06302331
v -0.17864062 0.08735209 -0.06361640
v 0.05071833 -0.15914944 -0.06371245
v -0.17082361 0.09321414 -0.06317315
v 0.06648089 -0.15015535 -0.05580917
v -0.17697592 0.09164410 -0.05471800
v 0.04417832 -0.16061016 -0.05542496
v -0.15585324 0.10253238 -0.05537186
v -0.14339318 0.10928686 -0.04760550
v 0.08782991 -0.13780287 -0.04702255
v -0.17557983 0.07398319 -0.04718322
v 0.09831476 -0.13242457 -0.04770156
v 0.24959026 -0.05306833 -0.04069524
v -0.17371395 0.07022523 -0.04019856
v -0.14907815 0.10993339 -0.04149685
v 0.09320960 -0.13364602 -0.04068057
v -0.17841987 0.07877503 -0.04012905
v 0.05292302 -0.15424687 -0.04012276
v 0.10798612 -0.12538193 -0.03400154
v -0.16990743 0.06584833 -0.03216360
v 0.24925425 -0.04841375 -0.03208605
v -0.14868974 0.02722575 -0.03178497
v 0.01279397 0.19094734 -0.03196380
v -0.11242903 0.12548532 -0.03205462
v 0.02142167 0.19557782 -0.03131064
v 0.11743080 -0.12016081 -0.03273363
v 0.22668901 -0.01283519 -0.03191665
v 0.12483844 -0.11625091 -0.03190827
v 0.11928550 -0.11718350 -0.02482371
v 0.22950111 -0.01767664 -0.02430398
v -0.15149311 0.03360545 -0.02387820
v 0.09995256 -0.12654680 -0.02403887
v -0.12052931 0.12275076 -0.02474023
v 0.22383081 -0.00843175 -0.02479018
v 0.03562012 0.20391002 -0.02424006
v 0.22096458 -0.00325709 -0.01858792
v -0.14440366 0.01934412 -0.01863403
v -0.15422347 0.03724919 -0.01866022
v 0.10197911 -0.12404277 -0.01845170
v -0.13499252 0.11838050 -0.01938709
v -0.12775463 0.12130752 -0.01847615
v -0.14643057 0.02218696 -0.01207549
v -0.13332293 0.12170256 -0.01129729
v -0.14147421 0.01243386 -0.01241779
v 0.10971823 -0.11919085 -0.01314710
v 0.02620933 0.20102108 -0.01250931
v -0.05349690 0.15983055 -0.01182017
v -0.15993883 0.04599041 -0.00627456
v -0.04835367 0.16323853 -0.00639646
v 0.20130260 -0.07268769 -0.00433987
v -0.02109160 0.17941987 -0.00253162
v 0.18212195 -0.08208486 -0.00353582
v 0.23783925 -0.03120271 -0.00432974
v -0.03834979 0.16934299 -0.00439052
v 0.19143913 -0.07736252 -0.00424661
v -0.03001689 0.17414986 -0.00306358
v -0.02480066 0.17917502 0.00129794
v 0.19721422 -0.07367442 0.00134056
v 0.17755224 -0.08335242 0.00312401
v -0.15926191 0.04246507 0.00345443
v -0.16231781 0.04929011 0.00267692
v -0.04619509 0.16960740 0.00306847
v 0.23366180 -0.02554813 0.00348377
v 0.21558453 -0.06458147 0.00333148
v -0.00716629 0.18827950 0.00467763
v -0.06698386 0.15067788 0.00811425
v -0.07451585 0.14502574 0.00784670
v -0.08963536 0.12490236 0.00705591
v -0.07759235 0.13916264 0.00748938
v 0.23162651 -0.02379053 0.01057601
v 0.23931079 -0.04988459 0.01207165
v 0.00042194 0.19186840 0.00876497
v 0.00674051 0.19439618 0.00894729
v -0.03048982 0.16206004 0.01070909
v -0.02360261 0.16934858 0.01079362
v -0.05201977 0.13829361 0.00954178
v -0.13275884 0.08194934 0.00744432
v -0.11639586 0.07376768 0.00970350
v -0.06168170 0.13001590 0.00925816
v -0.10633924 0.10853939 0.00672724
v -0.09185123 0.09831231 0.00911879
v -0.08366957 0.10649397 0.00909609
v 0.16242574 -0.08994134 0.01206606
v 0.16962102 -0.08590744 0.01165356
v -0.16293605 0.05593421 0.01181423
v 0.24206805 -0.04039241 0.01099201
v -0.04565894 0.17469299 0.01186592
v -0.03689432 0.17534406 0.01578840
v 0.24237263 -0.04494954 0.01894838
v 0.23951932 -0.03654364 0.01916180
v 0.20572141 -0.06677394 0.01869795
v 0.16619174 -0.08625219 0.02117508
v -0.15771039 0.05569845 0.01892498
v -0.16358921 0.06316407 0.01897947
v -0.14096914 0.04510183 0.02172939
v 0.13114304 -0.10332037 0.02486842
v -0.01821733 0.04104173 0.02369133
v -0.01003567 0.04922304 0.02364243
v -0.00185436 0.05740471 0.02361414
v 0.00632730 0.06558602 0.02359772
v 0.14885461 -0.09405976 0.02687821
v 0.14128559 -0.09768255 0.02696344
v 0.05541657 0.00831544 0.03623068
v 0.01292321 0.01757709 0.03006579
v 0.03905325 0.02467841 0.03225860
v 0.02967948 0.03372770 0.03005950
v 0.04723491 -0.00804754 0.03718527
v 0.15469221 -0.08927770 0.03433964
v 0.13283219 -0.10024805 0.03459462
v 0.07177955 -0.03259217 0.04288561
v 0.08814252 -0.04077383 0.04585244
v 0.06359788 -0.00804754 0.03892052
v 0.05541657 -0.01622920 0.03894742
v 0.07996121 -0.02441086 0.04285522
v 0.14076690 -0.09228889 0.04825133
v 0.09632418 -0.04895514 0.04785804
v 0.10450549 -0.05713680 0.05015808
v 0.10231966 -0.10703502 0.05653848
v 0.11174199 -0.10171051 0.05701141
v 0.13358420 -0.07340267 0.05886751
v 0.13826008 -0.06940929 0.05828490
v 0.14658600 -0.06248122 0.05797334
v 0.15559826 -0.05494259 0.05766492
v 0.12484682 -0.09263608 0.06161080
v 0.11887195 -0.08488334 0.06088498
v 0.10133677 -0.09972797 0.06333592
v 0.14031283 -0.07682742 0.06377881
v 0.15639847 -0.06418713 0.06310120
v 0.15753994 -0.07109530 0.06771456
v -0.01460257 -0.09334408 -0.29186951
v 0.06769256 0.12278360 -0.30658106
v 0.10982790 0.03574866 -0.28983423
v -0.00746283 -0.08545197 -0.29178987
v 0.14700305 0.04137670 -0.28922752
v 0.10202871 0.02818908 -0.29043430
v -0.07504362 -0.01873392 -0.31004039
v 0.12569105 0.02850518 -0.28843499
v 0.08169052 0.11585203 -0.30314794
v 0.04405676 0.10137275 -0.30729430
v 0.05107391 0.08656165 -0.30342597
v 0.05881547 0.07904468 -0.30068128
v -0.06472293 -0.10361272 -0.22620141
v 0.16018088 0.13681858 -0.22622866
v -0.05343612 -0.04833062 -0.30337183
v -0.04039241 -0.03620692 -0.30428242
v -0.07412255 -0.08559239 -0.23941174
v -0.07264228 -0.09014602 -0.23256714
v 0.17534755 0.10889007 -0.21269210
v -0.04271411 -0.14836142 -0.20233544
v -0.02267596 -0.01909404 -0.30331769
v -0.03472526 -0.16390252 -0.19543566
v 0.05873898 0.11744232 -0.30732853
v 0.15044595 0.15496745 -0.19617230
v -0.06362373 0.00466471 -0.31152450
v -0.01939442 -0.19183697 -0.19656001
v -0.03824850 -0.15936286 -0.18861132
v 0.17325184 0.11183629 -0.18857499
v 0.07170270 0.19349852 -0.18910346
v 0.06658916 0.07139917 -0.29703125
v 0.19458270 0.07063494 -0.18861516
v 0.15246447 0.15115919 -0.18862948
v 0.14439074 0.16453438 -0.18171468
v -0.06859825 -0.00967940 -0.30985212
v 0.08009324 0.19804482 -0.18867698
v 0.07625459 0.19481847 -0.19663825
v 0.03623137 -0.06228248 -0.28828724
v -0.08813064 -0.06848334 -0.18046284
v 0.13403059 0.18358790 -0.18120926
v 0.17149598 0.11653593 -0.21243398
v -0.01587153 -0.20301305 -0.18153515
v 0.19025471 0.07841667 -0.19626626
v -0.06847670 -0.09920893 -0.21998623
v 0.02773885 -0.19051632 -0.18102868
v -0.08265909 -0.07709951 -0.18147018
v 0.08668670 0.11011432 -0.30100018
v 0.09483343 0.20316499 -0.19665711
v 0.01205209 -0.20205357 -0.21226004
v 0.13580041 0.17861861 -0.17284458
v 0.08915929 0.20293097 -0.18847649
v 0.05114726 0.11012025 -0.30765442
v 0.11725790 0.01211392 -0.28934278
v -0.09666508 -0.05384723 -0.17313204
v 0.03570465 -0.18651351 -0.17304821
v 0.21845217 0.02357816 -0.17437025
v 0.14556364 0.16134051 -0.17300664
v 0.15627238 0.14508093 -0.19646779
v -0.06152453 -0.00292247 -0.31033518
v -0.04431035 -0.14376307 -0.21239591
v 0.01810486 -0.19303083 -0.16551447
v -0.00052567 -0.20236199 -0.16556721
v -0.07007643 -0.09416525 -0.23954970
v -0.06261779 -0.10698751 -0.23139773
v -0.00738250 -0.20907944 -0.18127842
v 0.18574962 0.08639784 -0.16502757
v -0.09113939 -0.06237084 -0.15772192
v 0.14072778 0.16813376 -0.15749034
v 0.09382434 0.10159105 -0.29903126
v 0.22311303 0.01247019 -0.15767686
v 0.18329869 0.09303182 -0.15818018
v 0.02237417 -0.19074266 -0.15769921
v -0.12675322 -0.00296508 -0.15308655
v -0.05382593 0.00484983 -0.30912910
v -0.13214724 0.00729657 -0.15284519
v 0.16322141 0.13114863 -0.21996667
v 0.01260711 -0.19491627 -0.15759652
v -0.05350808 -0.12794324 -0.20428795
v 0.04426459 0.18366788 -0.15115186
v -0.12167531 -0.01134689 -0.15279385
v -0.06247633 -0.11426418 -0.19718069
v -0.05991013 -0.12083493 -0.18908076
v 0.08908559 0.19758691 -0.21145039
v 0.05839179 0.18860363 -0.17292701
v 0.14091046 0.06296568 -0.29123696
v 0.16787774 0.12273016 -0.20473538
v -0.03235081 -0.16638734 -0.20449717
v 0.01231965 -0.06196428 -0.29268998
v 0.04931421 0.18665567 -0.14746515
v 0.22001976 0.01945764 -0.16528639
v -0.10793897 -0.03470849 -0.14522728
v 0.02768261 -0.07646486 -0.28934662
v -0.13014409 0.00276075 -0.14565306
v -0.07745578 -0.07814527 -0.24814911
v 0.17813206 0.10166440 -0.20458554
v -0.11794809 -0.01839407 -0.14559647
v 0.15547007 0.04859014 -0.28959671
v 0.11482687 0.21704734 -0.14560066
v 0.02093966 -0.05369355 -0.29032357
v -0.04006059 -0.15185776 -0.21204662
v -0.01802033 -0.19606053 -0.18927810
v 0.13851576 0.17500945 -0.18150895
v 0.21021846 0.03784926 -0.13975188
v 0.21784581 0.02264941 -0.14538550
v 0.13298133 0.05501874 -0.29213951
v -0.01335423 -0.20814930 -0.17337898
v 0.06715151 0.19178004 -0.18179012
v 0.09353129 0.20088486 -0.20523137
v -0.10047963 -0.04997785 -0.13849585
v -0.05053880 -0.14186541 -0.15793952
v -0.10653624 -0.03902845 -0.13780322
v 0.21616924 0.02789812 -0.13793490
v 0.11021281 0.21916122 -0.13808474
v -0.02090229 -0.20199070 -0.12986047
v 0.21316294 0.03397709 -0.13008122
v -0.12446890 -0.00935002 -0.13017378
v -0.10395397 -0.04633096 -0.12982833
v 0.10269410 0.21837637 -0.12994814
v 0.20440845 0.04768339 -0.12411158
v -0.02512794 -0.19489985 -0.12194007
v 0.12132358 0.19955897 -0.11885309
v 0.19942205 0.05510780 -0.12174063
v 0.19463440 0.06425384 -0.12203857
v 0.12577173 0.19180274 -0.12173085
v -0.02852090 -0.18723059 -0.12116012
v -0.02691454 -0.19110941 -0.11631099
v 0.11371859 0.21577943 -0.11511084
v 0.12206966 0.19735917 -0.11443847
v 0.19569692 0.05971837 -0.11389219
v -0.11025857 -0.03795265 -0.11415869
v 0.20526036 0.04144865 -0.11445803
v -0.03613672 -0.17321901 -0.11441716
v 0.20243883 0.04418565 -0.10711850
v -0.11804729 -0.02482930 -0.10664696
v 0.11545559 0.21047693 -0.10726065
v -0.11406438 -0.03213286 -0.10649118
v 0.11795507 0.20405183 -0.09834934
v 0.19854884 0.04962996 -0.09897071
v -0.03330331 -0.18311007 -0.09857532
v -0.00196368 0.17166679 -0.09304823
v -0.16308275 0.09203530 -0.09116488
v 0.08043344 -0.14826676 -0.09189769
v 0.23761641 -0.06830206 -0.09179639
v 0.08243694 -0.14631460 -0.08594761
v 0.07336076 -0.15077288 -0.08492979
v -0.15603836 0.09631929 -0.08404645
v -0.01451735 0.16801047 -0.07891370
v 0.08718408 -0.14225137 -0.07839466
v 0.22493700 -0.07263110 -0.07876106
v 0.00498640 0.17804404 -0.07866920
v 0.24436984 -0.06232229 -0.07825460
v -0.00974995 0.17163151 -0.07117912
v 0.21945566 -0.07421581 -0.07186407
v 0.00631683 0.18039054 -0.07051129
v 0.23014694 -0.06808131 -0.07136459
v 0.23722661 -0.06426467 -0.07077535
v -0.00006706 0.17680722 -0.07057346
v -0.14554478 0.10481705 -0.06557170
v 0.05668483 -0.15593427 -0.06441940
v -0.14642044 0.10557361 -0.06205858
v -0.17383410 0.07206945 -0.06366460
v 0.09483378 -0.13721327 -0.06329855
v 0.01242059 0.18441396 -0.06395206
v -0.17811704 0.07897517 -0.06364644
v 0.25223924 -0.05505925 -0.06355353
v -0.14354267 0.10750969 -0.05553358
v 0.08878451 -0.13949201 -0.05495063
v 0.04348324 -0.15957976 -0.04769841
v -0.15617039 0.10292323 -0.04748710
v 0.06578686 -0.14952698 -0.04786817
v 0.08251972 -0.13979624 -0.04596351
v -0.17793366 0.09277125 -0.04734179
v -0.16281799 0.10209926 -0.03964878
v 0.06791820 -0.14651928 -0.03934875
v -0.15639743 0.10913946 -0.04025829
v 0.21728101 0.00665982 -0.04035818
v -0.18160081 0.08668390 -0.03999807
v -0.17350368 0.09702624 -0.04013918
v 0.04930233 -0.15578478 -0.03978326
v 0.05900478 -0.15149066 -0.04003369
v -0.14590873 0.02217753 -0.03175004
v 0.19137277 -0.08207473 -0.03255095
v -0.14015670 0.01137937 -0.03178427
v 0.21881193 0.00222390 -0.03258449
v -0.05131771 0.15736390 -0.03099803
v -0.12811544 0.11779999 -0.03220097
v 0.02844196 0.19914961 -0.03198895
v 0.11084048 -0.12327539 -0.03243464
v 0.22056988 -0.00224870 -0.02376573
v -0.14422343 0.01949117 -0.02398333
v -0.13508333 0.11692957 -0.02452612
v -0.12537599 0.12073154 -0.02240945
v -0.15408655 0.03755132 -0.02427184
v 0.10390123 -0.12443397 -0.02399626
v 0.22823565 -0.01595431 -0.01946044
v 0.22335474 -0.00768742 -0.01890018
v -0.15170024 0.03330751 -0.01775732
v 0.01678735 0.19546849 -0.01741048
v 0.03503856 0.20417338 -0.01893930
v 0.11719468 -0.11644197 -0.01859176
v -0.12012379 0.12513499 -0.01781425
v -0.14917350 0.02687926 -0.01139963
v 0.01079327 0.19275489 -0.01216945
v 0.02061552 0.19810105 -0.01222254
v -0.16991163 0.06535060 -0.01168220
v 0.12437564 -0.11178355 -0.01267906
v 0.03024078 0.20273223 -0.01207026
v -0.03248913 0.17083234 -0.00630705
v 0.20764283 -0.06993322 -0.00435419
v 0.00634826 0.19206261 -0.00398465
v -0.07529720 0.15140474 -0.00520330
v 0.16854767 -0.08918269 -0.00533359
v 0.24457697 -0.04709555 -0.00434721
v -0.03535606 0.17291583 -0.00091338
v -0.00086448 0.19105946 0.00320190
v 0.24197724 -0.03928657 0.00294028
v -0.16551727 0.05589684 0.00329097
v -0.04178222 0.17214286 0.00623789
v 0.23131251 -0.02186771 0.00330354
v 0.21231906 -0.06625036 0.00375866
v 0.16203873 -0.09107163 0.00304996
v 0.17147293 -0.08631436 0.00298045
v -0.06835410 0.15491122 0.00402936
v 0.00762490 0.19532144 0.00364829
v -0.00495846 0.18905107 0.00854701
v -0.07794199 0.14702715 0.00734617
v -0.06196288 0.15409668 0.00824104
v -0.05325554 0.14544523 0.00905033
v -0.10595572 0.11697638 0.00604718
v -0.09756135 0.12336830 0.00637760
v -0.07519835 0.13889718 0.00767275
v -0.15898423 0.04259361 0.01100598
v -0.02480206 0.17552255 0.01030671
v -0.03733232 0.16145228 0.01117189
v -0.12457718 0.07376768 0.00907374
v -0.13275884 0.09013065 0.00646457
v -0.12866801 0.09503986 0.00626513
v -0.06901111 0.13103861 0.00847890
v -0.10003289 0.09831231 0.00828016
v -0.08246663 0.11756283 0.00825152
v 0.23400550 -0.02790895 0.01147333
v -0.16211942 0.04994781 0.01050895
v 0.21557371 -0.06304881 0.01143945
v 0.17688825 -0.08236289 0.01129065
v 0.19406960 -0.07326820 0.01345133
v -0.04601451 0.16956583 0.01035142
v -0.03862468 0.17015787 0.01557010
v -0.15013614 0.06399258 0.01340487
v -0.14229677 0.05604424 0.01309296
v 0.19028090 -0.07417460 0.01917717
v 0.19921947 -0.06982983 0.01932421
v 0.23621298 -0.03244128 0.01944297
v 0.20900889 -0.06474284 0.01976117
v -0.15884103 0.04922584 0.01810276
v -0.14986334 0.05628559 0.01954915
v 0.14439074 -0.09670280 0.02512480
v 0.01450862 0.03286007 0.02847095
v 0.00632730 0.04104173 0.02653486
v -0.00185436 0.04922304 0.02459668
v -0.01003567 0.05740471 0.02269587
v 0.03905325 0.01649710 0.03328410
v 0.04723491 0.00013378 0.03624604
v 0.13342353 -0.09779851 0.04144306
v 0.06413648 -0.00031925 0.03813184
v 0.07177955 -0.04895514 0.04494884
v 0.07177955 -0.04077383 0.04392194
v 0.07996121 -0.04077383 0.04490378
v 0.08814252 -0.02441086 0.04383497
v 0.08814252 -0.03259217 0.04484580
v 0.09632418 -0.02441086 0.04484405
v 0.04808158 -0.01622920 0.03816432
v 0.15561188 -0.08532169 0.04772531
v 0.14735128 -0.08925464 0.04875500
v 0.13436555 -0.05610117 0.05412561
v 0.10266685 -0.08406566 0.05493875
v 0.13896250 -0.06327305 0.05631528
v 0.11757610 -0.09996234 0.05630690
v 0.11195680 -0.08703808 0.05968694
v 0.10256940 -0.09344083 0.06100654
v 0.14886404 -0.07758921 0.06474494
v 0.15440335 -0.06810017 0.06588990
v -0.09323685 -0.04295058 -0.27959003
v 0.05134425 0.15246727 -0.31189404
v 0.18730464 0.09670350 -0.27030044
v -0.09421100 -0.04426075 -0.29272351
v 0.22790697 0.01949956 -0.27060991
v 0.19820339 0.02796728 -0.28085061
v 0.03532428 -0.16730456 -0.27757815
v 0.02217892 -0.15379211 -0.28138361
v -0.00126511 -0.11263266 -0.28914683
v -0.09186450 -0.04692824 -0.28666970
v -0.08514670 -0.05560484 -0.27107236
v -0.00285785 -0.21210460 -0.27344017
v 0.23378719 0.01024314 -0.25543276
v 0.22432226 0.02815729 -0.25490219
v 0.22624647 0.02371753 -0.24868317
v -0.10447615 -0.00335279 -0.31723357
v 0.03773470 -0.19807590 -0.24653751
v -0.03491736 -0.15681762 -0.23958498
v -0.08186027 -0.01036714 -0.31233729
v -0.01450443 -0.19455511 -0.23918854
v -0.11530819 -0.00590188 -0.29237632
v 0.08745652 0.19302629 -0.22587308
v 0.18950374 0.08446280 -0.22617242
v -0.04147135 -0.14642812 -0.22586505
v 0.19552507 0.07520254 -0.24160874
v 0.15668279 0.14513018 -0.23215568
v 0.02822121 -0.15983090 -0.28016181
v -0.07980962 -0.01882334 -0.31077528
v 0.18724352 0.08972129 -0.25987043
v 0.16429162 0.12951398 -0.21144550
v 0.05875050 0.16604678 -0.27924739
v 0.08048968 0.18798435 -0.23193912
v 0.14543266 0.16914983 -0.24774603
v 0.21458139 0.01278350 -0.27864347
v 0.16232480 0.04972916 -0.28944757
v 0.08717185 0.16908068 -0.30897157
v 0.16925287 0.06291713 -0.28769206
v 0.00642860 -0.12794953 -0.28629841
v 0.14209209 0.19203816 -0.29210179
v 0.00793192 -0.21893942 -0.25544708
v 0.16014316 0.13724052 -0.20474935
v -0.05022305 -0.12832745 -0.22571940
v 0.21992440 0.03338086 -0.24791509
v 0.01281214 -0.20428201 -0.21945566
v 0.16839189 0.12295370 -0.22499289
v 0.06712392 0.16827418 -0.28659076
v 0.05064254 0.16162728 -0.29235816
v -0.09843491 -0.03108989 -0.27852262
v 0.01269687 -0.15133104 -0.28281988
v 0.05293944 0.16520675 -0.29982239
v -0.06507885 -0.10643180 -0.20432951
v 0.12634805 0.19077514 -0.30897472
v 0.09659383 0.19809197 -0.22570717
v 0.14248853 0.17628958 -0.24734925
v -0.06848404 -0.09967103 -0.21209552
v 0.00010758 -0.13683325 -0.28681954
v -0.00142683 -0.21694535 -0.24853228
v -0.03378533 -0.16187806 -0.22085490
v 0.05622168 0.16391929 -0.28625824
v 0.08200592 0.17631333 -0.30591463
v -0.10187013 -0.02467073 -0.27846499
v 0.17602587 0.04151781 -0.28484154
v 0.04353353 0.14510398 -0.31279310
v 0.13906728 0.18233955 -0.25577541
v -0.08907825 -0.01897248 -0.31459716
v 0.05859612 0.13783430 -0.30965722
v -0.04395268 -0.13664114 -0.27069548
v -0.04795025 -0.12851118 -0.26243942
v -0.09746425 -0.03900854 -0.29888351
v -0.03083491 -0.16737896 -0.22621992
v -0.07302754 -0.09276496 -0.19647723
v -0.11075491 -0.01027912 -0.28641367
v 0.23167087 0.01335108 -0.26416769
v -0.05434077 -0.12114824 -0.23202295
v -0.04298201 -0.14366597 -0.21964882
v 0.12628693 0.19493059 -0.31539493
v -0.08116065 -0.06981202 -0.25610234
v 0.17945655 0.10218624 -0.22505890
v 0.14924476 0.16140443 -0.25549179
v 0.17184248 0.11594424 -0.21923072
v 0.17526198 0.10966968 -0.22008228
v 0.02036474 -0.14484935 -0.28345173
v 0.08840064 0.19520129 -0.21904805
v -0.00661197 -0.20996348 -0.24709182
v 0.09403741 0.16065277 -0.30877562
v 0.02077584 -0.20304798 -0.22569774
v 0.19194175 0.03370569 -0.28106157
v 0.02627569 -0.20054885 -0.23194541
v -0.01853658 -0.18818100 -0.23185215
v 0.06680118 0.12908855 -0.30727824
v 0.19376991 0.07844636 -0.23207115
v 0.19874269 0.07079910 -0.23192969
v -0.05839004 -0.11329107 -0.23204845
v 0.14005052 0.19886215 -0.29862225
v -0.07895701 -0.07536950 -0.24562413
v 0.13310708 0.20345490 -0.28650589
v -0.10104407 -0.02725684 -0.28579404
v 0.04391216 0.15516759 -0.30999498
v 0.04397783 0.15994127 -0.29853458
v -0.07706109 -0.08493922 -0.18864695
v -0.00921590 -0.20412553 -0.25539713
v -0.09533710 0.00540414 -0.31705823
v -0.03870117 -0.15190911 -0.21966209
v 0.11731693 0.19627080 -0.30649025
v 0.11785134 0.19186317 -0.31304564
v -0.01543352 -0.12807213 -0.29028865
v 0.18472866 0.04860097 -0.28453871
v 0.14574841 0.17571605 -0.27112720
v -0.08871185 -0.05287867 -0.26256132
v -0.08370834 -0.06173060 -0.26320890
v -0.11802877 -0.00331088 -0.29903440
v -0.12048565 0.00467239 -0.29254084
v 0.15284659 0.15314628 -0.23952630
v 0.20774622 0.01996376 -0.28006646
v 0.19918419 0.03504101 -0.28324775
v 0.12754436 -0.10993408 -0.01044503
v -0.11280731 0.13027682 -0.01239893
v -0.08904367 0.14499291 -0.00434057
v 0.13338965 -0.10636963 -0.00379114
v -0.07912781 0.15005824 -0.00222495
v 0.14232087 -0.10159699 -0.00431926
v -0.09726585 0.14090452 -0.00469474
v 0.15568523 -0.09411460 0.00304647
v -0.10239930 0.13705749 0.00327979
v -0.08268389 0.14638621 0.00486135
v -0.09700005 0.13039208 0.00678312
v -0.05912494 0.09831231 0.01258720
v -0.07548826 0.11467528 0.00912368
v -0.06730660 0.12285695 0.00922672
v -0.05094362 0.10649397 0.01258266
v -0.01821733 0.06558602 0.02096551
v -0.02639899 0.07376768 0.01915970
v -0.03458030 0.09013065 0.01621418
v 0.14689232 -0.09660396 0.01902662
v 0.18853692 -0.07387246 0.02452822
v -0.15036562 0.05350563 0.02433122
v 0.23555562 -0.03208885 0.02641296
v 0.20770151 -0.06349869 0.02709197
v 0.19912132 -0.06770339 0.02696798
v -0.15415920 0.04208889 0.03041577
v -0.15801217 0.04949374 0.02684922
v 0.21284369 -0.05903272 0.03455515
v 0.23065829 -0.04950177 0.03519784
v 0.19154008 -0.06955844 0.03461733
v 0.16791267 -0.08116030 0.03755062
v 0.19523028 -0.06569569 0.04010390
v 0.22877809 -0.02510105 0.04016887
v 0.23612426 -0.04497119 0.04153527
v 0.23139948 -0.02948074 0.05036660
v 0.19943218 -0.06225453 0.04855696
v 0.23624267 -0.03903893 0.04921361
v 0.16226158 -0.08170065 0.04848954
v 0.16442819 -0.07895387 0.05652171
v 0.22357444 -0.01515270 0.05581301
v 0.16634542 -0.07570691 0.06034254
v 0.18552713 -0.06352873 0.06458881
v 0.21989611 -0.01129694 0.06142463
v 0.16387108 -0.07213372 0.06593041
v 0.17566436 -0.05384234 0.06444839
v 0.16315295 -0.06420389 0.06726189
v 0.24563705 -0.03770571 -0.26715093
v 0.24004220 -0.04039835 -0.26669931
v -0.14454757 0.04624015 -0.27127704
v 0.18166648 -0.10684780 -0.26659312
v -0.11506963 0.08217218 -0.27229521
v -0.12032672 0.08132936 -0.26317886
v -0.08997103 0.04814515 -0.32007151
v -0.09702450 0.05500442 -0.32281829
v 0.11183175 -0.16212955 -0.25361193
v -0.10477898 0.06283854 -0.32429822
v 0.10393616 -0.16116168 -0.24568246
v -0.15208969 0.06750953 -0.24908485
v 0.25338804 -0.03142311 -0.23960873
v 0.24264891 -0.01100493 -0.23952665
v 0.26397418 -0.04838511 -0.23937052
v 0.14067330 -0.11258202 -0.26924001
v 0.02028405 0.14460101 -0.29267182
v 0.14623916 -0.13542563 -0.26701227
v 0.01085335 0.14141029 -0.28057292
v -0.13662368 0.06762724 -0.29261244
v 0.25730947 -0.04071620 -0.22621049
v 0.05176933 -0.18727216 -0.22516718
v 0.13300054 -0.12050591 -0.26996617
v 0.23007115 -0.02510908 -0.27070107
v 0.04151327 -0.20112447 -0.26322532
v 0.04420870 -0.19064241 -0.21888633
v -0.13991500 0.02906788 -0.21949758
v 0.25477540 -0.03678883 -0.22002744
v 0.24929686 -0.02034273 -0.25512224
v -0.12711718 0.02860473 -0.32013613
v 0.04419788 -0.13619895 -0.28311537
v -0.14736979 0.04968934 -0.26281246
v 0.08104399 -0.17473176 -0.26992845
v -0.01318098 0.12780737 -0.31255245
v -0.08233879 0.09974473 -0.26313275
v -0.10507273 0.09521205 -0.23188219
v 0.05705717 -0.18503673 -0.23235966
v 0.18290015 -0.10001193 -0.26792565
v 0.17873143 -0.10362250 -0.26689176
v 0.17569055 0.00444326 -0.27696760
v 0.15396360 -0.12612521 -0.26731510
v -0.09881144 0.09677685 -0.23989689
v -0.02094350 0.13614970 -0.23985742
v -0.13501627 0.07750049 -0.24793046
v 0.23839566 -0.00378905 -0.22533099
v -0.04453389 0.12826493 -0.22397891
v 0.08466922 -0.17794729 -0.25723158
v -0.12017828 0.01992359 -0.32040578
v 0.11006646 -0.14395204 -0.27170387
v 0.24595839 -0.01861691 -0.23247213
v 0.26098989 -0.04581681 -0.22104980
v 0.06868837 -0.17701679 -0.22608335
v 0.15644807 -0.13692372 -0.26317572
v 0.08049422 -0.18062910 -0.26285472
v -0.13701278 0.04022301 -0.28847096
v 0.10191344 -0.15193041 -0.27154180
v 0.08735418 -0.17242648 -0.24936392
v -0.06806804 0.12363236 -0.18123651
v 0.11780418 -0.15985465 -0.26344886
v -0.15109667 0.05540435 -0.25553789
v 0.02784119 0.14808758 -0.28703400
v -0.11853384 0.08355815 -0.25481662
v 0.03562501 0.15270408 -0.28619293
v 0.14061007 -0.14200722 -0.23981376
v -0.13339803 0.03645527 -0.31963840
v 0.16379773 -0.01144224 -0.27575244
v 0.18441500 -0.00300840 -0.27524213
v -0.07364054 0.12148845 -0.17318653
v -0.07658292 0.11878987 -0.18075903
v 0.16917987 -0.11941753 -0.17316452
v -0.12636028 0.02020372 -0.31477914
v 0.23440613 0.00288056 -0.21937114
v 0.19221385 -0.11351985 -0.20476193
v -0.14259192 0.04196489 -0.26319563
v 0.24468245 -0.04793383 -0.26409608
v 0.05838864 -0.18327808 -0.22537640
v 0.24920221 -0.02580171 -0.23190594
v -0.03107697 0.13072076 -0.24023745
v -0.11274234 0.08779463 -0.24755183
v 0.17399442 -0.10276500 -0.26654911
v 0.19214294 -0.06174877 -0.26849289
v 0.18188478 -0.11158795 -0.16476526
v 0.01306362 0.14328281 -0.29976895
v 0.07366813 -0.18128645 -0.27058895
v 0.19826731 -0.11180975 -0.21275812
v 0.16209043 -0.12412276 -0.18127178
v 0.21432780 -0.10733470 -0.23296043
v 0.22305295 -0.03193970 -0.26898748
v 0.17639332 -0.11289323 -0.15818437
v 0.02928269 0.15157903 -0.27750585
v 0.09376881 -0.17222320 -0.25578449
v -0.12479513 0.01260850 -0.30606692
v 0.23740928 -0.04737498 -0.26782785
v 0.05176864 -0.13632818 -0.28013143
v 0.05942846 -0.11326627 -0.27925018
v -0.11272208 0.01227075 -0.32001528
v 0.13380600 -0.14485948 -0.23197789
v -0.14250704 0.03513357 -0.22531178
v 0.06691086 -0.12027747 -0.27798891
v 0.21476965 -0.07716588 -0.26434932
v -0.00693122 0.13310463 -0.30629151
v -0.13697611 0.07474568 -0.25729480
v 0.12557054 -0.15181690 -0.24789588
v 0.16857212 -0.08449388 -0.27049744
v 0.04160268 -0.19266373 -0.22619093
v 0.20724465 -0.06997339 -0.26512578
v 0.20127571 -0.06388674 -0.26663888
v 0.10217366 -0.16743589 -0.25528885
v -0.03786917 0.13242457 -0.21956464
v -0.12801973 0.07911803 -0.25591337
v 0.19915310 -0.05400756 -0.26874367
v 0.16344880 -0.09406186 -0.26735981
v 0.16865804 -0.01829801 -0.27515690
v 0.06506349 -0.17841987 -0.21924085
v 0.15823047 0.11201129 -0.02985063
v -0.07761261 -0.10947198 -0.01863787
v 0.15391016 0.12335712 -0.01854321
v 0.15541908 0.11686426 -0.01165950
v 0.16796960 0.09350160 0.02706333
v -0.10253028 -0.06142114 0.02608219
v 0.10859632 0.15338030 0.02819397
v 0.10200566 0.14649239 0.02740039
v -0.05332435 -0.15921127 0.02633647
v 0.17816489 0.07131779 0.02661555
v -0.05025972 -0.16349665 0.03100537
v 0.09547157 0.22750669 0.02527254
v 0.08681209 0.21820313 0.02667912
v 0.11260228 0.14617594 0.03004169
v -0.10196793 -0.05184164 0.03235640
v 0.08856376 0.22680288 0.03289290
v -0.09842618 -0.06157552 0.03391701
v 0.09560884 0.21977456 0.03388976
v 0.12415838 0.13103861 0.03455201
v 0.11916325 0.13763661 0.03257785
v 0.17537899 0.07813933 0.03506301
v 0.17207231 0.08629166 0.03420936
v -0.08413552 -0.05713680 0.03751360
v 0.12124185 0.14631530 0.03891109
v 0.13019823 0.15753086 0.04045284
v -0.09433640 -0.06761886 0.04022755
v 0.12902987 0.15655635 0.04336273
v 0.17285505 0.07968387 0.04359606
v -0.08939680 -0.06105299 0.04341303
v -0.03130785 -0.11849821 0.04451712
v -0.02639899 -0.11440773 0.04371342
v -0.02639899 -0.12258904 0.04545181
v -0.04938861 -0.15000061 0.04510951
v -0.05422027 -0.14386751 0.04277174
v 0.12001795 0.15510088 0.04510637
v -0.08632833 -0.06284797 0.04583707
v 0.12686046 0.14524369 0.04548045
v 0.17248132 0.07279282 0.05025833
v -0.04376301 -0.12635469 0.05149724
v -0.03461034 -0.13488459 0.05042074
v 0.15903942 0.07700031 0.05156989
v -0.05981268 -0.13401347 0.05469984
v -0.04817554 -0.15133488 0.05317032
v -0.02893864 -0.16912329 0.05605262
v -0.06160346 -0.12688246 0.06049868
v -0.03535956 -0.14212038 0.05954268
v -0.05340085 -0.13638896 0.06177427
v -0.02286632 -0.16689834 0.06252418
v -0.03320447 -0.15521055 0.06693705
v -0.04638789 -0.14345640 0.06322485
v -0.03537213 -0.15984662 0.06700586
v -0.03794462 -0.15153712 0.06541347
v -0.02958971 -0.15467789 0.06737436
v 0.01947441 -0.15104218 -0.28205494
v 0.05541657 0.16430106 -0.28149085
v 0.04475359 0.15838730 -0.29294007
v -0.10059105 -0.02645592 -0.27999521
v 0.14429888 0.17973912 -0.27285162
v -0.00948834 -0.12607002 -0.28906719
v -0.07922631 -0.01277965 -0.31109034
v 0.04321499 0.15106733 -0.31161741
v 0.22506658 0.02238256 -0.27359525
v -0.08736291 -0.05204073 -0.27105070
v -0.00137723 -0.11859077 -0.28910247
v 0.23333382 0.01045935 -0.24966466
v 0.04899741 0.15546798 -0.31090417
v 0.08668670 0.16097202 -0.30964534
v -0.09367590 -0.04308854 -0.28465083
v 0.22636418 0.02533018 -0.25626266
v -0.01487013 -0.19476258 -0.23236735
v -0.10598995 0.00232589 -0.31817489
v -0.04333724 -0.14394680 -0.22703201
v 0.08496262 0.19276467 -0.22191114
v 0.09137131 0.19531341 -0.22548922
v -0.08604157 -0.05639213 -0.26468358
v 0.18913036 0.08460845 -0.21958630
v -0.04143817 -0.14612599 -0.22034844
v 0.17962700 0.10123234 -0.21958490
v 0.20074375 0.02957330 -0.28221841
v 0.02808010 -0.16650959 -0.27863090
v 0.18618833 0.09442651 -0.26246806
v 0.16010439 0.13701698 -0.21212870
v 0.20749473 0.01316142 -0.27860051
v 0.06716304 0.13723703 -0.30838093
v 0.16241142 0.04553249 -0.28917023
v -0.05064673 -0.12779130 -0.21898343
v 0.13968237 0.19887053 -0.29276822
v 0.16428184 0.12945495 -0.20477834
v 0.03557716 -0.16001043 -0.27925297
v 0.22323319 0.02808255 -0.24763356
v -0.09443699 -0.04437042 -0.29881365
v 0.06857695 0.17312400 -0.30046682
v -0.11028267 -0.00943071 -0.27940107
v 0.00039469 -0.12799668 -0.28743009
v -0.07339255 -0.09272095 -0.18867070
v -0.09024347 -0.00991237 -0.31660940
v -0.01740454 -0.18843074 -0.24022627
v 0.14470964 0.17437689 -0.26527108
v 0.06622521 0.16874536 -0.27853449
v -0.03538960 -0.15731640 -0.23183329
v 0.16861333 0.12211367 -0.21900753
v -0.04373472 -0.13757374 -0.26290083
v 0.11779196 0.18808984 -0.31018150
v 0.15686058 0.14555631 -0.23952001
v -0.11743010 -0.00225534 -0.29289920
v 0.09447297 0.19799871 -0.21991707
v -0.09045374 -0.04707459 -0.27900743
v 0.00534511 -0.13505399 -0.28567983
v 0.18358231 0.04240220 -0.28351111
v 0.13313676 0.20375040 -0.27915308
v 0.17542684 0.10953206 -0.22618185
v 0.07417285 0.17381419 -0.30546300
v -0.03392504 -0.16028323 -0.22629956
v 0.05969287 0.16537581 -0.28677693
v -0.03833931 -0.15202926 -0.22638444
v -0.08161403 -0.06222415 -0.27103988
v 0.17568007 0.04760480 -0.28562743
v 0.05115040 0.14459472 -0.31233275
v 0.14211235 0.17600351 -0.25529339
v -0.00111806 -0.21791077 -0.25572616
v -0.08396332 -0.01850339 -0.31268308
v 0.13337044 0.20081745 -0.30222792
v 0.19341434 0.07905830 -0.23937646
v -0.07664998 -0.08484282 -0.19658585
v -0.04733551 -0.13020591 -0.27121103
v 0.19853871 0.07058639 -0.23953608
v -0.09699446 -0.03832569 -0.29283249
v -0.01779854 -0.13459922 -0.28980523
v 0.22865165 0.01928125 -0.26267694
v -0.06511204 -0.10391904 -0.21249266
v 0.12500016 0.19299031 -0.31498662
v 0.21575813 0.02024842 -0.27928476
v -0.03112377 -0.16741319 -0.22000369
v 0.16920677 0.05502118 -0.28745000
v 0.14892900 0.16130838 -0.24783266
v 0.17168076 0.11664106 -0.22548433
v 0.01248416 -0.14377774 -0.28388659
v -0.00615441 -0.21008818 -0.25548550
v 0.22071414 0.03348285 -0.25562766
v 0.19166163 0.02818174 -0.28036824
v 0.02761171 -0.20198441 -0.24035061
v -0.05854931 -0.11304622 -0.24009144
v -0.05479834 -0.12093378 -0.23947985
v 0.00616663 -0.21644028 -0.24746416
v 0.02032911 -0.20203436 -0.22019405
v 0.14142531 0.19166931 -0.29942944
v 0.01196023 -0.20612623 -0.22626917
v -0.08166642 -0.06989096 -0.24747464
v 0.13929606 0.18277441 -0.24823678
v -0.10293545 -0.02431760 -0.28653627
v -0.09854040 -0.03228096 -0.28645489
v 0.05012420 0.16339221 -0.29838054
v 0.05873199 0.12975324 -0.30835089
v 0.23034464 0.01215443 -0.27135493
v -0.01035526 -0.20274515 -0.24800416
v 0.08236918 0.18711114 -0.23950360
v 0.09426305 0.16861333 -0.30880636
v -0.09766823 -0.00243766 -0.31814451
v -0.06868767 -0.10005105 -0.20465470
v 0.12544166 0.19885132 -0.30639420
v -0.12123766 0.00374050 -0.29896035
v 0.14546933 0.16901711 -0.25570031
v 0.15258009 0.15317632 -0.23215778
v 0.19271158 0.03717968 -0.28204761
v -0.11202910 0.12886710 -0.01810905
v -0.11784575 0.12821359 -0.01200983
v -0.08319245 0.14780466 -0.00452883
v 0.13876655 -0.10382054 -0.00521029
v 0.15664507 -0.09432801 -0.00397731
v -0.10424632 0.13681125 -0.00427316
v 0.13357721 -0.10528370 0.00319631
v 0.14114134 -0.10131267 0.00300455
v -0.09760501 0.14072185 0.00348901
v -0.08887881 0.14429189 0.00393680
v -0.09065807 0.13921992 0.00816350
v -0.10570529 0.13184371 0.00406568
v -0.05012106 0.09831231 0.01353411
v -0.07548826 0.12471654 0.00827632
v -0.05912494 0.10649397 0.01171818
v -0.06730660 0.11467528 0.01000109
v 0.14873026 -0.09684776 0.01090399
v -0.02639899 0.08194934 0.01818659
v -0.04276196 0.09013065 0.01524770
v 0.17497172 -0.08105307 0.02380799
v 0.21458243 -0.06026850 0.02669344
v -0.01013347 0.06564714 0.02180624
v -0.01839023 0.05749657 0.02181322
v 0.23156748 -0.05067328 0.02795471
v 0.19284256 -0.07120672 0.02677796
v -0.15694056 0.04220171 0.02632320
v -0.16272648 0.05000544 0.02863581
v -0.15686197 0.04855940 0.03110701
v 0.21677769 -0.05728804 0.03340042
v 0.19735533 -0.06663352 0.03336654
v 0.20703682 -0.06169218 0.03458729
v 0.23578650 -0.03329353 0.03465121
v 0.23164293 -0.02943533 0.04242036
v 0.23813615 -0.04066730 0.04133199
v 0.16214841 -0.08281627 0.04173262
v 0.20002806 -0.06297022 0.04137774
v 0.23449100 -0.04501660 0.04721430
v 0.22861148 -0.02488484 0.04829604
v 0.19357397 -0.06531078 0.04790519
v 0.22611933 -0.01999449 0.05619548
v 0.22148327 -0.01060919 0.05672954
v 0.17021201 -0.07584628 0.05636279
v 0.16279354 -0.07637684 0.06188918
v 0.22296738 -0.01865743 0.06234779
v 0.16931051 -0.07159303 0.06371105
v 0.17380546 -0.06669570 0.06728634
v 0.16971917 -0.06255387 0.06865135
v 0.01104685 0.14151612 -0.29745214
v 0.02682966 0.14813543 -0.29306721
v 0.03542033 0.15315571 -0.29281084
v 0.20715523 -0.05382418 -0.26945936
v 0.11200849 -0.16186479 -0.26577859
v -0.11219431 0.08365700 -0.27095535
v 0.24910406 -0.02063683 -0.26114078
v -0.11692643 0.08303003 -0.26175901
v 0.08749459 -0.17288090 -0.26865146
v 0.00605137 0.13014863 -0.31481756
v 0.12189152 -0.15567999 -0.25125775
v -0.14653919 0.04527507 -0.24560037
v -0.12907562 0.02591209 -0.31534917
v 0.26145025 -0.04496491 -0.23902647
v -0.03642977 0.12826319 -0.23961292
v -0.13089261 0.07441316 -0.27360747
v 0.24908030 -0.02628897 -0.22626778
v -0.02882093 0.13527195 -0.22622586
v -0.10510591 0.04213360 -0.32222591
v -0.09670176 0.04868445 -0.32159160
v -0.12004764 0.02775107 -0.32173411
v -0.11302002 0.03542313 -0.32188326
v -0.03255200 0.13448990 -0.22021711
v 0.20781992 -0.10824843 -0.21879132
v -0.12500365 0.02244892 -0.31915324
v 0.24545263 -0.03257715 -0.26817504
v -0.13201696 0.02969904 -0.30656989
v -0.14781269 0.04933796 -0.25573629
v 0.04553564 -0.19163613 -0.23939043
v 0.18244224 -0.00805522 -0.27476221
v 0.23714592 -0.02417858 -0.27146566
v 0.14102607 -0.13670087 -0.26793717
v 0.23217629 0.00671466 -0.21964812
v 0.00589454 0.13953532 -0.30732923
v -0.08174221 0.04245319 -0.31794052
v -0.08115192 0.10178002 -0.25531086
v 0.14997546 -0.13891674 -0.24569817
v 0.11754257 -0.16009601 -0.25539119
v 0.17606499 -0.01871681 -0.27493301
v 0.23521961 0.00537969 -0.23949277
v 0.01455472 0.14382385 -0.27852297
v 0.19173882 -0.11297077 -0.19699661
v 0.10179329 -0.15892835 -0.26991448
v 0.04159710 -0.19993480 -0.25719874
v 0.16464405 -0.10669272 -0.26543105
v 0.10242445 -0.16793292 -0.26420925
v 0.26284180 -0.04818881 -0.21802394
v -0.08192035 0.06292132 -0.32215465
v 0.13871555 -0.14066596 -0.21816890
v -0.10568049 0.09546459 -0.22621469
v 0.08481523 -0.17802727 -0.26390293
v 0.23085564 -0.04630057 -0.26829834
v 0.21649722 -0.10271436 -0.21805713
v -0.13547348 0.03518247 -0.31450879
v 0.18367557 -0.09305033 -0.26886173
v 0.21498341 -0.10536892 -0.22589090
v -0.00233497 0.13409660 -0.31082663
v -0.06328947 0.12650907 -0.18057042
v 0.22189787 -0.03857997 -0.26885964
v 0.02845034 0.15156401 -0.29902323
v 0.13361668 -0.14420247 -0.22546058
v -0.15402438 0.06318049 -0.24786793
v 0.06084447 -0.18249184 -0.23224964
v 0.02048070 0.14444208 -0.28658447
v -0.08946002 0.05537606 -0.32199153
v 0.15754762 -0.13923459 -0.25360704
v 0.06674879 -0.18042651 -0.23943164
v 0.09421939 -0.17264828 -0.26382085
v 0.17865668 -0.11669939 -0.18078628
v 0.25728397 -0.04023418 -0.23326781
v 0.20963027 -0.06442429 -0.26668324
v 0.12432674 -0.15014452 -0.26797664
v 0.19195573 -0.06967370 -0.26841779
v -0.14933313 0.06362653 -0.27101927
v -0.15058078 0.05586925 -0.26306534
v 0.14885181 -0.11287297 -0.26866089
v 0.04186185 -0.11250622 -0.28206018
v -0.07380889 0.12197290 -0.16572824
v 0.16770135 -0.11880768 -0.16603596
v -0.08945234 0.09943177 -0.24781903
v 0.05158910 -0.18821942 -0.23168729
v -0.14341519 0.04178501 -0.25538980
v 0.16231921 -0.00298185 -0.27761413
v 0.21492648 -0.06017943 -0.26747507
v 0.15841699 -0.11282652 -0.26665320
v -0.02234938 0.13986994 -0.21961983
v 0.17691759 -0.08464582 -0.27119391
v 0.16259480 -0.11968998 -0.15927589
v 0.17058749 -0.11603401 -0.15894267
v 0.05814938 -0.13587586 -0.27758549
v 0.18408772 -0.11235917 -0.17363850
v 0.06678581 -0.12818006 -0.27678178
v -0.13655767 0.04043956 -0.29269976
v -0.12304277 0.01035980 -0.30798938
v -0.13616018 0.07374358 -0.26334198
v 0.07322629 -0.17935316 -0.24839955
v 0.08152286 -0.17450089 -0.24754694
v 0.08052495 -0.17909748 -0.25548899
v 0.16810617 0.00460184 -0.27877166
v 0.05115285 -0.11273466 -0.28044089
v 0.16187701 -0.09791238 -0.26699166
v -0.14131214 0.03393692 -0.23251160
v 0.23860663 -0.00282292 -0.23194366
v 0.25222562 -0.03245455 -0.22001557
v 0.24459024 -0.01712407 -0.22537570
v 0.24152736 -0.01210798 -0.21961459
v -0.12161279 0.08189904 -0.25618756
v 0.13272740 -0.12835016 -0.27025888
v -0.06834607 0.12559849 -0.15878095
v 0.04160862 -0.19263229 -0.23191921
v 0.19912935 -0.07000203 -0.26576043
v 0.11720027 -0.14324962 -0.27104861
v -0.12758138 0.07802232 -0.26323929
v 0.16777365 -0.10111498 -0.26611181
v -0.13861950 0.03006893 -0.23940056
v 0.15440161 -0.12120518 -0.26751768
v 0.15739114 0.11742032 -0.03225930
v -0.07768282 -0.10977202 -0.02419954
v 0.15480433 0.12311367 -0.02538047
v 0.15773170 0.11204447 -0.01236191
v -0.09689491 -0.07763986 0.02644649
v -0.10131512 -0.06772958 0.02476888
v 0.12984685 0.16517741 0.02579717
v 0.10450549 0.13921992 0.02862289
v -0.05566666 -0.15374355 0.02666340
v -0.06097859 -0.14295553 0.02653242
v 0.09373807 0.23425943 0.02738293
v 0.08959275 0.23370546 0.03168438
v -0.13969809 0.00511703 0.03265504
v -0.08108905 -0.05451332 0.03336828
v 0.11191907 0.13751541 0.03018105
v -0.05656118 -0.14600898 0.03688209
v 0.13077804 0.15969154 0.03316465
v -0.09646040 -0.07011066 0.03465889
v 0.09570560 0.21768164 0.03837983
v 0.11916640 0.14502434 0.03426874
v 0.12870294 0.13036623 0.03847693
v -0.09171711 -0.07094405 0.04127925
v -0.08394411 -0.07903211 0.04389959
v -0.09560325 -0.06142743 0.03947973
v -0.03696662 -0.11849821 0.04454122
v -0.04276196 -0.11440773 0.04410566
v 0.16356511 0.09528610 0.04281505
v 0.17461371 0.07782183 0.04177803
v 0.16959692 0.08645337 0.04200471
v -0.08405763 -0.06973029 0.04702150
v -0.09733850 -0.05714204 0.05042179
v -0.08951940 -0.07441106 0.05005714
v 0.16511524 0.08717640 0.04981299
v 0.17612367 0.07003591 0.04805957
v -0.04519508 -0.12100748 0.04869143
v -0.03048982 -0.13645847 0.04996562
v -0.02639899 -0.12897678 0.04695933
v -0.04053946 -0.16870275 0.05587274
v -0.04629743 -0.16011662 0.05514169
v -0.06011691 -0.12145876 0.06053046
v -0.05351716 -0.12060650 0.05631004
v -0.02503538 -0.14628980 0.05977810
v -0.03091315 -0.14274980 0.05720317
v -0.04261945 -0.16349700 0.06257972
v -0.03048982 -0.15122451 0.06551406
v -0.03832185 -0.15927204 0.06554515
v -0.03091735 -0.15979737 0.06852036
v -0.02333401 -0.16728186 0.06975788
v 0.00479499 0.13551435 -0.31204528
v -0.09657462 0.04157439 -0.32014836
v -0.13064287 0.02616392 -0.30670366
v 0.10149325 -0.16512083 -0.26768988
v 0.24502126 -0.02530468 -0.26823372
v 0.17056758 -0.10664347 -0.26511181
v 0.03076087 0.15061081 -0.29382900
v -0.08744954 0.04168302 -0.31861255
v 0.01238601 0.14060449 -0.29262222
v -0.15346028 0.06083189 -0.25389171
v 0.18375136 -0.08519420 -0.27011078
v -0.12450173 0.08282744 -0.24450781
v 0.07171458 -0.18543457 -0.26413450
v 0.07227274 -0.14354652 -0.27427391
v 0.22258945 -0.04648395 -0.26926690
v -0.13191811 0.02968227 -0.31396181
v -0.08261892 0.04659188 -0.31843756
v -0.12699807 0.07690042 -0.27047997
v -0.14478648 0.06768732 -0.27049325
v -0.03215836 0.13361284 -0.22675119
v 0.04143852 -0.19354986 -0.24030835
v 0.11726489 -0.15179245 -0.26890819
v 0.03532638 0.15515676 -0.29825375
v 0.20911682 -0.10901546 -0.22467189
v 0.13878855 -0.14129328 -0.22422201
v -0.11969871 0.03401725 -0.32271560
v -0.02880801 0.13618812 -0.22017449
v -0.14135545 0.06808830 -0.27888972
v 0.06085530 -0.18409611 -0.23943898
v -0.03765576 0.12943189 -0.23262023
v 0.08443136 -0.17654281 -0.25387949
v 0.14859369 -0.12008257 -0.26866893
v -0.10398610 0.04823352 -0.32303520
v 0.23803555 -0.03250136 -0.26901332
v 0.24413931 -0.01715515 -0.21904176
v 0.06628668 -0.17926479 -0.23231006
v 0.25801712 -0.03933198 -0.24008970
v 0.19910909 -0.07723853 -0.26546563
v 0.23486055 0.00505765 -0.23215219
v 0.07634890 -0.17640764 -0.24583020
v 0.12517969 -0.15620148 -0.25575445
v 0.26282923 -0.04866873 -0.22623844
v 0.26059310 -0.04539557 -0.23170755
v 0.08853686 -0.17587428 -0.26322322
v 0.23898421 -0.00259065 -0.23929927
v 0.15557905 -0.13730968 -0.24779074
v -0.12115453 0.01216142 -0.31584900
v -0.15065587 0.06441207 -0.26287673
v 0.16213618 -0.10259001 -0.26630916
v 0.13312140 -0.14387275 -0.22019091
v -0.08171672 0.05605786 -0.32083470
v -0.10578562 0.09567416 -0.22024225
v 0.16319417 0.00406254 -0.27955476
v -0.00060357 0.13661774 -0.30648780
v 0.23046793 -0.03900086 -0.26766473
v 0.24885536 -0.02626032 -0.21997750
v -0.13480355 0.07296781 -0.27086034
v 0.02126694 0.14720668 -0.27812269
v 0.03846785 0.15746624 -0.30436834
v -0.06373585 0.12701519 -0.17284004
v -0.14784587 0.04803652 -0.24768386
v 0.17677648 -0.11589324 -0.17333881
v 0.17543418 -0.11859042 -0.18204929
v 0.05058421 -0.18968328 -0.23972295
v 0.11001721 -0.16457070 -0.26244885
v 0.25491442 -0.03664563 -0.23224475
v 0.21390203 -0.10440629 -0.21916576
v 0.21463273 -0.06366669 -0.26640626
v -0.11271335 0.02822540 -0.32032370
v 0.12547938 -0.14381477 -0.26973215
v 0.19157780 -0.07734681 -0.26861968
v -0.14986404 0.05568797 -0.27065811
v -0.14541065 0.04567361 -0.25739539
v -0.14579068 0.04556987 -0.25376317
v 0.04567745 -0.11287088 -0.28142239
v 0.17574364 -0.09335141 -0.26952223
v -0.06734397 0.12543607 -0.16579495
v 0.16637860 -0.11808466 -0.15960177
v 0.17118582 -0.11711749 -0.16503455
v -0.08190498 0.10304792 -0.24763531
v -0.08751346 0.09849254 -0.25582920
v 0.04632537 -0.19076466 -0.23271559
v -0.14396531 0.04114966 -0.24777433
v -0.13697297 0.04045284 -0.29896629
v 0.04356322 -0.12076508 -0.28250098
v 0.16271390 -0.12076857 -0.16582080
v 0.20667636 -0.06163700 -0.26739124
v 0.15515991 -0.11294003 -0.26758754
v -0.07406038 0.12280770 -0.15796187
v 0.16601849 -0.11746817 -0.15579281
v 0.11650554 -0.15711940 -0.24888959
v 0.17664655 -0.01074437 -0.27543948
v 0.18452119 -0.11411748 -0.18151314
v 0.00046071 0.13023385 -0.31396111
v -0.13328696 0.07555322 -0.26190432
v 0.10946045 -0.15971843 -0.26791098
v 0.16842542 -0.00331961 -0.27690962
v 0.24162341 -0.01156135 -0.22619897
v 0.25233041 -0.03248389 -0.22619652
v -0.12329739 0.08221445 -0.25018859
v -0.08934057 0.06323218 -0.32333069
v 0.05841658 -0.12824991 -0.27795922
v -0.11199522 0.08519665 -0.26314253
v 0.06736667 -0.13649864 -0.27556312
v 0.21486151 -0.05411723 -0.26938950
v 0.24010996 -0.00898816 -0.22058979
v 0.14061846 -0.12826004 -0.26900145
v 0.13309939 -0.13611442 -0.26949464
v -0.02368609 0.13819791 -0.22624787
v 0.07436915 -0.18224140 -0.25573629
v -0.13522200 0.03515767 -0.30618847
v 0.12631208 -0.15293985 -0.26581527
v 0.17045861 -0.09866125 -0.26712788
v -0.14127302 0.03524290 -0.23973063
v 0.19132387 -0.11226207 -0.18873741
v 0.05090136 -0.12050241 -0.28031166
v -0.13902362 0.02951671 -0.23236490
v 0.15836146 -0.12031345 -0.26664342
v -0.07795386 -0.10991941 -0.03236548
v 0.15590004 0.12336411 -0.03259427
v 0.15580818 0.11765958 -0.02475211
v 0.15730696 0.11212830 -0.01828649
v 0.10450549 0.13103861 0.02919362
v -0.05765444 -0.14962269 0.02670950
v 0.17355118 0.08040655 0.02640178
v -0.08266747 -0.07672368 0.04525796
v -0.09996408 -0.06952631 0.02737419
v 0.13233341 0.16054484 0.02682721
v 0.08253858 0.22653498 0.02594876
v 0.08815335 0.23572887 0.02667458
v -0.14055838 0.00636992 0.02821458
v 0.09380583 0.23404252 0.03194809
v -0.09517503 -0.07642679 0.03268997
v 0.12200259 0.14274910 0.03673644
v -0.08776040 -0.05304597 0.03688419
v -0.07957874 -0.06122763 0.03632184
v 0.11045836 0.13103861 0.03023100
v -0.05417137 -0.15174983 0.03450555
v -0.05975889 -0.14307219 0.03403123
v -0.04955591 -0.15860700 0.03768964
v 0.16712712 0.09255050 0.03953596
v -0.09518516 -0.05499953 0.03820798
v 0.11606230 0.15426678 0.03457925
v -0.08939750 -0.07669294 0.04050698
v 0.12684334 0.13822690 0.04070258
v -0.07942540 -0.06986267 0.04286360
v -0.03698828 -0.12281573 0.04587654
v -0.03746994 -0.11311712 0.04328799
v 0.17875553 0.07059302 0.04181191
v 0.16214142 0.09446633 0.04840467
v 0.16758259 0.08438176 0.04761179
v -0.08916907 -0.07046798 0.04697400
v -0.04739977 -0.11548109 0.04614374
v -0.09607479 -0.06184412 0.05015494
v -0.05611724 -0.11534941 0.05264709
v -0.02403258 -0.13758980 0.04990974
v -0.03086146 -0.12951991 0.04723386
v -0.06471176 -0.12882274 0.05576097
v 0.16069049 0.09930708 0.05585458
v -0.02342587 -0.14329154 0.05432750
v -0.06137154 -0.12051254 0.05632402
v -0.04351223 -0.16552146 0.05751368
v -0.05647281 -0.12192855 0.05961952
v -0.04593417 -0.15935343 0.06177601
v -0.03120865 -0.14719620 0.06263595
v -0.02389915 -0.14969604 0.06424406
v -0.03800505 -0.16722003 0.06421752
v -0.03094773 -0.16688332 0.06835725
v -0.02358829 -0.15964019 0.07004744
v -0.13296701 0.06962969 -0.29156389
v 0.08058468 -0.16665244 -0.27104581
v 0.26791552 -0.09536958 -0.26080477
v 0.01428472 0.15008793 -0.25359761
v 0.00534022 0.14871908 -0.24191995
v -0.10485652 0.07152282 -0.32310610
v 0.02260086 0.15759198 -0.23888571
v -0.10183590 0.08311700 -0.30638337
v 0.19175698 -0.03829251 -0.27006467
v 0.22226566 -0.10401055 -0.23355841
v 0.18015267 0.06760698 0.02800605
v 0.08720853 -0.14416126 -0.27304757
v 0.23600481 -0.09635946 -0.22694225
v -0.13820559 0.02615065 -0.22217241
v 0.23056294 -0.10048382 -0.23218153
v 0.02778600 0.15296570 -0.27102940
v -0.11332565 0.08154487 -0.27939688
v 0.02570775 0.16348547 -0.22040851
v 0.03569103 0.16920118 -0.21957547
v -0.00752500 0.14660451 -0.22532750
v -0.01526028 0.13909487 -0.23997793
v -0.14672397 0.05269913 -0.28653138
v -0.12795023 0.07089550 -0.29905431
v -0.11934348 0.07747045 -0.28651112
v 0.24536461 -0.07766326 -0.25897626
v -0.14628631 0.06127444 -0.29693136
v -0.14770895 0.05729887 -0.29350417
v 0.03145559 0.16468003 -0.22657899
v -0.08894832 0.08582641 -0.31986474
v -0.00526687 0.14996813 -0.21791881
v 0.25756619 -0.09937554 -0.26026931
v -0.14984378 0.06935970 -0.24761121
v -0.01454355 0.14454862 -0.21971483
v 0.09378732 -0.15170373 -0.27253028
v 0.25166676 -0.10509543 -0.26043278
v 0.25087598 -0.08541390 -0.25638666
v 0.27143911 -0.09639683 -0.24787178
v 0.08868461 -0.16948061 -0.24562657
v 0.00779326 0.15190806 -0.23217908
v 0.07460596 -0.15966255 -0.27265078
v 0.25757877 -0.09255190 -0.25636745
v -0.14469532 0.04805748 -0.27971892
v 0.26593926 -0.09976359 -0.25619106
v -0.09628960 0.08603633 -0.31391326
v -0.13297924 0.01915761 -0.23983228
v 0.23085110 -0.07001426 -0.26396650
v 0.27259594 -0.06276659 -0.23946273
v -0.12899214 0.01125188 -0.23959406
v 0.02066896 0.15495103 -0.24738383
v 0.27694420 -0.07805411 -0.22644591
v 0.23741173 -0.06170965 -0.26321973
v 0.21490448 -0.03072105 -0.27040732
v 0.09614220 -0.16980474 -0.25355779
v -0.09669302 0.07856965 -0.32178790
v 0.19901688 -0.04629813 -0.26980341
v -0.13997472 0.04353388 -0.28632810
v 0.01096966 0.14952978 -0.24921792
v 0.23708165 -0.05390731 -0.26768324
v 0.17633603 -0.11173849 -0.15216758
v -0.00070137 0.14771384 -0.23287451
v 0.27352819 -0.06981062 -0.21959119
v -0.13101590 0.01408633 -0.23193947
v 0.24594861 -0.05259085 -0.26392354
v 0.26812858 -0.05472534 -0.23958079
v 0.22266839 -0.07725355 -0.26413381
v -0.14185842 0.07267197 -0.25505274
v 0.20721426 -0.02551006 -0.27137275
v -0.14189090 0.06517316 -0.29267392
v 0.22999256 -0.10480308 -0.24023745
v -0.07435727 0.12479338 -0.13784932
v 0.16313828 -0.11495401 -0.13687971
v 0.16755395 -0.11112235 -0.13061492
v -0.07808310 -0.10731025 -0.05499149
v 0.15761503 0.12484193 -0.05555070
v 0.08814252 0.15353783 0.02377236
v 0.18570491 0.05589370 0.02677727
v -0.12392471 -0.01582228 0.02403049
v -0.11311677 -0.00236047 0.02493374
v -0.09014672 -0.02645627 0.02693619
v 0.07177955 0.13921992 0.02316496
v -0.08366957 -0.03259217 0.02787717
v 0.09394205 0.14654932 0.02579717
v 0.07996121 0.13103861 0.02522260
v 0.01553656 -0.16094163 0.02651286
v 0.18254912 0.06277497 0.03476333
v 0.03540427 -0.15072398 0.02641436
v -0.12022054 0.00439401 0.02612864
v 0.01046110 -0.16254031 0.03261348
v -0.09532592 -0.03924815 0.03420482
v -0.10483941 -0.04687620 0.03348564
v 0.20222192 0.02105318 0.03425477
v 0.02048244 -0.15722872 0.03420342
v 0.19561519 0.03626840 0.03734420
v 0.02861800 -0.15306874 0.03454363
v -0.12101551 -0.00419073 0.03246747
v 0.09999098 0.21727822 0.03624465
v -0.12788491 -0.01106955 0.03394041
v -0.12786116 -0.00411842 0.03870292
v 0.02331026 -0.15362445 0.04232990
v -0.11451741 -0.01999973 0.04086569
v -0.12044303 -0.01177755 0.03984438
v -0.01003567 -0.11440773 0.04503861
v -0.01821733 -0.11440773 0.04425411
v 0.20489081 0.01904444 0.04250384
v 0.20112482 0.02754534 0.04142769
v -0.10810208 -0.03244791 0.04514968
v 0.16375372 0.05521329 0.04734948
v 0.18790576 0.04939419 0.05007775
v 0.20923138 0.01258615 0.04774033
v 0.19807521 0.03504660 0.04886084
v 0.00631368 -0.12666905 0.05043961
v -0.01584393 -0.12327539 0.04624853
v 0.17916769 0.03555097 0.05503795
v 0.00631683 -0.15375962 0.05769531
v 0.18301297 0.02752998 0.05560309
v -0.00814918 -0.16395876 0.05661113
v -0.03139237 -0.17069123 0.05589824
v 0.18990787 0.03958801 0.06047807
v 0.18468745 0.03655516 0.06157867
v 0.01379607 -0.12935400 0.05529188
v 0.03657717 -0.12097080 0.05670928
v 0.00697139 -0.14705369 0.06488360
v -0.02433821 -0.17163849 0.06571595
v -0.01470736 -0.16678482 0.06224999
v 0.02102558 -0.13130057 0.06512321
v -0.00128782 -0.15937019 0.06992414
v 0.01188129 -0.13465790 0.06540369
v -0.00689699 -0.15204917 0.06929368
v 0.01749745 0.14425382 -0.29618284
v -0.08083966 0.04968410 -0.31894053
v 0.02637559 0.14868381 -0.28081987
v 0.10198190 -0.14375434 -0.27242584
v 0.16859272 -0.09271746 -0.26815722
v 0.21460549 -0.06979316 -0.26476217
v -0.08927700 0.04332676 -0.31904461
v 0.14928074 -0.13688949 -0.26581457
v 0.04159395 -0.20084434 -0.26927738
v -0.09678174 0.06301877 -0.32373482
v 0.24853158 -0.02080414 -0.24979250
v 0.03031413 0.14962338 -0.28428233
v 0.07563077 -0.18339963 -0.26316175
v 0.13290100 -0.14576483 -0.23971701
v 0.14888674 -0.12897154 -0.26757077
v 0.15681168 -0.12910531 -0.26629658
v 0.17598780 -0.00348622 -0.27643738
v 0.20730158 -0.07748757 -0.26388896
v 0.05694679 -0.18660223 -0.23964052
v -0.12448636 0.01434515 -0.31275538
v 0.14038479 -0.14122901 -0.23230448
v 0.25473698 -0.03672771 -0.22620700
v 0.18536506 -0.10530151 -0.26736190
v 0.26087043 -0.04578922 -0.22612946
v 0.04541479 -0.19077374 -0.22505017
v 0.04160094 -0.19257221 -0.22213957
v 0.23121610 -0.03156492 -0.26830532
v 0.11006122 -0.15981588 -0.24816832
v 0.14086331 -0.12022857 -0.26947228
v 0.16235868 -0.08537478 -0.26918168
v 0.18383065 0.00486240 -0.27602802
v -0.10423619 0.09385543 -0.23939008
v 0.05190451 -0.12788456 -0.28028372
v 0.12750768 -0.15410996 -0.25364127
v 0.26401260 -0.04948815 -0.23365097
v 0.19713179 -0.11082022 -0.20494635
v 0.02095433 0.14745432 -0.29915735
v 0.16911037 -0.01137867 -0.27533993
v -0.15217177 0.06467438 -0.25606881
v 0.13294116 -0.11287227 -0.27005873
v 0.19150026 -0.11521703 -0.21232151
v 0.24658361 -0.01841468 -0.23966532
v 0.06865554 -0.17630564 -0.22011477
v 0.24525318 -0.04129916 -0.26520262
v 0.07948303 -0.17799968 -0.26967906
v -0.11940461 0.08473105 -0.24701708
v 0.04473962 -0.12826284 -0.28332634
v -0.11261380 0.02037486 -0.32057064
v 0.25732449 -0.04066381 -0.22016995
v 0.17628574 -0.09971504 -0.26778559
v -0.13614516 0.06686720 -0.29893835
v 0.16939957 -0.12111750 -0.18144573
v -0.15172992 0.05518360 -0.24748756
v 0.23558496 -0.03971864 -0.26719285
v 0.24000727 -0.04441059 -0.26609749
v 0.19878495 -0.06110469 -0.26729030
v -0.12766381 0.03489466 -0.32198175
v 0.16333703 -0.01816040 -0.27537171
v -0.07849351 0.11868124 -0.17347154
v -0.06800028 0.12452304 -0.17320853
v -0.07283858 0.12098338 -0.18177441
v -0.14314693 0.03554782 -0.21907250
v 0.17335139 -0.11716988 -0.17114670
v 0.25228046 -0.03195123 -0.23215254
v 0.22332260 -0.02410419 -0.27065357
v 0.23467158 0.00381350 -0.22498800
v -0.12059777 0.07984594 -0.27142723
v -0.14504949 0.04562960 -0.26099967
v 0.05940122 -0.18190155 -0.21947173
v 0.25006459 -0.02510000 -0.23959057
v 0.17584773 -0.10669761 -0.26556518
v -0.03001270 0.13315598 -0.23244838
v -0.02514785 0.13391707 -0.23964226
v 0.17627700 -0.11455443 -0.16529547
v 0.07477397 -0.17438772 -0.27177128
v -0.12809867 0.02005876 -0.30632539
v 0.16279214 -0.12220308 -0.17399687
v 0.18169267 -0.11070705 -0.15972297
v -0.14156642 0.04174380 -0.27111462
v 0.21546263 -0.10918731 -0.23891924
v -0.11252858 0.08650716 -0.25525323
v -0.04560515 0.12902288 -0.21872740
v -0.10459281 0.05527441 -0.32399608
v 0.03554992 0.15443793 -0.27921490
v 0.20937249 -0.10986143 -0.23175575
v 0.11878568 -0.15428320 -0.24627589
v 0.08834336 -0.17490431 -0.25495424
v 0.06621438 -0.11236092 -0.27842202
v -0.00738669 0.13001520 -0.31254895
v -0.03819017 0.13112663 -0.22567364
v -0.14706487 0.05032259 -0.27101089
v 0.11731728 -0.15609669 -0.26728925
v 0.10970565 -0.15127935 -0.27043701
v -0.08040235 0.09939894 -0.27091588
v 0.10242620 -0.16387912 -0.24896085
v 0.01262527 0.14066561 -0.28662499
v -0.11739133 0.01278629 -0.31908059
v -0.13969844 0.02945873 -0.22516648
v 0.24194545 -0.01102240 -0.23197021
v -0.12815176 0.08059097 -0.24768316
v 0.05798068 -0.12028621 -0.27876118
v -0.01433258 0.12927716 -0.30682242
v -0.13379377 0.07684558 -0.25440830
v 0.23772888 -0.00352254 -0.21939943
v -0.02248385 0.13731492 -0.23221995
v 0.05138268 -0.18687886 -0.21979482
v 0.10967946 -0.16404573 -0.25559937
v 0.12520345 -0.15646204 -0.26182293
v 0.19152645 -0.05374524 -0.26913348
v 0.06475297 -0.17928645 -0.22512736
v 0.15567196 0.11620411 -0.01859106
v 0.15721615 0.11211921 -0.02383663
v -0.07763846 -0.10982930 -0.01264588
v 0.15315571 0.12469803 -0.01237448
v 0.16573033 0.09634025 0.02480869
v 0.08213027 0.23510330 0.02486493
v -0.10016667 -0.06390456 0.02967913
v 0.10259141 0.15354062 0.02658062
v 0.10839723 0.14558355 0.02898300
v 0.17526163 0.07657663 0.02639375
v 0.17155257 0.08601991 0.02667423
v 0.09614500 0.21948605 0.02617021
v -0.05029570 -0.16425949 0.02720898
v -0.10425366 -0.05379205 0.02672837
v 0.08464757 0.22486295 0.02850518
v 0.11275491 0.15335166 0.02995297
v 0.11916430 0.13103861 0.03226000
v 0.08861056 0.22055067 0.03272595
v 0.09599865 0.22681161 0.03348494
v -0.09898643 -0.05389089 0.03449473
v 0.12369523 0.13561040 0.03529913
v 0.16810128 0.09395044 0.03451673
v -0.05090136 -0.15958500 0.03389221
v -0.05791606 -0.14175922 0.03880596
v 0.17810307 0.07143236 0.03439518
v -0.09149147 -0.07935066 0.03587580
v -0.05161041 -0.15096220 0.04053247
v -0.08953791 -0.05458178 0.03900994
v 0.12368894 0.14422064 0.04154400
v 0.11890862 0.15242395 0.04097397
v 0.12962680 0.15757871 0.04670679
v -0.08193397 -0.06302121 0.04077697
v -0.05091603 -0.14341099 0.04824644
v 0.12536342 0.15259196 0.04732608
v -0.09045584 -0.06311936 0.04881578
v 0.17016451 0.07875547 0.04854438
v -0.09457775 -0.06972016 0.05052274
v 0.16147708 0.07041943 0.05139665
v -0.03697186 -0.12851048 0.04828102
v -0.05337535 -0.13670751 0.05579764
v -0.02182580 -0.16779635 0.05642531
v -0.06301353 -0.13062156 0.05434392
v -0.05921924 -0.13528033 0.05969741
v -0.04757581 -0.14310747 0.05546617
v -0.02857539 -0.16835975 0.06023287
v -0.05389753 -0.12791076 0.06091537
v -0.03908364 -0.14424229 0.06267263
v -0.04617867 -0.15246168 0.06472747
v -0.02350272 -0.15436912 0.06808236
v 0.20381257 0.06841593 -0.27613176
v 0.15974113 0.11212376 -0.29832780
v -0.02783909 -0.16486585 -0.27907030
v -0.02157187 -0.17893996 -0.27117121
v 0.09216908 0.18639301 -0.26269021
v -0.04935088 -0.12660163 -0.27885234
v -0.10735182 -0.01988132 -0.26531963
v -0.00237479 -0.19764593 -0.28014330
v 0.21092542 0.04749268 -0.24750817
v 0.08846980 0.18213801 -0.27116597
v 0.07229614 0.17869790 -0.24972124
v 0.07593639 0.17958858 -0.25393362
v 0.01243386 -0.21072912 -0.27632526
v -0.10025189 -0.04159779 -0.23256260
v -0.12199072 -0.00353756 -0.23180290
v -0.11440354 -0.01871192 -0.22624926
v -0.12442035 0.00012085 -0.22783013
v 0.20881643 0.05678403 -0.26292214
v 0.21179828 0.05401210 -0.27077826
v 0.05439387 0.18047472 -0.21648604
v -0.02504306 -0.17345687 -0.26312717
v -0.11658168 -0.01573077 -0.21974662
v -0.12760548 0.00528120 -0.22013013
v 0.21063446 0.05064394 -0.25582850
v 0.20741021 0.06328807 -0.27137310
v -0.02898580 -0.15119342 -0.29030401
v -0.02901025 -0.15898458 -0.28570113
v 0.09836959 0.18785756 -0.28561905
v -0.03536410 -0.15007641 -0.28520654
v 0.13125237 0.19824216 -0.23934956
v -0.05384619 -0.11400291 -0.29353211
v 0.16230629 0.10108389 -0.29172910
v 0.11389009 0.20346084 -0.25736535
v 0.04394290 0.17340588 -0.21937707
v -0.02231759 -0.14340506 -0.29131834
v 0.06626538 0.17777369 -0.24040231
v 0.21461352 0.04247101 -0.25614740
v -0.10219462 -0.03625338 -0.23912288
v 0.05920667 0.17628329 -0.23224510
v 0.04344237 0.16667340 -0.23951443
v -0.01542305 -0.17447888 -0.28646397
v 0.14888360 0.15296779 -0.30085243
v 0.18230707 0.10694001 -0.27891242
v 0.16991582 0.10999137 -0.29248984
v 0.08087738 0.18367836 -0.24795980
v 0.06757101 0.18092110 -0.23224580
v -0.03933477 -0.14453045 -0.27914120
v 0.12537704 0.20575040 -0.27117365
v 0.00703985 -0.18860643 -0.28116287
v 0.11051425 0.19927849 -0.26293401
v 0.20230994 0.06394857 -0.24731117
v 0.15359860 0.14487869 -0.29842769
v 0.15715782 0.15296744 -0.29361070
v -0.09640417 -0.04602429 -0.23965414
v 0.19282370 0.08693958 -0.27891696
v -0.02277760 -0.16672614 -0.28606124
v 0.05090974 0.17421412 -0.22635545
v 0.04917659 0.17131121 -0.23234255
v -0.00749741 -0.18123406 -0.28596764
v -0.11913461 -0.01005872 -0.22619338
v 0.10800428 0.19390439 -0.27314327
v 0.15952772 0.13610814 -0.15527866
v 0.17421901 0.11634731 -0.28898476
v 0.17857286 0.10964488 -0.28689848
v 0.10902070 0.15397199 -0.30552867
v 0.14078681 0.12911125 -0.30299809
v -0.07372262 -0.09910030 -0.15159370
v 0.13482276 0.19065149 -0.23159228
v -0.10644437 -0.03363618 -0.21967467
v 0.02054252 -0.20292049 -0.27829314
v 0.13208053 0.17659870 -0.30575850
v 0.13336240 0.13771415 -0.30258384
v 0.18338147 0.10171715 -0.28456456
v 0.11689080 0.20496835 -0.26365074
v 0.10128263 0.19221909 -0.26389035
v -0.07106665 -0.10233922 -0.14563909
v -0.00084283 -0.18873531 -0.28328897
v 0.15995315 0.12988038 -0.14583119
v 0.10186105 0.14513751 -0.30554508
v -0.01785337 -0.18220508 -0.27998473
v 0.17257807 0.12424221 -0.27822538
v 0.21632188 0.03769837 -0.23189476
v -0.06829368 -0.10616599 -0.15266391
v -0.07791998 -0.09438949 -0.13033375
v -0.09677860 0.12943224 -0.06334046
v -0.10259455 0.12747450 -0.05593386
v -0.08722634 0.13624855 -0.04745636
v 0.15365030 -0.10466581 -0.04722024
v -0.09369196 0.13378155 -0.04186151
v -0.08232657 0.14010326 -0.04021602
v 0.15607748 -0.10158477 -0.03990166
v 0.14821192 -0.10577200 -0.04047973
v -0.01821733 0.12285695 0.01433677
v -0.01821733 0.11467528 0.01522395
v -0.05094362 0.04922304 0.01937451
v -0.07548826 0.05740471 0.01559105
v -0.07548826 0.06558602 0.01457638
v -0.06730660 0.06558602 0.01546077
v -0.00185436 0.09831231 0.01909997
v -0.05912494 0.04104173 0.01950514
v 0.00632730 0.10649397 0.01908775
v -0.01003567 0.12285695 0.01526377
v -0.13115317 0.02236509 0.02810839
v 0.01462144 0.09006743 0.02179261
v 0.05612422 -0.14032401 0.02676714
v 0.07344983 -0.13110113 0.02652718
v 0.21582449 -0.00194133 0.02657643
v 0.21022859 0.00715232 0.02692711
v 0.09491935 -0.12095404 0.02617161
v -0.12813465 0.01182820 0.02652019
v -0.13460761 0.01189456 0.03329004
v 0.09877686 -0.11708081 0.03366727
v 0.21195546 0.00389558 0.03457192
v 0.07928639 -0.12701659 0.03496556
v 0.08766470 -0.12272038 0.03507035
v 0.04305990 -0.14356782 0.04093904
v 0.08140341 -0.12368126 0.04241862
v 0.07636217 -0.12512032 0.04814096
v 0.16995808 -0.01622920 0.05358213
v 0.17813939 0.00831544 0.05265757
v 0.05111233 -0.13444938 0.05518919
v 0.05618360 -0.11047687 0.05545185
v 0.06636492 -0.12426981 0.05872500
v 0.04123174 -0.13398343 0.05983538
v 0.05059748 -0.12784963 0.06242813
v 0.18497561 -0.00122983 0.05482803
v 0.05848679 -0.12119016 0.06382352
v 0.06659999 -0.11291419 0.06294053
v 0.19188203 -0.04433549 0.06447948
v 0.19861660 -0.03929705 0.06465622
v 0.20679023 -0.03266168 0.06677254
v 0.21471900 -0.04598202 0.06961013
v 0.20673679 -0.03868790 0.06994510
v 0.10673708 0.14431809 -0.30300648
v 0.16223573 0.09456588 -0.28997778
v 0.18173668 0.07061363 -0.28966587
v -0.10163192 -0.02870148 -0.26904790
v 0.15010225 0.17051449 -0.29275495
v -0.08076701 -0.06899714 -0.29857230
v 0.17609258 0.07849840 -0.29074831
v 0.00026371 -0.20250030 -0.27899695
v 0.06622451 0.17046035 -0.27119182
v -0.08579043 -0.05642880 -0.28480871
v 0.14425626 0.18138495 -0.27909125
v 0.13693629 0.18728648 -0.25125775
v 0.13267361 0.19781115 -0.24780367
v 0.07960074 0.18519915 -0.24136948
v 0.15338519 0.16166954 -0.29350766
v -0.04701591 -0.13050874 -0.27916460
v 0.04270713 0.16323224 -0.25581034
v 0.11054184 0.20345769 -0.23279837
v 0.11678113 0.20766274 -0.22611933
v -0.04439173 -0.11840740 -0.29679374
v -0.03056387 -0.12846088 -0.29485346
v 0.21751818 0.03794951 -0.25508801
v 0.06027967 0.17194412 -0.25385923
v -0.03763131 -0.12064038 -0.29620694
v -0.10055368 -0.03405428 -0.26293611
v -0.11922647 -0.00273246 -0.25564268
v 0.13513014 0.19208042 -0.25562277
v -0.09854913 -0.03988385 -0.25546629
v 0.12512625 0.13745358 -0.30181437
v 0.12617341 0.17609957 -0.30726042
v 0.00500281 -0.21090097 -0.27692569
v -0.10559037 -0.02416985 -0.26289245
v -0.02359004 -0.18139613 -0.21997505
v -0.11077272 -0.02456000 -0.22556117
v -0.03855761 -0.11194632 -0.29692751
v -0.10970426 -0.01716842 -0.26232835
v 0.20217861 0.06399258 -0.23952805
v 0.06685637 0.17631088 -0.24756650
v 0.13332992 0.20373957 -0.27131337
v -0.10109577 -0.02780347 -0.27295955
v 0.05169983 0.16773418 -0.25550611
v 0.20943921 0.04953670 -0.23117943
v 0.21079548 0.04701172 -0.23746168
v 0.04445076 0.16564650 -0.24734016
v 0.11942312 0.20972038 -0.21778922
v 0.02036019 -0.19479122 -0.28094386
v 0.16904470 0.08664688 -0.29054607
v 0.01189107 -0.18837031 -0.28039129
v 0.20514789 0.05648189 -0.22620386
v 0.11732776 0.18401891 -0.30914167
v -0.11098683 -0.01018307 -0.27109786
v 0.05842462 0.16926999 -0.26301574
v -0.09060882 -0.04760655 -0.27152818
v -0.08689452 -0.05192162 -0.27887854
v -0.02779962 -0.17392876 -0.21940711
v 0.22222585 0.01960294 -0.27660853
v 0.14864783 0.16081204 -0.30006235
v 0.11041400 0.16035029 -0.30691533
v 0.15767616 -0.10957362 -0.08508243
v 0.14077633 0.18433956 -0.30119997
v 0.18421521 0.09427073 -0.28565153
v 0.03503542 -0.18188199 -0.27586211
v 0.14781653 0.17563083 -0.28665817
v -0.02244403 -0.13640433 -0.29158135
v 0.11707592 0.12994010 -0.29923280
v 0.09999063 0.20110526 -0.21983499
v -0.12312764 0.00237549 -0.24805271
v 0.02800361 -0.17530005 -0.27744787
v -0.08152286 -0.06219935 -0.27934274
v -0.04353947 -0.13590031 -0.28608639
v 0.12575252 0.20601726 -0.21965650
v 0.11155023 0.15119552 -0.30354333
v 0.22624892 0.01262667 -0.27490717
v 0.07413862 0.18468849 -0.23205963
v 0.10169374 0.16850226 -0.30817346
v -0.09496895 -0.04689785 -0.24754135
v 0.21260792 0.04347136 -0.23210538
v -0.07828534 -0.09486836 -0.12146574
v 0.15764961 0.12724642 -0.10462006
v -0.07363879 -0.10674825 -0.10647232
v -0.07752634 -0.10109297 -0.09990575
v -0.08747259 0.12841547 -0.09100317
v -0.08249877 0.13189925 -0.08589801
v -0.09647856 0.12841128 -0.07050291
v -0.07548826 0.01649710 0.02091800
v 0.00632730 0.09013065 0.02091032
v -0.04276196 0.04922304 0.02024842
v 0.02266688 0.09834969 0.02180309
v -0.02639899 0.05740471 0.02101755
v -0.05912494 0.03286007 0.02048210
v 0.01450862 0.10649397 0.02003257
v -0.01003567 0.07376768 0.02092848
v -0.01821733 0.08194934 0.01911849
v 0.03087194 0.12285695 0.02009544
v -0.06730660 0.01466370 0.02180100
v -0.05259574 0.02588170 0.02188832
v -0.03517898 0.04156461 0.02184012
v 0.03879548 0.11486669 0.02182091
v 0.05926360 -0.13852694 0.02642623
v 0.22895623 -0.05242774 0.02627779
v 0.22243472 -0.05375223 0.03449368
v 0.06570582 -0.13413223 0.03357890
v 0.05055417 -0.13787133 0.04879971
v 0.16177642 -0.00804754 0.05142180
v 0.07390355 -0.12240253 0.05687589
v 0.08110512 -0.11741124 0.05911935
v 0.19240910 -0.00182257 0.05716859
v 0.18401263 -0.03657263 0.05905787
v 0.16199018 -0.03282095 0.05450878
v 0.17002619 -0.02447617 0.05452135
v 0.19424389 0.00831544 0.06090943
v 0.07422350 -0.11373326 0.06427515
v 0.19971161 -0.00287427 0.06355492
v 0.18435283 -0.04749653 0.06349310
v 0.21156950 0.00153336 0.06749137
v 0.20752931 -0.00324172 0.07067930
v -0.03598583 -0.11490162 -0.29637914
v 0.22585946 0.01856417 -0.27449431
v 0.16228079 0.08641740 -0.28955724
v -0.04032325 -0.11834453 -0.29687547
v 0.02064801 -0.18712057 -0.27965360
v 0.00631752 -0.20342277 -0.28006401
v 0.11707348 0.17669056 -0.30832295
v -0.04728905 -0.12903511 -0.28702422
v 0.03622648 -0.17494099 -0.27667420
v 0.04100680 0.16386759 -0.24837300
v 0.21665439 0.03757822 -0.24745683
v 0.11200849 0.20295368 -0.24037227
v 0.21085311 0.04714026 -0.23390211
v 0.04623770 0.16516274 -0.25546629
v 0.14486402 0.18235108 -0.28648353
v 0.12520834 0.18389562 -0.30797017
v -0.09201050 -0.04778573 -0.26338459
v 0.15164505 0.16642401 -0.29268719
v 0.14856994 0.16805133 -0.29825689
v 0.20236408 0.06390910 -0.23165341
v -0.04642073 -0.11300710 -0.29761735
v 0.13264532 0.20341962 -0.26286520
v -0.03092259 -0.13625903 -0.29379792
v 0.11733195 0.13722340 -0.30052445
v -0.09889387 -0.04057194 -0.24792731
v 0.13682871 0.18728648 -0.25552567
v -0.09354387 -0.04304838 -0.27273461
v 0.05106762 0.16869891 -0.24763112
v 0.16837582 0.07142293 -0.28828899
v -0.04647068 -0.12143815 -0.29453386
v -0.12231520 0.00263780 -0.25580370
v 0.17600002 0.07323048 -0.28965819
v 0.14729994 0.17554385 -0.27928651
v -0.08485504 -0.05521573 -0.27890020
v -0.11022329 -0.02646675 -0.21994955
v -0.00015264 -0.20921846 -0.27624493
v -0.10230499 -0.03049820 -0.26281071
v -0.02574233 -0.17714672 -0.22222654
v 0.06038655 0.17322006 -0.24763356
v 0.06587592 0.17410235 -0.25552881
v 0.18183448 0.07877399 -0.29010387
v -0.09940837 -0.03224253 -0.27117959
v 0.20899806 0.05018812 -0.24008865
v -0.08127522 -0.06886860 -0.29217968
v -0.12449719 0.00799305 -0.26064934
v 0.16873908 0.09430531 -0.29059532
v -0.08861825 -0.05320804 -0.28726733
v 0.20489430 0.05587029 -0.22019196
v -0.09496301 -0.04555380 -0.25510373
v -0.10894840 -0.01544785 -0.26826341
v 0.05919270 0.16775060 -0.27109786
v -0.02780347 -0.17305939 -0.22612771
v 0.10997914 0.16824449 -0.30806343
v 0.15238274 0.16075511 -0.29738228
v 0.01222394 -0.19467387 -0.28087855
v -0.10382508 -0.02370740 -0.27093893
v 0.21297607 0.04254541 -0.24030276
v -0.04336273 -0.13696458 -0.27812373
v 0.18490435 0.08697346 -0.28700012
v -0.02282021 -0.12822372 -0.29257681
v 0.12652479 0.20504415 -0.22497926
v 0.10104163 0.20024881 -0.22673861
v 0.11914265 0.20922824 -0.22228383
v 0.11550169 0.20844514 -0.21976792
v -0.11994041 -0.00346142 -0.24796678
v 0.10191310 0.16096433 -0.30802291
v 0.13347697 0.19908778 -0.25545092
v 0.02808918 -0.18270455 -0.27758234
v 0.18749605 0.09648101 -0.28108323
v -0.08357002 -0.06173969 -0.28642660
v 0.13498553 0.19198087 -0.24765697
v 0.11007869 0.14558285 -0.30221989
v 0.22250597 0.01234025 -0.27678457
v 0.07407819 0.18252258 -0.23969116
v -0.11325404 -0.01053899 -0.26309783
v 0.06504218 0.17149005 -0.26527492
v 0.12534700 0.12909937 -0.30037775
v 0.14124857 0.17626268 -0.30232327
v -0.02302000 -0.18160710 -0.22585702
v -0.07710894 -0.10071679 -0.10704829
v 0.15728775 0.12705466 -0.09842373
v -0.07515329 -0.10549746 -0.09873215
v -0.08164860 0.13080179 -0.09156097
v 0.15816516 -0.10954568 -0.09076565
v -0.08912750 0.12916714 -0.08522424
v -0.09481946 0.12821219 -0.07690915
v 0.03087194 0.11467528 0.02096551
v -0.04276196 0.04104173 0.02116180
v -0.01003567 0.08194934 0.02002279
v -0.00185436 0.09013065 0.02002383
v 0.01450862 0.09831231 0.02091276
v -0.03458030 0.04922304 0.02107553
v -0.05912494 0.02467841 0.02141050
v 0.02269028 0.10649397 0.02094455
v -0.05094362 0.03286007 0.02128196
v -0.02639899 0.06558602 0.02009823
v -0.01821733 0.07376768 0.02005178
v 0.03905325 0.12285695 0.02102000
v -0.07548826 0.00896825 0.02180100
v -0.06600935 0.01649710 0.02172241
v 0.06583820 -0.13477107 0.02685446
v 0.22179692 -0.05644976 0.02634276
v 0.22846758 -0.05117171 0.03232846
v 0.05907569 -0.13761495 0.03473958
v 0.06857171 -0.13216366 0.03667741
v 0.05210989 -0.13908125 0.04181016
v 0.04611580 -0.13973686 0.04899042
v 0.16177642 -0.02441086 0.05342006
v 0.08000592 -0.12092714 0.05586226
v 0.07434190 -0.11856248 0.06035302
v 0.19166233 0.00514253 0.05707777
v 0.18443282 -0.04077383 0.06011411
v 0.17701155 -0.04792510 0.06073409
v 0.17655992 -0.03918458 0.05809559
v 0.16995808 -0.03259217 0.05560868
v 0.08022177 -0.11416882 0.06316407
v 0.19804796 0.00442894 0.06508444
v 0.21669491 -0.00923301 0.06482283
v 0.20558240 -0.01847021 0.06487417
v 0.21227994 -0.00354595 0.06900797
v 0.20760895 0.00472583 0.06981761
v -0.08570905 -0.05814764 -0.30340746
v 0.04809660 0.16426717 -0.26584041
v 0.13628872 0.19381113 -0.26904301
v 0.15003554 0.16917114 -0.27825541
v 0.04712908 0.16481136 -0.26025604
v -0.08920365 -0.05435160 -0.29264458
v 0.14484097 0.18328087 -0.29367322
v -0.09276461 -0.04863974 -0.25646001
v 0.21762261 0.03777417 -0.27374614
v 0.05681022 0.17139539 -0.24791579
v 0.13714272 0.18793021 -0.26307966
v -0.11678532 -0.00900039 -0.24738452
v 0.20413496 0.06067961 -0.23402226
v 0.20604485 0.05567295 -0.23935410
v 0.11714299 0.20579860 -0.23944247
v -0.02512584 -0.17564619 -0.23964366
v 0.14307813 0.18589353 -0.28663757
v 0.10809160 0.20066795 -0.24023745
v -0.09471467 -0.04428904 -0.26270243
v -0.09641430 -0.03842349 -0.27060711
v 0.15270408 0.16119207 -0.27883278
v 0.20330541 0.05945012 -0.21955416
v 0.13689997 0.19705913 -0.27288830
v 0.10979821 0.17668672 -0.30840818
v 0.14623462 0.17602657 -0.29785102
v -0.11537490 -0.00629273 -0.26529623
v 0.13468550 0.19808184 -0.26309398
v -0.02257921 -0.18180759 -0.23247109
v 0.10978389 0.13737604 -0.30028904
v -0.11683806 -0.00139365 -0.27004861
v -0.10278386 -0.03193027 -0.25530806
v 0.07243725 0.18623443 -0.22196528
v 0.05216473 0.16529652 -0.27087292
v 0.17546701 0.06915781 -0.28836967
v -0.10703082 -0.02603364 -0.24838767
v -0.02997253 -0.11290930 -0.29493694
v 0.13219893 0.16126402 -0.30223386
v 0.11804729 0.16783023 -0.30735962
v 0.18642339 0.07858712 -0.28769869
v -0.07994724 -0.06815292 -0.28669275
v 0.10186734 0.13020940 -0.30151119
v -0.12440428 0.00628155 -0.25569053
v -0.12171443 0.00418130 -0.26356727
v 0.11091907 0.20604974 -0.21941724
v 0.20899526 0.04834075 -0.21990205
v -0.03874867 -0.13636556 -0.29145596
v 0.17600526 0.09453444 -0.29060894
v 0.01996760 -0.18056832 -0.27910592
v 0.15176031 0.16649038 -0.28669520
v 0.11718176 0.14493213 -0.30101695
v 0.12466555 0.16131886 -0.30446544
v -0.02283383 -0.12005044 -0.29277416
v 0.20093481 0.06512496 -0.22559435
v 0.10150338 0.18462318 -0.30667502
v 0.02724915 -0.18901195 -0.27858549
v -0.08677681 -0.05951404 -0.29898655
v 0.18183413 0.08450227 -0.28962605
v -0.08455291 -0.06326397 -0.29300434
v 0.10241991 0.19955618 -0.23209595
v 0.16231502 0.07818928 -0.28950974
v 0.10390297 0.20174480 -0.22616090
v 0.01323827 -0.17448412 -0.28028686
v 0.13172670 0.20350869 -0.25521096
v -0.04502114 -0.12811788 -0.29185624
v 0.12510739 0.15337681 -0.30139627
v -0.10931620 -0.02400115 -0.23970409
v 0.03460859 -0.19479367 -0.27553832
v 0.21296140 0.04137914 -0.21934354
v -0.11186948 -0.01804408 -0.24778131
v -0.11452789 -0.01093543 -0.25558435
v 0.06706734 0.17294657 -0.26291550
v 0.04360619 0.16091648 -0.27125434
v 0.12586814 0.20574202 -0.23286752
v 0.14042705 0.16859866 -0.30233620
v -0.02762254 -0.17271779 -0.23205893
v 0.15951340 0.12801065 -0.12355587
v -0.07272576 -0.10477095 -0.12101970
v -0.07033385 -0.11015309 -0.11608535
v -0.07651236 -0.10016632 -0.11465433
v -0.08969614 0.13041688 -0.07902512
v -0.07910336 0.13576758 -0.07705760
v -0.08468180 0.13409660 -0.07144703
v 0.15523361 -0.10730711 -0.07119030
v 0.03079684 0.10653763 0.02180694
v -0.01003567 0.09013065 0.01909962
v -0.00185436 0.08194934 0.02091521
v -0.07548826 0.03286007 0.01886840
v -0.06730660 0.02467841 0.02067909
v -0.04276196 0.06558602 0.01828858
v -0.03458030 0.05740471 0.02016215
v 0.01450862 0.12285695 0.01819218
v 0.02269028 0.11467528 0.02006540
v -0.16419033 0.07060595 0.02404620
v -0.05912494 0.01885827 0.02207030
v -0.02752089 0.04922304 0.02180100
v 0.06760209 -0.13060514 0.04271446
v 0.05888183 -0.13556744 0.04219717
v 0.22052483 -0.05136556 0.05015389
v 0.16177642 0.00831544 0.04955766
v 0.16995808 0.00013378 0.05188565
v 0.08486657 -0.11879441 0.05526079
v 0.21501590 0.00425499 0.05533868
v 0.09383273 -0.11262742 0.05488880
v 0.16374010 -0.04682799 0.05725661
v 0.20054989 -0.01854147 0.06090664
v 0.19723657 -0.01043385 0.05942357
v 0.18632105 -0.02441086 0.05739213
v 0.19378528 -0.01867664 0.05850949
v 0.16995808 -0.04077383 0.05714938
v 0.17813939 -0.03259217 0.05703726
v 0.21000435 0.00707512 0.06348611
v 0.21573263 -0.00349495 0.06273515
v 0.08598917 -0.11228058 0.06127129
v 0.20092049 0.00567624 0.06885184
v 0.21479061 -0.01117189 0.06942606
v 0.20972632 -0.01926763 0.07021964
v 0.19519360 0.07479039 -0.22569041
v -0.10389459 0.00503425 -0.31925069
v -0.01444644 -0.13647314 -0.28863233
v 0.00632730 -0.22190800 -0.26621450
v 0.07423013 0.16850925 -0.30852274
v 0.22629293 0.02364697 -0.26386416
v -0.07912257 -0.06780922 -0.26922429
v -0.08670241 -0.05974666 -0.25379321
v 0.08057106 0.16059409 -0.30986365
v -0.09274086 -0.04798483 -0.29861805
v -0.08131958 0.00484878 -0.31236802
v 0.14126673 0.18387326 -0.27040732
v 0.18764904 0.08866680 -0.24777083
v -0.04863066 -0.13019299 -0.24734785
v -0.11669415 -0.00038561 -0.28725615
v 0.00696615 -0.11297426 -0.28690163
v -0.04133339 -0.14657342 -0.24010681
v 0.13918045 0.19111290 -0.27879436
v 0.09204404 0.19411291 -0.23395415
v 0.18138111 0.10002137 -0.23388953
v 0.17555608 0.10975979 -0.23251440
v -0.03384052 -0.16049454 -0.23227514
v 0.16118508 0.06261185 -0.28918840
v 0.19020406 0.08473734 -0.23925386
v -0.11469624 -0.00971502 -0.29879759
v 0.22290625 0.02872034 -0.27165357
v 0.22881232 0.02017927 -0.25550366
v 0.05119197 0.13911618 -0.31177389
v 0.07579109 0.18722640 -0.22483745
v 0.03508188 -0.15368313 -0.28114575
v -0.01910277 -0.18891415 -0.22065127
v 0.19799452 0.06920147 -0.22069458
v 0.17569754 0.05500931 -0.28622995
v 0.17199127 0.11664630 -0.23168973
v 0.19211640 0.07897971 -0.21946090
v 0.23127129 0.01369723 -0.24709147
v 0.14660241 0.16838350 -0.26295602
v 0.05916545 0.16624657 -0.29282900
v 0.04525481 0.15793777 -0.28592782
v 0.02832320 -0.14949485 -0.28232424
v -0.10358373 -0.01781530 -0.31240121
v 0.00065456 -0.12211926 -0.28813390
v -0.03483179 -0.15828566 -0.22511269
v 0.01052537 -0.16677749 -0.28203713
v -0.07733877 -0.08552043 -0.20364247
v 0.05694155 0.14686613 -0.31159226
v 0.15147390 0.15920533 -0.26496860
v -0.08513831 -0.06399747 -0.24776594
v -0.04405152 -0.13690800 -0.25528920
v 0.16348652 0.13035296 -0.19632808
v 0.19197983 0.01932945 -0.27917229
v 0.16957422 0.04820942 -0.28711504
v -0.05414832 -0.12076298 -0.21954962
v 0.15621754 0.14457307 -0.22011477
v 0.05084582 0.16275058 -0.27901162
v 0.15064050 0.16274848 -0.27101089
v 0.09660745 0.19525647 -0.23993252
v 0.14249622 0.17698046 -0.26231124
v 0.06496254 0.17092840 -0.29843258
v -0.05658528 -0.11543079 -0.22618465
v 0.18451245 0.09510343 -0.25570590
v 0.16235868 0.04113359 -0.28699838
v 0.15277219 0.15170722 -0.22618989
v -0.01478944 -0.11314262 -0.29116675
v 0.02275490 -0.20485344 -0.24024513
v 0.16003977 0.13704317 -0.18856591
v -0.00915093 -0.20357890 -0.27124246
v -0.00706639 -0.12891216 -0.28839901
v -0.10029870 -0.03272699 -0.29368056
v -0.10263612 -0.03087892 -0.29874939
v 0.02623098 -0.19987193 -0.22200545
v -0.05900618 -0.11308429 -0.21945881
v -0.10488307 -0.02445626 -0.29184262
v -0.09428470 -0.00552535 -0.31874143
v 0.16900488 0.12312135 -0.23914663
v -0.05073545 -0.12853912 -0.23933350
v 0.03618876 -0.14402609 -0.28432634
v -0.08997487 -0.00326128 -0.31618781
v -0.01512720 -0.19552018 -0.22589544
v 0.11004970 0.19147895 -0.30806553
v -0.00600037 -0.21036726 -0.26276007
v 0.13222967 0.20291106 -0.29801274
v 0.22075780 0.03455166 -0.26312053
v -0.03022401 -0.16671462 -0.23951128
v 0.19940528 0.01291797 -0.27858968
v -0.09572620 -0.03854260 -0.28644965
v -0.09661618 -0.01016525 -0.31699815
v -0.11777729 0.00412436 -0.27887924
v -0.11392886 -0.00331716 -0.27869761
v 0.21466871 0.02798754 -0.27885549
v -0.03934176 -0.15206629 -0.23241206
v 0.18482751 0.06357902 -0.28743289
v -0.06631637 -0.10745591 -0.18859979
v 0.17937412 0.10349745 -0.23954446
v -0.04457021 -0.14371627 -0.23212669
v 0.01313069 -0.21013743 -0.24031638
v 0.20928692 0.03578080 -0.28109790
v 0.08094270 0.19119393 -0.21962157
v 0.08901189 0.18066577 -0.30528836
v 0.09397803 0.17661197 -0.30753077
v -0.00754911 -0.12015278 -0.28959846
v 0.02058688 -0.16716520 -0.27952507
v -0.00122983 -0.21786397 -0.26327980
v 0.00627736 -0.21987166 -0.27120579
v -0.06296428 -0.10793198 -0.21194428
v 0.01494662 -0.20625722 -0.23178579
v 0.13859330 0.19763581 -0.28713390
v 0.05062857 0.13157162 -0.30979344
v -0.11027080 -0.01549011 -0.29342488
v 0.06676555 0.14556294 -0.30997123
v -0.07389098 -0.09255644 -0.21176545
v -0.06904918 -0.10019321 -0.19667387
v 0.15081515 0.15486686 -0.22021431
v 0.08770242 0.18981880 -0.23964017
v -0.09037655 -0.05464325 -0.24784139
v 0.20658939 0.02910735 -0.28213528
v 0.15935552 -0.08874154 0.02873012
v -0.11074827 0.12808680 -0.02411955
v 0.15274495 -0.09623930 -0.00428329
v 0.14883086 -0.09749394 0.00337410
v -0.09490329 0.14259192 0.00315579
v -0.09693438 0.13737814 0.00799654
v -0.08895635 0.13838757 0.00754212
v -0.08178168 0.13103861 0.00744572
v -0.07548826 0.09831231 0.01084671
v -0.06730660 0.10649397 0.01083274
v -0.05912494 0.11467528 0.01086976
v -0.05094362 0.12285695 0.01093647
v 0.13279761 -0.10466092 0.01122813
v 0.14057515 -0.10059000 0.01116735
v -0.04276196 0.08194934 0.01624037
v -0.03458030 0.07376768 0.01823375
v -0.02639899 0.09013065 0.01719951
v 0.13481997 -0.10244331 0.01921314
v 0.15563948 -0.09260115 0.01917996
v 0.24090458 -0.04038088 0.02692571
v 0.17013866 -0.08305518 0.02629281
v -0.14478194 0.04722269 0.02534624
v -0.16191264 0.05350982 0.02895611
v 0.22980045 -0.02449154 0.02706438
v 0.23642500 -0.04853879 0.02673850
v -0.14381791 0.03872003 0.03043044
v -0.15008549 0.04616924 0.02989254
v 0.23910367 -0.03874728 0.03432812
v 0.20015660 -0.06473236 0.03499735
v 0.23229330 -0.02902771 0.03486811
v 0.16334157 -0.08449563 0.03523172
v 0.20681293 -0.05997440 0.04045598
v 0.21410112 -0.05619513 0.04108854
v 0.22362858 -0.05059015 0.04418076
v 0.23544385 -0.03403856 0.04163936
v 0.19027042 -0.06707502 0.04900090
v 0.23032054 -0.04677665 0.04947977
v 0.20939764 -0.05757027 0.04911197
v 0.21952727 -0.00563467 0.05445394
v 0.17480057 -0.07421127 0.05584235
v 0.18445657 -0.06933734 0.05663558
v 0.16326403 -0.05713680 0.06070895
v 0.17584319 -0.06962515 0.06269289
v 0.16661298 -0.06007394 0.06534187
v 0.16793432 -0.06782354 0.06781620
v 0.17599688 -0.06209631 0.06906979
v 0.18387850 -0.05479519 0.06950395
v 0.22029046 -0.01828544 0.06956019
v 0.22773023 -0.00857600 -0.27487294
v 0.18485685 -0.04664287 -0.27160467
v -0.10360259 0.08363953 -0.29252512
v 0.26526270 -0.05388950 -0.25553789
v 0.24422629 -0.10199623 -0.26101678
v 0.22251331 -0.10964872 -0.24781100
v 0.27079747 -0.06225174 -0.25364162
v 0.01962215 0.15698143 -0.23591714
v 0.17583132 -0.03820903 -0.27226028
v 0.08393677 -0.16808801 -0.22635615
v -0.15574531 0.06973134 -0.22553637
v 0.23108442 -0.10750341 -0.25553859
v -0.01399866 0.13618812 -0.25448794
v -0.10821420 0.08244288 -0.28602911
v -0.08326580 0.09632418 -0.27987645
v 0.05883154 -0.18122533 -0.27539232
v 0.25838876 -0.07979425 -0.25810759
v -0.14201176 0.04995759 -0.32061919
v 0.22276654 -0.09206395 -0.26199897
v 0.08838213 -0.16688158 -0.23324336
v 0.08832554 -0.12949966 -0.27398400
v 0.21468198 -0.01863927 -0.27199063
v 0.22504353 -0.10136926 -0.25831017
v -0.12762190 0.01235807 -0.25568285
v -0.00019455 0.14499081 -0.24740758
v 0.25740412 -0.05376655 -0.26079848
v -0.08917151 0.09224418 -0.28619956
v -0.00797069 0.14073093 -0.24803350
v 0.19961311 -0.00531263 -0.27371890
v 0.03729879 0.15796467 -0.27046076
v 0.26610378 -0.08653860 -0.22562719
v 0.06453676 -0.17451311 -0.27506749
v 0.24351654 -0.09191480 -0.25784143
v 0.25151727 -0.09389001 -0.23240717
v 0.17045861 -0.06786441 -0.27414328
v 0.00286693 0.14200617 -0.26519878
v -0.14441240 0.07391612 -0.23982948
v -0.11993203 0.07044353 -0.32123743
v -0.11197356 0.07629790 -0.31947598
v 0.00615301 0.14563664 -0.25550750
v -0.14631565 0.05703726 -0.30596807
v 0.23020946 -0.08502410 -0.26294903
v 0.17178380 -0.03132147 -0.27290890
v 0.01292985 0.15299119 -0.24030416
v 0.05284548 -0.18476638 -0.27457255
v -0.14220910 0.06284622 -0.30596702
v 0.06871911 -0.16734508 -0.27321418
v 0.27271400 -0.08323820 -0.22030582
v -0.09669652 0.08624765 -0.29913115
v -0.14910330 0.07282042 -0.23184342
v -0.12748148 0.06983333 -0.31412213
v 0.23725630 -0.10623725 -0.26299863
v 0.25142296 -0.06183050 -0.26395742
v -0.00023996 0.13888600 -0.27134865
v -0.13396108 0.02687472 -0.26324453
v -0.13237742 0.02164941 -0.25587740
v -0.14483538 0.05770334 -0.31447212
v -0.14110152 0.07710335 -0.23185180
v 0.09428470 -0.13613678 -0.27340873
v -0.13672078 0.03353105 -0.27067138
v 0.09430706 -0.16507402 -0.23992658
v 0.20715313 -0.01081772 -0.27296863
v 0.26517188 -0.09779991 -0.24095558
v 0.16172892 -0.11210769 -0.12208258
v -0.07591683 0.12607456 -0.12188593
v 0.15756648 0.12485660 -0.07104570
v -0.07747884 -0.10687225 -0.07089935
v 0.06359788 0.13103861 0.02299870
v -0.00535839 -0.16900069 0.04074379
v 0.09419703 0.16180087 0.02342308
v 0.10779541 0.20330890 0.02485480
v 0.10183940 0.21145179 0.02551739
v -0.09817330 -0.00432869 0.02260121
v -0.09088860 -0.01021345 0.02361798
v -0.08366957 -0.01622920 0.02484467
v -0.11010244 -0.04530266 0.02633472
v 0.00653443 -0.16495492 0.02653067
v -0.04040359 -0.18435074 0.02857504
v -0.03258344 -0.18546356 0.02649190
v -0.04557406 -0.17332484 0.02635952
v -0.04267464 -0.18011460 0.03197463
v -0.10950132 -0.03915699 0.03288592
v 0.10456766 0.20604276 0.03414370
v 0.00057318 -0.16704993 0.03428166
v 0.11546327 0.19160504 0.03523451
v 0.10435425 0.19926557 0.03906897
v 0.19054147 0.04815004 0.04056077
v -0.02498369 -0.17857740 0.04059535
v 0.10974058 0.19167944 0.04107212
v -0.11956353 -0.02459842 0.04151606
v -0.11407871 -0.02476399 0.04482205
v -0.11256595 -0.03268368 0.04097642
v -0.02254637 -0.17328887 0.04847418
v 0.19377900 0.04180457 0.04872671
v -0.01311706 -0.16868494 0.05207391
v 0.17813939 0.02467841 0.05203444
v 0.02678111 -0.11849821 0.05170856
v 0.16530036 0.06374109 0.05310116
v 0.03496277 -0.11440773 0.05182173
v 0.16985015 0.01883452 0.05014621
v 0.21186674 0.01101367 0.05501699
v 0.01979889 -0.15106803 0.05450145
v 0.20111783 0.02871510 0.05483746
v 0.17124031 0.05563872 0.05583502
v 0.20719505 0.01983627 0.05596879
v 0.17644187 0.04891253 0.05751298
v 0.19481183 0.03596766 0.05674595
v 0.18202764 0.04840118 0.06000339
v 0.19951042 0.01220438 0.06816828
v 0.00653792 -0.13443855 0.05698521
v 0.01210658 -0.14921682 0.06116616
v 0.20787161 0.01209051 0.06271140
v 0.19236858 0.02827919 0.06425699
v 0.02110732 -0.14365619 0.06326641
v 0.01041814 -0.15587000 0.06975404
v 0.02675317 -0.14146827 0.07124584
v -0.02511991 -0.16155847 -0.28750798
v 0.09826656 0.18744505 -0.27943111
v -0.02742659 -0.16382742 -0.28330923
v 0.10521419 0.19521211 -0.26253094
v -0.03095088 -0.15988993 -0.27924494
v -0.02377236 -0.17424416 -0.27130848
v -0.02568400 -0.16873209 -0.27975280
v 0.18052955 0.10215131 -0.28734312
v -0.05198973 -0.11081603 -0.29721532
v 0.10260817 0.19089564 -0.27089038
v 0.09355714 0.18514431 -0.27169339
v 0.20539343 0.06294926 -0.26265738
v 0.07289167 0.17749426 -0.25579951
v 0.15800449 0.14495169 -0.29616642
v 0.04007596 0.16440479 -0.24307609
v -0.02140072 -0.17968952 -0.26310830
v 0.06836319 0.17968533 -0.23780397
v 0.06430379 0.17828120 -0.23461430
v 0.13679937 0.18728648 -0.23507745
v -0.11640949 -0.01521068 -0.22551437
v 0.04571901 0.17243975 -0.22416333
v 0.11173919 0.20163722 -0.24551096
v -0.11463232 -0.01922013 -0.22012874
v 0.21010110 0.05715671 -0.27151246
v 0.05075780 0.16992665 -0.23972854
v 0.20246014 0.06557728 -0.25561928
v -0.02316426 -0.15205057 -0.29133545
v -0.12424780 -0.00164863 -0.21986957
v 0.01298014 -0.20398861 -0.27992814
v 0.08711772 0.18313243 -0.26327282
v 0.01838394 -0.20829530 -0.27597772
v -0.05066943 -0.11957262 -0.29191178
v 0.05813227 0.17370172 -0.23975788
v 0.20896523 0.05126147 -0.24804642
v 0.18119005 0.10786108 -0.28465502
v -0.04924400 -0.12631103 -0.28474025
v 0.18976955 0.08571464 -0.28327779
v -0.10018518 -0.03991110 -0.23910681
v -0.00802064 -0.17527700 -0.28737945
v 0.14828248 0.14455805 -0.30129742
v -0.10668294 -0.01806399 -0.27146915
v 0.16230349 0.10960925 -0.29571724
v 0.05103653 0.17696579 -0.21997365
v 0.08150470 0.18184252 -0.25559622
v 0.10258687 0.15298141 -0.30692092
v -0.12729566 0.00561686 -0.22610012
v 0.11108882 0.19724565 -0.27023897
v -0.10639967 -0.03214369 -0.22537570
v 0.00536363 -0.19519709 -0.28100150
v -0.01442304 -0.18043525 -0.28452299
v 0.16949842 0.10162563 -0.29119539
v 0.21634982 0.03761874 -0.23934502
v 0.15380817 0.15331184 -0.29800785
v 0.17950475 0.11148386 -0.27862356
v -0.03559113 -0.15132999 -0.27922224
v -0.11941299 -0.01051349 -0.22009136
v 0.00295006 -0.18854845 -0.28211572
v 0.11783387 0.20397114 -0.27051176
v -0.09740312 -0.04680389 -0.23200584
v 0.21333060 0.04292717 -0.24810545
v 0.21200087 0.04753460 -0.25483723
v 0.16207471 0.12944342 -0.15180083
v 0.13083218 0.19775526 -0.23239250
v 0.13475815 0.19166617 -0.23963493
v 0.18927356 0.09381596 -0.27868993
v -0.12093727 -0.00346282 -0.24069885
v 0.14044661 0.13809347 -0.30315492
v 0.18576290 0.10104547 -0.27864731
v 0.12543816 0.20567845 -0.26314847
v 0.13299426 0.13103756 -0.30236868
v 0.00054489 -0.19276362 -0.28188554
v -0.06773901 -0.10718416 -0.14571069
v -0.07429545 -0.09878594 -0.14446514
v 0.13233830 0.18401298 -0.30593558
v 0.17266539 0.12511088 -0.28611469
v 0.07490216 0.18084356 -0.24707261
v -0.03111923 -0.14374771 -0.29195893
v -0.03824989 -0.14407324 -0.28642695
v 0.04368687 0.16873069 -0.23256085
v -0.10236996 -0.03796348 -0.23182630
v -0.07106037 -0.10229451 -0.15154096
v -0.07803001 -0.09371222 -0.13869634
v -0.09760221 0.13021010 -0.05543858
v -0.09139506 0.13411581 -0.04798797
v 0.14817315 -0.10770914 -0.04757162
v -0.08179216 0.13890312 -0.04739244
v 0.15821196 -0.10233084 -0.04755276
v 0.15137051 -0.10432631 -0.04189574
v -0.08908419 0.13656500 -0.03951466
v -0.05912494 0.04922304 0.01848104
v -0.06730660 0.05740471 0.01650443
v 0.00632730 0.09831231 0.02001790
v -0.05094362 0.04104173 0.02033225
v -0.01003567 0.11467528 0.01619252
v -0.00185436 0.10649397 0.01814782
v -0.04393486 0.03361418 0.02186561
v 0.08060738 -0.12801345 0.02581638
v 0.08827455 -0.12396139 0.02664244
v 0.21192367 0.00406917 0.02663581
v -0.13415493 0.00981352 0.02558900
v -0.13544589 0.02007273 0.03211470
v -0.12846787 0.01830640 0.02652892
v 0.21584335 -0.00265282 0.03482026
v 0.21024641 0.00717327 0.03425267
v 0.07339394 -0.13010986 0.03413636
v 0.09408631 -0.11964666 0.03422752
v 0.04920209 -0.14086121 0.04056181
v 0.21816925 -0.00840485 0.04468897
v 0.08209709 -0.12257402 0.04959399
v 0.04296769 -0.14164955 0.04754158
v 0.16177642 -0.01622920 0.05237290
v 0.17813939 0.00013378 0.05338897
v 0.16995808 -0.00804754 0.05269704
v 0.04370259 -0.13667048 0.05574839
v 0.05298834 -0.13012173 0.05900408
v 0.18470631 0.00672444 0.05436033
v 0.05892130 -0.11438433 0.06140263
v 0.04365823 -0.12897782 0.06321297
v 0.06619028 -0.12078114 0.06212984
v 0.19235042 -0.03866380 0.06164084
v 0.20716012 -0.02645627 0.06578266
v 0.20701412 -0.04675325 0.07036529
v 0.21549826 -0.03949230 0.07331954
v 0.22047243 0.02717231 -0.27574545
v 0.13599182 0.19797426 -0.26939300
v 0.00627177 -0.21541478 -0.27492812
v -0.02984050 -0.12047028 -0.29497291
v -0.10104792 -0.03484751 -0.25730632
v -0.09402868 -0.04361701 -0.26887605
v -0.09278382 -0.04986259 -0.25011000
v -0.08950648 -0.05372603 -0.29944411
v -0.10672136 -0.02480695 -0.25581697
v 0.13825519 0.19016110 -0.27176849
v 0.13045041 0.20296625 -0.24838453
v -0.11506823 -0.01175730 -0.24811418
v -0.00643488 -0.20251253 -0.27653414
v 0.10208669 0.17660393 -0.30798973
v 0.16933251 0.07886655 -0.28956807
v 0.14246234 0.18435074 -0.27874861
v 0.07125282 0.18454773 -0.22605506
v 0.15143094 0.16617951 -0.28094526
v 0.01299202 -0.18071467 -0.28024145
v -0.02087749 -0.18650513 -0.21804700
v 0.20383178 0.06050950 -0.23983961
v 0.10988169 0.18374927 -0.30893944
v 0.20918213 0.04902046 -0.22643508
v 0.20620762 0.05598835 -0.23215813
v 0.14058667 0.16092521 -0.30144587
v -0.09792565 -0.03896244 -0.26320820
v -0.11822053 -0.00252708 -0.26248238
v 0.12896979 0.19937525 -0.21800927
v 0.10404199 0.20316395 -0.21942353
v -0.02133575 -0.18170944 -0.23961292
v -0.10339337 -0.03262710 -0.24758921
v 0.12568022 0.14507604 -0.30101171
v 0.04306654 0.16216203 -0.26330006
v 0.13477212 0.16626020 -0.30295618
v 0.10229032 0.19820444 -0.23930695
v -0.11462289 -0.00427176 -0.27124281
v 0.10279225 0.13745184 -0.30261213
v 0.20103400 0.06356924 -0.21970435
v -0.12002843 0.00484424 -0.27077582
v -0.02265081 -0.11311817 -0.29288104
v 0.10988379 0.20448634 -0.22490172
v -0.11085131 -0.02335602 -0.23200863
v 0.16225704 0.07101217 -0.28909933
v 0.05107670 0.16613934 -0.26309887
v 0.02037941 -0.17368740 -0.27904620
v 0.17633918 0.08687461 -0.29106266
v -0.02727220 -0.17200664 -0.23892693
v 0.15029052 0.17053091 -0.28607871
v -0.03852164 -0.12853039 -0.29472736
v 0.14442113 0.18152222 -0.29786395
v 0.15349172 0.16157069 -0.28634766
v 0.11779929 0.20719959 -0.23255212
v 0.13563660 0.19171926 -0.26295043
v 0.03599072 -0.18780342 -0.27516913
v 0.14830448 0.17487008 -0.29306512
v 0.11045557 0.13006969 -0.29944866
v 0.18688725 0.07138939 -0.28785378
v -0.08639400 -0.05984726 -0.29265505
v -0.08398253 -0.06337294 -0.29979305
v 0.05832158 0.17058749 -0.25622459
v 0.12560023 0.16801116 -0.30632050
v -0.04226807 -0.13404281 -0.29066203
v 0.11784330 0.15260977 -0.30239383
v -0.12517026 0.00562140 -0.24715260
v 0.02784818 -0.19475630 -0.27876782
v 0.21270223 0.04260793 -0.22527441
v 0.11714229 0.16129476 -0.30597680
v -0.11638469 -0.00757006 -0.25551659
v 0.04901801 0.16360668 -0.27168082
v 0.12650488 0.20530157 -0.23960978
v -0.11091872 -0.01778561 -0.25564931
v -0.02617789 -0.17574958 -0.23186508
v -0.07039777 -0.10862985 -0.12240742
v -0.07573381 -0.09927040 -0.12202739
v -0.07292380 -0.10611011 -0.11457015
v -0.08232098 0.13368305 -0.07952739
v 0.15654203 -0.10865919 -0.07784663
v -0.09051591 0.13128625 -0.07078234
v -0.08070868 0.13608997 -0.07063459
v 0.15027655 -0.10971264 -0.07057940
v -0.07548826 0.02467841 0.01994524
v -0.06730660 0.03286007 0.01966127
v -0.04276196 0.05740471 0.01928475
v -0.03458030 0.06558602 0.01920406
v 0.01450862 0.11467528 0.01911814
v 0.02269028 0.12285695 0.01916424
v -0.01821733 0.09013065 0.01815027
v 0.00640659 0.08191162 0.02179611
v -0.02639899 0.04989472 0.02184571
v -0.00181349 0.07373415 0.02179855
v 0.06484693 -0.13304595 0.04035364
v 0.22181090 -0.05222341 0.04146891
v 0.06580292 -0.13032397 0.04899636
v 0.05801700 -0.13430128 0.04891183
v 0.16177642 0.00013378 0.05045532
v 0.16995808 0.00831544 0.05107670
v 0.08815963 -0.11507347 0.05634183
v 0.21803442 -0.00114531 0.05600093
v 0.17055815 -0.04651469 0.05858773
v 0.18400983 -0.03173991 0.05816859
v 0.19264312 -0.00972096 0.05751543
v 0.16414981 -0.03952723 0.05588147
v 0.17813939 -0.02441086 0.05572779
v 0.21296664 0.00392771 0.06201702
v 0.20225091 -0.01005767 0.06330448
v 0.20203156 -0.00064862 0.06825037
v 0.20773504 -0.01114255 0.06922802
v 0.21499040 -0.01721348 0.07176243
v 0.24143410 -0.05222725 -0.26673808
v 0.08657458 -0.15195277 -0.27302871
v -0.13383219 0.06818016 -0.29679828
v 0.27070212 -0.09459626 -0.26056166
v -0.00964901 0.14159436 -0.24158464
v 0.27114152 -0.09695743 -0.25381138
v -0.10408216 0.07798705 -0.32056750
v -0.13389436 0.01995118 -0.23187031
v 0.09400667 -0.14361498 -0.27273705
v 0.02811538 0.16322770 -0.22568237
v 0.22473302 -0.10201788 -0.23012144
v 0.27495327 -0.06945959 -0.22529152
v 0.23275610 -0.10236996 -0.23754515
v -0.07961541 0.09869164 -0.27765744
v -0.00899550 0.14761499 -0.21959258
v 0.23277636 -0.09501750 -0.21801591
v 0.27232106 -0.06260033 -0.23207744
v 0.26577230 -0.09993404 -0.24738313
v -0.01474962 0.14335511 -0.22523738
v -0.09679362 0.07145750 -0.32357764
v -0.11253347 0.08055848 -0.28668088
v -0.14349657 0.06318643 -0.29911928
v -0.01550897 0.14080253 -0.23345886
v 0.08171916 -0.16006841 -0.27204931
v 0.00278555 0.14991085 -0.23007604
v 0.00378241 0.14937819 -0.23450148
v 0.23867963 -0.05628175 -0.26585439
v -0.14346234 0.04797400 -0.28638608
v -0.12800611 0.07187769 -0.29258555
v 0.21465683 -0.02498334 -0.27109716
v -0.14674737 0.06226012 -0.29308537
v 0.00795043 0.15062444 -0.23852944
v 0.19854604 -0.03877941 -0.26924211
v 0.25817430 -0.08458225 -0.25552287
v -0.13780322 0.02609232 -0.22607707
v 0.25051028 -0.09965986 -0.26157320
v 0.23056084 -0.07751726 -0.26364131
v 0.01190923 0.14824231 -0.25617778
v 0.02059806 0.15822035 -0.23185704
v 0.25047465 -0.09287010 -0.25716940
v 0.24523397 -0.09407513 -0.23065305
v -0.12913221 0.01040870 -0.23226780
v 0.26676812 -0.05409662 -0.23141275
v -0.12012204 0.07859375 -0.27880379
v -0.14753640 0.06940126 -0.25570345
v -0.14247945 0.07357662 -0.24768002
v -0.14693563 0.05545919 -0.29811683
v 0.01365566 0.15157868 -0.24718089
v 0.02942729 0.16594549 -0.21926111
v -0.14083432 0.04250664 -0.27937487
v -0.10169933 0.08322528 -0.31474875
v 0.03403507 0.15577325 -0.27194068
v 0.07404431 -0.16691825 -0.27193265
v 0.27454950 -0.07750363 -0.21959189
v -0.09642233 0.08594167 -0.30607076
v 0.24455252 -0.06200759 -0.26287743
v 0.00030073 0.14690594 -0.23957031
v -0.14675156 0.05123004 -0.27877620
v 0.22255697 -0.06981097 -0.26460185
v 0.02025925 0.15268277 -0.25567307
v 0.17414601 -0.11165851 -0.14519165
v -0.08121584 0.08682292 -0.32044071
v 0.20712589 -0.03041123 -0.27077442
v -0.07126156 0.12636237 -0.13956816
v 0.09496127 -0.16722527 -0.24764195
v 0.19173847 -0.04654368 -0.27017714
v 0.22238617 -0.10723655 -0.23997129
v 0.02917162 0.15525177 -0.26325011
v 0.03524150 0.16713655 -0.22499463
v 0.23309700 -0.09601262 -0.22196458
v 0.16923331 -0.11253102 -0.13818114
v -0.07478654 0.12562992 -0.13053878
v 0.16162134 -0.11390686 -0.13009798
v -0.07757279 -0.10738325 -0.06361046
v 0.15756194 0.12507176 -0.06381165
v 0.01101017 -0.16286025 0.02757294
v 0.09431614 0.15325001 0.02495015
v -0.08946491 -0.03259217 0.02828548
v 0.08814252 0.14740158 0.02470705
v -0.08276073 -0.02691069 0.02680381
v 0.07177955 0.13103861 0.02405703
v 0.07996121 0.13921992 0.02431934
v -0.10745136 -0.04856150 0.02698195
v 0.02138360 -0.15780470 0.02640283
v 0.02971091 -0.15342396 0.02767842
v 0.18280550 0.06293634 0.02656630
v 0.20245036 0.02135217 0.02658411
v -0.12721009 -0.01021066 0.02662253
v -0.11833929 -0.00178869 0.02781988
v 0.18052746 0.06623010 0.03337108
v -0.09663679 -0.04604490 0.03600713
v -0.10721874 -0.03902531 0.03635188
v 0.03564353 -0.14937050 0.03452511
v 0.18554948 0.05669531 0.03464771
v 0.01371469 -0.16046904 0.03489326
v -0.13198622 -0.00936190 0.03565505
v -0.13129813 -0.00395670 0.03838367
v 0.18822780 0.05263940 0.04277838
v 0.20739309 0.01293648 0.04049615
v -0.12001900 -0.01848942 0.04036272
v 0.19776993 0.03414335 0.04208819
v -0.10747058 -0.03187474 0.04093450
v 0.21098025 0.01046913 0.05027928
v 0.20157784 0.02880452 0.04786118
v 0.16827383 0.05521643 0.05104876
v 0.02308881 -0.15280502 0.04859503
v 0.20628865 0.02000043 0.04925727
v -0.02288099 -0.17014670 0.05272323
v -0.00665004 -0.16190635 0.05678123
v 0.17813939 0.02876924 0.05229361
v 0.16281554 0.06356156 0.04916436
v 0.03905325 -0.11440773 0.05265617
v -0.01003567 -0.12187999 0.04648989
v 0.00013622 -0.12904524 0.04995305
v 0.19161657 0.04154540 0.05496949
v -0.01505699 -0.16726125 0.05605681
v 0.02895506 -0.12144583 0.05394468
v 0.03700784 -0.12463446 0.06138865
v 0.18285824 0.03419364 0.05926535
v 0.02032282 -0.12742141 0.05640295
v 0.01041814 -0.13316680 0.05861812
v 0.02474023 -0.13998171 0.06271210
v 0.18653971 0.02774618 0.06079173
v -0.00758892 -0.16658887 0.06196777
v -0.00578801 -0.14700794 0.06718505
v -0.03060369 -0.17177052 0.06333313
v 0.00568217 -0.15201319 0.06368486
v -0.00067272 -0.14193107 0.06485880
v -0.01465986 -0.15329961 0.06837925
v 0.00499199 -0.15856160 0.06912428
v 0.02712900 -0.13645078 0.07036948
v 0.11742730 0.19967284 -0.29265645
v 0.16904365 0.01214884 -0.27857676
v 0.04081679 0.15619763 -0.29320343
v -0.02099939 -0.17937202 -0.27738255
v 0.18289596 0.10070596 -0.26354072
v -0.11505670 -0.00532870 -0.30727719
v 0.08122143 0.17744990 -0.29254154
v 0.18851596 0.09208455 -0.26542931
v -0.05626045 -0.11473781 -0.25497694
v 0.13038230 0.19409545 -0.31392619
v -0.04935542 -0.12691390 -0.27116527
v -0.03458589 -0.15617912 -0.25345056
v -0.02775981 -0.16552355 -0.27042688
v 0.19340736 0.08634545 -0.27122954
v -0.00765459 -0.15953995 -0.28764456
v 0.15705478 0.14561778 -0.24747359
v -0.01360781 -0.19470251 -0.25551065
v 0.16306947 0.01970354 -0.27988553
v 0.02920131 -0.19941926 -0.23796989
v -0.10663229 -0.01794489 -0.28733474
v -0.02079715 -0.17362837 -0.28381744
v 0.09611251 0.18881076 -0.26297278
v -0.04644029 -0.13694817 -0.22680183
v 0.00865250 -0.20645002 -0.22364499
v -0.09333709 -0.05836419 -0.22131316
v -0.10789286 -0.01360327 -0.27877341
v 0.14368763 0.17034369 -0.22409732
v -0.04901103 -0.13028764 -0.22198973
v -0.01098607 -0.20250170 -0.23996954
v 0.14199953 0.17615510 -0.23190874
v 0.17807932 0.10903048 -0.26326863
v 0.03545910 -0.20255374 -0.25582466
v 0.03600434 -0.11286180 -0.28307066
v -0.01236540 -0.20081989 -0.23019794
v 0.20543919 0.06240822 -0.27680658
v 0.10262634 0.19096410 -0.28678671
v 0.17242893 0.11878568 -0.26306429
v -0.08948482 -0.03122926 -0.31141343
v 0.08038908 0.13169002 -0.30638057
v -0.08176981 -0.03081326 -0.31005331
v 0.19307868 0.07896504 -0.24779633
v 0.17089836 0.12344933 -0.27067138
v 0.09419703 0.18427110 -0.28616952
v 0.07438766 0.13759400 -0.30786504
v 0.01789180 -0.21482589 -0.25750297
v 0.13867468 0.19224913 -0.30474103
v 0.13340047 0.19700814 -0.30548570
v 0.11239131 0.19519535 -0.28509023
v 0.22387412 0.02198612 -0.22024156
v 0.15311694 0.15390073 -0.25576633
v -0.01763612 -0.14522448 -0.28974306
v 0.22268481 0.02793620 -0.23927132
v -0.09392040 -0.04356742 -0.30432782
v 0.20430681 0.06994719 -0.27153097
v 0.01167172 -0.21525376 -0.24980961
v -0.01476010 -0.16792664 -0.28821145
v 0.00489174 -0.20828761 -0.22042179
v -0.00008557 -0.21299353 -0.22412456
v 0.09387394 0.14510747 -0.30707216
v -0.07443132 -0.09280618 -0.18085718
v -0.08183338 -0.07030591 -0.23943199
v 0.02022572 -0.12811823 -0.28492572
v 0.00651347 -0.14360555 -0.28471161
v 0.18382436 0.03613672 -0.28259668
v 0.18704652 0.08802446 -0.22091323
v 0.14496951 0.16870764 -0.23213542
v -0.01673706 -0.18801788 -0.24751446
v 0.12488420 0.20437701 -0.27895783
v 0.02614017 -0.20811611 -0.25531924
v -0.07844426 -0.08707371 -0.17339086
v -0.00084981 -0.15202367 -0.28612307
v 0.08129129 0.17999619 -0.29994778
v 0.07442783 0.17611389 -0.29908470
v 0.21874138 0.03406825 -0.23238726
v 0.19984643 0.04785245 -0.28427221
v 0.17482118 0.11419292 -0.25617324
v -0.07109041 -0.10283311 -0.16490567
v 0.16327590 0.13065789 -0.16606320
v -0.03944969 -0.14441135 -0.27113942
v 0.19600534 0.07574114 -0.25739365
v 0.16052144 0.13595131 -0.15944913
v 0.08715858 0.15389899 -0.30838512
v -0.05825417 -0.11248422 -0.24689098
v 0.10794595 0.19310522 -0.27879436
v -0.06740754 -0.10806750 -0.15792730
v 0.17642894 0.02833578 -0.28320968
v -0.00142997 -0.21513675 -0.23284307
v -0.07364228 -0.09889108 -0.15768454
v 0.05116821 0.16097900 -0.30766140
v 0.22915392 0.01224525 -0.21967362
v -0.09017850 -0.06206662 -0.22458911
v 0.02363509 -0.21181749 -0.26287393
v 0.02811014 -0.12020797 -0.28383420
v 0.18362457 0.09507164 -0.22622237
v -0.08037232 -0.07521721 -0.23240577
v 0.22676621 0.01774544 -0.22500406
v -0.03614440 -0.15157973 -0.26285053
v -0.03226733 -0.15895419 -0.26369475
v 0.02858098 -0.20431414 -0.24789867
v 0.07229125 0.17133566 -0.27900114
v 0.00545689 -0.21446403 -0.24264542
v -0.00496439 -0.21462225 -0.22616683
v -0.00775309 -0.21086080 -0.23237294
v 0.13931527 0.18305524 -0.23930206
v 0.01220997 -0.13618114 -0.28513913
v 0.03613777 -0.19522678 -0.23220982
v -0.01942027 -0.18377756 -0.27106572
v -0.12047936 0.00424032 -0.30659364
v 0.08919422 0.18119320 -0.27776781
v 0.08598428 0.17783377 -0.28642415
v 0.19854325 0.07070899 -0.24783301
v 0.12350487 0.20152475 -0.30082449
v -0.05359889 -0.12124744 -0.24787806
v -0.11318453 0.00315160 -0.31667995
v 0.14904078 0.16090984 -0.23992204
v 0.19177899 0.04224991 -0.28378670
v -0.08305588 0.14105157 -0.03261173
v 0.14785425 -0.10471751 -0.03212902
v 0.15591122 -0.10012056 -0.03166517
v -0.08971675 0.13878995 -0.02424041
v 0.14963945 -0.10162808 -0.02368609
v -0.09669442 0.13681928 -0.01744331
v 0.13302884 -0.10872451 -0.01984640
v -0.10374195 0.13280774 -0.01808984
v -0.10234307 0.13645847 -0.01006641
v 0.13884758 -0.10478981 -0.01237483
v 0.15823362 -0.09476741 -0.01236785
v -0.08125566 0.14655526 -0.01131755
v -0.11863269 0.12897468 -0.00476390
v 0.12725200 -0.10864627 0.00390466
v -0.11242624 0.12954332 0.00301643
v -0.07547778 0.07376139 0.01361899
v -0.03295438 0.11467528 0.01361969
v -0.02591872 0.12222858 0.01359244
v -0.06688222 0.08173558 0.01358930
v -0.05094362 0.09668674 0.01361969
v -0.05836489 0.08978241 0.01359035
v -0.03844899 0.10649397 0.01389457
v -0.04276196 0.10238638 0.01387012
v -0.03458030 0.09831231 0.01522954
v 0.09993928 -0.11848634 0.02487541
v 0.11017160 -0.11312900 0.02661520
v 0.17758892 -0.07897133 0.02691139
v -0.14322448 0.02010242 0.02719571
v -0.15387558 0.03771619 0.02636162
v -0.14146582 0.01194451 0.03224533
v 0.10263751 -0.11487508 0.03493064
v 0.22456501 -0.01841293 0.04071794
v 0.18235911 -0.07462797 0.03345456
v 0.22044659 -0.01065740 0.04855731
v 0.16921620 -0.07795107 0.04928103
v 0.22602153 -0.01999729 0.05006831
v 0.19280624 -0.06484239 0.05658598
v 0.22835720 -0.02460366 0.05664955
v 0.19877133 -0.05967227 0.06102540
v 0.23179766 -0.03136827 0.06201178
v 0.22529048 -0.02398997 0.06472328
v 0.23435164 -0.03962817 0.06239669
v 0.19326624 -0.05780184 0.06628668
v 0.22292337 -0.04479655 0.06850080
v 0.22974526 -0.03891389 0.07002543
v 0.22071030 -0.03621740 0.07440093
v 0.08294515 0.18008386 -0.29558591
v 0.12086881 0.20371267 -0.27580238
v 0.17303179 0.11938540 -0.27198993
v 0.09722359 0.18749081 -0.27043422
v 0.18061967 0.10357255 -0.26128573
v -0.11248177 -0.00286624 -0.31373722
v 0.07527939 0.17450054 -0.29350452
v -0.10793163 -0.01361445 -0.28427011
v -0.02856316 -0.16613201 -0.26272584
v -0.02590894 -0.16919280 -0.27104477
v 0.20390653 0.06816584 -0.26546144
v -0.05650634 -0.11486076 -0.24972369
v 0.19903434 0.04161980 -0.28452683
v -0.03475949 -0.15664192 -0.24754310
v -0.01358266 -0.19488833 -0.24761680
v -0.01182017 -0.19950693 -0.25577645
v 0.07941981 0.17830495 -0.29871725
v -0.08957284 -0.03103086 -0.31092687
v -0.02267351 -0.17458052 -0.27954183
v 0.18938988 0.09364481 -0.27195500
v 0.15697654 0.14647143 -0.25521201
v 0.00598885 -0.20879233 -0.22586680
v 0.00003842 -0.14347841 -0.28653557
v 0.14237606 0.17641078 -0.23943374
v -0.01927147 -0.18339963 -0.26278067
v 0.14303307 0.17058295 -0.21801975
v -0.00730041 -0.20978116 -0.24004778
v 0.19178213 0.04972462 -0.28533613
v 0.13933483 0.18242163 -0.23204845
v -0.09288546 -0.05578821 -0.22781895
v 0.22452345 0.02202140 -0.22615391
v 0.08571079 0.17821973 -0.27981707
v -0.01125223 -0.20334033 -0.23249938
v -0.03562467 -0.15103170 -0.27110624
v -0.05835197 -0.11165641 -0.25546419
v 0.11780977 0.19915275 -0.29873856
v -0.03092538 -0.15971738 -0.27075661
v -0.11725301 -0.00209327 -0.30655137
v 0.09418271 0.18438322 -0.27939059
v 0.18730953 0.08803634 -0.22640714
v 0.17043451 0.12314336 -0.26310970
v -0.08971325 -0.02419744 -0.31272534
v 0.03596173 -0.19640422 -0.24025351
v 0.03504171 -0.20053348 -0.24807122
v -0.09605209 -0.03819121 -0.30628801
v 0.17516628 0.11295680 -0.24762553
v 0.07235901 0.17071289 -0.28682862
v 0.08030490 0.13804911 -0.30762333
v -0.05284164 -0.12057506 -0.25535242
v 0.12519611 0.20365539 -0.28623624
v 0.02965293 -0.19831656 -0.23278998
v 0.01280969 -0.21632816 -0.25508312
v 0.00648623 -0.15163108 -0.28412516
v 0.22600965 0.01811639 -0.21951085
v 0.14525417 0.16889101 -0.23952316
v 0.00808316 -0.20585938 -0.21909415
v 0.16866014 0.02045660 -0.27911501
v -0.00098533 -0.21260723 -0.21930303
v 0.07456719 0.12975987 -0.30648431
v 0.23062337 0.01102554 -0.22504353
v -0.09152849 -0.06177950 -0.21939978
v 0.18412649 0.10219357 -0.27144400
v -0.03999562 -0.14431494 -0.26362944
v 0.17906011 0.10953066 -0.27096513
v -0.00802029 -0.16697728 -0.28753104
v 0.17718689 0.03527259 -0.28434311
v 0.18353306 0.09421065 -0.21981857
v 0.14874528 0.16070237 -0.23181373
v -0.01684289 -0.18803674 -0.25599685
v 0.18341221 0.02836407 -0.28261310
v 0.15270164 0.15330904 -0.24773800
v 0.22224017 0.02780731 -0.23231041
v -0.07558780 -0.09256203 -0.17342090
v 0.16411244 0.01212090 -0.27966164
v -0.10488202 -0.01893860 -0.27886108
v 0.21898133 0.03422438 -0.23960349
v 0.10257290 0.19017437 -0.27948455
v 0.10800393 0.19369936 -0.28657085
v 0.20674691 0.05557620 -0.27791172
v -0.06917248 -0.10629034 -0.16496400
v 0.16034260 0.13614411 -0.16467409
v -0.07346380 -0.09849324 -0.16521409
v -0.04929430 -0.12601169 -0.26507827
v 0.08658890 0.14497859 -0.30801802
v 0.09398502 0.15304359 -0.30812456
v 0.03582725 -0.12038366 -0.28342100
v 0.11185795 0.19517299 -0.27866722
v 0.16316693 0.13073193 -0.15846624
v -0.07094964 -0.10257290 -0.15818716
v 0.17414322 0.02612166 -0.28133681
v 0.05321607 0.16515401 -0.30427543
v -0.04663030 -0.13638756 -0.21964882
v 0.19552507 0.07495141 -0.24563286
v 0.13087409 0.19483558 -0.31669986
v -0.08133564 -0.02497600 -0.31034601
v -0.08385679 -0.06924758 -0.23196183
v 0.02105143 -0.21123977 -0.27162144
v 0.02793829 -0.11296309 -0.28404377
v 0.19339478 0.07926892 -0.25535906
v -0.01598854 -0.15209912 -0.29020552
v -0.07906808 -0.07548372 -0.23953922
v 0.02948493 -0.20589186 -0.25529549
v -0.00082117 -0.21549197 -0.23958114
v 0.14064954 0.19579752 -0.30442318
v 0.04440500 0.15965102 -0.30584582
v 0.01995887 -0.13612630 -0.28552335
v 0.01293264 -0.12869944 -0.28553138
v -0.07764754 -0.08578135 -0.18197979
v 0.19079680 0.08602550 -0.26318165
v 0.13290379 0.19165185 -0.30699636
v -0.09420297 -0.05182871 -0.23209211
v 0.08894937 0.18001750 -0.28637246
v 0.19930714 0.07095279 -0.25547677
v -0.11843604 0.00535944 -0.31364187
v -0.08943662 0.13765093 -0.03183282
v 0.15061046 -0.10276326 -0.02992503
v -0.08363220 0.14163313 -0.02599207
v 0.14602330 -0.10389180 -0.02543636
v -0.10105525 0.13346055 -0.02115202
v 0.15537996 -0.09859768 -0.02444544
v 0.14034636 -0.10466931 -0.01850793
v -0.08237861 0.14362057 -0.01804967
v 0.13242457 -0.10798368 -0.01235353
v 0.14287135 -0.10251526 -0.01261759
v -0.08722704 0.14300757 -0.01225328
v -0.10538848 0.13356289 -0.01283589
v -0.09652746 0.13900651 -0.01154668
v -0.11177971 0.13218182 -0.00446981
v 0.12784369 -0.10911047 -0.00408734
v -0.11792189 0.12834003 0.00143591
v -0.07548826 0.08194934 0.01269198
v -0.04276196 0.10649397 0.01343456
v -0.02639899 0.11467528 0.01431022
v -0.06730660 0.07376768 0.01445657
v -0.05094362 0.09013065 0.01433432
v 0.18410065 -0.07539779 0.02726138
v 0.10263297 -0.11679161 0.02694143
v -0.14250180 0.01249324 0.02693060
v -0.14299395 0.01973323 0.03233754
v 0.10904271 -0.11202002 0.03333754
v 0.18495290 -0.07277676 0.03514579
v 0.17641602 -0.07765033 0.03436060
v 0.21965545 -0.01009225 0.04073750
v 0.16942717 -0.07907682 0.04142245
v 0.16619418 -0.07979984 0.04474800
v 0.22418010 -0.01709752 0.04786956
v 0.16182288 -0.08107508 0.05423529
v 0.23193563 -0.03098022 0.05598731
v 0.19877552 -0.06200235 0.05603271
v 0.23558462 -0.04012940 0.05617382
v 0.22868518 -0.02651949 0.06208757
v 0.19177584 -0.06177496 0.06220319
v 0.20009792 -0.05640994 0.06436107
v 0.20516256 -0.05162892 0.06729996
v 0.22852765 -0.04356846 0.06755738
v 0.22283430 -0.03991564 0.07228077
v 0.08047256 -0.13790032 -0.27407412
v 0.16229895 -0.06157447 -0.27433469
v 0.19177410 -0.01087256 -0.27373915
v -0.09452082 0.09107407 -0.27713141
v 0.26097731 -0.05948051 -0.25914915
v 0.23280780 -0.09505872 -0.25849494
v -0.12901939 0.01794244 -0.26404334
v -0.08727385 0.09109258 -0.29875497
v 0.03631311 0.16020568 -0.25561089
v 0.22876587 0.00276879 -0.27432456
v 0.00860849 0.14377216 -0.26930917
v 0.23787418 -0.10592045 -0.24807786
v -0.11702563 0.07553716 -0.31451927
v -0.13976480 0.04170398 -0.31429783
v 0.24900975 -0.08857913 -0.22107181
v 0.06889061 -0.15380992 -0.27382263
v -0.11223273 0.07807192 -0.30631945
v 0.09252465 -0.16376525 -0.22576131
v 0.17561720 -0.02494422 -0.27373950
v 0.08866540 -0.16512257 -0.22016192
v -0.14942255 0.07420568 -0.21978748
v 0.25785715 -0.08399580 -0.21935542
v 0.09728681 -0.16025458 -0.21765335
v 0.25906393 -0.06997758 -0.26094902
v -0.15341558 0.06876626 -0.23897653
v 0.24406911 -0.10668224 -0.25545022
v 0.26751594 -0.06991681 -0.25689906
v -0.08116869 0.09492005 -0.29261070
v -0.00993193 0.13393977 -0.27095919
v 0.25203421 -0.07567163 -0.25978835
v -0.10408705 0.08580161 -0.27914120
v -0.09201225 0.08982817 -0.29133580
v -0.14062020 0.06119236 -0.32044315
v -0.01533887 0.13326879 -0.26365354
v -0.13623143 0.02756525 -0.24785920
v -0.14313052 0.07765557 -0.21976862
v 0.26531369 -0.09165668 -0.23301981
v 0.18441710 -0.03120341 -0.27135528
v -0.00730565 0.13731072 -0.26304229
v -0.00240273 0.14144696 -0.25634579
v -0.14369776 0.04896318 -0.30700859
v -0.12484298 0.01349115 -0.27149814
v 0.00271709 0.14282210 -0.26101259
v -0.09781563 0.08779079 -0.28616149
v 0.27353832 -0.07691055 -0.25388542
v 0.01221730 0.15565624 -0.22510396
v 0.05134321 -0.17304087 -0.27760155
v 0.27446567 -0.06904324 -0.24816413
v -0.10599554 0.08185363 -0.29953668
v 0.25645023 -0.08917116 -0.22656851
v -0.12049682 0.07377222 -0.30613503
v 0.04391356 -0.18135002 -0.27551597
v 0.23833174 -0.10038951 -0.25804227
v 0.27331023 -0.09285752 -0.23952176
v 0.25780580 -0.09617294 -0.23604951
v 0.23690387 -0.09006464 -0.25968112
v 0.16496365 -0.03855901 -0.27369689
v 0.25034611 -0.09993998 -0.23993427
v 0.22227824 -0.00334441 -0.27523724
v 0.02810700 0.15814071 -0.24718613
v 0.16854382 -0.04631594 -0.27309507
v 0.27402662 -0.08735104 -0.23172571
v 0.19951356 -0.01850549 -0.27149290
v 0.24301112 -0.08390115 -0.25958890
v 0.21469001 -0.00566506 -0.27398645
v -0.07918195 0.12835051 -0.10449082
v -0.07793535 -0.10195815 -0.09239577
v 0.15757731 0.12521427 -0.08502724
v -0.07686654 -0.10614853 -0.08461229
v 0.09632418 0.17194621 0.02262706
v 0.18849466 0.04936171 0.02483699
v -0.09841256 -0.01830919 0.02606158
v -0.11456701 -0.03273433 0.02825719
v 0.11311503 0.19215063 0.02748736
v -0.11866412 -0.02583140 0.02660577
v -0.02297914 -0.18056623 0.02677028
v -0.00531193 -0.16966783 0.02837175
v -0.10621839 -0.01113242 0.02615135
v 0.19171437 0.04268163 0.03409654
v -0.10657815 -0.01908635 0.03167006
v -0.03034207 -0.18294870 0.03423870
v 0.09998923 0.20971654 0.03762188
v 0.10125120 0.19093092 0.03493867
v -0.11336197 -0.02476364 0.03437737
v 0.10885898 0.19928548 0.03555166
v -0.03687057 -0.18048205 0.03989398
v 0.00469963 -0.16320430 0.04068616
v -0.04238543 -0.17135592 0.04090551
v -0.00052358 -0.16468282 0.04800998
v -0.11054673 -0.03902216 0.04701626
v 0.00591655 -0.16095735 0.04888983
v -0.03674412 -0.17267832 0.04916716
v 0.01060151 -0.15533106 0.05361356
v 0.01245272 -0.12148845 0.04989123
v 0.17409676 0.01357498 0.05146720
v 0.16177642 0.02467841 0.04797365
v 0.02019044 -0.11349854 0.04882765
v 0.17176004 0.03506266 0.04999601
v 0.18275590 0.05581616 0.05476830
v 0.17630949 0.06369464 0.05654372
v -0.00694484 -0.13910675 0.05357968
v 0.02886390 -0.14429818 0.05554965
v 0.19419080 0.01160780 0.06282422
v 0.19986145 0.02173289 0.06485741
v 0.00816140 -0.13837255 0.06797129
v 0.01888935 -0.14912915 0.07009355
v 0.01357148 -0.14424963 0.07300170
v -0.08104818 0.07100343 -0.32269709
v -0.10984257 0.08311979 -0.27875734
v -0.08670311 0.09118270 -0.30625169
v -0.14824301 0.06343791 -0.27873848
v 0.03874448 0.16489798 -0.23845120
v -0.13935300 0.04403196 -0.29160790
v 0.07429894 -0.15184449 -0.27357359
v -0.00118268 0.14898803 -0.22698800
v 0.26905105 -0.05858319 -0.22601489
v 0.01545867 0.15714350 -0.22532925
v 0.26387149 -0.09721765 -0.26125954
v 0.23677952 -0.10406819 -0.24253435
v 0.23977394 -0.09418900 -0.22519652
v -0.11938295 0.07620080 -0.29257192
v 0.27117226 -0.06260906 -0.22066489
v 0.22216891 -0.10011742 -0.21905608
v -0.13031524 0.01031964 -0.21980006
v 0.02862324 0.15984976 -0.24022033
v 0.25942544 -0.10296375 -0.25381242
v -0.11249994 0.07878761 -0.29883776
v 0.23070126 -0.05482942 -0.26802834
v 0.18437903 -0.01124839 -0.27393056
v 0.03292294 0.16379075 -0.23216546
v 0.08629864 -0.16621200 -0.27038462
v 0.24351409 -0.09076356 -0.22000649
v 0.02037032 0.16096328 -0.21908647
v 0.19155056 -0.03082479 -0.26993788
v -0.13638407 0.02582826 -0.24006245
v -0.12149369 0.07417040 -0.29925131
v 0.23717351 -0.06991785 -0.26239227
v 0.21457789 -0.03853037 -0.26970386
v 0.00011526 0.15177638 -0.21992161
v -0.14837923 0.05570648 -0.28629562
v 0.24978202 -0.10246497 -0.24560701
v 0.09460919 -0.15911556 -0.27110065
v 0.26589141 -0.05371136 -0.21981054
v 0.09989353 -0.17012050 -0.26098395
v 0.25015890 -0.10569830 -0.25512294
v -0.08921867 0.07936777 -0.32237261
v 0.02245765 0.15012915 -0.27089038
v -0.13539420 0.02047965 -0.21919335
v 0.00679395 0.15283995 -0.22608056
v 0.22249829 -0.05979312 -0.26721835
v 0.20750661 -0.04635332 -0.26985580
v 0.26626270 -0.09220226 -0.25671987
v 0.01292531 0.14522448 -0.27143282
v 0.23785322 -0.09828786 -0.23379558
v -0.14292723 0.07032966 -0.26294100
v -0.10548384 0.08146453 -0.30626391
v 0.27575593 -0.06918890 -0.23968767
v 0.27616913 -0.09392843 -0.24843028
v 0.23078089 -0.06174947 -0.26496755
v 0.02528058 0.15639638 -0.24994164
v -0.08996788 0.08894692 -0.31546584
v -0.09627598 0.08377750 -0.31918503
v -0.06847880 0.12655204 -0.15295068
v 0.16066255 -0.11937457 -0.15201005
v 0.08159621 -0.14312947 -0.27358617
v -0.12511577 0.07534645 -0.28403679
v -0.00709643 0.14494506 -0.23215079
v -0.12996665 0.07410020 -0.27889915
v 0.17014809 -0.11470393 -0.15146377
v -0.13169561 0.01417819 -0.22542460
v 0.22980639 -0.09862562 -0.22570124
v -0.14256607 0.04830023 -0.29895057
v 0.24393533 -0.10044680 -0.23934782
v -0.07545508 0.12342209 -0.14543406
v -0.08215821 0.09270838 -0.31487205
v 0.27384953 -0.08551904 -0.25416939
v 0.19876050 -0.02368923 -0.27072098
v 0.24444179 -0.07626821 -0.25969090
v 0.16232864 -0.11722227 -0.14488149
v -0.13521885 0.06978303 -0.28637700
v -0.14277774 0.06598770 -0.28642904
v -0.07805481 -0.10848769 -0.04791462
v 0.15743864 0.12455517 -0.04736974
v 0.15826959 0.11975564 -0.03795580
v -0.13177560 0.00098219 0.02284676
v 0.07587038 0.14591397 0.02299730
v 0.08261997 0.15292413 0.02296621
v 0.19656455 0.03390967 0.02680416
v -0.08181032 -0.03872842 0.02899942
v 0.09632418 0.13921992 0.02704482
v 0.08814252 0.13103861 0.02648422
v 0.18777338 0.05038127 0.02760717
v 0.20718701 0.01246600 0.02662428
v -0.12118317 -0.01883172 0.02685586
v -0.11131027 -0.00912333 0.02840773
v -0.12823908 0.00466052 0.02649714
v -0.09005451 -0.03920519 0.03041996
v -0.08203736 -0.04728521 0.03079056
v -0.09738566 -0.02571823 0.02845768
v -0.13385664 0.00560638 0.03459043
v -0.11338328 -0.01845170 0.03416570
v -0.09843910 -0.03253873 0.03298057
v -0.10427950 -0.02497949 0.03361907
v -0.12078883 -0.01088897 0.03354712
v 0.20387544 0.01743982 0.03519435
v 0.20280872 0.02303328 0.04028134
v 0.19919886 0.02820829 0.03445631
v 0.19439898 0.03785835 0.03438680
v -0.10322152 -0.04459396 0.03752687
v -0.09857043 -0.04168197 0.03787267
v -0.12544131 -0.00326023 0.03456039
v -0.12704942 -0.01103218 0.04014058
v 0.18290225 0.06352139 0.04106653
v 0.01993651 -0.15617353 0.03971550
v 0.02873047 -0.15070826 0.04157055
v 0.03719191 -0.14611167 0.04182797
v -0.10811256 -0.03804591 0.04745531
v 0.01318587 -0.15831011 0.04838476
v 0.18493858 0.05561008 0.04767920
v 0.17895812 0.06431671 0.05025937
v 0.17813939 0.01240627 0.05232679
v 0.17102724 0.04300507 0.05007041
v -0.02554673 -0.17226092 0.06748438
v 0.16390881 0.04929395 0.04708437
v 0.00632730 -0.12258904 0.04895549
v -0.00039120 -0.11516009 0.04624713
v -0.00797069 -0.13477282 0.05047279
v -0.01821733 -0.13077071 0.04783673
v -0.03635013 -0.17121586 0.05618186
v 0.00441357 -0.15820882 0.05531074
v -0.00213274 -0.16276874 0.05685703
v 0.18463016 0.01916494 0.05497298
v 0.00265177 -0.16141491 0.06017768
v -0.00936120 -0.14286995 0.05722622
v 0.03486916 -0.13529186 0.06132543
v 0.02901793 -0.12845250 0.06262547
v -0.01650339 -0.14677112 0.06102400
v -0.01531372 -0.16676596 0.06939288
v -0.00701924 -0.16001148 0.06997304
v -0.00188684 -0.15190038 0.07103627
v 0.00618654 -0.14395413 0.07068314
v 0.01419077 -0.13715983 0.07036319
v -0.09389665 0.09048098 -0.28296099
v 0.16228253 -0.05558667 -0.27433678
v -0.13157092 0.02204550 -0.26232381
v 0.26097731 -0.05398066 -0.25918269
v 0.24474008 -0.09808982 -0.25851800
v -0.09719914 0.08930599 -0.27938396
v 0.22272707 0.00502237 -0.27622083
v 0.24382391 -0.10446393 -0.24808065
v -0.10746883 0.08205552 -0.29114474
v -0.02079820 0.12790098 -0.27724249
v -0.14256537 0.05627267 -0.32148367
v 0.17053580 -0.03827679 -0.27276395
v -0.11703191 0.07544180 -0.30637254
v 0.08738841 -0.16629233 -0.22617102
v 0.09323685 -0.16276385 -0.22024191
v 0.18443421 -0.02590126 -0.27173111
v 0.19139757 -0.01891450 -0.27220719
v 0.25799442 -0.07655672 -0.26020085
v -0.09054840 0.08934196 -0.29918669
v 0.22833939 -0.00361371 -0.27486350
v -0.08198741 0.09359416 -0.29870049
v -0.01535144 0.13143051 -0.27156241
v -0.00539716 0.14277949 -0.24557034
v -0.12869979 0.01980064 -0.27091309
v 0.25040584 -0.09651559 -0.23591714
v -0.14242112 0.07731432 -0.22511059
v -0.14947424 0.07348406 -0.22560937
v 0.08445441 -0.16890603 -0.23236455
v 0.20525197 -0.00548413 -0.27378351
v -0.01307340 0.13497401 -0.26107372
v 0.27710487 -0.07463705 -0.25044601
v 0.25034402 -0.09078207 -0.22647595
v -0.08815544 0.09157250 -0.29246958
v 0.00733290 0.14448505 -0.26320995
v 0.22178400 -0.10024770 -0.26016313
v -0.12627191 0.01232977 -0.26317327
v -0.10466162 0.08409221 -0.28658727
v -0.12611613 0.06911031 -0.32030484
v 0.27286315 -0.07018087 -0.25346768
v 0.25013899 -0.06923360 -0.26150578
v 0.01032872 0.15576347 -0.21987166
v 0.04274694 -0.17422635 -0.27721105
v -0.15463633 0.06933175 -0.23191817
v 0.10170527 -0.11267877 -0.27473951
v -0.11201129 0.07810056 -0.31406380
v -0.14359192 0.04884442 -0.31417383
v 0.25117532 -0.08689347 -0.21926216
v 0.25880196 -0.08654628 -0.22399707
v 0.23704777 -0.08516137 -0.26142230
v 0.17659800 -0.03008884 -0.27269863
v 0.05705018 -0.18488863 -0.27429871
v 0.19893515 -0.01092635 -0.27308564
v 0.09745971 -0.16102755 -0.22464500
v 0.23280710 -0.10462984 -0.26191340
v 0.26733361 -0.09472969 -0.23764924
v -0.12057821 0.07346205 -0.31413820
v -0.00546247 0.13609521 -0.27087746
v -0.13568236 0.02829421 -0.25548096
v 0.23850953 -0.10777830 -0.25557492
v 0.03035395 0.15750117 -0.25494166
v 0.03522299 0.16128987 -0.24768596
v 0.16220953 -0.04599635 -0.27357953
v -0.14021119 0.04300786 -0.30636765
v 0.27298959 -0.08942998 -0.23462618
v 0.05088005 -0.18086591 -0.27584849
v 0.26640381 -0.07707262 -0.25633636
v 0.25751310 -0.09973705 -0.24047915
v -0.08131504 0.12908296 -0.09839160
v 0.15820847 -0.10982266 -0.09847648
v 0.15714315 0.12662853 -0.09096789
v -0.07534330 -0.10728091 -0.09134512
v -0.07862833 -0.10266092 -0.08491337
v 0.09887257 0.18626377 0.02274546
v 0.10029835 0.19045450 0.02655757
v -0.09823267 -0.01033850 0.02370495
v -0.11723939 -0.03114927 0.02514575
v -0.10412337 -0.01622920 0.02714960
v -0.07615574 0.00831544 0.02183034
v 0.04680669 0.12330648 0.02182789
v 0.19178248 0.04253423 0.02662568
v -0.03755551 -0.18608703 0.02565012
v -0.02888939 -0.18438986 0.02661170
v 0.11019780 0.19704342 0.02615449
v -0.11650554 -0.02397670 0.03115451
v 0.11063789 0.19235950 0.03379651
v 0.09987222 0.19935045 0.03708817
v 0.10139406 0.20450590 0.03785346
v 0.19012128 0.04714549 0.03663689
v -0.11069029 -0.03179161 0.03403088
v -0.02265465 -0.17994066 0.03482480
v 0.00006636 -0.16591999 0.04008259
v 0.00847576 -0.16120848 0.04060128
v 0.11655234 0.18976012 0.03952374
v -0.03907281 -0.17530774 0.04271167
v 0.00368287 -0.16285851 0.04687270
v -0.11060995 -0.03685694 0.04395896
v 0.20365783 0.02463091 0.05554022
v 0.17230423 0.04771134 0.05268656
v 0.01958443 -0.11991771 0.05080321
v 0.17549251 0.01914398 0.05142494
v 0.01450862 -0.11440773 0.04812524
v 0.17067097 0.02713284 0.04983220
v 0.16305760 0.03519749 0.04740257
v 0.03569313 -0.14172884 0.05453078
v 0.17675727 0.05642845 0.05815043
v 0.02611048 -0.14149936 0.06005858
v 0.19097179 0.01373320 0.05860101
v 0.19608533 0.01036085 0.06524302
v 0.19151178 0.01983766 0.06293808
v 0.20486462 0.01176428 0.06784310
v 0.01260396 -0.15174739 0.07078164
v 0.01353062 -0.14606661 0.07448162
v 0.02105597 -0.14448330 0.07102090
v 0.08047570 -0.15157868 -0.27333748
v -0.12586744 0.07588225 -0.27922259
v 0.18392496 -0.01845519 -0.27342410
v 0.24409915 -0.07027762 -0.26035035
v -0.12192994 0.07470202 -0.29410249
v 0.27672974 -0.08647468 -0.25110546
v -0.00674086 0.14366283 -0.23910786
v 0.22285142 -0.05383291 -0.26899306
v -0.14043369 0.06985673 -0.27150652
v -0.01313173 0.14284341 -0.23021435
v -0.08129687 0.07947640 -0.32229192
v 0.27213489 -0.06299921 -0.22628943
v 0.00271709 0.15087243 -0.22604528
v 0.19939725 -0.03204868 -0.26997840
v 0.22136136 -0.10173286 -0.22462823
v 0.02133819 0.15989517 -0.22563976
v -0.11782584 0.07598005 -0.29882623
v 0.23732790 -0.09318864 -0.21877246
v 0.22838480 -0.05842113 -0.26752153
v -0.08947295 0.07121440 -0.32353607
v 0.17411039 -0.11087855 -0.13973686
v 0.23883821 -0.10194872 -0.23966636
v 0.25042715 -0.10335774 -0.24977224
v -0.11368611 0.07904573 -0.29237388
v 0.08802656 -0.15984836 -0.27158616
v 0.26541848 -0.08504261 -0.25485120
v 0.01326865 0.14735093 -0.26292214
v -0.00408734 0.14942848 -0.22136660
v -0.14864015 0.06170476 -0.28601654
v -0.14425033 0.06653118 -0.27958165
v -0.10518625 0.08141843 -0.31386122
v 0.26905244 -0.05949343 -0.21934773
v 0.24490565 -0.09193890 -0.22531947
v 0.25686553 -0.10414957 -0.25613587
v -0.08442403 0.09013310 -0.31784866
v -0.13225622 0.01379712 -0.21861074
v -0.13490275 0.02081252 -0.22517486
v 0.03521635 0.16296120 -0.23993007
v 0.02809058 0.16127450 -0.23304147
v -0.13569807 0.07094371 -0.27928476
v 0.27363472 -0.09204404 -0.25627593
v 0.20732813 -0.03836656 -0.26979677
v 0.09441289 -0.16738210 -0.26865042
v 0.01894175 0.14819062 -0.27120509
v 0.01365426 0.15765904 -0.21883813
v 0.24315153 -0.09629694 -0.23377567
v 0.26597210 -0.05361042 -0.22572778
v -0.14581373 0.05302222 -0.30078397
v 0.27604723 -0.06943200 -0.23182316
v 0.03650242 0.16550539 -0.23219794
v -0.01901265 0.14128035 -0.22425834
v -0.08793609 0.09070243 -0.31198276
v -0.09001853 0.08926268 -0.30631630
v -0.14296845 0.04842388 -0.29266344
v -0.07573241 0.12284193 -0.15203834
v 0.07643273 -0.14323321 -0.27399029
v 0.16509498 -0.11694913 -0.15037295
v 0.22304946 -0.06382771 -0.26569546
v -0.12775917 0.07359338 -0.28659460
v -0.14869568 0.05509698 -0.27893722
v 0.00573771 0.15418959 -0.21896701
v -0.12970643 0.01034548 -0.22620700
v -0.07071597 0.12607456 -0.14519584
v -0.13916788 0.04429463 -0.29788840
v 0.21476825 -0.04617658 -0.26983449
v 0.02730678 0.15604919 -0.25527628
v 0.16869087 -0.11417231 -0.14532508
v -0.08212049 0.09353968 -0.30630827
v 0.02113735 0.15129471 -0.26303984
v 0.19178283 -0.02384606 -0.27077966
v -0.13666525 0.02508882 -0.23192445
v 0.23699328 -0.07737370 -0.26232171
v 0.22872186 -0.09719949 -0.21923072
v 0.25797311 -0.10236053 -0.24768700
v 0.15889447 -0.11947342 -0.14724056
v -0.07777503 -0.11005005 -0.04032570
v 0.15695349 0.12405849 -0.04016957
v 0.02674967 -0.15564891 0.02434310
v 0.19502315 0.03694671 0.02676190
v -0.08776040 -0.03668300 0.02891873
v 0.08236743 0.14643895 0.02390684
v 0.08814252 0.13921992 0.02561834
v 0.09632418 0.13103861 0.02776400
v 0.20418037 0.01790262 0.02659145
v 0.19926033 0.02804762 0.02644754
v -0.12252478 -0.01095988 0.02912411
v -0.12896874 -0.00409817 0.02767179
v -0.13539140 0.00585682 0.02753801
v -0.11873817 -0.01774021 0.03151043
v -0.09822918 -0.02850134 0.02998266
v -0.07957874 -0.04531733 0.02986285
v -0.11333543 -0.01113801 0.03168019
v -0.12861247 0.00334685 0.03417688
v -0.10459072 -0.03162884 0.03640217
v -0.08980372 -0.04636589 0.03376507
v 0.18800705 0.05111512 0.03435641
v 0.20689885 0.01230218 0.03378952
v 0.01304511 -0.15891787 0.04048846
v 0.19643776 0.03386986 0.03487685
v -0.09762212 -0.04759677 0.03799561
v -0.10329661 -0.04031662 0.03828412
v -0.13393942 -0.00257319 0.03327782
v 0.03388976 -0.14860452 0.04005675
v -0.12453387 -0.01693755 0.03946122
v 0.18578420 0.05754477 0.04112905
v 0.18098816 0.06496080 0.04461283
v 0.01958758 -0.15531639 0.04656952
v 0.18202065 0.06118048 0.04659572
v 0.02809652 -0.14946097 0.04889751
v 0.20365714 0.02497041 0.04920348
v 0.03550416 -0.14505857 0.04861110
v 0.17061229 0.04990590 0.05148502
v 0.02269028 -0.12258904 0.05272498
v 0.16334541 0.04331418 0.04703407
v -0.01498784 -0.13770612 0.05064568
v 0.00632730 -0.11305076 0.04667780
v 0.17813939 0.01649710 0.05217206
v 0.00061579 -0.12134384 0.04771972
v -0.00737691 -0.12974800 0.04875884
v -0.00079183 -0.16102371 0.05545919
v 0.18390120 0.01240627 0.05375677
v 0.03679582 -0.13789508 0.05782385
v -0.03676927 -0.17206846 0.06116371
v 0.02635952 -0.12699179 0.05948924
v -0.01623409 -0.14377844 0.05553533
v 0.03577486 -0.12815770 0.06271070
v 0.02840598 -0.13702501 0.06302890
v 0.00497976 -0.15930173 0.06264748
v -0.00768568 -0.14443370 0.06217350
v -0.00016626 -0.16398251 0.06354165
v -0.00788023 -0.16598461 0.06823570
v -0.00105135 -0.14611097 0.06920950
v -0.01522360 -0.15983404 0.07051164
v -0.01803500 -0.14951091 0.06454934
v 0.00579360 -0.15146621 0.07224130
v 0.02064277 -0.13543122 0.07087350
v 0.16063251 0.11852755 -0.29766905
v 0.11382617 0.20351288 -0.26099443
v 0.16909989 0.11748389 -0.29289187
v 0.08459483 0.18561235 -0.24811069
v 0.19441295 0.08033739 -0.28077132
v -0.10831724 -0.02648037 -0.23472433
v -0.11533683 -0.01337309 -0.24010716
v 0.10000879 0.19350376 -0.25542507
v 0.11533893 0.15502508 -0.30416645
v -0.10104058 -0.04305606 -0.22536103
v 0.09999168 0.13926707 -0.30413467
v 0.14866425 0.12968687 -0.30089609
v -0.12267567 -0.00342824 -0.22616020
v 0.20408361 0.06066563 -0.24752773
v 0.19968157 0.07176697 -0.27914609
v 0.10195641 0.19639968 -0.24805655
v 0.16394269 0.12298024 -0.29545039
v 0.18632105 -0.00804754 0.05552730
v -0.08696298 -0.05351821 -0.30514620
v 0.13358944 0.14483119 -0.30128869
v 0.14081790 0.15275892 -0.30125900
v 0.09574611 0.18761900 -0.29407804
v 0.08374222 0.17972655 -0.26958650
v -0.10378142 -0.03914651 -0.21954613
v 0.00878383 -0.18209854 -0.28104166
v -0.05500966 -0.11569764 -0.28633159
v 0.11691141 0.20485274 -0.25529758
v 0.21707389 0.03551883 -0.22614448
v -0.10504793 -0.03107522 -0.23936284
v 0.21628450 0.04208679 -0.26264271
v 0.17484947 0.11021701 -0.28996626
v 0.05920352 0.18107933 -0.21932713
v 0.17451521 0.12212415 -0.28083803
v 0.05844138 0.17787952 -0.22675154
v 0.13435472 0.19069201 -0.22539037
v 0.19249258 0.07098876 -0.28446257
v 0.15566358 0.13812596 -0.29726842
v -0.02159911 -0.17941219 -0.24780891
v -0.02508114 -0.17348272 -0.25556339
v -0.09935598 -0.04843820 -0.22025378
v 0.08043274 0.17917118 -0.26519249
v 0.21398096 0.04914969 -0.27124421
v -0.08065209 -0.06123392 -0.30535193
v -0.00885613 -0.19556349 -0.27872974
v 0.15674985 0.15544702 -0.28680557
v 0.05311653 0.17308873 -0.23299431
v -0.11414891 -0.01755858 -0.23276938
v -0.11845735 -0.00990783 -0.23222239
v -0.05744592 -0.11211817 -0.27875804
v -0.05255837 -0.12120692 -0.27924284
v 0.17654491 0.11669485 -0.28570428
v 0.00043451 -0.18321975 -0.28324146
v -0.07677747 -0.09339402 -0.15278372
v 0.13069631 0.19652578 -0.22024680
v 0.00483970 -0.17275167 -0.28227779
v 0.13226844 0.16912294 -0.30458490
v 0.06597303 0.18199585 -0.22548887
v -0.00795323 -0.18906050 -0.28322365
v -0.12505954 0.00378381 -0.23945609
v 0.02821877 -0.20183911 -0.27615272
v 0.07348546 0.17396683 -0.27129870
v 0.10970810 0.19993515 -0.25546245
v -0.01509856 -0.18733398 -0.27866583
v -0.03281886 -0.15201843 -0.28699873
v 0.12540044 0.20591247 -0.24752598
v 0.20759288 0.05572325 -0.25557282
v 0.15983824 0.12959257 -0.13848328
v -0.07014943 -0.10721420 -0.12976721
v -0.07560806 -0.09858720 -0.12992543
v -0.08942929 0.13275011 -0.06330693
v -0.08162730 0.13626287 -0.06375017
v 0.14958880 -0.10880694 -0.06319271
v -0.08707615 0.13537010 -0.05337535
v 0.15643061 -0.10478911 -0.05608860
v -0.10280028 0.12832221 -0.04790798
v -0.09679816 0.13255870 -0.03995336
v 0.14133449 -0.10851773 -0.03941616
v -0.07548826 0.04922304 0.01668536
v -0.01003567 0.09831231 0.01813874
v -0.05912494 0.06558602 0.01639336
v -0.06730660 0.04104173 0.01865673
v -0.05094362 0.05740471 0.01836787
v 0.00632730 0.11467528 0.01814817
v -0.00185436 0.12285695 0.01622221
v -0.01821733 0.10649397 0.01617785
v -0.12262013 0.00987115 0.02411606
v -0.17083060 0.07690601 0.02312339
v 0.05039385 -0.14311690 0.02607904
v 0.08377645 -0.12494707 0.03378533
v 0.04050313 -0.14828842 0.02571718
v -0.13384651 0.02770427 0.02831901
v -0.13686853 0.03076611 0.02995961
v 0.04421394 -0.14502574 0.03480105
v 0.08763850 -0.12081398 0.04157579
v 0.09620752 -0.11642311 0.04141931
v 0.21238997 0.00356166 0.04207492
v 0.21669107 -0.00280302 0.04891323
v 0.09175797 -0.11751323 0.04911267
v 0.07231989 -0.12691983 0.04824085
v 0.06710157 -0.12644271 0.05505332
v 0.05847841 -0.12620135 0.06023077
v 0.04460479 -0.11901725 0.05852871
v 0.05217451 -0.11388590 0.05696076
v 0.19450272 -0.02850134 0.05995274
v 0.19109369 -0.02918314 0.05930656
v 0.17699129 -0.01622920 0.05467015
v 0.05078190 -0.12025826 0.06282946
v 0.21565858 -0.04978504 0.06426432
v 0.20141228 -0.03151008 0.06266564
v 0.20161906 -0.04164809 0.06849067
v 0.19120581 -0.04866838 0.06839427
v 0.21270188 -0.02349783 0.07315014
v 0.21018493 -0.03412204 0.07142991
v 0.21618985 -0.03188731 0.07521093
v 0.22621958 0.02332598 -0.26937379
v 0.08203561 0.16775304 -0.30921013
v 0.02793620 -0.15385183 -0.28136825
v 0.23361465 0.01020193 -0.26102028
v 0.00265806 -0.11315694 -0.28801340
v -0.08266887 -0.00447155 -0.31245814
v -0.09255609 -0.04805713 -0.29296697
v -0.08752813 -0.05978054 -0.24788540
v -0.04812140 -0.12814338 -0.25552217
v -0.10630396 -0.02449993 -0.29884230
v 0.10420930 0.18975488 -0.30525762
v 0.01752400 -0.20693867 -0.23804289
v 0.14077808 0.19059037 -0.28611573
v 0.06684484 0.16976493 -0.29284157
v 0.22437011 0.02781429 -0.26290816
v 0.17949602 0.10281809 -0.23223078
v 0.23175121 0.01394906 -0.25575724
v 0.17631403 0.06266774 -0.28697637
v -0.04236203 -0.14815639 -0.23221017
v 0.05071554 0.13590310 -0.31097403
v -0.09532033 -0.03822335 -0.27897424
v 0.19902142 0.02001021 -0.27972695
v 0.22769251 0.02052226 -0.24739256
v -0.00882819 -0.20418875 -0.26321763
v 0.01207899 -0.15975895 -0.28209231
v 0.05090450 0.16114526 -0.28631797
v 0.05566002 0.16428848 -0.29162955
v 0.03542976 -0.14939844 -0.28253276
v 0.16250678 0.05493386 -0.28915871
v -0.11021281 -0.01773392 -0.29936133
v 0.05408649 0.16487773 -0.27691451
v 0.08179006 0.19008146 -0.22549865
v -0.06266634 -0.11040876 -0.20671827
v 0.09507898 0.12981751 -0.30318706
v 0.15617877 0.14529294 -0.22621434
v 0.11239131 0.19494596 -0.30472741
v 0.09279989 0.19292010 -0.24061607
v 0.18446740 0.09538600 -0.24757733
v 0.05881966 0.15284764 -0.31157549
v -0.03577870 -0.15835412 -0.21934529
v -0.00699863 -0.11305355 -0.29019818
v 0.18771435 0.08787147 -0.25559133
v -0.05080635 -0.12869211 -0.23193912
v -0.10673917 -0.01981671 -0.30750877
v 0.01171887 -0.20819051 -0.23380640
v -0.09724280 -0.01793126 -0.31509210
v 0.16014980 0.13705260 -0.19655477
v 0.16758643 0.04289190 -0.28679230
v 0.04412383 0.15928567 -0.27877375
v -0.05378995 -0.12061523 -0.22635230
v 0.15232476 0.15897375 -0.27144889
v 0.04356148 0.13739979 -0.31263662
v 0.00606814 -0.12041893 -0.28703889
v 0.19511222 0.07335377 -0.21905399
v -0.05870335 -0.11267458 -0.22511968
v 0.14364851 0.17861023 -0.26889666
v 0.01982474 -0.15966010 -0.28063754
v 0.05935022 0.16810303 -0.29867639
v 0.01804862 -0.20821496 -0.24155635
v -0.11463337 -0.00381035 -0.28644965
v -0.10521873 -0.01100493 -0.31448015
v -0.07748792 -0.08586343 -0.21290132
v -0.03319259 -0.16011208 -0.23959686
v 0.05973898 0.14401351 -0.31060134
v 0.07447358 0.18817052 -0.21815213
v 0.02604412 -0.20057993 -0.22619443
v 0.16870415 0.12304102 -0.23236420
v 0.20934211 0.02620898 -0.28109091
v -0.10236402 -0.02884224 -0.29265750
v -0.00586590 -0.20963271 -0.27119042
v -0.04599565 -0.13577701 -0.24778236
v -0.04384160 -0.14334742 -0.23916130
v 0.19705634 0.07173763 -0.22511758
v 0.13256114 0.20341962 -0.29264877
v 0.17215474 0.11725301 -0.23993811
v 0.13945010 0.18340766 -0.26313136
v -0.08958611 0.00466820 -0.31406904
v -0.01604687 -0.19508637 -0.21972357
v 0.11165292 0.18988691 -0.31131633
v 0.22065721 0.03479022 -0.27063995
v -0.03083980 -0.16737337 -0.23184901
v -0.08035276 -0.06882948 -0.26236293
v 0.19162251 0.01209715 -0.27758723
v 0.14870826 0.16843694 -0.27099552
v 0.19020965 0.08455710 -0.23208617
v 0.19243949 0.07913235 -0.22547210
v 0.18174751 0.09998714 -0.23999504
v 0.09437272 0.18268569 -0.30563625
v -0.06962026 -0.10060572 -0.18876745
v -0.11263162 -0.01071119 -0.29222683
v 0.09481352 0.19593863 -0.23167437
v -0.03827819 -0.15144491 -0.23944492
v -0.06583855 -0.10690368 -0.19639095
v 0.07393883 0.16060911 -0.31015565
v -0.00731683 -0.13599532 -0.28813495
v 0.01403778 -0.16744497 -0.28107904
v 0.17583621 0.11018173 -0.23978757
v 0.21421953 0.03513811 -0.27758409
v 0.16391544 0.12963588 -0.18857429
v 0.08760916 0.17664340 -0.30699532
v 0.13707286 0.19870602 -0.27892115
v 0.03749194 -0.19679053 -0.27404408
v 0.02773885 -0.14401945 -0.28419327
v -0.00022215 -0.21710637 -0.27093789
v -0.01859526 -0.18865044 -0.22503515
v 0.14957553 0.16224656 -0.26258507
v 0.00682434 -0.22133901 -0.26311459
v 0.04400891 0.13003476 -0.31053043
v 0.15103974 0.15508865 -0.22620525
v 0.02093372 -0.20369626 -0.23307744
v 0.06714034 0.15269710 -0.31075572
v -0.09867277 0.00460917 -0.31904426
v -0.07402126 -0.09241987 -0.20478428
v -0.01492776 -0.12099840 -0.29072979
v 0.18373355 0.05689265 -0.28623938
v -0.11921669 0.00528853 -0.28667808
v 0.15266391 0.15124058 -0.22005120
v 0.08719596 0.19149432 -0.23270581
v -0.08502095 -0.06219096 -0.25613098
v -0.08946876 -0.05409942 -0.25549458
v 0.20622334 0.03508956 -0.28304482
v -0.16551482 0.06559230 0.02382441
v 0.14728492 -0.09894312 -0.00416663
v -0.09479396 0.14272884 -0.00219561
v 0.15143478 -0.09637867 0.00134719
v -0.08914392 0.13249652 0.00711459
v -0.08177295 0.13642948 0.00740869
v 0.20232007 -0.06530973 0.02944196
v -0.06730660 0.09831231 0.01173564
v -0.07548826 0.10649397 0.00996686
v -0.05912494 0.12285695 0.01006745
v -0.05094362 0.11467528 0.01173075
v 0.15629474 -0.09309434 0.01110413
v 0.13094325 -0.10444611 0.01884499
v -0.04276196 0.07376768 0.01727740
v -0.03458030 0.08194934 0.01722571
v 0.13993595 -0.09971853 0.01915970
v 0.20397883 -0.06606838 0.02451320
v 0.15052629 -0.09489141 0.01973148
v -0.15579630 0.05397682 0.02574129
v -0.14225067 0.04255274 0.02666305
v -0.14769673 0.04867187 0.02679298
v 0.23911449 -0.03685694 0.02643322
v 0.23267961 -0.02869799 0.02849331
v 0.16369924 -0.08675201 0.02652473
v 0.24114349 -0.04415282 0.02665397
v -0.16226437 0.05459645 0.03126663
v -0.14844559 0.04202777 0.03060124
v 0.16910268 -0.08211804 0.03260370
v 0.22863244 -0.02396272 0.03396591
v 0.23787802 -0.04573333 0.03438575
v 0.19144612 -0.06736493 0.04133828
v 0.23010922 -0.04852971 0.04147485
v 0.20820553 -0.05825766 0.04447870
v 0.20510527 -0.05955071 0.04797714
v 0.10007446 -0.11143916 0.05238757
v 0.23409631 -0.03317408 0.04840886
v 0.21576162 -0.05420665 0.04845182
v 0.22481230 -0.04922235 0.04842493
v 0.17906325 -0.07166603 0.05733659
v 0.16435030 -0.05222899 0.05891082
v 0.18323197 -0.06749312 0.06152138
v 0.16069084 -0.06234570 0.06395555
v 0.17052672 -0.05590837 0.06358671
v 0.16216937 -0.06974112 0.06790248
v 0.17781456 -0.05621050 0.06849347
v 0.18328472 -0.06108338 0.06791785
v 0.22065197 -0.02117403 0.07547848
v -0.03440636 -0.15531534 -0.26154840
v -0.01680028 -0.16521688 -0.28927292
v -0.08723822 -0.03618247 -0.31124996
v -0.09781179 -0.02818628 -0.31101140
v 0.19543880 0.08194934 -0.26762072
v 0.21826739 0.03886429 -0.26423510
v 0.11163196 0.19613982 -0.29181153
v 0.20552127 0.04583952 -0.28160192
v 0.16232515 0.02866830 -0.28119675
v -0.11221806 -0.01116037 -0.30671344
v -0.09504824 -0.02885237 -0.31177040
v 0.17265072 0.11789465 -0.25500384
v 0.06676066 0.16910233 -0.30660202
v 0.08188402 0.15197268 -0.30889683
v 0.17960709 0.10349990 -0.24749874
v 0.08107717 0.17493714 -0.28592677
v 0.00106043 -0.21439836 -0.23089965
v 0.18087814 0.02155685 -0.28241296
v 0.20860511 0.04338439 -0.28007868
v 0.18986490 0.08454174 -0.24780332
v 0.10241746 0.19132212 -0.29268474
v 0.21901067 0.03237980 -0.22699185
v 0.01257288 -0.21699530 -0.27092042
v -0.08548725 -0.06405929 -0.23953364
v -0.00153511 -0.21460549 -0.22622901
v 0.14113924 0.17696999 -0.22626952
v -0.01286942 -0.20057120 -0.22620141
v -0.08096610 -0.07648128 -0.22653917
v 0.14563594 0.16641772 -0.22622516
v 0.03610074 -0.19551355 -0.22621014
v -0.00850720 -0.21085870 -0.22611025
v 0.17743034 0.10891976 -0.25598847
v 0.01220333 -0.11297706 -0.28602736
v 0.15802964 0.14745048 -0.27097142
v 0.10793408 0.19395049 -0.29888840
v 0.19898824 0.05490731 -0.28337105
v 0.17635629 0.01296897 -0.27823376
v -0.01146564 -0.20671234 -0.21974836
v -0.08540412 -0.07145611 -0.21937917
v 0.09901298 0.19520967 -0.24615015
v -0.04734075 -0.13610883 -0.23207535
v 0.04233234 0.15601112 -0.28673082
v 0.01411288 -0.21237390 -0.24633562
v 0.07457872 0.14460241 -0.30861810
v 0.20141053 0.06320948 -0.27984257
v -0.01927008 -0.18344155 -0.24768526
v 0.11790862 0.19909477 -0.28667040
v 0.13810535 0.18226375 -0.22048326
v -0.00099651 -0.15965766 -0.28588031
v 0.03633232 -0.20368228 -0.26288336
v 0.03012028 -0.20547202 -0.27218414
v 0.02879544 -0.19785690 -0.21878434
v -0.08217148 -0.03862118 -0.30983116
v 0.09278417 0.18472028 -0.29201237
v -0.01138950 -0.19947689 -0.26951105
v 0.18444225 0.01926379 -0.28106577
v 0.02131479 -0.21182762 -0.25524764
v 0.19736616 0.07720290 -0.26406046
v 0.05901177 0.16046031 -0.30992582
v 0.22081054 0.02710559 -0.21962262
v 0.15371456 0.15408655 -0.26310446
v 0.16968948 0.12286184 -0.24781869
v 0.18179641 0.09989423 -0.25544778
v 0.00677893 -0.16734019 -0.28271684
v 0.20231867 0.07275859 -0.27062143
v -0.01339125 -0.19489915 -0.26334896
v 0.08668460 0.12967255 -0.30530477
v -0.09150963 -0.05421852 -0.23937087
v 0.16242400 0.03449333 -0.28301163
v 0.01917297 -0.21534946 -0.26335245
v -0.10239686 -0.02993795 -0.30434634
v -0.08969160 -0.04673788 -0.30683464
v -0.02968437 -0.16609394 -0.24753367
v 0.09413346 0.13881789 -0.30549618
v -0.06806804 -0.10598995 -0.18195638
v -0.05509977 -0.11580208 -0.26290921
v -0.05217590 -0.12160650 -0.27157079
v 0.16334087 0.13063728 -0.17369439
v -0.04069804 -0.14482001 -0.24784279
v -0.11191383 0.00684355 -0.31884308
v 0.03533057 -0.13614446 -0.28553941
v 0.02451599 -0.20642767 -0.24703803
v 0.08857249 0.18782717 -0.24779773
v 0.17475412 0.11491804 -0.26283726
v 0.16012779 0.13667258 -0.18161059
v -0.07185150 -0.09856764 -0.17920297
v -0.07098317 -0.10264031 -0.17314531
v 0.09540381 0.19006679 -0.25548480
v 0.16971184 0.02991001 -0.28195190
v -0.07696853 -0.09194030 -0.15810054
v -0.01436785 -0.14305822 -0.28859671
v -0.00725885 -0.15187383 -0.28766272
v 0.02842065 -0.20829634 -0.26279185
v 0.02809372 -0.12821708 -0.28502072
v 0.21302811 0.04716016 -0.27478876
v -0.08858506 -0.06126536 -0.23216860
v -0.08644499 -0.06764261 -0.22599953
v 0.02017717 -0.12021635 -0.28432320
v -0.05027754 -0.12651850 -0.24736287
v 0.18432943 0.09484950 -0.23200444
v 0.00669720 -0.21261666 -0.23947356
v -0.03681189 -0.15121054 -0.25510583
v -0.03242486 -0.15979038 -0.25563814
v 0.22690627 0.01931653 -0.23233591
v 0.07601812 0.17341985 -0.27863299
v -0.00494588 -0.21471342 -0.23019025
v 0.23128247 0.01282716 -0.23949207
v 0.08667866 0.18286068 -0.29987618
v -0.01683870 -0.18831547 -0.27108878
v 0.18795257 0.08883236 -0.23998177
v -0.10750411 -0.01991695 -0.29233476
v -0.05750740 -0.11208533 -0.27122011
v 0.12633303 0.20291351 -0.29820660
v 0.14821646 0.16004676 -0.21992266
v -0.09616456 -0.05386784 -0.21930128
v 0.19143424 0.06292237 -0.28572384
v 0.14026847 -0.10826485 -0.03200258
v -0.07911489 0.14307952 -0.03190478
v -0.09752083 0.13345182 -0.03233964
v 0.13457547 -0.10932668 -0.02484013
v -0.09494066 0.13620524 -0.02376468
v -0.10504339 0.13093976 -0.02399172
v -0.08972059 0.14036627 -0.01714991
v 0.14814102 -0.10071714 -0.01794279
v 0.15456542 -0.09637308 -0.01192740
v -0.04276196 0.12285695 0.01179781
v -0.06730660 0.09013065 0.01263260
v 0.12518563 -0.10861972 0.01131161
v -0.03458030 0.11371021 0.01355262
v -0.05912494 0.07376768 0.01536506
v -0.05912494 0.08194934 0.01437903
v -0.05094362 0.08194934 0.01528403
v -0.02639899 0.10649397 0.01522745
v 0.11941788 -0.10987261 0.02118451
v 0.22730341 -0.02034727 0.02607974
v 0.11530225 -0.11094981 0.02499940
v -0.15127585 0.03278148 0.02640144
v 0.22135089 -0.01004091 0.02665257
v -0.14425696 0.02543776 0.02589148
v -0.14728143 0.02824042 0.03206649
v -0.14368448 0.03459323 0.03187718
v 0.22389997 -0.01610276 0.03505917
v 0.10286769 -0.11322331 0.04058277
v 0.18434829 -0.07037437 0.04840921
v 0.17517885 -0.07489866 0.04909171
v 0.20905325 -0.05747247 0.05604703
v 0.18954042 -0.06696500 0.05584515
v 0.23060415 -0.04590693 0.05627826
v 0.23407920 -0.03587929 0.06040786
v 0.21445285 -0.05226951 0.06151649
v 0.23178649 -0.04328449 0.06471909
v 0.22230199 -0.04798657 0.06279837
v 0.19178248 -0.05427546 0.06947985
v 0.23004914 -0.03244442 0.07053888
v 0.22325484 -0.02468260 0.07015502
v 0.22200091 -0.03171232 0.07793186
v 0.13291287 0.15316933 -0.30067884
v -0.05622063 -0.11464699 -0.27916984
v -0.00563502 -0.19317857 -0.28187227
v 0.20289360 0.06638833 -0.26011283
v 0.10391171 0.19605913 -0.25571009
v 0.12738334 0.15908727 -0.30279865
v 0.00454106 -0.18111775 -0.28198962
v 0.19743182 0.06930591 -0.28156524
v 0.15896328 0.12372702 -0.29786220
v 0.09604335 0.18802382 -0.29988002
v 0.08759833 0.18529590 -0.25485399
v -0.10319567 -0.03848636 -0.22517870
v 0.11669870 0.20451917 -0.24763741
v 0.13403652 0.19038534 -0.21989087
v -0.12205883 -0.00550753 -0.22052063
v -0.01180759 -0.19110941 -0.27968714
v 0.19811887 0.07777189 -0.27788901
v 0.16971114 0.12367532 -0.29143954
v 0.13139383 0.19613493 -0.22616229
v 0.17649146 0.11719154 -0.27869621
v 0.08121095 0.17789978 -0.27148557
v -0.11619118 -0.01418378 -0.23182665
v 0.14140994 0.14488009 -0.30237637
v -0.02233051 -0.15869607 -0.28997429
v -0.08191231 -0.05433030 -0.30732190
v -0.02152192 -0.17957635 -0.25546978
v 0.15836285 0.13564882 -0.29637669
v 0.05988393 0.17998676 -0.22292372
v -0.01291378 -0.19249328 -0.27717333
v 0.00707792 -0.17722392 -0.28115448
v 0.20629494 0.05593736 -0.24747359
v 0.05685633 0.17891551 -0.22222585
v -0.10155543 -0.04410497 -0.22014445
v -0.03615593 -0.14149796 -0.29083982
v -0.01393893 -0.18565567 -0.28180311
v -0.10897390 -0.02330362 -0.24677816
v -0.05744243 -0.11236232 -0.28621772
v 0.16392348 0.11541507 -0.29535189
v -0.09843736 -0.04769248 -0.22573023
v 0.19155510 0.07818195 -0.28374758
v -0.12647030 0.00513799 -0.23194366
v 0.15454656 0.13145775 -0.29762259
v -0.02505948 -0.17377507 -0.24795840
v 0.14795904 0.13746336 -0.30134004
v 0.21278850 0.04913922 -0.26285507
v 0.08132272 0.18023336 -0.26224103
v 0.07432898 0.17658298 -0.26322916
v -0.03371023 -0.15463982 -0.27865360
v -0.10599694 -0.03112517 -0.23247388
v 0.17461790 0.12194636 -0.28484783
v 0.11545768 0.20024252 -0.27325050
v -0.05181090 -0.12084855 -0.28649296
v 0.17638633 0.10191414 -0.28997115
v 0.21662226 0.04324817 -0.27135633
v -0.10799311 -0.02599976 -0.23949521
v -0.00078659 -0.17499862 -0.28447060
v 0.12562224 0.20600922 -0.25537757
v -0.11780803 -0.00936259 -0.23892413
v 0.06638763 0.18401018 -0.21918846
v 0.15677954 0.15336668 -0.27880868
v -0.11240214 -0.01884849 -0.23958323
v 0.10924739 0.19989359 -0.24793430
v -0.07754695 -0.09316769 -0.14591118
v 0.04277209 0.17087565 -0.22482663
v 0.21644936 0.03539134 -0.21994885
v 0.20406615 0.06232299 -0.25567307
v -0.06850465 -0.10724668 -0.13822690
v -0.07436251 -0.09976464 -0.13793804
v 0.15977292 0.12906235 -0.12957370
v -0.07271284 -0.10333015 -0.12993836
v -0.08621167 0.13391812 -0.06555423
v 0.15570235 -0.10594140 -0.06375402
v -0.09011528 0.13357931 -0.05561497
v -0.08142576 0.13778331 -0.05545464
v 0.14856994 -0.10880240 -0.05505436
v 0.14264850 -0.10989287 -0.04579201
v -0.09766439 0.13104734 -0.04766733
v -0.10393057 0.12907562 -0.03949894
v -0.06730660 0.04922304 0.01760049
v -0.05912494 0.05740471 0.01744226
v -0.07548826 0.04104173 0.01778212
v -0.01003567 0.10649397 0.01716249
v -0.05094362 0.06558602 0.01734027
v -0.00185436 0.11467528 0.01718309
v 0.00632730 0.12285695 0.01720126
v -0.01821733 0.09831231 0.01716388
v -0.17075899 0.07136425 0.02407974
v -0.13052062 0.02467841 0.02589183
v 0.08455920 -0.12575567 0.02678949
v 0.04007596 -0.14774353 0.03100537
v 0.04394569 -0.14628596 0.02641611
v -0.13685176 0.03448145 0.02702561
v -0.13781544 0.02737734 0.03201166
v 0.05121292 -0.14177704 0.03430576
v 0.07371703 -0.12801170 0.04076754
v 0.21047309 0.00735700 0.04254436
v 0.21573508 -0.00280336 0.04226703
v 0.09210272 -0.11810387 0.04324922
v 0.09597454 -0.11498790 0.04900299
v 0.21301519 0.00522775 0.04893139
v 0.22049549 -0.05130269 0.05599220
v 0.08800839 -0.11951079 0.04891742
v 0.05870405 -0.13020207 0.05545010
v 0.04493207 -0.11534556 0.05499499
v 0.19988520 -0.02591767 0.06112739
v 0.19292918 -0.03259217 0.06027828
v 0.19450272 -0.02441086 0.05934464
v 0.18632105 -0.01622920 0.05630096
v 0.17903461 -0.00960255 0.05442879
v 0.04382204 -0.12179232 0.06181373
v 0.19946396 -0.04741410 0.06964890
v 0.21072597 -0.02685620 0.07113267
v 0.21270013 -0.03227746 0.07316097
v 0.21603302 -0.02372451 0.07550502
v 0.22620595 -0.02952405 0.08182115
v 0.08017567 0.14502504 -0.30833483
v 0.07150012 0.17175935 -0.29219085
v -0.11036440 -0.00878662 -0.31187763
v 0.20119956 0.05701281 -0.28114121
v 0.20496870 0.04221428 -0.28264558
v 0.04048777 0.15627762 -0.28116985
v 0.09163118 0.18732246 -0.25664268
v -0.02906509 -0.16632132 -0.25527139
v -0.04031627 -0.14402364 -0.25537163
v 0.09242965 0.18542898 -0.30073787
v -0.01924772 -0.18344120 -0.25558749
v 0.00739961 -0.15968106 -0.28330468
v -0.01527844 -0.15918507 -0.28989186
v 0.17261230 0.11743534 -0.24766710
v 0.18169477 0.09981913 -0.24822805
v -0.09723058 -0.02359563 -0.31326464
v 0.07567478 0.17247992 -0.28600466
v -0.10373182 -0.02491872 -0.30705434
v 0.18246320 0.02149293 -0.28298753
v 0.20046746 0.07205478 -0.26277334
v 0.01208877 -0.12040252 -0.28556945
v -0.08796927 -0.06003867 -0.23998875
v -0.01154668 -0.20457157 -0.22643124
v 0.15534258 0.15266985 -0.27144749
v 0.10793652 0.19408113 -0.29264772
v -0.08416416 -0.07162027 -0.22512177
v 0.17583551 0.01970214 -0.27975420
v -0.08778101 -0.06774181 -0.21980041
v 0.13609801 0.18613523 -0.21976059
v -0.01653098 -0.18858233 -0.26287009
v 0.14069879 0.17624871 -0.21981752
v -0.08141458 -0.07771076 -0.21997750
v 0.03584541 -0.19501197 -0.21976373
v 0.19378179 0.08040550 -0.26169090
v 0.22691116 0.02049222 -0.23961921
v -0.01281912 -0.20265154 -0.22029570
v 0.08065349 0.17578731 -0.27860680
v 0.19167141 0.05522167 -0.28606683
v 0.18373145 0.01282401 -0.27860505
v 0.15705548 0.14766669 -0.26337376
v 0.22498276 0.02221490 -0.23022483
v 0.11137803 0.19579088 -0.29860548
v 0.09206918 0.13153913 -0.30431350
v 0.13790137 0.18392286 -0.22510046
v 0.02054916 -0.20943571 -0.24809183
v 0.03157645 -0.20635292 -0.26275622
v 0.01236994 -0.21838930 -0.26269999
v 0.17992843 0.10336682 -0.25497729
v 0.05939773 0.16695982 -0.30583289
v 0.18979330 0.08446315 -0.25604855
v -0.10955057 -0.01728998 -0.30507215
v -0.09787640 -0.03223520 -0.30816298
v 0.00526862 -0.21107316 -0.23200514
v 0.02747933 -0.20830019 -0.27034550
v 0.18767104 0.08865702 -0.23208513
v 0.19864524 0.07843273 -0.27119286
v 0.17004226 0.12308363 -0.25590883
v -0.01325468 -0.19504620 -0.27155926
v -0.01149324 -0.19938782 -0.26222287
v 0.02010696 -0.11277762 -0.28480836
v 0.16835032 0.02613947 -0.28049084
v 0.16893922 0.03539274 -0.28396868
v -0.08155360 -0.04618077 -0.30939875
v -0.09058123 -0.03938228 -0.31003235
v -0.03298477 -0.15986758 -0.24773032
v -0.01327389 -0.14974005 -0.28893272
v 0.17533254 0.11563792 -0.27128193
v -0.00071883 -0.16721724 -0.28530923
v 0.02937420 -0.19866899 -0.22505995
v -0.06929438 -0.10642027 -0.17295181
v -0.07303697 -0.09777651 -0.17341391
v 0.16056859 0.13583430 -0.17309746
v -0.04290901 -0.14157934 -0.24740478
v 0.12583460 0.20350101 -0.29342907
v 0.14502993 0.16665314 -0.22008543
v 0.20802425 0.04880390 -0.27909300
v 0.10204932 0.19113002 -0.29909762
v 0.19708673 0.06320529 -0.28268959
v -0.07655113 -0.09227002 -0.16570693
v 0.03553874 -0.20257330 -0.27152259
v 0.11783248 0.19944825 -0.27872066
v -0.05170122 -0.12087300 -0.26305871
v 0.08770032 0.13734670 -0.30669039
v -0.07053958 -0.10087991 -0.18145132
v 0.09433465 0.19152995 -0.24766046
v -0.00742022 -0.14377879 -0.28811574
v -0.03760651 -0.15112496 -0.24769853
v 0.02788241 -0.13605225 -0.28602876
v 0.03576403 -0.12826947 -0.28516253
v 0.21290447 0.04281925 -0.27657046
v -0.05540155 -0.11580278 -0.27074089
v 0.01888900 -0.21498830 -0.26846704
v 0.06699992 0.16081798 -0.31023354
v 0.17693995 0.10936126 -0.24765627
v -0.00833430 -0.21130928 -0.22002220
v 0.18473844 0.09531405 -0.23934991
v 0.16348163 0.13033619 -0.18093996
v -0.03355480 -0.15437401 -0.27148347
v -0.04671098 -0.13653985 -0.23963947
v 0.23073234 0.01246914 -0.23208757
v 0.08805205 0.18190958 -0.29271129
v 0.14821262 0.16089902 -0.22665024
v 0.07373030 0.15322207 -0.31015879
v -0.05803307 -0.11165327 -0.26223090
v -0.09205766 -0.05540435 -0.23250566
v 0.21845426 0.03156841 -0.21946160
v 0.22163136 0.02715065 -0.22565618
v -0.09522917 -0.05329292 -0.22482104
v -0.09487010 0.13518148 -0.02985726
v -0.10480378 0.12982973 -0.03167530
v -0.09880865 0.13408298 -0.02419360
v -0.08558261 0.14125660 -0.02130012
v -0.07937930 0.14401211 -0.02416985
v 0.14068657 -0.10602418 -0.02435148
v 0.15539777 -0.09697664 -0.01746916
v 0.14842114 -0.09940942 -0.01214815
v -0.09156901 0.14158493 -0.01095219
v -0.07548826 0.09013065 0.01176882
v -0.03458030 0.12285695 0.01264902
v -0.04276196 0.11467528 0.01259593
v -0.05094362 0.07376768 0.01630988
v -0.02639899 0.09831231 0.01619392
v 0.12470047 -0.10751424 0.01911045
v -0.16862486 0.06564679 0.02432354
v 0.22508160 -0.01679644 0.02705809
v -0.14813263 0.02904727 0.02749959
v -0.14181406 0.02779019 0.03312867
v -0.14845957 0.03649369 0.03176751
v -0.14077878 0.03783669 0.02884643
v 0.10807938 -0.11056944 0.04068826
v 0.22594853 -0.02000777 0.03479267
v 0.17046455 -0.08014877 0.03677207
v 0.22085455 -0.01015373 0.03433860
v 0.18495220 -0.07102753 0.04063691
v 0.17682783 -0.07531362 0.04096244
v 0.10227111 -0.11213354 0.04654926
v 0.23430588 -0.03476472 0.05615915
v 0.20501236 -0.05901561 0.05681965
v 0.17852151 -0.07316691 0.04846090
v 0.22281230 -0.04969074 0.05732821
v 0.21479026 -0.05424507 0.05574735
v 0.22942951 -0.04556777 0.06194297
v 0.20765506 -0.05434322 0.06326781
v 0.18935145 -0.05878264 0.06753293
v 0.19825160 -0.05274733 0.06838484
v 0.22773652 -0.02725020 0.07138904
v 0.22355208 -0.03504590 0.07436146
v 0.22351087 -0.02481114 0.07820919
v 0.22836873 -0.03064595 0.07717635
f 7435 7490 4694
f 306 581 105
f 7983 10099 10881
f 6760 5013 7099
f 9547 8969 8772
f 8541 9521 11386
f 11052 11816 11092
f 3572 1336 4488
f 11582 8584 11623
f 5480 4260 5574
f 11472 11485 10239
f 9398 7014 7733
f 4613 5608 10482
f 10649 11938 12772
f 7991 7989 10894
f 10709 10713 11985
f 4764 8709 7564
f 6600 4779 6866
f 2617 1815 1530
f 7838 8554 9977
f 5501 5223 5513
f 12981 10215 9844
f 1810 1540 653
f 11436 9866 10195
f 12291 12125 10995
f 3415 1213 4367
f 9977 10836 7482
f 9970 10667 11959
f 5766 2856 4779
f 9683 9676 9106
f 8811 9386 7716
f 8775 1291 9354
f 12245 12146 12253
f 10137 13173 11437
f 4961 7041 6777
f 2800 1980 2532
f 7669 6955 4859
f 3734 5419 990
f 5030 895 4318
f 2005 1780 576
f 295 593 1470
f 10380 3785 10542
f 405 1563 397
f 1594 1583 419
f 5638 4703 4640
f 12730 12409 12494
f 3696 4602 4603
f 12719 7 12516
f 3049 3058 3057
f 13139 13150 13407
f 11184 11328 11850
f 3534 4441 999
f 8035 8312 6072
f 12611 11619 12391
f 12607 9841 11234
f 8714 9315 7683
f 4346 2626 4120
f 7474 7482 7943
f 119 1826 670
f 13228 13227 12298
f 5702 7959 7519
f 4034 5060 4078
f 89 1805 2066
f 5984 6289 6003
f 3400 887 3460
f 7392 7458 4683
f 13314 3124 2830
f 11453 11354 11870
f 466 1621 174
f 7569 6957 7647
f 4325 1777 2597
f 6463 7264 9103
f 6336 6350 8087
f 778 775 5214
f 7061 7788 7776
f 5095 925 5362
f 5744 7559 12458
f 11400 10063 7857
f 6858 4843 6675
f 1313 4458 1012
f 7424 10785 7900
f 4905 6719 6722
f 3129 606 2872
f 12061 12221 10968
f 5756 3154 2863
f 9981 10795 7903
f 7795 8896 7354
f 8059 8082 6384
f 3870 5187 5466
f 11564 8570 11975
f 8029 8317 6378
f 2021 1760 2026
f 859 3428 894
f 12496 12778 12509
f 5618 7490 7888
f 10298 5674 12389
f 11860 11859 11338
f 11049 11217 11085
f 11209 11335 11839
f 7791 7072 7075
f 3163 2889 3175
f 5801 6110 11750
f 574 302 1472
f 11444 13027 10199
f 6084 6356 8045
f 977 2634 4431
f 12366 12619 12390
f 7578 8707 6899
f 10755 10507 4036
f 5114 10684 10056
f 12867 11038 13396
f 12380 2284 2578
f 6589 4808 4774
f 3393 4371 3478
f 2854 5790 3150
f 11691 13334 11201
f 3133 2839 2855
f 4764 8980 8709
f 3143 2865 2906
f 2650 2364 2359
f 5602 4710 7886
f 1871 7248 2407
f 12979 13050 11492
f 5861 6401 6135
f 7581 7588 6862
f 11036 12835 11792
f 5768 6067 2861
f 913 1212 925
f 13474 6924 12283
f 6760 6830 5013
f 10742 10904 10125
f 5757 293 2891
f 298 1495 4025
f 9246 8960 8765
f 7568 6631 4765
f 6190 2982 3272
f 7719 6997 7718
f 406 1575 147
f 9860 11223 11341
f 555 2796 2799
f 7124 2833 8334
f 11205 11322 11231
f 1508 105 5142
f 14 1452 285
f 2040 933 1769
f 10876 10886 10090
f 12875 13324 10943
f 1733 1286 2079
f 7216 7209 8357
f 8651 8642 11670
f 6029 6117 5770
f 4448 5169 4149
f 7804 4983 7789
f 9464 9749 9176
f 12695 12449 12447
f 4614 5603 10372
f 6885 6899 9335
f 8730 9348 9632
f 1275 99 380
f 4942 6755 4936
f 4663 7486 7931
f 2328 2327 3484
f 5608 5665 4688
f 4014 612 1479
f 762 3886 1639
f 2217 1981 1433
f 5475 5470 5194
f 13545 12195 13540
f 1835 2384 2651
f 247 2223 2501
f 10001 5339 10855
f 9077 9655 9083
f 5648 10510 10068
f 10914 5795 2871
f 285 2614 2340
f 3703 3699 4069
f 13320 13326 12889
f 12926 3319 3030
f 12392 12397 12387
f 10338 10521 10075
f 4764 6599 8980
f 12391 8594 7952
f 599 323 54
f 12083 10940 12076
f 11404 12964 12978
f 5028 3756 3717
f 12359 12523 4719
f 11447 13475 13034
f 8000 7559 5744
f 12603 11618 11617
f 3969 4261 5567
f 8910 9473 9759
f 283 850 1726
f 2034 2314 1793
f 7851 7485 7497
f 10955 11746 10985
f 11166 11093 11330
f 1482 376 12781
f 13140 13220 13463
f 13295 13480 12885
f 574 2627 1457
f 4567 4590 4592
f 463 454 1616
f 12867 13395 11902
f 6270 3085 3359
f 2099 121 1838
f 11688 10973 12124
f 5924 3275 6193
f 2809 2535 2805
f 9531 6677 9302
f 12073 12133 12300
f 12338 12189 12344
f 6497 6490 8438
f 2021 42 595
f 12100 13473 12275
f 3613 4517 3606
f 5601 7842 5680
f 3999 4032 4422
f 5746 8031 5759
f 8309 8039 8080
f 10346 7936 10032
f 6330 6353 8049
f 1944 521 2490
f 10503 10850 12316
f 10464 10473 10327
f 9198 9772 9197
f 12605 12411 8597
f 5749 3188 6045
f 13009 10177 9872
f 689 688 135
f 5311 5106 5038
f 8009 9548 5752
f 60 621 59
f 3112 6928 6659
f 6235 5942 6227
f 9456 8886 8883
f 7252 6438 8124
f 3073 3362 3091
f 1854 2664 2666
f 2221 3627 527
f 2111 1980 267
f 1738 2321 2043
f 5781 6100 6079
f 12383 5693 12643
f 7134 8336 7192
f 10265 9206 5006
f 7428 10796 7902
f 3984 3995 4279
f 9991 10055 10818
f 11824 11327 11867
f 88 1527 1804
f 7711 8811 7716
f 6046 5806 3186
f 9944 13106 9488
f 4303 925 4069
f 8542 6580 7386
f 887 1205 3460
f 2188 2178 1911
f 5039 1205 1208
f 7131 8332 8333
f 9825 13026 10181
f 9238 9536 4780
f 8367 8377 7230
f 13312 13203 13465
f 8013 8020 6325
f 8430 6483 7294
f 6047 8043 6348
f 1567 2656 2386
f 6322 6377 8041
f 12859 13326 13320
f 13142 12078 13454
f 2374 1555 2651
f 8504 6542 7359
f 13164 13423 13016
f 4300 4344 3445
f 3529 4424 3521
f 2941 2948 3225
f 10422 4261 3966
f 8811 5457 1315
f 591 32 1492
f 3392 984 864
f 10583 10413 10426
f 10541 10531 10572
f 11655 8633 7554
f 6035 5798 5797
f 13144 11457 10173
f 9986 7898 10333
f 12950 12949 11035
f 12920 11880 11364
f 11251 11367 11250
f 2006 54 53
f 9235 6661 6864
f 4653 5631 4720
f 1161 930 885
f 4648 5700 5680
f 1079 2196 1363
f 10017 10397 5628
f 14 660 1452
f 2554 6029 8008
f 11111 9060 7192
f 12970 11208 9817
f 6061 6076 3183
f 8047 8072 8084
f 7434 9909 4641
f 12733 11929 12504
f 12347 12346 12191
f 5339 55 616
f 12627 12626 11612
f 3047 3041 3338
f 7793 7787 4979
f 11244 11128 6454
f 7642 6903 5799
f 11631 7545 4741
f 10324 9985 4695
f 13478 12891 13226
f 7526 8626 11634
f 11910 11936 10683
f 10954 11102 11731
f 7836 7116 7117
f 231 801 2214
f 1522 370 12532
f 1051 1431 1132
f 1204 1777 900
f 6977 3380 3094
f 3292 8427 7282
f 4627 4620 5662
f 10346 10567 12663
f 10895 4280 4261
f 10467 4661 10347
f 4334 7433 4715
f 1452 2616 2614
f 5031 5339 5037
f 10088 10879 7533
f 1711 835 551
f 7009 7725 4914
f 11735 10989 12901
f 1655 12541 491
f 5316 5031 5037
f 12969 10177 11476
f 7359 6542 7358
f 4195 501 499
f 8548 12659 11614
f 7392 4683 5701
f 11413 13079 10186
f 11695 10958 11235
f 7060 7800 4997
f 6830 1707 6296
f 862 1763 1997
f 4927 6746 7019
f 12110 12275 13481
f 6446 7257 8407
f 13398 11042 11041
f 4147 4435 3846
f 9873 10234 11506
f 10623 10618 10446
f 14 2080 595
f 1355 1917 2191
f 1424 9502 7820
f 12501 10018 10339
f 1182 5145 5326
f 10919 11719 11077
f 4046 3470 3743
f 7119 8030 8328
f 12856 11351 13348
f 2298 63 316
f 8294 8019 2589
f 4610 10457 10326
f 8459 7313 8852
f 6288 6001 11014
f 12717 11965 12640
f 5009 6826 7095
f 6414 6127 5859
f 11680 12241 11689
f 1419 3647 4560
f 10643 312 12491
f 10643 12491 312
f 2325 1783 2077
f 10311 4717 5701
f 2176 2521 258
f 8905 9765 9479
f 11825 11295 11181
f 13548 12353 13286
f 88 2051 1251
f 12391 11619 8594
f 12740 12757 12511
f 6170 5894 427
f 10540 10567 4700
f 1907 2167 2449
f 11904 11389 13395
f 1567 2647 1558
f 5840 2909 3194
f 9826 9872 10177
f 8548 12384 12659
f 8079 6395 6392
f 9969 10490 10318
f 1964 1121 5275
f 11946 12785 11604
f 5815 6114 6386
f 11291 13043 13061
f 2776 2505 2215
f 4246 3948 5258
f 3407 1227 3822
f 7660 7674 6932
f 5912 5901 2982
f 11021 11776 6291
f 4610 5690 10457
f 11912 9987 10626
f 2550 376 2294
f 11498 10238 13063
f 6734 7003 7721
f 5168 5448 4154
f 4327 4367 3453
f 11181 9899 11335
f 3403 3427 4331
f 3638 1396 5703
f 8287 6883 9285
f 341 3820 4120
f 2307 1268 2074
f 3254 5880 6158
f 1960 819 2230
f 972 4424 2640
f 8957 9538 9266
f 8965 8667 9295
f 2860 2857 5778
f 5629 4637 5670
f 1026 9377 8396
f 887 1278 1205
f 5030 4318 4046
f 10811 10080 7481
f 9197 4989 9181
f 3945 4586 4278
f 4610 5663 5690
f 3399 937 1175
f 6044 8307 8024
f 6819 9204 9758
f 7367 8248 8512
f 6316 8022 6057
f 9236 9020 8672
f 1439 3685 5720
f 2764 1675 2496
f 9409 9123 9118
f 10165 9873 11508
f 2189 203 1361
f 565 276 277
f 8498 7377 8262
f 9994 10639 12506
f 11814 11197 13033
f 7568 4807 6850
f 348 3493 2352
f 9810 12048 12222
f 13418 9872 12244
f 6352 2876 8333
f 3201 6124 6126
f 11055 11208 11231
f 8906 9489 9777
f 4568 5720 3685
f 3566 1328 3559
f 5614 7945 7436
f 12208 13024 13405
f 5487 3977 4573
f 5649 10560 4709
f 8544 7851 7497
f 11771 11132 11007
f 10729 12564 12016
f 10584 10415 5712
f 4014 3746 5131
f 1196 3506 5428
f 9538 4790 8960
f 7053 6774 7761
f 1732 2597 2042
f 1213 3775 5379
f 13248 7029 3319
f 4013 5038 986
f 1002 5438 5439
f 3530 3518 4431
f 11568 11976 10833
f 13051 11336 11498
f 2131 7250 6436
f 4027 3744 5075
f 12361 7905 12652
f 6632 3147 6903
f 27 583 1531
f 2563 1740 2297
f 7817 8924 9209
f 5309 4606 4602
f 7579 5327 6880
f 472 481 1631
f 9236 8672 8723
f 3404 913 1223
f 1853 2663 2119
f 12256 12130 12136
f 3945 4278 4272
f 12466 10340 10557
f 3397 4638 4321
f 4316 2569 992
f 1167 4376 9564
f 5662 7510 7948
f 8951 9516 8945
f 6054 3144 6053
f 8293 2886 7167
f 7837 11409 7434
f 8283 7200 7175
f 7675 4882 9066
f 8286 6365 7175
f 10974 5813 12290
f 11808 11513 11121
f 3690 1425 1147
f 9336 8766 9065
f 13432 12057 12271
f 10826 10045 10825
f 4442 2654 2383
f 7093 13526 13374
f 7761 6774 4953
f 7088 7068 6798
f 7574 9059 4877
f 6311 11051 12892
f 8506 8915 6561
f 10906 10614 10123
f 12047 13503 13239
f 10412 10578 10864
f 3615 2481 4521
f 5634 5679 7922
f 3962 3646 4252
f 13294 12874 11093
f 2555 1746 2632
f 9546 9888 9567
f 8984 10214 6334
f 2707 754 1887
f 1867 2140 2422
f 11518 10253 13086
f 10769 5084 5359
f 7806 6800 7805
f 13472 13486 13206
f 4088 1520 1516
f 6445 2398 155
f 10503 10038 10015
f 7276 8411 7275
f 10159 9885 9888
f 6977 3094 7813
f 2853 3149 2859
f 1145 1433 1144
f 4772 9548 6596
f 8025 6343 8301
f 1538 371 670
f 12209 13147 12047
f 10154 9890 9829
f 4845 4855 6643
f 4334 878 7433
f 11082 12151 10207
f 10315 10076 5429
f 9140 9709 9144
f 5663 5662 7948
f 11639 11985 10713
f 612 321 1479
f 1162 942 3438
f 1135 5291 3967
f 1168 2046 1215
f 11083 10948 11235
f 13116 10282 11551
f 10184 9912 10212
f 3901 4209 5225
f 7714 5179 5456
f 8960 4790 8765
f 8831 8827 9404
f 11409 8690 9254
f 11103 11868 10977
f 1490 92 650
f 2281 4315 2572
f 13033 11501 11479
f 10165 12261 9897
f 10152 12154 13211
f 7398 10810 10032
f 3587 1352 1055
f 2827 2844 3135
f 874 4042 4339
f 12681 2784 1966
f 11009 6286 11008
f 116 108 673
f 10465 10050 4667
f 5012 7097 7816
f 362 1515 3789
f 1197 878 892
f 2518 2241 12428
f 9162 8881 7773
f 10158 9910 9882
f 574 19 302
f 11592 11961 8581
f 7837 7434 7433
f 11171 11062 12661
f 9588 8759 9306
f 1065 3602 1369
f 9808 12984 10149
f 6041 6897 3126
f 3285 8434 3010
f 6660 4866 7673
f 9262 8698 8683
f 10767 10031 10064
f 3456 1285 4352
f 1163 7950 869
f 10487 10024 10389
f 1764 614 1507
f 7842 7516 5680
f 574 612 19
f 12383 10657 10354
f 6234 3324 3029
f 12969 9254 8754
f 10979 11751 13350
f 5673 4689 5685
f 4522 1084 4514
f 11106 11329 13340
f 7277 7291 3012
f 5596 7926 7483
f 3437 3771 4389
f 3122 13320 12889
f 1168 1215 1763
f 1165 865 857
f 8658 9585 9059
f 13285 12201 12198
f 10141 9826 9033
f 3263 2986 2976
f 3298 8167 8429
f 7409 7950 13071
f 9841 10213 11234
f 13184 12078 12080
f 3699 10302 3397
f 12392 12630 12397
f 3658 3648 4566
f 4000 3801 10505
f 7125 8288 6349
f 9392 9391 9671
f 5746 5759 6032
f 10915 11685 12053
f 1678 3921 508
f 7082 13257 13521
f 12080 12297 6599
f 13184 13203 13466
f 4455 1013 1006
f 713 152 146
f 2938 3236 7218
f 11679 10939 13311
f 7844 1181 912
f 9460 9452 8885
f 6590 12261 4780
f 9586 9006 6636
f 9975 10357 10312
f 13142 13418 12244
f 3471 7941 1260
f 12668 2392 2399
f 12208 12046 12240
f 3682 1437 4586
f 775 5507 203
f 10176 10205 9878
f 2366 1550 385
f 8825 9403 9399
f 1163 869 1243
f 12037 8654 8646
f 1743 41 582
f 7846 7438 7489
f 606 71 84
f 1172 894 867
f 11815 11120 11498
f 12385 12382 8604
f 2442 1901 2163
f 1042 9396 5195
f 12972 13230 12251
f 12926 3030 13363
f 11845 11086 11097
f 4791 7585 6879
f 3746 5410 5131
f 82 5427 3817
f 5774 5805 5806
f 3400 892 1177
f 7824 7823 7105
f 2842 13320 3122
f 867 5087 911
f 12466 12733 12504
f 6209 6493 5938
f 13408 10837 13012
f 13420 13202 12973
f 10290 10288 9962
f 11400 7393 13075
f 613 3164 68
f 10934 5761 6062
f 9975 10312 10489
f 12731 11979 10638
f 12547 12804 546
f 1597 6435 6159
f 11929 10679 12504
f 12339 11024 11784
f 9841 10164 9921
f 10319 4668 10567
f 7498 7937 5692
f 1540 388 669
f 1476 1503 1531
f 11164 11207 11092
f 5524 5233 1373
f 10905 10123 10614
f 867 894 1199
f 6352 6107 5798
f 12901 10989 12907
f 11470 8771 11503
f 10305 10319 10472
f 4318 3470 4046
f 3701 4005 5153
f 917 5066 4061
f 11823 10184 11095
f 9022 8767 9617
f 4627 5662 7483
f 8909 9484 8888
f 7893 10051 5647
f 11407 13145 13505
f 1193 3425 5424
f 1165 5039 865
f 11534 8916 9488
f 12738 12756 12489
f 5335 3418 3754
f 11673 10739 8643
f 6584 7577 6856
f 5047 5345 620
f 11054 12910 10180
f 9958 11551 10282
f 5601 4641 7857
f 294 29 622
f 10893 10599 10428
f 2855 7148 8995
f 11187 11854 11072
f 4021 5130 3760
f 4069 925 5095
f 11703 10970 12895
f 25 634 1511
f 2817 2816 1731
f 5311 3746 4045
f 12036 8653 10747
f 7843 884 1200
f 11820 11330 11093
f 11565 8598 12407
f 609 1524 84
f 4613 7937 5665
f 1597 443 1605
f 4380 4378 3473
f 2815 2811 1992
f 5710 5706 3657
f 11048 11202 11858
f 12864 13295 12885
f 2111 267 5571
f 12618 8557 12388
f 7396 4647 7438
f 11568 884 7843
f 10292 11558 9967
f 7859 5699 5614
f 7258 5891 2122
f 5339 616 10855
f 4316 3424 2569
f 1996 1188 2274
f 12727 12492 12783
f 6673 6943 7685
f 6349 8323 7161
f 7888 13079 11486
f 1456 1473 311
f 858 1188 1763
f 6344 6348 8043
f 9645 6701 6970
f 9561 8754 9299
f 1458 1481 378
f 2093 1823 2362
f 130 2091 2367
f 7691 9353 8784
f 10615 4759 4295
f 8658 9292 9585
f 12270 13072 10244
f 3124 6098 5823
f 8203 6757 6244
f 4303 4069 5095
f 4303 5095 4069
f 1167 2269 4414
f 1462 1485 332
f 3375 3077 8520
f 12240 12148 12316
f 3588 4494 4499
f 7630 6944 4862
f 10394 10407 10573
f 2691 6442 8134
f 9071 9639 9066
f 5399 5418 5133
f 915 5430 5088
f 858 1763 1215
f 11177 12312 11752
f 287 291 1449
f 4013 3516 3709
f 917 4355 3444
f 13151 12301 13452
f 1456 4369 4002
f 4325 2597 2044
f 9568 8996 9005
f 10147 9905 12129
f 12483 12661 12418
f 9087 9783 9210
f 9858 9607 13056
f 4622 5606 2572
f 9816 11499 13004
f 3424 2285 2569
f 6030 5767 5785
f 10516 10813 10533
f 3742 1202 3429
f 8594 11608 7952
f 9594 6363 8747
f 12041 13476 12238
f 4583 2801 2531
f 1172 3420 894
f 9955 10282 13116
f 2758 2483 2487
f 3371 7366 3086
f 13522 12178 13260
f 5204 3577 4491
f 8275 7180 3193
f 1458 378 598
f 287 2011 2559
f 614 69 1507
f 4587 4263 1145
f 5324 5136 5351
f 10630 11587 11966
f 12058 13463 12259
f 20 1465 306
f 11927 11915 10662
f 10777 10802 10018
f 13167 12281 12115
f 4458 3546 1012
f 1472 313 2615
f 6706 4884 4886
f 11684 12212 11685
f 10317 10015 10038
f 2225 2784 2507
f 2130 2144 1868
f 2336 2804 1316
f 4618 7929 7457
f 9115 8830 8829
f 11166 11330 11229
f 5602 7886 7958
f 6760 7097 5012
f 1205 1278 986
f 10482 10525 10313
f 5522 5228 3912
f 3989 5292 3986
f 11812 11345 13344
f 5540 3932 5250
f 9971 10005 10776
f 13368 12927 3369
f 283 567 850
f 9534 9033 8980
f 8018 6075 6350
f 8658 9059 7574
f 539 538 1701
f 2842 5816 12873
f 3173 2882 3168
f 3736 4061 5363
f 5281 5582 5299
f 12970 11288 11208
f 7458 10063 10801
f 4454 1299 4453
f 11809 12868 11338
f 13289 12898 12875
f 3381 6295 3379
f 2270 8575 351
f 19 301 302
f 5042 911 1213
f 1085 4519 1079
f 11675 8650 8652
f 2225 1966 2784
f 2553 2000 1776
f 10782 10488 10563
f 3539 1300 1005
f 9251 13071 11506
f 2610 2334 2351
f 2007 662 64
f 3409 4319 4346
f 8589 8601 10689
f 5031 1500 622
f 1833 118 679
f 11378 11266 13382
f 7895 10400 5627
f 11682 13292 10962
f 5594 7899 7499
f 691 7213 1831
f 10175 9863 13058
f 13312 12868 13203
f 13288 11319 11826
f 10352 4711 5664
f 10142 9870 4620
f 2259 2542 2812
f 1172 867 5402
f 11300 11063 11173
f 10422 3966 12556
f 5658 10389 7914
f 2007 576 662
f 9530 8964 4808
f 10386 12148 10059
f 3338 3041 3045
f 12979 13060 11419
f 243 1703 823
f 642 668 5149
f 12372 12663 12646
f 11442 12904 13195
f 2875 2873 3183
f 12702 12700 11658
f 11411 13001 13498
f 6321 6331 6326
f 11165 11080 11162
f 2469 1915 2190
f 4674 7921 5678
f 12083 13503 12314
f 5912 2987 5901
f 5268 4240 4241
f 837 557 1717
f 8963 8982 9537
f 294 660 103
f 8548 11567 10660
f 9380 9385 8812
f 7455 4691 10519
f 3448 982 4410
f 2844 3148 5769
f 12216 9825 13489
f 7075 7790 6803
f 2281 2572 2276
f 4660 7907 4645
f 9737 9164 4965
f 4058 6694 4425
f 745 171 170
f 9668 9671 9098
f 9399 9685 6736
f 2102 115 129
f 12889 13326 13246
f 11063 11343 11842
f 5768 7199 6388
f 5299 1150 1438
f 8499 8495 8230
f 10139 11056 11410
f 10946 11721 10969
f 5775 3208 6119
f 11550 12193 13278
f 7162 11116 6379
f 7124 6323 2833
f 4418 1290 994
f 7574 6871 9259
f 11783 11266 11147
f 6885 9335 8765
f 1996 1997 1763
f 8957 9266 7665
f 1119 7963 1414
f 4322 5146 984
f 1568 2648 2369
f 4224 4536 4229
f 10495 12262 10819
f 1452 660 1539
f 1533 113 372
f 5750 6027 11687
f 2936 13354 3212
f 5094 4116 10857
f 11196 11726 10981
f 12250 12286 13485
f 13288 12869 11833
f 9240 9550 9295
f 3446 4409 3755
f 9240 9295 9578
f 4010 4344 3420
f 3873 5465 456
f 5663 7948 7506
f 7579 4813 3713
f 14 2287 2080
f 1598 449 441
f 1971 1962 2239
f 12973 12993 13453
f 7243 8797 9084
f 2508 2770 2216
f 5649 10061 10382
f 16 12533 376
f 9600 6694 9059
f 4124 3841 3521
f 1997 2342 3451
f 2482 505 225
f 12045 13450 13194
f 3703 4012 3699
f 9207 9210 9783
f 4669 7903 7451
f 9287 9291 8705
f 11168 11075 11320
f 2011 42 77
f 7565 7601 4786
f 2062 1789 2064
f 8569 12632 11596
f 3713 4813 4058
f 3036 3026 3325
f 3782 979 4098
f 2265 3393 311
f 914 1214 3441
f 6626 4867 4858
f 13454 9876 11468
f 11745 11748 10984
f 4840 6105 5811
f 1153 7540 4591
f 4147 3848 5441
f 12365 12636 11586
f 49 377 618
f 12363 12604 11566
f 10128 10909 10906
f 2223 821 1965
f 11565 12407 12609
f 11141 11376 7371
f 11921 11963 10675
f 6641 9040 9631
f 1378 3602 1083
f 9536 9291 8685
f 10471 10351 10344
f 4927 6215 6746
f 5384 3833 5101
f 7431 10003 4629
f 574 1736 2627
f 6992 4912 6724
f 1250 5112 5383
f 13538 13532 7830
f 8685 9287 6885
f 10148 12287 12122
f 6583 6618 4803
f 12562 12559 12805
f 5403 5138 3796
f 10876 1127 7528
f 5808 5837 5807
f 10971 13343 12901
f 11815 11214 11120
f 4608 7458 7392
f 2289 1491 304
f 8402 7263 7258
f 1897 749 189
f 4007 3758 4056
f 5268 4241 3961
f 11823 11815 11336
f 11883 12930 11369
f 5089 5412 4077
f 9195 9777 9771
f 3931 3923 3622
f 4953 4947 6763
f 10926 11737 11758
f 4638 7506 906
f 13051 11498 11497
f 6848 6688 9543
f 2008 2045 1748
f 4051 4062 3825
f 9224 6841 5025
f 9029 6688 6689
f 10461 10318 10490
f 6355 8044 7194
f 10926 11758 11716
f 11802 11424 10143
f 1043 3288 5196
f 11798 13393 11153
f 2275 41 308
f 8458 9424 9714
f 1924 2175 1914
f 1462 2560 365
f 5195 2990 5468
f 913 1240 4367
f 2658 2389 3545
f 10928 12896 11843
f 1617 2703 1879
f 6162 440 1604
f 7703 6983 6712
f 6865 4877 6692
f 6852 7594 2847
f 1869 2130 7249
f 5478 5203 1336
f 1996 1763 1188
f 8250 5996 5997
f 12689 12001 12807
f 8137 11242 11124
f 8042 8302 6345
f 13156 13237 12127
f 8959 8965 9550
f 3254 3244 2962
f 3883 3570 4476
f 13414 12111 12255
f 2960 3242 2958
f 3207 5844 6118
f 11291 13341 13043
f 1026 1031 1318
f 9733 6796 4978
f 7410 7915 10767
f 8291 7155 2033
f 8099 7202 6396
f 126 116 2087
f 3227 8363 8364
f 8965 9295 9550
f 11104 7276 11878
f 7621 6691 6961
f 13314 12886 3124
f 3737 10544 10368
f 12605 11595 11949
f 1146 3982 4277
f 13451 12293 9857
f 4540 4536 3624
f 2820 12829 12701
f 7649 6648 6920
f 12265 9874 12119
f 12724 664 1467
f 12129 9905 12307
f 10325 3804 10039
f 1755 605 1474
f 10757 11621 7447
f 12354 13278 12193
f 9529 8959 9897
f 6630 6886 7612
f 11377 11372 11253
f 1886 12427 8610
f 12390 12402 11589
f 6344 8030 6348
f 9246 8707 9539
f 1168 992 2046
f 2935 5853 6403
f 6114 8076 6386
f 862 1997 1174
f 9244 13018 8748
f 7622 8728 9349
f 7430 7934 4697
f 210 5222 774
f 9603 9064 9036
f 4247 1116 3958
f 9824 4662 12245
f 3723 4402 4035
f 6224 3308 6214
f 7623 6888 7659
f 3643 4560 3647
f 7840 7465 7464
f 3788 4082 3780
f 4181 4188 3885
f 12084 12261 10165
f 3049 3344 3058
f 2274 3445 4344
f 8955 7115 7835
f 2874 8756 7187
f 10387 10551 10405
f 13153 12114 12877
f 6536 6534 8228
f 12625 11596 12531
f 5260 1111 5537
f 3725 10328 3741
f 11823 11336 11478
f 8663 9350 8779
f 4054 3753 4345
f 3537 1006 4451
f 3606 1077 1366
f 12552 542 2516
f 8100 9640 6398
f 10515 12307 4711
f 2133 1953 1965
f 6000 6287 3084
f 3197 8088 6120
f 7427 7917 7477
f 6382 8354 7205
f 1471 329 636
f 1951 1949 2219
f 12613 12375 12645
f 6664 7655 6954
f 9516 7111 8945
f 4030 4115 5055
f 9093 9090 9661
f 6045 6067 3156
f 6099 6094 5834
f 4106 5396 5135
f 2916 11760 5850
f 1387 5524 3936
f 9619 8780 9351
f 2824 5758 6348
f 2677 698 2663
f 9467 9757 9465
f 6871 6865 7601
f 5519 4207 3907
f 2580 2065 96
f 3538 4445 3843
f 11400 10152 13211
f 8592 8603 11622
f 2564 53 2304
f 3461 1235 4356
f 1165 5324 5039
f 7928 5700 4715
f 1086 3601 4510
f 2268 2274 2552
f 3285 3283 2994
f 1711 1708 547
f 11383 11787 13389
f 3532 3527 4437
f 3620 4518 3612
f 12969 11409 9254
f 7898 11616 8579
f 3366 7093 13374
f 12435 5713 8617
f 9160 6776 9721
f 6167 5882 413
f 9217 8938 8931
f 9217 8931 8938
f 5749 6045 8022
f 1515 1537 364
f 2224 1404 2502
f 1107 5255 5534
f 8487 7345 3335
f 3405 1276 2322
f 11477 13041 13068
f 2490 2484 2754
f 12878 11832 10950
f 8199 8454 9423
f 9847 13070 13449
f 7728 7010 7009
f 4872 6702 6695
f 13011 10166 11450
f 8310 8055 3187
f 907 4364 3442
f 8875 9168 7771
f 2005 2310 1746
f 2382 2659 2667
f 12903 11222 11116
f 6788 4964 5964
f 10365 7944 10048
f 7879 10041 7513
f 4929 9683 6743
f 7287 8183 8439
f 11096 11081 11236
f 6631 12123 4839
f 3448 1210 982
f 5378 10049 10383
f 11391 11903 11386
f 10463 10294 10028
f 2647 385 1558
f 7290 3000 8432
f 4616 5647 4706
f 10938 11755 11705
f 8050 5807 6082
f 10000 10343 10798
f 4852 6684 6663
f 598 68 3207
f 12611 12391 5638
f 9419 8450 3323
f 3688 5295 4594
f 7566 6849 4774
f 6580 6563 8269
f 11262 11783 11147
f 3231 692 142
f 812 523 1689
f 6899 8707 9335
f 11566 8601 8589
f 4961 7756 7041
f 11064 11225 11224
f 3703 4069 5370
f 2778 2512 1701
f 8395 6431 7242
f 8873 7051 7768
f 3983 4290 4281
f 10201 11479 11501
f 7414 7893 4616
f 4735 5709 5723
f 9029 4837 7635
f 10895 10438 10602
f 6848 9280 8693
f 7907 10068 10855
f 4239 526 1687
f 7668 6942 7682
f 9486 8912 9200
f 11286 13047 11454
f 1492 79 640
f 7527 1128 4728
f 5644 4663 4704
f 6304 3107 6014
f 4378 2608 2330
f 6881 9269 9555
f 366 671 1527
f 8742 9029 7635
f 7571 7579 6880
f 13185 13239 13503
f 5066 5363 4061
f 8699 1218 5343
f 9311 8730 8759
f 13312 12892 12868
f 4989 7074 6806
f 11403 13144 10193
f 11287 11834 11175
f 9013 9309 9594
f 5451 3855 4153
f 11446 13082 9884
f 10990 3214 12916
f 10752 10745 12030
f 1212 911 925
f 5620 4622 12387
f 12895 10970 10969
f 8690 9267 8754
f 6050 5773 6324
f 4335 883 3450
f 11936 12517 10683
f 12734 11970 1553
f 12720 12623 11914
f 11055 11195 11208
f 12478 11950 12746
f 2935 6403 8090
f 931 1238 1274
f 8429 8167 8428
f 7337 6520 8213
f 5265 5273 5551
f 9956 12194 12350
f 5788 6374 6106
f 10988 13354 13355
f 9290 6911 7600
f 6181 5898 5905
f 87 1536 663
f 8207 9710 9702
f 7058 9445 7066
f 8129 7236 8383
f 11427 11314 13028
f 8988 9573 9030
f 4145 3854 4150
f 11164 11342 8054
f 11732 10976 12900
f 12411 11614 12654
f 9654 9074 9647
f 8968 8694 9014
f 12613 12645 12371
f 12485 12407 12514
f 9267 9552 9585
f 9980 10817 10493
f 8201 6501 5949
f 10009 7932 7908
f 3537 4451 3543
f 11820 12874 13317
f 239 806 235
f 4142 4141 5434
f 12366 12621 12781
f 9485 9772 6821
f 964 1255 1273
f 689 125 688
f 10115 10887 10424
f 8050 6388 5807
f 8979 9562 9272
f 6617 4819 5802
f 5688 7956 7947
f 1162 3438 4319
f 7569 7647 6945
f 2562 1814 2287
f 13430 12263 12131
f 10140 11499 11466
f 10314 10525 10482
f 1077 1067 1366
f 3294 8425 7280
f 6404 9643 9065
f 8474 8469 8216
f 7571 6596 6962
f 9259 6871 9279
f 6471 6468 8157
f 2790 2521 1983
f 2426 2425 1875
f 9734 6790 7059
f 8345 7190 8095
f 3745 3481 4377
f 12060 11507 13242
f 13285 12198 12196
f 2021 77 42
f 4316 3438 3424
f 4302 3523 1286
f 8498 8264 7368
f 13414 12988 11442
f 4923 9674 4917
f 12612 11571 12419
f 1910 1902 8440
f 620 2904 3203
f 5714 4737 5720
f 4333 1781 2571
f 13166 11478 12974
f 6540 3064 5980
f 886 2025 1792
f 11214 11227 11120
f 6531 5968 236
f 11947 11602 8596
f 7134 8284 8081
f 10138 10231 10232
f 10909 10126 10906
f 5303 4287 4269
f 3849 3529 4436
f 7212 7205 8354
f 9157 9727 8872
f 258 2521 549
f 8079 8088 8340
f 4014 321 3727
f 6277 6000 6276
f 13422 13189 12120
f 5217 1650 771
f 2560 632 1772
f 1387 5242 5524
f 12714 12472 12523
f 4288 2544 1729
f 1435 4581 1140
f 8462 7326 7321
f 3134 3122 2877
f 9010 9593 8744
f 433 6166 1603
f 1450 588 593
f 7564 6853 6630
f 17 588 620
f 10627 10301 10000
f 13464 9869 12268
f 932 1249 2047
f 9374 8800 8794
f 10175 13058 11466
f 11574 12654 11614
f 11412 13501 11474
f 10696 114 675
f 4798 7600 6646
f 11321 11202 11220
f 4028 3794 5124
f 3414 968 7507
f 11997 826 250
f 5027 9799 9218
f 10912 10134 10455
f 6033 2925 3209
f 3793 4099 3810
f 2441 1637 2723
f 9809 10147 12129
f 10923 11083 11754
f 1296 1302 1006
f 8877 9462 9746
f 5075 3744 5404
f 7137 2904 2061
f 1752 2311 2625
f 12715 12526 10474
f 1670 787 222
f 2057 357 656
f 12624 4672 12400
f 2555 2289 1746
f 2007 1752 585
f 1765 2594 2315
f 9536 8685 4773
f 11374 11886 11136
f 4767 5390 7651
f 9471 9470 8896
f 5927 6482 5918
f 11910 10688 11936
f 2810 2537 2820
f 8161 8409 6453
f 1832 1426 1136
f 7031 7753 7039
f 8014 6372 5822
f 3767 4096 3769
f 11684 10933 12212
f 11416 11505 13064
f 8668 9564 9281
f 12776 12521 12532
f 2006 1806 81
f 3512 3511 1291
f 5834 2924 5846
f 2525 1974 2243
f 10647 11967 12498
f 1560 1549 381
f 2686 7249 8133
f 6316 6057 5820
f 9682 9108 9677
f 6169 3267 6194
f 1273 3526 1289
f 7880 7489 7438
f 8927 8926 9501
f 5466 5463 5190
f 5643 10549 10361
f 7124 8278 6323
f 12588 12449 12576
f 5060 1191 5368
f 3688 10429 5565
f 10755 4006 10327
f 1862 711 2118
f 9030 6377 8068
f 6628 6891 4814
f 6084 8045 5832
f 3785 4083 10542
f 5330 5113 879
f 12997 11838 11323
f 1944 1940 2204
f 10619 10448 10126
f 12715 12772 12526
f 1108 2497 1390
f 12087 10203 9901
f 9802 9800 9224
f 1485 365 6090
f 10351 12496 10677
f 8626 5727 12440
f 12682 12439 11641
f 11074 11332 11833
f 12049 12214 12237
f 13373 12928 13369
f 11075 10983 11862
f 12231 12884 13446
f 4201 3902 4210
f 3576 3879 2446
f 7773 7763 7048
f 129 2092 128
f 10619 10909 10449
f 10340 10357 10557
f 9316 8321 7179
f 12084 10165 13175
f 58 332 1485
f 4254 3991 3988
f 1402 1110 1391
f 3711 3748 4047
f 4531 3611 3618
f 7149 2905 8292
f 1309 3853 3543
f 1766 7150 2073
f 6038 5764 2832
f 3039 3329 7756
f 3901 205 492
f 2446 2454 2729
f 564 845 274
f 10764 7503 9996
f 10304 5611 10517
f 7732 4926 6747
f 11399 13017 13036
f 9844 11844 11190
f 2837 3171 2879
f 2684 2406 2692
f 11168 11306 11823
f 6305 1724 6303
f 3983 5283 5567
f 1013 4451 1006
f 12273 9886 10216
f 11566 8589 8604
f 5919 6188 5910
f 6711 9071 9644
f 11414 13164 13016
f 5631 12423 4720
f 25 664 634
f 3115 2857 2908
f 5129 5420 4124
f 4009 3802 292
f 7055 9451 7771
f 3442 903 1203
f 13008 10228 13455
f 12671 2418 12427
f 10586 10869 10585
f 10648 12494 12409
f 5473 4169 5191
f 3390 7385 8538
f 3646 4559 4252
f 10457 10302 10550
f 5894 5908 6178
f 1988 1994 2821
f 10464 10760 10473
f 7567 7644 4878
f 495 1648 12541
f 3115 2908 2907
f 8458 8448 7311
f 9975 10836 10763
f 5467 5293 5575
f 12082 10993 5842
f 13427 13152 12280
f 9183 6546 9182
f 11317 13323 11351
f 8227 8222 8485
f 93 651 90
f 3443 3734 990
f 12063 9882 12294
f 8625 12686 12441
f 9445 8873 7779
f 10301 10000 10798
f 10301 10798 10000
f 12371 12645 11601
f 9837 10182 9602
f 3593 2465 3597
f 1108 1098 1400
f 9242 8734 9590
f 11703 11089 10952
f 3039 7024 7741
f 12434 12690 12439
f 9248 8668 9281
f 3066 7354 8501
f 8276 7135 2837
f 12372 7936 10346
f 5892 5902 6168
f 11825 11296 11295
f 752 2156 185
f 7120 6376 7186
f 9195 8886 8889
f 1654 3904 4204
f 11573 7501 8576
f 171 2421 442
f 7095 5288 7820
f 1146 1437 1141
f 12238 10241 9911
f 6023 6034 5747
f 3592 4507 2744
f 13139 13407 12115
f 2186 2182 1918
f 7560 7998 7558
f 5778 2857 6081
f 2847 5843 3156
f 11560 13127 10292
f 6311 12892 5772
f 1924 1914 2185
f 4611 4695 5593
f 2002 1774 1816
f 37 342 640
f 11516 9422 8859
f 9977 8554 10631
f 8943 6568 7377
f 312 1535 330
f 8141 6458 8149
f 779 5213 1931
f 8397 3247 2963
f 11003 11766 11000
f 5520 3906 4208
f 3906 10576 4206
f 735 169 449
f 11403 12965 11407
f 8674 8673 9563
f 7253 8392 7240
f 11058 11228 11345
f 5327 5047 6880
f 6316 5820 2837
f 7853 7444 8566
f 11826 11102 12870
f 4156 5164 5170
f 5627 10400 4701
f 9232 8659 9295
f 4278 5566 4272
f 10326 10050 7926
f 4004 5145 5146
f 7580 6914 6858
f 9380 1018 1311
f 64 662 53
f 8159 7262 6462
f 4761 3697 5739
f 1359 1073 1070
f 782 223 5513
f 594 62 336
f 5178 5452 5171
f 3170 2903 3197
f 6975 9642 9355
f 9229 9225 9805
f 7892 7483 10790
f 3466 1261 4403
f 751 1891 11984
f 6850 4807 6621
f 12219 9867 10193
f 1715 554 1712
f 4241 5259 3947
f 10957 11754 11235
f 3998 3722 5107
f 11928 12525 12723
f 2003 2629 1999
f 7404 11609 10828
f 2554 2304 323
f 2285 2350 2569
f 10334 10040 4044
f 11993 10719 10717
f 10876 5274 1127
f 9261 8740 7165
f 11188 11302 12984
f 9982 10306 10499
f 9847 9864 10201
f 7847 7433 7434
f 10173 12113 10193
f 713 146 5449
f 5439 5438 5158
f 12974 11336 13479
f 1449 103 595
f 3139 5817 2902
f 12058 12259 12276
f 4246 5258 4234
f 12954 13393 12953
f 5218 3919 4218
f 7885 7493 7437
f 9842 10166 9623
f 9240 8963 8706
f 2397 2678 2671
f 6850 6621 3163
f 5646 10388 5671
f 11915 10668 12754
f 8685 9291 9287
f 11994 12791 825
f 12602 12360 2587
f 1151 4596 1442
f 9516 13119 7111
f 2153 738 1884
f 3496 2332 2604
f 2004 1780 1746
f 9297 9592 6907
f 3930 1383 3617
f 2228 1957 2516
f 8970 9585 9552
f 294 622 1500
f 1164 930 5323
f 856 1176 1286
f 2833 3192 3191
f 13249 3033 11002
f 1801 2358 2634
f 9245 9256 8735
f 8022 6045 5843
f 2837 6097 3171
f 7759 7034 4956
f 13293 11319 11347
f 7392 7516 7842
f 436 6438 2414
f 9116 9684 4921
f 12456 12019 10738
f 6354 8085 6361
f 11922 12477 12735
f 1725 560 1719
f 12795 12548 10707
f 9736 9165 9170
f 23 583 27
f 10257 9931 10251
f 6111 6116 3205
f 151 414 702
f 3964 4266 3972
f 6820 4999 5005
f 4926 9109 4923
f 10525 5701 4683
f 13152 12076 12280
f 9238 9243 8680
f 1631 481 478
f 4240 5535 5259
f 2825 3117 6025
f 4554 3641 4559
f 3396 4426 2277
f 9239 8760 8722
f 10851 10573 12784
f 5749 6316 7135
f 11061 11219 10206
f 6057 6689 4873
f 5272 5558 249
f 8012 8054 8323
f 2048 1812 2599
f 12225 9863 12103
f 9156 9154 9728
f 9710 9142 9715
f 1692 520 1684
f 10786 10572 10854
f 1170 2044 8740
f 613 6090 3164
f 3642 4552 1398
f 5759 6682 6102
f 9527 13128 13126
f 12157 11002 11767
f 9279 8693 8742
f 12727 12535 11972
f 12333 12172 12175
f 1798 2079 991
f 10931 10930 13332
f 8591 12656 11613
f 2029 2039 2339
f 11074 10984 11748
f 2482 225 2201
f 6153 5991 5993
f 1162 3409 857
f 11456 9871 10200
f 13283 13542 13544
f 7606 6924 13216
f 859 1188 861
f 12521 12768 12532
f 7858 5655 7441
f 11973 10695 674
f 9600 4425 6694
f 10648 8591 10804
f 868 1198 893
f 7218 3236 8379
f 13538 13119 13386
f 5171 5165 4151
f 604 96 2065
f 1934 1367 2194
f 8201 5946 6501
f 9238 9291 9536
f 5808 2915 5837
f 9305 9582 8044
f 13185 13503 12083
f 6790 7775 7046
f 293 1484 71
f 11716 10966 11737
f 2308 2583 1812
f 12035 12836 12587
f 11185 11238 11110
f 2684 8131 6435
f 3916 5230 5509
f 8047 8333 8072
f 11041 11798 11273
f 7317 8192 8445
f 6995 3257 2978
f 1309 5447 145
f 5068 3760 5342
f 8006 2567 2291
f 6866 7610 7626
f 8205 9133 9700
f 8 12 9
f 13011 11460 10166
f 13291 12315 11704
f 7329 7351 8497
f 13110 13103 11537
f 3431 4376 4414
f 12288 13491 13225
f 242 823 822
f 1170 4325 2044
f 13279 9958 12352
f 1255 4415 1273
f 491 12541 10699
f 11769 12927 13366
f 8344 8353 8091
f 7000 7764 7047
f 11682 10987 12857
f 11312 11828 11840
f 10458 4717 10311
f 6340 2866 7168
f 2136 7251 1319
f 13382 11783 11026
f 2165 1897 2173
f 5316 5370 3747
f 4065 3819 4119
f 2288 2060 2589
f 11573 12643 4713
f 13144 10173 10193
f 9196 9203 9778
f 8632 12694 12444
f 7851 12410 12665
f 11261 11130 11140
f 295 1470 341
f 9595 9030 8068
f 9394 9391 8820
f 9399 9115 9685
f 12748 12533 11971
f 6322 8041 8332
f 5711 10595 4746
f 9984 10356 10028
f 11063 11297 11173
f 10139 11194 11056
f 10623 10132 10454
f 4775 8707 7578
f 3573 4174 3874
f 8770 9340 9062
f 5746 3184 6338
f 6651 6916 7627
f 606 2891 71
f 12636 12400 8582
f 6526 7334 6514
f 5028 5413 3759
f 8578 12397 12630
f 13525 13265 7810
f 3127 6073 5816
f 5749 2900 3188
f 12443 12687 11648
f 5338 5332 3730
f 11991 10705 11990
f 7107 5020 6839
f 11378 11892 11266
f 2920 5845 6129
f 3513 3503 3518
f 3136 2851 2886
f 4250 3955 5556
f 1405 3629 3940
f 5386 5108 3828
f 8282 8030 7155
f 11466 13058 9913
f 9397 8826 9405
f 12085 12254 13449
f 7193 6396 7202
f 11651 11648 8625
f 8659 8765 4790
f 5531 5516 5240
f 9645 4889 6701
f 4516 3597 4514
f 11376 11254 11370
f 5794 84 358
f 2872 84 5794
f 11366 11143 11248
f 12163 13251 13516
f 11571 12650 12396
f 7571 6962 7579
f 173 443 741
f 10913 12094 10937
f 3956 5271 5557
f 6205 5925 8177
f 6752 4936 7734
f 6745 6742 9682
f 2151 8609 2419
f 12060 9879 11507
f 503 498 1659
f 4300 3445 1188
f 8661 6864 7583
f 4334 4715 3516
f 5716 5725 4743
f 1780 81 643
f 5134 4433 4131
f 2740 2459 1912
f 2494 2768 2499
f 1251 2051 954
f 10746 12021 11661
f 9112 8159 6469
f 7714 7003 6996
f 2765 2774 2500
f 11718 10964 13331
f 240 528 807
f 1468 90 651
f 9753 9749 9464
f 3404 4321 906
f 3174 7637 6925
f 9013 8715 8733
f 5971 5968 6256
f 8993 9579 8763
f 11169 11191 11346
f 11143 12679 11259
f 10321 10520 10538
f 13168 13441 10007
f 7662 6931 7673
f 4763 6597 6623
f 13109 11534 11542
f 8060 8074 6367
f 10753 12845 12034
f 9231 9526 8949
f 6064 6648 7649
f 5265 3942 5546
f 5613 4699 7930
f 9854 10233 9906
f 9530 8722 9012
f 3164 3177 68
f 4589 1425 3684
f 9531 9528 9057
f 1453 376 634
f 1718 558 3966
f 5027 7114 9799
f 9483 9492 8907
f 1453 634 376
f 717 149 428
f 2434 2701 2706
f 12718 12479 12730
f 9862 10211 10240
f 207 769 206
f 4260 3978 5574
f 12382 8605 8604
f 7076 9468 9745
f 12430 12438 12561
f 2265 311 2017
f 13207 13506 13243
f 12574 12002 12942
f 6386 8356 8074
f 8996 4794 6666
f 7777 3350 3054
f 9551 4871 9053
f 13302 11734 6062
f 4249 4554 5262
f 6027 5765 8013
f 12559 12438 12805
f 5650 4663 4662
f 13334 12910 11353
f 6906 6669 7627
f 11270 11383 11151
f 1459 301 612
f 5931 6220 6211
f 5084 3823 5360
f 6042 11706 3123
f 12358 11801 11044
f 4309 3519 8970
f 8000 10442 10119
f 8538 8531 8257
f 6653 4850 6698
f 3119 5757 2891
f 7198 8075 7208
f 3150 6071 3161
f 7436 7945 7502
f 13528 7094 7807
f 11052 11092 11847
f 8517 7364 8515
f 1602 6726 4163
f 9775 9201 8914
f 10363 10073 10543
f 3704 4004 5334
f 7085 6812 9187
f 8658 7574 9259
f 8006 6351 8055
f 11745 10978 11748
f 1710 268 841
f 8288 8054 8012
f 13155 12298 13227
f 12699 12826 11659
f 8308 7157 9338
f 12631 12406 9
f 12631 9 12406
f 4301 899 3499
f 9997 10313 10317
f 9249 8688 11452
f 5379 5124 5402
f 8330 6387 8061
f 8900 9802 9224
f 2819 2543 2259
f 4323 4417 3500
f 9572 9565 8991
f 9151 8863 8858
f 964 3493 1255
f 11951 10687 10673
f 13094 9936 10261
f 12088 13483 13178
f 5329 5046 5365
f 2447 2453 2717
f 3391 4469 2431
f 10141 9534 9835
f 7149 6350 5829
f 6546 8239 8238
f 7285 6475 8162
f 866 4330 918
f 1191 897 5368
f 7025 7738 9411
f 7950 7506 7948
f 8806 3553 1304
f 8979 9563 9562
f 2267 2571 2321
f 8930 9504 8929
f 6167 5888 5882
f 4659 5679 7439
f 4027 3775 3744
f 2477 2747 2475
f 7655 6087 2888
f 1559 1551 1548
f 603 72 10655
f 8105 6131 8368
f 3366 3075 3376
f 1453 1814 1511
f 11762 12922 13360
f 8785 8093 9638
f 6035 2876 5798
f 12466 12724 292
f 2575 2591 1767
f 4142 5434 3835
f 10875 10099 7983
f 4760 10438 10608
f 4760 10608 10438
f 7699 4897 6982
f 11379 11894 11895
f 6936 7664 4850
f 5952 7749 3034
f 13423 13462 13229
f 4050 5083 5349
f 5002 6819 7808
f 9737 4965 6786
f 1169 900 3441
f 11307 11239 11851
f 2122 1580 1851
f 11438 13066 12991
f 11461 13072 11511
f 13299 11758 13326
f 5998 3079 5992
f 1151 4281 4596
f 3146 6902 2856
f 1513 640 342
f 9624 9353 6969
f 7690 6967 9070
f 7620 6922 6651
f 161 730 438
f 2561 8043 1491
f 5947 6225 11764
f 9278 8721 8710
f 10208 11484 10232
f 11482 11357 13044
f 8430 7294 8178
f 12792 12566 12546
f 11330 11344 11846
f 8730 9306 8759
f 8405 8141 6449
f 12197 12353 10289
f 1025 3558 4461
f 8273 8335 7159
f 12644 5685 4692
f 12831 12583 12829
f 4279 3995 3695
f 12238 13244 12152
f 10761 7454 9985
f 7143 8328 8052
f 952 1285 3522
f 11937 11959 10667
f 11110 11238 6391
f 7068 7784 7064
f 5758 6078 5794
f 13208 13484 13493
f 10299 7870 9996
f 12103 12145 10218
f 2033 1816 1774
f 8545 7889 12417
f 13406 13167 13176
f 11639 8623 11646
f 6900 8761 6666
f 12858 11868 11864
f 9192 9489 8906
f 12354 12193 12351
f 5745 6038 5765
f 434 442 2421
f 7057 7056 7765
f 1695 543 6005
f 1999 41 1743
f 10294 10790 9984
f 1945 7332 2206
f 8968 9014 8700
f 7745 3328 7040
f 10153 9831 9882
f 9217 9214 9798
f 8421 6454 11877
f 10203 11480 9901
f 12657 11616 7505
f 13191 4860 12089
f 1788 2071 1801
f 8332 8072 7183
f 13012 11354 11453
f 8660 5404 7665
f 8402 8413 7263
f 6044 8024 3196
f 9812 10143 12964
f 6041 5829 5793
f 11104 11245 6457
f 11067 11481 12879
f 11822 11296 13318
f 11683 13500 13335
f 11576 12637 12609
f 2826 7626 3157
f 1314 1019 1013
f 9416 9124 9706
f 13417 13146 13050
f 9953 10275 11543
f 286 2268 2552
f 10182 9887 10217
f 3632 1395 1103
f 7215 8362 6400
f 2678 2390 2671
f 6296 548 6010
f 2244 2792 2523
f 9551 9008 8681
f 11692 12886 10964
f 2761 521 1683
f 11328 11863 11346
f 9875 10206 9874
f 5702 7519 4722
f 10942 11742 11232
f 7131 2908 6322
f 8061 8057 9603
f 338 1542 666
f 8276 3190 3191
f 6484 6308 9800
f 10764 7500 7503
f 3091 7369 6549
f 2265 2017 3393
f 8273 7159 7152
f 4703 7952 11613
f 11182 8013 6325
f 10154 11496 9890
f 4811 6673 7685
f 7329 6540 8243
f 7087 7071 6818
f 2876 3202 2918
f 3354 3064 8497
f 4763 6582 9595
f 10765 10030 10028
f 618 377 1509
f 10669 12520 11960
f 2392 2106 2672
f 9630 9343 9638
f 6614 9555 9273
f 9834 10170 10161
f 8943 9515 8942
f 5825 6389 9054
f 2844 5769 7152
f 857 1242 942
f 5769 6321 7152
f 693 2666 404
f 3110 2841 6034
f 3371 8518 7366
f 7970 7975 7522
f 11580 7494 7936
f 9571 8702 6690
f 11400 7857 7393
f 3392 4307 4322
f 5760 11706 6042
f 6851 9279 7635
f 10016 10404 10846
f 6328 8053 6366
f 13056 11510 10240
f 13383 10734 13387
f 981 1275 4433
f 2005 1746 1780
f 6338 8052 6347
f 6630 7612 4820
f 4770 6659 4832
f 9649 4887 6704
f 7435 7935 10242
f 593 588 1470
f 8886 7065 9453
f 5114 10056 10831
f 7383 8533 8262
f 13319 12883 11721
f 6847 7628 6928
f 6988 7702 3252
f 5391 75 5099
f 3406 3405 4313
f 8018 6350 6336
f 8981 9557 6347
f 4959 6770 7039
f 1921 2460 2178
f 12182 12342 12187
f 12535 10692 11972
f 12502 10338 10075
f 11710 10943 11191
f 2848 6103 3209
f 3726 4405 3749
f 3146 3157 6902
f 1269 3525 2633
f 5336 3421 1194
f 7119 8274 2899
f 7119 2899 3114
f 4501 2474 2473
f 4480 3565 3571
f 2643 2354 2364
f 2939 7227 7212
f 6060 6090 5810
f 10935 11724 11706
f 2563 2297 2010
f 7046 6769 7038
f 11436 12977 11457
f 3258 712 6171
f 4029 4066 3733
f 11452 9035 12998
f 5375 10079 10393
f 2278 2003 1743
f 2845 2869 5844
f 11282 11393 11674
f 12382 12618 12388
f 5353 5071 902
f 7121 2879 6313
f 11185 11332 11074
f 6313 2879 5789
f 6847 3146 7563
f 7844 7459 4689
f 9749 7779 9164
f 9232 6885 8659
f 5982 6280 6548
f 4763 6623 4805
f 3129 3162 3207
f 6925 2894 3182
f 13337 12900 11753
f 6082 5807 5837
f 8274 7143 3184
f 4902 7697 6719
f 6311 5772 8050
f 6638 6936 4850
f 3251 5877 6164
f 4763 4805 6582
f 2914 3205 7204
f 3898 4191 5207
f 11604 12649 12414
f 7060 11523 8902
f 3667 4570 3665
f 9022 9617 4851
f 8229 8494 6532
f 8273 7152 8017
f 421 142 3856
f 5052 4057 3832
f 8017 7152 6321
f 1662 842 284
f 7522 10086 10868
f 73 2035 1808
f 3709 5700 10327
f 11742 12144 11232
f 6409 8374 7219
f 8017 6321 6326
f 203 5507 1361
f 12850 13296 12866
f 13422 13196 13458
f 50 617 57
f 4752 7997 10890
f 7156 8314 6366
f 1734 2026 1814
f 4157 4154 5167
f 2024 40 608
f 5754 6052 5787
f 1923 1917 2183
f 9237 9258 9020
f 10778 10072 10538
f 4795 4859 6670
f 1868 8393 7249
f 613 598 58
f 2142 1874 2138
f 10192 9888 9885
f 4801 6632 6627
f 1794 2060 2055
f 12072 12246 12139
f 7132 8678 11114
f 1207 7924 12415
f 1739 2060 2297
f 10627 11962 11933
f 12691 8623 12445
f 11603 11619 8593
f 98 369 111
f 8275 3193 6106
f 11603 8593 11619
f 2292 1816 2632
f 3569 3563 4474
f 9857 10233 9854
f 2918 3204 2922
f 8551 5639 7890
f 6053 2858 5826
f 1737 2044 2042
f 11825 11087 11204
f 6670 4859 6955
f 720 1601 447
f 1167 8668 7173
f 9811 9817 10208
f 11054 11212 11097
f 5591 1447 1157
f 3082 3079 5998
f 3925 4219 3918
f 7547 5724 7986
f 7315 8452 8850
f 3850 1295 3532
f 6166 5881 6157
f 4 9 6
f 3898 501 4195
f 5993 5991 6284
f 9419 9411 8450
f 1773 1253 960
f 458 741 2704
f 13314 2830 13329
f 1976 1975 2247
f 6773 9428 7037
f 7012 7004 7727
f 6865 6596 7601
f 6670 6955 6102
f 1463 326 336
f 8273 8017 6326
f 9971 10006 10005
f 10912 10455 10625
f 11432 10217 11419
f 2273 2279 2003
f 2998 6189 5917
f 11366 11255 11133
f 3927 515 4216
f 13436 12311 13452
f 11805 11069 11318
f 9857 12293 10233
f 11192 11325 11071
f 1162 857 942
f 12705 12458 12457
f 12705 12457 12458
f 7885 1230 929
f 10644 10946 13351
f 4222 5519 3915
f 10712 10703 828
f 7886 7919 7492
f 7118 2896 2899
f 5915 2983 6191
f 4053 3467 4360
f 9498 3377 8523
f 5749 7135 2900
f 7138 8331 8041
f 8306 7153 8045
f 2193 1665 1933
f 10384 10558 10066
f 11307 11856 11180
f 2608 2345 2617
f 3115 8295 6081
f 3122 12889 2877
f 4334 4375 3515
f 12125 6642 4841
f 2583 2036 1786
f 3740 5357 5078
f 6866 7626 6688
f 5339 622 55
f 233 811 805
f 12222 10967 11743
f 1096 5256 5533
f 12960 13547 13398
f 8334 3191 3190
f 3145 2862 6948
f 318 59 1496
f 9833 9323 10185
f 9235 8661 8689
f 7854 5677 5636
f 9245 9570 8682
f 12471 12777 10385
f 12921 6220 5931
f 11440 10175 11499
f 12777 12767 12530
f 562 276 3382
f 5311 4045 5106
f 10309 10512 10555
f 1355 1057 1917
f 12592 12828 12838
f 9980 10493 4642
f 158 2128 1876
f 8303 7164 8083
f 3548 1302 1007
f 5260 5537 5541
f 5332 5094 5411
f 2761 1683 4225
f 13303 12893 13316
f 3989 1430 5292
f 1897 179 1889
f 7847 5680 7433
f 6065 6948 6679
f 655 674 1548
f 8019 6331 2303
f 10022 5688 7947
f 10951 10969 12883
f 2000 7852 1775
f 275 844 274
f 11052 11202 11193
f 12993 13053 11507
f 12993 11507 13053
f 9878 13076 10240
f 2007 2311 1752
f 2678 1855 1848
f 4380 2609 2608
f 5596 5663 4610
f 6545 7355 8238
f 9146 9423 8858
f 6225 3304 11764
f 5778 6081 6093
f 9605 4384 9052
f 23 4115 583
f 161 1872 2143
f 12362 8564 12606
f 5746 6032 5756
f 6132 5848 5854
f 3393 991 4371
f 13174 11494 13232
f 12485 12730 12479
f 11791 11149 11789
f 7564 8709 9259
f 13304 10967 13458
f 4006 3709 10327
f 6413 10996 11123
f 4071 3774 3789
f 8369 7231 8114
f 11717 13343 10971
f 8415 7270 8146
f 4498 9702 3584
f 11421 9350 8663
f 3551 1305 4452
f 6709 4891 6714
f 6205 6195 5925
f 6331 365 2303
f 2125 2402 2676
f 7626 4873 6688
f 7316 8446 7301
f 8223 6253 3344
f 2831 5773 4797
f 10156 9917 9916
f 9375 9366 8802
f 6033 3142 5766
f 8271 8530 7374
f 12213 13422 11690
f 3863 4160 4167
f 6446 8407 11246
f 8206 9701 9699
f 11051 6369 11205
f 8276 3153 2900
f 2941 3240 2948
f 10874 10086 10885
f 299 69 90
f 1357 4503 1921
f 7090 7805 4992
f 5044 10783 5375
f 13517 7035 6778
f 155 2398 2670
f 12365 12624 12636
f 5946 7295 6501
f 12207 12071 13163
f 646 82 101
f 9108 9107 8815
f 5503 5226 5230
f 204 200 763
f 2423 2457 2720
f 2987 2986 5901
f 11708 13333 11722
f 9988 10522 10775
f 5733 4756 10431
f 8498 8262 8533
f 7966 3651 1417
f 1190 4324 3507
f 9535 8760 6872
f 11763 13363 3310
f 11051 11205 11860
f 13414 13470 13180
f 1749 1767 2031
f 5624 4681 4636
f 6024 3176 2871
f 8632 12450 12694
f 5308 4605 1158
f 156 1593 2976
f 12493 8577 10670
f 8715 9628 9002
f 12615 12376 12653
f 4238 4539 3936
f 12852 13325 12866
f 9587 9036 9064
f 9449 8884 9455
f 9382 8812 8816
f 7327 8465 7321
f 8483 3346 8224
f 5759 6102 5756
f 8543 6579 8272
f 13367 13366 11768
f 7668 6686 6942
f 420 139 1584
f 9732 9159 9153
f 7912 5672 7945
f 12527 10684 11970
f 1735 2615 2043
f 4463 1328 1022
f 7456 1257 969
f 8547 8598 11565
f 12251 13207 13484
f 10463 10352 10294
f 12865 12857 13487
f 3116 2848 2925
f 3145 6065 5828
f 2682 2119 2675
f 1738 2043 2614
f 7396 4650 5651
f 340 3796 1542
f 5322 1176 5122
f 239 235 810
f 6587 6600 4786
f 8900 7833 7115
f 1945 805 3345
f 8657 9251 11506
f 12220 12080 12078
f 1521 369 98
f 1745 2598 2045
f 11822 11295 11296
f 6892 6640 4834
f 5618 4672 5698
f 5502 210 3899
f 12740 12782 12757
f 12046 13405 13141
f 6671 4868 6683
f 7739 6749 7022
f 11431 12981 13078
f 11421 10215 12992
f 11179 11060 11215
f 6916 3179 2894
f 2204 2751 2479
f 285 2340 2287
f 7602 5342 6960
f 1167 4414 3509
f 12043 10137 9906
f 814 525 1690
f 11190 11844 11342
f 12798 827 1699
f 1160 5041 944
f 4774 6679 7598
f 10782 10563 9990
f 3716 5046 5329
f 3035 8449 7304
f 2548 2630 1813
f 870 4402 3499
f 6898 8712 7684
f 7319 8842 9413
f 578 11577 11923
f 12247 9876 13454
f 8657 9240 9251
f 8122 8120 6423
f 9309 8733 8751
f 12217 12107 12057
f 4193 5201 5481
f 6759 6768 4940
f 2655 2385 2095
f 5576 5295 5282
f 2270 351 1455
f 7046 3331 6246
f 10977 11117 11233
f 13300 12876 13349
f 6601 6656 6901
f 13138 12041 12238
f 13474 13216 6924
f 5705 10120 10443
f 1727 2814 2257
f 1143 1138 1432
f 12800 10720 12569
f 1590 144 415
f 7210 8350 7201
f 431 150 703
f 6882 6614 9273
f 9072 9638 9062
f 11495 11514 13084
f 9811 10208 10172
f 1051 1424 5290
f 6110 3212 13354
f 10172 10208 9876
f 1458 3207 6118
f 2622 1796 2640
f 9377 8803 8797
f 12238 13476 13244
f 3963 3647 1419
f 13307 11732 12900
f 3778 4111 5136
f 7130 6326 6359
f 2004 304 81
f 11777 6005 11020
f 6024 5785 2918
f 9379 7262 9385
f 1065 1369 1073
f 9154 9429 8856
f 11084 10191 10960
f 10754 10050 9984
f 8361 3215 2923
f 313 2340 2615
f 7096 5007 6825
f 12808 10714 12000
f 579 672 77
f 12159 12161 12318
f 9852 13030 9009
f 2059 2356 2605
f 12290 12118 12283
f 3468 1237 951
f 11467 9876 10208
f 10168 10227 9901
f 12280 12124 12289
f 10015 10801 10063
f 6059 6079 5802
f 1408 1417 1117
f 5113 5429 10076
f 12046 11423 9918
f 12011 12807 12561
f 2011 77 672
f 2047 375 67
f 10662 12412 11625
f 8786 7686 6973
f 10503 12148 10386
f 7334 7325 6514
f 3298 8429 3010
f 4273 5573 4570
f 1499 2626 2311
f 11795 6019 11034
f 860 4306 4305
f 399 2365 2648
f 1029 1022 1327
f 12434 4740 12690
f 5105 5422 4075
f 10183 9874 12265
f 572 3129 68
f 12159 11003 5950
f 5462 5461 5181
f 6592 6591 4815
f 3468 1236 1237
f 7732 7015 9394
f 13404 12113 12977
f 4772 6596 7571
f 12209 12113 13404
f 574 51 612
f 2801 1981 2251
f 3115 2907 8295
f 2550 1814 1453
f 6171 6178 5903
f 11316 11190 11193
f 11456 13039 9871
f 2596 1512 2333
f 13301 12903 3185
f 12624 8592 4672
f 12236 12265 12119
f 3950 3960 4242
f 2193 498 1665
f 6653 6099 3180
f 4227 4239 3934
f 9727 9431 9439
f 4220 3917 5512
f 573 29 1464
f 13118 9957 10281
f 11165 11182 11080
f 5118 5135 5396
f 12952 6019 3101
f 9265 9631 8719
f 13550 13286 13131
f 8006 8279 1737
f 13337 11753 10993
f 11289 11856 11307
f 13127 11274 11900
f 5024 8943 7112
f 9674 9392 9388
f 3108 2922 8333
f 890 1252 3524
f 2851 3159 2886
f 11180 11215 11102
f 12605 11567 12411
f 9247 7145 8663
f 9803 9220 5022
f 9786 8922 9496
f 13049 9898 13048
f 13032 11468 11467
f 8587 10692 12421
f 2246 1972 2792
f 3187 6091 5844
f 4613 5665 5608
f 6056 8040 9627
f 3850 3852 4151
f 5716 8613 7964
f 4193 3887 4191
f 3118 2871 2917
f 3118 2917 2871
f 9669 9102 9383
f 8226 8217 8221
f 7395 7394 7956
f 10159 12269 9885
f 6115 3199 3214
f 3484 4395 2619
f 3376 6282 6281
f 8403 7265 2978
f 13195 12904 13470
f 7545 7554 7984
f 11838 10991 11233
f 12720 11966 11587
f 11926 10672 10689
f 4380 2331 2609
f 6612 4793 4836
f 6867 7614 7669
f 13451 12129 12293
f 3059 805 238
f 10585 3962 4258
f 3727 3424 4045
f 6952 6699 4880
f 941 939 4370
f 10302 4012 10550
f 8704 9046 9043
f 3410 868 1207
f 1560 381 1552
f 1711 547 834
f 1755 1766 2073
f 9023 3489 2335
f 300 374 1541
f 3744 4095 4854
f 116 680 108
f 5034 4052 5400
f 7370 7369 8519
f 11187 11072 11232
f 2560 2303 365
f 5401 974 1253
f 6865 6692 6962
f 3315 3027 7305
f 1165 3409 3778
f 11560 11557 13125
f 8988 8705 9573
f 11058 10942 11232
f 2266 2019 2353
f 1499 341 4120
f 3680 3676 4585
f 13138 13444 13427
f 10311 5608 4688
f 1116 4236 4542
f 8901 7802 7085
f 2509 2219 2227
f 13274 12342 13532
f 2796 2800 2799
f 2192 1910 6506
f 9011 8078 9625
f 7916 7939 7472
f 1830 1819 2091
f 11227 9892 10238
f 6591 9029 6689
f 4254 3988 5300
f 1674 509 226
f 3963 4252 3647
f 11408 10172 13203
f 13403 12286 12250
f 2657 2374 2661
f 10477 12245 4662
f 11446 9884 10229
f 12736 12747 12787
f 1462 332 21
f 11805 11841 11334
f 7288 8434 2998
f 13183 4863 10226
f 11555 13541 13275
f 799 507 227
f 7025 7023 7738
f 11311 11323 11838
f 7059 7766 7058
f 9238 9573 9291
f 13009 11485 10177
f 10162 11459 13005
f 9324 8346 7187
f 3665 4569 1422
f 8290 2922 3204
f 1461 12786 11925
f 3658 4566 5717
f 3310 3025 6220
f 9140 9144 9716
f 2290 2570 3425
f 2118 3852 2387
f 4361 3761 5422
f 6981 9656 6713
f 1211 5103 961
f 712 425 1581
f 11792 11148 11033
f 1109 7960 7518
f 2490 521 2761
f 8025 8301 8028
f 5147 4134 5435
f 516 1672 2756
f 322 5812 6351
f 10756 10028 10356
f 6315 8055 8310
f 7462 8591 11613
f 13184 4820 7612
f 6446 2399 7257
f 6588 9011 9614
f 10338 10360 12756
f 9880 7489 10235
f 8547 11565 12637
f 12331 9732 9923
f 10934 11698 11701
f 11931 10651 11940
f 12979 10192 9885
f 4144 1565 2645
f 8109 5858 6413
f 5026 6842 9801
f 1893 8609 2151
f 9530 9012 8964
f 2136 1880 2142
f 2032 2315 2316
f 2620 1802 1820
f 6860 13431 3185
f 11427 9839 11119
f 11168 11214 11306
f 7031 3320 3032
f 8687 6917 7593
f 2227 1952 1953
f 3744 4854 5404
f 9531 4770 6677
f 11184 11755 11328
f 12395 12664 12420
f 4822 6641 6905
f 7032 3034 7749
f 2837 2879 3190
f 3954 4245 3952
f 6634 4822 6894
f 6408 8103 8118
f 10663 10024 11974
f 8169 6485 6477
f 9231 8949 9520
f 12000 10715 10096
f 4565 3657 1128
f 4755 4590 7538
f 10617 4758 10614
f 4769 6593 4087
f 4770 4832 6677
f 10755 10473 10760
f 3930 5536 1383
f 7691 6971 6969
f 1631 1892 2712
f 8026 5775 6119
f 6788 9149 4961
f 1742 881 2015
f 10062 10854 10572
f 9994 10065 10851
f 11276 11154 11903
f 9513 9799 7114
f 7141 8078 6359
f 689 2088 125
f 13019 11456 10179
f 11308 11828 11837
f 4237 4232 3932
f 5272 1960 1122
f 11141 6009 11774
f 10017 10554 10397
f 4482 4175 3875
f 5032 5320 4042
f 10758 10079 10783
f 5162 997 5442
f 9654 9081 9367
f 4726 5704 4725
f 3070 5974 6258
f 3130 5777 2860
f 2288 2303 2560
f 3255 2961 3246
f 568 8263 6306
f 5977 3352 3063
f 13435 9993 6869
f 12397 8583 11616
f 1177 892 878
f 3613 4229 3933
f 9284 8696 6939
f 12858 11864 11117
f 1656 489 12789
f 5784 6669 2870
f 5625 7917 3447
f 6334 10214 11100
f 12680 2786 2510
f 2268 349 2574
f 1508 5142 4081
f 5180 5178 6997
f 577 1518 581
f 5405 959 5134
f 13297 11336 13051
f 11059 10237 10957
f 12747 10656 10668
f 6587 9548 6031
f 2759 2485 2486
f 5042 867 911
f 9137 9714 9147
f 4777 7670 13246
f 295 341 1499
f 4907 4910 6728
f 313 1511 2287
f 3975 4264 5284
f 12718 10649 12479
f 911 1222 925
f 1955 2225 2774
f 11943 11579 12666
f 10466 10027 10354
f 3482 1519 4085
f 4274 1427 3673
f 6429 8126 8377
f 2829 7573 7614
f 8703 9303 8718
f 2021 595 1760
f 12046 9918 12240
f 3993 4289 5586
f 7122 8303 9268
f 6574 8262 6568
f 9611 9631 9040
f 3681 3970 4587
f 1180 2015 881
f 13415 11705 12302
f 63 628 2067
f 8014 8034 6372
f 3120 3124 5823
f 8014 6318 8034
f 12086 12306 10227
f 1180 7864 8567
f 11694 12227 13413
f 4495 1049 1346
f 2468 1361 3596
f 12635 11585 8574
f 5663 7483 7904
f 5328 10052 3798
f 1454 4003 288
f 5364 3832 5153
f 10350 10813 10516
f 10791 10553 10548
f 7123 6378 8317
f 3927 5526 1390
f 1617 727 455
f 129 115 2092
f 9141 8212 9717
f 9556 9633 6693
f 9302 6677 6945
f 8320 3165 6930
f 5619 4323 3500
f 3446 4056 3758
f 4381 3485 3473
f 4734 12674 12673
f 13002 13074 13027
f 8279 7186 7165
f 3752 3756 5400
f 9504 9210 8929
f 12604 4710 11566
f 7524 7965 7540
f 1162 4319 3409
f 9816 12968 10145
f 10314 10311 5701
f 6706 6128 8096
f 8664 13030 11473
f 13027 11508 9873
f 1954 2506 2237
f 1521 1529 369
f 6849 9239 9530
f 11176 11299 11817
f 13153 13509 12274
f 462 1618 2711
f 3142 2884 2856
f 633 92 66
f 8662 9258 11462
f 12397 11616 12657
f 8393 7238 8387
f 7120 8275 6376
f 7566 6905 7666
f 7179 7189 8347
f 7996 5590 1446
f 9986 10849 7898
f 3443 990 1284
f 8942 6842 6843
f 9945 9205 10266
f 13338 11736 13483
f 10808 10797 10042
f 8662 9268 9258
f 12062 13219 10987
f 7573 6948 2862
f 5389 83 3781
f 2861 2921 7199
f 3120 6055 13305
f 1791 2064 1789
f 3450 1226 4345
f 13004 11499 11462
f 49 1765 628
f 8005 6374 6376
f 2529 11260 12678
f 406 2389 2378
f 7578 6899 7609
f 6169 6194 2993
f 12966 10135 11438
f 13292 12865 12911
f 5798 6107 5797
f 644 5116 5399
f 644 5399 5116
f 13420 13454 13202
f 3045 3331 7046
f 3296 3008 7281
f 11221 13077 9913
f 2206 7332 2477
f 3022 5936 6221
f 1204 899 5108
f 9971 5326 10824
f 1490 327 92
f 5184 719 5465
f 3173 6660 6931
f 10411 10577 10409
f 154 147 705
f 9175 9460 9744
f 7405 7852 7406
f 12509 10680 12755
f 2772 2767 2495
f 11436 9853 12977
f 11587 8596 8588
f 12729 11919 12752
f 3136 2886 8293
f 11627 1836 2106
f 9529 8965 8959
f 11244 2680 12668
f 4327 4095 3775
f 11396 11278 11158
f 5326 5145 5144
f 8506 9469 8915
f 1160 5325 5041
f 4009 612 5131
f 6979 7693 6712
f 12977 9853 12249
f 11547 9949 10274
f 6852 13184 7612
f 12814 12001 12567
f 1564 2643 396
f 2192 1918 2182
f 9832 12295 12081
f 4936 9696 9403
f 10505 3801 10393
f 3221 3213 2928
f 6200 8175 6738
f 6028 2889 5764
f 7487 10059 7935
f 10978 6107 11748
f 12032 10744 12028
f 8425 8421 7280
f 432 421 3862
f 9076 4891 4889
f 5665 7937 7943
f 11310 11240 11873
f 2270 351 24
f 2270 24 351
f 2328 2076 1277
f 7151 6361 8085
f 9542 6057 8022
f 3109 2915 2868
f 10916 12147 11694
f 2556 12378 12615
f 6027 6028 6038
f 6208 8428 8167
f 7425 10785 7908
f 11236 11872 11352
f 11051 11860 12892
f 12996 9858 11503
f 5103 5102 961
f 8023 7139 8290
f 13302 3123 11706
f 11891 11889 11368
f 7582 13508 3121
f 6021 6026 5753
f 7863 5613 7423
f 2892 3178 2909
f 5080 10811 7481
f 1181 965 912
f 10332 13502 10495
f 6213 5937 3016
f 1316 1140 5289
f 8318 8062 7190
f 12050 12296 10212
f 12050 10212 12296
f 11723 9892 11227
f 9817 10149 11484
f 5621 5661 4634
f 2159 187 475
f 10917 11708 13409
f 9319 8062 8318
f 9721 9428 8860
f 9766 10259 9186
f 12047 12150 13503
f 11050 11856 11108
f 10783 930 7461
f 2348 1823 2083
f 6536 8228 7351
f 11937 12767 10681
f 11208 11859 11231
f 449 440 1611
f 9931 10254 9929
f 4333 2571 3470
f 1514 633 4097
f 4628 7913 7929
f 6798 4976 6795
f 2734 2458 2172
f 9238 8680 9573
f 9005 8728 5841
f 6369 5837 2915
f 1164 885 930
f 5621 7473 4671
f 6340 6119 5783
f 5461 5188 5189
f 12471 10681 12767
f 6030 6039 5767
f 9010 9003 8711
f 4619 12392 12622
f 7429 4632 5616
f 9559 9008 9053
f 11638 10715 11644
f 4631 5681 7488
f 11929 10631 10679
f 10647 10652 12767
f 8015 6365 8286
f 4917 2984 5911
f 7557 10610 10900
f 467 465 455
f 13432 13240 13197
f 5358 3502 1219
f 4892 4898 6713
f 2548 1813 1546
f 1709 2789 2520
f 1809 1269 2633
f 2249 2529 2795
f 5734 10601 10429
f 11729 13340 11329
f 10686 91 11963
f 12855 11348 13342
f 10513 10387 10405
f 5615 1200 4341
f 4782 7623 8971
f 1787 2606 962
f 10582 3983 10438
f 10958 11119 11235
f 5215 5208 5492
f 8857 9421 7033
f 6597 4810 6623
f 6157 5881 2950
f 9522 8944 7834
f 1478 334 61
f 1111 3628 4538
f 4609 5685 12644
f 2493 2207 2214
f 5353 4054 5071
f 9419 8460 9411
f 5954 6763 4947
f 3945 3681 4586
f 3563 1324 3562
f 9992 13181 13482
f 11106 10985 11230
f 8753 8752 9347
f 9273 9555 9014
f 13138 12280 12088
f 2278 1743 2579
f 11401 13488 13222
f 6041 5793 6646
f 16 376 1453
f 6411 5853 2935
f 5840 6125 5859
f 11392 11901 11904
f 820 1961 251
f 12433 2516 12676
f 11805 11066 11069
f 11406 12971 13083
f 10484 12539 12743
f 5666 5688 4700
f 3983 5567 4280
f 3636 1399 5539
f 5745 6027 6038
f 6476 5923 8178
f 2048 960 1253
f 2048 1253 960
f 11906 11388 11387
f 13008 11504 10228
f 10377 10574 10408
f 4319 873 3451
f 4499 4494 3583
f 9015 9612 8727
f 12329 13519 13254
f 10165 10234 9873
f 2000 2276 7852
f 9995 10396 5366
f 915 923 5069
f 5748 3162 6078
f 857 865 1242
f 2149 2418 2696
f 5977 3062 3351
f 2762 4531 4232
f 3110 3171 6097
f 3117 6098 3124
f 4157 3857 140
f 6484 9800 9228
f 767 477 1644
f 11103 10977 11723
f 7100 7822 7101
f 3362 6261 5973
f 7137 2061 2295
f 11931 11603 11956
f 4342 3742 3429
f 9528 8962 9268
f 853 273 5579
f 6601 4857 6046
f 12047 12203 12219
f 12479 10649 12737
f 12060 13242 11471
f 6471 8163 6468
f 1791 1789 952
f 899 4126 5108
f 9654 9650 9074
f 10116 10893 10897
f 11324 11112 11865
f 1941 8862 2203
f 11433 10157 8671
f 2466 2738 2461
f 9471 9750 9470
f 1456 2320 315
f 8775 9052 1291
f 8962 8737 9268
f 2519 10705 544
f 7598 6679 6948
f 7829 282 3099
f 5027 9218 9798
f 5345 4111 3820
f 9315 6964 7683
f 2901 2926 5845
f 5964 4964 6777
f 7133 11821 9300
f 5529 4214 5237
f 12486 10471 10344
f 13410 12211 12888
f 5824 3206 6114
f 6313 5789 6068
f 6506 8188 8199
f 4670 5652 10506
f 8977 4855 6657
f 7943 5692 4703
f 5372 1232 7641
f 9380 4459 1018
f 7772 6779 7764
f 4363 5088 4076
f 11289 9846 12976
f 7151 6337 6361
f 6587 4779 6600
f 12317 12160 12319
f 1623 1619 454
f 10124 7555 7997
f 5138 5434 3814
f 885 3478 4371
f 2278 2567 1737
f 13203 12093 13466
f 1195 2324 1803
f 7827 7824 5018
f 2062 95 1789
f 897 1201 5368
f 12612 12419 12415
f 6238 5952 6228
f 10643 11919 12729
f 712 1581 144
f 9076 9645 9358
f 5988 3952 4991
f 4893 6711 4899
f 10465 10849 9984
f 3119 2891 3177
f 4363 3486 4383
f 9279 8742 7635
f 9028 4838 6362
f 20 306 672
f 10467 10379 4687
f 2104 1843 2671
f 12867 11902 11152
f 2551 2270 1455
f 7599 6898 9303
f 6325 8020 8316
f 13178 12252 13476
f 12096 12267 11717
f 3173 2874 3160
f 3116 3135 8305
f 11709 10982 12299
f 3370 7365 8513
f 13289 13493 12898
f 3260 5456 716
f 8581 11961 11977
f 6173 3261 2982
f 12275 12284 13481
f 8725 9593 9010
f 2331 2618 2346
f 3555 4467 4165
f 6035 3176 3202
f 7862 7949 7507
f 9969 10807 10490
f 10465 5657 4667
f 10465 4667 5657
f 2191 1923 1069
f 7552 10123 10905
f 11685 10968 12221
f 9974 10312 10357
f 1345 3583 1341
f 9077 9649 9084
f 10463 10030 10295
f 723 164 1865
f 5979 5978 6262
f 10497 10861 4665
f 9834 10161 11500
f 3421 3500 4417
f 82 356 655
f 10295 10030 12043
f 12909 11866 11349
f 1826 2085 670
f 7620 6904 6922
f 8078 8338 9625
f 12043 13173 10137
f 10635 11976 10694
f 9284 9565 8711
f 8322 7170 8339
f 2084 2635 1819
f 836 1978 2250
f 5602 7403 4642
f 4904 6717 9091
f 3321 6227 5939
f 9533 8964 9012
f 7918 11605 7475
f 13092 11523 13520
f 8397 2963 7244
f 1560 3843 386
f 12554 10712 12935
f 10137 11437 9854
f 4227 5249 5544
f 11437 12989 9854
f 10010 8572 7901
f 11184 10947 11755
f 4846 5815 8060
f 2962 3244 6152
f 4777 6937 7670
f 11893 13122 11548
f 4553 4563 3637
f 10997 11129 6209
f 8251 2781 2514
f 11332 11864 11347
f 8964 5788 4808
f 4193 4493 1046
f 6652 6105 4840
f 8110 6128 6706
f 4447 1009 1307
f 4577 3970 3670
f 7746 13249 13515
f 7126 6318 7139
f 3785 12522 355
f 858 1215 1188
f 11289 11108 11856
f 13420 13007 11439
f 2133 2235 1967
f 10177 11485 11472
f 3387 7376 3102
f 2405 430 6452
f 5337 1259 93
f 9248 7173 8668
f 9227 8270 6580
f 3707 1544 319
f 11554 13276 13541
f 6091 6118 5844
f 4624 4713 5693
f 3576 4481 3574
f 10518 10049 10827
f 12924 5938 3023
f 10153 11489 9831
f 7589 5109 6966
f 1489 375 324
f 3778 4120 4111
f 3618 4525 4223
f 2611 1516 2341
f 12090 13192 13069
f 13108 11535 13112
f 10771 10067 7942
f 11499 9913 13077
f 9141 9712 6504
f 2578 2309 326
f 13133 12096 10968
f 9532 6909 6964
f 8958 9623 10166
f 5199 5481 5477
f 83 644 656
f 7969 5711 7532
f 10315 10310 10476
f 5582 3987 3984
f 11639 8617 2234
f 1756 607 600
f 12225 12111 13488
f 3109 2843 2915
f 2538 563 1723
f 10788 10498 11952
f 11328 11863 11115
f 11328 11115 11863
f 12502 10075 10058
f 7838 7474 8554
f 2273 2278 2042
f 11057 9871 11187
f 9236 8723 6661
f 7714 5456 3260
f 8719 9051 9315
f 13133 13415 12096
f 606 3177 2891
f 9255 9634 9574
f 128 2092 2090
f 1468 1507 299
f 9842 9350 12992
f 576 1780 643
f 8632 8636 12450
f 9239 8722 9530
f 9566 9041 8994
f 5269 5554 3938
f 13400 13399 12962
f 9287 8705 6899
f 8725 9010 8711
f 1430 1137 5292
f 6752 7734 7020
f 12601 8564 11589
f 1247 2054 1246
f 9481 9747 8895
f 11205 6369 8325
f 9680 4918 9104
f 1144 2801 4583
f 3341 3051 8480
f 7213 8364 7208
f 11821 6327 11078
f 3467 3761 4361
f 11450 9842 12992
f 10954 10964 11718
f 10759 10524 11968
f 1469 1496 621
f 1491 5794 358
f 12327 13254 13519
f 9530 4808 6589
f 9843 9867 13063
f 9994 12506 5346
f 2266 1776 2019
f 765 2728 1638
f 6872 8760 7683
f 11311 11838 11233
f 11916 12645 12744
f 2399 1850 2121
f 11421 8663 7145
f 13454 12078 13466
f 3383 6302 6301
f 7546 10595 10887
f 2552 4010 1460
f 7126 7161 6318
f 2715 2723 2451
f 1999 308 41
f 3482 2330 353
f 4003 5067 5386
f 4374 1791 952
f 12067 12106 13157
f 6312 7139 7125
f 2564 2304 2295
f 7456 7920 1257
f 12498 12742 10652
f 3403 3454 4419
f 860 4305 3441
f 4669 5660 7903
f 6977 8921 9495
f 8684 9264 9263
f 9840 9886 10243
f 3399 4328 937
f 2272 2629 308
f 9498 8923 9497
f 1171 7891 888
f 6024 5795 5785
f 7287 8439 7300
f 1789 953 952
f 13429 13149 13187
f 6084 5832 6072
f 8775 7201 8350
f 153 1855 2124
f 8704 9281 9564
f 12589 12018 8637
f 8993 9321 9579
f 5772 12892 2840
f 46 1504 630
f 11319 11835 11356
f 10454 10132 10130
f 8447 8439 8183
f 5269 5562 5278
f 11019 6007 6290
f 2541 1141 2802
f 12847 10622 10912
f 3118 12861 13329
f 6133 6126 6124
f 5591 1157 5310
f 6312 7125 7126
f 3993 4277 3982
f 5576 5282 4268
f 635 645 91
f 8649 12456 10738
f 13088 13086 11517
f 6371 7170 8750
f 12486 12508 12721
f 5047 620 3203
f 2501 2773 2496
f 11400 9823 10152
f 6581 4878 6964
f 12606 12389 5674
f 10633 11960 12744
f 6031 6378 5763
f 4848 4869 6674
f 9233 6943 9618
f 4093 1516 4387
f 7798 7081 7797
f 7705 4903 6718
f 10295 12043 10479
f 10421 12558 11023
f 11185 11311 11233
f 9233 8732 6943
f 7448 912 10793
f 11816 11193 11190
f 9765 8901 6813
f 8672 9302 8723
f 3925 4535 3623
f 11909 11908 11398
f 11333 11868 11862
f 1382 1374 1076
f 2825 2836 3117
f 6408 5852 8103
f 3074 5975 3061
f 451 1681 804
f 5348 5085 10812
f 10141 9033 9534
f 1061 1347 2181
f 11536 9493 8914
f 6277 6809 3355
f 7284 3285 3010
f 8959 10234 9897
f 6584 4787 4766
f 7093 9492 13526
f 2069 2081 2345
f 8803 9363 8797
f 10938 10939 12913
f 11567 11945 10660
f 12600 12463 12599
f 2375 2388 2652
f 1164 3776 3478
f 5052 5333 1220
f 7109 9512 9794
f 3216 2923 3215
f 12850 2871 13296
f 133 2371 687
f 3143 2906 7157
f 4754 5734 4601
f 12111 13223 13488
f 2279 1764 2629
f 6074 3158 6119
f 1956 2238 1118
f 146 410 5449
f 12968 11414 13016
f 6848 9543 9280
f 3682 4587 1436
f 10795 10823 7503
f 8774 9068 8780
f 9561 9299 9033
f 9561 9033 9299
f 5351 3460 1205
f 2006 662 1806
f 8549 4675 11583
f 3684 4588 3683
f 9305 8044 9616
f 1455 2581 1482
f 9500 8931 9213
f 12205 12082 12243
f 11141 11774 11256
f 8471 7321 7326
f 9611 9056 9631
f 2014 1777 1764
f 4566 12673 12674
f 7816 7097 7821
f 2288 2297 2060
f 4214 5226 4212
f 12430 12677 12438
f 8889 8886 9456
f 2028 1765 2315
f 8569 11596 12625
f 13456 10982 12909
f 12225 13488 13058
f 13027 13074 11508
f 1530 108 366
f 861 4333 3428
f 9180 8891 9759
f 11195 11099 11208
f 12483 12751 12661
f 11033 11148 11895
f 9249 9326 8681
f 5884 6434 6149
f 12066 12277 11719
f 5057 4022 4039
f 8004 8007 6341
f 577 581 1465
f 11431 10215 12981
f 7405 7406 7907
f 10792 10354 10657
f 6826 6825 7095
f 11890 11377 8522
f 8079 8339 8350
f 801 1948 2214
f 9698 9404 8834
f 8109 6420 5861
f 7529 7981 7966
f 7435 10242 9919
f 8404 7264 2979
f 12216 13489 13233
f 12502 10360 10338
f 11565 12609 12637
f 2461 2171 2733
f 3894 5482 5485
f 11643 8619 8622
f 4379 3479 4391
f 10322 10548 10034
f 1629 476 190
f 11946 11604 8573
f 2152 2695 1879
f 10882 10097 10881
f 12056 8753 7572
f 13383 11025 11782
f 10647 10667 11967
f 4142 3835 4135
f 9079 9365 8787
f 11717 13470 13343
f 3360 7083 3069
f 9543 6688 9029
f 284 842 853
f 2228 542 250
f 13095 11525 10260
f 13099 13098 11530
f 15 615 69
f 8870 9156 6793
f 10479 4711 10352
f 12096 10953 10968
f 10652 11956 12767
f 7121 8334 3190
f 10633 10669 11960
f 4918 7716 8818
f 9982 8601 7951
f 9193 9758 9204
f 1238 983 1274
f 3421 3719 4404
f 3532 4131 4433
f 5105 10533 5427
f 3845 4436 3841
f 1401 1101 1110
f 3708 290 4010
f 10036 10812 10035
f 4943 7043 6771
f 4016 3728 4023
f 3407 4133 4427
f 6228 3306 3021
f 8973 9570 8735
f 10261 9936 9935
f 1978 7371 2249
f 10436 10888 10102
f 9845 10175 13016
f 13132 12137 12138
f 13132 12138 12137
f 13289 13208 13493
f 10596 10886 7541
f 12314 12150 13503
f 12314 13503 12150
f 9787 4569 1134
f 8891 9455 8890
f 13180 13470 12267
f 12129 12307 10233
f 8477 9717 8212
f 3404 1240 913
f 4506 3600 4510
f 12850 11720 10914
f 4090 354 1522
f 12553 12805 12436
f 4617 4655 4705
f 12220 12244 12297
f 12020 5307 855
f 8222 7336 8218
f 4791 4785 6598
f 870 1214 1232
f 2523 2792 2520
f 6635 4862 6678
f 7316 8844 8446
f 10299 9996 5676
f 8695 7633 6909
f 10645 12473 12525
f 12468 12765 12766
f 7061 7776 8868
f 8281 7137 8049
f 12328 10251 12165
f 7862 4655 7418
f 4652 7902 5696
f 9996 7503 7927
f 997 9354 1291
f 9547 8772 9341
f 5624 7916 4681
f 5338 5335 3754
f 9258 9268 8737
f 5702 3926 10412
f 11583 4675 7440
f 4838 5821 6362
f 1115 3627 1403
f 5568 3969 3968
f 13470 12904 13343
f 7778 3345 3349
f 4322 3465 4073
f 2702 1877 2427
f 532 1699 1704
f 69 363 90
f 7144 8306 8307
f 535 5988 6276
f 13180 13223 12111
f 12466 292 3802
f 6548 6280 8253
f 4317 929 3401
f 3455 1236 938
f 7838 7482 7474
f 6591 6689 9542
f 8014 5822 6081
f 11417 13054 11455
f 10867 7959 10085
f 9553 8040 8039
f 9703 9127 9415
f 2273 2042 2014
f 9586 9626 9006
f 9051 8779 9623
f 9534 8980 6599
f 7011 7004 7724
f 11311 11857 11323
f 11414 7583 13164
f 11071 11828 11236
f 12102 13225 13490
f 8664 8752 13030
f 7593 6873 4785
f 4050 5349 3742
f 7894 10404 10016
f 5375 10393 3801
f 5836 2928 3213
f 4635 4628 5619
f 7453 4665 7934
f 6471 8157 8160
f 11180 11179 11215
f 5437 993 5154
f 5801 4841 2880
f 11635 2239 8612
f 6211 6468 8163
f 12303 4856 12135
f 9414 8843 9408
f 2812 560 1725
f 3879 4173 4170
f 587 1466 314
f 7743 7038 6769
f 9477 13094 8897
f 6109 3197 6120
f 12385 12403 12666
f 8563 12422 12536
f 1449 291 103
f 13264 12178 12180
f 9813 11514 12985
f 12230 12156 9914
f 9129 8831 9404
f 2974 2981 3271
f 257 10706 12547
f 24 351 8575
f 6593 4804 6966
f 3151 6634 6894
f 12236 10959 11733
f 509 794 224
f 3052 6265 5965
f 5219 5221 5500
f 6294 3092 3378
f 9617 9637 6676
f 8799 6985 9371
f 7392 5701 7516
f 11931 10693 10804
f 5895 5904 6179
f 13066 9889 12308
f 5441 1298 5439
f 5649 10382 10560
f 2551 1455 1482
f 9231 8952 9525
f 6024 3202 3176
f 1743 582 2579
f 3971 5569 5285
f 2823 3177 3164
f 9867 13239 11497
f 9275 9554 6627
f 10194 9877 10214
f 6594 4860 6672
f 9356 8780 9642
f 2881 3172 6933
f 1385 1085 1094
f 4919 7719 4913
f 4631 4323 5619
f 6056 5841 5790
f 11169 11714 13339
f 22 1775 616
f 10934 11734 10972
f 10950 11758 13336
f 1739 2593 2060
f 11394 10286 11553
f 12798 12812 12565
f 8333 7183 8072
f 7713 5459 5179
f 5860 5869 6145
f 6475 6473 5922
f 1871 2693 2134
f 6685 4870 7687
f 124 1826 686
f 9325 6930 7676
f 9076 9358 8790
f 1096 5248 1089
f 10754 10790 10050
f 2329 2592 2602
f 12870 10954 11718
f 4903 4900 6718
f 3621 1105 4541
f 8012 8323 6349
f 7460 4702 5689
f 8170 6486 9118
f 8021 5805 6048
f 11705 11755 10947
f 742 169 735
f 3631 4536 4540
f 3463 1236 3455
f 4013 986 4375
f 123 1545 671
f 12985 11514 9921
f 2268 2310 349
f 3294 3304 5937
f 10175 10189 9863
f 9238 4780 7584
f 8859 9422 8850
f 8545 7396 7889
f 4147 4152 3848
f 13536 12189 12343
f 12568 12567 12813
f 5963 3046 3336
f 10775 10522 10555
f 1998 2037 1741
f 1468 299 90
f 9447 7058 7066
f 9317 8750 7170
f 10461 5691 5676
f 1027 8802 1317
f 12969 9826 10177
f 4584 1143 1432
f 12880 10956 10975
f 4962 6778 7036
f 1996 2274 1797
f 9722 8860 9432
f 20 45 577
f 10524 12771 11968
f 3108 2876 2922
f 11286 11194 13047
f 10971 12901 12907
f 8051 6354 9601
f 13029 11469 10226
f 6554 6284 6551
f 3104 3387 8530
f 5338 5102 5335
f 6104 6010 3095
f 12225 13058 9863
f 9503 9787 1134
f 11033 11895 13390
f 13432 13197 12057
f 11905 11663 11674
f 12230 13440 13167
f 12230 13167 12115
f 11213 13044 11357
f 7282 7274 8422
f 99 668 98
f 3619 2486 2753
f 5337 93 649
f 8288 8012 6349
f 13288 12870 12869
f 5609 5649 4709
f 1358 5227 1074
f 7255 2976 3273
f 5337 649 5062
f 13066 12308 13490
f 11184 11850 11066
f 7839 7854 5636
f 12875 10943 13339
f 4146 4437 2657
f 5310 1157 1446
f 933 958 4388
f 6775 4955 6762
f 10799 7900 10046
f 6593 6966 5109
f 10300 9973 10399
f 6593 5109 4087
f 9264 13062 8713
f 3419 918 4330
f 1705 2778 2783
f 1766 2592 2317
f 9539 9557 8981
f 7396 5651 7871
f 8299 7150 7148
f 12677 12436 12438
f 1151 3967 4262
f 10627 11933 12489
f 1736 2615 1735
f 8810 3552 1313
f 318 619 59
f 5628 4639 10512
f 7434 13040 9909
f 7568 4765 4807
f 11887 7367 11373
f 6162 6160 440
f 13318 11712 12915
f 4850 9037 9636
f 4505 3596 4511
f 8968 8700 9283
f 8675 9346 8768
f 1832 2111 1426
f 1295 5440 5165
f 239 5252 806
f 4593 3692 3697
f 1357 5506 5230
f 160 2409 5886
f 13011 10198 9869
f 12761 12530 11956
f 1109 1392 1103
f 11328 11346 11850
f 3179 5833 2911
f 7728 8826 7010
f 1079 1935 2196
f 4145 1293 4439
f 10011 8586 7953
f 348 347 3793
f 4271 4264 3975
f 11830 11842 11343
f 6855 7607 6611
f 10938 11705 10939
f 7804 7069 4983
f 4804 6611 7607
f 12215 12156 12115
f 6581 6909 7567
f 7315 7307 8452
f 2713 2704 2431
f 104 384 368
f 11177 9859 12312
f 11282 11674 12710
f 8762 7656 9332
f 12230 12115 12156
f 12323 12163 13516
f 5442 997 1293
f 9336 9065 9637
f 9928 13518 13086
f 9845 12309 10189
f 11169 11710 11191
f 4546 1111 4243
f 8719 9056 8779
f 12745 12501 1493
f 13212 13490 13491
f 8998 9284 8711
f 1150 1441 1149
f 4525 4513 3609
f 4297 3460 3519
f 5052 1220 920
f 7994 7992 7551
f 9023 9327 3489
f 12288 13225 12133
f 5689 4701 10404
f 1026 1323 1031
f 6819 7069 7804
f 12380 8571 79
f 8003 8001 7562
f 10773 10038 10503
f 1482 2294 376
f 11691 11754 10924
f 9606 8071 6356
f 1178 920 1220
f 3422 4409 4410
f 1441 1158 4605
f 9797 9505 9215
f 7699 7696 4897
f 852 568 3384
f 11053 11076 11197
f 4072 3786 3787
f 6371 9032 9615
f 693 404 133
f 6153 3357 5991
f 12881 13346 12906
f 8008 6353 6330
f 7340 7337 8479
f 13411 13210 13475
f 8015 9558 6375
f 13167 13440 13480
f 9869 10190 12268
f 1713 1710 550
f 2026 2080 1814
f 8370 3222 11358
f 11289 11299 11176
f 7860 7447 11621
f 12831 12584 12022
f 12214 12153 12123
f 8274 3184 2896
f 9228 8946 7388
f 5060 5331 1191
f 9561 9299 9292
f 6529 5966 6253
f 12412 12516 7
f 10503 12316 12148
f 11290 13083 11808
f 7144 2851 8296
f 7819 7810 13265
f 5218 5515 3919
f 2772 2495 2218
f 12358 13549 12202
f 2206 2748 2475
f 11051 8050 6369
f 5504 771 205
f 2104 1848 1834
f 859 4300 1188
f 950 4400 967
f 11312 11487 11837
f 6631 6895 13506
f 1783 626 2067
f 6983 6718 6712
f 10459 10038 10829
f 3113 2852 2904
f 3371 13372 8518
f 8873 7768 7779
f 12819 12821 12571
f 9258 13004 11462
f 11290 11210 11301
f 9011 9043 9614
f 8205 9700 6755
f 1635 2435 2709
f 3594 4509 4210
f 11897 11381 11896
f 5782 2867 2882
f 12101 12303 12135
f 1408 1418 1417
f 7569 4832 4833
f 576 585 76
f 5315 5040 5062
f 8683 8671 9257
f 4476 3561 3872
f 3125 2831 3185
f 7060 4997 6815
f 2901 5845 2920
f 65 2077 1800
f 559 558 1718
f 11813 11352 11351
f 11400 10239 9823
f 8024 7151 8341
f 10390 10388 10566
f 8475 1937 8209
f 5833 6109 2927
f 5928 6207 8165
f 5955 5943 6230
f 4062 3757 4125
f 8104 6409 2932
f 4062 4125 3757
f 8999 8715 9583
f 2973 7254 8410
f 9308 9618 9046
f 13032 10232 10231
f 7272 8261 9222
f 620 94 2904
f 7156 6366 8036
f 11802 10213 11488
f 11703 11189 11089
f 3850 3532 4146
f 1735 2043 2627
f 4297 3400 3460
f 2020 1767 1749
f 12991 13066 11475
f 2878 6930 3165
f 1065 4503 3602
f 5599 8564 12362
f 7029 13516 13251
f 5317 865 5039
f 13464 12268 12126
f 10018 5081 5357
f 5957 4939 4945
f 9357 8782 9351
f 7758 7036 7748
f 9978 10848 10781
f 12043 10030 13173
f 5192 4168 5190
f 2875 3183 3208
f 7588 4825 4865
f 12839 10746 12027
f 12839 12027 10746
f 869 8706 1243
f 1882 1605 734
f 10922 11708 11689
f 11682 11725 11688
f 9748 9167 8879
f 11267 11788 11028
f 5372 7641 6926
f 5045 5372 6926
f 1732 2042 2044
f 572 3177 606
f 10979 10988 11751
f 7110 7829 5020
f 8150 7261 6452
f 12393 4679 5669
f 12205 13307 10993
f 11514 9922 13084
f 6716 4913 6739
f 6927 7644 6926
f 704 1572 410
f 8330 7178 8075
f 401 127 695
f 13293 11333 11319
f 8544 7497 11855
f 7121 3190 2879
f 11191 11850 11346
f 9304 8738 6904
f 9013 9594 9345
f 13370 12929 13367
f 1889 1884 2145
f 13000 11455 13487
f 8996 9058 9632
f 1334 5191 1037
f 633 102 5128
f 6592 7635 4837
f 4145 3531 3847
f 3119 6117 5757
f 8447 6487 7308
f 3781 357 2334
f 7552 7556 10123
f 12329 12162 12165
f 4647 5633 7880
f 12971 13155 13424
f 3383 6301 3097
f 3214 2929 12916
f 9693 7020 6747
f 1870 1877 2129
f 9191 8904 8905
f 12073 12300 6611
f 3659 4567 4592
f 4615 5607 5612
f 13258 13520 12333
f 10791 10080 10033
f 11942 12755 10680
f 8372 11358 3220
f 8329 8769 7672
f 6011 6009 6294
f 8367 3218 2931
f 11691 10923 11754
f 3291 6196 8179
f 11185 11110 11311
f 5758 2869 6078
f 5044 5058 5323
f 8547 12402 12390
f 2588 4365 941
f 9538 4854 4790
f 9827 9896 10178
f 9445 8864 8873
f 8287 7177 2915
f 12624 12400 12636
f 1986 1723 846
f 7095 6825 3964
f 4159 3857 4157
f 6758 4956 7034
f 13482 11349 13065
f 13417 13194 13450
f 10478 10526 10364
f 8627 12443 11648
f 11430 13036 13017
f 10959 11115 11756
f 2736 2735 2463
f 2753 1079 4519
f 10462 5144 4122
f 11399 11433 13017
f 6558 7362 8248
f 5322 5107 3722
f 9273 8727 8713
f 10913 12864 12094
f 1789 648 953
f 3702 4122 3823
f 8669 11511 7682
f 4936 9403 7734
f 10001 10855 10842
f 6588 4824 9011
f 6442 6431 8134
f 12853 10957 10237
f 4004 5146 5334
f 12185 7808 13268
f 3987 5580 3984
f 12502 10058 10360
f 11322 11114 11231
f 9475 6546 9183
f 12498 11967 12773
f 13413 13177 13313
f 11061 11115 11219
f 2971 3267 5891
f 5496 5209 1052
f 7642 2890 6921
f 12380 79 2284
f 494 484 1650
f 9140 9716 9707
f 5642 4720 7910
f 115 384 677
f 5827 3214 10990
f 2573 2322 4398
f 7843 4630 8574
f 3813 3830 4114
f 6991 1020 714
f 8569 12648 12408
f 9417 8455 8198
f 12089 12233 13509
f 7805 7793 4992
f 6031 8009 6378
f 5177 1308 1015
f 7432 7891 4682
f 12870 11718 13310
f 8448 3025 7303
f 9481 13096 9747
f 8936 9510 8935
f 11055 11231 11195
f 7541 10886 7978
f 780 5210 213
f 244 526 4239
f 12057 13197 13461
f 4046 3747 5370
f 10484 12753 12539
f 11056 11194 11176
f 5045 5064 5372
f 2222 2790 1983
f 5045 5340 5064
f 4343 1486 3457
f 3394 4349 920
f 2465 2736 2463
f 10921 11712 11204
f 9856 10218 9889
f 11642 1968 8619
f 4147 3846 3855
f 11213 9877 13044
f 4571 1133 4264
f 746 178 1900
f 264 270 5298
f 2233 1961 7362
f 6465 7268 8154
f 2970 431 5898
f 6194 3267 8408
f 11680 12076 10940
f 12702 12454 11662
f 2049 1810 653
f 7950 7948 7510
f 4084 3790 3805
f 10502 5686 10358
f 9817 10188 10149
f 1525 1670 507
f 11806 11198 11070
f 12550 12429 10701
f 633 66 102
f 6600 6866 6688
f 4661 10527 10494
f 8484 8476 7333
f 5089 5101 4064
f 469 2434 2706
f 13221 12902 3189
f 8640 12699 11659
f 5336 5069 1221
f 10002 10847 7470
f 10007 10553 10391
f 12716 12616 10331
f 6976 6974 7696
f 435 6433 7247
f 4090 3777 354
f 5062 649 4067
f 11639 11646 8617
f 6060 3164 6090
f 13294 11735 12901
f 8190 8438 7297
f 10033 3780 10375
f 4301 3827 4126
f 10504 11954 12513
f 2288 2589 2303
f 10642 10649 11953
f 5036 5382 5061
f 8746 9327 9023
f 6311 8050 11051
f 12071 12116 13163
f 1568 1574 412
f 10086 5562 10868
f 11426 13027 9873
f 2505 1693 2215
f 12364 8580 8561
f 11683 11681 10915
f 4141 3837 5434
f 2291 2579 322
f 5986 3365 6282
f 3113 8029 5752
f 161 438 5889
f 107 670 2085
f 3534 4450 3845
f 305 1531 1503
f 3707 5056 4001
f 4552 5256 1104
f 11930 12737 10649
f 10729 10734 12008
f 9826 8754 9033
f 2576 2300 1477
f 2550 2294 2581
f 5895 6179 2981
f 10643 636 11958
f 6188 3277 6177
f 6708 4897 6974
f 7316 8849 8844
f 9237 9020 8689
f 11434 12986 13437
f 10756 10765 10028
f 12974 11478 11336
f 8726 9316 9312
f 13154 10925 12299
f 10961 11727 11749
f 5496 1052 1349
f 5052 3832 5364
f 519 2493 2214
f 9747 10250 9166
f 9074 4886 6971
f 2853 7140 7146
f 11797 11035 11150
f 2469 3597 2465
f 12861 10978 13331
f 9094 9091 9662
f 12727 10634 12492
f 12496 12509 12755
f 4624 7912 5699
f 13456 12909 13182
f 2970 150 431
f 4767 7651 6926
f 12073 10369 10541
f 11885 11884 11372
f 10765 10057 10030
f 10483 10565 10310
f 11171 11089 11175
f 288 1497 363
f 13358 12919 12920
f 11303 13347 11852
f 2267 310 3470
f 11931 11940 10693
f 8703 6629 4802
f 11574 8580 12654
f 6704 4881 5849
f 4621 7502 7945
f 10014 10021 10343
f 4033 5059 5371
f 6352 8084 6107
f 12060 10231 12277
f 10941 11733 11756
f 10766 10566 10469
f 9954 13533 12188
f 7873 7515 4716
f 8168 11129 6467
f 10962 10986 11736
f 9813 10160 11514
f 6591 9542 4815
f 4782 6625 6622
f 5205 3885 4188
f 11982 10696 10697
f 7395 7956 4672
f 8155 8410 6451
f 11927 10668 11915
f 13294 12904 13317
f 3782 1251 979
f 13408 10030 10837
f 8607 2106 2108
f 4301 4402 3517
f 10828 11609 11962
f 11819 11331 11849
f 11161 11158 11908
f 764 1912 1640
f 1838 683 11627
f 13422 13458 13189
f 10545 4090 12768
f 3129 2872 3162
f 8803 9376 8796
f 1828 2646 2357
f 1583 699 141
f 3374 6293 3368
f 11164 8054 6314
f 8907 9172 9743
f 5077 896 910
f 2285 2627 2350
f 6033 6052 3142
f 11577 8575 11589
f 12952 3385 13391
f 7142 2850 106
f 2436 2709 2427
f 13328 10673 12908
f 11177 11095 9859
f 877 921 7426
f 398 2647 1567
f 9130 8832 9129
f 13379 13104 13531
f 3493 3793 4113
f 11987 12560 12555
f 11933 11962 10665
f 1453 1511 634
f 1790 955 2612
f 12991 11475 7939
f 4769 3772 12073
f 4011 4057 3755
f 4903 6720 4900
f 4529 4224 4229
f 8014 6081 8295
f 11052 11847 11202
f 1147 2807 2808
f 3443 4393 3734
f 4653 4720 5642
f 8890 9454 9740
f 1649 757 1908
f 6867 7669 6597
f 12722 10513 12753
f 11421 9844 10215
f 6096 6111 5838
f 916 597 1748
f 5045 6926 5390
f 2288 1772 2010
f 7354 9470 8500
f 8417 8152 7269
f 3130 2860 3151
f 2382 2667 2114
f 9823 11485 13024
f 10602 10438 3983
f 3762 4058 3460
f 9260 8691 11491
f 1347 5489 3890
f 5266 5277 5560
f 2711 1618 2430
f 12434 2515 3654
f 4862 4861 6678
f 292 1467 301
f 10138 9855 9868
f 11704 10963 13353
f 7110 6838 5306
f 11419 10217 10192
f 7717 9101 8813
f 12872 13308 12890
f 2124 1855 2678
f 8958 10166 8695
f 12602 4382 4693
f 1910 8440 8188
f 3404 906 1240
f 4943 6771 6761
f 6056 9627 6687
f 10474 10820 11953
f 7524 7540 7539
f 24 105 581
f 12252 13483 12108
f 6615 4878 6927
f 11713 10976 10955
f 6523 7325 7334
f 348 3793 3493
f 12636 11206 11586
f 578 8575 11577
f 578 5143 105
f 4495 3585 1343
f 10648 12409 8591
f 2405 7261 2126
f 11321 13327 11858
f 7896 985 1271
f 6314 5767 10944
f 4600 4598 3693
f 8329 7672 6929
f 5538 5253 5256
f 9990 10400 7895
f 11683 12913 10939
f 8606 11672 10745
f 7307 7302 6493
f 4353 940 3476
f 11067 12879 10949
f 289 1489 57
f 5061 1271 978
f 7120 7186 6315
f 4438 3525 4430
f 913 4367 1213
f 12379 12627 8576
f 13307 12900 12882
f 11911 10637 10659
f 1001 5436 1295
f 8656 8650 12462
f 10778 10538 10373
f 8909 9488 8916
f 8074 8356 8092
f 5800 3158 6074
f 695 5444 137
f 9533 8763 9261
f 12882 13337 10993
f 10489 10312 10311
f 1582 137 417
f 74 644 5380
f 5025 6841 5024
f 3535 3541 4440
f 10136 9838 9866
f 12979 11418 13050
f 6601 6046 3186
f 13301 3185 13431
f 12819 10442 12578
f 7546 7977 4746
f 10874 10103 10581
f 9181 9753 9177
f 13108 9490 8919
f 4940 6768 7760
f 11169 11115 11061
f 6979 6718 3233
f 6022 5823 5809
f 289 57 338
f 1 12515 8
f 6583 6610 4800
f 5483 3892 4185
f 1450 593 53
f 11362 11246 8158
f 5604 12405 4636
f 4521 2481 2202
f 3802 5131 5410
f 4044 5126 5151
f 6586 6854 12223
f 11054 11353 12910
f 3723 5064 4127
f 5052 4349 4057
f 3748 5386 5107
f 2211 236 1944
f 4839 12123 10223
f 3315 7305 6488
f 12710 8656 8655
f 1001 1299 1004
f 12367 11062 11834
f 6893 6628 6908
f 2075 2072 2344
f 10936 11712 11739
f 13109 11542 13114
f 1728 1985 2817
f 11600 11613 12656
f 7918 7481 10080
f 3707 3731 4129
f 12272 9894 10221
f 2405 2126 430
f 11167 11727 11216
f 11068 11201 11861
f 11167 11216 11707
f 13294 10961 11735
f 1388 5243 1099
f 5000 7094 7804
f 12011 8630 8634
f 3927 1390 2497
f 11290 11808 11121
f 3701 3783 4005
f 10478 10845 10026
f 10478 10026 10845
f 4173 4171 3869
f 11047 10944 11729
f 10278 11544 9954
f 5065 3788 4094
f 9724 8858 9149
f 2761 4225 4524
f 11799 12958 11043
f 10783 10079 5375
f 4896 5866 7698
f 1957 2508 2516
f 9005 9632 9348
f 12999 13444 9911
f 3622 3630 4542
f 4017 3758 3750
f 13294 13317 12874
f 8447 8187 8439
f 3118 3176 2917
f 12044 12147 10916
f 4217 4511 5231
f 12158 12320 13516
f 10133 10910 10131
f 8010 8283 7175
f 6138 8099 6401
f 3394 3431 1258
f 5313 5144 5145
f 1677 2496 1675
f 12864 12885 13327
f 4762 4759 10615
f 2034 2058 1758
f 13304 12864 13327
f 8401 7256 7262
f 11888 10263 11138
f 3971 5285 4263
f 11928 11932 12764
f 4304 3394 871
f 4589 2533 2807
f 5618 5698 4694
f 9986 10333 10849
f 8181 3302 3011
f 4494 3584 1048
f 12840 12593 12839
f 1838 11627 2108
f 3999 4402 3723
f 2564 2295 94
f 3471 4364 4685
f 6510 8204 6507
f 3700 5315 5056
f 9416 9128 8835
f 402 2373 2370
f 3698 5589 1448
f 4767 6926 6610
f 3879 4170 464
f 9815 9834 13020
f 9380 9666 4459
f 9175 9740 9452
f 7858 4684 5655
f 3705 3832 4011
f 6618 6610 4803
f 5756 2863 5828
f 7995 10123 7556
f 7995 7556 10123
f 9847 10225 9864
f 7146 2849 6373
f 10704 12560 11987
f 906 7506 7950
f 4767 3788 5390
f 10003 10785 7913
f 3849 131 2093
f 12853 13214 13298
f 1214 3499 3441
f 3514 2354 3831
f 5622 7408 7467
f 5963 7346 3046
f 3675 3666 4578
f 2610 3789 4383
f 11172 11730 9850
f 3312 6215 3026
f 7687 6695 4883
f 5046 4127 5065
f 5046 5065 4094
f 10627 10828 11962
f 2205 2197 2480
f 10726 12562 10720
f 6801 6797 4977
f 10721 10427 5727
f 9239 7666 8760
f 3073 6261 3362
f 7889 12423 12417
f 8207 6519 9710
f 11022 12935 3090
f 12790 1655 4206
f 5880 2962 2949
f 2133 1965 2235
f 12875 13339 12899
f 4311 1281 3423
f 7776 9440 8868
f 54 323 2304
f 4124 5420 3837
f 8965 4773 8667
f 10965 11852 12894
f 3555 4904 9091
f 12238 12152 10241
f 12970 10172 11408
f 11415 13210 13055
f 7660 6933 6952
f 13406 12281 13167
f 9732 12163 12325
f 1163 906 7950
f 497 4198 3896
f 2897 3201 2895
f 8498 7368 8527
f 7176 7653 8747
f 737 1608 446
f 5013 7818 7099
f 12569 10720 10722
f 7121 7124 8334
f 13156 13455 12098
f 6859 9339 6943
f 12060 11471 10231
f 5060 3739 4078
f 13143 12116 12077
f 1488 1768 625
f 5312 5153 3705
f 3199 6126 3214
f 2269 2055 1771
f 343 1544 4128
f 3907 4207 3904
f 13477 7682 13245
f 4456 3548 1007
f 10481 10353 10064
f 8462 8845 9412
f 3708 4028 5075
f 7125 6314 8288
f 7627 6669 4867
f 12088 12289 13483
f 199 479 1645
f 3256 2972 151
f 9267 9299 8754
f 5950 6226 6232
f 2298 316 2613
f 2395 2394 8608
f 12203 13239 12219
f 4777 13246 12263
f 2936 3212 5846
f 2286 2031 1767
f 6211 8163 6471
f 6617 6629 4819
f 5012 5294 3965
f 1137 1429 4574
f 10334 4666 5645
f 439 732 167
f 773 486 200
f 4007 5056 5350
f 4530 2760 4230
f 13511 13513 13252
f 11199 11240 11078
f 12393 5669 12658
f 12966 11428 9834
f 4030 3811 1531
f 12854 13304 13327
f 5818 5817 2898
f 3705 4409 3422
f 8172 9122 9691
f 12865 11836 13349
f 9311 8759 8777
f 12225 12255 12111
f 2048 1253 1773
f 11763 3310 13362
f 162 1603 729
f 7566 7598 4822
f 6652 4840 12290
f 13091 9945 11543
f 3341 7349 3056
f 7305 8838 9122
f 9377 8797 7243
f 12702 11658 12019
f 772 199 1651
f 868 893 1207
f 8315 6385 8071
f 10089 10088 10871
f 8831 9402 8827
f 5925 8174 6480
f 141 699 701
f 451 804 237
f 5768 2861 7199
f 2760 1678 4230
f 9361 8792 9658
f 11820 13317 11344
f 7415 7927 7856
f 7136 8297 6332
f 3999 3723 3716
f 3711 4047 5107
f 11940 10652 12742
f 12632 11950 11596
f 7567 4800 7644
f 4768 12058 12276
f 9448 7774 7050
f 3342 3049 3057
f 1165 3778 5324
f 11707 11091 10982
f 340 338 1505
f 13031 11488 9921
f 574 2615 1736
f 3714 3776 4022
f 12223 13192 12090
f 4693 12662 5695
f 10038 10059 10829
f 9484 8908 9742
f 7433 5680 4715
f 5580 5579 5589
f 2859 3149 5832
f 5754 6064 2884
f 9275 9341 8772
f 11166 11091 11216
f 12998 11461 13080
f 11166 11229 11337
f 11875 13357 11359
f 9808 11188 12984
f 12044 12221 10992
f 4485 4476 4176
f 9707 8453 8196
f 3713 3762 4112
f 7581 6860 7587
f 4788 6608 9627
f 3752 3741 4042
f 4359 985 969
f 11799 13392 12958
f 12960 11041 11159
f 3070 3058 5974
f 12456 12580 12703
f 11327 8352 11350
f 11284 11870 11354
f 11430 11335 13036
f 1094 5254 5535
f 13061 11495 13492
f 10296 10680 12509
f 9248 8704 9625
f 1995 2281 1741
f 886 1792 2586
f 13040 11476 9909
f 3619 4519 1085
f 13433 6862 6680
f 11846 11344 11500
f 12208 9823 13024
f 9190 9478 8903
f 4997 7083 6814
f 4598 5730 7535
f 7747 7043 4943
f 10145 13016 11440
f 3702 10377 10337
f 11081 11872 11236
f 2135 1870 8394
f 10314 5608 10311
f 6472 8151 6463
f 10925 11707 11709
f 6877 8781 7636
f 7052 6775 4957
f 7121 8278 7124
f 10281 10276 11546
f 3103 7378 8529
f 10002 5394 5143
f 9795 9793 9509
f 13154 13494 13201
f 6655 4831 9064
f 2834 3185 12903
f 243 1688 528
f 5029 10841 5408
f 10936 11739 13332
f 13429 13463 12292
f 10497 10330 10026
f 7113 6844 7112
f 7405 1775 7852
f 1782 5119 957
f 1094 1085 1377
f 7090 4245 5263
f 10938 12913 11755
f 6069 3161 5792
f 13412 11497 13239
f 1153 4591 3685
f 9433 1075 8851
f 706 412 1574
f 890 3426 1195
f 6447 6456 8152
f 4622 2572 12610
f 5860 6404 8101
f 12554 12935 11022
f 1832 2531 2801
f 3179 6092 5833
f 8275 8005 6376
f 4999 6824 5005
f 3007 12920 13361
f 1305 5168 4452
f 2275 308 1468
f 1465 581 306
f 1600 5887 6165
f 5754 5787 6064
f 6921 7624 6903
f 13306 12903 12884
f 13183 11469 13471
f 11060 11852 10965
f 6827 5008 6826
f 5029 5408 5153
f 4315 3419 4619
f 4036 10507 3802
f 6449 2402 2125
f 13159 12135 4856
f 6056 6687 4812
f 11127 12668 2399
f 12205 10993 12082
f 2738 488 2461
f 6132 4882 5848
f 9813 10221 9894
f 9523 7115 8948
f 13138 13427 12280
f 8432 1043 1343
f 4774 4808 6679
f 1275 3527 4433
f 7005 6730 7720
f 319 1544 1504
f 27 627 603
f 428 149 1582
f 588 341 1470
f 10624 10623 12035
f 8277 7129 3135
f 8109 5861 6135
f 4615 5612 7846
f 5930 6472 8166
f 7427 7477 7858
f 5552 1405 3940
f 9247 8779 9056
f 5063 1218 949
f 1471 1501 329
f 5974 6253 5966
f 3983 10431 4290
f 17 5345 3820
f 12208 12240 12316
f 8560 11624 12423
f 5035 978 4026
f 1954 2237 1968
f 5009 9502 9207
f 7414 11578 7893
f 12290 4840 4830
f 6854 6861 6595
f 10497 7453 10787
f 2577 1474 1754
f 9834 11500 13020
f 7410 10767 10064
f 2279 2629 2003
f 5322 3722 3430
f 8895 9171 9748
f 7216 8357 8785
f 869 9251 8706
f 6134 8097 6393
f 10459 10829 4668
f 6387 7198 6399
f 11454 13047 13069
f 5620 4716 4622
f 9821 10150 12978
f 4690 7557 10898
f 2903 7171 8340
f 6971 7688 6969
f 13423 9845 13016
f 2744 2742 2464
f 2744 2464 2742
f 2012 1204 5341
f 12598 10753 12597
f 588 2564 94
f 2540 2802 2803
f 2845 3207 3162
f 4848 6949 7657
f 2192 2182 1910
f 3406 4692 5617
f 4308 3430 3722
f 10012 10395 10495
f 2624 2622 2348
f 4243 4253 3957
f 4452 1005 1300
f 10296 12509 10561
f 5317 1242 865
f 1728 2817 1731
f 10685 11966 12525
f 10685 12525 11966
f 11807 11188 11098
f 12551 543 1704
f 7660 6952 7674
f 5312 3422 1234
f 13307 12882 10993
f 8035 7158 8312
f 12159 12318 12158
f 4668 7487 5666
f 3999 4308 4032
f 9814 4636 12642
f 7586 6863 6879
f 8280 7138 8680
f 6285 3368 3081
f 7079 7795 3066
f 12220 12247 13454
f 10633 12744 12514
f 9999 10529 10320
f 288 4003 4128
f 9531 8672 8962
f 10786 10382 10061
f 7885 7437 1230
f 11175 11089 11086
f 10503 10015 10850
f 2998 8434 3285
f 11566 7951 8601
f 5317 5039 1208
f 12930 11768 13366
f 12608 12735 12477
f 685 675 114
f 8372 7228 7236
f 5268 5563 821
f 11989 11987 10706
f 1411 1123 4560
f 9011 6360 8078
f 8583 11598 11616
f 4943 6235 5951
f 9177 9753 9464
f 73 1768 2035
f 4643 11597 4698
f 11091 11866 10982
f 4179 3568 4473
f 6143 6149 3234
f 10982 11866 12909
f 6264 5971 5969
f 12541 485 192
f 9072 9062 9641
f 8606 10745 8638
f 1229 4350 3472
f 13045 9884 9917
f 7658 6953 3194
f 12880 13340 10956
f 26 663 381
f 6744 9680 4929
f 974 4430 3525
f 4620 7510 5662
f 5913 3271 2981
f 2885 3174 6938
f 10770 10784 10034
f 4162 3863 4167
f 8277 3116 2925
f 1355 2191 1363
f 11746 11743 11230
f 8858 9423 8857
f 5338 3764 5332
f 8557 10650 12536
f 4635 10508 5641
f 11317 11832 13342
f 12252 9903 13476
f 5118 5396 1808
f 8546 7475 11605
f 312 330 1501
f 1981 2532 2251
f 12366 12633 12621
f 13378 3373 3088
f 8098 6395 7210
f 11096 11837 11487
f 2392 2672 2673
f 12735 12531 12512
f 12389 12402 12637
f 2217 1433 270
f 5659 4664 4357
f 6091 5812 6118
f 5711 4746 7532
f 1150 4595 1444
f 5605 10560 10384
f 10300 10559 9973
f 947 1785 956
f 4633 10496 5658
f 3901 492 2465
f 3277 8415 8146
f 4646 4684 5668
f 4317 3401 4311
f 771 484 197
f 1164 3478 885
f 11600 12638 11613
f 656 100 1550
f 2316 2315 2038
f 4223 5250 3932
f 10461 5676 4718
f 13393 13392 12953
f 7329 8243 7351
f 12183 5006 6822
f 5981 6004 6291
f 7628 4832 6928
f 4080 4383 3789
f 5085 3769 4074
f 3900 498 1353
f 9412 8836 7304
f 11284 11834 11845
f 13221 3189 6940
f 9190 9755 9478
f 5113 10076 10835
f 11794 11038 11272
f 7813 5007 7096
f 468 2448 1626
f 468 1626 2448
f 3560 1030 1322
f 771 197 205
f 7653 9345 8747
f 9976 10860 10330
f 5050 912 5354
f 2578 333 12647
f 3051 6264 5969
f 12934 11006 13264
f 11369 7363 11882
f 11431 10198 11450
f 12827 12580 12582
f 3448 4410 4409
f 93 90 649
f 7837 1197 8690
f 9687 8170 9118
f 5979 6268 5978
f 1383 1084 4522
f 12795 10707 11988
f 7452 7923 10826
f 7029 13251 7751
f 7153 2859 5832
f 10013 5093 10835
f 212 5494 5210
f 4013 5038 4375
f 4013 4375 5038
f 12042 12276 12259
f 3716 4127 5046
f 9988 10777 10499
f 361 2623 1536
f 4340 4400 950
f 4761 10443 5740
f 7447 7894 10016
f 1184 2591 934
f 3350 6258 3054
f 13482 13065 7497
f 11676 12031 12840
f 418 1578 704
f 3707 5344 5056
f 9212 1422 4569
f 46 5344 319
f 3406 4313 4692
f 9252 9270 8670
f 12167 13256 13517
f 11161 11908 11281
f 11075 11752 10983
f 4000 10544 3737
f 7363 8246 6553
f 5038 5106 5381
f 11287 11175 11845
f 12855 11843 11348
f 11475 13066 13212
f 6168 5902 5900
f 10375 10391 10553
f 10287 13276 11554
f 2991 5904 5470
f 46 319 1504
f 9701 9695 9131
f 2011 1813 2630
f 928 1770 2585
f 12603 11617 12624
f 11071 11869 11226
f 11993 1703 12791
f 10786 10854 10558
f 12001 11644 10715
f 916 1210 5070
f 2301 3452 4356
f 4934 4930 6750
f 11908 11906 11280
f 12724 11971 664
f 12063 11493 10153
f 1190 883 4332
f 5419 5151 5150
f 11805 11334 11221
f 209 2187 764
f 12288 10541 13491
f 12776 12532 11973
f 4025 1495 5090
f 6511 8213 6242
f 6022 5842 6055
f 573 584 29
f 11049 11203 11198
f 5766 3142 2856
f 13440 13247 13480
f 9093 8801 1321
f 12976 11505 11416
f 5056 5344 5070
f 10634 10680 11975
f 9420 8856 9429
f 3249 6986 7698
f 10626 12538 11938
f 10626 11938 12538
f 9769 9192 8906
f 46 597 5070
f 11703 12895 11711
f 5329 5365 5080
f 7098 3377 9498
f 4299 3430 3411
f 12652 11624 12421
f 2938 8362 3225
f 12753 12538 12539
f 11330 11846 11113
f 3948 4253 4243
f 7446 989 4408
f 11449 11483 13046
f 7655 7672 6954
f 4289 3982 566
f 4788 8677 7586
f 4178 5200 4480
f 10268 11257 11134
f 4633 5671 10388
f 3725 3741 4052
f 10997 6209 10998
f 1694 2776 809
f 3710 4006 4036
f 3563 4469 1325
f 1787 2075 2606
f 10645 12497 12473
f 10161 11846 11500
f 7888 11486 11840
f 10161 11113 11846
f 12042 13168 10007
f 10636 11995 10091
f 4870 6695 7687
f 4781 6673 6661
f 10636 10091 11995
f 7082 7797 13257
f 2776 2510 2505
f 4159 6167 1588
f 13423 13229 12309
f 4090 1522 12768
f 4612 7472 7940
f 10461 10323 4649
f 10246 11516 8859
f 733 442 1613
f 8459 7309 7313
f 5891 3267 6169
f 7582 6897 4860
f 3422 4410 1234
f 1225 3476 4420
f 12989 11453 9866
f 3415 4327 3775
f 11201 11353 11861
f 9011 4824 6360
f 22 616 55
f 10485 10492 10355
f 5665 7943 7482
f 3915 5225 4213
f 11328 11756 11115
f 2556 2318 12378
f 1316 5289 3991
f 12234 12149 12150
f 11163 11234 11101
f 3043 6516 5959
f 1733 575 856
f 2100 11626 11982
f 11740 5835 6105
f 3217 6121 5847
f 5244 1098 1390
f 6975 9355 8786
f 3411 5329 1198
f 1012 3546 1303
f 13361 13360 12922
f 12211 13234 12138
f 12488 11919 10653
f 11059 10957 11235
f 13414 12255 12988
f 4832 6659 6928
f 9651 9085 8792
f 4018 4055 3754
f 10269 11264 11145
f 4631 5619 4628
f 1025 4466 3558
f 9894 10245 9922
f 10872 10088 10089
f 10766 10051 10021
f 6528 8216 8224
f 7571 2852 5752
f 8518 13372 11373
f 4018 10491 3791
f 9286 6961 9628
f 1080 4509 1362
f 11063 11341 11343
f 11300 13349 11836
f 5329 5080 1198
f 391 2635 1551
f 6619 4818 6887
f 350 5401 3483
f 8978 9275 8772
f 5333 5109 7589
f 3071 3091 3362
f 1773 2040 1769
f 8398 8390 7251
f 7422 7905 10034
f 5630 4687 10379
f 1065 2743 4503
f 4373 4103 1512
f 9262 8683 9027
f 11833 12869 10984
f 8767 8766 9336
f 6236 6234 6231
f 9838 10180 9853
f 9414 8839 9410
f 7876 7491 7933
f 10922 13308 12872
f 8010 6317 7203
f 1192 4405 973
f 300 1541 5346
f 12646 8593 11619
f 10816 10535 10037
f 9816 9258 9237
f 4796 12269 6639
f 9149 8858 8857
f 11531 10263 11888
f 456 166 725
f 1805 1551 2635
f 8659 7576 8765
f 4102 5123 666
f 6171 5894 6178
f 10579 12796 1715
f 9971 10824 10006
f 7935 12148 10242
f 13528 13268 7094
f 8657 10234 8959
f 11680 12279 12076
f 4484 4491 3577
f 7910 13046 11483
f 13154 12299 13494
f 11886 11373 12932
f 1298 1007 1302
f 7404 10828 10051
f 12973 13453 13007
f 6055 5842 11753
f 4062 650 5098
f 5642 11483 10164
f 6051 8053 8018
f 9814 11170 11113
f 11045 12959 11800
f 12361 12652 12617
f 12715 11953 10649
f 804 1943 2208
f 7850 12405 5604
f 4331 3821 3454
f 7850 8565 12405
f 13417 13450 13146
f 3452 3738 4041
f 1737 8279 7165
f 10388 4712 10566
f 7227 7226 3221
f 4299 1198 868
f 10671 10690 11968
f 921 1252 1272
f 10543 10073 10074
f 1886 1881 2699
f 11802 11101 10213
f 12473 11934 10685
f 10837 10057 11961
f 3126 6897 7582
f 9629 6946 6696
f 8483 6255 3346
f 13394 12954 12953
f 3531 4432 1292
f 10464 10327 5700
f 4352 3492 4393
f 12854 13327 11715
f 9926 12170 12331
f 12705 12578 12458
f 5854 5848 6121
f 6786 6783 6781
f 121 674 10695
f 9785 8921 9208
f 11669 10735 12024
f 10249 10253 9926
f 6740 4920 6739
f 5327 4112 5054
f 10445 10902 10613
f 13468 12302 13222
f 861 1188 1215
f 2223 2773 2501
f 7642 5799 4849
f 4597 3990 4285
f 6328 6366 8058
f 2588 941 1793
f 5248 5533 1089
f 3405 2573 4313
f 10301 10360 10500
f 7086 9755 6805
f 4692 5685 5684
f 9243 8280 8680
f 1158 1444 3695
f 4303 3397 3404
f 10875 11634 821
f 12102 13490 12308
f 9680 9104 9676
f 6858 6675 12263
f 11566 4710 7411
f 7192 9060 9634
f 8810 1313 1020
f 9531 9057 4770
f 11107 11229 11113
f 6037 2902 5776
f 1443 1151 1442
f 8937 9508 9512
f 11398 11908 11280
f 1171 935 4411
f 1171 4411 3406
f 3436 4416 4428
f 13478 13226 13492
f 9279 7601 8693
f 11170 11107 11113
f 5638 7952 4703
f 7359 6550 8244
f 11926 12762 10672
f 9537 8982 6668
f 10504 10366 10367
f 2810 2263 1994
f 3363 3055 3361
f 6711 8106 5870
f 4299 868 4302
f 5109 3783 4087
f 1387 4539 1112
f 2302 2611 361
f 13186 13197 13460
f 9303 7684 6896
f 12210 9879 12060
f 12042 12259 13168
f 781 1658 502
f 5592 5310 5309
f 11791 11789 11031
f 12694 12446 8624
f 5617 4682 7891
f 8489 3057 7349
f 8985 7611 8691
f 3740 331 10339
f 4316 992 1287
f 10384 10382 10558
f 2132 2426 1875
f 13412 13239 13185
f 4370 939 1238
f 11855 11349 11866
f 8683 9276 8671
f 2306 2339 2039
f 9972 12467 10642
f 2161 2423 2720
f 1863 2119 2682
f 10335 10023 10846
f 10895 10592 10104
f 231 2214 2207
f 3297 3292 3005
f 8488 9449 8891
f 6847 7563 6920
f 8155 6451 8146
f 10324 10564 10563
f 2292 2632 2310
f 10497 10547 10330
f 11166 11216 11093
f 591 96 604
f 7422 10784 13441
f 1055 4487 1046
f 12832 10737 12586
f 12083 12314 12241
f 12499 12416 12531
f 11435 10179 11456
f 2675 1845 2393
f 10011 10856 10691
f 12612 12415 11605
f 4095 6668 4854
f 1096 1387 1112
f 8551 11575 12630
f 8039 8324 8080
f 8433 8171 7298
f 13414 13195 13470
f 12984 11203 9855
f 7560 7558 8000
f 2704 2142 2431
f 3369 12927 3078
f 8049 6353 8317
f 2037 5413 1264
f 6634 6093 5822
f 182 467 740
f 302 301 25
f 2602 964 4399
f 11440 13016 10175
f 9094 9370 8805
f 5027 7831 7114
f 12607 10235 5633
f 484 190 476
f 9380 1311 8808
f 2 5 10675
f 3296 3305 3008
f 6094 6383 5831
f 12469 12773 10528
f 5207 4191 5202
f 13477 6680 6950
f 8060 6386 8074
f 1208 1205 986
f 3296 3020 3019
f 12079 13198 4780
f 4226 3920 3929
f 6345 8302 7150
f 8461 8843 9414
f 9838 11212 10180
f 13008 13073 11504
f 13008 11504 13073
f 1995 1741 875
f 5635 7918 10331
f 7428 881 10796
f 1482 2581 2294
f 6023 5789 6034
f 11417 13000 13081
f 6852 7612 7594
f 11581 8580 11585
f 3118 13296 2871
f 6350 6075 5829
f 9397 8828 1344
f 11719 12277 11217
f 7850 11594 8565
f 6099 6698 6094
f 7605 4868 4826
f 4907 6728 9100
f 597 630 39
f 13420 12973 13007
f 2432 2422 2140
f 2678 1848 2390
f 9725 1075 9433
f 9280 8742 8693
f 5558 5270 4251
f 13118 10281 11546
f 8234 6537 9180
f 5335 1191 3418
f 10491 10397 10398
f 10929 11724 13328
f 6995 2978 7718
f 9322 9327 8746
f 4682 4692 5684
f 10848 10075 10860
f 10790 7483 10050
f 5597 4719 4675
f 7391 8542 7390
f 9765 6813 4998
f 7415 7856 7958
f 4143 4148 4154
f 708 1576 149
f 5716 7964 7530
f 12561 12807 12560
f 5734 5736 4751
f 12339 12181 5003
f 11186 11313 11073
f 1406 3630 4541
f 9812 9880 10235
f 4959 7039 7753
f 5653 10527 4687
f 7319 8463 8467
f 6198 6464 8165
f 2745 2750 2478
f 9232 9295 8667
f 1759 1546 339
f 4492 5203 4192
f 10146 11434 5607
f 7564 6851 6853
f 2809 1984 2535
f 1215 2046 1781
f 3566 3559 1331
f 1662 570 272
f 4036 3802 5410
f 11654 11652 8630
f 10518 10816 10037
f 11725 13338 12289
f 8249 5997 5996
f 863 1176 3430
f 10932 12881 11721
f 5287 5568 5571
f 10165 11508 13175
f 9893 13073 9895
f 3767 5355 4071
f 11802 11488 11424
f 5597 12359 4719
f 3314 6225 11764
f 3314 11764 6225
f 4816 4828 7613
f 4479 4478 3566
f 6784 7049 4959
f 12234 13308 12149
f 6173 2976 1593
f 8297 8070 6332
f 912 965 1224
f 4034 3797 3721
f 8452 7307 8197
f 11715 11743 10967
f 956 1266 5416
f 8811 9382 8816
f 1208 986 5381
f 2072 2355 2361
f 10756 10514 10057
f 10918 11061 10206
f 9819 11076 11197
f 9819 11197 11076
f 1095 1397 3632
f 3704 5334 5360
f 5503 206 3905
f 4622 12622 12387
f 10922 11689 12149
f 355 372 1523
f 10918 13208 12899
f 5729 7980 7533
f 3591 9132 2474
f 12255 12103 9856
f 3408 4326 4324
f 2896 3184 3193
f 6584 13459 12243
f 4612 5609 7464
f 7840 7464 5609
f 1166 3428 859
f 12798 12546 12812
f 3915 5511 5225
f 603 627 72
f 8402 7258 1860
f 5620 12657 7505
f 2275 2563 2013
f 1262 961 1254
f 4175 3871 3875
f 2222 2535 2790
f 574 321 51
f 5118 5416 5135
f 9966 11274 13127
f 12206 12279 11680
f 2816 2545 12454
f 13543 13388 13542
f 13289 12899 13208
f 5211 3894 4197
f 1024 8804 9373
f 2836 4847 5809
f 5855 2937 6126
f 9970 10844 11967
f 5592 5309 5591
f 10198 10190 9869
f 8455 8849 7316
f 4770 5755 6659
f 5147 5135 4134
f 11981 10695 112
f 12425 12671 12427
f 7056 9453 7065
f 11698 10972 10928
f 13104 9493 11536
f 1733 856 1286
f 7665 5404 4854
f 3394 1178 3431
f 9970 11959 10832
f 7087 6797 6801
f 10129 10125 10904
f 5334 4023 5360
f 8922 11890 8522
f 1044 1340 2166
f 13419 12140 13236
f 8214 6244 6512
f 5406 5148 3799
f 5648 10068 7907
f 611 1750 50
f 3594 2186 1362
f 7819 12342 12182
f 2324 4416 2600
f 682 112 109
f 5351 3762 3460
f 13316 12893 13460
f 12850 12866 13325
f 2013 2010 1772
f 4638 5663 7506
f 10489 4688 10836
f 12998 10244 11461
f 2411 2416 2697
f 6850 3163 7681
f 5236 4208 5516
f 10298 12467 9972
f 10937 12281 12075
f 8649 12698 12580
f 10789 5126 4044
f 5052 5364 5109
f 10475 12743 10366
f 5771 10946 36
f 13165 7575 2836
f 7393 7857 4641
f 10633 12514 12407
f 2003 1999 1743
f 12959 11042 13398
f 1027 4462 9665
f 7432 4682 4675
f 863 4302 1286
f 11269 11031 11789
f 2816 12454 12703
f 12291 11759 10979
f 3764 4055 3791
f 12860 10991 11838
f 6935 6683 4868
f 8205 8211 6510
f 10333 12511 12757
f 4144 3853 408
f 7013 4933 6742
f 6354 8046 9599
f 7225 11874 2936
f 3568 3562 4468
f 1618 739 1609
f 6621 6080 3163
f 7422 7910 7905
f 5713 1412 2234
f 11692 10965 6025
f 10925 11709 12299
f 5666 7957 7956
f 10615 4295 4607
f 9969 10808 10807
f 8652 11669 12024
f 9586 9882 9626
f 7837 7433 1197
f 6618 12276 4082
f 10513 12526 12753
f 6614 4809 6881
f 3701 5408 10392
f 1173 3419 2281
f 10641 10057 10514
f 8249 5996 6285
f 7591 6883 3128
f 11812 10942 11058
f 438 6165 5889
f 8287 9285 8678
f 9572 6620 4821
f 9188 9179 9757
f 354 1517 368
f 13407 13150 11495
f 2002 2292 290
f 6621 6919 6080
f 11303 11454 13014
f 10641 11961 10057
f 9189 9187 9184
f 7971 10871 10088
f 10770 10034 10548
f 7475 7924 7481
f 8026 9041 9566
f 585 2574 76
f 7528 1968 11642
f 9094 8805 3557
f 2557 2282 2070
f 5281 4283 3987
f 7905 7910 7466
f 11592 10837 11961
f 12848 12598 12039
f 8553 11976 11568
f 7397 11592 11354
f 7881 7437 7493
f 4629 4664 5659
f 3535 3839 4442
f 3130 6597 6043
f 11814 11465 12893
f 8206 6517 7324
f 12484 12787 12747
f 11409 11476 13040
f 4907 6725 4910
f 3769 5425 5426
f 12096 11717 10953
f 1700 251 538
f 8610 12427 2418
f 2148 2697 2416
f 10139 9915 11194
f 13184 13465 13203
f 10002 5143 10847
f 10298 12389 12467
f 6499 8188 7300
f 10043 10355 10863
f 3464 3494 4377
f 7332 9434 9715
f 11401 11109 10209
f 4957 6762 6764
f 11811 11410 11817
f 2824 3114 5758
f 9379 8401 7262
f 2271 6344 8043
f 12472 10470 12769
f 1155 1446 1157
f 2611 4387 1516
f 9190 9466 9756
f 7694 6975 8786
f 4070 3826 5086
f 9005 5841 4812
f 1345 3582 4487
f 9808 10188 11188
f 11740 10990 5835
f 11897 12453 11662
f 7396 7438 4650
f 12205 13469 13307
f 8704 9564 9046
f 7795 7793 7077
f 8545 12417 11563
f 243 527 1688
f 12611 11580 12646
f 10271 12185 9947
f 1177 878 3515
f 8825 7729 8822
f 2958 6145 5869
f 12054 10967 12222
f 13009 13024 11485
f 11211 11081 11096
f 5918 6194 8157
f 8620 11644 12689
f 6863 9300 13041
f 255 828 3090
f 11085 11217 9868
f 1854 2676 1846
f 4549 3635 1106
f 8195 6496 3585
f 46 630 597
f 12092 12278 12114
f 1026 1865 164
f 9972 10642 10820
f 13443 12233 12136
f 12204 13483 11736
f 1680 2482 2762
f 6792 6789 4970
f 9445 7779 7066
f 4908 7710 5453
f 2853 2859 3141
f 12852 13305 10975
f 10110 10608 10898
f 4653 5642 10164
f 6022 4847 5842
f 8564 7470 11577
f 5618 4694 7490
f 8935 9510 9790
f 1764 1507 2629
f 7960 7519 7959
f 4550 4549 3654
f 11563 12417 12620
f 13531 11540 13272
f 12253 13471 13029
f 8872 9439 8865
f 6024 2918 3202
f 8243 8509 7355
f 7028 3324 6234
f 8683 8698 9276
f 21 332 58
f 7414 12651 11578
f 6705 6695 4885
f 6584 12243 12082
f 6042 3123 2864
f 9669 9389 9102
f 11305 13064 11084
f 2275 2013 41
f 9704 9129 9135
f 578 11923 10847
f 578 10847 5143
f 4808 6065 6679
f 11684 12221 12044
f 6605 6960 5141
f 9676 9104 8818
f 4343 3457 4353
f 10917 13409 13219
f 872 1231 1230
f 6685 7687 6968
f 11685 12212 12053
f 320 61 1490
f 2828 3129 3207
f 914 9579 8745
f 4439 1289 3526
f 11035 12949 11150
f 6228 3315 6222
f 7305 9122 6488
f 586 306 105
f 7313 7309 8443
f 2968 3247 8397
f 8135 6430 8131
f 11584 8587 11624
f 6038 6088 3192
f 11038 11790 13396
f 11277 11157 11271
f 10669 12519 12520
f 1160 2002 5325
f 7778 4977 8867
f 12628 4652 5658
f 1456 315 1473
f 3187 8055 6091
f 1336 3875 5473
f 4547 3651 3949
f 10761 9985 10768
f 7893 11578 11594
f 2549 4382 2280
f 1508 4081 339
f 6881 7684 9269
f 3759 339 4081
f 9234 9532 9051
f 870 3499 1214
f 9750 9170 9741
f 288 4129 1497
f 3609 1073 1369
f 2280 3398 4426
f 11676 8647 12706
f 14 285 2287
f 7694 7692 8789
f 12086 10227 11105
f 9415 8845 7321
f 11182 6325 11080
f 4872 8769 9061
f 1656 10575 4205
f 5863 8113 6139
f 12607 12417 4653
f 11112 12908 11865
f 10451 5743 10127
f 10659 10023 12500
f 7875 7445 7891
f 10033 10080 10811
f 11910 10683 10060
f 12425 11243 12671
f 11563 12620 4647
f 11893 11146 9950
f 8369 5854 3217
f 4791 4853 7585
f 4928 4933 6748
f 7396 11563 4647
f 8549 12359 5597
f 3590 4496 3586
f 3398 4382 2587
f 8723 7654 6661
f 3690 4572 1425
f 9343 9062 9638
f 1712 834 839
f 4534 3621 3630
f 7746 13515 7042
f 6836 6835 5016
f 12374 8568 5609
f 3174 3169 2870
f 6760 5012 6830
f 8242 8241 8493
f 12993 13242 11507
f 4608 5601 7458
f 7428 7864 881
f 5630 7906 7469
f 2470 2746 2747
f 2461 2173 189
f 9608 9607 9055
f 7892 5664 7483
f 10922 12149 13308
f 9925 11519 10255
f 14 595 103
f 6212 8166 9110
f 1658 212 502
f 916 2045 1276
f 10771 10073 10067
f 644 5116 100
f 8496 7347 7352
f 12408 12648 12647
f 13548 13285 12353
f 907 7955 7512
f 5128 5405 4097
f 1161 3396 2277
f 6323 8013 5765
f 12369 12634 12740
f 7174 8345 8755
f 12472 12374 5609
f 8461 8470 7323
f 7145 8304 7161
f 3246 2961 7243
f 11186 11832 11313
f 2583 2599 1812
f 1133 9501 8926
f 8619 2237 2784
f 13323 11348 13348
f 2823 3164 3119
f 7133 8080 6327
f 1388 5525 5243
f 10606 10435 10597
f 10606 10597 10435
f 5605 4675 4719
f 293 71 2891
f 12046 13141 11423
f 4673 3492 10383
f 4442 3839 4139
f 10617 4757 4758
f 12629 11591 4720
f 549 1708 2789
f 8219 6521 7330
f 1456 4391 2320
f 7070 7780 7066
f 4818 7661 6887
f 1489 338 624
f 9541 12998 9035
f 4649 5675 5691
f 4549 1412 3656
f 6230 8181 8442
f 8844 9410 8446
f 12472 5609 10470
f 4337 922 5132
f 7417 4680 5672
f 4640 4703 5692
f 10062 10066 10854
f 9381 1314 8807
f 11290 9916 13083
f 269 5297 5577
f 9040 5822 6372
f 4627 7483 5664
f 8265 8532 7380
f 2223 1952 2773
f 519 1684 2758
f 7485 12665 11607
f 8937 8936 7826
f 13283 12957 13281
f 5599 4677 4678
f 4777 4843 6656
f 1108 2774 2497
f 3137 2847 3156
f 9828 10186 9918
f 13287 13549 12358
f 6065 5788 6106
f 11390 13394 11387
f 5462 5188 5461
f 13170 13428 13434
f 8545 11563 7396
f 11155 11031 11269
f 3728 5359 4023
f 10586 4257 10869
f 12360 2277 2587
f 9999 10041 10821
f 4804 7685 6966
f 8523 3377 11889
f 1732 2044 2597
f 12468 12766 12366
f 7440 4682 5684
f 7440 5684 8602
f 275 5583 10112
f 4907 3860 5180
f 3900 3896 4198
f 4222 4538 1100
f 4990 9181 6807
f 9564 9308 9046
f 13533 13273 12188
f 6022 5809 4847
f 12360 4698 7469
f 2549 3410 12662
f 10486 3822 10013
f 4772 5752 9548
f 527 1683 521
f 5827 6115 3214
f 7469 4698 11597
f 7404 11594 7465
f 12087 12086 12312
f 11427 11496 12995
f 10325 10819 12262
f 9811 12970 9817
f 8936 9511 7108
f 7497 13065 11349
f 258 549 829
f 4471 1032 5189
f 13010 8987 11464
f 4643 7469 11597
f 8521 7372 3381
f 13164 7583 13462
f 2246 8521 1972
f 11855 7497 11349
f 99 654 1547
f 8549 12523 12359
f 13341 13492 13226
f 2017 1798 991
f 4665 10861 10568
f 11715 11321 11220
f 11185 11233 11332
f 8546 12415 7924
f 850 2258 1989
f 8037 6375 5802
f 8331 6391 8072
f 4274 3976 5293
f 6263 523 5968
f 876 965 4398
f 6352 5798 2876
f 10463 10352 10295
f 10463 10295 10352
f 12377 12616 12650
f 11527 11532 13097
f 1591 416 5874
f 2581 352 2296
f 7425 7869 7509
f 7122 8662 11462
f 6193 3275 3271
f 9605 9032 6358
f 11804 11502 13067
f 7022 6749 4937
f 9465 9176 9752
f 12734 11980 11970
f 5202 5201 5481
f 5202 5481 5201
f 11379 11147 11892
f 8144 8399 1863
f 12714 10665 12472
f 12032 10740 12590
f 5334 5076 3720
f 12210 12277 12066
f 7055 7771 4969
f 12257 12155 10216
f 9725 9433 9146
f 1185 988 1280
f 10463 10479 10352
f 4329 4118 3779
f 1161 7461 930
f 10467 10532 10379
f 3616 1381 4523
f 951 1799 4385
f 11570 8585 11948
f 10462 10406 10824
f 5215 785 1660
f 3700 5056 4007
f 9527 8956 9230
f 8980 9033 9561
f 11446 10229 12101
f 5505 213 208
f 5759 8031 6112
f 4319 1287 873
f 6757 9130 9129
f 7106 7824 5017
f 9535 6615 9321
f 6739 4913 5909
f 1161 885 4426
f 1408 4545 1118
f 7272 6570 8261
f 11054 11237 11353
f 12676 2516 2787
f 12469 12743 12539
f 12245 10222 12139
f 3448 4409 3750
f 2878 3165 3158
f 11931 10804 7462
f 10241 9912 9911
f 6152 8128 8382
f 7596 4857 6901
f 11702 10931 12281
f 7260 8403 1862
f 13147 13236 13439
f 3922 5298 4266
f 13134 13466 12078
f 12680 2510 12429
f 12052 13233 13234
f 11631 11646 12691
f 9796 6299 5016
f 2411 2697 2135
f 12714 12523 11911
f 403 2378 394
f 9523 8948 9804
f 10637 11918 10659
f 209 1360 2187
f 2764 2504 1949
f 9196 8888 9461
f 794 5514 220
f 1161 7845 7461
f 8034 9611 6372
f 6578 6577 6310
f 3910 3672 4269
f 5643 4666 10549
f 4807 7604 4868
f 4616 7883 7485
f 7850 7464 7465
f 2377 1846 2100
f 7836 8955 8954
f 9651 9646 9075
f 9651 9075 9646
f 170 441 449
f 7860 7894 7447
f 7860 7460 7894
f 12877 10994 11867
f 2430 730 168
f 13140 13200 13220
f 11879 11362 11247
f 3426 4428 4416
f 11213 11357 11240
f 13067 11502 11501
f 272 12020 855
f 13426 13165 13347
f 11525 11524 10260
f 6059 5782 6079
f 2848 7159 8335
f 4163 3866 445
f 2975 1594 6175
f 10493 10522 10362
f 9569 8986 9027
f 6138 5861 5868
f 12790 10576 12542
f 2401 1860 2674
f 11438 12991 11428
f 1991 1990 2260
f 12372 10346 12663
f 1054 3578 4488
f 2278 1737 2042
f 11405 13045 10197
f 10769 10008 10408
f 5040 871 1259
f 1454 1497 363
f 1454 363 1497
f 4015 3721 3797
f 6305 2811 1724
f 5746 6338 8031
f 11918 10023 10659
f 1958 2236 2787
f 5471 4911 7726
f 9781 8913 9491
f 8563 10661 11949
f 8568 10665 11962
f 11584 10692 8587
f 7744 7753 7039
f 7744 7039 7753
f 659 1549 5138
f 5549 3962 10869
f 11571 12396 8570
f 4789 6686 7668
f 10792 10657 11954
f 1216 3449 3753
f 1475 2325 1506
f 9105 8816 8812
f 3729 4031 3736
f 885 4371 4426
f 8938 9789 9507
f 8560 11584 11624
f 3643 5557 1411
f 8560 7889 11584
f 6616 4816 4867
f 10056 10381 10827
f 10541 10369 10531
f 7415 7958 4718
f 12067 13477 13160
f 10628 12476 12510
f 1634 4478 4180
f 1245 938 1236
f 7774 6784 7050
f 406 147 2389
f 13138 12088 13178
f 5212 202 5484
f 513 1670 507
f 513 507 1670
f 7166 8767 9022
f 11695 11235 10948
f 10757 7447 10016
f 11312 11840 11486
f 6235 8193 6500
f 3766 5376 3768
f 6541 8500 8231
f 12690 4740 5719
f 13457 13241 13498
f 7331 6518 5960
f 9384 1020 6991
f 1858 1852 2112
f 8229 6532 9739
f 7773 8881 7055
f 13300 11297 12914
f 4258 3962 4252
f 10803 10532 10347
f 10587 12340 11778
f 12290 12283 12121
f 9819 13067 13033
f 5138 4135 5434
f 8265 8260 6569
f 981 4433 5134
f 3467 3490 4360
f 13174 13232 10225
f 12641 12507 12774
f 2825 10965 12894
f 1405 1121 1964
f 12518 11969 10674
f 8009 6335 6378
f 3476 3489 4420
f 13482 12909 11349
f 4945 5948 3036
f 12680 12566 12792
f 8001 10447 5742
f 2227 2219 2504
f 7648 9017 6367
f 6737 6732 5915
f 1097 1399 1397
f 7028 6234 6762
f 4438 4430 3528
f 11263 10266 9205
f 6817 5004 6823
f 11857 11110 6391
f 7552 10905 4758
f 2328 3487 2327
f 3588 4498 3584
f 8225 9739 6532
f 5442 1293 3844
f 5326 5144 10824
f 3694 4601 4605
f 1169 899 900
f 6039 5795 11720
f 11690 12915 10930
f 9598 9322 8061
f 12056 12223 12273
f 3714 1224 3491
f 2690 12670 11242
f 11300 11341 11063
f 5055 4115 5423
f 12606 5674 4677
f 7621 6961 4871
f 11707 11216 11091
f 11697 12144 11742
f 2120 1854 2676
f 2120 2676 1854
f 5625 3447 10341
f 6571 7381 8255
f 4735 5723 5718
f 10345 4104 10523
f 9216 9795 8940
f 13445 13485 13205
f 1202 973 3429
f 12084 13175 12250
f 890 1803 1272
f 13521 13260 12173
f 11926 10689 11952
f 9282 9599 8071
f 5550 4257 3947
f 350 4103 3795
f 11807 11302 11188
f 5633 10235 7880
f 7442 11939 11584
f 3714 4022 5057
f 8270 6016 6563
f 3098 7823 7106
f 8911 9744 9772
f 309 342 37
f 9508 7107 6839
f 12969 8754 9826
f 8154 8412 8150
f 11384 12946 13387
f 348 1543 347
f 2030 1781 1762
f 13163 12248 13496
f 7678 4866 7674
f 8979 9272 8708
f 334 1487 66
f 8607 11627 2106
f 1467 25 301
f 9357 9351 8780
f 5593 4695 4665
f 2336 560 2812
f 10646 11590 8572
f 10944 10956 11729
f 11170 12642 12410
f 423 705 1583
f 4785 6607 9575
f 13003 9910 10196
f 1499 4120 2626
f 11369 8517 7363
f 13263 13261 13523
f 11688 11725 10973
f 10634 11975 8570
f 5381 5106 942
f 12964 10143 11424
f 2522 6553 8246
f 6995 7718 6997
f 7931 4706 7508
f 1958 2226 2236
f 5320 4121 3717
f 10606 4759 4762
f 9775 9774 9781
f 11693 10952 11171
f 10798 10051 10828
f 1986 2813 1723
f 11403 11407 13057
f 10151 11477 13068
f 2013 1772 41
f 2824 7119 3114
f 11843 13336 11079
f 6857 4805 6623
f 11047 11164 6314
f 2377 1561 2653
f 6736 7722 7007
f 10002 3725 5394
f 1802 2636 1820
f 8725 9001 8762
f 7805 4988 7793
f 10757 10016 10846
f 10628 10668 12476
f 8550 7404 7893
f 11549 10278 13120
f 7894 7460 5689
f 9540 9244 8748
f 3045 3041 3331
f 5198 2166 182
f 10344 10060 10683
f 6662 4876 9063
f 4804 7607 4811
f 9549 9338 8983
f 11750 13354 10988
f 12072 12304 13448
f 13411 11447 12265
f 1464 2559 1747
f 8392 8384 7240
f 4124 3837 3841
f 3992 4285 3990
f 1654 494 3904
f 4673 10571 4393
f 1308 3542 4449
f 6985 6714 9657
f 13394 13392 11387
f 1506 2621 1535
f 780 792 791
f 7060 13520 11523
f 4518 1080 1372
f 4182 5482 3889
f 5202 3887 5481
f 861 1781 4333
f 5799 6087 4849
f 6509 6504 8842
f 7399 4650 7438
f 10797 7492 7919
f 10723 12569 12806
f 10490 10780 10323
f 231 2207 2755
f 3230 2942 7213
f 2011 672 1813
f 1888 2147 1887
f 7871 10818 7442
f 10128 10123 10903
f 7226 6411 2935
f 5291 4262 3967
f 10486 10307 3821
f 5067 5108 5386
f 3784 3508 4389
f 3 12664 12412
f 5910 5903 2989
f 572 68 3177
f 7176 8747 6363
f 6864 7607 7583
f 6021 5751 6026
f 13377 12002 10711
f 3928 3625 5528
f 7568 6850 6895
f 3478 3776 4369
f 7815 9504 7821
f 3261 3259 2969
f 7462 7952 11608
f 11648 12687 12686
f 11303 13014 13347
f 11631 7988 7545
f 10455 10132 10623
f 9684 6735 4921
f 6302 6299 6301
f 12369 12511 8579
f 9924 10247 12169
f 405 397 1571
f 8294 1794 7173
f 4662 5644 4704
f 7409 13071 9251
f 9926 12325 12166
f 7076 7809 9468
f 956 1785 2068
f 11591 11624 12652
f 12861 2917 10978
f 7288 2998 3006
f 3923 4523 4215
f 11803 11285 11305
f 10877 5275 5561
f 6986 8795 7698
f 8463 9413 9701
f 2553 2276 2000
f 9858 10211 11503
f 4334 3515 878
f 5193 3870 5469
f 8365 1817 7209
f 9527 9230 10288
f 4299 3411 1198
f 3843 4135 1549
f 10941 12913 11733
f 10328 10537 10536
f 2883 13243 7681
f 7032 3323 3034
f 946 952 953
f 7095 3964 5564
f 7848 7412 7407
f 12943 13389 11029
f 9818 9917 10156
f 2580 1753 2078
f 11691 10924 11722
f 9705 6513 9132
f 509 1671 794
f 3410 1207 12415
f 9541 9323 12998
f 5052 920 4349
f 4184 3883 4476
f 9812 10210 9880
f 9140 8196 6503
f 8945 5022 9220
f 123 393 1545
f 9594 8327 8056
f 4379 2320 3479
f 5028 3717 4118
f 7459 4702 4689
f 11476 10239 9909
f 11407 10148 12122
f 13135 13454 13418
f 8098 6392 6395
f 8620 12689 12431
f 7332 9715 6519
f 4361 936 3463
f 6985 7703 6714
f 7613 4828 7627
f 1042 1342 9396
f 2455 2719 2730
f 10492 5696 10019
f 12211 12138 12239
f 10471 10561 12778
f 10962 11736 11725
f 7844 7448 7895
f 5013 6012 7818
f 5330 1189 3784
f 11829 7162 12903
f 12442 12559 12802
f 1672 789 1936
f 6526 7327 8217
f 12210 10174 9879
f 13543 13277 11552
f 10296 10078 10680
f 11652 8628 8629
f 2056 1256 2050
f 8681 9008 9584
f 7122 11462 11841
f 3724 3469 3421
f 1454 615 4003
f 12495 10676 11965
f 8503 8234 9473
f 12877 11867 11350
f 13003 10196 11441
f 1859 2116 709
f 11144 6006 6560
f 12856 12896 12897
f 2134 2428 2420
f 3178 2890 3194
f 2438 2703 1617
f 12488 10653 11978
f 8963 9578 8982
f 8657 8959 9240
f 5314 9983 10793
f 5119 5417 1267
f 909 5079 4065
f 317 1283 5415
f 6351 5812 8055
f 9282 8071 9606
f 11564 10862 7511
f 11379 11892 11378
f 13188 12254 12085
f 12989 9866 9854
f 884 5392 1187
f 11928 12764 10658
f 8756 6946 9340
f 9159 9726 9153
f 7252 8124 8391
f 710 702 145
f 9770 6822 5006
f 12789 1654 10575
f 4123 3836 3834
f 4123 3834 3836
f 347 4099 3793
f 8104 6416 6409
f 5314 5354 5057
f 11442 13059 11344
f 10627 12489 10301
f 8270 6842 6309
f 5219 5510 4202
f 5238 5517 4211
f 8026 6119 6340
f 3200 8092 6122
f 2973 8410 3269
f 4760 7557 10900
f 11285 11811 11305
f 12396 12783 12492
f 4060 10574 10377
f 10118 10892 10601
f 12727 11972 12755
f 6425 7232 8121
f 9361 4890 6972
f 9265 9315 8714
f 1489 67 375
f 547 2790 2534
f 6331 5810 365
f 9809 13002 10199
f 7650 2895 4842
f 1161 2277 7845
f 10680 10078 11975
f 7530 7533 7980
f 8107 6418 9084
f 11930 11576 12609
f 12486 12721 10471
f 10782 9983 10488
f 5601 5680 7847
f 7122 11318 8316
f 7257 8400 7267
f 1182 10776 7412
f 8552 11586 8590
f 9946 10275 9951
f 9074 6706 4886
f 11047 6314 10944
f 2828 68 3129
f 1872 2968 8397
f 10471 12496 10351
f 1339 4482 3578
f 434 5884 6163
f 12668 12424 2392
f 5044 5375 5058
f 852 283 1726
f 12729 12475 12491
f 12879 12891 13332
f 13169 6879 6863
f 4784 6609 6639
f 11406 13082 12971
f 5314 3737 9983
f 9983 3737 10368
f 8951 8947 9516
f 10805 10053 7455
f 12326 12166 12323
f 5626 4637 4696
f 13188 12132 12109
f 9968 10318 7492
f 12441 4742 5717
f 11411 13498 13241
f 5601 7857 7458
f 10135 13020 9856
f 11414 8661 7583
f 10809 10543 10074
f 4776 6603 6613
f 4801 6627 8983
f 12727 12755 11942
f 9973 10820 10474
f 1938 2480 2476
f 11421 12992 9350
f 5928 3015 6216
f 10184 11478 9912
f 12869 11745 10984
f 9991 10780 10055
f 6210 5934 6215
f 10198 13078 9914
f 7603 6878 8721
f 13447 11463 13022
f 11297 11853 11355
f 10488 10544 10408
f 13368 3369 8517
f 11645 12440 12687
f 9606 9622 9045
f 9821 12978 10220
f 11283 12892 11338
f 9132 9694 9128
f 4554 4559 3646
f 10141 9835 10202
f 5553 4239 3944
f 7331 8473 6518
f 5031 3747 4049
f 4643 7944 5653
f 10335 12500 10023
f 11915 12754 12516
f 876 2598 1745
f 5477 1337 5472
f 12990 9866 11436
f 10434 10443 10433
f 2204 1940 2751
f 10296 10561 10543
f 11401 13222 11109
f 3400 3515 1278
f 13321 11328 11755
f 834 547 838
f 10564 10400 10563
f 10780 10511 10055
f 272 12582 10732
f 11321 11858 11202
f 6850 7681 6895
f 10308 10474 12526
f 11983 193 10698
f 2968 2963 3247
f 9581 926 9327
f 9818 10197 9917
f 1951 4545 2769
f 4661 5677 10347
f 2658 394 2378
f 5058 4039 4022
f 12486 10344 10683
f 7339 7330 8473
f 3684 3673 1427
f 3427 4329 3779
f 11405 8678 13045
f 8683 9257 9027
f 8059 2618 2331
f 5670 3471 4685
f 5058 3801 4039
f 3551 3861 5453
f 2809 1131 1984
f 7543 7982 5725
f 8400 2127 7255
f 3995 4291 3994
f 4611 10324 5623
f 12242 12269 12105
f 10005 10803 10347
f 9495 8522 3380
f 10306 10493 10499
f 9334 9609 9890
f 3839 4134 3831
f 10005 10347 5677
f 1717 557 4259
f 10140 11466 9913
f 1969 2779 2780
f 3192 5807 2921
f 1595 421 432
f 1938 2749 1664
f 10944 11720 10956
f 11327 11209 8352
f 3120 12866 2830
f 8649 12580 12456
f 12206 12062 11688
f 976 993 4432
f 2567 2579 2291
f 11435 13047 10179
f 7145 7161 8323
f 1502 1512 350
f 7454 5686 4697
f 4039 3801 3737
f 5615 4341 4657
f 350 1512 4103
f 2283 2557 2591
f 5674 10559 4707
f 6464 2978 7265
f 3745 38 3481
f 8817 9103 7264
f 5353 5412 5089
f 13154 13070 11502
f 10758 10569 10079
f 11020 543 12551
f 9832 12081 10204
f 4660 5657 10510
f 10742 8636 12017
f 7575 6595 4847
f 2367 1819 2635
f 9381 1019 1314
f 4415 5154 993
f 10099 10882 10881
f 1093 4526 1380
f 6450 2403 8399
f 5746 5756 3184
f 10586 3961 4257
f 12703 12827 1731
f 6743 7016 7735
f 12987 13033 11479
f 1713 552 1710
f 2691 2134 2420
f 12391 7952 5638
f 10464 4648 10760
f 2280 4382 3398
f 11435 9886 13069
f 7592 6621 4807
f 2854 2865 3143
f 4755 3694 1154
f 7592 6919 6621
f 11777 11020 11782
f 6077 6074 6076
f 11681 10968 10915
f 11910 10060 10042
f 13306 11741 11222
f 8373 6430 8127
f 13140 12058 4768
f 12813 12567 10715
f 11352 11872 11351
f 2517 1705 545
f 6583 7567 6890
f 10335 10552 10521
f 10487 10840 10024
f 565 843 276
f 2128 2965 7246
f 5324 3778 5136
f 13208 12285 13484
f 8493 7345 7346
f 11301 11210 11073
f 3403 4329 3427
f 860 3441 4325
f 10785 10046 7900
f 3070 6291 3372
f 4251 3954 3952
f 1163 1243 906
f 4661 4651 5636
f 2276 2572 5606
f 8665 8678 9285
f 8665 9285 7605
f 12987 13186 11465
f 8077 9052 8350
f 12183 12338 12344
f 4599 5733 4749
f 6475 5922 6191
f 3278 5902 6184
f 2709 2435 2427
f 9663 8794 9090
f 10780 10807 10511
f 4783 7601 6596
f 13410 13330 13204
f 10459 4668 10319
f 9542 6689 6057
f 224 216 784
f 7872 7427 7441
f 8456 7315 9422
f 8827 9402 9400
f 10641 11977 11961
f 10297 10552 10026
f 8984 8067 9613
f 6790 7054 7775
f 10144 10156 9916
f 13116 13122 11893
f 4769 12073 6611
f 10026 10552 10845
f 7712 3862 5458
f 7141 8338 8078
f 11045 11042 12959
f 11651 12443 8627
f 5116 5421 100
f 6848 4786 6600
f 13426 13014 13192
f 12876 12911 13349
f 596 1541 374
f 7289 8437 6485
f 1885 1878 2697
f 11178 11098 9916
f 10363 10376 10524
f 10762 13482 7497
f 8329 9349 8777
f 8428 7281 7275
f 12482 12749 12528
f 13197 13240 13460
f 2088 2082 1817
f 5640 7478 7922
f 11178 11301 11098
f 10585 10094 10878
f 12393 10407 4679
f 12508 12771 10376
f 5322 5122 5107
f 5400 5142 5394
f 12602 5695 12360
f 13031 9921 11514
f 4781 7654 6673
f 1625 452 460
f 7057 7774 8883
f 7867 7883 7450
f 415 144 136
f 7867 7497 7883
f 13136 12054 12311
f 5332 3764 5094
f 5392 4100 3809
f 10494 10527 10365
f 10494 10365 10403
f 12045 10162 12264
f 1678 1670 513
f 9810 12264 10162
f 12636 8582 11840
f 12984 11302 11203
f 6704 5849 6130
f 468 453 1626
f 1173 918 3419
f 2551 1482 12621
f 3700 4056 5040
f 7284 8429 8420
f 11070 11198 11203
f 2874 7662 8756
f 12071 12266 13215
f 4913 7718 2978
f 10158 9882 9831
f 11591 7466 4720
f 362 3789 2610
f 9153 8854 7751
f 7668 7682 6950
f 3456 4352 1284
f 3231 2945 7210
f 13468 13223 12302
f 4438 2645 2633
f 4310 4646 3416
f 5407 99 1275
f 11694 12147 12227
f 11077 11217 11198
f 2901 6089 5830
f 1985 271 847
f 6613 9628 6691
f 11683 12239 13500
f 2937 3214 6126
f 13155 11446 12101
f 12432 7968 8614
f 1706 559 268
f 12929 11010 11769
f 6404 8095 8101
f 4296 4045 3424
f 7397 10837 11592
f 11165 11162 11069
f 10959 11219 11115
f 5610 4616 5682
f 598 378 58
f 3701 10392 10531
f 5462 722 5188
f 5120 668 99
f 5287 4267 3969
f 11410 13039 11456
f 2048 2599 2319
f 10931 13332 12891
f 12036 12841 10739
f 10730 12013 12823
f 8700 9269 8712
f 2244 1973 1974
f 12045 12264 12266
f 10809 10365 10048
f 4483 2724 3579
f 4483 3579 2724
f 10458 9974 10760
f 11557 11554 13123
f 9969 10318 10797
f 451 803 1681
f 8254 9796 6567
f 6258 5966 3054
f 8140 7266 6459
f 13472 6887 6642
f 10776 7854 7412
f 12236 11733 13500
f 5705 10443 10449
f 8544 11855 12410
f 875 971 918
f 3309 3303 6218
f 10478 10846 10404
f 3224 3215 8361
f 5772 2840 6067
f 3605 3598 1365
f 610 1749 1478
f 11298 11873 11848
f 5840 6127 5852
f 4611 5595 10364
f 11285 11854 11811
f 3415 3775 1213
f 1173 875 918
f 2062 1795 2349
f 4588 1427 1131
f 8551 7890 11575
f 7848 7412 7854
f 7848 7854 7412
f 8145 6457 11245
f 6856 6958 7679
f 8209 2474 6513
f 1855 2665 1848
f 7421 7861 5646
f 9970 10041 9999
f 2221 1115 1403
f 9970 9999 10844
f 8615 12675 12430
f 4779 2856 7610
f 716 5173 148
f 575 34 629
f 7108 5021 6838
f 13008 11494 11504
f 3043 5959 3333
f 13538 12944 13274
f 11337 11107 11855
f 8958 8695 9623
f 11054 11097 11237
f 8315 6361 7195
f 1804 1527 652
f 1632 470 2710
f 9834 11428 10170
f 2829 6894 7573
f 12461 12707 11156
f 8676 9270 9252
f 7399 7438 7846
f 7589 6966 7685
f 4619 4330 5639
f 9997 10482 10313
f 2212 2769 2498
f 10475 10366 10504
f 4788 7586 4853
f 12220 13454 13466
f 1839 8608 2109
f 7886 4710 7476
f 1525 513 1670
f 9478 9755 7086
f 9237 8661 11414
f 12715 10649 12524
f 633 5128 4097
f 10005 7854 10776
f 11334 13077 11221
f 6960 4875 7680
f 12978 13043 11481
f 10047 10406 10569
f 10519 10361 10518
f 5467 1984 1131
f 856 575 5122
f 10324 4695 5623
f 12851 10945 12876
f 2016 30 326
f 9087 9210 9504
f 5129 4124 5417
f 3972 4266 3971
f 10006 10047 10803
f 1525 799 513
f 1594 419 424
f 1570 412 4153
f 1600 446 1608
f 9298 8781 9329
f 11686 11106 13340
f 582 1481 2579
f 12239 12138 13500
f 8615 12430 10704
f 6329 6339 8021
f 4642 10493 5694
f 12722 12743 10475
f 13151 12081 12301
f 1739 2297 1740
f 12865 13349 12911
f 10922 12872 11708
f 9732 9153 12163
f 1682 2768 1680
f 7558 10122 10901
f 11453 11870 11315
f 6562 6014 8538
f 9973 10474 10405
f 3218 2926 2931
f 12206 11680 11689
f 10761 9985 10324
f 10761 10324 9985
f 6026 2857 5777
f 2562 2287 1511
f 7134 8028 6333
f 13422 12120 12315
f 7849 7425 7509
f 2469 2463 2735
f 27 305 627
f 8066 6103 8335
f 8690 892 9267
f 13537 12191 12346
f 10805 10830 10053
f 6562 8257 6564
f 1936 2195 1931
f 7839 7407 7412
f 13190 13074 13002
f 10330 10521 10026
f 8848 7312 9425
f 10026 10568 10861
f 9736 9170 9750
f 8618 8626 11645
f 8698 13017 9276
f 3451 2342 4346
f 7058 7053 7761
f 12469 12743 10484
f 12469 10484 12743
f 3309 5936 3022
f 11434 12980 11425
f 451 241 803
f 3034 3315 6228
f 1523 97 641
f 13472 12117 13218
f 3145 5828 2863
f 2553 1998 1741
f 7848 7407 864
f 12129 10233 12293
f 3564 1327 1328
f 11401 10209 9913
f 2760 3921 1678
f 4254 5300 1719
f 6229 8441 8192
f 2939 5872 3235
f 7943 7937 7498
f 8726 9312 9041
f 3702 10337 4122
f 12969 11476 11409
f 11143 11259 11139
f 9247 9611 8034
f 10769 5359 10020
f 8486 7341 7336
f 9004 9634 9609
f 4301 3499 4402
f 6227 3016 5939
f 11710 13339 11191
f 11710 11191 13339
f 1461 11925 580
f 12693 7536 11647
f 3691 5730 4598
f 3931 3616 3923
f 9273 9014 8727
f 5 12762 11921
f 9978 7408 7853
f 5950 11003 11765
f 5595 10568 10364
f 2823 3119 3177
f 7120 8310 8275
f 6142 2949 5872
f 4846 6089 5815
f 11651 11647 12443
f 10401 3817 5427
f 10462 10337 10406
f 7394 7909 7947
f 8404 8817 7264
f 2290 2565 2293
f 6354 9599 9025
f 12738 12489 11933
f 10771 7942 7495
f 10320 10517 10027
f 7769 7781 8880
f 9267 9585 9299
f 613 58 1485
f 2539 2813 1986
f 12044 10992 12912
f 12044 12912 10992
f 12158 13516 13248
f 10761 10020 7454
f 7525 7969 7979
f 7125 7139 8023
f 7250 8388 6436
f 11834 11354 11592
f 11946 10690 10671
f 13440 13078 13247
f 7853 8566 11623
f 4872 9061 9640
f 1866 8392 2137
f 306 1508 339
f 12616 12783 12396
f 5094 3764 4116
f 2018 1792 1750
f 6025 3117 3124
f 5347 5082 1229
f 3701 5153 5408
f 3569 4469 3563
f 2263 8640 1993
f 7143 8052 6338
f 11631 12691 8637
f 10048 7944 7511
f 4609 5673 5685
f 12857 13219 13487
f 6065 6106 5828
f 3996 4604 3695
f 13013 10167 11451
f 1480 333 2578
f 2658 2378 2389
f 5385 1251 3782
f 10958 12883 12906
f 12967 9880 12980
f 4418 3513 1290
f 4846 6645 6649
f 12226 12257 9861
f 2100 10697 122
f 13292 12911 10962
f 9485 6821 7092
f 5954 3308 6224
f 5756 5828 2838
f 9730 9724 9158
f 6484 9228 7388
f 10486 10045 10307
f 3708 5075 5325
f 10502 4646 10329
f 571 281 851
f 2159 2705 1886
f 12183 11535 10265
f 2842 12873 13320
f 12738 10659 12500
f 12487 10034 7905
f 1989 2258 1987
f 10595 10424 10887
f 3882 3889 4188
f 914 8745 1232
f 11286 11303 11819
f 12798 10716 11996
f 7399 4669 4686
f 6139 5866 6707
f 10326 10510 5657
f 9823 10239 11485
f 573 1747 2041
f 4985 7072 7791
f 8276 2900 7135
f 9816 9237 12968
f 4654 10501 5660
f 11308 11236 11828
f 3008 3305 12923
f 2187 1919 2740
f 6492 8175 8178
f 4766 4847 6595
f 1346 1049 3578
f 10463 10295 10479
f 3384 568 6306
f 31 596 374
f 8367 7230 8104
f 10488 10768 10563
f 6326 8019 8294
f 7258 2122 1860
f 11809 11408 13203
f 4727 3685 4739
f 455 727 167
f 13463 13220 12292
f 7870 7451 7500
f 1192 980 5428
f 1678 2767 4230
f 12092 12274 13235
f 227 507 502
f 3446 3755 4349
f 11194 11849 11108
f 7181 6381 8056
f 13421 12126 12272
f 9849 13013 9881
f 9234 8695 6909
f 11811 11293 11410
f 12070 13157 12106
f 11560 11559 10291
f 11423 11507 13053
f 12933 11772 13371
f 8035 6339 7158
f 8203 5959 6516
f 3313 3022 6221
f 7642 4849 2890
f 3119 6060 6117
f 2646 2081 2357
f 4957 6775 6762
f 11167 11076 11053
f 4778 6594 6624
f 11590 11587 8588
f 2687 8135 8131
f 4661 10494 4651
f 4734 2518 5716
f 10460 10338 12756
f 9160 9721 9150
f 8600 8605 11615
f 13143 12077 13459
f 98 379 1547
f 2549 2280 3523
f 11436 10195 9853
f 7493 4696 4708
f 6870 3140 7667
f 982 1276 4411
f 1297 5437 1000
f 7397 11354 13012
f 5317 1208 1242
f 1734 2023 2021
f 10141 10202 9826
f 1113 4539 4238
f 12244 9872 10202
f 4438 2633 3525
f 6143 3241 6149
f 9097 9672 6999
f 12849 12600 12713
f 13134 13184 13466
f 2408 6436 2685
f 4492 1047 5203
f 5297 5574 5296
f 1107 1389 3625
f 3774 4080 3789
f 7888 7490 13079
f 8267 11789 8258
f 1944 807 521
f 2311 2626 2625
f 1426 5571 5291
f 10464 5700 4648
f 7031 7039 7744
f 9999 10027 10367
f 1118 2238 1418
f 403 699 1575
f 4889 6696 4879
f 5667 4708 7946
f 12069 12235 9827
f 12681 11640 8619
f 13411 13489 13210
f 4168 5466 5190
f 197 484 476
f 9032 9052 9615
f 1734 2021 2026
f 8666 12997 9243
f 13137 11481 12879
f 13137 12879 11481
f 12851 10986 10962
f 3559 3556 1032
f 12471 10022 10681
f 2119 2388 2662
f 1167 9564 8668
f 8010 7203 8352
f 11810 11313 11832
f 1133 1422 9501
f 13385 12943 11784
f 1627 456 1622
f 4864 6676 7686
f 3277 8146 6177
f 12634 11598 12401
f 11096 10174 11719
f 11182 11191 10943
f 12776 674 1526
f 5334 3720 4023
f 10660 11945 10656
f 5547 1113 4238
f 3140 13346 2858
f 295 1499 2311
f 4629 10342 4664
f 1810 2360 2639
f 3292 3290 8427
f 11360 11359 11874
f 10797 7919 10042
f 7839 4657 7407
f 11690 13353 12915
f 1619 165 454
f 5598 4657 7839
f 10966 12313 11737
f 2049 2076 1810
f 4676 12307 10515
f 816 246 540
f 11710 13339 10943
f 12481 10345 12728
f 884 1187 904
f 720 447 163
f 12934 13373 13369
f 13437 12092 13235
f 6041 3126 5829
f 876 4398 2598
f 2816 12703 1731
f 5249 4228 5544
f 1625 743 452
f 3946 3944 5544
f 354 368 1528
f 2266 1998 2553
f 11684 12044 10916
f 580 1498 336
f 12797 11996 10716
f 7839 5636 7887
f 2547 2264 6571
f 9533 6374 8964
f 6158 5880 6155
f 9596 9616 9031
f 5082 4098 919
f 13306 12884 10980
f 2475 2747 2746
f 12206 11688 12279
f 12218 12987 9908
f 13426 13347 13014
f 9038 8082 6368
f 5606 4716 7406
f 3216 5846 2924
f 291 1464 29
f 11604 12785 12649
f 2402 2683 2676
f 7576 6885 8765
f 4728 5718 7976
f 4532 3612 3614
f 13529 13272 13271
f 10159 8997 12269
f 6649 6645 4827
f 10761 10768 10020
f 4380 2608 4378
f 5014 6832 7822
f 7897 7454 10020
f 275 10112 10728
f 12988 13059 11442
f 4394 9601 9050
f 9229 9805 9524
f 7454 4697 4695
f 8975 4783 9548
f 12863 13353 10963
f 8291 2033 1774
f 11413 13023 13079
f 12231 11697 10980
f 12879 11481 13341
f 10297 10026 10521
f 1787 2054 1809
f 7673 4866 4879
f 10545 4074 4090
f 939 1277 983
f 6159 6424 5878
f 9708 9148 4957
f 11287 11845 11834
f 2412 8137 6442
f 9532 6964 9315
f 9235 8689 9020
f 13413 12107 13177
f 6342 7172 8324
f 12086 11105 11752
f 916 1748 2045
f 7968 1418 2238
f 6404 9069 9643
f 3554 4465 4164
f 13109 8916 11534
f 6028 13324 3175
f 5892 6184 5902
f 4545 3626 2498
f 5878 8124 6150
f 1679 12584 12829
f 6232 6226 5940
f 5313 5145 3704
f 4642 5694 4710
f 3260 716 153
f 11654 12696 8634
f 8920 8932 9506
f 6498 6491 7298
f 12535 12421 10692
f 12073 10541 12288
f 7887 7495 7496
f 1065 1920 2743
f 8477 9438 9717
f 12469 12539 12742
f 12252 12108 10191
f 9110 8166 9679
f 11804 13154 11502
f 11056 11817 11194
f 11056 11194 11817
f 9140 6503 8195
f 3130 6043 5777
f 5322 3430 1176
f 4448 1003 1014
f 7379 11381 8526
f 11097 11353 11237
f 5598 7887 7496
f 1473 630 629
f 9851 10228 9893
f 4613 7398 7937
f 5786 6103 6360
f 7223 8369 8114
f 7836 7117 8955
f 10025 7504 10814
f 3461 3472 4350
f 7609 8705 8988
f 11879 11877 11362
f 10146 9820 11434
f 471 2442 2435
f 905 970 1261
f 8216 8469 7325
f 10432 10598 10098
f 12495 12536 12785
f 8223 8478 8479
f 13031 11514 11488
f 13053 11507 9879
f 6213 3294 5937
f 12882 12900 13337
f 6519 9715 9142
f 13453 13024 13007
f 6430 6419 6425
f 7652 6923 2887
f 3192 6088 5807
f 3258 5893 712
f 6312 7126 7139
f 8548 11614 11567
f 13256 11517 13518
f 2152 1879 2703
f 582 41 632
f 7382 6573 8265
f 6789 6779 4970
f 3189 12902 2916
f 2942 3227 8364
f 8549 11621 11918
f 12612 11605 11571
f 10317 10313 10015
f 7121 6313 8278
f 10792 10504 10027
f 9847 10201 13070
f 7014 7012 9402
f 10201 11501 13070
f 4445 5157 4142
f 7400 866 7923
f 2576 2313 2308
f 8015 9262 9027
f 595 2080 1760
f 13310 13331 11745
f 487 12540 193
f 6412 5854 8369
f 8870 9723 9156
f 6583 4768 6618
f 8665 9884 13045
f 11810 11198 11313
f 714 1310 147
f 7317 8445 8453
f 13452 12311 13005
f 8103 5852 6127
f 6584 4766 7577
f 7049 6768 7039
f 1228 1260 968
f 2301 4356 2585
f 12086 11752 12312
f 2742 2462 488
f 3916 5509 4214
f 12091 13222 12302
f 11498 11120 10238
f 11665 12823 12013
f 11186 11121 10966
f 8551 12630 12392
f 7680 4875 6959
f 7435 4694 5698
f 8548 10660 12503
f 10781 7467 7408
f 5505 3912 5229
f 9883 10212 12296
f 9883 12296 10212
f 13436 12301 13189
f 7650 6654 6944
f 4463 9663 9093
f 12266 10955 11732
f 8315 8071 9599
f 605 2073 106
f 5600 7869 4678
f 6541 8231 8234
f 2345 2081 2617
f 12987 11479 10219
f 4795 6682 4859
f 13290 11749 10920
f 1319 1024 1325
f 13023 9879 10174
f 10977 11233 10991
f 5877 2947 2957
f 1154 1445 1440
f 13410 13234 12211
f 3366 7803 7093
f 8552 12365 11586
f 407 2116 2383
f 6977 7813 7814
f 5030 5362 895
f 4551 1114 4541
f 3616 5532 1381
f 467 455 1620
f 1166 861 3428
f 6830 5012 4260
f 12967 12980 9820
f 12045 11459 10162
f 3433 4705 4408
f 11801 11045 11044
f 9836 10162 13005
f 4943 6761 6235
f 12717 10650 12536
f 12717 12536 10650
f 8664 11473 13193
f 12980 10210 11425
f 12980 9880 10210
f 11163 11118 11234
f 11044 13283 12200
f 2271 8043 2561
f 9850 11730 12278
f 5529 1102 1393
f 13234 12137 12138
f 9982 10689 8601
f 5388 666 5123
f 10660 10656 12747
f 159 7250 2131
f 12223 13442 13192
f 12382 12640 11615
f 8688 9848 10163
f 10298 9972 10820
f 4869 7688 6965
f 12398 8588 12401
f 12574 11028 11788
f 3980 4273 4570
f 6758 7034 3325
f 11717 10971 11728
f 4732 5720 4568
f 3321 3314 3033
f 2017 2079 1798
f 4102 1542 3796
f 3779 4406 3504
f 4889 9641 6696
f 1861 710 2117
f 8966 9862 9570
f 5487 4573 5281
f 13139 12115 13478
f 655 1526 674
f 12983 11506 13015
f 2939 3226 5872
f 7440 4675 4682
f 9948 13105 9943
f 2683 2395 2676
f 5348 10036 1203
f 10289 10285 9961
f 1873 7251 2136
f 11602 12401 8588
f 689 1566 2646
f 9830 12242 12105
f 10497 4665 7453
f 8285 8025 8028
f 10002 7463 10537
f 5667 4389 3508
f 183 754 753
f 7843 1200 5615
f 287 1464 291
f 11307 11356 11239
f 10002 10537 10328
f 11281 11279 11394
f 3246 7243 6146
f 5621 7925 7473
f 10942 11355 11741
f 5183 5186 5464
f 11097 11086 11861
f 11422 13048 9898
f 11588 7476 4710
f 11810 11081 11077
f 3753 617 50
f 1460 290 2292
f 4625 5682 7486
f 913 925 1223
f 10155 13081 9829
f 2861 3188 2900
f 26 659 663
f 11435 10243 9886
f 12028 10738 10740
f 3439 4874 3765
f 11103 11723 11227
f 11067 10220 11481
f 5052 5109 5333
f 8366 3216 3215
f 4363 1233 5088
f 10325 10039 10819
f 10742 12587 8636
f 6033 5766 5763
f 12987 10219 9908
f 5955 7312 4950
f 11412 13034 13501
f 18 629 343
f 12168 6781 12324
f 10529 10821 10374
f 5034 5394 4052
f 73 1808 5396
f 11048 11193 11202
f 4557 1125 3645
f 6171 712 1590
f 12750 12749 12506
f 4644 7435 9919
f 1958 2787 2226
f 10039 3804 5411
f 10766 10021 10566
f 13188 12085 12132
f 3717 4121 4118
f 5033 4023 5359
f 11107 12410 11855
f 11977 11969 12779
f 10021 10390 10566
f 12100 12110 12310
f 12382 12666 12618
f 12844 12033 12843
f 11940 12539 10693
f 2176 258 1983
f 11568 7843 8574
f 1454 288 363
f 4176 4476 3872
f 12049 13207 12251
f 5620 7873 4716
f 4530 4522 3608
f 9273 8713 7616
f 17 620 5345
f 12252 10191 9903
f 12172 12336 12175
f 4630 12635 8574
f 8581 11977 12660
f 871 1258 1259
f 11683 10939 11681
f 3554 3558 4465
f 3404 1223 925
f 10500 10014 10343
f 2380 2653 395
f 4846 9026 6645
f 12109 13224 12304
f 13083 9916 13082
f 10583 10087 10414
f 4723 3637 4563
f 8122 8376 7231
f 9596 9031 6368
f 3456 3522 1285
f 8703 4802 7599
f 6270 3359 8233
f 7874 5621 7429
f 13403 13175 13145
f 10299 5691 7870
f 7806 5547 3943
f 4721 5717 12674
f 12237 13506 13207
f 1580 1841 2669
f 2281 3419 4315
f 3710 4036 5410
f 3699 4012 10302
f 7258 8408 3267
f 6384 7209 2618
f 10500 10360 10058
f 13253 13513 13250
f 11294 11226 11869
f 3307 3013 3018
f 11309 11228 11072
f 5613 7930 7929
f 2833 5765 3192
f 13438 6863 13041
f 6632 6947 3147
f 12051 10206 12285
f 12367 11834 8581
f 11183 11345 11228
f 10628 12510 10668
f 7522 7975 10086
f 34 311 629
f 3132 602 31
f 6663 4869 4848
f 12611 12646 11619
f 7216 8365 7209
f 1458 6118 5812
f 2329 2602 4399
f 10551 10856 10077
f 7395 7909 7394
f 3403 971 4329
f 3072 3361 3373
f 8016 5816 6073
f 10110 10891 10432
f 12853 10237 13214
f 1293 1291 995
f 4764 6630 4820
f 10316 10480 10348
f 267 840 5287
f 11175 11834 11062
f 3232 2949 3227
f 946 1285 952
f 10084 10577 10411
f 7867 5650 9992
f 11560 10292 11559
f 5456 5451 5173
f 3469 1221 4362
f 12054 13458 10967
f 11301 11073 11827
f 9296 8763 9579
f 10509 4082 12276
f 10872 10423 10095
f 10949 13332 11739
f 8948 7832 9225
f 4765 7604 4807
f 9265 6641 9631
f 11184 11109 10947
f 10516 10533 5105
f 10628 12754 12510
f 12876 13344 11747
f 12226 9861 12144
f 3620 5524 1373
f 9973 10077 10399
f 8885 7066 7780
f 1983 269 2253
f 3259 3272 2982
f 5620 7505 7873
f 11937 10647 12767
f 11806 11070 11073
f 6877 7636 9331
f 7149 8087 6350
f 5614 7436 4626
f 8568 11962 11609
f 11186 11073 11210
f 11914 11590 10646
f 12077 12116 13215
f 11913 10628 12510
f 13385 13386 12947
f 9970 11967 10667
f 6783 6771 7043
f 11183 11747 13344
f 4594 3687 4601
f 4734 4743 5726
f 2570 324 1486
f 5526 4216 5228
f 5355 4109 5132
f 12604 8605 11588
f 7575 4847 2836
f 7603 6936 6878
f 12077 12243 13459
f 12363 11566 8604
f 1616 165 726
f 13023 11487 13079
f 7285 8162 8419
f 2211 6531 236
f 13472 13206 7611
f 2321 2350 2043
f 6952 4880 7674
f 10947 11109 13222
f 1628 2719 4176
f 11770 11011 11251
f 11682 12857 13292
f 7400 5639 4330
f 7400 7890 5639
f 12718 11938 12772
f 12718 12772 11938
f 7399 5612 4669
f 2542 2252 2806
f 10996 11760 12918
f 12717 12640 12536
f 8541 7389 7388
f 12933 11014 11772
f 4614 7401 5603
f 8665 4826 9021
f 9889 12145 12308
f 5314 10793 5050
f 873 1287 1174
f 9925 12168 12327
f 7445 10066 10841
f 3292 8435 3290
f 3636 1397 1399
f 4326 3507 4324
f 12864 13196 12094
f 8557 11579 10661
f 8993 8722 9321
f 9756 9933 9178
f 12081 12295 12151
f 3390 3389 3105
f 4648 7516 4717
f 10273 11541 9948
f 70 624 338
f 12880 10976 13340
f 3388 6574 8266
f 12496 12755 10677
f 13473 13218 12284
f 10124 7997 5738
f 6387 8354 8069
f 2609 2331 2346
f 3532 3838 4131
f 12692 12449 12445
f 12361 12716 12487
f 9994 10815 10065
f 11050 11108 11849
f 12617 12652 12421
f 12251 13230 12153
f 945 4367 1240
f 5643 10361 4691
f 11574 8574 8580
f 5313 3823 5144
f 9598 9016 9322
f 10381 10534 10535
f 11630 1973 11990
f 300 12506 1532
f 6583 4800 7567
f 851 2260 271
f 7212 3221 2928
f 10465 4667 10849
f 9835 12297 10202
f 4656 7917 5625
f 3658 7973 1420
f 9688 6489 9121
f 12056 9920 10185
f 9155 4978 4233
f 3910 4269 4287
f 11939 10818 10677
f 10769 10408 10574
f 6852 13312 13465
f 9659 9657 8790
f 3997 5588 4293
f 9993 10779 10778
f 21 582 632
f 11010 11009 11008
f 10629 11969 11947
f 7070 7066 7786
f 5301 4286 5583
f 8308 7172 7157
f 11205 11340 11860
f 3699 3397 4069
f 10303 10547 10497
f 6667 9622 9039
f 2302 3790 4387
f 1207 7481 7924
f 5315 3731 5056
f 5750 11687 10943
f 12209 12047 12113
f 5244 4219 1098
f 9599 9047 9619
f 7327 7321 8471
f 12399 12646 12663
f 10919 11077 11081
f 10787 7453 10070
f 3282 3266 6181
f 11319 11333 12905
f 8484 3043 3339
f 9537 6668 4327
f 7563 3146 7649
f 4761 5740 10609
f 12073 3772 10369
f 5130 5139 5409
f 819 252 2230
f 12852 12866 13305
f 3297 3005 7282
f 5603 7401 7908
f 7918 7475 7481
f 12382 12388 12640
f 11169 11061 11714
f 263 2530 556
f 8586 8599 11620
f 10186 13079 9919
f 12381 5683 3495
f 5264 3962 5549
f 8678 9310 13045
f 10763 11929 10557
f 3986 5292 4272
f 10469 10566 7508
f 4063 1505 617
f 2935 8090 3213
f 2203 9144 2478
f 3067 8502 7356
f 9317 8322 7171
f 8357 9638 8093
f 11699 10969 13351
f 599 1524 1484
f 5964 3047 7344
f 10603 10433 10443
f 2541 2540 2814
f 12215 13084 9922
f 8063 5821 5836
f 4374 952 3522
f 2302 4387 2611
f 294 1539 660
f 5594 7499 4667
f 546 12804 558
f 2363 2355 2633
f 722 728 5188
f 3708 5325 2002
f 11590 8588 12398
f 2570 1486 4372
f 7287 7300 7292
f 12625 12531 12416
f 2552 4344 4010
f 5059 5066 5371
f 12377 5635 10331
f 8505 7360 8239
f 3458 4354 938
f 3149 8035 8033
f 12483 12752 12751
f 2975 3264 154
f 3109 2868 3166
f 8724 7663 9037
f 3410 4312 3523
f 12072 10336 5650
f 8453 7306 8196
f 9532 9315 9051
f 1096 1394 1104
f 9809 9905 10147
f 5438 5155 5158
f 5585 3669 3664
f 5399 5121 5418
f 5714 1125 7525
f 4810 7669 4859
f 5529 5237 5246
f 12485 12737 12609
f 10744 10738 12028
f 9299 9585 9292
f 3453 4367 945
f 11515 8932 8920
f 5748 2869 2845
f 12970 11809 11288
f 11054 10180 11212
f 2269 1771 2593
f 12599 12845 12598
f 491 191 195
f 12128 13481 12284
f 6196 6482 8179
f 5315 5062 3731
f 10640 10635 10694
f 11056 11176 11817
f 4788 9627 8976
f 10769 10020 10768
f 287 1449 595
f 6540 5980 6539
f 5217 4199 1650
f 7569 6945 4832
f 330 1535 2325
f 1164 5323 3776
f 5624 4636 10170
f 12540 194 10698
f 7401 4678 7869
f 161 2968 1872
f 5875 5867 2953
f 8278 7164 8020
f 9517 8945 9220
f 8489 8480 3337
f 5878 8380 8124
f 7394 7947 7956
f 12469 10366 12743
f 1559 1548 390
f 6038 2832 5808
f 12510 12534 12754
f 916 982 1210
f 11053 11197 11814
f 61 328 327
f 7308 9120 8841
f 4374 962 2606
f 5732 5722 7981
f 3524 4429 4428
f 7996 5739 3697
f 8122 8114 8376
f 13456 13224 12299
f 9926 10252 12170
f 9771 9777 9202
f 2076 1274 983
f 9994 10851 10639
f 7619 4830 6892
f 4546 3649 1416
f 11141 7371 6009
f 1225 4353 3476
f 6585 4787 4847
f 6410 6133 5857
f 13263 12177 13262
f 12608 12659 12384
f 12631 12403 12406
f 12724 1467 292
f 3152 2881 2867
f 10830 10371 10542
f 9817 11099 10188
f 11704 12315 10963
f 5600 7509 7869
f 7109 5017 7827
f 12692 12811 12576
f 3330 6243 3326
f 4251 5556 3954
f 4030 1531 583
f 1828 2357 2082
f 11553 12190 12946
f 1431 3674 3675
f 12594 12839 10746
f 7406 4645 7907
f 4712 7508 10566
f 11223 11343 11341
f 7049 7039 6770
f 8472 6513 7328
f 5370 5095 5362
f 1358 2190 5501
f 10011 11955 8586
f 11372 11132 11253
f 9673 8812 9385
f 4771 6683 9018
f 11181 11082 9899
f 10300 10399 10029
f 1113 1112 4539
f 4040 949 4396
f 12759 11596 11950
f 11603 12761 11956
f 3459 4398 965
f 11943 12666 12739
f 10301 12756 10360
f 5335 5103 1191
f 11058 11232 11228
f 10794 10040 7449
f 2230 1959 2229
f 7005 7720 6727
f 12970 11408 11809
f 3110 6034 3171
f 6613 4797 6050
f 10160 9922 11514
f 12996 11503 8771
f 11490 13247 13078
f 5416 3831 4134
f 6774 4947 4953
f 10144 11098 11099
f 12504 10679 10654
f 6773 6766 4950
f 7056 7052 7765
f 1893 11628 8609
f 12917 13355 13354
f 1554 115 387
f 3309 6218 5936
f 2756 1672 1936
f 2142 1880 1326
f 7281 8426 7276
f 1957 2770 2508
f 10599 4744 7533
f 7090 4992 6810
f 8670 9270 8984
f 7555 10896 7997
f 3736 3760 5409
f 11306 11214 11815
f 5461 1032 1321
f 302 25 1511
f 1645 479 756
f 429 2677 2403
f 10907 7555 10124
f 1653 770 486
f 13142 12244 12078
f 10048 7511 10862
f 837 263 556
f 6938 7675 9342
f 3369 3078 3082
f 12739 12510 10666
f 9606 9039 9622
f 5801 3198 6110
f 6444 8146 6451
f 355 12788 1533
f 11731 11102 11215
f 3948 5260 5541
f 5236 5520 4208
f 1 12631 12406
f 4 6 12534
f 7132 8287 8678
f 1804 2638 2071
f 5640 4674 7478
f 12087 12312 10241
f 4028 4027 5075
f 1450 2564 588
f 11175 11086 11845
f 13423 12309 9845
f 13189 12301 12120
f 3993 3982 4289
f 12717 12495 11965
f 9222 8261 6309
f 6313 6068 8007
f 4184 4189 3883
f 4614 10372 10537
f 4322 5146 4073
f 4322 4073 5146
f 847 277 562
f 4399 1273 3511
f 8819 9100 7723
f 7404 7465 11609
f 5748 6078 2869
f 5068 10859 5130
f 3756 5142 5400
f 3392 3395 4307
f 6788 5964 9165
f 8552 8590 8577
f 7861 4712 5646
f 10762 7497 9992
f 6758 4947 4956
f 4340 950 7478
f 7849 10834 10046
f 10678 11974 10058
f 5483 5200 4187
f 12171 12332 6802
f 9864 9891 10219
f 4376 3509 4414
f 3999 3716 4308
f 11019 13269 6007
f 9011 9625 9043
f 12879 13341 12891
f 13412 12871 13297
f 10097 10878 10881
f 9840 10216 9886
f 12845 12037 12034
f 12223 12090 12273
f 2963 6147 5873
f 7425 7908 7869
f 12247 12093 9876
f 4785 9575 8971
f 10307 3454 3821
f 7401 7869 7908
f 11292 11068 11861
f 11171 11175 11062
f 10319 10567 10472
f 6586 12223 6861
f 12364 8597 8580
f 7453 7934 7933
f 13204 13026 13467
f 2817 2255 2815
f 11686 13340 10976
f 13496 13060 11492
f 9539 8697 9266
f 11244 6454 8142
f 12406 10672 12515
f 12985 9921 10164
f 1502 346 1512
f 12090 9886 12273
f 1599 6720 4161
f 3118 13329 2830
f 8657 11506 10234
f 11566 7411 7951
f 249 536 1697
f 495 210 768
f 12605 11945 11567
f 5771 36 314
f 7400 7923 7452
f 3483 5401 1253
f 10457 5690 10302
f 5389 5111 644
f 1855 1574 2665
f 10468 10799 10853
f 3035 7304 3311
f 5605 10384 7875
f 9534 6599 12297
f 12433 12431 12442
f 11496 9334 9890
f 2228 250 1957
f 8924 9785 9209
f 10268 10267 9938
f 6788 6777 4964
f 12128 12284 12117
f 3658 4561 3648
f 5602 4642 4710
f 10091 10873 10888
f 12052 12216 13233
f 11575 7452 8572
f 2757 1942 2205
f 12729 12404 12475
f 11691 11201 11083
f 9557 8031 6347
f 3432 3520 4421
f 4304 4056 3446
f 316 63 2067
f 4679 10539 10374
f 9840 10243 9861
f 1309 408 3853
f 6410 7218 8379
f 8573 10067 10690
f 10528 12773 10844
f 8224 6523 7334
f 4767 6610 6618
f 3357 8502 3067
f 13207 13243 13493
f 862 1174 1168
f 11662 12453 12700
f 5651 4650 4649
f 9821 9850 10171
f 10200 9861 10243
f 8282 7155 8291
f 2376 2652 2388
f 9733 9155 9725
f 5601 7847 4641
f 9847 12254 10225
f 2618 7209 1817
f 10744 8649 10738
f 6023 2841 3112
f 5983 3349 3059
f 8020 7164 8316
f 5999 5993 6554
f 12999 11478 13444
f 907 7512 4364
f 7320 6511 8843
f 11434 10332 5607
f 5068 5342 10859
f 12038 12595 12847
f 6170 5908 5894
f 8553 8574 11574
f 11418 13231 13498
f 11269 11789 8267
f 7604 4839 6935
f 13416 13143 13193
f 13410 13204 13234
f 2220 2771 2499
f 13147 12234 12150
f 1022 1328 1327
f 5815 6386 8060
f 5405 3807 4097
f 9944 9488 9778
f 11547 10276 9949
f 9928 10253 10249
f 11317 11351 11872
f 5084 10574 4060
f 12052 13234 12216
f 7589 8732 1220
f 10248 12168 9925
f 7051 6771 6783
f 5632 4697 5686
f 9535 8722 8760
f 6649 7625 6913
f 7919 8600 10688
f 12734 1553 11980
f 4203 772 5220
f 11574 12659 12370
f 12218 10236 12057
f 8457 7311 7303
f 10024 10058 11974
f 2272 308 1999
f 7490 9919 13079
f 4678 4677 4707
f 13032 11467 10232
f 1654 487 1646
f 12247 13466 13203
f 12247 13203 13466
f 7151 8085 8349
f 12102 13229 13225
f 11582 11623 8566
f 3065 5978 3063
f 10302 5690 3397
f 11270 11787 11383
f 5343 5395 5117
f 6832 5022 7830
f 8515 8245 8511
f 6 9 13
f 7242 6421 8116
f 12517 10671 11968
f 4297 4309 3400
f 9476 9761 8235
f 13376 11775 3372
f 6360 6359 8078
f 1335 3877 5479
f 5646 4712 10388
f 12088 12280 12289
f 6577 7376 6015
f 12057 12107 12271
f 4288 4283 3690
f 155 708 717
f 12607 5633 12368
f 1527 1545 652
f 10154 9829 12995
f 4000 10377 10544
f 7577 7572 6958
f 13411 13233 13489
f 12608 12384 12503
f 13174 12095 12254
f 8063 6113 8343
f 5887 8123 6151
f 13188 13447 13174
f 9883 9912 10241
f 9770 9482 9457
f 10320 10529 10530
f 5921 4924 6479
f 3111 2857 6026
f 5398 5149 5397
f 8006 1737 2567
f 10062 10841 10066
f 1730 1727 567
f 4202 3912 5505
f 12631 12403 9
f 12631 9 12403
f 2439 2704 2713
f 1029 1872 9378
f 13411 13475 11447
f 8631 12437 12688
f 12606 8564 12402
f 9772 9460 7070
f 10781 10848 10860
f 8246 8511 2232
f 7226 2935 3221
f 9247 8034 8304
f 8303 8316 7164
f 2484 3610 2199
f 13143 13459 13193
f 5032 4121 5320
f 10011 10853 10856
f 12849 11678 12040
f 9439 9718 9143
f 12470 12763 10952
f 11317 11348 13323
f 8876 9459 9169
f 3043 7333 6516
f 8730 8777 9348
f 10077 10856 10853
f 6840 7822 7102
f 10655 72 12497
f 10629 10682 11957
f 6790 7046 4963
f 9527 9965 13128
f 5347 5368 1201
f 9531 8962 9528
f 5612 4654 5660
f 12484 11927 12787
f 11174 11088 11087
f 3707 4001 3731
f 6031 9548 8009
f 5110 5149 5398
f 2072 2361 2344
f 7630 6910 7653
f 8809 1312 3550
f 12109 12304 12139
f 1040 1330 1333
f 587 56 1466
f 7144 8307 3139
f 12272 12268 12104
f 5727 7983 12440
f 2552 2274 4344
f 10593 10880 10101
f 11172 9850 10220
f 6067 3188 2861
f 4555 3641 3953
f 7994 5722 5732
f 798 790 1673
f 3002 5921 6479
f 7847 7434 4641
f 10518 10383 10049
f 691 1831 2093
f 5682 4706 7931
f 2344 2361 2064
f 1917 2454 2183
f 7421 4704 7931
f 6193 3271 5913
f 11581 11585 12635
f 12972 11412 13230
f 5319 5076 5146
f 6448 2682 2680
f 611 57 48
f 3395 904 1187
f 13437 13235 13238
f 7707 8801 9368
f 12902 10979 13350
f 5955 6766 6238
f 10012 10554 10395
f 286 2310 2268
f 11689 12241 12149
f 9821 10220 9850
f 4940 7760 9148
f 11070 11203 11827
f 3139 2902 3159
f 13454 11468 13202
f 1928 2198 2750
f 12529 11979 12786
f 12800 540 826
f 12518 12418 12779
f 12056 6861 12223
f 9622 9352 9045
f 8019 2303 2589
f 9977 10631 10763
f 11410 11056 11817
f 13163 13146 13450
f 11294 11869 11352
f 11812 13344 12914
f 10314 5701 10525
f 2764 2496 2504
f 12072 5650 12246
f 3113 7137 8281
f 23 27 603
f 12703 12454 12702
f 6992 4909 5176
f 13001 13050 13498
f 3403 4331 3454
f 11692 10964 10965
f 3465 3806 4073
f 4780 13198 7584
f 13373 11888 12928
f 7166 7158 8319
f 8445 8185 7306
f 10303 10497 10070
f 8563 10650 8557
f 10488 10368 10544
f 10848 11974 10075
f 647 959 102
f 7080 7794 7796
f 596 38 4089
f 12393 11618 8577
f 11065 11069 11191
f 8007 6390 6341
f 11202 11847 11339
f 11059 11235 10237
f 3297 3017 3292
f 570 12582 272
f 13167 13480 13176
f 6140 5869 5860
f 5926 6474 3013
f 13014 11445 13192
f 8659 4790 8982
f 10142 4711 9905
f 4445 1300 999
f 11057 11232 10230
f 3481 2058 941
f 4053 4068 4389
f 3658 1420 1129
f 7225 2936 3219
f 10303 10839 10547
f 2286 1767 2591
f 4378 3482 4403
f 6689 6688 4873
f 12719 13 7
f 9722 9432 9715
f 7427 927 1186
f 7137 6330 8049
f 438 1609 1600
f 12937 13381 12942
f 11653 8629 8628
f 6943 9339 9618
f 8981 7160 8697
f 132 699 124
f 6047 1491 8043
f 13151 13452 13005
f 6038 5808 6088
f 12381 2343 2556
f 6084 6072 5803
f 263 2250 2530
f 4050 3826 4070
f 5379 3775 5124
f 10010 11932 10646
f 8150 6452 5900
f 2743 1920 2179
f 12721 12508 10561
f 12732 12517 12508
f 11411 13005 11459
f 11674 8641 11667
f 5543 5535 5254
f 8249 6285 6552
f 8544 12410 7851
f 6852 2847 3137
f 8283 11839 7200
f 87 663 85
f 3298 3296 6208
f 9948 11541 13105
f 11899 12946 11384
f 11337 11229 11107
f 2279 2014 1764
f 6881 4809 7617
f 5598 7839 7887
f 11852 13347 12894
f 10782 9990 10793
f 5460 4165 5186
f 2790 2535 2534
f 11564 8558 8570
f 8048 9605 6358
f 9587 9598 9036
f 5614 7912 7945
f 3298 3300 3020
f 11571 11605 12650
f 7005 7722 6730
f 13211 10850 10063
f 12468 12533 12765
f 13431 13179 13446
f 5637 10394 10065
f 9199 9759 8890
f 9342 9639 9353
f 11332 11233 11864
f 12550 10701 12003
f 1190 3495 880
f 9551 9053 9008
f 13263 13098 11529
f 4673 10383 10549
f 7896 7439 7882
f 6476 8175 5923
f 4336 1282 3520
f 5599 7463 7841
f 1888 2151 2419
f 2019 1747 2353
f 7595 6873 7640
f 4633 5658 4652
f 10381 12527 10546
f 12196 12350 12353
f 6140 8101 8099
f 9097 4457 9667
f 710 151 702
f 10618 10447 5737
f 2733 2171 1903
f 3406 4411 3405
f 8632 11650 8636
f 10496 10388 10389
f 3150 5790 6071
f 7404 10051 7893
f 4384 3512 9052
f 1556 678 110
f 1987 1721 2537
f 11691 11083 10923
f 2480 2197 2476
f 8563 11949 11595
f 11093 11216 10961
f 7132 11322 8325
f 10305 9997 10038
f 4350 979 1235
f 24 1518 351
f 10893 10105 10892
f 11653 8628 8634
f 4440 5160 3839
f 12991 7916 11428
f 3560 1322 2144
f 3943 4978 6800
f 5190 5463 4164
f 6847 6928 2841
f 976 4415 993
f 5757 6117 6029
f 7996 4757 5739
f 7643 6904 8738
f 9468 8918 9203
f 1898 2715 2169
f 11946 10671 12785
f 7765 7052 4957
f 9244 9590 13018
f 5242 5518 5524
f 12501 12760 10018
f 9733 8863 9444
f 866 918 4419
f 3998 3827 4032
f 5550 5549 5279
f 10467 4687 4661
f 3781 83 357
f 392 122 1553
f 798 1661 790
f 10502 10329 5632
f 11799 11280 13392
f 601 52 40
f 5219 5500 5218
f 6710 9643 8102
f 10460 10335 10521
f 10225 12141 12305
f 2336 2542 2804
f 4848 6674 6949
f 5217 5511 4199
f 11600 7474 4703
f 12455 2820 12701
f 12623 11587 11590
f 5629 4696 4637
f 4071 5355 5091
f 428 1582 1592
f 11823 11478 13042
f 2183 2726 1906
f 11823 13042 11478
f 12972 12251 9875
f 11793 11033 13390
f 4320 3721 4015
f 13166 13427 13444
f 8587 12421 11624
f 13302 11706 12862
f 9822 12986 10171
f 9822 10171 12986
f 8050 6082 5837
f 10145 11440 11499
f 6034 5789 3171
f 11681 10939 10968
f 5949 6223 3309
f 4086 354 3777
f 1190 3450 883
f 1092 5238 1374
f 9362 9360 9364
f 11010 11008 11769
f 4010 290 1460
f 126 694 1843
f 4752 5738 7997
f 10480 3712 4008
f 4224 3917 4220
f 12608 12736 12499
f 11673 8643 8648
f 7848 1182 7412
f 11877 6454 11128
f 9832 10204 10207
f 11242 6429 11124
f 12065 12131 12263
f 5029 5153 5312
f 13280 12352 13539
f 11262 11147 11265
f 9705 9132 9128
f 7769 8870 7781
f 11050 11179 11180
f 12508 12517 12771
f 782 5223 5212
f 1756 2029 80
f 12736 12787 12499
f 6267 3060 3352
f 3766 4070 4083
f 9979 10657 10354
f 9979 10354 10657
f 12680 12550 12437
f 9191 9766 9186
f 2273 2003 2278
f 5114 1244 953
f 12331 4972 6795
f 3707 4129 1544
f 10579 1715 3974
f 11398 11280 11799
f 6616 9562 4876
f 7520 4540 4722
f 5298 5578 5285
f 13518 11517 13086
f 9878 10240 11510
f 5630 5653 4687
f 13472 7611 6887
f 3391 2431 1326
f 5875 2953 6148
f 12471 12767 12777
f 10678 10075 11974
f 3392 904 3395
f 10799 10556 10853
f 12215 9922 12156
f 4484 4483 3579
f 10298 10820 10559
f 9816 10145 11499
f 8594 11619 8593
f 9448 8883 7774
f 11478 9911 9912
f 4335 886 4332
f 11903 11154 7389
f 5771 6053 6101
f 10663 10389 10024
f 13118 11552 13540
f 8920 9506 8931
f 1232 8745 7641
f 8418 8153 6180
f 8418 6180 8153
f 7849 10046 7425
f 260 2244 2523
f 10309 10817 10044
f 13141 13453 12993
f 402 411 1576
f 1540 669 1529
f 12182 5004 7810
f 951 1237 936
f 1150 3663 1438
f 12225 12103 12255
f 11105 11851 11239
f 11172 11738 11218
f 8558 7911 5695
f 8631 12688 11649
f 12728 10635 11920
f 11289 11105 9846
f 10167 6636 8974
f 4790 6668 8982
f 9240 9578 8963
f 7425 10046 10785
f 661 1553 11970
f 11599 11612 8599
f 8482 7337 7340
f 10673 11865 12908
f 9838 9853 10195
f 10485 10772 7421
f 11875 12918 13357
f 7915 10070 7491
f 2132 2417 2426
f 10307 7923 3454
f 11050 11180 11856
f 9343 8770 9062
f 12241 12314 12149
f 5069 923 1221
f 1630 3886 4179
f 6234 3029 5944
f 4248 4999 3951
f 611 48 1750
f 793 215 219
f 10724 12822 12015
f 12367 12660 12661
f 11693 12661 12751
f 10949 12879 13332
f 7284 2996 3285
f 3395 5392 3809
f 10485 7421 5646
f 11627 11981 1836
f 10670 8590 10673
f 10826 7923 10045
f 3 12412 7
f 852 282 283
f 10767 7876 10031
f 9982 5694 10306
f 13049 9899 9898
f 3200 5849 2912
f 4418 994 5156
f 13448 12304 13224
f 6033 3209 6052
f 4690 10610 7557
f 9241 6935 8734
f 12856 13345 11813
f 5596 7926 4610
f 5596 4610 7926
f 7570 8667 4773
f 6976 9357 6974
f 12684 12552 12433
f 11813 13345 11294
f 12432 8614 2238
f 13177 12107 11831
f 1066 1365 1064
f 11029 11787 11030
f 10015 10525 10801
f 13424 13199 11513
f 11018 6280 6003
f 12229 12069 10236
f 7966 5722 4745
f 9981 10017 10795
f 10010 7452 10826
f 11456 10200 10243
f 4668 10829 7487
f 12056 12273 9920
f 11637 11989 1975
f 8299 7142 2073
f 1928 2193 1933
f 11548 13122 11380
f 6063 5825 6058
f 9116 9406 9119
f 9545 9019 9256
f 13199 11121 11513
f 13199 10966 11121
f 886 2586 4332
f 8418 8153 6459
f 3602 1078 4512
f 9723 9719 9429
f 877 1185 1280
f 12371 11600 12656
f 3551 5453 1305
f 5632 5668 10031
f 8877 7767 3044
f 4799 7611 8985
f 3434 937 4366
f 11091 11337 11866
f 6318 8304 8034
f 11200 11711 11083
f 12863 13318 13353
f 510 1669 793
f 2491 2488 516
f 10963 12315 12151
f 5632 10031 7876
f 5212 5484 5205
f 11072 11228 11232
f 1481 322 2579
f 8995 9633 6657
f 11083 11711 10948
f 11298 13330 11831
f 2037 339 5413
f 1179 978 985
f 2705 2424 1881
f 4331 4133 3821
f 2090 2636 2366
f 392 1553 383
f 4633 10388 10496
f 8320 6930 9325
f 6706 9067 4884
f 12627 12394 12626
f 7405 7907 10855
f 13416 13038 12248
f 3883 5202 5476
f 8475 8209 8472
f 2882 2867 3168
f 4534 3923 4221
f 2826 5819 7626
f 2556 2343 2318
f 4839 10223 9024
f 10935 12775 11724
f 6990 5463 5185
f 511 221 793
f 11818 10958 12906
f 9005 4812 6687
f 7845 7906 7461
f 11811 11416 13064
f 7100 7819 13265
f 10488 9983 10368
f 13417 13050 13001
f 7087 6818 7811
f 9840 12257 10216
f 8920 11533 8917
f 10329 4646 5668
f 2855 3138 7148
f 10643 11958 11919
f 9843 13063 10238
f 10088 10095 10879
f 3945 4272 4574
f 13537 12344 12189
f 21 378 582
f 4960 5962 3040
f 8553 10694 11976
f 371 110 670
f 4617 10372 5697
f 23 10378 3732
f 1023 1322 1317
f 3 7 13
f 13416 11473 13038
f 2209 235 806
f 10620 5742 10447
f 12398 12401 8583
f 4606 3697 3692
f 3917 3606 5512
f 4315 4619 12610
f 3132 374 6049
f 4617 10536 10372
f 11696 10948 10951
f 11696 10951 10948
f 5750 10943 6028
f 3482 4085 4403
f 10346 10032 10810
f 11450 10166 9842
f 9825 13055 13489
f 3849 4436 4143
f 1428 1135 3669
f 644 100 656
f 1601 158 724
f 687 1827 1563
f 11186 10966 11716
f 7132 11114 11322
f 1600 1609 446
f 6277 3085 6000
f 7856 7503 9980
f 13141 12993 11423
f 9840 9861 12257
f 10808 10042 10060
f 5374 5097 5387
f 7222 8377 8367
f 4969 9168 9739
f 5824 2901 2920
f 4333 3470 3428
f 9548 4783 6596
f 3 13 10
f 2486 2485 2753
f 6638 6653 4829
f 12327 12324 13254
f 1657 4206 1655
f 8888 9742 9168
f 744 450 1624
f 8886 9453 8883
f 5259 5535 5543
f 12008 10734 13383
f 6849 9530 6589
f 5159 3834 5433
f 4617 5656 10536
f 11832 11716 10950
f 9241 9589 6683
f 10304 10539 4623
f 7012 8819 7723
f 5910 2977 5903
f 9565 9001 8711
f 8876 9446 8880
f 2277 3398 2587
f 2626 2342 2625
f 12619 12766 11611
f 8423 3011 3299
f 7010 7726 7009
f 5665 7482 4688
f 10795 7503 7500
f 12217 10236 12069
f 8457 3025 3319
f 7855 4671 7473
f 11946 8573 10690
f 12477 10694 12370
f 7128 2922 7127
f 12611 5638 4640
f 8508 8520 8516
f 10029 10399 10556
f 12217 12069 9827
f 4877 6694 6692
f 5611 4680 10517
f 11884 11007 11132
f 3865 5185 5187
f 10663 11974 8584
f 6367 8074 3200
f 9946 9777 9489
f 11693 11171 12661
f 1810 2639 1540
f 6782 7755 7044
f 12849 12713 11678
f 11633 1967 2235
f 75 631 5099
f 10921 11204 11738
f 6277 4991 6809
f 11204 11218 11738
f 8007 5755 6390
f 13204 11482 13026
f 13144 13495 13190
f 7564 9259 6851
f 2763 522 2491
f 8563 11595 12649
f 4907 6997 6725
f 7623 7659 6915
f 8584 11974 11623
f 65 330 2077
f 2447 2727 2453
f 1501 330 65
f 12097 9851 12258
f 1 12406 12515
f 13401 12961 13400
f 12985 11449 10221
f 279 846 278
f 7639 8734 6935
f 9586 6636 12294
f 3741 3433 4339
f 10823 10044 10817
f 186 1643 461
f 3550 4454 4453
f 3111 6026 5751
f 8562 11599 11955
f 3231 2954 3239
f 6036 11701 8016
f 10294 9984 10028
f 10630 8596 11587
f 5084 5360 5359
f 4310 3416 4328
f 12216 13467 13026
f 5461 1321 8801
f 10487 10389 10390
f 4771 9018 6671
f 6143 3234 5862
f 10770 10553 10007
f 10304 10517 10539
f 3315 6488 6222
f 11917 10687 12528
f 9975 10489 10836
f 4380 3473 3485
f 7381 1993 8524
f 2658 3545 4446
f 12789 12540 1654
f 10630 11941 8596
f 6973 6967 7690
f 13300 11173 11297
f 2679 1858 2391
f 12363 8605 12604
f 4124 3824 5417
f 7853 11974 10848
f 4113 3810 5435
f 11941 11957 8596
f 7896 7449 7439
f 1383 4522 3617
f 5247 1392 7518
f 9981 5660 10501
f 1727 566 2814
f 7431 4629 7418
f 41 1772 632
f 9135 9698 9127
f 7620 4816 6662
f 8909 8916 9484
f 5814 2892 6111
f 9981 7903 5660
f 11569 12385 8604
f 11474 12153 13230
f 11888 11367 12928
f 11651 5726 7543
f 9978 7853 10848
f 5548 5262 5263
f 11819 11303 11331
f 10024 10840 10058
f 13487 13214 11512
f 8801 9661 9368
f 13447 13022 13174
f 11294 13345 11226
f 7417 4624 10806
f 9544 6602 9620
f 9374 8794 9663
f 13416 13193 11473
f 12719 12534 13
f 5076 3806 4366
f 4182 4474 4475
f 12210 12066 10174
f 777 202 5212
f 10303 10070 10839
f 5076 4366 937
f 124 2094 1826
f 7051 6783 4965
f 11243 11125 8138
f 4798 6646 5793
f 4624 5693 10806
f 8555 10674 11606
f 4174 4168 3874
f 12603 8552 11618
f 5046 4094 3780
f 12499 12787 12667
f 852 3384 3099
f 4068 3784 4389
f 12499 12667 12416
f 4929 4931 6749
f 13151 13241 11422
f 6740 7724 4919
f 3400 1278 887
f 7423 10853 7953
f 11463 12139 10222
f 4088 5104 641
f 6410 8379 8116
f 8905 9480 9766
f 5772 6388 8050
f 11226 11744 11112
f 10117 10895 10110
f 10632 12418 8555
f 10316 10523 3798
f 8516 3077 5996
f 11131 11251 11368
f 11415 13035 13210
f 6496 8190 7297
f 13315 12881 12883
f 7138 6377 8680
f 9446 7769 8880
f 830 256 269
f 13475 13210 13035
f 4306 914 4305
f 11312 11837 11828
f 10190 9914 12156
f 7423 4618 10853
f 8562 10657 12383
f 5495 5205 5488
f 3003 3284 3002
f 3779 3504 4427
f 2563 1468 1740
f 13014 11454 13069
f 5026 6843 6842
f 4331 3779 4427
f 6450 6459 8153
f 9434 9722 9715
f 6888 6622 4875
f 9650 6706 9074
f 4618 7457 10799
f 9358 9645 6970
f 12079 4780 12261
f 13323 13348 11351
f 11572 4652 12628
f 10468 4618 10799
f 6104 3381 3379
f 13417 13001 13194
f 1084 4516 4514
f 10015 10063 10850
f 11275 11900 11274
f 13145 12122 12286
f 4307 3809 3763
f 4307 3763 3465
f 6605 4875 6960
f 7915 10839 10070
f 9513 9217 9799
f 7421 10772 4704
f 11172 11218 11730
f 3930 4234 5536
f 7457 7929 7484
f 11700 11300 11173
f 4589 3683 2533
f 10772 10520 4704
f 9593 8342 8062
f 8157 8408 7263
f 8660 7665 9266
f 7457 7900 10799
f 13288 11826 12870
f 4374 3522 962
f 8388 7239 8114
f 13315 13319 12881
f 11808 13083 11513
f 12272 12126 12268
f 3401 4408 4311
f 7290 7297 8438
f 7619 12118 4830
f 431 703 1586
f 11293 11854 13039
f 11293 13039 11854
f 11048 11316 11193
f 5592 5591 5310
f 13105 9781 9943
f 11696 10951 10958
f 12056 7572 6861
f 13418 13009 9872
f 9217 9506 9214
f 2399 2672 1850
f 1755 1474 2577
f 8282 8052 8328
f 6780 4959 7040
f 11844 7145 11342
f 8391 8124 8380
f 9977 10763 10836
f 1710 831 1706
f 4962 7758 7757
f 10485 10359 10492
f 917 3444 1225
f 9265 8714 6905
f 2249 11376 11261
f 5051 10833 5392
f 6638 4850 6653
f 982 4411 4410
f 9325 7676 7189
f 8082 8357 6384
f 12485 12479 12737
f 9794 5016 6835
f 2588 2327 4365
f 9939 11257 11258
f 11323 11857 7182
f 13105 13104 11536
f 11703 11711 11189
f 6869 6960 6959
f 11811 11854 11293
f 3681 3670 3970
f 2788 12673 4566
f 11474 9881 10224
f 4480 1331 3565
f 5716 4733 5725
f 9337 9635 9065
f 1259 1258 966
f 11629 8610 1894
f 11011 12928 11367
f 5043 9994 5346
f 1308 4449 1011
f 4015 10396 10512
f 837 1716 557
f 5045 5390 3788
f 5043 5346 5406
f 3655 4598 1130
f 10593 4268 10880
f 10379 10532 10071
f 6064 6103 5786
f 3425 3729 5424
f 8562 11955 10657
f 9572 8991 4793
f 5461 8801 7707
f 7030 7045 7752
f 531 543 1695
f 1459 292 301
f 3700 4007 4056
f 7290 7293 8176
f 4093 4387 3502
f 10167 12294 6636
f 10148 9892 12287
f 8549 5597 4675
f 2538 2798 3672
f 10471 12778 12496
f 10900 10608 10440
f 5054 4112 4111
f 9586 12294 9882
f 12186 12340 10421
f 6294 6009 3092
f 4086 1517 354
f 6251 6532 5963
f 6885 9287 6899
f 13326 11737 12313
f 5594 4645 7515
f 74 5116 644
f 12231 12070 12226
f 8525 8524 3101
f 712 144 1590
f 8972 4817 8710
f 11413 10186 13023
f 12224 12098 13455
f 5484 3885 5205
f 10740 10738 12019
f 1469 621 60
f 18 5122 575
f 13008 13232 11494
f 11943 10666 10661
f 3006 6218 3303
f 5658 7914 8584
f 12753 12526 12538
f 7185 8329 8777
f 11326 8336 6333
f 7775 3045 7046
f 73 5396 3792
f 11903 8541 11386
f 12919 11879 10997
f 7115 7113 7832
f 10169 9848 13010
f 736 444 1606
f 1561 392 383
f 10766 10469 10051
f 13064 11505 9903
f 12504 10654 11971
f 7271 6453 8416
f 7021 4933 7737
f 6296 1707 548
f 9207 9502 9210
f 11812 11058 11345
f 3952 4245 4991
f 2163 1900 178
f 1174 1997 3451
f 4286 3990 10604
f 5183 5464 4160
f 9396 1342 8833
f 9527 10288 9965
f 13061 13492 13341
f 3719 3469 4019
f 4448 1014 5169
f 12727 11942 10634
f 4019 3469 4357
f 2910 5846 3212
f 12649 8597 12414
f 1246 2054 1787
f 1629 2708 188
f 1150 1149 3663
f 9597 6367 9017
f 11914 10646 11932
f 12720 11914 11932
f 12172 11009 12336
f 1912 1901 2722
f 8224 3346 6254
f 11088 11218 11204
f 4476 4470 3561
f 2187 2740 1912
f 3397 5690 4638
f 12273 10216 12155
f 720 157 3251
f 5714 3645 1125
f 2377 392 1561
f 6172 3868 5904
f 1664 500 1663
f 2069 2082 2357
f 5499 1056 1351
f 13429 12292 12126
f 12973 13242 12993
f 5781 6086 6100
f 6376 8065 8337
f 3870 4166 5187
f 8824 8832 9406
f 3715 10345 12481
f 12975 11494 13022
f 4067 649 1497
f 10315 10843 10076
f 6028 10943 13324
f 11308 11837 11236
f 1462 365 1485
f 9993 9989 10859
f 11104 11878 6456
f 7866 5687 1184
f 11603 11608 8593
f 8459 8852 9425
f 7865 5637 10065
f 7560 10899 10441
f 12975 11463 13073
f 665 112 1528
f 11039 11037 12950
f 13413 12227 12271
f 11571 8558 12419
f 2691 2698 2412
f 3163 6080 2889
f 4533 3928 4226
f 175 742 735
f 12220 12078 12244
f 6655 9064 9603
f 9327 4420 3489
f 4765 6631 7604
f 3683 3680 2533
f 889 1206 902
f 6404 9065 8095
f 4399 964 1273
f 535 534 1698
f 7827 5017 7824
f 11201 13334 11353
f 1112 1398 1104
f 12219 12112 12113
f 8677 8309 8720
f 265 1717 6008
f 3763 3809 4110
f 5265 4246 4234
f 4332 2586 2343
f 10772 10373 10520
f 2023 1814 2296
f 3354 3353 5980
f 12186 10421 11023
f 4841 7645 2880
f 5244 5526 5522
f 7852 5606 7406
f 4295 4293 3996
f 9175 8887 9460
f 13419 12249 12140
f 9766 9480 9935
f 8323 8054 11342
f 8004 8278 6313
f 7084 8899 9476
f 3660 3659 5706
f 5524 5518 5233
f 6364 8087 7203
f 4054 4345 5071
f 5245 1101 7517
f 2939 7212 8363
f 5618 7888 12400
f 5604 4681 7464
f 5857 8091 7211
f 2034 1793 2058
f 985 978 1271
f 4623 10570 5637
f 3434 3763 4358
f 8105 7232 6419
f 425 2397 2671
f 2829 6867 3130
f 7133 8309 8080
f 6382 7205 2928
f 12229 12235 12069
f 8721 9608 9055
f 8277 3135 3116
f 3296 7281 8428
f 5356 3773 5078
f 9809 12129 13190
f 8690 1197 892
f 5172 1304 4456
f 6444 2397 425
f 11941 11966 11935
f 692 5446 142
f 11297 11355 11871
f 643 1806 662
f 7133 9300 8720
f 10315 3718 10483
f 5443 131 3849
f 7967 1415 1124
f 4671 5652 4670
f 10662 12516 12412
f 9982 10788 10689
f 11463 10222 13073
f 3488 3511 3512
f 9191 8905 9766
f 5522 3912 3918
f 10632 8555 11570
f 5308 1158 4293
f 5975 6254 3346
f 12395 12655 12412
f 12972 11447 13034
f 833 1973 2244
f 12983 11426 9873
f 11218 11122 10994
f 12488 12763 12751
f 5319 3806 5076
f 11820 11344 11330
f 8166 6472 6463
f 4806 6635 6678
f 10788 11952 10689
f 6875 5117 6624
f 4024 5076 4328
f 7424 7913 10785
f 10310 10858 10825
f 5267 4242 3960
f 9196 9461 9767
f 12099 10991 13205
f 7117 7114 7831
f 3405 4411 1276
f 1478 1749 2568
f 781 214 5495
f 12856 12897 13345
f 5064 1232 5372
f 10321 10402 10477
f 10486 10825 10045
f 8045 6356 8071
f 6508 9699 8203
f 2528 8616 2248
f 5039 5351 1205
f 3402 3399 3435
f 7747 4943 7027
f 12024 10735 11656
f 9824 12245 12246
f 11917 10670 10687
f 2707 2428 2154
f 8739 9331 7636
f 49 667 377
f 6882 7629 6614
f 11831 10178 11310
f 13283 13542 13388
f 13283 13388 13542
f 9833 10185 10244
f 10185 9920 10244
f 12049 12237 13207
f 12460 12824 12704
f 6495 8189 8437
f 3511 1289 995
f 3390 8538 3107
f 5299 4279 1150
f 5554 5544 3938
f 10635 10833 11976
f 7431 10009 10785
f 13199 13227 13507
f 1063 1075 1372
f 5242 1375 5518
f 320 2020 610
f 4986 12171 6802
f 4633 5696 10359
f 10492 10359 5696
f 7861 7508 4712
f 10774 10031 4684
f 13166 12974 13479
f 5067 5341 5108
f 9107 8814 9102
f 13166 13444 11478
f 7817 9209 5010
f 555 2799 270
f 12229 12143 12235
f 9590 10223 9900
f 8585 10664 12507
f 6064 5786 6648
f 1088 1941 806
f 9024 10223 9590
f 5237 4214 4212
f 3584 8833 1342
f 4049 3747 3743
f 4929 9680 9683
f 6927 6926 7641
f 9726 8861 9427
f 6690 4875 4874
f 13199 13507 12313
f 7676 4884 7189
f 1740 651 93
f 15 69 614
f 6022 6055 5823
f 4763 8068 5753
f 12683 12432 2238
f 1003 1301 1014
f 3308 5934 6214
f 10010 10826 10858
f 2111 2251 1980
f 2839 3144 3138
f 3402 4359 1241
f 9640 9061 6398
f 10168 11505 9846
f 13455 12127 12305
f 4956 4947 6774
f 8669 9249 13080
f 6655 6095 4838
f 11559 9967 13128
f 2686 1869 7249
f 11432 11419 13038
f 608 40 65
f 10470 5609 4709
f 11298 11310 11873
f 10646 10858 11932
f 10646 11932 10858
f 11406 13083 13082
f 3767 5426 3816
f 8658 9259 9292
f 2 3 10
f 3656 4564 3654
f 12195 12351 13540
f 9241 8736 9019
f 5540 4237 3932
f 10493 10817 10522
f 10207 9898 9899
f 9241 9019 9589
f 12371 11601 8554
f 5035 5061 978
f 247 821 2223
f 12573 12822 10724
f 9694 9405 8829
f 11395 11385 7387
f 1756 80 607
f 11922 10640 10694
f 11181 11295 11082
f 9825 10181 13055
f 1178 1220 908
f 1679 1720 12584
f 12750 12528 12749
f 1909 2730 2177
f 6030 5785 5795
f 11461 10244 13072
f 12070 12106 12226
f 10933 13313 12888
f 10764 9996 7870
f 10760 4648 4717
f 11432 11473 13030
f 9322 9016 8741
f 12466 12504 12724
f 4018 3754 4320
f 11432 13038 11473
f 9544 6671 9018
f 2366 2636 1550
f 8981 6347 7160
f 9980 10823 10817
f 9522 9226 9803
f 6134 6393 5850
f 11848 11357 11482
f 4556 3638 4723
f 6199 5912 5920
f 8898 7078 7794
f 9149 7756 4961
f 11922 12512 10640
f 1811 2619 1818
f 11830 11326 11842
f 8123 8379 3236
f 11578 11607 12665
f 8041 8331 8332
f 5216 3895 5490
f 4621 5611 5637
f 10741 8637 12018
f 12483 10632 11948
f 5926 3307 6214
f 12720 11932 12525
f 7122 11841 11318
f 7841 7470 8564
f 7636 9064 4831
f 4621 4680 5611
f 12231 12144 11697
f 6449 8141 8149
f 12706 8647 12460
f 4621 5672 4680
f 13364 13360 11761
f 11049 11085 11203
f 9233 9618 8732
f 2 12 5
f 2 10 12
f 10795 10044 10823
f 4310 4328 3399
f 9839 10237 11119
f 8275 6106 8005
f 10936 13332 10930
f 13026 11482 13044
f 12722 12513 10513
f 9225 5026 9801
f 3293 8424 3012
f 11385 13389 12947
f 6269 3356 7080
f 12232 13246 13510
f 5 12 8
f 1094 4526 1093
f 9948 11537 13103
f 8670 8984 9613
f 9839 13081 10237
f 8125 8387 8381
f 1169 3441 3499
f 10151 9827 12235
f 11420 10181 13026
f 8 12515 12762
f 1636 2713 4477
f 2176 1983 2521
f 1676 1666 506
f 12207 13450 12045
f 7867 4663 5650
f 9981 10852 10017
f 573 1464 1747
f 3435 4366 937
f 3435 937 4366
f 4296 3438 942
f 9544 8961 4856
f 12351 9957 13540
f 9544 4856 6602
f 11935 11966 10685
f 11009 5995 6286
f 7579 6692 4813
f 7826 7825 7107
f 9298 9064 8781
f 8373 11360 11874
f 874 4339 4408
f 874 4408 1239
f 29 584 622
f 8368 6131 3216
f 11941 11935 10664
f 10091 10888 11999
f 8559 12395 12420
f 3435 3434 4358
f 9836 13005 12311
f 12855 12878 13336
f 10486 3821 3822
f 12875 12898 13324
f 10600 10426 10589
f 9981 10501 10852
f 12089 4860 12256
f 12591 12833 12588
f 12855 13342 12878
f 8368 3216 8366
f 3417 3442 1228
f 874 1239 4406
f 5612 5660 4669
f 8935 8927 9505
f 7548 4751 7976
f 1533 675 113
f 8870 7047 9436
f 7863 7953 7416
f 1455 352 2581
f 10297 10521 10552
f 652 1545 2638
f 908 8732 9308
f 11941 10664 8585
f 5928 8165 6470
f 12975 13073 11504
f 2203 8862 9144
f 7257 2399 2121
f 11417 11455 13000
f 13443 13235 12274
f 10432 10426 10107
f 1811 2637 2360
f 10463 10028 10030
f 12229 10236 9891
f 8907 4981 9172
f 5927 5918 6468
f 1217 3439 5371
f 12360 7845 2277
f 4994 13521 12174
f 6856 7679 13193
f 5622 7467 7925
f 4796 6639 6609
f 9982 10499 10788
f 10499 10493 10362
f 2410 2687 2422
f 2442 2722 1901
f 9732 12325 9923
f 5613 7929 4618
f 1648 758 192
f 5450 3852 2118
f 2334 2620 2351
f 1387 3936 4539
f 5596 7483 5663
f 10942 11871 11355
f 12921 5931 3004
f 2872 5794 3162
f 4641 9909 13075
f 5599 12362 12606
f 3741 4339 4042
f 796 1664 795
f 5387 2049 78
f 5865 6406 8096
f 11169 13339 11710
f 13035 11489 11493
f 4918 7001 7716
f 6023 5755 5789
f 13035 13055 11489
f 11063 11853 11297
f 1119 1414 1409
f 8462 9418 7326
f 12076 12279 12280
f 13550 13548 13286
f 6027 8013 11687
f 8555 11606 8585
f 2958 5869 2947
f 10593 3974 4268
f 12893 12912 12907
f 6851 9259 9279
f 3634 4230 4537
f 2369 2648 2638
f 13238 13235 13502
f 884 5051 5392
f 10332 10495 10501
f 12962 11045 11801
f 7996 1446 1155
f 7488 5681 7930
f 10927 13345 12897
f 7272 8942 9515
f 10501 10495 10395
f 3361 5971 6264
f 12860 11838 13205
f 4314 3504 3475
f 4026 3763 3808
f 5038 5381 986
f 638 67 624
f 10520 10373 10538
f 1858 2112 2391
f 11418 13498 13050
f 11168 11095 11177
f 5712 5721 10425
f 3261 152 3259
f 6558 8248 6557
f 13253 12321 13513
f 11570 8555 8585
f 563 4287 1722
f 10632 11570 11948
f 2535 1982 2805
f 8556 12395 12413
f 10110 10430 10608
f 7745 7040 7753
f 8230 5970 6266
f 13035 11493 13501
f 1312 1011 4454
f 12850 10914 2871
f 11822 10963 11082
f 9751 9741 9463
f 4619 12622 12610
f 1733 2079 2017
f 13172 13501 11493
f 5797 10978 2917
f 181 458 2439
f 10004 10373 10772
f 2588 1793 2314
f 13232 12305 12141
f 12854 11715 10967
f 10455 10623 10624
f 5392 5125 4100
f 4612 7940 5649
f 2018 1744 2566
f 7855 7410 10064
f 11715 13327 11321
f 5192 5190 4164
f 11703 11757 10970
f 7860 8602 5685
f 10927 13328 12908
f 1632 748 1631
f 7764 6772 7047
f 10927 12908 11744
f 11807 11098 11301
f 9448 9735 9174
f 5594 4660 4645
f 13172 11474 13501
f 11032 12579 12453
f 4553 3637 1401
f 4325 3441 900
f 7900 7484 7913
f 1456 4002 4391
f 7424 7900 7913
f 6745 9682 9111
f 10814 7504 7955
f 12776 11973 674
f 6328 8989 4798
f 2274 2574 1797
f 6847 3157 3146
f 8563 12536 10650
f 11066 11850 11069
f 10471 12721 10561
f 8665 9310 8678
f 9789 9219 5023
f 4994 12174 6001
f 12493 10670 12784
f 6521 7328 7330
f 10185 9323 8753
f 12925 13512 13250
f 4303 3404 925
f 8079 6392 8088
f 2275 1468 2563
f 11638 2236 1964
f 13321 11755 11756
f 5471 445 3866
f 10017 10852 10554
f 8984 9865 10214
f 5079 3811 5423
f 9482 8895 9748
f 12574 12942 11028
f 13372 13371 12932
f 8902 11523 13093
f 2797 2526 552
f 11320 11868 11214
f 12127 13237 12143
f 3192 2921 3191
f 4395 3510 2619
f 10316 10348 10523
f 3133 2855 6066
f 6648 4833 7628
f 6447 1860 2401
f 1762 2046 992
f 2470 4498 3588
f 609 71 1484
f 6531 8219 6256
f 8804 8390 9369
f 3120 2830 3124
f 13435 10779 9993
f 1895 2457 2170
f 1492 640 1513
f 145 5447 2117
f 8314 8058 6366
f 8423 8419 7270
f 7435 5698 7957
f 1246 1787 962
f 8703 8718 9297
f 8876 8880 9459
f 10774 4684 7413
f 6355 9038 6368
f 8675 7654 7647
f 13379 8520 13104
f 11773 13369 12928
f 10504 10367 10027
f 4636 12405 12642
f 12870 11102 10954
f 2425 3560 2144
f 3370 8513 820
f 3979 5294 5573
f 7147 602 2846
f 13148 13455 12127
f 13148 12127 13455
f 4371 991 4426
f 6052 6103 5787
f 1836 1842 2106
f 5306 4284 5586
f 12120 12301 12315
f 6314 8023 5767
f 9741 9165 8878
f 4481 4490 3581
f 12961 11909 11398
f 5215 5492 4196
f 13152 12871 12076
f 6857 7609 4805
f 9964 9961 10286
f 9319 7174 8743
f 13170 13228 13428
f 9246 9538 8960
f 12099 11723 10991
f 1954 2772 2507
f 8199 6499 7314
f 766 2725 1641
f 719 166 5465
f 8725 8762 9318
f 9669 9383 1021
f 2328 2619 2076
f 12798 11996 827
f 7254 6451 8410
f 8728 9348 9349
f 1309 3543 4451
f 2570 2293 324
f 7260 7265 8403
f 4546 3628 1111
f 3068 5991 3357
f 6872 4878 6615
f 7895 5627 7459
f 4326 4048 3506
f 663 1536 1552
f 3113 5752 2852
f 1475 627 626
f 3480 4368 940
f 8292 7203 8351
f 12943 11026 11027
f 1510 4416 4114
f 4557 3645 4553
f 4852 9034 9624
f 7776 7788 7067
f 7853 11623 11974
f 870 5064 4035
f 1632 2710 748
f 8974 9604 8731
f 6832 7830 7103
f 7911 7511 7944
f 5391 85 75
f 466 2719 1628
f 12465 12848 12711
f 9290 1218 8699
f 2580 1757 2065
f 4193 5481 3887
f 2688 12426 2416
f 4750 5732 7536
f 10151 12235 12074
f 13182 13482 13181
f 2494 2216 1948
f 13537 13536 13541
f 9079 4893 6715
f 1873 2136 2142
f 9415 9409 8845
f 3431 966 1258
f 5760 6049 374
f 5831 2923 2924
f 3440 4388 1283
f 6198 5909 6464
f 3749 5428 3506
f 13138 12238 13444
f 9497 8923 9786
f 5726 4743 5725
f 13135 13142 13454
f 5656 3433 10536
f 4593 4761 3686
f 3883 4189 5202
f 6108 3210 5830
f 13211 12316 10850
f 13437 12986 12092
f 10430 10107 10426
f 8786 9355 8783
f 2302 361 3790
f 6380 8342 7193
f 9240 8959 9550
f 5318 5107 5122
f 6495 8437 7296
f 12748 12519 12533
f 2883 7681 3163
f 8697 7160 8291
f 7863 7416 5613
f 132 124 686
f 13171 13487 11455
f 12163 7751 13251
f 6581 7567 4878
f 5047 3203 6880
f 10411 10409 10576
f 10502 5632 5686
f 5173 4153 148
f 1478 2568 2323
f 2875 7197 2873
f 4208 3906 4206
f 7185 6362 8343
f 3296 3019 3305
f 9001 9049 8762
f 4891 9657 6714
f 1339 5475 4482
f 467 1620 740
f 5733 4748 7974
f 9250 9546 9567
f 8128 6427 8382
f 3121 13352 8292
f 12976 11416 11817
f 8818 7716 9386
f 7859 7501 4713
f 813 253 1694
f 13165 13442 7575
f 7134 6333 8336
f 5583 4286 10604
f 5383 646 89
f 9433 8851 9146
f 6870 13346 3140
f 12599 12463 8654
f 5090 5432 5151
f 7969 1416 5711
f 12642 12405 12665
f 1293 1289 4439
f 3314 5937 6219
f 4281 4262 5283
f 2514 2782 2233
f 2366 385 2647
f 121 10695 11981
f 534 5987 3083
f 258 269 1983
f 418 696 1578
f 5760 374 1532
f 933 962 3522
f 5896 6450 8153
f 416 135 2952
f 7255 2127 2976
f 2145 2694 2421
f 12072 9992 10336
f 2594 2352 2315
f 4927 9395 9678
f 13429 13421 13149
f 5378 10383 3492
f 242 2221 527
f 4634 880 7429
f 1186 4405 3447
f 8143 8147 6453
f 1530 673 108
f 10308 10513 10474
f 4309 8970 9552
f 10000 10798 10828
f 310 1500 3743
f 2375 1845 2662
f 7059 7762 7053
f 1376 1368 3598
f 5094 10857 10039
f 8496 8491 7347
f 7030 9418 8449
f 2231 538 251
f 6987 4904 7706
f 12232 12313 13507
f 9163 9735 4966
f 9727 10246 8859
f 10929 13328 10927
f 4302 3410 3523
f 9954 13113 13533
f 6334 8080 8067
f 6772 4952 6765
f 7874 7429 5616
f 8937 7826 7107
f 5030 5370 5362
f 9955 10279 9958
f 3684 1425 3673
f 9268 8303 8083
f 13324 2883 3175
f 6723 1592 4158
f 7723 6728 7004
f 3039 7741 4941
f 7219 7217 2932
f 3262 155 717
f 328 66 92
f 9868 12277 10231
f 6664 6087 7655
f 11527 12170 10252
f 2975 3265 2985
f 11528 11527 10252
f 10601 10101 10884
f 10928 11843 11079
f 9833 12998 9323
f 9860 11111 11223
f 2157 2168 188
f 9261 7165 8337
f 5061 10052 10794
f 3898 217 501
f 3950 4255 3960
f 1736 1735 2627
f 8170 6198 6207
f 10538 10072 10402
f 1662 1731 570
f 2048 1773 1812
f 10003 10342 4629
f 11097 11861 11353
f 5965 5976 6257
f 9989 10373 10043
f 5044 930 10783
f 1673 790 505
f 4008 4100 5125
f 12683 12685 12432
f 4304 3446 3394
f 11880 8421 11363
f 1292 4432 993
f 8272 6579 6577
f 8873 8864 7051
f 4089 3799 5148
f 13428 13228 12298
f 248 251 817
f 7581 7587 6868
f 4479 4185 4478
f 854 5305 1730
f 11310 9896 11240
f 11002 5947 11764
f 201 1641 482
f 4644 7435 7935
f 4644 7935 7435
f 7855 10064 5652
f 1959 2512 2780
f 10004 10355 10043
f 7148 8302 8995
f 6557 7367 11887
f 10531 10369 3772
f 13150 13478 13492
f 4661 4687 10527
f 3569 2431 4469
f 9988 10362 10522
f 3723 4035 5064
f 12611 4640 7494
f 11071 11325 11828
f 10280 9959 9798
f 6845 9798 9959
f 11880 11363 11364
f 1610 2414 2138
f 10492 10863 10355
f 1401 7517 1101
f 1925 1909 2177
f 4016 10502 3728
f 11825 11824 11087
f 12979 11419 10192
f 2876 2918 2922
f 4701 10400 10564
f 10480 10838 10348
f 3200 6122 5849
f 10951 12883 10958
f 9089 8792 9085
f 312 636 12491
f 10364 10568 10845
f 9833 10244 12998
f 10416 10423 10872
f 10522 10817 10555
f 9004 9574 9634
f 2601 2315 2352
f 10492 10019 10863
f 359 3830 5397
f 13144 13021 11457
f 11932 10858 10565
f 9240 8706 9251
f 5576 5575 3976
f 6436 8388 8122
f 1716 556 1714
f 13164 13462 13423
f 2262 2545 1992
f 9458 7781 7069
f 12726 10664 11934
f 12039 12841 12036
f 4673 4393 3492
f 6203 6195 5916
f 4910 6725 6997
f 4342 4400 4340
f 2192 7318 8851
f 3497 2338 3811
f 7862 4705 4655
f 13018 9590 9900
f 248 3083 3370
f 13186 13461 13197
f 1051 1132 1424
f 5637 10570 10394
f 7185 8759 6362
f 11270 11030 11787
f 8930 9503 1423
f 10181 10196 11489
f 10645 12525 11928
f 8845 9409 8836
f 1712 1711 834
f 10920 11749 11727
f 8892 9464 9465
f 1478 2323 2600
f 11293 11187 13039
f 10017 5628 10044
f 1438 3663 3977
f 8573 7942 10067
f 13160 13504 12106
f 11593 12420 8595
f 12270 12106 13504
f 17 341 588
f 7428 8567 7864
f 11926 11952 12474
f 3643 1411 4560
f 10635 10054 10833
f 5770 6117 3148
f 13018 9900 11458
f 12626 11620 11612
f 12988 13020 11500
f 13188 13174 12254
f 12157 12317 12319
f 11426 10199 13027
f 11926 12474 12725
f 6293 3090 3368
f 7573 6894 7598
f 10487 10014 10840
f 281 1991 2260
f 12728 11920 12529
f 4886 6697 6965
f 11427 11119 11818
f 10436 10102 10103
f 2100 11982 10697
f 11558 11556 13126
f 8488 3045 7775
f 1596 6176 5906
f 1192 5428 3749
f 2609 2346 2608
f 11013 11773 11011
f 8036 6366 6086
f 2691 1871 2134
f 13425 12074 12235
f 3930 3617 4530
f 6316 2837 7135
f 8222 8218 6524
f 4310 963 5655
f 12231 13157 12070
f 11384 13387 11663
f 12473 10685 12525
f 11682 10962 11725
f 15 614 2012
f 6354 6361 8046
f 9332 6940 3189
f 12066 11719 10174
f 9633 4876 6693
f 9256 9019 8735
f 1988 1987 2537
f 3401 1239 4408
f 3123 6062 2864
f 10022 7947 10681
f 7382 8941 9221
f 8666 7584 13198
f 3931 5257 5532
f 9839 12995 13081
f 1624 450 742
f 11420 10194 10181
f 12614 11572 12628
f 11441 10181 10194
f 9482 9748 9457
f 12476 10668 10656
f 1773 1769 1812
f 291 29 103
f 12877 11350 13352
f 1459 4009 292
f 11824 11122 11087
f 6413 11123 8115
f 10640 10638 12529
f 11436 11457 13021
f 12720 10685 11966
f 8280 7182 7138
f 2588 2314 2327
f 12231 10980 12884
f 4842 2895 5813
f 5247 5520 5236
f 13158 10151 12074
f 782 5212 5495
f 9244 9242 9590
f 10773 10503 10059
f 3038 3328 7745
f 5896 429 6450
f 5407 1275 5120
f 12385 12639 12403
f 9581 9327 9007
f 2934 3205 5852
f 5055 5423 3811
f 12614 11582 8566
f 12380 12648 8571
f 927 950 967
f 951 1250 1799
f 9540 8973 8736
f 1795 2361 2641
f 12478 10638 12512
f 934 3505 1270
f 1592 3858 4158
f 5614 5699 7912
f 1993 11661 12021
f 4310 3399 1241
f 12660 12779 12418
f 6808 4990 6807
f 2684 2692 2415
f 9541 9009 8752
f 11079 13336 11726
f 12938 11027 11026
f 10641 12782 11977
f 12376 8566 12653
f 1517 104 368
f 6319 2886 5762
f 13006 9881 11474
f 6157 3238 8119
f 13013 11458 9900
f 3501 987 4412
f 12220 12297 12080
f 10583 10426 10098
f 10135 9856 9889
f 13151 11422 12081
f 9317 7171 2903
f 1336 5203 1047
f 11315 11845 11212
f 9307 8778 8771
f 10519 4691 10361
f 3407 1231 872
f 12867 13396 13395
f 13375 11780 3374
f 3402 1241 3399
f 5300 3988 5581
f 9893 10228 13073
f 4533 4226 3626
f 2793 12678 6553
f 4146 2387 3852
f 4611 10364 10526
f 4818 7618 4829
f 1649 1908 2736
f 3659 7963 5707
f 12233 12274 13509
f 2268 2574 2274
f 9258 8737 9020
f 13447 12109 12139
f 7128 7127 2907
f 9830 13048 12242
f 13299 11726 11758
f 10495 13502 12262
f 4944 3324 7748
f 9860 11341 13054
f 262 833 260
f 7868 5616 7444
f 6355 6368 9031
f 12482 12528 12775
f 13036 9899 13049
f 9831 11489 10196
f 4549 1106 4543
f 6195 7267 3273
f 3118 2917 12861
f 12242 13231 12134
f 13029 9893 9895
f 11991 12544 10705
f 1778 2316 2038
f 4578 9787 9211
f 6440 8394 6426
f 3718 5429 3815
f 1495 1534 658
f 1179 3435 4358
f 1063 1372 1362
f 849 277 271
f 4628 7929 5681
f 9728 9154 9440
f 12729 8585 12404
f 5756 2838 3184
f 8387 8113 8381
f 74 5380 650
f 12729 11948 8585
f 12452 12583 10736
f 4628 5641 7913
f 5754 2884 6052
f 10492 10355 10359
f 10492 10359 10355
f 5367 3822 1227
f 11521 10255 10254
f 3261 2969 2982
f 10154 12995 11496
f 12979 9885 13231
f 13415 12302 12055
f 1404 1968 1127
f 12253 13029 9895
f 7398 7936 7937
f 8966 8748 10211
f 8569 12408 12632
f 10475 10504 12513
f 13428 12298 13159
f 8199 8188 6499
f 13161 13471 12253
f 4296 942 5106
f 10807 10344 10511
f 9567 9888 9887
f 11063 11842 11853
f 11064 11853 11842
f 12465 12599 8653
f 860 4325 1170
f 6994 5457 7711
f 2126 7261 1864
f 9080 4890 9361
f 9304 9063 8749
f 10151 9896 9827
f 12862 10929 10927
f 10778 10373 9989
f 3065 3063 5976
f 12237 6631 13506
f 7361 8510 8511
f 5321 4026 3808
f 6557 8248 7367
f 5321 5035 4026
f 9686 9684 9116
f 6555 7364 3082
f 11326 6333 11225
f 8559 11593 12395
f 11453 12994 9838
f 13153 12274 12114
f 13154 13449 13070
f 9988 10499 10362
f 13269 11781 13535
f 7574 6865 6871
f 9301 9604 8710
f 13000 13487 11512
f 5040 4056 871
f 11853 11222 11355
f 5036 5321 4100
f 6335 8029 6378
f 12488 12752 11919
f 5011 6828 6829
f 8739 9314 8761
f 177 737 739
f 10486 10843 10825
f 4343 4038 4372
f 12063 9849 13006
f 2966 6152 3244
f 13155 13227 13424
f 10476 10825 10843
f 10176 13052 13486
f 5442 4150 5164
f 1461 580 28
f 4981 9169 9743
f 1691 809 522
f 5215 1660 784
f 11917 12528 12750
f 8485 8222 6524
f 12338 9776 9942
f 13439 13236 12910
f 9788 1139 9505
f 5782 2882 5781
f 11882 7363 6553
f 5093 943 10835
f 9816 13004 9258
f 6877 9313 6915
f 11569 8604 8589
f 8226 8221 6530
f 13443 12274 12233
f 8795 9366 8793
f 13299 13326 12859
f 7400 7452 7890
f 11280 11387 13392
f 2365 4431 2634
f 9419 8853 3327
f 7180 2896 3193
f 13168 13429 13441
f 227 791 1666
f 2975 154 1594
f 10813 10035 10533
f 9070 6967 9637
f 11584 11939 10692
f 2508 2787 2516
f 5840 5852 6116
f 12808 12555 10714
f 852 1726 568
f 360 1519 1527
f 7493 4708 3508
f 1867 2415 2140
f 10026 10845 10568
f 4623 10539 10570
f 7420 7930 4699
f 4369 4105 4391
f 10929 11706 11724
f 5301 3992 4286
f 1751 2036 600
f 12098 13497 12142
f 12474 12501 12745
f 3114 3187 2869
f 1888 2419 2698
f 714 1020 5174
f 10117 10110 10898
f 7181 8056 8327
f 2623 2085 1822
f 11728 10971 12907
f 9989 10043 10859
f 12815 12558 10421
f 9129 9404 9698
f 10644 13351 11978
f 2810 2820 2546
f 8678 10197 11114
f 13156 12098 12142
f 917 1225 926
f 5420 5434 3837
f 13170 13430 13228
f 6857 4810 4859
f 2755 2483 2198
f 11461 11511 13080
f 10041 5669 10374
f 8571 12648 11593
f 4612 5649 5609
f 5914 6187 6186
f 5220 1651 4200
f 8192 8441 8445
f 9995 9988 10775
f 3453 945 1243
f 5175 5170 5169
f 12101 9902 12303
f 3040 8853 7755
f 9928 13086 10253
f 5036 3712 5382
f 12472 8568 12374
f 11429 11240 13068
f 9337 8345 9635
f 9843 10238 9892
f 5957 6246 6247
f 320 2299 2020
f 11429 11078 11240
f 10509 10391 10375
f 1208 5381 1242
f 3707 319 5344
f 11302 11827 11203
f 9995 10775 10396
f 13169 13425 13162
f 8144 1863 2682
f 4068 3490 4065
f 866 3454 7923
f 10134 10453 10133
f 2307 1768 2582
f 57 1489 324
f 4629 7949 7418
f 7548 4747 5723
f 12881 12906 12883
f 12232 12131 13246
f 9987 10693 12538
f 9297 6907 6629
f 10540 12777 12530
f 6336 8064 6100
f 1119 4540 7520
f 11451 10167 8974
f 3910 4287 563
f 7862 7418 7949
f 7872 7441 1257
f 2034 8349 2314
f 8538 6014 3107
f 6744 6741 9680
f 12358 12202 11801
f 12249 9853 12140
f 4226 3929 3626
f 3170 3197 6092
f 3900 4198 498
f 9679 6463 9103
f 8688 10163 9035
f 13160 13477 13504
f 6279 5986 5990
f 2287 1814 2080
f 12461 11156 12708
f 3658 5717 7973
f 3443 4352 4393
f 13477 13245 13504
f 4615 7846 7489
f 5074 5348 903
f 5747 6034 2841
f 5834 5831 2924
f 2507 2784 2506
f 11199 11213 11240
f 1400 1098 1106
f 11549 11542 10277
f 3414 3469 4362
f 7862 7507 7446
f 11684 11694 10933
f 11963 11610 8595
f 13433 12067 13157
f 7902 10796 10019
f 12521 356 3817
f 7453 7933 10070
f 7575 6854 6595
f 7552 7977 7546
f 12224 12097 12098
f 11818 13346 11314
f 12495 10671 10676
f 12813 10715 10883
f 11159 11274 9966
f 5475 5194 4175
f 6387 7207 8354
f 11882 6553 11130
f 11423 12993 11507
f 13299 13320 12873
f 850 1989 1726
f 13018 11470 8748
f 3298 6208 8167
f 12010 10735 12013
f 6974 4897 7696
f 7428 7419 8567
f 4445 4141 5157
f 7428 7902 7419
f 3901 2465 3593
f 11359 12917 11874
f 2118 2387 2661
f 12064 12224 10228
f 11700 13349 11300
f 12064 12097 12224
f 12064 10228 9851
f 13433 13157 13179
f 904 4341 1200
f 2595 9601 4394
f 7851 12665 7485
f 8808 1311 1017
f 8557 12640 12388
f 12480 10686 12725
f 11921 12725 10686
f 1620 455 167
f 12481 12529 12786
f 13431 13446 12884
f 10481 4656 5625
f 6855 13462 7583
f 11539 13114 9950
f 4063 5099 1505
f 4311 989 1281
f 9689 6744 9120
f 4103 3818 4117
f 7702 6713 4898
f 7594 4815 5843
f 6044 3196 2898
f 5956 4941 6754
f 1599 6161 6720
f 6044 5817 3139
f 401 2368 2089
f 9541 9035 9602
f 12324 13515 12319
f 7426 7859 5614
f 4459 3547 1307
f 7441 963 1257
f 7356 8898 7794
f 7859 4713 5699
f 9317 7170 8322
f 12378 11572 12614
f 1515 639 4096
f 4729 5719 12434
f 11105 11239 10983
f 9245 8735 9570
f 6829 6827 9783
f 12394 5687 4699
f 8282 8291 7160
f 11168 11320 11214
f 6670 6102 6682
f 13096 9930 9747
f 9852 9009 9602
f 3167 6929 7655
f 1217 5066 917
f 12474 12745 12725
f 9247 9056 9611
f 7801 7084 7799
f 13438 11477 13158
f 12378 12376 12615
f 9999 10320 10027
f 1753 2585 2078
f 720 163 157
f 4354 3497 3455
f 1256 977 3503
f 5528 1382 1076
f 4644 7490 7435
f 3401 929 1231
f 4938 7736 4934
f 10155 9829 9890
f 7866 7488 7420
f 35 5415 658
f 8966 9540 8748
f 1338 1042 5195
f 13014 13069 11445
f 8966 8973 9540
f 8730 9632 9058
f 10491 10397 10554
f 10491 10554 10397
f 6821 9772 7070
f 10479 9906 4676
f 9678 8821 9105
f 350 3795 5401
f 9159 7783 8874
f 7803 4981 8907
f 6414 8103 6127
f 2807 2533 2806
f 5313 3704 3823
f 12866 13296 3118
f 4146 3532 4437
f 13435 13183 7590
f 13435 7590 13183
f 9028 8759 9588
f 419 701 1580
f 5054 4111 5345
f 12478 12746 12490
f 5314 5050 5354
f 5320 3717 3756
f 13306 11222 12903
f 8680 6377 9030
f 3340 7343 8484
f 1945 2206 2210
f 9735 6784 4966
f 3402 985 4359
f 4690 10898 10610
f 874 4121 4042
f 10158 10196 9910
f 5760 12482 10935
f 11196 11079 11726
f 10562 10398 10554
f 10157 9830 12105
f 2255 1724 2811
f 4545 4544 3625
f 9314 9588 9058
f 3948 4243 5260
f 9851 9893 10226
f 2006 53 662
f 8963 3453 8706
f 10158 9831 10196
f 394 1552 676
f 12089 12136 12233
f 12201 12357 13282
f 12089 12256 12136
f 8343 6398 7191
f 7138 7182 8331
f 13410 12888 13330
f 872 943 1227
f 13261 12175 12336
f 13335 13500 11733
f 11064 11842 11326
f 11064 11326 11842
f 8479 7337 8213
f 12475 12758 12491
f 6658 8089 9636
f 12399 12530 8593
f 10323 5651 4649
f 12063 10153 9882
f 10012 10562 10554
f 2351 1820 1821
f 8274 7118 2899
f 10913 12075 12864
f 4007 5350 3750
f 12055 13180 12267
f 13029 10226 9893
f 7613 7627 4867
f 12375 12514 12645
f 8701 6328 9582
f 4632 4658 5616
f 10934 10972 11698
f 4014 5131 4009
f 4014 4009 5131
f 16 1453 634
f 6189 3278 3268
f 13009 11439 13024
f 13429 13187 13441
f 3145 2863 2862
f 1117 1417 4547
f 5982 7349 3057
f 4632 5683 4658
f 7217 8356 8358
f 2848 8335 6103
f 7106 7823 7824
f 8484 3339 8491
f 3283 8420 8150
f 10643 12729 12491
f 13472 12282 12117
f 12269 12134 9885
f 11804 13067 11076
f 2102 129 697
f 9648 9358 6970
f 4631 4628 5681
f 13434 13159 9288
f 11816 11190 11342
f 11291 13061 13341
f 12632 12408 12647
f 13159 8679 9288
f 5896 431 429
f 11927 11625 12787
f 12412 12664 12420
f 12412 12420 12664
f 5328 10789 10052
f 4635 5641 4628
f 3761 4075 5422
f 12324 12160 13514
f 10013 5367 5093
f 13161 13183 13471
f 4180 4185 3891
f 4000 10505 10337
f 6859 6673 7654
f 13191 13509 13508
f 13302 12862 10972
f 916 1276 982
f 12877 13352 13509
f 8403 711 1862
f 5077 5412 5353
f 9594 8056 6363
f 4776 6613 6691
f 7325 8464 8208
f 11943 10661 11579
f 836 3092 1978
f 7355 6535 7351
f 3720 5076 4024
f 13411 12265 13233
f 568 2818 2822
f 11064 11224 11116
f 1662 272 842
f 11064 11116 11222
f 5321 5061 5035
f 3813 3829 3830
f 10483 4020 10378
f 3119 3164 6060
f 2829 3130 3151
f 12750 12506 11944
f 13104 8520 9493
f 10639 11944 12506
f 10142 4620 4711
f 4546 1416 1125
f 13434 13428 13159
f 13187 13046 13441
f 10012 10819 10857
f 12482 12775 10935
f 11820 11093 12874
f 3263 2976 6173
f 5774 6048 5805
f 144 1581 409
f 212 791 502
f 7437 879 5113
f 10480 4008 10838
f 4442 2383 3540
f 5850 11760 6123
f 1434 5296 1138
f 396 2364 2650
f 10457 10349 10510
f 9988 10802 10777
f 5323 5058 3776
f 10292 9967 11559
f 11796 10746 12839
f 8571 11593 11610
f 10645 12741 12497
f 9454 9452 9740
f 7136 8301 8348
f 1725 1719 565
f 12064 9851 12097
f 12851 12876 10986
f 4225 3919 4524
f 13003 11441 9865
f 8035 8300 6373
f 12967 9820 4615
f 13191 12089 13509
f 10013 10835 10076
f 5500 5221 5515
f 11891 11368 11137
f 4620 13015 7510
f 7436 7502 7877
f 7446 7941 1281
f 3100 3386 6013
f 13098 13523 13370
f 10138 9868 10231
f 12851 10962 10945
f 834 838 839
f 2286 2558 1803
f 7127 8295 2907
f 10674 11969 11957
f 4763 9595 8068
f 5488 5205 4188
f 10155 9890 10187
f 11300 11836 11341
f 12068 10167 9849
f 3408 5661 4326
f 4345 902 5071
f 11429 13068 13041
f 6658 4844 5814
f 12257 12106 12270
f 12012 11663 13387
f 10654 10679 12520
f 738 1607 1884
f 11679 13311 10968
f 11569 12639 12385
f 9007 9327 8741
f 5332 5411 4108
f 12381 2556 12615
f 8561 8580 11581
f 12814 12568 12560
f 11998 10720 10703
f 10316 5382 3712
f 9019 9018 9589
f 7899 7898 7499
f 13474 13499 13216
f 10822 10859 10043
f 8277 7123 7129
f 12330 12171 10251
f 7126 7125 6349
f 7000 9446 7772
f 12260 13497 12098
f 915 1233 5096
f 820 8513 1961
f 8530 3102 7374
f 5659 7507 7949
f 2445 2725 2164
f 2405 6452 7261
f 9294 8764 11496
f 9253 8039 8309
f 11750 10988 10995
f 3653 2531 3671
f 12490 333 1498
f 10641 12505 12782
f 7983 12687 12440
f 9574 9054 8081
f 13495 13505 13074
f 9217 9798 9218
f 4546 3957 3649
f 1978 1977 2250
f 9238 8666 9243
f 8672 9020 8737
f 3401 3475 1239
f 7801 4997 7800
f 7547 7985 5720
f 8611 12545 10700
f 10481 10341 10506
f 10822 10863 10081
f 2811 2261 1992
f 5266 5545 4239
f 12985 11483 11449
f 10959 12119 11219
f 6583 6890 4768
f 10481 5625 10341
f 7076 7811 7809
f 8433 3289 6199
f 11451 11470 13018
f 9832 10207 12295
f 11432 13030 10217
f 9261 8337 8065
f 2266 2353 1998
f 1840 2668 708
f 7430 7876 7934
f 4925 6734 4916
f 3161 2919 2888
f 4788 4853 6665
f 11199 11078 11100
f 9542 8022 4815
f 9624 9342 9353
f 8846 9423 8454
f 12728 10345 10523
f 8433 7298 6491
f 11145 11264 11146
f 7777 7064 7784
f 11636 12675 8615
f 3903 2467 3595
f 10645 11924 10655
f 10910 7999 7561
f 12629 4720 11624
f 11922 10694 12477
f 13156 12142 13237
f 2245 1970 2514
f 7637 6916 2894
f 6976 996 9357
f 8455 7301 8198
f 5634 7478 7878
f 11427 13028 11496
f 3334 6246 3041
f 11818 11119 10958
f 1658 5211 4197
f 6588 4833 4824
f 280 279 2258
f 13073 10228 11504
f 7523 11632 11986
f 11925 12786 11979
f 9257 6609 6876
f 13166 13479 13427
f 6557 11887 11139
f 1733 2017 34
f 13438 13041 11477
f 11829 12903 11116
f 2034 1758 8349
f 12731 11925 11979
f 10758 10532 10569
f 3846 4435 3530
f 288 1451 4129
f 3843 1549 386
f 2129 435 7247
f 1161 4426 3396
f 7865 7877 7502
f 12266 12264 10955
f 13301 12884 12903
f 3532 4433 3527
f 7444 12653 8566
f 8003 10907 8001
f 213 5493 208
f 6660 7673 6931
f 8652 10743 10744
f 9305 9616 8717
f 1977 1976 2794
f 12731 12478 12490
f 916 5070 597
f 2062 2064 1795
f 5099 631 1505
f 5294 7821 5573
f 8308 8324 7172
f 1995 875 1173
f 12059 10222 12245
f 12381 12653 5683
f 9956 10278 10283
f 5930 5936 6218
f 2783 2778 1701
f 10323 10780 9991
f 577 352 1518
f 12490 12746 12647
f 4297 3519 4309
f 10819 10039 10857
f 12634 12401 11602
f 12572 10717 10719
f 13538 13274 13532
f 3117 2836 5809
f 6492 8178 7294
f 10325 12262 12130
f 2732 1645 1904
f 1436 1144 4583
f 4806 9583 6635
f 4730 7976 4738
f 8101 8095 6397
f 7329 3064 6540
f 7212 2928 7205
f 2893 3200 2912
f 13183 10226 11469
f 2001 1740 93
f 13438 13425 13169
f 5209 4187 4489
f 12600 10752 12463
f 1116 4542 3630
f 12011 12001 12814
f 4271 3973 4264
f 6633 4862 6944
f 9312 8751 8733
f 10674 11957 11606
f 5266 824 244
f 7046 6246 6769
f 9289 8291 944
f 12885 11490 11858
f 3639 4558 1410
f 1475 1506 344
f 13007 13024 11439
f 12087 12306 12086
f 4917 7717 2984
f 2682 2675 2680
f 12380 12647 12648
f 8620 12431 12676
f 6427 8125 7235
f 5121 3807 5418
f 10657 11955 11954
f 13285 12196 12353
f 11815 11498 11336
f 7643 8738 2903
f 635 640 79
f 249 818 819
f 6414 5859 4890
f 3539 3534 1300
f 4176 3872 457
f 10113 10728 10112
f 5857 6124 8091
f 1839 11982 11626
f 9565 9049 9001
f 12617 12783 12616
f 4016 4646 10502
f 4840 4834 6640
f 11090 11116 11224
f 6854 13442 12223
f 2447 2717 467
f 9688 9693 9113
f 12228 13477 12067
f 9539 8981 8697
f 13385 13389 12943
f 13298 13214 13219
f 1267 972 1796
f 5436 5433 5152
f 2487 2755 2207
f 3601 4507 4510
f 8696 7596 6939
f 471 480 1640
f 4314 3475 3407
f 11402 13070 11502
f 11402 11502 13070
f 1488 625 667
f 11429 13041 11821
f 11803 11305 11084
f 1739 1259 966
f 1895 2720 2457
f 7673 6696 6946
f 7867 9992 7497
f 867 895 5087
f 7855 7473 7915
f 12395 12648 8569
f 6978 6976 7696
f 2806 4585 1142
f 9247 8304 7145
f 13401 13400 12963
f 4630 7496 12635
f 9993 10859 5342
f 1762 1781 2046
f 1186 3447 7917
f 9333 8750 8749
f 10483 3718 4020
f 9993 5342 6869
f 10874 10885 10103
f 5043 10815 9994
f 13187 10221 11449
f 2217 270 2799
f 294 1500 310
f 3411 4308 3716
f 6113 8090 8343
f 8433 6199 8171
f 882 1228 4364
f 1516 367 2341
f 3408 4324 5661
f 8292 13352 11350
f 7339 6527 8219
f 3805 5412 3502
f 13209 12118 7619
f 2972 6184 5892
f 5366 10396 3797
f 3297 7282 8422
f 12236 12137 12265
f 4326 5661 4670
f 6858 13430 13170
f 5258 5536 4234
f 11701 11196 8016
f 5780 6100 6086
f 9572 12310 6620
f 5327 5054 5047
f 10927 12897 10972
f 10818 10055 10677
f 12260 6879 13497
f 6604 6879 12260
f 6782 7044 4954
f 11708 12890 13333
f 11708 13333 12890
f 8964 6374 5788
f 6858 12263 13430
f 12912 13240 12147
f 12103 10189 12145
f 12218 9908 10236
f 10316 3798 5382
f 8404 3256 710
f 8404 710 3256
f 10900 10898 10608
f 10932 11721 5826
f 7967 5708 3650
f 2223 1953 1952
f 6401 8086 8097
f 10932 5826 12881
f 1041 5200 4185
f 1790 2068 1785
f 9139 9432 8852
f 6023 5747 2841
f 4533 3626 3625
f 23 10658 10378
f 10315 5429 3718
f 11571 8570 8558
f 6732 7002 2983
f 8347 7206 6381
f 8957 4854 9538
f 12881 5826 2858
f 13521 12173 12174
f 9513 9219 8938
f 11278 11156 11272
f 13271 13270 12184
f 1185 7877 10815
f 10917 12062 11689
f 10144 11195 9818
f 4015 3797 10396
f 13165 2836 13347
f 6873 6598 4785
f 11511 13245 7682
f 6036 5761 11701
f 744 170 450
f 968 7941 7507
f 4173 3869 4170
f 4320 4015 10512
f 2371 2641 2361
f 6667 4864 9622
f 12680 12437 12566
f 6235 6227 5951
f 91 645 11963
f 2691 2412 6442
f 4 12403 12631
f 7967 7524 7539
f 12965 9843 10148
f 4320 10512 4639
f 11161 11907 11158
f 11078 6334 11100
f 877 7436 7877
f 23 11924 10658
f 3324 6232 3029
f 11956 12530 12767
f 5235 4207 5519
f 7523 11986 10871
f 9109 8823 9674
f 7595 6666 4853
f 11284 11354 11834
f 12228 13433 6680
f 3105 6017 7384
f 11451 8771 11470
f 4310 1241 963
f 7512 7955 7954
f 2282 12379 2070
f 4343 3735 4038
f 7059 4963 7762
f 8156 8406 3266
f 413 140 3857
f 2557 12379 2282
f 2253 1434 1982
f 13107 13113 11544
f 2988 1611 5906
f 4445 3544 1300
f 8872 9441 7063
f 13092 13520 13258
f 3423 7941 3471
f 10796 5139 10081
f 3715 4104 10345
f 5102 4396 961
f 11052 11193 11816
f 881 5139 10796
f 5952 4948 7749
f 11106 11230 11743
f 8824 7730 7014
f 11924 603 10655
f 4609 12644 5673
f 2557 12394 12379
f 8010 11209 8283
f 6860 13179 13431
f 6420 8112 6144
f 7652 7648 6923
f 7581 13179 6860
f 12853 13298 11722
f 8293 7167 7140
f 10866 10083 5523
f 13432 12271 12227
f 12863 11822 13318
f 8283 11209 11839
f 1601 3251 6164
f 11804 11076 10925
f 10301 12489 12756
f 286 2552 1460
f 11687 8013 11182
f 8757 8770 9343
f 12299 13224 12132
f 9043 9046 8768
f 12480 12745 1493
f 6870 13028 13346
f 297 12480 1493
f 10996 6123 11760
f 6870 9294 13028
f 13214 10237 11512
f 281 2260 851
f 10163 9602 9035
f 13097 11532 9494
f 10598 10883 10098
f 2574 349 76
f 5183 6722 6987
f 348 1509 1543
f 7581 6862 13433
f 7449 10040 7884
f 2860 5777 2857
f 8692 9341 9275
f 9686 9116 9119
f 9290 8701 8717
f 7581 13433 13179
f 45 2023 352
f 4481 3581 4489
f 3311 6486 6216
f 5045 5065 5340
f 12258 9851 6607
f 9407 8182 9692
f 5299 5582 3984
f 5994 3079 6286
f 11390 11387 11388
f 9594 9309 8327
f 9286 9628 8715
f 921 1272 7938
f 9837 9042 10182
f 230 516 2213
f 12035 10748 12581
f 4174 5469 3870
f 7542 5721 4745
f 10491 10398 3791
f 4316 1287 3438
f 7989 10425 5721
f 5539 1399 5251
f 344 1506 12774
f 1221 923 922
f 12377 12650 11605
f 3412 1184 5687
f 9997 10317 10038
f 10936 12915 11712
f 6202 5914 2993
f 298 12481 12786
f 2550 1453 376
f 12542 10409 495
f 10809 10048 10078
f 4317 4637 7885
f 5316 3747 5031
f 7031 3031 3320
f 4317 7885 929
f 10874 10581 5278
f 8567 2318 2015
f 2113 3545 2389
f 829 548 256
f 3708 4010 3794
f 11283 12868 12892
f 6763 6761 9711
f 2090 1820 2636
f 11922 12735 12512
f 12840 12031 12706
f 63 667 628
f 7872 1257 1183
f 12628 5658 8584
f 12641 1506 12774
f 12641 12774 1506
f 11630 2242 1970
f 5193 4166 3870
f 8682 9570 11509
f 11433 8671 13017
f 3352 3053 3063
f 8671 9276 13017
f 12641 12774 1535
f 7012 9393 8819
f 12641 1535 12758
f 4403 1261 970
f 13003 9865 9270
f 7938 1272 2070
f 5394 5142 5143
f 4778 12256 4860
f 2029 2333 80
f 12731 580 11925
f 3248 5875 6162
f 13089 9933 9466
f 12487 10548 10322
f 3573 4486 4174
f 3187 2899 7180
f 13426 13192 13442
f 9937 9934 10258
f 7437 943 1230
f 2269 2593 4414
f 12038 10625 12846
f 4199 3907 3904
f 1533 12788 12537
f 3534 3841 4141
f 9762 8240 8505
f 3993 3986 5566
f 11196 10981 5816
f 9261 9296 8740
f 4789 7621 6686
f 2289 2561 1491
f 12842 12592 12838
f 12485 12609 12407
f 8576 7938 2070
f 8185 6481 6490
f 13140 13463 12058
f 130 2376 2663
f 4631 7488 948
f 9236 9235 9020
f 11648 12686 8625
f 4631 948 4323
f 11315 11212 9838
f 3532 5436 3838
f 8659 8982 9295
f 9623 8779 9350
f 4506 1652 4201
f 5094 10039 5411
f 4013 4375 3516
f 3248 2955 5875
f 12731 12490 1498
f 9575 10226 9048
f 4726 5707 4724
f 9319 8318 7174
f 4778 10325 12130
f 128 2090 2366
f 10027 10806 10354
f 7437 5113 10835
f 1475 626 1783
f 13003 9626 9910
f 1695 238 811
f 12550 12003 12809
f 8274 2896 7118
f 10157 12105 4796
f 4635 3500 4404
f 12425 6443 11126
f 13418 13454 13420
f 10703 8612 2239
f 9998 11475 13212
f 4778 12130 12256
f 8682 11509 9288
f 12849 12040 10750
f 4444 4449 3542
f 9882 9910 9626
f 10445 10613 10612
f 4796 12105 12269
f 1468 651 1740
f 4632 3495 5683
f 4632 5683 3495
f 12505 10514 12757
f 2191 1917 1923
f 4380 3485 2331
f 13434 9288 6956
f 2865 5792 3147
f 6541 8234 8503
f 8243 6540 5989
f 7758 6762 4955
f 3073 5972 6261
f 10921 11739 11712
f 7998 1448 10122
f 5914 6186 2985
f 6888 6690 7659
f 4632 880 5683
f 7545 7984 4741
f 1713 2800 2796
f 10308 12526 10513
f 10187 9060 11111
f 300 5346 12506
f 7426 4626 7436
f 8369 2933 7221
f 3021 3299 3302
f 1423 9503 1134
f 9813 12985 10221
f 11183 11228 11309
f 7429 880 4632
f 8687 6915 9313
f 4019 10508 4404
f 4549 4543 1115
f 13302 6062 3123
f 10794 7896 1271
f 931 4351 3464
f 7579 3713 5327
f 2100 8608 11626
f 7352 8230 8495
f 2530 2526 2797
f 2399 2392 2673
f 3061 5975 3346
f 4019 4357 10508
f 12341 12186 11023
f 10644 11958 36
f 10936 10930 12915
f 2741 2732 2458
f 2601 3493 964
f 7188 6393 6396
f 2271 2561 2555
f 5895 717 428
f 8796 9655 9363
f 11090 6333 6379
f 10018 5357 10339
f 5041 5325 5075
f 3414 5659 4357
f 12228 6680 13477
f 9418 8855 7326
f 10523 4104 3798
f 2004 2289 304
f 416 415 136
f 8292 11350 8352
f 12381 3495 2343
f 1580 701 1841
f 6332 8070 6379
f 12540 10698 193
f 10394 10573 10851
f 298 12786 1461
f 13003 9270 9626
f 10468 10853 4618
f 11451 8974 8731
f 10280 9798 9214
f 1421 7963 3659
f 36 11958 636
f 10708 833 262
f 8051 9601 2595
f 5114 10831 10049
f 5882 5880 2949
f 1716 1714 555
f 6606 9101 4917
f 13015 9870 10199
f 12731 10638 12478
f 5377 3800 4098
f 10287 12191 13276
f 7359 7358 6550
f 295 2007 64
f 4927 9678 9112
f 1925 2181 1909
f 6386 8358 8356
f 12212 12211 12053
f 5567 5283 3968
f 919 4098 979
f 11227 10238 11120
f 8695 11460 7633
f 7174 7190 8345
f 11886 12932 11013
f 13303 13316 12912
f 8031 6682 6112
f 889 902 1226
f 6738 4923 4917
f 8196 7306 6497
f 1292 993 5437
f 11434 13238 10332
f 3384 6297 3099
f 7455 5678 7921
f 9138 5953 6505
f 22 2041 1775
f 13304 13196 12864
f 5304 853 5579
f 1834 123 680
f 172 1614 452
f 10876 7978 10092
f 398 1567 1572
f 6884 7664 6936
f 10333 10356 10849
f 3423 1281 7941
f 10349 10842 10068
f 6113 5836 3213
f 602 2058 38
f 2 10675 8595
f 3480 1265 2337
f 1742 2009 1193
f 9990 7895 10793
f 5331 3721 3418
f 4809 7629 7625
f 9727 8859 9431
f 8161 7265 8409
f 1105 1393 1396
f 2732 1904 2458
f 4775 6682 8990
f 12484 10668 11927
f 32 2016 2309
f 2883 3163 3175
f 1380 3601 1086
f 9862 13076 11509
f 8386 8111 6416
f 12796 12548 12549
f 607 1751 600
f 2834 8298 3125
f 12867 11152 11038
f 12010 8631 11656
f 11462 11499 13077
f 8561 11604 12414
f 6333 6332 6379
f 7055 8881 9451
f 4635 4404 10508
f 7840 11609 7465
f 8514 7362 8513
f 579 20 672
f 7673 4879 6696
f 2442 459 2435
f 5037 5339 10842
f 7430 4697 7876
f 8159 9385 7262
f 9592 9026 9017
f 981 5134 1275
f 4124 3521 3824
f 5775 2875 3208
f 8508 7358 8236
f 10481 10064 10774
f 6209 8177 6493
f 2880 3180 2910
f 4776 6691 6603
f 11690 10930 10937
f 8805 9370 7701
f 3536 5159 1001
f 13456 13182 13482
f 13456 13482 13182
f 2566 2586 1792
f 9757 9465 9752
f 9757 9752 9465
f 11575 8578 12630
f 11159 11273 11274
f 4802 9558 8986
f 10937 11702 12281
f 4059 3803 3812
f 9699 9131 9695
f 1996 1797 1997
f 12486 12732 12508
f 11778 6292 1702
f 11188 10188 11098
f 2539 2256 2798
f 2943 3238 2950
f 7355 7369 7370
f 7109 9794 6835
f 8677 9253 8309
f 1922 1913 2184
f 12045 12266 12071
f 3897 4195 499
f 810 235 520
f 12068 12063 12294
f 7874 5622 5621
f 11905 11384 11663
f 12260 12098 12097
f 2531 1136 3671
f 11071 11352 11869
f 11071 11869 11352
f 13430 12131 13228
f 12227 12147 13240
f 8330 7198 6387
f 9566 8994 6613
f 49 618 1765
f 10786 10558 10382
f 610 1478 61
f 2624 1824 8075
f 2447 2166 2727
f 6859 6943 6673
f 8632 12690 11650
f 6664 4849 6087
f 396 139 1577
f 1898 2169 2452
f 9575 9048 6625
f 11829 11116 7162
f 7131 8333 7128
f 4072 5083 3768
f 10619 10449 10617
f 13379 12941 12940
f 465 1617 455
f 1480 333 1498
f 1480 1498 333
f 8843 9134 9408
f 4839 9024 8734
f 3877 3577 5479
f 11547 11552 11546
f 8237 8233 6538
f 6625 9048 4863
f 10324 10563 9985
f 2300 4388 3440
f 582 378 1481
f 10113 10902 10445
f 4016 4023 4024
f 11053 11814 10920
f 9499 11533 8920
f 9852 10217 13030
f 906 1243 945
f 12945 12946 13384
f 13025 9344 6956
f 11438 9889 13066
f 11136 11252 11133
f 11170 12410 11107
f 12988 9856 13020
f 6840 9507 9789
f 3387 8529 7376
f 5760 1532 296
f 8726 6340 7168
f 3073 3061 5972
f 6438 6150 8124
f 2298 2613 2307
f 9255 9574 8081
f 9507 7102 7822
f 12378 8567 11572
f 665 368 109
f 501 500 499
f 7117 7831 6846
f 1871 8134 8395
f 7081 8897 7797
f 6772 6765 4949
f 11437 13012 12989
f 12339 5003 6823
f 591 1513 96
f 12488 11978 12763
f 3751 320 1490
f 460 2701 2434
f 303 2284 79
f 4062 5098 4125
f 5924 2995 3275
f 4906 5899 3862
f 13103 9781 9491
f 4633 10359 5671
f 6083 6108 5830
f 1917 4490 2729
f 13023 10174 11487
f 13394 11389 12954
f 7284 3283 2996
f 12990 11436 9854
f 4824 6648 5786
f 6926 7651 5390
f 2648 2358 2638
f 8503 9473 8898
f 3197 8340 8088
f 875 1264 971
f 1204 5108 5341
f 2158 1887 754
f 9819 11197 13067
f 3813 4130 3829
f 11464 8987 13216
f 10791 10548 10080
f 3189 2916 8326
f 3121 8292 2905
f 5771 6054 6053
f 8659 6885 7576
f 3072 3363 3361
f 8974 8972 9604
f 4020 3815 3732
f 2569 2350 1762
f 876 1745 4379
f 8677 8720 9300
f 935 4410 4411
f 3417 3414 4362
f 10006 10803 10005
f 9255 8081 8284
f 12038 12842 12595
f 3619 1085 1385
f 12055 12302 13223
f 3760 5130 5409
f 2518 1969 2241
f 2407 7248 6437
f 6474 8164 6462
f 1635 461 1643
f 8669 9326 9249
f 6053 5826 6101
f 11890 11372 11377
f 5989 6279 5990
f 3417 1228 3414
f 3414 1228 968
f 6412 6132 5854
f 5328 3798 5126
f 462 180 739
f 7181 8327 8347
f 8428 7275 6465
f 5579 273 855
f 8688 8681 9293
f 8520 3077 8516
f 12038 10753 12842
f 8006 2291 6351
f 6602 9902 9620
f 7580 6956 7634
f 7580 7634 6914
f 7253 8389 6443
f 6654 4842 12283
f 5640 7480 4674
f 5931 6471 7279
f 4048 3749 3506
f 1913 2727 1050
f 8669 6942 9326
f 12885 13247 11490
f 9652 9075 9082
f 23 3732 4115
f 9156 9728 6793
f 7284 3010 8429
f 6053 3155 2858
f 9540 9242 9244
f 8968 9621 8997
f 4633 4652 5696
f 3702 4060 10377
f 6450 8140 6459
f 13308 13334 12890
f 8292 8352 7203
f 7961 1396 7517
f 2423 1902 2721
f 4377 3481 4370
f 4484 3877 4177
f 6579 8271 6577
f 4475 4474 3563
f 8768 9046 9339
f 7028 7758 7748
f 5506 2188 207
f 1298 1302 1002
f 4320 3754 3418
f 8274 8328 7143
f 8900 9519 9802
f 8021 6339 6373
f 6036 8016 6319
f 9250 8694 8968
f 421 5876 2954
f 11810 11872 11081
f 3432 3733 3494
f 9250 8968 9546
f 882 1260 1228
f 7586 6879 7585
f 3714 5057 5354
f 3726 3749 4048
f 297 309 635
f 2558 2070 1803
f 297 635 91
f 9250 9567 9015
f 12841 12591 12588
f 4025 4101 4104
f 9250 9015 8694
f 3798 4104 4101
f 11424 13061 13043
f 2543 2808 2807
f 9728 9440 6793
f 11289 11176 11108
f 7971 10088 7533
f 12759 12531 11596
f 880 3495 5683
f 752 11629 1894
f 12722 10475 12513
f 2436 2427 2700
f 877 7877 1185
f 12224 13455 10228
f 2306 2356 2059
f 8743 7163 8311
f 11362 8158 11247
f 7689 6968 7687
f 12728 10523 10348
f 9021 9620 9884
f 4394 9050 3510
f 2006 81 599
f 2000 1775 1776
f 6036 5762 6037
f 11293 13039 11410
f 6190 3272 2980
f 9836 12311 10162
f 6036 6037 5761
f 10033 10375 10553
f 4777 6675 4843
f 4791 6879 6604
f 3471 1260 4364
f 7057 9453 7056
f 2797 552 1713
f 13190 13495 13074
f 4320 3418 3721
f 17 3820 341
f 6327 8080 6334
f 11687 11182 10943
f 8633 12690 7984
f 8145 11245 2683
f 8205 6518 8211
f 6733 7001 4918
f 4571 3665 1422
f 1679 1721 1720
f 2334 357 2057
f 4293 5588 1159
f 298 4025 3715
f 10602 3983 4280
f 9867 12112 13239
f 8571 11610 79
f 3573 3874 5472
f 7795 7077 8896
f 6870 7667 9294
f 9271 8771 8778
f 6555 8245 7364
f 924 949 1218
f 4018 3791 4055
f 7132 8325 8287
f 3411 3716 5329
f 5629 5670 4685
f 3412 2283 2591
f 5942 7299 3017
f 6508 8203 8210
f 3134 3127 2842
f 11436 9857 9854
f 12996 8771 9271
f 7405 10855 1775
f 7587 3185 2831
f 11834 11592 8581
f 589 47 1477
f 6860 3185 7587
f 1742 2015 2318
f 6031 5763 5766
f 579 2021 2023
f 9805 9225 9801
f 3981 4268 3974
f 11628 753 11984
f 12360 7469 7845
f 10917 11689 11708
f 1002 1302 1296
f 5984 5982 3058
f 11714 12899 13339
f 5065 5064 5340
f 8984 6334 8067
f 8674 8764 8673
f 9956 12350 13120
f 12232 13510 12313
f 3741 10536 3433
f 518 2486 3619
f 6129 2932 3206
f 3949 5539 1107
f 20 577 1465
f 1183 7920 7478
f 12522 12788 355
f 11709 11707 10982
f 1742 2318 2566
f 7915 7925 7467
f 7885 5626 4696
f 12395 8569 12413
f 6780 7040 3332
f 1184 1270 948
f 6317 6364 7203
f 9547 9006 8969
f 2941 3225 8362
f 2566 2343 2586
f 3991 1719 560
f 9252 8670 9613
f 3807 5134 4131
f 5800 2878 3158
f 3824 1267 5417
f 4650 4686 5675
f 4017 4409 3758
f 6880 3203 2852
f 9768 9758 9193
f 6650 4840 5811
f 10521 10860 10075
f 12025 7554 11657
f 11191 11069 11850
f 12289 13338 13483
f 7014 9393 7012
f 1345 4487 1055
f 5153 3832 4132
f 5605 7875 7432
f 6141 6145 5871
f 1463 1498 333
f 1463 1480 326
f 4323 3413 4417
f 10934 6062 11734
f 7882 4714 7514
f 6502 8852 7313
f 7882 5634 4714
f 13529 13380 13379
f 3992 3990 4286
f 7865 10065 7468
f 11991 12795 12794
f 1635 480 471
f 4778 3804 10325
f 8326 2916 7188
f 3383 7106 6836
f 6585 4847 4766
f 13456 13182 13448
f 6584 6856 13459
f 13522 13260 13521
f 12694 8622 12444
f 2834 3125 3185
f 8810 9670 9096
f 4782 8971 9575
f 312 1501 1471
f 8644 11665 10735
f 5314 4039 3737
f 6897 6672 4860
f 4916 7721 6732
f 5827 10990 6115
f 12501 331 1493
f 9841 9921 10213
f 4782 9575 6625
f 11825 11094 11824
f 4778 6624 4108
f 8299 2850 7142
f 8196 6497 6503
f 6306 8263 3103
f 10711 12002 10719
f 123 108 680
f 9257 8671 4796
f 12796 12549 554
f 5547 4238 3943
f 11049 11198 11217
f 6893 6908 6644
f 11306 11815 11823
f 2608 2069 2345
f 4033 6605 5141
f 4886 4884 6697
f 12600 8654 10752
f 12600 10752 8654
f 6653 6698 6099
f 11794 12834 11032
f 7642 6921 6903
f 2645 2363 2633
f 8969 9006 9626
f 8314 8044 8058
f 8547 12637 12402
f 7872 1183 7427
f 3719 4019 4404
f 1110 1101 1391
f 4484 4177 3878
f 44 316 2067
f 4763 5753 6597
f 11443 9344 13025
f 4556 4723 4563
f 6037 5776 6062
f 12164 12162 13513
f 2233 2231 1961
f 2686 2417 1869
f 8526 2261 7375
f 2284 1492 2309
f 2937 2929 3214
f 7473 7925 7915
f 3360 5994 6271
f 11977 12779 12660
f 13305 6055 11753
f 12687 7534 12686
f 3048 3333 7342
f 924 3473 1254
f 4079 3773 4078
f 2568 2323 2600
f 2568 2600 2323
f 587 636 56
f 1663 501 789
f 6237 8193 6235
f 4348 3463 3455
f 5034 5400 5394
f 6186 2984 3270
f 8393 3249 2956
f 4784 6639 6681
f 11360 11876 11359
f 312 1471 636
f 6432 11124 6429
f 1724 847 562
f 179 738 2153
f 6114 8358 8076
f 3785 4092 5104
f 11455 13054 11836
f 562 277 276
f 877 1252 921
f 12412 12655 11625
f 11263 8252 6561
f 11048 11858 11490
f 3128 8287 2915
f 6877 9329 8781
f 5301 4287 3992
f 5049 3815 5429
f 4972 13259 7088
f 2763 3934 1687
f 8578 8588 12398
f 8578 12398 8588
f 5342 3760 5141
f 4034 5092 3797
f 9389 8815 9102
f 6231 5944 3300
f 4021 3760 5068
f 2743 2460 1921
f 4415 4113 5154
f 12873 5816 10981
f 13365 12925 13364
f 1475 344 72
f 9216 8940 6567
f 1186 967 4405
f 7032 8853 9419
f 8479 8468 6522
f 7360 6536 7351
f 8674 9004 9334
f 7258 3267 2971
f 3028 5939 3016
f 9045 9352 8783
f 6676 6967 7686
f 6990 6985 7704
f 583 4115 5048
f 12799 11997 10702
f 2351 2620 1820
f 5358 1219 5412
f 8936 7104 9510
f 10789 10040 10052
f 6276 3083 5987
f 12768 1522 12532
f 4721 12674 12441
f 2877 6937 3186
f 5053 988 5406
f 7147 8349 1758
f 5389 3781 4076
f 8529 8528 7376
f 1402 4538 3628
f 11314 13346 13028
f 8061 6382 8057
f 2057 656 2620
f 9460 8885 7070
f 2052 1796 2622
f 3173 3160 2882
f 1194 3421 4417
f 6095 6382 5836
f 10350 5667 10025
f 2598 4398 2322
f 3458 938 1268
f 309 37 635
f 4020 3718 3815
f 2853 7146 8300
f 9419 3327 8460
f 6099 5834 3180
f 2710 2425 2426
f 3222 2930 12916
f 11163 11101 10143
f 186 751 758
f 7994 7993 7542
f 8713 13062 6941
f 4979 6794 6799
f 10669 12766 12519
f 11451 13018 11458
f 3895 3893 5490
f 2489 3671 4575
f 4158 3858 6721
f 793 785 215
f 12607 12620 12417
f 4336 3520 3432
f 2702 1606 1877
f 5374 3803 5097
f 6996 7003 7713
f 4221 3923 3916
f 6541 7353 8500
f 6037 6062 5761
f 4381 9596 3485
f 4901 7696 7699
f 6047 5794 1491
f 209 5222 1360
f 6077 6076 5839
f 13089 11520 9933
f 4363 4076 3486
f 3554 4164 5463
f 9198 9197 9760
f 2382 1833 2659
f 12011 12696 11654
f 4869 6965 6674
f 10380 10371 10534
f 3922 3964 4259
f 12870 13310 12869
f 2346 2082 2069
f 3282 8156 3266
f 9278 8710 9277
f 12996 9271 9858
f 7570 4773 8685
f 7994 7551 7993
f 2877 7670 6937
f 6731 6999 9672
f 5779 2889 6080
f 3394 1258 871
f 9585 9600 9059
f 11696 11711 10951
f 752 185 193
f 6864 4811 7607
f 4086 4096 1517
f 890 1195 1803
f 9137 9147 9720
f 8201 6764 6236
f 9355 9068 8783
f 4580 9788 9212
f 4599 4749 7540
f 6703 6699 4887
f 6915 7659 9329
f 149 1576 411
f 10918 12899 11714
f 2470 2747 4498
f 305 1503 627
f 1380 1086 1379
f 9652 9082 9085
f 4323 948 3413
f 4496 1053 1913
f 1310 1303 3545
f 6859 7654 9339
f 8862 9716 9144
f 7762 4956 6774
f 8197 6504 9712
f 6329 9580 8032
f 6239 5941 6229
f 8788 7690 9078
f 960 1809 2054
f 7765 4957 9148
f 8110 6136 8096
f 11784 11024 12187
f 12212 10933 12211
f 2555 2632 1816
f 11547 10274 11146
f 3496 4401 3513
f 9598 8061 9036
f 13221 6940 7656
f 12515 10672 12762
f 10997 11879 11129
f 11135 11012 11883
f 4329 971 4118
f 4321 4638 906
f 11395 11898 11385
f 3683 4588 2536
f 4159 3859 4909
f 10052 5382 3798
f 2559 2630 2353
f 3931 5532 3616
f 6237 5945 6500
f 12237 12123 6631
f 8275 8310 7180
f 7455 10053 5678
f 1677 2766 2496
f 2094 2085 1826
f 3720 4024 4023
f 7462 11613 7952
f 10867 10085 10084
f 5161 5444 695
f 13172 13006 11474
f 3990 10609 10434
f 10917 13219 12062
f 11310 10178 9896
f 13210 13489 13055
f 12240 9918 12148
f 3450 3507 1226
f 11443 7634 8776
f 33 605 106
f 5854 6121 3217
f 6224 6214 3307
f 12131 13227 13228
f 6676 9637 6967
f 5976 6260 6257
f 5195 5468 5193
f 4579 4275 3980
f 6737 4916 6732
f 1930 783 215
f 5531 5236 5516
f 2962 5872 2949
f 11700 11173 13300
f 4086 3777 4074
f 5054 5345 5047
f 5757 1483 293
f 4248 6292 6824
f 3840 4138 5159
f 592 6054 1466
f 1196 889 4413
f 1739 2001 1259
f 7788 5252 5542
f 8681 9584 9293
f 7364 8245 8515
f 4033 5141 5059
f 2177 2730 2456
f 3133 6066 6053
f 5042 5402 867
f 9577 9574 8708
f 2211 1937 8475
f 6049 5818 2898
f 7431 7418 4655
f 5627 4701 4702
f 3132 6049 2898
f 601 1474 325
f 9253 9553 8039
f 6044 2898 5817
f 10709 11985 11639
f 10377 10408 10544
f 891 1209 4362
f 2133 2227 1953
f 11811 13064 11305
f 10505 10393 10406
f 11921 12762 12725
f 11935 11934 10664
f 8057 6382 6095
f 2974 3262 2981
f 9561 9033 8754
f 13447 12139 11463
f 9588 9306 9058
f 12864 13176 13480
f 13528 13530 13268
f 4959 7753 7040
f 5126 4101 5151
f 2328 3484 2619
f 7972 1129 7973
f 12049 12251 12153
f 13457 13231 12242
f 1759 339 2037
f 7714 3260 2983
f 7586 7585 4853
f 35 1534 317
f 7146 6373 8300
f 6153 5993 8237
f 10263 11530 9939
f 3417 1209 3442
f 11157 6578 11040
f 9642 8780 9068
f 8910 9198 9760
f 6319 7167 2886
f 3036 4939 6751
f 4889 4879 6701
f 3136 8293 2851
f 6643 4855 7667
f 10472 10346 10810
f 3729 5409 5424
f 3729 3736 5409
f 1682 4232 2768
f 1191 5331 3418
f 13125 13278 11555
f 13125 11555 13278
f 1035 4465 3558
f 3167 2919 6912
f 6001 11005 11014
f 5702 10412 10085
f 11021 6004 5003
f 1192 3749 4405
f 12455 8640 2546
f 5762 2886 3159
f 9159 4976 7783
f 2690 2419 12670
f 9023 2335 6370
f 3035 3316 8449
f 4214 5509 5226
f 13294 12901 12874
f 13294 12874 12901
f 6037 5762 3159
f 8631 12566 12437
f 4025 5151 4101
f 5320 3752 4042
f 10741 12833 12589
f 370 1528 112
f 8688 9035 11452
f 8534 9514 7382
f 5245 5523 5235
f 10605 12571 10888
f 7648 6907 9017
f 8810 9388 9670
f 10540 12530 12663
f 3127 5806 6085
f 9648 9083 8790
f 3442 4364 1228
f 5461 7707 6989
f 4781 6661 7654
f 10730 12564 10716
f 12174 11006 11005
f 7626 5819 4873
f 4346 2342 2626
f 1830 2359 2084
f 5666 7487 7957
f 8206 6508 8210
f 12889 7670 2877
f 6976 7697 5444
f 6583 4803 6610
f 2584 1769 933
f 3655 4604 3693
f 8978 8772 8676
f 8676 8772 8969
f 8806 1304 5459
f 27 1531 305
f 4791 6598 6873
f 4653 12417 5631
f 10915 10968 11685
f 7821 9504 8930
f 3785 5376 4083
f 2590 2312 1803
f 7587 2831 4797
f 7844 3459 1181
f 1252 1280 3520
f 7000 7047 7769
f 9842 9623 9350
f 4364 7512 4685
f 12072 13448 13181
f 6341 6390 8083
f 10502 10358 3728
f 12229 9864 12305
f 5634 7922 7478
f 6343 5796 7197
f 10321 10538 10402
f 11630 1970 2245
f 10012 10495 10819
f 9225 7832 5026
f 4456 1007 5163
f 8298 8070 8297
f 2277 4426 3398
f 8979 8674 9563
f 10750 12837 12029
f 9858 9271 9607
f 4788 8976 8677
f 7105 3985 6833
f 2576 1477 2313
f 8578 8572 11590
f 5863 8100 6403
f 4326 3506 3507
f 7443 4685 7512
f 9815 13020 10135
f 5897 8147 6445
f 5512 1067 5222
f 8972 8710 9604
f 9155 4520 9725
f 10913 10937 12075
f 1744 2565 2566
f 7341 8477 8218
f 9992 5650 10336
f 579 45 20
f 10087 3960 10414
f 3534 999 1300
f 10169 8684 9612
f 127 2089 5161
f 5332 4108 5395
f 3561 1031 1323
f 3149 6072 5832
f 5733 10431 10600
f 2290 2009 1742
f 11194 9915 13047
f 13359 12923 12921
f 5338 3730 5102
f 5712 7966 4745
f 6305 6303 6304
f 13175 11508 13505
f 2104 2096 1843
f 1248 2056 2050
f 5033 5359 5360
f 6040 5773 2831
f 11957 10682 8596
f 4598 1440 1130
f 4598 1130 1440
f 37 640 635
f 13331 12886 13329
f 6166 5883 1603
f 12626 4699 11620
f 2452 2169 2451
f 5265 1404 1127
f 5044 5323 930
f 10741 12025 11657
f 3297 6213 3016
f 11290 11178 9916
f 7178 6370 8075
f 8908 9469 8229
f 8498 8533 8264
f 12454 2545 2262
f 13522 13257 13095
f 7617 7625 4827
f 1059 3589 4495
f 12221 10953 11728
f 10169 11448 8684
f 1860 1851 2115
f 2911 5847 6121
f 4302 868 3410
f 9408 6752 9693
f 9301 8778 9604
f 9676 8816 9106
f 8232 7352 8495
f 5349 5083 5127
f 9301 9055 8778
f 515 506 1667
f 9249 8681 8688
f 2324 2590 1803
f 2459 2174 2731
f 13161 12146 10072
f 7881 7493 3508
f 11539 11145 6561
f 4599 3696 4603
f 7217 8358 3206
f 1759 2353 2630
f 3131 8289 8011
f 2444 2165 1906
f 1286 3523 2079
f 10169 13010 11448
f 9685 7009 6736
f 11172 11067 11738
f 9547 9341 9006
f 2901 5830 2926
f 8686 9006 9341
f 4782 6622 7623
f 7640 9331 8761
f 3087 3086 3076
f 3511 995 1291
f 3360 3080 5994
f 594 326 30
f 3340 8484 8491
f 8011 7167 6319
f 12636 11325 11206
f 3427 3779 4331
f 12012 10734 11663
f 12012 11663 10734
f 2840 3137 3156
f 9151 8858 9724
f 473 2437 1634
f 207 1911 761
f 12599 12598 12848
f 987 4417 975
f 9760 6808 7078
f 2200 793 219
f 3295 13359 11365
f 10759 11968 10067
f 8787 9359 7691
f 11443 4836 7634
f 8633 7984 7554
f 10279 13114 11542
f 312 12491 1535
f 10809 10403 10365
f 12379 12394 12627
f 956 1808 1785
f 956 1785 1808
f 11443 10205 4836
f 11812 12914 11871
f 1598 441 1613
f 7427 1183 927
f 8145 2683 2402
f 5520 10411 3906
f 5042 1213 5379
f 10334 7884 10040
f 6802 4974 7072
f 8001 10907 10124
f 5764 5779 2832
f 10799 10046 10834
f 6301 6017 3105
f 10642 11953 10820
f 8811 1315 9382
f 6409 6416 8111
f 5497 3898 5207
f 1454 363 615
f 2030 2350 2321
f 13008 13455 13232
f 9848 9584 13010
f 12262 13502 12136
f 7634 4836 6647
f 10876 10092 10886
f 3040 3327 8853
f 1190 3507 3450
f 6042 2864 5818
f 8121 7232 8375
f 7088 5004 6817
f 7260 8143 8409
f 1062 1348 1924
f 9479 4998 7800
f 591 1492 1513
f 768 480 1643
f 9587 9016 9598
f 11539 8915 13109
f 10494 10403 10073
f 5010 9209 9784
f 6461 6459 7266
f 12958 13393 11042
f 7588 7587 4825
f 889 1226 4413
f 1233 3474 3774
f 3457 375 2326
f 6041 6646 6897
f 1306 1009 3540
f 4543 3623 3627
f 433 5890 6166
f 9551 8681 9326
f 11391 11900 11275
f 5338 3754 3764
f 4555 3647 4252
f 4625 7486 7450
f 8232 8496 7352
f 2853 8293 7140
f 5336 3724 3421
f 6874 7632 6624
f 11634 11633 2235
f 9947 12185 13111
f 4336 3432 3812
f 11426 13015 10199
f 5336 1221 3724
f 9945 10276 11543
f 4663 7931 4704
f 4102 3814 5123
f 7799 9476 8504
f 3131 3127 6085
f 7566 7666 6849
f 2301 1753 619
f 3098 843 7823
f 3479 2320 4391
f 9257 9569 9027
f 8425 7274 7273
f 5519 3907 3915
f 2288 2010 2297
f 2382 1842 2103
f 5237 3914 5521
f 9770 4987 6822
f 1462 21 632
f 7105 5300 5581
f 11257 11372 11134
f 5086 10830 4083
f 12553 10703 10720
f 26 1549 659
f 4106 5135 5147
f 1868 5182 6986
f 1630 4179 2714
f 4846 8060 9597
f 3133 3144 2839
f 2646 1825 2081
f 398 2366 2647
f 11773 12928 11011
f 7724 7004 6728
f 1017 2116 1859
f 4819 7652 5804
f 7897 5686 7454
f 10011 7953 10853
f 10497 10787 10070
f 4343 4353 3444
f 8129 8383 7237
f 10059 12148 7935
f 12008 11782 12810
f 11470 11503 8748
f 10459 10305 10038
f 2087 673 1815
f 5018 6833 5015
f 7129 8317 6353
f 3488 4384 2603
f 2380 404 2666
f 4972 12170 13259
f 11383 13389 11898
f 1515 104 639
f 5801 11750 10995
f 3108 8333 2876
f 9283 7615 6951
f 88 1804 2051
f 577 45 352
f 518 1685 2759
f 4402 4422 3517
f 12691 11646 8623
f 8714 7683 7666
f 5333 7589 1220
f 2365 3530 4431
f 2471 3587 499
f 13534 9952 11545
f 12366 12766 12619
f 9417 8849 8455
f 9162 9745 8881
f 7191 6398 8769
f 8998 8711 9580
f 4340 5678 3477
f 4790 4854 6668
f 3634 4537 2767
f 10500 10840 10014
f 2589 2060 1794
f 183 753 1893
f 6450 429 2403
f 12642 12665 12410
f 5043 5406 1185
f 1179 4358 978
f 11538 13266 13533
f 11721 6101 5826
f 13403 13145 12286
f 8565 11594 11578
f 7626 6902 3157
f 9322 8330 8061
f 1976 2248 1975
f 343 629 1504
f 6604 12097 6607
f 6655 4838 9028
f 3173 3168 6660
f 5767 6039 10944
f 2539 1986 2256
f 5568 3968 4262
f 11163 10235 11118
f 11668 12698 8649
f 2965 8384 7246
f 5640 7922 7480
f 8204 6515 7328
f 2708 2146 1882
f 13290 12893 12907
f 2761 4524 2484
f 1235 979 1251
f 11583 7440 8602
f 6979 3233 7693
f 8037 6365 6375
f 1592 1582 417
f 8824 9398 8832
f 12125 12282 6642
f 10583 10870 10087
f 6832 7101 7822
f 5772 6067 5768
f 7287 6479 8183
f 10403 10074 10073
f 3423 3471 5670
f 9261 8763 9296
f 6632 7624 4814
f 9413 8837 9695
f 11375 8519 7369
f 9768 9459 9458
f 2159 11629 187
f 2526 261 552
f 9970 10832 10041
f 11317 13342 11348
f 7320 8468 6511
f 3091 5990 3376
f 2795 2248 1976
f 8701 9305 8717
f 5491 4190 5208
f 3443 1284 4352
f 4305 914 3441
f 1629 188 476
f 6938 3182 2913
f 9113 6747 4926
f 4611 4665 5595
f 2111 5571 1426
f 4077 5393 5101
f 749 2171 189
f 6328 8058 9582
f 2835 3186 3127
f 5862 6137 5867
f 1791 2606 2064
f 12358 11044 12200
f 5732 7981 7536
f 10800 13491 10541
f 3428 895 894
f 2911 2927 5847
f 8975 9548 4786
f 8637 11657 7554
f 13476 13037 11480
f 7479 11622 7513
f 5957 5956 6241
f 5641 10508 10342
f 8800 9367 8794
f 744 1624 2720
f 12951 13391 10746
f 10456 10748 10129
f 4530 3921 3608
f 4530 3608 3921
f 3066 7795 7354
f 6037 3159 2902
f 13171 12865 13487
f 121 1548 674
f 4849 6685 6953
f 8580 8597 12411
f 12726 12507 10664
f 245 814 826
f 9528 8083 9057
f 8707 8765 9335
f 8786 9352 7686
f 9568 9005 6687
f 2283 12394 2557
f 10997 10998 11761
f 2743 2179 2460
f 3842 4136 5155
f 5219 204 776
f 1028 1034 1320
f 957 1267 1796
f 121 11981 683
f 2489 2798 2803
f 439 1612 732
f 8417 8160 8413
f 2855 5791 6066
f 6757 9699 9130
f 3144 2850 3138
f 3132 2898 3196
f 2036 2053 1786
f 2247 832 261
f 1191 5103 897
f 11423 13053 9828
f 3374 3368 6285
f 60 1494 342
f 9540 8736 9242
f 6604 12260 12097
f 6603 6691 4825
f 196 2723 477
f 6066 5791 6643
f 2568 2312 2323
f 4908 5453 3861
f 11443 13025 11509
f 2160 1895 2170
f 11936 11965 10676
f 2840 13312 3137
f 4448 4149 3847
f 13412 13051 11497
f 11930 10649 10642
f 6637 6939 7646
f 2566 2318 2343
f 8857 9423 9421
f 13444 12238 9911
f 12973 11471 13242
f 2494 801 229
f 2101 1848 2665
f 3390 3105 7384
f 4613 10482 10810
f 4788 6665 6608
f 4092 1523 641
f 6637 7646 6647
f 11422 13241 13457
f 6585 4766 4787
f 8064 8087 6364
f 5923 8175 6200
f 10507 10357 10340
f 6856 13193 13459
f 8451 3322 9421
f 150 143 703
f 1476 316 1503
f 6603 4797 6613
f 6108 2930 3210
f 2501 2766 1685
f 12361 12617 12716
f 2754 2484 2199
f 6098 5809 5823
f 4482 3875 3572
f 7596 6901 6939
f 5629 4685 4696
f 3850 4146 3852
f 1476 1531 373
f 9704 8200 6244
f 9282 8774 9599
f 10261 13093 11524
f 7730 7006 9393
f 7569 4833 6957
f 7595 6900 6666
f 2018 2566 1792
f 8700 9555 9269
f 11670 12457 11668
f 7141 6326 8294
f 7537 4590 4738
f 4463 3559 1328
f 9549 8983 8978
f 5618 12400 4672
f 6799 6794 4973
f 1120 7521 1417
f 3425 2570 4372
f 907 1203 7955
f 2092 677 1821
f 12989 13012 11453
f 8440 7292 7300
f 12532 112 10695
f 6113 3213 8090
f 8037 8064 6365
f 11366 11133 7372
f 2299 1767 2020
f 4755 4751 5736
f 8978 9554 9275
f 1034 3557 1320
f 119 110 678
f 100 3836 382
f 13249 11002 12157
f 681 669 117
f 5643 4691 4666
f 9263 8713 8727
f 4872 9640 6702
f 5267 4237 4242
f 12378 2318 8567
f 8387 7238 8113
f 12728 10348 10635
f 2791 11635 11636
f 8934 9508 9792
f 2290 2293 2570
f 12442 12438 12559
f 1408 1118 1418
f 7032 7044 7755
f 7504 7954 7955
f 8717 9044 924
f 44 1503 316
f 7619 6892 7616
f 3436 4428 4429
f 12467 12637 11930
f 3921 5227 5513
f 4108 5117 5395
f 8015 6375 6365
f 9160 4977 4975
f 242 1963 2221
f 9384 7717 8813
f 7443 7504 7946
f 11940 12742 12539
f 7618 6936 4829
f 9565 6637 4793
f 13314 13329 12886
f 8676 9252 9613
f 8032 9320 8311
f 8284 7192 9634
f 5661 4671 4670
f 2973 3269 2983
f 11420 13026 13044
f 11515 8920 13108
f 903 4337 4109
f 1744 2022 2293
f 6601 3186 6937
f 3745 4066 3799
f 7319 9413 8463
f 97 110 371
f 2943 8374 3238
f 10693 12539 12538
f 5774 6046 4857
f 6607 9851 9575
f 8015 9027 9558
f 9272 9577 8708
f 1619 5188 728
f 4656 4684 7477
f 2098 682 118
f 6342 8324 8039
f 437 2407 6437
f 12597 12846 12596
f 1094 1380 4526
f 474 1638 2728
f 9301 8710 8721
f 288 4128 1451
f 4755 5736 3694
f 12341 11023 11779
f 9653 6715 9365
f 9917 13082 9916
f 4529 4229 3613
f 4993 7078 6808
f 589 1477 62
f 7110 5020 6838
f 1477 335 62
f 12985 10164 11483
f 1384 1087 1383
f 1896 744 2160
f 4194 5203 5204
f 4890 6700 6968
f 2704 1610 1874
f 7387 11385 8539
f 9260 9607 8691
f 12527 11970 12780
f 7593 7640 6873
f 599 81 1524
f 12512 12531 12759
f 3894 3889 5482
f 5800 5839 4852
f 3144 106 2850
f 4937 7735 7019
f 487 193 1646
f 9097 9667 9672
f 13108 8919 11535
f 1154 3694 1445
f 5343 5063 5395
f 1171 888 1234
f 10777 10018 10498
f 6654 6924 6944
f 11309 11072 11854
f 9629 9340 6946
f 11694 13313 10933
f 8684 13062 9264
f 5945 6224 3018
f 608 65 1800
f 8986 9558 9027
f 10144 9818 10156
f 4607 3698 5741
f 9272 6889 9577
f 2763 1687 522
f 9577 9054 9574
f 3877 3873 4177
f 5667 3508 4708
f 6829 9784 6827
f 1463 333 1480
f 1811 2360 1810
f 10168 9903 11505
f 8108 8116 6421
f 4199 5511 3907
f 7455 7922 5679
f 9301 8721 9055
f 8226 6526 8217
f 6874 6624 6672
f 9317 8749 8750
f 1194 987 901
f 13085 9492 11375
f 7621 7668 4865
f 3460 4425 3519
f 11082 10963 12151
f 10764 7870 7500
f 590 65 40
f 3261 1593 715
f 7149 8351 8087
f 12862 11706 10929
f 5112 82 646
f 6213 8422 8425
f 5290 1424 5572
f 4373 2332 3496
f 2224 1968 1404
f 2127 156 2976
f 10750 12594 12837
f 9730 9151 8863
f 9730 8863 9151
f 722 3253 159
f 1194 4417 987
f 12817 10722 12009
f 590 40 52
f 4662 4663 5644
f 9195 9194 8886
f 13052 11510 13056
f 3131 6085 5805
f 2016 600 30
f 4335 3450 3449
f 2284 2309 2578
f 9569 6876 8986
f 1167 7173 2055
f 3588 3584 4494
f 4666 4691 5679
f 7600 6911 7632
f 12629 11624 11591
f 8561 11581 11604
f 5983 6005 6290
f 12084 12250 12261
f 6973 7686 6967
f 4904 7699 6717
f 10176 9907 10205
f 1633 184 479
f 1630 1639 3886
f 7029 8854 9426
f 11187 9871 13039
f 1146 3678 3982
f 4968 9166 12167
f 11395 11151 11383
f 6888 4875 6690
f 11196 5816 8016
f 4864 7686 9352
f 5645 4666 4659
f 6343 7197 8301
f 4068 4065 3784
f 6143 5862 5867
f 11290 11121 11210
f 10706 11987 12547
f 6570 6016 8261
f 3224 2946 7229
f 4343 3444 3735
f 6875 7631 5117
f 4813 6692 6694
f 3920 5514 794
f 1339 1049 1043
f 8268 3388 8266
f 10952 12763 11757
f 3539 4450 3534
f 12554 12543 12800
f 2795 2528 2248
f 8008 6029 5770
f 13391 3385 8524
f 2154 2428 1883
f 6684 6969 4869
f 2258 279 848
f 3139 3159 2851
f 13438 13169 6863
f 11021 6291 6004
f 3409 4346 3778
f 9706 9696 9133
f 977 1801 2634
f 6703 4880 6699
f 7525 1125 7969
f 2751 1934 2194
f 1196 896 1206
f 6202 8178 5923
f 7016 7019 7735
f 9858 13056 10240
f 9694 1344 9405
f 5059 5363 5066
f 5840 3195 2909
f 9409 9118 8836
f 3285 3278 2994
f 3285 2994 3278
f 5551 5273 4253
f 9646 9075 6702
f 7068 7064 7783
f 10619 10617 10448
f 12026 11661 8640
f 8059 6384 2618
f 6606 9674 9101
f 5199 5476 5202
f 4033 4874 6605
f 1494 96 1513
f 9289 8697 8291
f 3147 5792 6070
f 7960 7959 7518
f 11397 11279 11394
f 11397 11394 11279
f 1494 1513 342
f 1338 1341 1048
f 8006 7186 8279
f 10757 10023 11918
f 4029 4421 988
f 1522 1528 370
f 6878 6936 7618
f 7446 4408 4705
f 1756 604 2065
f 8063 8343 6362
f 3383 6836 6302
f 10583 10098 10870
f 3751 2299 320
f 749 1896 2171
f 8554 7474 11600
f 8846 8454 7314
f 2992 5905 6180
f 1618 1609 730
f 593 64 53
f 8489 7349 3341
f 5172 4456 4152
f 8204 9706 9133
f 10335 10846 10552
f 6524 7324 6517
f 2134 1883 2428
f 13219 13214 13487
f 8254 6567 6572
f 11141 11135 11254
f 4373 2596 2332
f 3131 5805 2849
f 4037 3811 5079
f 9926 10253 10252
f 6167 413 1588
f 2435 459 2702
f 8473 8211 6518
f 3325 3026 3024
f 2965 3243 8384
f 7895 7448 10793
f 750 2156 1890
f 10457 10550 10349
f 4844 4835 6644
f 12811 12004 10717
f 1091 4525 1378
f 258 829 256
f 9648 8790 9358
f 7137 2295 6330
f 8365 1829 1817
f 9513 8938 9217
f 6096 5814 6111
f 5775 6324 7196
f 7596 6939 4857
f 7596 4857 6939
f 3643 4555 4250
f 7026 6756 7740
f 10644 36 10946
f 9764 8894 9179
f 8264 6572 6567
f 3939 4229 4536
f 7897 10020 5686
f 3684 1427 4588
f 3259 7715 2980
f 723 1865 8396
f 3529 2362 2640
f 12061 10953 12221
f 8680 9030 9573
f 9266 8697 9289
f 6209 8168 6205
f 1836 2098 1842
f 9937 10258 12179
f 5061 10794 1271
f 13377 12942 12002
f 10629 11947 10682
f 6547 6561 8252
f 13518 13255 13517
f 1150 4279 3695
f 6439 8128 6152
f 5703 1396 7961
f 4579 1138 4275
f 11668 11666 12825
f 3878 4177 1627
f 3405 2322 2573
f 7256 1859 150
f 3576 2729 4490
f 7379 8526 8531
f 12393 12658 11618
f 1199 894 895
f 3046 7346 3335
f 10422 12556 12808
f 1059 4495 1346
f 9945 13101 9489
f 13435 13183 13161
f 7879 8603 5669
f 3536 4140 3840
f 2933 3217 2927
f 11860 11338 12892
f 13317 12904 11344
f 4300 3420 4344
f 10999 12922 11762
f 7372 11133 6295
f 7597 7615 6898
f 13537 13276 12191
f 10315 10476 10843
f 704 696 1572
f 2875 7196 7197
f 13426 13442 13165
f 296 1532 12749
f 8455 7316 7301
f 7467 10547 10839
f 7726 6729 7725
f 9139 8194 9710
f 10796 10081 10863
f 7866 1184 7488
f 6425 6419 7232
f 9689 6741 6744
f 4616 7893 5647
f 11409 13040 7434
f 11292 11711 11200
f 3218 5845 2926
f 5713 2234 8617
f 11019 11025 11781
f 6528 8224 5970
f 13457 12242 13048
f 11944 10851 12784
f 10412 4220 10578
f 2680 2393 12424
f 4106 3810 3792
f 9078 4888 4892
f 11319 12905 11835
f 10588 10420 10097
f 1306 3540 2116
f 13181 13224 13448
f 13181 13448 13224
f 4792 8939 7834
f 2024 601 40
f 6109 6120 3211
f 8447 8183 6487
f 48 324 2293
f 10870 10098 10087
f 4007 3750 3758
f 11195 11114 10197
f 7299 8435 3017
f 7166 6072 8312
f 3642 1112 4554
f 6406 7215 8094
f 5774 5806 6046
f 4667 7499 10849
f 7122 8316 8303
f 246 826 540
f 2128 1866 2139
f 1894 1890 2156
f 8652 11669 8644
f 8652 8644 11669
f 4171 4170 3869
f 6882 6892 7629
f 11430 11839 11335
f 12220 13466 12247
f 8299 7148 3138
f 597 39 1748
f 1679 12829 2820
f 3847 1292 3533
f 7016 4927 7019
f 9683 9680 9676
f 6328 5793 6075
f 3167 8329 6929
f 9229 9523 9804
f 5353 1206 896
f 10487 10390 10014
f 13096 11533 10262
f 11653 8634 8630
f 9572 4793 6612
f 10934 11701 5761
f 9793 9221 9509
f 9668 9098 3551
f 561 274 844
f 12081 12151 12301
f 1363 1069 4508
f 10436 10109 10899
f 10436 10899 10109
f 3072 3373 3089
f 3733 4066 3494
f 11407 12122 13145
f 1229 3472 5368
f 11292 11200 11068
f 1896 2160 1903
f 1244 5378 3492
f 6091 8055 5812
f 3465 3763 3806
f 75 340 1505
f 78 2049 653
f 875 1741 1264
f 11462 13077 11334
f 4787 12082 5842
f 5947 3314 6225
f 3734 4393 10571
f 909 4037 5079
f 10263 13099 11530
f 56 52 325
f 4348 4037 909
f 7284 8420 3283
f 610 2020 1749
f 10877 10087 10098
f 7888 11840 8582
f 10363 10524 10073
f 6236 6762 6234
f 10893 7544 10599
f 3028 3016 5937
f 6990 5185 7705
f 3968 5283 4262
f 8347 8094 7206
f 12348 12192 10283
f 4665 4695 5654
f 7147 2846 8341
f 13002 11444 10199
f 5645 4659 7439
f 12194 10283 12192
f 1442 4596 3689
f 10090 10417 5559
f 613 68 598
f 7648 2893 6923
f 518 3619 3935
f 8477 8212 8467
f 3143 7157 7172
f 12618 11579 8557
f 5599 12606 4677
f 2855 8995 4845
f 11282 11161 11281
f 8996 6666 9591
f 9212 9501 1422
f 2500 2218 1946
f 1807 2063 2359
f 2406 6435 1597
f 2364 2354 2631
f 2025 1750 1792
f 5755 6068 5789
f 12367 8581 12660
f 3444 4061 3735
f 5264 5538 5256
f 1617 1879 727
f 11983 187 11629
f 9803 9517 9220
f 1475 72 627
f 9546 10159 9888
f 518 2759 2486
f 3951 4999 5542
f 6472 6189 8151
f 3444 4355 4061
f 8559 12420 11593
f 7896 7514 985
f 5803 9022 4851
f 9284 6939 6637
f 1420 1129 1419
f 1420 1419 1129
f 4050 3742 4342
f 8018 6336 5780
f 5555 1409 1126
f 3973 3667 4571
f 10669 11964 12766
f 617 1505 57
f 7415 4718 7927
f 910 896 5140
f 5745 5765 6027
f 2205 2475 2197
f 6266 5970 5975
f 1675 1674 226
f 10197 13045 9917
f 10115 10890 10114
f 10729 10716 12564
f 5072 5347 897
f 9948 9943 13103
f 10875 7526 11634
f 910 5140 980
f 2094 676 1822
f 8998 4857 8696
f 3713 4058 3762
f 7544 7533 4744
f 13131 11909 13401
f 12984 11484 10149
f 5470 3868 5194
f 12172 5995 11009
f 7256 2970 3266
f 562 3382 6303
f 2338 373 3811
f 6708 7695 4897
f 2674 2385 2107
f 12253 9895 10222
f 11900 11386 13124
f 6787 9738 9166
f 6614 6881 9555
f 157 163 725
f 4301 4126 899
f 9993 10778 9989
f 13203 10172 12093
f 3847 3533 1297
f 3415 4367 4327
f 5941 3015 3301
f 915 901 1279
f 9111 9682 9677
f 4106 3792 5396
f 1211 905 5103
f 9410 9121 6489
f 6143 5867 3241
f 5348 1203 903
f 2182 2457 2721
f 9000 4874 3439
f 8992 6693 4876
f 8242 6547 8241
f 13225 13491 13490
f 12182 12187 12339
f 4222 1100 5239
f 7522 10868 1126
f 8037 6100 8064
f 4797 5773 6050
f 762 1639 478
f 8042 6345 8048
f 10894 7989 7553
f 11655 12017 8636
f 12042 10391 12276
f 13218 13217 13486
f 9860 10187 11111
f 1935 2200 1930
f 5775 7196 2875
f 13130 9963 13546
f 4550 1108 3635
f 9545 9018 9019
f 1670 222 507
f 9562 6889 9272
f 8617 11646 4741
f 628 1800 2067
f 5925 6203 8174
f 8037 5802 6079
f 10653 11958 11978
f 9370 9656 6981
f 48 2293 2022
f 3813 4429 4130
f 10582 10431 3983
f 13206 13486 13052
f 3949 3636 5539
f 9152 8855 4958
f 6877 9331 9313
f 11288 11859 11208
f 2822 2547 6571
f 1502 2599 346
f 13550 13401 12963
f 4065 5079 3819
f 4040 4396 5102
f 4823 9040 6641
f 3435 937 3434
f 7247 8119 8386
f 8999 4871 6961
f 7224 6408 8118
f 9278 9277 6918
f 2849 5805 6373
f 8565 12665 12405
f 679 109 384
f 11424 13043 12978
f 2471 1927 1058
f 9696 9124 8830
f 2938 7211 8362
f 2016 326 2309
f 9265 6905 6641
f 3643 3956 5557
f 3903 1651 493
f 10912 10453 10134
f 4 12631 9
f 12780 11980 10696
f 7379 8531 8259
f 608 1800 628
f 5678 3826 3477
f 2653 1561 395
f 7354 7353 8501
f 8692 9275 6891
f 12962 11043 11045
f 3110 3157 2841
f 12832 12586 12828
f 926 4420 9327
f 8987 4861 13216
f 9290 7631 6911
f 5448 5167 4154
f 9290 8699 7631
f 7836 8954 7116
f 56 329 52
f 1108 1390 1098
f 272 10732 12020
f 515 1667 4216
f 9290 7600 8701
f 8234 9180 9759
f 1335 4472 3567
f 908 9308 4376
f 1171 1234 935
f 3510 1288 1818
f 1062 1070 1929
f 3753 3449 4345
f 12162 13252 13513
f 1312 4454 3550
f 6345 2603 8048
f 4616 4706 5682
f 9559 6678 8987
f 6653 6934 4829
f 8703 7599 9303
f 3981 5286 5575
f 12917 13354 2936
f 3263 5901 2986
f 9855 11203 11085
f 208 762 198
f 3728 10020 5359
f 9006 8710 4817
f 11669 11656 12024
f 11669 12024 11656
f 5209 5490 3893
f 11715 11106 11743
f 7608 6893 6918
f 7991 7550 10897
f 7991 10897 7550
f 9677 9108 9389
f 7384 8264 8533
f 8271 8269 8530
f 4806 6678 9559
f 3653 4582 3679
f 11567 11614 12411
f 11554 13541 13123
f 3606 4517 1077
f 8308 8067 8080
f 12463 10752 8654
f 915 1279 5430
f 11989 10704 11987
f 299 614 1507
f 299 1507 614
f 2895 3199 6115
f 10042 7919 10688
f 7147 1758 602
f 4550 3654 2515
f 2854 3143 7172
f 8563 8557 10661
f 13551 13550 13287
f 7773 6776 4971
f 9259 8709 9292
f 9384 8813 9388
f 4041 3739 3472
f 11029 11030 13382
f 4347 4041 3472
f 7176 6363 8073
f 13149 12272 13187
f 8214 6245 5959
f 13375 11015 11780
f 7435 7957 7935
f 9303 6898 7684
f 3002 3284 3281
f 12377 11605 7918
f 12340 12184 6824
f 8361 2923 7204
f 11262 6560 8253
f 10955 10976 11732
f 12498 12773 12742
f 8204 8466 9706
f 9362 6980 7694
f 5552 4237 5267
f 4527 3615 4521
f 2152 2703 2429
f 6619 7611 4799
f 259 548 1709
f 3439 3765 5371
f 12573 10719 12816
f 12683 11633 8618
f 8543 7391 7390
f 567 280 850
f 9985 7454 4695
f 13019 10179 9915
f 3609 4513 1073
f 4343 4043 1486
f 4343 1486 4043
f 9484 9742 8888
f 7221 5862 8378
f 4281 4290 4603
f 1116 1124 1415
f 9748 9171 9167
f 8999 9560 9286
f 8999 9286 9560
f 12281 13478 12115
f 1217 9000 3439
f 11893 11548 11380
f 11428 7916 10170
f 5352 5132 5096
f 5015 6833 4282
f 6061 2873 5796
f 493 199 1645
f 5472 5192 1332
f 3039 4941 5956
f 107 367 1538
f 2602 2316 1778
f 11715 11220 11106
f 9703 8465 8208
f 2690 8137 2412
f 623 66 1487
f 8925 9507 7822
f 4503 2743 1921
f 8756 9340 8770
f 7026 7740 7023
f 2864 6062 5776
f 7026 7023 7025
f 8026 6340 9041
f 13380 11779 12940
f 8864 4953 9145
f 13155 12101 12298
f 5657 4667 10050
f 5358 3787 3502
f 2491 1672 2481
f 4760 10608 7557
f 4275 4273 3980
f 9178 4986 9755
f 647 5397 5149
f 10687 12775 12528
f 2298 337 63
f 749 745 1896
f 5366 5092 5081
f 9998 10061 7939
f 2745 9709 4500
f 6328 4798 5793
f 4335 1216 886
f 10652 10651 11956
f 7764 4952 6772
f 9443 8874 7064
f 6892 4834 7629
f 5907 2985 6175
f 8501 6538 8233
f 2577 2028 2305
f 13162 12142 13497
f 6996 7713 5179
f 6740 4919 4920
f 527 4535 1683
f 7873 7505 7515
f 6109 3211 2927
f 155 2670 708
f 11090 11225 6333
f 10413 10589 10426
f 4800 6926 7644
f 1064 1926 1925
f 7813 6008 5007
f 13126 11556 9521
f 1560 386 1549
f 8691 7611 11491
f 9320 8743 8311
f 6149 3241 2955
f 6669 4858 4867
f 12100 13486 13217
f 2862 6955 7614
f 2446 2444 2454
f 3223 6138 2947
f 1316 1142 1140
f 7370 9492 8913
f 6326 6331 8019
f 12484 12747 10668
f 3909 3908 5508
f 3767 4071 3789
f 7910 4720 7466
f 12694 12450 5737
f 13357 13355 12917
f 12512 12759 11950
f 2472 1059 1928
f 4062 4125 3825
f 7443 7512 7954
f 11427 12995 9839
f 4989 7786 7074
f 4800 6610 6926
f 3963 1419 10094
f 6629 6907 4819
f 1646 755 484
f 105 5143 5142
f 6577 7374 7376
f 7032 7749 7044
f 12519 12765 12533
f 10955 12264 11746
f 1406 4541 1114
f 10758 10783 10071
f 3424 321 2285
f 4201 2466 3594
f 13316 13240 12912
f 10393 10079 10406
f 4091 1521 642
f 9665 9089 9375
f 7093 7803 9492
f 3224 8361 7224
f 2573 12644 4692
f 8879 9167 9738
f 908 1220 8732
f 4552 3646 3962
f 13133 10968 13311
f 1441 4605 3687
f 10496 10389 5658
f 7989 5721 7542
f 8768 9346 9614
f 3549 4453 4155
f 7889 7442 11584
f 2024 608 628
f 9282 9606 8774
f 3130 6867 6597
f 2400 6434 5884
f 5862 8098 6137
f 11841 11462 11334
f 5013 6830 6296
f 11326 11225 11842
f 12921 13362 6220
f 3878 1627 2448
f 1050 2727 2166
f 3715 4025 4104
f 3584 1342 1048
f 5621 4634 7429
f 9675 8817 9387
f 4727 4568 3685
f 10497 10026 10861
f 5257 5250 5532
f 1189 879 7437
f 690 139 396
f 9243 11323 8280
f 12633 11589 8575
f 5466 5187 5185
f 8016 6073 6319
f 6918 7663 7664
f 11474 10224 12153
f 10273 10272 9948
f 5521 3914 10083
f 8576 7501 7938
f 9337 9065 8766
f 5776 2902 5817
f 4672 7956 5698
f 607 2036 1751
f 607 1751 2036
f 9653 9365 9079
f 4030 5048 4115
f 6612 10205 9907
f 8612 12436 12675
f 705 147 1575
f 10348 10838 10054
f 5733 10600 4748
f 5355 3816 4109
f 5897 6445 2974
f 4556 4563 4727
f 6786 6781 4967
f 8024 8307 6337
f 4612 7464 4681
f 5072 5377 5082
f 8294 7173 8338
f 8504 8235 6542
f 4593 3686 3692
f 4550 2515 2777
f 6056 4812 5841
f 12218 12057 13461
f 2716 2448 468
f 6881 7617 6896
f 4690 10610 10439
f 4690 10439 10610
f 3259 2982 2969
f 9192 9779 9489
f 265 836 837
f 12281 12891 13478
f 1440 3662 4590
f 265 3378 836
f 5077 910 5358
f 8191 8182 8444
f 800 2213 1947
f 910 5127 5358
f 9708 4957 6764
f 10802 5081 10018
f 13150 13492 11495
f 7777 3054 6529
f 4775 7578 6857
f 5074 5425 5085
f 4338 3505 4423
f 1441 4594 1149
f 6614 7629 4809
f 8048 4384 9605
f 9283 8700 8712
f 2538 1723 2813
f 4852 9624 6684
f 6616 6626 6889
f 4646 5655 4684
f 11645 12686 12687
f 11645 12687 12686
f 9592 9017 6907
f 11391 11386 11900
f 5072 1261 5377
f 8996 9632 9005
f 2374 2384 2661
f 2298 2307 2582
f 2410 2696 2418
f 8025 8081 6389
f 4635 5619 3500
f 6650 6913 4834
f 11395 11277 11151
f 496 206 767
f 2032 2305 2028
f 13271 13530 13528
f 5083 5358 5127
f 2102 1847 2667
f 11260 11130 12678
f 9801 6842 8270
f 5361 4107 3803
f 12988 11500 13059
f 3480 2337 4386
f 854 567 283
f 11045 12958 11042
f 11136 11133 11255
f 8386 8119 8111
f 11947 12634 11602
f 7144 8296 7153
f 3740 5078 331
f 11267 11148 11788
f 2298 2582 337
f 3152 5804 2887
f 6026 6043 5753
f 7461 7906 10071
f 4531 2482 3611
f 3841 4436 3521
f 2299 2575 1767
f 10349 10550 10842
f 13015 13071 7510
f 9733 9725 8863
f 4767 4082 3788
f 1211 961 1262
f 3147 6947 2906
f 8990 6682 9557
f 11445 13069 13192
f 13159 4856 8679
f 7136 8348 8297
f 1245 955 1785
f 9591 8761 9314
f 2300 2584 4388
f 5351 5136 3762
f 8036 6086 3160
f 8967 10157 4796
f 10431 4756 4290
f 5459 1304 5172
f 9130 9695 9406
f 9187 6812 9763
f 4550 3635 4549
f 3366 3376 3091
f 13010 11464 11448
f 10677 11972 10692
f 5111 5098 5380
f 11729 10956 13340
f 12644 3459 5673
f 10270 9946 9951
f 4202 5510 3912
f 10025 10035 10813
f 6060 3148 6117
f 3875 4169 5473
f 6616 4876 6662
f 2672 2114 1850
f 10079 10569 10406
f 8130 8121 6424
f 1501 52 329
f 2226 2503 2771
f 2226 2771 2503
f 743 453 172
f 2554 8008 6330
f 8241 8252 6559
f 3360 3069 3358
f 6632 7671 6947
f 8725 9318 9593
f 7406 4716 7515
f 6269 6001 6002
f 1450 53 2564
f 9479 9765 4998
f 12843 12589 12591
f 11904 11155 11276
f 2131 2694 1607
f 7827 5018 7104
f 5663 7904 5662
f 8996 6608 4794
f 1584 698 2677
f 9513 8939 9219
f 6237 6224 5945
f 12740 11969 12782
f 49 628 667
f 8547 11611 8598
f 5796 2873 7197
f 11453 11315 12994
f 15 5341 615
f 5586 4284 3986
f 10350 4075 3771
f 13367 11769 13366
f 8739 8761 9331
f 7460 7459 4689
f 7460 4689 7459
f 12029 12826 12699
f 10180 12910 12140
f 854 1730 567
f 5281 5299 1438
f 4051 3751 4062
f 248 3370 820
f 5439 5156 994
f 6921 7638 7624
f 2300 2308 2584
f 11095 10184 9859
f 1914 2724 2179
f 9646 6702 6707
f 7587 4797 4825
f 7970 1126 1414
f 12598 10751 12039
f 2024 628 1765
f 949 1254 4396
f 254 825 1703
f 4802 6629 6617
f 12369 8579 11598
f 780 791 212
f 28 336 335
f 845 275 274
f 6202 6200 5914
f 10959 11756 11733
f 9285 6883 7605
f 2308 2313 2583
f 12216 13026 9825
f 154 705 423
f 8970 3519 9600
f 3606 1366 5512
f 553 1712 839
f 13536 12343 9951
f 8717 924 1218
f 11560 10291 11557
f 6056 5790 8040
f 7616 8713 6941
f 9492 9491 8913
f 6897 6646 6672
f 6619 7618 4818
f 2249 11261 11140
f 2853 8300 3149
f 579 2023 45
f 7396 7871 7889
f 3071 3362 5973
f 9093 9663 9090
f 1235 1251 954
f 10531 10392 10572
f 5024 6568 8943
f 12200 13544 12357
f 2744 4507 1069
f 8314 7194 8044
f 13186 13460 11465
f 4835 7663 6644
f 6008 3094 3378
f 2826 3110 5819
f 10803 10569 10532
f 31 602 38
f 11995 12003 10701
f 10708 11990 833
f 435 1603 5883
f 6869 5342 7602
f 11913 12754 10628
f 10937 10930 11702
f 3843 4142 4135
f 2178 2451 1911
f 249 1697 818
f 884 904 1200
f 10306 5694 10493
f 941 2058 1793
f 7382 9221 6573
f 6616 6889 9562
f 2229 2511 3648
f 13321 11756 11328
f 9437 8215 9430
f 11511 13504 13245
f 6063 6058 5784
f 5385 88 1251
f 10186 9919 9918
f 609 1484 1524
f 12213 11690 10937
f 11531 13099 10263
f 3753 4063 617
f 7566 4774 7598
f 533 1696 540
f 89 646 657
f 7743 7034 7038
f 12174 12335 11006
f 12168 4967 6786
f 12168 6786 4967
f 8999 4806 4871
f 8664 13193 7679
f 460 1614 2701
f 6865 6962 6596
f 3413 975 4417
f 13322 11728 12912
f 1886 2699 12672
f 10230 11232 12144
f 12964 11424 12978
f 8702 9298 9329
f 9572 6612 9907
f 7608 6891 6628
f 12085 13449 13201
f 11393 11905 11674
f 6887 7661 6642
f 3450 4345 3449
f 12207 13163 13450
f 11212 11845 11097
f 2224 1954 1968
f 13550 12963 13287
f 4348 4390 3463
f 385 1550 382
f 5811 6105 6108
f 12790 4206 10576
f 13218 12117 12284
f 1755 2577 2305
f 6785 5962 4960
f 2027 1812 1769
f 1506 1535 12774
f 8119 3238 8374
f 8773 9066 9639
f 3297 8422 6213
f 9004 8708 9574
f 8822 7729 9391
f 159 2131 726
f 4293 1158 4604
f 2209 806 1941
f 4054 4063 3753
f 13131 13286 11562
f 8903 8901 9765
f 400 2369 2379
f 3407 3822 4133
f 11267 11028 11785
f 9497 9496 9785
f 6606 4917 9674
f 5946 3014 7295
f 1626 743 1625
f 12051 10918 10206
f 8631 8635 11656
f 1510 4114 359
f 8645 10901 12020
f 10176 12310 9907
f 12968 9237 11414
f 7575 13442 6854
f 9280 9029 8742
f 5863 6403 5853
f 1460 2292 2310
f 5241 5517 5238
f 9000 9581 9007
f 12055 13223 13180
f 4584 2805 1143
f 3464 4351 3494
f 12087 10241 10203
f 8007 6068 5755
f 4821 12310 12110
f 5352 5091 5132
f 570 1731 12582
f 2854 3150 2865
f 2491 516 2756
f 10151 13068 9896
f 808 234 1947
f 8993 8763 9012
f 1757 1761 2065
f 9995 5081 10802
f 6409 8111 8374
f 1196 4413 3506
f 4054 5089 3833
f 1229 5082 919
f 12997 13445 13205
f 11176 11194 11108
f 10545 12521 10401
f 7421 7931 7508
f 9734 9452 9454
f 3364 8499 8230
f 1217 917 926
f 2068 2631 2354
f 4846 9597 9026
f 13188 12109 13447
f 2103 2098 1833
f 11803 11309 11854
f 7097 7815 7821
f 9399 6736 7007
f 4505 2468 3596
f 457 3872 3561
f 8521 3095 1972
f 3201 8344 6124
f 613 1485 6090
f 10270 9951 12343
f 3476 4386 3489
f 7228 5855 6407
f 3779 4121 4406
f 11299 12976 11817
f 13130 11560 13125
f 11099 11098 10188
f 11559 9965 10290
f 4597 3692 3686
f 9545 8961 9544
f 3941 5253 5538
f 3973 3668 3667
f 5865 7215 6406
f 9790 8926 8927
f 7143 6338 3184
f 12965 10148 11407
f 466 457 1621
f 5504 5225 5511
f 10540 10385 12777
f 7740 4934 6750
f 4674 7480 7921
f 6669 5825 4858
f 9134 9697 9408
f 181 2167 1899
f 12205 12077 13469
f 8955 9518 7115
f 6492 8184 6489
f 3513 3518 1290
f 3354 5978 3065
f 10258 12176 10264
f 4011 3755 4409
f 4471 3559 1032
f 13292 12857 12865
f 8186 8436 3303
f 6812 4995 9763
f 3126 7582 3121
f 3120 5823 6055
f 5256 5253 5533
f 414 1571 702
f 11096 11487 10174
f 4734 5726 12674
f 1579 697 138
f 3643 4250 3956
f 898 4429 3524
f 4348 3455 3497
f 3949 4256 3636
f 10090 5559 5274
f 10599 10879 10428
f 6849 6589 4774
f 747 1899 176
f 3453 1243 8706
f 9859 10212 10241
f 6622 4863 6959
f 8014 8295 7139
f 1960 2230 2229
f 7791 7075 6803
f 7791 6803 7075
f 9806 6845 9230
f 56 636 329
f 7085 7792 4984
f 9076 8790 9657
f 350 3483 2319
f 2062 383 95
f 3785 355 4092
f 10200 10230 9861
f 2326 375 2047
f 2656 3542 2386
f 9112 9105 9673
f 11593 8595 11610
f 750 2708 1629
f 8686 9341 9277
f 9288 13025 6956
f 8809 9097 6999
f 9556 6657 9633
f 1189 7437 7881
f 5171 4151 5450
f 3050 5970 7347
f 7850 5604 7464
f 186 2436 2155
f 13090 9467 9932
f 6107 8084 11238
f 6302 5016 6299
f 8101 8359 8099
f 13468 13222 13223
f 5041 5404 944
f 13409 11708 13298
f 184 1904 756
f 2026 1760 2080
f 2975 2985 3270
f 12800 10722 12815
f 1273 4415 976
f 1313 3552 4458
f 4578 9211 1132
f 11676 8648 11664
f 10928 10972 12896
f 9007 8716 9298
f 13424 13227 13199
f 3900 4192 3896
f 9587 9064 9298
f 12554 12815 12801
f 5418 3834 5133
f 8372 8370 11358
f 12331 9923 12325
f 10093 5276 5563
f 12394 4699 12626
f 10877 11992 5275
f 10710 12571 12003
f 6797 4975 4977
f 4942 4936 6752
f 9405 8826 8829
f 7915 7467 10839
f 2504 2219 1949
f 11675 12709 12462
f 1662 284 571
f 1501 65 52
f 3258 2977 5893
f 5330 879 1189
f 646 101 657
f 9768 9458 9758
f 693 687 134
f 3993 5566 4278
f 8999 9583 4806
f 2931 3210 2930
f 4753 5738 4752
f 11777 11025 11019
f 5896 5898 431
f 6548 8253 6560
f 11390 11389 13394
f 8108 6410 8116
f 9152 6525 8855
f 4062 1490 650
f 10013 10076 10843
f 5367 1227 5093
f 10278 10277 11544
f 2865 3150 6069
f 10062 10572 10392
f 9572 9049 9565
f 1331 3559 3565
f 1937 2752 8209
f 7060 8902 7800
f 9362 9660 6980
f 4392 1284 958
f 3131 8011 6073
f 3154 6955 2862
f 7146 7140 2849
f 4352 1244 3492
f 7395 4672 7909
f 2056 977 1256
f 8961 8679 4856
f 1766 2317 7150
f 4352 946 1244
f 9229 9804 9225
f 13115 13275 13536
f 4771 6671 6683
f 7154 7195 6337
f 9934 13258 12177
f 4676 10515 4711
f 7156 8036 8313
f 615 363 69
f 6499 8187 8447
f 6092 3197 5833
f 4354 3455 938
f 5011 9504 7815
f 4814 6891 6627
f 2554 6330 2295
f 13406 13176 12281
f 5060 5368 3739
f 7071 6801 4977
f 4813 6694 4058
f 1487 359 86
f 2149 2696 2422
f 5082 5377 4098
f 11569 8589 12406
f 1357 3602 4503
f 5781 2882 6086
f 11769 11008 12927
f 2585 1770 2078
f 7307 6491 6498
f 4072 5358 5083
f 6242 6520 5960
f 11330 11113 11229
f 11263 9205 6559
f 2870 6669 6906
f 4198 1659 498
f 6059 2867 5782
f 8726 9041 6340
f 8042 8048 6358
f 8758 9342 9624
f 9010 8744 9003
f 11060 11331 11852
f 6889 6626 9577
f 723 729 164
f 3007 7280 11880
f 2076 983 1277
f 5783 6119 3158
f 11931 11608 11603
f 4484 3878 2448
f 2339 2607 2333
f 6628 4814 6908
f 3325 5954 6240
f 12470 10952 12751
f 1753 1494 619
f 9529 9897 6590
f 328 92 327
f 10755 10760 9974
f 3766 3768 5083
f 5059 5141 3760
f 8463 7324 8467
f 10812 5085 4074
f 579 77 2021
f 10280 8932 11545
f 1489 624 67
f 7426 921 7938
f 12159 7748 6767
f 7850 7465 11594
f 2307 2074 1768
f 9710 8194 9702
f 3674 3670 4574
f 8992 4876 9562
f 3051 5969 7339
f 3147 6070 6903
f 519 2214 2770
f 437 1600 1608
f 9580 9003 8744
f 9580 8744 9320
f 7224 8361 2934
f 1565 408 397
f 1150 3695 4595
f 10266 10274 9949
f 13029 13471 11469
f 5451 5172 4152
f 9146 9713 9423
f 13472 6642 12282
f 11630 11990 10705
f 4241 4240 5259
f 592 33 106
f 5956 6754 6241
f 7471 4698 5695
f 8714 7666 6905
f 1741 2037 1264
f 6074 6119 3208
f 4852 5839 9034
f 6498 7298 8191
f 7379 8259 6566
f 8724 7664 7663
f 3152 2867 6059
f 3730 5332 5395
f 7865 7468 7877
f 10470 4709 10560
f 12776 1526 12521
f 870 1232 5064
f 10979 11759 10988
f 13090 11522 9757
f 8032 7158 6339
f 8687 7623 6915
f 6632 6903 7624
f 1129 1123 4561
f 8906 9174 9746
f 7620 4828 4816
f 9773 9198 8910
f 6340 5783 2866
f 13368 13366 12927
f 3021 3009 3299
f 2027 1769 2584
f 1256 2605 2050
f 5397 3830 3829
f 2027 2584 1812
f 12797 12551 1704
f 6896 7617 6645
f 10035 10370 10533
f 6529 8223 8215
f 6380 6397 7190
f 57 1505 338
f 3400 4309 892
f 1085 3603 1377
f 11993 823 1703
f 5599 4678 7463
f 6171 1590 5894
f 12351 12193 9957
f 10583 10414 4255
f 8221 6525 9152
f 2704 1874 2142
f 8546 7924 7475
f 3945 3670 3681
f 3705 4011 4409
f 7636 4831 9314
f 2765 1676 515
f 4520 1372 1075
f 7678 4879 4866
f 9199 8890 8911
f 7357 8502 6538
f 9139 9715 9432
f 4819 6907 7652
f 7129 5770 2827
f 10467 10347 10532
f 8032 9580 9320
f 11166 11337 11091
f 9013 9583 8715
f 6901 7646 6939
f 9013 9345 9583
f 5362 1222 5087
f 86 359 5397
f 9077 9084 9655
f 12164 13513 12321
f 7560 10441 5741
f 11238 8084 6391
f 8632 12444 8622
f 2817 1985 2255
f 9194 9202 9776
f 10805 10519 10518
f 8035 6072 8033
f 10645 11928 10658
f 1908 757 188
f 9215 1430 3989
f 9622 4864 9352
f 2599 1786 346
f 7620 6662 6904
f 2759 1677 2485
f 1598 6163 718
f 8136 6440 8126
f 4615 10146 5607
f 11515 13108 8932
f 3048 7342 7347
f 693 1585 2666
f 6825 5007 4259
f 9275 6627 6891
f 1467 664 25
f 8547 12619 11611
f 5384 5099 3833
f 10645 10658 11924
f 4063 3833 5099
f 6061 2870 3169
f 2165 179 1897
f 13379 3375 8520
f 6320 8081 8025
f 9191 9186 9466
f 8980 9292 8709
f 12110 13481 7656
f 12193 10284 9957
f 6942 6686 9326
f 7086 7792 7802
f 13174 13022 11494
f 8482 8480 7331
f 4993 6808 6807
f 1540 1529 653
f 11639 10713 8623
f 12888 12887 13330
f 44 626 1503
f 530 1703 243
f 7525 7979 5724
f 8724 4850 7664
f 3181 7677 6933
f 9150 9721 8860
f 1788 2051 1804
f 9179 9465 9757
f 11909 11397 11908
f 11070 11827 11198
f 11070 11198 11827
f 7049 7760 6768
f 2314 8349 8085
f 7026 7025 3327
f 9469 9487 8915
f 769 761 196
f 685 120 675
f 5771 11721 10946
f 13090 9757 9467
f 12036 10739 11673
f 9438 9143 9717
f 13035 13501 13034
f 11014 11005 11006
f 515 1676 506
f 8038 6389 5825
f 8249 5998 5997
f 8040 6342 8039
f 1140 4581 4271
f 10634 11942 10680
f 4821 7656 9049
f 10249 12166 12326
f 2035 1768 2074
f 6200 5911 5914
f 8726 8320 9316
f 12430 12561 12557
f 1677 510 2485
f 13184 12080 4820
f 12521 3817 10401
f 13522 9937 12334
f 11450 12992 10215
f 8762 9049 7656
f 5483 4185 5200
f 11235 11119 10237
f 928 4356 1235
f 10710 11999 10888
f 1224 965 3491
f 3731 4067 4129
f 12976 9846 11505
f 1193 5424 5139
f 13010 9584 8987
f 11382 11896 11149
f 1911 2451 2723
f 890 4428 3426
f 5000 5005 7094
f 3029 3019 3020
f 9515 8527 8534
f 6635 6910 4862
f 1935 1930 2196
f 430 2126 1856
f 8236 7358 6542
f 4600 3693 3997
f 7043 7754 7042
f 7043 7042 7754
f 6074 3208 3183
f 12724 12504 11971
f 9582 8058 8044
f 2043 2350 2627
f 2777 1955 2774
f 2032 2316 1766
f 1766 2316 2592
f 12738 12500 12756
f 6522 8468 7323
f 13399 11398 11799
f 5649 7940 10061
f 7108 7825 7826
f 1495 658 5090
f 4599 4756 5733
f 530 243 528
f 12860 13205 10991
f 2992 8153 8418
f 2440 2706 2424
f 10183 9875 9874
f 6069 3150 3161
f 8547 12390 12619
f 3464 4370 1238
f 8319 7158 7163
f 5650 4662 12246
f 12198 13280 12196
f 621 1496 59
f 2617 2081 1815
f 8719 9631 9056
f 5607 10332 4654
f 6345 2592 2317
f 6345 2317 2592
f 2610 2351 2628
f 10519 10549 10361
f 10519 10361 10549
f 10458 10312 9974
f 7622 2919 8728
f 7184 7171 8322
f 10960 11736 10986
f 7127 8290 8295
f 5599 7841 8564
f 6094 8089 6383
f 5306 5586 5305
f 7802 7792 7085
f 1109 1103 1395
f 8138 6428 6441
f 2671 1843 694
f 778 220 5224
f 11730 12114 12278
f 12641 12758 12404
f 8489 3341 8480
f 12229 12305 12143
f 3730 5395 5063
f 4099 3792 3810
f 5765 6038 3192
f 7076 9745 6797
f 11362 11128 11246
f 7916 7472 4681
f 12265 12137 13233
f 10961 11216 11727
f 3029 5940 3019
f 1245 1268 938
f 361 1536 87
f 11149 8258 11789
f 11104 6456 11245
f 3927 4216 5526
f 1957 1690 2770
f 4093 3502 3787
f 1145 5285 1433
f 10168 13037 9903
f 6494 7294 6483
f 665 109 112
f 3392 4322 984
f 11375 9492 7370
f 2381 2102 2667
f 3991 5289 3988
f 5366 3797 5092
f 3951 5542 239
f 2885 8758 7169
f 6371 6358 9032
f 13036 11335 9899
f 13436 13189 13458
f 3666 4569 9787
f 11814 13033 11465
f 8997 6639 12269
f 10418 3957 4253
f 637 1514 5121
f 13429 12259 13463
f 3653 3679 4583
f 11700 13300 13349
f 107 2085 2341
f 12710 8655 11671
f 517 509 1674
f 7908 7932 5697
f 11927 10662 11625
f 13331 10978 11745
f 10762 9992 13482
f 6464 5909 2978
f 10670 10673 10687
f 1884 1607 2694
f 1217 5371 5066
f 8562 12383 11612
f 2861 2900 3153
f 10931 12891 12281
f 8723 9302 6945
f 8557 12536 12640
f 4528 3613 4228
f 2852 3203 2904
f 3295 3008 12923
f 5370 4069 5095
f 1484 1483 323
f 5801 2880 3198
f 5824 5815 6089
f 7091 7090 7806
f 5021 3989 6838
f 10606 4762 10441
f 4561 1413 3648
f 11725 12289 10973
f 4791 6604 4785
f 9196 9778 9488
f 2329 2603 2317
f 11797 12950 11035
f 8051 2595 2314
f 2995 8416 3275
f 6576 8259 7385
f 13261 11010 12929
f 11702 10930 10931
f 8675 8768 9339
f 13291 13353 11690
f 641 97 371
f 9888 10217 9887
f 2863 3154 2862
f 1410 4558 1128
f 6371 8077 7170
f 6344 2033 7155
f 1179 985 3402
f 9179 9467 9757
f 9179 9757 9467
f 10821 10041 10374
f 7598 6894 4822
f 1231 929 1230
f 10200 9871 10230
f 5330 5429 5113
f 3804 4108 5411
f 10822 10043 10863
f 3667 3665 4571
f 7142 106 2073
f 2618 2082 2346
f 7247 6433 8119
f 10367 10366 10528
f 5214 775 201
f 1502 2319 2599
f 1836 682 2098
f 1451 4128 4129
f 7839 7412 7854
f 3174 2870 7637
f 10654 12519 11971
f 5078 3773 4079
f 7416 11620 4699
f 9593 9318 8342
f 12033 10741 12589
f 3846 4153 3855
f 1722 5301 845
f 7622 9349 6912
f 11994 10719 11993
f 4801 7671 6632
f 12486 12517 12732
f 10965 10964 11731
f 7819 7101 12342
f 11192 11324 11325
f 5290 5288 5570
f 623 86 647
f 1192 973 1202
f 8315 7195 6385
f 4363 4383 3474
f 831 546 1706
f 7580 13170 6956
f 4673 10549 10571
f 12466 3802 10340
f 12280 12279 12124
f 1 9 12631
f 2375 2662 2388
f 3640 1402 1407
f 8137 11124 6432
f 8677 9553 9253
f 12109 12132 13224
f 7398 10032 7936
f 4456 5163 4152
f 1249 1265 940
f 5097 1274 5387
f 9227 9801 8270
f 7309 6485 8189
f 3231 5162 692
f 12890 13334 13333
f 4346 4120 3778
f 11561 13129 11560
f 346 1786 80
f 10816 10827 10535
f 158 3250 2965
f 4085 4098 3800
f 3641 4252 4559
f 11996 1704 827
f 2221 2234 1115
f 2102 387 115
f 8310 3187 7180
f 12159 12158 11004
f 638 1782 67
f 11279 9964 11394
f 804 2208 234
f 8992 9556 6693
f 8318 7190 7174
f 11064 11842 11225
f 3587 1055 4493
f 7747 7027 7754
f 4288 1729 853
f 10530 10529 10374
f 1556 119 678
f 2764 1949 1675
f 13129 9966 13127
f 13129 13127 9966
f 5374 5387 3770
f 1557 3527 380
f 7548 5718 4747
f 3120 13305 12866
f 4946 7039 6768
f 2685 8132 2400
f 4085 3800 4403
f 12978 11481 10220
f 8921 9496 9495
f 462 2711 2437
f 8744 9593 9319
f 4585 3676 1435
f 10394 10570 10407
f 5887 6151 5879
f 4401 1784 4397
f 13258 12333 12175
f 4088 3768 5104
f 605 325 1474
f 12691 12447 8637
f 2328 1277 3487
f 4086 4074 3769
f 9846 11105 10227
f 8702 7659 6690
f 9320 9319 8743
f 13396 11790 11791
f 1634 2711 4478
f 781 222 214
f 6913 7625 4834
f 578 105 24
f 6197 5910 2989
f 9629 9062 9340
f 8032 8311 7158
f 656 1550 2636
f 8404 2979 3256
f 389 1547 1555
f 5799 6903 6070
f 8061 8069 6382
f 4090 4074 3777
f 2446 463 2444
f 4850 9636 6698
f 638 5119 1782
f 9664 9092 9088
f 1811 1810 2076
f 2880 7645 6934
f 956 5118 1808
f 6327 6334 11078
f 10884 10880 10100
f 6057 4873 5819
f 2649 2637 2368
f 2146 2415 1882
f 4458 3551 3546
f 2218 2495 1946
f 4614 4678 7401
f 9732 6795 4976
f 589 62 47
f 5110 5398 3770
f 637 650 92
f 6922 6904 7643
f 5197 4174 4486
f 10545 10370 4074
f 7176 3201 2897
f 3785 5104 5376
f 6658 9636 9037
f 12711 11677 12036
f 3638 5703 4723
f 8320 7168 2866
f 12435 4741 5713
f 8651 11668 8649
f 4728 1128 4558
f 12820 11664 12576
f 13090 13089 11522
f 74 650 637
f 10203 13244 11480
f 2438 2429 2703
f 627 1503 626
f 3725 4052 5394
f 430 1589 5900
f 10824 10406 10047
f 12842 12459 12592
f 5312 3705 3422
f 4762 10615 4607
f 630 1504 629
f 12042 10007 10391
f 1024 9665 4462
f 13522 13095 9937
f 8064 6364 6365
f 13152 13479 12871
f 8866 9147 8861
f 5158 5155 5156
f 5096 922 923
f 8098 8088 6392
f 12950 13390 12949
f 3166 6080 6919
f 10048 10862 10078
f 12036 11673 8653
f 2334 2057 2620
f 7462 10804 8591
f 4378 3498 3473
f 4044 5151 3734
f 12273 12155 9920
f 2967 3255 3246
f 10798 10021 10051
f 11555 13123 13541
f 3201 6126 3199
f 10414 3960 4255
f 7906 10379 10071
f 11800 13547 12356
f 3126 2905 5829
f 7922 7921 7480
f 1310 3545 2113
f 9791 6300 8260
f 7166 6346 6072
f 4306 9296 9579
f 6874 6646 7600
f 11154 6575 7389
f 647 86 5397
f 13200 6890 7633
f 4665 5654 7934
f 9249 11452 13080
f 5926 8164 6474
f 2204 2752 1937
f 9775 8236 6543
f 13178 13483 12252
f 8872 7063 7782
f 5112 5422 5427
f 7628 4833 4832
f 13162 12143 12142
f 6658 4835 4844
f 3063 3348 5976
f 9415 8840 9409
f 8052 7160 6347
f 10041 10832 7513
f 4844 6644 7638
f 9535 9321 8722
f 7546 4746 10595
f 5389 4076 5100
f 7287 3002 6479
f 5961 6248 6243
f 1248 2050 1770
f 7314 8451 9421
f 11298 11848 13330
f 10867 7518 7959
f 10826 10825 10858
f 8432 3000 3288
f 4381 9044 9596
f 6649 4827 7625
f 3036 5948 4939
f 1248 1235 954
f 8485 6524 7335
f 6658 9037 4835
f 12127 12143 12305
f 4890 7689 6972
f 1250 5422 5112
f 10625 10455 10624
f 7081 4993 6807
f 9597 9017 9026
f 11680 10940 12083
f 12128 13221 13481
f 11050 11849 11179
f 9050 9351 8782
f 2601 1778 2315
f 2681 2674 2394
f 3487 1277 4365
f 947 1808 2074
f 1778 2038 2315
f 3708 3794 4028
f 1751 80 2053
f 9215 9505 1430
f 939 4365 1277
f 9837 9602 10163
f 10013 3822 5367
f 2146 2140 2415
f 11879 11247 11129
f 8894 9754 9177
f 9349 9348 8777
f 4764 7564 6630
f 9596 9044 9616
f 13335 11733 12913
f 2956 7698 5866
f 5171 4155 5165
f 5531 5240 1392
f 10865 5232 10082
f 5399 5421 5116
f 8705 9291 9573
f 4029 5406 3799
f 12991 7939 7916
f 5216 5215 4196
f 11723 12287 9892
f 8363 7207 6399
f 3227 6142 8363
f 3659 4592 1148
f 911 5087 1222
f 939 983 1238
f 2240 2517 8611
f 4755 7976 5731
f 7157 8729 9338
f 12714 11933 10665
f 10723 12815 12005
f 2955 5867 5875
f 9762 9185 8240
f 6814 3360 6271
f 12763 11978 11757
f 10321 4704 10520
f 13294 11093 10961
f 9183 9182 6543
f 5407 5120 99
f 12392 12387 12622
f 4784 6951 7597
f 4752 7541 7978
f 7591 7605 6883
f 2329 2317 2592
f 7632 6911 7631
f 2059 1784 2604
f 12878 10950 13336
f 1092 5525 5238
f 6273 6264 3347
f 5311 5038 4013
f 337 2582 1488
f 5800 6077 5839
f 2489 2803 4582
f 2731 2174 1901
f 9024 9590 8734
f 3178 3194 2909
f 941 4365 939
f 4159 4909 6726
f 5779 2868 5808
f 12285 9875 13484
f 225 786 1929
f 2182 2733 2457
f 3680 4584 3676
f 11179 11331 11060
f 9470 9750 9741
f 12816 10719 12002
f 10781 10547 7467
f 4946 6759 9708
f 6352 8047 8084
f 4844 7638 6921
f 10974 12290 12121
f 8450 9411 8838
f 5835 10990 12916
f 6759 9148 9708
f 13291 13422 12315
f 4802 6617 9558
f 10179 13047 9915
f 347 73 3792
f 8700 9014 9555
f 8540 8271 6579
f 3033 3314 5947
f 8344 8091 6124
f 5712 10415 3959
f 7710 6727 6998
f 9392 9670 9388
f 4338 4423 3462
f 1095 3632 1103
f 4251 5270 5556
f 4878 7683 6964
f 5193 5468 4166
f 3496 2604 4401
f 5893 425 712
f 4805 8988 9595
f 5230 5226 5509
f 5971 6256 5969
f 6707 6702 9640
f 5878 2946 8380
f 2943 7219 8374
f 11394 11384 11905
f 638 624 70
f 5385 360 88
f 7286 8435 3013
f 8458 8198 7310
f 5487 5281 1438
f 10907 10903 7556
f 5111 5380 644
f 3537 3543 4443
f 4091 345 1521
f 10292 13127 11558
f 5911 6186 6187
f 5032 4042 4121
f 6652 12290 11740
f 10581 10103 10102
f 2601 2352 3493
f 4024 4328 3416
f 3044 3332 3335
f 158 2965 2128
f 11189 11861 11086
f 10866 5523 5245
f 3709 3516 5700
f 3072 3089 3363
f 7443 7954 7504
f 549 2521 1708
f 5583 10604 10112
f 4482 5475 4175
f 6201 5915 6191
f 3605 1077 4517
f 6449 8149 6457
f 9376 9664 8796
f 4183 4474 4182
f 5930 3006 2998
f 1835 681 2097
f 11909 11562 11397
f 8067 9338 9613
f 2208 1947 234
f 8399 2403 1863
f 10643 12491 636
f 11992 1964 5275
f 6063 8038 5825
f 10115 10887 10595
f 10115 10595 10887
f 5386 3828 5107
f 5215 784 216
f 9862 10240 13076
f 11730 10994 12114
f 5112 646 5383
f 2973 2983 3260
f 12101 10229 9902
f 9483 8907 9743
f 7485 11607 12651
f 11441 10196 10181
f 5328 5126 10789
f 2600 4416 1510
f 4755 1154 4590
f 12128 12902 13221
f 2554 2295 2304
f 7928 5680 5700
f 4769 6611 4804
f 2041 1776 1775
f 9976 10781 10860
f 11057 10230 9871
f 10830 10542 4083
f 1408 1117 4544
f 464 1619 1623
f 11366 7372 7373
f 3726 4048 10341
f 7930 5681 7929
f 12083 12076 12871
f 8400 7255 7267
f 4373 1512 2596
f 347 1543 73
f 3463 1237 1236
f 8726 7168 8320
f 7100 13265 13525
f 5418 5433 3834
f 1347 3580 2455
f 9076 4889 9645
f 2042 2597 1777
f 1020 1313 1310
f 5825 9054 4858
f 4777 12263 6675
f 8458 7311 8457
f 547 1979 838
f 13414 11442 13195
f 2165 463 179
f 4084 4387 3790
f 132 1826 2086
f 346 2333 1512
f 5343 1218 5063
f 4342 3429 4400
f 2554 1483 6029
f 9731 4958 6789
f 7047 6772 9719
f 13271 13528 13270
f 8901 9189 6813
f 3486 3781 2334
f 548 1707 256
f 4439 3526 3531
f 3782 4085 1519
f 2843 3166 7591
f 2612 955 4385
f 8433 8174 3289
f 8919 9490 8917
f 11564 7911 8558
f 12854 10967 13304
f 3222 12916 13356
f 690 396 1562
f 11735 11749 10989
f 3642 1398 1112
f 4592 3662 1130
f 11795 11034 12952
f 4753 4752 5735
f 690 1562 1830
f 7426 7938 7501
f 11574 11614 12659
f 298 3715 12481
f 4222 5239 5519
f 876 4379 965
f 1779 2052 1265
f 9050 9619 9351
f 3071 4981 7803
f 4093 4088 1516
f 402 1576 2668
f 9480 8902 13093
f 9318 9332 8326
f 12945 11025 13383
f 1411 1122 1123
f 8756 7662 6946
f 9477 9764 9936
f 4754 4601 5736
f 8320 8321 9316
f 6742 9681 9682
f 4521 2202 1081
f 11983 752 193
f 10456 10624 12035
f 9318 8326 8342
f 6884 6918 7664
f 12554 11778 12801
f 2598 2322 2045
f 915 5096 923
f 12518 12779 11969
f 3173 6931 7662
f 6354 9025 9601
f 7458 10801 10525
f 4010 3420 3794
f 11867 10994 11122
f 6755 9125 4936
f 6083 6089 6650
f 2324 2600 2323
f 2854 6342 5790
f 4363 3474 1233
f 466 2450 2719
f 2716 2452 2724
f 6448 8148 6455
f 4397 2605 1256
f 892 9552 9267
f 3168 6932 6660
f 7999 10121 10902
f 574 1472 2615
f 9194 6822 4987
f 2885 7169 3169
f 12791 1703 825
f 10696 675 12537
f 7047 9719 9436
f 8172 9691 6737
f 2628 2351 1821
f 6181 3266 5898
f 11988 10700 12794
f 8507 8238 7355
f 6083 6650 5811
f 1631 748 1892
f 4844 6921 3178
f 6317 7175 6364
f 11830 11111 7192
f 4844 3178 5814
f 6667 9039 6356
f 12385 12666 12382
f 9322 8741 9327
f 7879 7513 8603
f 775 5224 5507
f 11896 11381 7379
f 11893 11380 13121
f 828 1962 3367
f 6922 2903 3170
f 3457 940 4353
f 7991 10106 7989
f 6094 6698 8089
f 10741 12018 12833
f 13254 13514 12160
f 12068 9849 12063
f 10351 10677 10055
f 638 5388 5119
f 12124 10973 12289
f 5120 5149 668
f 1155 7985 7547
f 347 3792 5396
f 347 5396 3792
f 8524 3385 3101
f 647 5120 959
f 7283 8156 8414
f 2880 6934 3180
f 12290 5813 11740
f 9468 7809 8918
f 9690 9687 9118
f 11365 11881 8417
f 9414 9408 8839
f 6923 3181 3172
f 348 4099 3793
f 348 3793 4099
f 10974 4842 5813
f 8651 11670 11668
f 4531 3932 4232
f 12040 12840 12594
f 5529 1393 3924
f 10254 13087 9929
f 4600 4759 3691
f 6923 2893 3181
f 5763 6378 2925
f 7319 8467 8212
f 28 580 336
f 2075 2633 2355
f 10144 11099 11195
f 10546 12522 10380
f 8743 7174 8755
f 3115 6081 2857
f 10703 1962 828
f 437 6437 5887
f 1318 1031 1025
f 12128 12291 10979
f 11433 13049 10157
f 5714 7525 5724
f 8723 7647 7654
f 336 62 335
f 12519 12766 12765
f 1309 145 408
f 12413 12416 12667
f 11405 10197 8678
f 1436 4583 3679
f 2257 1986 846
f 1249 2326 2047
f 2048 3483 1253
f 2543 2252 2542
f 12393 12493 10407
f 6917 9313 9331
f 1197 7433 878
f 8618 8621 12443
f 6201 6191 5922
f 5389 644 83
f 6322 8068 6377
f 2209 1939 2483
f 5161 2089 996
f 4227 4527 5249
f 6655 8057 6095
f 6320 8025 8285
f 278 274 561
f 11020 12810 11782
f 6925 3182 6938
f 6994 7711 7716
f 4093 3787 3786
f 10437 10103 10885
f 7648 6367 2893
f 1720 844 10727
f 8808 1017 9379
f 5976 3348 6260
f 2580 1494 1753
f 12588 12576 10739
f 12921 12923 13362
f 8073 7206 8353
f 13403 12250 13175
f 7567 6909 7633
f 8715 9002 8733
f 75 85 5403
f 11044 13281 12957
f 3941 5254 4231
f 2765 2500 1946
f 1517 4096 639
f 5553 5266 4239
f 9730 9158 4973
f 8405 7261 7268
f 12128 10979 12902
f 4070 5086 4083
f 13182 12909 13482
f 11741 11355 11222
f 10085 10412 10864
f 7403 7958 7856
f 2885 6938 8758
f 2471 499 1664
f 4838 6095 5821
f 2212 1951 2769
f 773 1653 486
f 5876 5875 6148
f 6658 5814 6096
f 6084 5803 4851
f 6084 4851 6667
f 8011 6319 6073
f 5115 87 85
f 11916 11960 10679
f 12010 12812 10718
f 4548 4725 5704
f 13474 12283 12118
f 6783 7043 7754
f 4265 839 5286
f 7360 6545 8239
f 2329 4399 3488
f 434 1613 442
f 12007 12577 8635
f 4731 5723 5709
f 8848 6773 4950
f 10361 10383 10518
f 2742 2464 2462
f 1675 226 511
f 9927 10248 9176
f 6529 9437 7338
f 12748 11971 12519
f 4102 3796 5138
f 9478 7086 7802
f 8980 9561 9292
f 6355 8757 9038
f 1998 1759 2037
f 9567 9042 9015
f 1636 3885 483
f 11991 12794 12544
f 2329 3488 2603
f 2049 1274 2076
f 1082 5233 4210
f 11292 11861 11189
f 4117 5155 5137
f 6435 8121 8130
f 1950 2213 809
f 8748 11503 10211
f 11205 8325 11322
f 2958 2947 5877
f 7095 5564 5288
f 7176 2897 7653
f 8546 11605 12415
f 9553 9627 8040
f 9931 9929 10251
f 9610 8749 9063
f 11886 11013 11136
f 3619 1385 5535
f 7075 3351 6804
f 9551 9326 6686
f 9726 9427 8854
f 8610 2418 2150
f 9114 9691 4930
f 2612 4385 1799
f 10430 10426 10600
f 11951 12775 10687
f 7402 7934 7876
f 6371 8750 6358
f 3791 10398 4116
f 1195 3426 2324
f 7252 2138 2414
f 6639 9621 6681
f 8051 8085 6354
f 8757 7194 8346
f 2395 8608 2110
f 4401 2604 1784
f 3897 3587 4493
f 11722 11754 10957
f 5405 102 959
f 7287 7292 3002
f 4397 1784 2605
f 171 733 170
f 2100 2110 8608
f 5814 3178 2892
f 6084 6667 6356
f 1298 1002 5439
f 1921 2178 2188
f 5494 5485 5206
f 12228 12067 13433
f 13517 13255 12322
f 1442 3689 4602
f 1633 2707 184
f 10661 10666 11949
f 16 11971 12533
f 12746 12632 12647
f 6655 9028 4831
f 2447 467 2166
f 10730 10716 12565
f 5808 5807 6088
f 8329 7191 8769
f 1386 5530 1384
f 4241 3947 3961
f 9599 8774 9047
f 9524 9805 8542
f 1515 364 104
f 4397 1256 3503
f 13146 13496 11492
f 1771 2060 2593
f 2895 3201 3199
f 13223 13222 13488
f 5771 314 6054
f 13116 11893 9950
f 6431 6421 7242
f 343 1504 1544
f 5988 6277 6276
f 4928 6742 4933
f 5824 6114 5815
f 8185 7291 6481
f 12627 11612 12643
f 4834 7625 7629
f 4896 7698 8795
f 2248 11637 1975
f 6172 1592 6723
f 5115 85 5391
f 3049 8223 3344
f 10213 9921 11488
f 7658 3194 2890
f 13108 8917 9490
f 10153 11493 11489
f 8528 6565 7376
f 11873 11240 11357
f 4619 3419 4330
f 4524 3919 3610
f 2127 1849 1857
f 7449 7884 7439
f 5496 5490 5209
f 3554 9092 4461
f 11421 11844 9844
f 1443 3664 1151
f 1520 1538 1516
f 7087 7076 6797
f 1516 1538 367
f 10895 10898 10438
f 10699 753 191
f 7239 6417 8114
f 5115 5393 87
f 716 148 153
f 12183 10265 5006
f 2968 3245 2963
f 1520 371 1538
f 11263 11146 10274
f 2541 3982 3678
f 9600 3519 4425
f 1159 3693 4604
f 957 1796 2052
f 419 141 701
f 5882 2951 140
f 10789 4044 10040
f 5405 5134 3807
f 10270 12343 12338
f 11765 12923 3305
f 5247 7518 10867
f 504 784 1660
f 2368 2637 2089
f 7878 7478 7920
f 9500 9782 9499
f 9500 9499 9782
f 352 351 1518
f 10168 9846 10227
f 9667 9100 9672
f 11241 11876 11125
f 612 51 321
f 8066 6360 6103
f 13097 7100 13525
f 12739 12534 12510
f 9536 4773 4780
f 3384 6306 6298
f 7211 8091 8353
f 9601 9619 9050
f 9976 10330 10781
f 8774 8780 9047
f 4969 6785 6782
f 891 4362 1221
f 7119 8328 8274
f 6336 8087 8064
f 9408 9693 9121
f 1428 1136 1135
f 6090 365 5810
f 11421 7145 11844
f 718 6162 1604
f 3413 948 1270
f 5000 7804 7789
f 8160 8157 6460
f 4697 7934 4695
f 3359 3085 3355
f 11663 10734 8641
f 9884 13082 9917
f 1522 354 1528
f 10798 10343 10021
f 5110 4091 642
f 1183 950 927
f 8075 1824 8355
f 7090 5263 5547
f 10262 11533 13102
f 83 656 357
f 7610 2856 6902
f 12102 12309 13229
f 10822 10081 5414
f 231 1668 797
f 1521 98 642
f 5119 1267 957
f 11724 12775 11951
f 4725 5704 4724
f 4725 4724 5704
f 5121 4097 3807
f 2119 2663 2388
f 12435 8617 4741
f 4105 3491 4391
f 11559 13128 9965
f 1027 1317 1324
f 3359 3066 8501
f 7136 6332 8028
f 864 984 1182
f 126 2087 2646
f 6278 8232 3364
f 1523 372 97
f 1466 6054 314
f 3776 4105 4369
f 13299 12873 10981
f 4354 2613 2338
f 9730 4973 6794
f 7157 7671 8729
f 2840 3156 6067
f 747 176 734
f 4845 6657 4855
f 6660 7674 4866
f 12177 12175 13262
f 13379 13531 13272
f 960 1269 1809
f 2892 2909 3195
f 5314 5057 4039
f 5123 5420 5417
f 740 732 1612
f 11223 11111 11343
f 10321 10477 4662
f 985 7514 4714
f 5492 5208 4190
f 11396 12708 11278
f 2339 2332 2607
f 5399 5133 5421
f 7609 6899 8705
f 9443 7064 8871
f 9337 8766 8755
f 8766 9328 8755
f 497 3896 5499
f 9439 9143 9438
f 5123 3814 5420
f 3793 3810 4113
f 8894 9177 9179
f 280 2257 279
f 11908 11158 11906
f 2608 2346 2069
f 5401 5137 974
f 4580 1139 9788
f 13216 13499 13062
f 8618 11634 8626
f 13408 13173 10030
f 12952 11034 6019
f 9479 7800 8902
f 3620 3612 4532
f 1250 89 2066
f 1246 2040 1773
f 3251 2958 5877
f 5813 10990 11740
f 6982 4897 7695
f 9987 10804 10693
f 6094 5831 5834
f 1786 2053 80
f 5184 1034 1028
f 7818 6012 3096
f 8825 8822 7731
f 5580 4291 3984
f 12168 4967 6781
f 197 757 760
f 492 1649 2465
f 1693 808 2215
f 2183 1906 2737
f 9828 13023 10186
f 6363 8056 8073
f 3466 4403 3800
f 2469 2739 2463
f 4963 7038 7759
f 12527 12780 12770
f 12910 13236 12140
f 1410 4548 1109
f 1993 8640 11661
f 10268 9786 10267
f 11618 12658 11617
f 12041 13178 13476
f 11040 6310 6020
f 11040 6020 6310
f 5346 1541 5148
f 12007 11649 12809
f 6426 7241 6416
f 3181 2893 2912
f 1601 6164 3250
f 7021 6221 6748
f 2894 2913 3182
f 1115 2234 1412
f 12266 13469 13215
f 9092 9659 9088
f 1983 2253 1982
f 1178 4376 3431
f 12337 12176 12177
f 804 1681 2757
f 9791 6573 9221
f 1860 2115 2674
f 6104 6012 6010
f 1034 4464 3557
f 12649 12785 12422
f 1589 1585 414
f 12641 12404 12507
f 8460 3327 7025
f 3364 8232 8499
f 2056 1801 977
f 836 2250 263
f 2161 3003 7292
f 7937 7936 7494
f 5114 10049 5378
f 5304 5580 3987
f 691 131 140
f 85 5138 5403
f 7437 10835 943
f 3457 1249 940
f 1440 1130 3662
f 1788 1801 2056
f 2899 2896 7180
f 175 2720 1624
f 12703 12580 12827
f 4999 7788 5542
f 84 1524 358
f 497 1661 1659
f 7856 7927 7503
f 2894 2911 2913
f 12230 9914 13440
f 11857 6391 7182
f 7366 6551 3086
f 3973 4571 4264
f 4485 3890 4184
f 85 663 659
f 7457 7484 7900
f 3162 5794 6078
f 2715 460 2441
f 4274 3673 3977
f 778 216 220
f 11964 8598 11611
f 8903 9478 8901
f 3132 31 374
f 9360 8788 9364
f 12251 13484 9875
f 648 95 661
f 9 12 13
f 9845 10189 10175
f 4031 3735 3736
f 11083 11235 11754
f 12902 13350 2916
f 9999 10367 10844
f 11100 10214 9877
f 10537 10372 10536
f 8785 8357 8093
f 11941 11606 11957
f 9038 9630 8082
f 8767 9336 9617
f 9851 10226 9575
f 12526 12772 12538
f 7636 8781 9064
f 10180 12140 9853
f 2347 1799 1805
f 10091 11995 5560
f 6545 8238 8239
f 8320 9325 8321
f 2216 2770 2214
f 7240 6420 8115
f 7590 6869 6959
f 7072 7782 7063
f 9856 12103 10218
f 4700 5688 10385
f 9038 9343 9630
f 12010 12566 8631
f 13524 13373 12934
f 12247 13466 12093
f 1525 507 799
f 3572 3875 1336
f 7176 8344 3201
f 10877 10715 11992
f 6664 6954 4870
f 3256 710 1861
f 1488 2582 1768
f 9141 6504 6509
f 1873 7252 8398
f 8325 6369 7177
f 3032 3313 7021
f 3354 5980 3064
f 13206 13052 11491
f 2612 1799 2347
f 7422 10034 10784
f 3795 4117 5137
f 4401 3503 3513
f 8769 6398 9061
f 5891 6175 424
f 10675 11963 8595
f 362 2610 1537
f 2093 2083 1823
f 361 2611 2341
f 9077 9073 9649
f 12270 13504 13072
f 11967 10844 12773
f 4892 6710 4898
f 6203 5912 6199
f 10198 9914 10190
f 7730 6731 7006
f 969 985 4714
f 6250 5961 3330
f 10390 10389 10388
f 1060 5496 1349
f 1790 2063 1807
f 3363 3089 254
f 789 501 217
f 3087 6002 6288
f 9885 12134 13231
f 6664 4870 6685
f 10387 10691 10069
f 1421 1148 7535
f 1018 1306 1017
f 13263 13523 13098
f 8062 6380 7190
f 471 1640 2442
f 6329 8032 6339
f 1001 1295 1008
f 6667 6676 4864
f 7310 6494 6483
f 13105 8914 9781
f 89 657 1805
f 10237 13081 11512
f 11207 11729 11329
f 5835 6108 6105
f 4103 4418 3818
f 866 4419 3454
f 2164 1904 2162
f 6273 3347 3056
f 3497 2613 2338
f 3497 2338 2613
f 5388 5417 5119
f 6044 3139 8307
f 10545 10533 10370
f 6588 9614 6957
f 3711 5318 343
f 7182 6391 8331
f 13134 12078 13184
f 2439 458 2704
f 10630 11966 11941
f 8586 11620 7953
f 5336 1194 901
f 6587 4786 9548
f 13234 13233 12137
f 2408 2685 2694
f 12048 12311 12222
f 1724 562 6303
f 2159 1886 11629
f 9416 8466 9705
f 10983 12905 11862
f 9190 9756 9755
f 276 3098 3382
f 13499 6941 13062
f 12924 10998 5938
f 6848 8693 7565
f 11226 13345 11744
f 2913 2911 6121
f 2736 1907 2735
f 5129 5417 5420
f 8366 7229 8375
f 5018 5015 6834
f 4120 3820 4111
f 2615 2340 2614
f 4499 3583 1058
f 8803 8796 9363
f 9807 9231 9527
f 11904 11901 11389
f 4668 4700 10567
f 5452 4155 5171
f 3437 4389 5667
f 3898 3897 4191
f 6376 6374 8065
f 6847 2841 3157
f 1944 2754 1940
f 8224 6254 5970
f 6096 5838 8089
f 861 1215 1781
f 12574 12824 12816
f 11713 10955 10985
f 6708 6975 7695
f 3998 5107 3828
f 3334 6247 6246
f 7712 5899 4906
f 12169 7782 4974
f 243 242 527
f 9968 7492 10797
f 3803 4107 3812
f 7260 8409 7265
f 219 215 783
f 8935 9790 8927
f 6190 2980 4915
f 951 936 1250
f 11667 8641 10734
f 2286 2070 2558
f 2278 2579 2567
f 5792 3161 2888
f 6652 11740 6105
f 8620 11638 11644
f 9383 1314 1021
f 10985 11746 11230
f 2380 2371 404
f 12967 4615 7489
f 3848 5163 5441
f 8642 12024 8635
f 1868 6986 3249
f 2160 2170 1903
f 12770 12537 12522
f 7310 7301 6494
f 11863 11115 11346
f 12454 2262 8639
f 3091 6549 5990
f 2853 3141 8293
f 9237 8689 8661
f 13544 13542 13279
f 2894 3179 2911
f 11401 13058 13488
f 1151 4262 4281
f 12329 13254 12162
f 5713 4741 5719
f 6376 8337 7186
f 11183 11309 11084
f 10394 10851 10065
f 2623 2341 2085
f 7431 5697 7932
f 3145 6948 6065
f 6620 12310 4821
f 7306 8185 6490
f 5088 4125 4076
f 4523 5230 4215
f 9896 13068 11240
f 13500 12138 12137
f 2624 2083 1824
f 4553 1110 3640
f 3605 1365 1077
f 2818 1988 2821
f 12432 11647 7536
f 11029 13389 11787
f 5194 4167 5464
f 3512 3511 4407
f 3512 4407 3511
f 12143 13237 12142
f 3339 3043 3048
f 2601 964 1778
f 6953 6125 3194
f 7030 7752 8855
f 7079 3066 3355
f 10622 12595 10450
f 11244 11246 11128
f 11244 11128 11246
f 1374 4511 1076
f 10131 7561 10907
f 7393 4641 13075
f 6947 7671 2906
f 82 655 101
f 5213 5207 5489
f 7860 11621 8602
f 9500 8925 13100
f 11211 11096 11719
f 5591 3696 1447
f 9156 9723 9154
f 12073 12288 12133
f 7354 8500 7353
f 9618 9339 9046
f 5998 5992 5997
f 5634 7920 4714
f 8026 6050 5775
f 9564 4376 9308
f 1001 1008 1299
f 7885 4696 7493
f 10399 10853 10556
f 4590 3662 3661
f 5467 5286 266
f 4795 6670 6682
f 368 384 109
f 11931 11956 10651
f 13404 12977 12249
f 6638 4829 6936
f 928 1248 1770
f 11375 7369 13374
f 10770 10007 10784
f 5779 6080 2868
f 13544 13279 12352
f 11896 6566 11149
f 5576 3976 4276
f 366 108 671
f 11290 11301 11178
f 9944 10277 13106
f 7638 6908 7624
f 3807 4131 5152
f 3740 10339 5357
f 5541 5537 5536
f 11365 8417 11878
f 9200 6821 9197
f 11748 6107 11238
f 13163 12116 12248
f 11696 10948 11711
f 721 160 2966
f 4543 1106 3623
f 2068 2354 1266
f 11539 6561 8915
f 1095 5241 5525
f 4872 6695 6954
f 4617 5697 4655
f 5840 6116 3195
f 8079 8350 6395
f 12476 10666 12510
f 6811 7798 7082
f 7678 7674 4880
f 1634 482 1641
f 6978 7697 6976
f 13140 4768 6890
f 1146 1141 3678
f 1267 4424 972
f 8757 9343 9038
f 5767 8023 5785
f 6529 3054 5966
f 11425 10210 10150
f 833 11990 1973
f 6949 6965 6697
f 4110 3809 3808
f 10769 10768 10008
f 10007 13441 10784
f 8046 6361 8315
f 2832 5779 5808
f 74 637 5399
f 8677 6863 7586
f 1805 1799 2066
f 7319 8212 6509
f 11502 13070 11501
f 4413 3507 3506
f 3113 2904 7137
f 2075 1809 2633
f 5835 2930 6108
f 12468 12781 12533
f 7509 4707 10559
f 4470 1036 4466
f 5840 3194 6125
f 6950 6680 4865
f 5924 6481 2995
f 13322 10992 11728
f 6209 5938 10998
f 8345 8095 9635
f 7286 3001 8435
f 7131 7128 2907
f 3279 6178 5908
f 7950 7510 13071
f 4825 7621 4865
f 4902 5444 7697
f 7741 7022 6753
f 4112 5136 4111
f 9523 7832 8948
f 9523 8948 7832
f 8972 6636 4817
f 3198 2910 3212
f 1160 944 2002
f 2810 2546 2263
f 9470 9751 8231
f 8718 9592 9297
f 2432 2140 2146
f 8002 10902 10120
f 9325 7189 8321
f 1275 380 3527
f 2121 2114 1849
f 10229 9620 9902
f 997 1291 1293
f 10232 9904 10231
f 10232 10231 9904
f 5800 4848 7657
f 459 1615 2702
f 13061 11488 11514
f 7814 7813 7096
f 8073 8353 8344
f 2120 1854 2666
f 5074 903 4109
f 4598 7535 1148
f 7019 6746 7018
f 11577 7470 10847
f 6994 5458 5457
f 8072 6391 8084
f 2202 1931 1071
f 11000 13362 12923
f 5627 4702 7459
f 1757 2039 1761
f 4115 3815 5423
f 4598 4592 1130
f 9545 9544 9018
f 7994 7544 7992
f 2777 2774 1108
f 3859 4157 5448
f 7677 2912 5849
f 974 3525 1269
f 11267 13381 11265
f 12661 12660 12418
f 8744 9319 9320
f 7621 4871 6686
f 2913 6121 5848
f 99 1547 380
f 8687 7593 4785
f 1533 12537 675
f 9821 11425 10150
f 11090 6379 11116
f 2551 12386 2270
f 835 260 551
f 12100 13217 13473
f 2445 473 1641
f 6381 7206 8073
f 7061 8868 9442
f 681 111 669
f 7540 4739 4591
f 9737 10248 9927
f 12798 541 12546
f 11234 11118 10235
f 8861 9147 9714
f 2718 2717 2453
f 11167 11053 11727
f 2985 3265 6175
f 306 339 1546
f 655 1548 1551
f 5622 7925 5621
f 5838 3205 2914
f 10757 11918 11621
f 6211 5935 6217
f 101 655 1551
f 12814 12567 12568
f 5137 4430 974
f 369 1529 111
f 13127 13124 11556
f 6269 6002 3068
f 4970 6779 4958
f 4970 4958 6779
f 635 79 645
f 10551 10069 10856
f 13326 11758 11737
f 5137 4136 4430
f 645 79 11610
f 13299 12859 13320
f 7623 6622 6888
f 6760 6828 7097
f 1463 336 1498
f 334 66 61
f 7662 7673 6946
f 12780 10696 12537
f 3133 6053 3144
f 8063 6362 5821
f 13522 13521 13257
f 391 1551 1559
f 4003 3711 4128
f 1273 976 3526
f 11628 11984 1891
f 6383 7204 2923
f 7700 6984 4899
f 417 5444 3858
f 4160 5464 4167
f 9050 8782 1288
f 7844 7895 7459
f 3510 9050 1288
f 7725 6729 4912
f 5138 1549 4135
f 8669 7682 6942
f 4064 5101 3833
f 13376 11027 12938
f 7029 7751 8854
f 1093 1380 1379
f 11415 13055 13035
f 12490 12647 333
f 10791 10033 10553
f 247 2501 524
f 7971 7523 10871
f 1802 656 2636
f 723 8396 3255
f 6252 9731 6792
f 4032 3827 4422
f 3819 5423 3815
f 11830 11343 11111
f 8977 9563 8673
f 1272 1803 2070
f 2071 2638 2358
f 11813 11294 11352
f 10610 10898 10900
f 3510 1818 2619
f 8773 7675 9066
f 7190 6397 8095
f 7793 4979 7077
f 10562 10857 4116
f 5636 4651 7887
f 13416 12248 12116
f 12145 12309 12308
f 13002 13027 11444
f 1478 1510 1487
f 8106 6132 6412
f 5974 3058 6253
f 4793 6647 4836
f 13091 9946 9945
f 11945 10666 10656
f 13384 11786 12345
f 5431 5155 3818
f 231 797 228
f 663 1552 381
f 7565 8693 7601
f 2815 2255 2811
f 8018 8053 6075
f 5042 5379 5402
f 7819 12182 13267
f 11578 12651 11607
f 9179 8892 9465
f 1602 439 6167
f 8995 8302 9610
f 8077 9615 9052
f 3549 4155 3860
f 11716 11758 10950
f 6852 3137 13312
f 3501 3825 1279
f 1978 3092 7371
f 8911 8890 9175
f 2347 1805 2635
f 5133 3834 3836
f 5431 3818 5156
f 5049 4119 3819
f 8728 2919 5841
f 2347 2635 2084
f 4418 5156 3818
f 2606 2075 2344
f 9184 9475 9183
f 4775 4859 6682
f 9960 12349 12191
f 11963 645 11610
f 1827 2361 2355
f 13 12 10
f 2972 3268 6184
f 8105 8368 7232
f 2944 3228 8365
f 4607 4294 3994
f 8076 8358 6386
f 2628 1821 677
f 10645 10655 12741
f 551 2523 2789
f 12533 12781 376
f 2370 388 2639
f 5942 3017 6227
f 5428 980 5140
f 8347 6394 8094
f 9420 9429 8847
f 1807 2359 2631
f 6684 9624 6969
f 4612 4681 7472
f 8348 7197 7196
f 6366 8053 6086
f 9737 4967 12168
f 8774 8783 9068
f 12369 11598 12634
f 10332 13238 13502
f 3259 6993 7715
f 3585 6496 7297
f 10155 9860 13054
f 10334 4044 10571
f 12731 1498 580
f 2623 1822 1536
f 2622 2640 1823
f 6002 6001 6288
f 2624 2348 2083
f 22 55 584
f 7909 8592 7479
f 11167 10925 11076
f 7381 8524 8525
f 2644 1827 2355
f 7849 7509 10834
f 12146 10402 10072
f 107 1538 670
f 463 1616 179
f 4033 3765 4874
f 13097 9494 7100
f 7677 5849 6699
f 7022 4937 6753
f 6387 6399 7207
f 4216 5229 5228
f 8526 1992 2261
f 2482 2201 3611
f 11630 10705 2242
f 896 5428 5140
f 8463 8206 7324
f 11365 11878 7276
f 5272 819 1960
f 11508 13074 13505
f 6156 3246 6146
f 5951 6233 3321
f 5951 3321 6233
f 7359 8244 3358
f 4144 408 1565
f 10992 12912 12147
f 8272 6577 6578
f 2959 5870 7239
f 4724 7520 4722
f 12099 13485 12286
f 7528 11642 7978
f 6388 7199 2921
f 7426 7501 7859
f 8133 8128 6439
f 5576 4268 3981
f 4607 3994 3698
f 2834 12903 7162
f 4203 3908 4208
f 7185 8777 8759
f 10705 12544 544
f 7972 10881 10094
f 7679 6958 9347
f 8620 2787 2236
f 8384 8112 7240
f 986 1278 3515
f 11764 13361 10999
f 4529 3606 3917
f 3845 4143 4436
f 11753 5842 10993
f 782 214 788
f 4125 5430 3825
f 9394 8822 9391
f 9288 11509 13025
f 1087 5234 4209
f 11975 10078 10862
f 6512 8208 8464
f 10089 10871 11986
f 6492 6489 8175
f 12218 13461 12987
f 130 391 2376
f 6718 4900 5874
f 6960 7680 6959
f 9047 8780 9619
f 7061 1088 5252
f 8081 9054 6389
f 4459 1307 1018
f 9737 9927 9176
f 2471 1664 2749
f 8535 8265 7380
f 5792 6087 6070
f 988 4421 1280
f 9990 10563 10400
f 267 5287 5571
f 1569 2370 2649
f 470 2714 2433
f 1558 385 382
f 569 2819 1991
f 11756 11755 12913
f 8977 9556 8992
f 4102 5138 3814
f 12719 12516 12534
f 799 1946 2495
f 3516 4715 5700
f 7211 8353 7206
f 8461 7322 8470
f 10466 10354 10792
f 5555 4235 3939
f 7814 7096 5008
f 3039 6247 3329
f 1233 5373 5096
f 10960 10191 12108
f 7380 3387 3104
f 5112 5427 82
f 9229 8953 9523
f 9734 7059 9452
f 4600 3997 4759
f 7888 8582 12400
f 4076 4125 5100
f 3979 5574 3978
f 3634 2767 2502
f 1543 377 667
f 7866 4699 5687
f 5751 8068 6322
f 130 2663 698
f 6036 6319 5762
f 4129 4128 1544
f 11826 11356 11102
f 13373 11531 11888
f 11016 11889 3093
f 460 452 1614
f 4877 9059 6694
f 751 11984 10699
f 8451 8841 7024
f 12678 11130 6553
f 9847 13449 12254
f 11018 11783 11262
f 586 105 1508
f 11757 11978 13351
f 4886 6965 7688
f 12535 12783 12421
f 6856 7577 6958
f 3278 6183 5902
f 8384 6144 8112
f 5290 3971 4270
f 8774 9045 8783
f 7599 6876 6898
f 3798 4101 5126
f 5584 5302 4285
f 6616 6662 4816
f 7427 1186 7917
f 6053 6066 3155
f 13509 13352 13508
f 9793 9792 9791
f 8095 9065 9635
f 1857 2114 2667
f 8871 7338 9437
f 9352 7686 6963
f 9352 6963 7686
f 4304 871 4056
f 11371 12931 11884
f 3993 4278 4277
f 12785 12536 12422
f 6472 5917 6189
f 6140 6138 3223
f 34 2017 311
f 54 2304 53
f 1923 2744 1069
f 3475 3504 4406
f 3524 3520 1282
f 8393 2956 7238
f 6135 6401 8097
f 9195 9771 9194
f 9114 4925 9691
f 2443 1642 472
f 8242 8493 8494
f 11021 11784 11776
f 5852 3205 6116
f 308 1507 1468
f 5891 424 2122
f 8326 7188 8342
f 4532 4233 3936
f 1554 679 384
f 4579 1432 1138
f 9920 12155 10244
f 7652 6907 7648
f 10478 10364 10845
f 1531 3811 373
f 4155 1008 5165
f 2192 2186 1918
f 10184 10212 9859
f 5090 658 5415
f 10150 10210 12978
f 12878 13342 11832
f 8099 8359 7202
f 8096 6394 9067
f 7210 6395 8350
f 8877 9163 7767
f 6756 7737 4938
f 119 2086 1826
f 4728 3644 5709
f 123 671 108
f 672 1546 1813
f 13543 13121 11380
f 12907 10989 11749
f 98 111 379
f 4885 6695 6702
f 1556 110 113
f 1555 111 681
f 9057 8083 6390
f 12126 12292 13220
f 8405 2125 1864
f 11910 10042 10688
f 7074 7066 7779
f 3111 2908 2857
f 5501 211 5223
f 1555 379 111
f 8100 6398 8090
f 1153 1447 3696
f 4051 3825 4338
f 1431 3675 4578
f 3990 3686 4761
f 11981 112 682
f 4987 9457 7785
f 268 559 840
f 3531 3526 4432
f 13376 12938 11775
f 11270 11150 11030
f 1720 10727 12584
f 2491 522 2488
f 684 1556 113
f 969 1257 963
f 3216 2924 2923
f 5361 5398 3829
f 2920 6129 3206
f 7203 8087 8351
f 9926 12331 12325
f 244 1691 526
f 1885 2697 2148
f 8922 8522 9495
f 6817 6816 7073
f 5159 4138 3834
f 3694 4605 1445
f 1247 1246 1773
f 436 1610 1597
f 8223 7340 8478
f 6402 6120 8088
f 565 1719 843
f 1091 1381 5532
f 12029 12026 12826
f 6402 5851 6120
f 8089 6698 9636
f 2936 5846 6131
f 9922 10245 12156
f 6972 7689 7687
f 5160 5435 3839
f 10077 10853 10399
f 7366 8247 6551
f 6131 5846 3216
f 6917 9331 7640
f 2931 2926 3210
f 13527 13273 13533
f 996 8782 9357
f 9643 9637 9065
f 11982 114 10696
f 5474 5195 5193
f 1782 957 2052
f 3149 8033 6072
f 10485 10355 10772
f 7812 7820 9502
f 12662 12415 12419
f 5373 3774 5091
f 8391 8380 8118
f 2939 3235 7227
f 2933 3211 6120
f 2733 1903 2457
f 1090 4527 3604
f 8242 6561 6547
f 390 1548 121
f 1829 2088 1817
f 5930 6218 3006
f 181 2439 2167
f 3222 2931 2930
f 10477 12146 12245
f 5800 6663 4848
f 6901 6656 7646
f 149 1573 1582
f 3840 3834 4138
f 13407 12215 12115
f 5589 10122 1448
f 3361 3055 5971
f 389 380 1547
f 1557 380 389
f 5072 905 1261
f 1558 382 4140
f 8797 9363 9655
f 73 625 1768
f 5374 3770 5361
f 3220 12916 2929
f 8171 5920 6478
f 5160 5154 5435
f 10111 10604 10433
f 5858 6123 10996
f 3217 5847 2927
f 3293 3012 3015
f 8362 7206 6400
f 2323 2312 2590
f 12180 12179 10264
f 12918 13355 13357
f 13107 11544 9944
f 4895 6712 6709
f 1466 56 307
f 7112 8942 6843
f 8343 8090 6398
f 3849 4143 4154
f 6063 6061 5796
f 2300 3440 1283
f 11125 8127 6428
f 1828 2082 2088
f 2689 8138 2410
f 12831 12829 12584
f 10697 10696 11980
f 2608 2617 2330
f 5517 3909 4211
f 9197 9181 4990
f 3100 6298 3103
f 5894 1590 427
f 10247 10246 9727
f 5438 3842 5155
f 8363 8354 7207
f 5365 10033 5080
f 12616 12396 12650
f 4733 7530 7980
f 10430 10600 10608
f 1497 649 363
f 12671 8138 2689
f 1811 1818 2637
f 8131 8121 6435
f 8364 8363 6399
f 5580 5589 4291
f 9795 9509 8940
f 13204 13330 11848
f 4518 4509 1080
f 6370 2335 8075
f 12004 8623 10713
f 2337 2335 4386
f 2336 2812 2542
f 2367 2635 391
f 9173 9739 9168
f 4767 6618 4082
f 2916 5850 7188
f 6778 7035 7036
f 8144 2682 6448
f 9212 4569 3666
f 11725 11736 13338
f 6405 5856 8092
f 10822 5414 5130
f 5856 6122 8092
f 122 11980 1553
f 122 10697 11980
f 12586 10612 12828
f 6705 7687 4883
f 6230 5943 3302
f 1635 471 2435
f 4584 1432 3676
f 6134 5850 5858
f 5530 4538 4222
f 2507 2772 2218
f 144 409 136
f 5305 5586 4289
f 16 664 11971
f 6304 6301 3389
f 7214 8092 8356
f 12061 10968 10953
f 11521 10254 11520
f 12185 13268 13530
f 2182 2721 1910
f 7214 6405 8092
f 4755 5731 4751
f 4443 4438 3842
f 11074 11748 11238
f 7213 7208 8355
f 9115 8829 9401
f 5170 5445 5169
f 2092 1821 1820
f 6502 8189 6495
f 5565 10100 5282
f 5857 6133 6124
f 2828 3207 68
f 11803 11854 11285
f 11672 12023 8646
f 1831 2083 2093
f 7617 4809 7625
f 4135 3835 5434
f 2094 1822 2085
f 10191 13064 9903
f 1934 2199 1367
f 6608 6687 9627
f 1293 995 1289
f 5046 3780 5365
f 6927 8745 9321
f 4980 6796 4979
f 433 2967 5890
f 2650 2359 1830
f 11676 11673 8648
f 7885 4637 5626
f 11586 11206 11324
f 11631 8637 7988
f 7734 9403 7017
f 11777 6290 6005
f 7144 7153 8306
f 1294 5439 994
f 393 2369 2638
f 9007 9016 8716
f 7254 2124 2404
f 6651 6092 6916
f 2307 4354 3458
f 3134 2835 3127
f 420 700 139
f 9072 8785 9638
f 924 9044 4381
f 11022 11780 11023
f 2370 2639 2649
f 2381 387 2102
f 1984 838 1979
f 12930 13366 13368
f 3026 5934 3308
f 3261 715 152
f 7258 7263 8408
f 5859 6700 4890
f 9437 9720 9147
f 2306 2078 2356
f 6061 3183 2873
f 10970 11757 10969
f 11046 11233 10991
f 11046 10991 11233
f 803 1942 2757
f 9420 9707 9716
f 1316 2804 1142
f 5077 5358 5412
f 9642 9068 9355
f 9071 9066 9644
f 4326 4670 4048
f 5502 5232 5222
f 2648 2634 2358
f 8841 9120 7739
f 12349 9959 12191
f 2895 6115 5813
f 1209 922 3442
f 4921 4915 6731
f 13440 9914 13078
f 1294 1290 998
f 8579 11616 11598
f 2371 2361 2642
f 4142 5157 4141
f 11283 11338 12868
f 132 701 699
f 11810 11832 11317
f 2477 2475 2748
f 7728 7009 9401
f 2494 1948 801
f 3842 4438 3528
f 1051 4577 1431
f 1635 1643 480
f 5864 6418 8107
f 751 10699 192
f 8061 9603 9036
f 8026 6613 6050
f 4050 4070 3766
f 3913 10410 10575
f 2093 2362 3529
f 5727 10427 7983
f 1790 1807 2068
f 10019 10796 10863
f 1982 1434 1143
f 2489 3653 3671
f 7712 5458 6994
f 9687 6739 6198
f 3161 6071 2919
f 6447 8139 6456
f 3922 264 5298
f 9028 6362 8759
f 5471 740 1612
f 11559 11557 10291
f 9378 8397 7244
f 4139 2643 4434
f 4139 4434 2643
f 2161 175 3003
f 3466 5377 1261
f 5958 7742 6756
f 8066 6359 6360
f 3374 6285 3077
f 4484 3579 4491
f 8430 8179 6483
f 8796 9083 9655
f 8133 8125 6427
f 9375 8793 9366
f 10749 10904 12025
f 7031 3032 7745
f 11135 11771 11012
f 8985 8691 9607
f 1662 571 1728
f 2645 2644 2363
f 8342 7188 7193
f 5311 4013 3710
f 7257 2121 8400
f 638 666 5388
f 3653 4583 2531
f 2501 1685 524
f 8421 8148 6454
f 2933 5851 6402
f 6421 7237 8383
f 10876 7528 7978
f 6251 6250 5962
f 11012 11007 11768
f 1647 759 489
f 8431 9396 8833
f 1677 512 510
f 7289 3286 2999
f 11973 12532 10695
f 9748 8879 9457
f 10118 10897 10892
f 2374 2651 2384
f 9667 3549 9095
f 10744 10743 8651
f 2860 6093 3151
f 2440 475 1637
f 11635 8612 12675
f 9208 8921 7814
f 12035 10129 10748
f 5895 6172 5904
f 7768 9164 7779
f 3068 3067 3356
f 12789 489 12540
f 6776 7037 9428
f 11057 11187 11232
f 8970 9600 9585
f 12167 9166 10250
f 8297 8348 7196
f 3873 1034 5465
f 6217 8180 6482
f 2718 2443 2717
f 4674 5678 4340
f 2672 2106 1842
f 1864 2125 2120
f 532 1704 531
f 2464 2737 2462
f 10451 10450 10616
f 10924 11754 11722
f 7552 4757 7549
f 4288 5304 3987
f 3393 4369 311
f 7875 10066 7445
f 13464 13200 11460
f 3407 3475 1231
f 13286 12197 10289
f 2101 2665 2379
f 7690 9070 4888
f 2880 2910 3198
f 12246 12245 12139
f 4672 8592 7909
f 6229 3301 8441
f 11141 11254 11376
f 10056 10684 12527
f 6430 7234 6419
f 11797 12949 11035
f 11797 11035 12949
f 5600 4678 4707
f 3410 12415 12662
f 12934 11772 11006
f 7871 9991 10818
f 8215 8470 9430
f 11171 10952 11089
f 4157 140 5166
f 5541 5536 5258
f 13308 13439 12910
f 6448 8142 8148
f 9513 7114 8939
f 2337 2052 2622
f 7883 7497 7485
f 4611 10564 10324
f 997 8360 9354
f 4922 6190 4915
f 9071 7691 8784
f 9652 9085 9651
f 4986 6802 4985
f 5933 6475 3009
f 10546 12770 12522
f 4472 3873 4172
f 3529 2640 4424
f 2393 2108 2392
f 8162 8155 8419
f 12704 12824 11788
f 3488 3512 4384
f 3895 5483 3893
f 8220 7328 6521
f 5369 5111 5100
f 10304 4623 5611
f 1890 2149 2432
f 2519 1705 2783
f 9649 9073 4887
f 8404 3256 1861
f 864 4341 904
f 2874 8313 3160
f 6932 7674 6660
f 12345 12348 12188
f 313 302 1511
f 517 3626 3929
f 8564 11577 11589
f 5704 7519 7960
f 912 1224 5354
f 886 1216 2025
f 12944 13386 13385
f 9668 9096 9670
f 3231 7210 8360
f 7026 6243 6756
f 12441 12686 4742
f 9360 7692 6973
f 3231 8360 5162
f 5865 8096 6136
f 5705 8002 10120
f 133 404 2371
f 9304 6904 9063
f 8938 8933 9213
f 6408 2934 5852
f 5024 7112 6844
f 1189 7881 3508
f 6139 9640 8100
f 10010 7901 7452
f 4171 5189 5188
f 4842 12121 12283
f 6139 6707 9640
f 11410 11456 13019
f 258 830 269
f 5884 6149 2955
f 132 686 1826
f 12590 12579 12834
f 8500 9470 8231
f 687 2371 1827
f 2549 12662 4382
f 1226 3507 4413
f 8106 8114 6417
f 5097 3803 4059
f 1891 1885 2148
f 2818 2821 2547
f 4872 6954 7672
f 9307 8771 8731
f 586 1508 306
f 1357 5230 1078
f 3618 3611 4513
f 6426 6416 7230
f 8739 7636 9314
f 2025 50 1750
f 6135 8097 6134
f 10203 10241 13244
f 8802 9366 8795
f 4894 9641 6709
f 5783 3158 2866
f 11912 10626 10648
f 2101 123 1834
f 2008 1748 39
f 8538 8259 8531
f 10872 10095 10088
f 2095 2086 119
f 5864 2940 6146
f 12761 8593 12530
f 7077 9471 8896
f 745 2145 171
f 7768 4965 9164
f 3585 7297 1343
f 9304 8749 9317
f 2659 1833 1554
f 2373 117 388
f 12056 10185 8753
f 3595 3599 4504
f 5207 5202 4189
f 1833 679 1554
f 2096 680 116
f 6787 8879 9738
f 9651 6705 9075
f 11800 12959 13398
f 12984 9855 10232
f 2943 7217 7219
f 2097 681 117
f 6383 8089 5838
f 773 200 204
f 1294 994 1290
f 3224 8366 3215
f 6604 6607 4785
f 4472 1038 4464
f 9647 8791 9081
f 2339 2059 2604
f 3334 3329 6247
f 1146 4586 1437
f 9199 8910 9759
f 2654 4139 2643
f 5769 6060 5810
f 28 335 1495
f 4894 9072 9641
f 5493 5486 762
f 1583 1575 699
f 5308 1445 4605
f 2098 118 1833
f 4891 9641 4889
f 3690 4283 4572
f 4442 4139 2654
f 6197 5919 5910
f 1001 5159 5436
f 5749 8022 6316
f 4447 3540 1009
f 4374 2606 1791
f 8201 6236 5946
f 6708 6974 9642
f 3795 5137 5401
f 863 4299 4302
f 11292 11189 11711
f 1835 2651 681
f 2655 2095 119
f 3514 3831 1266
f 5268 247 4240
f 6539 3353 8496
f 2763 2481 3615
f 3914 4212 3905
f 3922 4266 3964
f 8104 2932 6129
f 1253 974 1269
f 1566 126 2646
f 3352 7790 7063
f 9130 9406 8832
f 1840 2391 2105
f 6884 6936 7603
f 1836 11981 682
f 8592 11617 8603
f 10902 10444 10613
f 1595 5899 6176
f 3536 3840 5159
f 6974 9357 9356
f 7962 7556 7546
f 7962 7546 7556
f 7390 8269 8540
f 5862 2933 6402
f 547 1708 2521
f 2657 4437 1557
f 12598 12597 10751
f 4824 5786 6360
f 11627 683 11981
f 1336 5473 1334
f 9211 8928 1132
f 1565 397 2645
f 1357 2188 5506
f 8367 8104 3218
f 1374 3599 4511
f 1837 1556 684
f 12378 12614 12376
f 3511 1273 1289
f 11588 8605 8600
f 1636 483 1638
f 7777 6529 8871
f 5702 10085 7959
f 8665 7605 4826
f 13015 11506 13071
f 1837 2655 1556
f 1356 8851 1075
f 1000 5160 4440
f 11821 13041 9300
f 3390 7384 8537
f 532 1693 541
f 7531 7983 10881
f 9185 4995 5979
f 4994 7082 13521
f 10623 10454 10452
f 4141 3841 3837
f 3573 4487 4486
f 4144 2645 4438
f 2938 6410 7211
f 7367 8512 8518
f 8370 7222 3222
f 5589 5307 10122
f 851 271 1985
f 13091 11543 9946
f 2374 1557 389
f 1000 5437 5160
f 2656 1558 4140
f 13412 13297 13051
f 9457 9450 8882
f 3980 4570 3667
f 4016 3416 4646
f 2280 2079 3523
f 10241 12152 13244
f 689 2646 1828
f 8371 6131 8105
f 8150 8412 7261
f 8371 3219 6131
f 9094 9662 9370
f 5861 6144 5868
f 3333 6245 8214
f 7184 8322 8339
f 9004 9609 9334
f 3703 5370 5316
f 6990 7703 6985
f 6754 6751 4939
f 9756 9178 9755
f 2099 390 121
f 11401 9913 13058
f 12453 12579 12830
f 8825 7731 7017
f 5728 7979 7977
f 9648 6703 9073
f 10422 12808 10591
f 8925 7822 7100
f 5281 3987 5582
f 8528 8256 6565
f 4445 4441 4141
f 11897 11662 11381
f 4851 9617 6676
f 4623 5637 5611
f 11527 13100 11532
f 13536 13275 13541
f 2375 2652 390
f 1742 2566 2565
f 8848 9425 9428
f 4254 1719 3991
f 11937 10681 11959
f 6893 6644 7663
f 2973 3260 153
f 12363 8604 8605
f 7225 3219 8371
f 2939 8363 3226
f 3343 8227 6257
f 16 634 664
f 11260 11140 11130
f 2652 391 1559
f 6619 9274 6878
f 1954 2507 2506
f 8580 8574 11585
f 5958 6248 3038
f 1593 1579 418
f 3537 4443 3842
f 3432 4421 3733
f 11679 10968 10939
f 9867 12113 12112
f 399 3846 3530
f 611 50 57
f 7227 3221 7212
f 4445 4142 3843
f 7834 9223 9219
f 7030 7750 7045
f 4892 9643 6710
f 4436 3529 3521
f 4969 6782 7763
f 11359 13357 12917
f 11434 13437 13238
f 400 1568 2369
f 7126 6349 7161
f 9188 9757 11522
f 816 1692 525
f 12589 8637 12833
f 647 5149 5120
f 9948 9491 9780
f 3537 3842 1296
f 2571 2030 2321
f 10794 10052 10040
f 2014 2042 1777
f 1296 3842 5438
f 401 2089 127
f 1475 1783 2325
f 2091 1819 2367
f 11892 11147 11266
f 6592 4837 6591
f 4894 6709 6712
f 3841 4436 4137
f 3841 4137 4436
f 10709 11639 822
f 5864 8107 5856
f 8675 9339 7654
f 399 2648 1568
f 9576 9041 9312
f 8108 6407 5855
f 4318 895 3428
f 2489 4582 3653
f 11127 11246 11128
f 7097 5011 7815
f 7013 7736 4933
f 10169 9837 9848
f 2658 3538 3843
f 6821 7070 4989
f 2100 122 392
f 9361 6705 9651
f 1298 5163 1007
f 11764 3304 13361
f 6783 7042 6781
f 2371 2642 1827
f 10588 10419 10420
f 4046 3743 3747
f 5000 7789 7788
f 2658 3843 1560
f 2942 8364 7213
f 75 3796 340
f 10516 5105 4075
f 4145 3844 1293
f 9135 9129 9698
f 7571 6880 2852
f 2690 11242 8137
f 11875 11123 12918
f 12250 13485 12079
f 3818 5155 4117
f 5864 6405 2940
f 7361 3367 8510
f 1569 2649 2368
f 6413 5858 10996
f 8431 7296 8437
f 130 1830 2091
f 690 1830 130
f 8268 8266 8536
f 12856 13348 12896
f 8804 9369 9373
f 4475 3562 3568
f 12818 12577 12007
f 2364 2631 2359
f 7746 7027 3321
f 8290 2918 5785
f 2509 1951 2219
f 6320 7134 8081
f 1794 2055 7173
f 2403 1853 2119
f 12472 10665 8568
f 8556 12413 12667
f 2379 393 123
f 6445 2679 2398
f 3496 3513 4418
f 7991 7550 7990
f 9079 8787 4893
f 8446 8184 6492
f 1739 1740 2001
f 3229 7214 7217
f 790 218 786
f 2756 1936 2202
f 8110 6706 9650
f 12817 10726 12570
f 10309 10555 10817
f 9025 9599 9619
f 3592 2744 2464
f 3131 2849 8289
f 2327 2595 4394
f 12478 12512 11950
f 2157 176 2168
f 7552 4758 4757
f 5803 6072 6346
f 12047 13239 12203
f 8789 7692 9360
f 11630 2245 2243
f 4893 7691 9071
f 4972 7088 6798
f 8332 8331 8072
f 2290 1742 2565
f 11939 10677 10692
f 4843 6914 6647
f 5865 2941 7215
f 7693 2944 8785
f 10805 10518 10037
f 7694 8786 7692
f 1312 1015 1011
f 11105 10983 11752
f 5838 6111 3205
f 12122 12287 12286
f 396 2650 1562
f 1341 1045 4486
f 6414 4890 9080
f 9443 8866 9726
f 403 394 2372
f 2380 395 2371
f 1596 1611 440
f 2008 315 2320
f 4479 3566 1331
f 4894 7693 9072
f 124 2372 2094
f 403 2372 124
f 5441 1294 998
f 7768 7051 4965
f 8482 3337 8480
f 10759 10067 10073
f 1356 2186 2192
f 7778 3349 7071
f 895 5362 5087
f 9230 12349 9960
f 8867 9434 7332
f 5293 1131 1427
f 4215 5230 3916
f 774 5222 209
f 15 2012 5341
f 3550 3549 4457
f 1569 2368 401
f 232 1947 2208
f 5587 854 282
f 12159 4944 7748
f 1353 1054 4492
f 3850 5440 1295
f 12832 12022 10737
f 1630 470 1639
f 5734 4751 10601
f 638 70 666
f 10285 12192 12348
f 5097 4351 931
f 5265 4234 3942
f 9379 1017 8401
f 10139 13019 9915
f 5197 5469 4174
f 13524 11531 13373
f 9216 6567 9796
f 3930 4530 4230
f 2819 2259 1991
f 12158 13248 12926
f 8869 3053 7063
f 7520 5707 7963
f 6974 9356 9642
f 1790 2347 2063
f 3128 6883 8287
f 10428 10095 10101
f 8368 8366 7220
f 2519 544 1705
f 3729 4372 4038
f 12470 12751 12763
f 1119 1409 3631
f 6310 6015 6019
f 12971 13424 11513
f 11135 11883 11370
f 11557 10287 11554
f 7799 8504 3069
f 11688 12062 10987
f 5977 6267 3352
f 3342 3337 8482
f 8008 5770 6353
f 9654 9647 9081
f 2938 7218 6410
f 8488 8884 9449
f 2470 3588 2746
f 10744 8651 8649
f 3779 4118 4121
f 9956 10283 12194
f 4395 4394 3510
f 3922 557 264
f 11125 11876 8127
f 572 606 3129
f 4445 999 4441
f 5056 5070 5350
f 8000 8645 7559
f 10001 10842 5339
f 12973 13032 11471
f 1804 652 2638
f 10451 10444 5743
f 12067 13160 12106
f 7531 7972 7983
f 1971 2239 11635
f 2606 2344 2064
f 9217 8931 9506
f 12977 10173 11457
f 12328 12165 12162
f 9420 9716 8856
f 12541 1648 485
f 6011 6294 3380
f 8108 7228 6407
f 9217 9218 9799
f 4551 3638 3652
f 6557 11139 8251
f 1644 1637 475
f 8860 9428 9425
f 13374 3376 3075
f 9000 9007 9571
f 9572 9907 12310
f 12856 11813 11351
f 10508 4664 10342
f 10455 10134 10130
f 12434 5719 4740
f 8868 9435 8862
f 9850 12278 10171
f 7905 11591 12652
f 5612 5607 4654
f 5467 1131 5293
f 5168 4148 1010
f 6174 6180 5905
f 10133 10621 10910
f 4793 6637 6647
f 10708 262 12549
f 12038 12846 10753
f 1386 1111 4538
f 8276 2837 3190
f 10866 5521 10083
f 7024 8841 7739
f 78 653 1529
f 719 157 166
f 4589 2807 1147
f 63 337 1488
f 4845 6643 5791
f 592 3144 6054
f 425 2671 1581
f 890 3524 4428
f 8441 3012 7291
f 752 1894 2156
f 4306 9579 914
f 958 1283 4388
f 9662 9364 9656
f 2380 2377 2653
f 3940 4232 4237
f 13542 13122 11551
f 7860 4689 7460
f 519 2770 1690
f 7031 7745 7753
f 8389 7240 8115
f 7028 7748 3324
f 13085 11375 13526
f 2549 3523 4312
f 9596 6368 8059
f 9522 9803 9223
f 8686 9277 8710
f 9187 9475 9184
f 693 133 687
f 12718 11938 10649
f 4546 4243 3957
f 9318 8762 9332
f 8106 6412 8114
f 126 1843 2096
f 5009 9207 9783
f 4332 2343 3495
f 609 84 71
f 1837 2107 2655
f 11403 9867 12965
f 4203 5220 3908
f 6804 3351 6268
f 11561 11560 13130
f 10976 10975 12900
f 6800 4978 4980
f 1926 1071 1931
f 5348 10812 10036
f 6840 5023 5022
f 13023 13053 9879
f 5442 3844 4145
f 394 1560 1552
f 8977 6657 9556
f 11893 13121 11547
f 11824 11867 11122
f 5972 5967 6259
f 6333 8028 6332
f 8389 8115 11241
f 2016 604 600
f 206 769 196
f 8549 11918 10637
f 5865 6136 5873
f 4734 12673 2788
f 3421 3469 3719
f 12569 10720 12806
f 6194 8408 8157
f 6855 7583 7607
f 9269 7684 8712
f 5502 3899 10409
f 3850 4151 5440
f 9948 13103 9491
f 5298 5285 5569
f 8188 8440 7300
f 132 2095 701
f 6063 5796 6343
f 2307 3458 1268
f 11572 8567 7419
f 4547 1417 3651
f 7833 5025 6844
f 402 2668 2373
f 3732 3815 4115
f 8110 6422 6136
f 4894 6712 7693
f 309 1469 60
f 1658 4197 212
f 6619 6887 7611
f 5115 5391 5384
f 6826 5008 7096
f 9814 10161 10170
f 407 1564 396
f 11560 9966 13127
f 3319 3310 3030
f 1596 5906 1611
f 5231 1361 5507
f 7694 6980 6975
f 6414 8117 8103
f 6975 6980 7695
f 8096 8094 6394
f 8103 8117 8118
f 2945 3239 5867
f 5530 3915 4213
f 4896 9646 6707
f 687 1563 134
f 1088 806 5252
f 4945 6769 6246
f 4065 4119 3784
f 1840 2105 2097
f 11067 10949 11738
f 7144 3139 2851
f 5887 6437 8123
f 10688 8600 11615
f 765 1638 483
f 1873 8398 7251
f 1835 2097 2105
f 11448 11464 13062
f 3876 3571 4171
f 1857 1849 2114
f 2654 1564 2383
f 1060 1930 5496
f 4072 3768 4088
f 3845 4148 4143
f 12608 12531 12735
f 9646 9082 9075
f 10633 11964 10669
f 546 558 559
f 9652 9651 9075
f 873 1174 3451
f 9110 9103 9675
f 3371 3086 3087
f 9654 9086 9650
f 4606 1156 4602
f 4342 3477 3826
f 10351 10511 10344
f 2059 2605 1784
f 3845 4450 4148
f 3065 5976 6265
f 5441 5439 1294
f 3224 7229 8366
f 7131 2907 2908
f 1835 2105 2384
f 6035 3202 2876
f 11186 11716 11832
f 2267 2616 310
f 10029 10799 10834
f 1566 694 126
f 4467 3557 4464
f 4109 3816 5425
f 5862 3234 8378
f 306 1546 672
f 7581 6868 7588
f 2655 2107 2385
f 3285 2996 3283
f 3333 8214 8474
f 2043 2615 2614
f 7241 8386 6416
f 3536 1001 4449
f 7154 8307 8306
f 4674 4340 7478
f 6296 6010 6012
f 10836 4688 7482
f 12125 5801 10995
f 703 1577 700
f 9359 8791 9647
f 6138 5868 2947
f 12472 12769 12523
f 4447 3535 4442
f 8695 9051 9623
f 162 723 2967
f 1751 2053 2036
f 7630 4862 6910
f 7220 8375 7232
f 7289 8169 3286
f 11267 11265 11379
f 721 2966 3254
f 8494 8493 7346
f 1178 908 4376
f 9720 9430 8849
f 1196 1206 889
f 12852 10956 13325
f 4669 7451 4686
f 8978 9613 9338
f 8398 8391 7245
f 547 2534 1979
f 6320 8285 7134
f 3052 7343 3340
f 10767 7491 7876
f 11666 12458 8645
f 4147 5441 998
f 8369 7221 7231
f 8788 9656 9364
f 3252 2960 2958
f 8607 2108 11627
f 4144 3543 3853
f 9382 9666 9380
f 6223 8186 3303
f 508 787 1670
f 4071 5091 3774
f 1856 2666 1585
f 7156 8313 8346
f 818 252 819
f 1837 2109 2107
f 7357 6538 7353
f 4267 4261 3969
f 10604 10434 10433
f 7058 7766 7053
f 8059 6368 8082
f 4238 4233 3943
f 689 136 1566
f 11830 8336 11326
f 2656 4444 3542
f 5876 3239 2954
f 7226 8381 6411
f 12229 9891 9864
f 6411 8381 8113
f 2442 178 459
f 1440 1445 1159
f 508 1670 223
f 508 223 1670
f 8373 8371 7234
f 4634 4324 880
f 12159 6767 12322
f 8372 7236 8370
f 8370 7236 7233
f 3169 5839 6076
f 3000 5913 3280
f 8371 8105 6419
f 5451 4152 3855
f 5502 10409 10082
f 4825 6691 7621
f 2375 2099 1845
f 8314 8346 7194
f 1514 4097 5121
f 3224 7224 8380
f 1165 857 3409
f 3117 5809 6098
f 3224 8380 2946
f 10579 3974 10593
f 13382 11030 12948
f 1889 2145 745
f 12844 10749 12033
f 9649 8107 9084
f 491 195 490
f 968 1260 7941
f 5213 5497 5207
f 13299 10981 11726
f 1567 410 1572
f 3840 3836 3834
f 8106 6417 5870
f 4476 3570 4470
f 7608 9277 8692
f 13297 12871 13479
f 11915 12516 10662
f 4732 3645 5714
f 3537 1296 1006
f 2373 388 2370
f 816 245 246
f 4446 3544 3538
f 5089 4064 3833
f 2527 2791 11636
f 12843 12591 12841
f 6141 5871 4898
f 3352 3060 3348
f 3352 3348 3060
f 7227 8382 8381
f 6995 5178 711
f 2008 39 315
f 3069 8504 7359
f 1570 4153 399
f 8569 12625 12413
f 9007 8741 9016
f 7227 8381 7226
f 12852 10975 10956
f 399 4153 3846
f 8968 9283 9621
f 10478 10845 10846
f 5287 3969 5568
f 2376 2388 2663
f 7547 5720 5724
f 11359 11876 11361
f 1491 358 1524
f 11202 11339 11220
f 11633 2785 1967
f 11487 11486 13079
f 398 1572 696
f 11875 11359 11361
f 156 707 422
f 11800 13545 11044
f 2212 1949 1951
f 10437 10597 10435
f 6470 6464 8161
f 9158 9149 9729
f 9676 9386 8816
f 4145 4149 3854
f 1717 5007 6008
f 12801 11778 12558
f 12982 11489 11493
f 12982 11493 11489
f 13457 13498 13231
f 128 696 138
f 12097 12258 6607
f 10271 9948 9780
f 11875 11361 11123
f 3751 1490 4062
f 11723 10977 10991
f 2690 2412 2698
f 3988 3975 3985
f 12683 2238 2785
f 9078 4892 6713
f 2818 2547 2822
f 1634 4180 3891
f 3227 2949 6142
f 6977 9495 3380
f 10451 10612 10444
f 9418 9412 8449
f 129 128 138
f 1367 1068 2194
f 10709 12004 10713
f 6300 6013 6569
f 3390 8537 7385
f 3701 3772 3783
f 10035 4074 10370
f 10411 10576 3906
f 400 2379 2665
f 4296 5106 4045
f 127 5161 695
f 401 1573 411
f 839 838 266
f 424 419 1580
f 9375 9089 8793
f 12819 12578 12821
f 3046 3335 3336
f 3417 4362 1209
f 6852 13465 13184
f 2335 2624 8075
f 4102 666 1542
f 8109 6413 8115
f 3319 3025 3310
f 1066 1064 4502
f 3228 2952 135
f 8516 8250 6550
f 8110 9086 6422
f 2544 1147 2808
f 6866 4779 7610
f 8788 9078 9656
f 8795 8793 9085
f 3655 1130 1440
f 8110 9650 9086
f 2024 1765 2028
f 11810 11317 11872
f 5471 3866 4911
f 3848 4152 5163
f 11809 13203 12868
f 8606 12023 11672
f 5437 5154 5160
f 3865 5454 5185
f 9361 9651 8792
f 5501 5513 5227
f 10011 10691 11955
f 1566 409 694
f 3232 3227 2942
f 6045 3188 6067
f 4546 1125 1407
f 6896 9026 8718
f 3562 1324 4468
f 10067 11968 10690
f 3230 2951 2942
f 11104 6457 7276
f 4908 9671 6727
f 12104 10245 9894
f 6722 4901 7699
f 9333 8749 9610
f 5015 5284 8926
f 1682 1680 2762
f 3232 2942 2951
f 10182 10217 9852
f 6833 3985 4282
f 9736 9750 4973
f 5502 10082 5232
f 8532 3386 8529
f 5527 5235 5519
f 2944 2952 3228
f 4819 6059 5802
f 12208 12154 9823
f 3229 2943 2950
f 457 3561 164
f 9690 6739 9687
f 9362 8789 9360
f 2529 12678 2528
f 13187 11449 13046
f 7221 8378 7231
f 3233 2944 7693
f 3965 5294 3978
f 276 843 3098
f 3230 140 2951
f 5162 5442 5164
f 519 2758 2487
f 9080 9361 9658
f 12474 11952 12760
f 10585 10869 3962
f 11443 8776 9344
f 12358 12201 13285
f 3230 691 140
f 6619 6878 7618
f 5162 5164 5446
f 10460 10521 10338
f 12586 10445 10612
f 4925 6737 9691
f 11156 12707 11272
f 3851 4154 4148
f 3851 4148 4154
f 3295 12923 13359
f 1770 2050 2356
f 812 240 807
f 6468 5918 8157
f 7588 4865 6862
f 2945 6137 8098
f 9946 11543 10275
f 2385 2660 1841
f 7774 7760 7049
f 11320 11862 11868
f 7984 12690 5719
f 4924 6192 6733
f 4895 6714 6712
f 6033 5763 2925
f 6083 5830 6089
f 11303 11852 11331
f 2562 1511 1814
f 1354 2194 2184
f 12709 12707 12461
f 6443 11241 11243
f 2112 2661 2384
f 10679 11960 12520
f 2691 8134 1871
f 10273 9947 13111
f 4534 3924 3621
f 1927 2749 2197
f 4182 3568 3881
f 4936 9125 9696
f 3704 5145 4004
f 735 449 1611
f 3255 8396 7243
f 9196 9488 8909
f 6719 7696 4901
f 11796 12956 13397
f 11721 12883 10969
f 10017 10044 10795
f 2656 4140 4444
f 6529 8215 9437
f 2506 2784 2237
f 2758 1684 235
f 13118 13540 9957
f 160 727 1879
f 2019 1776 2041
f 4679 10374 5669
f 9179 9177 8892
f 10091 11999 11995
f 12290 4830 12118
f 7992 10893 10116
f 8373 11876 11360
f 149 411 1573
f 7090 5547 7806
f 5800 7657 2878
f 12815 10722 12005
f 5929 6206 5926
f 3730 5063 4040
f 12182 7810 13267
f 11637 11636 8615
f 6759 4940 9148
f 12198 13544 12352
f 6238 6228 5943
f 9092 9371 9659
f 4314 3407 4427
f 6058 5825 6669
f 210 209 764
f 7776 7062 9440
f 3090 3367 3368
f 779 217 5213
f 3981 4265 5286
f 7006 9672 9390
f 12614 12628 11582
f 11823 11478 10184
f 6506 1910 8188
f 11683 12053 12239
f 1019 2117 1309
f 5162 8360 997
f 1832 2801 2251
f 4174 3870 4168
f 1027 1325 1024
f 7591 3166 6919
f 9238 9536 8666
f 9238 8666 9536
f 13105 13111 13104
f 3037 3327 3326
f 3037 3326 3327
f 3387 3102 8530
f 2280 4426 2079
f 5833 3197 6109
f 9178 12171 4986
f 1159 5588 3693
f 5110 3770 4091
f 431 1587 429
f 5458 5175 5457
f 4648 5680 7516
f 3232 2951 2949
f 6862 4865 6680
f 7221 2933 5862
f 5026 7832 7113
f 6426 7230 8377
f 5930 2998 6472
f 9466 9933 9756
f 7367 8518 11373
f 11296 11204 13318
f 1225 4420 926
f 2848 8305 7159
f 4500 3585 4495
f 10037 10371 10830
f 11588 7919 7476
f 13248 3319 12926
f 9661 9090 9365
f 12383 12643 11612
f 1924 1920 1070
f 10455 10130 10132
f 4893 9071 6711
f 11526 13257 7797
f 407 703 143
f 693 134 414
f 5092 3773 5356
f 693 414 1585
f 4896 8795 9082
f 4915 2980 7715
f 6742 9110 9681
f 8285 8028 7134
f 9795 8934 9793
f 7122 9268 8662
f 10280 9214 8932
f 3420 5402 3794
f 340 1542 338
f 8391 8117 8390
f 736 1606 1615
f 6415 8117 8391
f 2382 2114 1842
f 2672 1842 2114
f 10639 10851 11944
f 2104 2671 2390
f 11407 13505 13057
f 5198 182 740
f 763 481 1642
f 3035 3311 5941
f 10749 10129 10904
f 7880 10235 7489
f 2649 2639 2360
f 7711 5457 8811
f 1189 3508 3784
f 4453 1299 1008
f 11776 13376 6291
f 6717 6982 7695
f 5266 244 5545
f 7188 5850 6393
f 11928 12764 10565
f 11928 10565 12764
f 4162 4158 6721
f 13169 13162 13497
f 1851 1841 2660
f 8119 8374 8111
f 12090 13069 9886
f 2101 2379 123
f 177 1883 737
f 2112 2384 2105
f 3394 920 1178
f 1581 2671 694
f 5176 5448 5168
f 2264 2821 1994
f 434 1598 1613
f 2957 6144 3243
f 1166 859 861
f 8794 9367 9081
f 1010 4148 4450
f 1633 479 754
f 1632 1639 470
f 10926 11716 11737
f 2680 12424 12668
f 4300 894 3420
f 1851 2660 2385
f 6040 2831 3125
f 6424 7229 2946
f 8010 8352 11209
f 4086 3769 4096
f 11127 2399 6446
f 12670 2419 12426
f 3167 9349 8329
f 6741 4918 9680
f 145 702 408
f 11281 11394 11905
f 348 2594 1509
f 2222 1982 2535
f 4122 5144 3823
f 9158 9724 9149
f 5012 7816 5294
f 7147 7151 8349
f 8121 8375 6424
f 12476 10656 10666
f 1350 1349 1052
f 9088 9659 8790
f 763 200 481
f 11911 10659 12738
f 8483 8224 7334
f 8197 9712 8850
f 6857 6623 4810
f 4913 7719 7718
f 1010 1005 4452
f 7943 7498 5692
f 13547 12355 12356
f 2956 5866 7238
f 3035 5941 6239
f 2744 2737 2464
f 6424 8375 7229
f 12846 10456 12596
f 10326 5657 10050
f 5758 6047 6348
f 8531 6564 8257
f 8120 7231 8378
f 233 805 1945
f 2958 3242 6145
f 8313 7187 8346
f 11366 11374 11255
f 2347 2359 2063
f 10280 11545 12346
f 6971 4886 7688
f 8122 7231 8120
f 7886 4718 7958
f 759 187 10698
f 3448 3750 1210
f 11141 11256 11135
f 6752 7020 9693
f 592 307 325
f 2674 2115 2385
f 8599 11612 11620
f 2286 1803 2312
f 6139 8113 5866
f 3619 2753 4519
f 2955 3241 5867
f 8126 6426 8377
f 11434 11425 12986
f 3546 4452 1300
f 2957 2947 5868
f 13303 12912 12893
f 5319 5146 3806
f 909 4065 4390
f 9946 9489 13101
f 1307 1301 3541
f 5214 5491 5498
f 3547 1301 1307
f 4150 3854 5445
f 2541 3678 1141
f 3067 7794 7080
f 6382 8069 8354
f 8796 9088 9083
f 47 600 2036
f 11792 11268 11148
f 416 136 135
f 9781 8914 9201
f 3546 1300 3544
f 2393 1845 2108
f 7776 7067 7062
f 5585 5302 5584
f 8277 2925 7123
f 9844 11190 11316
f 5036 5061 5321
f 12787 11625 12667
f 11717 11728 10953
f 1057 4490 1917
f 3039 5956 6247
f 8225 6785 9739
f 747 741 181
f 1018 1017 1311
f 8388 8114 8122
f 1319 8804 1024
f 10273 13103 13110
f 1519 353 1530
f 3535 4440 3839
f 786 218 1929
f 489 194 12540
f 186 461 2436
f 8506 8242 8494
f 7816 7821 5294
f 490 479 199
f 1354 1053 4496
f 11522 9466 8893
f 147 2113 2389
f 6149 8120 8378
f 7015 7017 7731
f 12183 13112 11535
f 7091 7805 7090
f 1013 1309 4451
f 2029 2065 1761
f 4521 1368 3604
f 8207 2477 6519
f 6432 7233 7236
f 3555 9094 3557
f 2754 2199 1934
f 6432 6429 7233
f 5705 10449 8002
f 3167 7655 2888
f 5028 4081 3756
f 1014 1301 3547
f 6619 9608 9274
f 2119 2662 2675
f 9248 9281 8704
f 4226 4217 3920
f 11806 11073 11313
f 10378 12764 10565
f 2379 2369 393
f 9159 8874 9726
f 10673 8590 11865
f 2029 1761 2039
f 5263 5262 5547
f 7243 9084 6418
f 3051 7339 8480
f 1582 695 137
f 2005 349 2310
f 8456 7302 7307
f 3242 5871 6145
f 4379 4391 3491
f 3900 4492 4192
f 12406 12403 12639
f 2135 1878 2141
f 10512 10396 10555
f 6427 7235 8382
f 2064 1795 2641
f 2064 2641 1795
f 12455 12452 12699
f 4216 1667 792
f 457 164 729
f 7702 4898 2960
f 4303 4069 3397
f 2962 6152 5872
f 8010 7175 6317
f 6013 8532 6569
f 7700 5870 2959
f 12714 11911 11933
f 3332 3328 6248
f 6152 3235 5872
f 13477 6950 7682
f 233 1945 2210
f 2216 2214 1948
f 7087 7811 7076
f 6892 4830 6640
f 8797 9655 9084
f 8804 7251 8390
f 8296 2851 8293
f 2658 4446 3538
f 12032 12028 10740
f 782 788 223
f 297 91 12480
f 6882 9273 7616
f 104 677 384
f 5910 6188 2977
f 4050 3766 5083
f 8129 7237 6431
f 10003 5641 10342
f 9000 926 9581
f 7904 7483 5662
f 2960 4898 5871
f 8026 9566 6613
f 6411 8113 5863
f 13384 12190 11786
f 6152 8382 3235
f 2336 1316 3991
f 7702 6981 6713
f 4168 3870 5466
f 12340 6292 11778
f 935 1234 4410
f 12842 12838 12595
f 12694 5737 12446
f 2765 1946 1676
f 6154 5879 2948
f 5631 12417 12423
f 418 138 696
f 3391 1326 4469
f 9316 7179 8751
f 1035 4164 4465
f 5441 5163 1298
f 4179 4473 2714
f 148 4153 412
f 8848 4950 7312
f 10004 10772 10355
f 9232 8667 6885
f 6432 7236 8129
f 1509 377 1543
f 5170 4150 5445
f 4734 2788 2518
f 12938 11026 11775
f 4031 4038 3735
f 2436 2700 1885
f 8642 8635 10733
f 706 148 412
f 7567 7633 6890
f 1040 1035 1330
f 5361 3829 4130
f 3902 3594 4210
f 6414 9658 8117
f 4811 6661 6673
f 6151 3236 5879
f 418 1579 138
f 9089 9085 8793
f 7471 5695 7911
f 5170 5164 4150
f 11730 11218 10994
f 6156 6146 3237
f 11241 8115 11361
f 3883 1333 3570
f 7339 8473 7331
f 6984 6715 4899
f 395 1561 383
f 6431 7237 6421
f 1855 706 1574
f 11468 9876 11467
f 9371 6985 9657
f 5346 5148 5406
f 12952 3101 3385
f 10582 10438 10608
f 3586 1344 9694
f 9090 8791 9365
f 4520 1075 9725
f 6576 6018 8258
f 1383 1087 1084
f 13261 12929 13523
f 4156 3856 5164
f 8427 8418 7282
f 11167 11707 10925
f 8757 9324 8770
f 4840 6640 4830
f 9089 9369 8792
f 7972 1419 1129
f 6622 6959 4875
f 35 658 1534
f 4494 1048 3583
f 6602 12303 9902
f 2625 2342 1797
f 10126 10617 10614
f 5620 12387 12657
f 13350 11760 2916
f 6658 6096 8089
f 3106 7383 3388
f 9137 9720 8849
f 7728 9401 8826
f 6157 2950 3238
f 11177 11752 11075
f 4029 988 5053
f 10526 10404 4701
f 473 1634 1641
f 1857 2667 1847
f 13096 10262 9930
f 8291 1774 944
f 12350 13539 13120
f 9185 6534 8240
f 5882 140 413
f 8591 12409 12656
f 10262 11518 9930
f 8390 8117 9369
f 4989 7070 7786
f 6733 3274 7001
f 6104 3096 6012
f 9662 9660 9364
f 9077 9648 9073
f 4579 3980 3668
f 9661 9365 6984
f 8202 9705 8466
f 8798 6422 9086
f 8899 9761 9476
f 10827 10371 10535
f 10827 10535 10371
f 11040 6310 6019
f 7244 6422 8798
f 3223 2947 5869
f 1980 841 267
f 11696 11695 10948
f 708 2668 1576
f 6148 2953 3239
f 6853 6851 7635
f 7874 5616 7868
f 3660 4590 4567
f 5556 3955 3954
f 7609 8988 4805
f 1107 5539 5255
f 360 1527 88
f 1593 422 1579
f 3245 3240 6147
f 10091 5560 5277
f 7534 7973 4742
f 6154 3240 3245
f 3767 3769 5426
f 2963 5873 7244
f 6173 1593 3261
f 7227 3235 8382
f 406 1575 2389
f 406 2389 1575
f 3921 5513 508
f 7606 13216 4861
f 7620 6651 4828
f 8394 7241 6426
f 1310 1012 1303
f 4447 3541 3535
f 5 11 12762
f 2868 2915 5808
f 6444 2404 2397
f 9661 6984 9368
f 4157 5167 5448
f 6815 4996 12333
f 11559 10290 11557
f 8655 12462 12709
f 5120 1275 959
f 12211 10933 12888
f 6323 5765 2833
f 2523 2520 2789
f 8320 2866 3165
f 561 844 1720
f 11011 11367 11251
f 12939 13377 10711
f 4659 4666 5679
f 3121 13508 13352
f 9139 6502 8194
f 9664 9088 8796
f 1462 632 2560
f 5915 6732 2983
f 10703 2239 1962
f 8006 8055 6315
f 4044 3734 10571
f 10115 10114 10896
f 12553 12436 8612
f 5806 5805 6085
f 13171 11455 12865
f 13094 11525 11526
f 11586 11324 11865
f 1307 1009 1306
f 4748 7539 7974
f 9398 7733 8832
f 10466 10792 10027
f 8329 8343 7191
f 2256 2803 2798
f 11562 9964 11397
f 2509 1967 2785
f 1938 2476 2749
f 11261 11376 11370
f 3291 5918 6196
f 1309 2117 5447
f 5997 6283 8244
f 146 1308 5449
f 146 5449 1308
f 3103 8529 3386
f 8994 9041 9576
f 1696 810 1692
f 2959 7239 8388
f 10135 9889 11438
f 6209 11129 8168
f 5797 6107 10978
f 9889 10218 12145
f 11168 11177 11075
f 8202 6513 9705
f 2240 2780 2517
f 12694 8624 8622
f 9668 3551 4458
f 9107 9675 8814
f 1109 1395 3632
f 12011 12814 12560
f 3032 3317 3031
f 10126 10448 10617
f 3677 4581 1435
f 9998 7939 11475
f 552 831 1710
f 2542 2806 2804
f 12460 12822 12824
f 9150 8860 9722
f 5504 205 3901
f 13306 10980 11741
f 3263 6173 5901
f 5365 3780 10033
f 6978 7696 7697
f 3044 6780 3332
f 1345 1341 3582
f 12043 9906 10479
f 9695 9119 9406
f 9522 7834 7116
f 11076 13067 11197
f 10777 10498 10499
f 8104 7230 6416
f 6204 6193 5913
f 9919 10242 9918
f 7169 6357 5839
f 2989 5903 6178
f 484 755 190
f 7400 4330 866
f 9591 6666 8761
f 13374 7369 12936
f 9498 9497 8924
f 2885 3169 3174
f 3669 3967 3664
f 9257 6876 9569
f 10626 12538 12772
f 7011 9400 7727
f 9483 9780 9491
f 6710 6141 4898
f 421 3856 4156
f 6916 6092 3179
f 10122 5307 10901
f 3036 3325 7034
f 13291 11690 13422
f 3343 3063 3053
f 1857 1579 707
f 212 4197 5494
f 11603 8593 12761
f 6474 6462 8156
f 10333 8579 12511
f 10723 12806 12815
f 7699 6982 6717
f 5018 7105 6833
f 8425 7273 8421
f 1018 1307 1306
f 5882 6155 5880
f 4028 5124 4027
f 6619 4799 8985
f 9793 9791 9221
f 9643 9069 8102
f 6724 4912 6729
f 2513 538 2231
f 12360 5695 4698
f 2157 734 176
f 9463 8492 7350
f 243 823 242
f 768 1643 758
f 3860 4155 5452
f 2974 155 3262
f 10189 12309 12145
f 13319 11721 12881
f 13551 13287 13285
f 4354 2338 3497
f 6720 6161 5874
f 4730 3657 4565
f 5503 4212 5226
f 9091 9660 9662
f 61 327 1490
f 5176 3859 5448
f 9784 5008 6827
f 3035 6765 7750
f 13221 7656 13481
f 9699 9695 9130
f 3166 2868 6080
f 12532 370 112
f 6023 3112 6659
f 3134 2877 3186
f 10169 9612 9837
f 8800 8798 9367
f 947 2074 1268
f 11902 13395 11390
f 5552 5561 5275
f 7713 8806 5459
f 7777 7784 7073
f 2127 2121 1849
f 4556 4727 3652
f 9392 9671 9670
f 6576 8258 6566
f 430 1585 1589
f 10263 9939 11138
f 11699 10946 10969
f 1021 1314 1013
f 6110 3198 3212
f 3249 7698 2956
f 5885 6159 5878
f 9229 9524 8951
f 1654 1646 494
f 4219 5522 3918
f 519 2487 2207
f 1119 7520 7963
f 6783 7754 7042
f 9188 10259 9936
f 6986 9372 8795
f 2679 2670 2398
f 8474 8214 8469
f 8110 8096 6128
f 4106 5435 3810
f 2404 2678 2397
f 1754 601 2024
f 1679 2820 1721
f 11183 13344 11345
f 8040 5790 6342
f 8139 2681 12669
f 8560 12423 7889
f 3025 5935 6220
f 150 709 143
f 6547 8252 8241
f 426 1589 414
f 3913 4204 4207
f 5477 5481 5201
f 9644 4882 6132
f 12606 12402 12389
f 848 278 561
f 7253 7240 8389
f 7411 4710 7951
f 5921 6192 4924
f 6159 8130 6424
f 6814 5995 4996
f 12573 12015 10724
f 12573 10724 12015
f 1594 424 6175
f 6250 3040 5962
f 2301 318 3452
f 5943 3021 3302
f 6433 6157 8119
f 6204 6481 5924
f 11982 685 114
f 6434 8120 6149
f 5883 6157 6433
f 13136 13458 12054
f 2763 3615 2492
f 10010 10858 11932
f 5453 5168 1305
f 10545 12768 12521
f 5884 2955 3248
f 7705 6718 6983
f 6984 9365 6715
f 8562 11612 11599
f 11399 13049 11433
f 12211 12239 12053
f 8515 8246 7363
f 2490 2754 1940
f 2490 1940 2754
f 2123 1852 1858
f 11983 10698 187
f 9475 8505 6546
f 3467 4361 3490
f 13170 13434 6956
f 361 87 3790
f 2273 2014 2279
f 5074 4109 5425
f 977 4431 3503
f 6990 6983 7705
f 6990 7705 6983
f 11675 8652 12032
f 854 283 282
f 11936 10676 12517
f 10951 11711 12895
f 4106 5147 5435
f 2399 2673 2672
f 12593 12835 11036
f 11913 12510 12754
f 4546 1407 3628
f 2752 2474 8209
f 6437 7242 8385
f 11581 7942 8573
f 3593 3597 4516
f 3364 8230 6266
f 8395 7242 6437
f 6437 8385 8123
f 3711 5107 5318
f 12832 12023 12831
f 8394 7247 8386
f 11236 11352 11869
f 12693 7543 4750
f 7590 4863 13183
f 11127 6446 11246
f 427 1590 415
f 9127 8834 8840
f 8485 7335 7343
f 8993 9012 8722
f 6722 7699 6987
f 12973 11468 13032
f 7593 6917 7640
f 5178 5450 711
f 7967 7539 10589
f 3281 6185 3274
f 7905 7466 11591
f 710 145 2117
f 9533 9261 8065
f 10623 12836 12035
f 3703 5316 5037
f 6565 8256 6307
f 6792 4970 9169
f 9818 11195 10197
f 13293 11347 11333
f 12643 5693 4713
f 6605 4874 4875
f 711 5450 2118
f 8552 8577 11618
f 4905 6721 4902
f 12509 12778 10561
f 3554 4461 3558
f 13464 13220 13200
f 4251 3952 535
f 8451 8447 7308
f 2710 2433 2425
f 7249 8387 8125
f 6024 2871 5795
f 6441 6430 8135
f 7991 10425 10106
f 7031 7744 3031
f 5889 5879 6154
f 9936 10259 9935
f 12339 12187 11024
f 5426 5425 3816
f 10488 10408 10768
f 13159 12298 12135
f 5896 6180 6174
f 3253 8388 7250
f 3253 2959 8388
f 3903 4211 3909
f 3325 3024 5954
f 7486 5682 7931
f 9580 8711 9003
f 1517 639 104
f 309 60 342
f 5065 4127 5064
f 3365 6281 6282
f 11719 11217 11077
f 5689 4702 4701
f 1592 417 3858
f 11109 9913 10209
f 8108 6133 6410
f 594 600 47
f 8133 6427 8128
f 12546 12566 12812
f 13229 12300 12133
f 5496 1930 215
f 932 1779 1265
f 1385 1094 5535
f 6441 6428 8127
f 2882 3160 6086
f 2683 2394 2395
f 1382 1389 5534
f 9157 7782 12169
f 4280 5567 4261
f 1315 3547 4459
f 8660 9266 9289
f 152 704 146
f 9689 6479 4924
f 12770 12780 12537
f 8138 11125 6428
f 8395 8134 6431
f 8975 4786 7601
f 5506 5503 5230
f 11242 8136 6429
f 5634 7878 7920
f 9848 9837 10163
f 12981 11316 11490
f 5955 4950 6766
f 3254 2962 5880
f 9742 9173 9168
f 1116 3630 1406
f 1250 936 5422
f 9290 8717 1218
f 3291 6194 5918
f 4460 1021 4455
f 637 92 1514
f 8550 11594 7404
f 6771 4951 6761
f 4892 9070 9643
f 9579 9321 8745
f 11248 11139 11374
f 7551 7992 7993
f 4544 1107 3625
f 4925 4916 6737
f 10746 11661 12026
f 1593 418 715
f 7746 3321 3033
f 5457 5169 1315
f 4460 3548 4456
f 6250 3336 3042
f 6442 8137 6432
f 185 750 190
f 8805 7702 6988
f 11843 12896 13348
f 2403 2677 1853
f 7552 7549 5728
f 2125 1854 2120
f 4238 3936 4233
f 11243 11241 11125
f 9378 7244 8798
f 10190 12156 12104
f 3774 4383 4080
f 429 1584 2677
f 153 706 1855
f 4026 4358 3763
f 9665 9373 9089
f 860 1170 9296
f 2968 5889 3245
f 6586 6861 6854
f 8479 8213 8468
f 5458 5170 5175
f 9025 9619 9601
f 12306 9901 10227
f 594 47 62
f 5890 2967 6156
f 5477 1332 1040
f 1335 1334 1039
f 5890 5881 6166
f 5983 6007 6274
f 7030 3035 7750
f 1029 9374 1022
f 9034 5839 6357
f 2404 2124 2678
f 5897 2974 3271
f 5218 4218 5510
f 9093 9661 8801
f 3339 7347 8491
f 5398 5397 3829
f 3839 3831 4139
f 2911 5833 2927
f 11701 10928 11079
f 348 2352 2594
f 1594 423 1583
f 6212 5930 8166
f 429 420 1584
f 429 1587 420
f 6039 11720 10944
f 5587 282 7829
f 6166 6157 5883
f 8398 7245 8390
f 7252 8391 8398
f 1839 120 685
f 8542 7386 7390
f 430 1856 1585
f 2680 2675 2393
f 11535 8919 9206
f 431 1586 420
f 6910 9345 7653
f 1064 1368 1364
f 6404 8102 9069
f 294 310 1539
f 9458 8880 7781
f 12381 12615 12653
f 7704 6985 8799
f 7657 6949 6930
f 9186 11522 8893
f 7136 8028 8301
f 1421 7535 7970
f 3903 3595 4211
f 8805 7701 7702
f 6168 5900 1589
f 1859 709 150
f 2374 389 1555
f 6170 427 1591
f 11634 2235 1965
f 4777 6656 6937
f 6018 8268 8267
f 12815 12806 12558
f 1805 657 1551
f 3252 2964 3251
f 3252 3251 2964
f 9546 8968 8997
f 10969 11757 13351
f 11550 13275 13115
f 4553 1401 1110
f 8701 7600 4798
f 1442 4602 1156
f 3132 2846 602
f 2209 2203 1939
f 12443 8621 11645
f 5247 10084 5520
f 7592 4807 4868
f 592 1466 307
f 3365 3074 6281
f 8308 8080 8324
f 3554 5463 9092
f 1354 2184 1913
f 12782 11969 11977
f 1123 1122 1413
f 8360 7201 9354
f 174 1621 729
f 9092 7704 8799
f 10770 10548 10553
f 6632 4814 6627
f 7030 8449 3316
f 3955 5548 3954
f 12695 12445 12449
f 3688 5565 5295
f 11557 13123 13125
f 10286 9961 12190
f 12254 12095 10225
f 9611 9040 6372
f 284 569 281
f 10974 12121 4842
f 9813 9922 10160
f 6435 8130 6159
f 7445 888 7891
f 10470 10560 4719
f 9181 9177 9754
f 2123 1858 2679
f 11628 1891 2148
f 11412 11474 13230
f 435 5883 6433
f 8132 6434 2400
f 3858 5444 4902
f 436 5885 6438
f 12979 13231 11418
f 5130 5414 5139
f 3590 2194 1354
f 3003 3276 3284
f 9500 13100 9941
f 13538 13386 12944
f 4480 1041 1331
f 11189 11086 11089
f 8005 6106 6374
f 1245 1236 955
f 10025 5667 7946
f 7855 5652 4671
f 12051 12285 13208
f 1971 2232 1962
f 8373 7234 6430
f 8254 6572 6299
f 5622 7868 7408
f 8838 4935 9122
f 9362 9364 9660
f 1882 2692 1605
f 2232 8510 1962
f 8395 6437 7248
f 5184 5465 1034
f 1198 5080 893
f 7014 7730 9393
f 12832 12585 12023
f 13551 13285 13548
f 8139 2401 2681
f 11920 10635 10640
f 3972 3971 5570
f 6993 1015 5455
f 6993 5177 1015
f 12552 2516 12433
f 13256 10250 11517
f 11245 8139 12669
f 12469 12742 12773
f 3167 2888 2919
f 9264 8713 9263
f 3052 8491 7348
f 12184 5005 6824
f 9194 7785 8886
f 3300 3010 8434
f 3863 6721 4905
f 2682 2680 2396
f 2682 2396 2680
f 9775 9781 9201
f 10623 10452 10618
f 5343 5117 7631
f 4679 10407 10570
f 6807 9181 9754
f 6064 7649 2884
f 6758 6240 4947
f 7471 7911 7944
f 12997 13198 13445
f 10454 10132 10133
f 10454 10133 10132
f 12658 8603 11617
f 456 5465 166
f 12799 12562 10720
f 9382 4459 9666
f 7413 4684 4656
f 3049 7340 8223
f 5247 5236 5531
f 11020 12551 12810
f 553 839 4265
f 8203 6516 8210
f 12299 12132 13494
f 9314 4831 9588
f 1017 1306 2116
f 10711 10719 11994
f 9784 9209 9208
f 3704 5360 3823
f 10437 10441 10607
f 12346 11545 9952
f 1062 1924 1070
f 3665 1134 4569
f 4617 3433 5656
f 5715 7965 7524
f 5181 6989 3253
f 12425 11126 11243
f 1024 9373 9665
f 4018 4320 4639
f 156 422 1593
f 8539 11385 9516
f 1827 2642 2361
f 11435 13069 13047
f 1594 6175 423
f 1594 423 6175
f 4984 7075 6804
f 11016 11133 11252
f 5579 855 5307
f 7381 2264 1993
f 1993 12021 8524
f 7597 6951 7615
f 6570 7380 6016
f 4500 8195 3585
f 5849 4881 6699
f 6881 6896 7684
f 2548 1759 2630
f 1028 1320 8805
f 9775 9182 9774
f 6028 5764 6038
f 4140 3836 3840
f 4461 9092 9664
f 12047 13147 12150
f 5476 1040 1333
f 12621 12633 12386
f 10182 9852 9602
f 8404 1861 1019
f 9176 9749 9164
f 11155 11269 11154
f 9668 4458 3552
f 5860 8102 6404
f 350 2048 2319
f 350 2319 2048
f 5180 3860 5452
f 967 4400 973
f 1596 6160 1595
f 5182 8802 6986
f 7968 7521 1418
f 13476 11480 13244
f 13290 10920 12893
f 436 1597 6159
f 1596 1595 6176
f 5176 4909 3859
f 3146 2856 2884
f 2162 2154 177
f 7546 10115 7556
f 1029 9378 9374
f 511 504 221
f 3828 4126 3827
f 8401 1859 7256
f 7566 4822 6905
f 657 101 1551
f 1596 440 6160
f 4463 9374 9663
f 11518 13086 13088
f 11288 11809 11338
f 9092 5463 7704
f 11824 11094 11327
f 6603 4825 4797
f 3951 1696 533
f 8143 2679 6445
f 1338 1045 1341
f 4493 1055 1046
f 6527 6256 8219
f 6300 6298 6013
f 4907 9095 3860
f 7967 1124 7524
f 6444 6451 2404
f 7368 8264 6567
f 7342 8474 8216
f 11771 11249 11132
f 10620 10447 10618
f 7253 2137 8392
f 8417 8413 8152
f 7422 13046 7910
f 3942 3634 4234
f 3942 4234 3634
f 10945 10962 12911
f 2103 1842 2098
f 12055 12267 12096
f 2409 6439 5886
f 6992 5176 5453
f 435 444 1603
f 8674 9334 8764
f 555 1714 2796
f 4053 3761 3467
f 5892 1589 426
f 718 3248 6162
f 9075 6705 4885
f 5389 5100 5111
f 5892 6168 1589
f 5711 10418 10595
f 4040 5063 949
f 7710 6992 5453
f 3782 1519 360
f 7009 7726 7725
f 119 670 110
f 3865 4161 6720
f 4453 1008 4155
f 10742 8636 10125
f 10742 10125 8636
f 1106 1098 3623
f 2684 6435 2406
f 554 835 1712
f 3366 3071 7803
f 8215 6522 8470
f 8401 1017 1859
f 592 325 33
f 26 381 1549
f 5209 4489 1052
f 906 945 1240
f 259 6010 548
f 2762 2482 4531
f 2443 467 2717
f 3794 5402 5124
f 2005 76 349
f 2158 1888 1887
f 13438 13158 13425
f 355 1533 372
f 13163 13496 13146
f 8021 6373 5805
f 13394 12953 13392
f 1557 4437 3527
f 395 2641 2371
f 1027 9665 9375
f 2972 5892 151
f 12975 13022 11463
f 1461 28 1495
f 2827 3148 2844
f 3928 5528 4217
f 5892 426 151
f 12769 4719 12523
f 5715 4739 7540
f 4463 9093 3556
f 1027 9375 8802
f 13279 13542 11551
f 3882 4477 3569
f 9195 8906 9777
f 511 226 504
f 7357 6541 8503
f 12800 11997 12799
f 10580 10594 10595
f 11158 11902 11388
f 7710 7720 6992
f 12125 4841 5801
f 4753 5737 5735
f 4753 5735 5737
f 5933 8172 6473
f 12960 13398 11041
f 1870 2129 8394
f 777 5212 5223
f 11643 8622 8624
f 1153 1157 1447
f 13358 11364 11879
f 9696 8830 9403
f 10501 10395 10852
f 10503 10386 10059
f 9709 8195 4500
f 2967 3246 6156
f 2685 2400 434
f 10484 12743 12722
f 8758 9624 9034
f 3574 4481 4489
f 4726 4725 5706
f 9641 9062 6696
f 3639 3636 4558
f 6491 6480 8174
f 13475 13035 13034
f 9087 5011 9783
f 1867 8131 2684
f 434 6163 1598
f 10053 3826 5678
f 6442 8129 6431
f 2528 12678 2793
f 4552 3962 5264
f 3414 4357 3469
f 5454 7705 5185
f 6400 7206 8094
f 3864 7706 4904
f 3050 6528 5970
f 5460 7706 3864
f 10877 10098 10883
f 3582 1341 4486
f 5460 6987 7706
f 6602 4856 12303
f 5183 6987 5460
f 11998 12800 12799
f 6594 6672 6624
f 13451 9857 13021
f 3007 13361 3304
f 8702 9329 7659
f 2130 1868 7249
f 2988 5906 6185
f 8549 11583 11621
f 6447 2401 8139
f 6438 5885 6150
f 4730 4738 5710
f 1192 1202 980
f 1601 3250 158
f 6995 711 3257
f 6840 9789 5023
f 12605 11949 11945
f 10902 10121 10444
f 1183 1257 7920
f 6448 2680 8142
f 9668 9096 4458
f 9668 4458 9096
f 8508 8236 9775
f 4624 5699 4713
f 2688 2411 8136
f 4223 4525 5250
f 12347 9959 10280
f 11522 13089 9466
f 11558 13126 9967
f 12684 12442 12802
f 8132 8122 6423
f 7179 8327 8751
f 12713 12464 12711
f 13359 12921 11365
f 7260 1862 2123
f 2409 2686 6439
f 2811 6564 2261
f 8295 8290 7139
f 438 1600 6165
f 12198 12352 13280
f 10182 9567 9887
f 720 3251 1601
f 5019 6837 6297
f 2842 3127 5816
f 5856 5849 6122
f 1025 4461 9664
f 3021 3306 3009
f 8023 8290 5785
f 9668 9099 9671
f 4460 4456 3553
f 7599 8986 6876
f 2659 1554 387
f 11245 12669 2683
f 5928 6470 3293
f 9145 9711 4951
f 5439 5158 5156
f 8690 8754 9254
f 6864 6661 4811
f 9499 8920 8931
f 6877 6915 9329
f 1318 9376 8803
f 5780 6086 8053
f 159 3253 7250
f 7731 8822 9394
f 2411 8394 6440
f 9071 9353 9639
f 2411 2135 8394
f 3259 713 6993
f 4338 3825 3501
f 9263 8727 9612
f 11060 10965 11731
f 9383 8807 1314
f 8145 2402 6449
f 1066 1919 2187
f 11395 11383 11898
f 2023 2296 352
f 4317 4311 3423
f 7052 7757 6775
f 4577 5290 4270
f 1318 8803 9377
f 7557 10608 10898
f 8673 7667 4855
f 9878 10205 13076
f 12039 12843 12841
f 437 5887 1600
f 9332 3189 8326
f 8998 5774 4857
f 3259 152 713
f 2819 2808 2543
f 289 338 1489
f 4288 853 5304
f 5058 4022 3776
f 5100 4125 5098
f 4014 3727 3746
f 2714 2425 2433
f 8108 5855 6133
f 2410 8135 2687
f 10176 9878 13052
f 9669 1021 4460
f 1738 2616 2321
f 11286 11819 11849
f 2410 6441 8135
f 8036 3160 8313
f 5955 6238 5943
f 6477 3011 7278
f 4092 355 1523
f 1149 3977 3663
f 7131 6322 8332
f 12371 8554 11600
f 4485 4176 2719
f 12301 12151 12315
f 6323 8020 8013
f 11411 11459 13001
f 5973 6261 5972
f 1026 8396 1865
f 7215 6400 8094
f 9384 9388 8810
f 9676 8818 9386
f 665 1528 368
f 8405 6449 2125
f 6745 7736 7013
f 2032 2028 2315
f 10093 10099 10875
f 13337 10975 12900
f 13337 12900 10975
f 5735 8624 12446
f 2204 2479 2752
f 5927 6217 6482
f 6011 11774 6009
f 1380 1370 3601
f 5181 6989 7708
f 5181 7708 6989
f 12182 12339 5004
f 3262 717 5895
f 5516 4208 3908
f 12371 12656 12409
f 5440 4151 5165
f 5587 7829 7110
f 245 525 814
f 776 763 2180
f 5184 6988 719
f 1914 2175 2724
f 8419 8155 7270
f 439 721 5888
f 12693 4750 7536
f 10142 9905 9809
f 6922 7643 2903
f 3555 3557 4467
f 5462 5181 3253
f 6341 8083 7164
f 1974 1973 2243
f 11417 13081 13054
f 2160 744 1895
f 2788 4566 2511
f 721 3254 5888
f 10649 12772 12524
f 6584 12082 4787
f 5380 5098 650
f 7740 6750 7023
f 5030 4046 5370
f 9980 7503 10823
f 3371 3087 12933
f 5645 7439 7884
f 5732 7987 5729
f 3035 6239 6765
f 7059 8885 9452
f 7803 8907 9492
f 8688 9293 9848
f 10323 7871 5651
f 4194 4192 5203
f 10723 12006 12815
f 10723 12815 12006
f 9669 3553 8806
f 846 564 278
f 5089 4077 5101
f 2307 2613 4354
f 6993 713 5177
f 7376 6565 6015
f 100 382 1550
f 11379 11378 11894
f 1028 8805 6988
f 2299 3462 2575
f 4309 9552 892
f 723 3255 2967
f 7996 1155 7547
f 524 1685 3935
f 10983 11356 12905
f 1872 8397 9378
f 5702 3624 3926
f 1662 1728 1731
f 4315 12610 2572
f 702 1571 408
f 6775 7757 4955
f 8231 7350 6537
f 3140 2858 3155
f 7254 2404 6451
f 3514 1266 2354
f 6995 6997 5178
f 4979 6796 6794
f 11797 11039 12950
f 11045 11043 12958
f 5462 7708 5181
f 5462 5181 7708
f 11550 13278 13275
f 10949 11739 11738
f 13120 13539 9958
f 1041 4185 4479
f 8805 1320 3557
f 9396 7008 5195
f 11021 12181 12339
f 5461 6989 5181
f 7712 7001 6185
f 4525 3609 1378
f 8513 7362 1961
f 9674 9388 8813
f 7712 4906 3862
f 6830 4260 1707
f 11244 8142 2680
f 4907 5180 6997
f 11639 2234 1963
f 10380 10542 10371
f 12425 2413 6443
f 1943 2480 1938
f 9093 1321 3556
f 9146 8851 9713
f 530 254 1703
f 1527 671 1545
f 4251 535 536
f 1602 6167 4159
f 9311 8759 7185
f 9311 7185 8759
f 7012 7727 9400
f 1096 5533 5248
f 3087 3076 6002
f 1602 4159 6726
f 8220 6521 8219
f 9525 7117 6846
f 1927 4499 1058
f 10089 11986 10707
f 6235 6500 5942
f 9792 6839 5019
f 7258 2971 5891
f 8996 9591 9058
f 5290 5570 3971
f 746 1900 2450
f 12617 12421 12783
f 7109 8937 9512
f 2975 6175 3265
f 7528 1127 1968
f 2209 2483 2758
f 12201 13282 12198
f 7608 6918 9277
f 2161 1902 2423
f 9482 9206 8919
f 10783 7461 10071
f 12522 12537 12788
f 7928 4715 5680
f 11899 11553 12946
f 7145 8323 11342
f 4550 2777 1108
f 11526 7797 8897
f 1598 718 1604
f 12399 12663 12530
f 7604 6631 4839
f 496 1656 3905
f 6191 2983 3269
f 3691 4759 5730
f 9073 6703 4887
f 9644 9066 4882
f 4093 3786 4088
f 9684 4922 6735
f 8686 8710 9006
f 10911 7562 8001
f 6465 7275 7268
f 4202 5505 1653
f 3126 3121 2905
f 520 235 1684
f 9359 9074 6971
f 803 2757 1681
f 1437 4582 1141
f 1153 1439 1157
f 1019 1861 2117
f 9820 12980 11434
f 12698 12825 12580
f 5061 5382 10052
f 11245 6456 8139
f 1000 4440 1301
f 2409 2695 2686
f 11904 12955 11155
f 3895 5492 5483
f 11667 12016 12823
f 9149 8857 7756
f 10262 13102 9941
f 403 124 699
f 9806 9525 6846
f 8908 9487 9469
f 10750 12029 10745
f 9737 9176 9164
f 9473 8234 9759
f 3252 7702 2960
f 13258 12175 12177
f 6172 6723 4162
f 7681 13243 13506
f 12465 12712 12711
f 12465 12711 12712
f 6831 13532 12342
f 3412 5687 2283
f 12628 8584 11582
f 1180 881 7864
f 2325 1535 2621
f 6450 8399 8140
f 11771 11007 11012
f 10286 12190 11553
f 4548 5704 7960
f 4288 3690 2544
f 5716 2518 12428
f 5281 4573 4283
f 11667 12697 11665
f 5485 4186 5206
f 12434 12682 2515
f 9753 7074 9749
f 496 3905 206
f 8206 8210 6517
f 3530 4435 3518
f 5893 2977 6177
f 3903 4200 1651
f 13269 13527 7809
f 12266 11732 13469
f 11267 11379 11148
f 162 433 1603
f 10876 10090 5274
f 9097 3550 4457
f 13125 13123 11555
f 2193 1059 1353
f 6163 5884 3248
f 4504 3599 4211
f 9524 8947 8951
f 5896 6174 5898
f 7801 7083 4997
f 10335 12756 12500
f 5891 5907 6175
f 11021 5003 12181
f 12817 12570 10722
f 10435 5730 4759
f 9383 9381 8807
f 796 1938 1664
f 8214 6512 8469
f 8214 8469 6512
f 3594 1362 4509
f 7000 7772 7764
f 3452 318 3738
f 6183 5900 5902
f 12341 12340 12186
f 10281 10284 9953
f 3555 4165 3864
f 10809 10078 10543
f 9187 9763 9762
f 4818 4829 7661
f 877 7426 7436
f 12099 12287 11723
f 10435 7975 5730
f 6380 7193 7202
f 4890 6968 7689
f 4161 3867 448
f 7990 10118 10601
f 1167 3509 4376
f 12307 9905 4711
f 3256 151 710
f 9539 8707 8990
f 3865 3867 4161
f 13173 13012 11437
f 3318 12924 3023
f 2225 2218 2500
f 3001 3282 3290
f 4945 3036 7743
f 2551 12621 12386
f 3278 6184 3268
f 2472 2745 3589
f 2271 1816 2033
f 4742 7973 5717
f 3314 6219 6225
f 8373 11874 7225
f 8808 9379 9385
f 4908 6727 7710
f 7156 8346 8314
f 3927 2497 515
f 3457 2326 1249
f 13156 12127 13455
f 3256 2979 3268
f 9459 8880 9458
f 9098 9671 4908
f 8319 8755 9328
f 2064 2361 1795
f 9076 9657 4891
f 3257 8403 2978
f 10509 10375 4082
f 8563 12649 12422
f 689 135 136
f 5984 6275 5982
f 3896 4192 4194
f 10578 10865 10864
f 3044 3335 7345
f 13365 13512 12925
f 7833 6844 7113
f 203 1916 766
f 4250 3953 4249
f 12199 12354 12355
f 6577 8271 7374
f 8227 8485 6257
f 9675 9103 8817
f 6294 3378 3094
f 7259 8413 8402
f 12382 11615 8605
f 2132 1869 2417
f 8578 12398 12397
f 7048 6773 6776
f 514 798 1673
f 9382 9380 8812
f 2715 1625 460
f 5506 206 5503
f 4336 5073 898
f 6724 6729 4909
f 11632 8611 10700
f 12213 10937 12094
f 7026 3327 3326
f 7770 9450 8879
f 318 1496 4079
f 6352 8333 8047
f 8677 9300 6863
f 6272 3070 6258
f 2843 3128 2915
f 2247 1975 832
f 419 1583 141
f 3487 4365 2327
f 9500 8933 9507
f 13172 11493 12063
f 9731 8221 9152
f 1697 534 248
f 7319 6509 8842
f 2025 3753 50
f 159 726 165
f 1115 4543 3627
f 12490 12632 12746
f 12490 12746 12632
f 6274 6007 6818
f 13199 12313 10966
f 891 1221 922
f 780 213 792
f 10638 11979 12529
f 10701 12429 253
f 9681 9110 9107
f 12357 13544 13282
f 10334 10571 4666
f 9129 8832 8831
f 4296 3424 3438
f 10581 5277 5278
f 2413 2699 2137
f 7714 2983 7002
f 10891 10104 10591
f 3007 11880 12920
f 4928 5932 6212
f 12364 8561 8597
f 12885 13480 13247
f 5309 4292 4606
f 6884 7603 8721
f 2410 2422 2696
f 13445 13198 13485
f 1696 816 540
f 6172 4162 3868
f 11396 11671 12708
f 7260 2123 8143
f 8811 8816 9386
f 2440 1637 2706
f 10112 10604 10111
f 2763 2492 3934
f 13443 12136 13235
f 1796 972 2640
f 3591 9694 9132
f 12949 11894 12948
f 5475 5196 5470
f 4480 3571 3884
f 24 581 1518
f 721 167 727
f 10361 10549 10383
f 4918 9104 9676
f 4918 9676 9104
f 721 727 160
f 9360 6973 7690
f 6429 8377 7233
f 4103 4117 3795
f 9700 9133 9696
f 7149 5829 2905
f 7829 3099 6837
f 8687 8971 7623
f 7993 7989 7542
f 1029 2143 1872
f 8441 3301 3012
f 9136 6506 8199
f 2494 229 514
f 8938 9507 8933
f 8425 8422 7274
f 10578 5232 10865
f 6655 9603 8057
f 8632 12439 12690
f 4181 4477 3882
f 11774 11771 11256
f 8024 8341 3196
f 3950 4242 5540
f 3264 2984 7717
f 5897 3271 6182
f 6211 6220 5935
f 9521 8946 8950
f 4308 3722 4032
f 1672 1663 789
f 4893 4899 6715
f 11811 11817 11416
f 12589 12833 12018
f 12459 12585 12828
f 11392 11904 11276
f 1082 4210 4509
f 1339 1043 5196
f 7460 4689 4702
f 9486 9199 8911
f 2136 1033 1880
f 2 12420 3
f 4518 1082 4509
f 2776 2215 1950
f 5265 5546 1404
f 7713 7003 9389
f 2115 1851 2385
f 9178 10257 12171
f 11995 10701 824
f 1152 1442 4597
f 1734 1814 2023
f 12503 10660 12747
f 2225 2507 2218
f 12425 12672 2699
f 12079 13485 13198
f 1602 1612 439
f 10416 12796 10579
f 6251 5963 6250
f 2986 3273 2976
f 1085 1079 4515
f 4218 3918 5510
f 5392 10833 10054
f 10533 10401 5427
f 1594 154 423
f 11807 11827 11302
f 547 2521 2790
f 10595 10594 10424
f 453 731 163
f 7268 7261 8412
f 10037 10535 10371
f 9925 13519 9929
f 4318 3428 3470
f 6545 6535 7355
f 4968 6778 4962
f 8563 8597 11595
f 8563 11595 8597
f 12977 12113 10173
f 568 2822 8263
f 4819 5804 6059
f 12469 10528 10366
f 6287 6554 6556
f 2206 2477 2748
f 7746 7754 7027
f 1089 1086 1375
f 5077 5353 896
f 1149 4276 3977
f 7220 8366 8375
f 546 559 1706
f 12680 12429 12550
f 6500 7299 5942
f 6729 4911 4909
f 308 2629 1507
f 7940 7939 10061
f 8391 8390 7245
f 87 5393 3790
f 4911 6726 4909
f 9571 9298 8702
f 742 450 169
f 8492 8878 7344
f 9855 11085 9868
f 3926 3624 4536
f 1032 3556 1321
f 449 1604 440
f 311 1473 629
f 6635 9583 9345
f 10420 10586 10097
f 12236 13500 12137
f 12395 12412 12664
f 10905 10614 4758
f 8872 9727 9439
f 13310 11745 12869
f 7222 8367 2931
f 6736 7009 4914
f 12325 12163 12323
f 13313 12887 12888
f 9671 9099 9670
f 2443 472 465
f 4145 4439 3531
f 5859 6125 6700
f 7720 6998 6727
f 7270 8155 8146
f 3343 3348 3063
f 9154 8856 9435
f 3018 3013 8435
f 7725 4912 7720
f 1144 1433 1981
f 4319 3451 4346
f 13271 12184 12341
f 6648 7628 6920
f 6497 8438 8190
f 8243 7355 7351
f 2593 966 4414
f 7724 6728 4910
f 1944 1937 2204
f 1944 2204 1937
f 2260 849 271
f 9486 9773 8910
f 12939 254 3089
f 170 449 169
f 6466 8158 8407
f 3028 5937 3314
f 734 1605 443
f 9265 8719 9315
f 3486 2334 2610
f 8416 6453 8147
f 1037 4464 1329
f 13207 13493 13484
f 3393 2017 991
f 13309 12896 12897
f 13309 12897 12896
f 8486 7336 8222
f 10006 10824 10047
f 427 416 1591
f 12790 495 12541
f 2975 3270 2984
f 2966 5886 6152
f 5784 6058 6669
f 10056 10827 10049
f 4469 1326 1880
f 1193 5139 881
f 5191 4165 4467
f 12683 12443 12685
f 842 272 855
f 9342 7675 8773
f 8272 6578 11157
f 13400 12961 13399
f 13255 12161 12322
f 8156 7262 8406
f 801 228 798
f 7455 7921 7922
f 5598 7496 4630
f 12843 12033 12589
f 4545 3633 4544
f 9138 4949 5953
f 5952 3034 6228
f 1096 1112 1394
f 8158 11246 8407
f 3480 3476 4368
f 10398 10397 10554
f 171 442 733
f 265 837 1717
f 2099 1838 1845
f 1379 5533 5253
f 5468 3867 4166
f 1182 984 5145
f 11836 13054 11341
f 4169 5464 5186
f 10469 4706 5647
f 3675 3674 1429
f 737 2693 1608
f 3871 5464 4169
f 12377 7918 5635
f 10478 10404 10526
f 1443 1442 1152
f 1832 2251 2111
f 7527 4565 1128
f 6460 7263 8413
f 10920 11814 12893
f 5212 5205 5495
f 801 798 514
f 1350 3581 4490
f 11372 11884 11132
f 5982 6003 6280
f 7097 6828 5011
f 2425 2144 1875
f 8966 10211 9862
f 10201 10219 11479
f 2525 7373 2246
f 800 796 795
f 9997 10810 10482
f 10104 10422 10591
f 2544 2819 1729
f 6189 3268 2979
f 7892 10790 10352
f 8555 12418 10674
f 6597 7669 4810
f 1315 4459 1016
f 1315 1016 4459
f 5194 3868 4167
f 4072 3787 5358
f 5009 7095 7812
f 6463 6189 2979
f 7361 3081 3367
f 5352 5096 5373
f 6230 3302 8181
f 9689 4924 6741
f 6301 6299 6017
f 767 1644 759
f 731 725 163
f 3999 4422 4402
f 6464 7265 8161
f 9784 9208 5008
f 1037 4467 4464
f 3400 1177 3515
f 19 612 301
f 7451 5691 4686
f 11812 11871 10942
f 7107 7825 5020
f 12011 12807 12001
f 6544 8233 8237
f 12921 3004 11881
f 8609 2416 12426
f 4614 10537 7463
f 7238 5866 8113
f 9106 8816 9105
f 4726 4724 5704
f 6531 8220 8219
f 4361 3463 3490
f 7834 8944 9223
f 5470 5904 3868
f 8237 6538 8502
f 13371 11772 13369
f 9270 9865 8984
f 9747 9166 9171
f 12207 12045 12071
f 1388 1397 1095
f 1330 4466 1036
f 10633 8598 11964
f 2756 2202 2481
f 8421 6455 8148
f 12625 12416 12413
f 11123 11361 8115
f 8460 7025 9411
f 453 163 447
f 3574 4489 4187
f 13315 12883 13319
f 3611 2201 1371
f 454 165 1616
f 1297 1292 5437
f 7184 8339 8340
f 10062 5408 10841
f 1885 2700 1878
f 9576 9312 8733
f 12898 13493 13243
f 12572 12576 12811
f 6825 4259 3964
f 5912 2982 6190
f 2179 2452 2178
f 532 541 1699
f 6461 7266 6455
f 12700 12453 12830
f 4405 967 973
f 9332 7656 6940
f 11558 13127 11556
f 11088 11122 11218
f 10139 11410 13019
f 9674 8813 9101
f 12429 2510 253
f 6318 7161 8304
f 8969 9626 9270
f 5913 6179 3280
f 5913 2981 6179
f 7491 10070 7933
f 13169 13497 6879
f 1991 2259 1990
f 9107 9102 8815
f 8162 6191 3269
f 7343 7335 8476
f 4468 1324 1030
f 2657 1557 2374
f 9817 11484 10208
f 1619 728 165
f 4938 7737 4933
f 2250 1977 2794
f 5543 5254 3941
f 12023 10736 12583
f 8753 9347 6958
f 7913 7484 7929
f 12554 12800 12815
f 6716 4920 4919
f 1620 167 732
f 6185 7001 3274
f 3780 4082 10375
f 11833 11332 11347
f 6938 2913 7675
f 1744 1750 2022
f 7417 7912 4624
f 6195 2986 5916
f 11019 11781 13269
f 6734 9389 7003
f 3920 4217 5514
f 5840 5859 6127
f 8459 7312 7309
f 8473 7330 6515
f 4849 7658 2890
f 2736 1908 1907
f 6601 6937 6656
f 200 478 481
f 2428 2147 2420
f 11776 11784 11027
f 5385 3782 360
f 7972 7973 7983
f 4911 3866 6726
f 313 2287 2340
f 10808 10060 10807
f 9806 6846 5027
f 8009 5752 6335
f 11987 12555 12793
f 4325 900 1777
f 5169 3854 4149
f 2993 5914 5907
f 2992 6181 5905
f 2992 5905 6181
f 7590 4863 6622
f 7590 6622 4863
f 5764 2889 5779
f 10960 10986 11747
f 12011 12442 8630
f 3281 6185 5906
f 3281 5906 6185
f 3282 6181 5905
f 10157 13049 9830
f 12331 12170 4972
f 6466 7267 6195
f 915 5069 901
f 13154 13201 13449
f 6613 8994 9628
f 7014 8831 7733
f 185 2156 750
f 9235 6864 8661
f 6792 4981 5973
f 2399 2121 2672
f 2399 2672 2121
f 3275 6182 3271
f 7705 6983 7703
f 4049 3743 1500
f 7726 4911 6729
f 206 196 767
f 8411 6457 8149
f 13407 11495 13084
f 7789 7067 7788
f 6458 8411 8149
f 1094 3607 1380
f 910 980 5127
f 12681 8619 2784
f 6465 7268 8412
f 6465 8412 7268
f 7725 7720 4914
f 13262 12175 13261
f 5989 6278 5986
f 9391 7005 9671
f 10423 10101 10095
f 6314 8054 8288
f 11667 10734 12016
f 10745 12699 12452
f 11419 13060 13038
f 12849 10750 12600
f 8418 6459 7274
f 9934 13092 13258
f 9482 9481 8895
f 12820 12576 12572
f 1254 961 4396
f 2466 2461 2733
f 4240 3937 524
f 4472 1034 3873
f 7678 6703 6970
f 6142 3226 8363
f 12891 13492 13226
f 8051 2314 8085
f 12891 13226 13492
f 2145 2421 171
f 182 2166 467
f 11676 12706 12031
f 3290 3282 2992
f 12876 10945 12911
f 10912 10622 10453
f 9231 9520 8952
f 1081 1364 1368
f 8620 2236 11638
f 7098 9498 8924
f 9940 10264 11529
f 12216 13234 13467
f 12346 9952 13534
f 60 619 1494
f 4511 1361 1072
f 5756 6102 3154
f 1697 248 817
f 1871 2407 2693
f 5632 7876 4697
f 9090 8794 9081
f 8448 6483 8180
f 799 1676 1946
f 4728 4558 3644
f 1954 2502 2772
f 13356 12916 3220
f 7289 8431 8437
f 6251 8225 6532
f 10281 9957 10284
f 7722 4914 7720
f 9283 6951 9621
f 13146 11492 13050
f 8160 6460 8413
f 11524 13092 10260
f 7770 4962 7757
f 6111 3195 6116
f 8821 9106 9105
f 7130 8066 8335
f 2217 2532 1981
f 5589 3994 4291
f 1184 934 1270
f 13141 13024 13453
f 8421 11877 11363
f 9864 10219 10201
f 11776 11027 13376
f 9767 9468 9203
f 9117 9684 9686
f 8548 12503 12384
f 11143 2525 12679
f 9189 8899 6813
f 8997 9621 6639
f 8444 8182 9407
f 303 1492 2284
f 3336 3335 3042
f 11042 11798 11041
f 5232 5512 5222
f 9128 8830 9124
f 5350 5070 1210
f 5300 7823 843
f 6186 3270 2985
f 7280 8421 11880
f 13435 13161 10072
f 11467 10208 10232
f 3613 3933 4228
f 10337 10505 10406
f 746 736 178
f 8890 9455 8884
f 7357 8503 7356
f 5916 2986 2987
f 7141 6359 6326
f 1010 4450 1005
f 8232 8495 8499
f 11622 8603 7513
f 11045 11800 11044
f 2445 1641 2725
f 7545 8637 7554
f 5029 1234 888
f 3620 3936 5524
f 13543 11552 13121
f 12746 11950 12632
f 3461 4350 1235
f 3281 2988 6185
f 9700 9696 9125
f 3294 7280 3007
f 2191 1069 1363
f 1867 2684 2415
f 8829 8826 9401
f 4529 3917 4224
f 1567 1558 2656
f 2536 2809 2805
f 587 36 636
f 2780 2512 2778
f 5945 3018 7299
f 7352 7347 8230
f 3282 8414 8156
f 5760 6042 5818
f 7099 5010 6828
f 8416 8147 3275
f 722 165 728
f 10092 7978 10886
f 12848 12039 12711
f 11396 11158 11907
f 13472 13218 13486
f 5711 1416 3649
f 5914 5911 6187
f 4147 998 4435
f 9486 8911 9485
f 1995 1173 2281
f 5933 6222 8172
f 10030 10057 10837
f 8543 7390 6579
f 214 222 788
f 2004 1746 2289
f 3568 4468 4473
f 497 5499 218
f 9747 9930 10250
f 8860 9425 9432
f 1039 1037 1329
f 607 80 1751
f 518 3935 1685
f 129 138 697
f 12817 12009 10726
f 7315 8850 9422
f 12689 11644 12001
f 13269 7809 7811
f 11289 11851 11105
f 5105 5427 5422
f 7278 7270 8415
f 4625 5610 5682
f 13524 12934 13264
f 2469 2465 2739
f 2864 5817 5818
f 5895 1592 6172
f 8168 8158 6466
f 181 741 458
f 5031 622 5339
f 6526 6514 7327
f 1635 2709 2436
f 10281 11543 10276
f 14 103 660
f 6212 6221 5936
f 12682 11641 1966
f 12232 13510 13507
f 12232 13507 13510
f 3638 1105 1396
f 3842 3528 4430
f 7165 7186 8337
f 5418 3807 5433
f 2157 1882 734
f 10546 12527 12770
f 3003 175 735
f 1839 1837 120
f 5182 1322 1023
f 8431 3287 7008
f 12505 12757 12782
f 2706 2701 2424
f 9416 8835 9124
f 8286 7200 8698
f 7239 5870 6417
f 2995 6481 7291
f 11018 8253 6280
f 2997 7278 8415
f 8424 8416 7277
f 1922 776 2180
f 11129 11247 8158
f 2130 1875 2144
f 1355 1930 1060
f 9813 9894 9922
f 8424 7271 8416
f 5472 3874 5192
f 11145 11263 6561
f 9770 5006 9206
f 4755 7537 7976
f 6185 6176 5899
f 4766 6861 7577
f 1180 8567 2015
f 9015 9042 9612
f 511 793 1669
f 11004 11763 11000
f 5982 6548 7349
f 9303 6896 8718
f 1064 1364 1926
f 6470 8161 8424
f 5240 1103 1392
f 6755 9700 9125
f 3287 2990 5195
f 10580 4253 10417
f 2132 2130 1869
f 12554 12806 10712
f 7818 7098 7817
f 5752 8029 6335
f 1027 1324 1325
f 6834 9790 7104
f 3945 4574 3670
f 3965 3978 4260
f 7115 7832 8948
f 6140 8099 6138
f 795 1664 1663
f 4968 12167 6778
f 3767 3816 5355
f 6469 8159 6462
f 4747 5718 5723
f 8844 9414 9410
f 4298 864 904
f 262 260 835
f 8528 8255 8256
f 4753 5737 5738
f 7036 6767 7748
f 7011 7727 7004
f 11947 12740 12634
f 2157 2708 1882
f 2998 3278 6189
f 10960 12108 11736
f 11403 13495 13144
f 12679 2781 8251
f 162 2967 433
f 9112 9673 8159
f 4485 2455 3580
f 12387 12397 12657
f 10726 10723 12570
f 8979 8708 9004
f 6000 3085 6287
f 11539 9950 10269
f 4170 5188 1619
f 177 2154 1883
f 3181 2912 7677
f 2708 2432 2146
f 8114 7231 8376
f 75 5403 3796
f 882 4364 1260
f 7996 3697 5590
f 5758 5794 6047
f 1093 5253 5254
f 10865 10409 10577
f 8483 7334 8226
f 7290 8438 7293
f 2161 8440 1902
f 5114 648 10684
f 3281 6733 6192
f 1889 2153 1884
f 8578 11590 12398
f 63 1488 667
f 9702 9126 3584
f 9738 9167 9166
f 9738 9166 9167
f 5743 10444 10121
f 12341 12184 12340
f 2580 2039 1757
f 6369 2915 7177
f 11447 9875 10183
f 6269 6811 4994
f 459 736 1615
f 3564 2143 1327
f 160 5886 2966
f 11271 11150 11270
f 10457 10510 10326
f 8758 9034 7169
f 4528 1090 1376
f 2550 2581 2296
f 6018 8267 8258
f 228 797 1665
f 5879 3236 2948
f 3359 8501 8233
f 12393 8577 12493
f 10584 4731 4562
f 12590 11658 12700
f 6197 2989 3286
f 2468 2734 1916
f 743 172 452
f 4726 5706 5707
f 11884 12931 11007
f 6471 8160 8417
f 5713 4729 4564
f 1755 2073 605
f 2435 2702 2427
f 4345 1226 902
f 406 403 1575
f 704 410 146
f 9474 8894 8897
f 2999 2989 3279
f 5199 5477 1040
f 5503 3905 4212
f 2999 3286 2989
f 4175 5194 3871
f 4983 7781 6793
f 11364 11363 11877
f 9230 9960 10288
f 851 1985 1728
f 18 575 629
f 11676 11664 8647
f 12570 12005 10722
f 13200 7633 11460
f 6019 8256 3101
f 1626 453 743
f 8757 8346 9324
f 8978 8676 9613
f 5604 4636 4681
f 4033 5371 3765
f 2651 1555 681
f 6739 5909 6198
f 6756 7021 7737
f 11017 12937 6006
f 3943 6800 4982
f 4506 2742 1652
f 2843 7591 3128
f 2712 1892 2429
f 5477 5472 1332
f 12232 13227 12131
f 2999 3279 2990
f 7967 3650 1415
f 4721 12441 5717
f 1096 1104 5256
f 8200 6512 6244
f 4806 9053 4871
f 5896 8153 6180
f 9679 8166 6463
f 3555 3864 4904
f 12713 12465 12464
f 35 317 5415
f 3264 9384 6991
f 7870 5691 7451
f 13529 12341 11779
f 5886 6439 6152
f 10711 825 254
f 1614 724 2701
f 10003 7913 5641
f 4545 2498 2769
f 253 2510 537
f 7106 5017 6836
f 1894 2150 1890
f 10036 10814 7955
f 10113 10111 10603
f 6355 7194 8757
f 1487 1510 359
f 1333 1330 1036
f 5715 4727 4739
f 1908 2168 1899
f 7005 6727 9671
f 32 604 2016
f 10014 10390 10021
f 7272 9515 8534
f 12711 12039 11677
f 7420 7488 7930
f 8286 7175 7200
f 6409 7219 2932
f 1127 5274 5559
f 5196 2991 5470
f 3393 3478 4369
f 3258 6171 5903
f 3288 2991 5196
f 12693 11647 11651
f 8529 7378 8528
f 2325 2621 1506
f 465 2438 1617
f 8364 6399 7208
f 9110 9675 9107
f 13061 11514 11495
f 397 2644 2645
f 7256 3266 8406
f 8273 7130 8335
f 8565 11578 12665
f 11750 6110 13354
f 6878 9274 8721
f 3610 3919 5515
f 7432 7875 7891
f 1894 8610 2150
f 463 1623 454
f 3899 210 495
f 4475 3563 3562
f 13000 11512 13081
f 12009 12562 10726
f 1334 1037 1039
f 8168 6467 8158
f 1496 5078 4079
f 3468 4385 955
f 4478 2711 3564
f 517 2498 3626
f 468 456 1622
f 468 1622 456
f 7968 2238 8614
f 6201 6737 5915
f 3432 3494 3812
f 4469 1033 1325
f 5734 10429 3688
f 12920 13360 13361
f 7426 5614 4626
f 13135 13418 13142
f 1627 3873 456
f 7855 7915 7410
f 4177 3873 1627
f 9682 9681 9108
f 6970 6701 4879
f 11044 12957 13283
f 202 483 3885
f 3574 3571 3876
f 12085 13201 12132
f 8694 9015 9014
f 9681 9107 9108
f 3281 3274 6733
f 9143 8850 9712
f 2679 2391 2670
f 3334 6249 3329
f 5018 7824 7105
f 9654 9367 8798
f 9953 9951 10275
f 6185 5906 6176
f 1062 1929 218
f 11670 11668 12705
f 11670 12705 11668
f 464 4170 1619
f 10584 10425 5721
f 10584 5721 10425
f 4029 3733 4421
f 10753 12034 12842
f 11629 1886 8610
f 9486 9200 9773
f 10625 10456 12846
f 3257 711 8403
f 9274 9608 8721
f 2713 2431 3569
f 1739 966 2593
f 9078 7690 4888
f 11560 13129 9966
f 5335 5102 5103
f 7676 6949 6697
f 4217 1076 4511
f 9971 10776 5326
f 8430 3291 8179
f 186 758 1643
f 2519 1970 2242
f 7224 8118 8380
f 1897 1889 749
f 6477 7278 2997
f 12566 10718 12812
f 12029 12837 12026
f 1402 1100 4538
f 4925 9677 6734
f 4162 4167 3868
f 12345 13535 11781
f 5925 6195 6203
f 3174 6925 6938
f 12485 12514 12375
f 4282 3985 5284
f 2519 2782 1970
f 7423 5613 4618
f 8505 8239 6546
f 5552 5275 1405
f 9228 9800 9802
f 8908 8916 9487
f 8967 8671 10157
f 1335 1038 4472
f 10865 10577 10864
f 5409 5139 5424
f 1628 4176 457
f 8223 8479 6522
f 3096 3377 7098
f 9015 8727 9014
f 9113 4926 4923
f 3291 2993 6194
f 8168 6466 6195
f 8270 8261 6016
f 7015 7734 7017
f 6463 8151 6189
f 7777 7073 3350
f 13551 13548 13550
f 8660 9289 944
f 10323 9991 7871
f 6786 4965 6783
f 3015 3012 3301
f 5219 5218 5510
f 1890 2150 2149
f 5552 5267 5561
f 3574 3884 3571
f 7011 7724 6740
f 5442 4145 4150
f 3481 941 4370
f 914 1232 1214
f 11382 11149 11791
f 9395 8821 9678
f 2838 5828 3193
f 6202 5923 6200
f 6805 4985 7792
f 2690 2698 2419
f 247 524 3937
f 1338 1048 1342
f 8643 12576 11664
f 1250 5383 89
f 2998 3285 2994
f 1478 1487 334
f 7057 7765 7760
f 8426 11365 7276
f 2458 1904 2172
f 9669 4460 3553
f 468 1627 1622
f 7075 6804 6803
f 7075 6803 6804
f 10192 10217 9888
f 175 1624 742
f 242 822 1963
f 3921 4522 1074
f 8199 9423 9713
f 4932 4931 6749
f 4932 6749 4931
f 2468 2741 2734
f 9999 10821 10529
f 8859 8850 9431
f 8369 3217 2933
f 2249 11140 2529
f 3287 5195 7008
f 9465 9752 9932
f 11018 11262 8253
f 527 521 1688
f 8031 6338 6347
f 12012 13387 10734
f 211 1915 765
f 3764 3754 4055
f 8865 9439 9438
f 1680 514 1673
f 12518 10674 12418
f 405 1571 134
f 6555 3082 5998
f 2711 2430 3564
f 5958 6756 6243
f 10540 4700 10385
f 6792 9169 4981
f 6848 6600 6688
f 11993 10709 823
f 7281 8426 11365
f 7281 11365 8426
f 4663 7450 7486
f 492 760 1649
f 7333 8210 6516
f 4992 7079 6809
f 12956 11037 11039
f 4484 3575 4483
f 5309 4602 3696
f 6933 7677 6952
f 5624 10170 7916
f 3081 3368 3367
f 7455 5679 4691
f 9838 10195 9866
f 7253 6443 2137
f 9766 9935 10259
f 12553 8612 10703
f 12620 12368 5633
f 10133 10453 10621
f 9520 8946 9802
f 4676 9906 12307
f 3879 3876 4173
f 12599 12711 12848
f 1653 208 770
f 13384 12946 12190
f 601 325 52
f 11995 10710 12003
f 11392 11276 11275
f 837 556 1716
f 3168 7660 6932
f 3929 3920 1671
f 1025 1031 4466
f 7278 3011 8423
f 6716 6739 4920
f 5803 7166 9022
f 157 725 166
f 474 1636 1638
f 13011 13464 11460
f 4454 4449 1004
f 9192 9205 9779
f 8470 7322 8849
f 7970 7522 1126
f 6511 4942 9134
f 6239 4949 6765
f 8870 6793 7781
f 10911 8003 7562
f 9246 9266 9538
f 4048 10506 10341
f 13288 11347 11319
f 5893 6444 425
f 11822 11082 11295
f 5491 201 3891
f 3565 3559 4471
f 594 30 600
f 11947 8596 10682
f 5926 6206 8164
f 1597 1610 443
f 8870 9436 9723
f 12971 11446 13155
f 9812 12964 10210
f 495 768 1648
f 5988 4991 6277
f 8189 6485 8437
f 10087 5561 3960
f 11802 10143 11101
f 9924 10246 10247
f 184 2707 2154
f 6882 7616 6892
f 13052 13056 11491
f 4182 4475 3568
f 4113 5435 5154
f 9668 3552 9096
f 345 1529 1521
f 4770 6390 5755
f 4668 5666 4700
f 6412 8369 7223
f 12048 10162 12311
f 9344 8776 6956
f 5929 8164 6206
f 1916 2725 766
f 4760 10440 10608
f 4171 5188 4170
f 2685 2421 2694
f 10115 10424 10594
f 3736 5363 3760
f 3293 6470 8424
f 7573 2862 7614
f 11724 11951 13328
f 5628 10397 10491
f 13153 12877 13509
f 4184 3890 4189
f 5183 5460 5186
f 9768 9193 9780
f 9891 10236 10219
f 5478 1336 1334
f 8824 4921 7730
f 4485 3580 3890
f 9883 10212 9912
f 3573 5472 1337
f 10702 250 542
f 9224 9800 6841
f 10712 12806 10720
f 5929 9112 6469
f 599 1484 323
f 12944 13385 11784
f 6269 4994 6001
f 12832 12831 12022
f 9413 9695 9701
f 5914 2985 5907
f 176 1899 2168
f 7966 1417 7521
f 11048 11490 11316
f 6442 6432 8129
f 160 1879 2409
f 10727 10737 12022
f 11530 13098 11371
f 2471 1058 3587
f 7994 7981 5732
f 7994 5732 7981
f 2164 2162 177
f 1335 1039 1329
f 4732 4563 3645
f 9859 10241 12312
f 5004 5003 6823
f 5004 6823 5003
f 469 460 2434
f 2116 3540 2383
f 7015 7731 9394
f 2701 2139 2424
f 4180 4185 3880
f 4180 3880 4185
f 3229 3237 2940
f 13281 13543 13542
f 3426 4416 2324
f 13378 13377 12939
f 3264 714 154
f 3947 5259 5543
f 3031 3309 3313
f 3813 4114 4416
f 5931 7279 3004
f 12065 12263 13246
f 12232 13507 13227
f 6555 8249 6552
f 11155 12955 11031
f 4339 3433 4408
f 3125 8298 8027
f 7759 7038 7034
f 11158 11388 11906
f 11628 2148 8609
f 8099 6396 8086
f 6081 5822 6093
f 6816 3350 7073
f 421 2954 142
f 11192 11112 11324
f 7302 5938 6493
f 7714 6996 5179
f 2456 2730 2174
f 12710 11674 8656
f 4826 4868 6671
f 2266 2553 1776
f 9687 6198 8170
f 3838 5152 4131
f 3323 7305 3027
f 6104 3379 3096
f 6855 6611 13462
f 2327 2314 2595
f 6802 12332 4974
f 7732 9394 8823
f 1588 413 3857
f 10774 10064 10031
f 12291 12117 12282
f 8199 7314 8454
f 6211 5927 6468
f 3225 2948 3236
f 7320 7323 8468
f 12990 9854 9866
f 12330 12328 9924
f 9737 6786 4967
f 1154 1440 4590
f 3989 3986 4284
f 12582 12580 12825
f 799 2495 513
f 5940 6226 3305
f 6268 3062 5978
f 8945 7830 5022
f 10307 10045 7923
f 472 2712 2438
f 7479 10832 11959
f 11392 11153 11901
f 7732 8823 4926
f 7129 6353 5770
f 3988 5289 3975
f 4928 6212 9110
f 13473 13217 13218
f 751 2155 1891
f 6555 6552 8245
f 7544 5729 7533
f 998 1290 4435
f 186 2155 751
f 8481 3345 8867
f 4928 9110 6742
f 4545 3625 3626
f 8197 7307 6498
f 4348 3811 4037
f 8431 2999 3287
f 10437 10435 10441
f 3642 3646 4552
f 1185 5406 988
f 9117 5920 4922
f 602 1758 2058
f 8633 8636 11650
f 3394 3446 4349
f 4971 6776 9160
f 6829 5010 9784
f 10954 11731 10964
f 11267 11148 11785
f 11267 11785 11148
f 13249 12319 13515
f 7028 6762 7758
f 7399 7846 5612
f 12681 1966 11641
f 11263 10274 10266
f 8836 6486 7304
f 9135 9703 8208
f 2018 1750 1744
f 2892 3195 6111
f 1355 1060 1057
f 1219 3502 5412
f 1723 564 846
f 1920 1914 2179
f 13259 13525 7810
f 2716 468 1626
f 3254 2966 3244
f 9688 4923 6738
f 1722 4287 5301
f 9933 9931 10257
f 5861 6420 6144
f 8667 8685 6885
f 10144 9916 11098
f 2008 2320 4379
f 8171 6199 5920
f 1092 5243 5525
f 1476 373 2613
f 8172 6737 6201
f 10582 10608 10600
f 9690 9123 9400
f 6989 6984 7700
f 1959 2780 2779
f 4029 3799 4066
f 6525 8471 7326
f 3292 7282 3005
f 7530 7964 7971
f 5517 5516 3908
f 453 447 172
f 9688 6738 8175
f 9381 9387 8817
f 472 1631 2712
f 1135 3967 3669
f 10268 11890 8922
f 12603 12365 8552
f 7391 8539 9516
f 7309 8181 6485
f 2483 1939 2750
f 468 2448 1627
f 474 2449 2439
f 4540 3624 4722
f 472 2438 465
f 3583 1048 1341
f 8938 9219 9789
f 3296 8428 6208
f 474 2439 1636
f 5789 2879 3171
f 9248 8338 7173
f 4806 9559 9053
f 1851 1580 2669
f 10029 10556 10799
f 2147 2698 2420
f 767 759 1647
f 1169 3499 899
f 4915 7715 6731
f 3001 3290 8435
f 12596 10129 10749
f 7084 9476 7799
f 6415 8391 8118
f 13527 13533 13266
f 9242 8736 9241
f 5336 901 5069
f 4169 5186 5191
f 2439 2449 2167
f 5218 5500 5515
f 10293 10050 4667
f 10293 4667 10050
f 11988 11986 10700
f 3093 11889 3377
f 2446 3879 464
f 2012 1777 1204
f 4937 7019 6751
f 4925 4930 9111
f 10294 10352 10790
f 6204 8176 6481
f 12582 12014 10732
f 5024 6308 6568
f 8430 6202 3291
f 4000 3737 3801
f 3847 3531 1292
f 5214 201 5491
f 8289 2849 7140
f 848 561 1721
f 7272 8535 6570
f 5299 3984 4279
f 7286 3013 3001
f 9821 10171 12986
f 4473 3560 2425
f 9690 7011 6740
f 1143 1434 1138
f 10726 10720 10723
f 9690 9400 7011
f 1062 218 5499
f 2469 2735 1915
f 9028 9588 4831
f 8899 9184 9761
f 5920 4922 6735
f 5920 6735 4922
f 7283 3001 3013
f 2443 465 467
f 12681 11641 12439
f 5197 4486 1045
f 767 196 477
f 1893 753 11628
f 5925 6480 8177
f 12552 10702 11997
f 12552 11997 10702
f 2557 2070 2286
f 11825 11204 11296
f 10441 10899 10607
f 2584 933 4388
f 11404 12978 10210
f 11403 13057 13495
f 648 661 10684
f 6884 9278 6918
f 3576 3574 3876
f 813 1694 809
f 1107 5534 1389
f 11397 11281 11908
f 9283 8712 7615
f 747 181 1899
f 1248 1788 2056
f 5856 6130 5849
f 3865 4903 7705
f 8144 8140 8399
f 4336 3812 4107
f 4616 7485 12651
f 12432 7536 7968
f 6806 7074 9753
f 8481 8867 7332
f 213 5210 5493
f 2100 1846 2110
f 9196 9767 9203
f 1424 7820 5572
f 5015 9790 6834
f 5092 5356 5081
f 11931 7462 11608
f 205 197 760
f 4515 1370 3603
f 12205 12243 12077
f 7166 8319 8767
f 1984 266 838
f 11219 9874 10206
f 6304 3097 6301
f 7285 3009 6475
f 3856 5446 5164
f 2440 2705 2159
f 4794 6665 6666
f 9448 9456 8883
f 1319 1325 1033
f 9108 8815 9389
f 9393 7006 8819
f 7989 10106 10425
f 4178 4480 3884
f 7285 3299 3009
f 2462 1906 2173
f 4921 6731 7730
f 9070 9637 9643
f 10264 12337 13263
f 2716 2715 1898
f 3534 3845 3841
f 5888 3254 6158
f 4927 9112 5929
f 11524 13093 11523
f 5973 6259 5967
f 4013 3709 4006
f 6743 9683 7016
f 831 257 546
f 11211 11719 11081
f 4448 1297 1003
f 4643 7471 7944
f 12798 1699 541
f 9208 7814 5008
f 7016 9395 4927
f 11564 7511 7911
f 11029 13382 11026
f 4484 2448 3575
f 5025 5024 6844
f 8400 2121 2127
f 9702 6495 9126
f 12007 8635 11649
f 9961 10285 12348
f 4178 3884 5200
f 3839 5435 4134
f 11945 11949 10666
f 13294 12901 13343
f 9184 9183 9761
f 11588 8600 7919
f 853 842 273
f 13106 10277 11542
f 884 10833 5051
f 5957 6247 5956
f 8543 11395 7391
f 2431 2142 1326
f 3298 3010 3300
f 8911 9175 9744
f 5295 5565 5282
f 3767 3789 4096
f 8170 6207 5928
f 12702 11662 12700
f 4625 7450 7883
f 10580 10417 10594
f 11538 13107 9944
f 770 198 486
f 7391 9516 8947
f 11528 10252 10253
f 10152 9823 12154
f 8330 8075 7198
f 10469 7508 4706
f 12692 12576 12449
f 6195 3273 2986
f 4571 1422 1133
f 735 1611 2988
f 10005 5677 7854
f 9796 9794 9795
f 8231 9463 7350
f 6052 3209 6103
f 99 98 654
f 7285 8423 3299
f 1406 1114 1124
f 13425 12235 12143
f 10271 9204 12185
f 247 3937 4240
f 11123 10996 12918
f 9969 10797 10808
f 1950 2215 1947
f 984 5146 5145
f 11381 11662 8639
f 6494 6492 7294
f 6476 8178 8175
f 6760 7099 6828
f 7857 10063 7458
f 7012 9400 9402
f 5029 5312 1234
f 8368 7220 7232
f 816 525 245
f 8664 9347 8752
f 12715 12524 12772
f 12379 8576 2070
f 1091 1378 1083
f 10248 9925 9932
f 8787 9365 9359
f 11717 12267 13470
f 3883 5199 5476
f 3883 5476 5199
f 5824 2920 3206
f 11389 11901 12954
f 2795 2529 2528
f 11688 12124 12279
f 10939 11705 13311
f 996 1288 8782
f 2255 1985 847
f 9397 1344 1044
f 8988 9030 9595
f 5272 5557 5558
f 9974 10357 10507
f 362 1537 1515
f 2550 2296 1814
f 12322 6767 7035
f 3901 3593 4516
f 7103 7830 13532
f 13284 12355 13547
f 9549 8978 9338
f 6477 8181 3011
f 158 1876 724
f 8619 11640 8622
f 75 1505 631
f 3988 3985 5581
f 750 1629 190
f 9115 9401 9685
f 7691 6969 9353
f 407 396 1577
f 1424 1132 8928
f 4203 1657 772
f 9399 8830 9115
f 1383 5536 5537
f 4608 7392 5601
f 12919 11761 13360
f 12962 13399 11799
f 3881 4186 3888
f 1644 477 1637
f 10866 5245 7517
f 13280 13539 12350
f 13013 11451 11458
f 6252 6792 5973
f 8172 6222 6488
f 6656 4843 7646
f 3751 4338 3462
f 4182 3881 3888
f 12314 12150 12149
f 584 55 622
f 4307 3395 3809
f 3573 1046 4487
f 8001 10124 10447
f 7991 7989 10108
f 7991 10108 7989
f 3572 4488 3578
f 4482 3572 3578
f 7877 7468 10815
f 12818 12007 12809
f 757 476 188
f 10758 10071 10532
f 11396 12710 11671
f 3573 1337 1046
f 10281 13115 9953
f 10281 9953 13115
f 1386 5537 1111
f 3889 3888 5482
f 3889 5482 3888
f 719 3252 3251
f 12790 12542 495
f 2164 1905 1904
f 1425 4572 4573
f 12221 11728 10992
f 2540 2256 1986
f 1439 7985 1157
f 10417 4253 5559
f 3444 4353 1225
f 13418 13420 11439
f 13052 9878 11510
f 7036 7035 6767
f 2745 4500 3589
f 10435 10885 7975
f 8198 7301 7310
f 6002 3076 5991
f 10877 10096 10715
f 11158 11152 11902
f 2163 1901 1900
f 828 3367 3090
f 9551 6686 4871
f 9925 10255 9932
f 3594 2466 2186
f 2973 153 2124
f 10155 13054 13081
f 6149 8378 3234
f 3920 794 1671
f 2174 1900 1901
f 10895 10104 10110
f 13371 13369 11773
f 9116 8824 9406
f 9522 9223 8944
f 2270 12386 8575
f 1043 1049 1343
f 1956 2785 2238
f 462 739 1618
f 8825 7017 9403
f 7668 6950 4865
f 2442 1640 2722
f 5219 4202 773
f 11763 13362 11000
f 4928 6748 5932
f 2941 8362 7215
f 3706 4024 4016
f 3706 4016 4024
f 10781 10330 10547
f 1632 478 1639
f 1632 1631 478
f 13545 12355 12195
f 9529 4773 8965
f 7290 8432 7297
f 534 6276 5987
f 2887 6923 3172
f 5115 5384 5101
f 9570 9862 11509
f 6463 2979 7264
f 11874 12917 2936
f 8459 9425 7312
f 9397 5198 7010
f 3155 6643 7667
f 8270 6309 8261
f 8432 1343 7297
f 5800 6074 6077
f 8550 7893 11594
f 6977 7814 8921
f 3104 8530 6563
f 9200 9197 9772
f 3006 3303 8436
f 9134 6752 9697
f 1404 5546 3634
f 2563 2010 2013
f 8542 9805 6580
f 1939 2478 2750
f 1158 3695 4604
f 472 1642 481
f 2263 2546 8640
f 2580 2078 2306
f 11201 11200 11083
f 5392 10054 10838
f 6839 5020 6837
f 9260 11491 13056
f 12730 12613 12409
f 9509 8941 8940
f 2494 2771 2216
f 1972 2520 2792
f 7086 6805 7792
f 7431 10785 10003
f 12467 12389 12637
f 8108 6421 8383
f 12800 11997 10722
f 12800 10722 11997
f 8302 9333 9610
f 1895 744 2720
f 3576 4490 4481
f 2527 2522 2791
f 2183 2454 2726
f 5554 3946 5544
f 11282 11281 11160
f 6743 7735 4931
f 7279 6471 8417
f 3574 4187 3884
f 10588 10097 10882
f 2580 2306 2039
f 7617 4827 6645
f 4197 3894 5485
f 6840 6832 5014
f 751 192 758
f 9704 6512 8200
f 3898 4195 3897
f 2512 539 1701
f 7272 8534 8535
f 1634 3891 482
f 13378 3088 12937
f 3052 3340 8491
f 10893 10428 10105
f 6477 2997 5919
f 3969 5567 3968
f 6745 4934 7736
f 11726 13336 11758
f 6543 8236 8235
f 9397 9405 8828
f 9357 8780 9356
f 2044 7165 8740
f 8172 6488 9122
f 10477 10402 12146
f 7732 6747 7020
f 2444 2726 2454
f 4607 3995 4294
f 12590 10740 11658
f 6734 7721 4916
f 5492 4190 3892
f 8535 7380 6570
f 12945 13387 12946
f 4183 4182 3889
f 10286 9961 12348
f 10286 12348 9961
f 12794 12545 12544
f 1926 1364 1071
f 11891 8523 11889
f 2737 1906 2462
f 5462 3253 722
f 3584 9126 8833
f 3298 3020 3296
f 11796 12593 11036
f 11881 7279 8417
f 12380 2578 12647
f 4480 5200 1041
f 8424 7277 3012
f 8433 6491 8174
f 8676 8969 9270
f 10626 11938 10648
f 9412 7304 8449
f 9737 12168 10248
f 9529 6590 4773
f 9690 9118 9123
f 1907 1899 2167
f 10756 10057 10765
f 4841 6642 6934
f 8230 6533 5970
f 10331 7918 10080
f 6371 9615 8077
f 7840 8568 11609
f 3892 4190 4185
f 210 764 768
f 4983 6793 7789
f 8643 12451 12576
f 12452 10736 8638
f 9688 8175 6489
f 4328 5076 937
f 3576 2446 2729
f 2162 184 2154
f 3891 4185 4190
f 12679 8251 11259
f 3074 3073 5985
f 10868 5562 5280
f 8895 9747 9171
f 6211 6217 5927
f 6160 5875 5876
f 10443 10609 5740
f 4548 1128 3657
f 8373 8127 11876
f 818 1697 817
f 5979 8228 6534
f 10194 10214 9865
f 474 2728 2449
f 1052 4489 3581
f 320 610 61
f 3876 4171 4173
f 1959 2779 2511
f 9629 6696 9062
f 9800 6308 6841
f 4548 7960 1109
f 4547 3949 1107
f 2406 1597 2692
f 7339 8219 7330
f 893 5080 7481
f 4248 3951 533
f 1050 1340 1044
f 2008 4379 1745
f 2730 2719 2450
f 6355 9031 8044
f 12679 2524 2781
f 10418 10580 10595
f 8488 7344 3047
f 260 2523 551
f 464 1623 463
f 8869 7063 9441
f 11411 13151 13005
f 10752 10750 10745
f 6490 6481 8176
f 8704 9043 9625
f 9370 6981 7702
f 7871 7442 7889
f 1344 1050 1044
f 2030 1762 2350
f 3986 4272 5566
f 8169 5919 6197
f 9005 9348 8728
f 6722 6719 4901
f 1644 475 759
f 202 3885 5484
f 7295 3300 8434
f 8517 8515 7363
f 2188 1911 207
f 11014 11006 11772
f 10807 10060 10344
f 7365 8514 8513
f 2577 1754 2028
f 11040 6578 6310
f 10720 12562 12805
f 12921 11881 11365
f 7770 8879 6787
f 813 824 253
f 10437 10436 10103
f 11276 11903 11391
f 2228 2516 542
f 7365 8247 8514
f 4187 5200 3884
f 3302 3299 3011
f 5975 5970 6254
f 11666 12020 12014
f 10416 10593 10423
f 5419 5150 990
f 12353 12350 12194
f 2174 2450 1900
f 6207 6198 8165
f 2335 3489 4386
f 1358 3597 2469
f 9380 8808 9385
f 1136 1426 1135
f 5342 5141 6960
f 5480 5574 5297
f 12231 13446 13157
f 13126 8950 9526
f 6295 11016 3379
f 439 167 721
f 8925 7100 9494
f 5518 3911 4210
f 1356 2192 8851
f 1344 8828 9405
f 8832 7733 8831
f 7054 9454 8884
f 13028 9294 11496
f 12599 12037 12845
f 1765 1509 2594
f 12847 12595 10622
f 5557 5271 5556
f 8501 7353 6538
f 1089 5533 1379
f 6820 5005 5000
f 2220 2499 3629
f 1892 2152 2429
f 891 922 1209
f 10261 9935 13093
f 6040 8027 5773
f 7837 8690 11409
f 10623 10446 12836
f 4808 5788 6065
f 11016 11252 11131
f 7544 4744 10599
f 6663 6684 4869
f 6992 6724 4909
f 7006 6731 9672
f 10627 10000 10828
f 11333 11347 11864
f 4576 4269 3672
f 6749 4931 7735
f 4048 4670 10506
f 5489 5207 4189
f 2233 2782 2231
f 5209 3893 4187
f 10775 10555 10396
f 5937 3304 6219
f 11797 11150 11271
f 6546 8238 9182
f 12864 13480 13295
f 11262 11265 11144
f 6484 8266 6308
f 11826 11319 11356
f 6213 8425 3294
f 3463 936 1237
f 5713 3656 1412
f 3253 7700 2959
f 2244 1974 2792
f 8995 6657 4845
f 9481 8917 13096
f 9071 8784 9353
f 4733 7980 5725
f 12236 12119 10959
f 8298 7162 6379
f 2075 2355 2072
f 759 10698 194
f 1672 795 1663
f 4752 10596 7541
f 11654 8630 12442
f 5084 4060 3823
f 4935 6750 9122
f 6141 5860 6145
f 228 1665 503
f 1137 4574 4272
f 1709 829 549
f 1888 2698 2147
f 10085 10864 10084
f 9420 8847 7317
f 11008 6286 3078
f 4378 2330 3482
f 3292 3017 8435
f 2454 1906 2726
f 2454 2726 1906
f 8446 6492 7301
f 8717 9616 9044
f 11991 11990 10708
f 7479 7513 10832
f 3399 1175 3435
f 296 12749 12482
f 12157 11767 12317
f 7390 8540 6579
f 9884 9620 10229
f 4582 2803 1141
f 4242 4237 5540
f 2430 168 2143
f 2455 3580 3890
f 2455 3890 3580
f 1656 12789 10575
f 5555 5280 5562
f 4627 5664 4711
f 6275 6003 5982
f 7358 8516 6550
f 10273 9948 13103
f 7402 7933 7934
f 10257 10251 12171
f 4972 6798 6795
f 10384 10560 10382
f 7712 6994 7716
f 5480 5297 256
f 5486 5206 3886
f 8217 8471 6525
f 4611 5623 4695
f 4274 3977 3976
f 11796 11036 11792
f 4969 9739 6785
f 5946 6231 3300
f 5391 5099 5384
f 4469 1880 1033
f 4768 12276 6618
f 12924 11761 10998
f 1852 2661 2112
f 12692 12445 12691
f 12692 12691 12445
f 6751 7019 7018
f 9128 8829 8830
f 5550 3941 5264
f 8900 7115 9518
f 3229 2940 7214
f 11476 11472 10239
f 5984 6003 6275
f 2554 323 1483
f 12248 13038 13060
f 11796 13397 10746
f 13185 12083 12871
f 5485 3888 4186
f 10806 5693 10354
f 11525 10261 11524
f 2262 8526 8639
f 8405 1864 7261
f 5108 4126 3828
f 7070 8885 7780
f 3311 6216 3015
f 2267 3470 2571
f 8669 13080 11511
f 473 462 2437
f 3682 3681 4587
f 3250 2957 2965
f 2206 2475 2205
f 11447 10183 12265
f 7360 6535 6545
f 3264 6991 714
f 10300 10029 10834
f 9998 10800 10061
f 3312 7018 6215
f 7414 4616 12651
f 6484 7388 8536
f 11068 11200 11201
f 6494 7301 6492
f 2427 2141 1878
f 9255 8284 9634
f 12317 13250 13511
f 4600 3691 4598
f 8448 6217 3025
f 9528 9268 8083
f 9541 8752 9323
f 1054 4488 4492
f 10999 13361 12922
f 9023 6370 7178
f 1371 1073 4513
f 11103 11227 11214
f 8226 6530 6255
f 7309 8442 8181
f 2547 2821 2264
f 11032 12453 11897
f 8643 10739 12451
f 7634 6647 6914
f 8290 3204 2918
f 1050 2166 1340
f 3705 5153 4132
f 2007 585 576
f 1346 3578 1054
f 5734 3688 4601
f 1424 8928 9502
f 13400 12962 11801
f 3309 6223 3303
f 1908 1899 1907
f 8900 8952 9519
f 2734 2172 1905
f 7838 9977 7482
f 10062 10392 5408
f 5320 3756 3752
f 11204 11712 13318
f 3395 1187 5392
f 11037 11793 12950
f 12268 10190 12104
f 7898 10849 7499
f 9830 13049 13048
f 516 2488 2213
f 8143 6445 8147
f 7763 4954 6773
f 2735 2728 1915
f 779 1931 2195
f 5074 5085 5348
f 6225 6219 3304
f 10585 3963 10094
f 3383 3098 7106
f 3320 3031 3317
f 9171 9166 9738
f 10428 10879 10095
f 11562 10289 9964
f 12406 8589 10672
f 3025 6217 5935
f 5353 902 1206
f 12987 11465 13033
f 200 486 478
f 7419 7902 4652
f 12465 8653 12711
f 4937 6749 7735
f 7075 7072 7790
f 5585 4576 3669
f 8999 9286 8715
f 550 841 2800
f 1873 2138 7252
f 4447 4442 3540
f 1577 139 700
f 1648 192 485
f 8180 8179 6482
f 11430 13017 8698
f 9013 8733 9309
f 226 509 224
f 4592 4590 3661
f 12541 192 10699
f 2686 2417 2132
f 2686 2132 2417
f 13421 12272 13149
f 5512 1366 1067
f 6927 7641 8745
f 901 987 1279
f 12841 12588 10739
f 5803 6346 7166
f 8877 7345 9462
f 2541 2802 2540
f 4191 3887 5202
f 10684 661 11970
f 4710 5694 7951
f 12705 11666 11668
f 7739 4932 6749
f 7278 8423 7270
f 1120 1418 7521
f 13108 13112 11545
f 9067 6394 4884
f 2226 2216 2503
f 8656 11674 11667
f 8723 6945 7647
f 8645 7558 10901
f 5485 5482 3888
f 8518 8512 7366
f 2180 1642 2453
f 1514 92 633
f 10699 11984 753
f 8844 7322 9414
f 915 5088 1233
f 6993 8809 6999
f 6904 6662 9063
f 12185 13530 13111
f 2180 763 1642
f 7703 6712 6714
f 3621 4541 3630
f 799 227 1676
f 5489 4189 3890
f 1116 5261 4236
f 434 2400 5884
f 747 173 741
f 10584 3959 10415
f 5666 7956 5688
f 3612 4518 1372
f 3926 4224 4220
f 1694 537 2776
f 303 79 1492
f 10727 12022 12584
f 309 1493 331
f 4938 4933 7736
f 8282 7160 8052
f 4731 5709 4562
f 1440 4592 1130
f 1440 1130 4592
f 7744 4946 5949
f 2333 2607 2332
f 6787 9166 4968
f 11381 8639 8526
f 6227 3017 3016
f 4720 12423 11624
f 5550 5543 3941
f 11959 10681 7947
f 12730 12375 12613
f 4523 1381 1083
f 1916 2734 2725
f 4091 78 345
f 3998 4032 3722
f 13209 13474 12118
f 9774 9182 8238
f 8876 9169 4970
f 6592 6886 6630
f 11195 11231 11114
f 8606 8638 10736
f 7306 6490 6497
f 11248 11143 11139
f 1026 164 1323
f 893 7481 1207
f 8875 7771 9451
f 9395 9106 8821
f 7133 8720 8309
f 2322 1276 2045
f 13413 12271 12107
f 8656 11667 11665
f 2255 847 1724
f 6811 7796 7798
f 6226 11765 3305
f 1064 1365 3598
f 3264 7717 9384
f 1348 3579 2175
f 3734 5151 5419
f 833 2244 260
f 12945 13384 11781
f 5575 5293 3976
f 13427 13479 13152
f 6872 7683 4878
f 12497 72 344
f 7769 7047 8870
f 9811 10172 12970
f 5353 5089 4054
f 3865 7705 5454
f 268 840 267
f 10273 13110 10272
f 1909 2455 2730
f 12038 10912 10625
f 591 604 32
f 5491 3891 4190
f 5518 4210 5233
f 10701 253 824
f 3618 4513 4525
f 5940 3305 3019
f 12818 12809 12003
f 5357 5356 5078
f 13432 12227 13240
f 804 234 808
f 8187 7300 8439
f 10903 10123 7556
f 10470 4719 12769
f 6169 2993 5907
f 3359 3355 3066
f 7538 4590 7537
f 8276 2921 2861
f 12026 8640 11659
f 623 102 66
f 6030 5795 6039
f 6499 7300 8187
f 2998 2994 3278
f 5347 1201 897
f 9095 3549 3860
f 6301 3105 3389
f 7312 8442 7309
f 7023 4935 8838
f 6173 2982 5901
f 12460 8647 11664
f 12590 12830 12579
f 4077 5412 3805
f 6224 3307 3018
f 11692 6025 3124
f 6842 9222 6309
f 7403 7856 4642
f 4580 3666 3675
f 10472 10567 10346
f 5704 4724 7519
f 4548 3657 5706
f 3901 4516 4209
f 3586 1050 1344
f 8998 8696 9284
f 2271 2033 6344
f 9361 6972 6705
f 768 764 480
f 3052 8496 6265
f 10754 9984 10790
f 1723 563 1722
f 3635 1400 1106
f 12858 11117 10977
f 8445 8441 8185
f 5177 5449 1308
f 11378 13382 12948
f 2965 2957 3243
f 10805 10037 10830
f 3931 3622 4542
f 230 800 795
f 5716 7530 4733
f 9760 4990 6808
f 4484 3577 3877
f 6228 6222 3306
f 232 800 1947
f 5944 3029 3020
f 5943 6228 3021
f 9194 9776 6822
f 11442 11344 12904
f 2825 13347 2836
f 1738 2614 2616
f 9369 9658 8792
f 1057 1350 4490
f 261 832 257
f 5015 4282 5284
f 1056 5204 4491
f 6565 6307 6015
f 7796 7078 4993
f 8278 6341 7164
f 7309 8189 8443
f 6237 6761 6763
f 10526 4701 10564
f 7276 6457 8411
f 4194 5204 1056
f 4946 9708 8201
f 6745 4930 4934
f 13212 13066 13490
f 11374 11136 11255
f 207 761 769
f 7023 8838 7738
f 10418 4253 10580
f 12640 11965 11615
f 1936 217 2195
f 2524 2514 2781
f 7154 8045 6385
f 2211 2204 1937
f 9128 9124 8835
f 12797 10716 12563
f 5036 4008 3712
f 372 113 97
f 12185 9204 7808
f 12562 12802 12559
f 13140 6890 13200
f 13435 6869 13183
f 7991 7548 5723
f 6501 8186 6223
f 6556 8247 7365
f 10587 11778 12801
f 10486 10013 10843
f 1599 448 5908
f 6249 7041 3329
f 5477 5201 1337
f 13370 13523 12929
f 8241 9769 9462
f 13286 12353 12197
f 4988 4980 7787
f 436 2414 1610
f 2462 2461 488
f 8973 8735 8736
f 8888 9168 9451
f 12604 11588 4710
f 1911 196 761
f 9868 11217 12277
f 1336 1047 4488
f 12471 10385 10022
f 3595 4504 4211
f 11920 10640 12529
f 4555 4252 3641
f 815 254 530
f 8430 8178 6202
f 7406 7515 4645
f 1990 2812 1725
f 3702 3823 4060
f 6138 6401 5861
f 12159 5950 4944
f 295 64 593
f 12547 11987 12793
f 13550 13131 13401
f 7243 6418 6146
f 11796 11792 11037
f 2459 2456 2174
f 9500 9941 9499
f 3563 1325 1324
f 3921 1074 5227
f 3913 10083 10410
f 1142 1435 1140
f 11385 13386 13119
f 5710 3660 5706
f 2377 2100 392
f 7329 8497 3064
f 11137 11368 11250
f 11150 12949 12948
f 5954 6224 6237
f 12674 5726 12441
f 5955 8442 7312
f 12347 10280 12346
f 356 1526 655
f 2527 11636 8616
f 11691 11722 13333
f 6441 8127 6430
f 4159 4157 3859
f 12987 13461 13186
f 1969 2780 2240
f 3586 4496 1050
f 4292 3697 4606
f 13253 13512 11516
f 1477 317 1534
f 1181 3459 965
f 1988 2810 1994
f 4581 3973 4271
f 12443 11645 12687
f 2754 1934 1940
f 832 1975 11989
f 7289 2999 8431
f 5876 6148 3239
f 1657 1655 490
f 5210 5494 5486
f 4580 9212 3666
f 6511 6242 4942
f 12608 12370 12659
f 5088 5430 4125
f 6294 3094 3380
f 5494 5206 5486
f 8553 11568 8574
f 6548 6560 6273
f 11691 13333 13334
f 2210 2206 2205
f 6031 5766 4779
f 7713 9389 8806
f 3318 3023 7302
f 8845 8836 9412
f 12248 13060 13496
f 13286 10289 11562
f 2123 2118 1852
f 2933 2927 3211
f 1421 7970 1414
f 9815 10135 12966
f 8985 9607 9608
f 9189 9184 8899
f 4197 5485 5494
f 9122 4930 9691
f 7693 8785 9072
f 2517 2778 1705
f 8457 7303 3025
f 11431 11450 10215
f 11082 10207 9899
f 5455 1015 1312
f 11443 13076 10205
f 8214 6512 8464
f 5210 5486 5493
f 9975 10557 10357
f 6719 7697 7696
f 11728 12907 12912
f 4159 1588 3857
f 183 2158 754
f 126 2096 116
f 8626 7983 10721
f 7313 8443 8189
f 12164 12321 13253
f 6548 6273 3056
f 7866 7420 4699
f 741 1610 2704
f 5324 5351 5039
f 6592 6853 7635
f 6691 9628 6961
f 1065 1359 1070
f 11511 13072 13504
f 6993 6999 7715
f 5135 5416 4134
f 11293 11854 11187
f 6140 5860 8101
f 9262 8286 8698
f 8953 9226 9522
f 2533 4585 2806
f 1353 1346 1054
f 1059 1346 1353
f 3036 3312 3026
f 11889 11131 11368
f 1926 1931 1061
f 12553 10720 12805
f 12574 12816 12002
f 2701 724 1876
f 1352 1345 1055
f 1065 1073 1359
f 1840 2097 2373
f 9950 11146 11264
f 1175 937 3435
f 1058 1345 1352
f 8775 9354 7201
f 2878 7657 6930
f 208 198 770
f 10793 912 5050
f 7027 5951 3321
f 9134 4942 6752
f 3030 3310 13363
f 2763 2491 2481
f 12681 8622 11640
f 3897 4493 4193
f 3322 7024 7033
f 10330 10860 10521
f 4246 4253 3948
f 7117 7116 7114
f 9702 8194 6495
f 8282 8328 8030
f 1892 2710 2152
f 9521 11556 13124
f 12336 11009 11010
f 11001 11762 13364
f 8514 8247 8512
f 1384 1383 5537
f 11767 11762 11001
f 12587 12450 8636
f 3343 7341 8486
f 7707 9368 6984
f 3589 4500 4495
f 4622 4716 5606
f 1718 3966 4267
f 2465 1649 2736
f 5220 772 1651
f 7442 10818 11939
f 7154 8306 8045
f 5086 3826 10830
f 5979 6262 8228
f 6938 9342 8758
f 8154 7268 8412
f 2164 2725 1905
f 12128 12117 12291
f 3613 3605 4517
f 2602 2592 2316
f 185 755 193
f 4557 4553 3640
f 12962 11799 11043
f 11765 11000 12923
f 4011 3832 4057
f 9304 9317 8738
f 10618 5737 10446
f 11767 10999 11762
f 4580 1429 1139
f 10247 9157 12169
f 3726 3447 4405
f 3655 1159 4604
f 3283 8150 6183
f 8101 7202 8359
f 8385 8116 8379
f 2466 2182 2186
f 6200 6738 5911
f 2466 2733 2182
f 8099 8086 6401
f 4054 3833 4063
f 3323 8450 7305
f 5308 1159 1445
f 3434 4366 3806
f 768 758 1648
f 13043 13341 11481
f 12716 12617 12616
f 8046 8315 9599
f 5487 1438 3977
f 13115 9953 10284
f 862 1168 1763
f 4941 6753 6754
f 2193 1353 498
f 2126 2120 1856
f 13270 7807 5005
f 6798 7068 4976
f 13546 9963 12354
f 8197 6498 6504
f 2029 2339 2333
f 6295 11133 11016
f 261 257 831
f 12219 13239 12112
f 3067 7080 3356
f 6196 5918 6482
f 6237 6500 8193
f 4501 3591 2474
f 2685 434 2421
f 5178 5171 5450
f 6756 7742 7021
f 2686 8133 6439
f 9075 4885 6702
f 11143 7373 2525
f 222 787 788
f 9594 8747 9345
f 1884 2694 2145
f 556 2797 1714
f 11375 7370 8519
f 304 1524 81
f 776 204 763
f 11904 13395 12955
f 1837 684 120
f 13290 12907 11749
f 9675 9387 8814
f 13538 7111 13119
f 12497 344 12774
f 10731 12575 12011
f 2102 697 1847
f 6590 4780 4773
f 8169 6477 5919
f 8995 9063 9633
f 1920 2185 1914
f 7059 7058 8885
f 5950 11765 6226
f 3034 3323 3027
f 9653 9079 6715
f 1092 5251 5243
f 6756 4938 7740
f 3369 3082 7364
f 12495 12785 10671
f 416 2952 5874
f 10278 9954 10283
f 438 730 1609
f 1852 2118 2661
f 12455 12699 8640
f 1636 2439 2713
f 13379 13380 12941
f 4139 3831 2354
f 3297 3016 3017
f 7024 7022 7741
f 5573 7821 8930
f 11004 12926 13363
f 1922 2180 1913
f 9486 9485 8912
f 1654 12540 487
f 12234 13439 13308
f 258 256 830
f 8871 9437 8866
f 3352 3060 7790
f 2742 488 1652
f 7389 8536 7388
f 2189 2468 1916
f 2423 2721 2457
f 2190 1915 211
f 3003 3002 7292
f 8456 7307 7315
f 4317 5670 4637
f 10449 4761 10611
f 12963 13400 11801
f 4213 5225 4209
f 11047 11207 11164
f 5458 4156 5170
f 7088 7810 5004
f 9018 6683 9589
f 6232 5940 3029
f 2324 2323 2590
f 12968 13016 10145
f 1061 5489 1347
f 13435 10072 10779
f 9135 9127 9703
f 7179 8347 8327
f 7283 3013 6474
f 4843 6647 7646
f 532 808 1693
f 4016 4024 3416
f 5951 6227 3321
f 11270 11787 11150
f 11270 11150 11787
f 11106 11220 11329
f 5603 7908 10372
f 9731 9152 4958
f 3983 4281 5283
f 8767 9328 8766
f 7281 7276 7275
f 5215 5498 5208
f 2462 2173 2461
f 4791 6873 7595
f 928 2585 4356
f 3590 1354 4496
f 4816 7613 4867
f 4658 12653 7444
f 5676 7927 4718
f 5498 5491 5208
f 7030 3316 3035
f 2465 2463 2739
f 2061 2904 94
f 11528 10253 10262
f 1334 5473 5191
f 7024 7739 7022
f 10892 10105 10590
f 5953 8192 6505
f 1456 311 4369
f 12790 12541 1655
f 4501 3590 3586
f 8301 7197 8348
f 5977 3063 3062
f 6925 7637 2894
f 2620 656 1802
f 9416 9705 9128
f 4661 5636 5677
f 1375 3600 3911
f 10432 10098 10426
f 9369 8117 9658
f 1636 4181 3885
f 6239 6229 5953
f 2829 3151 6894
f 1754 2024 2028
f 7327 8208 8465
f 2508 2226 2787
f 3566 3564 1328
f 2992 6180 8153
f 3677 4579 3668
f 8534 8527 9514
f 10619 10126 10909
f 6552 3081 7361
f 6252 5967 8221
f 12545 1705 12544
f 7314 6499 8447
f 6234 5944 6231
f 2132 1875 2130
f 12455 12701 12452
f 5523 3913 5235
f 9224 5025 7833
f 2229 1959 2511
f 2825 6025 10965
f 5265 1127 5559
f 3940 3629 2768
f 6757 9129 9704
f 7421 7508 7861
f 9308 8732 9618
f 11680 12083 12241
f 5750 6028 6027
f 4501 3586 4497
f 781 5211 1658
f 12508 10376 10561
f 11535 9206 10265
f 2936 6131 3219
f 10437 10899 10436
f 5499 3896 4194
f 1655 491 490
f 1060 1349 1350
f 10678 10058 10075
f 13277 13540 11552
f 8458 7310 8448
f 11955 11599 8586
f 1060 1350 1057
f 7077 6799 9750
f 12454 8639 11662
f 10004 10043 10373
f 3339 3048 7347
f 2192 6506 7318
f 6993 7709 8809
f 6721 3858 4902
f 5029 888 7445
f 1912 2722 1640
f 2179 2178 2460
f 5995 5994 6286
f 2221 1403 3627
f 8173 6487 6479
f 9140 9707 8196
f 4034 3721 5060
f 6162 5875 6160
f 12956 12952 12951
f 13279 11551 9958
f 1019 1309 1013
f 8432 3288 1043
f 10743 12024 8642
f 11422 13457 13048
f 12679 2243 2245
f 48 2022 1750
f 2461 189 2171
f 9701 9131 9699
f 8819 9672 9100
f 5994 3080 3079
f 12317 13511 12160
f 10381 10535 10827
f 11017 6006 11144
f 5885 5878 6150
f 1945 3345 8481
f 7611 13206 11491
f 5468 448 3867
f 5036 4100 4008
f 13144 13190 13451
f 5216 215 785
f 11096 11236 11837
f 4245 6810 4991
f 5264 5256 4244
f 6650 4834 4840
f 1011 4449 4454
f 5352 5373 5091
f 2382 2103 1833
f 3980 3667 3668
f 8278 8020 6323
f 4271 3975 5289
f 1370 1069 4507
f 8429 8428 6465
f 3324 5950 6232
f 13168 12259 13429
f 5554 5278 5553
f 8451 7024 3322
f 3865 6720 4903
f 12713 8653 11676
f 3082 3078 3079
f 6588 6957 4833
f 5026 7113 7112
f 1172 5402 3420
f 7320 8461 7323
f 10583 4255 10413
f 12840 12460 12704
f 5514 5507 5224
f 12354 12351 12195
f 4730 5710 3657
f 12386 12633 8575
f 2024 43 628
f 2024 628 43
f 10451 10616 10612
f 10458 10311 10312
f 4220 5512 5232
f 11932 10565 12764
f 4802 8986 7599
f 5695 12662 12419
f 1868 3249 8393
f 4247 3950 5257
f 7863 7423 7953
f 5474 5193 5469
f 1692 1684 525
f 4444 3536 4449
f 12717 12536 12495
f 9477 9936 13094
f 1730 566 1727
f 9955 9958 10282
f 13365 3318 8456
f 5269 5555 5562
f 9136 9713 8851
f 1676 227 1666
f 6840 5022 6832
f 3047 3334 3041
f 8864 7761 4953
f 8836 9118 6486
f 5092 4078 3773
f 8458 9714 8198
f 3587 1058 1352
f 10465 9984 10050
f 5973 5972 6259
f 1838 121 683
f 5733 7540 4749
f 503 1659 1661
f 4946 8201 5949
f 5009 7812 9502
f 1015 1308 1011
f 9563 8992 9562
f 7968 4736 7536
f 7968 7536 4736
f 7029 9426 3319
f 5330 3784 4119
f 11002 10999 11767
f 1439 5720 7985
f 6276 6000 3083
f 2135 2141 1870
f 4592 3661 3662
f 4945 4939 5948
f 7560 10119 10899
f 9797 9215 5021
f 6493 8177 6480
f 12607 12368 12620
f 7729 7007 7722
f 3486 4076 3781
f 12367 12661 11062
f 6751 7018 3312
f 5199 1040 5476
f 2652 1559 390
f 9554 8983 6627
f 8205 6507 9133
f 8446 6489 8184
f 12863 10963 11822
f 8206 9699 6508
f 780 212 5210
f 12383 10354 5693
f 9797 5021 7108
f 4581 3668 3973
f 12607 4653 9841
f 12026 11659 12826
f 7439 5679 7882
f 11860 11340 11859
f 4227 3944 4239
f 7026 3326 6243
f 8549 10637 12523
f 8462 9412 9418
f 8237 8502 3357
f 1840 2373 2668
f 12099 13205 13485
f 8061 6387 8069
f 417 137 5444
f 6242 8205 6755
f 1284 990 1283
f 11180 11102 11356
f 3714 3491 4105
f 5217 771 5504
f 13136 12311 13436
f 7337 7331 5960
f 12123 10224 10223
f 3903 493 2467
f 9543 9029 9280
f 7526 7983 8626
f 11654 8634 8628
f 6590 9897 12261
f 8696 4857 7596
f 4478 3564 3566
f 10749 10741 12033
f 10891 12808 12813
f 10309 5628 10512
f 5506 207 206
f 5958 6243 6248
f 8522 6011 3380
f 3026 3308 3024
f 11366 11248 11374
f 1338 5195 5474
f 11042 13393 11798
f 5771 6101 11721
f 8642 10733 12577
f 12158 12926 11004
f 7339 7331 8480
f 8463 9701 8206
f 3388 7383 6574
f 5505 208 1653
f 1358 2469 2190
f 3383 3097 3382
f 1140 4271 5289
f 6051 8053 5780
f 6051 5780 8053
f 195 191 753
f 6329 8021 6048
f 3038 7745 7742
f 2002 1816 2292
f 12715 10474 11953
f 11682 11688 10987
f 11694 13413 13313
f 4498 2747 9702
f 2228 2516 250
f 2228 250 2516
f 9534 12297 9835
f 10264 12176 12337
f 347 3792 4099
f 12443 11647 12685
f 13529 13379 13272
f 8297 7196 8027
f 8082 9630 8357
f 8133 7249 8125
f 12011 11654 12689
f 3588 4499 2746
f 7844 912 7448
f 5824 6089 2901
f 7416 7953 11620
f 10498 12760 11952
f 8936 7108 7826
f 4506 3592 2742
f 6328 6075 8053
f 9445 7761 8864
f 9445 8864 7761
f 6026 5777 6043
f 8251 11139 11259
f 11901 11153 13393
f 781 5495 5211
f 11424 11488 13061
f 3951 239 810
f 10461 10490 10323
f 12723 12525 11932
f 2048 2319 3483
f 864 4657 4341
f 3322 7033 9421
f 10663 7914 10389
f 2648 2365 2634
f 3452 3461 4356
f 5497 217 3898
f 8834 9400 9123
f 7320 8843 8461
f 3383 3382 3098
f 4361 5422 936
f 1922 1068 5221
f 3862 421 4156
f 5219 776 5221
f 3218 6129 5845
f 8461 9414 7322
f 6896 6645 9026
f 11887 11373 11886
f 11315 11870 11845
f 4944 5950 3324
f 256 5297 269
f 1335 1329 1038
f 12686 7534 4742
f 3513 3503 1263
f 3513 1263 3503
f 3151 6093 6634
f 74 5399 5116
f 2472 3589 1059
f 13144 13451 13021
f 12939 10711 254
f 722 159 165
f 5216 5496 215
f 8405 7268 6458
f 13313 13177 12887
f 7991 7990 7548
f 8844 8849 7322
f 8846 7314 9421
f 2189 1361 2468
f 2522 1971 2791
f 3899 495 10409
f 211 777 5223
f 9591 9314 9058
f 12295 10207 12151
f 9703 9415 8465
f 4762 4607 5741
f 1443 1152 5302
f 9736 9729 6788
f 414 134 1571
f 3555 9091 9094
f 11527 13259 12170
f 1881 2137 2699
f 9420 7317 8453
f 3949 3651 4256
f 6329 5774 8998
f 13322 12912 10992
f 1922 2194 1068
f 7638 6644 6908
f 9824 12246 4662
f 1866 2137 1881
f 6651 6922 6092
f 2095 2385 1841
f 3229 2950 3237
f 2741 2467 2732
f 11276 11155 11154
f 5213 217 5497
f 10712 255 3090
f 6237 6235 6761
f 2301 2585 1753
f 12425 12427 12672
f 12574 11788 12824
f 10175 11466 11499
f 2865 6069 5792
f 11575 7890 7452
f 12542 10576 10409
f 3042 3332 5961
f 9417 8198 9714
f 2089 1288 996
f 9939 11258 11138
f 2286 2312 2031
f 13365 8456 9422
f 4375 986 3515
f 7993 7992 7553
f 9559 9584 9008
f 1601 724 447
f 10454 10130 10133
f 987 975 4412
f 13365 9422 13512
f 778 5498 216
f 2846 3196 8341
f 4248 6824 4999
f 11241 11361 11876
f 11940 10651 10652
f 7382 9514 8941
f 759 475 187
f 5760 10935 11706
f 2300 317 1477
f 10126 10905 10906
f 5584 4285 3992
f 7540 7974 7539
f 3590 2473 2194
f 3996 3695 3995
f 1519 1530 366
f 6238 6766 4948
f 5504 3901 5225
f 6720 5874 4900
f 10755 9974 10507
f 3677 1432 4579
f 7389 6575 8536
f 13476 9903 13037
f 11675 12462 8650
f 12554 11022 11778
f 9465 9464 9176
f 4483 2448 2724
f 9704 9135 6512
f 8144 7266 8140
f 4921 6735 4915
f 6757 9704 6244
f 2259 2812 1990
f 8191 7298 8182
f 9945 10266 10276
f 5216 785 5215
f 6506 8851 7318
f 928 1235 1248
f 5587 7110 5306
f 6240 5954 4947
f 3403 4419 971
f 363 649 90
f 1374 4211 3599
f 12366 12390 12633
f 11921 10686 11963
f 5492 3892 5483
f 2445 2164 180
f 12209 13419 13147
f 9362 7694 8789
f 8458 9426 9424
f 5909 4913 2978
f 10518 10827 10816
f 8298 8297 8027
f 9807 9527 9526
f 4953 6763 9145
f 13409 13298 13219
f 6758 3325 6240
f 867 1199 895
f 2135 2697 1878
f 5981 6291 3070
f 1026 1318 9377
f 9416 9706 8466
f 8109 8115 6420
f 11651 8625 5726
f 12997 13205 11838
f 6558 2233 7362
f 1752 1797 2574
f 8202 8466 6513
f 4554 1112 1113
f 2519 2783 2513
f 5450 4151 3852
f 3067 7356 7794
f 6667 4851 6676
f 5364 3783 5109
f 4334 3516 4375
f 2800 2532 2799
f 7275 8411 6458
f 2735 1907 2728
f 1486 324 375
f 7127 2922 8290
f 10582 4290 4756
f 10582 4756 4290
f 8004 6341 8278
f 11891 10267 8923
f 3926 4220 10412
f 5983 3059 529
f 2157 188 2708
f 6272 6258 3350
f 7153 5832 8045
f 8469 8464 7325
f 8162 3269 8410
f 298 1461 1495
f 7361 8511 8245
f 7588 6868 7587
f 4201 3594 3902
f 8205 6510 6507
f 7868 7444 7408
f 9956 13120 10278
f 9163 9746 9735
f 11060 11731 11215
f 4594 5295 1149
f 12971 11513 13083
f 11149 6566 8258
f 5488 3889 3894
f 4966 6784 6780
f 8935 9797 9511
f 3002 3281 5921
f 9725 9146 8863
f 11561 11159 9966
f 3442 922 4337
f 12020 10732 12014
f 4021 5068 5130
f 5161 996 6976
f 13094 11526 8897
f 2944 7216 8785
f 7255 3273 7267
f 3639 1397 3636
f 2006 599 54
f 39 630 315
f 1051 5290 4577
f 2492 3615 3934
f 1459 612 4009
f 2440 2424 2705
f 6634 4823 4822
f 5549 10869 5279
f 1358 5501 5227
f 813 809 1691
f 228 1661 798
f 5996 3077 6285
f 8048 2603 4384
f 10676 10671 12517
f 5291 5568 4262
f 12399 8593 12646
f 13545 13540 13277
f 779 2195 217
f 11275 11273 11153
f 794 220 216
f 7798 7796 4993
f 10921 11738 11739
f 456 725 731
f 5709 3644 4562
f 1063 1362 1356
f 1063 1356 1075
f 7308 6487 9120
f 3856 142 5446
f 587 314 36
f 4301 4422 3827
f 7084 6813 8899
f 4945 7743 6769
f 7765 9148 7760
f 9141 6509 8212
f 9383 9387 9381
f 1661 218 790
f 9382 1315 4459
f 4017 3750 4409
f 8848 9428 6773
f 6212 5936 5930
f 12483 11948 12752
f 7282 8418 7274
f 46 5070 5344
f 11269 8267 6575
f 4775 8990 8707
f 8224 8216 6523
f 9814 10170 4636
f 7030 8855 9418
f 2975 2984 3264
f 815 812 1689
f 8625 12441 5726
f 9435 8856 9716
f 8483 8226 6255
f 10779 10072 10778
f 5220 5508 3908
f 4634 5661 4324
f 8963 4327 3453
f 10755 10327 10473
f 4203 4208 4206
f 12497 12774 12507
f 8472 8209 6513
f 4392 3522 1284
f 8204 8211 6515
f 8241 6559 9769
f 12162 12160 13252
f 7805 4980 4988
f 13522 12334 12178
f 6510 8211 8204
f 9444 6794 6796
f 5415 1283 990
f 168 730 2143
f 8609 2148 2416
f 6203 6199 3289
f 11573 12627 12643
f 11181 11335 11094
f 6273 3088 3361
f 12975 11504 11494
f 233 2210 1942
f 5217 5504 5511
f 8731 9604 9330
f 1303 3544 3545
f 2509 2775 1956
f 2509 1956 2775
f 8507 7370 8913
f 3446 3758 4409
f 7592 7605 7591
f 11244 11127 11128
f 1377 3603 1370
f 13131 11562 11909
f 12801 12558 12806
f 5600 4707 7509
f 4521 1081 1368
f 8420 8154 8150
f 2973 2124 7254
f 12214 12123 12237
f 4551 1105 3638
f 5724 5720 4737
f 197 476 757
f 4607 4295 3996
f 1064 3598 1368
f 4530 3617 4522
f 12568 12000 10714
f 10207 10204 9898
f 818 817 1700
f 1025 9664 9376
f 2226 2220 1964
f 9710 6519 9142
f 8797 9363 8796
f 8797 8796 9363
f 11524 11523 13092
f 6634 5822 4823
f 4506 4201 3600
f 4472 4464 1034
f 10769 10574 5084
f 11797 11795 11039
f 4020 3732 10378
f 7272 9222 8942
f 4647 7880 7438
f 5573 1423 4570
f 6789 4958 6779
f 9141 9717 9712
f 1357 1078 3602
f 12513 11954 10691
f 5769 3148 6060
f 11129 8158 6467
f 646 655 82
f 646 82 655
f 5621 4671 5661
f 1358 1074 4514
f 9544 9620 6671
f 10456 12581 10748
f 7774 7049 6784
f 211 202 777
f 12291 12282 12125
f 4505 4511 3599
f 778 5214 5498
f 407 2383 1564
f 3362 5972 6261
f 3362 6261 5972
f 9432 9425 8852
f 12695 12691 12445
f 4275 3979 4273
f 7154 6337 8307
f 9743 9169 9459
f 9139 9710 9715
f 3146 2884 7649
f 10321 4662 4704
f 7368 9514 8527
f 12354 11555 13278
f 5097 931 1274
f 2164 177 180
f 12593 12704 12835
f 508 5513 223
f 2903 8340 3197
f 5179 5459 5451
f 6300 6297 6298
f 7746 7042 7754
f 578 24 8575
f 7899 7505 7898
f 1371 1070 1073
f 9535 6872 6615
f 8173 6479 9689
f 6979 6712 6718
f 3710 5410 3746
f 7148 7150 8302
f 4447 1307 3541
f 2472 2750 2745
f 11686 11713 10985
f 3109 3166 2843
f 2788 2511 2779
f 4654 10332 10501
f 2807 2806 2252
f 3658 1129 4561
f 8837 9119 9695
f 3703 5037 4012
f 859 894 4300
f 13502 13235 12136
f 2446 464 463
f 1871 8395 7248
f 9031 9616 8044
f 9236 6661 9235
f 2472 1928 2750
f 1066 1360 1077
f 8207 2747 2477
f 12217 9827 10178
f 9113 9693 6747
f 3039 7756 7033
f 11916 10631 8554
f 5797 2917 3176
f 1591 5874 6161
f 10456 10129 12596
f 10091 5277 10873
f 4053 4075 3761
f 10584 10425 5723
f 9162 4971 4975
f 2128 2139 1876
f 539 1700 538
f 793 221 785
f 12918 11760 13355
f 9246 8765 8707
f 2957 5868 6144
f 10752 12030 8654
f 3132 3196 2846
f 2375 390 2099
f 7675 5848 4882
f 7000 7769 9446
f 13011 9869 13464
f 1787 1809 2075
f 3918 3912 5510
f 3609 3602 1378
f 528 1688 1686
f 2525 2243 12679
f 8864 9145 6771
f 7325 8208 6514
f 12468 12366 12781
f 2227 2504 2773
f 2131 6436 2408
f 1295 5165 1008
f 13271 13272 13530
f 6142 5872 3226
f 8393 8387 7249
f 5515 1068 1367
f 9806 5027 6845
f 1077 1360 1067
f 2675 2662 1845
f 8646 12023 12585
f 4247 4236 5261
f 9112 9678 9105
f 7986 7979 5728
f 12068 12294 10167
f 252 1700 539
f 5028 971 5413
f 6434 6423 8120
f 5515 5221 1068
f 12204 11736 12108
f 5628 10491 4639
f 1434 5577 5296
f 1945 8481 7332
f 12324 12319 12160
f 13105 11541 13111
f 4505 3595 2467
f 8214 8464 8469
f 5222 1067 1360
f 12465 12711 12599
f 2829 7614 6867
f 12291 10995 11759
f 12838 12828 10612
f 7655 6929 7672
f 9431 8850 9143
f 3739 3738 4078
f 5598 4630 5615
f 10911 8001 10620
f 3310 6220 13362
f 8458 8455 8198
f 8458 8198 8455
f 3096 3379 3377
f 1709 548 829
f 3294 3007 3304
f 5769 6331 6321
f 12692 12445 8623
f 1457 2627 2285
f 12934 13369 11772
f 5096 5132 922
f 12956 11795 12952
f 890 1272 1252
f 7310 6483 8448
f 8477 8467 8218
f 7081 9474 8897
f 5478 5479 5204
f 9430 8470 8849
f 7402 7876 7933
f 3913 10575 4204
f 9774 8238 8507
f 6819 7804 7089
f 6819 7089 7804
f 1886 12672 12427
f 1040 1332 1035
f 2548 1546 1759
f 1675 1669 512
f 8630 11652 10725
f 8630 10725 11652
f 4145 3847 4149
f 4511 3596 1361
f 13094 10261 11525
f 8276 2861 3153
f 11 8 12762
f 9480 13093 9935
f 5231 1072 1361
f 12466 10557 12733
f 692 5162 5446
f 10601 10884 10100
f 1664 499 500
f 5703 7961 3637
f 2814 1986 2257
f 573 2041 22
f 9795 9794 8934
f 2509 2227 1967
f 7327 6514 8208
f 4577 4270 3970
f 224 794 216
f 5243 5251 1099
f 13527 13266 7809
f 7337 5960 6520
f 956 2068 1266
f 3716 3723 4127
f 6685 6968 6700
f 8476 8210 7333
f 3233 2952 2944
f 10794 7449 7896
f 2528 2527 8616
f 3914 3905 4205
f 3736 3735 4061
f 3931 4542 4236
f 4515 4508 1069
f 2201 1929 1070
f 7332 6519 2477
f 11288 11338 11859
f 9769 9746 9462
f 7343 8476 8484
f 3637 7961 1401
f 4515 1363 4508
f 6251 6785 8225
f 11630 2243 1973
f 3473 1262 1254
f 7328 6513 8466
f 6811 7080 7796
f 1936 789 217
f 170 1613 441
f 7529 7966 7968
f 9043 8768 9614
f 221 1660 785
f 7045 7750 4952
f 9541 9602 9009
f 913 1213 1212
f 9243 12997 11323
f 1667 1666 792
f 9769 6559 9205
f 5523 10083 3913
f 8214 5959 6244
f 5040 1259 5337
f 5602 7958 7403
f 12595 12838 10616
f 5480 256 4260
f 12080 6599 4820
f 8620 12676 2787
f 13253 13250 13512
f 7222 2931 3222
f 8854 9427 9426
f 12373 12647 12746
f 12373 12746 12647
f 7710 6998 7720
f 9654 8798 9086
f 9427 9424 9426
f 12801 12815 10421
f 11767 11001 12925
f 12600 10750 10752
f 5596 4610 10326
f 5231 4511 1072
f 9698 8834 9127
f 10873 10102 10888
f 2676 2110 1846
f 11184 11066 11221
f 9442 8862 1941
f 10712 10720 11998
f 7119 6348 8030
f 872 1230 943
f 10535 10534 10371
f 3943 4233 4978
f 4378 4403 3498
f 1913 2180 2453
f 12944 12187 13274
f 10110 10104 10891
f 11992 10715 11638
f 270 1433 5578
f 6447 8413 7259
f 3106 3388 6018
f 947 1245 1785
f 1356 1362 2186
f 227 502 791
f 3333 5959 6245
f 3900 1353 4492
f 4658 5683 12653
f 12671 2689 2418
f 4041 3738 3739
f 10587 12801 10421
f 11136 11770 11252
f 2933 6120 5851
f 7012 7723 7004
f 4181 3882 4188
f 556 2530 2797
f 12456 12702 12019
f 6744 4929 4932
f 8168 6195 6205
f 5349 1202 3742
f 550 1710 841
f 8172 5922 6473
f 12010 10730 12565
f 9431 9143 9718
f 797 1933 1665
f 4225 1683 4535
f 13211 12154 12316
f 4008 5125 10838
f 4896 6707 5866
f 12713 12465 12712
f 12713 12712 12465
f 7082 7798 7797
f 3003 735 3276
f 4347 3472 3461
f 7256 150 2970
f 12161 13516 12320
f 8522 11377 11142
f 508 223 788
f 6329 8998 9580
f 8910 8898 9473
f 11919 11958 10653
f 12352 9958 13120
f 12352 13120 9958
f 5443 5166 131
f 162 729 723
f 6270 5999 3085
f 3591 4497 9694
f 7732 7020 7734
f 9399 9403 8830
f 2158 2151 1888
f 4248 1702 6292
f 5919 3277 6188
f 5073 4429 898
f 5381 942 1242
f 6522 7323 8470
f 13326 12313 13510
f 2230 252 539
f 1678 508 1670
f 12554 12801 1702
f 960 1253 1269
f 8457 3319 9426
f 12931 11768 11007
f 5544 4228 3938
f 18 343 5318
f 10416 10579 10593
f 7724 4910 7719
f 5215 216 5498
f 2199 5515 1367
f 2881 7660 3168
f 9717 9143 9712
f 717 708 149
f 8042 9333 8302
f 11286 11849 11194
f 6504 6498 8191
f 1145 4263 5285
f 6953 6700 6125
f 5072 5082 5347
f 7244 5873 6422
f 10309 10044 5628
f 10911 10131 8003
f 9708 6764 8201
f 8042 6358 8750
f 13350 11751 11760
f 13300 13344 12876
f 10267 11258 9938
f 1085 4515 3603
f 12047 12219 12113
f 1339 3578 1049
f 5421 5133 3836
f 2513 1701 538
f 6210 6214 5934
f 3343 6260 3348
f 6771 9145 4951
f 3605 1376 3598
f 2715 1626 1625
f 11778 11023 12558
f 10407 12784 10573
f 9444 9730 6794
f 2155 1885 1891
f 3352 3348 3063
f 3352 3063 3348
f 12158 12318 12161
f 8000 7558 8645
f 1928 1059 2193
f 12850 13325 11720
f 6826 7096 6825
f 3915 3907 5511
f 2686 2695 2417
f 6815 4997 6814
f 6776 6773 7037
f 8002 7999 10902
f 4905 4902 6719
f 4925 9111 9677
f 6803 7790 3060
f 1315 1014 3547
f 2605 2356 2050
f 4520 3612 1372
f 4963 7046 7038
f 7330 7328 6515
f 12956 12951 13397
f 6642 7661 6934
f 5266 5560 824
f 7443 4708 4696
f 536 534 1697
f 184 756 479
f 13254 12160 12162
f 1839 685 11982
f 9078 6713 9656
f 4162 6723 4158
f 10892 10428 10105
f 10892 10105 10428
f 13545 13277 13543
f 8427 2992 8418
f 8861 9424 9427
f 4350 919 979
f 1333 1036 4470
f 3354 6262 5978
f 12551 12563 12810
f 8963 9537 4327
f 131 5166 140
f 8476 7335 6517
f 7899 7515 7505
f 6779 7752 7045
f 4066 4377 3494
f 3655 3693 4598
f 6732 7003 7002
f 2155 2436 1885
f 1038 1329 4464
f 508 788 787
f 2272 1999 2629
f 5238 4211 1374
f 12431 12689 12442
f 11075 11862 11320
f 2025 1216 3753
f 2150 2418 2149
f 1086 4510 1375
f 3041 6246 3331
f 10625 10624 10456
f 8218 8467 6524
f 4014 1479 321
f 3332 7040 3328
f 13316 13460 13240
f 7274 6461 7273
f 7479 8592 11622
f 10270 9776 9202
f 6781 13515 12324
f 11805 11318 11841
f 3384 6298 6297
f 11282 11907 11161
f 402 2370 1569
f 2069 2357 2081
f 6396 6393 8086
f 2502 2767 2772
f 4523 1083 1078
f 1663 500 501
f 4960 3040 7755
f 2991 6179 5904
f 13304 13458 13196
f 1480 2578 326
f 8786 6973 7692
f 12493 12784 10407
f 7275 6458 7268
f 748 2710 1892
f 10786 10061 10800
f 6601 6901 4857
f 6304 6303 3097
f 10914 11720 5795
f 10584 5723 4731
f 8509 6549 7369
f 10786 10800 10572
f 9105 8812 9673
f 10110 10432 10107
f 2381 2659 387
f 1657 490 772
f 4523 1078 5230
f 2532 1980 2251
f 12832 12828 12585
f 13268 7808 7094
f 2485 510 2200
f 5558 5556 5270
f 8976 9627 9553
f 9138 6505 8847
f 3774 3474 4383
f 7990 10601 4751
f 740 1620 732
f 2200 219 783
f 1529 669 111
f 10712 828 255
f 11896 7379 6566
f 10582 10600 10431
f 2674 2107 1844
f 11451 8731 8771
f 1247 1773 960
f 12848 12711 12036
f 8532 8529 3387
f 6250 3042 5961
f 6469 6462 8164
f 8254 6299 9796
f 8104 6129 3218
f 11937 10667 10647
f 8280 11323 7182
f 9154 9723 9429
f 8839 9408 9121
f 4336 898 1282
f 2881 6933 7660
f 527 3627 4535
f 8506 8229 9469
f 9122 6750 4930
f 9817 11208 11099
f 7051 8864 6771
f 8123 8385 8379
f 11431 13078 10198
f 4220 5232 10578
f 6242 6755 4942
f 6250 3330 3040
f 7295 3014 3300
f 9773 9200 9772
f 13013 9900 9881
f 3404 3397 4321
f 12372 11580 7936
f 9316 8751 9312
f 8871 6529 7338
f 8652 12024 10743
f 2817 2545 2816
f 1856 2120 2666
f 2575 3462 4423
f 10474 10513 10405
f 493 1645 2732
f 13191 13508 7582
f 3065 6265 3353
f 6477 6485 8181
f 3782 4098 4085
f 12059 12245 12253
f 9770 9457 4987
f 7848 864 1182
f 1066 1077 1365
f 11183 11084 11747
f 11643 8624 8619
f 7843 5615 4630
f 10115 10896 7556
f 8908 8229 9173
f 6635 9345 6910
f 10895 4261 10592
f 8074 8092 3200
f 3914 10410 10083
f 225 1929 2201
f 5702 4722 3624
f 564 1722 845
f 1332 5192 1035
f 11084 13064 10191
f 7763 6782 4954
f 6846 7831 5027
f 5834 5846 2910
f 7079 7793 7795
f 4918 8818 9104
f 4025 5090 5151
f 7277 8416 2995
f 9155 4233 3614
f 5015 8926 9790
f 10782 10793 9983
f 5527 5239 1100
f 13103 9943 9781
f 10387 10069 10551
f 2337 2624 2335
f 6343 6389 8038
f 11284 11845 11870
f 8863 9146 8858
f 1940 1934 2751
f 6269 7080 6811
f 11683 13335 12913
f 5520 10084 10411
f 3677 3676 1432
f 6875 7632 7631
f 8866 9437 9147
f 11521 11520 10256
f 5596 10326 7926
f 11516 13512 9422
f 11521 10256 11520
f 10757 10846 10023
f 3979 5573 4273
f 2485 1935 2753
f 226 224 504
f 128 398 696
f 2485 2200 1935
f 2897 2895 7653
f 812 807 236
f 13105 11536 8914
f 3744 3775 4095
f 1832 1136 2531
f 849 565 277
f 525 1684 1690
f 7764 6779 7045
f 4091 3770 5387
f 6530 5967 6255
f 4443 4144 4438
f 7053 7762 6774
f 10329 5668 5632
f 10458 10760 4717
f 11655 7554 12017
f 9763 4995 9762
f 10246 13253 11516
f 3912 5228 5229
f 3069 7359 3358
f 12164 13253 10246
f 7443 4696 4685
f 9138 9719 4949
f 2482 2201 505
f 2482 505 2201
f 7283 3282 3001
f 8484 7333 3043
f 8756 9324 7187
f 11796 12839 12593
f 1097 1397 1388
f 9463 9741 8878
f 13115 9951 9953
f 8220 8472 7328
f 12872 12890 13333
f 5013 6296 6012
f 12099 12286 12287
f 13111 13530 11540
f 9474 6807 9754
f 4276 3976 3977
f 9944 9778 9203
f 9248 9625 8338
f 1925 2177 2459
f 2970 5898 3266
f 8656 11665 8650
f 3940 2768 4232
f 2756 2481 1672
f 6582 4805 9595
f 7371 3092 6009
f 1384 5234 1087
f 6013 3386 8532
f 5870 6417 8114
f 5870 8114 6417
f 9161 9150 9722
f 12328 12162 12164
f 7778 8867 3345
f 7773 7048 6776
f 2094 2372 394
f 3614 3612 4520
f 11207 11847 11092
f 9193 9204 9780
f 8925 9494 11532
f 5451 4153 5173
f 1667 506 1666
f 1082 1373 5233
f 13388 11380 13122
f 6555 5998 8249
f 4985 6802 7072
f 8517 3369 7364
f 8905 8904 8903
f 2290 1193 2009
f 6402 8088 8098
f 12480 12725 12745
f 643 81 1806
f 7228 2937 5855
f 2479 2473 2474
f 6562 8538 8257
f 2757 2205 2480
f 5151 5432 5150
f 12621 1482 12781
f 4527 4521 3604
f 8002 7561 7999
f 6531 8475 8220
f 12872 13333 11708
f 12605 8597 11595
f 435 1606 444
f 73 1543 625
f 5530 4213 5234
f 11686 10985 11106
f 1091 1083 1381
f 2427 1878 2700
f 5530 4222 3915
f 13418 11439 13009
f 10128 8002 10909
f 7746 3033 13249
f 7747 7754 7043
f 1089 1375 5242
f 519 2207 2493
f 6685 6700 6953
f 8143 2123 2679
f 1555 1547 379
f 1090 3604 1376
f 2208 1943 1938
f 7590 6959 4863
f 5110 642 5149
f 4249 3641 4554
f 13133 13311 13415
f 2444 1906 2726
f 11538 13113 13107
f 4528 3605 3613
f 11304 11209 11839
f 11304 11839 11209
f 7169 9034 6357
f 12488 12751 12752
f 6784 4959 6780
f 11586 11865 8590
f 8558 5695 12419
f 10729 12016 10734
f 5499 4194 1056
f 6242 6518 8205
f 4729 3654 4564
f 201 482 3891
f 13326 13510 13246
f 3924 3916 4214
f 1408 3633 4545
f 4615 9820 10146
f 5972 6255 5967
f 1080 1362 1372
f 2131 2408 2694
f 10745 12452 8638
f 1062 1056 1348
f 12354 9963 13125
f 1970 2782 2514
f 2757 2480 1943
f 8173 9120 6487
f 8207 9702 2747
f 2655 119 1556
f 8482 7331 7337
f 11182 11065 11191
f 4221 3916 3924
f 5286 839 266
f 3501 4412 3505
f 4496 1913 1050
f 2744 2183 2737
f 3923 4215 3916
f 5073 4130 4429
f 4327 6668 4095
f 10350 10025 10813
f 8652 8650 11669
f 9407 9692 9119
f 232 2208 1938
f 1420 7973 1129
f 11280 11906 11387
f 5964 6249 3334
f 6061 3169 6076
f 1203 10036 7955
f 11496 8764 9334
f 1599 4161 448
f 208 5493 762
f 5090 5415 5432
f 5114 953 648
f 12331 6795 9732
f 257 11989 10706
f 10273 10271 9947
f 33 325 605
f 12956 11039 11795
f 12891 13341 13226
f 6816 5003 6272
f 4575 3671 1428
f 8538 7385 8259
f 1675 511 1669
f 1202 5127 980
f 1029 1327 2143
f 8145 6449 6457
f 4985 7791 7792
f 9319 9593 8062
f 2618 1817 2082
f 7998 3698 1448
f 10025 7946 7504
f 4529 3613 3606
f 4403 970 3498
f 7431 4655 5697
f 3640 1110 1402
f 2646 2087 1825
f 2134 2693 1883
f 9309 8751 8327
f 1339 5196 5475
f 12681 12439 8622
f 12208 13405 12046
f 7829 6837 5020
f 9238 7584 8666
f 1330 1035 3558
f 4962 7036 7758
f 10737 10445 12586
f 10517 10374 10539
f 9154 9435 9440
f 10446 12450 12587
f 2580 96 1494
f 9483 9743 9768
f 5772 5768 6388
f 3070 3372 6289
f 512 1669 510
f 3865 4166 3867
f 10427 10099 7983
f 11539 10269 11145
f 7269 8152 6456
f 1382 5534 1092
f 8420 6465 8154
f 554 262 835
f 6571 2264 7381
f 3941 5538 5256
f 3941 5256 5538
f 7898 8579 10333
f 8531 8526 7375
f 1749 2312 2568
f 9499 9941 13102
f 7853 7408 7444
f 1348 4491 3579
f 6624 5117 4108
f 10313 10525 10015
f 9946 13101 9945
f 161 2143 730
f 2290 3425 1193
f 11358 13356 3220
f 1317 1322 1030
f 6242 8213 6520
f 11430 8698 7200
f 12736 12503 12747
f 2376 391 2652
f 517 3929 1671
f 8876 7772 9446
f 12718 12730 12494
f 3925 3918 4218
f 1912 2731 1901
f 8296 3141 2859
f 2716 2724 2448
f 10688 11615 11965
f 13177 11831 12887
f 9729 9149 6788
f 3259 2980 3272
f 5963 3336 6250
f 11040 11795 11797
f 1469 5078 1496
f 1452 2614 285
f 6447 7259 8402
f 2441 469 1637
f 1866 1881 2139
f 230 1672 516
f 230 795 1672
f 12324 13514 13254
f 10350 10516 4075
f 6990 7704 5463
f 12166 12325 12323
f 10581 10102 10873
f 8943 7377 9515
f 11315 9838 12994
f 11423 9828 9918
f 10606 10435 4759
f 5265 5551 4246
f 765 483 202
f 1755 2032 1766
f 12209 12249 13419
f 7342 8216 6528
f 6215 7018 6746
f 6548 3056 7349
f 8203 6244 5959
f 8221 8217 6525
f 2549 4312 3410
f 6503 8190 8195
f 11935 10685 11934
f 8609 12426 2419
f 1094 1377 3607
f 9277 9341 8692
f 6063 6343 8038
f 4554 1113 5262
f 3086 6551 6284
f 9322 8746 8330
f 8062 8342 6380
f 1831 7213 1824
f 1065 1070 1920
f 1960 1413 1122
f 2178 2452 2451
f 4971 9160 4975
f 8626 12440 11645
f 8626 11645 12440
f 517 1671 509
f 13248 13516 7029
f 9132 6513 2474
f 1083 3602 4512
f 3436 4429 3813
f 11830 7192 8336
f 7998 5741 3698
f 1989 1988 2818
f 11983 11629 752
f 5246 5521 10866
f 6337 7195 6361
f 10803 10047 10569
f 4524 3610 2484
f 11810 11077 11198
f 2687 8131 1867
f 2012 1764 1777
f 8165 6464 6470
f 4072 4088 3786
f 5598 5615 4657
f 1386 4538 5530
f 3956 4250 5271
f 468 1622 453
f 814 250 826
f 7058 7761 8864
f 4003 5386 3748
f 9135 8208 6512
f 5334 5146 5076
f 4335 4332 883
f 3091 12936 7369
f 9444 8863 9151
f 9191 9466 8904
f 6809 7079 3355
f 746 174 736
f 10875 7983 7526
f 718 6163 3248
f 3279 2989 6178
f 12200 13283 13544
f 8185 8441 7291
f 7391 8539 11385
f 7391 11385 8539
f 6466 8407 7267
f 2716 1626 2715
f 6869 7602 6960
f 7546 10887 10115
f 1472 302 313
f 2974 6445 155
f 5128 102 5405
f 1716 264 557
f 9864 10225 12305
f 12456 12703 12702
f 12983 9873 11506
f 7858 7477 4684
f 782 5513 5223
f 6787 4968 4962
f 12693 11651 7543
f 2133 1967 2227
f 12010 12013 10730
f 3354 8497 8228
f 9161 9160 9150
f 8840 9123 9409
f 6745 9111 4930
f 7770 6787 4962
f 6792 9731 6789
f 12328 12164 9924
f 13365 13364 12924
f 13269 7811 6007
f 3636 4562 4558
f 1421 3659 1148
f 4463 1022 9374
f 8171 8182 7298
f 11281 11905 11160
f 2490 2761 2484
f 211 765 202
f 7058 8864 9445
f 9444 9151 9730
f 1944 2490 2754
f 4027 5124 3775
f 12981 11490 13078
f 9155 3614 4520
f 7572 8753 6958
f 4183 3882 3569
f 10785 10009 7908
f 3690 1147 2544
f 9939 11530 11885
f 3411 3430 4308
f 11251 11250 11368
f 5241 5238 5525
f 10025 10814 10035
f 8169 6197 3286
f 12358 12200 12201
f 5782 5781 6079
f 4 12534 12403
f 11003 11000 11765
f 13126 9521 8950
f 1924 1348 2175
f 3903 3909 4200
f 11916 11601 12645
f 494 1646 484
f 1868 2144 1322
f 4003 3748 3711
f 5982 3057 3058
f 13249 12157 12319
f 7458 10525 4683
f 9229 8951 9226
f 5000 7788 4999
f 3044 7767 4966
f 5944 3020 3300
f 7608 8692 6891
f 10875 821 5276
f 231 2755 1668
f 2165 2173 1906
f 1788 1804 2071
f 10622 10450 10621
f 4470 1031 3561
f 11986 11632 10700
f 9442 1941 1088
f 12326 13255 13518
f 3068 6002 5991
f 1358 4514 3597
f 3473 3498 1262
f 741 443 1610
f 847 271 277
f 9512 8934 9794
f 9411 7738 8838
f 11887 11886 11374
f 9136 8851 6506
f 5964 3334 3047
f 5216 5490 5496
f 6019 6015 6307
f 2226 2503 2220
f 2573 4398 3459
f 750 1890 2708
f 13256 13518 13517
f 5669 8603 12658
f 5941 3311 3015
f 6592 6630 6853
f 8869 8477 7341
f 10601 10590 10101
f 3488 4399 3511
f 8556 12655 12395
f 7597 6898 6876
f 4226 3928 4217
f 531 1695 241
f 10710 10888 12571
f 7341 8218 7336
f 422 707 1579
f 3925 1098 4219
f 11016 11131 11889
f 6051 8018 5780
f 11540 13530 13272
f 7085 4984 6812
f 517 1674 802
f 8014 7139 6318
f 4530 3921 2760
f 10267 11137 11258
f 13158 12074 13425
f 1478 2600 1510
f 10892 10590 10601
f 11568 10833 884
f 1807 2631 2068
f 802 1674 1675
f 1746 2310 2632
f 2701 1876 2139
f 8866 8861 9726
f 9443 8871 8866
f 12071 13215 12116
f 2505 2510 2786
f 5653 7944 10365
f 2517 545 12545
f 4336 4107 5073
f 11774 11249 11771
f 12705 12458 11666
f 4515 1079 1363
f 4587 1145 1436
f 3031 5949 3309
f 12213 13196 13422
f 1857 1847 1579
f 2494 514 2768
f 4313 2573 4692
f 4784 7597 6876
f 13264 13260 12178
f 4804 4811 7685
f 10894 7553 10897
f 3914 4205 10410
f 7240 8112 6420
f 12718 12494 11938
f 5449 2386 3542
f 9448 6784 9735
f 1926 1061 2181
f 9964 10289 9961
f 10740 12019 11658
f 8910 9472 8898
f 1756 2065 2029
f 5168 1010 4452
f 7619 7616 6941
f 3621 3924 1393
f 4730 4565 7527
f 11917 12750 12784
f 8421 7273 6455
f 1838 2108 1845
f 762 5486 3886
f 8217 7327 8471
f 11399 13036 13049
f 1064 1925 2740
f 7578 7609 6857
f 7992 7544 10893
f 12329 10251 9929
f 4073 3806 5146
f 9230 6845 12349
f 10507 10340 3802
f 1095 5240 5241
f 10165 9897 10234
f 7764 7045 4952
f 4139 2354 2643
f 1540 2639 388
f 6832 7103 7101
f 2765 515 2497
f 6001 12174 11005
f 3040 3330 3327
f 12390 11589 12633
f 6336 6100 5780
f 1146 4278 4586
f 11282 12710 11396
f 10635 10348 10054
f 6097 5820 5819
f 1168 1287 992
f 5713 5719 4729
f 3342 8489 3337
f 8498 8527 7377
f 4644 9919 7490
f 12091 12302 10947
f 1729 569 853
f 9188 9186 10259
f 9928 10249 12326
f 1636 4477 4181
f 4227 3934 3615
f 4963 7759 7762
f 9370 7702 7701
f 12554 12801 12806
f 2553 1741 2281
f 11930 12609 12737
f 9311 8777 8730
f 4227 3615 4527
f 2459 2177 2456
f 5235 3913 4207
f 8227 8486 8222
f 1696 1692 816
f 10461 4718 10318
f 3620 1373 1082
f 6241 6754 4939
f 3783 3772 4087
f 11165 11069 11065
f 153 148 706
f 3342 7340 3049
f 12607 11234 10235
f 12958 13392 13393
f 10951 12895 10969
f 9545 8679 8961
f 11573 4713 7501
f 9476 8235 8504
f 2681 2401 2674
f 5703 3637 4723
f 3342 8482 7340
f 12797 1704 11996
f 9954 12348 10283
f 4382 12662 4693
f 5862 6402 8098
f 7446 7507 7941
f 406 2378 403
f 5249 4527 1090
f 9117 9119 9692
f 12011 12689 12807
f 9667 4907 9100
f 10620 10618 10452
f 12285 10206 9875
f 5244 1390 5526
f 5001 7092 6821
f 12428 2241 8613
f 2187 1912 764
f 12813 12808 12000
f 11998 12799 10720
f 1882 2415 2692
f 11378 12948 11894
f 5249 1090 4228
f 6664 6685 4849
f 804 2757 1943
f 9157 8872 7782
f 7100 7101 7819
f 9527 9231 8956
f 8136 8126 6429
f 12159 11004 11003
f 11549 9958 10279
f 5304 5579 5580
f 9500 9213 8933
f 3953 3641 4249
f 852 3099 282
f 7056 7065 9450
f 13261 12336 11010
f 12180 10264 9940
f 5267 3960 5561
f 1771 2055 2060
f 297 1493 309
f 6779 4958 7752
f 100 5421 3836
f 3457 1486 375
f 1150 1158 1441
f 12329 12165 10251
f 10429 10100 5565
f 5104 3768 5376
f 8888 9451 8881
f 12010 12565 12812
f 3050 7342 6528
f 11878 7269 6456
f 2944 8365 7216
f 4531 3618 3932
f 7342 3333 8474
f 12967 7489 9880
f 1270 3505 975
f 2716 1898 2452
f 4611 5593 4665
f 7175 6365 6364
f 5748 2845 3162
f 12800 826 11997
f 6537 7350 8891
f 3925 3623 1098
f 11100 9877 11213
f 85 659 5138
f 5528 3625 1389
f 4970 6779 7772
f 3106 6018 6576
f 9117 9686 9119
f 7771 9168 4969
f 10247 9727 9157
f 6840 5014 7822
f 9736 6788 9165
f 7184 8340 7171
f 6990 7705 7703
f 6493 6480 6491
f 11666 12014 12825
f 5246 10866 7517
f 3361 3088 3373
f 1174 1763 1997
f 1174 1997 1763
f 12270 10244 12155
f 7446 1281 989
f 13378 12937 12942
f 6736 4914 7722
f 12458 12578 10442
f 2220 2503 2771
f 60 59 619
f 5863 6139 8100
f 9984 10849 10356
f 104 364 1537
f 1021 1013 4455
f 6791 4973 9158
f 10128 10903 7561
f 10270 12338 9942
f 11422 9898 10204
f 6706 8096 9067
f 7431 7932 10009
f 2126 1864 2120
f 2489 4575 2798
f 6992 7720 4912
f 6745 7013 6742
f 9378 8800 9374
f 8825 9399 7729
f 4596 4281 4603
f 6000 3084 3083
f 2301 619 318
f 2337 1265 2052
f 7530 7971 7533
f 10446 5737 12450
f 11327 11350 11867
f 7340 8479 8478
f 10272 11537 9948
f 803 233 1942
f 10264 13263 11529
f 10093 5563 3961
f 5989 6540 6539
f 2306 2059 2339
f 13405 13024 13141
f 863 1286 1176
f 5097 4059 4351
f 1386 1384 5537
f 12988 12255 9856
f 9925 12327 13519
f 8890 9740 9175
f 1094 1093 5254
f 12513 10691 10387
f 3738 4079 4078
f 5388 5123 5417
f 10585 10878 10097
f 8561 12414 8597
f 8876 4970 7772
f 12560 10714 12555
f 11013 11011 11770
f 8024 6337 7151
f 13419 13236 13147
f 5247 5531 1392
f 6716 4919 4913
f 4775 6857 4859
f 12696 12448 8634
f 13287 12963 12202
f 10704 12557 12560
f 534 3083 248
f 1957 814 1690
f 4986 4985 6805
f 2209 2758 235
f 3228 1829 8365
f 8650 11665 8644
f 3401 1231 3475
f 934 2591 4423
f 10249 9926 12166
f 8951 9803 9226
f 8226 7334 6526
f 13308 12910 13334
f 8556 12667 11625
f 9760 7078 9472
f 9508 6839 9792
f 12919 10997 11761
f 3950 5540 5257
f 3619 5535 3935
f 6921 2890 3178
f 11991 10708 12795
f 12709 12461 11671
f 3620 4532 3936
f 2759 1685 1677
f 5488 4188 3889
f 3052 6257 8485
f 1354 1913 1053
f 5115 5101 5393
f 5197 5474 5469
f 11023 11780 11779
f 2834 7162 8298
f 9447 8885 7058
f 11572 7419 4652
f 9408 6752 9697
f 9408 9697 6752
f 12377 10331 12616
f 1109 7518 1392
f 9245 8682 9256
f 8508 8914 8520
f 10416 10089 12548
f 7961 7517 1401
f 3977 3673 4573
f 12833 12447 12449
f 9978 10781 7408
f 8488 7775 8884
f 6705 4883 6695
f 877 1280 1252
f 2536 4588 2809
f 257 12547 546
f 13464 12126 13220
f 7088 6817 7068
f 8976 9553 8677
f 5311 3710 3746
f 4951 9711 6761
f 3330 3326 3327
f 2393 2392 12424
f 5572 7820 5288
f 2308 1812 2584
f 1873 2142 2138
f 12485 12375 12730
f 11044 13545 13281
f 8809 7709 5455
f 12501 10339 331
f 8262 7377 6568
f 8429 6465 8420
f 4839 8734 7639
f 9925 9929 13087
f 1091 5532 5250
f 4360 3490 4068
f 7637 6906 6916
f 8431 7008 9396
f 8487 7346 7345
f 178 736 459
f 3073 3091 3376
f 3291 6202 2993
f 5881 6156 3237
f 11520 10254 9931
f 3173 7662 2874
f 231 228 801
f 8204 9133 6507
f 8037 6079 6100
f 10420 10419 10586
f 2934 7204 3205
f 13209 6941 13499
f 10593 10101 10423
f 4003 615 5067
f 9447 7066 8885
f 8273 6326 7130
f 493 2732 2467
f 13407 13084 12215
f 10708 12549 12795
f 7732 7734 7015
f 6286 3079 3078
f 3548 4455 1013
f 3548 1013 4455
f 1710 1706 268
f 3498 970 1262
f 1295 5436 3532
f 2442 2163 178
f 2212 2498 1949
f 7999 5743 10121
f 2201 1070 1371
f 11569 12406 12639
f 12819 10605 10442
f 7595 7640 6900
f 10545 10401 10533
f 10187 9890 9609
f 10434 10609 10443
f 1621 457 729
f 10115 10594 10890
f 9448 8889 9456
f 3365 3364 3074
f 3134 2842 3122
f 10600 10889 7539
f 9803 5022 5023
f 3456 1284 3522
f 4576 1428 3669
f 9745 4975 6797
f 12598 12845 10753
f 10600 10589 10889
f 3942 4234 4230
f 3745 3799 4089
f 9162 4975 9745
f 13174 10225 12095
f 13139 13478 13150
f 456 731 453
f 6840 7102 9507
f 6821 4989 9197
f 12372 12646 11580
f 5558 4251 536
f 5865 6147 2941
f 5715 7524 3652
f 2715 2451 2169
f 2494 2499 2771
f 9448 9174 8889
f 9449 9455 8891
f 10707 11986 11988
f 642 98 668
f 228 503 1661
f 233 241 811
f 7060 6815 13520
f 4435 1290 3518
f 11885 11371 11884
f 4314 4427 3504
f 12707 12834 11272
f 10413 3958 5708
f 3341 3056 3347
f 5855 6126 6133
f 13282 13544 12198
f 7778 7071 4977
f 9378 8798 8800
f 8006 6315 7186
f 8180 6483 8179
f 9229 9226 8953
f 496 767 1647
f 7966 7981 5722
f 11667 12823 12697
f 1455 351 352
f 4473 4468 3560
f 8613 2241 11632
f 9392 8820 9391
f 2432 2149 2422
f 7763 6773 7048
f 2089 1818 1288
f 12037 12842 12034
f 8730 9058 9306
f 12072 13181 9992
f 3282 5905 2992
f 7350 8492 7344
f 1729 2819 569
f 12206 11689 12062
f 6612 4836 10205
f 11037 11033 11793
f 5929 6469 8164
f 6410 5857 7211
f 2715 2441 2723
f 10447 5738 5737
f 11654 12442 12689
f 1656 1647 489
f 6252 8221 9731
f 8493 9462 7345
f 13283 13281 13542
f 9759 8891 8890
f 8308 9338 8067
f 519 1690 1684
f 5895 428 1592
f 1563 1827 2644
f 1870 2141 1877
f 3084 3370 3083
f 844 10728 10727
f 4895 6709 6714
f 7056 7770 7052
f 6608 6665 4794
f 7372 6295 3381
f 1536 1822 676
f 10181 11489 13055
f 3763 4110 3808
f 13001 11459 13194
f 1922 2184 2194
f 7574 4877 6865
f 4952 7750 6765
f 7474 7943 4703
f 12780 11970 11980
f 8966 9570 8973
f 6019 6307 8256
f 9515 7377 8527
f 12483 12418 10632
f 2101 1834 1848
f 3343 6257 6260
f 335 1534 1495
f 6503 6497 8190
f 10454 10620 10452
f 8718 9026 9592
f 1635 2436 461
f 11831 12107 10178
f 401 695 1573
f 6501 7295 8436
f 9153 7751 12163
f 10648 11938 12494
f 13310 11718 13331
f 2838 3193 3184
f 9930 11517 10250
f 9271 9055 9607
f 11547 11546 10276
f 818 1700 252
f 7744 7039 4946
f 9188 9936 9764
f 13379 12940 3375
f 12257 12270 12155
f 709 2116 143
f 6773 4954 6766
f 6617 5802 6375
f 304 1491 1524
f 5284 1133 8926
f 7879 5669 10041
f 6636 9006 4817
f 2814 2540 1986
f 11004 11000 11766
f 7074 7779 9749
f 10270 9202 9777
f 2121 1850 2114
f 6447 8402 1860
f 6016 7380 3104
f 11911 12523 10637
f 6502 7313 8189
f 7789 6793 7062
f 1790 1785 955
f 11595 8597 12649
f 10318 4718 7492
f 9690 6740 6739
f 5760 5818 6049
f 7886 7492 4718
f 10331 10080 10548
f 11382 11790 11032
f 2 8595 12420
f 4724 5707 7520
f 808 1947 2215
f 10269 9950 11264
f 1595 432 5899
f 1248 954 1788
f 1144 1981 2801
f 5080 10033 10811
f 8289 7140 7167
f 3295 8426 3008
f 3939 3933 4229
f 7273 6461 6455
f 7594 5843 2847
f 932 1265 1249
f 7074 7786 7066
f 8372 2937 7228
f 286 1460 2310
f 4247 3958 3950
f 9116 4921 8824
f 2504 2496 2773
f 430 5900 6452
f 8954 7115 9523
f 946 953 1244
f 12705 11668 12457
f 9395 9683 9106
f 3283 6183 3278
f 7072 7063 7790
f 7087 6801 7071
f 9171 9738 9167
f 9533 8065 6374
f 2162 1904 184
f 496 1647 1656
f 874 4406 4121
f 11847 11220 11339
f 10436 10442 10605
f 8974 6636 8972
f 11701 11079 11196
f 9359 9647 9074
f 3087 11014 12933
f 11162 11080 11318
f 2945 5867 6137
f 11325 11324 11206
f 2264 1994 2263
f 11632 2240 8611
f 975 3505 4412
f 3343 8486 8227
f 4009 5131 3802
f 4505 3599 3595
f 11277 11271 11151
f 12376 12614 8566
f 2509 1956 1951
f 5963 6532 7346
f 6403 8100 8090
f 12979 11492 13060
f 11547 13121 11552
f 2071 2358 1801
f 4103 3496 4418
f 9750 6799 4973
f 7384 6017 6572
f 2181 2455 1909
f 3468 951 4385
f 585 1752 2574
f 7712 7716 7001
f 12011 12560 12807
f 5630 7469 4643
f 5005 7807 7094
f 5712 3959 3651
f 5303 4269 4576
f 9734 9454 6790
f 12582 12825 12014
f 5920 6190 4922
f 3571 4471 4171
f 6819 9458 7069
f 7072 4974 7782
f 2718 2453 1642
f 2793 6553 2522
f 9812 11163 10143
f 3074 3061 3073
f 6788 4961 6777
f 2839 3138 2855
f 2499 2768 3629
f 1908 188 2168
f 4754 5736 5734
f 6209 6205 8177
f 7032 9419 3323
f 12167 10250 13256
f 3149 8300 8035
f 9317 2903 8738
f 5821 6095 5836
f 12920 12919 13360
f 10621 10451 10127
f 526 1691 1687
f 7154 6385 7195
f 9336 9637 9617
f 12171 12169 12332
f 10334 5645 7884
f 1380 3607 1370
f 13201 13494 12132
f 3118 2871 3176
f 7785 8882 9450
f 9933 10257 9178
f 9982 7951 5694
f 4014 5131 612
f 1569 401 411
f 837 836 263
f 12739 12403 12534
f 4348 3497 3811
f 3950 3958 4255
f 11382 11897 11896
f 5726 5725 7982
f 2267 2321 2616
f 4001 5056 3731
f 10288 9960 9962
f 8701 8989 6328
f 7785 7065 8886
f 10584 4562 4256
f 3947 4257 3961
f 12973 13202 11468
f 8487 3335 7346
f 10988 11759 10995
f 812 236 523
f 12481 12728 12529
f 6711 5870 4899
f 3877 4172 3873
f 4216 792 5229
f 13274 12187 12342
f 7785 9457 8882
f 13546 12354 12199
f 8106 9644 6132
f 2488 522 2213
f 1584 139 698
f 1396 1393 1102
f 5616 4658 7444
f 5550 5279 4257
f 1062 1351 1056
f 9571 9007 9298
f 11018 11026 11783
f 2295 2061 94
f 4980 4978 6796
f 4319 3438 1287
f 815 1689 6263
f 11785 11028 12942
f 7993 7553 7989
f 12442 12561 12438
f 11923 11577 10847
f 12819 12571 10605
f 6204 3000 8176
f 1458 598 3207
f 13255 12323 13516
f 6278 3364 3365
f 8890 8884 9454
f 4761 5739 10611
f 8979 9004 8674
f 661 383 1553
f 12010 10718 12566
f 232 1938 796
f 10416 12548 12796
f 8496 7348 8491
f 10581 10873 5277
f 12024 11656 8635
f 8305 7152 7159
f 5269 5278 5554
f 7163 7158 8311
f 5864 6146 6418
f 1112 1104 1394
f 5198 740 5471
f 2254 1979 2534
f 7614 6955 7669
f 6305 6304 6014
f 11411 13241 13151
f 12545 545 1705
f 1423 1134 4570
f 4996 12172 12333
f 5882 2949 2951
f 9217 9213 8931
f 6151 8123 3236
f 7983 7534 12687
f 7524 1124 3652
f 8272 11277 11395
f 2005 576 76
f 10000 10500 10343
f 2644 2355 2363
f 12684 12802 12552
f 4789 7668 7621
f 70 338 666
f 4180 4478 4185
f 9546 8997 10159
f 13447 13213 12139
f 13447 12139 13213
f 1960 2229 1413
f 3167 6912 9349
f 9883 10241 10212
f 10587 10421 12340
f 9596 2331 3485
f 13298 11708 11722
f 7077 9750 9471
f 12945 13383 13387
f 437 1608 2693
f 11538 13533 13113
f 173 734 443
f 11369 13368 8517
f 1502 350 2319
f 9482 8917 9481
f 8000 5744 10442
f 3353 6265 8496
f 9774 8913 9781
f 10907 10896 7555
f 4548 5706 4725
f 11427 11818 11314
f 8756 8770 9324
f 12577 10733 8635
f 12972 13034 11412
f 4247 5261 1116
f 7523 7964 11632
f 10730 12016 12564
f 5595 4665 10568
f 9197 4990 9760
f 8450 8838 7305
f 1851 2669 1841
f 5692 7937 7494
f 4769 4804 6593
f 12552 10702 542
f 4213 4209 5234
f 5891 6169 5907
f 2714 4473 2425
f 2848 3209 2925
f 8900 9518 8952
f 2553 2281 2276
f 7875 10384 10066
f 5751 6322 2908
f 12572 12811 10717
f 3639 1410 3632
f 1928 1933 2198
f 532 531 241
f 11464 13216 13062
f 5710 4738 3660
f 4826 9620 9021
f 10865 10082 10409
f 11701 11698 10928
f 2123 1862 2118
f 571 851 1728
f 1182 5326 10776
f 690 698 139
f 6045 3156 5843
f 6817 7784 7068
f 4047 3748 5107
f 5298 5569 4266
f 12209 13404 12249
f 5269 3938 4235
f 11008 3078 12927
f 2800 841 1980
f 8488 3047 3338
f 7604 6935 4868
f 6790 4963 7059
f 8651 10743 8642
f 6819 9758 9458
f 4470 4466 1031
f 9397 1044 5198
f 7592 7591 6919
f 9770 9206 9482
f 863 3430 4299
f 5555 3939 3631
f 7543 5726 7982
f 13378 12939 3089
f 13003 10194 11441
f 13003 11441 10194
f 10498 10018 12760
f 8241 9462 8493
f 8056 6381 8073
f 1695 529 238
f 3635 1108 1400
f 10315 10483 10310
f 2200 783 1930
f 3762 5136 4112
f 8867 9722 9434
f 11798 11153 11273
f 4549 1115 1412
f 1410 1109 3632
f 7185 8343 8329
f 9373 9369 9089
f 4018 4639 10491
f 5715 3652 4727
f 11015 12940 11779
f 1896 1903 2171
f 224 784 504
f 1709 549 2789
f 10134 10133 10130
f 9234 9051 8695
f 11575 8572 8578
f 3231 142 2954
f 5715 7540 7965
f 12808 12556 12555
f 9861 10230 12144
f 5997 5992 6283
f 3609 1369 3602
f 7077 4979 6799
f 2253 269 1434
f 10027 10517 10806
f 803 241 233
f 9503 9211 9787
f 5321 3808 4100
f 849 1725 565
f 10792 11954 10504
f 1680 2768 514
f 5878 6424 2946
f 172 447 1614
f 1682 2762 4232
f 7590 13183 6869
f 1062 5499 1351
f 6484 8536 8266
f 6028 3175 2889
f 12461 12708 11671
f 5159 5433 5436
f 4839 7639 6935
f 3152 2887 2881
f 3073 3376 6281
f 4724 4722 7519
f 7129 2827 3135
f 9768 9743 9459
f 3358 6283 3080
f 719 6988 3252
f 4247 5257 4236
f 8634 12448 12575
f 7380 8532 3387
f 11172 10220 11067
f 2776 1950 809
f 11669 8644 10735
f 244 813 1691
f 682 109 679
f 8172 6201 5922
f 12766 11964 11611
f 9815 12966 9834
f 10907 7556 10896
f 9337 8755 8345
f 11549 10277 10278
f 8531 7375 6564
f 10182 9042 9567
f 9468 9461 9745
f 5887 5879 6165
f 1357 1921 2188
f 1984 1979 2254
f 8687 9313 6917
f 10296 10543 10078
f 8266 6574 6308
f 11531 9940 13099
f 689 1828 2088
f 1404 3634 2502
f 13042 11478 9912
f 13042 9912 11478
f 10262 10253 11518
f 4954 4948 6766
f 10890 10594 10886
f 10248 9932 9176
f 2491 2756 1672
f 4013 4006 3710
f 244 4239 5545
f 11379 11265 11147
f 9735 9746 9174
f 11385 11898 13389
f 7828 8937 7109
f 9597 8060 6367
f 6274 7071 3349
f 3951 810 1696
f 12984 10232 11484
f 6210 5926 6214
f 8194 6502 6495
f 4595 3695 1444
f 9812 10235 11163
f 5550 3947 5543
f 4814 7624 6908
f 1652 488 2738
f 2575 4423 2591
f 1095 1103 5240
f 4792 7834 9219
f 12334 12179 12178
f 1097 1388 1399
f 1152 4597 5302
f 12339 6823 5004
f 12568 10714 12560
f 5361 3770 5398
f 1150 1444 1158
f 4653 10164 9841
f 3140 3155 7667
f 5272 249 819
f 10290 9965 10288
f 3061 3346 6255
f 12695 12447 12691
f 1335 3567 3877
f 12754 12534 12516
f 5984 3058 3070
f 1840 708 2670
f 7740 4938 4934
f 4679 10570 10539
f 2094 394 676
f 5830 3210 2926
f 4575 3672 2798
f 8132 6423 6434
f 9604 8778 9330
f 10035 10812 4074
f 12100 12275 12110
f 7700 4899 5870
f 9413 9407 8837
f 9180 6537 8891
f 6531 6256 5968
f 4253 5273 5559
f 1957 250 814
f 7109 6835 5017
f 13108 8920 8917
f 7729 7005 9391
f 9483 9768 9780
f 5049 5429 5330
f 4243 1111 5260
f 745 170 744
f 5246 5237 5521
f 815 530 812
f 12599 10747 8653
f 8682 8679 9256
f 4225 4218 3919
f 8516 5996 8250
f 1927 2197 2746
f 9975 10763 10557
f 11441 10194 9865
f 10722 10720 12562
f 4778 4860 6594
f 5642 7910 11483
f 10172 9876 12093
f 1702 540 12543
f 310 2616 1539
f 2483 2750 2198
f 3074 6266 5975
f 12338 12343 12189
f 7217 7214 8356
f 9092 8799 9371
f 8431 8833 7296
f 10626 12772 11938
f 5245 5235 5527
f 3364 6266 3074
f 5546 3942 3634
f 318 4079 3738
f 7130 6359 8066
f 5978 3062 3063
f 7892 10352 5664
f 5060 3721 5331
f 12345 12188 13535
f 4869 6969 7688
f 3897 4193 4191
f 1171 3406 5617
f 11800 13398 13547
f 10128 7561 8002
f 2990 448 5468
f 9360 7690 8788
f 5018 6834 7104
f 8231 9751 9463
f 11420 13044 10194
f 7723 9100 6728
f 12457 8642 12577
f 1229 919 4350
f 8911 9772 9485
f 4347 3461 3452
f 11071 11226 11112
f 2524 2245 2514
f 9234 6909 9532
f 5551 4253 4246
f 8541 8946 9521
f 5024 6841 6308
f 6406 8094 8096
f 8506 8494 8229
f 4157 5166 4154
f 10114 7997 10896
f 2963 3245 6147
f 8654 11672 8646
f 6552 6285 3081
f 5387 1274 2049
f 3131 6073 3127
f 5271 4250 5556
f 8256 8525 3101
f 5579 5307 5589
f 3095 6010 259
f 3127 3186 5806
f 13284 12199 12354
f 13284 12354 12199
f 6916 6906 7627
f 12272 12104 9894
f 564 274 278
f 5977 3351 6267
f 180 177 739
f 3674 4574 1429
f 2336 3991 560
f 2445 462 473
f 5062 4067 3731
f 8025 6389 6343
f 9443 9726 8874
f 5526 5228 5522
f 437 2693 2407
f 5 8 11
f 12739 12666 12403
f 7634 6956 8776
f 5027 9798 6845
f 7970 7535 7975
f 8240 6534 6536
f 3154 6102 6955
f 2127 1857 156
f 10723 10720 12569
f 1408 4544 3633
f 13118 13117 11552
f 2734 1905 2725
f 6075 5793 5829
f 8975 7601 4783
f 1317 1030 1324
f 1227 943 5093
f 1375 4510 3600
f 399 1568 412
f 225 790 786
f 3390 3107 3389
f 12729 12752 11948
f 1597 1605 2692
f 6804 6268 5979
f 7099 7817 5010
f 4995 4984 6804
f 361 2341 2623
f 8220 8475 8472
f 7622 6912 2919
f 5204 5479 3577
f 7791 7075 4984
f 2559 2353 1747
f 2705 1881 1886
f 9930 11518 13088
f 4471 5189 4171
f 7360 7351 6535
f 9767 9461 9468
f 4352 1285 946
f 5413 971 1264
f 2128 8392 1866
f 451 532 241
f 6790 9454 7054
f 6504 8191 8444
f 170 733 1613
f 12933 13371 13372
f 7792 7791 4984
f 10010 10646 8572
f 6556 6554 6551
f 12897 12896 10972
f 4225 3925 4218
f 9260 13056 9607
f 4872 7672 8769
f 10800 13212 13491
f 5041 5075 5404
f 12861 13331 13329
f 3576 3876 3879
f 7882 5679 5634
f 4268 5282 10880
f 5206 4186 3886
f 11397 9964 11279
f 12204 12108 13483
f 5554 5553 3946
f 4614 7463 4678
f 12595 10616 10450
f 9271 8778 9055
f 2202 1936 1931
f 6619 8985 9608
f 107 2341 367
f 4570 1134 3665
f 3938 4228 3933
f 10902 10443 10120
f 11998 10720 12800
f 3106 7385 8537
f 82 3817 356
f 10461 4649 5691
f 9477 8897 8894
f 4777 6675 7670
f 4777 7670 6675
f 3548 1006 1302
f 5983 529 1695
f 8505 8240 7360
f 2522 2232 1971
f 7552 5728 7977
f 9407 9119 8837
f 9539 8990 9557
f 2087 1815 1825
f 12720 11587 12623
f 6803 6267 3351
f 5528 1076 4217
f 11184 11221 11109
f 13287 12358 13285
f 5478 1334 5479
f 10908 10742 10125
f 4625 7883 5610
f 12010 11656 10735
f 2104 1834 2096
f 1998 2353 1759
f 10809 10074 10403
f 10310 10565 10858
f 3618 4223 3932
f 11318 11080 8316
f 9606 6356 9039
f 5931 6211 6471
f 8786 8783 9352
f 280 2258 850
f 3106 6576 7385
f 3683 2536 3680
f 6539 8496 8232
f 1129 4560 1123
f 5888 6158 6155
f 4598 1148 4592
f 13190 12129 13451
f 1721 561 1720
f 174 444 736
f 9307 8731 9330
f 3341 3347 3051
f 6299 6572 6017
f 11047 11729 11207
f 497 218 1661
f 5926 3013 3307
f 12713 11676 11678
f 7352 7347 8490
f 7352 8490 7347
f 4343 4372 1486
f 11655 8636 8633
f 9606 9045 8774
f 6345 7150 2317
f 13099 11529 13098
f 2519 2242 10705
f 13127 11900 13124
f 4908 3861 3551
f 10419 3961 10586
f 2883 12898 13243
f 12035 12587 10742
f 9997 10472 10810
f 11179 11849 11331
f 7805 6800 4980
f 8361 7204 2934
f 7865 7502 4621
f 3110 6097 5819
f 1913 2453 2727
f 9809 13190 13002
f 9181 4989 6806
f 5262 1113 5547
f 10454 10911 10620
f 2677 2663 1853
f 4444 4140 3536
f 1530 1815 673
f 1035 5192 4164
f 738 726 1607
f 2783 1701 2513
f 6587 6031 4779
f 11652 10725 12009
f 11652 12009 10725
f 8699 5343 7631
f 815 6263 3363
f 5716 12428 8613
f 1477 1534 335
f 1868 1322 5182
f 10964 12886 13331
f 32 2309 1492
f 2571 1781 2030
f 7841 7463 7470
f 10224 9900 10223
f 9955 13116 9950
f 2794 2247 2526
f 10454 10133 10911
f 4992 7793 7079
f 3071 5973 4981
f 7608 6628 6893
f 11002 11764 10999
f 11382 11791 11790
f 4835 9037 7663
f 9930 13088 11517
f 12602 4693 5695
f 5744 12458 10442
f 9791 8260 6573
f 11528 10262 13100
f 2525 2246 1974
f 9826 10202 9872
f 5989 8232 6278
f 5527 1100 1391
f 13396 12955 13395
f 13229 12133 13225
f 3538 3544 4445
f 8802 9372 6986
f 8042 8750 9333
f 10767 7915 7491
f 7357 7353 6541
f 10822 5130 10859
f 11930 12637 11576
f 2887 3172 2881
f 3955 4249 5548
f 1279 3825 5430
f 11951 10673 13328
f 12613 12371 12409
f 7283 8414 3282
f 4051 4338 3751
f 4621 7945 5672
f 4249 5262 5548
f 1246 933 2040
f 12167 13517 6778
f 11901 13393 12954
f 12885 11858 13327
f 3954 5548 4245
f 3480 4386 3476
f 2409 1879 2695
f 11720 13325 10956
f 7967 10413 5708
f 7798 4993 7081
f 6544 5993 5999
f 10546 10380 10534
f 1755 2305 2032
f 2008 1745 2045
f 3805 3502 4387
f 4849 6953 7658
f 6782 4960 7755
f 8508 8516 7358
f 10509 12276 10391
f 3287 2999 2990
f 5183 4160 6722
f 8497 7351 8228
f 293 1483 1484
f 5897 6182 8147
f 7212 8354 8363
f 7592 4868 7605
f 11158 11272 11152
f 4225 4535 3925
f 4551 4541 1105
f 7926 10050 7483
f 151 426 414
f 9139 8852 6502
f 4446 3545 3544
f 10771 4651 10494
f 5610 7883 4616
f 5374 5361 3803
f 4528 4228 1090
f 1056 4491 1348
f 9736 4973 6791
f 11583 8602 11621
f 1695 811 241
f 9660 6717 6980
f 4750 7987 5732
f 9808 10149 10188
f 6271 5994 5995
f 2536 2805 4584
f 8898 9472 7078
f 8847 6505 7317
f 3275 8147 6182
f 766 1641 201
f 8503 8898 7356
f 9996 7927 5676
f 6329 6048 5774
f 5028 4118 971
f 9188 9764 9179
f 6810 6809 4991
f 3708 2002 290
f 1089 1379 1086
f 13095 13257 11526
f 3436 3813 4416
f 4551 1124 1114
f 2202 1932 1081
f 2202 1081 1932
f 12713 12711 8653
f 596 4089 5148
f 7427 7858 7441
f 9185 5979 6534
f 1790 2612 2347
f 8945 7111 7830
f 1782 2052 1779
f 7217 3206 2932
f 704 1578 696
f 3586 9694 4497
f 4311 4408 989
f 9761 6543 8235
f 12608 12503 12736
f 1927 2746 4499
f 3656 1412 2234
f 3656 2234 1412
f 5974 5966 6258
f 574 1457 321
f 6269 3068 3356
f 1583 705 1575
f 3751 3462 2299
f 5137 5155 4136
f 2755 1933 797
f 38 2058 3481
f 1297 1000 1301
f 13106 11534 9488
f 9630 9638 8357
f 8170 5928 6216
f 6815 12333 13520
f 8456 3318 7302
f 9307 9330 8778
f 287 595 42
f 3639 3632 1397
f 9775 6543 9182
f 5539 5251 5255
f 3059 3345 805
f 925 1222 5362
f 6754 6753 4937
f 13416 12116 13143
f 6575 8267 8268
f 7799 3069 7083
f 3682 4586 3681
f 12945 11781 11025
f 10558 10854 10066
f 3425 4372 3729
f 5932 6221 6212
f 10290 9962 10287
f 7806 3943 4982
f 3922 4259 557
f 6781 7042 13515
f 4994 6811 7082
f 1058 3583 1345
f 11165 11065 11182
f 12307 9906 10233
f 9196 8909 8888
f 11807 11301 11827
f 7443 7946 4708
f 8551 12392 5639
f 350 2599 2319
f 350 2319 2599
f 10260 13092 9934
f 8869 7341 3053
f 7059 7053 7766
f 7373 7372 8521
f 616 1775 10855
f 9762 8505 9475
f 7006 9390 8819
f 9500 9499 8931
f 9762 4995 9185
f 2403 2119 1863
f 9881 9900 10224
f 4996 5995 12172
f 1184 948 7488
f 11261 11370 11130
f 12075 12281 13176
f 2394 2674 2109
f 13415 12055 12096
f 195 753 754
f 1989 1987 1988
f 535 3952 5988
f 4506 4510 4507
f 8075 8355 7208
f 7085 9187 9189
f 7741 6753 4941
f 3135 2844 8305
f 8908 9173 9742
f 5449 410 2386
f 9954 11544 13113
f 12158 12161 12320
f 1789 95 648
f 9200 8912 5001
f 13396 11791 11031
f 4620 9870 13015
f 7496 7495 7942
f 2793 2522 2527
f 12820 10724 12015
f 5182 1023 1317
f 10485 5646 10359
f 5890 6156 5881
f 5459 5172 5451
f 5542 5252 239
f 4597 3686 3990
f 9985 10563 10768
f 4764 4820 6599
f 4283 4573 4572
f 8900 9224 7833
f 13187 12272 10221
f 1716 555 264
f 205 760 492
f 8901 7085 9189
f 8462 7321 8845
f 12608 12499 12531
f 11258 11137 11250
f 11825 11181 11094
f 5467 266 1984
f 7384 6572 8264
f 12148 9918 10242
f 10376 10543 10561
f 1093 1379 5253
f 4468 1030 3560
f 9480 9479 8902
f 3111 5751 2908
f 9440 7062 6793
f 8905 9479 9480
f 739 446 1609
f 2300 1283 317
f 4026 978 4358
f 5674 4707 4677
f 4201 4210 3911
f 9435 9716 8862
f 10658 12764 10378
f 5558 536 249
f 2229 3648 1413
f 294 103 29
f 5984 3070 6289
f 12395 11593 12648
f 9649 6130 8107
f 2158 1893 2151
f 2291 322 6351
f 8373 7225 8371
f 7712 6185 5899
f 2202 1071 1081
f 1405 5275 1121
f 21 58 378
f 3921 3608 4522
f 5461 5189 1032
f 1355 2196 1930
f 11903 7389 8541
f 5026 7112 6843
f 10898 10608 10438
f 4801 8983 8729
f 3534 4141 4441
f 3874 4168 5192
f 4274 5293 1427
f 10644 11978 11958
f 9461 8888 8881
f 13408 13012 13173
f 1410 1128 4548
f 4607 3996 3995
f 12932 11773 11013
f 1375 3911 5518
f 4084 3805 4387
f 5265 5559 5273
f 10869 4257 5279
f 3862 4156 5458
f 2441 460 469
f 5807 6388 2921
f 9944 11544 10277
f 5578 1433 5285
f 1388 1099 1399
f 6927 4878 7644
f 2221 1963 2234
f 9533 9012 8763
f 5197 1045 5474
f 2264 2263 1993
f 5550 5264 5549
f 5889 6165 5879
f 8802 8795 9372
f 11549 13120 9958
f 12549 262 554
f 2753 1935 1079
f 3335 3332 3042
f 11263 6559 8252
f 11142 11774 6011
f 6272 6004 5981
f 11751 10988 13355
f 7357 7356 8502
f 6633 6944 6924
f 3332 6248 5961
f 5072 897 905
f 1116 1406 1124
f 2411 6440 8136
f 2544 2808 2819
f 9769 9205 9192
f 4580 3675 1429
f 5302 4597 4285
f 10305 10472 9997
f 6278 3365 5986
f 4929 6743 4931
f 1116 1415 3958
f 11366 7373 11143
f 284 853 569
f 3881 3568 4179
f 9995 10802 9988
f 6558 8251 2514
f 9161 4977 9160
f 11890 11134 11372
f 11997 250 10702
f 4784 6681 6951
f 4735 5718 4728
f 5272 1411 5557
f 4454 1004 1299
f 7563 7649 6920
f 12226 12106 12257
f 9791 5019 6300
f 398 2656 1567
f 398 1567 2656
f 3582 4486 4487
f 5932 6748 6221
f 4052 3752 5400
f 3842 4430 4136
f 9633 9063 4876
f 5460 3864 4165
f 486 198 478
f 737 1883 2693
f 7193 7188 6396
f 13090 9932 11521
f 3926 4536 4224
f 6708 9642 6975
f 12795 12549 12548
f 959 1275 5134
f 3881 3886 4186
f 7903 10795 7500
f 2262 1992 8526
f 4201 1652 2466
f 12201 12200 12357
f 4057 4349 3755
f 8294 2589 1794
f 10140 9913 11499
f 11271 11270 11151
f 3640 1407 1125
f 3366 3091 3071
f 2806 1142 2804
f 532 237 808
f 6035 5797 3176
f 5216 4196 3895
f 4772 7571 5752
f 6083 5811 6108
f 8983 9338 8729
f 9384 8810 1020
f 9933 11520 9931
f 9052 3512 1291
f 7909 7479 7947
f 924 1254 949
f 12726 11934 12473
f 6818 6007 7811
f 10484 12722 12753
f 9165 7344 8878
f 13517 12322 7035
f 244 824 813
f 6845 9960 12349
f 6845 12349 9960
f 12754 7 12516
f 12754 12516 7
f 3311 7304 6486
f 9463 8878 8492
f 6305 6562 6564
f 529 3059 238
f 4821 12110 7656
f 5028 3759 4081
f 3084 6287 6556
f 10479 4676 4711
f 10333 10514 10356
f 2457 1903 2170
f 5759 6112 6682
f 7756 3329 7041
f 6817 5003 6816
f 13156 12260 12098
f 13156 12098 12260
f 10601 10100 10429
f 6344 7155 8030
f 2227 2773 1952
f 6273 6560 6006
f 6305 6564 2811
f 2844 7152 8305
f 13436 13452 12301
f 12701 12829 12452
f 6633 6924 4861
f 5553 5277 5266
f 8362 7211 7206
f 4421 3520 1280
f 4829 6934 7661
f 13399 12961 11398
f 1139 1430 9505
f 12039 10751 12843
f 1610 2138 1874
f 9688 9121 9693
f 588 94 620
f 2689 2410 2418
f 13162 13425 12143
f 2869 3187 5844
f 1241 969 963
f 5983 1695 6005
f 183 1893 2158
f 3229 7217 2943
f 5268 3961 5563
f 1027 1024 4462
f 2752 2479 2474
f 2392 2108 2106
f 12168 12324 12327
f 5983 6290 6007
f 9810 10162 12048
f 6539 5980 3353
f 7179 8321 7189
f 12570 10723 12005
f 815 3363 254
f 5540 5250 5257
f 4926 8823 9109
f 7976 7537 4738
f 12330 12169 12171
f 5838 2914 7204
f 9814 12642 11170
f 2741 2458 2734
f 5558 5557 5556
f 179 1616 738
f 5958 3038 7742
f 8276 3191 2921
f 2104 2390 1848
f 7986 5724 7979
f 10729 12563 10716
f 7777 8871 7064
f 439 5888 6167
f 9181 6806 9753
f 2855 4845 5791
f 8594 8593 11608
f 11071 11236 11869
f 10620 8001 5742
f 9483 9491 9492
f 12865 11455 11836
f 1955 2515 2225
f 210 774 209
f 7016 9683 9395
f 9511 9797 7108
f 4183 3889 3882
f 13109 9487 8916
f 12474 12760 12501
f 1854 1846 2664
f 11527 13097 13525
f 12960 11561 13284
f 12573 12816 12824
f 13401 11909 12961
f 5921 3281 6192
f 2777 2515 1955
f 12840 12704 12593
f 12037 8646 12842
f 5933 3009 6222
f 7804 7094 7808
f 2688 8136 11242
f 762 478 198
f 1409 1414 1126
f 533 540 1702
f 5835 12916 2930
f 9973 10559 10820
f 12671 11243 8138
f 6819 7089 7808
f 8905 8903 9765
f 7277 2995 7291
f 5646 5671 10359
f 6777 7041 6249
f 11528 13100 11527
f 11806 11313 11198
f 120 113 675
f 5555 1126 5280
f 1239 3475 4406
f 12561 12560 12557
f 3413 1270 975
f 9731 6525 9152
f 9731 9152 6525
f 6071 5790 5841
f 12855 13336 11843
f 10605 10442 10119
f 10605 10119 10442
f 13011 11450 10198
f 6709 9641 4891
f 11917 12784 10670
f 5985 3073 6281
f 5529 5246 1102
f 1001 1004 4449
f 3074 5985 6281
f 8936 8935 9511
f 8296 2859 7153
f 12023 12583 12831
f 7228 8383 7236
f 11369 12930 13368
f 5529 3924 4214
f 3750 5350 1210
f 130 2367 391
f 5864 5856 6405
f 11693 12751 10952
f 3008 8426 7281
f 1977 2795 1976
f 8515 8511 8246
f 497 1659 4198
f 11385 12947 13386
f 5247 10867 10084
f 7834 8939 7114
f 275 10728 844
f 8703 9297 6629
f 8243 5990 6549
f 6611 12300 13462
f 11883 11012 12930
f 9200 5001 6821
f 5198 5471 7010
f 8287 8325 7177
f 5759 5756 6032
f 12025 12017 7554
f 6021 8068 5751
f 8869 8865 9438
f 7983 7973 7534
f 8912 9485 5001
f 12880 10975 10976
f 1458 5812 322
f 13057 13505 13495
f 13136 13436 13458
f 9525 8952 9518
f 9486 8910 9199
f 5231 5507 5514
f 8263 7378 3103
f 10142 9809 9870
f 4958 8855 7752
f 5079 5423 3819
f 11916 8554 11601
f 3677 3668 4581
f 12517 11968 12771
f 7996 7549 4757
f 11804 10925 13154
f 8488 8891 7350
f 12035 10742 10908
f 11793 13390 12950
f 6501 8436 8186
f 1377 1370 3607
f 9596 8059 2331
f 11751 13355 11760
f 11550 10284 12193
f 3651 3959 4256
f 2794 1976 2247
f 10600 7539 4748
f 3434 3806 3763
f 1120 1417 1418
f 5449 3542 1308
f 10351 10055 10511
f 7123 2925 6378
f 6785 4960 6782
f 4250 4249 3955
f 12330 10251 12328
f 9774 8507 8913
f 2394 2109 8608
f 9246 9539 9266
f 5245 5527 1391
f 1151 3664 3967
f 248 820 251
f 7844 4689 5673
f 7650 6944 7653
f 4250 4555 3953
f 517 802 2498
f 4755 7538 7537
f 6287 5999 6554
f 1319 7251 8804
f 1645 756 1904
f 1337 5201 1046
f 1452 1539 2616
f 7743 3036 7034
f 12829 12583 12452
f 11561 13130 13546
f 535 6276 534
f 7862 7446 4705
f 3032 3031 3313
f 125 2088 1829
f 4603 4290 4756
f 3688 4594 4601
f 1405 1964 2220
f 6325 8316 11080
f 6564 7375 2261
f 13161 12253 12146
f 12338 6822 9776
f 12547 12793 12555
f 9755 4986 6805
f 1680 505 2482
f 536 1698 534
f 6272 5003 6004
f 10768 10408 10008
f 9397 7010 8826
f 10148 9843 9892
f 3739 5368 3472
f 4532 3614 4233
f 2824 6348 7119
f 10056 10049 10831
f 8861 9714 9424
f 536 535 1698
f 6650 6649 6913
f 3050 7347 7342
f 2827 5770 3148
f 8029 8049 8317
f 1457 2285 321
f 8508 9775 8914
f 8543 8272 11395
f 10268 9938 11257
f 7091 7806 7805
f 1117 4547 1107
f 11307 11180 11356
f 10136 11453 9838
f 1388 1095 5525
f 9771 9202 9194
f 1915 2728 765
f 11199 11100 11213
f 12262 12136 12130
f 6016 3104 6563
f 864 7407 4657
f 4853 6666 6665
f 8347 7189 6394
f 8243 6549 8509
f 4091 5387 78
f 12480 91 10686
f 5919 2997 3277
f 7894 5689 10404
f 9934 12177 12176
f 13529 11779 13380
f 8701 4798 8989
f 11333 11864 11868
f 10891 10591 12808
f 8923 10267 9786
f 641 371 1520
f 1117 1107 4544
f 8929 9210 8928
f 3680 4585 2533
f 397 1563 2644
f 1839 2109 1837
f 4483 2724 2175
f 13291 11704 13353
f 8823 8820 9392
f 3421 4404 3500
f 10138 10232 9855
f 11430 7200 11839
f 827 1704 1699
f 3172 3181 6933
f 8131 6430 6425
f 3730 4040 5102
f 6827 5009 9783
f 1939 2203 2478
f 10056 12527 10381
f 12716 10331 10548
f 1155 1157 7985
f 6544 8237 5993
f 860 9296 4306
f 12848 12036 10747
f 5029 7445 10841
f 8652 10744 12032
f 8296 8293 3141
f 9527 13126 9526
f 3376 5990 6282
f 8372 3220 2937
f 407 1577 703
f 7213 8355 1824
f 4495 1343 1049
f 493 1651 199
f 3984 4291 3995
f 12727 12783 12535
f 9457 8879 9450
f 2803 2802 1141
f 1419 4560 1129
f 817 251 1700
f 3134 3186 2835
f 1646 193 755
f 3824 3521 1267
f 2128 7246 8392
f 3375 3374 3077
f 5989 6539 8232
f 3026 6215 5934
f 12334 9937 12179
f 6827 6826 5009
f 1330 3558 4466
f 1315 5169 1014
f 9359 6971 7691
f 2274 1188 3445
f 5654 4695 7934
f 11792 12835 12704
f 6718 5874 2952
f 1715 553 4265
f 1064 2740 4502
f 11557 10290 10287
f 12881 2858 13346
f 12210 12060 12277
f 3284 2988 3281
f 9399 7007 7729
f 1554 384 115
f 10131 10907 8003
f 5881 3237 2950
f 4561 1123 1413
f 11654 8628 11652
f 845 5301 5583
f 9493 8520 8914
f 12123 12153 10224
f 4030 5055 3811
f 6272 5981 3070
f 10788 10499 10498
f 5957 6241 4939
f 2517 2780 2778
f 11174 11122 11088
f 5443 3849 5166
f 3180 5834 2910
f 682 679 118
f 5045 3788 5065
f 1096 1089 5242
f 4791 7595 4853
f 11642 8624 7978
f 2755 797 1668
f 5211 5488 3894
f 12100 10176 13486
f 3165 2866 3158
f 6744 4932 9120
f 5997 8244 6550
f 8250 5997 6550
f 1437 3679 4582
f 3412 2591 1184
f 2509 2785 1956
f 6136 6422 5873
f 1469 331 5078
f 13264 12335 12173
f 9565 4793 8991
f 3881 4179 3886
f 12596 10749 12844
f 2676 2395 2110
f 13264 12173 13260
f 8063 5836 6113
f 933 3522 958
f 10105 10428 10590
f 11521 9932 10255
f 13172 12063 13006
f 8904 9466 9190
f 13384 12345 11781
f 6273 3361 6264
f 10739 12576 12451
f 3233 6718 2952
f 11142 11249 11774
f 1041 4479 1331
f 12755 11972 10677
f 1978 2249 1977
f 3981 3974 4265
f 5893 6177 8146
f 4092 641 5104
f 2938 3225 3236
f 6284 5991 3076
f 7368 6567 8940
f 11651 8627 11648
f 12174 12173 12335
f 3262 5895 2981
f 2513 2231 2782
f 9995 5366 5081
f 2283 5687 12394
f 1020 1310 5174
f 4823 5822 9040
f 8265 6569 8532
f 8109 6134 5858
f 10270 9942 9776
f 7637 2870 6906
f 12091 10947 13222
f 4059 3812 3494
f 10328 10536 3741
f 7246 8384 8392
f 1715 1712 553
f 6554 5993 6284
f 11258 11250 11138
f 12040 11676 12840
f 551 2789 1708
f 9437 9430 9720
f 11012 11768 12930
f 7865 4621 5637
f 6183 8150 5900
f 11150 12948 11030
f 12597 12844 12843
f 7014 9402 8831
f 1396 1102 7517
f 8298 6379 8070
f 6552 7361 8245
f 12931 13367 11768
f 5297 5296 5577
f 13538 7830 7111
f 10774 7413 4656
f 8725 8711 9001
f 3280 6179 2991
f 8424 8161 7271
f 8446 9410 6489
f 1477 2036 2313
f 1149 5295 4276
f 10481 10506 10353
f 8514 8512 8248
f 9924 12164 10246
f 5184 1028 6988
f 6475 6191 8162
f 7742 3032 7021
f 958 1284 1283
f 48 57 324
f 6021 5753 8068
f 2825 12894 13347
f 1987 848 1721
f 5730 7975 7535
f 3392 4298 904
f 6478 9692 8182
f 13462 12300 13229
f 7354 8896 9470
f 6558 2514 2233
f 230 2213 800
f 7529 7968 7981
f 13264 11006 12335
f 13370 13367 12931
f 6625 4863 6622
f 9241 6683 6935
f 3256 3268 2972
f 195 754 479
f 1923 2183 2744
f 775 766 201
f 9195 9174 8906
f 11142 11253 11132
f 5964 6777 6249
f 11013 11770 11136
f 5653 10365 10527
f 2161 7292 8440
f 5954 3024 3308
f 5431 5156 5155
f 4485 2719 2455
f 4505 2467 2741
f 11377 11253 11142
f 11135 11370 11254
f 6236 6764 6762
f 8724 9037 4850
f 10268 11134 11890
f 10289 12353 12194
f 11452 12998 13080
f 1586 703 700
f 11135 11256 11771
f 6023 6659 5755
f 3221 2935 3213
f 11943 12739 10666
f 12620 5633 4647
f 1255 3493 4415
f 13098 13370 11371
f 1705 544 12544
f 11530 11371 11885
f 8240 6536 7360
f 11672 12030 10745
f 5893 8146 6444
f 6989 7707 6984
f 11257 11885 11372
f 7366 8512 8247
f 11742 11741 10980
f 6170 6161 1599
f 5416 1266 3831
f 5031 4049 1500
f 7061 9442 1088
f 10273 10271 9948
f 10273 9948 10271
f 12039 12036 11677
f 9939 11885 11257
f 2380 2664 2377
f 3939 4235 3933
f 12618 12666 11579
f 4067 1497 4129
f 11258 11257 9938
f 5288 3972 5570
f 12231 12226 12144
f 5553 5278 5277
f 8203 9699 6757
f 1002 1296 5438
f 9531 9302 8672
f 13270 5005 12184
f 6310 6577 6015
f 12430 12436 12677
f 10104 10592 10422
f 4029 5053 5406
f 3550 4453 3549
f 1566 136 409
f 5946 3300 3014
f 466 746 2450
f 8682 9288 8679
f 13305 11753 12900
f 7456 4714 7920
f 3102 7376 7374
f 2348 2622 1823
f 5585 1443 5302
f 5296 3979 4275
f 5505 792 213
f 7257 7267 8407
f 12836 10446 12587
f 4770 9057 6390
f 2327 4394 3484
f 2217 2799 2532
f 8514 8248 7362
f 9807 9526 9231
f 9773 9772 9198
f 9732 4976 9159
f 2210 2205 1942
f 8660 944 5404
f 6558 6557 8251
f 7828 7827 7104
f 9788 8927 9501
f 13524 9940 11531
f 6731 7715 6999
f 5199 5202 5481
f 3363 5971 3055
f 7773 7055 7763
f 3700 5040 5315
f 6412 7223 8114
f 13524 13264 12180
f 7392 7842 5601
f 10489 10311 4688
f 4065 3490 4390
f 7021 3313 6221
f 11775 6289 3372
f 11936 10688 11965
f 568 1726 2818
f 7242 8116 8385
f 3460 4058 4425
f 5594 4667 5657
f 12798 12565 10716
f 10126 10614 10905
f 6987 7699 4904
f 510 793 2200
f 6383 2923 5831
f 5220 4200 5508
f 6875 6624 7632
f 715 418 704
f 8910 9760 9472
f 9937 10260 9934
f 10584 5712 10425
f 2940 6405 7214
f 11275 11274 11273
f 11992 11638 1964
f 4460 4455 3548
f 7383 8262 6574
f 10413 4255 3958
f 13204 11848 11482
f 11777 11019 6290
f 5059 3760 5363
f 4613 10810 7398
f 11665 12697 12823
f 2276 5606 7852
f 12792 12546 541
f 12072 12139 12304
f 12183 6822 12338
f 7714 7002 7003
f 6462 7262 8156
f 12475 12404 12758
f 1428 3671 1136
f 13537 13541 13276
f 11602 8588 8596
f 691 2093 131
f 405 134 1563
f 8977 8992 9563
f 12059 12253 10222
f 3571 3565 4471
f 12460 11664 12822
f 6898 7615 8712
f 8664 7679 9347
f 9509 9221 8941
f 1421 1414 7963
f 11169 11346 11115
f 8537 7384 8533
f 1183 7478 950
f 1749 2031 2312
f 2427 1877 2141
f 4593 3697 4761
f 3258 5903 2977
f 10513 12513 10387
f 5563 5276 821
f 10919 11081 11719
f 12680 12792 541
f 11209 11094 11335
f 778 5224 775
f 12966 11438 11428
f 7589 7685 6943
f 12103 9863 10189
f 13109 8915 9487
f 10626 9987 12538
f 44 2067 626
f 3306 6222 3009
f 12601 11589 12402
f 10654 12520 12519
f 11632 2241 1969
f 11639 1963 822
f 1825 1815 2081
f 3611 1371 4513
f 6273 6006 3088
f 13537 12346 12344
f 3659 5707 5706
f 6989 7700 3253
f 6239 5953 4949
f 3592 2464 2742
f 47 2036 1477
f 625 1543 667
f 7908 5697 10372
f 4946 6768 6759
f 10961 11749 11735
f 9187 9762 9475
f 11792 11788 11268
f 11792 11268 11788
f 12065 13246 12131
f 11794 11032 11790
f 10418 3649 3957
f 6871 7601 9279
f 185 190 755
f 11282 11160 11905
f 8868 9440 9435
f 12275 13473 12284
f 8553 11574 12370
f 5711 3649 10418
f 11564 11975 10862
f 12250 12079 12261
f 12521 1526 356
f 4684 10031 5668
f 3000 3280 3288
f 11634 1965 821
f 5968 523 236
f 11703 10952 11757
f 10469 5647 10051
f 10874 5562 10086
f 8957 7665 4854
f 5652 10064 10353
f 7991 10894 7550
f 8982 9578 9295
f 10289 12194 10285
f 5002 7808 9204
f 1567 2386 410
f 5757 6029 1483
f 9499 13102 11533
f 4824 4833 6648
f 13089 11521 11520
f 10226 4863 9048
f 2410 8138 6441
f 1087 4209 4516
f 11538 9944 8918
f 10271 9780 9204
f 1905 2172 1904
f 7957 5698 7956
f 2125 2676 1854
f 12943 11029 11026
f 1581 694 409
f 10281 9953 11543
f 5712 3651 7966
f 9721 6776 9428
f 5296 4275 1138
f 7630 7653 6944
f 6443 11243 11126
f 12578 12577 12821
f 3414 7507 5659
f 8035 6373 6339
f 11020 6005 543
f 870 4035 4402
f 10668 12510 12754
f 1196 5428 896
f 13365 12924 3318
f 13269 13273 13527
f 12709 12032 12590
f 2953 5867 3239
f 10419 10093 3961
f 840 4267 5287
f 11103 11214 11868
f 4463 3556 3559
f 8494 7346 6532
f 801 514 229
f 2257 846 279
f 5553 3944 3946
f 2181 1347 2455
f 61 66 328
f 6847 6920 7628
f 6810 4992 6809
f 3622 3923 4534
f 10114 10890 7997
f 10711 11994 825
f 10320 10530 10517
f 179 2153 1889
f 6849 7666 9239
f 10877 5561 10087
f 12682 1966 2515
f 1250 2066 1799
f 10436 10605 10888
f 2047 67 1782
f 1211 970 905
f 9733 9444 6796
f 4533 3625 3928
f 11653 8630 10725
f 11653 10725 8630
f 661 95 383
f 12692 8623 12004
f 9821 12986 11425
f 4294 3995 3994
f 6704 4887 6699
f 10416 10872 10089
f 9829 13081 12995
f 10255 11519 10254
f 7133 6327 11821
f 2136 1319 1033
f 12937 3088 6006
f 11312 11486 11487
f 9614 9346 6957
f 11538 8918 13266
f 3655 1440 1159
f 1633 754 2707
f 8954 8953 9522
f 9973 10405 10077
f 3610 5515 2199
f 3493 4113 4415
f 13095 11526 11525
f 7577 6861 7572
f 10868 5280 1126
f 10728 10737 10727
f 1081 1071 1364
f 3689 4596 4603
f 9928 12326 13518
f 9000 9571 6690
f 7796 7794 7078
f 1434 269 5577
f 1061 1931 5213
f 772 490 199
f 6556 6551 8247
f 494 1650 3904
f 13269 13535 13273
f 5043 1185 10815
f 7472 7939 7940
f 1313 1012 1310
f 10759 10073 10524
f 4735 4728 5709
f 3038 6248 3328
f 5858 5850 6123
f 7550 10894 10897
f 3284 3276 2988
f 12670 2688 11242
f 11017 11265 13381
f 12340 6824 6292
f 3114 2899 3187
f 9587 8716 9016
f 9667 4457 3549
f 3941 4231 5253
f 7968 7966 7521
f 9383 8814 9387
f 13374 12936 3376
f 3230 7213 691
f 7770 7757 7052
f 7023 6750 4935
f 10442 10899 10119
f 12077 13215 13469
f 6063 5784 6061
f 7288 8436 7295
f 8452 8197 8850
f 11770 11131 11252
f 4627 5662 5664
f 4627 5664 5662
f 10629 11957 11969
f 7972 10094 1419
f 7984 5719 4741
f 10712 3090 12935
f 7134 7192 8284
f 13117 11546 11552
f 13157 13446 13179
f 7903 7500 7451
f 11995 824 5560
f 2628 677 1537
f 2518 2788 2779
f 12602 2587 4382
f 8618 11633 11634
f 4566 12674 5717
f 6791 9158 9729
f 781 502 222
f 907 3442 1203
f 3863 4905 4160
f 3660 4738 4590
f 4766 6595 6861
f 1972 259 2520
f 6922 3170 6092
f 3374 11780 6293
f 12430 12675 12436
f 4053 4389 3771
f 7057 7760 7774
f 9545 9256 8679
f 12506 12749 1532
f 12720 12525 10685
f 9404 8827 9400
f 10084 10864 10577
f 4260 256 1707
f 4981 9743 9172
f 13375 3374 12940
f 4923 9109 9674
f 12941 13380 12940
f 11888 11138 11367
f 2683 12669 2394
f 232 796 800
f 9448 7050 6784
f 11632 1969 2240
f 1233 3774 5373
f 1536 676 1552
f 7860 5685 4689
f 10712 11998 10703
f 5091 5355 5132
f 7964 8613 11632
f 7971 7964 7523
f 2062 2349 383
f 8877 9746 9163
f 6 13 12534
f 2541 566 3982
f 1742 1193 881
f 932 2047 1782
f 3463 4390 3490
f 11375 13374 13526
f 5889 6154 3245
f 11498 13063 11497
f 4896 9082 9646
f 11891 11137 10267
f 11015 11779 11780
f 9805 9801 9227
f 9186 8893 9466
f 2225 2515 1966
f 10921 11738 11712
f 10921 11712 11738
f 2337 2622 2624
f 4910 6997 7719
f 2541 2814 566
f 9177 9464 8892
f 1944 236 807
f 2960 5871 3242
f 6711 9644 8106
f 10891 12813 10598
f 407 143 2116
f 4528 1376 3605
f 4347 3452 4041
f 12833 8637 12447
f 9955 9950 13114
f 12354 13125 11555
f 3228 688 1829
f 9436 9719 9723
f 5800 4852 6663
f 1840 2670 2391
f 11928 12723 11932
f 1096 5242 1387
f 12842 8646 12459
f 11429 11821 11078
f 10133 10131 10911
f 10704 12430 12557
f 4288 3987 4283
f 13182 13181 13448
f 11095 9912 10184
f 11095 10184 9912
f 11989 8615 10704
f 10367 10528 10844
f 8809 3550 9097
f 9788 9505 8927
f 4534 4221 3924
f 6592 7594 6886
f 1677 1685 2766
f 2089 2637 1818
f 5049 5330 4119
f 4730 7527 7976
f 11581 7496 7942
f 12011 12575 12696
f 8195 8190 6496
f 1473 315 630
f 10262 9941 13100
f 1924 2185 1920
f 3714 5354 1224
f 9587 9298 8716
f 5949 6501 6223
f 1135 1426 5291
f 12597 12843 10751
f 9858 10240 10211
f 5605 7432 4675
f 3964 5288 5564
f 6616 4867 6626
f 7125 8023 6314
f 4196 5492 3895
f 7311 8448 7303
f 3877 3567 4472
f 11775 11026 11018
f 2537 1721 2820
f 2749 2476 2197
f 4640 5692 7494
f 10410 4205 10575
f 7391 9524 8542
f 4577 3670 3674
f 5792 2888 6087
f 11053 10920 11727
f 7744 5949 3031
f 5272 1122 1411
f 10621 10450 10451
f 1711 551 1708
f 7967 10589 10413
f 7559 8645 12458
f 8847 9429 9719
f 12866 3118 2830
f 5929 6210 6215
f 2129 7247 8394
f 11916 12744 11960
f 8665 9021 9884
f 3113 8281 8029
f 2249 7371 11376
f 2129 1877 435
f 832 11989 257
f 8370 7233 7222
f 6615 6927 9321
f 9955 13114 10279
f 5953 6229 8192
f 12986 10171 12092
f 7819 13267 7810
f 11555 13275 13278
f 5179 5451 5456
f 2539 2798 2538
f 3990 10434 10604
f 6263 1689 523
f 6820 5000 4999
f 4552 4244 5256
f 2349 1795 2641
f 9559 8987 9584
f 3814 5434 5420
f 7543 5725 7987
f 8522 11142 6011
f 5291 5571 5568
f 12329 9929 13519
f 12361 12487 7905
f 7874 7868 5622
f 4059 3494 4351
f 1595 6160 5876
f 3553 4456 1304
f 2246 2792 1974
f 5753 6043 6597
f 9410 8839 9121
f 9662 9656 9370
f 6575 8268 8536
f 1972 3095 259
f 2860 5778 6093
f 2528 2793 2527
f 444 729 1603
f 10432 10891 10598
f 2613 373 2338
f 8823 9392 9674
f 3807 5152 5433
f 8541 7388 8946
f 10239 13075 9909
f 3897 499 3587
f 9867 11497 13063
f 10927 11744 13345
f 13096 8917 11533
f 1579 1847 697
f 10641 10514 12505
f 13390 11895 11894
f 11864 11233 11117
f 3321 3028 3314
f 7055 4969 7763
f 13537 12189 13536
f 9649 6704 6130
f 13535 12188 13273
f 1562 2650 1830
f 11828 11325 11840
f 10640 12512 10638
f 12344 13534 13112
f 2710 2426 2152
f 6076 6074 3183
f 2004 81 1780
f 3059 3349 3345
f 9214 9506 8932
f 4338 3501 3505
f 12679 2245 2524
f 11527 13525 13259
f 7422 13441 13046
f 9383 9102 8814
f 7181 8347 6381
f 9814 11113 10161
f 3620 1082 4518
f 5630 10379 7906
f 1656 4205 3905
f 2755 2198 1933
f 8618 11645 8621
f 5713 4564 3656
f 12857 10987 13219
f 11378 11894 11892
f 11378 11892 11894
f 735 2988 3276
f 573 22 584
f 1718 4267 840
f 8394 8386 7241
f 5970 6533 7347
f 11539 13109 13114
f 2519 2513 2782
f 10287 9960 12191
f 7539 10889 10589
f 3503 4431 3518
f 12944 11784 12187
f 8371 6419 7234
f 5986 6282 5990
f 8077 8350 8339
f 1 8 9
f 6574 6568 6308
f 4147 3855 4152
f 3998 3828 3827
f 9413 8842 9407
f 12864 12075 13176
f 13284 11561 13546
f 13412 13185 12871
f 5813 6115 10990
f 12591 12589 12833
f 8236 6542 8235
f 4146 2657 2387
f 2330 2617 353
f 3893 5483 4187
f 804 808 237
f 11162 11318 11069
f 11879 11364 11877
f 2583 1786 2599
f 2380 2666 2664
f 10771 10494 10073
f 12726 12473 12497
f 7274 6459 6461
f 10100 10880 5282
f 4769 4087 3772
f 2657 2661 2387
f 9785 9496 8921
f 3788 3780 4094
f 12818 12571 12821
f 5584 4287 5303
f 2596 2333 2332
f 1715 12796 554
f 8977 8673 4855
f 2161 2720 175
f 13115 13536 9951
f 592 106 3144
f 13358 11879 12919
f 12818 12003 12571
f 11777 11782 11025
f 12795 11988 12794
f 2231 251 1961
f 2179 2724 2452
f 2654 2643 1564
f 11891 9498 8523
f 11877 11128 11362
f 4501 2473 3590
f 9247 8663 8779
f 5517 3908 3909
f 10036 10035 10814
f 3048 3043 3333
f 8446 8839 9410
f 8446 9410 8839
f 1153 3685 1439
f 6893 7663 6918
f 9810 12222 11743
f 8904 9190 8903
f 7678 4880 6703
f 807 1686 521
f 9648 6970 6703
f 7845 7469 7906
f 6505 8192 7317
f 4732 4727 4563
f 8157 7263 6460
f 3724 1221 3469
f 13456 13448 13224
f 11637 8615 11989
f 12733 10557 11929
f 8448 8180 6217
f 1318 1025 9376
f 7288 7295 8434
f 7105 5581 3985
f 10599 7533 10879
f 9940 11529 13099
f 7098 8924 7817
f 12102 12308 12309
f 6141 8102 5860
f 12159 12322 12161
f 7189 4884 6394
f 6071 5841 2919
f 7818 7817 7099
f 5168 4154 4148
f 2854 7172 6342
f 1139 1137 1430
f 13090 11521 13089
f 7531 10881 7972
f 2937 3220 2929
f 8476 6517 8210
f 9733 4978 9155
f 6741 6733 4918
f 4505 2741 2468
f 5576 4276 5295
f 11770 11251 11131
f 8382 7235 8381
f 6052 2884 3142
f 11021 12339 11784
f 5587 5306 5305
f 2522 8246 2232
f 9848 9293 9584
f 3931 4236 5257
f 7570 8685 8667
f 9176 9932 9752
f 5888 6155 5882
f 13382 11266 11783
f 2723 1637 477
f 264 555 270
f 2945 8098 7210
f 3290 2992 8427
f 7527 4728 7976
f 7968 7536 7981
f 11327 11094 11209
f 3990 4761 10609
f 4200 3909 5508
f 13372 12932 11373
f 11244 12668 11127
f 6251 5962 6785
f 8108 8383 7228
f 11017 11144 11265
f 11422 10204 12081
f 9077 9083 9648
f 12346 13534 12344
f 3883 5476 1333
f 4792 9219 8939
f 9091 6717 9660
f 7573 7598 6948
f 1614 447 724
f 6803 3060 6267
f 13460 12893 11465
f 9175 9452 8887
f 1714 1713 2796
f 2508 2216 2226
f 8626 10721 5727
f 4289 566 1730
f 5965 6265 5976
f 7775 7054 8884
f 13108 11545 8932
f 3100 6013 6298
f 9730 9151 9724
f 3616 4523 3923
f 7487 7935 7957
f 8611 2517 12545
f 11379 11895 11148
f 3711 343 4128
f 4587 3970 4263
f 7381 8525 8255
f 2258 848 1987
f 12692 12004 12811
f 1922 5221 776
f 11642 8619 8624
f 2538 3672 563
f 4995 6804 5979
f 4053 4360 4068
f 1680 1673 505
f 10709 10717 12004
f 10709 822 823
f 3169 7169 5839
f 7138 8041 6377
f 2713 3569 4477
f 7666 7683 8760
f 12432 12685 11647
f 1956 1118 1951
f 2817 2815 2545
f 13529 13271 12341
f 11004 11766 11003
f 9242 9241 8734
f 637 5121 5399
f 8987 6678 4861
f 4599 4603 4756
f 4337 5132 4109
f 8521 3381 3095
f 11090 11224 11225
f 11370 11882 11130
f 1896 745 744
f 12183 12344 13112
f 11744 12908 11112
f 11573 8576 12627
f 2990 5908 448
f 7996 7547 7549
f 2702 1615 1606
f 8753 9323 8752
f 7969 7532 7979
f 7417 10806 4680
f 1190 4332 3495
f 12684 12433 12442
f 6490 8176 7293
f 5310 1446 5590
f 4359 969 1241
f 1066 2187 1360
f 11818 12906 13346
f 3996 4293 4604
f 9572 4821 9049
f 5685 8602 5684
f 3091 3376 12936
f 2707 1887 2147
f 1402 1391 1100
f 330 2325 2077
f 6140 3223 5869
f 1678 2495 2767
f 10113 10445 10737
f 13378 12942 13377
f 273 842 855
f 8616 11636 11637
f 10633 12407 8598
f 4846 6649 6089
f 9342 8773 9639
f 5964 7344 9165
f 11581 8573 11604
f 12345 12190 12348
f 5613 7416 4699
f 6436 8122 8132
f 23 603 11924
f 12000 10096 10883
f 7487 10829 10059
f 8234 8231 6537
f 6529 6253 8223
f 5246 7517 1102
f 8027 7196 6324
f 6874 7600 7632
f 8929 8928 9211
f 11311 11110 11857
f 5714 5724 4737
f 11074 11833 10984
f 10584 4256 3959
f 7157 2906 7671
f 5453 5176 5168
f 11788 11148 11268
f 470 2433 2710
f 5528 1389 1382
f 10586 10585 10097
f 10554 10852 10395
f 905 897 5103
f 6654 12283 6924
f 10266 9949 10276
f 10093 10882 10099
f 7579 6962 6692
f 12326 12323 13255
f 10647 12498 10652
f 13543 11380 13388
f 11142 11132 11249
f 11088 11204 11087
f 7373 8521 2246
f 8924 9497 9785
f 11664 12015 12822
f 2271 2555 1816
f 10729 12008 12810
f 3363 6263 5971
f 716 5456 5173
f 8954 9523 8953
f 10763 10631 11929
f 1246 962 933
f 12332 12169 4974
f 10419 10882 10093
f 1731 12827 12582
f 2222 1983 1982
f 12433 12676 12431
f 10299 5676 5691
f 4980 4979 7787
f 1770 2356 2078
f 1442 1156 4606
f 7647 6957 9346
f 11157 11040 11797
f 6305 6014 6562
f 7549 7547 7986
f 11911 12738 11933
f 8834 9404 9400
f 12599 8654 12037
f 12550 12809 12437
f 11404 10210 12964
f 6170 1591 6161
f 8109 6135 6134
f 10194 13044 9877
f 3288 3280 2991
f 97 113 110
f 10530 10374 10517
f 7990 4751 7548
f 934 4423 3505
f 8840 8834 9123
f 7075 6803 3351
f 7828 8936 8937
f 10749 12025 10741
f 836 3378 3092
f 9477 8894 9764
f 12805 12438 12436
f 947 1268 1245
f 11139 11887 11374
f 12818 12821 12577
f 5594 7515 7899
f 3726 10341 3447
f 4199 3904 1650
f 7818 3096 7098
f 845 5583 275
f 10906 10905 10614
f 3546 3544 1303
f 7289 6485 8169
f 12051 13208 10918
f 9415 7321 8465
f 4656 7477 7917
f 8922 9495 9496
f 6057 5819 5820
f 10893 10892 10897
f 558 12556 3966
f 3052 7348 8496
f 128 2366 398
f 2079 4426 991
f 11394 11553 11899
f 1917 2729 2454
f 1066 4502 1919
f 431 420 1587
f 2751 2194 2473
f 8205 8204 6507
f 8205 6507 8204
f 9709 2478 9144
f 11912 10648 10804
f 3243 6144 8384
f 2840 12892 13312
f 1925 2459 2740
f 2109 1844 2107
f 4732 4568 4727
f 9805 9227 6580
f 5467 5575 5286
f 11168 11823 11095
f 10002 7470 7463
f 3482 353 1519
f 5989 5986 6279
f 3849 2093 3529
f 4522 4514 1074
f 3958 1415 3650
f 154 714 147
f 5237 4212 3914
f 4030 583 5048
f 8606 10736 12023
f 4230 2767 4537
f 7979 7532 4746
f 7101 6831 12342
f 4892 4888 9070
f 810 520 1692
f 9517 7830 8945
f 9517 8945 7830
f 1338 5474 1045
f 8824 7014 9398
f 7170 8077 8339
f 11665 12013 10735
f 5555 3631 1409
f 13396 11031 12955
f 13511 13252 12160
f 5552 3940 4237
f 4585 1435 1142
f 5945 7299 6500
f 8333 8332 7183
f 4100 3808 3809
f 8665 13045 9310
f 1211 1262 970
f 8994 9576 9628
f 4052 3741 3752
f 12196 13280 12350
f 8229 9739 9173
f 8743 8755 7163
f 8632 8622 12439
f 5264 3941 5538
f 1733 34 575
f 7548 7976 5718
f 11282 11396 11907
f 11340 11231 11859
f 7987 5725 7980
f 10113 10737 10728
f 9568 6687 6608
f 7561 10903 10907
f 7774 7050 7049
f 7774 7049 7050
f 12467 11930 10642
f 11017 13381 12937
f 1297 3533 1292
f 4832 6945 6677
f 6650 6089 6649
f 5971 6263 5968
f 13305 12900 10975
f 12011 12561 12442
f 10598 12813 10883
f 13104 13111 13531
f 1678 513 2495
f 10721 10099 10427
f 2658 1560 394
f 11893 11547 11146
f 1717 4259 5007
f 1167 2055 2269
f 10428 10101 10590
f 8937 7107 9508
f 1092 5534 5251
f 9417 9137 8849
f 3375 12940 3374
f 1252 3520 3524
f 3727 4045 3746
f 5002 9204 6819
f 4245 5548 5263
f 10422 10592 4261
f 117 669 388
f 12045 13194 11459
f 6681 9621 6951
f 596 5148 1541
f 13147 13439 12234
f 3321 5939 3028
f 2223 1965 1953
f 345 78 1529
f 10588 10882 10419
f 507 222 502
f 10540 12663 10567
f 3023 5938 7302
f 9088 8790 9083
f 4264 1133 5284
f 13415 13311 11705
f 12858 10977 11868
f 9525 8955 7117
f 8950 9520 8949
f 1217 926 9000
f 7594 7612 6886
f 9788 9501 9212
f 3745 4089 38
f 12044 10992 12147
f 10942 11741 11742
f 3343 3053 7341
f 2535 2254 2534
f 1811 2076 2619
f 7256 8406 7262
f 4578 3666 9787
f 2573 3459 12644
f 12624 11617 8592
f 10459 10319 10305
f 4943 5951 7027
f 5241 5240 5517
f 10381 10546 10534
f 12683 8618 12443
f 6581 6964 6909
f 10449 10611 10617
f 1691 522 1687
f 10941 11756 12913
f 571 284 281
f 18 5318 5122
f 559 1718 840
f 8857 7033 7756
f 3985 3975 5284
f 2833 3191 8334
f 3745 4377 4066
f 3677 1435 3676
f 393 2638 1545
f 12208 12316 12154
f 5369 5098 5111
f 11912 10804 9987
f 7758 4955 7757
f 13289 12875 12899
f 9667 9095 4907
f 11994 11993 12791
f 3018 8435 7299
f 6238 4948 5952
f 5585 3664 1443
f 12404 8585 12507
f 5268 821 247
f 12104 12156 10245
f 12670 12426 2688
f 9231 9806 8956
f 4207 4204 3904
f 1989 2818 1726
f 4270 4263 3970
f 12709 12590 12707
f 7652 2887 5804
f 2864 5776 5817
f 259 1709 2520
f 6061 5784 2870
f 3930 4230 4234
f 12999 9911 11478
f 5916 2987 5912
f 3084 6556 7365
f 811 238 805
f 11631 4741 11646
f 10022 10385 5688
f 7813 3094 6008
f 6064 5787 6103
f 1910 2721 1902
f 432 3862 5899
f 12820 12572 10724
f 12965 9867 9843
f 10113 10603 10902
f 5585 5303 4576
f 3621 1393 1105
f 7650 4842 6654
f 8930 8929 9503
f 4597 4606 3692
f 10622 10621 10453
f 5775 6050 6324
f 6571 8528 7378
f 9136 8199 9713
f 4553 3645 4563
f 10830 3826 10053
f 10483 10378 10565
f 8161 6453 7271
f 4000 10337 10377
f 6114 3206 8358
f 3822 3821 4133
f 8107 6130 5856
f 4589 1147 1425
f 7542 4745 5722
f 11333 11862 12905
f 2526 2247 261
f 4732 5714 5720
f 5605 4719 10560
f 1783 2067 1800
f 5501 2190 211
f 5290 5572 5288
f 7224 2934 6408
f 5708 3958 3650
f 2826 3157 3110
f 11016 3093 3379
f 12588 12833 12449
f 12000 10883 10715
f 11796 11037 12956
f 2649 2360 2637
f 12800 12543 540
f 2224 2502 1954
f 8809 5455 1312
f 749 1889 745
f 4443 3543 4144
f 9810 11746 12264
f 12590 12700 12830
f 8458 8457 9426
f 3673 1425 4573
f 5085 5425 3769
f 3486 2610 4383
f 4576 3672 4575
f 4576 4575 1428
f 3061 6255 5972
f 714 5174 1310
f 3570 1333 4470
f 10155 10187 9860
f 1616 726 738
f 9381 8817 8404
f 1139 1429 1137
f 2765 2497 2774
f 4755 5731 5736
f 4755 5736 5731
f 5296 5574 3979
f 9785 9208 9209
f 5576 3981 5575
f 4622 12610 12622
f 4506 4507 3592
f 1622 456 453
f 1595 5876 421
f 6576 6566 8259
f 12983 13015 11426
f 10300 10834 10559
f 2505 2786 1693
f 7021 6748 4933
f 8942 9222 6842
f 7108 6838 7825
f 10617 5739 4757
f 8795 9085 9082
f 12971 13082 11446
f 6164 5877 3250
f 4331 4427 4133
f 7399 4686 4650
f 10730 12823 12016
f 6814 7083 3360
f 9359 9365 8791
f 7721 7003 6732
f 2012 614 1764
f 489 759 194
f 10117 10898 10895
f 10846 10845 10552
f 11675 12032 12709
f 10904 12017 12025
f 13118 11546 13117
f 10363 10543 10376
f 11762 13360 13364
f 3682 3679 1437
f 3997 3693 5588
f 6203 3289 8174
f 7552 7546 7556
f 2377 2664 1846
f 13455 12305 13232
f 346 80 2333
f 4193 1046 5201
f 7994 7542 5722
f 1146 4277 4278
f 4998 6813 7084
f 2610 2628 1537
f 11448 13062 8684
f 4589 3684 3683
f 5933 6473 6475
f 5505 5229 792
f 10110 10107 10430
f 2518 2779 1969
f 10881 10878 10094
f 13414 13180 12111
f 7417 5672 7912
f 12800 12569 10722
f 6384 8357 7209
f 11848 11873 11357
f 11792 12704 11788
f 469 2706 1637
f 10449 10443 4761
f 4301 3517 4422
f 5073 4107 5361
f 6741 4924 6733
f 5735 12694 12446
f 5735 12446 12694
f 4202 1653 773
f 4335 3449 1216
f 2211 1944 2204
f 1693 2786 541
f 11649 12688 12809
f 1897 189 2173
f 11157 11797 11271
f 8045 8071 6385
f 12683 2785 11633
f 10490 10807 10780
f 161 5889 2968
f 11205 11231 11340
f 11278 12708 11156
f 4163 6726 3866
f 491 10699 191
f 9568 6608 8996
f 2413 2137 6443
f 4392 958 3522
f 11549 10279 11542
f 12594 12840 12839
f 4787 5842 4847
f 3354 8228 6262
f 2445 180 462
f 5733 7974 7540
f 1431 4577 3674
f 5630 4643 5653
f 6345 2317 2603
f 1665 498 503
f 13110 11537 10272
f 8948 9225 9804
f 8656 12462 8655
f 12932 13371 11773
f 12599 12848 10747
f 11947 11969 12740
f 11037 11792 11033
f 13116 11551 13122
f 7307 6493 6491
f 3729 4038 4031
f 11652 8629 12009
f 11652 12009 8629
f 7828 7104 8936
f 10168 9901 13037
f 490 195 479
f 10603 10443 10902
f 8488 7350 7344
f 9163 4966 7767
f 10301 10500 10000
f 9849 10167 13013
f 9736 6791 9729
f 10834 7509 10559
f 11775 11018 6003
f 3480 940 1265
f 9257 4796 6609
f 8451 7308 8841
f 10562 4116 10398
f 7902 10019 5696
f 4588 1131 2809
f 4751 5731 7976
f 4599 7540 1153
f 5182 1317 8802
f 1247 960 2054
f 4182 3888 5482
f 9195 8889 9174
f 7991 5723 10425
f 2288 2560 1772
f 8630 11652 8629
f 1458 322 1481
f 11666 8645 12020
f 12636 11840 11325
f 6414 9080 9658
f 7285 8419 8423
f 4760 10900 10440
f 9512 9508 8934
f 5735 7978 8624
f 3728 5686 10020
f 1407 1402 3628
f 4501 4497 3591
f 11785 12942 13381
f 12398 8583 12397
f 12943 11027 11784
f 7128 8333 2922
f 12573 10724 10719
f 11843 13348 11348
f 11778 11022 11023
f 3255 7243 2961
f 931 3464 1238
f 8951 8945 9517
f 1926 2181 1925
f 5305 4289 1730
f 1137 4272 5292
f 359 4114 3830
f 2131 1607 726
f 3728 10358 5686
f 12603 12624 12365
f 5037 10550 4012
f 7081 6807 9474
f 1087 4516 1084
f 12572 10719 10724
f 8819 9390 9672
f 623 1487 86
f 9526 8950 8949
f 739 737 446
f 1355 1363 2196
f 3627 3623 4535
f 12008 13383 11782
f 6829 6828 5010
f 8673 9294 7667
f 9284 6637 9565
f 5590 4292 5309
f 309 331 1469
f 6524 6517 7335
f 8954 7835 7115
f 4778 4108 3804
f 13542 13388 13122
f 1752 2625 1797
f 1677 1675 512
f 10634 8570 12396
f 771 1650 484
f 7391 7387 8539
f 3484 4394 4395
f 2011 2630 2559
f 11847 11329 11220
f 3087 6288 11014
f 2189 1916 203
f 9087 9504 5011
f 12567 12001 10715
f 9110 9679 9103
f 9772 9744 9460
f 528 1686 807
f 104 1537 677
f 1618 730 2430
f 10918 11714 11061
f 2479 2751 2473
f 9819 13033 11197
f 10350 3771 5667
f 11297 11871 12914
f 3330 5961 6243
f 3979 3978 5294
f 246 245 826
f 1962 8510 3367
f 2001 93 1259
f 6633 4861 4862
f 4502 2740 1919
f 7994 5729 7544
f 1476 2613 316
f 1441 3687 4594
f 11084 10960 11747
f 1382 1092 1374
f 2002 944 1774
f 6704 6699 4881
f 10895 10602 4280
f 13288 11833 11347
f 13534 11545 13112
f 6591 4837 9029
f 98 1547 654
f 12219 12113 9867
f 5735 12446 5737
f 4566 3648 2511
f 7729 7722 7005
f 775 203 766
f 13255 13516 12161
f 11186 11210 11121
f 12552 12802 12562
f 12101 12135 12298
f 4893 8787 7691
f 7987 7980 5729
f 12889 13246 7670
f 9381 8404 1019
f 4638 5690 5663
f 2248 8616 11637
f 623 647 102
f 4183 3569 4474
f 6040 3125 8027
f 7290 8176 3000
f 10298 10559 5674
f 8535 7382 8265
f 9828 13053 13023
f 10729 12810 12563
f 10314 10482 5608
f 1037 5191 4467
f 3036 6751 3312
f 4077 3790 5393
f 6383 5838 7204
f 5198 1044 2166
f 917 4061 4355
f 12960 11159 11561
f 3231 3239 2945
f 9478 7802 8901
f 12799 10702 12552
f 265 6008 3378
f 427 415 416
f 6472 2998 5917
f 1744 2293 2565
f 13128 9965 10290
f 13128 10290 9965
f 5478 5204 5203
f 6848 7565 4786
f 8978 8983 9554
f 11919 11978 10653
f 11919 10653 11978
f 7785 9450 7065
f 9769 8906 9746
f 11289 11307 11851
f 8183 6479 6487
f 6525 7326 8855
f 2530 2794 2526
f 6930 6949 7676
f 1737 7165 2044
f 12862 10927 10972
f 8645 12020 11660
f 8645 11660 12020
f 5712 4745 5721
f 8934 9792 9793
f 4729 12434 3654
f 11159 11041 11273
f 7056 9450 7770
f 12949 13390 11894
f 2687 1867 2422
f 6754 4937 6751
f 1714 2797 1713
f 6571 7378 8263
f 5364 5153 3783
f 10773 10059 10038
f 8684 9263 9612
f 10655 12497 12741
f 147 1310 2113
f 3875 3871 4169
f 9217 8938 9213
f 3849 4154 5166
f 10090 10886 10594
f 4005 3783 5153
f 12547 12555 12556
f 3252 2958 3251
f 688 125 1829
f 6530 8221 5967
f 9460 8887 9452
f 6895 7681 13506
f 2092 115 677
f 13232 12141 10225
f 9442 8868 8862
f 3004 7279 11881
f 1783 1800 2077
f 11550 13115 10284
f 300 1532 374
f 5865 5873 6147
f 4002 4369 4391
f 11636 11635 12675
f 11600 4703 12638
f 9194 4987 7785
f 4317 3423 5670
f 6900 7640 8761
f 7898 7505 11616
f 5836 6382 2928
f 1911 2723 196
f 2152 2426 2417
f 4160 4905 6722
f 1666 791 792
f 5769 5810 6331
f 3622 4534 3630
f 6972 7687 6705
f 4348 909 4390
f 11653 8630 8629
f 7840 5609 8568
f 8877 3044 7345
f 8453 8445 7306
f 5584 3992 4287
f 3636 4256 4562
f 10508 4357 4664
f 8951 9517 9803
f 12054 12222 12311
f 5049 3819 3815
f 13138 13178 12041
f 10258 10264 12179
f 3034 3027 3315
f 10771 7495 4651
f 2557 2286 2591
f 10111 10433 10603
f 5514 5224 220
f 1442 4606 4597
f 3687 4605 4601
f 3501 1279 987
f 11955 10691 11954
f 3080 6283 5992
f 7901 8572 7452
f 1213 911 1212
f 12244 10202 12297
f 11902 11390 11388
f 10127 5743 7999
f 5298 270 5578
f 12744 12645 12514
f 2362 1823 2640
f 11101 11234 10213
f 8319 9328 8767
f 11278 11272 11158
f 11699 13351 10946
f 2708 1890 2432
f 9792 5019 9791
f 9128 9694 8829
f 8223 6522 8215
f 3468 955 1236
f 12834 12579 11032
f 4483 3575 2448
f 4927 5929 6215
f 8540 8269 8271
f 5254 5253 4231
f 10874 5278 5562
f 7745 3032 7742
f 6174 5905 5898
f 3660 4567 3659
f 6306 3103 6298
f 13378 3089 3373
f 4549 3656 3654
f 13307 13469 11732
f 3 12420 12664
f 6838 3989 4284
f 924 4381 3473
f 10270 9777 9946
f 9484 8916 8908
f 7057 8883 9453
f 396 2643 2364
f 606 84 2872
f 7801 4998 7084
f 12799 12552 12562
f 2471 2749 1927
f 10551 10077 10405
f 13358 12920 11364
f 5021 9215 3989
f 5017 6835 6836
f 6302 6836 5016
f 1719 5300 843
f 12219 10193 12113
f 11390 13395 11389
f 3407 872 1227
f 156 1857 707
f 8929 9211 9503
f 1654 4204 10575
f 10101 10880 10884
f 8216 7325 6523
f 7103 6831 7101
f 10910 10127 7999
f 7896 7882 7514
f 5457 5175 5169
f 11684 10916 11694
f 3865 5187 4166
f 8952 9520 9802
f 576 643 662
f 307 56 325
f 8289 7167 8011
f 11520 10254 11519
f 11520 11519 10254
f 6511 9134 8843
f 10731 8634 12575
f 1982 1143 2805
f 3032 3320 3317
f 5191 5186 4165
f 3080 5992 3079
f 2381 2667 2659
f 8171 6478 8182
f 8256 8255 8525
f 1713 550 2800
f 3052 8485 7343
f 9668 9670 9099
f 3689 4603 4602
f 2941 6147 3240
f 1405 2220 3629
f 7867 7450 4663
f 6651 7627 4828
f 10617 10611 5739
f 2122 424 1580
f 3093 3377 3379
f 11916 10679 10631
f 7789 7062 7067
f 5067 615 5341
f 6845 9959 12349
f 6242 5960 6518
f 1688 521 1686
f 174 729 444
f 8097 8086 6393
f 8687 4785 8971
f 7825 6838 5020
f 6511 8468 8213
f 5327 3713 4112
f 4922 4915 6735
f 9114 4930 4925
f 976 4432 3526
f 8619 1968 2237
f 12929 11769 13367
f 9961 12348 12190
f 8874 7783 7064
f 13294 13343 12904
f 6304 3389 3107
f 8556 11625 12655
f 4217 5231 5514
f 8473 6515 8211
f 1602 4163 445
f 7222 7233 8377
f 6440 6426 8126
f 4552 1104 1398
f 7032 7755 8853
f 1990 1725 849
f 5957 4945 6246
f 10721 7983 10099
f 12853 11722 10957
f 11561 9966 13129
f 8050 5837 6369
f 2260 1990 849
f 8537 8533 7383
f 9809 10199 9870
f 353 2617 1530
f 2539 2538 2813
f 11109 11221 9913
f 10002 10328 3725
f 4841 6934 7645
f 6653 3180 6934
f 7560 8000 10119
f 2230 2512 1959
f 13158 11477 10151
f 5114 5378 1244
f 2501 2496 2766
f 287 2559 1464
f 6874 6672 6646
f 295 2311 2007
f 12611 7494 11580
f 4917 9101 7717
f 3464 4377 4370
f 9162 7773 4971
f 1091 5250 4525
f 9998 13212 10800
f 9161 8867 4977
f 530 528 240
f 466 174 746
f 9525 9518 8955
f 802 1949 2498
f 6274 6818 7071
f 2019 2041 1747
f 8506 6561 8242
f 3051 3347 6264
f 10462 4122 10337
f 4752 10886 10596
f 12820 12015 11664
f 5169 5445 3854
f 9470 9741 9751
f 8144 6448 6455
f 12726 12497 12507
f 5244 5522 4219
f 7560 5741 7998
f 13209 7619 6941
f 8580 12411 12654
f 1179 3402 3435
f 9161 9722 8867
f 3964 3972 5288
f 569 1991 281
f 11684 11685 12221
f 2440 2159 475
f 9962 9960 10287
f 4954 7044 4948
f 1270 4417 975
f 1270 975 4417
f 10081 5139 5414
f 451 237 532
f 7149 8292 8351
f 3033 5947 11002
f 6153 8237 3357
f 5587 5305 854
f 3228 135 688
f 9002 9576 8733
f 399 3530 2365
f 8869 9438 8477
f 4660 5648 7907
f 7606 4861 6924
f 6478 5920 9117
f 10349 10068 10510
f 12838 10612 10616
f 8950 8946 9520
f 299 1507 69
f 7339 5969 6527
f 4201 3911 3600
f 5255 5251 5534
f 1602 445 1612
f 12092 10171 12278
f 2583 2313 2036
f 3643 3647 4555
f 7543 7987 4750
f 1912 2459 2731
f 1997 1797 2342
f 2504 2501 2773
f 2504 2773 2501
f 782 5495 214
f 2881 3168 2867
f 2339 2604 2332
f 5760 296 12482
f 8509 7369 7355
f 8654 12030 11672
f 7166 8312 7158
f 10436 10899 10442
f 8589 10689 10672
f 6738 4917 5911
f 4556 3652 3638
f 12560 12557 12803
f 12560 12803 12557
f 7441 5655 963
f 13191 7582 4860
f 10273 13111 11541
f 1083 4512 1078
f 747 734 173
f 13209 13499 13474
f 13376 3372 6291
f 11286 11454 11303
f 8872 8865 9441
f 809 2213 522
f 9009 13030 8752
f 13385 12947 13389
f 4823 6641 4822
f 1649 760 757
f 9415 9127 8840
f 12877 12114 10994
f 4617 4705 3433
f 1003 1297 1301
f 841 268 267
f 7568 6895 6631
f 1754 1474 601
f 8535 8534 7382
f 13300 12914 13344
f 7252 2414 6438
f 10012 10857 10562
f 8631 11649 8635
f 12638 4703 11613
f 11794 11272 12834
f 8405 6458 8141
f 10437 10885 10597
f 8648 8643 11664
f 558 12804 12556
f 802 1675 1949
f 5347 1229 5368
f 10316 3712 10480
f 5392 10838 5125
f 1519 366 1527
f 7992 10897 7553
f 918 971 4419
f 2391 2112 2105
f 436 6159 5885
f 4235 3938 3933
f 9223 5023 9219
f 4551 3652 1124
f 1431 4578 1132
f 12981 9844 11316
f 7856 9980 4642
f 12797 12563 12551
f 7141 8294 8338
f 10380 12522 3785
f 10456 12035 12581
f 5310 5590 5309
f 3100 3103 3386
f 8650 8644 11669
f 11443 11509 13076
f 5585 5584 5303
f 8955 7835 8954
f 6380 7202 6397
f 13263 12337 12177
f 2444 463 2165
f 1190 880 4324
f 2230 539 2512
f 4762 5741 10441
f 11064 11222 11853
f 7549 7986 5728
f 2674 1844 2109
f 2225 2500 2774
f 395 383 2641
f 10137 9854 9906
f 2994 3283 3278
f 9945 9489 9779
f 4310 5655 4646
f 6203 5916 5912
f 594 336 326
f 3548 4455 1006
f 10481 10774 4656
f 12457 12577 12578
f 3352 7063 3053
f 5194 5464 3871
f 12552 10702 250
f 12552 250 10702
f 11185 11074 11238
f 4295 3997 4293
f 2226 1964 2236
f 4643 4698 7471
f 4801 8729 7671
f 3313 3309 3022
f 13524 12180 9940
f 7739 9120 4932
f 7120 6315 8310
f 3561 1323 164
f 8204 7328 8466
f 1436 1145 1144
f 4629 5659 7949
f 9945 9779 9205
f 715 704 152
f 7314 8447 8451
f 1267 3521 4424
f 11337 11855 11866
f 8272 11157 11277
f 12347 12191 9959
f 6816 6272 3350
f 5495 5488 5211
f 3044 4966 6780
f 6415 8118 8117
f 8746 9023 7178
f 3756 4081 5142
f 719 3251 157
f 684 113 120
f 7068 7783 4976
f 3366 13374 3075
f 2092 1820 2090
f 11692 3124 12886
f 567 1727 280
f 8243 5989 5990
f 5040 5337 5062
f 12020 10901 5307
f 6839 6837 5019
f 2529 11140 11260
f 6447 8152 8413
f 5245 1391 1101
f 11775 6003 6289
f 11800 12356 13545
f 7610 6902 7626
f 10621 10127 10910
f 7812 7095 7820
f 10746 13391 12021
f 1652 2738 2466
f 3993 5586 3986
f 9098 4908 3551
f 3698 5741 3994
f 3698 3994 5741
f 6580 8270 6563
f 1570 399 412
f 7409 9251 869
f 12680 541 2786
f 8299 3138 2850
f 9510 7104 9790
f 8962 8672 8737
f 1370 4507 3601
f 1831 1824 2083
f 9803 5023 9223
f 505 790 225
f 4870 6954 6695
f 9467 9465 9932
f 11298 11831 11310
f 7724 7719 4919
f 7806 4982 6800
f 2487 2483 2755
f 132 2086 2095
f 13528 7807 13270
f 4557 3640 1125
f 7998 10122 7558
f 9516 11385 13119
f 8746 7178 8330
f 10462 10824 5144
f 8646 12585 12459
f 7409 869 7950
f 10741 11657 8637
f 11164 11816 11342
f 11394 11899 11384
f 590 52 65
f 7391 8947 9524
f 2555 2561 2289
f 12572 10724 10717
f 12572 10717 10724
f 13032 10231 11471
f 3392 864 4298
f 11668 12825 12698
f 1694 253 537
f 11683 10915 12053
f 4485 4184 4476
f 2745 2478 9709
f 10086 7975 10885
f 4599 1153 3696
f 4077 3805 3790
f 12352 9958 13539
f 1338 1342 1042
f 6772 4949 9719
f 531 1704 543
f 7722 7720 6730
f 6858 6914 4843
f 6367 3200 2893
f 2874 7187 8313
f 7994 5732 5729
f 9153 9726 8854
f 8810 9096 3552
f 7589 6943 8732
f 2990 3279 5908
f 7288 3006 8436
f 5471 1612 445
f 12040 11678 11676
f 8015 8286 9262
f 2837 5820 6097
f 10285 12194 12192
f 11282 11905 11393
f 3764 3791 4116
f 2822 6571 8263
f 10877 10883 10096
f 3360 3358 3080
f 13324 12898 2883
f 5675 4686 5691
f 1712 835 1711
f 12491 12758 1535
f 8142 6454 8148
f 7210 7201 8360
f 11164 11092 11816
f 8583 12401 11598
f 8673 8764 9294
f 8230 7347 6533
f 13301 13431 12884
f 7010 5471 7726
f 8162 8410 8155
f 4307 3465 4322
f 1598 1604 449
f 11400 13211 10063
f 8633 11650 12690
f 6626 4858 9054
f 10113 10112 10111
f 5591 5309 3696
f 2087 116 673
f 1515 4096 3789
f 12592 12459 12828
f 1950 1947 2213
f 8701 9582 9305
f 2707 2147 2428
f 8553 12370 10694
f 9605 9052 9032
f 8952 9802 9519
f 5799 6070 6087
f 13263 13262 13261
f 12972 9875 11447
f 11835 12905 11356
f 5308 4293 1159
f 3727 321 3424
f 5415 5150 5432
f 9188 11522 9186
f 1788 954 2051
f 4611 10526 10564
f 5012 3965 4260
f 2776 537 2510
f 10613 10444 10612
f 10800 10541 10572
f 2691 2420 2698
f 7844 5673 3459
f 12750 11944 12784
f 8925 11532 13100
f 4492 4488 1047
f 1756 600 604
f 8967 4796 8671
f 4515 1069 1370
f 13375 12940 11015
f 11941 8585 11606
f 8170 6216 6486
f 11697 11742 10980
f 12600 12599 12465
f 9210 9502 8928
f 3698 3994 5589
f 2095 1841 701
f 3564 2430 2143
f 9138 8847 9719
f 310 3743 3470
f 3295 11365 8426
f 9810 11743 11746
f 10090 10594 10417
f 2152 2417 2695
f 9521 13124 11386
f 7198 7208 6399
f 5269 4235 5555
f 6018 3388 8268
f 9461 8881 9745
f 8004 6313 8007
f 12465 12599 12848
f 4717 7516 5701
f 5033 5360 4023
f 10500 10058 10840
f 11891 8923 9498
f 11686 10976 11713
f 11696 10958 11695
f 11400 13075 10239
f 7676 6697 4884
f 10435 10597 10885
f 11914 12623 11590
f 1168 1174 1287
f 6154 2948 3240
f 12035 10908 10129
f 11207 11329 11847
f 6949 6674 6965
f 5306 6838 4284
f 10506 5652 10353
f 13259 7810 7088
f 10437 10607 10899
f 2424 2139 1881
f 11154 11269 6575
f 11397 11279 11281
f 1384 5530 5234
f 12573 12824 12822
f 3705 4132 3832
f 6993 5455 7709
f 713 5449 5177
f 9140 8195 9709
f 6204 5924 6193
f 10805 7455 10519
f 7390 7386 8269
f 3759 5413 339
f 690 130 698
f 8488 3338 3045
f 9420 8453 9707
f 8875 9451 9168
f 3642 4554 3646
f 12487 10322 10034
f 4562 3644 4558
f 2602 1778 964
f 13033 13067 11501
f 3631 3939 4536
f 280 1727 2257
f 4270 3971 4263
f 9609 9634 9060
f 12801 11778 1702
f 12594 12026 12837
f 13287 12202 13549
f 4983 7069 7781
f 6814 6271 5995
f 466 1628 457
f 10755 4036 4006
f 13391 8524 12021
f 7580 6858 13170
f 8736 8735 9019
f 7762 7759 4956
f 10842 10855 10068
f 3442 4337 903
f 8299 2073 7150
f 4267 3966 4261
f 3539 1005 4450
f 5911 2984 6186
f 8999 6961 9286
f 11794 11790 11038
f 2503 2216 2771
f 2438 2712 2429
f 12669 2681 2394
f 10093 10875 5276
f 6490 7293 8438
f 7176 8073 8344
f 11371 13370 12931
f 8655 12709 11671
f 5573 8930 1423
f 435 1877 1606
f 4483 2175 3579
f 5436 5152 3838
f 8281 8049 8029
f 12049 12153 12214
f 9557 6682 8031
f 4239 1687 3934
f 10187 9609 9060
f 1376 3604 1368
f 6170 1599 5908
f 2997 8415 3277
f 9685 9401 7009
f 9000 6690 4874
f 1170 8740 9296
f 7105 7823 5300
f 4140 382 3836
f 6734 9677 9389
f 31 38 596
f 8125 8381 7235
f 5954 6237 6763
f 4203 4206 1657
f 13095 10260 9937
f 10806 10517 4680
f 11995 11999 10710
f 4227 5544 3944
f 6204 5913 3000
f 8131 6425 8121
f 7793 4988 7787
f 10128 10906 10123
f 12705 12457 12578
f 12455 2546 2820
f 400 1574 1568
f 3942 4230 3634
f 5617 4692 4682
f 5594 5657 4660
f 6277 3355 3085
f 7283 6474 8156
f 8079 8340 8339
f 9669 8806 9389
f 6571 8255 8528
f 12716 10548 12487
f 7089 7804 7808
f 13456 12299 10982
f 4034 4078 5092
f 5590 3697 4292
f 11022 6293 11780
f 10219 10236 9908
f 9228 9802 8946
f 2232 8511 8510
f 9145 6763 9711
f 3342 3057 8489
f 12217 10178 12107
f 8265 6573 8260
f 1347 3890 3580
f 1723 1722 564
f 6478 9117 9692
f 11705 10947 12302
f 13551 13550 13402
f 13551 13402 13550
f 13284 13546 12199
f 9439 9431 9718
f 12425 2699 2413
f 5180 5452 5178
f 9371 9657 9659
f 6229 5941 3301
f 11670 8642 12457
f 7886 7476 7919
f 10731 12011 8634
f 7123 8317 7129
f 9231 9525 9806
f 3250 5877 2957
f 13421 13149 13187
f 13421 13187 13149
f 13073 10222 9895
f 12597 12596 12844
f 11145 11146 11263
f 8943 8942 7112
f 10815 7468 10065
f 10742 12017 10904
f 8869 9441 8865
f 9514 8940 8941
f 13145 13175 13505
f 8823 9394 8820
f 4660 10510 5648
f 12794 10700 12545
f 4295 4759 3997
f 6268 3351 3062
f 5058 5375 3801
f 2791 1971 11635
f 7550 10897 7990
f 6717 7695 6980
f 5527 5519 5239
f 8666 13198 12997
f 11022 3090 6293
f 400 2665 1574
f 1119 3631 4540
f 8719 8779 9051
f 9837 9612 9042
f 9967 13126 13128
f 504 1660 221
f 6527 5969 6256
f 11993 10717 10709
f 4088 641 1520
f 3431 4414 966
f 4734 5716 4743
f 5357 5081 5356
f 12217 12057 10236
f 9126 6495 7296
f 11435 11456 10243
f 6252 5973 5967
f 11262 11144 6560
f 1630 2714 470
f 10447 10124 5738
f 8842 8444 9407
f 3112 2841 6928
f 3052 5965 6257
f 1634 2437 2711
f 3058 3344 6253
f 2576 2308 2300
f 11004 13363 11763
f 1171 5617 7891
f 12369 12740 12511
f 6411 5863 5853
f 6188 6177 2977
f 3371 12933 13372
f 4627 4711 4620
f 3429 973 4400
f 11805 11221 11066
f 12876 11747 10986
f 10166 11460 8695
f 5073 5361 4130
f 11001 13364 12925
f 6236 6231 5946
f 3152 6059 5804
f 6812 4984 4995
f 2211 8475 6531
f 3099 6297 6837
f 12087 9901 12306
f 3963 4258 4252
f 1907 2449 2728
f 1350 1052 3581
f 4240 524 3935
f 11040 6019 11795
f 4619 5639 12392
f 6270 8233 6544
f 7456 969 4714
f 1118 4545 1951
f 13284 12199 12355
f 7979 4746 7977
f 2688 2416 2411
f 3084 7365 3370
f 4784 6876 6609
f 1061 5213 5489
f 2097 117 2373
f 8577 8590 10670
f 11519 13087 10254
f 7677 6699 6952
f 12242 12134 12269
f 12707 12590 12834
f 13297 13479 11336
f 11831 13330 12887
f 11392 11275 11153
f 7147 8341 7151
f 5001 9485 7092
f 10634 12396 12492
f 10131 10128 8003
f 10131 8003 10128
f 3068 3357 3067
f 5219 773 204
f 13204 13467 13234
f 4826 6671 9620
f 12608 12477 12370
f 12594 10746 12026
f 7044 7749 4948
f 11038 11152 11272
f 10333 12757 10514
f 10089 10707 12548
f 12092 12114 12274
f 7115 7833 7113
f 6617 6375 9558
f 12355 12354 12195
f 1860 2122 1851
f 6303 3382 3097
f 11676 8653 11673
f 10310 10825 10476
f 5161 6976 5444
f 12330 9924 12169
f 5929 5926 6210
f 1834 680 2096
f 12952 13391 12951
f 10632 10674 8555
f 10632 8555 10674
f 6270 6544 5999
f 4379 3491 965
f 9002 9628 9576
f 9688 9113 4923
f 4650 5675 4649
f 7990 10897 10118
f 7103 13532 6831
f 11926 12725 12762
f 13545 12356 12355
f 2815 1992 2545
f 3039 7033 7024
f 10136 9866 11453
f 11786 12190 12345
f 3694 5736 4601
f 13111 11540 13531
f 9216 9796 9795
f 1988 2537 2810
f 3701 10531 3772
f 2197 2475 2746
f 3682 1436 3679
f 7801 7800 4998
f 9673 9385 8159
f 9482 8919 8917
f 12963 11801 12202
f 5920 5912 6190
f 9964 10286 11394
f 11219 12119 9874
f 12840 12706 12460
f 7090 6810 4245
f 11267 11785 13381
f 3910 563 3672
f 1830 2084 1819
f 11073 11070 11827
f 5955 6230 8442
f 9474 9754 8894
f 8846 9421 9423
f 2347 2084 2359
f 9954 12188 12348
f 11395 7387 7391
f 3877 4472 4172
f 4651 7495 7887
f 956 5416 5118
f 9761 9183 6543
f 5 11921 10675
f 4401 4397 3503
f 2940 3237 6146
f 7969 1125 1416
f 4162 6721 3863
f 11403 10193 9867
f 13059 11500 11344
f 3766 4083 5376
f 5011 6829 9783
f 3085 5999 6287
f 8470 7323 8468
f 8470 8468 7323
f 13318 12915 13353
f 2543 2542 2259
f 6817 7073 7784
f 1839 11626 8608
f 420 1586 700
f 12547 12556 12804
f 3358 8244 6283
f 5019 6297 6300
f 5466 5185 5463
f 7650 7653 2895
f 2209 1941 2203
f 279 278 848
f 12601 12402 8564
f 4448 3847 1297
f 13302 10972 11734
f 12040 12594 10750
f 8995 9610 9063
f 3116 8305 2848
f 6300 6569 8260
f 11599 8599 8586
f 11767 12925 13250
f 9968 10797 10318
f 2535 1984 2254
f 4053 3771 4075
f 9497 9786 9496
f 8022 5843 4815
f 11674 11663 8641
f 7675 2913 5848
f 4342 4340 3477
f 10585 4258 3963
f 2540 2803 2256
f 4666 10571 10549
f 4248 533 1702
f 6710 8102 6141
f 13085 13526 9492
f 13511 13250 13513
f 8101 6397 7202
f 898 3524 1282
f 2865 3147 2906
f 13130 13125 9963
f 11382 11032 11897
f 8027 6324 5773
f 13545 13543 13281
f 1582 1573 695
f 13364 11761 12924
f 3714 4105 3776
f 12713 12600 12465
f 856 5122 1176
f 9500 9507 8925
f 13397 12951 10746
f 9806 9230 8956
f 11581 12635 7496
f 10268 8922 9786
f 6524 8467 7324
f 287 42 2011
f 5349 5127 1202
f 9944 9203 8918
f 8954 9522 7116
f 6626 9054 9577
f 8396 9377 7243
f 8319 7163 8755
f 4240 3935 5535
f 10258 9934 12176
f 5928 3293 3015
f 11883 11369 11882
f 4373 3496 4103
f 13106 11542 11534
f 6580 8269 7386
f 11192 11071 11112
f 8507 7355 7370
f 7678 6970 4879
f 5735 4752 7978
f 8143 6453 8409
f 2250 2794 2530
f 11883 11882 11370
f 7988 8637 7545
f 3106 8537 7383
f 4368 3476 940
f 8675 7647 9346
f 7992 10116 10897
f 397 408 1571
f 4050 4342 3826
f 947 956 1808
f 3948 5541 5258
f 5369 5100 5098
f 2685 6436 8132
f 9126 7296 8833
f 7049 6770 4959
f 12486 10683 12517
f 12554 1702 12543
f 10524 10376 12771
f 7801 7799 7083
f 6817 6823 5003
f 11358 3222 13356
f 402 1569 411
f 4929 6749 4932
f 10983 11239 11356
f 9417 9714 9137
f 11138 11250 11367
f 11878 8417 7269
f 12029 12699 10745
f 4752 10890 10886
f 9796 5016 9794
f 5758 3114 2869
f 2569 1762 992
f 1715 4265 3974
f 12809 12688 12437
f 6815 6814 4996
f 5415 990 5150
f 10753 12846 12597
f 12465 12711 12464
f 5502 5222 210
f 2349 2641 383
f 5240 5516 5517
f 5983 6274 3349
f 10460 12756 10335
f 9706 9124 9696
f 12180 12178 12179
f 530 240 812
f 1204 900 899
f 7828 7109 7827
f 12568 12813 12000
f 13037 9901 11480
f 932 1782 1779
f 7061 5252 7788
f 3437 5667 3771
f 12009 10722 12562
f 2845 5844 3207
f 6443 8389 11241
f 3086 6284 3076
f 12434 12439 12682
f 2543 2807 2252
f 11436 13021 9857
f 12213 12094 13196
f 2035 2074 1808
f 13429 12126 13421
f 6592 4815 7594
f 7368 8940 9514
f 3685 4591 4739
f 170 169 450
f 10691 10856 10069
f 10606 10441 10435
f 6106 3193 5828
f 8775 8350 9052
f 9090 9081 8791
f 7397 13012 10837
f 10909 8002 10449
f 3155 6066 6643
f 10910 7561 10131
f 7479 11959 7947
f 3354 3065 3353
f 3466 3800 5377
f 4440 3541 1301
f 10756 10356 10514
f 10177 11472 11476
f 8935 9505 9797
f 11289 12976 11299
f 2174 2730 2450
f 10129 10908 10125
f 12317 11767 13250
f 6104 3095 3381
f 11276 11391 11275
f 12100 12310 10176
f 6504 8444 8842
f 12038 12847 10912
f 8144 6455 7266
f 10663 8584 7914
f 8173 9689 9120
f 3551 4452 3546
f 1399 1099 5251
f 2718 1642 2443
f 9925 13087 11519
f 2249 2795 1977
f 5037 10842 10550
f 3971 4266 5569
f 4552 4244 5264
f 4552 5264 4244
f 552 261 831
f 1765 618 1509
f 7116 7834 7114
f 6884 8721 9278
f 1186 927 967
f 9117 4922 9684
f 2536 4584 3680
f 9849 9881 13006
f 9741 9170 9165
f 12696 12575 12448
f 764 1640 480
f 8269 6563 8530
f 12960 13284 13547
f 11803 11084 11309
f 13266 8918 7809
f 1335 5479 1334
f 11174 11087 11122

