# https://github.com/mikedh/trimesh
mtllib material.mtl

o boxtiny.obj
usemtl material_0
v 0.08471723 -0.03151583 0.12120433
v 0.08476923 -0.03124383 0.11937733
v 0.08661323 -0.03272683 0.11946233
v 0.08658023 -0.03204983 0.12120033
v 0.09518223 -0.02982683 0.12158533
v 0.09265123 -0.02975783 0.11952733
v 0.09698023 -0.02893983 0.11951333
v 0.08953323 -0.02898783 0.11769933
v 0.09177623 -0.03010583 0.12135933
v 0.09456323 -0.02853783 0.12299933
v 0.09172823 -0.02695183 0.12333333
v 0.09256323 -0.02683183 0.11688933
v 0.09578923 -0.02798383 0.11854733
v 0.08668323 -0.02698083 0.12418333
v 0.08513023 -0.02820583 0.12314333
v 0.08414523 -0.02805683 0.12224333
v 0.04926623 -0.02534083 0.10303633
v 0.04926623 -0.02534083 0.10303633
v 0.08540923 -0.02594083 0.11942633
v 0.09863923 -0.02623883 0.11788733
v 0.10185423 -0.02609983 0.11616233
v 0.08850923 -0.02667583 0.11647933
v 0.10017723 -0.02626783 0.11967733
v 0.09497923 -0.02615583 0.11849533
v 0.10017223 -0.02632583 0.11580533
v 0.08343023 -0.02288883 0.12345633
v 0.09752823 -0.02832283 0.12118333
v 0.08310023 -0.02467783 0.12473433
v 0.09442923 -0.02447383 0.11908633
v 0.10053723 -0.02469983 0.11505433
v 0.09758523 -0.02379083 0.11905533
v 0.06032523 -0.02399383 0.01270533
v 0.01561223 -0.02467283 0.02515233
v 0.05586523 -0.02360883 0.02917333
v 0.01520623 -0.02454483 0.02924033
v 0.07208023 -0.02406983 0.06570533
v 0.06221823 -0.02441883 0.05665133
v 0.09066323 -0.02534783 0.11369533
v 0.01521823 -0.02306883 0.01918433
v 0.08566823 -0.02347183 0.11735533
v 0.04226923 -0.02077983 0.09714433
v 0.04226923 -0.02077983 0.09714433
v 0.01731823 -0.02471183 0.02968233
v 0.02293023 -0.02349383 0.02775233
v 0.02023323 -0.02498483 0.02678133
v 0.06033023 -0.02517683 0.02194833
v 0.05525123 -0.02473783 0.02428733
v 0.05884423 -0.02522483 0.02609633
v 0.09546423 -0.02450883 0.11986033
v 0.06469223 -0.02463483 0.05550333
v 0.01880923 -0.02499383 0.02335933
v 0.08380523 -0.02331083 0.07450333
v 0.08837723 -0.02396183 0.12562633
v 0.10117623 -0.02319883 0.11326633
v 0.04448423 -0.02320683 0.09714433
v 0.04448423 -0.02320683 0.09714433
v 0.10237323 -0.02260483 0.11251433
v 0.10225623 -0.02483483 0.11455733
v 0.05060223 -0.02250783 0.10459633
v 0.10370323 -0.02364383 0.11817233
v 0.08291023 -0.02423383 0.07635333
v 0.10299623 -0.02430683 0.11956533
v 0.09340123 -0.02249483 0.12493533
v 0.08494923 -0.02350583 0.08882833
v 0.08381923 -0.02221783 0.12464033
v 0.10082823 -0.02374983 0.12191233
v 0.10410023 -0.02221383 0.12256333
v 0.08366623 -0.02351083 0.08346933
v 0.01419123 -0.02275483 0.02932733
v 0.01548423 -0.02276083 0.03082433
v 0.09172823 -0.02351683 0.10697633
v 0.09791023 -0.02267983 0.11826733
v 0.08633623 -0.02241583 0.09320733
v 0.01339123 -0.02296383 0.02345233
v 0.08972723 -0.02344683 0.10605133
v 0.04963723 -0.02256083 0.00850733
v 0.05878223 -0.02293583 0.03184733
v 0.06985923 -0.02332283 0.06742933
v 0.08085223 -0.02388583 0.07655933
v 0.06483923 -0.02203883 0.01034533
v 0.07157923 -0.02180583 0.05205033
v 0.05456823 -0.02219983 0.00361733
v 0.08219523 -0.02274783 0.08885633
v 0.02216323 -0.02202183 0.02927633
v 0.06346123 -0.02365383 0.01901133
v 0.06195723 -0.02276883 0.03216233
v 0.05892123 -0.02221583 0.05898833
v 0.06585323 -0.02288783 0.02268633
v 0.06459423 -0.02307183 0.02502833
v 0.07403623 -0.02265883 0.06086033
v 0.06871323 -0.02312483 0.02936133
v 0.06898823 -0.02234883 0.02688433
v 0.07425723 -0.02296183 0.06405833
v 0.06869023 -0.02278983 0.03141433
v 0.07046623 -0.02259883 0.03013833
v 0.06569123 -0.02288383 0.06449833
v 0.06245923 -0.02279283 0.03951533
v 0.05342523 -0.02277983 0.02583733
v 0.05915023 -0.02233883 0.00677333
v 0.04792423 -0.02220783 0.01037233
v 0.05595823 -0.02288783 0.04669233
v 0.04830923 -0.02276883 0.04416933
v 0.05279723 -0.02344983 0.00947833
v 0.04648923 -0.02233483 0.04696533
v 0.05174123 -0.02282483 0.02279733
v 0.08731323 -0.02352383 0.11211533
v 0.05963623 -0.02356183 0.04968933
v 0.06002723 -0.02369783 0.04454233
v 0.06021723 -0.02366383 0.03072433
v 0.02682623 -0.02349583 0.02593733
v 0.08160723 -0.02337183 0.08397133
v 0.05624423 -0.02351783 0.00843633
v 0.06221423 -0.02379383 0.04658633
v 0.06021923 -0.02300883 0.03588633
v 0.09392723 -0.02253483 0.10421533
v 0.09341923 -0.02363483 0.11046133
v 0.07230923 -0.02429683 0.06373933
v 0.05989223 -0.02322183 0.05664533
v 0.06847323 -0.02440583 0.05871233
v 0.06543923 -0.02419083 0.06101733
v 0.03003323 -0.02280383 0.01553133
v 0.04992823 -0.02335683 0.04685133
v 0.03912423 -0.02323783 0.01529033
v 0.04581823 -0.02233183 0.01549933
v 0.02464423 -0.02278583 0.01709233
v 0.04577923 -0.02302483 0.01855333
v 0.04992823 -0.02313583 0.01870533
v 0.05311223 -0.02345683 0.01550033
v 0.03329523 -0.02278183 0.02589033
v 0.03953223 -0.02246483 0.02560333
v 0.04618323 -0.02254983 0.02145333
v 0.05685923 -0.02528083 0.02016133
v 0.03058023 -0.02398483 0.01896533
v 0.02049623 -0.02364483 0.01884233
v 0.03835523 -0.02393983 0.01896533
v 0.02404623 -0.02461683 0.02243033
v 0.05339423 -0.02446383 0.01896533
v 0.03070223 -0.02409383 0.02243033
v 0.03953223 -0.02354783 0.02243033
v 0.09460123 -0.02108383 0.10152933
v 0.08436123 -0.02182283 0.11676133
v 0.04680623 -0.02359783 0.10720533
v 0.04680623 -0.02359783 0.10720533
v 0.05807923 -0.02229583 -0.00679967
v 0.04576623 -0.02255083 0.09790633
v 0.04576623 -0.02255083 0.09790633
v 0.04915823 -0.02386283 0.10531533
v 0.04915823 -0.02386283 0.10531533
v 0.09025623 -0.02130383 0.09563933
v 0.08838323 -0.02248283 0.10213433
v 0.01310823 -0.01994883 0.02815533
v 0.08785923 -0.02167283 0.08846733
v 0.06332723 -0.02186983 -0.00306867
v 0.08686023 -0.02224483 0.07257033
v 0.10111123 -0.02218383 0.11491933
v 0.09551223 -0.02214383 0.10909233
v 0.01788423 -0.02278383 0.03096733
v 0.05743923 -0.02227583 -0.00856167
v 0.03772423 -0.02019083 0.10205633
v 0.03772423 -0.02019083 0.10205633
v 0.03772423 -0.02019083 0.10205633
v 0.09717923 -0.02166283 0.11036333
v 0.06242123 -0.02221583 -0.00537267
v 0.08074223 -0.02158683 0.09534333
v 0.08659623 -0.02302283 0.08626433
v 0.10007923 -0.02253783 0.11266533
v 0.09620923 -0.02264283 0.11441733
v 0.08708623 -0.02239083 0.07455533
v 0.08962323 -0.02266983 0.10066333
v 0.09623023 -0.02234783 0.11722233
v 0.09953523 -0.02277083 0.11651133
v 0.08655923 -0.02179383 0.08138833
v 0.06376523 -0.01978683 -0.00667567
v 0.06425423 -0.02232183 0.01199333
v 0.09487423 -0.02091983 0.09802333
v 0.07724323 -0.02058283 0.03417633
v 0.10164923 -0.02178483 0.10913233
v 0.04742823 -0.02156283 0.10045333
v 0.08823623 -0.01961883 0.06934233
v 0.10037423 -0.02158483 0.10793333
v 0.06382323 -0.02102683 -0.01232467
v 0.10531923 -0.02127983 0.12200833
v 0.07996623 -0.02018383 0.04374333
v 0.07685723 -0.02107883 0.09635133
v 0.08509623 -0.02115183 0.10053233
v 0.08228423 -0.02103183 0.11694933
v 0.06044223 -0.02013983 -0.00185167
v 0.09952223 -0.02090683 0.12400633
v 0.06310723 -0.02100183 -0.00775067
v 0.08401123 -0.02151283 0.12131333
v 0.07394923 -0.02145383 0.10374233
v 0.07858723 -0.02139183 0.07429933
v 0.05862423 -0.02135383 0.05690233
v 0.06500523 -0.02103383 0.03157633
v 0.06121023 -0.02148783 0.06024633
v 0.06601623 -0.01994583 0.00648333
v 0.06652623 -0.02160583 0.00822133
v 0.06569723 -0.02125283 0.06605933
v 0.06389023 -0.02157083 0.03615333
v 0.07349723 -0.02211183 0.06796533
v 0.07595023 -0.02108383 0.03702933
v 0.07840623 -0.02149083 0.11692533
v 0.06599423 -0.02074083 -0.00200167
v 0.09137623 -0.02123983 0.09274133
v 0.08882623 -0.02108583 0.07842133
v 0.05347623 -0.02124283 0.03022033
v 0.03766723 -0.02074683 0.10023833
v 0.03766723 -0.02074683 0.10023833
v 0.07241923 -0.02112783 0.10638233
v 0.03595823 -0.02118983 0.12008233
v 0.03595823 -0.02118983 0.12008233
v 0.05746023 -0.02081783 -0.01007067
v 0.06108023 -0.02102083 -0.01065367
v 0.07948023 -0.02202283 0.08134233
v 0.07387923 -0.02121183 0.11081333
v 0.05689323 -0.02022383 0.04836033
v 0.05846223 -0.01993483 -0.00087267
v 0.04278323 -0.01953483 0.04644033
v 0.05289423 -0.02029183 0.04932033
v 0.06603723 -0.02139483 0.01843833
v 0.01060123 -0.02073383 0.02164433
v 0.03749323 -0.01951183 0.00915433
v 0.04133223 -0.02174483 0.01199533
v 0.05577223 -0.02102583 0.05879933
v 0.07845623 -0.02096983 0.08680633
v 0.06297723 -0.02041383 0.06228333
v 0.07684223 -0.02191083 0.10605833
v 0.06922423 -0.02103483 0.02488833
v 0.06965723 -0.02110083 0.07041033
v 0.03596323 -0.02118983 0.12309933
v 0.03596323 -0.02118983 0.12309933
v 0.03596323 -0.02118983 0.12309933
v 0.08053223 -0.02129283 0.09339233
v 0.08372923 -0.02133383 0.10920133
v 0.06247923 -0.02103583 0.00770233
v 0.05363523 -0.02085283 0.00001633
v 0.04717423 -0.02114183 0.04293833
v 0.04499823 -0.02097883 0.00927933
v 0.08123823 -0.02037083 0.08996033
v 0.08307023 -0.02162083 0.09265233
v 0.07099223 -0.02125783 0.02842733
v 0.05015523 -0.02117783 0.04147633
v 0.07528723 -0.02132883 0.07384133
v 0.05430023 -0.02284483 0.04278833
v 0.04992823 -0.02269783 0.02150433
v 0.03777823 -0.02061383 0.12490833
v 0.03777823 -0.02061383 0.12490833
v 0.05451723 -0.01964883 0.03911033
v 0.06867023 -0.02081083 0.03280533
v 0.05715123 -0.02050383 0.03512133
v 0.07465823 -0.02051083 0.05951933
v 0.05876723 -0.02279283 0.03902333
v 0.07711923 -0.02124383 0.11306233
v 0.06228723 -0.02180583 -0.00950267
v 0.03260723 -0.02113783 0.01133933
v 0.07418623 -0.02220883 0.10590133
v 0.07851323 -0.02195683 0.10896633
v 0.07298223 -0.02136383 0.07092833
v 0.06378923 -0.02164983 0.02992133
v 0.04801023 -0.02183283 0.01230533
v 0.06673423 -0.02215983 0.02704933
v 0.08599223 -0.02094683 0.12600933
v 0.08061623 -0.02028183 0.09832133
v 0.10260723 -0.02174683 0.11511933
v 0.03655423 -0.02042383 0.13750133
v 0.05728823 -0.02031983 -0.00479767
v 0.07767023 -0.02170283 0.07659533
v 0.08637123 -0.02095483 0.10501833
v 0.07642423 -0.02087683 0.11669233
v 0.01463823 -0.01883983 0.03081033
v -0.01083677 -0.02007683 0.01379833
v 0.07843923 -0.02025183 0.11920433
v 0.04159123 -0.01887683 0.10874333
v 0.04159123 -0.01887683 0.10874333
v 0.07879723 -0.02101483 0.03956533
v 0.09733323 -0.01941383 0.09370833
v 0.06493423 -0.01963683 -0.01125267
v 0.04917123 -0.01863783 0.10693133
v 0.05594623 -0.02075983 -0.00841667
v 0.08967823 -0.02091983 0.08614233
v 0.03790923 -0.02090883 0.11874033
v 0.03790923 -0.02090883 0.11874033
v 0.05865123 -0.01939383 0.06211633
v 0.08310523 -0.02056083 0.12537033
v 0.08510523 -0.02026283 0.06479133
v 0.05209823 -0.01973983 0.06081833
v 0.09563723 -0.02080083 0.10504833
v 0.07493623 -0.02034783 0.06428133
v 0.05162623 -0.02032583 0.00054233
v 0.07093223 -0.02051283 0.07510033
v 0.06065323 -0.01963983 0.12757733
v 0.07601123 -0.01985083 0.06555833
v 0.06377623 -0.02265483 0.04355733
v 0.07232023 -0.02009183 0.01772033
v 0.06720223 -0.02190083 0.04664233
v 0.07758523 -0.02127283 0.04076533
v 0.07709223 -0.02077483 0.06786733
v 0.07895523 -0.02007583 0.04581733
v 0.06529023 -0.02064883 -0.00090367
v 0.07473123 -0.01942883 0.03209933
v 0.08217423 -0.02040883 0.06923033
v 0.06702323 -0.01995883 0.01481433
v 0.07677723 -0.01996683 0.06193333
v 0.08139923 -0.02096583 0.06294733
v 0.07665023 -0.02047683 0.07114633
v 0.08519823 -0.02065983 0.06995033
v 0.08195423 -0.02091683 0.07284333
v 0.06738923 -0.02048883 0.07915133
v -0.01232077 -0.01929683 0.01393233
v 0.02666323 -0.01804483 -0.07863767
v 0.02666323 -0.01804483 -0.07863767
v 0.08204923 -0.01996183 0.12240133
v 0.06271523 -0.01968883 0.06431933
v 0.07433723 -0.01907483 0.07743333
v 0.06546323 -0.01977183 0.03283233
v -0.01079977 -0.01990683 0.01659633
v 0.06082523 -0.01919683 -0.03307267
v 0.06353623 -0.01957083 0.06546533
v 0.07532123 -0.01909183 0.07928733
v 0.07051423 -0.01870783 0.11390633
v 0.05006023 -0.02023083 0.00420833
v 0.04950323 -0.02083083 0.10123133
v 0.06883523 -0.01963083 0.12014733
v 0.03792623 -0.02014183 0.13676033
v 0.09655023 -0.01977983 0.09927733
v 0.08806523 -0.01850383 0.12716333
v 0.06406323 -0.01849483 -0.02817667
v 0.07442023 -0.01951483 0.10149633
v 0.06065823 -0.01909183 -0.02868767
v 0.09088023 -0.01802383 0.07369733
v 0.07956923 -0.01906383 0.12836933
v 0.06746523 -0.01958183 -0.00349467
v 0.06930523 -0.01993183 0.00585933
v 0.04269623 -0.02164983 0.11029733
v 0.04269623 -0.02164983 0.11029733
v 0.06985023 -0.01859483 -0.00165967
v 0.04975523 -0.01849583 -0.00643467
v 0.09983823 -0.01927983 0.10528033
v 0.07411523 -0.01940483 0.12459133
v 0.09586723 -0.01940083 0.10249633
v 0.07034923 -0.01963683 0.00880333
v 0.03366223 -0.01719383 -0.11126167
v 0.03366223 -0.01719383 -0.11126167
v 0.05142623 -0.01905283 0.10328133
v 0.06204223 -0.01914783 -0.02379967
v 0.06916623 -0.01895283 0.12869433
v 0.07333323 -0.01895283 0.12874733
v 0.02288423 -0.01883183 0.02965133
v 0.06949223 -0.01990883 0.11560533
v 0.05492123 -0.02030783 0.06178033
v 0.06610423 -0.01924283 -0.02262467
v 0.04493123 -0.01772583 0.09868233
v 0.06206023 -0.01867083 0.00264233
v 0.07204123 -0.01895083 0.07792033
v 0.06402523 -0.01905983 0.11692733
v 0.06768623 -0.01704983 0.06810933
v 0.06972923 -0.01919983 0.01511833
v 0.06735323 -0.01944983 0.11688333
v 0.07179223 -0.01978283 0.01464533
v 0.06138023 -0.01854183 -0.03660767
v 0.07634923 -0.01908983 0.04414433
v 0.05537623 -0.01917783 -0.04234467
v 0.07409823 -0.01948283 0.01651333
v 0.03466523 -0.01824383 0.13777233
v 0.06490323 -0.01948083 0.08071633
v 0.03197623 -0.01818883 -0.13150167
v 0.07419023 -0.01928083 0.02027433
v 0.03637723 -0.01909383 0.11862833
v 0.07450823 -0.01989483 0.05402633
v 0.06051723 -0.01984483 0.00085433
v 0.07022723 -0.01933183 0.02627833
v 0.07074123 -0.02064383 0.03128433
v 0.09315423 -0.01936183 0.08888233
v 0.04805023 -0.01982883 -0.01077367
v 0.07832623 -0.01880783 0.03080333
v 0.03223523 -0.01971583 -0.12970467
v 0.07623923 -0.01976083 0.12734533
v 0.07609023 -0.01944183 0.09882733
v 0.08086923 -0.01969883 0.10427833
v 0.06075323 -0.01998983 -0.03124667
v 0.08221023 -0.01954483 0.10236333
v 0.07925823 -0.02002383 0.05815433
v 0.06970523 -0.01971983 0.01185133
v 0.05966323 -0.01921183 0.12527233
v 0.07735323 -0.01923783 0.05144833
v 0.07601123 -0.01947083 0.04730533
v 0.05733623 -0.02006283 -0.04186367
v 0.06476623 -0.02057083 0.12620833
v 0.06509623 -0.01988283 -0.02294967
v 0.05764023 -0.01951483 -0.03833667
v -0.01053777 -0.01911583 0.01157033
v 0.03782823 -0.01787783 0.09869233
v 0.03782823 -0.01787783 0.09869233
v 0.03782823 -0.01787783 0.09869233
v 0.00812523 -0.01942983 0.06896933
v 0.00812523 -0.01942983 0.06896933
v 0.05673923 -0.01932083 0.05803833
v 0.05921623 -0.01858583 -0.03305967
v 0.06585223 -0.01953383 0.07710333
v 0.03476723 -0.01843683 0.12292833
v 0.00716923 -0.01950483 0.07094633
v 0.00716923 -0.01950483 0.07094633
v 0.06891323 -0.02002583 0.07316733
v 0.05703523 -0.01946383 0.04979433
v 0.05024023 -0.01959883 -0.01026767
v 0.03604123 -0.01835383 0.12474833
v 0.03604123 -0.01835383 0.12474833
v 0.00953023 -0.01932083 0.07371433
v 0.05045023 -0.01778883 0.03987733
v 0.01013623 -0.01943183 0.06903833
v 0.01013623 -0.01943183 0.06903833
v 0.07340623 -0.01813883 0.03500933
v -0.00881777 -0.01991783 0.01502233
v 0.02973223 -0.02045383 0.02821033
v 0.02383723 -0.01897883 0.00127233
v -0.00897877 -0.01957483 0.01737633
v 0.04293523 -0.01920383 0.00697733
v 0.05175723 -0.01774283 0.03557633
v 0.01180123 -0.01941883 0.07230833
v 0.01180123 -0.01941883 0.07230833
v 0.05167123 -0.01921783 0.02574633
v 0.05315423 -0.01961983 0.05861533
v 0.05128823 -0.01783783 0.02835533
v 0.05284523 -0.01918083 0.03239733
v 0.02209223 -0.02035683 0.01521033
v 0.05149323 -0.01968583 0.05248533
v 0.02583023 -0.02024683 0.01501333
v 0.02953423 -0.01932083 0.01259033
v 0.03088623 -0.01903283 0.00934933
v 0.03170323 -0.01924083 0.00677033
v 0.05179723 -0.01918983 0.05683933
v 0.00780623 -0.01877283 0.02163033
v 0.01099323 -0.02117183 0.01896533
v 0.01007623 -0.02024283 0.07205033
v 0.07765223 -0.02009083 0.08215433
v 0.02595623 -0.01943283 0.00203633
v 0.07605923 -0.01989483 0.08802733
v 0.04949723 -0.01994683 0.05709433
v 0.07581423 -0.02094883 0.09367633
v 0.08100623 -0.02020383 0.09173933
v 0.03606623 -0.02013383 0.02954033
v 0.04134523 -0.01948083 0.05015433
v 0.03953223 -0.01995283 0.02967733
v 0.00932823 -0.01958883 0.01551333
v 0.04680623 -0.01944183 0.02587533
v 0.04992823 -0.02150383 0.01549933
v 0.04992823 -0.02165083 0.05058533
v 0.04646323 -0.02118583 0.05083633
v 0.01565223 -0.02056083 0.01481833
v 0.04299723 -0.02151683 0.02589633
v 0.03438423 -0.01844883 -0.12930667
v 0.06689323 -0.01834083 0.03816933
v 0.05450023 -0.01805883 -0.04213367
v 0.09339723 -0.01846783 0.07980733
v 0.09362523 -0.01900283 0.08348433
v 0.06499723 -0.01977583 0.13042133
v 0.03601623 -0.01773083 -0.09380067
v 0.03601623 -0.01773083 -0.09380067
v 0.06822623 -0.01850283 0.04185533
v 0.04457023 -0.01854183 -0.01951967
v 0.04457023 -0.01854183 -0.01951967
v 0.03476723 -0.01917383 0.12102733
v 0.05692323 -0.01800383 -0.00374267
v 0.07098223 -0.01821183 0.04270033
v 0.10477923 -0.01936783 0.11728533
v 0.09958523 -0.01818783 0.09448233
v 0.04711523 -0.01784683 0.09971233
v 0.05876923 -0.01848483 0.05586033
v 0.07329023 -0.01825283 0.11836033
v 0.06290723 -0.01831983 0.00035533
v 0.06921123 -0.01887383 0.12528333
v 0.07814323 -0.01842883 0.05439033
v 0.05883223 -0.01927683 0.05707833
v 0.06853923 -0.01839383 0.02063933
v 0.06322823 -0.01897883 -0.02070967
v 0.06805223 -0.01920283 0.00425033
v 0.10556423 -0.01713783 0.12372433
v 0.02865223 -0.01718883 -0.07997967
v 0.02865223 -0.01718883 -0.07997967
v 0.02865223 -0.01718883 -0.07997967
v 0.08047323 -0.01868083 0.05510333
v -0.01168177 -0.01801183 0.01986833
v 0.07109623 -0.01618583 0.02582133
v 0.05483423 -0.01716183 -0.00427567
v 0.03821323 -0.01880083 0.11717833
v 0.03821323 -0.01880083 0.11717833
v 0.03821323 -0.01880083 0.11717833
v 0.03813623 -0.01711783 0.11850233
v 0.06201723 -0.01875383 0.06077733
v 0.04316623 -0.01750283 0.11705933
v 0.04316623 -0.01750283 0.11705933
v 0.06425923 -0.01770383 0.00199633
v 0.07060023 -0.01857483 0.08706633
v 0.05718523 -0.01903783 -0.04471267
v 0.05296623 -0.01859283 0.09225533
v 0.10709523 -0.01752683 0.12254833
v 0.05350323 -0.01888083 0.12661733
v 0.04726823 -0.01903783 -0.00851667
v 0.06867523 -0.01892183 0.07007233
v 0.07910023 -0.01843283 0.12365933
v 0.06494823 -0.01878883 -0.00580367
v 0.03953423 -0.01797883 0.10385933
v 0.03953423 -0.01797883 0.10385933
v 0.05219623 -0.01787183 -0.01537867
v 0.07050523 -0.01786883 0.09971033
v 0.03177223 -0.01863383 -0.09154067
v 0.03177223 -0.01863383 -0.09154067
v 0.06861423 -0.01861283 -0.00522067
v 0.03638423 -0.01913983 0.13846833
v 0.01100323 -0.01769083 0.02610133
v 0.03977423 -0.01874683 0.11330233
v 0.03977423 -0.01874683 0.11330233
v 0.10181923 -0.01940283 0.10658033
v 0.04553323 -0.02020383 0.10803333
v 0.04553323 -0.02020383 0.10803333
v 0.06306123 -0.02015083 0.13025633
v 0.08412923 -0.01911283 0.06011333
v 0.09906523 -0.01882183 0.10192733
v 0.06559623 -0.01929983 0.03901633
v 0.07557923 -0.01913883 0.05690933
v 0.05638323 -0.01869083 0.13102533
v 0.05725323 -0.01909383 0.12763533
v 0.06026723 -0.01902383 0.13080433
v 0.06516823 -0.01868983 0.08451633
v 0.07155823 -0.01852983 0.12542533
v 0.05288423 -0.01892983 0.12812633
v 0.07128723 -0.01891783 0.08097733
v 0.07338623 -0.01863183 0.11645733
v 0.07281323 -0.01929683 0.08314833
v 0.05002923 -0.01971683 -0.01260867
v 0.08003723 -0.01978283 0.04968733
v 0.06856623 -0.01859383 0.08369033
v 0.09600523 -0.01874583 0.08843033
v 0.08372823 -0.01846583 0.05243133
v 0.07584723 -0.01911283 0.12124033
v 0.04664423 -0.01846083 0.00507233
v 0.06000723 -0.01924783 -0.03665267
v 0.06967923 -0.01864683 0.09195033
v 0.07349823 -0.01933283 0.09501433
v 0.07213723 -0.01883683 0.10165533
v 0.06891223 -0.01796183 0.03198433
v 0.05765123 -0.01835683 0.13289433
v 0.08962123 -0.01741783 0.06547133
v 0.07898923 -0.01758383 0.11074733
v 0.04849023 -0.01805483 0.12439133
v 0.09681323 -0.01731983 0.08175933
v 0.08538823 -0.01755683 0.03675233
v 0.08737423 -0.01747383 0.05145433
v 0.05848323 -0.01771183 0.12143333
v 0.03233023 -0.01777783 -0.12768267
v 0.06438423 -0.01690783 -0.03023767
v 0.05311723 -0.01897283 -0.00306667
v 0.03478423 -0.01802283 -0.10795267
v 0.03478423 -0.01802283 -0.10795267
v 0.07124523 -0.01668783 -0.00159967
v 0.08330823 -0.01548383 0.12884433
v 0.04705923 -0.01802583 -0.02066867
v 0.04705923 -0.01802583 -0.02066867
v 0.06931423 -0.01847783 0.00145533
v 0.10574223 -0.01513483 0.11410633
v 0.09074123 -0.01740883 0.07060933
v 0.07057123 -0.01738483 0.04049333
v 0.05996623 -0.01762483 0.05826133
v 0.06603223 -0.01731683 -0.02497967
v 0.08820823 -0.01712083 0.05867833
v 0.05697723 -0.01762883 0.12483333
v 0.07003923 -0.01750183 0.01895833
v 0.07635823 -0.01717283 0.01812433
v 0.05605623 -0.01844083 0.06333233
v 0.06223623 -0.01715983 0.08578833
v 0.07071723 -0.01740383 0.10462033
v 0.05024023 -0.01800583 0.10104933
v 0.05565423 -0.01764083 -0.05314167
v 0.07514123 -0.01754283 0.04241833
v 0.05263423 -0.01755083 0.08268533
v 0.07574623 -0.01769883 0.13012633
v 0.10747323 -0.01723083 0.12109133
v 0.06204723 -0.01756883 0.06681633
v 0.08069623 -0.01802983 0.03442033
v 0.03168523 -0.01747383 -0.13424667
v 0.07585723 -0.01830983 0.02236533
v 0.05101323 -0.01721983 -0.07122767
v 0.04109223 -0.01718483 0.12031333
v 0.04109223 -0.01718483 0.12031333
v 0.07601023 -0.01815683 0.02616333
v 0.08105323 -0.01792383 0.03924333
v 0.03165923 -0.01686283 -0.08795767
v 0.03165923 -0.01686283 -0.08795767
v 0.06556723 -0.01862883 -0.01393967
v 0.06878323 -0.01645483 -0.01026867
v 0.06775623 -0.01714683 0.11395233
v 0.05316723 -0.01761483 0.12320433
v 0.03793923 -0.01758783 0.12520433
v 0.03793923 -0.01758783 0.12520433
v 0.03793923 -0.01758783 0.12520433
v 0.03587423 -0.01890683 0.13638133
v 0.06885323 -0.01759383 0.11399933
v 0.04265823 -0.01658283 0.10806633
v 0.10411923 -0.01547683 0.10490133
v 0.01792123 -0.01981583 0.03103133
v 0.06720823 -0.01819683 0.00177333
v 0.03979423 -0.01634183 0.11334933
v 0.03979423 -0.01634183 0.11334933
v 0.05214723 -0.01735783 0.13219633
v 0.08218023 -0.01752783 0.11126633
v 0.04967423 -0.01783983 0.12812333
v 0.05600923 -0.01801183 -0.00963567
v 0.05516423 -0.01810883 -0.05790167
v 0.08313823 -0.01767083 0.04285633
v 0.05192323 -0.01769383 -0.07462167
v 0.07963123 -0.01779483 0.11200333
v 0.07565923 -0.01934483 0.03988733
v 0.06660623 -0.01764183 -0.00820567
v 0.04702623 -0.01836983 -0.01708367
v 0.08161623 -0.01838083 0.11016333
v 0.10109323 -0.01823283 0.10031633
v 0.06220623 -0.01770783 -0.01469067
v 0.06487923 -0.01760183 0.11208033
v 0.06680623 -0.01796183 -0.01099167
v 0.02022123 -0.01790583 0.14067833
v 0.06267523 -0.01792583 0.08764633
v 0.03250723 -0.01911683 0.02946533
v 0.00781823 -0.01756183 0.06914333
v 0.03524223 -0.01806083 0.00518233
v 0.00669723 -0.01758783 0.07101633
v 0.00669723 -0.01758783 0.07101633
v 0.06635923 -0.01743683 0.10463333
v 0.03675323 -0.01690083 0.10128433
v 0.03675323 -0.01690083 0.10128433
v -0.00806377 -0.01635383 0.00886633
v 0.06358123 -0.01728983 0.10748633
v 0.04521823 -0.01792783 0.03041633
v -0.01065577 -0.01759083 0.02134033
v 0.07408123 -0.01802483 0.02631433
v 0.05338423 -0.01709483 0.05237733
v 0.06492323 -0.01819383 0.07431433
v 0.05505423 -0.01857483 0.04922133
v 0.01017823 -0.01760083 0.06950633
v 0.01017823 -0.01760083 0.06950633
v 0.02310523 -0.01872383 0.00337033
v 0.04186523 -0.01731083 0.09716033
v 0.02319823 -0.01830583 0.00510933
v -0.00730577 -0.01765683 0.01790833
v 0.06642923 -0.01705783 0.10087133
v 0.02569223 -0.01813883 -0.00178367
v 0.00974623 -0.01753683 0.07336933
v 0.00974623 -0.01753683 0.07336933
v 0.01834923 -0.01855083 0.01327433
v 0.01155123 -0.01799683 0.07267933
v 0.01155123 -0.01799683 0.07267933
v 0.06809323 -0.01684083 0.06990333
v 0.02246623 -0.01609583 -0.09326467
v 0.02246623 -0.01609583 -0.09326467
v 0.04992823 -0.01802883 0.02590533
v 0.02906223 -0.01838483 0.00743333
v 0.05514823 -0.01671383 0.05858433
v 0.02339023 -0.01710183 0.01456033
v 0.02651823 -0.01697883 0.01420033
v 0.04916423 -0.01703983 0.03202433
v 0.04605523 -0.01905983 0.05839333
v 0.02437523 -0.01806883 -0.07904767
v 0.02437523 -0.01806883 -0.07904767
v 0.04396423 -0.01881483 0.04448933
v 0.00971023 -0.01861083 0.02387533
v 0.04521723 -0.01758783 0.04327333
v 0.05566623 -0.01760483 0.08106133
v 0.06726623 -0.01813183 0.10817233
v 0.07028223 -0.01884383 0.10816033
v -0.00548777 -0.01781983 0.01264233
v -0.00429977 -0.01789083 0.01549933
v 0.04206423 -0.01805283 0.00408433
v 0.06792723 -0.01757883 0.09563233
v 0.02594723 -0.01921483 0.00497733
v 0.00411723 -0.01806683 0.01841233
v 0.04712123 -0.01830983 0.06344633
v 0.04466723 -0.01625483 -0.02707967
v 0.07659723 -0.01649483 0.11159733
v 0.05909623 -0.01634283 0.08791333
v 0.07829723 -0.01626283 0.11474433
v 0.06961123 -0.01797183 0.13080633
v 0.04773123 -0.01783983 0.13345633
v 0.04984423 -0.01677083 -0.07108067
v 0.06556123 -0.01757183 -0.01808667
v 0.09537823 -0.01737883 0.12590533
v 0.04500323 -0.01679883 -0.06384067
v 0.07017323 -0.01652383 -0.00598867
v 0.07283223 -0.01706383 0.03207933
v 0.03094923 -0.01714483 -0.13068367
v 0.05101923 -0.01662583 0.09651833
v 0.04842523 -0.01700183 -0.01903967
v 0.06315323 -0.01715083 0.07703233
v 0.08177823 -0.01624983 0.11143833
v 0.09595923 -0.01662083 0.07559233
v 0.03765123 -0.01436783 -0.10295067
v 0.03765123 -0.01436783 -0.10295067
v 0.04958223 -0.01701083 0.13472133
v 0.04511623 -0.01681183 -0.06637967
v 0.07768223 -0.01732683 0.11329833
v 0.06986023 -0.01752683 0.02994033
v 0.04925623 -0.01706483 0.08611833
v 0.04861523 -0.01673283 -0.05636367
v 0.03293623 -0.01732383 -0.12401767
v 0.03026223 -0.01546283 -0.08275567
v 0.03026223 -0.01546283 -0.08275567
v 0.05728323 -0.01732783 -0.05250667
v 0.04969223 -0.01643983 0.08350933
v -0.01309277 -0.01779983 0.01071633
v 0.07238423 -0.01505983 0.02852233
v -0.01298277 -0.01603883 0.00839533
v 0.08136623 -0.01715483 0.10949833
v 0.05545723 -0.01693783 -0.04700967
v 0.07603123 -0.01650383 0.00224433
v 0.05314523 -0.01684083 0.07848333
v 0.07242923 -0.01791483 0.02120033
v 0.03218723 -0.01600183 -0.12108067
v 0.05858923 -0.01590583 -0.01863367
v 0.04486323 -0.01700683 -0.01345067
v 0.06246923 -0.01699883 0.13319133
v 0.05014023 -0.01724683 -0.06743267
v 0.07268823 -0.01660983 -0.01103967
v 0.03365923 -0.01754983 -0.12123467
v 0.07353223 -0.01623183 0.04047833
v 0.07404623 -0.01726683 0.03777733
v 0.06579623 -0.01680283 0.08970533
v 0.09994423 -0.01590083 0.08753233
v 0.07029623 -0.01674783 0.10241733
v 0.08725823 -0.01693183 0.04051833
v 0.05869523 -0.01750183 -0.01074967
v 0.05306923 -0.01738883 0.08508533
v 0.05998823 -0.01624383 0.05871733
v 0.05820023 -0.01579783 0.05932433
v 0.07526923 -0.01714483 0.04009933
v 0.03801423 -0.01727483 -0.09802467
v 0.03801423 -0.01727483 -0.09802467
v 0.06018723 -0.01719683 -0.04507767
v 0.02865923 -0.01472083 -0.10456967
v 0.02865923 -0.01472083 -0.10456967
v 0.06146423 -0.01726483 0.06295033
v 0.09872323 -0.01744683 0.08650133
v 0.01916423 -0.01729283 0.14174133
v 0.01963323 -0.01503083 0.14251633
v 0.03323223 -0.01694383 -0.13714867
v 0.03323223 -0.01694383 -0.13714867
v 0.06102823 -0.01598183 0.07078033
v 0.06302223 -0.01652783 0.07162033
v 0.08859423 -0.01632483 0.04939833
v 0.04632223 -0.01704683 0.11289433
v 0.01511123 -0.01720083 0.03122633
v 0.06235423 -0.01663883 -0.04156167
v 0.03818923 -0.01750383 0.10224333
v 0.03818923 -0.01750383 0.10224333
v 0.04269423 -0.01709483 -0.02042067
v 0.04269423 -0.01709483 -0.02042067
v 0.04960623 -0.01696483 -0.05407867
v 0.04069023 -0.01681683 0.10692633
v 0.04069023 -0.01681683 0.10692633
v 0.05700723 -0.01758383 -0.03633767
v 0.05141823 -0.01821083 0.10419433
v 0.05872823 -0.01587483 -0.03252567
v 0.05872823 -0.01587483 -0.03252567
v 0.06161023 -0.01598183 0.11284433
v 0.05396223 -0.01694583 -0.06060767
v 0.04598623 -0.01758083 -0.00779467
v 0.04725723 -0.01683783 -0.00535067
v 0.05412123 -0.01724983 -0.05568667
v 0.04618423 -0.01630083 -0.00114467
v 0.05205723 -0.01700483 -0.00733367
v 0.05450123 -0.01762783 -0.01060367
v 0.05583923 -0.01613283 -0.00680167
v 0.05691223 -0.01722083 -0.00687467
v 0.05048823 -0.01740283 -0.07476967
v 0.04579223 -0.01760183 -0.02348267
v 0.07269123 -0.01693183 0.00424933
v 0.04993123 -0.01756583 0.13172833
v 0.03798823 -0.01583583 -0.12585567
v 0.04646823 -0.01733783 0.11633933
v 0.06795523 -0.01722683 0.08766433
v 0.06389323 -0.01789683 -0.01804967
v 0.04449223 -0.01671783 -0.05985267
v 0.04863223 -0.01759783 0.12117733
v 0.05136323 -0.01736283 0.08924333
v 0.03101223 -0.01697083 -0.14015167
v 0.03101223 -0.01697083 -0.14015167
v 0.05041123 -0.01709683 0.09300633
v 0.08238923 -0.01738283 0.03802133
v 0.07022223 -0.01713483 0.03256733
v 0.08106823 -0.01677483 0.03013333
v 0.08607223 -0.01728383 0.04331733
v 0.07062023 -0.01713883 0.03599233
v 0.04576123 -0.01678583 -0.05164267
v 0.04415623 -0.01686583 0.11385133
v 0.04415623 -0.01686583 0.11385133
v 0.05942523 -0.01642483 0.11636733
v 0.04543223 -0.01704683 0.06622033
v 0.05858023 -0.01591883 0.08060533
v 0.04952623 -0.01430883 -0.07040967
v 0.06448723 -0.01440983 0.13351833
v 0.07178323 -0.01577283 -0.00331467
v 0.08011023 -0.01557183 0.00847833
v 0.08467823 -0.01675583 0.03222133
v 0.05838523 -0.01642783 -0.02348867
v 0.04824923 -0.01541983 -0.06618867
v 0.04824923 -0.01541983 -0.06618867
v 0.04603723 -0.01582483 0.13082433
v 0.09058423 -0.01585383 0.05309633
v 0.06401323 -0.01587383 -0.03503067
v 0.04147923 -0.01603883 -0.05689967
v 0.04762223 -0.01581883 -0.02821067
v 0.05636223 -0.01692683 -0.05034267
v 0.05636223 -0.01692683 -0.05034267
v 0.05636223 -0.01692683 -0.05034267
v 0.07595123 -0.01517383 0.11264633
v 0.03268523 -0.01497283 -0.08655967
v 0.03268523 -0.01497283 -0.08655967
v 0.03978323 -0.01459183 -0.06064067
v 0.10321023 -0.01652083 0.10299833
v 0.04862823 -0.01602583 0.12966533
v 0.04910623 -0.01599683 -0.06651767
v 0.05200523 -0.01696983 0.06462633
v 0.03513223 -0.01593483 -0.08719667
v 0.03513223 -0.01593483 -0.08719667
v 0.03513223 -0.01593483 -0.08719667
v 0.06171723 -0.01590483 0.08985833
v 0.05539223 -0.01611983 -0.01504367
v 0.04178223 -0.01580083 -0.05196767
v -0.01553577 -0.01471083 0.01008833
v 0.06203423 -0.01616783 0.08450333
v 0.07467823 -0.01580783 -0.00808867
v 0.05376323 -0.01658983 0.09145233
v 0.09255823 -0.01640883 0.06731933
v 0.03979423 -0.01571283 0.12286233
v 0.03979423 -0.01571283 0.12286233
v 0.04429223 -0.01582383 0.07506333
v 0.05416423 -0.01524783 -0.07431367
v 0.09744823 -0.01534083 0.07940033
v -0.01418777 -0.01642783 0.01570733
v 0.06088823 -0.01665383 0.05653633
v 0.05915823 -0.01624383 0.06411833
v -0.01244677 -0.01608283 0.02293133
v 0.08206723 -0.01550983 0.02090933
v 0.04661123 -0.01616283 0.08339233
v 0.10791723 -0.01242083 0.11663433
v 0.04817423 -0.01577883 -0.04577567
v 0.05806823 -0.01503183 0.06628833
v 0.08383523 -0.01586383 0.02745433
v 0.05102423 -0.01549883 0.07777133
v 0.03146223 -0.01508583 -0.14458667
v 0.03146223 -0.01508583 -0.14458667
v 0.05766523 -0.01597783 -0.02954367
v 0.05766523 -0.01597783 -0.02954367
v 0.03513523 -0.01394083 -0.07883467
v 0.04455323 -0.01564283 -0.09210467
v 0.04478323 -0.01533883 0.10886433
v 0.02840223 -0.01535583 -0.08095267
v 0.02840223 -0.01535583 -0.08095267
v 0.03553223 -0.01566483 -0.11726667
v 0.05545923 -0.01576283 0.08670633
v 0.03903923 -0.01645483 0.13712233
v 0.03313523 -0.01579583 -0.11313867
v 0.03313523 -0.01579583 -0.11313867
v 0.03584823 -0.01451783 -0.13749967
v 0.03584823 -0.01451783 -0.13749967
v 0.03422923 -0.01643183 -0.11595167
v 0.05721423 -0.01628083 0.08565833
v 0.04262723 -0.01501383 -0.01833667
v 0.04786023 -0.01643983 0.09002433
v 0.05596823 -0.01580683 0.09663633
v 0.04075123 -0.01563383 -0.06596967
v 0.04516123 -0.01616383 0.13624433
v 0.05486823 -0.01613783 -0.03870067
v 0.05486823 -0.01613783 -0.03870067
v 0.05445123 -0.01687183 -0.06199767
v 0.04363023 -0.01786783 -0.02179767
v 0.05102123 -0.01631683 0.10678033
v 0.02077623 -0.01590683 0.13797333
v 0.05062723 -0.01535083 -0.05669567
v 0.05263323 -0.01576383 -0.05351667
v 0.05263323 -0.01576383 -0.05351667
v 0.07313423 -0.01586483 0.02814033
v 0.07986423 -0.01595783 0.11277533
v 0.03879223 -0.01492383 0.09697733
v 0.03879223 -0.01492383 0.09697733
v 0.03879223 -0.01492383 0.09697733
v 0.06002923 -0.01627283 0.05603033
v 0.03784423 -0.01675883 0.13586033
v 0.05506223 -0.01584283 0.05689033
v 0.03220823 -0.01578783 -0.11550867
v 0.06696123 -0.01679583 -0.02095967
v 0.04630623 -0.01655883 0.09856833
v 0.05921423 -0.01676083 0.07767933
v 0.05036523 -0.01624083 -0.06565467
v 0.05036523 -0.01624083 -0.06565467
v 0.06042023 -0.01582783 0.07968633
v 0.05083723 -0.01676983 -0.02249967
v 0.05083723 -0.01676983 -0.02249967
v 0.05968023 -0.01654683 -0.02762767
v 0.09149423 -0.01601183 0.05838433
v 0.07949523 -0.01636283 0.01119233
v 0.03570723 -0.01659083 0.12162133
v 0.04932623 -0.01599883 -0.02459567
v 0.07035823 -0.01642883 -0.02094967
v 0.05800223 -0.01634883 -0.04837767
v 0.05800223 -0.01634883 -0.04837767
v 0.03698423 -0.01645483 -0.08229767
v 0.07500523 -0.01648383 -0.00494867
v 0.06876523 -0.01629783 -0.01782167
v 0.03960323 -0.01650183 -0.08263567
v 0.03960323 -0.01650183 -0.08263567
v 0.07249723 -0.01610083 -0.01645767
v 0.02435423 -0.01647783 -0.10120267
v 0.02435423 -0.01647783 -0.10120267
v 0.06707623 -0.01603383 0.06904933
v 0.05214723 -0.01609583 -0.03071667
v 0.06690023 -0.01600183 -0.02689467
v 0.04987923 -0.01624083 0.11807133
v 0.06946623 -0.01642983 -0.01340167
v 0.03383223 -0.01628783 -0.11904067
v 0.04230123 -0.01581983 0.06778633
v 0.04006023 -0.01617783 -0.07827167
v 0.04006023 -0.01617783 -0.07827167
v 0.07783023 -0.01642083 0.02148533
v 0.07832423 -0.01637983 0.01586233
v 0.05477123 -0.01591483 -0.02466467
v 0.05477123 -0.01591483 -0.02466467
v 0.04825623 -0.01589083 0.09599333
v 0.05614623 -0.01608183 0.11724233
v 0.07594323 -0.01656883 0.01283333
v 0.04943623 -0.01670083 0.10872333
v 0.05873223 -0.01603283 -0.01496567
v 0.04795223 -0.01641383 0.11006533
v 0.04318723 -0.01655283 -0.05255267
v 0.06531723 -0.01585583 -0.04104967
v 0.07119523 -0.01612783 0.02218233
v 0.04632623 -0.01626883 -0.06133967
v 0.02595323 -0.01651383 0.13898433
v 0.05351323 -0.01603383 -0.00688967
v 0.05134423 -0.01616983 -0.06318667
v 0.05134423 -0.01616983 -0.06318667
v 0.08106123 -0.01642183 0.02372033
v 0.07825923 -0.01646683 0.02647933
v 0.05260223 -0.01593183 0.11541433
v 0.04602723 -0.01626483 0.12263433
v -0.01031377 -0.01585483 0.02183333
v 0.02910523 -0.01567983 -0.15144267
v 0.02910523 -0.01567983 -0.15144267
v 0.04298623 -0.01601483 0.06069333
v 0.03658723 -0.01585483 0.10089333
v -0.00332277 -0.01508283 0.00906033
v 0.06091823 -0.01573083 0.10579833
v 0.04329423 -0.01700483 0.06481533
v 0.00645323 -0.01618783 0.01215833
v 0.02188223 -0.01673783 -0.09671367
v 0.02188223 -0.01673783 -0.09671367
v 0.01180823 -0.01837883 0.01247333
v 0.03956723 -0.01591283 0.10046533
v 0.03956723 -0.01591283 0.10046533
v 0.03956723 -0.01591283 0.10046533
v 0.04394523 -0.01634483 0.00053033
v 0.05995823 -0.01621183 0.08548433
v 0.01393623 -0.01511583 0.00860533
v 0.00060523 -0.01613083 0.01220633
v 0.06402823 -0.01616283 0.10025533
v 0.03601123 -0.01585483 0.12308533
v 0.02312523 -0.01724083 -0.00216667
v 0.02911223 -0.01573383 0.00975033
v 0.03779923 -0.01514883 0.12322733
v 0.02392623 -0.01546283 -0.09059267
v 0.01801823 -0.01566883 0.01108633
v 0.02397923 -0.01585483 -0.08465567
v 0.02397923 -0.01585483 -0.08465567
v 0.03146123 -0.01557383 0.03031633
v 0.06490523 -0.01507683 0.09422733
v 0.02245523 -0.01507083 0.00693333
v 0.04763223 -0.01578583 0.04265733
v 0.02951923 -0.01576683 -0.00479967
v 0.03293023 -0.01569183 0.04883533
v -0.00396577 -0.01621583 0.01771033
v -0.00110677 -0.01573683 0.01911733
v 0.03730123 -0.01647383 0.05222133
v 0.03969223 -0.01637283 0.03290733
v 0.04041923 -0.01655183 0.04386333
v 0.04353323 -0.01527083 0.04397433
v 0.04222923 -0.01606083 0.05852733
v 0.03946723 -0.01689183 0.09702533
v 0.03946723 -0.01689183 0.09702533
v 0.03946723 -0.01689183 0.09702533
v 0.03946723 -0.01689183 0.09702533
v 0.05733223 -0.01801483 0.05460133
v 0.00874223 -0.01688883 0.07094633
v 0.05999023 -0.01677983 0.07544733
v 0.03435023 -0.01768083 0.00113133
v 0.03683523 -0.01609583 -0.00141067
v 0.05638623 -0.01710583 0.07693533
v 0.04974523 -0.01708483 0.02914533
v 0.05514823 -0.01670083 0.05219033
v 0.03606623 -0.01611783 0.04300033
v 0.02992423 -0.01768583 -0.00182767
v 0.00141223 -0.01745983 0.01550033
v 0.03659523 -0.01755383 0.04668833
v 0.04281623 -0.01926783 0.05411933
v 0.03389223 -0.01524483 0.13742533
v 0.05592223 -0.01560783 0.06463533
v 0.04462023 -0.01425383 -0.01287867
v 0.03162223 -0.01501483 -0.08641067
v 0.03162223 -0.01501483 -0.08641067
v 0.07066523 -0.01545283 -0.02475367
v 0.09269923 -0.01516083 0.06254533
v 0.04475323 -0.01526383 0.11093933
v 0.03018323 -0.01636483 -0.13982967
v 0.03018323 -0.01636483 -0.13982967
v 0.07773123 -0.01510383 0.11392833
v 0.06765723 -0.01499483 -0.03523867
v 0.03720423 -0.01504983 -0.03243467
v 0.04630423 -0.01472983 0.09145733
v 0.01932423 -0.01464783 0.13714733
v 0.03419123 -0.01544383 0.13842933
v 0.03419123 -0.01544383 0.13842933
v 0.05786923 -0.01370483 0.11333133
v 0.01938123 -0.01495383 0.00583133
v 0.09416023 -0.01553083 0.07185833
v 0.03322623 -0.01460183 -0.08181867
v 0.04045623 -0.01407983 0.13346133
v 0.03515723 -0.01560683 -0.13558767
v 0.05231123 -0.01429983 0.10295133
v 0.05994523 -0.01480183 0.07230133
v 0.07631223 -0.01463983 0.11187433
v 0.03823123 -0.01441583 -0.13483167
v 0.03823123 -0.01441583 -0.13483167
v 0.03712823 -0.01518583 -0.08921267
v 0.03712823 -0.01518583 -0.08921267
v 0.07447723 -0.01454483 -0.01451267
v 0.03755823 -0.01494883 -0.06651967
v 0.04206623 -0.01530983 0.13641433
v 0.04206623 -0.01530983 0.13641433
v 0.05599223 -0.01461883 0.09173633
v 0.00984023 -0.01439783 0.02701733
v 0.04389223 -0.01506583 -0.09508667
v 0.05206223 -0.01474083 0.10747233
v 0.03079023 -0.01507283 -0.13143567
v 0.09619823 -0.01382483 0.07174633
v 0.02235223 -0.01634283 0.14032033
v -0.01489977 -0.01462683 0.01808233
v 0.05883223 -0.01496183 0.09410733
v 0.03830323 -0.01488683 0.09225733
v 0.03830323 -0.01488683 0.09225733
v 0.02977623 -0.01475383 -0.10796767
v 0.02977623 -0.01475383 -0.10796767
v 0.03357923 -0.01495583 -0.11001367
v 0.04215923 -0.01480683 -0.07103967
v 0.04215923 -0.01480683 -0.07103967
v 0.03821023 -0.01588483 -0.13208767
v -0.01441077 -0.01549783 0.02115433
v 0.05389623 -0.01532983 -0.06734867
v 0.04272823 -0.01601183 0.12053833
v 0.02841823 -0.01528083 0.02887233
v 0.03636923 -0.01393983 -0.07483967
v 0.03964323 -0.01523383 -0.12233267
v 0.02873623 -0.01490583 0.13652933
v 0.05774123 -0.01573383 -0.05951867
v 0.04249823 -0.01452483 -0.04578067
v 0.04378123 -0.01479483 -0.03355567
v 0.03523923 -0.01381783 -0.14711267
v 0.03523923 -0.01381783 -0.14711267
v 0.08737623 -0.01550283 0.03651933
v 0.03201123 -0.01511583 -0.14246267
v 0.05650623 -0.01459283 -0.06476667
v 0.04111423 -0.01422283 -0.11802167
v 0.03874023 -0.01395283 -0.11487167
v 0.04081023 -0.01518083 -0.02420867
v 0.04081023 -0.01518083 -0.02420867
v 0.05419423 -0.01591783 0.07502433
v 0.03519723 -0.01360483 0.10427833
v 0.03901823 -0.01521083 0.10369933
v 0.03901823 -0.01521083 0.10369933
v 0.03901823 -0.01521083 0.10369933
v 0.05268623 -0.01481783 -0.07948367
v 0.04606523 -0.01523383 0.07907733
v 0.04813323 -0.01486083 0.08107333
v 0.04525123 -0.01517283 -0.06809367
v 0.04525123 -0.01517283 -0.06809367
v 0.04191523 -0.01433783 0.08697433
v 0.04168523 -0.01430483 0.10930433
v 0.04079023 -0.01525383 0.11136633
v 0.04079023 -0.01525383 0.11136633
v 0.03963023 -0.01497483 0.12115633
v 0.03972323 -0.01447983 0.11585533
v 0.04012523 -0.01466883 0.11926233
v 0.04140223 -0.01483783 0.12102133
v 0.04140223 -0.01483783 0.12102133
v 0.04140223 -0.01483783 0.12102133
v 0.05827023 -0.01519983 0.05755833
v 0.07951823 -0.01540883 0.11108233
v 0.04103623 -0.01499283 -0.07552467
v 0.04103623 -0.01499283 -0.07552467
v 0.02980123 -0.01738883 0.01220233
v 0.06271123 -0.01462583 -0.04878367
v 0.06271123 -0.01462583 -0.04878367
v 0.02904823 -0.01599383 -0.14826567
v 0.02904823 -0.01599383 -0.14826567
v 0.02904823 -0.01599383 -0.14826567
v 0.04670923 -0.01572983 -0.09341867
v 0.05337523 -0.01524483 -0.05582667
v 0.05337523 -0.01524483 -0.05582667
v 0.04097923 -0.01553883 0.09628333
v 0.08184823 -0.01492583 0.01539033
v 0.06872623 -0.01575983 -0.02938667
v 0.04858623 -0.01513883 -0.09092667
v 0.05945423 -0.01560783 0.08251533
v 0.04106423 -0.01554583 0.06597433
v 0.06522623 -0.01504383 -0.04497967
v 0.06667423 -0.01501783 -0.04077267
v 0.05337723 -0.01509283 -0.05072067
v 0.05337723 -0.01509283 -0.05072067
v 0.05697523 -0.01551183 -0.03383267
v 0.05697523 -0.01551183 -0.03383267
v 0.05525723 -0.01550383 0.09353433
v 0.03602623 -0.01639183 -0.12077967
v 0.05315523 -0.01561383 -0.03959367
v 0.05315523 -0.01561383 -0.03959367
v 0.05166423 -0.01494383 0.06817133
v 0.05504123 -0.01543283 -0.01906367
v 0.05495723 -0.01370483 0.11025333
v 0.04259723 -0.01492183 0.10155933
v 0.04259723 -0.01492183 0.10155933
v 0.04488223 -0.01547383 0.07023733
v 0.03463623 -0.01479883 -0.03437467
v 0.05105523 -0.01595783 -0.07757167
v 0.04713923 -0.01552783 0.07286333
v 0.04950823 -0.01561583 0.07532133
v 0.04898923 -0.01536283 -0.03883467
v 0.04212723 -0.01522383 -0.03003867
v 0.05413523 -0.01552683 -0.04548567
v 0.05413523 -0.01552683 -0.04548567
v 0.08467923 -0.01508083 0.02879933
v 0.10426323 -0.01033883 0.10198433
v 0.01915723 -0.01516783 0.00241133
v 0.06882623 -0.01376783 -0.03489667
v 0.05710523 -0.01366483 0.07019133
v 0.04095123 -0.01416083 0.07764533
v 0.03869123 -0.01416583 -0.09926067
v 0.07606323 -0.01579683 -0.00536267
v 0.04002423 -0.01341083 -0.10538967
v 0.05782123 -0.01447983 0.09718033
v 0.05338323 -0.01404183 0.10068733
v 0.06016423 -0.01483183 0.11091033
v 0.02940823 -0.01310683 -0.13892867
v 0.02940823 -0.01310683 -0.13892867
v 0.02170823 -0.01363383 0.13607933
v 0.03195123 -0.01298283 0.14036333
v 0.03071423 -0.01509083 -0.13416067
v 0.03910123 -0.01400383 -0.07063767
v 0.03369923 -0.01327683 -0.06526167
v -0.01454677 -0.01444183 0.00833933
v 0.04270823 -0.01409283 0.13288533
v 0.04270823 -0.01409283 0.13288533
v 0.04750923 -0.01366283 -0.11196467
v 0.04487823 -0.01449583 -0.03860367
v -0.01414877 -0.01521683 0.01446333
v 0.03134223 -0.01475183 -0.12917067
v 0.04344923 -0.01378983 -0.07760867
v 0.04199323 -0.01395883 0.13038333
v 0.04199323 -0.01395883 0.13038333
v 0.03119023 -0.01497083 -0.12561267
v 0.04958923 -0.01479283 -0.09202267
v 0.03585823 -0.01379683 -0.02927967
v 0.10922423 -0.01079283 0.11927433
v 0.02607223 -0.01480683 0.13612333
v 0.04665123 -0.01409183 0.13766833
v 0.10845423 -0.01295383 0.12188433
v -0.01395677 -0.01451383 0.02256433
v 0.02748023 -0.01363283 -0.15186367
v 0.04009323 -0.01500683 -0.12828967
v 0.05876723 -0.01397183 -0.06712067
v 0.04057923 -0.01353983 -0.12364967
v 0.05545423 -0.01531983 0.13489333
v 0.02767723 -0.01472783 0.09550033
v 0.02974123 -0.01463283 -0.14267867
v 0.02974123 -0.01463283 -0.14267867
v 0.03556323 -0.01472783 -0.10658567
v 0.03230423 -0.01579283 -0.15102167
v 0.03230423 -0.01579283 -0.15102167
v 0.02379423 -0.01412083 0.06575033
v 0.02379423 -0.01412083 0.06575033
v 0.03703323 -0.01406083 0.06615533
v 0.02562723 -0.01618783 0.14051533
v 0.05616923 -0.01272283 -0.07902167
v 0.04574723 -0.01337483 -0.07276767
v 0.03469523 -0.01377383 0.09254733
v 0.03606223 -0.01316883 0.09563333
v 0.01709123 -0.01411383 0.08589033
v 0.03703823 -0.01367483 0.10326133
v 0.02195023 -0.01395883 0.08550033
v 0.03975423 -0.01496283 0.10239933
v 0.03975423 -0.01496283 0.10239933
v 0.04104123 -0.01415683 0.10458733
v 0.04104123 -0.01415683 0.10458733
v 0.04104123 -0.01415683 0.10458733
v 0.04820923 -0.01269683 -0.07465567
v 0.03998023 -0.01447383 0.09899233
v 0.03998023 -0.01447383 0.09899233
v 0.03998023 -0.01447383 0.09899233
v 0.05328423 -0.01415183 0.07122933
v 0.03953723 -0.01433583 0.11192133
v 0.03953723 -0.01433583 0.11192133
v 0.02267323 -0.01438883 -0.09799967
v 0.02267323 -0.01438883 -0.09799967
v 0.04467923 -0.01421483 -0.00928067
v 0.04343223 -0.01343283 0.12205233
v 0.04343223 -0.01343283 0.12205233
v 0.01995223 -0.01449783 -0.00287067
v 0.02563323 -0.01462183 0.08819733
v 0.02412223 -0.01387083 0.01471233
v 0.04607223 -0.01420283 -0.00554667
v -0.00598177 -0.01411583 0.12811833
v -0.01982877 -0.01410483 0.15300833
v 0.00640523 -0.01513083 0.02392833
v 0.04771523 -0.01582483 0.03315133
v -0.01717577 -0.01447983 0.15065233
v 0.05026123 -0.01480283 0.03606133
v 0.05155823 -0.01734583 0.03798133
v 0.04969223 -0.01379883 0.04250533
v 0.00016723 -0.01412683 -0.14430867
v 0.05173923 -0.01497483 -0.05919767
v 0.05173923 -0.01497483 -0.05919767
v 0.04474323 -0.01439383 -0.10498467
v 0.04535723 -0.01458683 0.09255933
v 0.01927423 -0.01457483 -0.01262967
v 0.03172823 -0.01445683 0.13774333
v 0.03172823 -0.01445683 0.13774333
v 0.03038023 -0.01427683 -0.08145567
v 0.03038023 -0.01427683 -0.08145567
v 0.02519823 -0.01399983 -0.01557567
v 0.05611723 -0.01408383 0.07239233
v 0.04058123 -0.01426283 -0.09651967
v 0.06357323 -0.01490883 0.09172133
v 0.04708723 -0.01451883 -0.10852967
v 0.03896023 -0.01507883 -0.09304467
v 0.03896023 -0.01507883 -0.09304467
v 0.04203523 -0.01452383 -0.08794967
v 0.04513223 -0.01502683 -0.04333867
v 0.03768023 -0.01471783 -0.03809567
v 0.06212223 -0.01442983 -0.05220267
v 0.02553923 -0.01442783 0.09111933
v 0.04407323 -0.01548983 0.08311133
v 0.03157723 -0.01592083 -0.11170467
v 0.03157723 -0.01592083 -0.11170467
v 0.04753123 -0.01433383 -0.10311767
v 0.04623923 -0.01489883 0.12620833
v 0.03433123 -0.01406883 0.10213133
v 0.05319023 -0.01489683 -0.04589667
v 0.04630623 -0.01497483 0.12901233
v 0.04056323 -0.01412983 0.07012133
v 0.05496623 -0.01472983 0.06600633
v 0.03853523 -0.01401683 -0.02451567
v 0.03853523 -0.01401683 -0.02451567
v 0.04731023 -0.01438683 -0.08709467
v 0.04133123 -0.01410383 -0.01918067
v 0.04380123 -0.01477783 -0.08093867
v 0.04581523 -0.01418583 -0.08489867
v 0.04818523 -0.01470383 -0.03494067
v 0.04723723 -0.01441483 -0.07968667
v 0.04828223 -0.01463783 -0.07705667
v 0.05052923 -0.01476783 -0.08233667
v -0.00725377 -0.01412783 0.13043133
v -0.01098277 -0.01364683 0.00729633
v -0.01872677 -0.01454083 0.15003933
v -0.00600877 -0.01419883 0.00647633
v 0.01201223 -0.01434783 -0.01156567
v 0.04129023 -0.01403083 0.06359233
v -0.00551877 -0.01440783 0.13061233
v 0.01794523 -0.01684583 0.14026733
v 0.02770723 -0.01442683 0.09266033
v 0.03749523 -0.01376983 -0.00319767
v -0.00364677 -0.01380383 0.00532133
v 0.00673923 -0.01330383 0.01032333
v 0.02937023 -0.01393683 0.04525433
v 0.04271923 -0.01227883 -0.00299167
v -0.00445077 -0.01248383 0.01859633
v 0.06104923 -0.01437483 0.10129333
v -0.00915477 -0.01383383 0.01943033
v 0.01144623 -0.01448383 0.00798233
v 0.03639923 -0.01332883 0.05451633
v 0.01709423 -0.01396383 0.00797833
v 0.03384823 -0.01374083 0.09566833
v 0.00171023 -0.01283283 0.02401733
v 0.03845523 -0.01497483 0.05455433
v 0.03678523 -0.01441783 0.03402733
v 0.03602423 -0.01318883 0.10226433
v 0.02282023 -0.01544683 -0.00451967
v 0.02057623 -0.01413083 -0.01115267
v 0.04118223 -0.01362383 0.05856333
v 0.04376523 -0.01618483 0.03256433
v 0.03906623 -0.01258283 0.04008033
v 0.02613723 -0.01293483 0.01020933
v 0.04754323 -0.01412183 0.04483933
v 0.00097823 -0.01422383 0.01000933
v 0.06157723 -0.01421883 0.09739233
v 0.02602023 -0.01525183 -0.08234767
v 0.02602023 -0.01525183 -0.08234767
v 0.03306623 -0.01563783 0.04361433
v 0.03215423 -0.01419183 0.09937633
v 0.03215423 -0.01419183 0.09937633
v 0.01634923 -0.01450983 -0.01031167
v 0.02603223 -0.01539983 -0.00554867
v 0.07260823 -0.01380683 -0.02187667
v 0.06104423 -0.01250783 -0.06608867
v 0.02123523 -0.01256783 -0.09433967
v 0.02275523 -0.01413983 -0.09536667
v 0.02275523 -0.01413983 -0.09536667
v 0.02479723 -0.01409283 -0.08838167
v 0.02479723 -0.01409283 -0.08838167
v 0.03847223 -0.01312383 -0.11081067
v 0.00333023 -0.01327283 0.00167133
v 0.03523423 -0.01348683 0.11601333
v 0.03523423 -0.01348683 0.11601333
v -0.01579077 -0.01342483 0.01008933
v 0.05020223 -0.01419983 -0.08884167
v 0.01283223 -0.01317783 0.07640933
v 0.07764823 -0.01542883 0.00192033
v 0.02622623 -0.01334683 0.11494433
v 0.02622623 -0.01334683 0.11494433
v 0.02523723 -0.01239883 0.11791233
v 0.02523723 -0.01239883 0.11791233
v 0.04014823 -0.01262383 0.10464833
v 0.04014823 -0.01262383 0.10464833
v 0.08993623 -0.01386483 0.04942033
v -0.00097277 -0.01285283 -0.14486467
v 0.04302623 -0.01305683 0.10210833
v 0.04302623 -0.01305683 0.10210833
v -0.00046277 -0.01276183 -0.14310867
v -0.01262377 -0.01271383 0.01349233
v 0.08188123 -0.01312883 0.01179433
v 0.02860523 -0.01339783 0.10138233
v 0.02860523 -0.01339783 0.10138233
v 0.02860523 -0.01339783 0.10138233
v 0.02669423 -0.01402583 -0.08287167
v 0.02669423 -0.01402583 -0.08287167
v 0.02800523 -0.01343383 0.12723633
v 0.00298923 -0.01397783 -0.14397767
v 0.04217523 -0.01332783 -0.04217967
v 0.03721123 -0.01396483 0.06419133
v -0.01507177 -0.01206383 0.01996033
v 0.04960523 -0.01256283 -0.10105867
v 0.04960523 -0.01256283 -0.10105867
v 0.09261023 -0.01430283 0.05935733
v 0.01447923 -0.01370483 0.14251933
v 0.01577423 -0.01337883 0.14315233
v 0.03697923 -0.01217583 0.06973033
v 0.09712323 -0.01526683 0.07586133
v -0.01579477 -0.01270183 0.02084533
v 0.02968523 -0.01327583 -0.11805267
v 0.03697623 -0.01334283 -0.14216467
v 0.02586923 -0.01370983 0.01429033
v 0.03958323 -0.01319983 0.11410333
v 0.00248623 -0.01290183 -0.03349267
v 0.02393023 -0.01364383 -0.01844867
v 0.04443623 -0.01300283 -0.11852967
v -0.01255577 -0.01370583 0.02240533
v -0.00657777 -0.01275083 0.12758333
v 0.00238723 -0.01280083 -0.02904767
v -0.00361077 -0.01264983 0.12769533
v 0.02863423 -0.01228583 -0.01863567
v 0.02863423 -0.01228583 -0.01863567
v 0.01082323 -0.01426583 0.03107733
v 0.02590823 -0.01338483 0.13289533
v 0.01159823 -0.01177383 -0.01920167
v 0.05592523 -0.01332483 0.11286933
v -0.00037377 -0.01359683 0.12786933
v 0.04706623 -0.01269083 -0.07519567
v 0.03970023 -0.01377883 0.08355033
v 0.08962223 -0.01242983 0.04453733
v 0.02199423 -0.01341983 -0.09920467
v 0.02199423 -0.01341983 -0.09920467
v 0.04792823 -0.01374983 -0.07038767
v 0.02461423 -0.01396183 -0.10043367
v 0.02461423 -0.01396183 -0.10043367
v 0.02741523 -0.01316683 -0.10291767
v 0.02741523 -0.01316683 -0.10291767
v -0.01881177 -0.01477283 0.15229833
v 0.01515523 -0.01216783 0.03246033
v 0.03887123 -0.01379883 -0.05667167
v 0.02732423 -0.01237583 -0.14885167
v 0.02209823 -0.01382783 0.14152333
v 0.04121623 -0.01343683 0.12115133
v 0.04121623 -0.01343683 0.12115133
v 0.03711323 -0.01637383 0.13839233
v 0.03711323 -0.01637383 0.13839233
v 0.02814823 -0.01371983 -0.14524767
v 0.10776823 -0.01359983 0.12301233
v 0.02953323 -0.01301283 0.08969933
v 0.01768523 -0.01377183 0.08038033
v 0.01972523 -0.01308383 0.07993233
v 0.03533823 -0.01362083 0.08930733
v 0.03533823 -0.01362083 0.08930733
v 0.02040423 -0.01357183 0.08794733
v 0.00011423 -0.01361283 -0.14608267
v 0.03652923 -0.01398783 -0.11464267
v 0.00114223 -0.01341683 -0.03309667
v 0.03922023 -0.01405183 -0.02000467
v 0.05264223 -0.01374883 -0.08421467
v -0.00082977 -0.01319483 -0.03005467
v 0.03224623 -0.01345983 -0.03795567
v -0.00029877 -0.01351683 0.00760833
v 0.00370923 -0.01329183 0.00766733
v 0.03502223 -0.01371483 -0.04105267
v 0.04241423 -0.01389883 -0.11113967
v 0.03117123 -0.01350083 -0.07910767
v 0.03562123 -0.01433783 0.13484633
v 0.01273223 -0.01379883 -0.01542367
v 0.03875123 -0.01362983 -0.04805067
v 0.03232223 -0.01373683 -0.07581667
v 0.03224223 -0.01325383 0.08154833
v 0.00312123 -0.01359883 -0.14659767
v 0.06243223 -0.01403283 -0.05897867
v 0.04409323 -0.01414583 0.12745833
v 0.05557623 -0.01351683 0.06975833
v 0.04988823 -0.01358283 -0.10826567
v 0.03760323 -0.01361583 -0.10525867
v 0.04112623 -0.01396883 -0.03838967
v 0.01885623 -0.01355483 0.07431433
v 0.04101823 -0.01273883 -0.10073967
v 0.04521523 -0.01401483 -0.10099967
v 0.01709823 -0.01318383 0.09074533
v 0.04807623 -0.01428783 -0.09728167
v 0.03961023 -0.01373283 0.08843233
v 0.03134923 -0.01435183 0.09475333
v 0.01480323 -0.01348583 0.08409133
v 0.02553923 -0.01396083 0.08205533
v 0.02553923 -0.01396083 0.08205533
v 0.02882423 -0.01373483 0.08557933
v 0.02882423 -0.01373483 0.08557933
v 0.08333423 -0.01221083 0.02015433
v 0.04871423 -0.01211183 -0.11873767
v 0.04871423 -0.01211183 -0.11873767
v 0.04982523 -0.01195683 -0.11179467
v 0.04982523 -0.01195683 -0.11179467
v 0.00588023 -0.01219383 0.00123533
v 0.02669423 -0.01236483 -0.02935367
v 0.05385123 -0.01213983 0.13632033
v 0.03124423 -0.01225283 -0.03175867
v 0.02673423 -0.01206483 0.02934733
v 0.05081923 -0.01493283 -0.08687767
v 0.00717823 -0.01237283 0.00867533
v 0.00898223 -0.01232583 0.00617333
v 0.04313223 -0.01197183 -0.12787567
v 0.04313223 -0.01197183 -0.12787567
v 0.05881323 -0.01253383 0.09780433
v 0.05908723 -0.01184983 0.09897933
v 0.02608623 -0.01252483 0.01259633
v -0.00027877 -0.01152283 -0.14657667
v 0.02177123 -0.01254983 -0.08033467
v 0.03580323 -0.01258483 -0.01812467
v 0.04443223 -0.01247783 -0.00509267
v 0.02921123 -0.01266883 0.10970333
v 0.00109923 -0.01234783 -0.14284067
v 0.02163023 -0.01256983 0.11232433
v 0.02908723 -0.01245683 0.11569533
v 0.02598723 -0.01292783 0.13080633
v 0.03304623 -0.01223683 -0.02610967
v 0.04254223 -0.01216783 -0.12266567
v 0.02758423 -0.01288483 0.12800233
v 0.00834023 -0.01403783 0.02497633
v 0.05550023 -0.01224183 0.10769233
v 0.02897123 -0.01175683 0.12925733
v 0.02897123 -0.01175683 0.12925733
v 0.04541723 -0.01186583 -0.12299567
v 0.00983023 -0.01081483 0.14320433
v 0.01799723 -0.01192983 -0.01970267
v 0.09262223 -0.00978283 0.05474333
v 0.02659023 -0.01138183 -0.12284967
v 0.02333523 -0.01289383 0.13090633
v 0.03818023 -0.01219083 0.07946833
v 0.02866623 -0.01231083 -0.05178267
v -0.01293877 -0.01171883 0.01848933
v 0.04049123 -0.01342783 0.07243833
v 0.03693123 -0.01282783 0.08394933
v 0.01588123 -0.01266583 0.06166733
v 0.02780823 -0.01193583 0.08003333
v 0.05167323 -0.01052383 -0.09902267
v 0.05167323 -0.01052383 -0.09902267
v 0.09958023 -0.01092183 0.08375833
v 0.04002723 -0.01263383 -0.13919667
v 0.01843123 -0.01086883 0.14440833
v 0.04027623 -0.01266283 0.13925133
v 0.04027623 -0.01266283 0.13925133
v 0.04027623 -0.01266283 0.13925133
v 0.03398723 -0.01234783 0.11846633
v 0.03398723 -0.01234783 0.11846633
v 0.02477623 -0.01211883 -0.11371167
v 0.04307023 -0.01382383 0.10043333
v 0.04307023 -0.01382383 0.10043333
v 0.02107523 -0.01351183 0.06334833
v 0.02107523 -0.01351183 0.06334833
v 0.02939923 -0.01299283 -0.11280667
v 0.01080623 -0.01212283 0.08546133
v 0.01346323 -0.01330083 0.08708233
v 0.02763623 -0.01230683 -0.10714167
v 0.04213123 -0.01307483 0.12589133
v 0.04213123 -0.01307483 0.12589133
v 0.00460023 -0.01218883 -0.03127967
v 0.03934523 -0.01278683 0.12974533
v 0.03934523 -0.01278683 0.12974533
v 0.03685323 -0.01468583 -0.06395867
v 0.00863123 -0.01220783 0.09790833
v 0.01965523 -0.01290783 -0.10195167
v 0.01563223 -0.01294483 0.07419933
v 0.03571323 -0.01164983 -0.05810267
v 0.00744223 -0.01252283 0.07796833
v 0.04657523 -0.01238183 0.04497133
v 0.01673923 -0.01288183 0.13713033
v 0.04878923 -0.01232283 0.04395733
v 0.03499923 -0.01214183 -0.01385467
v -0.00670977 -0.01474783 0.01845833
v -0.00371677 -0.01242883 0.13068133
v 0.02007223 -0.01241783 0.11942733
v 0.02007223 -0.01241783 0.11942733
v -0.00905977 -0.01087283 0.01801733
v 0.02724123 -0.01180483 0.12646733
v 0.02860523 -0.01288083 0.12640933
v -0.00023177 -0.01249883 0.13015133
v 0.03220023 -0.01280483 0.05342733
v 0.01252023 -0.01200983 0.00314233
v 0.03219823 -0.01250383 0.10251133
v 0.02940023 -0.01330383 0.10412533
v 0.02940023 -0.01330383 0.10412533
v 0.03789223 -0.01276683 0.06263733
v 0.00347723 -0.01285283 0.02538933
v 0.02177323 -0.01208083 0.09417833
v 0.03150723 -0.01268283 -0.04629567
v 0.02444723 -0.01317583 0.09762533
v 0.01859323 -0.01225483 0.05936333
v 0.01859323 -0.01225483 0.05936333
v 0.02417923 -0.01308883 -0.08485967
v -0.00030677 -0.01204083 -0.02405767
v 0.05707423 -0.01249683 0.10702833
v 0.02839823 -0.01285883 -0.12427667
v 0.02655723 -0.01184583 -0.03348267
v 0.04220123 -0.01298883 -0.01356967
v 0.03237723 -0.01267183 -0.07143167
v 0.02510323 -0.01310483 0.11243733
v 0.02510323 -0.01310483 0.11243733
v 0.04923323 -0.01296983 -0.11732667
v 0.04923323 -0.01296983 -0.11732667
v 0.03771223 -0.01287283 0.11024233
v 0.03771223 -0.01287283 0.11024233
v 0.04082623 -0.01245883 -0.00961567
v 0.03813023 -0.01269483 0.11362233
v 0.03813023 -0.01269483 0.11362233
v 0.02134523 -0.01387483 0.06648533
v 0.00786023 -0.01220383 0.08249733
v 0.02893023 -0.01251383 0.13209033
v 0.02893023 -0.01251383 0.13209033
v 0.02643223 -0.01241983 -0.11892967
v 0.03380123 -0.01284983 0.13174933
v 0.03098023 -0.01315283 0.12761433
v 0.03885723 -0.01311783 0.11719233
v 0.03885723 -0.01311783 0.11719233
v 0.03717623 -0.01312683 0.12213533
v 0.03717623 -0.01312683 0.12213533
v 0.02881223 -0.01217083 -0.06445567
v 0.02564323 -0.01273283 -0.11710367
v 0.03105423 -0.01290683 0.09176033
v 0.02159523 -0.01301883 0.06958833
v 0.02159523 -0.01301883 0.06958833
v 0.01976223 -0.01214083 -0.09654367
v 0.01707323 -0.01287583 0.07746933
v -0.00626777 -0.01245783 0.00515733
v 0.02637423 -0.01215383 0.06762733
v 0.00399123 -0.01144583 -0.01565367
v 0.02183623 -0.01228183 0.04299533
v 0.00154323 -0.01244083 -0.00006067
v 0.00461423 -0.01238983 -0.14735967
v -0.00202477 -0.01202183 -0.02359167
v -0.01255877 -0.01277083 0.13689333
v -0.01172577 -0.01238983 0.13542733
v 0.02078623 -0.01260783 0.12122433
v 0.02078623 -0.01260783 0.12122433
v 0.02772823 -0.01250583 -0.15452667
v 0.02772823 -0.01250583 -0.15452667
v 0.02772823 -0.01250583 -0.15452667
v -0.00268677 -0.01235883 0.00236633
v -0.02157877 -0.01383983 0.15062233
v 0.00352323 -0.01220683 -0.14402367
v 0.02925923 -0.01239283 0.02959833
v -0.02000177 -0.01180783 0.14861033
v 0.01180223 -0.01347983 -0.00864167
v 0.00488023 -0.01253283 -0.14563567
v 0.02644923 -0.01258383 0.04506033
v -0.01586877 -0.01327683 0.14891833
v 0.01982023 -0.01233583 -0.00887067
v -0.01071277 -0.01292583 0.13680033
v -0.00722177 -0.01223583 0.13013733
v 0.03392523 -0.01290083 0.03740933
v 0.01650923 -0.01281183 -0.00646167
v 0.01659123 -0.01125083 -0.00163067
v 0.01659123 -0.01125083 -0.00163067
v 0.02316823 -0.01254183 -0.01074967
v 0.02316823 -0.01254183 -0.01074967
v 0.01889123 -0.01304383 -0.00578467
v 0.01889123 -0.01304383 -0.00578467
v 0.02411823 -0.01238883 -0.00934667
v 0.02411823 -0.01238883 -0.00934667
v 0.04210523 -0.01221283 0.03463933
v 0.02160723 -0.01252983 0.01101033
v 0.02221023 -0.01258183 0.00930233
v 0.04225423 -0.01253783 0.04231833
v 0.03634223 -0.01273783 0.03629033
v 0.03687823 -0.01278383 0.03837633
v -0.00036977 -0.01334183 0.00150233
v 0.02266223 -0.01266783 0.07407933
v 0.02266223 -0.01266783 0.07407933
v -0.00339377 -0.01405883 0.12985233
v 0.03330523 -0.01317983 0.03387033
v 0.02799623 -0.01340283 0.04322833
v 0.00805323 -0.01326983 -0.01131667
v 0.02152823 -0.01273783 0.07829733
v 0.02152823 -0.01273783 0.07829733
v 0.02886323 -0.01164483 -0.02840367
v 0.04940423 -0.01220883 0.04130933
v -0.01372877 -0.01258983 0.00831733
v 0.02645123 -0.01124983 -0.14586467
v 0.04623523 -0.01121383 0.04358033
v 0.04781223 -0.01100283 0.04271133
v 0.00653723 -0.01095983 0.00043433
v 0.05693423 -0.01149083 0.10071233
v 0.02546623 -0.01233383 -0.02234367
v 0.03303923 -0.01175783 -0.02872067
v -0.00044077 -0.01189083 0.12605533
v 0.05343723 -0.01140183 -0.09084167
v 0.00836923 -0.01157883 0.09274533
v 0.00761723 -0.01136883 0.09478433
v 0.07634723 -0.01240683 -0.00902767
v 0.00716923 -0.01196183 0.09712533
v 0.02582223 -0.01090583 -0.13711967
v 0.02825823 -0.01167883 0.07673933
v -0.02357277 -0.01220283 0.15286833
v 0.02886123 -0.01379983 -0.13668167
v 0.02886123 -0.01379983 -0.13668167
v 0.02455723 -0.01080183 -0.04127867
v 0.03148223 -0.01123483 0.12124733
v 0.02459423 -0.01165983 -0.03792567
v 0.00102023 -0.01081183 -0.14436867
v 0.02420323 -0.01147983 -0.07571967
v 0.06428923 -0.01232583 -0.05363367
v 0.06428923 -0.01232583 -0.05363367
v 0.02247723 -0.01162383 -0.08906567
v 0.00163223 -0.01225883 -0.03451067
v 0.02298323 -0.01161583 -0.09135067
v 0.01780423 -0.01142983 -0.05548967
v 0.02810723 -0.01290783 -0.00846067
v 0.02883723 -0.01273583 -0.12928567
v 0.01374423 -0.01177883 0.04322433
v 0.02557623 -0.01216683 -0.10359167
v 0.02557623 -0.01216683 -0.10359167
v 0.03260323 -0.01063383 -0.05915867
v 0.05948323 -0.01151183 -0.07306167
v -0.00181477 -0.01192683 0.13124733
v -0.01265877 -0.01160483 0.01976433
v 0.06048423 -0.01247583 -0.06948667
v 0.02970723 -0.01115983 0.12665633
v 0.02970723 -0.01115983 0.12665633
v -0.00170377 -0.01230883 -0.03190767
v 0.03279223 -0.01165083 -0.05413267
v 0.01159023 -0.01153383 -0.10447367
v 0.02546623 -0.01151483 0.07749233
v 0.02383423 -0.01178283 -0.15615267
v 0.02247123 -0.01165383 0.12913633
v 0.01709523 -0.01178583 -0.09715367
v 0.02537423 -0.01195983 -0.15350867
v 0.02537423 -0.01195983 -0.15350867
v 0.09658223 -0.01043383 0.12631233
v 0.03716123 -0.01213883 0.09716133
v 0.03716123 -0.01213883 0.09716133
v 0.02626223 -0.01139483 -0.05675667
v 0.03186923 -0.01049683 -0.01484367
v 0.05071023 -0.01182383 -0.10568467
v 0.05071023 -0.01182383 -0.10568467
v 0.03504323 -0.01112183 -0.00684967
v 0.03361823 -0.01170383 -0.00831967
v 0.03904923 -0.01188083 -0.14233567
v 0.03077223 -0.01292983 0.05103833
v 0.03371823 -0.01217383 -0.00611967
v 0.01399823 -0.01174283 0.13908033
v 0.04260223 -0.01245183 -0.00870667
v 0.09446023 -0.01170183 0.06329833
v 0.00836923 -0.01081583 -0.12840467
v 0.04804323 -0.01128483 0.03543233
v 0.05367023 -0.01201683 0.10460833
v 0.03102223 -0.01149383 0.06566733
v 0.03671623 -0.01171783 0.10382833
v 0.03671623 -0.01171783 0.10382833
v 0.03671623 -0.01171783 0.10382833
v 0.03671623 -0.01171783 0.10382833
v 0.05681723 -0.01123283 0.10286633
v 0.01697123 -0.01164283 0.06769033
v 0.01541723 -0.01123683 0.06813633
v 0.03466623 -0.01107383 0.07136033
v 0.02901123 -0.01174083 0.06075833
v 0.00987023 -0.01234583 0.07678933
v 0.00390723 -0.01210183 0.14499033
v 0.01872023 -0.01201483 -0.06103267
v 0.04094123 -0.01230883 -0.13283167
v 0.04094123 -0.01230883 -0.13283167
v 0.01317723 -0.01197483 0.07377433
v 0.00471023 -0.01153383 0.07573333
v 0.01082923 -0.01174183 0.06999133
v 0.02661823 -0.01181783 -0.04722767
v 0.02584923 -0.01255683 0.10635133
v 0.03083923 -0.01195283 -0.02145867
v 0.03083923 -0.01195283 -0.02145867
v 0.02170823 -0.01139383 -0.11887467
v 0.01402323 -0.01174383 0.06454033
v -0.02118177 -0.01433283 0.15245533
v 0.02642223 -0.01168483 -0.07661267
v 0.02131723 -0.01166183 -0.07268667
v 0.01451823 -0.01312783 0.09117533
v 0.00617423 -0.01102083 0.08819733
v 0.02919623 -0.01181783 0.11792633
v 0.02116423 -0.01137383 -0.06391867
v 0.02813223 -0.01246883 -0.06879967
v 0.01960723 -0.01171783 0.09301033
v 0.01082123 -0.01169583 0.09616733
v 0.03544323 -0.01221083 -0.05337867
v 0.01725823 -0.01220683 0.09494033
v 0.03521223 -0.01245783 -0.04942867
v 0.02165823 -0.01226683 0.09110233
v 0.03316923 -0.01169483 -0.02337967
v 0.03316923 -0.01169483 -0.02337967
v 0.01541823 -0.01189283 0.00283933
v 0.00642823 -0.01188283 -0.12875867
v 0.02325423 -0.01179883 -0.05445167
v 0.03404823 -0.01197983 0.07996533
v 0.04496423 -0.01334683 -0.00347567
v 0.01678323 -0.01160683 -0.10390567
v 0.03554623 -0.01231083 0.12915633
v 0.03346023 -0.01197083 0.10477933
v 0.03346023 -0.01197083 0.10477933
v 0.03606323 -0.01147683 0.12689533
v 0.03813823 -0.01216483 0.07549733
v 0.02465923 -0.01169683 0.01204033
v 0.02418923 -0.01231683 0.01378033
v 0.03492323 -0.01240983 -0.01073667
v 0.03398223 -0.01211683 0.10323333
v 0.02637223 -0.01146583 0.06219233
v 0.03090523 -0.01183783 0.05694833
v 0.03431123 -0.01176783 0.09847133
v 0.03431123 -0.01176783 0.09847133
v 0.03929223 -0.01283183 0.05711333
v 0.03433123 -0.01208583 0.10735533
v 0.03939523 -0.01255183 0.05964733
v 0.00488923 -0.01180483 0.07804633
v 0.03282723 -0.01198283 0.11299733
v 0.03179823 -0.01224683 0.11535233
v 0.03179823 -0.01224683 0.11535233
v 0.03355823 -0.01186083 0.06619433
v 0.02177823 -0.01035483 -0.04383267
v 0.03360523 -0.01126783 0.07621333
v 0.01502523 -0.01055883 -0.14317767
v 0.00217323 -0.01168983 0.14643733
v 0.02703623 -0.01038883 -0.02816667
v 0.03603923 -0.01071983 0.10117833
v 0.00991723 -0.01096583 0.03296733
v 0.08569223 -0.01003283 0.02843633
v -0.01998677 -0.01037783 -0.01115267
v 0.03476023 -0.00935783 0.14128033
v 0.03476023 -0.00935783 0.14128033
v 0.03476023 -0.00935783 0.14128033
v 0.01547523 -0.01077783 -0.13966267
v 0.02298723 -0.01109483 0.10435033
v 0.02298723 -0.01109483 0.10435033
v -0.01349277 -0.01130983 0.01005333
v 0.00394123 -0.01066883 -0.03975767
v -0.00401677 -0.01104483 0.12979033
v 0.00591223 -0.01071683 0.14454533
v -0.01292577 -0.01063383 0.01200633
v 0.01747623 -0.01074283 -0.06937367
v 0.02852523 -0.01178483 -0.14201567
v 0.00660323 -0.01072483 -0.04283367
v -0.01336777 -0.01052683 0.01875033
v -0.01336777 -0.01052683 0.01875033
v -0.01250577 -0.01044483 0.01948833
v 0.04700923 -0.01011883 -0.12463167
v 0.04700923 -0.01011883 -0.12463167
v 0.00848223 -0.00995983 0.10078533
v 0.01293623 -0.01004683 0.09901433
v 0.00554623 -0.01110683 -0.02922367
v 0.01111623 -0.01088383 0.10026933
v 0.01442123 -0.01062883 -0.09591367
v 0.01554323 -0.01080683 -0.00285567
v 0.01554323 -0.01080683 -0.00285567
v 0.02262623 -0.01145583 -0.12118067
v 0.01582123 -0.01091283 0.13541033
v 0.01911523 -0.01078983 0.11447533
v 0.00794223 -0.01101083 -0.03848667
v 0.00868523 -0.01141083 -0.10585867
v 0.01006023 -0.01041283 -0.10132967
v 0.01420323 -0.01072483 -0.06147567
v 0.02068223 -0.01121483 0.13291733
v 0.03175623 -0.01047283 -0.05769967
v -0.01599977 -0.01271783 0.15064833
v 0.01592223 -0.01008583 0.11699933
v 0.01592223 -0.01008583 0.11699933
v 0.05250023 -0.00980683 -0.10296867
v 0.02672023 -0.01018183 0.07542333
v 0.02553623 -0.01138683 -0.12666267
v 0.01900323 -0.01063983 0.05544633
v 0.01900323 -0.01063983 0.05544633
v 0.02671623 -0.01177183 0.14246533
v 0.02532823 -0.01087683 -0.12242067
v 0.02056823 -0.00946283 -0.12230367
v 0.00590523 -0.01050983 0.02786533
v 0.02623723 -0.01089683 -0.03085867
v 0.06578523 -0.01179983 -0.04917467
v 0.06578523 -0.01179983 -0.04917467
v 0.06578523 -0.01179983 -0.04917467
v 0.02632623 -0.01133683 0.12222233
v 0.02632623 -0.01133683 0.12222233
v -0.00761577 -0.01049483 0.07722733
v 0.03502523 -0.01196283 -0.15238767
v 0.02546723 -0.01001983 0.03151733
v 0.02455123 -0.00907383 0.12727333
v 0.02744523 -0.01056583 0.12820233
v 0.02744523 -0.01056583 0.12820233
v 0.03760823 -0.01003283 -0.15118867
v -0.00308877 -0.01034683 0.09293433
v 0.06731823 -0.01161483 -0.04556567
v 0.02492923 -0.01078683 -0.15794767
v 0.03742623 -0.01187283 -0.14505367
v 0.09642623 -0.01032983 0.07082033
v 0.04189323 -0.00824083 -0.14511067
v 0.04187223 -0.01152483 -0.14142667
v 0.01116623 -0.01034683 0.13963233
v 0.02555423 -0.01111083 -0.10901767
v 0.02525923 -0.01139783 -0.14949367
v 0.08162023 -0.00945483 0.01053433
v 0.02720123 -0.01064383 0.03037233
v 0.03721723 -0.00976283 -0.00601067
v 0.00678023 -0.01136683 -0.13008167
v 0.03685723 -0.01231183 -0.00858067
v 0.00683923 -0.01128083 -0.12768267
v 0.01811823 -0.01109383 -0.08517367
v 0.04566823 -0.01113283 0.03598633
v 0.01381723 -0.01021183 -0.12692467
v 0.01813423 -0.01139883 -0.08008967
v 0.01410623 -0.01108383 0.06106733
v 0.00137723 -0.01154783 0.12824933
v -0.00492977 -0.01090883 0.12836633
v 0.00526423 -0.01066183 -0.00846567
v 0.01370523 -0.01060283 -0.12499367
v 0.00120123 -0.01153183 -0.14781567
v -0.02771977 -0.00980083 0.15555733
v 0.02920923 -0.01144883 0.04815833
v 0.02968023 -0.01112283 0.03404333
v -0.00215177 -0.01039883 0.02026333
v 0.03985023 -0.01090083 -0.00362767
v -0.02280077 -0.01144583 -0.00876767
v 0.04428723 -0.01009483 -0.13426967
v 0.04428723 -0.01009483 -0.13426967
v 0.02117823 -0.01089083 0.10257733
v 0.01992923 -0.01135683 -0.07592867
v 0.01595423 -0.01197783 0.04501233
v -0.02411977 -0.01061583 -0.00671767
v 0.00481023 -0.01096183 -0.08834767
v 0.01786823 -0.01105683 0.09921733
v -0.03333677 -0.01087583 -0.02671067
v -0.03374577 -0.01067183 -0.02238567
v 0.01240623 -0.01107283 -0.00500167
v 0.01295923 -0.01138483 0.09485333
v 0.01166923 -0.01086883 -0.00110967
v 0.01166923 -0.01086883 -0.00110967
v 0.00808223 -0.01121983 -0.04038067
v 0.01201823 -0.01084683 0.14500333
v 0.01222523 -0.01040483 -0.11162467
v 0.02830123 -0.01085683 -0.01420067
v -0.02703977 -0.01093883 0.15422433
v 0.00511023 -0.01083983 -0.08343467
v 0.01164123 -0.01121783 -0.10740467
v -0.00448177 -0.01108683 0.09304633
v 0.01022723 -0.01104083 0.06282133
v 0.02600723 -0.01119783 -0.01221667
v 0.02600723 -0.01119783 -0.01221667
v 0.01829823 -0.01110183 -0.06554467
v 0.02425823 -0.01080683 0.07592533
v 0.00013323 -0.01063883 -0.02079267
v 0.03537223 -0.01098783 0.12515333
v 0.03124823 -0.01091483 -0.01767367
v 0.03124823 -0.01091483 -0.01767367
v 0.03526023 -0.01141083 0.09766833
v 0.03526023 -0.01141083 0.09766833
v 0.02525123 -0.01150783 -0.06832967
v 0.02741023 -0.01165683 -0.07305867
v 0.02181823 -0.00912983 -0.03281667
v 0.02624923 -0.01112283 -0.06009267
v 0.03070623 -0.01145083 -0.00924567
v 0.01797523 -0.01107783 0.04818933
v 0.00854423 -0.01036283 -0.00153567
v 0.00854423 -0.01036283 -0.00153567
v 0.03910223 -0.01141483 0.10017733
v 0.01617023 -0.01086583 -0.04779867
v 0.03999823 -0.01150383 0.10290233
v 0.03999823 -0.01150383 0.10290233
v 0.03322923 -0.01153083 0.06254533
v 0.00524323 -0.01093883 -0.07927667
v 0.01006823 -0.01039983 -0.07500067
v 0.01974023 -0.01092483 -0.08970767
v 0.00187523 -0.00972583 0.08550933
v 0.04247823 -0.01068783 0.04079333
v 0.02394423 -0.01166283 0.04733133
v -0.02555077 -0.01069183 0.15136833
v -0.03429077 -0.01062683 -0.03109267
v -0.04165077 -0.01065683 0.15031833
v -0.04165077 -0.01065683 0.15031833
v 0.01791623 -0.01185883 0.12175433
v -0.04017277 -0.01126683 0.14854533
v -0.04017277 -0.01126683 0.14854533
v -0.00690477 -0.01018483 0.00481233
v 0.02404523 -0.01075083 0.05130333
v -0.04012577 -0.01108883 0.15099233
v -0.04012577 -0.01108883 0.15099233
v -0.03857277 -0.01044083 0.14891933
v -0.03857277 -0.01044083 0.14891933
v 0.02929323 -0.01025683 -0.15724967
v 0.02929323 -0.01025683 -0.15724967
v -0.01671477 -0.01054883 0.14875433
v -0.03913477 -0.01025283 -0.02534467
v -0.00254577 -0.01056683 0.00024633
v 0.01723723 -0.01042683 0.12460933
v 0.02005023 -0.01023183 0.03974633
v 0.02687923 -0.01132783 0.03827733
v 0.04041123 -0.01056683 0.03802533
v 0.04015223 -0.01101583 0.03633433
v -0.03504877 -0.01112483 -0.02735167
v 0.02180123 -0.01135283 0.05018433
v 0.00250923 -0.01102883 -0.01417567
v 0.03331423 -0.01115883 0.05938833
v 0.02228123 -0.01127783 0.12315833
v 0.02951223 -0.01231383 0.03983133
v 0.10163123 -0.01573883 0.09657033
v 0.01055923 -0.00852683 0.10338533
v -0.00365677 -0.01053883 0.04236633
v 0.01443123 -0.00940983 -0.04672667
v -0.00488277 -0.00981083 0.10526633
v -0.00482577 -0.00957083 0.07753933
v 0.00470123 -0.00976283 -0.02311967
v -0.00019477 -0.00958083 -0.00815867
v -0.00357177 -0.01031383 0.10726933
v 0.00147923 -0.01121283 0.12652233
v 0.00147923 -0.01121283 0.12652233
v -0.00216577 -0.00973883 0.14641033
v -0.00216577 -0.00973883 0.14641033
v 0.01758023 -0.00978283 -0.04433067
v 0.05121323 -0.01018983 -0.10966567
v 0.03263123 -0.01096683 -0.15561867
v 0.03263123 -0.01096683 -0.15561867
v 0.00984223 -0.00971083 0.13195133
v 0.06301323 -0.00901183 -0.06475167
v 0.06301323 -0.00901183 -0.06475167
v -0.00269177 -0.01009083 0.08124933
v -0.02004277 -0.00935083 -0.03550367
v 0.05197723 -0.00854383 -0.10660167
v 0.01260723 -0.00952883 0.10715233
v 0.01295923 -0.00906683 0.11570633
v 0.01295923 -0.00906683 0.11570633
v 0.01295923 -0.00906683 0.11570633
v 0.00171923 -0.01020483 0.08041633
v 0.01898723 -0.00997983 -0.10824367
v -0.01211777 -0.01031783 0.00760833
v 0.01306323 -0.00966183 -0.08215667
v 0.00240523 -0.00962683 -0.00332567
v -0.00038277 -0.00960183 -0.14775167
v 0.07930823 -0.01054883 0.00200933
v 0.00078123 -0.01137583 0.14584733
v -0.00018477 -0.00976583 -0.14927967
v 0.02105723 -0.00940783 -0.10964567
v 0.02105723 -0.00940783 -0.10964567
v 0.00265223 -0.00905483 -0.14979767
v 0.01454023 -0.00966183 -0.08325567
v -0.00271677 -0.00865183 0.12677233
v -0.01323177 -0.00979083 0.07873533
v 0.00303423 -0.01008483 -0.14778867
v 0.02165223 -0.00989983 -0.15553867
v 0.02165223 -0.00989983 -0.15553867
v 0.00362623 -0.00897683 0.03519233
v 0.00887023 -0.00790783 0.12278433
v 0.01996023 -0.00920183 -0.15343767
v 0.01996023 -0.00920183 -0.15343767
v 0.01996023 -0.00920183 -0.15343767
v 0.05956923 -0.00883983 0.13512933
v 0.00115123 -0.00994683 -0.00192167
v 0.00115123 -0.00994683 -0.00192167
v -0.01081977 -0.00988283 0.07536733
v 0.00470323 -0.01010283 0.09310933
v 0.01949823 -0.01007983 -0.02288567
v -0.00801277 -0.00890283 0.07448133
v 0.00675023 -0.00999883 0.03838933
v 0.02571523 -0.00952583 -0.03032767
v 0.00566823 -0.00867783 0.06163333
v -0.02405077 -0.01025983 0.15497133
v -0.01695077 -0.00977183 -0.01488867
v -0.00838777 -0.00951483 0.02019333
v 0.01450023 -0.00999383 -0.05286667
v 0.00800723 -0.00872083 0.14349733
v 0.02229423 -0.01019083 -0.03688267
v 0.01091723 -0.01024583 -0.13333567
v 0.00960523 -0.01120983 0.06747833
v -0.00593177 -0.01007283 0.01893333
v 0.02436923 -0.00986483 -0.02436367
v 0.02784823 -0.01032083 -0.02432067
v -0.00093177 -0.00946183 0.02173033
v -0.00182377 -0.00992383 -0.03353667
v 0.00537523 -0.00918883 -0.13985967
v -0.02966477 -0.00990283 -0.03394467
v 0.06905023 -0.00987183 -0.03984067
v 0.01010223 -0.01034183 0.04421933
v 0.00679723 -0.00864483 -0.02649367
v 0.01524823 -0.00973283 -0.11735367
v 0.01524823 -0.00973283 -0.11735367
v -0.02924077 -0.01066583 -0.01444167
v -0.01763577 -0.00893083 0.15221733
v -0.01126477 -0.00998583 0.14312233
v 0.02694523 -0.01048983 0.04689933
v 0.03883123 -0.00887883 -0.14459967
v 0.02747423 -0.00988183 0.04979533
v 0.01063523 -0.00976183 0.04848433
v 0.01063523 -0.00976183 0.04848433
v -0.02226877 -0.00998283 -0.03806567
v 0.00834223 -0.00871183 0.14714733
v 0.00873723 -0.00969583 -0.13372067
v 0.02092723 -0.01101083 0.13003233
v 0.02590323 -0.00961883 0.03293533
v 0.00065923 -0.00938083 0.13026933
v 0.00065923 -0.00938083 0.13026933
v 0.10832923 -0.00773583 0.11397033
v -0.00510977 -0.00972683 0.13874733
v 0.00165523 -0.00958983 -0.03758567
v 0.01884723 -0.00930083 0.13184033
v -0.00798477 -0.00968483 0.14384333
v -0.00994077 -0.00966183 0.14724433
v 0.02131123 -0.00904383 -0.14273067
v 0.02131123 -0.00904383 -0.14273067
v 0.00557823 -0.00945483 -0.06219667
v 0.01343723 -0.01026083 -0.13550767
v 0.07344523 -0.00909183 -0.02454367
v 0.03699023 -0.01012483 -0.00483667
v 0.02382223 -0.00939583 -0.14407867
v 0.02382223 -0.00939583 -0.14407867
v 0.01660923 -0.00941583 -0.13323667
v 0.02357523 -0.00957583 -0.12762667
v 0.02357523 -0.00957583 -0.12762667
v 0.02111223 -0.00957683 -0.11363267
v -0.00613377 -0.01024283 0.14825233
v 0.01775123 -0.01030683 -0.07433767
v 0.01364523 -0.01009983 0.10379933
v -0.03114977 -0.00978083 -0.03483367
v 0.02369923 -0.01110283 -0.10612067
v 0.02369923 -0.01110283 -0.10612067
v -0.00641077 -0.01069583 0.08065833
v 0.00779723 -0.01011483 -0.10881467
v 0.02956323 -0.01080483 0.06671533
v 0.00968423 -0.01015183 -0.12724267
v 0.04329023 -0.01013083 0.03859933
v 0.00968323 -0.01045983 -0.08714567
v 0.02926623 -0.00999483 0.07381833
v -0.01379277 -0.01007883 0.08311133
v 0.00976023 -0.01016283 -0.06070767
v 0.01335223 -0.00966783 -0.08514167
v 0.01151823 -0.00979083 -0.09032067
v 0.01444523 -0.01024283 0.05092733
v 0.01444523 -0.01024283 0.05092733
v -0.00014777 -0.01008183 0.07873033
v -0.02217177 -0.01023183 -0.03640167
v 0.01121423 -0.01019583 -0.13916467
v 0.00883323 -0.01006783 -0.14369467
v 0.00157523 -0.00978483 -0.08155767
v -0.03471377 -0.00982383 -0.02070167
v 0.01229923 -0.00963383 -0.14251067
v -0.02533877 -0.01044383 -0.01369667
v 0.00793023 -0.01045983 0.03614633
v -0.02541377 -0.01051483 -0.01120967
v 0.01910623 -0.01036183 0.10624133
v 0.01906423 -0.01008083 -0.04193967
v 0.01446823 -0.01030683 -0.07899867
v 0.00651023 -0.01031683 0.14536333
v 0.00696523 -0.01001683 -0.07440467
v 0.01778323 -0.01030683 0.10856733
v 0.00319223 -0.01030683 0.08230633
v 0.00386023 -0.00978383 -0.07016967
v 0.00672423 -0.01019883 -0.06705567
v 0.01923423 -0.01017583 -0.13937767
v -0.02028477 -0.01048583 -0.01360367
v 0.01344323 -0.01029583 -0.07078867
v 0.00571823 -0.01034783 -0.07183167
v 0.00369523 -0.00947583 0.06911633
v 0.01180523 -0.00988283 -0.06662267
v 0.01636923 -0.01030983 0.03465633
v 0.01431423 -0.01118283 -0.05824467
v 0.02702523 -0.01078883 -0.13980967
v 0.00688223 -0.00932383 -0.03250467
v 0.00339623 -0.01067383 -0.03536467
v 0.01034423 -0.01014483 0.03889033
v 0.00241523 -0.01010383 -0.04594667
v 0.01434923 -0.01108983 0.04111233
v 0.02591723 -0.00964783 0.04850333
v 0.02492823 -0.01048183 0.05567833
v 0.02770023 -0.01014483 0.05612433
v 0.02812123 -0.01060683 0.05979333
v 0.02647623 -0.01072983 0.07130433
v 0.00867323 -0.01025583 -0.04551567
v 0.04067623 -0.01043483 -0.00463467
v -0.09369277 -0.00878783 -0.12597667
v -0.00743777 -0.00981683 0.14999533
v -0.00342177 -0.00910983 -0.11800667
v -0.02055377 -0.00929183 -0.00512467
v 0.01474323 -0.00851083 -0.03544967
v -0.00198077 -0.00888083 0.03876133
v -0.00198077 -0.00888083 0.03876133
v -0.00251177 -0.00878183 0.10351533
v -0.00452077 -0.01004083 0.04467333
v 0.00637723 -0.00957783 -0.13011767
v -0.02137177 -0.00891483 -0.00357867
v -0.00398677 -0.00903383 -0.04541667
v -0.00055477 -0.00990683 0.04296633
v -0.00342377 -0.00896083 -0.10063767
v -0.00222777 -0.00781083 0.08380933
v 0.08055223 -0.00622383 0.00404033
v 0.00923323 -0.00920083 -0.11634167
v -0.01383077 -0.00854383 0.00827533
v -0.01383077 -0.00854383 0.00827533
v 0.00586523 -0.00915083 -0.12795667
v -0.03354777 -0.00920183 -0.12232267
v 0.03618523 -0.00866283 -0.15310867
v -0.00175277 -0.01017083 0.10778833
v 0.00313923 -0.00905583 0.10176333
v -0.00664177 -0.00954683 0.09400233
v 0.02303523 -0.00891983 -0.02744867
v 0.00538123 -0.00908783 -0.10770767
v -0.00210377 -0.00968283 -0.09114267
v 0.00366823 -0.00877483 -0.14759467
v 0.01292523 -0.00862883 0.10868933
v -0.00944277 -0.00801783 0.09698833
v 0.00645423 -0.00912683 -0.14736267
v 0.06450123 -0.01103183 -0.05716067
v 0.06450123 -0.01103183 -0.05716067
v -0.00922277 -0.00996683 -0.00395367
v -0.00792577 -0.00880083 -0.00810867
v 0.01539723 -0.00886483 0.11063133
v 0.00580123 -0.00899283 0.06613833
v -0.00106477 -0.00889783 0.06409333
v -0.02978877 -0.00947883 -0.03143967
v -0.00598877 -0.00947283 -0.12964067
v -0.01231677 -0.00872483 -0.00288967
v -0.02697277 -0.00802383 -0.02835267
v -0.00215277 -0.00906283 0.09474933
v 0.01797423 -0.00893283 -0.15215767
v 0.01797423 -0.00893283 -0.15215767
v 0.01621923 -0.00870783 -0.14883267
v 0.01621923 -0.00870783 -0.14883267
v 0.01591623 -0.00965083 0.12886133
v 0.00780123 -0.00949383 -0.13112167
v -0.00256377 -0.00827383 -0.13195067
v -0.01469977 -0.00958183 0.02075233
v -0.01469977 -0.00958183 0.02075233
v 0.00714823 -0.00906883 0.13582033
v 0.02059523 -0.00915883 -0.14785967
v 0.02059523 -0.00915883 -0.14785967
v 0.02059523 -0.00915883 -0.14785967
v 0.02059523 -0.00915883 -0.14785967
v 0.02253723 -0.00887883 -0.14936667
v 0.02253723 -0.00887883 -0.14936667
v -0.00138177 -0.00888183 -0.12923967
v -0.00199077 -0.00933583 0.10965833
v 0.01126523 -0.01025083 0.13728833
v 0.02366423 -0.00916383 -0.15855667
v 0.06613623 -0.00821683 -0.05159167
v 0.06613623 -0.00821683 -0.05159167
v 0.06613623 -0.00821683 -0.05159167
v 0.00979923 -0.00890183 0.14130633
v -0.02758277 -0.00934283 -0.01649167
v -0.00434077 -0.00828283 0.02174933
v 0.00961423 -0.00822783 -0.03310367
v 0.02374323 -0.00941783 -0.15126267
v 0.02374323 -0.00941783 -0.15126267
v 0.00189423 -0.00907383 -0.04919667
v -0.00460477 -0.00910183 0.12913833
v 0.09158423 -0.00779483 0.04956133
v -0.02205677 -0.00906883 -0.03919167
v -0.00305577 -0.00845683 0.02110333
v 0.10664523 -0.00943983 0.11067433
v 0.02997923 -0.01034583 0.12566133
v 0.02997923 -0.01034583 0.12566133
v 0.00785923 -0.00962083 -0.14673267
v 0.01342323 -0.00865283 -0.13011467
v -0.00620777 -0.00877883 0.02874433
v -0.00620777 -0.00877883 0.02874433
v 0.01601323 -0.00777983 -0.12870067
v 0.00736823 -0.00871383 0.05588433
v -0.00995077 -0.00796383 0.03876133
v -0.00614077 -0.00957883 0.04288433
v 0.10974323 -0.00722583 0.12111533
v -0.01045677 -0.00865683 0.13111733
v -0.01321977 -0.00901583 0.14166533
v 0.07130023 -0.01130383 -0.03100467
v 0.04660923 -0.00792083 -0.13175667
v 0.00794523 -0.00868683 0.13050633
v -0.01684477 -0.00833183 0.14361933
v -0.02358177 -0.00852883 -0.01695567
v -0.01570877 -0.00940083 0.14927333
v -0.01475677 -0.00785983 -0.01922467
v -0.01392077 -0.00789783 -0.01599867
v -0.00776877 -0.00912783 0.14124933
v -0.00290777 -0.00812583 0.13637633
v 0.01702223 -0.00985983 0.12828633
v -0.00407277 -0.00894683 0.09147433
v 0.02014723 -0.00802983 0.12459933
v 0.00070223 -0.00894583 0.12572733
v 0.01873923 -0.00892383 -0.14927767
v 0.01873923 -0.00892383 -0.14927767
v 0.02165523 -0.00931983 -0.15239867
v 0.02165523 -0.00931983 -0.15239867
v 0.02165523 -0.00931983 -0.15239867
v -0.02227977 -0.00858383 0.13443933
v 0.01076923 -0.01026883 0.04115033
v 0.01269123 -0.00773283 -0.14589567
v 0.02653523 -0.00991983 0.12438833
v 0.02653523 -0.00991983 0.12438833
v -0.00788477 -0.00861083 -0.03614267
v -0.00761977 -0.01014483 0.08798733
v -0.00557377 -0.00916583 -0.03181567
v -0.02230677 -0.00887083 0.14785433
v 0.03050423 -0.00793883 -0.15919267
v -0.00364077 -0.00920083 0.08813733
v 0.00155123 -0.00889883 -0.14543267
v -0.01041677 -0.00880983 0.00481333
v -0.00969677 -0.00743483 0.09095133
v -0.01419977 -0.00918983 0.14757833
v 0.00460523 -0.00915283 -0.13834767
v 0.00553823 -0.00973983 -0.02045367
v -0.00178277 -0.00903383 -0.12729567
v 0.00629423 -0.00965583 -0.11405367
v 0.01404623 -0.01024983 0.05678333
v -0.00629877 -0.00908983 0.03956133
v 0.01973223 -0.00985983 -0.11745667
v 0.00261723 -0.00950083 0.07402433
v -0.00057477 -0.01020183 0.04567533
v 0.00335523 -0.00873583 0.04503133
v 0.00335523 -0.00873583 0.04503133
v 0.00134923 -0.00914483 -0.01142567
v 0.00008923 -0.00947383 0.04905733
v 0.01549523 -0.00932283 -0.04021967
v 0.01549523 -0.00962183 -0.11249267
v 0.01549523 -0.00962183 -0.11249267
v -0.00187977 -0.00910583 0.07563033
v 0.01807423 -0.00870283 -0.02505667
v 0.01747023 -0.00920383 -0.11369567
v 0.01747023 -0.00920383 -0.11369567
v 0.00046923 -0.00910183 -0.09701567
v -0.00167577 -0.00899583 -0.04699667
v 0.00820423 -0.00936483 -0.12522467
v -0.00571077 -0.00876783 0.10909233
v 0.01237623 -0.00915283 -0.11640667
v 0.01237623 -0.00915283 -0.11640667
v 0.00334623 -0.00859083 -0.06592567
v 0.00119223 -0.00895783 0.06941133
v 0.01159823 -0.01004683 0.05327533
v -0.01593077 -0.00944483 0.08236133
v 0.00076023 -0.00912183 -0.13988467
v -0.00942677 -0.00844183 0.02569833
v -0.00942677 -0.00844183 0.02569833
v 0.01496823 -0.00905583 0.12995733
v -0.00066877 -0.00979983 -0.08456667
v 0.00268823 -0.01020783 -0.09357467
v 0.00814523 -0.00937983 -0.13801767
v 0.00865623 -0.00947183 -0.09820467
v 0.00599223 -0.00838883 0.14369033
v 0.00599223 -0.00838883 0.14369033
v 0.00200023 -0.00868683 0.09026133
v -0.00264277 -0.00914983 0.03089433
v 0.00742123 -0.00900383 -0.05598267
v -0.00610377 -0.00948483 0.09546333
v -0.02252177 -0.00939983 -0.03232767
v 0.00101723 -0.00905283 0.09472433
v 0.01823623 -0.00991283 -0.14518167
v 0.02005123 -0.00937783 -0.03880367
v 0.01765023 -0.00972883 0.03833333
v 0.01851623 -0.00924783 -0.03578267
v 0.02275123 -0.00965083 0.03743833
v 0.02239323 -0.00932683 -0.13949367
v 0.02239323 -0.00932683 -0.13949367
v 0.00685623 -0.00989183 -0.04883367
v -0.02260877 -0.00882583 0.10772433
v -0.02278577 -0.00893583 0.11037633
v 0.01178923 -0.00849883 -0.03519667
v 0.01192523 -0.00938383 -0.04650867
v 0.00420423 -0.00900483 0.12942433
v -0.01786477 -0.00910283 -0.01836667
v 0.02375823 -0.00919783 -0.13281867
v 0.02375823 -0.00919783 -0.13281867
v 0.00507923 -0.00949083 0.13336433
v 0.00766023 -0.00902483 0.13330333
v 0.01667823 -0.00919883 -0.12503267
v 0.01667823 -0.00919883 -0.12503267
v 0.01236823 -0.00976683 -0.04163567
v 0.01639823 -0.00915383 -0.12187967
v 0.01639823 -0.00915383 -0.12187967
v 0.00066123 -0.00977583 0.14389233
v 0.00066123 -0.00977583 0.14389233
v 0.00050623 -0.00912383 0.13826133
v -0.00286777 -0.00905683 -0.01305367
v -0.04165577 -0.00892383 0.15027533
v -0.04165577 -0.00892383 0.15027533
v -0.04017277 -0.00892383 0.14719133
v -0.03001077 -0.00891283 -0.03670067
v -0.00376077 -0.01018283 -0.02269567
v -0.02461177 -0.00892383 -0.00545467
v -0.02613677 -0.00900283 -0.00975267
v -0.03857277 -0.00892383 0.14977433
v -0.00452877 -0.01005183 -0.02910667
v -0.00557677 -0.00896883 0.00049533
v -0.00557677 -0.00896883 0.00049533
v -0.00353277 -0.00880083 -0.01596267
v -0.02944377 -0.00898883 0.00494233
v -0.03180477 -0.00952983 0.00808033
v -0.03155577 -0.00951383 0.01048833
v -0.02947077 -0.00954583 0.01016633
v -0.04292077 -0.00883383 -0.02593567
v -0.06490477 -0.00646983 -0.04052067
v -0.06490477 -0.00646983 -0.04052067
v -0.06490477 -0.00646983 -0.04052067
v -0.00161777 -0.01019583 -0.01917367
v -0.03744677 -0.00909783 -0.03219367
v -0.04133377 -0.00930783 -0.02919567
v -0.00917577 -0.00985783 0.08220233
v 0.01159123 -0.01054783 -0.12469467
v 0.01511223 -0.01011283 0.12469433
v -0.03697377 -0.01022983 -0.02208667
v -0.00399277 -0.00986683 -0.00265867
v -0.00399277 -0.00986683 -0.00265867
v -0.00530677 -0.00939383 0.08444533
v -0.00551877 -0.01021983 0.08852333
v 0.00881923 -0.00701083 -0.03003267
v -0.02007677 -0.00783783 -0.00407467
v 0.00350123 -0.00714983 0.10961333
v -0.01736677 -0.00809183 0.07710533
v 0.00078323 -0.00840883 0.10744133
v 0.01886823 -0.00786983 0.12586333
v 0.03993523 -0.00876783 -0.14770467
v 0.00311623 -0.00765083 0.03238733
v -0.02955777 -0.00819383 0.08490933
v -0.02092577 -0.00802383 0.11600833
v -0.01197277 -0.00801283 -0.10684567
v 0.00258723 -0.00793183 -0.14202867
v -0.09401777 -0.00752283 -0.12815267
v -0.00024977 -0.00910883 -0.13800467
v 0.01704123 -0.00849083 -0.15060167
v 0.01704123 -0.00849083 -0.15060167
v 0.01704123 -0.00849083 -0.15060167
v -0.01953977 -0.00850783 -0.03024867
v -0.01795477 -0.00835383 0.08359533
v -0.09280977 -0.00754183 -0.12675767
v -0.00594577 -0.00774883 0.10215233
v -0.00741277 -0.00749983 0.12869233
v -0.01859677 -0.00847883 -0.00963367
v -0.09403177 -0.00838483 -0.12473267
v -0.01192277 -0.00881783 -0.00693667
v -0.01621277 -0.00744683 -0.02990967
v -0.00799077 -0.00832183 -0.11123967
v 0.00401623 -0.00830783 0.14104433
v 0.00401623 -0.00830783 0.14104433
v 0.00661223 -0.00800583 0.10762933
v -0.00587777 -0.00777183 -0.09073767
v -0.01031577 -0.00828283 -0.12908067
v 0.00164223 -0.00810483 0.03613633
v -0.01805377 -0.00801583 0.08585433
v 0.01804123 -0.00747783 -0.12999567
v 0.01105723 -0.00850983 0.13071033
v -0.00324377 -0.00845983 -0.05740067
v 0.06774223 -0.00580883 -0.04668567
v 0.06774223 -0.00580883 -0.04668567
v 0.00587023 -0.00836383 0.03283033
v 0.02103123 -0.00774383 -0.15050467
v 0.00136623 -0.00784483 -0.05115767
v 0.04523623 -0.00773783 -0.13611367
v -0.01009777 -0.00900383 0.08608033
v -0.00821777 -0.00793483 -0.13194067
v 0.01731623 -0.00743383 -0.03272067
v 0.00215823 -0.00794483 0.04102433
v 0.00215823 -0.00794483 0.04102433
v -0.01864577 -0.00809683 0.13335533
v 0.08750423 -0.01307983 0.03480133
v -0.00493877 -0.00780183 0.13193933
v -0.00736377 -0.00806383 -0.04810267
v -0.00332477 -0.00863783 0.09743933
v 0.00991823 -0.00813583 0.10520033
v -0.00081777 -0.00801583 0.02468333
v 0.02441423 -0.00635083 -0.15846467
v -0.02035777 -0.00785183 0.13780933
v -0.02147277 -0.00829483 0.14144433
v 0.07172323 -0.00755183 -0.03302767
v 0.00829323 -0.00840283 -0.02385367
v -0.02567577 -0.00713083 0.14300233
v 0.03575123 -0.00803283 -0.15514667
v -0.00193977 -0.00793883 0.08647333
v -0.00942377 -0.00765983 -0.04081867
v -0.00160577 -0.00839483 0.13461233
v -0.00098177 -0.00833283 0.02769133
v -0.03635277 -0.00784783 -0.12156367
v -0.01599477 -0.00864483 -0.01119167
v -0.00512477 -0.00806283 -0.09885267
v -0.01921377 -0.00752983 0.13089733
v -0.01030277 -0.00806183 0.15085133
v -0.00293377 -0.00854583 -0.09515567
v -0.01405177 -0.00816383 0.13405133
v -0.00135677 -0.00855683 0.14915033
v -0.00135677 -0.00855683 0.14915033
v 0.02091523 -0.00840083 0.12878033
v -0.00618877 -0.00967183 0.09148333
v 0.00062223 -0.00852983 -0.14476967
v -0.03291177 -0.00842583 -0.11956967
v -0.01442977 -0.00818583 0.02308033
v 0.01072323 -0.00797083 -0.11786267
v 0.01072323 -0.00797083 -0.11786267
v -0.02667377 -0.00759983 0.15098733
v -0.00664477 -0.00709383 0.04674333
v -0.00473277 -0.00857283 -0.00919967
v -0.03030977 -0.00825783 -0.02460167
v 0.00036223 -0.00827183 -0.04005667
v 0.00789623 -0.00735583 -0.15200167
v -0.03419977 -0.00727683 -0.01879567
v -0.03175877 -0.00674683 -0.01846167
v -0.01220977 -0.00828783 0.07045533
v -0.03057677 -0.00832283 -0.02044867
v -0.00000277 -0.00857583 -0.07283367
v 0.01276823 -0.00966183 0.11840833
v 0.01276823 -0.00966183 0.11840833
v 0.00529223 -0.00820483 -0.14237567
v 0.02170823 -0.00876483 -0.15725767
v 0.02170823 -0.00876483 -0.15725767
v 0.02170823 -0.00876483 -0.15725767
v -0.02823977 -0.00814883 -0.01800467
v -0.01493877 -0.00811983 0.15170533
v -0.02920877 -0.00822283 -0.01252067
v -0.02072377 -0.00742283 -0.03936767
v -0.01782577 -0.00697083 -0.03664367
v 0.00558723 -0.00783683 -0.13633867
v 0.05486123 -0.00853683 -0.09329767
v 0.05486123 -0.00853683 -0.09329767
v 0.01660123 -0.00713683 -0.15360867
v 0.01660123 -0.00713683 -0.15360867
v 0.05690823 -0.00970483 -0.08425367
v 0.05690823 -0.00970483 -0.08425367
v 0.00321123 -0.00712183 -0.13112467
v 0.00321123 -0.00712183 -0.13112467
v -0.00515277 -0.00753783 0.06670033
v 0.00085823 -0.00765183 -0.13000767
v -0.00576977 -0.00662483 0.07113633
v 0.00421223 -0.00857283 -0.05438767
v -0.01508377 -0.00868683 0.13125033
v 0.00404023 -0.00904583 -0.07691167
v -0.02644177 -0.00853583 -0.12883767
v 0.00393923 -0.00854283 -0.10512967
v -0.02817677 -0.00816683 0.11027633
v 0.02308123 -0.00823183 0.12583133
v -0.02914777 -0.00800983 0.08859533
v -0.00973977 -0.00763683 -0.06197967
v 0.00145923 -0.00840883 0.02811633
v -0.00608077 -0.00869583 0.02508433
v -0.02538377 -0.00854583 -0.12456867
v 0.00966123 -0.00796583 -0.12049867
v 0.00966123 -0.00796583 -0.12049867
v 0.00966123 -0.00796583 -0.12049867
v -0.00299677 -0.00826083 0.13059533
v -0.02258677 -0.00807083 -0.12393667
v 0.00886323 -0.00881583 -0.05060867
v -0.00514477 -0.00890683 -0.06064467
v 0.00321023 -0.00869183 0.13360833
v 0.00321023 -0.00869183 0.13360833
v 0.00636823 -0.00865283 0.10118633
v 0.01082923 -0.00889183 -0.05093367
v 0.00202023 -0.00875883 -0.04318367
v 0.00726323 -0.00859983 0.05052333
v 0.00454923 -0.00765183 -0.11875467
v 0.01357923 -0.00848483 -0.11942367
v -0.01461277 -0.00841583 0.07196033
v -0.01911577 -0.00835283 0.14089433
v 0.00453623 -0.00905083 0.05206533
v 0.00040523 -0.00852783 -0.11628867
v -0.00123077 -0.00861783 0.10130433
v 0.00408923 -0.00871583 -0.11145167
v 0.00182623 -0.00887083 0.06127933
v 0.00693623 -0.00857383 0.10485133
v 0.00314823 -0.00830083 0.03942133
v -0.02088277 -0.00843083 -0.02799167
v 0.00123623 -0.00849183 -0.10901667
v -0.00895177 -0.00808683 -0.12459667
v -0.00496677 -0.00855683 -0.11531167
v -0.02928677 -0.00757883 0.11473333
v -0.01570777 -0.00896683 0.01919533
v -0.01570777 -0.00896683 0.01919533
v -0.00196377 -0.00856783 -0.07996867
v 0.00947923 -0.00923783 0.05959933
v 0.02045723 -0.00867983 -0.13214067
v 0.00817223 -0.00816083 0.14105833
v 0.00817223 -0.00816083 0.14105833
v -0.00602477 -0.00840283 0.03385433
v -0.00602477 -0.00840283 0.03385433
v 0.00008423 -0.00824083 -0.06093467
v -0.01850977 -0.00865583 0.14683133
v 0.01983723 -0.00894783 -0.12644867
v 0.01983723 -0.00894783 -0.12644867
v 0.00025123 -0.00811983 0.05890233
v -0.00453177 -0.00822283 -0.12223367
v -0.00155777 -0.00846883 0.03558333
v -0.01093777 -0.00814983 -0.07458567
v -0.01198877 -0.00847883 0.14895833
v -0.01356777 -0.00754683 -0.06508767
v -0.00064677 -0.00808483 -0.11117767
v -0.02253377 -0.00877683 -0.02143267
v 0.00049823 -0.00823283 -0.12158867
v 0.00708723 -0.00855683 0.04502833
v 0.00708723 -0.00855683 0.04502833
v -0.00927377 -0.00829983 -0.04455267
v -0.00527377 -0.00865683 -0.10649467
v 0.01895723 -0.00799283 -0.12849567
v -0.00595077 -0.00838683 -0.04051167
v -0.00067377 -0.00821283 -0.04192767
v -0.00125477 -0.00882383 -0.03564667
v -0.00107077 -0.00869383 -0.10316067
v 0.01442923 -0.00883383 -0.14384367
v -0.00239777 -0.00880583 0.06953133
v -0.00264877 -0.00867183 -0.00491367
v -0.00410477 -0.00866783 -0.06517667
v 0.00490923 -0.00845883 -0.12638967
v 0.00490923 -0.00845883 -0.12638967
v -0.00216677 -0.00865483 -0.00653067
v -0.00185477 -0.00869683 -0.07612667
v 0.00555323 -0.00848483 -0.12404767
v 0.00555323 -0.00848483 -0.12404767
v -0.01248477 -0.00753083 -0.03128167
v -0.00639777 -0.00829383 -0.06938967
v 0.00139523 -0.00838183 -0.06734867
v 0.02243023 -0.00732083 -0.15133867
v 0.02243023 -0.00732083 -0.15133867
v 0.02243023 -0.00732083 -0.15133867
v -0.03299177 -0.00705083 0.07593633
v 0.00989123 -0.00576883 0.13136233
v 0.05078423 -0.00579883 -0.11763567
v -0.02618777 -0.00736983 0.08427533
v 0.00285623 -0.00721883 0.11323533
v -0.02385077 -0.00814883 -0.12774867
v -0.01041377 -0.00735183 0.12693633
v 0.05099123 -0.00740083 -0.11228067
v 0.08350423 -0.00624983 0.01496533
v -0.00616877 -0.00737283 0.12582333
v 0.06520123 -0.00572183 -0.05706167
v 0.01435723 -0.00865883 0.11343033
v -0.01406477 -0.00774183 0.11114633
v -0.02075377 -0.00658783 0.08839933
v -0.00855577 -0.00703683 -0.05010367
v 0.01759723 -0.00743483 0.14564433
v 0.01759723 -0.00743483 0.14564433
v -0.00882377 -0.00815083 0.13218033
v 0.00898023 -0.00669383 -0.02693267
v -0.01414177 -0.00727083 0.03681033
v -0.00627477 -0.00764183 -0.14567467
v -0.09363677 -0.00714583 -0.12473967
v -0.01652277 -0.00699783 -0.06956767
v -0.00889877 -0.00777383 0.13875633
v -0.01489077 -0.00716983 -0.00441867
v 0.01248723 -0.00622383 -0.02801267
v -0.00213977 -0.00725283 0.12123933
v -0.00296677 -0.00764383 -0.14633767
v -0.00296677 -0.00764383 -0.14633767
v 0.00291923 -0.00859283 0.12592933
v 0.00291923 -0.00859283 0.12592933
v -0.02212177 -0.00829683 0.13206033
v -0.00335377 -0.00706883 0.13457733
v -0.01472677 -0.00652983 -0.03585767
v -0.02622877 -0.00801183 0.11567833
v 0.10398523 -0.00698783 0.09688833
v 0.00646823 -0.00710183 0.12363733
v 0.00646823 -0.00710183 0.12363733
v 0.02056623 -0.00776283 -0.02910067
v -0.01296477 -0.00718583 -0.02294467
v -0.01218677 -0.00614283 -0.09799667
v -0.01198277 -0.00647983 0.04109033
v -0.01253577 -0.00676983 -0.08687367
v -0.00564877 -0.00653883 -0.09602567
v -0.03163177 -0.00656583 0.08442333
v -0.01472077 -0.00718183 0.12076633
v -0.01096177 -0.00835483 0.00138233
v -0.01096177 -0.00835483 0.00138233
v 0.08949723 -0.00799983 0.04028333
v 0.04928923 -0.00591283 -0.12406067
v -0.02204577 -0.00694383 0.13914933
v -0.03050977 -0.00763783 0.08813333
v -0.01096377 -0.00744583 -0.01619167
v 0.00101423 -0.00743583 -0.13464167
v -0.01208677 -0.00668283 -0.13363567
v 0.00145223 -0.00701783 -0.15122467
v -0.01318177 -0.00554683 0.09534733
v -0.03769577 -0.00668883 -0.12049867
v -0.01456877 -0.00719983 -0.01180467
v -0.03474677 -0.00710583 -0.12429767
v 0.07343123 -0.00667083 0.13178633
v -0.01467177 -0.00735783 0.14080033
v -0.02637177 -0.00713883 0.09048633
v -0.00491277 -0.00723083 -0.13261367
v -0.01168877 -0.00710683 0.11272233
v -0.00685077 -0.00732483 0.11209733
v -0.03794677 -0.00705283 -0.11613767
v 0.01278923 -0.00755583 -0.14796167
v -0.02331277 -0.00668683 0.15514733
v -0.02331277 -0.00668683 0.15514733
v -0.03216677 -0.00742183 -0.11871367
v -0.01017777 -0.00663383 0.06808633
v -0.03066477 -0.00665183 -0.01527367
v -0.02866277 -0.00712583 0.09925533
v 0.10716123 -0.00788583 0.12382833
v -0.00887777 -0.00746683 -0.01172467
v -0.00412177 -0.00685083 0.07327733
v 0.09447623 -0.00394583 0.05721633
v -0.02231677 -0.00685183 0.05086433
v -0.00557977 -0.00713183 -0.01211567
v -0.02054877 -0.00756783 0.07573033
v -0.01901777 -0.00717283 0.05937033
v -0.02161977 -0.00723683 0.06383733
v -0.02278577 -0.00848883 -0.00378667
v 0.01647923 -0.00694483 -0.02718667
v -0.03003777 -0.00745783 0.15433033
v -0.02937377 -0.00705283 -0.11342467
v 0.03288523 -0.00665183 -0.15924667
v -0.03530177 -0.00795683 0.00547733
v -0.03370277 -0.00656983 0.01441133
v -0.01807877 -0.00734283 0.03684633
v -0.00851977 -0.00773283 0.09873633
v 0.01782723 -0.00772983 0.12924633
v -0.00476077 -0.00772483 0.09946133
v -0.01087677 -0.00688483 0.06394333
v 0.00107423 -0.00780183 0.03278033
v -0.00510477 -0.00790783 0.12372133
v -0.00263477 -0.00831083 0.09171233
v -0.02844577 -0.00801783 -0.12748967
v 0.00512523 -0.00783283 -0.14590067
v -0.01347377 -0.00758083 0.06620933
v -0.00494977 -0.00793083 0.12791733
v -0.02206477 -0.00761083 0.08353733
v 0.00497123 -0.00724883 0.04163733
v 0.00497123 -0.00724883 0.04163733
v -0.05225677 -0.00722183 0.12293133
v -0.03022677 -0.00795583 -0.12466467
v -0.02663977 -0.00771883 -0.02511067
v 0.00007623 -0.00724483 0.11130933
v 0.00753523 -0.00789083 0.04135133
v -0.00368977 -0.00713283 -0.14318567
v -0.00368977 -0.00713283 -0.14318567
v -0.02822677 -0.00741583 0.08166333
v -0.01382577 -0.00785583 -0.07462467
v -0.03094577 -0.00734083 0.10394233
v -0.01084477 -0.00741383 -0.11221267
v -0.00110577 -0.00780183 0.12497133
v -0.03008877 -0.00734383 -0.01769667
v -0.00259377 -0.00744883 -0.13666067
v -0.00259377 -0.00744883 -0.13666067
v -0.02699277 -0.00811583 0.10573833
v -0.01747877 -0.00762483 0.11606133
v -0.01224277 -0.00773583 -0.05802667
v -0.00079677 -0.00712483 -0.13241067
v -0.00079677 -0.00712483 -0.13241067
v -0.01914777 -0.00744783 0.06864833
v -0.00890377 -0.00748383 0.10299833
v -0.00448677 -0.00799783 -0.05324467
v -0.03399877 -0.00708883 0.07232933
v -0.01708777 -0.00744883 0.07984033
v -0.00913377 -0.00776983 0.10955333
v -0.00147877 -0.00747283 -0.05187567
v -0.02792277 -0.00765583 0.07227833
v -0.01282577 -0.00695683 0.08973733
v -0.02570577 -0.00756583 0.09680033
v 0.00754223 -0.00721783 0.12688733
v -0.02321877 -0.00725983 0.09649333
v -0.02664777 -0.00756283 0.09270633
v -0.02392177 -0.00803283 0.14452533
v -0.00160377 -0.00759083 -0.04922867
v -0.01424477 -0.00747883 0.02854233
v -0.02230777 -0.00760883 0.14536433
v -0.03537877 -0.00735883 -0.11753967
v -0.00811877 -0.00795283 -0.10215767
v -0.01036377 -0.00759883 -0.02916067
v -0.00679677 -0.00742283 0.05784933
v -0.02314577 -0.00712683 0.05528933
v 0.01031223 -0.00782683 -0.14816967
v -0.00625677 -0.00768683 -0.08538667
v -0.00170377 -0.00789683 0.05127633
v -0.00169177 -0.00744983 0.05621133
v -0.01675477 -0.00768483 0.06644933
v -0.00682177 -0.00685883 -0.02831467
v -0.00636177 -0.00748783 -0.08118467
v -0.00892777 -0.00737083 -0.01897067
v 0.00110023 -0.00815783 0.05586033
v -0.00803477 -0.00681683 0.06284933
v -0.00645277 -0.00780883 -0.07555767
v -0.00585677 -0.00742783 -0.01527567
v -0.02300977 -0.00777583 0.08021433
v -0.03168677 -0.00718683 -0.03680967
v 0.01152523 -0.00666383 -0.02608767
v -0.05294377 -0.00670183 -0.02951767
v -0.05294377 -0.00670183 -0.02951767
v -0.05244577 -0.00664683 -0.02677467
v -0.05244577 -0.00664683 -0.02677467
v -0.00419577 -0.00720983 -0.01985567
v -0.02883177 -0.00670683 -0.11928567
v -0.05442677 -0.00696583 -0.02415667
v -0.02986277 -0.00757383 -0.12244067
v -0.04552377 -0.00736483 -0.02861067
v -0.02284577 -0.00780583 -0.12131767
v -0.02782177 -0.00676883 -0.12181567
v -0.04400477 -0.00708383 -0.03189767
v -0.04954677 -0.00724483 0.12495633
v -0.03453077 -0.00706483 -0.00133667
v -0.04030277 -0.00714883 0.14810633
v -0.04030277 -0.00714883 0.14810633
v -0.04307577 -0.00691983 -0.01704367
v -0.05531677 -0.00708183 -0.05038467
v -0.05531677 -0.00708183 -0.05038467
v -0.02875077 -0.00751483 0.00323333
v -0.05319477 -0.00701983 -0.05207567
v -0.05319477 -0.00701983 -0.05207567
v -0.04039777 -0.00778683 0.15112633
v -0.04039777 -0.00778683 0.15112633
v 0.00928623 -0.00734883 0.12474833
v 0.01227423 -0.00795083 0.12474733
v -0.03856677 -0.00862483 0.14784933
v -0.03856677 -0.00862483 0.14784933
v -0.03886977 -0.00838483 -0.01924667
v -0.02799177 -0.00558583 0.01354033
v -0.02332777 -0.00719183 -0.03944567
v -0.03635677 -0.00792983 -0.00025867
v -0.03308377 -0.00847683 0.00320133
v -0.02781377 -0.00768083 0.00531633
v -0.05576677 -0.00744483 -0.02685867
v -0.05576677 -0.00744483 -0.02685867
v 0.04336823 -0.00834683 -0.14305767
v -0.09697077 -0.00659583 -0.12787967
v -0.02694877 -0.00616483 -0.00962367
v -0.09633077 -0.00580383 -0.12798967
v -0.03077777 -0.00567783 0.11920033
v -0.02769077 -0.00641183 -0.07965967
v -0.02090377 -0.00583183 -0.00390667
v -0.02090377 -0.00583183 -0.00390667
v -0.01019877 -0.00646883 0.09275033
v -0.01021277 -0.00597883 0.04408033
v -0.00244677 -0.00566783 0.11375733
v -0.02833377 -0.00656483 0.12285533
v -0.01925677 -0.00683383 -0.00663867
v -0.02415777 -0.00625683 -0.07947967
v -0.00644077 -0.00643783 -0.09332767
v -0.01642477 -0.00591583 -0.00880267
v -0.01761077 -0.00630183 0.02043033
v 0.01436423 -0.00714583 0.11192433
v -0.05464177 -0.00484983 -0.01266867
v -0.09878077 -0.00619683 -0.12070467
v -0.03047077 -0.00651983 0.08640833
v 0.01554623 -0.00625183 -0.02936867
v 0.05365523 -0.00725883 -0.10331067
v -0.02378577 -0.00608683 0.13008933
v -0.02803577 -0.00538883 0.09118633
v -0.09886277 -0.00642383 -0.12376667
v -0.03631777 -0.00570283 0.06758733
v -0.01398977 -0.00686083 0.15269533
v -0.01902177 -0.00608183 0.10679733
v -0.02081277 -0.00652883 -0.11054267
v -0.01291177 -0.00627683 -0.00960467
v -0.02881677 -0.00652583 0.09397233
v 0.01050023 -0.00593683 -0.15240267
v -0.01253577 -0.00601283 0.10076333
v -0.03580577 -0.00625783 0.07421533
v 0.04695023 -0.00836883 -0.12750867
v -0.05147377 -0.00636283 -0.01612567
v -0.02348077 -0.00606983 0.04031033
v -0.01553177 -0.00671183 -0.13592067
v -0.00933577 -0.00622783 0.13530133
v 0.01355223 -0.00623683 0.12631333
v -0.05259577 -0.00689783 0.12193733
v 0.01441123 -0.00663783 0.12852433
v 0.08621923 -0.00448483 0.02847933
v -0.00700077 -0.00705283 0.13718633
v -0.04989877 -0.00605583 0.14220933
v -0.00545777 -0.00558883 -0.02634467
v -0.06373777 -0.00514583 -0.07019667
v -0.06373777 -0.00514583 -0.07019667
v -0.02046277 -0.00660283 -0.12101667
v -0.02384077 -0.00643283 0.07130133
v -0.02415077 -0.00632683 0.06853033
v -0.04876277 -0.00718383 0.12229433
v -0.02546977 -0.00636383 0.06048133
v -0.00543277 -0.00701983 -0.02397667
v -0.01749877 -0.00628683 -0.12633667
v -0.01771177 -0.00638983 0.09800333
v -0.02575277 -0.00657283 0.13198833
v -0.01789277 -0.00661383 0.05445933
v -0.01873377 -0.00482883 0.01790133
v -0.02054177 -0.00668383 0.02300933
v -0.01235177 -0.00606883 0.13781833
v -0.03249077 -0.00620583 0.14361533
v -0.03286777 -0.00629783 0.10501433
v -0.00958477 -0.00649283 -0.14548567
v -0.03010577 -0.00662483 -0.13062067
v -0.02766477 -0.00645883 0.15010633
v -0.02712177 -0.00717783 -0.13066867
v -0.03005577 -0.00557883 0.15356533
v 0.04046723 -0.00812083 -0.15121767
v 0.07703423 -0.01475483 0.13048433
v -0.02821777 -0.00764383 0.15646633
v -0.02821777 -0.00764383 0.15646633
v -0.01807377 -0.00624683 -0.06053767
v -0.04150977 -0.00541183 0.00199133
v -0.03151677 -0.00651083 0.11199833
v 0.08807523 -0.00233883 0.12852133
v -0.01579977 -0.00651883 0.11236633
v -0.02600877 -0.00575783 0.13615033
v 0.07292723 -0.00464583 -0.03048967
v -0.01292477 -0.00608983 0.11408633
v -0.01334177 -0.00629683 -0.05248167
v -0.07850477 -0.00391883 -0.03539767
v -0.07850477 -0.00391883 -0.03539767
v -0.04925377 -0.00611983 0.02051133
v -0.04921177 -0.00637183 0.01851633
v -0.02486277 -0.00549583 0.12293133
v 0.00938923 -0.00565883 0.11278633
v -0.01602277 -0.00721883 0.13575133
v -0.02122377 -0.00647083 0.12153333
v -0.01331677 -0.00599083 0.13593833
v -0.02776077 -0.00630383 0.12776633
v 0.04571323 -0.00987483 0.13869733
v -0.01527977 -0.00650883 0.13824533
v -0.02082477 -0.00581283 0.12469233
v -0.02487677 -0.00644983 0.14779233
v -0.01845477 -0.00635683 0.12809333
v 0.00420923 -0.00594383 -0.15265667
v -0.01484877 -0.00614183 0.12625033
v 0.07885523 -0.00960183 -0.00209467
v -0.01248877 -0.00630383 0.12679933
v 0.09727423 -0.00751483 0.07275833
v -0.00622577 -0.00645683 -0.13944767
v -0.00622577 -0.00645683 -0.13944767
v -0.09987277 -0.00645083 -0.12135267
v 0.01285623 -0.00584283 -0.15265167
v -0.00661177 -0.00695083 -0.13574867
v -0.03722077 -0.00559383 0.08079833
v -0.05362577 -0.00703383 -0.01906067
v -0.01247277 -0.00691083 -0.08137867
v 0.00547823 -0.00710683 -0.13421967
v 0.00733723 -0.00641783 0.11802133
v 0.00733723 -0.00641783 0.11802133
v -0.00516277 -0.00659983 0.07348433
v -0.02049277 -0.00660683 -0.11277367
v -0.01886977 -0.00698583 0.02771133
v -0.02412977 -0.00643183 -0.05745067
v -0.01449177 -0.00712283 0.10686333
v -0.05073577 -0.00692083 0.14074133
v -0.01249777 -0.00661283 0.11737433
v -0.02157077 -0.00672983 -0.12705967
v -0.03328177 -0.00702683 0.08138233
v -0.01133777 -0.00686483 -0.11800367
v -0.03213777 -0.00688783 0.13670333
v -0.03335377 -0.00661583 0.14043633
v -0.01865777 -0.00658983 0.03226833
v -0.01461377 -0.00669483 0.03187233
v -0.01456977 -0.00704883 -0.12900467
v -0.05628577 -0.00709183 -0.02861667
v -0.05628577 -0.00709183 -0.02861667
v -0.01652677 -0.00675383 -0.11362867
v -0.02617977 -0.00690783 0.07720333
v -0.02520577 -0.00732183 0.07442733
v -0.01859377 -0.00651983 0.11223033
v -0.01625877 -0.00659283 -0.07573467
v -0.05887877 -0.00639783 -0.02339267
v -0.01159777 -0.00696883 0.03216733
v -0.03006377 -0.00718783 0.01405033
v -0.03138177 -0.00725883 0.14154633
v -0.02209777 -0.00637983 0.03648433
v 0.00951923 -0.00727183 0.11008833
v -0.02710677 -0.00688583 0.14618733
v -0.01367077 -0.00647983 -0.12562167
v -0.00776077 -0.00662183 0.12047433
v -0.00744577 -0.00675283 -0.02322967
v -0.01933577 -0.00658683 -0.06875467
v -0.02109077 -0.00680383 0.04928733
v -0.02373577 -0.00634683 0.09129733
v -0.02644577 -0.00662783 0.12151533
v -0.02455877 -0.00702083 0.10443533
v -0.01707677 -0.00684483 -0.11120967
v -0.02060977 -0.00714483 0.10081933
v -0.02138777 -0.00701083 0.10465033
v -0.01449577 -0.00731783 -0.10636067
v -0.01086177 -0.00681283 -0.01310667
v -0.02042277 -0.00661583 0.07097733
v -0.00935677 -0.00796883 -0.05705067
v -0.03938877 -0.00741483 0.00039133
v -0.01834377 -0.00697483 0.12391533
v -0.00411377 -0.00699583 0.05177933
v -0.02508077 -0.00571083 -0.06965567
v -0.09860177 -0.00607783 -0.12613167
v -0.03018277 -0.00510083 -0.08795267
v -0.05248877 -0.00465183 0.12130733
v -0.05248877 -0.00465183 0.12130733
v -0.01126477 -0.00548383 -0.04872267
v -0.00709877 -0.00552183 -0.14885267
v -0.02343177 -0.00589283 -0.00548667
v -0.02343177 -0.00589283 -0.00548667
v -0.03944877 -0.00563383 -0.11602967
v -0.08478877 -0.00576883 -0.05913767
v -0.08478877 -0.00576883 -0.05913767
v -0.05006777 -0.00549283 0.01298333
v -0.03535877 -0.00527783 0.08554633
v 0.05140623 -0.00619883 -0.10952167
v 0.01275823 -0.00628183 0.11122833
v -0.05092177 -0.00543683 0.12008233
v -0.05092177 -0.00543683 0.12008233
v -0.03587977 -0.00551083 -0.11535867
v 0.10085623 -0.00857483 0.08718333
v -0.02801277 -0.00561583 0.12547333
v 0.00842723 -0.00541083 0.14803333
v 0.00842723 -0.00541083 0.14803333
v -0.02826977 -0.00501683 0.04763333
v 0.10302623 -0.00614183 0.09275933
v -0.01903777 -0.00633083 -0.00235467
v -0.01903777 -0.00633083 -0.00235467
v -0.05241877 -0.00564683 0.13823933
v -0.07713777 -0.00570483 -0.12654967
v -0.02855177 -0.00539483 0.08920633
v 0.01252723 -0.00544283 0.12916633
v -0.03520377 -0.00501083 -0.11312667
v -0.01679077 -0.00635283 -0.13187467
v -0.04033677 -0.00576383 -0.00317667
v -0.07638977 -0.00481583 -0.12998067
v 0.05400723 -0.00648383 -0.09986767
v -0.01875977 -0.00585483 -0.13617367
v -0.05217977 -0.00603383 0.14111333
v 0.05541723 -0.00429483 -0.09624067
v -0.02667277 -0.00537683 -0.10618367
v -0.01646477 -0.00449383 -0.13923467
v 0.10603923 -0.00518883 0.10338733
v -0.10177277 -0.00524883 -0.11948467
v 0.05660923 -0.00768283 -0.08885367
v -0.01836977 -0.00540583 -0.00543767
v -0.03470377 -0.00492583 0.10480033
v -0.03088477 -0.00631083 0.09953433
v -0.03304077 -0.00492883 -0.09762967
v 0.05832623 -0.00438783 -0.08590467
v -0.08291477 -0.00528483 -0.11686067
v -0.03281677 -0.00446383 0.11365733
v -0.02532277 -0.00561583 0.05177433
v -0.00421377 -0.00558183 0.15095333
v -0.00421377 -0.00558183 0.15095333
v -0.00421377 -0.00558183 0.15095333
v -0.01687177 -0.00569383 0.00494533
v -0.01687177 -0.00569383 0.00494533
v -0.01687177 -0.00569383 0.00494533
v 0.04066623 -0.00700183 -0.15224067
v -0.02722977 -0.00454183 0.15666533
v -0.02722977 -0.00454183 0.15666533
v -0.02859477 -0.00512983 -0.10342267
v -0.02325477 -0.00396083 -0.11325167
v -0.03685377 -0.00485283 0.14373733
v 0.06053923 -0.00802183 -0.07502767
v 0.06053923 -0.00802183 -0.07502767
v -0.04810377 -0.00592283 0.01510333
v -0.07513877 -0.00551083 -0.06276967
v -0.07513877 -0.00551083 -0.06276967
v -0.01694577 -0.00543083 -0.12369867
v -0.01710077 -0.00647383 0.01351233
v 0.06237223 -0.00317183 -0.07313667
v -0.02938977 -0.00553383 0.13398233
v 0.06334323 -0.00556383 -0.06641767
v 0.06334323 -0.00556383 -0.06641767
v -0.02336077 -0.00519683 0.02266833
v -0.00637377 -0.00541183 0.11479433
v -0.00984477 -0.00566383 -0.14181567
v -0.02763077 -0.00608183 0.13929833
v -0.02394677 -0.00554583 0.03067033
v -0.02265577 -0.00578483 -0.11119167
v -0.03527777 -0.00546083 -0.12203967
v -0.03131577 -0.00424683 -0.12845667
v -0.01964177 -0.00549983 -0.10399767
v -0.03825277 -0.00475083 0.01111933
v 0.10910323 -0.00683683 0.12279133
v -0.02502877 -0.00575183 -0.05868067
v 0.02627223 -0.00569183 0.14372833
v -0.06044877 -0.00551283 -0.02728667
v 0.07487023 -0.00826483 -0.01858167
v -0.01944177 -0.00508283 -0.05200067
v -0.04477077 -0.00545883 0.02390533
v -0.01750077 -0.00541783 -0.09380667
v 0.07729323 -0.00688283 -0.00842367
v -0.01491077 -0.00537883 -0.03837267
v -0.03431277 -0.00545083 0.03484133
v 0.09678423 -0.00423383 0.06488733
v -0.02786077 -0.00509883 0.00905633
v -0.05603677 -0.00554983 -0.03169767
v -0.05603677 -0.00554983 -0.03169767
v -0.02714377 -0.00544083 0.00562033
v 0.00896523 -0.00573383 0.12975933
v -0.05348377 -0.00493183 0.10299333
v -0.02334677 -0.00510583 -0.11597867
v -0.05844277 -0.00427983 -0.04721867
v -0.05844277 -0.00427983 -0.04721867
v -0.05759477 -0.00470183 -0.02160067
v 0.01144523 -0.00573583 0.12644333
v -0.02982377 -0.00520883 -0.01294067
v -0.02752777 -0.00526583 0.00295733
v -0.04844777 -0.00556283 -0.05586767
v -0.04883077 -0.00545283 0.12626233
v -0.04672577 -0.00623083 0.12425933
v -0.04809477 -0.00532683 -0.03150567
v -0.04421477 -0.00663983 -0.02308867
v -0.01824277 -0.00553983 -0.03860767
v -0.01740977 -0.00604083 -0.08062567
v -0.05644877 -0.00504383 -0.02149667
v -0.00306077 -0.00569183 0.11622933
v -0.00695277 -0.00587183 -0.09506767
v 0.00630923 -0.00624283 0.11546733
v -0.01289177 -0.00588483 -0.09228867
v -0.09715077 -0.00449883 -0.11997167
v -0.02410877 -0.00641983 -0.07597567
v -0.03009977 -0.00563183 -0.08159767
v -0.01692877 -0.00613383 0.10464933
v 0.01002523 -0.00596783 0.11526133
v -0.08872377 -0.00512983 -0.11528967
v -0.06131377 -0.00601883 -0.02187067
v -0.00551877 -0.00596083 -0.01942467
v -0.08551777 -0.00624683 -0.11625567
v -0.03452177 -0.00471683 -0.11024367
v -0.02274477 -0.00498383 -0.13041067
v -0.07144277 -0.00623783 -0.11313067
v -0.07144277 -0.00623783 -0.11313067
v -0.01283277 -0.00591983 0.05878233
v -0.02013977 -0.00524083 -0.13350467
v -0.00065077 -0.00605883 0.11845233
v -0.05080177 -0.00553583 0.13673533
v -0.01356677 -0.00599183 0.10384533
v -0.02815277 -0.00555283 -0.08440967
v -0.02105977 -0.00599683 -0.08623767
v -0.01577377 -0.00653383 0.00091133
v -0.01577377 -0.00653383 0.00091133
v -0.03133177 -0.00666983 -0.12787767
v 0.00302723 -0.00569283 0.12035533
v -0.02747177 -0.00574083 -0.09911167
v -0.02185777 -0.00577583 -0.08063367
v -0.02195477 -0.00583583 -0.06235967
v -0.01266077 -0.00585183 0.05371933
v -0.01986177 -0.00581883 -0.07784567
v -0.02164777 -0.00602483 0.04469033
v -0.02920977 -0.00560383 0.01771133
v -0.02932077 -0.00598283 0.13035033
v -0.00731677 -0.00594983 0.04967433
v -0.01743977 -0.00559783 0.04682333
v -0.02871077 -0.00607583 0.13619033
v -0.02243477 -0.00524083 0.12677933
v -0.04498477 -0.00615583 0.02078633
v -0.03298777 -0.00630883 0.15543233
v -0.03298777 -0.00630883 0.15543233
v -0.01625477 -0.00611283 0.04168633
v -0.03061677 -0.00538583 0.14706833
v -0.01145777 -0.00579483 -0.13753667
v -0.01905777 -0.00551783 -0.10830167
v -0.02366977 -0.00597183 -0.05385167
v -0.01895377 -0.00613483 -0.05559367
v -0.01962577 -0.00615783 -0.09027967
v -0.01229377 -0.00624283 -0.04330667
v -0.03177177 -0.00531583 -0.03675967
v -0.08595477 -0.00541783 -0.11472667
v -0.09657377 -0.00613083 -0.12385767
v -0.03313877 -0.00568183 -0.11757067
v -0.02787077 -0.00620383 -0.11279367
v -0.03280977 -0.00446683 -0.10919967
v -0.05301677 -0.00588283 -0.05384267
v -0.05301677 -0.00588283 -0.05384267
v -0.07347577 -0.00592683 -0.11603367
v -0.07347577 -0.00592683 -0.11603367
v -0.07144077 -0.00600883 -0.11639567
v -0.06975077 -0.00543883 -0.11548167
v -0.06975077 -0.00543883 -0.11548167
v -0.04753477 -0.00493783 -0.02833967
v -0.04193477 -0.00529283 -0.01368567
v -0.04193477 -0.00529283 -0.01368567
v -0.04893277 -0.00516283 0.13940333
v -0.03780877 -0.00608183 -0.01623767
v -0.04259077 -0.00550183 -0.00997167
v -0.04259077 -0.00550183 -0.00997167
v -0.04259077 -0.00550183 -0.00997167
v -0.03925277 -0.00576783 -0.01008467
v -0.06296077 -0.00506283 -0.04519667
v -0.06296077 -0.00506283 -0.04519667
v -0.03625977 -0.00531483 -0.03566567
v -0.07212877 -0.00501583 -0.03131767
v -0.07212877 -0.00501583 -0.03131767
v -0.02628077 -0.00546883 -0.03745167
v -0.02540477 -0.00638683 -0.11965167
v -0.02562577 -0.00651183 -0.11693867
v -0.05230777 -0.00702283 -0.02110467
v -0.03819377 -0.00597383 -0.00578767
v -0.02984777 -0.00675383 -0.11717367
v -0.04896877 -0.00663383 -0.05076567
v -0.04980277 -0.00518683 -0.01936167
v -0.04980277 -0.00518683 -0.01936167
v -0.04656077 -0.00594183 -0.05071967
v -0.04522877 -0.00507483 -0.04728367
v -0.04602177 -0.00602583 -0.01514967
v -0.04602177 -0.00602583 -0.01514967
v -0.02625777 -0.00462883 0.00534933
v -0.10701577 -0.00464283 -0.12088867
v -0.08596477 -0.00625183 -0.05871967
v -0.08596477 -0.00625183 -0.05871967
v -0.04058577 -0.00434083 0.09046433
v -0.04068377 -0.00464883 -0.08354667
v -0.01592877 -0.00553383 -0.09958067
v 0.03090423 -0.00621283 -0.15980367
v -0.05152477 -0.00454783 0.11576233
v -0.05152477 -0.00454783 0.11576233
v -0.03414877 -0.00441183 0.12628433
v -0.04004177 -0.00459783 0.07677533
v -0.04129777 -0.00439883 -0.10913567
v -0.05489577 -0.00357883 -0.00623567
v -0.04009177 -0.00393183 -0.10587867
v -0.03432977 -0.00435683 0.04596633
v -0.04331977 -0.00420483 -0.05517067
v -0.03554677 -0.00453283 -0.12220967
v -0.03833077 -0.00516983 -0.11356367
v -0.05491877 -0.00513683 0.10247433
v -0.01404977 -0.00463383 -0.14278267
v 0.08877323 -0.00358283 0.03468433
v 0.03771623 -0.00511383 -0.15547867
v -0.06210477 -0.00529183 -0.02121367
v -0.03177477 -0.00443783 -0.01596067
v 0.03909223 -0.00243883 -0.15571767
v -0.07964877 -0.00431183 -0.05927467
v -0.07964877 -0.00431183 -0.05927467
v -0.02621577 -0.00441583 -0.13175267
v -0.02835777 -0.00477283 -0.00991667
v -0.02835777 -0.00477283 -0.00991667
v -0.08716977 -0.00341483 -0.05685167
v -0.08716977 -0.00341483 -0.05685167
v -0.08716977 -0.00341483 -0.05685167
v -0.05014777 -0.00450983 -0.00126867
v -0.01128677 -0.00498683 -0.14797667
v -0.05236577 -0.00528983 0.12419733
v -0.00966877 -0.00437983 -0.14934667
v -0.01568277 -0.00415683 -0.12183767
v -0.04856777 -0.00477683 -0.00133267
v -0.05050877 -0.00460983 0.14290333
v -0.02233377 -0.00448883 0.02000533
v -0.05091877 -0.00400483 0.00610433
v -0.02930977 -0.00497383 -0.07493967
v -0.03203677 -0.00491883 0.09311833
v -0.01357277 -0.00525383 -0.12334967
v -0.01429477 -0.00501083 -0.11884467
v -0.04082177 -0.00411983 0.13160333
v -0.00176677 -0.00444983 -0.15108167
v -0.00176677 -0.00444983 -0.15108167
v -0.09860177 -0.00419783 -0.12517467
v 0.00100523 -0.00437483 -0.15292167
v -0.05013777 -0.00542783 -0.04788967
v -0.03905177 -0.00417483 0.12899333
v -0.04522777 -0.00442583 -0.00212867
v -0.04337677 -0.00486983 -0.00607167
v -0.04337677 -0.00486983 -0.00607167
v -0.02927577 -0.00465983 0.05140333
v 0.01354823 -0.00434483 -0.15488467
v -0.09665677 -0.00403183 -0.12500367
v -0.03043877 -0.00466483 0.04255233
v -0.04922777 -0.00414983 0.11635933
v -0.03270777 -0.00464983 0.02126233
v 0.00938623 -0.00462183 -0.15420067
v 0.04543523 -0.00309683 -0.14094567
v -0.02998377 -0.00446883 0.08987833
v -0.04752377 -0.00406683 0.11825433
v -0.08530477 -0.00507683 -0.11914267
v -0.08521977 -0.00424283 -0.05376267
v -0.08521977 -0.00424283 -0.05376267
v -0.03577677 -0.00433483 -0.08357867
v -0.03296777 -0.00576983 0.13501933
v -0.04186677 -0.00436783 -0.00153267
v -0.04186677 -0.00436783 -0.00153267
v -0.03872777 -0.00449483 0.13336933
v -0.07807177 -0.00372083 -0.12776867
v -0.02950277 -0.00431383 -0.06887767
v -0.03690177 -0.00561583 0.13852333
v -0.03399977 -0.00460883 -0.05226567
v -0.03284877 -0.00451983 0.02554333
v -0.03806177 -0.00439683 0.06227533
v -0.01721677 -0.00444783 -0.14294667
v -0.02772877 -0.00486383 -0.05685967
v -0.06938977 -0.00390583 -0.13214267
v -0.01963677 -0.00493383 -0.04624867
v 0.04773023 -0.00358983 -0.13092567
v -0.03749077 -0.00475583 0.06608133
v -0.01877677 -0.00416683 -0.11946067
v -0.07533077 -0.00465683 -0.11388167
v -0.07533077 -0.00465683 -0.11388167
v -0.04749677 -0.00471983 0.12155833
v -0.02077277 -0.00411083 -0.11688967
v -0.04494777 -0.00441083 0.11817533
v -0.04144877 -0.00410683 0.12446033
v -0.02312577 -0.00434483 -0.04051467
v -0.02253977 -0.00520083 -0.03901867
v -0.03698177 -0.00431283 0.15294033
v -0.03782077 -0.00421683 0.10451633
v -0.03262377 -0.00417583 0.15230333
v -0.01851577 -0.00565483 -0.11569767
v -0.06715477 -0.00558283 -0.06686967
v -0.06715477 -0.00558283 -0.06686967
v -0.03413877 -0.00412383 0.15734433
v -0.08048777 -0.00240583 -0.03806767
v -0.08048777 -0.00240583 -0.03806767
v -0.01965077 -0.00455283 -0.09889167
v -0.03609777 -0.00398383 0.02090033
v -0.03686777 -0.00439383 0.10732533
v -0.05006577 -0.00470283 -0.03201767
v -0.05035677 -0.00442383 -0.02423467
v -0.05035677 -0.00442383 -0.02423467
v 0.10967323 -0.00447283 0.11774933
v -0.04896877 -0.00444683 -0.02833967
v -0.05296777 -0.00450783 0.10030733
v -0.03504977 -0.00438083 -0.01699667
v -0.03799477 -0.00486783 0.07560333
v -0.03148177 -0.00497883 0.12511333
v -0.02355377 -0.00491983 0.12457933
v -0.03371877 -0.00511383 -0.11589267
v -0.03136577 -0.00491483 0.01878633
v -0.01725777 -0.00530683 0.09232033
v 0.01000923 -0.00489283 0.13041833
v -0.01657977 -0.00516083 0.09642033
v -0.03107177 -0.00533983 0.13062133
v -0.01852777 -0.00450183 -0.09687767
v -0.05113077 -0.00443283 -0.00461867
v -0.03550577 -0.00513983 -0.09065667
v -0.05600277 -0.00535883 -0.01607067
v -0.02105677 -0.00504783 -0.14460267
v -0.02600277 -0.00519483 -0.09002267
v -0.07300977 -0.00464783 -0.13209967
v -0.04602877 -0.00582983 -0.00995867
v -0.00822877 -0.00548883 0.11746433
v -0.02584277 -0.00614183 0.03427333
v -0.03157577 -0.00470783 -0.07199467
v -0.01984477 -0.00503283 -0.14572767
v -0.07229877 -0.00529783 -0.13067067
v -0.05068277 -0.00546083 -0.05468067
v -0.03965077 -0.00539683 0.08388533
v -0.03091477 -0.00511883 -0.05566667
v -0.04527377 -0.00481883 0.12298133
v -0.03906077 -0.00550983 0.00611933
v -0.01142977 -0.00497583 0.04916133
v -0.03606577 -0.00487483 -0.07775567
v -0.07297077 -0.00473483 -0.12733267
v -0.01008777 -0.00518883 0.05053633
v -0.03501677 -0.00448183 0.14588933
v -0.04043377 -0.00476583 0.01880333
v -0.03027177 -0.00465083 0.08816133
v -0.04076177 -0.00532983 0.02291233
v -0.02889477 -0.00558483 -0.05162467
v -0.03801477 -0.00455683 0.03730933
v -0.02353177 -0.00520983 -0.10842567
v -0.05042377 -0.00508283 0.01608933
v -0.03682077 -0.00514183 0.08954033
v -0.04741277 -0.00486183 0.01127933
v -0.02585577 -0.00532283 -0.05260467
v -0.02555077 -0.00501683 0.02596933
v -0.04072877 -0.00479783 0.02896333
v -0.02316777 -0.00503383 -0.08769467
v -0.02983477 -0.00531883 0.03598533
v -0.02817977 -0.00547583 0.03939333
v -0.03274677 -0.00427383 -0.08283167
v -0.02842577 -0.00492283 0.05844033
v -0.03058477 -0.00510383 -0.04853267
v -0.03549777 -0.00514483 0.03174833
v -0.02408177 -0.00522783 -0.10011267
v -0.02646377 -0.00493583 0.04252833
v -0.02403677 -0.00518483 -0.09594467
v -0.02687977 -0.00500683 -0.00503567
v -0.02450377 -0.00554783 -0.00812367
v -0.02450377 -0.00554783 -0.00812367
v -0.02830777 -0.00458983 -0.00070367
v -0.02456577 -0.00497283 -0.00119567
v -0.03514877 -0.00525783 -0.09473767
v -0.02312877 -0.00485983 0.00441933
v -0.03214377 -0.00570583 0.06569133
v -0.02695677 -0.00508483 0.02070033
v -0.04851777 -0.00399083 -0.02124367
v -0.04851777 -0.00399083 -0.02124367
v -0.03761477 -0.00509383 0.01347433
v -0.02931777 -0.00461583 -0.09261167
v -0.01890377 -0.00506383 -0.04083467
v -0.03558277 -0.00501583 0.01551933
v -0.05154777 -0.00512483 -0.00793967
v -0.04552177 -0.00581783 -0.01795567
v -0.04095977 -0.00465883 0.08123433
v -0.04270077 -0.00470283 0.08493633
v -0.01426877 -0.00518383 -0.04871067
v -0.01500277 -0.00544983 -0.04405367
v -0.04658177 -0.00338883 -0.13303567
v -0.03903577 -0.00367483 -0.12806567
v -0.05234677 -0.00340383 0.13553133
v -0.03354677 -0.00448283 -0.01780467
v -0.01790977 -0.00345283 -0.14039767
v -0.05306577 -0.00378483 -0.07974367
v -0.04469077 -0.00407683 0.09064133
v -0.03694977 -0.00381583 -0.12782667
v -0.02564777 -0.00386383 0.00916633
v -0.03457877 -0.00404583 -0.12617467
v -0.05485977 -0.00319183 0.09936633
v -0.04285477 -0.00356283 -0.05170767
v -0.03799477 -0.00330283 0.15793833
v -0.03799477 -0.00330283 0.15793833
v -0.06291677 -0.00386283 -0.02292767
v -0.10211677 -0.00512383 -0.12182567
v -0.05479277 -0.00215983 0.00288033
v -0.05479277 -0.00215983 0.00288033
v -0.03944877 -0.00342983 -0.11239867
v -0.04363577 -0.00369083 0.14231033
v -0.03995977 -0.00350283 0.05360833
v -0.05821877 -0.00379883 0.11178033
v -0.05821877 -0.00379883 0.11178033
v -0.05821877 -0.00379883 0.11178033
v 0.01277823 -0.00148083 0.14750033
v 0.04447523 -0.00306083 -0.14418667
v -0.03955877 -0.00398083 -0.12041967
v -0.08453977 -0.00318183 -0.04816967
v -0.08453977 -0.00318183 -0.04816967
v -0.04364477 -0.00360983 -0.07817767
v -0.05248277 -0.00359583 0.12459833
v -0.05248277 -0.00359583 0.12459833
v -0.04375377 -0.00344383 -0.09603367
v -0.02922577 -0.00395383 -0.13069667
v -0.04689277 -0.00484283 0.12673033
v -0.04689277 -0.00484283 0.12673033
v -0.05805977 -0.00403383 -0.01728267
v -0.03796777 -0.00399083 0.13552833
v 0.01597023 -0.00315183 -0.15627967
v 0.01597023 -0.00315183 -0.15627967
v 0.01597023 -0.00315183 -0.15627967
v -0.07929477 -0.00238383 -0.12908567
v -0.04939977 -0.00382183 0.08592633
v -0.04185377 -0.00419183 0.07370233
v -0.02912177 -0.00366683 -0.11047067
v -0.07763677 -0.00442383 -0.12647267
v -0.03561377 -0.00327983 0.10060133
v -0.04439577 -0.00323183 0.07628733
v -0.03676877 -0.00339383 -0.05329767
v -0.01785477 -0.00390483 -0.11874667
v -0.03950977 -0.00465683 0.07212133
v 0.06926423 -0.00472583 -0.04282867
v -0.03340577 -0.00381783 0.10057033
v -0.07424577 -0.00326183 -0.13176367
v -0.04017377 -0.00358783 0.14277633
v -0.04017377 -0.00358783 0.14277633
v -0.03023277 -0.00343083 -0.06002467
v -0.06048477 -0.00360983 0.02137133
v -0.10297677 -0.00369083 -0.11871067
v -0.05774477 -0.00403683 0.02240733
v -0.02330177 -0.00385683 -0.14341467
v -0.06610577 -0.00260783 -0.06812467
v -0.06610577 -0.00260783 -0.06812467
v -0.04457377 -0.00255783 0.08274433
v -0.02114977 -0.00320883 -0.14731067
v -0.02593377 -0.00402983 -0.06018367
v -0.02116877 -0.00410283 -0.13522967
v -0.05836977 -0.00385883 -0.06345967
v -0.05836977 -0.00385883 -0.06345967
v -0.05141777 -0.00363783 -0.06054267
v -0.03557577 -0.00303283 -0.04752467
v -0.05228577 -0.00360983 -0.05545467
v 0.10791323 -0.00337083 0.11042433
v -0.03581677 -0.00346183 0.10260133
v -0.04787677 -0.00373183 0.09567733
v -0.03800777 -0.00334483 0.11702133
v -0.03614177 -0.00375183 0.11992433
v -0.03481977 -0.00332883 0.12347933
v -0.03353677 -0.00374183 -0.01233367
v -0.03353677 -0.00374183 -0.01233367
v -0.04767877 -0.00337883 0.14087733
v -0.02548877 -0.00315883 -0.11213567
v -0.03668277 -0.00431683 -0.00740067
v -0.07526977 -0.00366383 -0.10884567
v -0.07393877 -0.00370883 -0.10691167
v -0.03658677 -0.00522483 -0.00525067
v -0.06958777 -0.00390283 -0.06403267
v -0.06958777 -0.00390283 -0.06403267
v -0.03589477 -0.00247183 -0.00622367
v -0.06052177 -0.00416483 -0.06883567
v -0.06052177 -0.00416483 -0.06883567
v -0.02393577 -0.00383783 -0.04434367
v -0.03345377 -0.00327183 -0.00423567
v -0.03177477 -0.00412383 -0.00138767
v -0.04269177 -0.00411983 0.12679533
v -0.03131077 -0.00367783 -0.04136367
v -0.02940177 -0.00329483 -0.04385267
v -0.03863077 -0.00528083 -0.03465767
v -0.03919977 -0.00463083 -0.07804567
v -0.01567977 -0.00416683 -0.14610567
v -0.03250377 -0.00400883 0.12036033
v -0.05212277 -0.00417283 0.01938033
v -0.04217977 -0.00434083 -0.06027967
v -0.04868777 -0.00430783 0.09041333
v -0.05985377 -0.00433583 -0.01930967
v -0.04138377 -0.00439083 0.14441133
v -0.04315977 -0.00393083 -0.10664467
v -0.03687777 -0.00472183 -0.07453067
v -0.05021477 -0.00456583 0.02387133
v -0.04578977 -0.00346983 0.08607233
v -0.04001177 -0.00446483 -0.09307467
v -0.04427377 -0.00441683 -0.08970267
v -0.05825777 -0.00328583 -0.00977667
v -0.03565777 -0.00418283 0.12903833
v -0.05391277 -0.00426683 -0.06938367
v -0.05174477 -0.00382983 0.03085133
v -0.05606877 -0.00427583 0.11207033
v -0.05606877 -0.00427583 0.11207033
v -0.01977777 -0.00435583 0.01869333
v -0.02475877 -0.00425983 -0.04753867
v -0.03322377 -0.00459183 -0.07890867
v -0.04464777 -0.00424083 0.00200433
v -0.04464777 -0.00424083 0.00200433
v -0.04482877 -0.00434383 0.00524433
v -0.02155077 -0.00379283 -0.14061367
v -0.05007177 -0.00372883 0.02777533
v -0.04456377 -0.00370583 0.09874933
v -0.05596577 -0.00380783 0.03102433
v -0.03789077 -0.00401983 -0.10962667
v -0.03538077 -0.00429483 0.14834633
v -0.04640777 -0.00396083 0.03153633
v -0.04585677 -0.00417483 0.02706233
v -0.04946377 -0.00428283 0.00960933
v -0.03840977 -0.00384183 0.09555533
v -0.03330677 -0.00423683 0.06027033
v -0.03399277 -0.00433683 0.05457533
v -0.01990577 -0.00429083 0.00934833
v -0.04597077 -0.00417683 -0.07391067
v -0.03459177 -0.00431883 -0.05864867
v -0.04205377 -0.00458783 0.01018633
v -0.03845777 -0.00383783 -0.07089567
v -0.02620977 -0.00458883 0.01429833
v -0.02146377 -0.00414783 0.01466433
v -0.03132677 -0.00330183 -0.00682567
v -0.03068077 -0.00353683 -0.00273967
v -0.04230977 -0.00411683 -0.07032067
v -0.03191877 -0.00409183 -0.10747967
v -0.03757077 -0.00448883 -0.08848167
v -0.03533877 -0.00385983 0.02329533
v -0.03489877 -0.00388083 -0.10251367
v -0.03191977 -0.00521283 -0.10252467
v -0.03165877 -0.00415483 -0.04558067
v -0.08216877 -0.00359983 -0.11604767
v -0.09577977 -0.00312783 -0.12175167
v -0.09885277 -0.00376083 -0.11738167
v -0.05025077 -0.00372583 0.13573933
v -0.09114077 -0.00365083 -0.11585367
v -0.04520477 -0.00260983 -0.04419467
v -0.04293377 -0.00395383 -0.04410567
v -0.05431877 -0.00384183 -0.05570867
v -0.05431877 -0.00384183 -0.05570867
v -0.06077477 -0.00324483 -0.04517067
v -0.06077477 -0.00324483 -0.04517067
v -0.06625877 -0.00235783 -0.10848767
v -0.06791177 -0.00374983 -0.12916867
v -0.03827577 -0.00371083 -0.04568467
v -0.06941677 -0.00534083 -0.11245467
v -0.06277377 -0.00364783 -0.04059967
v -0.06277377 -0.00364783 -0.04059967
v -0.07234677 -0.00352483 -0.12554767
v -0.07299377 -0.00368783 -0.12029867
v -0.06913377 -0.00460083 -0.03341967
v -0.06913377 -0.00460083 -0.03341967
v -0.08988877 -0.00481783 -0.11819967
v -0.07902877 -0.00402483 -0.11778667
v -0.07902877 -0.00402483 -0.11778667
v -0.04650177 -0.00524683 -0.05463667
v -0.03717377 -0.00409383 -0.04323267
v -0.03557077 -0.00351083 -0.03866667
v -0.02948177 -0.00409583 -0.03822767
v -0.04269677 -0.00446683 -0.04758867
v -0.03913977 -0.00521083 -0.01382567
v -0.03913977 -0.00521083 -0.01382567
v -0.03597377 -0.00469583 -0.01221867
v -0.03597377 -0.00469583 -0.01221867
v -0.05767677 -0.00291883 0.10194933
v -0.07802977 -0.00372583 -0.11632467
v -0.07802977 -0.00372583 -0.11632467
v -0.05272877 -0.00291283 0.13919833
v 0.10152823 -0.00129383 0.08507233
v -0.03742877 -0.00509483 0.15585233
v -0.04008477 -0.00199683 0.15586333
v -0.04008477 -0.00199683 0.15586333
v -0.04097977 -0.00254183 0.11319533
v -0.04798677 -0.00384383 0.00272333
v -0.04798677 -0.00384383 0.00272333
v -0.03218977 -0.00230683 -0.12856467
v -0.02994777 -0.00223383 -0.13252567
v -0.10851877 -0.00286383 -0.12214567
v -0.07465677 -0.00410183 -0.11128267
v -0.07465677 -0.00410183 -0.11128267
v -0.03958277 -0.00274483 0.06681933
v -0.04868177 -0.00321783 -0.08901567
v -0.06286877 -0.00171683 -0.03463767
v -0.05155077 -0.00424483 0.14198233
v -0.04882077 -0.00213183 0.14016733
v -0.04198477 -0.00384383 -0.03568467
v -0.04653277 -0.00334283 -0.09082967
v -0.05307977 -0.00324283 -0.08334767
v -0.06023477 -0.00308883 0.10652633
v -0.06023477 -0.00308883 0.10652633
v -0.05862477 -0.00291883 0.03495133
v -0.04711177 -0.00310783 -0.12872867
v -0.05054377 -0.00320083 0.12521633
v -0.05054377 -0.00320083 0.12521633
v -0.04924877 -0.00278383 0.12578133
v -0.04604977 -0.00276483 -0.08165867
v -0.03594977 -0.00184783 -0.00868867
v 0.10465823 -0.00032983 0.09804733
v -0.05501677 -0.00275483 0.10518533
v -0.05035877 -0.00385883 0.08984633
v -0.06125777 -0.00241283 -0.09196667
v -0.05084477 -0.00256783 0.09268833
v 0.04208423 -0.00448383 -0.14869867
v -0.04446377 -0.00216483 0.13501233
v -0.04446377 -0.00216483 0.13501233
v -0.04474377 -0.00293283 0.10977933
v -0.06379977 -0.00199883 0.07113633
v -0.04323377 -0.00289383 0.04259633
v -0.05311577 -0.00294583 -0.07333967
v -0.04517677 -0.00294983 -0.10029067
v -0.03962977 -0.00269983 -0.13059067
v -0.03535877 -0.00355883 -0.01013167
v -0.04514377 -0.00276483 0.14107633
v -0.04260877 -0.00379783 0.14489833
v 0.00464723 -0.00236483 -0.15378867
v -0.04017877 -0.00272983 0.07037233
v -0.02901577 -0.00148583 -0.14437767
v -0.03719777 -0.00436783 0.14106433
v -0.03719777 -0.00436783 0.14106433
v -0.05635877 -0.00224683 0.01660633
v -0.07135577 -0.00260083 0.02967933
v -0.06995877 -0.00245583 0.02813933
v -0.04517377 -0.00308783 0.11539633
v -0.06182177 -0.00351783 -0.07072667
v -0.06182177 -0.00351783 -0.07072667
v 0.04602923 -0.00151283 -0.13507767
v -0.06941577 -0.00269883 0.03079733
v -0.03883477 -0.00302383 -0.11632167
v -0.03485277 -0.00227783 -0.12938067
v -0.05839277 -0.00336483 -0.07475267
v -0.02609377 -0.00190183 -0.14002267
v -0.05650377 -0.00286283 -0.07712267
v -0.04163777 -0.00280483 0.12881333
v -0.05034277 -0.00301183 0.10133033
v -0.03424377 -0.00241983 -0.12815767
v -0.03942477 -0.00298883 0.10759233
v -0.04811377 -0.00298983 0.10149033
v -0.05881277 -0.00228883 0.11381233
v -0.06553177 -0.00189283 -0.00836667
v 0.10963823 0.00041017 0.12365233
v 0.05197623 -0.00161783 -0.11137967
v -0.03876777 -0.00301683 0.12099433
v -0.05359977 -0.00406483 0.11685233
v -0.05564577 -0.00256483 0.12072633
v 0.07586523 -0.00322583 -0.01649367
v 0.09964223 -0.00407383 0.07945933
v -0.04220677 -0.00315183 0.07804233
v -0.06240277 -0.00309283 0.06051833
v -0.04360077 -0.00327883 0.11312233
v -0.03860277 -0.00303083 -0.04893667
v -0.04814677 -0.00330083 -0.07127367
v -0.04972477 -0.00333583 0.10420033
v -0.06396677 -0.00282783 0.03238533
v -0.02553877 -0.00301083 -0.11079267
v -0.05149677 -0.00343883 0.03524233
v -0.05678377 -0.00351583 -0.06394067
v -0.02860477 -0.00372683 -0.10770567
v -0.05899277 -0.00299783 -0.09200767
v -0.04494377 -0.00306483 -0.10995767
v -0.05822877 -0.00349083 0.10731733
v -0.04061177 -0.00283183 -0.10073067
v -0.05387477 -0.00309783 -0.05755267
v -0.03118177 -0.00336383 -0.06532867
v -0.08138477 -0.00371583 -0.12038367
v -0.03604477 -0.00350383 -0.04085767
v -0.06405777 -0.00323683 0.06646733
v -0.06138577 -0.00384283 -0.00973167
v -0.04454477 -0.00321283 0.07436333
v -0.07892777 -0.00328283 -0.12294967
v -0.04678277 -0.00336383 0.13824433
v -0.05411277 -0.00313283 -0.08580667
v -0.04326977 -0.00320183 -0.13124567
v -0.04702677 -0.00337383 0.11258233
v -0.04278077 -0.00309483 -0.13304267
v -0.05971577 -0.00317583 0.06808733
v -0.04576777 -0.00308083 -0.12505467
v -0.06232877 -0.00348983 -0.01201867
v -0.05932677 -0.00329983 -0.07234367
v -0.03804377 -0.00314283 0.04658233
v -0.04287077 -0.00333283 -0.06318867
v -0.04674377 -0.00294483 -0.09607867
v -0.05865277 -0.00349683 0.07358633
v -0.05107677 -0.00353783 -0.08196067
v -0.04604177 -0.00352683 -0.12191667
v -0.05831177 -0.00354383 0.07810133
v -0.04751477 -0.00409183 -0.02417067
v -0.04726077 -0.00301783 -0.03552767
v -0.05901077 -0.00318183 0.07963733
v -0.04045177 -0.00317683 -0.09780367
v -0.04089377 -0.00311683 0.12147833
v -0.04716077 -0.00341083 -0.08534467
v -0.05663577 -0.00321283 -0.07116367
v -0.03638677 -0.00379483 0.05020633
v -0.05047477 -0.00378583 -0.06795267
v -0.05830277 -0.00304683 -0.06862467
v -0.05531177 -0.00294183 0.12501733
v -0.05146877 -0.00289283 0.09795333
v -0.02218177 -0.00386883 0.00870933
v -0.05770277 -0.00355083 -0.00544167
v -0.05835977 -0.00338383 -0.01264167
v -0.04293077 -0.00363383 -0.08477867
v -0.05401077 -0.00337183 0.12756033
v -0.04521777 -0.00323183 0.03671133
v -0.05092777 -0.00360083 -0.06354767
v -0.04796977 -0.00324883 -0.07833267
v -0.04021577 -0.00297383 0.05837733
v -0.04114177 -0.00282383 0.14741033
v -0.04114177 -0.00282383 0.14741033
v -0.04010877 -0.00288783 0.10254633
v -0.03494077 -0.00322583 0.11586033
v -0.05419077 -0.00333783 0.02514833
v -0.05823777 -0.00330383 0.03004633
v -0.03883277 -0.00346583 -0.06479067
v -0.03628477 -0.00331583 0.12625733
v -0.04593677 -0.00288583 -0.11889367
v -0.06048477 -0.00108683 0.10281433
v -0.06048477 -0.00108683 0.10281433
v -0.08481877 -0.00103883 -0.05804967
v -0.08481877 -0.00103883 -0.05804967
v -0.03850277 -0.00202383 -0.03804867
v -0.04776877 -0.00343783 -0.13210067
v -0.03391477 -0.00306583 -0.00998867
v -0.08684177 -0.00096983 -0.05573467
v -0.08684177 -0.00096983 -0.05573467
v -0.06396677 -0.00266583 0.06043933
v -0.11147177 -0.00179483 -0.12297467
v -0.06338077 -0.00241883 0.05570733
v -0.08658577 -0.00175583 -0.05376967
v -0.08658577 -0.00175583 -0.05376967
v -0.03505877 -0.00148283 -0.00762267
v -0.01691377 -0.00309583 -0.14779667
v -0.11295877 -0.00135583 -0.11810467
v -0.05534577 -0.00188583 0.08013933
v -0.07567677 -0.00135383 -0.11392367
v -0.07567677 -0.00135383 -0.11392367
v -0.04582177 -0.00292683 0.13039333
v -0.04582177 -0.00292683 0.13039333
v -0.10715177 -0.00187283 -0.12371367
v -0.05222377 -0.00206483 0.13613833
v -0.04875077 -0.00284583 -0.10624167
v -0.05241777 -0.00233983 0.11008833
v -0.06446777 -0.00193383 -0.00521967
v -0.06258377 -0.00394583 -0.02784567
v -0.06452677 -0.00178583 0.06303233
v 0.06260223 0.00106417 -0.07498767
v -0.07739977 -0.00054983 -0.11208567
v -0.07739977 -0.00054983 -0.11208567
v -0.04887577 -0.00211283 0.11182333
v -0.10290077 -0.00253183 -0.12355167
v -0.05077877 -0.00132883 0.13964733
v -0.07767877 -0.00244183 -0.10483567
v -0.05412577 -0.00031983 0.04174833
v -0.04705977 -0.00150883 -0.11430567
v -0.04719177 -0.00232783 0.11638733
v -0.04641977 -0.00160883 0.14095133
v -0.06508377 -0.00055783 0.06720833
v -0.09949277 -0.00183583 -0.12547167
v -0.01425877 -0.00257983 -0.14918967
v -0.06332677 -0.00194783 -0.09444267
v -0.03734977 0.00023517 0.15942633
v -0.09613677 -0.00184583 -0.12258067
v -0.00811477 0.00004017 -0.15106267
v 0.08449423 -0.00348783 0.01966133
v -0.04841377 -0.00241883 -0.12562267
v -0.04837677 -0.00229883 0.08124233
v -0.06027677 -0.00196383 -0.09543267
v -0.04739977 -0.00226383 -0.04480167
v -0.07711877 -0.00309683 -0.06107367
v -0.07711877 -0.00309683 -0.06107367
v -0.07973377 -0.00056883 -0.12754867
v -0.05270677 -0.00250683 0.08225933
v -0.05328177 -0.00184983 0.08589433
v -0.04067477 -0.00139283 -0.12512467
v -0.05693977 -0.00245183 0.11594333
v -0.05693977 -0.00245183 0.11594333
v -0.06256277 -0.00230783 0.07527633
v -0.06285877 -0.00227583 0.07957933
v -0.04156377 -0.00218483 0.13626233
v -0.04156377 -0.00218483 0.13626233
v -0.04232677 -0.00246883 -0.12027567
v -0.04065477 -0.00248883 -0.11971167
v -0.05750877 -0.00123783 0.00539433
v -0.05750877 -0.00123783 0.00539433
v -0.06346077 -0.00186983 -0.02262467
v -0.07342977 -0.00200983 -0.06343867
v -0.07342977 -0.00200983 -0.06343867
v -0.03658577 -0.00173283 -0.13563667
v -0.06118877 -0.00227783 0.01838033
v -0.07809977 -0.00247483 -0.12592467
v -0.05744577 -0.00296983 0.07999533
v -0.07010677 -0.00264783 -0.13250967
v 0.09150523 -0.00203683 0.04397033
v -0.06183777 -0.00124483 -0.07371167
v -0.03835777 -0.00338483 -0.12290867
v -0.05385477 -0.00203183 0.13051633
v -0.06337877 -0.00226483 -0.01813167
v -0.06661777 -0.00124483 -0.01454067
v 0.04861523 0.00089917 -0.12668267
v 0.04803923 -0.00437283 -0.12790767
v -0.07680477 -0.00195383 0.00155033
v 0.07174323 -0.00288883 -0.03587967
v -0.04501777 -0.00272683 0.05166733
v -0.06637377 -0.00180383 0.03132533
v -0.05898977 -0.00315283 0.02541133
v -0.06447077 -0.00225783 -0.03746267
v -0.06447077 -0.00225783 -0.03746267
v -0.06447077 -0.00225783 -0.03746267
v -0.06944477 -0.00181283 -0.06493367
v -0.07892377 -0.00132083 -0.11657167
v -0.07640977 -0.00065283 -0.10259567
v -0.09399077 -0.00255883 -0.11705967
v -0.06953277 -0.00251683 -0.12665467
v -0.04982577 -0.00199783 0.13653633
v -0.04738477 -0.00172483 -0.11029567
v -0.05404977 -0.00242983 -0.09340567
v -0.05287177 -0.00241383 -0.00070067
v -0.06359477 -0.00276483 0.03571733
v -0.05233877 -0.00243283 0.01150533
v -0.10860777 -0.00268383 -0.11904667
v -0.04857177 -0.00221683 0.11569433
v -0.04741677 -0.00270283 0.11011333
v -0.05229777 -0.00255483 0.01484733
v -0.05410577 -0.00206183 0.07125233
v -0.08633677 -0.00140283 -0.12592167
v -0.06168077 -0.00187183 -0.00252467
v -0.04348077 -0.00221083 -0.11297767
v -0.04048677 -0.00241983 -0.11673667
v -0.05692977 -0.00133783 0.04022133
v -0.04874277 -0.00276283 0.03859333
v -0.05193677 -0.00182383 0.10884133
v -0.04173377 -0.00259583 -0.03906867
v -0.04284977 -0.00252983 0.12997033
v -0.04284977 -0.00252983 0.12997033
v -0.05944977 -0.00248883 -0.03522267
v -0.05944977 -0.00248883 -0.03522267
v -0.04420777 -0.00273583 0.10544733
v -0.04956077 -0.00233483 -0.10220867
v -0.05730177 -0.00277783 -0.00033567
v -0.04226877 -0.00234883 0.11553133
v -0.05962777 -0.00172283 -0.08584467
v -0.04681577 -0.00217283 -0.10234367
v -0.03562177 -0.00230883 -0.13355367
v -0.03321077 -0.00256383 -0.13516267
v -0.06031677 -0.00100983 -0.07777867
v -0.02519577 -0.00269483 -0.13454767
v -0.02540477 -0.00191683 -0.13705567
v -0.05181477 -0.00278583 -0.09376667
v -0.04831277 -0.00293483 -0.10478767
v -0.04876377 -0.00200683 0.12843433
v -0.04636077 -0.00230283 0.04831733
v -0.04301177 -0.00289583 0.13938933
v -0.04301177 -0.00289583 0.13938933
v -0.04357377 -0.00221783 0.06300333
v -0.09527777 -0.00244583 -0.11950267
v -0.09366477 -0.00247783 -0.12175067
v -0.07085477 -0.00268183 -0.12098567
v -0.04521877 -0.00182083 -0.03914467
v -0.08683577 -0.00206183 -0.11401867
v -0.07012877 -0.00196083 -0.10555567
v -0.06020377 -0.00334583 0.06415333
v -0.06850677 -0.00131483 -0.03246667
v -0.07208177 -0.00136183 -0.02989367
v -0.06797777 -0.00290883 -0.10745667
v -0.07748377 -0.00236783 -0.12480767
v -0.05327677 -0.00243683 0.07664133
v -0.07214077 -0.00305683 -0.12364967
v -0.07482677 -0.00363983 -0.02965567
v -0.07482677 -0.00363983 -0.02965567
v -0.05072577 -0.00117983 0.13794933
v 0.03661923 -0.00212383 -0.15745767
v -0.07110877 0.00052717 0.02338133
v -0.11351677 -0.00024383 -0.12298967
v -0.06372777 -0.00146483 0.07791833
v -0.04874577 -0.00124783 0.13162333
v -0.05996077 -0.00151383 0.11029833
v -0.06400277 -0.00110383 -0.03667067
v -0.06864777 -0.00124383 0.02305933
v -0.04749777 -0.00055383 0.13704033
v -0.05849277 -0.00105983 0.11520433
v 0.07718023 -0.00236583 -0.01044567
v -0.07285477 -0.00059683 0.02727633
v -0.05661777 -0.00219383 -0.04446667
v -0.06572777 -0.00104083 -0.02810567
v -0.05126677 -0.00093983 -0.10710667
v -0.06783677 -0.00064483 0.00274233
v -0.06779377 0.00098417 0.05902033
v -0.04397077 -0.00194883 0.06926533
v -0.06433577 -0.00145983 -0.09230567
v -0.07548777 -0.00106583 0.00913033
v 0.04107923 -0.00107483 -0.15137767
v -0.06335577 -0.00088183 -0.08932467
v -0.07141277 -0.00147183 0.03222533
v -0.11090477 -0.00106683 -0.11500767
v -0.04604977 -0.00187883 0.07600233
v -0.10844477 -0.00071083 -0.11488767
v -0.06205277 -0.00074883 0.08147333
v -0.04886777 -0.00118583 -0.12189667
v 0.08242323 -0.00195183 0.01024233
v -0.04880477 -0.00076283 0.07364133
v -0.10637077 -0.00063883 -0.10882967
v -0.10768377 -0.00156683 -0.11178067
v -0.10582377 0.00010217 -0.12351867
v -0.08025977 0.00138317 -0.03130367
v -0.08025977 0.00138317 -0.03130367
v -0.04759177 -0.00090083 -0.04297667
v 0.04497723 -0.00064983 -0.14375867
v -0.07816777 -0.00118483 -0.03055167
v -0.07816777 -0.00118483 -0.03055167
v -0.06092977 -0.00131083 0.05501533
v -0.07697177 -0.00117183 -0.02900867
v -0.07697177 -0.00117183 -0.02900867
v -0.06485077 -0.00103883 -0.01909467
v -0.08179677 -0.00194083 -0.04069067
v -0.08179677 -0.00194083 -0.04069067
v -0.06093677 -0.00194883 0.08403533
v -0.07152877 -0.00110283 -0.01859467
v -0.03800677 -0.00025183 -0.14075567
v -0.06899077 -0.00181283 0.02454633
v -0.08286677 -0.00170983 -0.10808667
v -0.08286677 -0.00170983 -0.10808667
v -0.04002177 -0.00142583 -0.13674767
v -0.05237377 -0.00106783 -0.03750867
v -0.03881577 0.00088817 0.15897733
v -0.08871177 -0.00049083 -0.12635567
v 0.04552723 -0.00367783 -0.13688067
v -0.05889677 -0.00128683 0.08551733
v -0.03405177 -0.00129383 0.15866833
v -0.06636877 -0.00095583 0.03969133
v -0.07923677 -0.00072783 -0.10183367
v -0.06315277 -0.00175483 0.03978433
v -0.06807077 -0.00033983 -0.01101867
v -0.05700077 -0.00166483 -0.09468367
v -0.09237677 -0.00218183 -0.11355767
v 0.05798323 0.00061717 -0.08963167
v -0.05632277 -0.00058983 0.12389133
v -0.05542077 -0.00189583 0.12864033
v 0.00532523 0.00252417 -0.15409767
v -0.05538577 -0.00113383 0.08304733
v -0.02424577 -0.00260383 -0.14548767
v 0.05044523 -0.00035183 -0.12027867
v -0.07248877 -0.00111483 -0.00342967
v -0.06821177 -0.00177183 -0.12946767
v 0.05049523 -0.00279583 -0.11866567
v 0.10012123 -0.00113183 0.12576433
v 0.03250623 -0.00204383 -0.16032767
v 0.11052823 -0.00276383 0.12221233
v -0.05407577 -0.00199483 0.09800433
v 0.05486823 -0.00307083 -0.10041867
v -0.05378077 -0.00059683 0.05455533
v 0.07420323 -0.00277983 -0.02204567
v -0.07181577 -0.00155883 0.02584233
v -0.03897277 -0.00198383 -0.03934867
v -0.06848277 -0.00153583 -0.12517567
v -0.07731677 -0.00078983 -0.00267067
v -0.06810477 -0.00194083 -0.12267267
v -0.05908677 -0.00140483 0.05665533
v -0.07452077 -0.00178483 0.00095033
v -0.04982877 -0.00133183 0.04542433
v -0.04124977 -0.00181083 -0.13477967
v -0.05623377 -0.00166183 -0.08214967
v -0.10951977 -0.00178183 -0.11186067
v -0.06036677 -0.00216683 -0.04072367
v -0.03234377 -0.00152583 -0.13843667
v -0.05140377 -0.00224483 0.13009533
v -0.06355577 -0.00121883 -0.12178467
v -0.08381977 -0.00144683 -0.09010967
v -0.04355077 -0.00182783 -0.12927267
v -0.07531177 -0.00176983 0.00550033
v -0.04990977 -0.00135283 0.05322033
v -0.06884477 -0.00126383 0.03580533
v -0.06001677 -0.00160883 0.08171133
v -0.08975277 -0.00317483 -0.12233567
v -0.04207577 -0.00125783 -0.12379067
v -0.04823777 -0.00204883 0.07740533
v -0.07991077 -0.00111583 -0.10961467
v -0.07320877 -0.00111383 -0.01040067
v -0.05464877 -0.00117283 0.08894833
v -0.09485277 -0.00151683 -0.11206267
v -0.02962577 -0.00199783 -0.14227367
v -0.06613277 -0.00156683 0.02792033
v -0.02790077 -0.00148483 -0.13662767
v -0.05203377 -0.00157183 -0.10298667
v -0.04565377 -0.00151083 0.07965033
v -0.06053377 -0.00197383 0.00019833
v -0.06186977 -0.00178883 0.02851933
v -0.04584977 -0.00150883 0.06090833
v -0.05521677 -0.00193883 0.00923033
v -0.05932377 -0.00092683 0.01403633
v -0.05173377 -0.00009083 -0.12043767
v -0.05173377 -0.00009083 -0.12043767
v -0.02147577 -0.00019383 -0.14776367
v -0.05056477 0.00039517 -0.13769467
v -0.05056477 0.00039517 -0.13769467
v -0.04996377 -0.00069983 -0.13580167
v -0.05400277 0.00060217 -0.13104867
v -0.05400277 0.00060217 -0.13104867
v -0.05113777 -0.00070283 -0.13112267
v -0.06978477 -0.00042483 -0.02966267
v -0.06502177 -0.00029283 0.07749733
v -0.05470477 -0.00027883 -0.12491867
v -0.06053177 -0.00048783 0.05235733
v -0.07802177 -0.00070483 0.00053733
v -0.06390877 0.00005717 0.07394633
v -0.07202977 -0.00025683 0.03198033
v -0.08641577 -0.00117883 -0.08756267
v -0.08409177 0.00037617 -0.08491767
v -0.07032077 -0.00003883 -0.02355267
v -0.06445577 -0.00010083 0.00298633
v -0.07004177 0.00021317 0.03508533
v -0.01676477 -0.00085183 -0.14874367
v -0.06053177 -0.00016683 -0.09784367
v -0.05670177 -0.00080683 -0.12189667
v -0.08066977 -0.00082883 -0.11215367
v -0.10497277 -0.00147283 -0.11901567
v -0.07442577 -0.00107483 -0.01119667
v -0.04236377 -0.00082483 0.14900733
v -0.04236377 -0.00082483 0.14900733
v -0.05535677 -0.00196783 0.11871633
v -0.04147577 0.00068217 0.15350633
v -0.10796177 -0.00024583 -0.10823767
v -0.05587377 -0.00048083 0.12220633
v -0.00698677 0.01093217 0.15314333
v -0.06266477 0.00038117 0.08415733
v -0.07977077 -0.00071383 -0.10649467
v -0.07977077 -0.00071383 -0.10649467
v -0.06816577 -0.00014983 -0.08208167
v -0.10239377 -0.00001583 -0.11921467
v -0.07446277 -0.00022683 -0.00744367
v -0.06149077 0.00100817 0.01174533
v -0.06149077 0.00100817 0.01174533
v -0.10149477 -0.00026283 -0.12489267
v -0.03986777 -0.00089483 0.15740433
v -0.03716277 -0.00034983 -0.13827367
v -0.10004977 -0.00126683 -0.11775367
v -0.09736977 -0.00061483 -0.11849867
v -0.09749277 -0.00025783 -0.12185667
v -0.00148777 -0.00189183 -0.15202167
v -0.00148777 -0.00189183 -0.15202167
v -0.08351477 -0.00002083 -0.04576467
v -0.08351477 -0.00002083 -0.04576467
v -0.06076177 0.00058517 0.08566933
v -0.05552077 0.00000417 0.12807233
v -0.07334977 -0.00080483 -0.10410467
v -0.07580277 -0.00119383 -0.12988367
v -0.08903677 -0.00179383 -0.11331367
v -0.07101777 -0.00075483 -0.13115067
v -0.08400477 -0.00138483 -0.10967467
v -0.08400477 -0.00138483 -0.10967467
v 0.04764823 0.00125017 -0.13265467
v -0.08838377 -0.00034383 -0.10186767
v -0.08838377 -0.00034383 -0.10186767
v 0.10891323 0.00501017 0.11110933
v -0.05753777 0.00020817 0.08998333
v -0.05753777 0.00020817 0.08998333
v -0.05638577 -0.00061283 0.09200033
v -0.05638577 -0.00061283 0.09200033
v -0.07755477 -0.00019383 -0.06184467
v -0.08668277 -0.00016383 -0.10246767
v 0.03032723 -0.00010783 -0.16042367
v -0.06611177 -0.00042383 0.06999333
v 0.09701623 -0.00041483 0.06406433
v 0.06737623 0.00006317 -0.05174767
v 0.06891223 -0.00096883 -0.04521367
v 0.06891223 -0.00096883 -0.04521367
v 0.10290223 0.00227717 0.08938633
v -0.06811077 -0.00018183 0.02283533
v -0.09629477 -0.00005383 -0.11772267
v -0.06749077 -0.00042483 -0.10183667
v -0.07377577 -0.00026483 -0.02783467
v -0.08448977 -0.00021383 -0.11452467
v -0.05459177 -0.00060883 0.06271533
v -0.07145477 -0.00023683 0.01514933
v -0.09491777 -0.00046383 -0.12263467
v -0.06650677 -0.00048983 -0.03270467
v -0.05977377 -0.00095683 -0.11920167
v -0.04923977 -0.00093383 -0.11715567
v -0.06552377 -0.00113883 -0.12595267
v -0.05876777 -0.00060683 0.04416633
v -0.08638977 -0.00107283 -0.09243567
v -0.06030977 -0.00137183 -0.03806867
v -0.06030977 -0.00137183 -0.03806867
v -0.06306077 -0.00065783 0.02288533
v -0.06821877 -0.00125383 -0.12025667
v -0.04848677 -0.00098883 0.06616133
v -0.05599577 -0.00081283 -0.09650567
v -0.05089177 -0.00040983 -0.12492167
v -0.05089177 -0.00040983 -0.12492167
v -0.06662777 -0.00072983 -0.02264767
v -0.08084577 -0.00006083 -0.11544667
v -0.06618077 -0.00070183 -0.07977567
v -0.05337277 -0.00095583 0.09253433
v -0.06816177 -0.00049883 -0.12784467
v -0.07649077 -0.00100483 -0.11513267
v -0.07649077 -0.00100483 -0.11513267
v -0.06912377 -0.00087783 -0.01520867
v -0.05646277 -0.00017383 0.05238933
v -0.06663977 -0.00046983 -0.01843567
v -0.10402477 0.00138517 -0.12067567
v -0.06411077 0.00061017 -0.08671967
v -0.06167977 -0.00087083 -0.08206167
v -0.06738977 -0.00068783 -0.00339267
v -0.10654177 -0.00037683 -0.10519867
v -0.05719277 -0.00056283 0.09885533
v -0.05072577 -0.00039283 -0.04088567
v -0.04506277 -0.00145983 -0.04168367
v -0.06915577 -0.00059583 -0.00913067
v -0.05173177 -0.00029783 0.06628533
v -0.04828177 -0.00036483 0.07088533
v -0.10587877 0.00019917 -0.11775767
v -0.08294577 -0.00092083 -0.08845167
v -0.06303877 -0.00026983 -0.11234667
v -0.10495877 -0.00026083 -0.10603967
v -0.06434177 -0.00029183 -0.11915967
v -0.07307977 -0.00090483 0.00310133
v -0.05792177 -0.00088883 0.06018733
v -0.07309477 -0.00129683 0.01118333
v -0.06512677 -0.00171683 -0.11533567
v -0.06512677 -0.00171683 -0.11533567
v -0.06919577 -0.00049183 0.00623533
v -0.11273777 -0.00031183 -0.12379967
v 0.05328323 0.00146917 -0.10968667
v -0.04699777 -0.00104083 0.13532933
v -0.06420677 -0.00066683 0.05433033
v -0.04259277 0.00123117 -0.14030867
v -0.05251377 0.00068417 0.12022533
v -0.06809677 0.00036517 0.06580833
v -0.07254577 0.00005617 -0.10253967
v -0.06224577 0.00083517 0.08154133
v -0.08598677 -0.00079883 -0.04696267
v -0.08598677 -0.00079883 -0.04696267
v -0.07231477 0.00083517 -0.12989367
v -0.07667877 0.00035517 -0.01229467
v -0.07191177 0.00022717 -0.07437967
v -0.06703777 0.00039917 0.06792733
v -0.03338677 0.00030317 -0.14431267
v -0.10143877 0.00027117 -0.11724267
v -0.08297777 0.00165217 -0.05789267
v -0.11504177 0.00054517 -0.11652067
v -0.08148877 0.00063417 -0.03943467
v -0.06972877 0.00067017 -0.09277567
v -0.06826477 -0.00025383 -0.13024167
v -0.07345877 0.00054317 -0.02228267
v -0.07815377 0.00090517 -0.00573567
v 0.08739623 0.00047017 0.02890733
v -0.07663577 0.00121517 -0.00829667
v -0.06254677 -0.00128483 0.02079433
v -0.07642977 0.00112217 -0.02677167
v -0.06503377 0.00196617 0.05246133
v -0.07560777 0.00067117 -0.02379667
v -0.05885877 0.00050517 0.11419933
v -0.04633477 0.00014917 0.14068233
v 0.07235923 0.00101517 -0.03371567
v -0.03505177 0.00255617 0.15974533
v -0.08063877 -0.00047883 -0.05915267
v -0.06179677 -0.00014483 -0.11479967
v -0.06179677 -0.00014483 -0.11479967
v -0.08200677 0.00033317 -0.09840167
v -0.03646077 0.00023617 -0.14245567
v 0.07415223 0.00239817 -0.02431267
v -0.06559277 0.00088417 -0.13268467
v -0.10874277 0.00076417 -0.12443467
v -0.07990577 -0.00004183 -0.09658767
v -0.08203977 0.00086417 -0.11432667
v -0.08532077 0.00066817 -0.11192167
v -0.05981477 0.00169617 -0.11274367
v -0.05981477 0.00169617 -0.11274367
v -0.06197577 0.00014017 -0.12658967
v -0.05646677 0.00153617 0.11634733
v -0.05646677 0.00153617 0.11634733
v 0.02015923 0.00983017 0.14619633
v -0.08914777 0.00142117 -0.10587167
v 0.01730423 0.00342217 -0.15717067
v 0.01730423 0.00342217 -0.15717067
v 0.04583223 0.00073917 -0.13881367
v -0.06447877 0.00075917 -0.08576967
v -0.05938377 0.00044917 0.10031133
v -0.05938377 0.00044917 0.10031133
v 0.02876123 0.00324917 -0.15973367
v -0.05734577 0.00074417 0.09867333
v -0.05734577 0.00074417 0.09867333
v -0.06808777 0.00059017 -0.07803767
v -0.06619477 0.00060917 0.06656833
v -0.06645677 0.00104017 0.04597733
v -0.08396677 0.00049917 -0.12716567
v -0.05296677 0.00043917 0.13054233
v 0.10691123 -0.00094183 0.10467233
v -0.07255377 0.00056917 0.01912633
v -0.06274277 0.00047917 0.04644833
v -0.04853677 0.00003217 0.13225133
v -0.06515277 0.00028517 -0.09679667
v 0.06100523 0.00079317 -0.08001967
v -0.05973377 0.00075017 -0.10464367
v -0.09249477 0.00060117 -0.08981167
v -0.08921677 0.00066317 -0.08920367
v -0.05072877 0.00028917 -0.11182367
v -0.06533677 0.00059417 0.07690433
v -0.06512677 0.00101717 0.07775233
v -0.05551677 0.00070917 0.12549833
v -0.06338277 0.00068917 0.07908933
v 0.09826523 -0.00115383 0.07149433
v 0.09966623 0.00165817 0.07745433
v -0.05823277 0.00046817 -0.13538667
v -0.05392077 0.00028217 0.04414733
v -0.05211877 -0.00009283 0.04414133
v -0.06252077 -0.00018583 0.04964033
v -0.05471477 -0.00021183 0.12088033
v -0.08980477 -0.00020383 -0.10133267
v -0.08980477 -0.00020383 -0.10133267
v -0.11199677 -0.00017983 -0.11090967
v -0.08567177 -0.00011683 -0.08350667
v -0.07164077 0.00045717 -0.02902367
v -0.06965577 -0.00015383 -0.06768367
v -0.07545877 -0.00002583 -0.09385167
v -0.06272377 0.00106117 -0.12918567
v -0.09798577 0.00041117 -0.11356567
v -0.09085877 0.00003317 -0.09649767
v -0.05669077 0.00007217 -0.11950967
v -0.05261677 -0.00008383 0.06091533
v -0.09602577 -0.00050083 -0.10803767
v -0.08810777 0.00009117 -0.09543867
v -0.05961477 0.00013917 0.04729633
v -0.07466177 0.00078717 -0.09943967
v -0.07774077 -0.00007583 -0.09565467
v -0.08508577 -0.00059383 -0.10666667
v -0.08508577 -0.00059383 -0.10666667
v -0.04990677 -0.00014883 0.06043933
v -0.06121377 0.00028517 -0.09974967
v -0.07095377 -0.00001883 -0.08160967
v -0.05555877 0.00001717 0.04695833
v -0.05593077 0.00036417 -0.10302167
v -0.08616677 0.00015917 -0.09672867
v -0.06565777 -0.00068783 -0.08303667
v -0.07488977 0.00032517 -0.07740067
v -0.06543677 0.00001417 -0.07736767
v -0.08308777 0.00055217 -0.09441367
v -0.06680177 0.00017117 -0.07293467
v -0.06949377 -0.00003983 -0.07065567
v -0.08172577 0.00136317 -0.03479367
v -0.11237477 0.00206717 -0.11957867
v -0.08050577 0.00205617 -0.09034367
v -0.06001977 0.00103717 0.10524133
v -0.08806177 0.00007617 -0.05637367
v -0.08806177 0.00007617 -0.05637367
v -0.09942677 0.00151417 -0.11134967
v -0.07992077 0.00227217 -0.00643767
v -0.06925977 0.00266317 -0.13304467
v -0.06719977 0.00018717 -0.09310867
v -0.08681477 -0.00013283 -0.05179767
v -0.09788477 -0.00014883 -0.10890367
v -0.09196077 0.00115017 -0.09239767
v -0.07891677 0.00082817 -0.02698067
v -0.07858177 0.00268717 -0.08877067
v -0.06186977 0.00187517 -0.13577767
v -0.06186977 0.00187517 -0.13577767
v -0.08465677 0.00138817 -0.10070367
v -0.06245777 0.00194817 -0.10677067
v -0.08625577 0.00222017 -0.05703067
v 0.04293323 0.00291717 -0.14868467
v -0.06579277 0.00198717 0.05002133
v -0.09253977 0.00161017 -0.10595367
v -0.07462777 0.00082717 -0.01941567
v -0.08649377 0.00126317 -0.07885367
v -0.11380777 0.00011417 -0.11990267
v -0.05084777 0.00166517 0.12511933
v -0.07748177 0.00224117 -0.06386267
v -0.09328377 0.00133817 -0.09979667
v -0.09328377 0.00133817 -0.09979667
v -0.11508377 0.00066717 -0.11106067
v -0.06680477 0.00185417 0.02282133
v -0.05320677 0.00136617 0.12939533
v -0.06546677 0.00048617 0.02409733
v -0.05783277 0.00136617 -0.12743667
v -0.05783277 0.00136617 -0.12743667
v -0.11405077 0.00112617 -0.11017567
v -0.11119877 0.00154917 -0.11084367
v -0.03980477 0.00646017 0.15746933
v -0.06504777 0.00259917 0.02056333
v -0.06504777 0.00259917 0.02056333
v -0.05125777 0.00112917 0.12941833
v -0.06571077 0.00109817 0.06261233
v -0.04939377 0.00216817 0.12913433
v -0.07292777 0.00145917 -0.08838167
v -0.09150777 0.00193317 -0.08524967
v -0.07343377 0.00119517 -0.07976567
v -0.05564777 0.00137017 0.11856633
v 0.05718523 0.00245517 -0.09432867
v -0.07615377 0.00016117 0.00985833
v -0.06659377 0.00139817 0.06735533
v -0.08110077 0.00227317 -0.07185067
v -0.01121977 0.00528917 -0.15053967
v 0.05037223 0.00467017 -0.11955267
v -0.07333077 0.00172317 0.02538333
v -0.06520277 0.00046817 0.07036133
v -0.05759077 0.00177017 0.09424733
v -0.05759077 0.00177017 0.09424733
v -0.07361077 0.00026917 0.01565333
v 0.07708923 0.00201317 -0.01353067
v -0.07247477 0.00184217 0.02830233
v -0.01791977 -0.00250183 0.15460533
v -0.01791977 -0.00250183 0.15460533
v 0.06425423 -0.00026283 -0.06468267
v 0.08063323 0.00109217 -0.00002067
v -0.06294977 0.00223717 -0.10800967
v -0.10526477 0.00189317 -0.11958567
v -0.10823977 0.00198017 -0.11001067
v -0.10710877 0.00137217 -0.10638267
v -0.10610377 0.00191917 -0.10672467
v -0.10119577 0.00127017 -0.12418867
v -0.09690677 0.00135217 -0.12247667
v -0.08597677 -0.00147683 -0.04982267
v -0.06803377 0.00029317 0.04110533
v -0.06590277 0.00185317 0.01142933
v -0.05389677 0.00088717 -0.11487467
v -0.05389677 0.00088717 -0.11487467
v -0.07114477 0.00101517 -0.09843067
v -0.07683777 0.00112217 -0.01880467
v -0.07501977 0.00078117 -0.06616767
v -0.08875977 0.00087017 -0.08066967
v -0.05449877 0.00200217 -0.13772867
v -0.05449877 0.00200217 -0.13772867
v -0.07147177 0.00118417 -0.09594867
v -0.05337077 0.00099417 0.12552133
v -0.06708477 0.00070517 -0.08731167
v -0.08142877 0.00094217 -0.10400067
v -0.08142877 0.00094217 -0.10400067
v -0.05683777 0.00094517 -0.11516267
v -0.05683777 0.00094517 -0.11516267
v -0.05782477 0.00033417 -0.11067467
v -0.07274177 0.00134217 -0.08580767
v -0.05863577 0.00107617 -0.13075167
v -0.05626777 0.00104817 -0.10880667
v -0.05445177 0.00104517 -0.10818567
v -0.06432577 0.00092617 -0.10331867
v -0.06697477 0.00143017 -0.09900367
v -0.07679477 0.00082017 -0.06978367
v -0.08082577 0.00151017 -0.08600167
v -0.06801377 0.00146217 0.01186433
v -0.10591177 0.00064317 -0.11249567
v -0.11144677 0.00225917 -0.12311867
v -0.10377377 0.00212617 -0.11347767
v -0.09142077 0.00278617 -0.05729067
v -0.09142077 0.00278617 -0.05729067
v 0.07970923 0.00290717 -0.00361367
v -0.07530277 0.00571017 0.01814733
v -0.07530277 0.00571017 0.01814733
v -0.09450677 0.00153817 -0.08597967
v -0.05898077 0.00234717 0.08904933
v -0.09639177 0.00241717 -0.08237367
v -0.04063277 0.00343917 -0.14219167
v -0.10039277 0.00176017 -0.10634567
v -0.08055077 0.00134817 -0.09324967
v -0.06757177 0.00250317 0.04581233
v -0.08129877 0.00244617 -0.02468867
v -0.09924877 0.00257717 -0.10457167
v -0.09735677 0.00244217 -0.07373867
v -0.10337577 0.00203817 -0.11805567
v -0.01262377 0.00209317 0.15385933
v -0.08907077 0.00220017 -0.05817667
v -0.08907077 0.00220017 -0.05817667
v -0.07601977 0.00108417 -0.12974867
v -0.11609977 0.00261117 -0.11379467
v -0.07599377 0.00170317 -0.07875667
v -0.08349477 0.00216417 -0.02291267
v -0.07258877 0.00140317 0.02410533
v -0.07493677 0.00437017 -0.13218067
v -0.08251977 0.00248217 -0.01779167
v -0.07699377 0.00183717 0.00573233
v 0.03443623 -0.00099083 -0.15919267
v -0.11597777 0.00302617 -0.11139567
v -0.10532677 0.00158117 -0.10840667
v -0.06934477 0.00187517 0.01956033
v 0.03733323 0.00244617 -0.15839867
v -0.06419677 0.00176917 0.07236833
v -0.07376977 0.00327917 -0.08091267
v -0.06174777 0.00222817 0.07604033
v -0.05974477 0.00168217 -0.13719267
v -0.05974477 0.00168217 -0.13719267
v -0.07739977 0.00218417 -0.02011467
v -0.07860577 0.00126017 -0.07579867
v -0.08964477 0.00144717 -0.07756267
v -0.06767177 0.00205517 0.05989633
v -0.08876177 0.00116617 -0.04575667
v -0.10348177 0.00117917 -0.12350367
v 0.06315423 0.00515917 -0.07170767
v -0.05715977 0.00139517 0.10093433
v -0.08099477 0.00231517 -0.06752567
v -0.08364677 0.00237617 -0.03973967
v 0.05593523 0.00265517 -0.09986067
v -0.06643977 0.00315517 0.01427033
v -0.05903577 0.00169417 0.10173633
v -0.05820677 0.00167317 0.10813733
v 0.10102223 0.00324417 0.08043433
v 0.09388623 0.00146017 0.05183633
v -0.05301477 0.00282017 0.11687233
v -0.05301477 0.00282017 0.11687233
v 0.00660723 0.00465817 -0.15499967
v 0.00660723 0.00465817 -0.15499967
v 0.09002623 0.00162417 0.03712633
v -0.08105277 0.00203417 -0.01688367
v -0.10035977 0.00094117 -0.11493767
v -0.06186077 0.00132617 -0.13246867
v -0.07732877 0.00204117 -0.02248367
v -0.08559077 0.00147617 -0.04381867
v -0.05777077 0.00171917 0.11403133
v -0.09517177 0.00204617 -0.07813867
v -0.10923677 0.00259217 -0.11376967
v 0.05922123 0.00518217 -0.08685067
v -0.06132977 0.00331617 -0.10907767
v -0.09187277 0.00196017 -0.10477967
v -0.08431577 0.00258517 -0.02775267
v -0.09962377 0.00301117 -0.08327067
v -0.09635077 0.00386517 -0.10097567
v -0.09635077 0.00386517 -0.10097567
v -0.08123977 0.00275617 -0.01189167
v -0.06594177 0.00483617 0.05306333
v -0.06398577 0.00345117 0.06734933
v -0.07409777 0.00195917 -0.08363067
v -0.09101377 0.00271117 -0.04998267
v -0.09101377 0.00271117 -0.04998267
v -0.06009777 0.00375517 -0.11103067
v -0.06699777 0.00307817 0.05650933
v -0.07160677 0.00214317 0.02210033
v -0.07160677 0.00214317 0.02210033
v 0.04634923 0.00548617 -0.14051867
v -0.09696377 0.00372417 -0.09025767
v -0.11514177 0.00244717 -0.11577267
v -0.08484977 0.00366017 -0.05782367
v -0.09829777 0.00323317 -0.07469567
v -0.08078177 0.00267317 -0.06037067
v -0.05162277 0.00416017 0.11803433
v -0.05162277 0.00416017 0.11803433
v -0.09853577 0.00331617 -0.08742367
v -0.08472677 0.00335617 -0.02162867
v -0.10195677 0.00309917 -0.09496867
v -0.10176177 0.00455017 -0.09256067
v -0.08171877 0.00343517 -0.07607667
v -0.10014577 0.00293517 -0.09441967
v -0.08356577 0.00403717 -0.01758167
v -0.10813177 0.00304617 -0.12400367
v -0.08927377 0.00364617 -0.03841467
v -0.03768677 0.00183117 -0.14249567
v -0.05139477 0.00080417 0.12133233
v -0.07740477 0.00247417 -0.06567967
v -0.06895977 0.00284917 0.03852533
v -0.09475377 0.00254517 -0.09499267
v -0.06501677 0.00240717 -0.13524867
v -0.06501677 0.00240717 -0.13524867
v 0.04056523 0.00274517 -0.15479067
v -0.09049477 0.00281717 -0.06553267
v -0.07471677 0.00284617 0.01526933
v -0.06097277 0.00256317 0.08053133
v -0.07451577 0.00177217 0.01742133
v -0.09379977 0.00167017 -0.12579767
v 0.05393123 0.00259217 -0.10766867
v 0.08325823 0.00313117 0.01161433
v -0.08265177 0.00360017 -0.06812667
v 0.11032323 0.00164717 0.12286133
v 0.06442623 0.00192717 0.13453233
v 0.02211323 0.00329117 -0.15845467
v 0.02211323 0.00329117 -0.15845467
v -0.11078877 0.00378417 -0.11642667
v -0.11244577 0.00309217 -0.11490767
v -0.10443077 0.00367017 -0.10894867
v -0.06792477 0.00320817 0.01569033
v -0.08885277 0.00297117 -0.07359367
v -0.09035977 0.00310917 -0.07007767
v -0.09324777 0.00329017 -0.06294567
v -0.06280677 0.00122617 0.01516633
v -0.06280677 0.00122617 0.01516633
v -0.09139377 0.00306717 -0.06252067
v -0.07566277 0.00293617 -0.08606167
v -0.07896877 0.00259617 -0.01059167
v -0.08234177 0.00276017 -0.02984567
v -0.05601577 0.00343917 0.10321233
v -0.06639577 0.00288317 0.02078633
v -0.06639577 0.00288317 0.02078633
v -0.05922677 0.00231017 0.10580133
v -0.07978677 0.00267217 -0.01979467
v -0.09623677 0.00314517 -0.07145967
v -0.09314477 0.00252217 -0.08403767
v -0.09293077 0.00251517 -0.06560967
v -0.08591777 0.00290917 -0.03977967
v -0.07958577 0.00236017 -0.01441567
v -0.05473177 0.00270517 0.11194833
v -0.11458577 0.00307417 -0.11077967
v -0.10967777 0.00351717 -0.12221867
v -0.09376077 0.00381617 -0.05946167
v -0.09062377 0.00340717 -0.12736267
v 0.06141923 0.00480617 -0.07927967
v -0.09966377 0.00439217 -0.09557067
v -0.09348577 0.00481817 -0.05456167
v -0.09348577 0.00481817 -0.05456167
v 0.06893123 0.00488817 -0.04645567
v 0.06893123 0.00488817 -0.04645567
v -0.10294277 0.00358117 -0.10308367
v -0.07699177 0.00428917 -0.08121667
v 0.07066223 0.00277317 -0.03915267
v 0.07066223 0.00277317 -0.03915267
v -0.10049377 0.00479817 -0.08123767
v -0.11574177 0.00407917 -0.11268367
v -0.08617877 0.00401817 -0.07475167
v -0.08430877 0.00385217 -0.12966167
v -0.05744677 0.00332417 -0.13811767
v -0.05744677 0.00332417 -0.13811767
v -0.05744677 0.00332417 -0.13811767
v 0.08881323 0.00403617 0.03355533
v -0.05600377 0.00363317 0.09960433
v -0.09583377 0.00460417 -0.06505067
v -0.08410477 0.00350917 -0.07720967
v -0.08557477 0.00518117 -0.05908467
v -0.08403077 0.00430017 -0.07321667
v -0.10013677 0.00466917 -0.10102167
v -0.10013677 0.00466917 -0.10102167
v 0.04212423 0.00353617 -0.15257767
v 0.06646123 0.00345017 -0.05779067
v -0.05597677 0.00256417 0.10817533
v -0.09804577 0.00357817 -0.12528867
v 0.05154223 0.00234117 -0.11440467
v 0.10448723 0.00329517 0.09501233
v -0.04678177 0.00267217 0.13443633
v 0.00179523 -0.00329883 0.14988533
v 0.08132223 0.00400417 0.00411333
v -0.02545777 0.00219817 -0.14656467
v 0.08555723 0.00249717 0.02223433
v -0.00716177 0.00386417 -0.15071467
v -0.00716177 0.00386417 -0.15071467
v -0.07982577 0.00394617 -0.06370167
v -0.07750877 0.00391617 -0.07915267
v -0.07896177 0.00298717 -0.08350867
v -0.08468277 0.00369817 -0.03524467
v -0.08736477 0.00379417 -0.03442167
v -0.09687377 0.00345117 -0.09368767
v -0.10366077 0.00469017 -0.12726267
v -0.08623077 0.00387017 -0.02911967
v -0.06605177 0.00349317 0.01654533
v -0.08631177 0.00413017 -0.06477667
v -0.09119877 0.00368117 -0.04522167
v -0.06104377 0.00390017 -0.11067867
v -0.09574077 0.00334817 -0.10373867
v -0.10577577 0.00405317 -0.10615567
v -0.10577577 0.00405317 -0.10615567
v -0.06850377 0.00628217 -0.13527367
v -0.06850377 0.00628217 -0.13527367
v -0.10119577 0.00386517 -0.08794467
v -0.10991177 0.00696517 -0.11693867
v -0.10483677 0.00441117 -0.10523067
v -0.10483677 0.00441117 -0.10523067
v -0.06612077 0.00410517 0.05821233
v -0.04954477 0.00321417 -0.13940567
v 0.06353323 0.00902917 -0.06919267
v -0.09944777 0.00533117 -0.07159767
v -0.07984277 0.00219317 -0.12865067
v -0.07866977 0.00588917 0.00039833
v 0.06532323 0.00474217 -0.06290467
v -0.04944377 0.00379217 0.12562833
v -0.04944377 0.00379217 0.12562833
v -0.05417777 0.00754317 0.10490333
v 0.10655423 0.00420817 0.10201733
v -0.07305477 0.00495617 0.02732533
v -0.06168977 0.00526717 0.07368433
v 0.09514923 0.00530717 0.05682333
v 0.03282323 0.00349117 -0.16042067
v 0.03614323 0.00560917 -0.15903167
v 0.11028823 0.00165117 0.11866233
v -0.04558377 0.00551017 0.13910933
v 0.11142823 0.00931117 0.12276733
v 0.04713023 0.00780817 -0.13891567
v 0.08461223 0.00197717 0.01845033
v -0.08831677 0.00448117 -0.06191867
v -0.08637477 0.00557617 -0.06022467
v -0.10026077 0.00491217 -0.09928467
v -0.08174077 0.00417417 -0.07828167
v -0.08163677 0.00397617 -0.07952567
v -0.09968177 0.00470617 -0.09074567
v -0.08119777 0.00412317 -0.06575967
v -0.08411877 0.00454317 -0.06192767
v -0.10402977 0.00488117 -0.09943067
v -0.10402977 0.00488117 -0.09943067
v -0.08772077 0.00418617 -0.06760667
v -0.08861177 0.00468217 -0.06487667
v -0.08467277 0.00433617 -0.06977667
v -0.08797577 0.00512617 -0.03271267
v -0.10962477 0.00577317 -0.12158967
v -0.09952677 0.00706417 -0.06994767
v -0.10526577 0.00554417 -0.10055567
v -0.10526577 0.00554417 -0.10055567
v -0.08959777 0.00595717 -0.12970567
v -0.08959777 0.00595717 -0.12970567
v 0.05114123 0.00940317 -0.11775467
v 0.08856223 0.00743417 0.03229233
v -0.10856177 0.00571517 -0.11192267
v -0.10856177 0.00571517 -0.11192267
v -0.07697177 0.00557017 0.00531133
v 0.10175823 0.00594517 0.08355633
v 0.11132923 0.00757217 0.11899133
v -0.06611477 0.00534917 0.05535733
v -0.09351377 0.00583517 -0.05126867
v -0.09351377 0.00583517 -0.05126867
v 0.04453723 0.00555017 -0.14525267
v 0.05580423 0.00640917 -0.09982967
v -0.09038777 0.00530917 -0.03954567
v 0.06863023 0.00556217 -0.04989967
v -0.02831477 0.01343417 0.15911333
v 0.05787323 0.00585717 -0.09092367
v -0.10985877 0.00625617 -0.12570167
v -0.10985877 0.00625617 -0.12570167
v -0.10313077 0.00620317 -0.09164367
v 0.03517323 0.00834117 -0.15863467
v -0.10639777 0.00667617 -0.10400067
v -0.07614377 0.00330517 0.01153033
v 0.06222623 0.00864317 -0.07432067
v -0.07331577 0.00572217 0.02157233
v 0.07794223 0.00664017 -0.00870567
v 0.03769023 0.00924917 -0.15681667
v -0.06845677 0.00796717 0.03963933
v 0.07496323 0.00743617 -0.02087367
v 0.09756223 0.00513017 0.06654333
v -0.08016677 0.00670217 -0.13225367
v -0.08016677 0.00670217 -0.13225367
v -0.03120377 0.00736917 -0.14468567
v -0.03915877 0.00866417 -0.14268067
v -0.09816077 0.00603117 -0.12703967
v 0.08273523 0.00651217 0.01089433
v -0.04391577 0.00766517 0.14602833
v -0.05362477 0.00583117 0.10884933
v -0.03477177 0.01037517 0.16037833
v 0.04753223 0.00852617 0.13920433
v -0.08115677 0.00463017 -0.00959167
v -0.09644477 0.00760817 -0.06433067
v -0.05825077 0.00685017 0.08807533
v -0.09366677 0.00788217 -0.12878967
v -0.09366677 0.00788217 -0.12878967
v 0.08572123 0.00680717 0.02286733
v -0.10384077 0.00530617 -0.09549667
v -0.07264377 0.00548117 0.02383733
v -0.07264377 0.00548117 0.02383733
v -0.11119677 0.01027717 -0.11895567
v 0.04466923 0.01144017 -0.14664667
v -0.01372077 0.00845017 -0.14996667
v -0.10842177 0.00721817 -0.10940167
v -0.06703077 0.01012117 0.04576133
v -0.10521377 0.00665117 -0.12783167
v -0.10521377 0.00665117 -0.12783167
v 0.01961823 0.00746817 -0.15829567
v 0.01961823 0.00746817 -0.15829567
v -0.09886777 0.00926217 -0.12808467
v -0.09886777 0.00926217 -0.12808467
v -0.09095877 0.00851917 -0.04128667
v 0.10547223 0.00574317 0.12484233
v 0.04830823 0.00654017 -0.13364467
v 0.07102023 0.00630217 -0.03728367
v 0.07102023 0.00630217 -0.03728367
v 0.07237223 0.00705817 -0.03081867
v 0.07237223 0.00705817 -0.03081867
v 0.08393023 0.00767817 0.12999533
v 0.05344223 0.01106817 -0.11039067
v -0.08077377 0.00918917 -0.00932867
v -0.06175777 0.00448217 -0.13651467
v 0.03966823 0.00773717 -0.15676667
v -0.08603877 0.00867317 -0.13110867
v -0.08603877 0.00867317 -0.13110867
v -0.05573277 0.00897817 0.09794233
v -0.05573277 0.00897817 0.09794233
v -0.06218477 0.00974217 0.06954233
v -0.10369577 0.00803417 -0.09282067
v -0.07232977 0.00730117 -0.13406767
v -0.07232977 0.00730117 -0.13406767
v -0.06009477 0.01130317 0.07872533
v -0.05800977 0.00862317 -0.13790467
v -0.05800977 0.00862317 -0.13790467
v 0.05944623 0.00988417 -0.08499867
v 0.10622223 0.01085717 0.09624233
v -0.04133377 0.00743517 0.15355233
v 0.09147423 0.00666017 0.12821833
v -0.11046677 0.00775517 -0.12369167
v -0.11046677 0.00775517 -0.12369167
v -0.07634477 0.01053817 -0.13385167
v 0.04853223 0.00784317 -0.13085067
v 0.03260223 0.01124517 -0.16038067
v 0.08038523 0.00883517 0.00076333
v -0.06438777 0.01039917 0.05534433
v 0.11230023 0.01164617 0.12054533
v -0.01623177 0.00822317 0.15544433
v -0.05004677 0.00838417 0.12052333
v 0.04946123 0.00851917 -0.12900867
v -0.06403777 0.00925517 0.06075833
v 0.07326123 0.01472117 -0.03190767
v -0.08870977 0.00897617 -0.03507867
v -0.05642877 0.01276517 0.09192833
v -0.05642877 0.01276517 0.09192833
v 0.06857723 0.00896717 -0.04885767
v 0.05276523 0.00756017 -0.11272667
v -0.02289477 0.00878617 -0.14679767
v -0.07874877 0.01044317 -0.00097767
v -0.10137277 0.00829117 -0.08203367
v 0.07799823 0.01031617 -0.00940067
v -0.07148177 0.00753817 0.02905833
v 0.10468823 0.01001617 0.09177933
v -0.10578877 0.00930917 -0.10058767
v -0.04760577 0.00979717 0.13017133
v -0.04760577 0.00979717 0.13017133
v 0.06615723 0.00950417 -0.05797667
v -0.09373677 0.01019917 -0.12940467
v -0.09373677 0.01019917 -0.12940467
v 0.05739623 0.00967217 -0.09283867
v 0.09057423 0.00661117 0.03986033
v -0.00133677 0.00958317 -0.15233067
v -0.09687277 0.01068517 -0.06537967
v 0.04558223 0.00912717 -0.14457267
v -0.05077777 0.00773217 -0.13983567
v -0.05077777 0.00773217 -0.13983567
v 0.03253223 0.01232117 0.14313933
v 0.03253223 0.01232117 0.14313933
v -0.10800977 0.00966917 -0.12572167
v 0.03922023 0.00594517 0.14116433
v 0.03922023 0.00594517 0.14116433
v -0.03770977 0.00577317 0.15995033
v 0.05066823 0.00876617 -0.12157067
v -0.11200877 0.00965017 -0.12228367
v -0.11200877 0.00965017 -0.12228367
v 0.03098823 0.01217717 -0.16064767
v -0.09980477 0.00841317 -0.07119267
v 0.04668923 0.01259917 -0.13835667
v 0.01053323 0.00716217 -0.15594067
v 0.01053323 0.00716217 -0.15594067
v -0.09520277 0.00925917 -0.05947867
v 0.11047123 0.01044517 0.12382333
v 0.05524123 0.00989817 -0.10298767
v 0.08396423 0.00728117 0.01533433
v 0.04922823 0.01155917 -0.12702367
v -0.08738977 0.01103717 -0.03130767
v -0.06891877 0.01391817 0.03343533
v -0.07449077 0.01021417 0.01259333
v -0.07449077 0.01021417 0.01259333
v 0.04240023 0.01026217 -0.15361967
v -0.08244877 0.01031417 -0.01550267
v 0.08292023 0.01607517 0.00766133
v 0.06051823 0.01283717 -0.08190567
v 0.08098923 0.01628017 0.13105133
v -0.05127077 0.01395017 -0.13962867
v 0.11256323 0.01267817 0.12371733
v 0.07609023 0.01507217 -0.02019667
v 0.07170123 0.00756917 0.13308633
v -0.08544377 0.01070817 -0.02326567
v -0.09097977 0.01274717 -0.04447867
v 0.08568823 0.01421517 0.01984033
v -0.07368577 0.01149317 0.01680833
v 0.10768723 0.01073917 0.10472333
v -0.09991177 0.01229017 -0.07608367
v -0.10654077 0.01517017 -0.10616567
v -0.10948377 0.01114817 -0.11603867
v -0.10948377 0.01114817 -0.11603867
v 0.10474523 0.01387817 0.12539333
v -0.00829477 0.01232417 -0.15084167
v -0.00829477 0.01232417 -0.15084167
v -0.00829477 0.01232417 -0.15084167
v -0.07593877 0.01358417 0.00569033
v -0.03808477 0.01483817 0.15939633
v 0.00178823 0.01331317 -0.15325967
v 0.00178823 0.01331317 -0.15325967
v -0.06831277 0.01235717 -0.13544867
v 0.01418623 0.01447817 -0.15678867
v 0.10046123 0.01083317 0.07549333
v 0.02375723 0.01213117 -0.15866467
v -0.11127577 0.01258017 -0.12176767
v -0.11127577 0.01258017 -0.12176767
v -0.06367177 0.01802517 0.05622733
v -0.09816677 0.01165917 -0.06959867
v -0.10417177 0.01125517 -0.12732267
v 0.05443123 0.00234417 0.13714633
v -0.00062977 0.01051717 0.15145133
v 0.11220523 0.01508617 0.12421333
v 0.07130123 0.01316317 -0.03841267
v 0.07130123 0.01316317 -0.03841267
v -0.10790177 0.01122017 -0.11025867
v -0.10083077 0.01328117 -0.08449067
v -0.09356377 0.00901317 -0.05142467
v -0.09356377 0.00901317 -0.05142467
v 0.01771723 0.01409517 -0.15730867
v 0.08106823 0.01645117 0.00134633
v 0.08830523 0.01560817 0.02690033
v 0.06604623 0.01305217 -0.06053767
v -0.04178577 0.01308317 0.15052733
v 0.04438223 0.01543817 -0.14894767
v 0.10698223 0.01710517 0.09810633
v 0.00285123 0.01885517 0.15106633
v 0.03500323 0.01328217 -0.15779367
v 0.00840523 0.01332317 0.14934533
v -0.05946077 0.01840617 -0.13778267
v -0.05946077 0.01840617 -0.13778267
v 0.04770823 0.01132217 -0.13286667
v -0.07791277 0.01525817 -0.00179467
v 0.08007523 0.01421617 -0.00553767
v -0.09389777 0.01485417 -0.05581067
v -0.08058277 0.01387617 -0.13269267
v 0.04067623 0.01427317 -0.15543467
v 0.11302923 0.01547717 0.12370033
v 0.10330623 0.01464517 0.08496433
v -0.08390177 0.01668317 -0.02081367
v 0.10967223 0.01401117 0.10957533
v 0.06322623 0.02167917 0.13585533
v -0.10348177 0.01432517 -0.09495167
v 0.02685323 0.00761617 0.14438033
v 0.05720323 0.01538817 -0.09740067
v -0.08901877 0.01655017 -0.13086167
v 0.06499423 0.01561017 -0.06695767
v -0.04426577 0.01443817 0.14080733
v -0.04426577 0.01443817 0.14080733
v 0.00990423 0.01544717 -0.15531867
v 0.03687323 0.01546517 -0.15696567
v -0.05244777 0.01332717 0.10938433
v -0.01562477 0.01338017 -0.14889167
v -0.05825277 0.01553417 0.08326033
v -0.10178677 0.01551817 -0.12791267
v -0.06354577 0.01729017 -0.13661767
v -0.09948077 0.01727117 -0.08085267
v -0.04293777 0.01263517 -0.14195067
v -0.07034077 0.01485517 0.02781533
v 0.09890623 0.01168417 0.06790533
v 0.06975123 0.01220017 -0.04615667
v 0.05659323 0.01960817 -0.10263567
v 0.11159723 0.01394717 0.11519633
v 0.03564023 0.01892917 -0.15717667
v -0.03238477 0.01525517 -0.14450767
v -0.11060777 0.01677917 -0.12170667
v -0.11060777 0.01677917 -0.12170667
v -0.10768577 0.02048217 -0.11353767
v -0.10768577 0.02048217 -0.11353767
v 0.05096523 0.01874917 -0.12216167
v 0.07416023 0.02373417 0.13309133
v 0.07462223 0.01415717 -0.02524567
v 0.07919223 0.01641217 -0.00906667
v -0.09576277 0.01699617 -0.12915867
v 0.09017023 0.01459017 0.03455833
v 0.06833023 0.01622617 -0.05298767
v -0.11010177 0.01430817 -0.12381867
v -0.11010177 0.01430817 -0.12381867
v 0.09171723 0.01535717 0.04076733
v 0.03061923 0.01791517 -0.16004967
v 0.09340323 0.01276917 0.04666433
v -0.04767277 0.01735817 0.12661233
v -0.04767277 0.01735817 0.12661233
v -0.10948677 0.01644517 -0.11894967
v -0.10948677 0.01644517 -0.11894967
v -0.05437977 0.01884717 0.09745133
v -0.05437977 0.01884717 0.09745133
v -0.06702877 0.01893617 0.04057033
v -0.00950577 0.01811417 -0.15058567
v -0.00950577 0.01811417 -0.15058567
v 0.05949523 0.01658217 -0.08939267
v -0.04227977 0.01889017 0.14643133
v -0.06954077 0.01622617 -0.13561367
v 0.05192423 0.01463817 -0.11643767
v 0.02318223 0.01920417 -0.15826067
v 0.10419723 0.01687417 0.08905233
v 0.08014523 0.01839217 -0.00507867
v -0.06226077 0.01731017 0.06268333
v -0.02344177 0.01944517 -0.14668167
v -0.10200477 0.01837817 -0.09053667
v -0.10200477 0.01837817 -0.09053667
v -0.07257577 0.01959517 0.01709133
v -0.07257577 0.01959517 0.01709133
v -0.07573377 0.01905617 -0.13402767
v 0.03935823 0.01978817 -0.15726367
v -0.03678677 0.01422317 0.16049733
v -0.03905577 0.01960817 -0.14273067
v -0.09638377 0.02011117 -0.06878967
v -0.10549177 0.02032217 -0.10555267
v 0.10496723 0.02058617 0.08970233
v 0.10619323 0.01837917 0.09414633
v -0.11112877 0.02303317 -0.12253667
v 0.07821923 0.02053317 -0.01440167
v 0.08509023 0.01580217 0.01576233
v -0.10804977 0.02027717 -0.12602767
v -0.08498777 0.02212517 -0.13214767
v -0.05011477 0.01811217 0.11524133
v 0.08990723 0.01862317 0.12900133
v 0.04905923 0.01685717 -0.13039367
v -0.08617177 0.01427617 -0.02793167
v 0.10262723 0.02072717 0.07781433
v -0.07374777 0.01479217 0.01361833
v -0.07374777 0.01479217 0.01361833
v -0.08129877 0.02257117 -0.01656967
v 0.11148223 0.01923217 0.11100333
v -0.04007877 0.01730017 0.15448433
v -0.11064177 0.02204917 -0.12423167
v 0.03325423 0.01709717 -0.15959667
v -0.01578377 0.02014317 0.15608333
v 0.10955023 0.01904017 0.12448733
v 0.04593023 0.01875217 -0.14258367
v 0.04035323 0.01770017 -0.15698167
v 0.11323823 0.01996317 0.12096333
v 0.09523823 0.01524617 0.05287133
v 0.09786423 0.01557017 0.12700733
v -0.09164677 0.01973117 -0.04936767
v -0.09164677 0.01973117 -0.04936767
v 0.09770123 0.02089617 0.05873333
v 0.10843523 0.01621317 0.10395133
v 0.04310223 0.01717217 -0.15243467
v -0.08884577 0.02084017 -0.03993767
v -0.03777877 0.02617417 0.15805233
v -0.07954077 0.01860317 -0.00925567
v 0.01132623 0.01921117 -0.15540967
v -0.01448377 0.02134017 -0.14912167
v -0.01448377 0.02134017 -0.14912167
v 0.11227823 0.02010417 0.12464033
v -0.08675477 0.02039217 -0.03218767
v -0.05666777 0.01960817 0.08696133
v 0.04710323 0.02004317 -0.13900067
v -0.09877777 0.01771917 -0.12807867
v 0.11344423 0.02131017 0.11773933
v 0.00657123 0.02033017 -0.15463767
v 0.06832423 0.02692417 -0.05973967
v -0.10336177 0.02051117 -0.09574967
v -0.10336177 0.02051117 -0.09574967
v -0.05597877 0.02620717 -0.13876967
v -0.05597877 0.02620717 -0.13876967
v -0.10834377 0.02253317 -0.11745667
v -0.10834377 0.02253317 -0.11745667
v -0.10834377 0.02253317 -0.11745667
v 0.04514923 0.02250617 -0.14943367
v 0.07928823 0.02350417 -0.01021667
v 0.08461723 0.02768917 0.13064233
v -0.00359777 0.02532217 0.15315433
v -0.04127777 0.02512217 -0.14236567
v 0.00076823 0.02051717 -0.15327867
v 0.00076823 0.02051717 -0.15327867
v 0.10460823 0.02405017 0.08535533
v -0.09731277 0.02393517 -0.07487867
v 0.03322723 0.02168617 -0.15982867
v -0.05992577 0.02099517 0.07362033
v -0.09424777 0.01934917 -0.05931367
v 0.11261023 0.02561617 0.12384933
v -0.10230577 0.02422417 -0.09499167
v 0.06781023 0.02326917 -0.06096067
v 0.08188823 0.02323517 0.00068133
v 0.10939423 0.02372417 0.10483033
v 0.09055723 0.02171217 0.03388533
v 0.08359323 0.02561317 0.00487833
v 0.10095223 0.02100717 0.07029133
v 0.06215123 0.02366417 -0.08460567
v 0.08346523 0.02135617 0.00869633
v 0.06460323 0.02403917 -0.07419867
v -0.10888977 0.02534117 -0.12542367
v -0.09081877 0.02276017 -0.13047767
v 0.07021123 0.02255717 -0.04828067
v 0.07021123 0.02255717 -0.04828067
v 0.03447823 0.02194417 -0.15847167
v 0.03511023 0.02306817 -0.15651567
v -0.01830177 0.02437517 -0.14815067
v -0.01830177 0.02437517 -0.14815067
v -0.11092677 0.02291017 -0.12093267
v -0.03546877 0.02589217 0.16077133
v 0.05630123 0.02577217 0.13778633
v 0.03826723 0.02236117 -0.15680567
v -0.04831477 0.02181417 -0.14057567
v 0.04121823 0.02358717 -0.15709667
v -0.06796777 0.02289317 -0.13553067
v 0.02664823 0.01763617 -0.15948867
v 0.05409723 0.02062317 -0.11291667
v 0.11375223 0.02386817 0.11823533
v 0.09594223 0.02561917 0.05004133
v -0.06919577 0.02098517 0.03095733
v 0.10017123 0.02383517 0.06395433
v 0.11182123 0.02264317 0.11100033
v -0.06077877 0.02806417 -0.13754867
v -0.06077877 0.02806417 -0.13754867
v 0.03109923 0.02268017 -0.16040067
v -0.03662677 0.02818317 0.15955433
v -0.10509877 0.02193917 -0.12693067
v -0.04343977 0.02421517 0.13923633
v -0.04343977 0.02421517 0.13923633
v 0.05902523 0.02159717 -0.09372967
v -0.10037677 0.02455117 -0.12756367
v -0.07415777 0.02960317 0.00814033
v -0.06584477 0.02199417 0.04531933
v 0.04985223 0.02524517 -0.13028467
v -0.02990677 0.03074617 -0.14529567
v 0.01671923 0.01865117 -0.15674267
v 0.05894823 0.02779417 -0.09844967
v 0.04573223 0.01992317 -0.14559567
v -0.02295977 0.02587917 0.15839533
v -0.01208877 0.02383517 -0.14944767
v -0.01208877 0.02383517 -0.14944767
v 0.04805023 0.02714217 -0.13612867
v -0.05518077 0.02638417 0.09010633
v -0.05518077 0.02638417 0.09010633
v 0.10332123 0.02714117 0.07773333
v -0.00450477 0.02447717 -0.15193367
v 0.07643323 0.02399317 -0.02354467
v 0.04208223 0.02575617 -0.15673167
v 0.09722823 0.02396517 0.05434433
v -0.03205977 0.02220317 -0.14467767
v 0.07473223 0.02547517 -0.03212467
v -0.04997877 0.02530417 0.11216833
v 0.01423423 0.01304617 0.14792833
v 0.09179423 0.03005117 0.12901533
v -0.07100377 0.02295317 0.02257233
v -0.09406677 0.02464317 -0.12925767
v 0.03809423 0.01988017 0.14219833
v 0.04466623 0.02697117 0.14066433
v -0.10523677 0.02558617 -0.10708267
v -0.10523677 0.02558617 -0.10708267
v 0.09004623 0.02863817 0.02965733
v -0.02952177 0.02701017 0.16029833
v -0.08303577 0.02500317 -0.02289667
v -0.05931477 0.02640117 0.07209433
v 0.03859823 0.02973917 -0.15910567
v 0.10214723 0.02863617 0.07098933
v -0.03362077 0.02694917 0.16113933
v 0.04011723 0.02569717 -0.15768067
v 0.06012423 0.03220417 -0.09554067
v -0.05250577 0.02203017 0.10366333
v 0.04537623 0.02632817 -0.14826567
v -0.10668477 0.02921917 -0.11683367
v 0.03127523 0.02841117 -0.15995667
v -0.06477177 0.02721817 0.04905133
v 0.03615323 0.02653017 -0.16009667
v 0.11136423 0.02880817 0.10880233
v -0.06735077 0.02629617 0.03754133
v 0.06973623 0.03008117 -0.05572267
v 0.10324523 0.03247917 0.12613933
v 0.10885623 0.02563317 0.10156133
v 0.06669923 0.02566317 -0.06688167
v 0.04217423 0.02773917 -0.15785967
v -0.08800377 0.02909417 -0.04189967
v 0.00273023 0.02875017 0.15149733
v -0.10948377 0.02777117 -0.12258867
v -0.00750277 0.03258217 0.15441833
v -0.07830477 0.02529517 -0.13312067
v 0.07954523 0.02767717 -0.01302567
v -0.09155977 0.02508417 -0.05090967
v -0.09155977 0.02508417 -0.05090967
v 0.05055823 0.03169417 -0.13169167
v -0.04080577 0.02748717 0.14865433
v -0.04080577 0.02748717 0.14865433
v 0.05529123 0.02819417 -0.11223167
v 0.05628723 0.02579517 -0.10606267
v -0.06186777 0.02784917 0.06098033
v 0.10715023 0.02605617 0.09612933
v 0.09486623 0.02622617 0.04530933
v -0.05188377 0.03079117 -0.13959767
v -0.10765477 0.02909617 -0.11973367
v -0.08370077 0.02943217 -0.13176767
v 0.02216223 0.02937617 -0.15843167
v 0.09533723 0.02859217 0.04655533
v -0.01555277 0.02734117 0.15632733
v -0.07167977 0.02753517 0.01828133
v -0.07167977 0.02753517 0.01828133
v -0.08464677 0.02997017 -0.03052367
v 0.10870023 0.02977217 0.10144133
v -0.06773277 0.03008917 -0.13546767
v -0.03743077 0.02734917 -0.14331767
v 0.03449923 0.02639817 -0.16049867
v -0.04625677 0.02740317 0.12602433
v 0.10552923 0.02766917 0.08685933
v 0.09982623 0.02730617 0.06234333
v 0.01062123 0.02948417 -0.15542267
v 0.09231223 0.02704517 0.03690333
v 0.03030323 0.03119117 0.14461033
v 0.07270423 0.02499917 -0.04037867
v -0.04948877 0.03227017 0.11085033
v 0.08607323 0.02678417 0.01625033
v 0.11387523 0.02891017 0.12442233
v -0.07738477 0.02283217 -0.00161867
v 0.07341723 0.03663017 0.13383833
v 0.02522023 0.03032017 -0.15894967
v -0.00475077 0.02946217 -0.15151067
v -0.09942077 0.02895717 -0.08427867
v -0.09942077 0.02895717 -0.08427867
v 0.00333223 0.02861917 -0.15355567
v 0.11449323 0.03031917 0.12112233
v -0.09721177 0.02967217 -0.12870367
v -0.07515077 0.02326817 0.00625233
v 0.10964623 0.02753817 0.10577633
v 0.11422023 0.02619817 0.12215733
v -0.09930777 0.02453917 -0.08295467
v 0.07601523 0.03007017 -0.02752567
v 0.09886323 0.03095617 0.12737533
v 0.08094123 0.02973717 -0.00667367
v 0.01503023 0.03191017 -0.15673567
v 0.04482723 0.03093717 -0.15234467
v 0.08521223 0.02973117 0.01145233
v -0.07417177 0.03191317 -0.13418167
v -0.05713477 0.02719017 0.08094633
v -0.09361877 0.02538417 -0.06080367
v -0.09201577 0.02789117 -0.05476867
v -0.09201577 0.02789117 -0.05476867
v 0.02396723 0.02467617 0.14587533
v 0.03539123 0.02932717 -0.16174567
v -0.03901377 0.02948517 0.15382733
v 0.00652523 0.03308417 -0.15428167
v 0.05229123 0.02931117 -0.12465467
v 0.06269323 0.02668217 -0.08445467
v -0.06456777 0.02175017 0.05023433
v -0.06871377 0.03041617 0.03113333
v -0.08279877 0.03159317 -0.02500767
v -0.10737677 0.03054517 -0.12648867
v -0.09520377 0.03111317 -0.07086067
v -0.04523477 0.02425717 0.13194933
v 0.10247323 0.03196117 0.07367233
v 0.11083523 0.03153017 0.12448233
v 0.03762623 0.03151717 -0.16099467
v -0.01731977 0.03137317 -0.14831567
v -0.01731977 0.03137317 -0.14831567
v -0.10920577 0.02915817 -0.12437567
v -0.04483277 0.03226317 -0.14167067
v -0.10065577 0.02729017 -0.08903967
v -0.10065577 0.02729017 -0.08903967
v 0.04764023 0.03057217 -0.14277467
v 0.07883023 0.02959317 -0.01652467
v 0.06635123 0.03126617 -0.07000767
v 0.05493023 0.03202117 -0.11417967
v 0.08840023 0.03179417 0.02477233
v 0.03562523 0.03358917 -0.16098767
v -0.06576577 0.02957717 0.04209333
v -0.07952377 0.02707417 -0.01165767
v 0.06442223 0.02957517 -0.07777667
v 0.07630523 0.03395017 -0.02717067
v 0.09567923 0.03221417 0.04955333
v -0.09157177 0.03473917 -0.05890767
v -0.10446977 0.03303317 -0.12662867
v -0.09892977 0.03317117 -0.08595867
v 0.05381923 0.03256517 -0.12024367
v 0.11355523 0.03256617 0.12002733
v 0.08097423 0.03369717 -0.00339967
v 0.11445123 0.03192517 0.12304733
v -0.07302477 0.03196517 0.01260333
v -0.07302477 0.03196517 0.01260333
v 0.09752823 0.03003717 0.05419533
v 0.10065223 0.03198217 0.06564133
v 0.10569123 0.03271917 0.08576633
v 0.08422023 0.03085917 0.00505733
v 0.11210323 0.02997317 0.11280433
v 0.10651623 0.03031517 0.09135533
v 0.08097223 0.03348717 -0.01063767
v 0.05185523 0.03352117 -0.12700267
v 0.06675223 0.03155917 0.13524633
v 0.09314423 0.03483317 0.04209533
v 0.04314023 0.03318317 -0.15769767
v 0.02174823 0.03917017 -0.15821367
v 0.04892123 0.03397617 -0.14045867
v 0.03108423 0.03985217 -0.16015967
v 0.06740923 0.03436417 -0.06305667
v -0.07006477 0.03878817 0.02206433
v -0.07006477 0.03878817 0.02206433
v 0.05396623 0.03272017 0.13853633
v -0.09639577 0.03561617 -0.07695367
v -0.09639577 0.03561617 -0.07695367
v 0.05509623 0.03624817 -0.11359667
v 0.09695723 0.03436717 0.05504433
v -0.06176777 0.03551017 0.05807233
v 0.09210123 0.03036117 0.03584833
v 0.05710723 0.03183117 -0.10555167
v -0.06512377 0.03097917 0.04574433
v 0.07115723 0.03012717 -0.04923567
v 0.07115723 0.03012717 -0.04923567
v 0.04089323 0.03356217 -0.15935967
v 0.08132723 0.03591817 -0.00787767
v 0.08727123 0.03445917 0.01992733
v 0.10794723 0.03410017 0.12530833
v -0.10870477 0.03426417 -0.12338967
v 0.05322223 0.03709817 -0.12235167
v 0.00742623 0.03683217 0.15056633
v -0.10630777 0.03460217 -0.12511567
v 0.09768623 0.03444317 0.12740633
v -0.10490877 0.03433917 -0.11168067
v -0.05238977 0.03100617 0.09868933
v -0.05238977 0.03100617 0.09868933
v 0.03109223 0.03451117 -0.16037067
v 0.08076123 0.03638617 -0.01242167
v -0.10210677 0.02985717 -0.09837467
v 0.08273323 0.03237917 0.00104033
v 0.06220323 0.03484117 -0.08862367
v 0.07965123 0.03579917 0.13219233
v -0.04965277 0.03626117 0.10662033
v -0.02653277 0.03211017 -0.14643167
v -0.02653277 0.03211017 -0.14643167
v 0.11069023 0.03284917 0.10888933
v 0.04660723 0.03382417 -0.14735067
v 0.08570523 0.03317717 0.01216133
v 0.04819423 0.03589717 -0.14470367
v -0.10016977 0.03527317 -0.09313867
v 0.11098223 0.03424017 0.11615233
v -0.01424277 0.03720617 -0.14916367
v -0.05640177 0.03466817 -0.13831467
v -0.05640177 0.03466817 -0.13831467
v 0.11163723 0.03369317 0.12372833
v 0.10432223 0.03462517 0.08242733
v 0.03501223 0.02962917 0.14323333
v 0.03501223 0.02962917 0.14323333
v -0.04395677 0.03136417 0.13407433
v 0.10003923 0.03411417 0.06628733
v -0.06996077 0.02899517 0.02462033
v -0.06996077 0.02899517 0.02462033
v -0.09248377 0.03404417 -0.12951967
v 0.06504023 0.03355517 -0.07594067
v 0.05678423 0.03829817 -0.10274267
v 0.10721423 0.03304817 0.09561733
v 0.10816823 0.03542917 0.10532333
v -0.10854477 0.03466817 -0.12208767
v -0.04285577 0.03690217 -0.14180967
v -0.01562277 0.03835117 0.15689333
v 0.00149323 0.04198217 -0.15323867
v -0.04832977 0.03148517 0.11515533
v 0.10099723 0.03584217 0.07445333
v 0.04940023 0.03491617 -0.13568667
v 0.10373223 0.03499517 0.12543533
v 0.10818723 0.03542717 0.12380033
v -0.04586077 0.03468517 0.12403533
v 0.08866323 0.03540617 0.02453433
v -0.06105477 0.03780717 -0.13706767
v 0.10811123 0.03500617 0.10094933
v 0.03218923 0.03876517 0.14422833
v 0.03218923 0.03876517 0.14422833
v -0.05533777 0.03306117 0.08602833
v 0.08094923 0.03517117 -0.00341567
v 0.10486123 0.03527617 0.08805333
v -0.08072377 0.03794717 -0.01867067
v 0.09354323 0.03647217 0.12836533
v 0.08454823 0.03538917 0.00976633
v 0.09046923 0.03513917 0.03233533
v -0.10708777 0.03633917 -0.12256267
v 0.07122323 0.03546717 -0.04990067
v 0.08625723 0.03673717 0.13044233
v -0.09931477 0.03485817 -0.12844767
v -0.00146277 0.04194117 0.15299233
v 0.05879723 0.03512117 -0.09970167
v 0.10680823 0.03607917 0.10727133
v 0.08593623 0.03671217 0.01525333
v 0.05026423 0.03653817 -0.13246767
v -0.03576277 0.04116517 0.15859933
v 0.09504423 0.03597117 0.05200133
v -0.08985877 0.03595317 -0.05299767
v 0.06626423 0.03908817 -0.06925567
v 0.07365123 0.03598117 -0.04203667
v 0.08863423 0.03692917 0.02671833
v -0.05551477 0.03673417 0.08185233
v -0.06310977 0.03773317 0.05135733
v 0.07495323 0.03205917 -0.03591367
v 0.07639723 0.03623017 -0.02980567
v -0.09286177 0.03966917 -0.06523467
v -0.09286177 0.03966917 -0.06523467
v 0.06999423 0.03579217 -0.05717167
v 0.06999423 0.03579217 -0.05717167
v 0.08293223 0.03545517 0.00174233
v -0.05826977 0.03732417 0.07101833
v 0.11130823 0.03493017 0.12162833
v 0.03932023 0.03645817 -0.16011567
v 0.10581923 0.03685317 0.10297633
v 0.09517023 0.03715117 0.05621133
v 0.04504223 0.03603117 -0.15470467
v -0.06051177 0.03304617 0.06375033
v -0.08122377 0.03952317 -0.13243967
v 0.08303023 0.03697017 -0.00063167
v 0.08015023 0.03816317 0.13234633
v 0.09325323 0.03664117 0.04589933
v 0.09862723 0.03706517 0.07039433
v -0.02412377 0.03409317 0.15898833
v -0.08630477 0.03346717 -0.13092367
v 0.00233623 0.03779517 0.15188233
v -0.03636977 0.03738317 -0.14352267
v 0.06600523 0.03517117 -0.06778267
v -0.06425077 0.04379717 0.04265733
v 0.01451723 0.03073117 0.14845233
v 0.07745723 0.03523217 -0.02090667
v 0.10273423 0.03649117 0.08172433
v 0.10559223 0.03650317 0.09620433
v 0.10556623 0.03674817 0.11585333
v 0.08029223 0.03816217 -0.01414867
v 0.10139123 0.03787417 0.08764533
v 0.09458823 0.03843617 0.06411433
v -0.05366477 0.03798717 0.08917533
v 0.01926923 0.03903317 0.14749233
v 0.04332923 0.04049617 -0.16009367
v 0.08190523 0.03805817 -0.00429967
v -0.10162077 0.03763317 -0.10047267
v 0.08528523 0.03791117 0.01644833
v -0.08347377 0.03904017 -0.02840467
v 0.05556423 0.03751617 -0.10836867
v -0.08760577 0.03585717 -0.13087867
v 0.08385823 0.03775917 0.00492233
v -0.02265377 0.03852917 -0.14683067
v 0.07501423 0.03837117 -0.03714067
v -0.06597277 0.03890917 0.03811133
v 0.06687023 0.03925017 -0.06493567
v 0.07751223 0.03847817 -0.02685167
v 0.06828323 0.03894717 -0.06033267
v 0.06193223 0.03983917 -0.08808767
v 0.09042723 0.03755117 0.03689733
v 0.08687023 0.03807117 0.12917733
v 0.09782423 0.03671217 0.12557133
v 0.10371523 0.03741817 0.09904133
v 0.10007223 0.03742017 0.10911933
v 0.07905623 0.03850117 -0.01969767
v -0.10582577 0.03963017 -0.12420567
v 0.08729523 0.03934417 0.12036533
v 0.08558123 0.03885717 0.02505133
v 0.06051323 0.03866017 0.13737933
v -0.04844777 0.04538417 0.10713233
v -0.10691277 0.03651517 -0.11990167
v 0.08318423 0.03869617 0.00522933
v -0.03246377 0.04071717 0.16111833
v 0.07104723 0.03875517 -0.05465467
v 0.07104723 0.03875517 -0.05465467
v -0.00144977 0.03856017 -0.15226767
v 0.05819923 0.04000817 -0.09968367
v 0.04651823 0.03837217 -0.15102467
v 0.07318423 0.03847817 -0.04289767
v -0.07766377 0.03368417 -0.00673467
v 0.04832523 0.03825917 -0.14743667
v -0.09840677 0.03939917 -0.08818067
v 0.04942723 0.03816517 -0.13993967
v 0.02498823 0.04079117 0.14629333
v 0.04297923 0.03771117 0.14144833
v 0.05214623 0.04093717 0.13942033
v 0.09556923 0.03828517 0.11473633
v 0.09495923 0.03882217 0.07161433
v 0.08401223 0.03802017 0.01082633
v 0.09528623 0.03788217 0.12281233
v 0.09274323 0.03836417 0.05117533
v 0.09815323 0.03825417 0.09461533
v 0.09888223 0.03815817 0.07798633
v 0.09720823 0.03845817 0.08596933
v 0.08791523 0.03788517 0.02971033
v 0.09079323 0.03853317 0.04486733
v 0.05158823 0.04075517 -0.12335767
v -0.08583177 0.03996517 -0.03752567
v 0.07480523 0.03940417 -0.03510467
v -0.10359277 0.03594217 -0.12716267
v 0.08748923 0.03940617 0.09556833
v 0.05545123 0.04046417 -0.10989167
v 0.07899823 0.03940317 -0.01708067
v 0.07663123 0.03955217 -0.02819267
v -0.09431277 0.04309917 -0.07248967
v 0.06622223 0.03922117 0.13585833
v 0.08870623 0.03914517 0.04634733
v -0.06815477 0.03876117 0.02972333
v 0.07286423 0.03927217 0.13355333
v 0.07748923 0.03983917 0.13098533
v 0.02736623 0.04078817 -0.15956367
v 0.08779223 0.03926217 0.11043833
v 0.03561523 0.03768917 -0.16173267
v -0.03152777 0.03603017 0.16107333
v 0.07210923 0.03956217 -0.04787567
v 0.07210923 0.03956217 -0.04787567
v -0.02944777 0.03913017 -0.14491767
v -0.02944777 0.03913017 -0.14491767
v -0.04178277 0.03937417 0.13841033
v -0.07850177 0.04103317 -0.01212467
v 0.06373923 0.03940117 -0.07984867
v 0.04959523 0.03917517 -0.13211867
v -0.03899277 0.03813217 0.14954433
v 0.03836123 0.03922917 -0.16164067
v 0.08759023 0.03948417 0.07663733
v 0.08480023 0.03881617 0.02077733
v 0.09196623 0.03882617 0.08760833
v 0.07619523 0.03985517 -0.00648367
v 0.09346323 0.03840117 0.08004533
v 0.07976823 0.03894717 -0.00407567
v 0.08049223 0.03947817 0.00138733
v 0.08435723 0.03964917 0.08529633
v 0.08118923 0.03928417 0.01223333
v 0.09007223 0.03897617 0.06916433
v 0.08701323 0.03922417 0.05803733
v 0.09193423 0.03858617 0.05756233
v 0.06093923 0.04024717 0.13683933
v -0.10670277 0.04317817 -0.12207367
v 0.06585123 0.04055517 -0.06317267
v 0.06585123 0.04055517 -0.06317267
v -0.10220477 0.04417717 -0.10527367
v -0.10637877 0.04194617 -0.12005267
v 0.06595523 0.04033117 -0.06831667
v 0.06863923 0.04029017 -0.05703967
v 0.06863923 0.04029017 -0.05703967
v -0.10540377 0.04177117 -0.12507467
v 0.07235123 0.04030417 0.13205433
v 0.04847923 0.03992317 -0.14735867
v 0.07137723 0.04144717 0.07805433
v 0.04935523 0.04017617 -0.14387467
v 0.07122023 0.04032917 -0.04257467
v 0.05972823 0.04032117 -0.09552767
v -0.05421577 0.04188317 0.08498033
v 0.04877223 0.04076517 -0.13754667
v -0.07233577 0.03810617 -0.13470867
v 0.06267523 0.04051717 -0.08412267
v 0.05080023 0.04119117 -0.12876367
v 0.06374623 0.04074217 -0.07363967
v -0.05057677 0.04328317 0.09945433
v -0.05057677 0.04328317 0.09945433
v -0.05114577 0.04202017 -0.13936167
v -0.08665077 0.04458217 -0.04317467
v 0.05453623 0.04093717 -0.11549467
v 0.01037423 0.04138717 -0.15505667
v 0.07758823 0.04003617 0.01355833
v 0.07926023 0.04044717 0.07322433
v 0.07081123 0.04041617 -0.04825467
v 0.07081123 0.04041617 -0.04825467
v 0.07462723 0.03999517 -0.02886367
v 0.07746423 0.03949217 -0.02289067
v 0.08172423 0.04020417 0.09640433
v 0.07684023 0.03992517 -0.01521067
v 0.08336423 0.04007717 0.05938033
v 0.08090023 0.04014217 0.04555633
v 0.08343023 0.04017117 0.06693633
v 0.08147823 0.04029117 0.11034333
v 0.08264623 0.03946617 0.03113733
v 0.08561023 0.03966417 0.04113233
v 0.04565323 0.04054417 -0.15434867
v 0.01653623 0.04014417 -0.15686667
v -0.01272677 0.04024317 -0.14987867
v -0.05637877 0.04152317 0.07770833
v 0.05697323 0.04139917 -0.10137467
v -0.03736877 0.03610617 0.15608133
v 0.04898923 0.04156317 -0.14317367
v 0.05599823 0.04159117 0.13774333
v -0.03411877 0.03762017 0.16061633
v 0.06740323 0.04046817 0.13459833
v 0.06340323 0.04124317 -0.06803567
v 0.06804723 0.04102417 -0.04614367
v 0.05896123 0.04111817 -0.06448467
v 0.05896123 0.04111817 -0.06448467
v 0.07177523 0.04056717 -0.01763267
v 0.07319023 0.04062717 0.03054733
v 0.07057423 0.04065817 0.01484533
v 0.06002323 0.04125217 -0.09097267
v 0.07692323 0.04087817 0.12072133
v 0.06659823 0.04095017 -0.05417867
v 0.06659823 0.04095017 -0.05417867
v 0.07626723 0.04068817 0.12618333
v 0.07638823 0.04081417 0.05649033
v 0.05717123 0.04131117 -0.03127367
v 0.06812123 0.04067017 -0.00944767
v 0.06265223 0.04098417 -0.03862267
v 0.07256923 0.04043717 -0.02507467
v 0.05031623 0.04193417 -0.08640967
v 0.04397323 0.04139517 -0.15808167
v 0.05070723 0.04252417 -0.12299467
v 0.05419423 0.04186517 -0.11423767
v -0.09749077 0.04281917 -0.12812467
v -0.08911077 0.04170917 -0.13042667
v 0.04729123 0.04215417 -0.04581767
v 0.04729123 0.04215417 -0.04581767
v 0.04673223 0.04122717 -0.14959967
v 0.05491123 0.04204117 -0.10286767
v 0.04797423 0.04260617 -0.14007167
v 0.04875323 0.04167017 -0.13316867
v -0.06102877 0.04202617 0.05721933
v -0.04595877 0.04293617 -0.14133467
v -0.01036277 0.04370217 0.15572633
v -0.04167477 0.04532017 -0.14236067
v -0.10544077 0.03848517 -0.11606067
v -0.02927277 0.04315017 -0.14525267
v -0.02927277 0.04315017 -0.14525267
v -0.01863277 0.04197017 -0.14791667
v 0.06736823 0.04182917 0.05293333
v 0.06381523 0.04231317 0.12964633
v 0.05935323 0.04170217 -0.08629467
v 0.05337723 0.04237217 -0.11269467
v 0.06149323 0.04133617 -0.00359667
v 0.03723023 0.04284017 -0.06194367
v 0.06935823 0.04178917 0.09248533
v 0.06174123 0.04124917 -0.08084467
v 0.06882723 0.04196417 0.10317433
v 0.05400023 0.04212717 -0.09623767
v 0.07001023 0.04178317 0.11445333
v 0.06052123 0.04208317 0.02630733
v 0.05278923 0.04144017 -0.05575967
v 0.05278923 0.04144017 -0.05575967
v 0.06635623 0.04140317 0.13271533
v 0.05367023 0.04143717 -0.07933867
v 0.06876523 0.04141917 0.03974733
v 0.03894023 0.04288617 0.14292233
v -0.10135977 0.04271917 -0.10003067
v 0.04433023 0.04326317 -0.15436067
v 0.04357523 0.04295317 0.14121333
v 0.05091023 0.04323217 -0.11683667
v 0.05385523 0.04370517 0.07970033
v 0.04348123 0.04411117 -0.14728567
v 0.02802823 0.04511617 -0.15958867
v 0.03764823 0.04193117 -0.16174767
v -0.08315177 0.04496917 -0.13152467
v 0.04097123 0.04383717 -0.15913767
v -0.06762277 0.04143317 -0.13544167
v -0.03575377 0.04776417 0.15636733
v -0.05901977 0.04087317 0.06541133
v -0.07614777 0.03883217 -0.00271267
v -0.01321577 0.04488117 -0.14928467
v 0.05482223 0.04242817 0.13655933
v 0.06312423 0.04248817 0.08173833
v 0.05111123 0.04273717 0.00470033
v 0.05811223 0.04265817 0.04207233
v 0.04311823 0.04265317 -0.03760767
v 0.05114023 0.04254217 -0.10843267
v 0.05946923 0.04294117 0.10499133
v 0.05671423 0.04320817 0.06240733
v 0.04573623 0.04249117 -0.10377467
v 0.04092423 0.04254417 -0.09395467
v 0.04799623 0.04252217 -0.01903767
v 0.04937423 0.04149217 -0.07169067
v -0.10616377 0.04699417 -0.12231867
v -0.08860177 0.04230717 -0.04953567
v 0.04491923 0.04372817 -0.13563867
v 0.00649723 0.04537517 -0.15361567
v 0.03776623 0.04382217 -0.11308567
v -0.04556677 0.04105117 0.12262333
v 0.04880823 0.04392017 0.13379633
v -0.04621377 0.04525517 -0.14113867
v 0.01604723 0.04288217 0.14863533
v -0.07837377 0.04513817 -0.13303667
v 0.05427023 0.04369317 0.11815633
v 0.03167123 0.04378317 -0.04725667
v 0.03167123 0.04378317 -0.04725667
v 0.05980123 0.04300317 0.11204933
v 0.04624323 0.04369017 0.01655333
v 0.04756823 0.04338117 -0.12927067
v 0.05954523 0.04306117 0.12487033
v 0.03358923 0.04365317 -0.09798967
v 0.05043323 0.04354717 0.03860333
v 0.03826023 0.04378417 -0.01902567
v 0.04637723 0.04352917 -0.12221967
v 0.04900223 0.04341717 -0.11442867
v 0.03555423 0.04350517 -0.16149967
v 0.02592523 0.04516817 -0.01584067
v 0.02620923 0.04451617 -0.10277867
v -0.09569277 0.04733517 -0.07999167
v 0.03437923 0.04433917 0.14387933
v 0.03437923 0.04433917 0.14387933
v 0.00139923 0.04560217 -0.15243367
v 0.00821123 0.04662417 -0.15458167
v 0.01518223 0.04469417 -0.15573067
v 0.04016623 0.04474717 -0.15710067
v -0.07552477 0.04271117 -0.13413967
v 0.03072123 0.04539417 -0.12726767
v -0.03593777 0.04502717 -0.14319667
v -0.03593777 0.04502717 -0.14319667
v 0.02759023 0.04463917 0.14566133
v 0.02759023 0.04463917 0.14566133
v -0.07509077 0.04182417 0.00082333
v -0.05829577 0.04116017 -0.13735767
v -0.05829577 0.04116017 -0.13735767
v -0.10533477 0.04627317 -0.11903967
v -0.10462277 0.04790817 -0.11610367
v -0.00538177 0.04782617 0.15415533
v -0.05611577 0.04797217 0.07484133
v 0.04597323 0.04378917 -0.14180167
v 0.05007223 0.04413917 0.12947933
v 0.02997423 0.04370917 -0.08437767
v 0.03826323 0.04445217 0.14172533
v 0.03826323 0.04445217 0.14172533
v 0.04423523 0.04462517 0.05711133
v 0.04072323 0.04441117 0.02485233
v 0.02855423 0.04381117 -0.06938067
v 0.03495123 0.04433517 -0.00676967
v 0.05464723 0.04361717 0.09793933
v 0.03681123 0.04362417 -0.03137067
v 0.04408923 0.04505517 0.11683033
v 0.04226123 0.04380117 0.00155333
v -0.06305477 0.04775817 0.04620733
v -0.09839877 0.04584117 -0.09037267
v 0.01967323 0.04524417 -0.04338067
v 0.01459323 0.04607217 -0.03306667
v -0.09031377 0.04541617 -0.05806967
v 0.03616223 0.04567917 0.13619133
v 0.03616223 0.04567917 0.13619133
v 0.04137223 0.04517117 0.07949733
v 0.03311423 0.04556817 -0.16049067
v -0.04254377 0.04733017 0.13215633
v 0.03625623 0.04587117 -0.16056567
v -0.06333777 0.04598217 -0.13609967
v -0.08391177 0.04590617 -0.03371167
v -0.03414177 0.05025417 0.15844333
v 0.01482923 0.04554017 -0.09898867
v 0.04629323 0.04463417 0.10448533
v 0.03682623 0.04524217 0.04525933
v 0.03509323 0.04530117 -0.13725967
v 0.03210823 0.04614417 0.06714433
v 0.01314223 0.04537717 -0.07416567
v 0.02483023 0.04495317 -0.03112367
v 0.01363823 0.04544517 -0.08564267
v 0.03714823 0.04601917 -0.15842567
v 0.03750123 0.04548217 -0.14743367
v 0.01463223 0.04594817 0.14849433
v 0.00994023 0.04594317 0.14999333
v 0.00119323 0.04670117 -0.08929767
v 0.02897223 0.04628417 -0.14632767
v 0.00956323 0.04637017 -0.04814467
v 0.00956323 0.04637017 -0.04814467
v 0.02786623 0.04698917 0.13674033
v 0.01581823 0.04640817 -0.01350067
v -0.05998777 0.04940817 0.05725133
v -0.07218677 0.04360617 0.01151233
v -0.05258377 0.04630817 0.08952633
v 0.02487423 0.04695717 -0.15349767
v -0.00371377 0.04534117 -0.15166667
v -0.08239277 0.05325417 -0.03144667
v -0.10356677 0.04419617 -0.10995567
v -0.02012877 0.04305517 0.15851533
v 0.02173123 0.04555617 -0.11310467
v 0.01795623 0.04501617 -0.05677567
v 0.01795623 0.04501617 -0.05677567
v 0.01795623 0.04501617 -0.05677567
v 0.02672523 0.04579817 0.14502733
v 0.02672523 0.04579817 0.14502733
v 0.00884423 0.04609517 -0.06414367
v 0.00884423 0.04609517 -0.06414367
v 0.03193923 0.04562917 0.03061133
v 0.02575123 0.04715417 0.08236733
v 0.03800823 0.04571517 0.10106933
v 0.02865723 0.04546017 0.00400033
v 0.03566523 0.04612617 0.11990133
v 0.03566523 0.04612617 0.11990133
v 0.03329223 0.04603017 -0.15666767
v 0.03158123 0.04533817 0.01514533
v -0.02635577 0.04729317 0.16011333
v -0.01512777 0.04756517 -0.14825367
v 0.01014423 0.04716117 -0.01740967
v -0.07076577 0.04612517 0.01558333
v -0.10441077 0.04537917 -0.12565267
v 0.01040323 0.04698617 -0.11754167
v -0.00814777 0.04711517 -0.15024067
v 0.00900823 0.04760317 0.14979033
v 0.03040123 0.04739817 -0.15817967
v 0.01239623 0.04726617 -0.00572267
v 0.01587023 0.04756017 -0.15485467
v 0.02290623 0.04711317 0.14317433
v 0.02285523 0.04793217 -0.15765867
v -0.03841177 0.04522017 0.14898833
v -0.03841177 0.04522017 0.14898833
v -0.03129077 0.04642817 0.16104433
v -0.07750477 0.04521217 -0.00947267
v -0.05076377 0.05070017 0.09366633
v -0.05076377 0.05070017 0.09366633
v 0.01297023 0.04656017 -0.02531367
v 0.01946223 0.04711617 0.03013433
v 0.01815723 0.04720817 -0.15309067
v 0.00257123 0.04671617 -0.08291767
v 0.00257123 0.04671617 -0.08291767
v 0.01951923 0.04723117 -0.14294967
v 0.03100323 0.04682817 -0.15952067
v 0.02739523 0.04730517 0.12594933
v 0.02739523 0.04730517 0.12594933
v 0.02637223 0.04723617 -0.15769267
v 0.00273623 0.04710117 -0.04856667
v 0.02132223 0.04657017 -0.13080267
v -0.00394277 0.04760817 -0.07468867
v 0.02648423 0.04711217 0.09923433
v 0.00131923 0.04670817 -0.07567367
v 0.00131923 0.04670817 -0.07567367
v 0.03583923 0.04608417 0.13088633
v 0.03583923 0.04608417 0.13088633
v 0.00101123 0.04716817 -0.06118167
v 0.00604823 0.04728717 -0.03555667
v 0.00604823 0.04728717 -0.03555667
v 0.00255723 0.04691517 -0.10355067
v 0.02384223 0.04716717 0.06576833
v -0.10578877 0.04995117 -0.12322367
v -0.10116377 0.04787917 -0.12688167
v -0.00688777 0.04804517 -0.08371667
v -0.04510077 0.04574817 0.12250533
v 0.00182223 0.04808617 -0.15159967
v 0.02502223 0.04801717 -0.15625567
v -0.05331077 0.04799917 -0.13930167
v -0.05331077 0.04799917 -0.13930167
v -0.01287977 0.04853117 0.15654633
v 0.00059923 0.04801917 0.15257733
v -0.02880077 0.04653717 -0.14514167
v -0.03285477 0.04741917 0.16049333
v -0.08050477 0.04629217 -0.02087667
v -0.07635777 0.04971217 -0.00763467
v -0.07399177 0.04946317 0.00221633
v 0.00074523 0.04773217 -0.03866867
v 0.00074523 0.04773217 -0.03866867
v -0.00961577 0.04868417 -0.10384167
v -0.00961577 0.04868417 -0.10384167
v 0.00622423 0.04776917 -0.15086067
v 0.00668623 0.04772117 -0.15273867
v -0.00659877 0.04780517 -0.09083767
v -0.00659877 0.04780517 -0.09083767
v 0.01473323 0.04741417 0.14651033
v 0.00171523 0.04765917 -0.11352567
v 0.01481223 0.04739917 -0.12983867
v 0.01425623 0.04805617 -0.15333467
v 0.00849423 0.04873617 0.04171933
v 0.02280923 0.04691317 0.04637133
v 0.02165923 0.04853017 -0.15643767
v 0.01695823 0.04824817 0.09836433
v 0.01291123 0.04756317 0.01890533
v 0.02209623 0.04776517 0.11267733
v 0.01539223 0.04710617 0.00946633
v 0.01335823 0.04893317 0.11690833
v 0.01335823 0.04893317 0.11690833
v -0.00330577 0.04948617 0.15224933
v 0.01487223 0.04866717 0.13966833
v -0.00487677 0.04955317 -0.15014067
v 0.00506323 0.04888617 0.02424733
v -0.09284577 0.05036417 -0.12910567
v 0.01664923 0.04856117 0.13033233
v 0.01664923 0.04856117 0.13033233
v -0.02551077 0.04845417 -0.14546967
v -0.04648777 0.04674217 0.11447033
v -0.03259877 0.05131117 0.15947433
v -0.07235977 0.05136617 -0.13348367
v -0.04784377 0.04942617 -0.14029867
v -0.01586177 0.04943917 -0.09312567
v -0.01068577 0.04963217 -0.03270967
v -0.01068577 0.04963217 -0.03270967
v 0.00453123 0.04848217 -0.12783167
v 0.01079623 0.04903717 0.09089933
v -0.00063377 0.04839717 -0.02496667
v -0.01002277 0.04892117 -0.04839867
v 0.00164223 0.04865217 0.00297133
v 0.01191023 0.04772917 -0.15019267
v 0.00167323 0.04852617 -0.00965467
v 0.01270023 0.04860217 0.06453833
v 0.00221723 0.04903317 0.15103733
v 0.00498623 0.04903817 -0.14700467
v -0.00289277 0.04963917 -0.14739167
v -0.00862077 0.05001817 -0.00338367
v -0.01979677 0.04961217 -0.14722967
v -0.01251577 0.04966817 -0.14823667
v -0.09803277 0.05207517 -0.09239167
v -0.01481577 0.05034417 0.15582033
v -0.04861877 0.05040017 0.10261933
v -0.00908177 0.05042617 0.01914233
v -0.08676277 0.05115117 -0.04801667
v -0.01547977 0.05020117 -0.11267867
v -0.00541177 0.05052417 -0.14894167
v -0.00852477 0.05001117 0.15482233
v -0.08802577 0.04739317 -0.13007467
v -0.06817177 0.04767917 0.02566133
v -0.06817177 0.04767917 0.02566133
v -0.03436677 0.05104717 -0.14324767
v -0.03436677 0.05104717 -0.14324767
v -0.02247677 0.05035617 0.15835833
v -0.10301877 0.05005617 -0.10975967
v -0.06498677 0.05043917 0.03662733
v -0.05327777 0.05111917 0.08484033
v -0.05327777 0.05111917 0.08484033
v -0.00426877 0.04894417 -0.11800467
v 0.00094723 0.04948917 -0.14176667
v -0.00089577 0.05042317 0.06726033
v -0.00051177 0.04961517 -0.14555567
v -0.00970677 0.04976417 -0.02164767
v -0.00627277 0.04978817 0.00812633
v -0.01185477 0.04900317 -0.07222767
v 0.00223023 0.04931317 0.03317233
v -0.10077677 0.04837117 -0.10130567
v -0.02679177 0.05173517 -0.14512567
v -0.10487677 0.05219417 -0.12088167
v -0.03006377 0.05132217 0.16007733
v -0.01135777 0.05067817 -0.14699867
v -0.03528877 0.05212917 0.15500233
v -0.05393477 0.05232517 0.07962233
v -0.05393477 0.05232517 0.07962233
v -0.09095177 0.05049117 -0.06409367
v -0.06143877 0.05086917 0.05167233
v -0.05849077 0.04993417 -0.13718267
v -0.07927177 0.05194417 -0.01948767
v -0.01127577 0.05055117 -0.12468667
v -0.00739577 0.04981717 -0.14891067
v -0.00820277 0.05044317 -0.14551967
v -0.01561077 0.05153117 0.02255833
v -0.01498277 0.05071217 -0.01131567
v -0.01919577 0.05021717 -0.05533967
v 0.00137023 0.05022017 0.11580033
v -0.02054077 0.05020517 -0.08164167
v -0.00054077 0.05074017 0.13076033
v -0.00054077 0.05074017 0.13076033
v 0.00711823 0.04972117 0.13210233
v 0.00711823 0.04972117 0.13210233
v -0.01973077 0.05046717 -0.04148167
v 0.00108123 0.05009117 0.08288733
v -0.02177877 0.05062617 -0.07035767
v -0.01292477 0.05073117 0.00514433
v 0.00113023 0.05005317 0.05685433
v -0.00691477 0.05072317 0.03745533
v -0.02212277 0.05087317 -0.10423367
v -0.02212277 0.05087317 -0.10423367
v -0.10441677 0.05270017 -0.12360567
v -0.07204277 0.05143617 0.00954133
v -0.10001277 0.05229117 -0.12700967
v -0.03909377 0.05215717 0.14171933
v -0.07868177 0.05120117 -0.13256867
v -0.02201977 0.05202617 0.00571233
v -0.04541677 0.05154117 0.11538033
v -0.00417077 0.05090617 0.14724433
v -0.04380777 0.05021717 0.12350333
v -0.04191277 0.05311917 0.12903933
v -0.02924877 0.05161817 -0.07493867
v -0.01725977 0.05173517 -0.14696367
v -0.00738977 0.05059417 -0.13902567
v -0.02045577 0.05108917 -0.02966567
v -0.02045577 0.05108917 -0.02966567
v -0.00999177 0.05137717 0.05243333
v -0.01704177 0.05161517 -0.14304567
v -0.01571077 0.05198117 -0.14561667
v -0.00982977 0.05153217 0.08028333
v -0.01722277 0.05182617 -0.13389267
v -0.00198477 0.05056917 0.09659733
v -0.00469177 0.05128717 0.14242233
v -0.01085977 0.05175817 0.10660733
v -0.01001577 0.05073917 -0.13198767
v -0.00898177 0.05087517 0.15335633
v -0.04130577 0.05367217 -0.14121167
v -0.04130577 0.05367217 -0.14121167
v -0.04308377 0.05329017 0.12021733
v -0.04589977 0.05303017 0.11149233
v -0.10270877 0.05499017 -0.11278567
v -0.03347577 0.05334617 0.15649633
v -0.08501977 0.05695417 -0.04538367
v -0.02836177 0.05312317 0.15833733
v -0.03504777 0.05320717 -0.14248667
v -0.03504777 0.05320717 -0.14248667
v -0.09544677 0.05302417 -0.08233167
v -0.03763477 0.05261817 0.14786433
v -0.03763477 0.05261817 0.14786433
v -0.05553377 0.05414017 -0.13842667
v -0.05553377 0.05414017 -0.13842667
v -0.05750877 0.05215817 0.06623533
v -0.05750877 0.05215817 0.06623533
v -0.03283977 0.05236417 -0.05983167
v -0.03419777 0.05266917 -0.04892667
v -0.02932677 0.05259817 -0.11280967
v -0.02932677 0.05259817 -0.11280967
v -0.02089177 0.05267217 0.15326733
v -0.02096577 0.05192517 -0.14237467
v -0.03398677 0.05272117 -0.10111567
v -0.02021477 0.05253817 0.04092733
v -0.01834477 0.05126717 -0.11984467
v -0.01292277 0.05227617 0.13702133
v -0.01292277 0.05227617 0.13702133
v -0.02215177 0.05158917 0.15692133
v -0.03207277 0.05213417 -0.08563367
v -0.01251377 0.05212617 0.12522733
v -0.01513977 0.05230817 0.07702333
v -0.01711677 0.05249517 0.09396233
v -0.03093077 0.05286417 0.15898033
v -0.06138377 0.05396817 0.04863333
v -0.06138377 0.05396817 0.04863333
v -0.09963477 0.05660517 -0.12731767
v -0.05957577 0.05504517 0.05529733
v -0.05957577 0.05504517 0.05529733
v -0.05159777 0.05368517 0.08886633
v -0.10250877 0.05747517 -0.12618367
v -0.09865177 0.05617117 -0.09730467
v -0.02686677 0.05357817 -0.14426267
v -0.05102977 0.05459817 -0.13914867
v -0.05102977 0.05459817 -0.13914867
v -0.05102977 0.05459817 -0.13914867
v -0.02214777 0.05202117 0.01283433
v -0.02493477 0.05252317 -0.12566967
v -0.03041777 0.05367217 0.02577333
v -0.02020377 0.05297517 0.11328733
v -0.02585877 0.05278717 -0.14127067
v -0.02225177 0.05259617 0.02699933
v -0.02802977 0.05220017 -0.02814967
v -0.02802977 0.05220017 -0.02814967
v -0.01531477 0.05227417 0.05999733
v -0.02999377 0.05262317 -0.01470067
v -0.02999377 0.05262317 -0.01470067
v -0.02584077 0.05343117 0.05592433
v -0.03278877 0.05339517 -0.11703767
v -0.03278877 0.05339517 -0.11703767
v -0.03010677 0.05306617 0.00904233
v -0.03626877 0.05461517 -0.14079967
v -0.04642777 0.05391517 0.10548633
v -0.08979677 0.05546617 -0.06437367
v -0.03174577 0.05415317 -0.14242767
v -0.08939777 0.05283217 -0.05762767
v -0.05345877 0.05488817 0.07462633
v -0.06733777 0.05554317 0.02513833
v -0.06733777 0.05554317 0.02513833
v -0.06412277 0.05482617 0.03670033
v -0.06412277 0.05482617 0.03670033
v -0.02944477 0.05414817 0.15631733
v -0.03585077 0.05400017 0.15034033
v -0.03585077 0.05400017 0.15034033
v -0.05782777 0.05399617 0.06233033
v -0.05782777 0.05399617 0.06233033
v -0.07624177 0.05352117 -0.01016267
v -0.08169477 0.05493717 -0.13101767
v -0.04245577 0.05447717 0.11756433
v -0.07523577 0.05474917 -0.13265767
v -0.05115277 0.05512217 0.08349133
v -0.04167877 0.05387517 0.12559333
v -0.08308377 0.05451417 -0.03609367
v -0.04022577 0.05403117 0.13224833
v -0.03525777 0.05436917 -0.13803867
v -0.02918377 0.05405417 -0.14205467
v -0.02731677 0.05253217 -0.00357667
v -0.03843877 0.05361317 0.14179333
v -0.02480777 0.05345017 0.07751133
v -0.02216977 0.05337317 0.14874833
v -0.04624977 0.05432617 -0.07129767
v -0.02690877 0.05381317 0.12953533
v -0.02690877 0.05381317 0.12953533
v -0.02655077 0.05401217 0.14475533
v -0.02655077 0.05401217 0.14475533
v -0.03336677 0.05388817 -0.13271767
v -0.02288277 0.05335017 -0.14495267
v -0.04552577 0.05437817 -0.09018467
v -0.02879977 0.05405417 0.09125233
v -0.03379877 0.05461717 0.10822233
v -0.02700477 0.05376717 0.10288733
v -0.03502177 0.05472017 0.12053933
v -0.03502177 0.05472017 0.12053933
v -0.03545677 0.05406617 0.01609833
v -0.07069777 0.05509317 0.01250033
v -0.05460277 0.05565817 0.06835033
v -0.09485577 0.05381517 -0.12780267
v -0.06545177 0.05497717 0.03306933
v -0.06545177 0.05497717 0.03306933
v -0.06545177 0.05497717 0.03306933
v -0.08035877 0.05407617 -0.02586667
v -0.04158477 0.05527017 -0.13805767
v -0.06232277 0.05555017 0.04188833
v -0.06232277 0.05555017 0.04188833
v -0.08352377 0.05637517 -0.04046467
v -0.06834877 0.05583917 -0.13427467
v -0.07372877 0.05419417 0.00151533
v -0.03035877 0.05414917 0.06746933
v -0.03627777 0.05442617 0.14149133
v -0.04278177 0.05441217 -0.10904867
v -0.03761977 0.05412717 -0.11604067
v -0.03761977 0.05412717 -0.11604067
v -0.04842177 0.05515517 -0.02718767
v -0.04030477 0.05532217 0.06430533
v -0.03332677 0.05420917 0.04041733
v -0.04928277 0.05396117 0.09411633
v -0.04914677 0.05590017 0.01048233
v -0.05279977 0.05562317 -0.05100667
v -0.03327377 0.05455417 0.13960533
v -0.03327377 0.05455417 0.13960533
v -0.03097477 0.05474017 0.15329433
v -0.03362677 0.05436217 0.15394433
v -0.03362677 0.05436217 0.15394433
v -0.04345677 0.05411617 -0.05207267
v -0.03907477 0.05405317 -0.01298367
v -0.03907477 0.05405317 -0.01298367
v -0.04189677 0.05473817 -0.13536567
v -0.04287477 0.05496317 -0.12692067
v -0.04287477 0.05496317 -0.12692067
v -0.03346977 0.05487517 0.14677333
v -0.03346977 0.05487517 0.14677333
v -0.03477277 0.05485217 0.14904633
v -0.03477277 0.05485217 0.14904633
v -0.04552277 0.05512717 -0.00096767
v -0.04552277 0.05512717 -0.00096767
v -0.04051277 0.05543017 0.10982233
v -0.03943377 0.05486117 0.12775133
v -0.05017377 0.05578217 -0.11846167
v -0.05017377 0.05578217 -0.11846167
v -0.05902477 0.05653217 0.04810433
v -0.10379777 0.05603717 -0.12000567
v -0.07339177 0.05688717 -0.00283467
v -0.06227777 0.05526417 -0.13554767
v -0.05894077 0.05620817 0.05511133
v -0.05894077 0.05620817 0.05511133
v -0.07815377 0.05656217 -0.02295367
v -0.05667677 0.05592517 -0.13706167
v -0.09962777 0.05639117 -0.10306467
v -0.05295577 0.05526517 -0.13774067
v -0.05295577 0.05526517 -0.13774067
v -0.08774177 0.05509817 -0.05359767
v -0.08906577 0.05604417 -0.12910467
v -0.08549277 0.05690817 -0.04917367
v -0.07160577 0.05670417 0.00710633
v -0.04954477 0.05683617 -0.13800467
v -0.05455677 0.05692317 0.05335333
v -0.04072977 0.05507717 0.11592333
v -0.03934377 0.05531517 0.09711133
v -0.05095977 0.05611117 0.07143733
v -0.04557977 0.05507717 0.10189933
v -0.05875377 0.05677417 -0.03427967
v -0.05437677 0.05589217 -0.09151667
v -0.04925277 0.05579117 0.08024233
v -0.04447777 0.05566917 -0.13913667
v -0.04250177 0.05560217 0.08072033
v -0.05035477 0.05576117 -0.01594267
v -0.04997477 0.05515517 0.08864433
v -0.04471177 0.05572117 0.04270333
v -0.04310977 0.05567917 0.09847733
v -0.04602377 0.05563517 0.09399933
v -0.08139777 0.05661217 -0.03192567
v -0.09589777 0.05864617 -0.08967367
v -0.05772077 0.05677917 0.05530633
v -0.04917777 0.05700717 -0.13668467
v -0.06924877 0.05695917 0.01343833
v -0.06924877 0.05695917 0.01343833
v -0.06588477 0.05747917 -0.08837767
v -0.09533977 0.05743117 -0.08595467
v -0.05957177 0.05687117 -0.13516367
v -0.06615077 0.05711217 0.02561933
v -0.06615077 0.05711217 0.02561933
v -0.06709977 0.05694717 -0.13092467
v -0.09231977 0.05738217 -0.07405267
v -0.09096577 0.05729017 -0.06874267
v -0.06273577 0.05696317 -0.13052767
v -0.05674477 0.05589017 0.06042833
v -0.05761577 0.05690217 -0.12389367
v -0.05761577 0.05690217 -0.12389367
v -0.06144477 0.05689317 -0.05433967
v -0.05374877 0.05664017 0.05781233
v -0.05442477 0.05628517 -0.10983167
v -0.06322377 0.05672417 -0.13398667
v -0.05072877 0.05634817 0.02849533
v -0.05719877 0.05615817 -0.13298667
v -0.04914977 0.05641617 0.06537033
v -0.06203277 0.05683317 0.03840733
v -0.06106877 0.05736617 -0.00938967
v -0.06106877 0.05736617 -0.00938967
v -0.04972477 0.05598017 -0.12475267
v -0.04972477 0.05598017 -0.12475267
v -0.05266577 0.05651417 0.02223033
v -0.05656577 0.05602917 -0.07400167
v -0.05116877 0.05620217 -0.13442267
v -0.05116877 0.05620217 -0.13442267
v -0.06397277 0.05804317 0.02047933
v -0.08765377 0.05774117 -0.05736167
v -0.07879977 0.05788717 -0.13043267
v -0.06686577 0.05785017 0.01059233
v -0.06686577 0.05785017 0.01059233
v -0.06601477 0.05757217 -0.07638467
v -0.07132577 0.05764217 0.00060933
v -0.06001477 0.05775617 0.02255333
v -0.07636577 0.05799517 -0.02316367
v -0.06350077 0.05762917 0.03000433
v -0.07117377 0.05722617 -0.13284767
v -0.05875777 0.05703217 0.00184333
v -0.05875777 0.05703217 0.00184333
v -0.06153377 0.05766017 0.01024933
v -0.05657477 0.05650517 -0.02201767
v -0.07515477 0.05639417 -0.01297967
v -0.06375177 0.05745717 -0.04783267
v -0.06704177 0.05806517 -0.10775667
v -0.06008777 0.05748517 0.03531033
v -0.05774377 0.05710717 0.04070733
v -0.10282877 0.05891817 -0.12546867
v -0.08043877 0.05795517 -0.03244767
v -0.08787177 0.05841317 -0.06277267
v -0.10278077 0.05924417 -0.12077867
v -0.09092177 0.05923617 -0.07400367
v -0.08399077 0.05809117 -0.12957267
v -0.08008077 0.05852617 -0.12864367
v -0.09957777 0.05915517 -0.10760367
v -0.09370877 0.05921417 -0.08455967
v -0.07724877 0.05925717 -0.13012267
v -0.09847877 0.05852517 -0.10204767
v -0.09255977 0.05868117 -0.07688967
v -0.08387577 0.05859217 -0.04828167
v -0.09251177 0.05891317 -0.12742067
v -0.09629877 0.05865317 -0.09347167
v -0.06640977 0.05786617 -0.11597967
v -0.06743977 0.05820817 0.00130633
v -0.06743977 0.05820817 0.00130633
v -0.06944677 0.05838817 -0.12192067
v -0.06559277 0.05787017 -0.02639367
v -0.07028577 0.05753017 -0.13142067
v -0.07600977 0.05876917 -0.02869967
v -0.08242277 0.05847217 -0.04201267
v -0.07168177 0.05850817 -0.04795067
v -0.06956277 0.05827817 -0.00417967
v -0.07303577 0.05807217 -0.01392167
v -0.06917677 0.05816717 0.00603433
v -0.07075177 0.05846217 -0.01353467
v -0.08906777 0.05953717 -0.06891367
v -0.08066277 0.05961517 -0.07143767
v -0.10434177 0.05799417 -0.12208667
v -0.10095977 0.05828917 -0.11204067
v -0.09716177 0.05956117 -0.09796367
v -0.07675777 0.05923117 -0.05613367
v -0.08290177 0.05883217 -0.12643567
v -0.07371677 0.05893817 -0.03235167
v -0.07550777 0.05911617 -0.07280067
v -0.07628677 0.05939117 -0.10382767
v -0.07567377 0.05876217 -0.12715967
v -0.07631777 0.05915617 -0.08630267
v -0.08570577 0.05944017 -0.06144967
v -0.08649177 0.05886017 -0.05741767
v -0.09083777 0.06074417 -0.09282667
v -0.10041877 0.06090517 -0.11859367
v -0.09807877 0.06086417 -0.12597067
v -0.09437177 0.06014417 -0.09302667
v -0.09776377 0.06004717 -0.10462167
v -0.07904477 0.05937817 -0.03957267
v -0.08659277 0.05919317 -0.12730967
v -0.08376177 0.06019317 -0.12298667
v -0.08208777 0.05970717 -0.05205767
v -0.08752777 0.06011117 -0.07854467
v -0.08033577 0.05982417 -0.11057367
v -0.09026477 0.06008617 -0.08026867
v -0.08070577 0.05976717 -0.09380867
v -0.08357577 0.05978517 -0.06409967
v -0.09368977 0.06068417 -0.12626467
v -0.09017677 0.06120917 -0.11366067
v -0.09966877 0.06077417 -0.11450467
v -0.09064477 0.06035417 -0.12466367
v -0.09461377 0.06096117 -0.10277067
v -0.08848777 0.06087617 -0.10209467
v -0.10171277 0.06207417 -0.12357467
v -0.10010577 0.06251717 -0.12326967
v -0.09457577 0.06195517 -0.11808467
v -0.09607077 0.06153617 -0.12219167
v -0.08957977 0.06167517 -0.11979067
v -0.08103577 0.06012417 -0.11691467
v -0.09925777 0.06165617 -0.11996067
v -0.09606777 0.06129817 -0.11111967
vt 0.62070500 0.25483300
vt 0.62032700 0.25420800
vt 0.62115200 0.25415000
vt 0.62117600 0.25470200
vt 0.62370300 0.25412100
vt 0.62221300 0.25308600
vt 0.62343600 0.25283000
vt 0.61984700 0.25155100
vt 0.62266700 0.25495200
vt 0.62423700 0.25507600
vt 0.62380400 0.25653500
vt 0.61970800 0.25026600
vt 0.62230600 0.25209600
vt 0.62215900 0.25710100
vt 0.62136700 0.25644300
vt 0.62068600 0.25602200
vt 0.60168600 0.25363100
vt 0.50000000 0.50000000
vt 0.61928800 0.25473100
vt 0.62287200 0.25052300
vt 0.62396600 0.24981500
vt 0.61840100 0.25071800
vt 0.62489100 0.25210900
vt 0.62121400 0.25080200
vt 0.62336900 0.24976500
vt 0.62088400 0.25800000
vt 0.62447200 0.25345900
vt 0.62108200 0.25811700
vt 0.62055200 0.24978400
vt 0.62313400 0.24861300
vt 0.62172300 0.24953400
vt 0.61603700 0.18609500
vt 0.58333300 0.18211000
vt 0.60760900 0.19495500
vt 0.58304800 0.18394000
vt 0.60751900 0.22011300
vt 0.60228800 0.21405200
vt 0.61819500 0.24879300
vt 0.58387400 0.17927700
vt 0.61830800 0.25354900
vt 0.59969200 0.24890100
vt 0.50000000 0.50000000
vt 0.58422800 0.18464200
vt 0.58712600 0.18594800
vt 0.58636100 0.18417100
vt 0.61225700 0.19111500
vt 0.60858700 0.19186200
vt 0.61005100 0.19356400
vt 0.62137300 0.25024900
vt 0.60468200 0.21333600
vt 0.58634200 0.18199800
vt 0.61427700 0.22630700
vt 0.62384300 0.25870600
vt 0.62286800 0.24701800
vt 0.59958100 0.25027500
vt 0.50000000 0.50000000
vt 0.62335000 0.24658300
vt 0.62377800 0.24856900
vt 0.60356000 0.25340600
vt 0.62622400 0.25077300
vt 0.61317700 0.22726600
vt 0.62636600 0.25169600
vt 0.62582200 0.25751300
vt 0.61223500 0.23368100
vt 0.62131700 0.25886300
vt 0.62670500 0.25350600
vt 0.62854900 0.25323300
vt 0.61222400 0.23090000
vt 0.58174600 0.18435000
vt 0.58209600 0.18501600
vt 0.61727900 0.24550300
vt 0.62155100 0.24861700
vt 0.61267900 0.23616200
vt 0.58152800 0.18114700
vt 0.61632100 0.24475600
vt 0.61107200 0.18143700
vt 0.60832900 0.19731700
vt 0.60579900 0.22096000
vt 0.61170800 0.22716900
vt 0.62096600 0.18523000
vt 0.61161100 0.21195600
vt 0.61604700 0.17990300
vt 0.61034500 0.23336600
vt 0.58572000 0.18676500
vt 0.61548500 0.18971300
vt 0.61018500 0.19800000
vt 0.59825300 0.21521900
vt 0.61573100 0.19188400
vt 0.61405200 0.19343300
vt 0.61040700 0.21755400
vt 0.61508600 0.19568600
vt 0.61599500 0.19431200
vt 0.60955700 0.21945000
vt 0.61505000 0.19720700
vt 0.61565600 0.19602800
vt 0.60270100 0.21847100
vt 0.60823700 0.20313000
vt 0.60670200 0.19260700
vt 0.61764400 0.18252900
vt 0.60923000 0.18189200
vt 0.60020500 0.20793100
vt 0.59594600 0.20428600
vt 0.61266800 0.18278900
vt 0.59393900 0.20503100
vt 0.60640600 0.19045200
vt 0.61687300 0.24851000
vt 0.60211400 0.21019100
vt 0.60456100 0.20657900
vt 0.60953800 0.19686500
vt 0.58956200 0.18629900
vt 0.61075800 0.23084800
vt 0.61522900 0.18301500
vt 0.60578200 0.20768000
vt 0.60765000 0.20050900
vt 0.61771700 0.24369100
vt 0.61861600 0.24679000
vt 0.60788900 0.21902800
vt 0.59999300 0.21394900
vt 0.60656900 0.21562600
vt 0.60370400 0.21673900
vt 0.59581700 0.18030800
vt 0.59575200 0.20624700
vt 0.60167100 0.18258200
vt 0.60559800 0.18435000
vt 0.59190000 0.17950800
vt 0.60433200 0.18610900
vt 0.60680800 0.18737900
vt 0.61017600 0.18633800
vt 0.59324900 0.18767700
vt 0.59735800 0.18832600
vt 0.60332500 0.18776500
vt 0.61083400 0.18968200
vt 0.59453900 0.18246500
vt 0.58840200 0.17981400
vt 0.59939900 0.18451400
vt 0.58983100 0.18275100
vt 0.60900400 0.18838000
vt 0.59323200 0.18482600
vt 0.59867100 0.18656100
vt 0.61782300 0.24120000
vt 0.61779900 0.25360400
vt 0.60230400 0.25632900
vt 0.50000000 0.50000000
vt 0.62372400 0.17359100
vt 0.60044200 0.25039400
vt 0.50000000 0.50000000
vt 0.60279300 0.25458200
vt 0.50000000 0.50000000
vt 0.61498200 0.23777900
vt 0.61511500 0.24279800
vt 0.57952300 0.18410900
vt 0.61449600 0.23377600
vt 0.62498300 0.17653200
vt 0.61686700 0.22546000
vt 0.62290000 0.24755100
vt 0.61918100 0.24560900
vt 0.58349000 0.18570500
vt 0.62401800 0.17246800
vt 0.60074700 0.26249200
vt 0.54741800 0.00488100
vt 0.50000000 0.50000000
vt 0.62011900 0.24583000
vt 0.62541800 0.17498200
vt 0.61135700 0.23866600
vt 0.61367500 0.23252000
vt 0.62211900 0.24674000
vt 0.62057700 0.24768100
vt 0.61658000 0.22650100
vt 0.61521100 0.24172900
vt 0.62101300 0.24874200
vt 0.62244100 0.24833200
vt 0.61505600 0.23006400
vt 0.62759700 0.17454500
vt 0.61964800 0.18604200
vt 0.61770400 0.23918300
vt 0.62273900 0.20176900
vt 0.62264800 0.24499400
vt 0.60196900 0.25109200
vt 0.61901400 0.22360100
vt 0.62181300 0.24438600
vt 0.62878900 0.17095700
vt 0.62915200 0.25287500
vt 0.62105500 0.20814900
vt 0.61045900 0.23981000
vt 0.61366600 0.24196200
vt 0.61760200 0.25432100
vt 0.62185100 0.17753700
vt 0.62795900 0.25563900
vt 0.62711700 0.17362700
vt 0.61971400 0.25699400
vt 0.61223700 0.24612800
vt 0.61029800 0.22562900
vt 0.59867700 0.21382300
vt 0.61238600 0.19793800
vt 0.59936100 0.21632300
vt 0.62332600 0.18302400
vt 0.62278900 0.18424000
vt 0.60184500 0.21936600
vt 0.61034800 0.20098700
vt 0.60825100 0.22170600
vt 0.62086500 0.20310700
vt 0.61717900 0.25483900
vt 0.62645700 0.17774600
vt 0.61607600 0.23624700
vt 0.61723300 0.22867500
vt 0.60559000 0.19538300
vt 0.60027800 0.26389100
vt 0.50000000 0.50000000
vt 0.61286600 0.24858800
vt 0.50000000 0.50000000
vt 0.42668900 0.94647300
vt 0.62386000 0.17161200
vt 0.62663600 0.17127800
vt 0.60951400 0.22927800
vt 0.61480900 0.25232900
vt 0.59948900 0.20941200
vt 0.62006400 0.17792600
vt 0.59187200 0.20388700
vt 0.59658200 0.20844000
vt 0.61839100 0.18982900
vt 0.57939200 0.18028300
vt 0.60342800 0.17802600
vt 0.60447700 0.18105200
vt 0.59581100 0.21516600
vt 0.60828100 0.23308800
vt 0.60004700 0.21780700
vt 0.61347100 0.24712700
vt 0.61745900 0.19383800
vt 0.60479400 0.22299600
vt 0.61027900 0.26621900
vt 0.50000000 0.50000000
vt 0.42804800 0.94604000
vt 0.61080600 0.23723300
vt 0.61547900 0.24768700
vt 0.62007200 0.18339500
vt 0.61694800 0.17757000
vt 0.59591800 0.20335000
vt 0.60783800 0.18034000
vt 0.60996100 0.23484800
vt 0.61144000 0.23637300
vt 0.61700900 0.19563500
vt 0.59820400 0.20314100
vt 0.60808200 0.22521300
vt 0.60092200 0.20496900
vt 0.60563900 0.18914000
vt 0.61167600 0.26649100
vt 0.50000000 0.50000000
vt 0.60183600 0.20144300
vt 0.61534900 0.19782200
vt 0.60554600 0.19947000
vt 0.61223000 0.21688300
vt 0.60544600 0.20261100
vt 0.61587000 0.25303600
vt 0.62692200 0.17240100
vt 0.59930800 0.17841800
vt 0.61306900 0.24780000
vt 0.61473500 0.24921600
vt 0.60722900 0.22352200
vt 0.61220700 0.19682100
vt 0.60836500 0.18300400
vt 0.61463700 0.19463900
vt 0.62333900 0.25981100
vt 0.61182300 0.24080900
vt 0.62512200 0.24824500
vt 0.42632800 0.98386900
vt 0.62201200 0.17463300
vt 0.60915700 0.22673900
vt 0.61497300 0.24463800
vt 0.61699400 0.25517000
vt 0.57956600 0.18614100
vt 0.56945500 0.17223800
vt 0.61809000 0.25648700
vt 0.60301600 0.25892900
vt 0.50000000 0.50000000
vt 0.62148700 0.20535900
vt 0.62039100 0.23712000
vt 0.62951400 0.17190900
vt 0.60614500 0.25452800
vt 0.62267100 0.17225600
vt 0.61623000 0.23267400
vt 0.50000000 0.50000000
vt 0.42582800 0.94702000
vt 0.59739200 0.21743800
vt 0.62146800 0.25981300
vt 0.61799400 0.22104800
vt 0.59383800 0.21622500
vt 0.61882300 0.24307900
vt 0.61115700 0.21977000
vt 0.61558200 0.17726500
vt 0.60509700 0.22616600
vt 0.61796800 0.26277800
vt 0.61124400 0.22060800
vt 0.60810900 0.20590400
vt 0.62504800 0.19065300
vt 0.61008300 0.20810500
vt 0.62054100 0.20577800
vt 0.61130100 0.22207300
vt 0.61955200 0.20927300
vt 0.62565500 0.17820700
vt 0.62187100 0.19996900
vt 0.61447700 0.22322400
vt 0.62128200 0.18814400
vt 0.61299600 0.21858500
vt 0.61570100 0.21971500
vt 0.61002400 0.22382600
vt 0.61633900 0.22380800
vt 0.61316300 0.22500700
vt 0.60365800 0.22977100
vt 0.56851800 0.17199600
vt 0.08294400 0.09252300
vt 0.50000000 0.50000000
vt 0.61991800 0.25823200
vt 0.60007400 0.21918300
vt 0.60692200 0.22766200
vt 0.61296000 0.19895900
vt 0.56882500 0.17318800
vt 0.63367700 0.15816100
vt 0.60046100 0.21969000
vt 0.60715100 0.22880000
vt 0.61544200 0.25495400
vt 0.61307300 0.17867600
vt 0.60342500 0.25114800
vt 0.61713600 0.25832500
vt 0.42701200 0.98273900
vt 0.61955500 0.23992500
vt 0.62617000 0.26072600
vt 0.63421400 0.16166100
vt 0.61129700 0.24420400
vt 0.63239300 0.16042000
vt 0.62079100 0.22598200
vt 0.62264700 0.26235200
vt 0.62813400 0.17733200
vt 0.62580400 0.18322800
vt 0.60201900 0.25849600
vt 0.50000000 0.50000000
vt 0.62903300 0.17890100
vt 0.61623600 0.17224700
vt 0.62163100 0.24283700
vt 0.61916000 0.26012300
vt 0.61899100 0.24151100
vt 0.62571800 0.18513000
vt 0.09042600 0.05573800
vt 0.50000000 0.50000000
vt 0.60504000 0.25204000
vt 0.63167800 0.16351500
vt 0.62014900 0.26295500
vt 0.62107900 0.26283400
vt 0.58448600 0.18872200
vt 0.61597800 0.25614100
vt 0.59538800 0.21666900
vt 0.63355800 0.16482500
vt 0.60223700 0.24858100
vt 0.62182300 0.18039700
vt 0.60579700 0.22832000
vt 0.61529600 0.25717800
vt 0.60166900 0.22204200
vt 0.62329000 0.18867800
vt 0.61596200 0.25694100
vt 0.62521600 0.18885700
vt 0.63504600 0.15643200
vt 0.61804700 0.20786800
vt 0.63406400 0.15168600
vt 0.62659000 0.19040800
vt 0.42521800 0.98352500
vt 0.60328500 0.23131300
vt 0.06850700 0.04483600
vt 0.62557200 0.19273600
vt 0.42614500 0.94753300
vt 0.61381100 0.21360700
vt 0.62082800 0.17926900
vt 0.61859100 0.19473600
vt 0.61631200 0.19711200
vt 0.61840100 0.23429800
vt 0.61730500 0.16902500
vt 0.62499700 0.20002700
vt 0.07084300 0.04536300
vt 0.62077800 0.26160800
vt 0.61080900 0.24188400
vt 0.61328300 0.24462500
vt 0.63276900 0.15900000
vt 0.61303400 0.24315600
vt 0.61593800 0.21668600
vt 0.62437700 0.18681700
vt 0.61716200 0.26187000
vt 0.61663000 0.21245600
vt 0.61661600 0.20986500
vt 0.63489900 0.15231200
vt 0.61821000 0.26157800
vt 0.63305500 0.16446100
vt 0.63392900 0.15436000
vt 0.57008600 0.17152900
vt 0.60114600 0.26401600
vt 0.54627200 0.00382100
vt 0.50000000 0.50000000
vt 0.01195700 0.55373500
vt 0.98734600 0.34242900
vt 0.59585300 0.21393400
vt 0.63271700 0.15761300
vt 0.60260100 0.22880600
vt 0.42796900 0.94711600
vt 0.01260800 0.55200900
vt 0.98872800 0.34324600
vt 0.60375100 0.22528100
vt 0.59896400 0.20996700
vt 0.61800800 0.17002700
vt 0.42960700 0.94694200
vt 0.61180000 0.26744300
vt 0.01064000 0.55201700
vt 0.59854900 0.20108100
vt 0.98649100 0.34222900
vt 0.01047100 0.55437100
vt 0.61927600 0.20115200
vt 0.57044000 0.17316500
vt 0.58929700 0.18932900
vt 0.59854100 0.16865000
vt 0.56969000 0.17402900
vt 0.60753600 0.17813900
vt 0.60168800 0.19874400
vt 0.00908500 0.55228900
vt 0.98555200 0.34502500
vt 0.60423600 0.19239200
vt 0.59355500 0.21390100
vt 0.60330700 0.19394900
vt 0.60420400 0.19676000
vt 0.59052000 0.17725600
vt 0.59387500 0.20879000
vt 0.59323700 0.17786600
vt 0.59678800 0.17762000
vt 0.59923200 0.17622500
vt 0.60084300 0.17519700
vt 0.59259800 0.21088900
vt 0.57704300 0.18019500
vt 0.58070000 0.17872800
vt 0.01065800 0.55308900
vt 0.60812400 0.23043600
vt 0.59948600 0.16991300
vt 0.60787100 0.23453700
vt 0.59183100 0.21070900
vt 0.60953400 0.23831300
vt 0.61040200 0.23589600
vt 0.59312400 0.19064200
vt 0.58996600 0.20522000
vt 0.59549900 0.19102400
vt 0.58118900 0.17632900
vt 0.60133100 0.19092300
vt 0.60799300 0.18532800
vt 0.59369000 0.20730000
vt 0.59273100 0.20634200
vt 0.58620000 0.17639500
vt 0.59926900 0.18932600
vt 0.07199000 0.04501900
vt 0.61304300 0.20224400
vt 0.63338300 0.15164400
vt 0.62075500 0.22950500
vt 0.61993200 0.23157200
vt 0.61993500 0.26404200
vt 0.50000000 0.50000000
vt 0.10858500 0.05140300
vt 0.61295400 0.20471100
vt 0.61853000 0.16303300
vt 0.19379000 0.22366400
vt 0.42726600 0.94705600
vt 0.61986200 0.17575600
vt 0.61468700 0.20578100
vt 0.62789500 0.24964500
vt 0.62238800 0.23756100
vt 0.60323600 0.24907800
vt 0.59714900 0.21294200
vt 0.61734100 0.25706600
vt 0.62308400 0.17917700
vt 0.61860200 0.26078100
vt 0.61662100 0.21425200
vt 0.59703000 0.21370600
vt 0.62036300 0.19165400
vt 0.63155300 0.16553700
vt 0.62566300 0.18203500
vt 0.63197700 0.25436300
vt 0.15606400 0.20032200
vt 0.08182900 0.09176100
vt 0.50000000 0.50000000
vt 0.61803200 0.21489500
vt 0.56784900 0.17429600
vt 0.62069800 0.19516200
vt 0.61884300 0.17481800
vt 0.42510900 0.94849200
vt 0.61005100 0.26328800
vt 0.50000000 0.50000000
vt 0.42584900 0.94877600
vt 0.59891400 0.21773500
vt 0.61184100 0.26174800
vt 0.50000000 0.50000000
vt 0.62370600 0.18021400
vt 0.60643100 0.23499300
vt 0.63588800 0.15063500
vt 0.60291000 0.24139400
vt 0.63157900 0.25290300
vt 0.61708200 0.26399700
vt 0.61605300 0.16996700
vt 0.60336600 0.22310700
vt 0.61998800 0.25955300
vt 0.62814000 0.17525100
vt 0.60251400 0.26089900
vt 0.54750300 0.00655600
vt 0.62166300 0.16702200
vt 0.60987700 0.24381300
vt 0.16027900 0.19752500
vt 0.50000000 0.50000000
vt 0.62952100 0.17682800
vt 0.42627200 0.98396100
vt 0.57761600 0.18336600
vt 0.60986000 0.26174800
vt 0.50000000 0.50000000
vt 0.62326600 0.24355000
vt 0.60395500 0.25657300
vt 0.50000000 0.50000000
vt 0.61946900 0.26397900
vt 0.61896400 0.21822900
vt 0.62128500 0.24125000
vt 0.61166500 0.20274900
vt 0.61400500 0.21546900
vt 0.62005000 0.26639400
vt 0.61776000 0.26348200
vt 0.61984600 0.26512100
vt 0.60426800 0.23365900
vt 0.61896000 0.26066000
vt 0.61809100 0.26535800
vt 0.60569800 0.23064900
vt 0.61679800 0.25606800
vt 0.60625900 0.23187600
vt 0.61887300 0.16856500
vt 0.61931200 0.21161400
vt 0.60501500 0.23285300
vt 0.62058200 0.23430300
vt 0.62145700 0.21365200
vt 0.61860700 0.25833000
vt 0.61054800 0.17784000
vt 0.63439600 0.15607200
vt 0.60748300 0.23847200
vt 0.60923300 0.23978700
vt 0.61101200 0.24506200
vt 0.61650700 0.19885300
vt 0.62129800 0.26717800
vt 0.62191200 0.22145600
vt 0.01680000 0.96739800
vt 0.61587800 0.26437200
vt 0.62306500 0.23062300
vt 0.62796800 0.20469400
vt 0.62457300 0.21342500
vt 0.61579800 0.26021300
vt 0.07327300 0.04688500
vt 0.63540900 0.16074200
vt 0.61744800 0.17542600
vt 0.09390100 0.05539000
vt 0.50000000 0.50000000
vt 0.63082000 0.17922400
vt 0.62749200 0.26317000
vt 0.62043200 0.16283600
vt 0.19414300 0.22222800
vt 0.62769400 0.18061200
vt 0.62889700 0.24746000
vt 0.62147700 0.22424800
vt 0.61483100 0.20417200
vt 0.59654100 0.21314200
vt 0.63475900 0.16400300
vt 0.62289300 0.21763200
vt 0.61655400 0.26202300
vt 0.62237400 0.19103100
vt 0.62837400 0.19189500
vt 0.59633400 0.21817900
vt 0.60391600 0.23519500
vt 0.61154500 0.24749600
vt 0.60464800 0.24981800
vt 0.14739800 0.01390600
vt 0.61723800 0.20635400
vt 0.60125200 0.23503200
vt 0.62436000 0.26438200
vt 0.63141700 0.25188900
vt 0.59951100 0.22111000
vt 0.62529400 0.20276500
vt 0.06506000 0.04368800
vt 0.62626200 0.19438200
vt 0.13053300 0.02776700
vt 0.61305600 0.26421900
vt 0.50000000 0.50000000
vt 0.62521100 0.19680200
vt 0.62408600 0.20573000
vt 0.50000000 0.50000000
vt 0.15896700 0.19892500
vt 0.63097500 0.17035600
vt 0.63223900 0.17357800
vt 0.61457400 0.25476600
vt 0.61583400 0.26253000
vt 0.61251300 0.26735800
vt 0.43034100 0.94711200
vt 0.50000000 0.50000000
vt 0.42610000 0.98307300
vt 0.61491700 0.25488100
vt 0.60495600 0.25834600
vt 0.62621200 0.24251000
vt 0.58198400 0.18678400
vt 0.62598400 0.18049400
vt 0.60901200 0.26159300
vt 0.42255200 0.95235800
vt 0.62012500 0.26866200
vt 0.01569100 0.96879800
vt 0.61759000 0.26644000
vt 0.62136100 0.17133700
vt 0.14316800 0.01713600
vt 0.62434300 0.20804700
vt 0.12713100 0.02962600
vt 0.01705000 0.96819100
vt 0.61913800 0.20488100
vt 0.63012400 0.17431000
vt 0.61914700 0.16508300
vt 0.01541900 0.96833400
vt 0.62296500 0.24044400
vt 0.62885000 0.16877400
vt 0.61330300 0.25384500
vt 0.63092400 0.17261200
vt 0.32359100 0.01369900
vt 0.60451500 0.23618400
vt 0.59015300 0.19076500
vt 0.98775300 0.34367300
vt 0.60365500 0.17505400
vt 0.98918600 0.34453500
vt 0.01345500 0.55129200
vt 0.61100100 0.24873500
vt 0.60206300 0.26214000
vt 0.54521900 0.00514600
vt 0.57219300 0.16916200
vt 0.61157500 0.25128800
vt 0.59887000 0.19268200
vt 0.56798600 0.17499600
vt 0.62373400 0.19642200
vt 0.59546300 0.20988300
vt 0.60162600 0.22711800
vt 0.59777600 0.20945700
vt 0.98698800 0.34361100
vt 0.00935400 0.55374400
vt 0.59739600 0.16919200
vt 0.60081700 0.24769100
vt 0.59685800 0.16990800
vt 0.57045300 0.17514500
vt 0.60959700 0.24576200
vt 0.60060000 0.16825900
vt 0.98669300 0.34559600
vt 0.00967200 0.55195000
vt 0.58886400 0.17517600
vt 0.98599400 0.34604600
vt 0.00839300 0.55188000
vt 0.60205600 0.22330800
vt 0.08525100 0.07763100
vt 0.50000000 0.50000000
vt 0.60300400 0.19215900
vt 0.59903200 0.17406700
vt 0.59423900 0.21272600
vt 0.59221800 0.17580000
vt 0.59453200 0.17624300
vt 0.60138000 0.19538100
vt 0.59078700 0.21007600
vt 0.08400000 0.09128800
vt 0.50000000 0.50000000
vt 0.59329900 0.20290500
vt 0.57756100 0.18168900
vt 0.59428200 0.20215900
vt 0.60133400 0.23347500
vt 0.61242100 0.25109700
vt 0.61296400 0.25070200
vt 0.57290200 0.17211500
vt 0.57265400 0.17472200
vt 0.60819600 0.17610100
vt 0.60824600 0.24159000
vt 0.59835100 0.17126000
vt 0.57604600 0.17807100
vt 0.59283900 0.21687700
vt 0.18959600 0.22150200
vt 0.01913100 0.96662800
vt 0.60429300 0.23819900
vt 0.01883600 0.96844300
vt 0.62174200 0.26470800
vt 0.62054000 0.27071000
vt 0.13094000 0.02821100
vt 0.63236100 0.16784300
vt 0.62888800 0.25823100
vt 0.17349900 0.20589200
vt 0.63171900 0.17640300
vt 0.61987400 0.19925300
vt 0.06906000 0.04559700
vt 0.60412900 0.24515300
vt 0.62084400 0.16412300
vt 0.60178800 0.22948300
vt 0.01599600 0.96843000
vt 0.62405900 0.22719400
vt 0.09893900 0.05056900
vt 0.50000000 0.50000000
vt 0.62179600 0.27067900
vt 0.17233600 0.20486700
vt 0.01843000 0.96786900
vt 0.61808300 0.19762700
vt 0.60085800 0.23710700
vt 0.17824800 0.20745500
vt 0.07703500 0.04871900
vt 0.15651400 0.20155000
vt 0.50000000 0.50000000
vt 0.14796100 0.01265300
vt 0.60043000 0.23522000
vt 0.56871200 0.17065800
vt 0.62085900 0.19689600
vt 0.56918500 0.16954500
vt 0.01530600 0.96769900
vt 0.63584200 0.14883500
vt 0.63332600 0.18265600
vt 0.60016200 0.23215400
vt 0.62371600 0.19275300
vt 0.07932700 0.05079100
vt 0.62746900 0.16590800
vt 0.61624500 0.16608900
vt 0.62239800 0.26698100
vt 0.13411200 0.02595200
vt 0.63508200 0.17405600
vt 0.07990000 0.05007300
vt 0.61675200 0.20450800
vt 0.61827200 0.20300400
vt 0.60574500 0.23700600
vt 0.62464700 0.23370000
vt 0.61062700 0.24581500
vt 0.62797000 0.20701800
vt 0.62490500 0.16964400
vt 0.60212200 0.23681700
vt 0.59620000 0.21273900
vt 0.59529800 0.21231200
vt 0.61781100 0.20478100
vt 0.10421800 0.05159900
vt 0.50000000 0.50000000
vt 0.63779400 0.15117600
vt 0.08630000 0.06332900
vt 0.50000000 0.50000000
vt 0.59877000 0.21904900
vt 0.62325500 0.23329900
vt 0.32400700 0.01457700
vt 0.32505200 0.01476800
vt 0.87693500 0.36986500
vt 0.06280500 0.04196600
vt 0.59942100 0.22420600
vt 0.60020400 0.22460300
vt 0.62635600 0.21230200
vt 0.61024900 0.25842600
vt 0.57924400 0.18730700
vt 0.63755700 0.15375700
vt 0.54661000 0.00589500
vt 0.60243000 0.26182000
vt 0.61726500 0.16182400
vt 0.19232600 0.22463700
vt 0.17960000 0.20804300
vt 0.60367100 0.25950000
vt 0.50000000 0.50000000
vt 0.63233300 0.15529700
vt 0.60572500 0.25240000
vt 0.63067300 0.15784700
vt 0.19326900 0.21271500
vt 0.61295600 0.25486300
vt 0.14062000 0.01963700
vt 0.61495000 0.16992200
vt 0.61423500 0.17207400
vt 0.14520500 0.01636500
vt 0.61220500 0.17397100
vt 0.61801300 0.17234800
vt 0.62078200 0.17048000
vt 0.62012800 0.17326600
vt 0.62080800 0.17314500
vt 0.12730200 0.03007000
vt 0.19209400 0.22199600
vt 0.62987200 0.18296800
vt 0.61950100 0.26920800
vt 0.07742700 0.04566400
vt 0.61210200 0.26063400
vt 0.60577000 0.23547000
vt 0.63128500 0.16735300
vt 0.17479700 0.20783400
vt 0.61500700 0.26324000
vt 0.60216700 0.23938700
vt 0.87616500 0.36711200
vt 0.05844500 0.04132700
vt 0.60246200 0.24201900
vt 0.62541400 0.20517200
vt 0.61731400 0.19944000
vt 0.62755300 0.20015300
vt 0.62632300 0.20857400
vt 0.61643600 0.20148200
vt 0.17868200 0.21078600
vt 0.61023300 0.25987800
vt 0.50000000 0.50000000
vt 0.61406700 0.25731600
vt 0.59302400 0.21878900
vt 0.60181600 0.23273900
vt 0.13172000 0.02930100
vt 0.62815000 0.26948600
vt 0.63192000 0.17832500
vt 0.63435800 0.18750100
vt 0.62926500 0.20189700
vt 0.62843400 0.16314900
vt 0.13580600 0.02774500
vt 0.17244500 0.20296700
vt 0.61907800 0.27088200
vt 0.62641500 0.21473600
vt 0.63671100 0.15793400
vt 0.17419700 0.21037000
vt 0.19020600 0.21959700
vt 0.18484500 0.20628900
vt 0.63751900 0.14709000
vt 0.15036900 0.01213200
vt 0.01898600 0.96647300
vt 0.15876600 0.19998800
vt 0.50000000 0.50000000
vt 0.17149400 0.20960800
vt 0.62507600 0.24159700
vt 0.61843900 0.26894100
vt 0.13531300 0.02689600
vt 0.59506600 0.21967300
vt 0.11515700 0.04797800
vt 0.50000000 0.50000000
vt 0.15975500 0.19948900
vt 0.60535700 0.23915400
vt 0.62376300 0.16765500
vt 0.17655100 0.21259900
vt 0.56708700 0.16998100
vt 0.60344500 0.23453600
vt 0.63572700 0.17628000
vt 0.60387000 0.24145900
vt 0.62386600 0.22256700
vt 0.50000000 0.50000000
vt 0.42824100 0.94919300
vt 0.59678000 0.22934800
vt 0.12706600 0.02812700
vt 0.62504700 0.22913500
vt 0.56571300 0.17211900
vt 0.59674700 0.21276700
vt 0.59803000 0.21994700
vt 0.56692000 0.17550300
vt 0.63210400 0.19464600
vt 0.59938100 0.23502900
vt 0.63217700 0.24889900
vt 0.18251800 0.21222800
vt 0.59776600 0.22148200
vt 0.63066100 0.19885400
vt 0.59923100 0.23138300
vt 0.87694300 0.36405100
vt 0.50000000 0.50000000
vt 0.62933000 0.15948000
vt 0.19408900 0.21438000
vt 0.16065800 0.20373400
vt 0.11101000 0.04255300
vt 0.60725300 0.25748900
vt 0.15589200 0.20147700
vt 0.08193100 0.09023800
vt 0.08449100 0.05045700
vt 0.60332200 0.23810600
vt 0.42774400 0.98436800
vt 0.08799900 0.05466100
vt 0.50000000 0.50000000
vt 0.87848300 0.37021500
vt 0.06399300 0.04074700
vt 0.08528300 0.05240100
vt 0.60321300 0.23672000
vt 0.61552000 0.16254900
vt 0.60099700 0.23951800
vt 0.60584900 0.24534400
vt 0.16985200 0.20667100
vt 0.62204700 0.27237500
vt 0.63151400 0.15347200
vt 0.18865200 0.21208100
vt 0.13949500 0.01994800
vt 0.19219500 0.22352600
vt 0.60777200 0.25352400
vt 0.32203900 0.01297200
vt 0.17938000 0.20612900
vt 0.14731700 0.01595900
vt 0.18158300 0.20689700
vt 0.62159900 0.19693500
vt 0.01984400 0.96827400
vt 0.02396300 0.59449900
vt 0.54693500 0.00204700
vt 0.60013100 0.24663600
vt 0.59683300 0.21251300
vt 0.42693600 0.98200400
vt 0.59471900 0.21156400
vt 0.08495000 0.05386100
vt 0.63424800 0.16656200
vt 0.60295200 0.24758400
vt 0.60104600 0.23066200
vt 0.13591300 0.02509500
vt 0.17320900 0.20240600
vt 0.60185600 0.23183400
vt 0.19456500 0.21995900
vt 0.62334000 0.16248500
vt 0.63026400 0.16082000
vt 0.62536100 0.21781100
vt 0.63303800 0.18862000
vt 0.42733100 0.94809200
vt 0.19273100 0.21993000
vt 0.63649800 0.16749200
vt 0.63795300 0.14851600
vt 0.15224800 0.01020600
vt 0.16137600 0.20113500
vt 0.63484700 0.17831300
vt 0.63452100 0.16903600
vt 0.16274900 0.20019700
vt 0.12058000 0.04253600
vt 0.63654200 0.17071400
vt 0.08641400 0.06898200
vt 0.50000000 0.50000000
vt 0.60136000 0.22287100
vt 0.19111900 0.21650000
vt 0.63604400 0.16321200
vt 0.61357700 0.26081700
vt 0.63360700 0.17187400
vt 0.08210400 0.05132200
vt 0.59275000 0.22020000
vt 0.16384100 0.20166000
vt 0.12401800 0.03971200
vt 0.62847100 0.19428600
vt 0.63075400 0.19087400
vt 0.62639600 0.16190900
vt 0.19493400 0.21759100
vt 0.60275200 0.24467100
vt 0.61392800 0.25857900
vt 0.62988400 0.18861500
vt 0.60823100 0.25502800
vt 0.62631600 0.16767000
vt 0.60895300 0.25641300
vt 0.17697200 0.21154600
vt 0.63934300 0.15455900
vt 0.62209800 0.19307700
vt 0.17512400 0.20638500
vt 0.32335400 0.00997200
vt 0.61869500 0.17295100
vt 0.13822100 0.02297000
vt 0.17506800 0.20270700
vt 0.62999300 0.19616500
vt 0.62700900 0.19750100
vt 0.61255600 0.25836600
vt 0.61540700 0.26537200
vt 0.56769400 0.17604600
vt 0.04608500 0.03452600
vt 0.50000000 0.50000000
vt 0.59059200 0.21317000
vt 0.54416100 0.00479400
vt 0.57492200 0.16955500
vt 0.61052200 0.25073000
vt 0.59186700 0.21666900
vt 0.58024700 0.17352900
vt 0.08591300 0.07450000
vt 0.50000000 0.50000000
vt 0.58419900 0.17438400
vt 0.60151100 0.26388800
vt 0.54476800 0.00268800
vt 0.02200900 0.59714800
vt 0.61040600 0.17423800
vt 0.60351800 0.23579200
vt 0.58754300 0.17127000
vt 0.57649800 0.17268800
vt 0.60919300 0.24633300
vt 0.42786900 0.94815900
vt 0.59909800 0.16683200
vt 0.59769300 0.17455500
vt 0.42803300 0.94872100
vt 0.08448100 0.07983100
vt 0.59008300 0.17285600
vt 0.08418500 0.08579000
vt 0.50000000 0.50000000
vt 0.58753300 0.19267200
vt 0.60735300 0.24212700
vt 0.59517200 0.17038900
vt 0.59552600 0.20102700
vt 0.60341900 0.16731400
vt 0.58585900 0.20525700
vt 0.57071400 0.17752700
vt 0.57205900 0.17841600
vt 0.58754700 0.20747800
vt 0.59329600 0.19368700
vt 0.59002900 0.20219900
vt 0.59176900 0.20144500
vt 0.58993600 0.21156200
vt 0.50000000 0.50000000
vt 0.54705600 0.00236100
vt 0.60053200 0.26609900
vt 0.60004800 0.24690000
vt 0.59745900 0.21196000
vt 0.98732500 0.34399500
vt 0.60054600 0.22888400
vt 0.60469400 0.17245600
vt 0.60693900 0.17112700
vt 0.60035000 0.23068500
vt 0.60208200 0.19395000
vt 0.59664700 0.21050600
vt 0.58746400 0.20165300
vt 0.60309000 0.16959000
vt 0.57580200 0.17553700
vt 0.58765300 0.20353700
vt 0.58970300 0.20684700
vt 0.42476000 0.98315600
vt 0.59683800 0.22030300
vt 0.61425200 0.16568000
vt 0.15822100 0.20008100
vt 0.50000000 0.50000000
vt 0.63806400 0.16533000
vt 0.62551100 0.22004400
vt 0.60847900 0.25832200
vt 0.87557000 0.36681900
vt 0.05847300 0.04175300
vt 0.01878700 0.96764300
vt 0.63933400 0.15843700
vt 0.18354800 0.22321200
vt 0.60007000 0.24062100
vt 0.32121100 0.01397100
vt 0.42500200 0.98410600
vt 0.32520500 0.00447800
vt 0.61239100 0.25575300
vt 0.59373800 0.16921300
vt 0.62429600 0.22496300
vt 0.15909900 0.20263400
vt 0.42820100 0.98045900
vt 0.06561100 0.04187200
vt 0.60667400 0.25056100
vt 0.59933300 0.22561100
vt 0.01883500 0.96619200
vt 0.06809700 0.04118800
vt 0.87934500 0.37263700
vt 0.11316300 0.04726900
vt 0.50000000 0.50000000
vt 0.63772400 0.17226500
vt 0.16774200 0.20786500
vt 0.42923700 0.98347400
vt 0.62223400 0.27435200
vt 0.60496400 0.24205400
vt 0.57587900 0.18483200
vt 0.10776700 0.04426900
vt 0.60869900 0.25345600
vt 0.06696800 0.04559600
vt 0.62649100 0.22489200
vt 0.32410300 0.01213800
vt 0.56542200 0.17342400
vt 0.60610700 0.24336400
vt 0.02671800 0.59562200
vt 0.59731300 0.24194400
vt 0.08666900 0.05973600
vt 0.50000000 0.50000000
vt 0.09103200 0.05373400
vt 0.16743700 0.20376300
vt 0.13051900 0.03465900
vt 0.07121700 0.04257600
vt 0.56633000 0.17486400
vt 0.13449900 0.02316500
vt 0.61394900 0.26393900
vt 0.58591400 0.19171600
vt 0.16309500 0.20484000
vt 0.08119100 0.04587800
vt 0.32247400 0.00770300
vt 0.14149500 0.01625700
vt 0.17976400 0.21513000
vt 0.18602400 0.21958700
vt 0.87916100 0.36313900
vt 0.50000000 0.50000000
vt 0.62998600 0.20473800
vt 0.87703100 0.36567000
vt 0.13678700 0.02001200
vt 0.08564700 0.04612100
vt 0.08792900 0.04885100
vt 0.61654600 0.15904400
vt 0.18933900 0.22460300
vt 0.59935500 0.22972400
vt 0.54400600 0.00806400
vt 0.54664100 0.00795800
vt 0.60407800 0.26121500
vt 0.54260700 0.00258300
vt 0.12323000 0.03147100
vt 0.59822200 0.23205500
vt 0.59928100 0.23335000
vt 0.17024700 0.20353800
vt 0.13375200 0.03107700
vt 0.59816600 0.23678400
vt 0.60682200 0.25916600
vt 0.60828100 0.26042100
vt 0.42123900 0.95428600
vt 0.42703400 0.94970100
vt 0.42372500 0.95272500
vt 0.42574400 0.95037100
vt 0.61407200 0.26509700
vt 0.42682900 0.95049400
vt 0.50000000 0.50000000
vt 0.59529300 0.21244700
vt 0.01683000 0.96724600
vt 0.12559500 0.03701300
vt 0.16507500 0.20233700
vt 0.59700700 0.17661900
vt 0.64072300 0.14960900
vt 0.15118400 0.00727100
vt 0.04923100 0.03661000
vt 0.87631700 0.36087800
vt 0.50000000 0.50000000
vt 0.11001600 0.04134500
vt 0.14531100 0.01759000
vt 0.18125000 0.20431500
vt 0.60060100 0.24586900
vt 0.63380100 0.19161200
vt 0.63804700 0.16218300
vt 0.11285000 0.03929000
vt 0.60248900 0.23385200
vt 0.59164400 0.21850000
vt 0.64074900 0.15228800
vt 0.64029600 0.15495700
vt 0.18306900 0.20778400
vt 0.15017800 0.01419300
vt 0.63041900 0.15665600
vt 0.19186000 0.21300100
vt 0.60502900 0.24327400
vt 0.08132200 0.04898500
vt 0.18745900 0.21249400
vt 0.63138400 0.15274000
vt 0.59620900 0.22304200
vt 0.62518600 0.16508600
vt 0.61061000 0.25446500
vt 0.02075900 0.59693200
vt 0.53444300 0.00433500
vt 0.59551700 0.22543400
vt 0.18149600 0.22372700
vt 0.12495600 0.03125300
vt 0.59703600 0.22801300
vt 0.59824200 0.22971500
vt 0.18590800 0.21480000
vt 0.18690500 0.22183400
vt 0.63368100 0.14943800
vt 0.18563000 0.20967700
vt 0.63113300 0.19978700
vt 0.62971900 0.24052700
vt 0.59495900 0.16745800
vt 0.64045500 0.15891600
vt 0.59813400 0.22470600
vt 0.59591600 0.23040600
vt 0.10262200 0.04906300
vt 0.63585300 0.17828800
vt 0.09703100 0.04802000
vt 0.60672300 0.24583500
vt 0.60650200 0.24843700
vt 0.61185300 0.25387100
vt 0.87399300 0.36577800
vt 0.05855000 0.04244100
vt 0.32053000 0.01261700
vt 0.32690100 0.00696500
vt 0.06418500 0.04442600
vt 0.16608800 0.20538700
vt 0.16606800 0.21035000
vt 0.56812700 0.16926700
vt 0.61954500 0.27270700
vt 0.42928900 0.98082600
vt 0.09319800 0.04078600
vt 0.18422700 0.21694900
vt 0.56512700 0.17163400
vt 0.06953500 0.04672400
vt 0.12436200 0.03648300
vt 0.61851700 0.27246100
vt 0.42858400 0.97813200
vt 0.07357700 0.04864100
vt 0.11225900 0.03847500
vt 0.18453800 0.22525800
vt 0.63456200 0.25034800
vt 0.32143900 0.00956100
vt 0.62375600 0.27258100
vt 0.63398600 0.25226400
vt 0.56605900 0.17546100
vt 0.04530500 0.03524000
vt 0.07559000 0.04317800
vt 0.13478600 0.02002500
vt 0.08019000 0.04449700
vt 0.62356600 0.26933400
vt 0.02888500 0.58835500
vt 0.05488700 0.04031300
vt 0.87548900 0.36458100
vt 0.09488100 0.05224100
vt 0.87840400 0.35953900
vt 0.50000000 0.50000000
vt 0.04657400 0.59765500
vt 0.58377800 0.21904400
vt 0.59049400 0.21942800
vt 0.32444000 0.01040400
vt 0.12241000 0.02955100
vt 0.12945500 0.03287500
vt 0.02756500 0.59311200
vt 0.02526400 0.59269600
vt 0.03781000 0.58662100
vt 0.54208100 0.00457900
vt 0.03612900 0.58917300
vt 0.54338500 0.00255000
vt 0.02094000 0.59803300
vt 0.53734800 0.00392900
vt 0.01962000 0.59873900
vt 0.60494100 0.26075000
vt 0.12815000 0.03204800
vt 0.53476600 0.00639100
vt 0.02271500 0.59505500
vt 0.54549800 0.00172400
vt 0.59764200 0.22599600
vt 0.42155600 0.95464900
vt 0.60839300 0.26130100
vt 0.08469000 0.07145000
vt 0.50000000 0.50000000
vt 0.61351200 0.16781100
vt 0.61490900 0.26706300
vt 0.42674400 0.95071900
vt 0.59719200 0.16476600
vt 0.03330300 0.59017600
vt 0.59346000 0.17463800
vt 0.61308400 0.17074100
vt 0.02201300 0.55983900
vt 0.01715500 0.53834500
vt 0.57494500 0.18221000
vt 0.59968100 0.19526200
vt 0.01767200 0.54005700
vt 0.59963900 0.19794300
vt 0.60000400 0.20001900
vt 0.59643700 0.19999200
vt 0.05497000 0.96453600
vt 0.14224400 0.02073900
vt 0.17868200 0.20369100
vt 0.09847000 0.04387300
vt 0.59998000 0.24150900
vt 0.18759800 0.24133200
vt 0.32395800 0.00583300
vt 0.42348200 0.98349400
vt 0.15621500 0.20287100
vt 0.08090600 0.09038600
vt 0.18834400 0.23712000
vt 0.59859100 0.22672700
vt 0.10570600 0.04747200
vt 0.60638800 0.24072100
vt 0.09602100 0.04177100
vt 0.10924200 0.04750700
vt 0.50000000 0.50000000
vt 0.11491000 0.04309900
vt 0.18212300 0.21479300
vt 0.18113700 0.22079900
vt 0.14803300 0.00942300
vt 0.03188000 0.58905500
vt 0.59837600 0.23458100
vt 0.08803400 0.05627700
vt 0.50000000 0.50000000
vt 0.10095100 0.04145400
vt 0.61681500 0.26801800
vt 0.54288400 0.00657700
vt 0.18501300 0.20991400
vt 0.61811500 0.27032100
vt 0.59360400 0.22356200
vt 0.59672600 0.22130900
vt 0.18812400 0.22573600
vt 0.61540700 0.15788800
vt 0.11640400 0.03892100
vt 0.61493500 0.16146600
vt 0.12133900 0.03827200
vt 0.11811800 0.03886100
vt 0.18733400 0.21684500
vt 0.12323200 0.03480900
vt 0.12578300 0.03265900
vt 0.12131500 0.03400500
vt 0.02179800 0.55936000
vt 0.57035500 0.16805100
vt 0.01839700 0.53960500
vt 0.57391200 0.16717900
vt 0.18462300 0.24527200
vt 0.59096900 0.21645000
vt 0.02151900 0.55974600
vt 0.32284900 0.01500200
vt 0.03025300 0.58954300
vt 0.60792200 0.16979300
vt 0.57576000 0.16671000
vt 0.58102400 0.17132600
vt 0.58424600 0.20279700
vt 0.61070200 0.17059200
vt 0.56795000 0.17971400
vt 0.60916600 0.24820500
vt 0.56642400 0.17753200
vt 0.58574100 0.17074900
vt 0.58786400 0.21100900
vt 0.59076600 0.17053700
vt 0.02632700 0.59139000
vt 0.57012100 0.18201400
vt 0.58831600 0.20989300
vt 0.58972500 0.19481600
vt 0.54206700 0.00531600
vt 0.59952000 0.16548000
vt 0.18908800 0.24129500
vt 0.58972800 0.21318700
vt 0.59674200 0.19378200
vt 0.58927600 0.19902900
vt 0.59573500 0.17285500
vt 0.59421000 0.20051500
vt 0.57740200 0.17067000
vt 0.60811500 0.24585600
vt 0.08307800 0.08755200
vt 0.50000000 0.50000000
vt 0.58590500 0.20180600
vt 0.02521000 0.58899100
vt 0.53970500 0.00970200
vt 0.18733400 0.24377300
vt 0.60136800 0.16613600
vt 0.63909000 0.16758700
vt 0.13576400 0.01774800
vt 0.14535900 0.20308300
vt 0.08426900 0.07412200
vt 0.14565400 0.20106800
vt 0.08348300 0.08105500
vt 0.14957700 0.20176900
vt 0.09162900 0.04964100
vt 0.58131800 0.16548200
vt 0.61268900 0.27013100
vt 0.42265100 0.95889500
vt 0.56691400 0.16970100
vt 0.11549200 0.03767900
vt 0.04406600 0.58840900
vt 0.63521300 0.18329900
vt 0.02076700 0.57989800
vt 0.41534500 0.96309600
vt 0.01973400 0.57832400
vt 0.41506400 0.96541000
vt 0.53855200 0.00475900
vt 0.60523800 0.26121700
vt 0.62847100 0.21234800
vt 0.05496100 0.96440500
vt 0.53513500 0.00531700
vt 0.02016300 0.59703600
vt 0.05466200 0.96447600
vt 0.56396700 0.17200900
vt 0.63589200 0.18948000
vt 0.02580500 0.58636300
vt 0.41056600 0.95725700
vt 0.54095600 0.01130200
vt 0.08264300 0.08685100
vt 0.15312000 0.20286000
vt 0.42073900 0.97465900
vt 0.05495700 0.96557600
vt 0.18131100 0.21695200
vt 0.59036100 0.21803900
vt 0.56430100 0.17583700
vt 0.10392100 0.03913500
vt 0.88545900 0.39585900
vt 0.62685600 0.21826800
vt 0.32377600 0.01772000
vt 0.32477400 0.01723000
vt 0.59222200 0.22361300
vt 0.62530700 0.22723700
vt 0.56497700 0.17537100
vt 0.07929500 0.05297200
vt 0.87945700 0.36733200
vt 0.59446400 0.17483500
vt 0.42253400 0.95520600
vt 0.16853800 0.24184300
vt 0.18629600 0.23640100
vt 0.08643400 0.04279700
vt 0.56550900 0.17617900
vt 0.02236300 0.55954300
vt 0.17069900 0.24338100
vt 0.02217000 0.56045400
vt 0.18776200 0.23362600
vt 0.60711800 0.15788300
vt 0.57639900 0.18749900
vt 0.31940000 0.00932600
vt 0.18038300 0.24225800
vt 0.61195600 0.25580000
vt 0.02016800 0.56175900
vt 0.12739500 0.03298200
vt 0.59667500 0.23427900
vt 0.63068000 0.20944400
vt 0.14336200 0.20062100
vt 0.08443000 0.07068800
vt 0.13200200 0.03025600
vt 0.14380300 0.19890400
vt 0.08489600 0.06822200
vt 0.08499500 0.06438700
vt 0.14344200 0.19661500
vt 0.01714400 0.53893900
vt 0.57766100 0.19073000
vt 0.17281600 0.21194100
vt 0.04758600 0.03697400
vt 0.32549200 0.01303000
vt 0.42627300 0.95055600
vt 0.61470300 0.26863800
vt 0.32615700 0.00285000
vt 0.42677400 0.98493800
vt 0.05142200 0.03888100
vt 0.63396300 0.25328800
vt 0.03102400 0.59181400
vt 0.04009900 0.58907900
vt 0.03958200 0.59028700
vt 0.02902300 0.59480500
vt 0.59479400 0.23895200
vt 0.03551300 0.58741800
vt 0.05521500 0.96436700
vt 0.08756500 0.05051000
vt 0.16840900 0.24264200
vt 0.61409600 0.16035900
vt 0.11898200 0.03386500
vt 0.16909400 0.24463300
vt 0.17859600 0.22363000
vt 0.57725400 0.16861800
vt 0.57982300 0.16925000
vt 0.17843900 0.22092700
vt 0.09230300 0.04598000
vt 0.15814700 0.20487000
vt 0.42559400 0.98067200
vt 0.18307600 0.24333000
vt 0.17698500 0.21612700
vt 0.16038200 0.20603900
vt 0.59342800 0.23205800
vt 0.05563700 0.96504200
vt 0.14217300 0.01323900
vt 0.61737900 0.27080300
vt 0.59759700 0.22440100
vt 0.09752100 0.03916400
vt 0.09666900 0.05018000
vt 0.18259300 0.21894400
vt 0.04345000 0.59195400
vt 0.10165500 0.04711200
vt 0.10223300 0.04346300
vt 0.03564400 0.58475200
vt 0.10670700 0.04050900
vt 0.59700700 0.23795700
vt 0.02777400 0.59047900
vt 0.03955000 0.58617500
vt 0.03642800 0.59231700
vt 0.59067500 0.23195300
vt 0.03345300 0.59274400
vt 0.59207100 0.23540000
vt 0.63504500 0.19445900
vt 0.88446700 0.38529900
vt 0.08756900 0.03847400
vt 0.09477800 0.03820900
vt 0.88531500 0.38987900
vt 0.58378800 0.16548800
vt 0.18063600 0.22943100
vt 0.62941700 0.27335800
vt 0.18120200 0.22669700
vt 0.58340000 0.19296200
vt 0.11744200 0.03616900
vt 0.58206200 0.17026300
vt 0.58455800 0.16893800
vt 0.88205900 0.37816700
vt 0.07711500 0.04124000
vt 0.60755400 0.24689900
vt 0.60797400 0.24760200
vt 0.59481900 0.17367600
vt 0.05543200 0.96390500
vt 0.15280000 0.20813100
vt 0.61145900 0.15974400
vt 0.61201600 0.16992900
vt 0.41612600 0.95998300
vt 0.05467000 0.96493000
vt 0.02339500 0.57864700
vt 0.41900300 0.96315100
vt 0.31831200 0.00876500
vt 0.18494300 0.22803500
vt 0.08173300 0.04353600
vt 0.42036700 0.97488500
vt 0.57520600 0.18367000
vt 0.60960000 0.25256700
vt 0.42092700 0.97572800
vt 0.31781600 0.00634700
vt 0.08278600 0.04092900
vt 0.32350700 0.02065300
vt 0.18282200 0.23868800
vt 0.63103000 0.21545500
vt 0.07325800 0.05034100
vt 0.31819500 0.01036400
vt 0.59495500 0.23057400
vt 0.17038600 0.21942700
vt 0.56320500 0.17631200
vt 0.59454200 0.22618600
vt 0.59568500 0.23407700
vt 0.05161700 0.59486900
vt 0.59137300 0.23050400
vt 0.10648600 0.03685400
vt 0.88792900 0.39631200
vt 0.62860700 0.23102400
vt 0.88074600 0.37034200
vt 0.32702100 0.01649700
vt 0.32885000 0.00161800
vt 0.42981700 0.98681900
vt 0.62408800 0.27519500
vt 0.61314800 0.27188400
vt 0.42307000 0.96582700
vt 0.07810500 0.05580200
vt 0.02101500 0.59626800
vt 0.53406600 0.00530700
vt 0.58223600 0.21668000
vt 0.04884000 0.59699200
vt 0.08283500 0.05612200
vt 0.04065500 0.58361400
vt 0.03874900 0.58439500
vt 0.08340700 0.06076600
vt 0.61663100 0.27116000
vt 0.42791600 0.97392000
vt 0.17051600 0.24136200
vt 0.42692700 0.97697800
vt 0.61787500 0.27326000
vt 0.16847000 0.20932400
vt 0.03556300 0.57777300
vt 0.14096300 0.20088800
vt 0.04460600 0.59050000
vt 0.17047800 0.21298400
vt 0.04529200 0.58547800
vt 0.59374700 0.20017800
vt 0.32031300 0.01588800
vt 0.59511100 0.19972700
vt 0.60945500 0.16160700
vt 0.56797800 0.17811700
vt 0.02110400 0.55925200
vt 0.30901600 0.01155100
vt 0.41073000 0.96701900
vt 0.56497500 0.17871400
vt 0.42004700 0.97434300
vt 0.42010300 0.97428600
vt 0.02006200 0.56014200
vt 0.58671600 0.21081700
vt 0.58855100 0.16736000
vt 0.54146700 0.00845800
vt 0.41272300 0.95786000
vt 0.54133700 0.00948400
vt 0.59005600 0.21656300
vt 0.57272200 0.18291600
vt 0.03203500 0.58552300
vt 0.17431200 0.22055200
vt 0.02927500 0.58572000
vt 0.05196200 0.59690900
vt 0.58067600 0.21319700
vt 0.15101800 0.20369700
vt 0.17190000 0.24654000
vt 0.60981100 0.25202800
vt 0.07306400 0.04947700
vt 0.17827500 0.22837100
vt 0.61331500 0.16408400
vt 0.16238700 0.20814900
vt 0.41300600 0.96204500
vt 0.02231800 0.58031500
vt 0.88430000 0.38633500
vt 0.08923200 0.03840100
vt 0.60751300 0.26193400
vt 0.42068400 0.95660200
vt 0.61123300 0.16544000
vt 0.42214900 0.95632500
vt 0.61188900 0.26709800
vt 0.04707600 0.59623300
vt 0.04312200 0.58368900
vt 0.31955400 0.00675700
vt 0.42118400 0.97841900
vt 0.07606400 0.05261600
vt 0.42413300 0.97752700
vt 0.42201500 0.97502400
vt 0.42405100 0.95351900
vt 0.61330700 0.26856000
vt 0.61481200 0.27192200
vt 0.42508500 0.96958500
vt 0.16415500 0.21323300
vt 0.07673200 0.05363700
vt 0.02947200 0.59190700
vt 0.04525000 0.59489800
vt 0.58461400 0.22222200
vt 0.14378300 0.20307800
vt 0.04213400 0.59010500
vt 0.57340600 0.16613400
vt 0.58606400 0.22077900
vt 0.17838700 0.24776300
vt 0.58040400 0.20041400
vt 0.58089800 0.16416000
vt 0.05599000 0.96545300
vt 0.17150100 0.24760300
vt 0.02415100 0.54984800
vt 0.02450400 0.55082000
vt 0.31011300 0.01086900
vt 0.41145000 0.96834400
vt 0.50000000 0.50000000
vt 0.04262300 0.03367400
vt 0.87913700 0.35426600
vt 0.57645600 0.16456200
vt 0.01886300 0.53837300
vt 0.05468000 0.96585300
vt 0.58474100 0.19344300
vt 0.01977000 0.54018800
vt 0.18588200 0.24671900
vt 0.05547900 0.96528000
vt 0.58267500 0.20287300
vt 0.01812200 0.54114700
vt 0.19029400 0.24279100
vt 0.02024100 0.54946900
vt 0.02261900 0.55870300
vt 0.58636000 0.19767700
vt 0.18935600 0.24573300
vt 0.19155500 0.24822600
vt 0.59357800 0.16464500
vt 0.19083400 0.24002400
vt 0.60041900 0.16214300
vt 0.19089200 0.24494500
vt 0.59743700 0.16286600
vt 0.60069700 0.16295900
vt 0.19179900 0.24028100
vt 0.59326100 0.19570600
vt 0.59284000 0.17231900
vt 0.59372900 0.17150700
vt 0.59112700 0.19970700
vt 0.58814400 0.19666300
vt 0.58814800 0.19804300
vt 0.57852900 0.16442000
vt 0.04253200 0.59425200
vt 0.58681400 0.22576900
vt 0.02108300 0.56019000
vt 0.58663000 0.19550200
vt 0.58351200 0.20124200
vt 0.18272000 0.24735300
vt 0.04069400 0.59221900
vt 0.58801800 0.22919800
vt 0.18186800 0.22900100
vt 0.59643000 0.19885100
vt 0.56770800 0.16862700
vt 0.04963600 0.03863100
vt 0.59368700 0.19942200
vt 0.59457000 0.19911600
vt 0.58510800 0.16484900
vt 0.60787500 0.24885200
vt 0.18469300 0.23385100
vt 0.18357400 0.22709200
vt 0.02132000 0.56158700
vt 0.11297800 0.03526900
vt 0.03831000 0.57954000
vt 0.03763700 0.57833000
vt 0.63890900 0.17580100
vt 0.03645500 0.57748600
vt 0.05565300 0.04315700
vt 0.59079200 0.22850200
vt 0.01860500 0.53631500
vt 0.06106300 0.04362800
vt 0.87362500 0.36706100
vt 0.17339000 0.22649400
vt 0.42116900 0.96796400
vt 0.17512500 0.22787100
vt 0.05398600 0.96450800
vt 0.15630400 0.21003500
vt 0.14747200 0.00814700
vt 0.89859600 0.41938800
vt 0.14832900 0.20465800
vt 0.16762900 0.24166900
vt 0.14739600 0.20364800
vt 0.16349600 0.22316400
vt 0.60323000 0.16418100
vt 0.06734700 0.04678500
vt 0.57764400 0.20050200
vt 0.14224900 0.19722300
vt 0.08316500 0.06371800
vt 0.16846500 0.21404200
vt 0.12895600 0.02283100
vt 0.02050800 0.55929300
vt 0.56341400 0.17709000
vt 0.13265100 0.02026700
vt 0.41888200 0.97304100
vt 0.31572400 0.00571200
vt 0.16752000 0.24447600
vt 0.17108600 0.21629400
vt 0.13609900 0.20387300
vt 0.58981700 0.22887700
vt 0.87955600 0.35122500
vt 0.31701700 0.01041600
vt 0.14235100 0.20419900
vt 0.04265700 0.03499800
vt 0.87848100 0.35287100
vt 0.63433700 0.25904900
vt 0.02405500 0.59292000
vt 0.53660800 0.00755300
vt 0.16681100 0.21826400
vt 0.60780000 0.16050900
vt 0.10056900 0.03777200
vt 0.88620600 0.39314700
vt 0.60760800 0.16567300
vt 0.60701100 0.16441800
vt 0.88072800 0.36782500
vt 0.58585000 0.20880100
vt 0.60667200 0.16597700
vt 0.32130400 0.01778700
vt 0.61195100 0.16640600
vt 0.62874200 0.22018700
vt 0.04033600 0.96311900
vt 0.59747800 0.19632300
vt 0.60805700 0.25103900
vt 0.58818700 0.21975900
vt 0.54432400 0.00957700
vt 0.54027300 0.00531000
vt 0.60469300 0.26321900
vt 0.41738300 0.95414300
vt 0.60851200 0.24995000
vt 0.04811500 0.59344300
vt 0.04845200 0.59253700
vt 0.59178200 0.22461200
vt 0.58640600 0.21616700
vt 0.04513600 0.58703400
vt 0.32483900 0.02439500
vt 0.16123900 0.21997300
vt 0.07097100 0.04025700
vt 0.88109400 0.37459100
vt 0.04585600 0.58956700
vt 0.04797800 0.58463400
vt 0.04906400 0.58969100
vt 0.17158700 0.22260800
vt 0.41041600 0.95954800
vt 0.18661700 0.23115400
vt 0.60979400 0.15642200
vt 0.07287400 0.05304100
vt 0.05089500 0.59302000
vt 0.01785700 0.53795400
vt 0.15659300 0.20806000
vt 0.15674300 0.21307200
vt 0.03651300 0.58341500
vt 0.04154600 0.58013400
vt 0.41879000 0.96530600
vt 0.16095100 0.21735300
vt 0.16172800 0.21143500
vt 0.03339700 0.58491100
vt 0.03555500 0.57950600
vt 0.17270200 0.21530800
vt 0.03359600 0.58307300
vt 0.17451700 0.21727000
vt 0.03346600 0.58660600
vt 0.61198700 0.15593900
vt 0.18634500 0.22907800
vt 0.59104900 0.16725200
vt 0.04147400 0.96281000
vt 0.16659100 0.22087500
vt 0.59379200 0.23087100
vt 0.61194100 0.17127500
vt 0.13866900 0.20167300
vt 0.42479800 0.97541000
vt 0.41596800 0.95603500
vt 0.54268200 0.00863500
vt 0.42459700 0.97365200
vt 0.59409600 0.22774000
vt 0.59445900 0.17298100
vt 0.59387400 0.17386500
vt 0.60848700 0.16336300
vt 0.54324100 0.00998500
vt 0.58505000 0.21685100
vt 0.58681600 0.21364500
vt 0.02431600 0.59104600
vt 0.53856800 0.00847600
vt 0.58905700 0.21291800
vt 0.41768800 0.95672900
vt 0.58965100 0.21456300
vt 0.04664700 0.58397700
vt 0.42058700 0.96053600
vt 0.42173600 0.96270100
vt 0.61183600 0.27149800
vt 0.58946400 0.22028700
vt 0.17094400 0.22676300
vt 0.59263900 0.22798300
vt 0.04659700 0.97176200
vt 0.32597100 0.02539300
vt 0.18149700 0.23046600
vt 0.53935300 0.00656900
vt 0.57494800 0.18982800
vt 0.63509100 0.19954000
vt 0.17187500 0.26152900
vt 0.80108200 0.91734800
vt 0.62431100 0.27731700
vt 0.33054800 0.00544400
vt 0.04484800 0.97072400
vt 0.40646500 0.95913000
vt 0.02694700 0.58205400
vt 0.56541800 0.16943500
vt 0.16525000 0.23821800
vt 0.02228300 0.55829800
vt 0.32446000 0.02336300
vt 0.56317500 0.17153100
vt 0.15643300 0.21690600
vt 0.05438800 0.04070200
vt 0.16449400 0.23540200
vt 0.56256400 0.17676800
vt 0.08532200 0.59679200
vt 0.56292800 0.17779600
vt 0.08118900 0.03897900
vt 0.88441400 0.38116300
vt 0.03409100 0.57608200
vt 0.03310100 0.57917400
vt 0.17195800 0.24148300
vt 0.03334000 0.57782600
vt 0.14180200 0.20625600
vt 0.59337700 0.16379900
vt 0.19050900 0.24825300
vt 0.07230600 0.05168300
vt 0.31891600 0.01637900
vt 0.02308800 0.57633400
vt 0.16731800 0.23637600
vt 0.13416300 0.20466200
vt 0.13702500 0.20613500
vt 0.15888400 0.22224900
vt 0.31824600 0.01261200
vt 0.16878700 0.21511400
vt 0.01758500 0.54082700
vt 0.02238700 0.57353800
vt 0.40595600 0.96614300
vt 0.88841200 0.39406900
vt 0.58974600 0.22717700
vt 0.06822900 0.04831800
vt 0.58054200 0.21046500
vt 0.05414200 0.59825600
vt 0.32742200 0.01071300
vt 0.07265700 0.05062700
vt 0.06998600 0.05118700
vt 0.57297700 0.18564400
vt 0.17948800 0.22965900
vt 0.90031800 0.42139100
vt 0.64379000 0.15006200
vt 0.15174700 0.00437500
vt 0.41523700 0.96961700
vt 0.31058300 0.00767400
vt 0.05297300 0.57669700
vt 0.88065900 0.35982500
vt 0.58160700 0.19460000
vt 0.31492600 0.00882300
vt 0.31639800 0.00716900
vt 0.41992800 0.97503200
vt 0.88184700 0.36155200
vt 0.04271900 0.57249200
vt 0.64361500 0.15251900
vt 0.88049200 0.35113100
vt 0.88025100 0.36533800
vt 0.62935900 0.22408100
vt 0.88325700 0.36687600
vt 0.88194300 0.36944400
vt 0.32125900 0.01977800
vt 0.08109400 0.05908700
vt 0.04609800 0.03666600
vt 0.63865200 0.18869000
vt 0.58284600 0.19422300
vt 0.60884200 0.16696100
vt 0.04147700 0.96318400
vt 0.60882200 0.16505300
vt 0.04073500 0.96237700
vt 0.14915500 0.20879700
vt 0.59537500 0.19652400
vt 0.03727500 0.96455600
vt 0.15170100 0.21123200
vt 0.05283000 0.59405300
vt 0.01901300 0.56181000
vt 0.02310900 0.55822700
vt 0.18282700 0.25035800
vt 0.03621800 0.96383200
vt 0.05599600 0.96406700
vt 0.01879300 0.53329300
vt 0.58452700 0.20679800
vt 0.58386200 0.19611400
vt 0.56824700 0.18109700
vt 0.60963500 0.16902700
vt 0.17252900 0.26356100
vt 0.88328500 0.37446500
vt 0.07019600 0.03778600
vt 0.02844900 0.58184200
vt 0.15456000 0.21225200
vt 0.57872600 0.20218300
vt 0.17306900 0.26482300
vt 0.14137500 0.21472700
vt 0.03130200 0.58156000
vt 0.15805600 0.26473500
vt 0.16010000 0.26655700
vt 0.18796700 0.24862400
vt 0.03538500 0.58101000
vt 0.18936900 0.25056800
vt 0.58967400 0.16454800
vt 0.16635900 0.23566000
vt 0.32525700 0.01978300
vt 0.13242600 0.20053800
vt 0.60506600 0.16063800
vt 0.01897700 0.53438200
vt 0.14399400 0.21681800
vt 0.13452400 0.20261000
vt 0.04316100 0.57188800
vt 0.05318200 0.59143000
vt 0.19121900 0.23771100
vt 0.60270700 0.16159400
vt 0.15878500 0.21808800
vt 0.58896400 0.22772400
vt 0.17390200 0.24747000
vt 0.42390800 0.97185500
vt 0.60846200 0.15880800
vt 0.18900400 0.23247600
vt 0.02434800 0.59189400
vt 0.53796800 0.00794200
vt 0.16059600 0.21313100
vt 0.15901700 0.20969700
vt 0.17666000 0.23147800
vt 0.16512200 0.21669000
vt 0.60529500 0.16354100
vt 0.57983900 0.20517900
vt 0.58757700 0.16397900
vt 0.18763300 0.25170700
vt 0.53694700 0.00644800
vt 0.16651500 0.22759500
vt 0.53805700 0.00556200
vt 0.60460000 0.26179900
vt 0.58895200 0.21770000
vt 0.14604800 0.21868100
vt 0.15027900 0.21846600
vt 0.14691200 0.20607900
vt 0.04451500 0.57893400
vt 0.59147300 0.19854800
vt 0.58207000 0.20504600
vt 0.02016600 0.53641700
vt 0.15514800 0.26350000
vt 0.98104900 0.56596900
vt 0.01025200 0.99797500
vt 0.31027500 0.01242400
vt 0.98175800 0.56484900
vt 0.01087900 0.99834300
vt 0.57217000 0.16531900
vt 0.58266800 0.20867300
vt 0.01005800 0.99839300
vt 0.98122700 0.56550000
vt 0.98258400 0.56485200
vt 0.01181800 0.99902000
vt 0.88093300 0.35374200
vt 0.50000000 0.50000000
vt 0.01859000 0.54197100
vt 0.15602600 0.26790300
vt 0.57755700 0.16229300
vt 0.31174100 0.01255500
vt 0.57946600 0.19803600
vt 0.58252500 0.19848900
vt 0.59037100 0.19741700
vt 0.59088500 0.19659900
vt 0.15696000 0.26535700
vt 0.58149700 0.20707800
vt 0.17847800 0.24919000
vt 0.58839500 0.21546600
vt 0.31098600 0.00987000
vt 0.58409600 0.19921100
vt 0.62529900 0.23821400
vt 0.03194900 0.57583900
vt 0.06957500 0.59252300
vt 0.16604600 0.22936500
vt 0.03680300 0.56695100
vt 0.05176400 0.57833800
vt 0.17492100 0.24412000
vt 0.18130300 0.25310000
vt 0.03537800 0.56691100
vt 0.01871000 0.56254000
vt 0.31106800 0.02302700
vt 0.32582100 0.02804100
vt 0.01476700 0.55030000
vt 0.16869100 0.22876100
vt 0.88700600 0.39068700
vt 0.50000000 0.50000000
vt 0.88106000 0.35681500
vt 0.31631600 0.01908900
vt 0.13736300 0.01438600
vt 0.89776000 0.41325800
vt 0.04863400 0.57806500
vt 0.15782000 0.25399400
vt 0.88868600 0.39198400
vt 0.02918700 0.57550400
vt 0.40280600 0.96587900
vt 0.02382100 0.57227000
vt 0.30516300 0.01644400
vt 0.04729400 0.58119900
vt 0.13709000 0.19865200
vt 0.56726700 0.16786800
vt 0.14827500 0.21309300
vt 0.18461200 0.25396800
vt 0.05607700 0.96304100
vt 0.63904800 0.18307500
vt 0.32545200 0.02617300
vt 0.05667000 0.96391800
vt 0.13713300 0.19703800
vt 0.07709100 0.05850400
vt 0.05719000 0.96711100
vt 0.14837900 0.21185400
vt 0.02427800 0.56127500
vt 0.05422400 0.57330600
vt 0.05592400 0.96690500
vt 0.87918800 0.34886700
vt 0.04781500 0.97971000
vt 0.57176800 0.19182000
vt 0.30968100 0.01774700
vt 0.87772500 0.34807000
vt 0.01495700 0.32074300
vt 0.04807700 0.97817700
vt 0.63249800 0.27272700
vt 0.18502200 0.25541500
vt 0.58225100 0.16270500
vt 0.05516400 0.57565300
vt 0.03958200 0.57721200
vt 0.18141500 0.23645900
vt 0.05470400 0.57761500
vt 0.57363700 0.19507200
vt 0.18022900 0.23085100
vt 0.05576800 0.58906100
vt 0.01694500 0.53572000
vt 0.17026000 0.25901300
vt 0.56472500 0.18052400
vt 0.16312200 0.22636400
vt 0.32298000 0.02245400
vt 0.17463900 0.22963100
vt 0.04282400 0.96619100
vt 0.05090000 0.58971800
vt 0.56609500 0.18006900
vt 0.18237500 0.23322400
vt 0.18370700 0.23147900
vt 0.56793300 0.18209900
vt 0.16578500 0.24371300
vt 0.04894500 0.96536400
vt 0.15539200 0.26004000
vt 0.64415600 0.15643000
vt 0.57619800 0.20117600
vt 0.17399000 0.24135000
vt 0.13063900 0.19668800
vt 0.06825400 0.05447200
vt 0.16796000 0.26502600
vt 0.01543700 0.54095400
vt 0.01936000 0.54696500
vt 0.58336400 0.20599300
vt 0.88165400 0.36586500
vt 0.58404100 0.20871600
vt 0.06068300 0.59672400
vt 0.57685400 0.20469500
vt 0.15619500 0.25464600
vt 0.32739900 0.02250300
vt 0.04380800 0.96518500
vt 0.31693800 0.01152700
vt 0.58164000 0.19562800
vt 0.01974000 0.55898000
vt 0.31381800 0.02463000
vt 0.63512700 0.24714200
vt 0.01893600 0.55193700
vt 0.16527900 0.24035600
vt 0.31700500 0.01341700
vt 0.01778600 0.54832600
vt 0.01703900 0.54586800
vt 0.04388400 0.97458000
vt 0.04963000 0.04168900
vt 0.15448600 0.22692400
vt 0.04314500 0.96818600
vt 0.64292000 0.16623200
vt 0.60855800 0.16763600
vt 0.04931700 0.03965700
vt 0.04354200 0.97604000
vt 0.04051600 0.96869300
vt 0.03451000 0.96954400
vt 0.06521600 0.04793400
vt 0.07498700 0.05602400
vt 0.01526500 0.54748100
vt 0.15400100 0.21462100
vt 0.03045700 0.57748600
vt 0.15420900 0.26038400
vt 0.14013400 0.19715100
vt 0.08066700 0.06154700
vt 0.05063200 0.57623700
vt 0.13199500 0.20395100
vt 0.58756600 0.22036400
vt 0.03914300 0.96298200
vt 0.59236100 0.19764700
vt 0.14425200 0.21261900
vt 0.59036400 0.22602000
vt 0.05211000 0.57160400
vt 0.15717500 0.22521300
vt 0.14691000 0.21161400
vt 0.14341100 0.21025700
vt 0.57854800 0.20684800
vt 0.05802500 0.59761900
vt 0.04907600 0.58065000
vt 0.15704300 0.25515400
vt 0.04633900 0.96837200
vt 0.04980900 0.96889100
vt 0.14320900 0.21963000
vt 0.16062000 0.26775900
vt 0.04778800 0.97023000
vt 0.16919400 0.26336800
vt 0.57412100 0.19285900
vt 0.17062400 0.26437500
vt 0.02725100 0.57934500
vt 0.17053100 0.22907600
vt 0.15040500 0.21393000
vt 0.32529900 0.02295700
vt 0.14918100 0.22039400
vt 0.02646400 0.57778800
vt 0.04569200 0.58116000
vt 0.14986800 0.22402700
vt 0.15272300 0.22384700
vt 0.04313300 0.97240500
vt 0.17034500 0.26099600
vt 0.15386100 0.21849400
vt 0.14992500 0.22223800
vt 0.05254500 0.58569200
vt 0.15527500 0.22110900
vt 0.57768000 0.19419500
vt 0.16050500 0.22373600
vt 0.05386200 0.04177300
vt 0.17048000 0.23904300
vt 0.16742400 0.24016300
vt 0.57526300 0.19603500
vt 0.16119900 0.23639200
vt 0.57714900 0.19812700
vt 0.58324400 0.20748300
vt 0.58343600 0.21225700
vt 0.58488500 0.21288100
vt 0.58561400 0.21539800
vt 0.58808800 0.22403500
vt 0.16402800 0.23310300
vt 0.61016200 0.16873700
vt 0.97367700 0.69123800
vt 0.01488300 0.54612700
vt 0.12230800 0.20569300
vt 0.17497400 0.26378500
vt 0.17204900 0.23391800
vt 0.07090900 0.59449200
vt 0.56996200 0.19511900
vt 0.03684100 0.56901500
vt 0.06873200 0.59120200
vt 0.04222600 0.96264500
vt 0.17542200 0.26462100
vt 0.15855900 0.24007000
vt 0.06797800 0.59392200
vt 0.13109200 0.21340800
vt 0.04678900 0.57692200
vt 0.64180500 0.18443200
vt 0.12860800 0.20007400
vt 0.56286500 0.16921300
vt 0.09158200 0.59872200
vt 0.04117900 0.96147600
vt 0.10524500 0.21827800
vt 0.88229700 0.35973600
vt 0.03436100 0.56758200
vt 0.03567800 0.57259900
vt 0.04345200 0.57031200
vt 0.18012500 0.23285700
vt 0.13146200 0.20575600
vt 0.13670300 0.21698500
vt 0.05420900 0.96718200
vt 0.02823400 0.57481800
vt 0.04285100 0.56783100
vt 0.05329400 0.96900600
vt 0.89858700 0.41741500
vt 0.14444300 0.00973300
vt 0.18026900 0.25893500
vt 0.17819900 0.25679700
vt 0.02622400 0.57543500
vt 0.05324000 0.58777100
vt 0.05732500 0.58510500
vt 0.15678400 0.26088900
vt 0.11568800 0.20172200
vt 0.18006700 0.26091500
vt 0.15968500 0.26015400
vt 0.04122500 0.57264300
vt 0.01632700 0.32128500
vt 0.04859800 0.97692200
vt 0.01965500 0.32365300
vt 0.04861700 0.97486600
vt 0.31491100 0.01428400
vt 0.04258100 0.96375300
vt 0.11581600 0.19895900
vt 0.56161700 0.17805200
vt 0.08475700 0.59537700
vt 0.31816300 0.02173400
vt 0.04671900 0.97598400
vt 0.87519200 0.34740100
vt 0.02205700 0.32750100
vt 0.04576200 0.03806600
vt 0.04431200 0.03728600
vt 0.87451400 0.34711500
vt 0.11773400 0.19946300
vt 0.03357000 0.56688900
vt 0.31975200 0.01960100
vt 0.88089400 0.34953200
vt 0.90207200 0.41930200
vt 0.64639200 0.14869900
vt 0.14994200 0.00396800
vt 0.32169400 0.02144600
vt 0.16662000 0.26394700
vt 0.56608200 0.18228200
vt 0.17129700 0.23718500
vt 0.04295100 0.03641800
vt 0.87721100 0.35171100
vt 0.15926000 0.23521600
vt 0.02395000 0.55762700
vt 0.63335900 0.21223800
vt 0.15555600 0.25414500
vt 0.56666000 0.18197100
vt 0.63242800 0.24524600
vt 0.31484200 0.00564500
vt 0.41807300 0.97193100
vt 0.05186200 0.96956700
vt 0.03963100 0.96598800
vt 0.56573300 0.18673400
vt 0.07773000 0.59554000
vt 0.03782200 0.96660600
vt 0.05837200 0.59212400
vt 0.07394800 0.58991500
vt 0.07025100 0.59089200
vt 0.63697000 0.25150600
vt 0.02550500 0.55281700
vt 0.02079600 0.54671100
vt 0.64216600 0.16208800
vt 0.88505600 0.37643900
vt 0.31501600 0.01984500
vt 0.02166600 0.54427400
vt 0.16699200 0.26183000
vt 0.01734000 0.54259500
vt 0.16862700 0.25629800
vt 0.17078600 0.25702500
vt 0.01882600 0.54952900
vt 0.01986200 0.55426300
vt 0.31451800 0.01381500
vt 0.04392600 0.57311100
vt 0.31268800 0.01087700
vt 0.02121500 0.56253000
vt 0.02004800 0.32536900
vt 0.87560800 0.34860600
vt 0.87788800 0.35012900
vt 0.05345500 0.97829700
vt 0.01796400 0.32609900
vt 0.02829700 0.54563200
vt 0.57584900 0.19840700
vt 0.04935600 0.97227900
vt 0.41465800 0.97149200
vt 0.31280500 0.00751500
vt 0.16153000 0.24608800
vt 0.04710400 0.57227200
vt 0.16466400 0.24638100
vt 0.02190600 0.53967500
vt 0.88242400 0.35347100
vt 0.04545200 0.57431100
vt 0.05328600 0.96450400
vt 0.56837800 0.16601000
vt 0.04635100 0.56964700
vt 0.01853500 0.54364700
vt 0.04828200 0.96430000
vt 0.17668600 0.24479100
vt 0.11847900 0.20056000
vt 0.12858800 0.20249700
vt 0.05524800 0.59525400
vt 0.07215100 0.59178500
vt 0.07169900 0.05405200
vt 0.05041300 0.58362400
vt 0.06661000 0.59276100
vt 0.06531700 0.59500300
vt 0.57327400 0.20118500
vt 0.17953500 0.25121900
vt 0.06465000 0.59150200
vt 0.16978700 0.23166500
vt 0.13332200 0.19855300
vt 0.07087200 0.05700700
vt 0.05168900 0.58075200
vt 0.17950000 0.23620100
vt 0.07190200 0.05625900
vt 0.13350400 0.19708200
vt 0.13481700 0.21302800
vt 0.15880600 0.23816200
vt 0.03870900 0.96133200
vt 0.03522100 0.56488900
vt 0.06639600 0.05434100
vt 0.12984700 0.19842400
vt 0.15152700 0.22654900
vt 0.05362800 0.58435000
vt 0.05798600 0.59533100
vt 0.05328200 0.57078400
vt 0.05062000 0.96255100
vt 0.56336800 0.18379000
vt 0.08046300 0.59498900
vt 0.31555900 0.01537500
vt 0.14067500 0.21936100
vt 0.13772900 0.21344800
vt 0.04682600 0.96620800
vt 0.13798800 0.20828600
vt 0.32305400 0.02376400
vt 0.01295000 0.55475600
vt 0.04208500 0.57673100
vt 0.56796200 0.18775600
vt 0.15830300 0.22891700
vt 0.04248500 0.57003400
vt 0.15900300 0.25633400
vt 0.04010500 0.57443500
vt 0.04645900 0.97397300
vt 0.17239700 0.22990900
vt 0.57839800 0.19694800
vt 0.17352600 0.23196100
vt 0.58051600 0.19729600
vt 0.05248500 0.04332400
vt 0.04179400 0.97396600
vt 0.16154100 0.23264900
vt 0.04231700 0.55611700
vt 0.04107200 0.55505500
vt 0.17103200 0.23539200
vt 0.16497600 0.23085900
vt 0.31367800 0.02200300
vt 0.16808400 0.25829100
vt 0.05929800 0.04537700
vt 0.03749800 0.97171400
vt 0.31636800 0.02246600
vt 0.31675100 0.02077700
vt 0.03516700 0.96534900
vt 0.06568200 0.05052100
vt 0.16766500 0.23272300
vt 0.06782900 0.05195700
vt 0.03353500 0.96399100
vt 0.01495000 0.55262200
vt 0.32432200 0.02651500
vt 0.01767900 0.55498600
vt 0.17697900 0.25240200
vt 0.01050900 0.99705300
vt 0.98214200 0.56700200
vt 0.01201300 0.99740700
vt 0.15361800 0.25889300
vt 0.17095500 0.24905500
vt 0.17345800 0.26565000
vt 0.17117500 0.26581600
vt 0.98302200 0.56574000
vt 0.16723000 0.24698600
vt 0.18378900 0.25938800
vt 0.57453400 0.16257900
vt 0.17490900 0.25166600
vt 0.09943900 0.59236500
vt 0.09878000 0.59029200
vt 0.09749600 0.58954900
vt 0.09701900 0.59053800
vt 0.15377000 0.26948100
vt 0.13472500 0.27531500
vt 0.18815500 0.82407800
vt 0.50000000 0.50000000
vt 0.17406900 0.24908700
vt 0.15284700 0.26428700
vt 0.15285900 0.26733400
vt 0.05075200 0.57420600
vt 0.03696300 0.96269700
vt 0.31146500 0.01380600
vt 0.15873200 0.26827500
vt 0.18233100 0.25767300
vt 0.57715600 0.16070400
vt 0.04803900 0.57500100
vt 0.04611800 0.57305600
vt 0.17282900 0.23870400
vt 0.17597300 0.26354000
vt 0.03098000 0.56968400
vt 0.05690000 0.57127400
vt 0.03329000 0.56916500
vt 0.31343000 0.01180600
vt 0.88257000 0.36459100
vt 0.57094200 0.18871600
vt 0.05695200 0.56192000
vt 0.03736200 0.55391100
vt 0.12382800 0.21500400
vt 0.05108600 0.96440800
vt 0.97289000 0.69197500
vt 0.04968900 0.96154900
vt 0.05232700 0.97543200
vt 0.01831000 0.32322500
vt 0.87411500 0.34932800
vt 0.16104500 0.25502100
vt 0.05341500 0.56881500
vt 0.97322900 0.69155500
vt 0.03884800 0.56766200
vt 0.02583000 0.55588600
vt 0.17358400 0.26093800
vt 0.97383200 0.69137200
vt 0.17808500 0.25864800
vt 0.16195800 0.25314200
vt 0.12351800 0.21101800
vt 0.01497300 0.55516900
vt 0.32069400 0.02463400
vt 0.03106400 0.57209500
vt 0.13507200 0.21947800
vt 0.11384400 0.20387600
vt 0.57100600 0.19255700
vt 0.05221300 0.56772100
vt 0.03781700 0.96791500
vt 0.31552200 0.01810900
vt 0.15254100 0.23430500
vt 0.64751100 0.15209200
vt 0.90491100 0.42100400
vt 0.57245500 0.18925500
vt 0.87388100 0.34817200
vt 0.15784100 0.23461900
vt 0.88473300 0.37342500
vt 0.04908900 0.57170400
vt 0.11334500 0.20166700
vt 0.17476600 0.23385600
vt 0.06795700 0.59623000
vt 0.57213300 0.19738900
vt 0.02727900 0.54772700
vt 0.63207700 0.20366500
vt 0.02331300 0.55525600
vt 0.15552800 0.24064400
vt 0.04029700 0.57102000
vt 0.03145900 0.57496300
vt 0.56821000 0.18372100
vt 0.88238300 0.34922500
vt 0.02596600 0.54500600
vt 0.02466300 0.54302500
vt 0.64498100 0.16104600
vt 0.17611700 0.24176300
vt 0.02587700 0.54035900
vt 0.88275600 0.35834900
vt 0.04539800 0.57604100
vt 0.15813200 0.24507100
vt 0.02038600 0.55567400
vt 0.56852000 0.18504700
vt 0.10427400 0.22004600
vt 0.17302200 0.25936600
vt 0.13113700 0.21523500
vt 0.02886100 0.54848400
vt 0.01398300 0.54415400
vt 0.13413600 0.21577600
vt 0.02534400 0.54982600
vt 0.01303100 0.54942900
vt 0.32807200 0.02789200
vt 0.31531800 0.01103600
vt 0.04471100 0.57151500
vt 0.05336500 0.96353700
vt 0.10657900 0.21932900
vt 0.08360100 0.59395300
vt 0.12807100 0.19850400
vt 0.06467800 0.05260200
vt 0.02198300 0.53650100
vt 0.06857400 0.58855100
vt 0.17914900 0.25486300
vt 0.16055300 0.26330300
vt 0.16318500 0.24022300
vt 0.05676700 0.97073000
vt 0.16246000 0.26804100
vt 0.16376500 0.26645100
vt 0.05835800 0.57663100
vt 0.16270900 0.26484000
vt 0.14663800 0.22495400
vt 0.40324000 0.96750300
vt 0.30714300 0.01601300
vt 0.05047600 0.96625600
vt 0.88082100 0.34823800
vt 0.01298800 0.32206100
vt 0.04819000 0.98040600
vt 0.16502300 0.26408400
vt 0.01455500 0.54214500
vt 0.16882400 0.26636200
vt 0.15500600 0.25282100
vt 0.15738600 0.25151600
vt 0.04656400 0.96394000
vt 0.10998900 0.03439700
vt 0.89127500 0.39891300
vt 0.01609400 0.32320000
vt 0.05458300 0.97613000
vt 0.11757500 0.03124900
vt 0.89262900 0.40372800
vt 0.11826400 0.19621000
vt 0.04417900 0.96076600
vt 0.05771100 0.58207500
vt 0.11803700 0.19775400
vt 0.05588400 0.58018900
vt 0.15752700 0.23153400
vt 0.02693400 0.55042500
vt 0.14658100 0.22077900
vt 0.10572600 0.21172200
vt 0.13216900 0.20766200
vt 0.04320100 0.55237200
vt 0.31389100 0.00943400
vt 0.05507500 0.56097000
vt 0.14698700 0.23544200
vt 0.57013900 0.18519000
vt 0.56512900 0.18412200
vt 0.10788000 0.21310000
vt 0.03557800 0.95949900
vt 0.06337700 0.05050800
vt 0.12629400 0.19775600
vt 0.02260200 0.55668900
vt 0.10946400 0.21194100
vt 0.16153400 0.23070700
vt 0.15000300 0.23377600
vt 0.31625500 0.02372700
vt 0.01776900 0.55799200
vt 0.03481000 0.57449300
vt 0.16231000 0.22942900
vt 0.16242700 0.23813100
vt 0.06105700 0.59436400
vt 0.12509700 0.20124100
vt 0.06634800 0.05256800
vt 0.05847800 0.57474800
vt 0.02389500 0.54436000
vt 0.06140100 0.59243700
vt 0.12478900 0.20451100
vt 0.03746500 0.57059200
vt 0.12892000 0.20479500
vt 0.05761800 0.58743100
vt 0.03259600 0.57333700
vt 0.57224400 0.19589800
vt 0.16202100 0.25650300
vt 0.12891700 0.20732300
vt 0.11661400 0.20543600
vt 0.12290700 0.20767200
vt 0.04143500 0.55004900
vt 0.56120900 0.17683000
vt 0.08589700 0.59522700
vt 0.14225700 0.22237300
vt 0.05544300 0.59179200
vt 0.03834100 0.96994200
vt 0.32142900 0.02225400
vt 0.01285400 0.55669600
vt 0.56708400 0.19107000
vt 0.07509700 0.59380800
vt 0.15241900 0.23072400
vt 0.02094100 0.54211900
vt 0.06501700 0.04916700
vt 0.03503300 0.96740300
vt 0.05962600 0.58755800
vt 0.11979900 0.20441100
vt 0.56956600 0.19194000
vt 0.14051900 0.22987900
vt 0.01662400 0.54425600
vt 0.14369400 0.23589800
vt 0.12694500 0.20732200
vt 0.16502200 0.25971200
vt 0.12208900 0.20207200
vt 0.06379600 0.59667500
vt 0.57487800 0.20162300
vt 0.15645800 0.24318100
vt 0.12720600 0.21175100
vt 0.03668500 0.96779500
vt 0.16002400 0.24327900
vt 0.16188700 0.24002000
vt 0.16469900 0.24268000
vt 0.13085300 0.21108600
vt 0.04767400 0.97185100
vt 0.05505800 0.58262000
vt 0.18190300 0.25587000
vt 0.14833400 0.23095500
vt 0.12174300 0.19739900
vt 0.04074000 0.96032200
vt 0.18145900 0.25482900
vt 0.14416200 0.22423900
vt 0.12300900 0.19820500
vt 0.03924800 0.95960100
vt 0.16221600 0.25061400
vt 0.14520400 0.23002300
vt 0.14994400 0.22689100
vt 0.04129500 0.03707100
vt 0.87678300 0.35049800
vt 0.87342200 0.34782900
vt 0.06312700 0.56353800
vt 0.31397000 0.01815700
vt 0.88843900 0.38555000
vt 0.05601100 0.56383000
vt 0.02916200 0.56745300
vt 0.10733200 0.21078100
vt 0.02765700 0.55520000
vt 0.88834700 0.38871900
vt 0.64020800 0.19148400
vt 0.02685100 0.55888200
vt 0.90225700 0.41602200
vt 0.02500700 0.57372100
vt 0.03738400 0.55982900
vt 0.05185600 0.56510800
vt 0.15374600 0.24051500
vt 0.32974000 0.01663300
vt 0.79555300 0.92640800
vt 0.02453500 0.55326000
vt 0.17463000 0.23981300
vt 0.07659300 0.58835500
vt 0.10728700 0.19492000
vt 0.97365900 0.69115800
vt 0.14012700 0.23532500
vt 0.02062700 0.55023900
vt 0.17833800 0.26110500
vt 0.17540900 0.23771800
vt 0.02759500 0.56281300
vt 0.05653000 0.96122400
vt 0.10832000 0.19331100
vt 0.01955100 0.56327500
vt 0.31106900 0.02171400
vt 0.02928900 0.54647300
vt 0.02133200 0.55460800
vt 0.15865200 0.24980500
vt 0.03975700 0.55123000
vt 0.63208100 0.23761800
vt 0.30985900 0.01906600
vt 0.02003500 0.56464900
vt 0.17812800 0.23352200
vt 0.16712200 0.25418000
vt 0.12797400 0.21940000
vt 0.07354900 0.58775200
vt 0.13357100 0.22482700
vt 0.13215600 0.21715100
vt 0.05805900 0.56030400
vt 0.03250200 0.55516500
vt 0.18312200 0.26137100
vt 0.56879000 0.16433800
vt 0.63503000 0.20670700
vt 0.88723400 0.38165000
vt 0.02612700 0.54360300
vt 0.05574500 0.56081100
vt 0.17177800 0.25559100
vt 0.04699800 0.96075200
vt 0.11061700 0.20262500
vt 0.05821000 0.96633700
vt 0.04538600 0.56596700
vt 0.10414200 0.22128700
vt 0.17338700 0.25828100
vt 0.10362300 0.21801600
vt 0.63436500 0.26804100
vt 0.02216500 0.54663500
vt 0.05277000 0.56140200
vt 0.11430200 0.19986100
vt 0.03573900 0.56037300
vt 0.03408200 0.56301000
vt 0.10603500 0.22289100
vt 0.05093300 0.97295600
vt 0.78051400 0.94662400
vt 0.01403500 0.53689300
vt 0.10740000 0.21964300
vt 0.05894400 0.57873200
vt 0.16660000 0.26682400
vt 0.04916400 0.55632200
vt 0.63763000 0.25426400
vt 0.17609400 0.25566800
vt 0.05415800 0.58021400
vt 0.63555800 0.21633300
vt 0.07253300 0.57858400
vt 0.17658600 0.25431700
vt 0.05889200 0.56986900
vt 0.06681200 0.57715100
vt 0.06551200 0.57408700
vt 0.17483400 0.26515300
vt 0.17745900 0.23612700
vt 0.02128300 0.53367000
vt 0.11100300 0.22082300
vt 0.88330600 0.35465400
vt 0.10110400 0.58939700
vt 0.09572900 0.58702000
vt 0.07803100 0.58629400
vt 0.04163500 0.56753200
vt 0.31524700 0.01288800
vt 0.03983200 0.56935500
vt 0.06130800 0.57980700
vt 0.57012600 0.18921900
vt 0.02748100 0.56058900
vt 0.04322200 0.57376000
vt 0.10525700 0.21330100
vt 0.05236200 0.96726200
vt 0.06107900 0.57746800
vt 0.02530500 0.55853500
vt 0.05498600 0.56634600
vt 0.57345100 0.19832700
vt 0.06650000 0.59729600
vt 0.04605200 0.53394000
vt 0.10558000 0.21551200
vt 0.16159900 0.26093500
vt 0.03150900 0.56712900
vt 0.57444600 0.19857400
vt 0.10956900 0.19492800
vt 0.05443400 0.96009800
vt 0.05831900 0.56334700
vt 0.13911800 0.23137700
vt 0.04748900 0.55343600
vt 0.12162400 0.21209800
vt 0.02477800 0.56221000
vt 0.16470900 0.26553300
vt 0.04932500 0.95944200
vt 0.11340700 0.19713400
vt 0.04504400 0.55472500
vt 0.03607700 0.55568500
vt 0.14789100 0.23871600
vt 0.04617400 0.95896100
vt 0.11617000 0.19764800
vt 0.06207100 0.57361600
vt 0.03954200 0.56569800
vt 0.15414400 0.23683400
vt 0.06543900 0.56459200
vt 0.05537200 0.57007800
vt 0.03623700 0.56289600
vt 0.15619000 0.23583300
vt 0.06341000 0.56767200
vt 0.04818200 0.56855100
vt 0.04940300 0.55881000
vt 0.31214100 0.01871200
vt 0.04864500 0.56015800
vt 0.05174800 0.56023900
vt 0.02433600 0.54062400
vt 0.15739800 0.23705600
vt 0.08083000 0.59159000
vt 0.02332200 0.54092700
vt 0.10651400 0.22146300
vt 0.12799300 0.21521200
vt 0.16418400 0.25049500
vt 0.06287000 0.58433200
vt 0.07052900 0.57654100
vt 0.05217400 0.97155900
vt 0.13748300 0.22223300
vt 0.06431200 0.58941600
vt 0.06181400 0.58750700
vt 0.06221300 0.57566000
vt 0.16595500 0.24916200
vt 0.13945900 0.22430700
vt 0.17076700 0.25386400
vt 0.06088700 0.58912700
vt 0.06079800 0.58186200
vt 0.14218100 0.22701600
vt 0.17453300 0.25335200
vt 0.05721500 0.56694000
vt 0.15218300 0.25928000
vt 0.17607200 0.23883600
vt 0.14703600 0.27216200
vt 0.18995000 0.83131700
vt 0.14839600 0.27326800
vt 0.18994200 0.83250000
vt 0.17196500 0.25128200
vt 0.10858600 0.21768000
vt 0.18887200 0.83298100
vt 0.10669900 0.21651100
vt 0.15091100 0.26924300
vt 0.11045700 0.21346100
vt 0.10806700 0.21585300
vt 0.14981500 0.26706400
vt 0.04415600 0.53473800
vt 0.10431700 0.59239100
vt 0.01212800 0.99672700
vt 0.98381500 0.56686900
vt 0.15806200 0.27356600
vt 0.13272400 0.26521800
vt 0.50000000 0.50000000
vt 0.10002300 0.59344400
vt 0.13238400 0.26340000
vt 0.50000000 0.50000000
vt 0.98201600 0.56672000
vt 0.01039100 0.99654700
vt 0.31114400 0.01716900
vt 0.31180300 0.01533900
vt 0.01270400 0.99829300
vt 0.98375900 0.56553200
vt 0.15924900 0.27054900
vt 0.09376500 0.59034800
vt 0.15412800 0.25429400
vt 0.10424500 0.59112000
vt 0.10152400 0.59137500
vt 0.09858400 0.59311300
vt 0.14748000 0.27471200
vt 0.18863400 0.83162400
vt 0.88376000 0.36860400
vt 0.97351800 0.69223300
vt 0.17112800 0.26754200
vt 0.97305900 0.69215800
vt 0.03992500 0.54723200
vt 0.12977900 0.23599700
vt 0.17708900 0.26575300
vt 0.10043700 0.59973500
vt 0.04565000 0.56849000
vt 0.07138000 0.58752600
vt 0.03137600 0.56443100
vt 0.03698700 0.54727600
vt 0.17563900 0.26176600
vt 0.13156000 0.23431900
vt 0.13319200 0.21876800
vt 0.17527500 0.25969700
vt 0.08626500 0.59298600
vt 0.02622400 0.57383900
vt 0.18590900 0.83787700
vt 0.97621300 0.69042100
vt 0.05666900 0.56034500
vt 0.17582300 0.23583900
vt 0.89027400 0.39357100
vt 0.03149700 0.54659000
vt 0.05347900 0.55930000
vt 0.97396500 0.69263600
vt 0.06883800 0.56493100
vt 0.01342200 0.54192200
vt 0.04148400 0.55882000
vt 0.11772200 0.21788700
vt 0.17593500 0.25795300
vt 0.05200200 0.55815300
vt 0.05594300 0.97250500
vt 0.04223300 0.56446800
vt 0.06515100 0.56273400
vt 0.88497800 0.37925700
vt 0.18829700 0.83674900
vt 0.07840800 0.58218300
vt 0.10777000 0.20303100
vt 0.02291700 0.55164000
vt 0.31341500 0.01613200
vt 0.04665300 0.53382800
vt 0.31454200 0.01605100
vt 0.63932600 0.19944900
vt 0.02099100 0.55197600
vt 0.76951800 0.96866100
vt 0.16723800 0.24992600
vt 0.11729700 0.26047500
vt 0.50000000 0.50000000
vt 0.11196200 0.21263500
vt 0.06266900 0.57037800
vt 0.06423400 0.57118400
vt 0.04506000 0.53527100
vt 0.06882300 0.57331300
vt 0.16898400 0.25046600
vt 0.11137000 0.20838300
vt 0.04575200 0.56250800
vt 0.03128100 0.54473000
vt 0.06896600 0.57957000
vt 0.08818900 0.59313700
vt 0.08585100 0.59066800
vt 0.02261600 0.54911000
vt 0.02820000 0.53684900
vt 0.04776600 0.55187400
vt 0.10581700 0.19624100
vt 0.10338500 0.21284700
vt 0.02326200 0.53664600
vt 0.10449500 0.21122300
vt 0.02246300 0.53413200
vt 0.88334500 0.36270100
vt 0.62815400 0.26544300
vt 0.01951500 0.53290700
vt 0.77893800 0.95005700
vt 0.14378900 0.24058100
vt 0.10503200 0.58789300
vt 0.04373900 0.54987300
vt 0.63809200 0.26367800
vt 0.03734000 0.55828100
vt 0.02936500 0.54278900
vt 0.64677100 0.16269100
vt 0.03539800 0.55903800
vt 0.15011700 0.24197300
vt 0.50000000 0.50000000
vt 0.17584400 0.81998200
vt 0.09863600 0.57675900
vt 0.09965200 0.57748300
vt 0.03537400 0.54894100
vt 0.02706000 0.57069000
vt 0.02513200 0.54808200
vt 0.03468900 0.55146600
vt 0.02381500 0.54936300
vt 0.03428600 0.54547300
vt 0.62797300 0.27566800
vt 0.02351500 0.54757000
vt 0.03288600 0.55031400
vt 0.02328200 0.53860500
vt 0.03015900 0.55009200
vt 0.05836000 0.96873400
vt 0.02974700 0.55287100
vt 0.64022200 0.18039000
vt 0.02866500 0.55401900
vt 0.63156400 0.22487500
vt 0.05223400 0.95778900
vt 0.11033300 0.19753900
vt 0.97553400 0.69149500
vt 0.05532900 0.97384600
vt 0.11206600 0.19929600
vt 0.06220000 0.55902900
vt 0.18807100 0.83511000
vt 0.13636700 0.22738400
vt 0.04548000 0.96305200
vt 0.30539000 0.01994600
vt 0.02419500 0.56691500
vt 0.05455000 0.57970100
vt 0.11693100 0.21672000
vt 0.08292500 0.58969200
vt 0.14258600 0.24522400
vt 0.03967000 0.56123700
vt 0.76842600 0.96778700
vt 0.03364100 0.55784300
vt 0.10883200 0.20952800
vt 0.06027800 0.56095400
vt 0.11850700 0.20981500
vt 0.03162000 0.53960800
vt 0.03014000 0.53761500
vt 0.08061100 0.58785300
vt 0.07928300 0.58999900
vt 0.11177100 0.20581000
vt 0.14620200 0.27422400
vt 0.18835400 0.83081000
vt 0.11827600 0.21434500
vt 0.06005500 0.56637200
vt 0.06123200 0.56811200
vt 0.03845400 0.55691400
vt 0.13723700 0.23217800
vt 0.18703300 0.83220100
vt 0.07804200 0.59132300
vt 0.09460200 0.58891000
vt 0.02884700 0.53811200
vt 0.07980600 0.58442000
vt 0.02867600 0.57229600
vt 0.02495900 0.53842700
vt 0.11374900 0.20717500
vt 0.03027100 0.55949400
vt 0.16871600 0.25170900
vt 0.13916800 0.23719200
vt 0.07289100 0.57979300
vt 0.05137800 0.56236900
vt 0.03686900 0.54876900
vt 0.04485700 0.55671800
vt 0.11922800 0.21567500
vt 0.04533300 0.55997000
vt 0.04352300 0.55828200
vt 0.12281700 0.21656100
vt 0.17414800 0.25623100
vt 0.06151100 0.57214300
vt 0.14974900 0.23769500
vt 0.10479300 0.58956800
vt 0.03223900 0.55199900
vt 0.06505000 0.58786000
vt 0.13588400 0.23973700
vt 0.97339600 0.69261700
vt 0.12437800 0.23341500
vt 0.75896800 0.97375000
vt 0.04744300 0.53359400
vt 0.15300100 0.24275100
vt 0.10492400 0.19394300
vt 0.17471900 0.26689800
vt 0.10206900 0.59931900
vt 0.10558000 0.22383200
vt 0.10712400 0.27267200
vt 0.50000000 0.50000000
vt 0.10217600 0.57897800
vt 0.05908800 0.55778100
vt 0.88956400 0.39007200
vt 0.02684600 0.57300400
vt 0.75796500 0.97360500
vt 0.04763700 0.53486800
vt 0.10754200 0.22328300
vt 0.63051800 0.23263400
vt 0.03560300 0.54618500
vt 0.33006600 0.02261100
vt 0.79313700 0.93161200
vt 0.07663600 0.57672400
vt 0.63262200 0.23540000
vt 0.17861600 0.26479500
vt 0.09903200 0.59996000
vt 0.76785400 0.96830000
vt 0.96870100 0.67215200
vt 0.05459900 0.55974200
vt 0.31385600 0.01676600
vt 0.10917000 0.22428200
vt 0.10917800 0.20542900
vt 0.10714600 0.59033100
vt 0.96664600 0.67228200
vt 0.89126100 0.39520700
vt 0.10603000 0.20419100
vt 0.76870400 0.96842700
vt 0.89374400 0.39660900
vt 0.11701200 0.22307200
vt 0.10541700 0.20178400
vt 0.63413600 0.24098100
vt 0.97687900 0.69202900
vt 0.89310700 0.40102600
vt 0.17684400 0.26183700
vt 0.04889400 0.55083300
vt 0.04998600 0.55487000
vt 0.11813900 0.23039200
vt 0.89605000 0.40173100
vt 0.97594300 0.67727700
vt 0.04368400 0.54808800
vt 0.07337900 0.57659000
vt 0.32956500 0.03020200
vt 0.01142000 0.54569600
vt 0.78827900 0.93768800
vt 0.56051600 0.16785100
vt 0.18885900 0.26146900
vt 0.09462300 0.59817900
vt 0.88387100 0.36211400
vt 0.78069600 0.95008500
vt 0.01482500 0.53423900
vt 0.11740200 0.22534100
vt 0.11488700 0.21800000
vt 0.02979800 0.53466800
vt 0.12720100 0.02220000
vt 0.89597000 0.40796200
vt 0.10046400 0.57919400
vt 0.11157000 0.26697300
vt 0.50000000 0.50000000
vt 0.11278600 0.20976900
vt 0.08992200 0.59541500
vt 0.89978500 0.40780400
vt 0.03180800 0.54214100
vt 0.89968100 0.41154800
vt 0.13609200 0.01365900
vt 0.08732300 0.58927100
vt 0.03244200 0.56203400
vt 0.10740400 0.19804000
vt 0.02851500 0.54085000
vt 0.08362300 0.58590300
vt 0.11661800 0.21851000
vt 0.10298400 0.21970700
vt 0.10186400 0.21441500
vt 0.12135200 0.22053600
vt 0.09902400 0.58544300
vt 0.63769100 0.25288400
vt 0.14157300 0.24510000
vt 0.79981100 0.92283700
vt 0.18574400 0.83015400
vt 0.64284200 0.16995700
vt 0.14749300 0.24545300
vt 0.09505300 0.57767700
vt 0.12740700 0.22414700
vt 0.64295900 0.17636100
vt 0.15651500 0.24910000
vt 0.08537200 0.57889300
vt 0.63470400 0.22043600
vt 0.09587300 0.59232600
vt 0.14456700 0.27312500
vt 0.18888200 0.82974300
vt 0.09785500 0.59387700
vt 0.31328800 0.01811500
vt 0.05683400 0.54145900
vt 0.11289200 0.21674200
vt 0.13429700 0.26844900
vt 0.50000000 0.50000000
vt 0.18656200 0.83328300
vt 0.31280100 0.01635700
vt 0.16807900 0.26806000
vt 0.09965600 0.59476500
vt 0.13228400 0.25898100
vt 0.04309900 0.53437200
vt 0.04338700 0.53644100
vt 0.14787000 0.26893200
vt 0.15418900 0.27160400
vt 0.15510300 0.25091200
vt 0.13425700 0.23030400
vt 0.18689300 0.83349900
vt 0.03049700 0.56336100
vt 0.13198700 0.21828400
vt 0.02631200 0.56777900
vt 0.13053100 0.22252800
vt 0.97638700 0.68894700
vt 0.13330900 0.23603600
vt 0.12766600 0.23644000
vt 0.04187600 0.56068400
vt 0.02542400 0.56972700
vt 0.97801800 0.68148300
vt 0.18589800 0.83218500
vt 0.17168700 0.25212900
vt 0.97636700 0.67944000
vt 0.11091400 0.22522100
vt 0.10637700 0.20850600
vt 0.09027300 0.24205500
vt 0.97687500 0.66860100
vt 0.06478800 0.58062500
vt 0.10646900 0.20603700
vt 0.02836700 0.56408100
vt 0.76740700 0.96773300
vt 0.04100400 0.56283900
vt 0.12714100 0.23401100
vt 0.12965200 0.22948000
vt 0.18174400 0.26356100
vt 0.09634700 0.60012400
vt 0.10356400 0.21462300
vt 0.02515500 0.56490700
vt 0.12001000 0.22678800
vt 0.13206300 0.23258800
vt 0.14100900 0.24166200
vt 0.06736200 0.58257700
vt 0.13441400 0.23291100
vt 0.07546800 0.58135300
vt 0.09216300 0.58808900
vt 0.03362800 0.54362600
vt 0.06742200 0.58688000
vt 0.07278800 0.58270500
vt 0.03048200 0.54149600
vt 0.03256200 0.54862800
vt 0.09666600 0.57889100
vt 0.77826700 0.95523400
vt 0.02204000 0.53223300
vt 0.07489600 0.58529400
vt 0.02580600 0.53635200
vt 0.10884400 0.20060700
vt 0.11959300 0.21827000
vt 0.14458400 0.24666000
vt 0.14588200 0.24339800
vt 0.12831600 0.22682500
vt 0.15528800 0.24561200
vt 0.15093300 0.25877000
vt 0.97771200 0.67950800
vt 0.97447000 0.69029900
vt 0.10790900 0.22125800
vt 0.11204300 0.22042200
vt 0.11226000 0.22485100
vt 0.13113600 0.26222600
vt 0.50000000 0.50000000
vt 0.08818300 0.24181100
vt 0.97569800 0.67023100
vt 0.97502800 0.66866100
vt 0.97531000 0.66750500
vt 0.09016900 0.23991100
vt 0.14962500 0.27048400
vt 0.11236500 0.59328900
vt 0.16081800 0.27401400
vt 0.76738900 0.96695700
vt 0.16180800 0.27110300
vt 0.11078500 0.59155400
vt 0.16199300 0.27565500
vt 0.19174000 0.84090200
vt 0.11007900 0.59331300
vt 0.13363500 0.27164300
vt 0.50000000 0.50000000
vt 0.14961900 0.26127400
vt 0.50000000 0.50000000
vt 0.17943700 0.82332100
vt 0.15234800 0.25573500
vt 0.11015400 0.21583400
vt 0.11118000 0.21744400
vt 0.18907800 0.83458500
vt 0.10778400 0.59237300
vt 0.10898700 0.21927400
vt 0.13477900 0.26165700
vt 0.19044400 0.83588900
vt 0.15322600 0.27570800
vt 0.13584100 0.26043100
vt 0.13837900 0.26102500
vt 0.19058500 0.83818000
vt 0.15758600 0.27591800
vt 0.09766300 0.59447100
vt 0.97583600 0.69507400
vt 0.10680200 0.27302300
vt 0.50000000 0.50000000
vt 0.05868200 0.55326900
vt 0.12211500 0.24159300
vt 0.12537300 0.22061000
vt 0.88333500 0.35315800
vt 0.04989000 0.53607200
vt 0.75716000 0.97516900
vt 0.03772700 0.54261600
vt 0.06548900 0.55913900
vt 0.10853300 0.22927400
vt 0.18458500 0.84097200
vt 0.11067000 0.23023200
vt 0.07982300 0.57428500
vt 0.13500000 0.25655700
vt 0.10263400 0.21997200
vt 0.10720700 0.22513600
vt 0.05756900 0.54087600
vt 0.10477400 0.19929200
vt 0.63925700 0.20324800
vt 0.88434100 0.35884300
vt 0.18564900 0.83227600
vt 0.16572500 0.26802800
vt 0.88574100 0.35909100
vt 0.10914600 0.26964100
vt 0.50000000 0.50000000
vt 0.10367400 0.20959100
vt 0.17017500 0.26874700
vt 0.10652700 0.59844900
vt 0.50000000 0.50000000
vt 0.17492500 0.80964600
vt 0.10510000 0.27314400
vt 0.18655900 0.84424100
vt 0.10351900 0.19604700
vt 0.04592700 0.53280200
vt 0.10331400 0.19472100
vt 0.11431600 0.21031200
vt 0.18737200 0.84450400
vt 0.76944400 0.96894900
vt 0.08836000 0.59067900
vt 0.10576800 0.58143700
vt 0.13121100 0.23939400
vt 0.05398500 0.55644400
vt 0.11478200 0.20854200
vt 0.11640500 0.21097300
vt 0.03737700 0.53718600
vt 0.05946100 0.96384900
vt 0.10563200 0.19056500
vt 0.97199500 0.69245200
vt 0.05968800 0.96667700
vt 0.13607100 0.26344300
vt 0.03822600 0.53908900
vt 0.18958900 0.84494400
vt 0.19100000 0.84331700
vt 0.10919900 0.58999400
vt 0.07511200 0.57463800
vt 0.05707500 0.97493900
vt 0.97226900 0.69119600
vt 0.08003800 0.57768200
vt 0.04875300 0.53735800
vt 0.09157900 0.58499500
vt 0.05783100 0.97223600
vt 0.88682100 0.37003800
vt 0.05491400 0.55852700
vt 0.04713800 0.53782800
vt 0.97430200 0.67940700
vt 0.17582700 0.81093300
vt 0.50000000 0.50000000
vt 0.12404000 0.23873200
vt 0.03287200 0.53988900
vt 0.10696900 0.58863100
vt 0.19144300 0.84595300
vt 0.03573800 0.53756200
vt 0.96720300 0.67357600
vt 0.13407100 0.24250300
vt 0.03236500 0.53667800
vt 0.14071200 0.25286200
vt 0.08943100 0.58330300
vt 0.07241000 0.56584500
vt 0.10311000 0.20054500
vt 0.14117300 0.24750300
vt 0.96467400 0.66904000
vt 0.15027800 0.24815800
vt 0.88759100 0.37692200
vt 0.07014400 0.56469800
vt 0.11403800 0.21289100
vt 0.08826400 0.24369600
vt 0.97817800 0.67222100
vt 0.04547900 0.53679000
vt 0.11409100 0.21509600
vt 0.04627400 0.53934500
vt 0.04171100 0.53952800
vt 0.15178800 0.25264400
vt 0.15284100 0.25308300
vt 0.02495700 0.53165000
vt 0.05023800 0.54920100
vt 0.02397400 0.53360400
vt 0.11615600 0.21445700
vt 0.11550100 0.26268400
vt 0.50000000 0.50000000
vt 0.77929400 0.95632100
vt 0.17480000 0.81849200
vt 0.50000000 0.50000000
vt 0.12388500 0.22290700
vt 0.09292600 0.58342900
vt 0.04847200 0.54863200
vt 0.14660800 0.26945300
vt 0.15043800 0.27363400
vt 0.19177700 0.83407100
vt 0.63802800 0.24931700
vt 0.14887700 0.27097300
vt 0.05817200 0.54256200
vt 0.16366300 0.26935000
vt 0.06532100 0.56070000
vt 0.03725200 0.54446600
vt 0.03399500 0.54894400
vt 0.10840700 0.22233900
vt 0.09237100 0.58656000
vt 0.04852200 0.56506300
vt 0.31372300 0.01781800
vt 0.04613900 0.56380900
vt 0.03424000 0.54258200
vt 0.12533800 0.22328300
vt 0.18661600 0.84252900
vt 0.12058700 0.23503800
vt 0.18599400 0.83584300
vt 0.10053900 0.20156200
vt 0.12531000 0.23024300
vt 0.96541700 0.67085200
vt 0.18988400 0.84075100
vt 0.03198800 0.56006300
vt 0.08239900 0.58348900
vt 0.13163800 0.24210300
vt 0.10059300 0.20070700
vt 0.96604100 0.67040500
vt 0.13181000 0.26065400
vt 0.06151800 0.55649600
vt 0.14031500 0.24969800
vt 0.04387400 0.53778300
vt 0.10193800 0.58714200
vt 0.06931200 0.58489000
vt 0.12694100 0.24182000
vt 0.96786200 0.66994500
vt 0.06811800 0.58509400
vt 0.02792400 0.53472000
vt 0.09573100 0.58208700
vt 0.05585500 0.55899700
vt 0.09381900 0.58032800
vt 0.14336500 0.25038200
vt 0.08563900 0.57596200
vt 0.11734200 0.22040900
vt 0.10141300 0.57758600
vt 0.05763300 0.55557700
vt 0.10172700 0.58092300
vt 0.14422900 0.24842200
vt 0.08660000 0.58703800
vt 0.09090000 0.57775900
vt 0.12784200 0.22991900
vt 0.08308900 0.58076400
vt 0.08073400 0.58022200
vt 0.12577200 0.23743100
vt 0.07110700 0.57241700
vt 0.14424100 0.25266200
vt 0.08734800 0.57948500
vt 0.12114400 0.22461200
vt 0.07851100 0.57970800
vt 0.12321300 0.22654200
vt 0.10310700 0.59786400
vt 0.17293900 0.26780100
vt 0.10368700 0.59974900
vt 0.10161700 0.59591600
vt 0.10052100 0.59744500
vt 0.11867100 0.23290500
vt 0.09718800 0.59601400
vt 0.06868600 0.56798500
vt 0.08971400 0.58828700
vt 0.19197200 0.83553000
vt 0.15257100 0.27447500
vt 0.09748800 0.58509200
vt 0.12243500 0.23077300
vt 0.15342000 0.25023000
vt 0.09559700 0.58560500
vt 0.18688900 0.84078900
vt 0.15624300 0.27448200
vt 0.06341700 0.55682600
vt 0.06220700 0.55450600
vt 0.15156900 0.24428800
vt 0.15349600 0.24673100
vt 0.09449700 0.22028200
vt 0.09914500 0.21958500
vt 0.76688400 0.96832700
vt 0.16407300 0.26825800
vt 0.10410800 0.20194900
vt 0.11754100 0.24976000
vt 0.06007100 0.55102100
vt 0.09972900 0.21834900
vt 0.09521500 0.59318300
vt 0.10144800 0.21735400
vt 0.05922900 0.54207000
vt 0.13710600 0.25779200
vt 0.02294200 0.52941900
vt 0.77891700 0.96067300
vt 0.18316800 0.83105400
vt 0.97488800 0.69341800
vt 0.10941500 0.58105500
vt 0.18302500 0.84596700
vt 0.10757800 0.22696500
vt 0.76848500 0.96472200
vt 0.07806700 0.56825600
vt 0.05422900 0.53524700
vt 0.75611400 0.97948000
vt 0.78092700 0.30991600
vt 0.79691500 0.93097000
vt 0.88656500 0.36779600
vt 0.10294000 0.22292100
vt 0.17444700 0.81358300
vt 0.50000000 0.50000000
vt 0.12296300 0.24576900
vt 0.76056900 0.97315900
vt 0.04601200 0.53196100
vt 0.11407900 0.23687000
vt 0.10203100 0.21212600
vt 0.04166000 0.53507700
vt 0.76166200 0.97040600
vt 0.18493100 0.83474100
vt 0.03442400 0.53704000
vt 0.05745700 0.97689200
vt 0.01374200 0.32518000
vt 0.88324500 0.34362600
vt 0.96577900 0.67449000
vt 0.06417200 0.55035200
vt 0.06777500 0.55936700
vt 0.11349100 0.22236300
vt 0.96853800 0.67302900
vt 0.05168100 0.55166800
vt 0.06755200 0.55689800
vt 0.13893400 0.25392900
vt 0.11460100 0.21281400
vt 0.06766900 0.56126400
vt 0.64791800 0.15482600
vt 0.05087000 0.55277800
vt 0.96513700 0.67171400
vt 0.76803700 0.96126600
vt 0.03147600 0.53327100
vt 0.13808900 0.24725500
vt 0.10231700 0.57039400
vt 0.97773400 0.69271000
vt 0.10091100 0.57149000
vt 0.09990200 0.20308300
vt 0.11546200 0.26058900
vt 0.50000000 0.50000000
vt 0.06437400 0.55412700
vt 0.09911800 0.20030100
vt 0.13996000 0.24487200
vt 0.10488500 0.20571100
vt 0.12324600 0.26044100
vt 0.50000000 0.50000000
vt 0.12815800 0.25811300
vt 0.14252600 0.25588100
vt 0.13017500 0.26078100
vt 0.63716700 0.24491000
vt 0.05073200 0.55084300
vt 0.05876000 0.54735300
vt 0.04428900 0.54393500
vt 0.04199900 0.54389100
vt 0.03967100 0.54323500
vt 0.16641200 0.27056800
vt 0.11011900 0.59697200
vt 0.77108000 0.96896600
vt 0.11423000 0.21966700
vt 0.10804000 0.59408100
vt 0.09081900 0.24579100
vt 0.09235200 0.24590800
vt 0.10686500 0.59312400
vt 0.11347400 0.26367300
vt 0.50000000 0.50000000
vt 0.10696500 0.59478700
vt 0.50000000 0.50000000
vt 0.11939800 0.25949800
vt 0.14945600 0.25129700
vt 0.10516900 0.59493900
vt 0.10328300 0.59460600
vt 0.04079300 0.53796200
vt 0.14795200 0.25633200
vt 0.14741000 0.25429800
vt 0.14928900 0.26281500
vt 0.12539600 0.24346600
vt 0.10223400 0.19854300
vt 0.04024100 0.54555100
vt 0.10114500 0.57545600
vt 0.13275100 0.25368100
vt 0.06161500 0.54911400
vt 0.18494900 0.83345600
vt 0.76989000 0.96352200
vt 0.10884500 0.23129200
vt 0.12807700 0.24385400
vt 0.09735400 0.57495400
vt 0.06289300 0.55236600
vt 0.11732400 0.23639400
vt 0.11708500 0.24028900
vt 0.18320200 0.83850700
vt 0.03691000 0.54077100
vt 0.12250900 0.25539300
vt 0.09448400 0.57134300
vt 0.05317100 0.53597500
vt 0.75601800 0.97849600
vt 0.08817600 0.59235200
vt 0.14743800 0.25024900
vt 0.12755600 0.23963800
vt 0.10586100 0.58665500
vt 0.18882100 0.84680900
vt 0.10399500 0.58525700
vt 0.10216400 0.20337000
vt 0.09535400 0.57347900
vt 0.05596900 0.54781400
vt 0.09612800 0.56911900
vt 0.10979700 0.22733800
vt 0.02679700 0.53379200
vt 0.09193800 0.57379700
vt 0.09394400 0.57587900
vt 0.10341400 0.58036700
vt 0.05529500 0.55229400
vt 0.07200200 0.56916100
vt 0.07521800 0.57095000
vt 0.09329300 0.59525100
vt 0.12397300 0.24897000
vt 0.13703900 0.25034400
vt 0.10066000 0.58394000
vt 0.12907100 0.24657900
vt 0.09262400 0.59092900
vt 0.09094200 0.59284400
vt 0.10557600 0.59675300
vt 0.10345000 0.59566000
vt 0.12750800 0.24884800
vt 0.11363700 0.22517600
vt 0.12076000 0.23726900
vt 0.09146300 0.58287900
vt 0.11477200 0.22913500
vt 0.11625900 0.22747000
vt 0.14529100 0.25462100
vt 0.97713900 0.67621500
vt 0.97374300 0.68807000
vt 0.97829200 0.69011800
vt 0.76696300 0.96773400
vt 0.97824300 0.68330500
vt 0.14038100 0.26264100
vt 0.14119200 0.26116200
vt 0.50000000 0.50000000
vt 0.12924700 0.26180800
vt 0.13487400 0.27059400
vt 0.50000000 0.50000000
vt 0.09520700 0.24201500
vt 0.96569900 0.66800300
vt 0.14230900 0.25800300
vt 0.09160500 0.24158500
vt 0.13586600 0.27358700
vt 0.18854800 0.82525400
vt 0.96861900 0.66876300
vt 0.97232800 0.66914800
vt 0.50000000 0.50000000
vt 0.18202300 0.82391900
vt 0.97548000 0.68285900
vt 0.97536000 0.67408900
vt 0.08524700 0.24376800
vt 0.13381700 0.25852500
vt 0.14411100 0.25846200
vt 0.14762900 0.25960200
vt 0.15030600 0.25681400
vt 0.13932300 0.25954900
vt 0.11190000 0.59470800
vt 0.16233400 0.27265700
vt 0.16491900 0.27178600
vt 0.11054000 0.59581400
vt 0.05896900 0.53950100
vt 0.08620200 0.24403600
vt 0.97692600 0.67356200
vt 0.76820200 0.96927400
vt 0.63626500 0.23101100
vt 0.02370000 0.53074800
vt 0.02476000 0.52924800
vt 0.77846000 0.96326500
vt 0.04746300 0.54385400
vt 0.18667100 0.84647600
vt 0.10634400 0.58498800
vt 0.10055500 0.21499800
vt 0.10049000 0.21158700
vt 0.97493100 0.69626900
vt 0.08965100 0.24463800
vt 0.98019600 0.67147900
vt 0.07089500 0.56281200
vt 0.11506900 0.24284800
vt 0.18565700 0.82675800
vt 0.76912600 0.96898000
vt 0.77104700 0.96985400
vt 0.14698900 0.26407600
vt 0.11523100 0.24089800
vt 0.11571300 0.24797900
vt 0.05775100 0.53646100
vt 0.78084900 0.30473300
vt 0.09523300 0.56613000
vt 0.09645000 0.22327500
vt 0.04448100 0.53266800
vt 0.76199300 0.97220400
vt 0.76295100 0.97156000
vt 0.12002500 0.24525400
vt 0.10789300 0.59566500
vt 0.63721900 0.23771500
vt 0.05612700 0.53953100
vt 0.06257300 0.54846200
vt 0.10780000 0.24720100
vt 0.06148000 0.54680900
vt 0.88546100 0.36449200
vt 0.76489400 0.96792500
vt 0.03691000 0.53360300
vt 0.05052800 0.54332100
vt 0.07794300 0.54811800
vt 0.08517900 0.57103800
vt 0.12073500 0.25291400
vt 0.11121100 0.23542400
vt 0.09780700 0.21878800
vt 0.10915300 0.59578400
vt 0.76814000 0.96596800
vt 0.77082100 0.96502000
vt 0.06047300 0.96922400
vt 0.06940200 0.56126200
vt 0.09639100 0.20540800
vt 0.03136200 0.53531700
vt 0.76699400 0.95948900
vt 0.10409300 0.57415700
vt 0.10209700 0.56162700
vt 0.10236500 0.56253600
vt 0.04786000 0.54056800
vt 0.11790300 0.25870400
vt 0.50000000 0.50000000
vt 0.88818500 0.37384400
vt 0.10089000 0.56233500
vt 0.10541300 0.22521900
vt 0.09958800 0.21610300
vt 0.11753300 0.25495000
vt 0.09979700 0.20581900
vt 0.11718600 0.25281200
vt 0.03910000 0.53759200
vt 0.05680500 0.54380000
vt 0.10022900 0.21632600
vt 0.04951600 0.54698100
vt 0.05586900 0.54488600
vt 0.77956200 0.31147200
vt 0.17853800 0.83792400
vt 0.64262100 0.25340400
vt 0.89213800 0.38844700
vt 0.04259400 0.54207000
vt 0.75794900 0.97528400
vt 0.75999000 0.97500300
vt 0.64632600 0.17141600
vt 0.63416000 0.22819000
vt 0.06581800 0.55725100
vt 0.08261300 0.55332800
vt 0.04850400 0.54254200
vt 0.14042500 0.25679000
vt 0.12417100 0.25139900
vt 0.05504800 0.54303100
vt 0.09782600 0.56415300
vt 0.11478500 0.22033100
vt 0.09221500 0.56971200
vt 0.12365100 0.25934900
vt 0.11503300 0.22331500
vt 0.10886700 0.24616200
vt 0.10634800 0.23065100
vt 0.05646400 0.53704900
vt 0.11311600 0.23303600
vt 0.12834400 0.26068200
vt 0.13504300 0.24527400
vt 0.97342100 0.67609400
vt 0.14604400 0.25895400
vt 0.08001900 0.55032700
vt 0.18140200 0.83797400
vt 0.06852300 0.55756800
vt 0.97161200 0.67416400
vt 0.76628700 0.96597200
vt 0.11407500 0.24714600
vt 0.09636700 0.22004300
vt 0.04980100 0.54094700
vt 0.09571800 0.21837700
vt 0.07780000 0.55168200
vt 0.09853800 0.22440500
vt 0.18118300 0.83656300
vt 0.11825500 0.25663100
vt 0.08103400 0.57206700
vt 0.13085600 0.25260700
vt 0.11256100 0.23830000
vt 0.07447400 0.55026800
vt 0.11737400 0.24770000
vt 0.09989500 0.22581900
vt 0.07195200 0.54883800
vt 0.15159200 0.27274400
vt 0.14513900 0.26686400
vt 0.07149800 0.54797100
vt 0.11464100 0.23436000
vt 0.04314000 0.54088800
vt 0.11761600 0.24401000
vt 0.12008800 0.25584300
vt 0.07845300 0.57146100
vt 0.12480300 0.25416100
vt 0.12049300 0.25797900
vt 0.76175300 0.97423200
vt 0.05901600 0.54446300
vt 0.09434900 0.59464000
vt 0.18271600 0.84088200
vt 0.18366900 0.83699500
vt 0.12016400 0.24219100
vt 0.76236600 0.97328400
vt 0.08891000 0.57235800
vt 0.12688900 0.25648100
vt 0.12070300 0.24789600
vt 0.07560400 0.56618900
vt 0.77359800 0.96581900
vt 0.02889200 0.53143200
vt 0.05233800 0.54863600
vt 0.04361400 0.54590100
vt 0.09829400 0.57237600
vt 0.09743300 0.56821400
vt 0.13194100 0.24976000
vt 0.03877700 0.54154300
vt 0.10130200 0.22713200
vt 0.05984100 0.53785700
vt 0.78040400 0.30143600
vt 0.10588400 0.27150300
vt 0.50000000 0.50000000
vt 0.14652200 0.26128900
vt 0.09451300 0.22135300
vt 0.10854600 0.59649400
vt 0.17353800 0.81042400
vt 0.10412500 0.27294000
vt 0.08327300 0.55248600
vt 0.97501800 0.69767700
vt 0.08534000 0.55468700
vt 0.17417300 0.81105400
vt 0.50000000 0.50000000
vt 0.10736600 0.59554400
vt 0.10060600 0.19819400
vt 0.97767800 0.69789700
vt 0.06952000 0.54935700
vt 0.98142100 0.67285700
vt 0.08742300 0.24522100
vt 0.03939700 0.53439100
vt 0.76358400 0.96957800
vt 0.97278100 0.69643500
vt 0.76701400 0.96859800
vt 0.10657000 0.23412500
vt 0.05283500 0.53879600
vt 0.17865300 0.84004200
vt 0.18456700 0.82929800
vt 0.08246100 0.55071300
vt 0.90230100 0.40587100
vt 0.08806300 0.24677100
vt 0.98314400 0.67395300
vt 0.05089700 0.54013600
vt 0.97189000 0.69476800
vt 0.76901000 0.96967400
vt 0.09243200 0.24843300
vt 0.09035600 0.56552100
vt 0.10291300 0.22976300
vt 0.04835900 0.53907500
vt 0.77207900 0.96912200
vt 0.08078400 0.54858100
vt 0.97029300 0.69295200
vt 0.10081200 0.19640900
vt 0.10548900 0.24675300
vt 0.78084400 0.95957500
vt 0.97220500 0.68876900
vt 0.10107500 0.19247600
vt 0.64154500 0.19424500
vt 0.09726500 0.22504100
vt 0.06643500 0.55258000
vt 0.10657500 0.24502200
vt 0.13926500 0.26373300
vt 0.11007200 0.26755400
vt 0.50000000 0.50000000
vt 0.96638500 0.67623200
vt 0.06734400 0.54989000
vt 0.06584300 0.54809000
vt 0.09998300 0.22212200
vt 0.77952100 0.31383800
vt 0.75809700 0.97702600
vt 0.07511600 0.54769200
vt 0.07301800 0.54609600
vt 0.76492700 0.96484100
vt 0.03556200 0.53484900
vt 0.10221700 0.22497100
vt 0.10296100 0.22438100
vt 0.10941700 0.57834200
vt 0.18118200 0.84720800
vt 0.18194200 0.83082800
vt 0.50000000 0.50000000
vt 0.11154800 0.26482200
vt 0.09644900 0.21365600
vt 0.10425900 0.57107100
vt 0.96883100 0.67407500
vt 0.07067800 0.54853000
vt 0.96386400 0.66932900
vt 0.63892000 0.20869600
vt 0.11538100 0.25628900
vt 0.10177200 0.22141500
vt 0.76395500 0.97310300
vt 0.18133100 0.83300900
vt 0.17878000 0.83418900
vt 0.89062200 0.37925800
vt 0.88744300 0.37897400
vt 0.17065500 0.84248800
vt 0.64864400 0.15937000
vt 0.08107600 0.56645100
vt 0.09933000 0.56338400
vt 0.09980900 0.56948800
vt 0.18605000 0.82544400
vt 0.13707500 0.27553900
vt 0.50000000 0.50000000
vt 0.11302300 0.26270900
vt 0.97878800 0.67448400
vt 0.09439800 0.24898900
vt 0.97788900 0.68543300
vt 0.96683100 0.66704900
vt 0.76677100 0.96992100
vt 0.10480700 0.23168400
vt 0.11029400 0.24310900
vt 0.18457500 0.84419700
vt 0.09593900 0.56301500
vt 0.10459800 0.57819300
vt 0.97764500 0.69575700
vt 0.04910400 0.53870200
vt 0.05124100 0.54173700
vt 0.10344300 0.57686300
vt 0.07407100 0.55355400
vt 0.96899500 0.68045400
vt 0.17982800 0.84204100
vt 0.10527700 0.22864000
vt 0.10469400 0.22570500
vt 0.09208400 0.56492100
vt 0.08942600 0.56978500
vt 0.05323700 0.53965300
vt 0.14466300 0.26268700
vt 0.76287300 0.96620200
vt 0.03891200 0.53663900
vt 0.18751800 0.82751200
vt 0.14080000 0.27377500
vt 0.05241000 0.54537200
vt 0.10812900 0.23651900
vt 0.18220500 0.84383100
vt 0.04683400 0.54221700
vt 0.11130100 0.24963200
vt 0.10935100 0.23519300
vt 0.09776900 0.21448000
vt 0.09822600 0.21218600
vt 0.11427600 0.25390900
vt 0.10281800 0.20767200
vt 0.10140200 0.20665500
vt 0.11123200 0.24188200
vt 0.10741400 0.23462600
vt 0.76406500 0.97177000
vt 0.08338900 0.56709900
vt 0.76616600 0.96385200
vt 0.03436700 0.53316100
vt 0.07426000 0.56253800
vt 0.97580200 0.68673600
vt 0.97325000 0.68590700
vt 0.97127300 0.66735300
vt 0.14339700 0.26465500
vt 0.97997700 0.67918100
vt 0.09516800 0.24509800
vt 0.07998700 0.55292300
vt 0.18164000 0.82520800
vt 0.17841000 0.82455100
vt 0.09493500 0.24341700
vt 0.97016400 0.67346000
vt 0.07086600 0.55193500
vt 0.96972900 0.66817100
vt 0.17702800 0.82324400
vt 0.50000000 0.50000000
vt 0.76752900 0.97004300
vt 0.88565900 0.35690200
vt 0.10637600 0.56236000
vt 0.97496900 0.69891900
vt 0.07423400 0.54607800
vt 0.76547800 0.97220500
vt 0.77958200 0.30814600
vt 0.18567800 0.82586800
vt 0.10446000 0.56416500
vt 0.76798200 0.97105400
vt 0.77864400 0.31280400
vt 0.64640400 0.17520800
vt 0.10398100 0.56094400
vt 0.13673200 0.26876500
vt 0.18156800 0.82782500
vt 0.10470900 0.23509800
vt 0.17539600 0.84432900
vt 0.08590000 0.55086600
vt 0.07125400 0.55961600
vt 0.10586800 0.24812100
vt 0.16993500 0.84686800
vt 0.88693500 0.36227100
vt 0.10767100 0.24938700
vt 0.10085800 0.56076100
vt 0.98019600 0.69738400
vt 0.06852700 0.55591900
vt 0.98103600 0.69629100
vt 0.07198300 0.54530200
vt 0.09843000 0.22735800
vt 0.64405200 0.18849300
vt 0.07087300 0.55558600
vt 0.98457400 0.69807200
vt 0.98296400 0.69712100
vt 0.97123900 0.69691700
vt 0.17227200 0.82138000
vt 0.50000000 0.50000000
vt 0.14038200 0.26470200
vt 0.88785600 0.36801600
vt 0.17419500 0.82215100
vt 0.50000000 0.50000000
vt 0.08494100 0.55656600
vt 0.17468200 0.82313800
vt 0.50000000 0.50000000
vt 0.18044700 0.83206400
vt 0.17453800 0.81722400
vt 0.50000000 0.50000000
vt 0.06998500 0.54508000
vt 0.17624200 0.83089400
vt 0.09371500 0.21140800
vt 0.10386100 0.56359900
vt 0.98554900 0.67723700
vt 0.08896500 0.25069000
vt 0.09476600 0.21480100
vt 0.14203200 0.26904600
vt 0.78098800 0.96155900
vt 0.96844100 0.68246800
vt 0.88685900 0.37276700
vt 0.06838000 0.54541300
vt 0.78074800 0.95602000
vt 0.09520800 0.56002900
vt 0.09369900 0.25043500
vt 0.09388000 0.56157200
vt 0.17727700 0.83578800
vt 0.10819100 0.24372700
vt 0.98089000 0.68389000
vt 0.89856400 0.39876700
vt 0.76203700 0.97477800
vt 0.76344700 0.97357700
vt 0.06361900 0.96946300
vt 0.06807400 0.54816600
vt 0.09824300 0.20255600
vt 0.89114800 0.38329200
vt 0.17354500 0.83979400
vt 0.96395700 0.66750100
vt 0.88999900 0.38453700
vt 0.64088300 0.25817100
vt 0.88537700 0.35342900
vt 0.63969200 0.25209500
vt 0.06002000 0.54299900
vt 0.89366700 0.39426300
vt 0.08296100 0.56069100
vt 0.64729800 0.16782700
vt 0.10408400 0.56200700
vt 0.14579100 0.26108700
vt 0.96757200 0.66574600
vt 0.17081500 0.83958200
vt 0.96898400 0.66521400
vt 0.08345200 0.55686000
vt 0.17191000 0.84243800
vt 0.08644200 0.56650300
vt 0.09526200 0.21642900
vt 0.11462100 0.25020600
vt 0.98234000 0.69754300
vt 0.13738200 0.27224400
vt 0.09724200 0.20985000
vt 0.76424200 0.97254900
vt 0.96849300 0.66250500
vt 0.09586700 0.25713900
vt 0.09735400 0.22156800
vt 0.17079600 0.84491600
vt 0.08220900 0.56324900
vt 0.09817700 0.56050000
vt 0.07084600 0.54652600
vt 0.97230100 0.68291100
vt 0.10040000 0.22313900
vt 0.06859300 0.55424100
vt 0.98458900 0.67548700
vt 0.17415800 0.83523100
vt 0.06490900 0.54607300
vt 0.98245800 0.68578100
vt 0.09701900 0.20671900
vt 0.10116100 0.56446900
vt 0.10029000 0.20808900
vt 0.10648500 0.23733000
vt 0.06644500 0.55469500
vt 0.18011800 0.84368900
vt 0.09951700 0.56673400
vt 0.07635600 0.56222900
vt 0.10679300 0.57787800
vt 0.10628000 0.57353800
vt 0.09782300 0.22928800
vt 0.96772100 0.65601700
vt 0.09750600 0.19991900
vt 0.09046000 0.22029500
vt 0.95736300 0.65776900
vt 0.09170200 0.22088600
vt 0.09227500 0.22384300
vt 0.96240900 0.65921400
vt 0.09351200 0.22338200
vt 0.17969700 0.82562900
vt 0.07495300 0.54568100
vt 0.96633300 0.65819600
vt 0.08641000 0.55780200
vt 0.16985400 0.84148200
vt 0.07695500 0.54615500
vt 0.10126200 0.56027600
vt 0.09531300 0.25905800
vt 0.09758700 0.25932000
vt 0.17743600 0.82809900
vt 0.17736800 0.84493600
vt 0.09908200 0.55961900
vt 0.09904200 0.19719600
vt 0.10462500 0.24372700
vt 0.96818300 0.65923000
vt 0.98301600 0.67577100
vt 0.97910900 0.69406600
vt 0.17356700 0.83451900
vt 0.02854200 0.53011700
vt 0.77638200 0.96695800
vt 0.75934900 0.97550500
vt 0.77909100 0.96519500
vt 0.98409300 0.69861000
vt 0.76144100 0.97523800
vt 0.79589600 0.94526700
vt 0.07123600 0.54430900
vt 0.98629900 0.67546000
vt 0.09091200 0.24937800
vt 0.10821200 0.25455800
vt 0.98040300 0.69151600
vt 0.17285100 0.83681600
vt 0.10835600 0.57322900
vt 0.17763900 0.85125300
vt 0.96966000 0.69386300
vt 0.77968000 0.96290900
vt 0.09491400 0.21244700
vt 0.97976500 0.69004200
vt 0.97906800 0.68802200
vt 0.97061100 0.68889700
vt 0.10402500 0.18955700
vt 0.06111800 0.96415600
vt 0.17363700 0.81482600
vt 0.50000000 0.50000000
vt 0.07006200 0.54391000
vt 0.76388300 0.97405100
vt 0.09477900 0.24711900
vt 0.96420200 0.67329800
vt 0.98082500 0.68058300
vt 0.96302800 0.66994300
vt 0.08800100 0.25082800
vt 0.98468300 0.67772900
vt 0.89000800 0.37545000
vt 0.08924700 0.25426200
vt 0.98982500 0.68150100
vt 0.64281900 0.24500500
vt 0.06594700 0.54375800
vt 0.78215900 0.29563200
vt 0.06407300 0.54389900
vt 0.78232600 0.29688800
vt 0.10928500 0.26674500
vt 0.08982900 0.25354500
vt 0.88613000 0.35135400
vt 0.07955400 0.54743000
vt 0.63780500 0.21980700
vt 0.90747700 0.41700700
vt 0.65033300 0.15319000
vt 0.90847800 0.42041300
vt 0.63917500 0.23296200
vt 0.10479900 0.56453400
vt 0.97911900 0.68732800
vt 0.09833700 0.24542500
vt 0.17629300 0.82481200
vt 0.98077000 0.67779800
vt 0.07862300 0.55683500
vt 0.17128400 0.85080200
vt 0.97070400 0.68686700
vt 0.18266000 0.82597600
vt 0.97017100 0.66070700
vt 0.10056900 0.22952000
vt 0.96626400 0.66462000
vt 0.09058600 0.56237000
vt 0.09377300 0.25704800
vt 0.18763800 0.82648500
vt 0.13881300 0.27329300
vt 0.10290500 0.56794400
vt 0.97088200 0.66534700
vt 0.07457700 0.55859900
vt 0.10754600 0.24234200
vt 0.09605500 0.22699800
vt 0.96601300 0.65596200
vt 0.17979800 0.82976100
vt 0.98021400 0.67563600
vt 0.11023700 0.25494600
vt 0.06268800 0.54532000
vt 0.96463500 0.66644700
vt 0.08665000 0.24533100
vt 0.98082600 0.67328500
vt 0.17717700 0.83318000
vt 0.08510700 0.56013900
vt 0.17912400 0.83193600
vt 0.98100400 0.69242200
vt 0.10819000 0.25114400
vt 0.11183900 0.25237700
vt 0.17647300 0.84056600
vt 0.98538500 0.69939100
vt 0.06088100 0.54094000
vt 0.14061300 0.26710600
vt 0.14194400 0.26381300
vt 0.17634600 0.83675400
vt 0.07573700 0.55692000
vt 0.07211600 0.55676800
vt 0.98025900 0.69461200
vt 0.09684600 0.25757600
vt 0.09527100 0.23785600
vt 0.98569300 0.69925500
vt 0.97052200 0.66269800
vt 0.17246100 0.84395000
vt 0.08114300 0.55616100
vt 0.17102500 0.84839500
vt 0.97404200 0.66352000
vt 0.09291400 0.23720900
vt 0.17414200 0.84622500
vt 0.97428000 0.69870100
vt 0.89467500 0.38870800
vt 0.76576500 0.97132800
vt 0.08671700 0.55471000
vt 0.09178300 0.21361900
vt 0.76250200 0.97643400
vt 0.08222800 0.54770600
vt 0.09598100 0.24745800
vt 0.07264900 0.54442000
vt 0.50000000 0.50000000
vt 0.17257800 0.81356900
vt 0.96236200 0.67109800
vt 0.17206900 0.83334000
vt 0.10928900 0.25944800
vt 0.08093300 0.54763900
vt 0.09408000 0.20757400
vt 0.98136500 0.69079200
vt 0.10604500 0.26996800
vt 0.97821900 0.69917700
vt 0.17301500 0.81748500
vt 0.10248700 0.25007300
vt 0.96223400 0.66724500
vt 0.17533000 0.82801300
vt 0.17034800 0.83722500
vt 0.64311800 0.19968400
vt 0.17141500 0.83574500
vt 0.10375800 0.56907500
vt 0.17413400 0.82460300
vt 0.08860600 0.55489400
vt 0.17427300 0.82652600
vt 0.77783000 0.31214100
vt 0.77423300 0.97031500
vt 0.65142600 0.16059200
vt 0.78250000 0.95782800
vt 0.10774000 0.26911900
vt 0.97343700 0.66116600
vt 0.09493500 0.23577400
vt 0.09391000 0.25285600
vt 0.09352100 0.20984500
vt 0.65148400 0.16647600
vt 0.96028600 0.66599100
vt 0.97203400 0.69815300
vt 0.09586800 0.25251300
vt 0.98140100 0.67655500
vt 0.98289700 0.67897100
vt 0.97314500 0.65996200
vt 0.09713700 0.23582300
vt 0.96523400 0.66298100
vt 0.77617400 0.31479500
vt 0.75865300 0.97740700
vt 0.80572300 0.93139900
vt 0.98723300 0.68218900
vt 0.88734100 0.34226700
vt 0.06151300 0.97714300
vt 0.88904400 0.37127700
vt 0.10839500 0.25159400
vt 0.77977500 0.29901200
vt 0.06115900 0.53928500
vt 0.88775400 0.34957100
vt 0.06136800 0.54075900
vt 0.77946900 0.29737100
vt 0.10982600 0.25650600
vt 0.08162000 0.54810200
vt 0.09227800 0.55717400
vt 0.96672600 0.67946200
vt 0.76520600 0.97366800
vt 0.63735100 0.24152900
vt 0.16986900 0.85256900
vt 0.09057800 0.55892300
vt 0.76671700 0.97266500
vt 0.10283100 0.24627800
vt 0.90093200 0.40347000
vt 0.10146800 0.24030000
vt 0.09127400 0.26028300
vt 0.09318100 0.25947500
vt 0.10235300 0.23275300
vt 0.07557800 0.54541400
vt 0.07518800 0.54506900
vt 0.76340300 0.97474200
vt 0.07413200 0.54492100
vt 0.63683600 0.22376400
vt 0.63865400 0.22669000
vt 0.95943300 0.66193300
vt 0.08912300 0.56475400
vt 0.08847700 0.56571000
vt 0.08864100 0.55796500
vt 0.76147400 0.97576200
vt 0.08882100 0.25489700
vt 0.99031600 0.68248400
vt 0.98206800 0.69882900
vt 0.09705800 0.26044600
vt 0.17823000 0.82514000
vt 0.11234000 0.26149000
vt 0.09926500 0.25186400
vt 0.96314800 0.66405700
vt 0.98296900 0.68861400
vt 0.08998500 0.25704800
vt 0.96912000 0.65899600
vt 0.07891500 0.55866200
vt 0.98569300 0.68670700
vt 0.09187200 0.25639200
vt 0.08916400 0.56045100
vt 0.09685900 0.24950000
vt 0.09739400 0.25202100
vt 0.98657100 0.67890500
vt 0.08885600 0.25195000
vt 0.07823800 0.56024600
vt 0.10330500 0.24315700
vt 0.10698100 0.25578500
vt 0.08821100 0.56302900
vt 0.10426400 0.23928300
vt 0.09251700 0.25512600
vt 0.10927100 0.25328500
vt 0.10652300 0.25928200
vt 0.11157100 0.25586300
vt 0.09527500 0.25449500
vt 0.11255400 0.25822600
vt 0.11202800 0.26012700
vt 0.17194600 0.81935400
vt 0.97615800 0.70119100
vt 0.09819900 0.25537100
vt 0.77870500 0.30362000
vt 0.10355500 0.27266700
vt 0.17256000 0.80985800
vt 0.98468400 0.68999800
vt 0.16857100 0.83634300
vt 0.95995400 0.66998600
vt 0.10360900 0.24894300
vt 0.17284600 0.81164900
vt 0.98548800 0.68818400
vt 0.09064600 0.25908000
vt 0.17284100 0.82385100
vt 0.09973500 0.25549700
vt 0.95816700 0.66424500
vt 0.09619900 0.73471600
vt 0.09174900 0.25333200
vt 0.09842600 0.24076000
vt 0.10430800 0.27125900
vt 0.88930000 0.36417800
vt 0.09009700 0.55569300
vt 0.98733400 0.68460200
vt 0.17422000 0.82944000
vt 0.09821900 0.26255900
vt 0.97653300 0.69921500
vt 0.76595400 0.97568800
vt 0.10828200 0.26573700
vt 0.08745500 0.25680900
vt 0.99163700 0.68529100
vt 0.98115500 0.69980900
vt 0.10518300 0.56558200
vt 0.76541800 0.97410100
vt 0.10340200 0.56625800
vt 0.96503900 0.66103100
vt 0.09244700 0.22599100
vt 0.98142500 0.69991300
vt 0.98287600 0.70126700
vt 0.78288900 0.96494900
vt 0.10568800 0.56702800
vt 0.17448600 0.85539800
vt 0.76643800 0.97422300
vt 0.08403100 0.54909100
vt 0.76773300 0.97473900
vt 0.10287400 0.25339700
vt 0.09318900 0.26195500
vt 0.10621800 0.25766600
vt 0.75998800 0.97675500
vt 0.89876900 0.39605600
vt 0.16911500 0.84719000
vt 0.08145000 0.54730400
vt 0.10441600 0.26350700
vt 0.09697300 0.19267800
vt 0.89421400 0.38304900
vt 0.10561600 0.56022700
vt 0.07923500 0.54689800
vt 0.06528200 0.54215000
vt 0.78008600 0.29522900
vt 0.16972600 0.85063800
vt 0.64989700 0.17342700
vt 0.10375600 0.55970100
vt 0.01112300 0.53877200
vt 0.78479800 0.94553100
vt 0.90383200 0.41093700
vt 0.64779100 0.18190400
vt 0.09778400 0.24010400
vt 0.98121700 0.69328000
vt 0.98475700 0.70157300
vt 0.98537600 0.69919600
vt 0.98646400 0.69860900
vt 0.96842600 0.69376300
vt 0.96997800 0.68882600
vt 0.17337600 0.81262900
vt 0.09522500 0.55856900
vt 0.17566600 0.84997700
vt 0.09944200 0.23276800
vt 0.97021100 0.65672700
vt 0.09873400 0.24838100
vt 0.17285200 0.82937700
vt 0.10979600 0.26394900
vt 0.09634900 0.26268900
vt 0.95733600 0.66051800
vt 0.08877700 0.22109900
vt 0.09999300 0.24934500
vt 0.76462000 0.97513900
vt 0.10638500 0.25181700
vt 0.98788900 0.67622800
vt 0.09143500 0.25112000
vt 0.97095400 0.65863500
vt 0.09776000 0.23335500
vt 0.09941300 0.23653100
vt 0.10406000 0.25455000
vt 0.96261600 0.66185000
vt 0.10107400 0.23684400
vt 0.10237600 0.23625000
vt 0.09908100 0.24346100
vt 0.10028300 0.24639700
vt 0.10774100 0.26299400
vt 0.09914400 0.25766900
vt 0.17424600 0.84988900
vt 0.98376000 0.69564400
vt 0.97306800 0.69961400
vt 0.98406000 0.69382600
vt 0.10073000 0.27336100
vt 0.16944300 0.80770500
vt 0.64951600 0.17970100
vt 0.16556100 0.85205100
vt 0.11107500 0.56000600
vt 0.09157400 0.26268000
vt 0.06862800 0.54248200
vt 0.09179900 0.26491000
vt 0.09079900 0.21104100
vt 0.98734600 0.69074300
vt 0.09703500 0.25418500
vt 0.09333300 0.55594600
vt 0.17083200 0.82477200
vt 0.98850600 0.69003100
vt 0.09415300 0.26837000
vt 0.98201200 0.69233500
vt 0.78918700 0.94467600
vt 0.10243300 0.27195200
vt 0.17130000 0.80814200
vt 0.96307200 0.67427300
vt 0.97921000 0.70015500
vt 0.10519900 0.25929600
vt 0.16885100 0.82567500
vt 0.10669000 0.56131000
vt 0.96064100 0.67490900
vt 0.16846600 0.82882600
vt 0.16797300 0.84464100
vt 0.88600300 0.35473500
vt 0.98046600 0.70050500
vt 0.98571200 0.69793900
vt 0.17185600 0.85377900
vt 0.88788600 0.35628700
vt 0.07846200 0.54568900
vt 0.10486600 0.25793900
vt 0.07636400 0.54411500
vt 0.09459100 0.73419600
vt 0.95774400 0.66324200
vt 0.17244700 0.82835200
vt 0.10495000 0.26112800
vt 0.09692700 0.26417100
vt 0.08577000 0.55035300
vt 0.17005000 0.81293100
vt 0.96958300 0.69539200
vt 0.90588900 0.40628500
vt 0.77843500 0.29943900
vt 0.10564500 0.26521800
vt 0.17134200 0.81659400
vt 0.89769400 0.39329100
vt 0.17492900 0.85174000
vt 0.77876900 0.30028000
vt 0.77735200 0.30646900
vt 0.63976200 0.22826300
vt 0.64044800 0.21314600
vt 0.76066200 0.97789400
vt 0.77429300 0.31429200
vt 0.06486500 0.97044400
vt 0.89035000 0.33432700
vt 0.64279900 0.20451900
vt 0.16944500 0.82958900
vt 0.98290600 0.69021200
vt 0.96070400 0.66395900
vt 0.17286300 0.82695700
vt 0.17151400 0.81471000
vt 0.77687800 0.31244500
vt 0.09379900 0.26597400
vt 0.98113400 0.70271700
vt 0.90226600 0.39912200
vt 0.09799300 0.23873300
vt 0.98816000 0.68417100
vt 0.16919200 0.82266500
vt 0.09009300 0.26580400
vt 0.08506800 0.25774300
vt 0.99104300 0.68791500
vt 0.16826500 0.83263200
vt 0.08982600 0.55278400
vt 0.08226400 0.54579600
vt 0.10416300 0.25610100
vt 0.16863400 0.81052800
vt 0.10165600 0.27645200
vt 0.09809800 0.23704200
vt 0.08801500 0.55070800
vt 0.16931200 0.85427300
vt 0.10840100 0.56206600
vt 0.89146500 0.36990900
vt 0.08855500 0.26215900
vt 0.97857100 0.70016100
vt 0.10485400 0.27014400
vt 0.09335100 0.26844900
vt 0.10703400 0.26805700
vt 0.76187800 0.97801200
vt 0.77317500 0.31121800
vt 0.08902600 0.26383900
vt 0.16730100 0.82619900
vt 0.08477900 0.26227500
vt 0.08574600 0.26365200
vt 0.10258800 0.26206600
vt 0.08573300 0.26189400
vt 0.16679000 0.82870900
vt 0.97056700 0.69895500
vt 0.16742200 0.81599600
vt 0.09224700 0.21001700
vt 0.76363100 0.97629700
vt 0.10805000 0.26507200
vt 0.09768100 0.55755000
vt 0.08815200 0.25930100
vt 0.95845800 0.66679100
vt 0.09782900 0.73591600
vt 0.88851900 0.35957900
vt 0.09983200 0.26925500
vt 0.16753000 0.85036000
vt 0.07377100 0.54333000
vt 0.16827700 0.85150400
vt 0.96803600 0.68675600
vt 0.89592100 0.38945100
vt 0.64768900 0.18913800
vt 0.10424000 0.26558000
vt 0.64286900 0.25271800
vt 0.63879600 0.27414400
vt 0.06029300 0.98018500
vt 0.88783700 0.34493200
vt 0.97775000 0.70318500
vt 0.97875300 0.70234700
vt 0.98648900 0.69527900
vt 0.17403100 0.85224900
vt 0.09878900 0.26541900
vt 0.09882700 0.26739600
vt 0.09881200 0.27151400
vt 0.10719300 0.57096500
vt 0.17648100 0.85307400
vt 0.10020900 0.27073000
vt 0.10220400 0.25565500
vt 0.17003600 0.83375800
vt 0.17071300 0.82163900
vt 0.77629100 0.30050400
vt 0.17353000 0.85521600
vt 0.10624100 0.56611800
vt 0.77786700 0.30408300
vt 0.17090500 0.82803800
vt 0.09533100 0.26890900
vt 0.09274600 0.26303000
vt 0.09853200 0.27015300
vt 0.16993600 0.81584500
vt 0.17018200 0.83133100
vt 0.77528300 0.30988400
vt 0.98102400 0.70081600
vt 0.97233500 0.70036600
vt 0.09873700 0.27334700
vt 0.96616800 0.68495200
vt 0.90380100 0.40286100
vt 0.08530300 0.26097800
vt 0.09892700 0.27572300
vt 0.16655700 0.80781500
vt 0.65437000 0.15231600
vt 0.91195500 0.41820800
vt 0.98934700 0.69331300
vt 0.10306200 0.25842600
vt 0.65277900 0.15701800
vt 0.91216000 0.42225600
vt 0.08988000 0.26733500
vt 0.97963900 0.70112300
vt 0.10020000 0.26401900
vt 0.96397900 0.68083000
vt 0.09265100 0.73467600
vt 0.95659300 0.66255000
vt 0.08740700 0.22136500
vt 0.64518600 0.20230100
vt 0.77710700 0.29790400
vt 0.09670900 0.27167200
vt 0.10058600 0.26237100
vt 0.10403800 0.26985700
vt 0.10186600 0.26391700
vt 0.99085000 0.69091100
vt 0.08309900 0.25907700
vt 0.88927000 0.36129800
vt 0.90818500 0.41321500
vt 0.77601800 0.30650000
vt 0.96763800 0.69038700
vt 0.89396000 0.38613700
vt 0.63995700 0.23591800
vt 0.77029200 0.97289200
vt 0.79171400 0.93564000
vt 0.64945400 0.18448000
vt 0.09523900 0.20205300
vt 0.64563400 0.19571100
vt 0.09888200 0.19097600
vt 0.06491100 0.96067600
vt 0.10665200 0.26664400
vt 0.10346800 0.25957200
vt 0.10110000 0.25806400
vt 0.16963900 0.81821900
vt 0.16777100 0.81834100
vt 0.08736100 0.26076000
vt 0.96628800 0.69606900
vt 0.16769300 0.82161400
vt 0.17467200 0.85317600
vt 0.10277900 0.26793100
vt 0.16723000 0.81214300
vt 0.09771900 0.23773300
vt 0.98917400 0.68730300
vt 0.07759000 0.26117600
vt 0.98777800 0.69771700
vt 0.09909800 0.73896700
vt 0.95743000 0.67138900
vt 0.08775000 0.26499800
vt 0.97636500 0.70426400
vt 0.98842300 0.69602900
vt 0.07809400 0.26135000
vt 0.08739600 0.54936600
vt 0.08937200 0.21663600
vt 0.90914300 0.40641100
vt 0.09310700 0.27041100
vt 0.96444200 0.67728500
vt 0.16591400 0.84081600
vt 0.90780600 0.41047000
vt 0.76715500 0.97627600
vt 0.77232300 0.31441600
vt 0.77298900 0.30015400
vt 0.64047600 0.23973900
vt 0.10475700 0.55839300
vt 0.07877300 0.54343500
vt 0.64307000 0.21560400
vt 0.88792100 0.35251200
vt 0.88922200 0.35489500
vt 0.64185600 0.24980800
vt 0.77469700 0.97215200
vt 0.64725000 0.25240500
vt 0.89290700 0.37084500
vt 0.64577500 0.19343600
vt 0.10215900 0.26965700
vt 0.10358700 0.26968200
vt 0.08361400 0.25979700
vt 0.10163800 0.26113400
vt 0.10123900 0.26059800
vt 0.08719100 0.26338700
vt 0.10552200 0.26620400
vt 0.10456200 0.26838400
vt 0.99138200 0.69418400
vt 0.08167800 0.26101600
vt 0.10109600 0.26725200
vt 0.10136000 0.26856700
vt 0.10241300 0.26548400
vt 0.16629800 0.81919300
vt 0.97244100 0.70166900
vt 0.09289100 0.27162700
vt 0.99088800 0.69590800
vt 0.08024800 0.26206000
vt 0.11371400 0.74664100
vt 0.96377200 0.68500000
vt 0.89771400 0.38297200
vt 0.64795000 0.20146700
vt 0.98549200 0.70346500
vt 0.07264000 0.26380000
vt 0.16571100 0.84418100
vt 0.64192500 0.22963700
vt 0.64557400 0.24981800
vt 0.08941500 0.55075400
vt 0.16537400 0.80879600
vt 0.09875700 0.27750800
vt 0.89093600 0.36653000
vt 0.90016500 0.39243200
vt 0.16594900 0.81509400
vt 0.91161100 0.41642100
vt 0.78958000 0.95740400
vt 0.90174700 0.39693200
vt 0.96869500 0.70097100
vt 0.11957200 0.75506100
vt 0.08495300 0.26493000
vt 0.89046800 0.35407900
vt 0.07727500 0.26375700
vt 0.16708800 0.84802300
vt 0.90761500 0.40411200
vt 0.16739000 0.85403500
vt 0.65307400 0.17655500
vt 0.89121600 0.35615600
vt 0.09832700 0.55439900
vt 0.65503600 0.16869200
vt 0.64206600 0.22086200
vt 0.96071700 0.67909400
vt 0.11099300 0.74129500
vt 0.09103800 0.20420100
vt 0.08850500 0.20823200
vt 0.96597900 0.69089800
vt 0.65039300 0.18863300
vt 0.77900100 0.97016400
vt 0.77328000 0.30377200
vt 0.78617800 0.96025900
vt 0.63997700 0.28395200
vt 0.16669800 0.83407900
vt 0.09503500 0.27331900
vt 0.07095600 0.54042000
vt 0.96375100 0.68830300
vt 0.11381300 0.74975500
vt 0.64889800 0.19590700
vt 0.08336900 0.26296200
vt 0.16847300 0.85520300
vt 0.10697100 0.55851800
vt 0.97411900 0.70466300
vt 0.89387900 0.36529300
vt 0.09435600 0.19318500
vt 0.07352300 0.26475400
vt 0.09626500 0.55151100
vt 0.96544600 0.69773500
vt 0.11720000 0.75523700
vt 0.89025200 0.34240300
vt 0.06366000 0.97826100
vt 0.96422700 0.69194200
vt 0.11451500 0.75324700
vt 0.16350700 0.81406200
vt 0.64527800 0.25583100
vt 0.89280600 0.37447200
vt 0.65536700 0.15814600
vt 0.91483300 0.42214700
vt 0.65584100 0.16223900
vt 0.91669500 0.42498200
vt 0.64435800 0.26720600
vt 0.90080200 0.38627600
vt 0.16346700 0.83447800
vt 0.09551000 0.73614200
vt 0.89070400 0.35762800
vt 0.96112800 0.68359200
vt 0.11216900 0.74535800
vt 0.06594700 0.53831900
vt 0.77465000 0.29527200
vt 0.08301500 0.54258000
vt 0.08333600 0.26529500
vt 0.95812400 0.67462600
vt 0.10176600 0.74049000
vt 0.07881900 0.53982900
vt 0.09198400 0.73787300
vt 0.08508000 0.21914300
vt 0.90584200 0.39878100
vt 0.64591900 0.23611300
vt 0.78155000 0.96701600
vt 0.64447300 0.26312600
vt 0.97033500 0.70196200
vt 0.12043400 0.75637100
vt 0.10675500 0.74247600
vt 0.89389300 0.37607500
vt 0.89152500 0.35145600
vt 0.65356200 0.18249300
vt 0.09210700 0.54820300
vt 0.64816600 0.25079500
vt 0.79106500 0.94875000
vt 0.77020900 0.30977200
vt 0.89463500 0.37713000
vt 0.08789300 0.54573900
vt 0.66102200 0.16160000
vt 0.16338800 0.81773300
vt 0.07099400 0.53717200
vt 0.77458300 0.29029100
vt 0.91408800 0.41594600
vt 0.89784900 0.38588600
vt 0.09223200 0.19879600
vt 0.16287700 0.84003100
vt 0.08751900 0.26855600
vt 0.65580200 0.17607900
vt 0.10400200 0.55682400
vt 0.64525300 0.23373500
vt 0.07841800 0.26527000
vt 0.77388000 0.97640400
vt 0.76640100 0.31323200
vt 0.91235800 0.41146600
vt 0.96226200 0.68912700
vt 0.11304000 0.75051700
vt 0.90383700 0.39511600
vt 0.64618800 0.20593200
vt 0.06823000 0.96408600
vt 0.09293900 0.27445700
vt 0.89296500 0.36690700
vt 0.08657300 0.21532400
vt 0.08655600 0.73664100
vt 0.81168600 0.92619100
vt 0.63838400 0.28985800
vt 0.11892800 0.75667600
vt 0.63645900 0.28542100
vt 0.81082800 0.92063800
vt 0.78337900 0.96169800
vt 0.89640500 0.38121900
vt 0.97145000 0.70329600
vt 0.12141000 0.75780400
vt 0.89202700 0.35003500
vt 0.09176300 0.27180800
vt 0.89568400 0.37056100
vt 0.06559800 0.97257900
vt 0.89121100 0.33654400
vt 0.09518200 0.27595400
vt 0.64788300 0.25394800
vt 0.90180500 0.39015500
vt 0.65033700 0.19137300
vt 0.89690900 0.37769200
vt 0.16197800 0.81999500
vt 0.10358600 0.55300000
vt 0.16286300 0.84917400
vt 0.11440000 0.55807400
vt 0.89248300 0.36021100
vt 0.16249500 0.83046200
vt 0.65802500 0.18671300
vt 0.90859100 0.39952900
vt 0.64885600 0.27058500
vt 0.08367400 0.21347000
vt 0.64887100 0.25284400
vt 0.66031100 0.16907800
vt 0.64270200 0.27280100
vt 0.16242300 0.82475700
vt 0.16035200 0.81227500
vt 0.65489500 0.19408300
vt 0.11187400 0.55713400
vt 0.64520400 0.24094800
vt 0.08820700 0.27204200
vt 0.07409300 0.26754800
vt 0.97697500 0.70605200
vt 0.06912500 0.26498200
vt 0.64921700 0.25758500
vt 0.09311500 0.18926200
vt 0.07020500 0.96001000
vt 0.89688200 0.32339700
vt 0.16064800 0.84478600
vt 0.78695400 0.96503800
vt 0.07042200 0.96591900
vt 0.89465400 0.32945100
vt 0.09810000 0.74210700
vt 0.89468400 0.33796300
vt 0.64609700 0.22505900
vt 0.89252900 0.34467500
vt 0.12106100 0.75943400
vt 0.97190500 0.70463300
vt 0.09399000 0.54431300
vt 0.09093700 0.27360800
vt 0.11670500 0.75620200
vt 0.63768700 0.27876500
vt 0.79810500 0.94198900
vt 0.65003100 0.25337200
vt 0.91927300 0.41983900
vt 0.66135000 0.15769400
vt 0.07235800 0.26623700
vt 0.08419700 0.27035700
vt 0.16281500 0.80819000
vt 0.09720100 0.27870400
vt 0.89406400 0.34027000
vt 0.65917100 0.18273400
vt 0.65491100 0.19823900
vt 0.91420300 0.40934700
vt 0.78255500 0.96976200
vt 0.89570200 0.36349200
vt 0.65059500 0.23680400
vt 0.80392000 0.94347100
vt 0.89282000 0.35366500
vt 0.80315700 0.93865800
vt 0.09048300 0.74434200
vt 0.08032000 0.21630000
vt 0.89570000 0.37423600
vt 0.15952200 0.83985400
vt 0.65824900 0.17858200
vt 0.09373600 0.27931200
vt 0.10823100 0.74480300
vt 0.89406300 0.35799900
vt 0.65018000 0.25285600
vt 0.64896300 0.22970100
vt 0.15820300 0.82695300
vt 0.64836300 0.24370000
vt 0.64907700 0.28014900
vt 0.07943600 0.26808900
vt 0.80706800 0.92731700
vt 0.90658500 0.39162800
vt 0.11012400 0.74981200
vt 0.91433600 0.40577800
vt 0.77841700 0.97383100
vt 0.75987700 0.31879800
vt 0.89565500 0.33493800
vt 0.89406900 0.35489400
vt 0.76868600 0.30117400
vt 0.09092000 0.19327200
vt 0.07776100 0.53728000
vt 0.11537900 0.75660400
vt 0.09399100 0.74398900
vt 0.08423100 0.27280300
vt 0.08575800 0.20899600
vt 0.10680500 0.55368400
vt 0.64727300 0.22113100
vt 0.91695500 0.41643300
vt 0.90820800 0.38814700
vt 0.64932400 0.24716800
vt 0.89557600 0.35360100
vt 0.08694800 0.20227500
vt 0.97133100 0.70639500
vt 0.12126800 0.76154900
vt 0.06902600 0.26820400
vt 0.12803600 0.76613400
vt 0.90267500 0.37877600
vt 0.65180400 0.27537300
vt 0.66015200 0.16579600
vt 0.66008700 0.17627500
vt 0.11257800 0.75372000
vt 0.65310400 0.20265600
vt 0.91820200 0.41216100
vt 0.97072700 0.70493100
vt 0.11987400 0.75968800
vt 0.65288100 0.20617100
vt 0.89509200 0.34903100
vt 0.65015600 0.20963800
vt 0.77792000 0.97965800
vt 0.76228700 0.30895200
vt 0.97306800 0.70745200
vt 0.12339300 0.76215200
vt 0.76922100 0.29189900
vt 0.07032200 0.53345700
vt 0.10242700 0.54844100
vt 0.08937600 0.18842000
vt 0.90077200 0.32377400
vt 0.90935100 0.39516400
vt 0.78268500 0.97286400
vt 0.09881100 0.74410800
vt 0.90150200 0.38250800
vt 0.89626700 0.34343400
vt 0.65070800 0.23173500
vt 0.66116900 0.17871300
vt 0.09045900 0.54275800
vt 0.08633000 0.19629900
vt 0.13816500 0.77837600
vt 0.07907500 0.27149300
vt 0.11365800 0.55256000
vt 0.15712500 0.85355800
vt 0.10198500 0.74651200
vt 0.89655000 0.35592300
vt 0.78740700 0.96388200
vt 0.08333900 0.20462500
vt 0.08737600 0.27729100
vt 0.07360600 0.26940700
vt 0.65359400 0.23186500
vt 0.65186100 0.23449000
vt 0.12103500 0.76349700
vt 0.66347200 0.17279100
vt 0.65668000 0.19166800
vt 0.11835700 0.76058800
vt 0.10727400 0.74953900
vt 0.76504900 0.30340700
vt 0.65054300 0.26618300
vt 0.89945500 0.37493800
vt 0.15974400 0.82203600
vt 0.65401400 0.22558000
vt 0.11463100 0.55554200
vt 0.16004100 0.85049200
vt 0.15397800 0.83061300
vt 0.65270500 0.24410800
vt 0.78589900 0.96901600
vt 0.11964800 0.76234700
vt 0.89433300 0.35138800
vt 0.79732000 0.95307400
vt 0.65184200 0.25573200
vt 0.89842700 0.36734100
vt 0.89576300 0.35689400
vt 0.65270000 0.25117900
vt 0.65146500 0.21285200
vt 0.64943200 0.26136900
vt 0.15520400 0.80942800
vt 0.09454800 0.28349000
vt 0.65533900 0.21570000
vt 0.64955200 0.24020800
vt 0.89607200 0.36062000
vt 0.15468300 0.81510700
vt 0.79152300 0.96882900
vt 0.15696600 0.83516200
vt 0.89755600 0.33565300
vt 0.08661600 0.19068200
vt 0.90383300 0.32178200
vt 0.65240300 0.25403600
vt 0.15522400 0.82005600
vt 0.07678500 0.53513500
vt 0.89976900 0.36944400
vt 0.11400800 0.75579800
vt 0.65366600 0.24893000
vt 0.89815100 0.33221700
vt 0.92418800 0.40600000
vt 0.07642300 0.27143400
vt 0.13519900 0.77625100
vt 0.07725400 0.21149200
vt 0.08568100 0.74908300
vt 0.12542900 0.76502700
vt 0.06651800 0.26795100
vt 0.97235900 0.71063000
vt 0.89932500 0.36278600
vt 0.66523700 0.17543500
vt 0.65567000 0.27127000
vt 0.80486900 0.94909200
vt 0.08011200 0.20413600
vt 0.07493000 0.96531000
vt 0.89946800 0.32941300
vt 0.65634200 0.22929400
vt 0.08367200 0.27727800
vt 0.89657900 0.35088900
vt 0.08552500 0.53755100
vt 0.09103400 0.27972700
vt 0.65513600 0.25458700
vt 0.13409300 0.77797000
vt 0.92141800 0.40638300
vt 0.66421300 0.18234400
vt 0.65594300 0.24013500
vt 0.65852500 0.20232000
vt 0.66565900 0.18521900
vt 0.65463800 0.22176500
vt 0.91546900 0.39563300
vt 0.66182100 0.18725100
vt 0.91842500 0.40023500
vt 0.11862600 0.76266800
vt 0.11014800 0.75300700
vt 0.92368000 0.41281100
vt 0.66939600 0.15181900
vt 0.89688800 0.35199200
vt 0.89748800 0.35327800
vt 0.08438500 0.19208400
vt 0.90652900 0.32035400
vt 0.12233500 0.76412700
vt 0.79309700 0.96644900
vt 0.65067500 0.28427500
vt 0.89765700 0.35492000
vt 0.08049800 0.20891600
vt 0.89872800 0.35658500
vt 0.09593900 0.74764100
vt 0.89517500 0.34619200
vt 0.90637800 0.38286300
vt 0.65501200 0.24945200
vt 0.65999500 0.21081600
vt 0.10685400 0.55000800
vt 0.65725400 0.21840400
vt 0.65509800 0.24406300
vt 0.07563400 0.21344800
vt 0.08894200 0.75058900
vt 0.89771800 0.34892300
vt 0.79336400 0.96809100
vt 0.11680800 0.76002100
vt 0.78212500 0.97749800
vt 0.75457500 0.31510300
vt 0.91157500 0.39195400
vt 0.11425200 0.75836600
vt 0.15062500 0.84873200
vt 0.10134900 0.54558400
vt 0.90481900 0.37333200
vt 0.07954100 0.19658300
vt 0.89665400 0.33922800
vt 0.91451400 0.38828500
vt 0.89855500 0.36546800
vt 0.79740400 0.95884500
vt 0.90482900 0.32338500
vt 0.08562900 0.18868100
vt 0.90443000 0.37001200
vt 0.07685400 0.53235700
vt 0.76764800 0.28429200
vt 0.65910700 0.22513400
vt 0.90341900 0.32740300
vt 0.66655000 0.16686200
vt 0.89998000 0.35711300
vt 0.65826900 0.21324100
vt 0.08346000 0.20014800
vt 0.66809800 0.16152000
vt 0.76113000 0.29922400
vt 0.80526000 0.93569600
vt 0.65682800 0.26752200
vt 0.11129100 0.55008200
vt 0.11171900 0.75575300
vt 0.64471700 0.29184300
vt 0.64994700 0.29004600
vt 0.07183400 0.27108300
vt 0.12971700 0.77167600
vt 0.66428800 0.19994700
vt 0.79545300 0.96259100
vt 0.15194300 0.82682200
vt 0.08785800 0.53597200
vt 0.90162500 0.35370900
vt 0.66066400 0.22160400
vt 0.79419000 0.96538400
vt 0.89966100 0.35546200
vt 0.91813300 0.38849100
vt 0.76533800 0.29484900
vt 0.90154600 0.36297800
vt 0.12387200 0.76823500
vt 0.90091400 0.34844000
vt 0.10063600 0.54227100
vt 0.89977200 0.35210600
vt 0.65929100 0.24314100
vt 0.10566100 0.54546400
vt 0.92706900 0.40734000
vt 0.65838100 0.26107800
vt 0.65752400 0.23820500
vt 0.92154100 0.40307300
vt 0.90096500 0.35646600
vt 0.14833600 0.81503200
vt 0.80916500 0.94732600
vt 0.12030600 0.76480700
vt 0.80796600 0.95386800
vt 0.10259000 0.75035500
vt 0.66836700 0.17354800
vt 0.09228300 0.28492000
vt 0.15133300 0.80853300
vt 0.90870800 0.37116500
vt 0.78804500 0.97482600
vt 0.75108200 0.31908200
vt 0.91146300 0.38142800
vt 0.91131100 0.38505000
vt 0.09400300 0.53856500
vt 0.65793000 0.23511300
vt 0.66096200 0.20830700
vt 0.07570700 0.20776400
vt 0.12222100 0.76675100
vt 0.10540200 0.75356000
vt 0.90200000 0.34240900
vt 0.66272900 0.20882900
vt 0.80124400 0.95569700
vt 0.11455800 0.54821300
vt 0.15221700 0.85547300
vt 0.14809400 0.82260200
vt 0.66076000 0.23815100
vt 0.09459800 0.75186800
vt 0.07976000 0.20147500
vt 0.89966100 0.35074600
vt 0.75601300 0.30654000
vt 0.65917500 0.22988700
vt 0.66015800 0.21728900
vt 0.90343900 0.33544900
vt 0.66238000 0.20384700
vt 0.82120300 0.93487200
vt 0.66920300 0.15653900
vt 0.75720200 0.29618700
vt 0.66482100 0.19201400
vt 0.65704600 0.25399800
vt 0.15465900 0.84095400
vt 0.65935800 0.27886100
vt 0.90225100 0.34428300
vt 0.90660400 0.32809700
vt 0.07716800 0.27717800
vt 0.13997400 0.78403300
vt 0.90437600 0.33182800
vt 0.65827200 0.25195900
vt 0.11267900 0.75848500
vt 0.15460900 0.84650500
vt 0.65863600 0.24089400
vt 0.65586300 0.25236800
vt 0.07987200 0.27553500
vt 0.67083800 0.16433100
vt 0.65718200 0.26352800
vt 0.66942800 0.17773100
vt 0.90416500 0.33797500
vt 0.90352300 0.36018600
vt 0.66776400 0.18927100
vt 0.09869300 0.75357200
vt 0.08284500 0.53374800
vt 0.08829600 0.28194600
vt 0.08990700 0.28501900
vt 0.14918300 0.80627900
vt 0.81511600 0.93520000
vt 0.90122300 0.35122700
vt 0.79125300 0.97249100
vt 0.90670500 0.33406000
vt 0.90902400 0.37511000
vt 0.91756000 0.39493700
vt 0.09853900 0.54435800
vt 0.10940800 0.54497500
vt 0.14726700 0.82644800
vt 0.11767300 0.76366200
vt 0.08218500 0.28153200
vt 0.75628500 0.31097600
vt 0.66329700 0.22278400
vt 0.65864500 0.25596700
vt 0.90248500 0.35242700
vt 0.91060300 0.32216900
vt 0.08107000 0.18862800
vt 0.11901700 0.76425800
vt 0.07608400 0.20350400
vt 0.07567500 0.27561200
vt 0.13726900 0.78145700
vt 0.90501300 0.36591200
vt 0.66988800 0.17126500
vt 0.92473800 0.39993900
vt 0.91341100 0.37946400
vt 0.66718100 0.19719300
vt 0.90351000 0.35107100
vt 0.10429300 0.54283800
vt 0.15137100 0.83463100
vt 0.92139600 0.39703300
vt 0.67345800 0.16425000
vt 0.66539700 0.21002100
vt 0.14434100 0.80428900
vt 0.11529800 0.76202500
vt 0.13797500 0.78470900
vt 0.91233800 0.37640700
vt 0.65990500 0.25142300
vt 0.67212300 0.17949900
vt 0.65898200 0.25352400
vt 0.14925600 0.85213100
vt 0.11805600 0.54669500
vt 0.66313500 0.21270000
vt 0.66375400 0.21855100
vt 0.66313700 0.22899200
vt 0.66956900 0.18550700
vt 0.65952700 0.24593900
vt 0.66136200 0.23222400
vt 0.67231000 0.17498400
vt 0.91116500 0.37287900
vt 0.65484600 0.28049800
vt 0.66822700 0.20595200
vt 0.90395600 0.35668100
vt 0.90794800 0.34254800
vt 0.90757000 0.36661200
vt 0.90744100 0.34796200
vt 0.92836700 0.40241500
vt 0.11574400 0.54183100
vt 0.14519200 0.85954400
vt 0.65422900 0.28678000
vt 0.07812700 0.28204900
vt 0.14043600 0.79058200
vt 0.91618200 0.37861900
vt 0.66657300 0.21273600
vt 0.09743800 0.53602200
vt 0.66506900 0.20312800
vt 0.91527700 0.38392300
vt 0.10291000 0.54132800
vt 0.67450000 0.15174400
vt 0.92849200 0.41061400
vt 0.90384500 0.35465700
vt 0.67391900 0.17652400
vt 0.67015000 0.19406400
vt 0.66006900 0.25795900
vt 0.11916400 0.76606000
vt 0.91472100 0.37414700
vt 0.81543900 0.94816800
vt 0.11749900 0.76489700
vt 0.66017300 0.26447000
vt 0.12535800 0.77247200
vt 0.76211000 0.28842700
vt 0.07382700 0.52921100
vt 0.90426300 0.34781900
vt 0.67449600 0.17342400
vt 0.13089700 0.77803500
vt 0.67087400 0.18265100
vt 0.92174400 0.39093900
vt 0.66024400 0.27595200
vt 0.75645200 0.29189100
vt 0.91312400 0.31766400
vt 0.07944300 0.19408700
vt 0.66204300 0.24345700
vt 0.90608600 0.36287100
vt 0.67032100 0.18958300
vt 0.90791500 0.36428200
vt 0.13279000 0.78252700
vt 0.66193800 0.24894600
vt 0.91348100 0.32484700
vt 0.07317500 0.20897200
vt 0.08584000 0.75498800
vt 0.66011100 0.25497400
vt 0.66524800 0.22748600
vt 0.82234300 0.93219800
vt 0.65040200 0.29511600
vt 0.75169300 0.30980600
vt 0.66558500 0.21862800
vt 0.11187100 0.54658700
vt 0.15142800 0.86009100
vt 0.11044500 0.75835100
vt 0.92456400 0.39676200
vt 0.92006900 0.38321200
vt 0.66347800 0.23474600
vt 0.66457200 0.24122600
vt 0.11949900 0.76656900
vt 0.07417500 0.20096400
vt 0.80759400 0.95988800
vt 0.91367800 0.33314400
vt 0.75648000 0.29896600
vt 0.66692200 0.22275200
vt 0.90957600 0.36849700
vt 0.66137100 0.25994700
vt 0.66157700 0.25634000
vt 0.75235800 0.30297300
vt 0.67026800 0.19672800
vt 0.08889200 0.75667000
vt 0.66485600 0.23796300
vt 0.82643000 0.93750500
vt 0.65623500 0.29801500
vt 0.08145100 0.53092100
vt 0.67311800 0.17936800
vt 0.66576000 0.23053700
vt 0.14359600 0.83169100
vt 0.66258300 0.26681600
vt 0.67235000 0.18799700
vt 0.66938300 0.20089300
vt 0.11853400 0.76653500
vt 0.67838400 0.15200400
vt 0.66121600 0.27197800
vt 0.11293300 0.76071000
vt 0.81563400 0.95454700
vt 0.91891400 0.38575000
vt 0.66523900 0.24292200
vt 0.67252700 0.19117600
vt 0.91155800 0.36958200
vt 0.79899500 0.97191700
vt 0.66839900 0.21094900
vt 0.14370400 0.80842700
vt 0.93031100 0.39807700
vt 0.67668600 0.15612700
vt 0.67136100 0.19776900
vt 0.08503200 0.53029900
vt 0.10136200 0.53682000
vt 0.67269900 0.15921100
vt 0.67523300 0.16285800
vt 0.14063600 0.80045200
vt 0.08222300 0.28746800
vt 0.93039300 0.40531900
vt 0.68154000 0.14868300
vt 0.67318100 0.18279900
vt 0.09126200 0.53197800
vt 0.66167600 0.25307100
vt 0.90519700 0.35307600
vt 0.66620800 0.24005300
vt 0.66933500 0.21292500
vt 0.90616800 0.35834100
vt 0.09386000 0.53547600
vt 0.10242300 0.75856100
vt 0.67478300 0.18072500
vt 0.66170500 0.27607800
vt 0.66951400 0.20772600
vt 0.66852800 0.22027600
vt 0.80150400 0.96252100
vt 0.10659700 0.75650100
vt 0.81436400 0.95104900
vt 0.07513800 0.19721300
vt 0.92798000 0.39981200
vt 0.10687500 0.53614000
vt 0.81488000 0.94238600
vt 0.67399600 0.16783000
vt 0.66712800 0.22682700
vt 0.66668800 0.23527300
vt 0.66547900 0.24928900
vt 0.67606000 0.17150100
vt 0.66943700 0.23045500
vt 0.67124400 0.21660800
vt 0.08130800 0.52869300
vt 0.82112700 0.94317400
vt 0.90760100 0.35488000
vt 0.67605700 0.17795600
vt 0.12856100 0.77963900
vt 0.67363500 0.19160700
vt 0.14203700 0.82531000
vt 0.91813800 0.38075600
vt 0.10708300 0.75813400
vt 0.67480200 0.18427700
vt 0.91621100 0.32078000
vt 0.67759700 0.15894100
vt 0.10795000 0.53949400
vt 0.93157200 0.39999500
vt 0.67679700 0.16426600
vt 0.93221700 0.40252400
vt 0.92523800 0.38976700
vt 0.67122400 0.20292700
vt 0.66375200 0.27092900
vt 0.66345300 0.26255400
vt 0.66757300 0.23775900
vt 0.66931600 0.24507200
vt 0.67659400 0.16773600
vt 0.11708900 0.76605400
vt 0.67023000 0.26324900
vt 0.67456100 0.19612700
vt 0.65772300 0.28498200
vt 0.75152900 0.28863000
vt 0.11991100 0.76806600
vt 0.67546000 0.18446700
vt 0.80069700 0.96906400
vt 0.68248900 0.15019200
vt 0.93268000 0.40597600
vt 0.91201100 0.33115300
vt 0.92206200 0.38430800
vt 0.90824300 0.36025800
vt 0.67849500 0.15581500
vt 0.14743700 0.83901800
vt 0.90902000 0.36250300
vt 0.13427100 0.78607800
vt 0.91053000 0.36581400
vt 0.82447900 0.94142600
vt 0.65608300 0.29295000
vt 0.65848000 0.28933200
vt 0.66955500 0.25262000
vt 0.67187700 0.22026400
vt 0.67422400 0.18834300
vt 0.66625300 0.26153200
vt 0.67110300 0.21006400
vt 0.67149100 0.23534500
vt 0.66979600 0.22417900
vt 0.67201300 0.22956200
vt 0.67263500 0.19910700
vt 0.67200700 0.20676100
vt 0.91679300 0.37243500
vt 0.14111400 0.81932300
vt 0.67854600 0.15980300
vt 0.11453600 0.76245300
vt 0.67778200 0.23819900
vt 0.91977200 0.37915200
vt 0.67738700 0.16938300
vt 0.67812900 0.16328700
vt 0.13732500 0.79677100
vt 0.65932100 0.28263300
vt 0.67406700 0.20716700
vt 0.11197600 0.54085200
vt 0.66114000 0.27981600
vt 0.66384400 0.27617200
vt 0.90836200 0.34606800
vt 0.67310800 0.25306100
vt 0.90582400 0.35056500
vt 0.79902300 0.96683800
vt 0.93499300 0.40883100
vt 0.68030500 0.15334700
vt 0.07558500 0.19286700
vt 0.91813200 0.31739500
vt 0.74656700 0.30939800
vt 0.14208300 0.83668800
vt 0.92735300 0.39346900
vt 0.91335200 0.36892400
vt 0.79427900 0.97790300
vt 0.90667000 0.35208500
vt 0.67787300 0.22388200
vt 0.67478000 0.19374800
vt 0.67569700 0.23098300
vt 0.68050700 0.17722200
vt 0.67383200 0.22549300
vt 0.67777500 0.17865500
vt 0.67754200 0.18197500
vt 0.68103800 0.22971800
vt 0.67716100 0.18858100
vt 0.67534700 0.21838000
vt 0.67668500 0.21281200
vt 0.67245300 0.21297300
vt 0.65931400 0.28525800
vt 0.11804700 0.76828500
vt 0.93335100 0.39985400
vt 0.68801700 0.14462400
vt 0.12533700 0.77918100
vt 0.11933500 0.76928700
vt 0.93135400 0.39802300
vt 0.93395000 0.40354300
vt 0.68462800 0.14798900
vt 0.11629000 0.76587600
vt 0.66334500 0.27889200
vt 0.91000200 0.36223600
vt 0.68958100 0.22478100
vt 0.91092400 0.36385600
vt 0.68141000 0.15609200
vt 0.92343300 0.38619000
vt 0.08445700 0.52783000
vt 0.91290700 0.36616200
vt 0.09674800 0.75690900
vt 0.92676000 0.39134200
vt 0.91559400 0.36994700
vt 0.93043800 0.39527700
vt 0.75513800 0.28445000
vt 0.07763200 0.52502300
vt 0.07048000 0.20382800
vt 0.13794700 0.81647200
vt 0.91879300 0.37632500
vt 0.91161300 0.33725000
vt 0.68051500 0.18868800
vt 0.68370000 0.22196400
vt 0.68134300 0.15303500
vt 0.93595000 0.40788500
vt 0.67996500 0.16325100
vt 0.67811800 0.16605400
vt 0.67954100 0.24113500
vt 0.67934100 0.17156500
vt 0.67952300 0.21413900
vt 0.68012300 0.20632500
vt 0.68008500 0.21837000
vt 0.67527500 0.25545900
vt 0.67788500 0.19875000
vt 0.67622600 0.20423800
vt 0.90884100 0.35818100
vt 0.90959000 0.34011100
vt 0.91508000 0.32616400
vt 0.08859600 0.52895600
vt 0.92286000 0.38279200
vt 0.79548500 0.97262700
vt 0.91182700 0.36374600
vt 0.66021000 0.28789800
vt 0.79863500 0.96929000
vt 0.66093600 0.28253100
vt 0.93293900 0.39698900
vt 0.68402000 0.15459000
vt 0.93665300 0.39659300
vt 0.69478300 0.14242600
vt 0.68299300 0.17060900
vt 0.68529800 0.19765700
vt 0.68642300 0.18852900
vt 0.92541100 0.38774700
vt 0.67337300 0.26756400
vt 0.68592000 0.14992700
vt 0.93626700 0.40356500
vt 0.66907300 0.27187300
vt 0.68430100 0.21237800
vt 0.69450300 0.16043900
vt 0.68655300 0.17470500
vt 0.68944000 0.15721000
vt 0.68178900 0.16630000
vt 0.93259200 0.38528900
vt 0.90850500 0.35580800
vt 0.91835100 0.37171800
vt 0.91976100 0.37651500
vt 0.11120500 0.76323400
vt 0.10698000 0.76077800
vt 0.94978800 0.39925800
vt 0.70129900 0.15088400
vt 0.91030400 0.36045200
vt 0.92367800 0.38120500
vt 0.91333800 0.36443800
vt 0.91481300 0.36764900
vt 0.09957100 0.53348200
vt 0.07088000 0.20054300
vt 0.81328100 0.95955900
vt 0.07046400 0.19739500
vt 0.12222800 0.77134200
vt 0.92048200 0.31846100
vt 0.07372800 0.19130800
vt 0.91733500 0.32354600
vt 0.69035600 0.20992500
vt 0.66919700 0.27858900
vt 0.92780800 0.38897500
vt 0.92088800 0.37671700
vt 0.69229400 0.17727800
vt 0.94935500 0.38916900
vt 0.68538700 0.24100100
vt 0.92865600 0.39193100
vt 0.68196200 0.25266300
vt 0.92685300 0.38315300
vt 0.67787900 0.26410600
vt 0.69491800 0.19441800
vt 0.69934300 0.14563200
vt 0.94308500 0.39760800
vt 0.66418700 0.28104000
vt 0.93364400 0.38918800
vt 0.68888200 0.20263200
vt 0.65898000 0.29581000
vt 0.12752900 0.78149600
vt 0.91040800 0.35716700
vt 0.65960300 0.29370500
vt 0.92079000 0.37405300
vt 0.69633500 0.23135700
vt 0.91337700 0.35952700
vt 0.91091800 0.34668400
vt 0.90806600 0.35161100
vt 0.10344200 0.76180800
vt 0.90946900 0.35383900
vt 0.09326900 0.75862900
vt 0.80140600 0.97514700
vt 0.09505700 0.53191700
vt 0.14438900 0.84256400
vt 0.91822100 0.32709800
vt 0.66292300 0.28708500
vt 0.69181200 0.23094300
vt 0.70115800 0.18147600
vt 0.69708100 0.20327500
vt 0.70473100 0.15560000
vt 0.92375200 0.37744000
vt 0.68519700 0.25720400
vt 0.69861000 0.21475900
vt 0.92836100 0.37698800
vt 0.93460800 0.37874200
vt 0.70202100 0.16705700
vt 0.93906900 0.39018800
vt 0.11750200 0.76896200
vt 0.13950800 0.81156200
vt 0.91665800 0.36468600
vt 0.91509800 0.33627500
vt 0.92848700 0.37006300
vt 0.74909400 0.30002900
vt 0.66761100 0.28643000
vt 0.06974100 0.19992100
vt 0.82197600 0.94632100
vt 0.10034500 0.76155800
vt 0.68178200 0.27429100
vt 0.95785600 0.39260300
vt 0.71262300 0.14845900
vt 0.68245500 0.26497500
vt 0.70566500 0.18792400
vt 0.91773000 0.36810300
vt 0.67433900 0.27678900
vt 0.93662700 0.37409700
vt 0.70289600 0.20079800
vt 0.70974400 0.16630700
vt 0.92092500 0.37000800
vt 0.92259900 0.37420800
vt 0.90917100 0.35057500
vt 0.71885500 0.16722200
vt 0.93773000 0.36884500
vt 0.13318600 0.79364500
vt 0.65984800 0.29806000
vt 0.83081100 0.93900900
vt 0.91633400 0.33399300
vt 0.91563600 0.33750300
vt 0.91292900 0.34029600
vt 0.91070800 0.35417600
vt 0.09835900 0.75982400
vt 0.92628500 0.36106900
vt 0.07159400 0.19438900
vt 0.92364900 0.31609000
vt 0.65994800 0.30111600
vt 0.82784600 0.94208000
vt 0.14267800 0.84555800
vt 0.08740500 0.75909700
vt 0.06978400 0.20800900
vt 0.11967300 0.77154100
vt 0.12041000 0.77386500
vt 0.81792100 0.95878300
vt 0.09153000 0.52685000
vt 0.91399400 0.36277500
vt 0.67161100 0.28312700
vt 0.94387400 0.37770200
vt 0.66177100 0.29532700
vt 0.83317500 0.93638100
vt 0.70670600 0.21359400
vt 0.70946700 0.19347800
vt 0.95096300 0.38289400
vt 0.71299400 0.17324600
vt 0.68925800 0.25145400
vt 0.70997700 0.15876800
vt 0.68526400 0.27735400
vt 0.70802400 0.17894900
vt 0.10652600 0.53357400
vt 0.13032300 0.78742400
vt 0.72158700 0.14936200
vt 0.72586500 0.15537000
vt 0.13715100 0.80645500
vt 0.66832600 0.29307300
vt 0.83717300 0.93676200
vt 0.70139700 0.23641200
vt 0.91068900 0.34935400
vt 0.74343200 0.30327000
vt 0.91042100 0.35105000
vt 0.09123300 0.76190300
vt 0.13700300 0.82336200
vt 0.80358900 0.97384900
vt 0.94387000 0.36489000
vt 0.68924700 0.26252000
vt 0.71112800 0.20835200
vt 0.92071200 0.35942700
vt 0.71181100 0.22603400
vt 0.95607700 0.37433600
vt 0.71874500 0.15741600
vt 0.95031400 0.36990900
vt 0.91120500 0.35221200
vt 0.91596600 0.35660100
vt 0.82352200 0.94834100
vt 0.82178800 0.95047800
vt 0.95338300 0.36265200
vt 0.91934000 0.35277900
vt 0.07282500 0.84380400
vt 0.72843900 0.14557100
vt 0.83496000 0.94313200
vt 0.72601400 0.16855600
vt 0.10163000 0.53016700
vt 0.14190000 0.85329400
vt 0.08355000 0.52552300
vt 0.91598600 0.34723100
vt 0.91686300 0.33149500
vt 0.13190900 0.82667000
vt 0.12354400 0.77662100
vt 0.80808100 0.96386100
vt 0.93529800 0.36256500
vt 0.72190800 0.14088100
vt 0.06607700 0.84045800
vt 0.96177200 0.38351300
vt 0.66066700 0.30161200
vt 0.82863700 0.94335600
vt 0.96242100 0.37636700
vt 0.06941000 0.83235800
vt 0.71491300 0.19904500
vt 0.70789900 0.24623800
vt 0.69326000 0.26232700
vt 0.71792600 0.18015300
vt 0.84540500 0.93968200
vt 0.68650100 0.28449700
vt 0.91320300 0.35084700
vt 0.71601100 0.18793800
vt 0.80678500 0.96832800
vt 0.92025400 0.32676500
vt 0.72979700 0.16574900
vt 0.14045700 0.85666800
vt 0.11554300 0.76659100
vt 0.93787200 0.35523700
vt 0.91889600 0.33005800
vt 0.82255500 0.95168600
vt 0.91281500 0.34865800
vt 0.72874400 0.17379800
vt 0.91534900 0.34138800
vt 0.82953700 0.94580300
vt 0.91339600 0.34484100
vt 0.79783800 0.98000800
vt 0.74139400 0.31323700
vt 0.80377200 0.97024800
vt 0.13937500 0.83945700
vt 0.08279200 0.52325300
vt 0.75324600 0.27624100
vt 0.72744200 0.16041300
vt 0.72404100 0.19893800
vt 0.91637200 0.34338900
vt 0.06917800 0.81699400
vt 0.95616400 0.36589400
vt 0.92201200 0.34799500
vt 0.91195700 0.34859700
vt 0.84047800 0.94535900
vt 0.68991200 0.29139800
vt 0.91335200 0.34676900
vt 0.07640800 0.84132900
vt 0.92882900 0.35531800
vt 0.07415400 0.82152900
vt 0.69980600 0.26514700
vt 0.07091900 0.82204700
vt 0.96022300 0.36810800
vt 0.67432400 0.29037800
vt 0.84038700 0.93747300
vt 0.07446500 0.83210400
vt 0.73177900 0.15312300
vt 0.07794100 0.85147100
vt 0.94662400 0.35718000
vt 0.71641400 0.22816300
vt 0.11685900 0.76951100
vt 0.11359600 0.76628400
vt 0.07436200 0.81428000
vt 0.74655700 0.29825600
vt 0.91822100 0.33510100
vt 0.91429500 0.34644100
vt 0.06732800 0.20294300
vt 0.08579300 0.76393500
vt 0.81463900 0.96258800
vt 0.81993200 0.95587500
vt 0.92247800 0.31969200
vt 0.80331200 0.97160100
vt 0.13763600 0.83209000
vt 0.13633000 0.84183400
vt 0.13798200 0.84849100
vt 0.73532200 0.15075200
vt 0.08003500 0.84764500
vt 0.94944100 0.35085600
vt 0.07279900 0.79884700
vt 0.91838900 0.33761200
vt 0.91709400 0.33720700
vt 0.95520500 0.35795200
vt 0.07315000 0.80911100
vt 0.82575800 0.94996900
vt 0.94136200 0.35216700
vt 0.93026400 0.35204500
vt 0.91645900 0.34101200
vt 0.72844700 0.21265800
vt 0.72031600 0.21126700
vt 0.91421100 0.34441800
vt 0.70603100 0.26632700
vt 0.72902400 0.19128200
vt 0.69729900 0.27990800
vt 0.72723900 0.18434400
vt 0.84102700 0.95858300
vt 0.70299100 0.28380700
vt 0.81983500 0.95826700
vt 0.82976600 0.95367600
vt 0.92034000 0.33248000
vt 0.73303900 0.19723300
vt 0.10845100 0.76556000
vt 0.83568700 0.95335900
vt 0.69710100 0.29547400
vt 0.92275700 0.32167400
vt 0.74851400 0.29277200
vt 0.80479900 0.97324000
vt 0.09704100 0.76525400
vt 0.06749500 0.19952100
vt 0.07803100 0.80534800
vt 0.08800300 0.84796300
vt 0.74373300 0.15416300
vt 0.93281800 0.34709500
vt 0.71292000 0.25981400
vt 0.73687200 0.16007500
vt 0.08361200 0.83777300
vt 0.73640000 0.17951300
vt 0.91857800 0.34087900
vt 0.73591000 0.17079400
vt 0.72223300 0.23188800
vt 0.82132000 0.95555100
vt 0.92144200 0.33846500
vt 0.92199700 0.33433800
vt 0.74329700 0.17468500
vt 0.92208700 0.32475300
vt 0.92140900 0.32865200
vt 0.12743500 0.78777700
vt 0.81454000 0.96446500
vt 0.75009800 0.28396800
vt 0.74187100 0.19445000
vt 0.13336300 0.81485600
vt 0.94509700 0.34357100
vt 0.92126400 0.33255000
vt 0.81766200 0.96105700
vt 0.10601200 0.76349100
vt 0.13944400 0.86303400
vt 0.11691400 0.53768200
vt 0.92697400 0.31860600
vt 0.06894600 0.19163800
vt 0.80996000 0.96797000
vt 0.12223200 0.77842300
vt 0.11234200 0.53495200
vt 0.08686000 0.52410000
vt 0.75667200 0.26644600
vt 0.93993500 0.34694100
vt 0.92508000 0.33867100
vt 0.72827300 0.23965100
vt 0.92300500 0.33610600
vt 0.74342800 0.16191500
vt 0.74126900 0.18403800
vt 0.07924700 0.82143400
vt 0.73344200 0.20573900
vt 0.12520300 0.78208300
vt 0.92528000 0.32215300
vt 0.11765200 0.77194000
vt 0.80607200 0.97199300
vt 0.92299900 0.32989700
vt 0.80384900 0.97617400
vt 0.75773200 0.26033800
vt 0.08943100 0.52419200
vt 0.13326400 0.80383100
vt 0.10508700 0.53095400
vt 0.08905100 0.76491700
vt 0.13377400 0.83442600
vt 0.93732300 0.34011700
vt 0.92101500 0.33133400
vt 0.92367700 0.33197600
vt 0.74530200 0.19854500
vt 0.74753100 0.16883200
vt 0.08721600 0.83065200
vt 0.71210900 0.28433700
vt 0.08233500 0.81272900
vt 0.70985700 0.29667200
vt 0.83053900 0.96652400
vt 0.70401000 0.29723700
vt 0.83217400 0.96098600
vt 0.09077600 0.83949700
vt 0.72158600 0.25538600
vt 0.08531000 0.82017800
vt 0.74550200 0.18220300
vt 0.73014600 0.22832200
vt 0.73754000 0.21217500
vt 0.07956000 0.79676500
vt 0.95185900 0.34416800
vt 0.11621300 0.77030600
vt 0.13712800 0.85393600
vt 0.11294700 0.76763000
vt 0.73806500 0.30756700
vt 0.10067900 0.76524600
vt 0.75082600 0.18394500
vt 0.74516300 0.29196800
vt 0.82124900 0.96213900
vt 0.74314400 0.29771800
vt 0.73834700 0.30100900
vt 0.08860500 0.81557800
vt 0.92328600 0.32667000
vt 0.92796800 0.33544700
vt 0.75077400 0.15577400
vt 0.09428100 0.84682800
vt 0.73637500 0.22759200
vt 0.92628100 0.32837000
vt 0.92420300 0.32783000
vt 0.72819600 0.25641400
vt 0.93253100 0.33258500
vt 0.71884900 0.26963700
vt 0.82319000 0.96449100
vt 0.72203900 0.27969500
vt 0.93254300 0.33730100
vt 0.81838700 0.96157400
vt 0.06649900 0.19463100
vt 0.93090200 0.31631500
vt 0.74136600 0.29517700
vt 0.74534500 0.28912200
vt 0.11970000 0.77745000
vt 0.80541100 0.97514300
vt 0.12930400 0.81820300
vt 0.80770100 0.97220900
vt 0.06773600 0.19136600
vt 0.92869600 0.31902700
vt 0.12911400 0.79368700
vt 0.73828800 0.31011900
vt 0.80213300 0.98047700
vt 0.06405700 0.20221100
vt 0.08845000 0.76785800
vt 0.09749800 0.52683100
vt 0.76220000 0.24742500
vt 0.09411800 0.82467400
vt 0.09730500 0.83082100
vt 0.08169700 0.78974700
vt 0.94794900 0.33630800
vt 0.81401400 0.96910400
vt 0.92725100 0.32662600
vt 0.08654200 0.79689900
vt 0.74400300 0.21839500
vt 0.94154500 0.33871400
vt 0.71608400 0.30412500
vt 0.82246700 0.97123300
vt 0.81099300 0.96865300
vt 0.08808000 0.80789500
vt 0.71861400 0.29478200
vt 0.73228300 0.25432800
vt 0.72897000 0.27095600
vt 0.80626400 0.97319200
vt 0.10763500 0.53047200
vt 0.76629900 0.23607800
vt 0.11232700 0.76934100
vt 0.10449000 0.52836500
vt 0.76269200 0.24097000
vt 0.75350300 0.26993700
vt 0.11390000 0.77018200
vt 0.12357900 0.78569400
vt 0.92666400 0.32275400
vt 0.93469200 0.31214000
vt 0.06451600 0.19964400
vt 0.08623700 0.76856400
vt 0.75022900 0.19036500
vt 0.93893100 0.33242200
vt 0.75279500 0.20453200
vt 0.72622200 0.28698400
vt 0.92865900 0.32453700
vt 0.74802900 0.20432400
vt 0.09892100 0.84541200
vt 0.75620300 0.15643600
vt 0.73763700 0.23658000
vt 0.10359000 0.85314000
vt 0.75739300 0.16673900
vt 0.74401100 0.23501500
vt 0.94580400 0.33234600
vt 0.08264200 0.78628500
vt 0.75528900 0.18802000
vt 0.93031200 0.31923100
vt 0.74666400 0.28450000
vt 0.12961800 0.80507500
vt 0.92859100 0.32094500
vt 0.13204800 0.80869400
vt 0.75665800 0.25554600
vt 0.77843100 0.21178500
vt 0.13412900 0.86438300
vt 0.11404800 0.53314900
vt 0.77305500 0.22387000
vt 0.80786700 0.97384000
vt 0.80427600 0.97889100
vt 0.73779600 0.31072000
vt 0.10023400 0.52696300
vt 0.76164000 0.24464000
vt 0.13339500 0.84115100
vt 0.10239700 0.76747200
vt 0.74083200 0.29324500
vt 0.09908800 0.76754600
vt 0.75386700 0.26302800
vt 0.73867200 0.29870300
vt 0.13100400 0.82388500
vt 0.73593400 0.30302500
vt 0.93214400 0.32105100
vt 0.92840600 0.32225300
vt 0.75480000 0.17634200
vt 0.73633900 0.30760600
vt 0.73804000 0.25694200
vt 0.81396200 0.97246200
vt 0.09933500 0.81429000
vt 0.81847800 0.98125600
vt 0.72655100 0.30111300
vt 0.81328300 0.97614400
vt 0.72907700 0.31054500
vt 0.93574000 0.32458400
vt 0.92553200 0.32443000
vt 0.09484300 0.80232800
vt 0.73690600 0.27132900
vt 0.73625300 0.28540100
vt 0.73291500 0.28021400
vt 0.81779900 0.98857800
vt 0.73404200 0.29537600
vt 0.75753000 0.19550900
vt 0.13452000 0.85659500
vt 0.75743100 0.25097500
vt 0.10982800 0.76753100
vt 0.13478100 0.86887300
vt 0.11598700 0.53400800
vt 0.77545500 0.22053000
vt 0.13169700 0.83072000
vt 0.93314500 0.31778800
vt 0.76960500 0.22824100
vt 0.11159000 0.53149700
vt 0.12961100 0.82141500
vt 0.09567400 0.76846700
vt 0.13475200 0.84920900
vt 0.74394600 0.24667000
vt 0.73461100 0.30774500
vt 0.08942600 0.79005700
vt 0.94725100 0.33016500
vt 0.08534500 0.78615300
vt 0.11045100 0.83973400
vt 0.74994800 0.24517800
vt 0.75143300 0.22036800
vt 0.75089200 0.27496300
vt 0.76581400 0.19275700
vt 0.10759400 0.82441900
vt 0.73172500 0.30774200
vt 0.81180300 0.98137900
vt 0.80801200 0.97567300
vt 0.80602600 0.97649400
vt 0.73798500 0.31194500
vt 0.10196100 0.82640200
vt 0.10912300 0.85119400
vt 0.76254200 0.16955800
vt 0.93519600 0.31898500
vt 0.08488300 0.77813000
vt 0.94109700 0.32207200
vt 0.80889200 0.97896800
vt 0.73469100 0.30987700
vt 0.80715000 0.97871400
vt 0.73652000 0.31031800
vt 0.76520300 0.18122500
vt 0.11599400 0.85618700
vt 0.74069900 0.28734500
vt 0.73603700 0.30045400
vt 0.94777500 0.32212600
vt 0.09095800 0.78252600
vt 0.76491600 0.23281300
vt 0.11731200 0.77386500
vt 0.13211700 0.84670900
vt 0.09238100 0.76821400
vt 0.10494700 0.52789100
vt 0.76187500 0.24067700
vt 0.13000100 0.83328600
vt 0.08960800 0.76914000
vt 0.12186300 0.78264600
vt 0.08754800 0.76928100
vt 0.93605000 0.31191100
vt 0.13057100 0.81207700
vt 0.10641300 0.76826800
vt 0.12915100 0.81580600
vt 0.13334800 0.85327300
vt 0.93536600 0.31392000
vt 0.75993400 0.23696600
vt 0.73957900 0.29195500
vt 0.74304700 0.27706100
vt 0.75460000 0.25256400
vt 0.74662100 0.28152700
vt 0.11477500 0.83239600
vt 0.09949700 0.79974100
vt 0.75223500 0.26058800
vt 0.93332900 0.31582200
vt 0.74775600 0.26095300
vt 0.11460600 0.84577200
vt 0.75210100 0.26890200
vt 0.75712800 0.22490500
vt 0.74541600 0.27852500
vt 0.74843900 0.27438900
vt 0.12952200 0.82699600
vt 0.12415600 0.79060500
vt 0.76136300 0.24008100
vt 0.93573200 0.31448000
vt 0.78118700 0.19745700
vt 0.13237200 0.85791200
vt 0.10675800 0.79905800
vt 0.12564400 0.79248800
vt 0.09150200 0.76977500
vt 0.77594600 0.21011400
vt 0.13188000 0.86577100
vt 0.09613600 0.77162700
vt 0.12792200 0.79927500
vt 0.12833600 0.80257800
vt 0.09413500 0.77261700
vt 0.75974000 0.24458100
vt 0.09314500 0.77773900
vt 0.94550300 0.31543800
vt 0.11192000 0.81992300
vt 0.75866600 0.24081300
vt 0.09541600 0.78756800
vt 0.09351200 0.77008700
vt 0.76372300 0.21143800
vt 0.09074600 0.77183800
vt 0.75451100 0.24738600
vt 0.76963600 0.22294300
vt 0.77505100 0.17587900
vt 0.12265400 0.84629300
vt 0.08894700 0.77844400
vt 0.94363700 0.31934300
vt 0.76595200 0.20537700
vt 0.10470700 0.80993700
vt 0.93737000 0.31465000
vt 0.08733100 0.77187900
vt 0.77504400 0.20465000
vt 0.12844300 0.81046100
vt 0.10177000 0.76971600
vt 0.77913200 0.19400200
vt 0.13050200 0.85674200
vt 0.10975200 0.80587900
vt 0.13161000 0.84939000
vt 0.77126200 0.20635400
vt 0.12839900 0.83382800
vt 0.77270400 0.21453300
vt 0.09760300 0.76960900
vt 0.77322100 0.18536000
vt 0.12424200 0.85361200
vt 0.77454400 0.19368300
vt 0.11655000 0.84023500
vt 0.13081600 0.84015200
vt 0.11473100 0.82299200
vt 0.10257200 0.78688200
vt 0.76837100 0.21977000
vt 0.76499100 0.22502000
vt 0.11391200 0.77090500
vt 0.12839200 0.82698300
vt 0.12720400 0.80728400
vt 0.11568900 0.77378500
vt 0.12640900 0.79998300
vt 0.10413800 0.76953400
vt 0.10311600 0.77116400
vt 0.11913800 0.78069900
vt 0.12454400 0.79383100
vt 0.10143000 0.77071700
vt 0.12092600 0.78357500
vt 0.12649500 0.79797700
vt 0.12750600 0.81683700
vt 0.10861400 0.76990100
vt 0.12306200 0.78852600
vt 0.09979000 0.78154600
vt 0.78091800 0.18404400
vt 0.12943200 0.85085100
vt 0.09966100 0.77714300
vt 0.12088500 0.83494900
vt 0.09758600 0.77080300
vt 0.12666400 0.83065400
vt 0.12774600 0.82088100
vt 0.11932300 0.82052100
vt 0.12925500 0.84708000
vt 0.12883500 0.84042000
vt 0.13148100 0.85319700
vt 0.12752000 0.84131500
vt 0.12623800 0.80354300
vt 0.11980600 0.80472200
vt 0.11613200 0.77306500
vt 0.11845500 0.77832800
vt 0.12147700 0.78613300
vt 0.12052900 0.81441600
vt 0.10502400 0.77217100
vt 0.12424000 0.82900700
vt 0.11619800 0.80537300
vt 0.10850300 0.78772800
vt 0.10167900 0.77289600
vt 0.11372100 0.79756500
vt 0.12555700 0.80886000
vt 0.12730200 0.81089000
vt 0.12021500 0.79066300
vt 0.11506400 0.77502600
vt 0.11131800 0.77085700
vt 0.12197400 0.78949900
vt 0.11935600 0.78267400
vt 0.12554300 0.82318500
vt 0.10613000 0.77106800
vt 0.10669400 0.77465000
vt 0.12491000 0.81522000
vt 0.12288200 0.79879300
vt 0.10857900 0.78302900
vt 0.12414600 0.79697700
vt 0.11378200 0.79263400
vt 0.12329400 0.80803900
vt 0.10936400 0.77119800
vt 0.11274800 0.77960600
vt 0.11624800 0.77716300
vt 0.10877200 0.77246100
vt 0.11875500 0.78470500
vt 0.11541800 0.78667700
vt 0.11336900 0.77212900
vt 0.11288600 0.77244100
vt 0.11285600 0.77637100
vt 0.11183000 0.77355200
vt 0.11011300 0.77599400
vt 0.10699700 0.77867400
vt 0.11396500 0.77454400
vt 0.11639700 0.78011900
f 401/401 395/395 411/411
f 411/411 434/434 401/401
f 411/411 419/419 434/434
f 408/408 401/401 434/434
f 419/419 408/408 434/434
f 623/623 402/402 625/625
f 396/396 402/402 623/623
f 401/401 408/408 626/626
f 647/647 626/626 408/408
f 638/638 396/396 623/623
f 410/410 396/396 638/638
f 419/419 411/411 639/639
f 649/649 420/420 638/638
f 647/647 408/408 650/650
f 419/419 650/650 408/408
f 623/623 625/625 989/989
f 646/646 989/989 625/625
f 623/623 989/989 638/638
f 638/638 646/646 649/649
f 989/989 646/646 638/638
f 544/544 698/698 611/611
f 544/544 615/615 710/710
f 544/544 611/611 615/615
f 710/710 615/615 605/605
f 611/611 605/605 615/615
f 692/692 605/605 880/880
f 698/698 544/544 677/677
f 611/611 698/698 679/679
f 611/611 679/679 880/880
f 698/698 677/677 812/812
f 692/692 1092/1092 710/710
f 692/692 710/710 605/605
f 679/679 698/698 812/812
f 677/677 544/544 1092/1092
f 544/544 710/710 1092/1092
f 611/611 880/880 605/605
f 692/692 880/880 1092/1092
f 812/812 677/677 1026/1026
f 1092/1092 1026/1026 677/677
f 1026/1026 880/880 1011/1011
f 679/679 812/812 1011/1011
f 679/679 1011/1011 880/880
f 812/812 1026/1026 1011/1011
f 1026/1026 1092/1092 880/880
f 1591/1591 1574/1574 1575/1575
f 1574/1574 1591/1591 1575/1575
f 1914/1914 1919/1919 1911/1911
f 1919/1919 1914/1914 1920/1920
f 1915/1915 1912/1912 2309/2309
f 2309/2309 2311/2311 1915/1915
f 2310/2310 1919/1919 2728/2728
f 1912/1912 1918/1918 2309/2309
f 2732/2732 1915/1915 2311/2311
f 1921/1921 1915/1915 2732/2732
f 1919/1919 1920/1920 2316/2316
f 2316/2316 1920/1920 2733/2733
f 2316/2316 2728/2728 1919/1919
f 2311/2311 2309/2309 2720/2720
f 2729/2729 2720/2720 2309/2309
f 2732/2732 2311/2311 2720/2720
f 2728/2728 2316/2316 2733/2733
f 2728/2728 2733/2733 2721/2721
f 3920/3920 4117/4117 4118/4118
f 4118/4118 4117/4117 3920/3920
f 2/2 8/8 3/3
f 4/4 1/1 3/3
f 3/3 1/1 2/2
f 6/6 3/3 8/8
f 3/3 6/6 9/9
f 4/4 3/3 9/9
f 1/1 4/4 15/15
f 16/16 1/1 15/15
f 2/2 1/1 16/16
f 6/6 5/5 9/9
f 7/7 5/5 6/6
f 4/4 9/9 15/15
f 9/9 5/5 10/10
f 10/10 5/5 27/27
f 15/15 9/9 11/11
f 11/11 14/14 15/15
f 10/10 11/11 9/9
f 2/2 16/16 19/19
f 13/13 6/6 12/12
f 22/22 2/2 19/19
f 8/8 2/2 22/22
f 7/7 6/6 13/13
f 8/8 12/12 6/6
f 7/7 27/27 5/5
f 23/23 7/7 20/20
f 25/25 23/23 20/20
f 24/24 13/13 12/12
f 20/20 13/13 24/24
f 23/23 25/25 21/21
f 27/27 7/7 23/23
f 7/7 13/13 20/20
f 22/22 12/12 8/8
f 16/16 15/15 28/28
f 14/14 28/28 15/15
f 53/53 28/28 14/14
f 14/14 11/11 53/53
f 10/10 27/27 188/188
f 188/188 27/27 66/66
f 63/63 11/11 10/10
f 147/147 17/17 59/59
f 188/188 63/63 10/10
f 29/29 12/12 167/167
f 32/32 85/85 46/46
f 106/106 22/22 40/40
f 50/50 37/37 113/113
f 37/37 50/50 120/120
f 34/34 47/47 48/48
f 34/34 48/48 109/109
f 109/109 48/48 89/89
f 12/12 29/29 24/24
f 33/33 39/39 51/51
f 36/36 119/119 117/117
f 49/49 24/24 29/29
f 33/33 43/43 35/35
f 106/106 38/38 22/22
f 19/19 16/16 26/26
f 16/16 28/28 26/26
f 43/43 33/33 51/51
f 51/51 45/45 43/43
f 22/22 38/38 12/12
f 38/38 116/116 12/12
f 24/24 49/49 20/20
f 50/50 119/119 120/120
f 116/116 167/167 12/12
f 43/43 45/45 44/44
f 20/20 49/49 31/31
f 19/19 40/40 22/22
f 120/120 119/119 36/36
f 25/25 30/30 21/21
f 21/21 30/30 58/58
f 25/25 20/20 30/30
f 21/21 62/62 23/23
f 66/66 27/27 23/23
f 23/23 62/62 66/66
f 58/58 60/60 21/21
f 62/62 21/21 60/60
f 53/53 65/65 28/28
f 11/11 63/63 53/53
f 58/58 30/30 54/54
f 57/57 58/58 54/54
f 155/155 54/54 30/30
f 169/169 75/75 150/150
f 29/29 167/167 170/170
f 264/264 58/58 57/57
f 155/155 30/30 171/171
f 72/72 49/49 29/29
f 31/31 49/49 72/72
f 61/61 52/52 168/168
f 67/67 66/66 62/62
f 168/168 52/52 154/154
f 182/182 62/62 60/60
f 67/67 62/62 182/182
f 79/79 61/61 111/111
f 107/107 108/108 113/113
f 82/82 103/103 76/76
f 68/68 111/111 61/61
f 68/68 61/61 172/172
f 32/32 99/99 80/80
f 39/39 33/33 74/74
f 113/113 293/293 295/295
f 33/33 35/35 69/69
f 85/85 32/32 80/80
f 74/74 33/33 69/69
f 267/267 111/111 214/214
f 79/79 111/111 267/267
f 117/117 81/81 90/90
f 26/26 190/190 19/19
f 71/71 75/75 169/169
f 85/85 80/80 174/174
f 70/70 69/69 35/35
f 109/109 77/77 34/34
f 307/307 52/52 79/79
f 79/79 52/52 61/61
f 157/157 70/70 43/43
f 43/43 70/70 35/35
f 106/106 75/75 38/38
f 109/109 89/89 86/86
f 71/71 38/38 75/75
f 103/103 82/82 112/112
f 28/28 65/65 26/26
f 44/44 84/84 43/43
f 169/169 115/115 71/71
f 95/95 91/91 92/92
f 43/43 84/84 157/157
f 94/94 91/91 95/95
f 72/72 171/171 20/20
f 20/20 171/171 30/30
f 114/114 77/77 109/109
f 110/110 44/44 45/45
f 37/37 107/107 113/113
f 118/118 107/107 37/37
f 38/38 71/71 116/116
f 114/114 109/109 86/86
f 64/64 111/111 68/68
f 118/118 120/120 87/87
f 167/167 116/116 156/156
f 97/97 114/114 86/86
f 37/37 120/120 118/118
f 87/87 120/120 195/195
f 113/113 114/114 97/97
f 108/108 114/114 113/113
f 97/97 293/293 113/113
f 93/93 117/117 90/90
f 111/111 64/64 83/83
f 165/165 64/64 68/68
f 83/83 64/64 73/73
f 31/31 72/72 20/20
f 190/190 40/40 19/19
f 36/36 200/200 78/78
f 36/36 117/117 93/93
f 200/200 36/36 93/93
f 264/264 60/60 58/58
f 50/50 113/113 119/119
f 81/81 113/113 295/295
f 119/119 113/113 81/81
f 195/195 120/120 96/96
f 96/96 120/120 78/78
f 36/36 78/78 120/120
f 104/104 102/102 122/122
f 108/108 107/107 101/101
f 46/46 48/48 132/132
f 132/132 48/48 47/47
f 133/133 121/121 123/123
f 123/123 135/135 133/133
f 101/101 102/102 244/244
f 112/112 99/99 32/32
f 122/122 102/102 101/101
f 135/135 123/123 126/126
f 117/117 119/119 81/81
f 126/126 123/123 124/124
f 133/133 134/134 125/125
f 88/88 46/46 85/85
f 112/112 32/32 132/132
f 76/76 103/103 100/100
f 88/88 89/89 46/46
f 46/46 89/89 48/48
f 132/132 32/32 46/46
f 125/125 121/121 133/133
f 128/128 137/137 127/127
f 128/128 103/103 112/112
f 112/112 132/132 128/128
f 137/137 128/128 132/132
f 51/51 39/39 134/134
f 244/244 252/252 108/108
f 138/138 129/129 110/110
f 134/134 136/136 51/51
f 108/108 252/252 114/114
f 138/138 133/133 135/135
f 45/45 51/51 136/136
f 244/244 108/108 101/101
f 136/136 110/110 45/45
f 138/138 134/134 133/133
f 135/135 139/139 138/138
f 136/136 134/134 138/138
f 138/138 139/139 130/130
f 130/130 129/129 138/138
f 110/110 136/136 138/138
f 139/139 135/135 126/126
f 126/126 131/131 139/139
f 131/131 130/130 139/139
f 131/131 127/127 245/245
f 126/126 127/127 131/131
f 137/137 47/47 105/105
f 245/245 137/137 105/105
f 127/127 137/137 245/245
f 98/98 105/105 47/47
f 47/47 137/137 132/132
f 47/47 34/34 98/98
f 169/169 73/73 149/149
f 169/169 140/140 115/115
f 168/168 205/205 61/61
f 166/166 167/167 162/162
f 170/170 72/72 29/29
f 17/17 145/145 178/178
f 66/66 67/67 188/188
f 171/171 72/72 170/170
f 170/170 167/167 171/171
f 307/307 306/306 52/52
f 71/71 115/115 287/287
f 17/17 178/178 322/322
f 154/154 52/52 306/306
f 156/156 71/71 287/287
f 71/71 156/156 116/116
f 165/165 68/68 280/280
f 177/177 54/54 166/166
f 73/73 64/64 152/152
f 54/54 177/177 57/57
f 280/280 152/152 165/165
f 171/171 167/167 166/166
f 171/171 166/166 155/155
f 167/167 156/156 162/162
f 166/166 54/54 155/155
f 165/165 152/152 64/64
f 65/65 53/53 262/262
f 144/144 163/163 153/153
f 280/280 68/68 172/172
f 185/185 164/164 169/169
f 185/185 169/169 150/150
f 168/168 179/179 330/330
f 262/262 284/284 65/65
f 286/286 87/87 350/350
f 17/17 344/344 59/59
f 190/190 26/26 284/284
f 26/26 65/65 284/284
f 140/140 169/169 175/175
f 296/296 176/176 275/275
f 205/205 280/280 172/172
f 758/758 59/59 344/344
f 268/268 185/185 150/150
f 269/269 202/202 272/272
f 275/275 183/183 296/296
f 180/180 177/177 162/162
f 61/61 205/205 172/172
f 162/162 177/177 166/166
f 115/115 140/140 287/287
f 344/344 17/17 322/322
f 254/254 181/181 277/277
f 169/169 149/149 175/175
f 163/163 173/173 203/203
f 157/157 270/270 70/70
f 283/283 350/350 87/87
f 180/180 156/156 287/287
f 202/202 186/186 272/272
f 277/277 189/189 254/254
f 53/53 63/63 326/326
f 279/279 158/158 266/266
f 180/180 162/162 156/156
f 330/330 205/205 168/168
f 144/144 266/266 158/158
f 163/163 203/203 153/153
f 297/297 304/304 301/301
f 306/306 179/179 154/154
f 144/144 187/187 266/266
f 179/179 168/168 154/154
f 299/299 153/153 203/203
f 60/60 264/264 465/465
f 184/184 439/439 164/164
f 182/182 60/60 465/465
f 187/187 144/144 153/153
f 152/152 280/280 204/204
f 73/73 152/152 204/204
f 163/163 189/189 173/173
f 149/149 73/73 204/204
f 98/98 34/34 206/206
f 302/302 220/220 174/174
f 101/101 107/107 216/216
f 88/88 85/85 220/220
f 414/414 44/44 110/110
f 257/257 253/253 215/215
f 106/106 234/234 268/268
f 144/144 158/158 163/163
f 163/163 158/158 254/254
f 216/216 107/107 404/404
f 106/106 268/268 75/75
f 219/219 101/101 216/216
f 93/93 288/288 200/200
f 223/223 255/255 222/222
f 77/77 206/206 34/34
f 193/193 87/87 224/224
f 243/243 192/192 267/267
f 206/206 77/77 424/424
f 237/237 102/102 218/218
f 254/254 158/158 212/212
f 212/212 213/213 254/254
f 269/269 215/215 253/253
f 118/118 404/404 107/107
f 102/102 104/104 218/218
f 213/213 181/181 254/254
f 85/85 174/174 220/220
f 254/254 189/189 163/163
f 988/988 404/404 118/118
f 150/150 75/75 268/268
f 202/202 269/269 253/253
f 212/212 158/158 279/279
f 228/228 88/88 220/220
f 191/191 256/256 209/209
f 286/286 224/224 87/87
f 87/87 193/193 118/118
f 187/187 153/153 299/299
f 221/221 74/74 664/664
f 192/192 79/79 267/267
f 192/192 307/307 79/79
f 257/257 227/227 234/234
f 242/242 102/102 237/237
f 88/88 261/261 89/89
f 141/141 234/234 106/106
f 90/90 251/251 93/93
f 74/74 69/69 151/151
f 289/289 236/236 321/321
f 102/102 242/242 244/244
f 99/99 112/112 217/217
f 151/151 664/664 74/74
f 82/82 321/321 236/236
f 240/240 73/73 164/164
f 252/252 244/244 248/248
f 217/217 82/82 236/236
f 92/92 88/88 228/228
f 261/261 88/88 92/92
f 73/73 169/169 164/164
f 217/217 112/112 82/82
f 89/89 261/261 259/259
f 257/257 234/234 253/253
f 100/100 238/238 76/76
f 261/261 194/194 259/259
f 225/225 214/214 111/111
f 99/99 235/235 80/80
f 256/256 215/215 209/209
f 40/40 141/141 106/106
f 283/283 87/87 195/195
f 89/89 259/259 86/86
f 259/259 194/194 315/315
f 186/186 202/202 253/253
f 111/111 83/83 225/225
f 82/82 76/76 321/321
f 225/225 83/83 239/239
f 259/259 315/315 86/86
f 256/256 191/191 227/227
f 103/103 260/260 100/100
f 94/94 261/261 91/91
f 186/186 234/234 141/141
f 194/194 261/261 94/94
f 235/235 196/196 197/197
f 249/249 194/194 94/94
f 257/257 256/256 227/227
f 164/164 439/439 233/233
f 105/105 98/98 421/421
f 80/80 235/235 197/197
f 215/215 256/256 257/257
f 421/421 98/98 206/206
f 141/141 40/40 190/190
f 83/83 240/240 239/239
f 91/91 261/261 92/92
f 73/73 240/240 83/83
f 241/241 92/92 228/228
f 240/240 164/164 233/233
f 92/92 241/241 95/95
f 78/78 200/200 258/258
f 229/229 78/78 258/258
f 229/229 258/258 290/290
f 81/81 295/295 386/386
f 84/84 44/44 414/414
f 94/94 95/95 372/372
f 249/249 94/94 372/372
f 290/290 258/258 243/243
f 250/250 424/424 77/77
f 77/77 114/114 250/250
f 195/195 96/96 226/226
f 252/252 250/250 114/114
f 96/96 313/313 226/226
f 315/315 199/199 86/86
f 97/97 86/86 199/199
f 96/96 198/198 313/313
f 229/229 198/198 96/96
f 78/78 229/229 96/96
f 97/97 199/199 519/519
f 90/90 81/81 251/251
f 241/241 372/372 95/95
f 296/296 201/201 176/176
f 314/314 243/243 267/267
f 151/151 69/69 270/270
f 277/277 181/181 589/589
f 198/198 318/318 313/313
f 312/312 186/186 141/141
f 513/513 180/180 338/338
f 141/141 190/190 312/312
f 517/517 304/304 382/382
f 988/988 193/193 468/468
f 118/118 193/193 988/988
f 275/275 176/176 375/375
f 468/468 193/193 473/473
f 69/69 70/70 270/270
f 270/270 157/157 600/600
f 142/142 147/147 278/278
f 263/263 164/164 185/185
f 514/514 142/142 278/278
f 262/262 53/53 326/326
f 251/251 288/288 93/93
f 516/516 388/388 456/456
f 298/298 296/296 183/183
f 388/388 323/323 456/456
f 439/439 184/184 539/539
f 180/180 513/513 177/177
f 539/539 184/184 378/378
f 276/276 204/204 373/373
f 191/191 209/209 540/540
f 175/175 204/204 276/276
f 540/540 328/328 191/191
f 197/197 383/383 80/80
f 477/477 188/188 67/67
f 67/67 182/182 477/477
f 285/285 304/304 517/517
f 194/194 249/249 315/315
f 147/147 59/59 758/758
f 80/80 302/302 174/174
f 378/378 184/184 263/263
f 278/278 147/147 758/758
f 263/263 184/184 164/164
f 599/599 57/57 177/177
f 145/145 55/55 352/352
f 178/178 145/145 352/352
f 302/302 80/80 383/383
f 204/204 175/175 149/149
f 299/299 203/203 559/559
f 197/197 476/476 333/333
f 297/297 200/200 292/292
f 287/287 140/140 340/340
f 285/285 306/306 301/301
f 284/284 312/312 190/190
f 197/197 333/333 341/341
f 204/204 280/280 373/373
f 140/140 175/175 325/325
f 57/57 465/465 264/264
f 280/280 205/205 455/455
f 285/285 301/301 304/304
f 285/285 179/179 306/306
f 287/287 338/338 180/180
f 295/295 464/464 386/386
f 201/201 300/300 176/176
f 305/305 297/297 301/301
f 297/297 303/303 304/304
f 301/301 307/307 305/305
f 192/192 305/305 307/307
f 307/307 301/301 306/306
f 314/314 290/290 243/243
f 323/323 358/358 349/349
f 707/707 271/271 309/309
f 271/271 707/707 391/391
f 298/298 361/361 296/296
f 386/386 361/361 298/298
f 324/324 509/509 265/265
f 344/344 322/322 572/572
f 271/271 316/316 309/309
f 266/266 187/187 463/463
f 187/187 217/217 463/463
f 320/320 349/349 358/358
f 382/382 520/520 481/481
f 326/326 331/331 262/262
f 317/317 327/327 380/380
f 276/276 466/466 175/175
f 325/325 175/175 466/466
f 314/314 267/267 319/319
f 535/535 269/269 272/272
f 185/185 381/381 263/263
f 283/283 569/569 350/350
f 275/275 375/375 579/579
f 376/376 366/366 451/451
f 197/197 196/196 476/476
f 329/329 380/380 327/327
f 183/183 275/275 586/586
f 177/177 513/513 599/599
f 195/195 489/489 283/283
f 203/203 173/173 501/501
f 332/332 203/203 501/501
f 199/199 315/315 519/519
f 345/345 329/329 389/389
f 63/63 188/188 684/684
f 339/339 347/347 346/346
f 518/518 338/338 287/287
f 312/312 284/284 331/331
f 336/336 332/332 508/508
f 354/354 308/308 290/290
f 203/203 332/332 336/336
f 285/285 517/517 565/565
f 477/477 182/182 496/496
f 454/454 455/455 205/205
f 323/323 471/471 456/456
f 607/607 279/279 266/266
f 325/325 340/340 140/140
f 347/347 339/339 377/377
f 559/559 203/203 336/336
f 559/559 601/601 299/299
f 178/178 352/352 467/467
f 519/519 295/295 293/293
f 322/322 178/178 467/467
f 378/378 263/263 381/381
f 528/528 215/215 269/269
f 492/492 196/196 353/353
f 272/272 312/312 535/535
f 285/285 565/565 543/543
f 312/312 272/272 186/186
f 81/81 386/386 369/369
f 268/268 381/381 185/185
f 543/543 179/179 285/285
f 379/379 381/381 268/268
f 341/341 383/383 197/197
f 778/778 389/389 351/351
f 527/527 308/308 354/354
f 262/262 331/331 284/284
f 369/369 386/386 385/385
f 532/532 308/308 527/527
f 383/383 357/357 302/302
f 455/455 373/373 280/280
f 291/291 384/384 388/388
f 387/387 494/494 735/735
f 290/290 314/314 354/354
f 251/251 303/303 288/288
f 520/520 382/382 303/303
f 360/360 387/387 735/735
f 383/383 359/359 357/357
f 295/295 459/459 464/464
f 303/303 292/292 288/288
f 390/390 387/387 360/360
f 360/360 537/537 390/390
f 382/382 304/304 303/303
f 386/386 298/298 531/531
f 300/300 585/585 176/176
f 385/385 386/386 531/531
f 359/359 294/294 357/357
f 288/288 292/292 200/200
f 183/183 531/531 298/298
f 297/297 292/292 303/303
f 714/714 357/357 294/294
f 386/386 464/464 574/574
f 388/388 355/355 358/358
f 358/358 323/323 388/388
f 193/193 224/224 397/397
f 215/215 668/668 209/209
f 473/473 193/193 397/397
f 362/362 494/494 387/387
f 319/319 435/435 529/529
f 211/211 232/232 400/400
f 400/400 462/462 211/211
f 222/222 417/417 223/223
f 232/232 406/406 400/400
f 317/317 380/380 398/398
f 474/474 220/220 302/302
f 290/290 403/403 229/229
f 271/271 391/391 413/413
f 380/380 329/329 398/398
f 596/596 265/265 364/364
f 220/220 474/474 228/228
f 364/364 265/265 509/509
f 374/374 614/614 530/530
f 596/596 324/324 265/265
f 384/384 291/291 522/522
f 223/223 417/417 238/238
f 237/237 218/218 663/663
f 370/370 217/217 187/187
f 201/201 296/296 612/612
f 316/316 271/271 413/413
f 41/41 352/352 55/55
f 437/437 529/529 435/435
f 211/211 368/368 282/282
f 227/227 379/379 234/234
f 217/217 370/370 99/99
f 409/409 237/237 663/663
f 475/475 345/345 389/389
f 416/416 316/316 413/413
f 988/988 995/995 404/404
f 438/438 675/675 660/660
f 435/435 225/225 437/437
f 728/728 213/213 212/212
f 498/498 374/374 405/405
f 416/416 482/482 316/316
f 617/617 181/181 213/213
f 226/226 489/489 195/195
f 390/390 362/362 387/387
f 612/612 296/296 361/361
f 337/337 552/552 289/289
f 228/228 371/371 241/241
f 319/319 267/267 214/214
f 617/617 213/213 728/728
f 237/237 409/409 242/242
f 435/435 319/319 214/214
f 370/370 187/187 470/470
f 389/389 778/778 475/475
f 516/516 523/523 291/291
f 216/216 637/637 219/219
f 236/236 289/289 552/552
f 405/405 374/374 530/530
f 462/462 368/368 211/211
f 225/225 435/435 214/214
f 268/268 234/234 379/379
f 282/282 368/368 485/485
f 246/246 407/407 230/230
f 388/388 516/516 291/291
f 637/637 216/216 404/404
f 236/236 552/552 484/484
f 422/422 438/438 431/431
f 253/253 234/234 186/186
f 286/286 438/438 422/422
f 418/418 424/424 250/250
f 675/675 438/438 286/286
f 299/299 470/470 187/187
f 370/370 353/353 99/99
f 224/224 422/422 397/397
f 224/224 286/286 422/422
f 236/236 484/484 217/217
f 250/250 252/252 248/248
f 538/538 439/439 539/539
f 229/229 499/499 198/198
f 418/418 250/250 248/248
f 198/198 499/499 356/356
f 200/200 305/305 258/258
f 439/439 538/538 437/437
f 294/294 359/359 363/363
f 297/297 305/305 200/200
f 244/244 242/242 409/409
f 248/248 244/244 409/409
f 601/601 470/470 299/299
f 437/437 225/225 239/239
f 440/440 437/437 239/239
f 439/439 437/437 440/440
f 417/417 536/536 238/238
f 353/353 235/235 99/99
f 439/439 440/440 233/233
f 367/367 294/294 363/363
f 239/239 240/240 440/440
f 353/353 196/196 235/235
f 76/76 238/238 536/536
f 536/536 321/321 76/76
f 233/233 440/440 240/240
f 258/258 305/305 243/243
f 279/279 607/607 212/212
f 105/105 654/654 245/245
f 654/654 105/105 421/421
f 403/403 499/499 229/229
f 421/421 206/206 423/423
f 540/540 209/209 571/571
f 645/645 436/436 415/415
f 243/243 305/305 192/192
f 423/423 206/206 424/424
f 415/415 436/436 640/640
f 571/571 209/209 668/668
f 640/640 436/436 673/673
f 519/519 293/293 97/97
f 432/432 221/221 664/664
f 664/664 151/151 510/510
f 399/399 308/308 365/365
f 472/472 369/369 385/385
f 365/365 308/308 524/524
f 294/294 367/367 714/714
f 403/403 308/308 399/399
f 251/251 81/81 369/369
f 191/191 328/328 379/379
f 379/379 328/328 381/381
f 403/403 290/290 308/308
f 84/84 348/348 157/157
f 157/157 348/348 600/600
f 191/191 379/379 227/227
f 241/241 371/371 699/699
f 372/372 241/241 699/699
f 532/532 524/524 308/308
f 84/84 414/414 348/348
f 369/369 520/520 251/251
f 251/251 520/520 303/303
f 300/300 201/201 412/412
f 412/412 201/201 612/612
f 446/446 260/260 103/103
f 103/103 128/128 446/446
f 127/127 446/446 128/128
f 426/426 431/431 447/447
f 447/447 431/431 438/438
f 622/622 414/414 129/129
f 129/129 414/414 110/110
f 134/134 39/39 449/449
f 441/441 622/622 129/129
f 648/648 425/425 449/449
f 449/449 425/425 125/125
f 125/125 134/134 449/449
f 449/449 444/444 954/954
f 433/433 449/449 39/39
f 444/444 449/449 433/433
f 130/130 131/131 450/450
f 441/441 129/129 130/130
f 130/130 443/443 441/441
f 443/443 130/130 450/450
f 450/450 632/632 443/443
f 425/425 427/427 125/125
f 121/121 427/427 428/428
f 121/121 125/125 427/427
f 445/445 450/450 131/131
f 218/218 104/104 442/442
f 442/442 104/104 448/448
f 654/654 445/445 245/245
f 245/245 445/445 131/131
f 1000/1000 442/442 448/448
f 433/433 221/221 432/432
f 122/122 448/448 104/104
f 447/447 448/448 122/122
f 74/74 433/433 39/39
f 221/221 433/433 74/74
f 632/632 450/450 445/445
f 1000/1000 448/448 660/660
f 447/447 438/438 448/448
f 448/448 438/438 660/660
f 430/430 255/255 429/429
f 101/101 219/219 122/122
f 122/122 219/219 447/447
f 428/428 429/429 255/255
f 219/219 426/426 447/447
f 255/255 430/430 222/222
f 255/255 121/121 428/428
f 123/123 121/121 255/255
f 123/123 255/255 223/223
f 223/223 238/238 260/260
f 260/260 238/238 100/100
f 123/123 260/260 124/124
f 223/223 260/260 123/123
f 124/124 260/260 446/446
f 124/124 446/446 127/127
f 127/127 126/126 124/124
f 325/325 518/518 340/340
f 616/616 518/518 325/325
f 472/472 520/520 369/369
f 412/412 687/687 300/300
f 550/550 376/376 451/451
f 711/711 902/902 494/494
f 460/460 557/557 614/614
f 368/368 462/462 899/899
f 739/739 466/466 276/276
f 362/362 711/711 494/494
f 476/476 601/601 559/559
f 320/320 668/668 215/215
f 384/384 549/549 388/388
f 388/388 549/549 355/355
f 453/453 362/362 870/870
f 359/359 383/383 363/363
f 346/346 680/680 456/456
f 767/767 552/552 337/337
f 463/463 770/770 266/266
f 179/179 543/543 561/561
f 389/389 329/329 327/327
f 572/572 322/322 467/467
f 459/459 519/519 452/452
f 295/295 519/519 459/459
f 374/374 498/498 717/717
f 732/732 612/612 361/361
f 545/545 592/592 497/497
f 357/357 714/714 567/567
f 384/384 522/522 566/566
f 528/528 320/320 215/215
f 578/578 313/313 318/318
f 349/349 320/320 528/528
f 363/363 581/581 367/367
f 568/568 581/581 363/363
f 333/333 476/476 559/559
f 340/340 518/518 287/287
f 327/327 351/351 389/389
f 355/355 618/618 591/591
f 836/836 309/309 316/316
f 386/386 574/574 361/361
f 495/495 784/784 781/781
f 836/836 316/316 482/482
f 228/228 474/474 483/483
f 182/182 465/465 577/577
f 607/607 266/266 770/770
f 371/371 228/228 483/483
f 585/585 367/367 581/581
f 528/528 469/469 349/349
f 315/315 249/249 541/541
f 579/579 586/586 275/275
f 521/521 522/522 523/523
f 577/577 496/496 182/182
f 523/523 522/522 291/291
f 320/320 358/358 597/597
f 699/699 541/541 372/372
f 688/688 376/376 550/550
f 469/469 323/323 349/349
f 355/355 591/591 358/358
f 481/481 385/385 531/531
f 586/586 609/609 183/183
f 315/315 452/452 519/519
f 176/176 585/585 375/375
f 888/888 778/778 351/351
f 683/683 778/778 888/888
f 346/346 525/525 339/339
f 472/472 385/385 481/481
f 471/471 323/323 469/469
f 277/277 589/589 619/619
f 63/63 684/684 326/326
f 353/353 370/370 470/470
f 471/471 346/346 456/456
f 354/354 314/314 319/319
f 346/346 471/471 525/525
f 319/319 529/529 527/527
f 768/768 530/530 504/504
f 526/526 497/497 522/522
f 680/680 346/346 347/347
f 217/217 484/484 463/463
f 454/454 205/205 330/330
f 502/502 159/159 755/755
f 471/471 469/469 339/339
f 405/405 530/530 768/768
f 373/373 455/455 533/533
f 338/338 518/518 616/616
f 531/531 183/183 534/534
f 509/509 324/324 858/858
f 273/273 334/334 514/514
f 481/481 531/531 534/534
f 339/339 535/535 500/500
f 469/469 535/535 339/339
f 529/529 532/532 527/527
f 269/269 535/535 528/528
f 533/533 455/455 546/546
f 600/600 748/748 270/270
f 520/520 472/472 481/481
f 513/513 338/338 616/616
f 529/529 493/493 532/532
f 525/525 471/471 339/339
f 347/347 377/377 576/576
f 173/173 189/189 277/277
f 382/382 481/481 517/517
f 331/331 576/576 377/377
f 535/535 312/312 500/500
f 276/276 373/373 533/533
f 332/332 613/613 508/508
f 317/317 537/537 360/360
f 331/331 339/339 500/500
f 377/377 339/339 331/331
f 539/539 505/505 672/672
f 312/312 331/331 500/500
f 276/276 533/533 739/739
f 540/540 505/505 328/328
f 476/476 196/196 492/492
f 505/505 539/539 378/378
f 466/466 616/616 325/325
f 328/328 505/505 378/378
f 542/542 521/521 523/523
f 328/328 378/378 381/381
f 542/542 523/523 516/516
f 456/456 718/718 516/516
f 57/57 599/599 560/560
f 872/872 608/608 765/765
f 559/559 336/336 555/555
f 762/762 872/872 765/765
f 383/383 341/341 773/773
f 827/827 399/399 365/365
f 927/927 383/383 773/773
f 383/383 927/927 363/363
f 548/548 609/609 788/788
f 718/718 456/456 680/680
f 608/608 573/573 765/765
f 355/355 549/549 793/793
f 452/452 315/315 541/541
f 455/455 454/454 546/546
f 465/465 57/57 560/560
f 466/466 739/739 725/725
f 412/412 786/786 687/687
f 534/534 609/609 548/548
f 452/452 541/541 786/786
f 717/717 460/460 614/614
f 789/789 452/452 786/786
f 684/684 188/188 477/477
f 545/545 780/780 915/915
f 351/351 327/327 564/564
f 827/827 365/365 570/570
f 570/570 621/621 678/678
f 357/357 567/567 302/302
f 576/576 331/331 556/556
f 837/837 468/468 473/473
f 562/562 452/452 789/789
f 576/576 680/680 347/347
f 566/566 549/549 384/384
f 582/582 771/771 610/610
f 492/492 353/353 470/470
f 330/330 179/179 561/561
f 707/707 309/309 836/836
f 485/485 368/368 488/488
f 563/563 837/837 473/473
f 573/573 705/705 811/811
f 565/565 534/534 548/548
f 574/574 464/464 722/722
f 538/538 777/777 493/493
f 362/362 453/453 711/711
f 732/732 361/361 574/574
f 829/829 495/495 781/781
f 838/838 569/569 283/283
f 474/474 302/302 567/567
f 283/283 489/489 838/838
f 699/699 371/371 483/483
f 459/459 452/452 562/562
f 838/838 489/489 738/738
f 459/459 562/562 464/464
f 517/517 534/534 565/565
f 888/888 351/351 564/564
f 753/753 873/873 461/461
f 581/581 568/568 921/921
f 527/527 354/354 319/319
f 524/524 621/621 365/365
f 873/873 772/772 558/558
f 524/524 724/724 621/621
f 735/735 494/494 902/902
f 580/580 366/366 688/688
f 366/366 376/376 688/688
f 589/589 617/617 683/683
f 481/481 534/534 517/517
f 318/318 198/198 356/356
f 578/578 318/318 356/356
f 619/619 589/589 590/590
f 597/597 668/668 320/320
f 620/620 740/740 1271/1271
f 597/597 358/358 591/591
f 277/277 613/613 173/173
f 592/592 545/545 915/915
f 619/619 613/613 277/277
f 717/717 614/614 374/374
f 501/501 173/173 613/613
f 609/609 534/534 183/183
f 740/740 620/620 1041/1041
f 613/613 332/332 501/501
f 331/331 326/326 556/556
f 528/528 535/535 469/469
f 533/533 546/546 739/739
f 542/542 516/516 718/718
f 513/513 616/616 816/816
f 749/749 360/360 735/735
f 717/717 498/498 763/763
f 777/777 532/532 493/493
f 598/598 273/273 514/514
f 511/511 486/486 602/602
f 333/333 559/559 773/773
f 333/333 773/773 341/341
f 693/693 546/546 454/454
f 278/278 598/598 514/514
f 508/508 613/613 686/686
f 360/360 806/806 317/317
f 572/572 758/758 344/344
f 497/497 566/566 522/522
f 758/758 874/874 278/278
f 509/509 1387/1387 364/364
f 327/327 317/317 551/551
f 329/329 345/345 896/896
f 509/509 858/858 1387/1387
f 601/601 476/476 492/492
f 696/696 681/681 604/604
f 337/337 289/289 764/764
f 766/766 321/321 536/536
f 321/321 766/766 289/289
f 633/633 482/482 643/643
f 622/622 971/971 1055/1055
f 545/545 606/606 942/942
f 372/372 541/541 249/249
f 870/870 362/362 390/390
f 414/414 622/622 1055/1055
f 398/398 757/757 390/390
f 757/757 870/870 390/390
f 627/627 667/667 631/631
f 392/392 207/207 628/628
f 629/629 160/160 750/750
f 207/207 159/159 628/628
f 348/348 414/414 1055/1055
f 669/669 391/391 630/630
f 621/621 570/570 365/365
f 668/668 667/667 627/627
f 643/643 482/482 416/416
f 873/873 558/558 461/461
f 987/987 641/641 41/41
f 606/606 545/545 526/526
f 391/391 669/669 413/413
f 993/993 666/666 575/575
f 636/636 399/399 691/691
f 571/571 668/668 627/627
f 426/426 219/219 635/635
f 545/545 497/497 526/526
f 714/714 367/367 634/634
f 606/606 526/526 521/521
f 473/473 397/397 563/563
f 767/767 405/405 768/768
f 399/399 636/636 403/403
f 421/421 423/423 654/654
f 666/666 729/729 575/575
f 159/159 502/502 751/751
f 526/526 522/522 521/521
f 669/669 670/670 413/413
f 413/413 643/643 416/416
f 631/631 667/667 618/618
f 430/430 429/429 655/655
f 641/641 352/352 41/41
f 390/390 537/537 398/398
f 530/530 614/614 504/504
f 429/429 428/428 1095/1095
f 596/596 885/885 324/324
f 885/885 858/858 324/324
f 413/413 670/670 643/643
f 430/430 991/991 624/624
f 681/681 774/774 604/604
f 367/367 585/585 634/634
f 430/430 624/624 222/222
f 899/899 462/462 400/400
f 606/606 521/521 604/604
f 415/415 964/964 645/645
f 222/222 624/624 671/671
f 317/317 398/398 537/537
f 738/738 489/489 226/226
f 222/222 671/671 417/417
f 635/635 219/219 637/637
f 226/226 313/313 738/738
f 634/634 300/300 687/687
f 673/673 642/642 640/640
f 995/995 637/637 404/404
f 423/423 424/424 659/659
f 407/407 246/246 593/593
f 648/648 657/657 425/425
f 642/642 673/673 655/655
f 896/896 398/398 329/329
f 300/300 634/634 585/585
f 655/655 673/673 430/430
f 763/763 498/498 764/764
f 427/427 425/425 657/657
f 405/405 337/337 498/498
f 745/745 651/651 403/403
f 657/657 658/658 427/427
f 498/498 337/337 764/764
f 431/431 426/426 635/635
f 1095/1095 427/427 658/658
f 428/428 427/427 1095/1095
f 672/672 724/724 538/538
f 412/412 612/612 723/723
f 417/417 671/671 958/958
f 732/732 723/723 612/612
f 958/958 536/536 417/417
f 337/337 405/405 767/767
f 539/539 672/672 538/538
f 432/432 674/674 433/433
f 978/978 674/674 432/432
f 745/745 403/403 636/636
f 409/409 663/663 665/665
f 672/672 505/505 644/644
f 418/418 659/659 424/424
f 499/499 403/403 651/651
f 422/422 431/431 656/656
f 397/397 422/422 656/656
f 563/563 397/397 656/656
f 950/950 660/660 675/675
f 950/950 675/675 794/794
f 418/418 248/248 1220/1220
f 607/607 728/728 212/212
f 1220/1220 248/248 409/409
f 437/437 493/493 529/529
f 437/437 538/538 493/493
f 286/286 794/794 675/675
f 181/181 617/617 589/589
f 350/350 569/569 286/286
f 286/286 569/569 819/819
f 778/778 683/683 617/617
f 688/688 1150/1150 580/580
f 571/571 726/726 540/540
f 551/551 317/317 806/806
f 585/585 581/581 921/921
f 454/454 330/330 1020/1020
f 921/921 940/940 585/585
f 774/774 804/804 817/817
f 785/785 579/579 800/800
f 555/555 773/773 559/559
f 922/922 927/927 898/898
f 785/785 800/800 547/547
f 685/685 868/868 697/697
f 934/934 685/685 697/697
f 590/590 686/686 613/613
f 688/688 550/550 1163/1163
f 676/676 772/772 873/873
f 569/569 1002/1002 819/819
f 827/827 691/691 399/399
f 774/774 681/681 804/804
f 689/689 572/572 889/889
f 567/567 933/933 474/474
f 586/586 579/579 785/785
f 780/780 490/490 776/776
f 896/896 345/345 801/801
f 696/696 869/869 681/681
f 686/686 336/336 508/508
f 877/877 765/765 573/573
f 451/451 580/580 1023/1023
f 366/366 580/580 451/451
f 614/614 690/690 504/504
f 475/475 801/801 345/345
f 336/336 686/686 555/555
f 589/589 683/683 906/906
f 682/682 719/719 818/818
f 718/718 1175/1175 542/542
f 492/492 470/470 601/601
f 548/548 897/897 565/565
f 454/454 1020/1020 693/693
f 900/900 772/772 808/808
f 818/818 719/719 891/891
f 467/467 889/889 572/572
f 900/900 558/558 772/772
f 811/811 877/877 573/573
f 524/524 777/777 724/724
f 816/816 599/599 513/513
f 551/551 564/564 327/327
f 610/610 771/771 1127/1127
f 934/934 701/701 779/779
f 558/558 900/900 894/894
f 375/375 585/585 940/940
f 543/543 565/565 897/897
f 1086/1086 485/485 1087/1087
f 705/705 903/903 811/811
f 787/787 375/375 940/940
f 785/785 609/609 586/586
f 777/777 524/524 532/532
f 942/942 490/490 780/780
f 752/752 460/460 865/865
f 866/866 700/700 781/781
f 865/865 460/460 717/717
f 451/451 775/775 550/550
f 485/485 488/488 1087/1087
f 550/550 702/702 1163/1163
f 613/613 619/619 590/590
f 682/682 771/771 582/582
f 754/754 779/779 701/701
f 824/824 504/504 1121/1121
f 521/521 1175/1175 604/604
f 609/609 785/785 547/547
f 1052/1052 836/836 482/482
f 678/678 959/959 570/570
f 557/557 690/690 614/614
f 839/839 1052/1052 482/482
f 721/721 702/702 550/550
f 542/542 1175/1175 521/521
f 788/788 609/609 547/547
f 699/699 786/786 541/541
f 895/895 690/690 557/557
f 590/590 916/916 720/720
f 708/708 786/786 699/699
f 721/721 550/550 775/775
f 927/927 773/773 712/712
f 713/713 575/575 706/706
f 725/725 1938/1938 466/466
f 716/716 801/801 475/475
f 582/582 719/719 682/682
f 621/621 823/823 678/678
f 468/468 837/837 884/884
f 724/724 823/823 621/621
f 579/579 375/375 787/787
f 563/563 731/731 730/730
f 545/545 942/942 780/780
f 1065/1065 742/742 782/782
f 488/488 368/368 899/899
f 561/561 543/543 830/830
f 778/778 716/716 475/475
f 617/617 716/716 778/778
f 715/715 702/702 721/721
f 1938/1938 616/616 466/466
f 837/837 563/563 730/730
f 715/715 721/721 917/917
f 580/580 1010/1010 783/783
f 700/700 706/706 575/575
f 711/711 453/453 1132/1132
f 504/504 824/824 768/768
f 580/580 783/783 743/743
f 1117/1117 721/721 775/775
f 506/506 813/813 588/588
f 780/780 776/776 915/915
f 931/931 807/807 779/779
f 779/779 754/754 931/931
f 1051/1051 451/451 1023/1023
f 617/617 728/728 929/929
f 1051/1051 775/775 451/451
f 580/580 743/743 1023/1023
f 728/728 607/607 824/824
f 579/579 787/787 800/800
f 700/700 575/575 781/781
f 561/561 1020/1020 330/330
f 313/313 578/578 738/738
f 816/816 616/616 1938/1938
f 781/781 575/575 729/729
f 870/870 1132/1132 453/453
f 729/729 857/857 781/781
f 857/857 829/829 781/781
f 465/465 842/842 577/577
f 363/363 927/927 568/568
f 607/607 768/768 824/824
f 912/912 745/745 578/578
f 927/927 712/712 898/898
f 784/784 689/689 925/925
f 356/356 499/499 651/651
f 467/467 352/352 889/889
f 786/786 412/412 789/789
f 724/724 777/777 538/538
f 689/689 495/495 829/829
f 784/784 495/495 689/689
f 789/789 412/412 723/723
f 1248/1248 606/606 817/817
f 355/355 761/761 618/618
f 790/790 931/931 754/754
f 726/726 505/505 540/540
f 800/800 727/727 547/547
f 928/928 278/278 874/874
f 548/548 788/788 746/746
f 562/562 789/789 722/722
f 667/667 591/591 618/618
f 788/788 547/547 727/727
f 464/464 562/562 722/722
f 791/791 776/776 490/490
f 747/747 776/776 791/791
f 597/597 667/667 668/668
f 591/591 667/667 597/597
f 757/757 398/398 759/759
f 896/896 759/759 398/398
f 749/749 806/806 360/360
f 926/926 549/549 592/592
f 549/549 566/566 592/592
f 741/741 740/740 1041/1041
f 549/549 926/926 793/793
f 766/766 764/764 289/289
f 1059/1059 608/608 872/872
f 592/592 566/566 497/497
f 596/596 364/364 1001/1001
f 1016/1016 1001/1001 364/364
f 755/755 273/273 598/598
f 1387/1387 1016/1016 364/364
f 768/768 607/607 769/769
f 769/769 607/607 770/770
f 793/793 761/761 355/355
f 603/603 485/485 1086/1086
f 1054/1054 490/490 942/942
f 1034/1034 681/681 869/869
f 697/697 868/868 1079/1079
f 588/588 813/813 1004/1004
f 990/990 893/893 890/890
f 1150/1150 688/688 1039/1039
f 893/893 990/990 691/691
f 1039/1039 688/688 1159/1159
f 720/720 828/828 686/686
f 905/905 686/686 828/828
f 897/897 548/548 805/805
f 802/802 796/796 682/682
f 688/688 1163/1163 1159/1159
f 718/718 680/680 797/797
f 801/801 849/849 896/896
f 1129/1129 1128/1128 1071/1071
f 901/901 906/906 888/888
f 682/682 818/818 802/802
f 683/683 888/888 906/906
f 1087/1087 488/488 1085/1085
f 691/691 827/827 893/893
f 779/779 807/807 815/815
f 803/803 697/697 1079/1079
f 709/709 707/707 826/826
f 1085/1085 488/488 899/899
f 555/555 686/686 798/798
f 931/931 1240/1240 825/825
f 686/686 905/905 798/798
f 708/708 687/687 786/786
f 716/716 923/923 801/801
f 1240/1240 931/931 790/790
f 702/702 715/715 1163/1163
f 707/707 836/836 826/826
f 889/889 925/925 689/689
f 802/802 818/818 891/891
f 803/803 892/892 697/697
f 678/678 864/864 959/959
f 553/553 1179/1179 694/694
f 555/555 798/798 905/905
f 543/543 897/897 1007/1007
f 1064/1064 727/727 800/800
f 676/676 808/808 772/772
f 1141/1141 905/905 828/828
f 1117/1117 917/917 721/721
f 923/923 1121/1121 895/895
f 1175/1175 696/696 604/604
f 546/546 693/693 1349/1349
f 895/895 1121/1121 690/690
f 1127/1127 834/834 610/610
f 555/555 905/905 712/712
f 1240/1240 790/790 843/843
f 909/909 906/906 901/901
f 703/703 854/854 478/478
f 610/610 834/834 582/582
f 576/576 797/797 680/680
f 825/825 807/807 931/931
f 551/551 806/806 914/914
f 827/827 570/570 959/959
f 573/573 608/608 1059/1059
f 916/916 906/906 909/909
f 906/906 590/590 589/589
f 590/590 906/906 916/916
f 546/546 1349/1349 835/835
f 773/773 555/555 712/712
f 775/775 1051/1051 1172/1172
f 1052/1052 839/839 1170/1170
f 1081/1081 1244/1244 841/841
f 921/921 939/939 940/940
f 490/490 1054/1054 583/583
f 1081/1081 841/841 866/866
f 564/564 551/551 914/914
f 1021/1021 822/822 904/904
f 746/746 788/788 727/727
f 576/576 556/556 2812/2812
f 921/921 922/922 939/939
f 690/690 1121/1121 504/504
f 583/583 1054/1054 1088/1088
f 582/582 1053/1053 719/719
f 891/891 719/719 1053/1053
f 898/898 939/939 922/922
f 913/913 1118/1118 1115/1115
f 939/939 898/898 840/840
f 888/888 564/564 914/914
f 733/733 1237/1237 458/458
f 1106/1106 1006/1006 914/914
f 706/706 700/700 841/841
f 739/739 546/546 835/835
f 779/779 815/815 685/685
f 569/569 838/838 1002/1002
f 1319/1319 905/905 1141/1141
f 866/866 841/841 700/700
f 1065/1065 782/782 1009/1009
f 712/712 905/905 1319/1319
f 888/888 914/914 901/901
f 872/872 937/937 1053/1053
f 1121/1121 923/923 716/716
f 901/901 914/914 1006/1006
f 1101/1101 852/852 1037/1037
f 685/685 934/934 779/779
f 904/904 822/822 907/907
f 598/598 278/278 853/853
f 479/479 855/855 310/310
f 844/844 838/838 738/738
f 477/477 496/496 1389/1389
f 578/578 844/844 738/738
f 689/689 829/829 1116/1116
f 1006/1006 909/909 901/901
f 863/863 917/917 856/856
f 1021/1021 904/904 851/851
f 1010/1010 1150/1150 1637/1637
f 1117/1117 856/856 917/917
f 757/757 1114/1114 870/870
f 578/578 744/744 844/844
f 326/326 684/684 556/556
f 1150/1150 1010/1010 580/580
f 919/919 904/904 907/907
f 851/851 904/904 919/919
f 483/483 474/474 933/933
f 941/941 926/926 915/915
f 1065/1065 861/861 742/742
f 1056/1056 851/851 919/919
f 908/908 1029/1029 1239/1239
f 810/810 711/711 1132/1132
f 863/863 887/887 917/917
f 720/720 916/916 909/909
f 1239/1239 1258/1258 908/908
f 744/744 578/578 745/745
f 928/928 853/853 278/278
f 483/483 708/708 699/699
f 835/835 725/725 739/739
f 920/920 908/908 1258/1258
f 929/929 716/716 617/617
f 859/859 887/887 863/863
f 729/729 864/864 857/857
f 548/548 746/746 805/805
f 711/711 810/810 902/902
f 356/356 912/912 578/578
f 686/686 590/590 720/720
f 714/714 933/933 567/567
f 651/651 912/912 356/356
f 720/720 909/909 828/828
f 929/929 728/728 824/824
f 592/592 915/915 926/926
f 568/568 927/927 922/922
f 928/928 930/930 853/853
f 922/922 921/921 568/568
f 701/701 934/934 876/876
f 924/924 894/894 900/900
f 1319/1319 799/799 712/712
f 898/898 712/712 799/799
f 784/784 866/866 781/781
f 925/925 866/866 784/784
f 924/924 913/913 850/850
f 761/761 1145/1145 631/631
f 631/631 618/618 761/761
f 879/879 933/933 714/714
f 483/483 933/933 879/879
f 1118/1118 913/913 1130/1130
f 845/845 939/939 840/840
f 697/697 938/938 934/934
f 892/892 938/938 697/697
f 1024/1024 572/572 689/689
f 644/644 726/726 627/627
f 151/151 270/270 1364/1364
f 1096/1096 749/749 735/735
f 791/791 930/930 747/747
f 1008/1008 930/930 791/791
f 717/717 763/763 1207/1207
f 627/627 726/726 571/571
f 1024/1024 758/758 572/572
f 600/600 348/348 748/748
f 1441/1441 748/748 348/348
f 939/939 787/787 940/940
f 753/753 1070/1070 873/873
f 741/741 1347/1347 740/740
f 804/804 681/681 1034/1034
f 935/935 1041/1041 875/875
f 1112/1112 790/790 754/754
f 915/915 747/747 930/930
f 930/930 941/941 915/915
f 776/776 747/747 915/915
f 1167/1167 935/935 875/875
f 1041/1041 935/935 1185/1185
f 787/787 939/939 845/845
f 874/874 758/758 1024/1024
f 806/806 749/749 932/932
f 552/552 767/767 936/936
f 552/552 936/936 484/484
f 845/845 1134/1134 787/787
f 769/769 484/484 936/936
f 937/937 872/872 762/762
f 629/629 750/750 1072/1072
f 800/800 787/787 1134/1134
f 1073/1073 1072/1072 750/750
f 928/928 941/941 930/930
f 463/463 484/484 769/769
f 750/750 503/503 1073/1073
f 941/941 928/928 1122/1122
f 722/722 789/789 723/723
f 463/463 769/769 770/770
f 757/757 759/759 1114/1114
f 502/502 755/755 1074/1074
f 574/574 722/722 732/732
f 759/759 896/896 849/849
f 791/791 511/511 1083/1083
f 1083/1083 511/511 602/602
f 878/878 701/701 876/876
f 754/754 701/701 878/878
f 1102/1102 765/765 877/877
f 1112/1112 754/754 878/878
f 762/762 765/765 1102/1102
f 633/633 643/643 943/943
f 864/864 666/666 795/795
f 795/795 1108/1108 864/864
f 768/768 936/936 767/767
f 879/879 714/714 634/634
f 962/962 631/631 949/949
f 391/391 709/709 630/630
f 1145/1145 949/949 631/631
f 707/707 709/709 391/391
f 955/955 986/986 392/392
f 950/950 918/918 1109/1109
f 943/943 643/643 1513/1513
f 954/954 960/960 449/449
f 884/884 988/988 468/468
f 771/771 682/682 1262/1262
f 959/959 864/864 1108/1108
f 882/882 985/985 956/956
f 630/630 948/948 669/669
f 886/886 988/988 884/884
f 687/687 879/879 634/634
f 1248/1248 942/942 606/606
f 991/991 992/992 671/671
f 644/644 627/627 962/962
f 991/991 671/671 624/624
f 631/631 962/962 627/627
f 1292/1292 632/632 1217/1217
f 629/629 956/956 393/393
f 956/956 629/629 947/947
f 1346/1346 1271/1271 740/740
f 1001/1001 885/885 596/596
f 656/656 731/731 563/563
f 994/994 659/659 632/632
f 943/943 482/482 633/633
f 632/632 659/659 1217/1217
f 964/964 415/415 1210/1210
f 1136/1136 1210/1210 415/415
f 839/839 482/482 943/943
f 1271/1271 875/875 620/620
f 1015/1015 875/875 1271/1271
f 879/879 687/687 708/708
f 637/637 995/995 635/635
f 606/606 774/774 817/817
f 606/606 604/604 774/774
f 655/655 429/429 965/965
f 641/641 987/987 1104/1104
f 423/423 994/994 654/654
f 722/722 723/723 732/732
f 965/965 429/429 1095/1095
f 990/990 993/993 1025/1025
f 640/640 1019/1019 1136/1136
f 640/640 1136/1136 415/415
f 659/659 994/994 423/423
f 640/640 642/642 1019/1019
f 713/713 846/846 1071/1071
f 763/763 764/764 1213/1213
f 886/886 635/635 995/995
f 1071/1071 993/993 713/713
f 875/875 1041/1041 620/620
f 431/431 635/635 886/886
f 713/713 993/993 575/575
f 1289/1289 1304/1304 645/645
f 1025/1025 745/745 990/990
f 1217/1217 659/659 1219/1219
f 990/990 745/745 636/636
f 645/645 964/964 1289/1289
f 992/992 958/958 671/671
f 665/665 663/663 982/982
f 449/449 960/960 968/968
f 648/648 449/449 968/968
f 974/974 665/665 982/982
f 766/766 536/536 958/958
f 886/886 995/995 988/988
f 666/666 864/864 729/729
f 1019/1019 642/642 973/973
f 936/936 768/768 769/769
f 657/657 648/648 968/968
f 968/968 1212/1212 657/657
f 352/352 641/641 1104/1104
f 665/665 974/974 409/409
f 1104/1104 889/889 352/352
f 973/973 642/642 1294/1294
f 642/642 655/655 1294/1294
f 656/656 431/431 886/886
f 724/724 672/672 972/972
f 1219/1219 659/659 418/418
f 1294/1294 655/655 965/965
f 969/969 967/967 652/652
f 745/745 912/912 651/651
f 1219/1219 418/418 1220/1220
f 660/660 950/950 946/946
f 963/963 899/899 400/400
f 794/794 918/918 950/950
f 1527/1527 978/978 432/432
f 400/400 406/406 963/963
f 962/962 972/972 672/672
f 672/672 644/644 962/962
f 1216/1216 664/664 1462/1462
f 432/432 664/664 1216/1216
f 406/406 966/966 963/963
f 855/855 1298/1298 661/661
f 966/966 406/406 594/594
f 664/664 510/510 1462/1462
f 661/661 310/310 855/855
f 966/966 594/594 832/832
f 151/151 1364/1364 510/510
f 890/890 993/993 990/990
f 286/286 1120/1120 794/794
f 726/726 644/644 505/505
f 286/286 819/819 1120/1120
f 666/666 993/993 890/890
f 890/890 795/795 666/666
f 795/795 890/890 893/893
f 636/636 691/691 990/990
f 997/997 645/645 975/975
f 975/975 645/645 1304/1304
f 951/951 998/998 961/961
f 444/444 998/998 951/951
f 1287/1287 622/622 441/441
f 971/971 622/622 1287/1287
f 442/442 976/976 999/999
f 436/436 645/645 997/997
f 980/980 1287/1287 441/441
f 441/441 443/443 980/980
f 443/443 1292/1292 980/980
f 979/979 976/976 442/442
f 632/632 1292/1292 443/443
f 444/444 674/674 998/998
f 998/998 674/674 978/978
f 442/442 999/999 218/218
f 999/999 976/976 1300/1300
f 996/996 999/999 1300/1300
f 442/442 1000/1000 979/979
f 430/430 673/673 436/436
f 433/433 674/674 444/444
f 979/979 1000/1000 1286/1286
f 1286/1286 1000/1000 983/983
f 946/946 983/983 1000/1000
f 999/999 996/996 981/981
f 669/669 948/948 961/961
f 999/999 981/981 218/218
f 218/218 981/981 663/663
f 1000/1000 660/660 946/946
f 663/663 981/981 982/982
f 444/444 951/951 954/954
f 670/670 669/669 961/961
f 978/978 977/977 670/670
f 670/670 977/977 643/643
f 445/445 994/994 632/632
f 654/654 994/994 445/445
f 643/643 977/977 1513/1513
f 670/670 961/961 998/998
f 670/670 998/998 978/978
f 975/975 992/992 997/997
f 436/436 997/997 991/991
f 436/436 991/991 430/430
f 992/992 991/991 997/997
f 1346/1346 740/740 1347/1347
f 1185/1185 935/935 1228/1228
f 884/884 1091/1091 886/886
f 864/864 678/678 1235/1235
f 846/846 713/713 706/706
f 903/903 705/705 1097/1097
f 1020/1020 830/830 1007/1007
f 884/884 837/837 1091/1091
f 1082/1082 791/791 1083/1083
f 806/806 1012/1012 1106/1106
f 1376/1376 736/736 910/910
f 1109/1109 918/918 1184/1184
f 902/902 1096/1096 735/735
f 1017/1017 1386/1386 1149/1149
f 1082/1082 1008/1008 791/791
f 965/965 1095/1095 1294/1294
f 1140/1140 733/733 694/694
f 853/853 930/930 1008/1008
f 815/815 868/868 685/685
f 678/678 823/823 1235/1235
f 1091/1091 730/730 731/731
f 730/730 1091/1091 837/837
f 845/845 840/840 1134/1134
f 1134/1134 1064/1064 800/800
f 885/885 1001/1001 1408/1408
f 1408/1408 1022/1022 885/885
f 1106/1106 914/914 806/806
f 1095/1095 658/658 1353/1353
f 793/793 1018/1018 761/761
f 715/715 887/887 1351/1351
f 1351/1351 1536/1536 715/715
f 1022/1022 1033/1033 885/885
f 715/715 917/917 887/887
f 1033/1033 858/858 885/885
f 599/599 816/816 1938/1938
f 1002/1002 838/838 844/844
f 909/909 1006/1006 1305/1305
f 938/938 1224/1224 934/934
f 510/510 1364/1364 1036/1036
f 561/561 830/830 1020/1020
f 1045/1045 1104/1104 883/883
f 913/913 1260/1260 1130/1130
f 709/709 826/826 1153/1153
f 1023/1023 743/743 862/862
f 1484/1484 1149/1149 1386/1386
f 749/749 1096/1096 1110/1110
f 815/815 807/807 1381/1381
f 1031/1031 909/909 1305/1305
f 1012/1012 1006/1006 1106/1106
f 1245/1245 887/887 859/859
f 799/799 1105/1105 898/898
f 724/724 1235/1235 823/823
f 1032/1032 868/868 1503/1503
f 1027/1027 1023/1023 862/862
f 840/840 898/898 1105/1105
f 1252/1252 833/833 1475/1475
f 733/733 1140/1140 1234/1234
f 1051/1051 1023/1023 1027/1027
f 1015/1015 1148/1148 875/875
f 826/826 836/836 1158/1158
f 1138/1138 744/744 1025/1025
f 1043/1043 1143/1143 867/867
f 1031/1031 828/828 909/909
f 1237/1237 733/733 1234/1234
f 1076/1076 834/834 1127/1127
f 1115/1115 850/850 913/913
f 825/825 1381/1381 807/807
f 1104/1104 1045/1045 1226/1226
f 1110/1110 1111/1111 932/932
f 749/749 1110/1110 932/932
f 762/762 1223/1223 937/937
f 1233/1233 1025/1025 993/993
f 1024/1024 1038/1038 874/874
f 1042/1042 1158/1158 836/836
f 1014/1014 925/925 1226/1226
f 874/874 1038/1038 928/928
f 1167/1167 875/875 1148/1148
f 731/731 886/886 1091/1091
f 656/656 886/886 731/731
f 820/820 1029/1029 908/908
f 1034/1034 1154/1154 804/804
f 465/465 560/560 842/842
f 925/925 1014/1014 866/866
f 836/836 1052/1052 1042/1042
f 744/744 745/745 1025/1025
f 1037/1037 852/852 1239/1239
f 1038/1038 1122/1122 928/928
f 577/577 842/842 1166/1166
f 1104/1104 987/987 883/883
f 929/929 1121/1121 716/716
f 893/893 1108/1108 795/795
f 1064/1064 1326/1326 727/727
f 900/900 808/808 913/913
f 1171/1171 1098/1098 1388/1388
f 1125/1125 918/918 794/794
f 1251/1251 817/817 804/804
f 882/882 956/956 1201/1201
f 1041/1041 1185/1185 1383/1383
f 1132/1132 870/870 1119/1119
f 1111/1111 806/806 932/932
f 496/496 577/577 1169/1169
f 696/696 1175/1175 869/869
f 1389/1389 496/496 1169/1169
f 1098/1098 1177/1177 1388/1388
f 913/913 924/924 900/900
f 1104/1104 1226/1226 925/925
f 925/925 889/889 1104/1104
f 1111/1111 1012/1012 806/806
f 1079/1079 868/868 1049/1049
f 1252/1252 918/918 1125/1125
f 727/727 1326/1326 746/746
f 693/693 1040/1040 1349/1349
f 762/762 1102/1102 1223/1223
f 1101/1101 1037/1037 1424/1424
f 1389/1389 2618/2618 477/477
f 708/708 483/483 879/879
f 1168/1168 869/869 1175/1175
f 1101/1101 1107/1107 852/852
f 850/850 1115/1115 760/760
f 805/805 746/746 1326/1326
f 865/865 717/717 1003/1003
f 1107/1107 1101/1101 1164/1164
f 872/872 1053/1053 1066/1066
f 872/872 1066/1066 1059/1059
f 1035/1035 1116/1116 829/829
f 893/893 827/827 1108/1108
f 1503/1503 868/868 815/815
f 1048/1048 342/342 859/859
f 959/959 1108/1108 827/827
f 1207/1207 1003/1003 717/717
f 847/847 1178/1178 1099/1099
f 871/871 1115/1115 1118/1118
f 833/833 1252/1252 1125/1125
f 1242/1242 1059/1059 1414/1414
f 553/553 342/342 1048/1048
f 1035/1035 829/829 857/857
f 1164/1164 1101/1101 1424/1424
f 1057/1057 1117/1117 775/775
f 941/941 1122/1122 1367/1367
f 934/934 1224/1224 876/876
f 573/573 1059/1059 1242/1242
f 718/718 797/797 1175/1175
f 801/801 923/923 849/849
f 1057/1057 1067/1067 1117/1117
f 1121/1121 929/929 824/824
f 705/705 573/573 1242/1242
f 1065/1065 1009/1009 1178/1178
f 1258/1258 1093/1093 920/920
f 1144/1144 689/689 867/867
f 553/553 1048/1048 1179/1179
f 1024/1024 689/689 1144/1144
f 705/705 1242/1242 1097/1097
f 897/897 805/805 1345/1345
f 1094/1094 1056/1056 919/919
f 1007/1007 897/897 1345/1345
f 1116/1116 867/867 689/689
f 1125/1125 1128/1128 833/833
f 1053/1053 937/937 891/891
f 1068/1068 856/856 1117/1117
f 1249/1249 629/629 1072/1072
f 957/957 1123/1123 1200/1200
f 834/834 1053/1053 582/582
f 878/878 876/876 1103/1103
f 1007/1007 830/830 543/543
f 1068/1068 1117/1117 1067/1067
f 797/797 576/576 2812/2812
f 1263/1263 1127/1127 1262/1262
f 1241/1241 1013/1013 1126/1126
f 1128/1128 1077/1077 833/833
f 1415/1415 804/804 1161/1161
f 804/804 1415/1415 1251/1251
f 1127/1127 1263/1263 1076/1076
f 1248/1248 817/817 1251/1251
f 1244/1244 833/833 1077/1077
f 1002/1002 1253/1253 819/819
f 755/755 598/598 1082/1082
f 877/877 811/811 1113/1113
f 1082/1082 598/598 853/853
f 1060/1060 825/825 1240/1240
f 1077/1077 841/841 1244/1244
f 796/796 1198/1198 682/682
f 1129/1129 1077/1077 1128/1128
f 1084/1084 603/603 1203/1203
f 1130/1130 1240/1240 843/843
f 790/790 1112/1112 843/843
f 1233/1233 1071/1071 1202/1202
f 1077/1077 846/846 1078/1078
f 993/993 1071/1071 1233/1233
f 1131/1131 676/676 1070/1070
f 873/873 1070/1070 676/676
f 1078/1078 841/841 1077/1077
f 846/846 1077/1077 1129/1129
f 1069/1069 752/752 1257/1257
f 752/752 865/865 1257/1257
f 1157/1157 1240/1240 1130/1130
f 1061/1061 676/676 1131/1131
f 866/866 1014/1014 1081/1081
f 843/843 1118/1118 1130/1130
f 676/676 1061/1061 808/808
f 1078/1078 706/706 841/841
f 846/846 1129/1129 1071/1071
f 843/843 1112/1112 1250/1250
f 1118/1118 843/843 1250/1250
f 1133/1133 1112/1112 809/809
f 1250/1250 1112/1112 1133/1133
f 1118/1118 1250/1250 1133/1133
f 1479/1479 1164/1164 1424/1424
f 1211/1211 1192/1192 1430/1430
f 1035/1035 864/864 1235/1235
f 1105/1105 1432/1432 840/840
f 799/799 1319/1319 1971/1971
f 1408/1408 1001/1001 1229/1229
f 1226/1226 1425/1425 1081/1081
f 1080/1080 1187/1187 1374/1374
f 1126/1126 1402/1402 1241/1241
f 1008/1008 1082/1082 853/853
f 1065/1065 1352/1352 861/861
f 1134/1134 840/840 1432/1432
f 1138/1138 844/844 744/744
f 1021/1021 813/813 822/822
f 1422/1422 1142/1142 1225/1225
f 1226/1226 1081/1081 1014/1014
f 1146/1146 1178/1178 1009/1009
f 854/854 703/703 1230/1230
f 1146/1146 1009/1009 1638/1638
f 2202/2202 1012/1012 1137/1137
f 1165/1165 1126/1126 1013/1013
f 1145/1145 761/761 1018/1018
f 2202/2202 1006/1006 1012/1012
f 556/556 684/684 1671/1671
f 1230/1230 703/703 1004/1004
f 1018/1018 793/793 926/926
f 684/684 477/477 1671/1671
f 1230/1230 1004/1004 813/813
f 1305/1305 1006/1006 2202/2202
f 813/813 1021/1021 1230/1230
f 1149/1149 1185/1185 1228/1228
f 1475/1475 833/833 1139/1139
f 1235/1235 1043/1043 1035/1035
f 802/802 1374/1374 796/796
f 1211/1211 1243/1243 1395/1395
f 1064/1064 1134/1134 2389/2389
f 1158/1158 1316/1316 826/826
f 741/741 1041/1041 1383/1383
f 1294/1294 1095/1095 1449/1449
f 1233/1233 1138/1138 1025/1025
f 799/799 1332/1332 1105/1105
f 1016/1016 1229/1229 1001/1001
f 1449/1449 1095/1095 1353/1353
f 599/599 1938/1938 1135/1135
f 1490/1490 1123/1123 1329/1329
f 1228/1228 1017/1017 1149/1149
f 1012/1012 1111/1111 1137/1137
f 864/864 1035/1035 857/857
f 1028/1028 861/861 1352/1352
f 797/797 1439/1439 1175/1175
f 1224/1224 1103/1103 876/876
f 1187/1187 1093/1093 1160/1160
f 1239/1239 1029/1029 1237/1237
f 1237/1237 1234/1234 1239/1239
f 1158/1158 1042/1042 1474/1474
f 270/270 748/748 1380/1380
f 1007/1007 1040/1040 1020/1020
f 1239/1239 1234/1234 1037/1037
f 1374/1374 802/802 1080/1080
f 1350/1350 1052/1052 1170/1170
f 1170/1170 839/839 1358/1358
f 828/828 1031/1031 1632/1632
f 2389/2389 1371/1371 1064/1064
f 1381/1381 825/825 1723/1723
f 1094/1094 1049/1049 1151/1151
f 1156/1156 1236/1236 1406/1406
f 1058/1058 1167/1167 1365/1365
f 1222/1222 1396/1396 1413/1413
f 577/577 1166/1166 1169/1169
f 1013/1013 1241/1241 1419/1419
f 1144/1144 867/867 1143/1143
f 1222/1222 1413/1413 1339/1339
f 348/348 1055/1055 1441/1441
f 1225/1225 1406/1406 1236/1236
f 1163/1163 715/715 1536/1536
f 1050/1050 1093/1093 1187/1187
f 856/856 859/859 863/863
f 858/858 1485/1485 1387/1387
f 859/859 856/856 1397/1397
f 1066/1066 1173/1173 1059/1059
f 858/858 1033/1033 1485/1485
f 1040/1040 693/693 1020/1020
f 869/869 1486/1486 1034/1034
f 1172/1172 1051/1051 1027/1027
f 1241/1241 1402/1402 1405/1405
f 1161/1161 804/804 1154/1154
f 1059/1059 1173/1173 1414/1414
f 1172/1172 1174/1174 775/775
f 1093/1093 1258/1258 1160/1160
f 1057/1057 775/775 1174/1174
f 1076/1076 1659/1659 834/834
f 1131/1131 1165/1165 1013/1013
f 1168/1168 1486/1486 869/869
f 1178/1178 847/847 1065/1065
f 1326/1326 1064/1064 1371/1371
f 1225/1225 1236/1236 1247/1247
f 1067/1067 1057/1057 1174/1174
f 1139/1139 833/833 1244/1244
f 1417/1417 1236/1236 1156/1156
f 1046/1046 736/736 1497/1497
f 1043/1043 1297/1297 1143/1143
f 1247/1247 1236/1236 1417/1417
f 1549/1549 1493/1493 1182/1182
f 1173/1173 834/834 1659/1659
f 1367/1367 926/926 941/941
f 1503/1503 1152/1152 1032/1032
f 1065/1065 847/847 1062/1062
f 1422/1422 1225/1225 1247/1247
f 1208/1208 942/942 1248/1248
f 918/918 1252/1252 1184/1184
f 1013/1013 1419/1419 1061/1061
f 1053/1053 834/834 1173/1173
f 1053/1053 1173/1173 1066/1066
f 1370/1370 1139/1139 1244/1244
f 1037/1037 1422/1422 1424/1424
f 1081/1081 1370/1370 1244/1244
f 1061/1061 1419/1419 1157/1157
f 1211/1211 1395/1395 1192/1192
f 1179/1179 1048/1048 1418/1418
f 725/725 835/835 1481/1481
f 1032/1032 1151/1151 868/868
f 1251/1251 1415/1415 1248/1248
f 868/868 1151/1151 1049/1049
f 1013/1013 1061/1061 1131/1131
f 1072/1072 1073/1073 1191/1191
f 856/856 1068/1068 1397/1397
f 1128/1128 1125/1125 1202/1202
f 1120/1120 1125/1125 794/794
f 1202/1202 1125/1125 1120/1120
f 1393/1393 1044/1044 1188/1188
f 1481/1481 1938/1938 725/725
f 1239/1239 852/852 1107/1107
f 1227/1227 1268/1268 1409/1409
f 1193/1193 1191/1191 1075/1075
f 1258/1258 1239/1239 1259/1259
f 1406/1406 1225/1225 1142/1142
f 1195/1195 1193/1193 1075/1075
f 844/844 1253/1253 1002/1002
f 1425/1425 1045/1045 1394/1394
f 1256/1256 1107/1107 1317/1317
f 1416/1416 1253/1253 844/844
f 1254/1254 1165/1165 1131/1131
f 1164/1164 1317/1317 1107/1107
f 1188/1188 1044/1044 1189/1189
f 1120/1120 1416/1416 1202/1202
f 1123/1123 1194/1194 1196/1196
f 1044/1044 881/881 1189/1189
f 1074/1074 755/755 1197/1197
f 755/755 1082/1082 1197/1197
f 1256/1256 1317/1317 1442/1442
f 1128/1128 1202/1202 1071/1071
f 1070/1070 1254/1254 1131/1131
f 1226/1226 1045/1045 1425/1425
f 1416/1416 1120/1120 1253/1253
f 1069/1069 1257/1257 1255/1255
f 1203/1203 603/603 1086/1086
f 1087/1087 1085/1085 1089/1089
f 1257/1257 865/865 1003/1003
f 1258/1258 1259/1259 1442/1442
f 1442/1442 1261/1261 1258/1258
f 1328/1328 1124/1124 1195/1195
f 1261/1261 1442/1442 1263/1263
f 1263/1263 1262/1262 1261/1261
f 1260/1260 1061/1061 1157/1157
f 1078/1078 846/846 706/706
f 1260/1260 1157/1157 1130/1130
f 1263/1263 1442/1442 1400/1400
f 808/808 1061/1061 1260/1260
f 808/808 1260/1260 913/913
f 1076/1076 1263/1263 1186/1186
f 1080/1080 1050/1050 1187/1187
f 1208/1208 1054/1054 942/942
f 867/867 1116/1116 1043/1043
f 1036/1036 1462/1462 510/510
f 1184/1184 1341/1341 1109/1109
f 1109/1109 1341/1341 1526/1526
f 1279/1279 949/949 1535/1535
f 630/630 709/709 1265/1265
f 1265/1265 1267/1267 630/630
f 1291/1291 946/946 1269/1269
f 910/910 1205/1205 1376/1376
f 709/709 1153/1153 1265/1265
f 1214/1214 1270/1270 1264/1264
f 946/946 950/950 1269/1269
f 1267/1267 948/948 630/630
f 975/975 1650/1650 1273/1273
f 1579/1579 944/944 1171/1171
f 1214/1214 1612/1612 1270/1270
f 1107/1107 1256/1256 1239/1239
f 1271/1271 1510/1510 1015/1015
f 975/975 1273/1273 992/992
f 1277/1277 992/992 1273/1273
f 969/969 1310/1310 967/967
f 1713/1713 1582/1582 1266/1266
f 1266/1266 1379/1379 1713/1713
f 1379/1379 1215/1215 1713/1713
f 949/949 1145/1145 1535/1535
f 1259/1259 1256/1256 1442/1442
f 948/948 1267/1267 1274/1274
f 1058/1058 1228/1228 935/935
f 969/969 1298/1298 1336/1336
f 1310/1310 969/969 1336/1336
f 1266/1266 1218/1218 1379/1379
f 952/952 1308/1308 1205/1205
f 652/652 1308/1308 952/952
f 652/652 967/967 1308/1308
f 948/948 1296/1296 961/961
f 771/771 1262/1262 1127/1127
f 992/992 1277/1277 958/958
f 1167/1167 1058/1058 935/935
f 1098/1098 1171/1171 944/944
f 1310/1310 1308/1308 967/967
f 1269/1269 1109/1109 1526/1526
f 1513/1513 977/977 1278/1278
f 1109/1109 1269/1269 950/950
f 1336/1336 1298/1298 855/855
f 977/977 978/978 1278/1278
f 1198/1198 1262/1262 682/682
f 976/976 1614/1614 1300/1300
f 1276/1276 1614/1614 976/976
f 1358/1358 943/943 1280/1280
f 1207/1207 763/763 1213/1213
f 943/943 1358/1358 839/839
f 1336/1336 855/855 1231/1231
f 966/966 1085/1085 899/899
f 963/963 966/966 899/899
f 943/943 1513/1513 1280/1280
f 832/832 1085/1085 966/966
f 1227/1227 1303/1303 1268/1268
f 764/764 766/766 1733/1733
f 1213/1213 764/764 1733/1733
f 1085/1085 832/832 1089/1089
f 1586/1586 1303/1303 1594/1594
f 1268/1268 1303/1303 1586/1586
f 1208/1208 1088/1088 1054/1054
f 1277/1277 1733/1733 958/958
f 958/958 1733/1733 766/766
f 1606/1606 981/981 1293/1293
f 982/982 981/981 1606/1606
f 1272/1272 1243/1243 1211/1211
f 1150/1150 1039/1039 1159/1159
f 1043/1043 1116/1116 1035/1035
f 1227/1227 1290/1290 1303/1303
f 1530/1530 1243/1243 1176/1176
f 1176/1176 1243/1243 1272/1272
f 1253/1253 1120/1120 819/819
f 1275/1275 961/961 1296/1296
f 951/951 961/961 1275/1275
f 1292/1292 1217/1217 1687/1687
f 1426/1426 1176/1176 1272/1272
f 1043/1043 1235/1235 1297/1297
f 1276/1276 976/976 1681/1681
f 982/982 1295/1295 974/974
f 951/951 1275/1275 1281/1281
f 1297/1297 1235/1235 972/972
f 409/409 974/974 1221/1221
f 1426/1426 1301/1301 1176/1176
f 1681/1681 976/976 1521/1521
f 1356/1356 1232/1232 1227/1227
f 951/951 1281/1281 954/954
f 1290/1290 1227/1227 1232/1232
f 1221/1221 974/974 1295/1295
f 1301/1301 1426/1426 1284/1284
f 960/960 954/954 1281/1281
f 976/976 979/979 1521/1521
f 1521/1521 979/979 1282/1282
f 1301/1301 1333/1333 1176/1176
f 409/409 1221/1221 1220/1220
f 972/972 962/962 1297/1297
f 964/964 1210/1210 1289/1289
f 979/979 1286/1286 1282/1282
f 1279/1279 1297/1297 962/962
f 629/629 1249/1249 947/947
f 947/947 1249/1249 1288/1288
f 949/949 1279/1279 962/962
f 1288/1288 1193/1193 947/947
f 972/972 1235/1235 724/724
f 1286/1286 983/983 1291/1291
f 947/947 1193/1193 956/956
f 1304/1304 1289/1289 1600/1600
f 983/983 946/946 1291/1291
f 1123/1123 957/957 1194/1194
f 1490/1490 1200/1200 1123/1123
f 975/975 1304/1304 1650/1650
f 960/960 1283/1283 968/968
f 1605/1605 1019/1019 973/973
f 657/657 1212/1212 658/658
f 658/658 1212/1212 1353/1353
f 1527/1527 1285/1285 978/978
f 432/432 1216/1216 1527/1527
f 1040/1040 1007/1007 1685/1685
f 1524/1524 1708/1708 1334/1334
f 1340/1340 1060/1060 1240/1240
f 1651/1651 1637/1637 1150/1150
f 1255/1255 1399/1399 1452/1452
f 1207/1207 1684/1684 1003/1003
f 1157/1157 1340/1340 1240/1240
f 2841/2841 1141/1141 1632/1632
f 1726/1726 1395/1395 1243/1243
f 1317/1317 1164/1164 1629/1629
f 1319/1319 1141/1141 2841/2841
f 1067/1067 1406/1406 1068/1068
f 1257/1257 1452/1452 1399/1399
f 1255/1255 1257/1257 1399/1399
f 1207/1207 1213/1213 1453/1453
f 1401/1401 1662/1662 1398/1398
f 1891/1891 1411/1411 1539/1539
f 1319/1319 2841/2841 1971/1971
f 1324/1324 1328/1328 1195/1195
f 1243/1243 1530/1530 1528/1528
f 1402/1402 1126/1126 1440/1440
f 1402/1402 1529/1529 1405/1405
f 1111/1111 1110/1110 1826/1826
f 1173/1173 1659/1659 1306/1306
f 1396/1396 1222/1222 1327/1327
f 1398/1398 1360/1360 1401/1401
f 1217/1217 1219/1219 1687/1687
f 1620/1620 826/826 1316/1316
f 1153/1153 826/826 1620/1620
f 1143/1143 1297/1297 1447/1447
f 1126/1126 1165/1165 1440/1440
f 1082/1082 1325/1325 1197/1197
f 1406/1406 1067/1067 1357/1357
f 1111/1111 1826/1826 1137/1137
f 1337/1337 1533/1533 1311/1311
f 1263/1263 1400/1400 1186/1186
f 1332/1332 799/799 1971/1971
f 1210/1210 1136/1136 1283/1283
f 1222/1222 1330/1330 1327/1327
f 1397/1397 1068/1068 1312/1312
f 1219/1219 1220/1220 1619/1619
f 1339/1339 1330/1330 1222/1222
f 1330/1330 1339/1339 1455/1455
f 1418/1418 1048/1048 1397/1397
f 1220/1220 1221/1221 1619/1619
f 741/741 1483/1483 1347/1347
f 1176/1176 1333/1333 1530/1530
f 1418/1418 1397/1397 1312/1312
f 1729/1729 1283/1283 1522/1522
f 1391/1391 1427/1427 1318/1318
f 1538/1538 1257/1257 1003/1003
f 1136/1136 1019/1019 1283/1283
f 1547/1547 1203/1203 1354/1354
f 1684/1684 1538/1538 1003/1003
f 1142/1142 1418/1418 1312/1312
f 1725/1725 1410/1410 1529/1529
f 1082/1082 1083/1083 1544/1544
f 1544/1544 1083/1083 1204/1204
f 1405/1405 1529/1529 1410/1410
f 1148/1148 1365/1365 1167/1167
f 1372/1372 1309/1309 1307/1307
f 1205/1205 1308/1308 1373/1373
f 1342/1342 1474/1474 1042/1042
f 1007/1007 1345/1345 1685/1685
f 1158/1158 1474/1474 1331/1331
f 1062/1062 1352/1352 1065/1065
f 1177/1177 1147/1147 1777/1777
f 1342/1342 1042/1042 1350/1350
f 1056/1056 1411/1411 851/851
f 1407/1407 1337/1337 1230/1230
f 1755/1755 1341/1341 1184/1184
f 1891/1891 1337/1337 1407/1407
f 1052/1052 1350/1350 1042/1042
f 1407/1407 1411/1411 1891/1891
f 1410/1410 1340/1340 1405/1405
f 1462/1462 1811/1811 1216/1216
f 1431/1431 1412/1412 1394/1394
f 1205/1205 1373/1373 1376/1376
f 1203/1203 1086/1086 1354/1354
f 1306/1306 1414/1414 1173/1173
f 1459/1459 1165/1165 1254/1254
f 1361/1361 1214/1214 1359/1359
f 1208/1208 1415/1415 1498/1498
f 1360/1360 1398/1398 1355/1355
f 1252/1252 1348/1348 1184/1184
f 1494/1494 1351/1351 887/887
f 1487/1487 1754/1754 1314/1314
f 1551/1551 1365/1365 1458/1458
f 1415/1415 1208/1208 1248/1248
f 887/887 1245/1245 1494/1494
f 1215/1215 1379/1379 2019/2019
f 1058/1058 1365/1365 1551/1551
f 1417/1417 1343/1343 1247/1247
f 1340/1340 1410/1410 1060/1060
f 1218/1218 1800/1800 1379/1379
f 1555/1555 1338/1338 1519/1519
f 859/859 1397/1397 1048/1048
f 1179/1179 1418/1418 694/694
f 1388/1388 1382/1382 1171/1171
f 1482/1482 1028/1028 1352/1352
f 270/270 1762/1762 1364/1364
f 1477/1477 1493/1493 1712/1712
f 1468/1468 1409/1409 1366/1366
f 1227/1227 1409/1409 1468/1468
f 1497/1497 1494/1494 1245/1245
f 1539/1539 1411/1411 1056/1056
f 1242/1242 1414/1414 1644/1644
f 1245/1245 1046/1046 1497/1497
f 694/694 1418/1418 1140/1140
f 1383/1383 1185/1185 1808/1808
f 1424/1424 1422/1422 1247/1247
f 1388/1388 1177/1177 1777/1777
f 1228/1228 1058/1058 1551/1551
f 1086/1086 1087/1087 1354/1354
f 1556/1556 1354/1354 1087/1087
f 1712/1712 1493/1493 1549/1549
f 599/599 2188/2188 560/560
f 1340/1340 1419/1419 1405/1405
f 1644/1644 1097/1097 1242/1242
f 1087/1087 1384/1384 1556/1556
f 1262/1262 1198/1198 1369/1369
f 1142/1142 1422/1422 1421/1421
f 1138/1138 1416/1416 844/844
f 736/736 1376/1376 1377/1377
f 1087/1087 1089/1089 1384/1384
f 1405/1405 1419/1419 1241/1241
f 1441/1441 1380/1380 748/748
f 1150/1150 1159/1159 1651/1651
f 1209/1209 1384/1384 1089/1089
f 1233/1233 1202/1202 1416/1416
f 1233/1233 1416/1416 1138/1138
f 1163/1163 1651/1651 1159/1159
f 1496/1496 1427/1427 1190/1190
f 1141/1141 828/828 1632/1632
f 1424/1424 1247/1247 1343/1343
f 1227/1227 1468/1468 1356/1356
f 1651/1651 1163/1163 1536/1536
f 1554/1554 1229/1229 1552/1552
f 1423/1423 1496/1496 1190/1190
f 1340/1340 1157/1157 1419/1419
f 1234/1234 1421/1421 1037/1037
f 1152/1152 1151/1151 1032/1032
f 1394/1394 1412/1412 1476/1476
f 1422/1422 1037/1037 1421/1421
f 1735/1735 1408/1408 1554/1554
f 1659/1659 1076/1076 1186/1186
f 1554/1554 1408/1408 1229/1229
f 1406/1406 1357/1357 1156/1156
f 1357/1357 1543/1543 1156/1156
f 1408/1408 1735/1735 1501/1501
f 1496/1496 1423/1423 1716/1716
f 1501/1501 1022/1022 1408/1408
f 1367/1367 1018/1018 926/926
f 1539/1539 1056/1056 1151/1151
f 1162/1162 1155/1155 1501/1501
f 1151/1151 1056/1056 1094/1094
f 1164/1164 1479/1479 1629/1629
f 1022/1022 1501/1501 1155/1155
f 1232/1232 1356/1356 1709/1709
f 1709/1709 1362/1362 1232/1232
f 1139/1139 1370/1370 1472/1472
f 1022/1022 1155/1155 1033/1033
f 1407/1407 1230/1230 1021/1021
f 1394/1394 1476/1476 1425/1425
f 1407/1407 1021/1021 851/851
f 815/815 1507/1507 1503/1503
f 1427/1427 1192/1192 1190/1190
f 1425/1425 1370/1370 1081/1081
f 1411/1411 1407/1407 851/851
f 1259/1259 1239/1239 1256/1256
f 1423/1423 1190/1190 1395/1395
f 1258/1258 1369/1369 1160/1160
f 1369/1369 1258/1258 1261/1261
f 1192/1192 1427/1427 1391/1391
f 1168/1168 1175/1175 1439/1439
f 1369/1369 1261/1261 1262/1262
f 1391/1391 1392/1392 1428/1428
f 1192/1192 1391/1391 1428/1428
f 1410/1410 1723/1723 825/825
f 1395/1395 1190/1190 1192/1192
f 1060/1060 1410/1410 825/825
f 1426/1426 1562/1562 1188/1188
f 1392/1392 1616/1616 1428/1428
f 1192/1192 1428/1428 1430/1430
f 1431/1431 1429/1429 1412/1412
f 881/881 1200/1200 1672/1672
f 1673/1673 1199/1199 1491/1491
f 1726/1726 1243/1243 1528/1528
f 1309/1309 1648/1648 1307/1307
f 1702/1702 1172/1172 1027/1027
f 1144/1144 1688/1688 1024/1024
f 1309/1309 1311/1311 1648/1648
f 2389/2389 1134/1134 1763/1763
f 1334/1334 1708/1708 1769/1769
f 1406/1406 1312/1312 1068/1068
f 1537/1537 1440/1440 1438/1438
f 1110/1110 1814/1814 1826/1826
f 1440/1440 1537/1537 1402/1402
f 1185/1185 1149/1149 1808/1808
f 1447/1447 1625/1625 1143/1143
f 1417/1417 1156/1156 1435/1435
f 1435/1435 1676/1676 1417/1417
f 1525/1525 1335/1335 1523/1523
f 1442/1442 1317/1317 1629/1629
f 1038/1038 1024/1024 1688/1688
f 1404/1404 1313/1313 1443/1443
f 1648/1648 1311/1311 1533/1533
f 1540/1540 1708/1708 1454/1454
f 1454/1454 1524/1524 1749/1749
f 1452/1452 1727/1727 1255/1255
f 1702/1702 1446/1446 1172/1172
f 1398/1398 1662/1662 1647/1647
f 1400/1400 1442/1442 2449/2449
f 1143/1143 1625/1625 1144/1144
f 1326/1326 1469/1469 805/805
f 1450/1450 1396/1396 1327/1327
f 1142/1142 1312/1312 1406/1406
f 1345/1345 805/805 1469/1469
f 1850/1850 1396/1396 1450/1450
f 1142/1142 1421/1421 1418/1418
f 1316/1316 1771/1771 1620/1620
f 1749/1749 1524/1524 1736/1736
f 1158/1158 1771/1771 1316/1316
f 1451/1451 1841/1841 1533/1533
f 1134/1134 1432/1432 1763/1763
f 1454/1454 1708/1708 1524/1524
f 1421/1421 1234/1234 1140/1140
f 1140/1140 1418/1418 1421/1421
f 1174/1174 1172/1172 1446/1446
f 1165/1165 1627/1627 1440/1440
f 1536/1536 1351/1351 1470/1470
f 1770/1770 1530/1530 1333/1333
f 1463/1463 1038/1038 1688/1688
f 1550/1550 1508/1508 1699/1699
f 1538/1538 1452/1452 1257/1257
f 1619/1619 1687/1687 1219/1219
f 1954/1954 1819/1819 1180/1180
f 1451/1451 1533/1533 1337/1337
f 1343/1343 1479/1479 1424/1424
f 1412/1412 1732/1732 1476/1476
f 1619/1619 1221/1221 1511/1511
f 1627/1627 1165/1165 1459/1459
f 1452/1452 1538/1538 1546/1546
f 1320/1320 1456/1456 1541/1541
f 1902/1902 1341/1341 1755/1755
f 1332/1332 1432/1432 1105/1105
f 1446/1446 1460/1460 1174/1174
f 1343/1343 1417/1417 1676/1676
f 1819/1819 1824/1824 1180/1180
f 1122/1122 1038/1038 1463/1463
f 1031/1031 1305/1305 2991/2991
f 1122/1122 1463/1463 1535/1535
f 1824/1824 1062/1062 1180/1180
f 1349/1349 1481/1481 835/835
f 1320/1320 1322/1322 1793/1793
f 1369/1369 1187/1187 1160/1160
f 1824/1824 1828/1828 1062/1062
f 1550/1550 1699/1699 1495/1495
f 1353/1353 1212/1212 1741/1741
f 1449/1449 1353/1353 1741/1741
f 1358/1358 1350/1350 1170/1170
f 1067/1067 1174/1174 1460/1460
f 1367/1367 1122/1122 1535/1535
f 1457/1457 1540/1540 1454/1454
f 1352/1352 1062/1062 1828/1828
f 1254/1254 1728/1728 1459/1459
f 1374/1374 1187/1187 1369/1369
f 1198/1198 1374/1374 1369/1369
f 1156/1156 1543/1543 1435/1435
f 1462/1462 1036/1036 1364/1364
f 1368/1368 1361/1361 1628/1628
f 1540/1540 1457/1457 1321/1321
f 1755/1755 1184/1184 1348/1348
f 1318/1318 1699/1699 1704/1704
f 1684/1684 1546/1546 1538/1538
f 1198/1198 796/796 1374/1374
f 1067/1067 1460/1460 1357/1357
f 1714/1714 1337/1337 1891/1891
f 2019/2019 1379/1379 1800/1800
f 1828/1828 1680/1680 1352/1352
f 1547/1547 1315/1315 1752/1752
f 1572/1572 1413/1413 1850/1850
f 1753/1753 1752/1752 1315/1315
f 1348/1348 1252/1252 1475/1475
f 1680/1680 1482/1482 1352/1352
f 1506/1506 1318/1318 1704/1704
f 1656/1656 1659/1659 1186/1186
f 1072/1072 1191/1191 1690/1690
f 1355/1355 1398/1398 1647/1647
f 1475/1475 1472/1472 1739/1739
f 1552/1552 1464/1464 1554/1554
f 1850/1850 1413/1413 1396/1396
f 1472/1472 1475/1475 1139/1139
f 1720/1720 1152/1152 1560/1560
f 1703/1703 1028/1028 1482/1482
f 1412/1412 1429/1429 1478/1478
f 1323/1323 1321/1321 1457/1457
f 1732/1732 1412/1412 1478/1478
f 1644/1644 1414/1414 2143/2143
f 1544/1544 1325/1325 1082/1082
f 1147/1147 1637/1637 1634/1634
f 1357/1357 1466/1466 1543/1543
f 1518/1518 1519/1519 1338/1338
f 1434/1434 1543/1543 1466/1466
f 1461/1461 1338/1338 1464/1464
f 1318/1318 1506/1506 1566/1566
f 1683/1683 1346/1346 1467/1467
f 1644/1644 1815/1815 1097/1097
f 1110/1110 1096/1096 1814/1814
f 1547/1547 1545/1545 1203/1203
f 1486/1486 1168/1168 2834/2834
f 741/741 1383/1383 1483/1483
f 1556/1556 1547/1547 1354/1354
f 1168/1168 1439/1439 2834/2834
f 1471/1471 1667/1667 1458/1458
f 1495/1495 1699/1699 1318/1318
f 1365/1365 1471/1471 1458/1458
f 1558/1558 1487/1487 1314/1314
f 1477/1477 1531/1531 1493/1493
f 1640/1640 1488/1488 1559/1559
f 1640/1640 1559/1559 1885/1885
f 1539/1539 1152/1152 1720/1720
f 1318/1318 1566/1566 1391/1391
f 1338/1338 1554/1554 1464/1464
f 1360/1360 1355/1355 1500/1500
f 1554/1554 1338/1338 1555/1555
f 1549/1549 1695/1695 1712/1712
f 1808/1808 1483/1483 1383/1383
f 1554/1554 1555/1555 1735/1735
f 1561/1561 1553/1553 1494/1494
f 1152/1152 1539/1539 1151/1151
f 1558/1558 1557/1557 1385/1385
f 1498/1498 1385/1385 1208/1208
f 1351/1351 1494/1494 1470/1470
f 1498/1498 1558/1558 1385/1385
f 1494/1494 1553/1553 1470/1470
f 1356/1356 1468/1468 1626/1626
f 1502/1502 1498/1498 1415/1415
f 1161/1161 1502/1502 1415/1415
f 1489/1489 1561/1561 1494/1494
f 1472/1472 1370/1370 1476/1476
f 1356/1356 1626/1626 1709/1709
f 1695/1695 1563/1563 1506/1506
f 1318/1318 1427/1427 1495/1495
f 1370/1370 1425/1425 1476/1476
f 1695/1695 1549/1549 1563/1563
f 1496/1496 1495/1495 1427/1427
f 1390/1390 1430/1430 1393/1393
f 1668/1668 1734/1734 1505/1505
f 1420/1420 1506/1506 1563/1563
f 1562/1562 1390/1390 1393/1393
f 1716/1716 1495/1495 1496/1496
f 1393/1393 1188/1188 1562/1562
f 1505/1505 1372/1372 1668/1668
f 815/815 1381/1381 1507/1507
f 1188/1188 1189/1189 1284/1284
f 1668/1668 1372/1372 1565/1565
f 1372/1372 1505/1505 1653/1653
f 1868/1868 1716/1716 1724/1724
f 881/881 1672/1672 1189/1189
f 1550/1550 1751/1751 1508/1508
f 1372/1372 1307/1307 1565/1565
f 1725/1725 1723/1723 1410/1410
f 1707/1707 1473/1473 1529/1529
f 1653/1653 1378/1378 1372/1372
f 1375/1375 1372/1372 1378/1378
f 1497/1497 736/736 1377/1377
f 1423/1423 1395/1395 1721/1721
f 1423/1423 1724/1724 1716/1716
f 971/971 1584/1584 1055/1055
f 1271/1271 1346/1346 1683/1683
f 1567/1567 1581/1581 1274/1274
f 1569/1569 1615/1615 1934/1934
f 1792/1792 1015/1015 1510/1510
f 1694/1694 1448/1448 1279/1279
f 1609/1609 1274/1274 1581/1581
f 1584/1584 971/971 1613/1613
f 1441/1441 1055/1055 1584/1584
f 1359/1359 1264/1264 1592/1592
f 1313/1313 1609/1609 1571/1571
f 1359/1359 1214/1214 1264/1264
f 1437/1437 1313/1313 1571/1571
f 1570/1570 1588/1588 1861/1861
f 1535/1535 1694/1694 1279/1279
f 1549/1549 1182/1182 1563/1563
f 1420/1420 1563/1563 1610/1610
f 1271/1271 1683/1683 1510/1510
f 1570/1570 1937/1937 1614/1614
f 1361/1361 1612/1612 1214/1214
f 1515/1515 1576/1576 1913/1913
f 1448/1448 1447/1447 1297/1297
f 1579/1579 1171/1171 1669/1669
f 1274/1274 1609/1609 1313/1313
f 1848/1848 1934/1934 1615/1615
f 1368/1368 1612/1612 1361/1361
f 1588/1588 1570/1570 1614/1614
f 1313/1313 1404/1404 1274/1274
f 1534/1534 1573/1573 1401/1401
f 1593/1593 1300/1300 1937/1937
f 1401/1401 1360/1360 1534/1534
f 1291/1291 1269/1269 1750/1750
f 1279/1279 1448/1448 1297/1297
f 1588/1588 1614/1614 1276/1276
f 1567/1567 1267/1267 1265/1265
f 1612/1612 1368/1368 1520/1520
f 1750/1750 1269/1269 1526/1526
f 1947/1947 1368/1368 1628/1628
f 1276/1276 1852/1852 1588/1588
f 1743/1743 1288/1288 1249/1249
f 1072/1072 1743/1743 1249/1249
f 1171/1171 1834/1834 1669/1669
f 1577/1577 1516/1516 1323/1323
f 1273/1273 1650/1650 1682/1682
f 1280/1280 1513/1513 1658/1658
f 1846/1846 1368/1368 1947/1947
f 1611/1611 1564/1564 1183/1183
f 1520/1520 1368/1368 1846/1846
f 1153/1153 1620/1620 1265/1265
f 1288/1288 1191/1191 1193/1193
f 1518/1518 1338/1338 1461/1461
f 1607/1607 1613/1613 1287/1287
f 1593/1593 1613/1613 1607/1607
f 1691/1691 1191/1191 1288/1288
f 1569/1569 1366/1366 1409/1409
f 1557/1557 1314/1314 1548/1548
f 1611/1611 1183/1183 1568/1568
f 1266/1266 1582/1582 1585/1585
f 1608/1608 1593/1593 1607/1607
f 1567/1567 1274/1274 1267/1267
f 1300/1300 1593/1593 1608/1608
f 1557/1557 1558/1558 1314/1314
f 1277/1277 1273/1273 1855/1855
f 948/948 1274/1274 1403/1403
f 1499/1499 1885/1885 1559/1559
f 1713/1713 1636/1636 1582/1582
f 1733/1733 1453/1453 1213/1213
f 1589/1589 1266/1266 1585/1585
f 1569/1569 1268/1268 1615/1615
f 1614/1614 1937/1937 1300/1300
f 1404/1404 1403/1403 1274/1274
f 1512/1512 1546/1546 1742/1742
f 1589/1589 1800/1800 1218/1218
f 1266/1266 1589/1589 1218/1218
f 1569/1569 1409/1409 1268/1268
f 948/948 1403/1403 1296/1296
f 1403/1403 1404/1404 1296/1296
f 1264/1264 1270/1270 1592/1592
f 1171/1171 1382/1382 1834/1834
f 1390/1390 1562/1562 1272/1272
f 1145/1145 1018/1018 1535/1535
f 1270/1270 1612/1612 1514/1514
f 1592/1592 1270/1270 1514/1514
f 1566/1566 1506/1506 1420/1420
f 1657/1657 1514/1514 1612/1612
f 1535/1535 1018/1018 1367/1367
f 1612/1612 1520/1520 1657/1657
f 1296/1296 1404/1404 1275/1275
f 1272/1272 1562/1562 1426/1426
f 1358/1358 1280/1280 1658/1658
f 1848/1848 1615/1615 1586/1586
f 1742/1742 1546/1546 1839/1839
f 1278/1278 978/978 1854/1854
f 1566/1566 1392/1392 1391/1391
f 980/980 1292/1292 1603/1603
f 1854/1854 978/978 1285/1285
f 1586/1586 1615/1615 1268/1268
f 1404/1404 1443/1443 1275/1275
f 1587/1587 1413/1413 1572/1572
f 1566/1566 1420/1420 1616/1616
f 1188/1188 1284/1284 1426/1426
f 1339/1339 1587/1587 1583/1583
f 1413/1413 1587/1587 1339/1339
f 1616/1616 1420/1420 1610/1610
f 1455/1455 1339/1339 1583/1583
f 1566/1566 1616/1616 1392/1392
f 1443/1443 1444/1444 1281/1281
f 1603/1603 1292/1292 1687/1687
f 1281/1281 1444/1444 1522/1522
f 1302/1302 1523/1523 1335/1335
f 1303/1303 1290/1290 1590/1590
f 1275/1275 1443/1443 1281/1281
f 1522/1522 960/960 1281/1281
f 960/960 1522/1522 1283/1283
f 1509/1509 982/982 1606/1606
f 1295/1295 982/982 1509/1509
f 1590/1590 1597/1597 1602/1602
f 1290/1290 1597/1597 1590/1590
f 1511/1511 1295/1295 1509/1509
f 1284/1284 1189/1189 1746/1746
f 1746/1746 1189/1189 1888/1888
f 1594/1594 1303/1303 1590/1590
f 1590/1590 1599/1599 1594/1594
f 1301/1301 1284/1284 1746/1746
f 1430/1430 1390/1390 1211/1211
f 1295/1295 1511/1511 1221/1221
f 1523/1523 1302/1302 1747/1747
f 1594/1594 1599/1599 1595/1595
f 1272/1272 1211/1211 1390/1390
f 1232/1232 1597/1597 1290/1290
f 1210/1210 1600/1600 1289/1289
f 1596/1596 1600/1600 1210/1210
f 1232/1232 1880/1880 1597/1597
f 1276/1276 1681/1681 1852/1852
f 1880/1880 1232/1232 1362/1362
f 1601/1601 1304/1304 1600/1600
f 1601/1601 1650/1650 1304/1304
f 1605/1605 1283/1283 1019/1019
f 1283/1283 1604/1604 968/968
f 1605/1605 1604/1604 1283/1283
f 968/968 1604/1604 1212/1212
f 1286/1286 1748/1748 1282/1282
f 1294/1294 1605/1605 973/973
f 1291/1291 1748/1748 1286/1286
f 1750/1750 1748/1748 1291/1291
f 1741/1741 1212/1212 1604/1604
f 1216/1216 1811/1811 1527/1527
f 1287/1287 1613/1613 971/971
f 996/996 1300/1300 1608/1608
f 1603/1603 1287/1287 980/980
f 1607/1607 1287/1287 1603/1603
f 1608/1608 1293/1293 996/996
f 996/996 1293/1293 981/981
f 1759/1759 1972/1972 1700/1700
f 1491/1491 1898/1898 1673/1673
f 1626/1626 1993/1993 2007/2007
f 1899/1899 1731/1731 1473/1473
f 1831/1831 1703/1703 1482/1482
f 1382/1382 1388/1388 1621/1621
f 1364/1364 1762/1762 1462/1462
f 1512/1512 1452/1452 1546/1546
f 1544/1544 1692/1692 1325/1325
f 1388/1388 1777/1777 1621/1621
f 2085/2085 1541/1541 1456/1456
f 1899/1899 1473/1473 1707/1707
f 1361/1361 1359/1359 1847/1847
f 1448/1448 1625/1625 1447/1447
f 1328/1328 1898/1898 1491/1491
f 1438/1438 1618/1618 1760/1760
f 1622/1622 1623/1623 1509/1509
f 1701/1701 1797/1797 1882/1882
f 1158/1158 1331/1331 1771/1771
f 1629/1629 2449/2449 1442/1442
f 1709/1709 1626/1626 2007/2007
f 1144/1144 1625/1625 1688/1688
f 1771/1771 1331/1331 1775/1775
f 1511/1511 1509/1509 1623/1623
f 1643/1643 1715/1715 1860/1860
f 1618/1618 1438/1438 1440/1440
f 1439/1439 797/797 1988/1988
f 2096/2096 1797/1797 1701/1701
f 2050/2050 1711/1711 1561/1561
f 1793/1793 2085/2085 1456/1456
f 1450/1450 1327/1327 1330/1330
f 1777/1777 1147/1147 2097/2097
f 1478/1478 1635/1635 1757/1757
f 1646/1646 1533/1533 1841/1841
f 1634/1634 2097/2097 1147/1147
f 1429/1429 1665/1665 1478/1478
f 1956/1956 1414/1414 1306/1306
f 1456/1456 1320/1320 1793/1793
f 2143/2143 1414/1414 1956/1956
f 1474/1474 1775/1775 1331/1331
f 1700/1700 2083/2083 1759/1759
f 1658/1658 1513/1513 1517/1517
f 1762/1762 270/270 1380/1380
f 1642/1642 1330/1330 1455/1455
f 1707/1707 1529/1529 1639/1639
f 1701/1701 1731/1731 2096/2096
f 1636/1636 1713/1713 1215/1215
f 2296/2296 1637/1637 1651/1651
f 1649/1649 2096/2096 1731/1731
f 2083/2083 1700/1700 1774/1774
f 1517/1517 1513/1513 1278/1278
f 1662/1662 2010/2010 1647/1647
f 1561/1561 1489/1489 2050/2050
f 1618/1618 1440/1440 1627/1627
f 1479/1479 2445/2445 1629/1629
f 1993/1993 1626/1626 1468/1468
f 1677/1677 1436/1436 1952/1952
f 1478/1478 1665/1665 1635/1635
f 1328/1328 1324/1324 1900/1900
f 1618/1618 1627/1627 1459/1459
f 1346/1346 1347/1347 1872/1872
f 1360/1360 1944/1944 1534/1534
f 1706/1706 1699/1699 1705/1705
f 1701/1701 1719/1719 1893/1893
f 1460/1460 1446/1446 1466/1466
f 1514/1514 1657/1657 1773/1773
f 1443/1443 1313/1313 1437/1437
f 1714/1714 1451/1451 1337/1337
f 1805/1805 2049/2049 1651/1651
f 1651/1651 1536/1536 1805/1805
f 1652/1652 1861/1861 2025/2025
f 1893/1893 1560/1560 1655/1655
f 1466/1466 1357/1357 1460/1460
f 1671/1671 2818/2818 556/556
f 1731/1731 1701/1701 1893/1893
f 1342/1342 1358/1358 1658/1658
f 1350/1350 1358/1358 1342/1342
f 1444/1444 1443/1443 1896/1896
f 1791/1791 1561/1561 1711/1711
f 1633/1633 1631/1631 1504/1504
f 1641/1641 1529/1529 1402/1402
f 1469/1469 1326/1326 2185/2185
f 1639/1639 1529/1529 1641/1641
f 1560/1560 1152/1152 1655/1655
f 1561/1561 1791/1791 1553/1553
f 1553/1553 1791/1791 1809/1809
f 1844/1844 1841/1841 1451/1451
f 1718/1718 1457/1457 1753/1753
f 2181/2181 1669/1669 1834/1834
f 1833/1833 1489/1489 1494/1494
f 1137/1137 1826/1826 2013/2013
f 1699/1699 1706/1706 1704/1704
f 1470/1470 1805/1805 1536/1536
f 1423/1423 1721/1721 1724/1724
f 1516/1516 2433/2433 1802/1802
f 1537/1537 1641/1641 1402/1402
f 1860/1860 1844/1844 1451/1451
f 1507/1507 1152/1152 1503/1503
f 1732/1732 1757/1757 1739/1739
f 1332/1332 1971/1971 1835/1835
f 1649/1649 1731/1731 1899/1899
f 1323/1323 1516/1516 1802/1802
f 1553/1553 1809/1809 1470/1470
f 1664/1664 1795/1795 1877/1877
f 1860/1860 1451/1451 1643/1643
f 1718/1718 1753/1753 1488/1488
f 1355/1355 1647/1647 2099/2099
f 1717/1717 1495/1495 1716/1716
f 1500/1500 1355/1355 2099/2099
f 1891/1891 1539/1539 1890/1890
f 2029/2029 1667/1667 1471/1471
f 1631/1631 1630/1630 1722/1722
f 1798/1798 2029/2029 1471/1471
f 1630/1630 1717/1717 1868/1868
f 1721/1721 1395/1395 1726/1726
f 1640/1640 1718/1718 1488/1488
f 1722/1722 1630/1630 1868/1868
f 1786/1786 1360/1360 1500/1500
f 1640/1640 1816/1816 1718/1718
f 842/842 560/560 2033/2033
f 1944/1944 1360/1360 1786/1786
f 1686/1686 1730/1730 1838/1838
f 1723/1723 1725/1725 1663/1663
f 1648/1648 1533/1533 1646/1646
f 1471/1471 1365/1365 1798/1798
f 1719/1719 1890/1890 1560/1560
f 1718/1718 1323/1323 1457/1457
f 1730/1730 1686/1686 1840/1840
f 2618/2618 1671/1671 477/477
f 1798/1798 1148/1148 1792/1792
f 1868/1868 1717/1717 1716/1716
f 1719/1719 1560/1560 1893/1893
f 1816/1816 1323/1323 1718/1718
f 1497/1497 1833/1833 1494/1494
f 1720/1720 1890/1890 1539/1539
f 1148/1148 1015/1015 1792/1792
f 2008/2008 1728/1728 1709/1709
f 1723/1723 1507/1507 1381/1381
f 1721/1721 1726/1726 1528/1528
f 1706/1706 1705/1705 2093/2093
f 1631/1631 1722/1722 1504/1504
f 1529/1529 1473/1473 1663/1663
f 1451/1451 1714/1714 1643/1643
f 1365/1365 1148/1148 1798/1798
f 1632/1632 1031/1031 2991/2991
f 1560/1560 1890/1890 1720/1720
f 1722/1722 1787/1787 1504/1504
f 1667/1667 1822/1822 1458/1458
f 1518/1518 1660/1660 1519/1519
f 1680/1680 1831/1831 1482/1482
f 1792/1792 1510/1510 1683/1683
f 1551/1551 1458/1458 1822/1822
f 1529/1529 1663/1663 1725/1725
f 1461/1461 1464/1464 1518/1518
f 1537/1537 1438/1438 1812/1812
f 1617/1617 1883/1883 1429/1429
f 1429/1429 1883/1883 1665/1665
f 1868/1868 1724/1724 1864/1864
f 1674/1674 1473/1473 1731/1731
f 1473/1473 1674/1674 1663/1663
f 1872/1872 1467/1467 1346/1346
f 1712/1712 2005/2005 1879/1879
f 1886/1886 1710/1710 1727/1727
f 1283/1283 1729/1729 1596/1596
f 1546/1546 1684/1684 1839/1839
f 1040/1040 1685/1685 1829/1829
f 1727/1727 1452/1452 1886/1886
f 1864/1864 1724/1724 1721/1721
f 1706/1706 2005/2005 1712/1712
f 1283/1283 1596/1596 1210/1210
f 2055/2055 1505/1505 1734/1734
f 1712/1712 1845/1845 1477/1477
f 1696/1696 1506/1506 1704/1704
f 1684/1684 1207/1207 1453/1453
f 1739/1739 1476/1476 1732/1732
f 1739/1739 1472/1472 1476/1476
f 1453/1453 1733/1733 1277/1277
f 1505/1505 2055/2055 1653/1653
f 1864/1864 1721/1721 1528/1528
f 1555/1555 1519/1519 1660/1660
f 1603/1603 1687/1687 1842/1842
f 1449/1449 1740/1740 1294/1294
f 1465/1465 1551/1551 1822/1822
f 1512/1512 1886/1886 1452/1452
f 1530/1530 1864/1864 1528/1528
f 1740/1740 1449/1449 1741/1741
f 1307/1307 1668/1668 1565/1565
f 1735/1735 1555/1555 1660/1660
f 1660/1660 1738/1738 1735/1735
f 1512/1512 1742/1742 1675/1675
f 1672/1672 1888/1888 1189/1189
f 2104/2104 1532/1532 1806/1806
f 1675/1675 1742/1742 1894/1894
f 1679/1679 1894/1894 1742/1742
f 1532/1532 2104/2104 1492/1492
f 1523/1523 1737/1737 1525/1525
f 1492/1492 2104/2104 1183/1183
f 2104/2104 1744/1744 1183/1183
f 1738/1738 1885/1885 1499/1499
f 1737/1737 1523/1523 1743/1743
f 1654/1654 1497/1497 1377/1377
f 1738/1738 1501/1501 1735/1735
f 1501/1501 1738/1738 1499/1499
f 1288/1288 1743/1743 1691/1691
f 1745/1745 1681/1681 1521/1521
f 1072/1072 1737/1737 1743/1743
f 1737/1737 1072/1072 1690/1690
f 1935/1935 1282/1282 1748/1748
f 1750/1750 1935/1935 1748/1748
f 1506/1506 1696/1696 1695/1695
f 2059/2059 1698/1698 1689/1689
f 1535/1535 1463/1463 1694/1694
f 1454/1454 1749/1749 1545/1545
f 1463/1463 1688/1688 1694/1694
f 1341/1341 1902/1902 1526/1526
f 1454/1454 1752/1752 1457/1457
f 1753/1753 1457/1457 1752/1752
f 1752/1752 1454/1454 1545/1545
f 1547/1547 1752/1752 1545/1545
f 1475/1475 1697/1697 1348/1348
f 1705/1705 1508/1508 1751/1751
f 1757/1757 1697/1697 1739/1739
f 1739/1739 1697/1697 1475/1475
f 1325/1325 1692/1692 1901/1901
f 1508/1508 1705/1705 1699/1699
f 1749/1749 1736/1736 1693/1693
f 1693/1693 1545/1545 1749/1749
f 1751/1751 1550/1550 1906/1906
f 1550/1550 1495/1495 1717/1717
f 1448/1448 1694/1694 1625/1625
f 1898/1898 1328/1328 1900/1900
f 1760/1760 1618/1618 1459/1459
f 2089/2089 1768/1768 1758/1758
f 1149/1149 1767/1767 1808/1808
f 1703/1703 1831/1831 1857/1857
f 1856/1856 1764/1764 2113/2113
f 1717/1717 1630/1630 1992/1992
f 1438/1438 1760/1760 1812/1812
f 2434/2434 1913/1913 1984/1984
f 1628/1628 1361/1361 1978/1978
f 1149/1149 1484/1484 1767/1767
f 1856/1856 2113/2113 1862/1862
f 1437/1437 1624/1624 1896/1896
f 1623/1623 1687/1687 1619/1619
f 1511/1511 1623/1623 1619/1619
f 2080/2080 1541/1541 2085/2085
f 1443/1443 1437/1437 1896/1896
f 1620/1620 1771/1771 1967/1967
f 1864/1864 1859/1859 2080/2080
f 2099/2099 1772/1772 1794/1794
f 1876/1876 1863/1863 2062/2062
f 1542/1542 2551/2551 1436/1436
f 2008/2008 1709/1709 2007/2007
f 1756/1756 1899/1899 1707/1707
f 1796/1796 1664/1664 1734/1734
f 1788/1788 1796/1796 1734/1734
f 1775/1775 1474/1474 1779/1779
f 1776/1776 2052/2052 1860/1860
f 1728/1728 1760/1760 1459/1459
f 1450/1450 1330/1330 1642/1642
f 1445/1445 1703/1703 1857/1857
f 2834/2834 1766/1766 1486/1486
f 1639/1639 1756/1756 1707/1707
f 1998/1998 1875/1875 1636/1636
f 2449/2449 1186/1186 1400/1400
f 1467/1467 1872/1872 2083/2083
f 1781/1781 1658/1658 1517/1517
f 1778/1778 1871/1871 1772/1772
f 1998/1998 1851/1851 1875/1875
f 1776/1776 1860/1860 1715/1715
f 1326/1326 1371/1371 2185/2185
f 1865/1865 1866/1866 1932/1932
f 1790/1790 1869/1869 1867/1867
f 1186/1186 2449/2449 1656/1656
f 1871/1871 1778/1778 2108/2108
f 1517/1517 1278/1278 2006/2006
f 1732/1732 1478/1478 1757/1757
f 1634/1634 1637/1637 2296/2296
f 1704/1704 1706/1706 1696/1696
f 1782/1782 1466/1466 1446/1446
f 2335/2335 1932/1932 1866/1866
f 2146/2146 2085/2085 1793/1793
f 1342/1342 1658/1658 1474/1474
f 1668/1668 1788/1788 1734/1734
f 1636/1636 1215/1215 1998/1998
f 1794/1794 1772/1772 1871/1871
f 1881/1881 1894/1894 1650/1650
f 1466/1466 1782/1782 1434/1434
f 2012/2012 1865/1865 1910/1910
f 1474/1474 1658/1658 1781/1781
f 1781/1781 1779/1779 1474/1474
f 1639/1639 1641/1641 2003/2003
f 1656/1656 2976/2976 1659/1659
f 2095/2095 1762/1762 1380/1380
f 1861/1861 1895/1895 2068/2068
f 1872/1872 1347/1347 1483/1483
f 1633/1633 1504/1504 1784/1784
f 2053/2053 1785/1785 1864/1864
f 1864/1864 2080/2080 2053/2053
f 1813/1813 1645/1645 2174/2174
f 2058/2058 1795/1795 2136/2136
f 2302/2302 1871/1871 2108/2108
f 2118/2118 2198/2198 1940/1940
f 1306/1306 1659/1659 1956/1956
f 1776/1776 1715/1715 1882/1882
f 1794/1794 1871/1871 2302/2302
f 2118/2118 1940/1940 2244/2244
f 2058/2058 1877/1877 1795/1795
f 2018/2018 2178/2178 2077/2077
f 1818/1818 2057/2057 1991/1991
f 2389/2389 2592/2592 1371/1371
f 1890/1890 1882/1882 1715/1715
f 2010/2010 2099/2099 1647/1647
f 1770/1770 1859/1859 1530/1530
f 1903/1903 2074/2074 1876/1876
f 2090/2090 1764/1764 1856/1856
f 1787/1787 1784/1784 1504/1504
f 1799/1799 1655/1655 1507/1507
f 1152/1152 1507/1507 1655/1655
f 1882/1882 1719/1719 1701/1701
f 2014/2014 2222/2222 1652/1652
f 1530/1530 1859/1859 1864/1864
f 2134/2134 2416/2416 1878/1878
f 1500/1500 2099/2099 2098/2098
f 1677/1677 1803/1803 1344/1344
f 1719/1719 1882/1882 1890/1890
f 1769/1769 1708/1708 1540/1540
f 2098/2098 1786/1786 1500/1500
f 1722/1722 1868/1868 1785/1785
f 2279/2279 2134/2134 1878/1878
f 1878/1878 2153/2153 2279/2279
f 1944/1944 1884/1884 1534/1534
f 1877/1877 1873/1873 1966/1966
f 1810/1810 1809/1809 1791/1791
f 2153/2153 1878/1878 1825/1825
f 1747/1747 1889/1889 1761/1761
f 1798/1798 1792/1792 2036/2036
f 1734/1734 1877/1877 1966/1966
f 1723/1723 1799/1799 1507/1507
f 1895/1895 1933/1933 2068/2068
f 1886/1886 1512/1512 1675/1675
f 1804/1804 1665/1665 1883/1883
f 1715/1715 1643/1643 1890/1890
f 1135/1135 2943/2943 599/599
f 2025/2025 2014/2014 1652/1652
f 1635/1635 1665/1665 1804/1804
f 1891/1891 1643/1643 1714/1714
f 1881/1881 1874/1874 1894/1894
f 1635/1635 1804/1804 2063/2063
f 2436/2436 1666/1666 1981/1981
f 1898/1898 1889/1889 1673/1673
f 1894/1894 1874/1874 1675/1675
f 1890/1890 1643/1643 1891/1891
f 1819/1819 1954/1954 2401/2401
f 1666/1666 2436/2436 1827/1827
f 1899/1899 2001/2001 1649/1649
f 1480/1480 1344/1344 1803/1803
f 1761/1761 1889/1889 1898/1898
f 1664/1664 1796/1796 1795/1795
f 560/560 2188/2188 2033/2033
f 2043/2043 2991/2991 1305/1305
f 1667/1667 2029/2029 2415/2415
f 2023/2023 1852/1852 1681/1681
f 2022/2022 1680/1680 1828/1828
f 1444/1444 1896/1896 1522/1522
f 1745/1745 2023/2023 1681/1681
f 1896/1896 1870/1870 1522/1522
f 1166/1166 842/842 2033/2033
f 1885/1885 2190/2190 1640/1640
f 1892/1892 2003/2003 1641/1641
f 1680/1680 1830/1830 1831/1831
f 1389/1389 1169/1169 2987/2987
f 1898/1898 1900/1900 1761/1761
f 1641/1641 1537/1537 1892/1892
f 1664/1664 1877/1877 1734/1734
f 1822/1822 1667/1667 1821/1821
f 1812/1812 1892/1892 1537/1537
f 2068/2068 2025/2025 1861/1861
f 1389/1389 2987/2987 2618/2618
f 1464/1464 1823/1823 1518/1518
f 1518/1518 1823/1823 1660/1660
f 1885/1885 1660/1660 2190/2190
f 1738/1738 1660/1660 1885/1885
f 1674/1674 1893/1893 1799/1799
f 1731/1731 1893/1893 1674/1674
f 1040/1040 1829/1829 2843/2843
f 1903/1903 1876/1876 2082/2082
f 1349/1349 1040/1040 2843/2843
f 1674/1674 1799/1799 1663/1663
f 1832/1832 2172/2172 1683/1683
f 1789/1789 1729/1729 1870/1870
f 1683/1683 2172/2172 1792/1792
f 1526/1526 1935/1935 1750/1750
f 1467/1467 1832/1832 1683/1683
f 1522/1522 1870/1870 1729/1729
f 1621/1621 1834/1834 1382/1382
f 1441/1441 1820/1820 1380/1380
f 1904/1904 1903/1903 2082/2082
f 1768/1768 2072/2072 1758/1758
f 2147/2147 2005/2005 1706/1706
f 1729/1729 1789/1789 1596/1596
f 2072/2072 1768/1768 2042/2042
f 1902/1902 1755/1755 1689/1689
f 1743/1743 1761/1761 1691/1691
f 1441/1441 1836/1836 1820/1820
f 1938/1938 1481/1481 2921/2921
f 1902/1902 1935/1935 1526/1526
f 1838/1838 1730/1730 2119/2119
f 1691/1691 1761/1761 1900/1900
f 1686/1686 1838/1838 2159/2159
f 1380/1380 1820/1820 2095/2095
f 1489/1489 1833/1833 2050/2050
f 1839/1839 1678/1678 1679/1679
f 1837/1837 1678/1678 1839/1839
f 1531/1531 1477/1477 1845/1845
f 1682/1682 1678/1678 2044/2044
f 2059/2059 1689/1689 1755/1755
f 2059/2059 1755/1755 1697/1697
f 1879/1879 2005/2005 1997/1997
f 1697/1697 1755/1755 1348/1348
f 1625/1625 1694/1694 1688/1688
f 1531/1531 1845/1845 1807/1807
f 1806/1806 1933/1933 2104/2104
f 1833/1833 1497/1497 2056/2056
f 1453/1453 2109/2109 1684/1684
f 2056/2056 1497/1497 1654/1654
f 1277/1277 1855/1855 2109/2109
f 2109/2109 1453/1453 1277/1277
f 1845/1845 1712/1712 1879/1879
f 1841/1841 2062/2062 1905/1905
f 2023/2023 1745/1745 2105/2105
f 1648/1648 1905/1905 1307/1307
f 2055/2055 1734/1734 1966/1966
f 1696/1696 1706/1706 1712/1712
f 1696/1696 1712/1712 1695/1695
f 1905/1905 1648/1648 1646/1646
f 1905/1905 1646/1646 1841/1841
f 1905/1905 1788/1788 1668/1668
f 1905/1905 1668/1668 1307/1307
f 1844/1844 1977/1977 1841/1841
f 2106/2106 1698/1698 1744/1744
f 1744/1744 1698/1698 2059/2059
f 1568/1568 1744/1744 2059/2059
f 1876/1876 2270/2270 1863/1863
f 2074/2074 2270/2270 1876/1876
f 1705/1705 1965/1965 2243/2243
f 1705/1705 1751/1751 1965/1965
f 1751/1751 2086/2086 1965/1965
f 1906/1906 2086/2086 1751/1751
f 1717/1717 1906/1906 1550/1550
f 2329/2329 2313/2313 1573/1573
f 2329/2329 1573/1573 1534/1534
f 1534/1534 1884/1884 2329/2329
f 1887/1887 1362/1362 1709/1709
f 2102/2102 1652/1652 2222/2222
f 1744/1744 1568/1568 1183/1183
f 2218/2218 1666/1666 1670/1670
f 1568/1568 2107/2107 1611/1611
f 1622/1622 1606/1606 1907/1907
f 2079/2079 1856/1856 1862/1862
f 1523/1523 1747/1747 1743/1743
f 1850/1850 1450/1450 1970/1970
f 1970/1970 1450/1450 1642/1642
f 1569/1569 1934/1934 2329/2329
f 1981/1981 1666/1666 2218/2218
f 1580/1580 1666/1666 1827/1827
f 1883/1883 1611/1611 2107/2107
f 1913/1913 2434/2434 1515/1515
f 1606/1606 1622/1622 1509/1509
f 1747/1747 1761/1761 1743/1743
f 1582/1582 1909/1909 2229/2229
f 1670/1670 1666/1666 1580/1580
f 1773/1773 1847/1847 1592/1592
f 1592/1592 1847/1847 1359/1359
f 1936/1936 1913/1913 1576/1576
f 2079/2079 2077/2077 1856/1856
f 1922/1922 1580/1580 1827/1827
f 1910/1910 1865/1865 1932/1932
f 1581/1581 1567/1567 1916/1916
f 2009/2009 1854/1854 1285/1285
f 1568/1568 2059/2059 2107/2107
f 1585/1585 1582/1582 2229/2229
f 1584/1584 1836/1836 1441/1441
f 1363/1363 1886/1886 1874/1874
f 1926/1926 1581/1581 1916/1916
f 1881/1881 1601/1601 1598/1598
f 1909/1909 1636/1636 1875/1875
f 1582/1582 1636/1636 1909/1909
f 1609/1609 1926/1926 1990/1990
f 1581/1581 1926/1926 1609/1609
f 1785/1785 1787/1787 1722/1722
f 1936/1936 1927/1927 1913/1913
f 1932/1932 2335/2335 1925/1925
f 1609/1609 1990/1990 1571/1571
f 1363/1363 1874/1874 1881/1881
f 1589/1589 1585/1585 1924/1924
f 2077/2077 2090/2090 1856/1856
f 1924/1924 1800/1800 1589/1589
f 1587/1587 1572/1572 1980/1980
f 1583/1583 1587/1587 1980/1980
f 1620/1620 1967/1967 1265/1265
f 1611/1611 1883/1883 1617/1617
f 1642/1642 1455/1455 1583/1583
f 1916/1916 1265/1265 1967/1967
f 1652/1652 2102/2102 1570/1570
f 1567/1567 1265/1265 1916/1916
f 2105/2105 1745/1745 1698/1698
f 1514/1514 1773/1773 1592/1592
f 1935/1935 1698/1698 1745/1745
f 1521/1521 1935/1935 1745/1745
f 1843/1843 1849/1849 2060/2060
f 2060/2060 1849/1849 2333/2333
f 1521/1521 1282/1282 1935/1935
f 1933/1933 1588/1588 1908/1908
f 1861/1861 1652/1652 1570/1570
f 1601/1601 1881/1881 1650/1650
f 1401/1401 2317/2317 1662/1662
f 1572/1572 1850/1850 1980/1980
f 1908/1908 1917/1917 1933/1933
f 1698/1698 1935/1935 1689/1689
f 1689/1689 1935/1935 1902/1902
f 1323/1323 1816/1816 1577/1577
f 1839/1839 1679/1679 1742/1742
f 1937/1937 1570/1570 1928/1928
f 1573/1573 2317/2317 1401/1401
f 2313/2313 2317/2317 1573/1573
f 1576/1576 1817/1817 1936/1936
f 1936/1936 1817/1817 2225/2225
f 1917/1917 2104/2104 1933/1933
f 1895/1895 1861/1861 1933/1933
f 2106/2106 2105/2105 1698/1698
f 1588/1588 1933/1933 1861/1861
f 2306/2306 1700/1700 1972/1972
f 1990/1990 1624/1624 1571/1571
f 1937/1937 1928/1928 1929/1929
f 1571/1571 1624/1624 1437/1437
f 2021/2021 1908/1908 1588/1588
f 1867/1867 1848/1848 1586/1586
f 1594/1594 1867/1867 1586/1586
f 1588/1588 1852/1852 2021/2021
f 1650/1650 1894/1894 1682/1682
f 1790/1790 1867/1867 1594/1594
f 1894/1894 1679/1679 1682/1682
f 1682/1682 1679/1679 1678/1678
f 1273/1273 1682/1682 2044/2044
f 2044/2044 1855/1855 1273/1273
f 1595/1595 1790/1790 1594/1594
f 1602/1602 1599/1599 1590/1590
f 1605/1605 1740/1740 1604/1604
f 1613/1613 1836/1836 1584/1584
f 1853/1853 1836/1836 1613/1613
f 1294/1294 1740/1740 1605/1605
f 1740/1740 1741/1741 1604/1604
f 1593/1593 1853/1853 1613/1613
f 1929/1929 1853/1853 1593/1593
f 1929/1929 1593/1593 1937/1937
f 1607/1607 1603/1603 1931/1931
f 1608/1608 1607/1607 1931/1931
f 1931/1931 1930/1930 1608/1608
f 1608/1608 1930/1930 1293/1293
f 1842/1842 1931/1931 1603/1603
f 1907/1907 1293/1293 1930/1930
f 1907/1907 1606/1606 1293/1293
f 1632/1632 2991/2991 2995/2995
f 1687/1687 2061/2061 1842/1842
f 2107/2107 1804/1804 1883/1883
f 2111/2111 2038/2038 2051/2051
f 2410/2410 2038/2038 2111/2111
f 2242/2242 1810/1810 1711/1711
f 2012/2012 2054/2054 2071/2071
f 2198/2198 2241/2241 1940/1940
f 1711/1711 2050/2050 2242/2242
f 2122/2122 1940/1940 2115/2115
f 2841/2841 1632/1632 2995/2995
f 2082/2082 1844/1844 2052/2052
f 1803/1803 1677/1677 1960/1960
f 2159/2159 1838/1838 2119/2119
f 1951/1951 1941/1941 1899/1899
f 2057/2057 1943/1943 2070/2070
f 1862/1862 2113/2113 2120/2120
f 2627/2627 1862/1862 2120/2120
f 1844/1844 1860/1860 2052/2052
f 2065/2065 2088/2088 1797/1797
f 2240/2240 2264/2264 2069/2069
f 1135/1135 1938/1938 2579/2579
f 1970/1970 1973/1973 1850/1850
f 2239/2239 2126/2126 1873/1873
f 1285/1285 1527/1527 2465/2465
f 2082/2082 2052/2052 2091/2091
f 2244/2244 1940/1940 2122/2122
f 1973/1973 1976/1976 1850/1850
f 2119/2119 1730/1730 2129/2129
f 2052/2052 1776/1776 2091/2091
f 1730/1730 1840/1840 2129/2129
f 1811/1811 2465/2465 1527/1527
f 1946/1946 1942/1942 2132/2132
f 2239/2239 2058/2058 2488/2488
f 2248/2248 2118/2118 2244/2244
f 1824/1824 1819/1819 2131/2131
f 1958/1958 2057/2057 2070/2070
f 1967/1967 1771/1771 2127/2127
f 1962/1962 1802/1802 2433/2433
f 1480/1480 1803/1803 2937/2937
f 1886/1886 1675/1675 1874/1874
f 1863/1863 2137/2137 2271/2271
f 2062/2062 2066/2066 1876/1876
f 2270/2270 2137/2137 1863/1863
f 1848/1848 2247/2247 1934/1934
f 1775/1775 2127/2127 1771/1771
f 2299/2299 1792/1792 2172/2172
f 2261/2261 1873/1873 2126/2126
f 1804/1804 2107/2107 2059/2059
f 2171/2171 1946/1946 2132/2132
f 2059/2059 2063/2063 1804/1804
f 1840/1840 1686/1686 2060/2060
f 2085/2085 1961/1961 2053/2053
f 2306/2306 1972/1972 1949/1949
f 2063/2063 2059/2059 1697/1697
f 1840/1840 2060/2060 2129/2129
f 1951/1951 1899/1899 1756/1756
f 1905/1905 2062/2062 2067/2067
f 1462/1462 1762/1762 1811/1811
f 2070/2070 2243/2243 1965/1965
f 1687/1687 1623/1623 2061/2061
f 1974/1974 2055/2055 1966/1966
f 1847/1847 1978/1978 1361/1361
f 2269/2269 1792/1792 1955/1955
f 1776/1776 1882/1882 2094/2094
f 2016/2016 2250/2250 1873/1873
f 2064/2064 2265/2265 1979/1979
f 1847/1847 1773/1773 2184/2184
f 2604/2604 797/797 2812/2812
f 1980/1980 1850/1850 1976/1976
f 2066/2066 2062/2062 1841/1841
f 1622/1622 2061/2061 1623/1623
f 1975/1975 2050/2050 1833/1833
f 2031/2031 2184/2184 1773/1773
f 1432/1432 1332/1332 1835/1835
f 2058/2058 2239/2239 1873/1873
f 1910/1910 2054/2054 2012/2012
f 2299/2299 1955/1955 1792/1792
f 1968/1968 1876/1876 2066/2066
f 1757/1757 2063/2063 1697/1697
f 1981/1981 2218/2218 1985/1985
f 1958/1958 2070/2070 1965/1965
f 1876/1876 1968/1968 2082/2082
f 1763/1763 1432/1432 3684/3684
f 2173/2173 1827/1827 2436/2436
f 2056/2056 1975/1975 1833/1833
f 1628/1628 1978/1978 2215/2215
f 2081/2081 1951/1951 1756/1756
f 1520/1520 1846/1846 2031/2031
f 2000/2000 1781/1781 1517/1517
f 2285/2285 2003/2003 1892/1892
f 2063/2063 1757/1757 1635/1635
f 2000/2000 1517/1517 2006/2006
f 2449/2449 1629/1629 2445/2445
f 1960/1960 1677/1677 1952/1952
f 1865/1865 2012/2012 2149/2149
f 1991/1991 2057/2057 1979/1979
f 1828/1828 1824/1824 2346/2346
f 2181/2181 1834/1834 2168/2168
f 1873/1873 1877/1877 2058/2058
f 1892/1892 1812/1812 1996/1996
f 2096/2096 2065/2065 1797/1797
f 2022/2022 1828/1828 2346/2346
f 2161/2161 2497/2497 1779/1779
f 2085/2085 2053/2053 2080/2080
f 2240/2240 1845/1845 2500/2500
f 2332/2332 1979/1979 2057/2057
f 1851/1851 1998/1998 2813/2813
f 2161/2161 1779/1779 1781/1781
f 2332/2332 2064/2064 1979/1979
f 2191/2191 2073/2073 2141/2141
f 2141/2141 2073/2073 2011/2011
f 2478/2478 2065/2065 2096/2096
f 2073/2073 2072/2072 2011/2011
f 2250/2250 1966/1966 1873/1873
f 2188/2188 599/599 2943/2943
f 1818/1818 1991/1991 1994/1994
f 2011/2011 2072/2072 2272/2272
f 1760/1760 1996/1996 1812/1812
f 1983/1983 2379/2379 2078/2078
f 1977/1977 2082/2082 1968/1968
f 2075/2075 2335/2335 1866/1866
f 1278/1278 1854/1854 2006/2006
f 1796/1796 2460/2460 1795/1795
f 1371/1371 2592/2592 2185/2185
f 1943/1943 1818/1818 1994/1994
f 2062/2062 1863/1863 2067/2067
f 1825/1825 1878/1878 2213/2213
f 2075/2075 1866/1866 2431/2431
f 1843/1843 2060/2060 2192/2192
f 2022/2022 1830/1830 1680/1680
f 1897/1897 1945/1945 1848/1848
f 2008/2008 1760/1760 1728/1728
f 1969/1969 1945/1945 1897/1897
f 1983/1983 2078/2078 1995/1995
f 1818/1818 1943/1943 2057/2057
f 2742/2742 1831/1831 1830/1830
f 2458/2458 1903/1903 2084/2084
f 2077/2077 2079/2079 2018/2018
f 2264/2264 2024/2024 2069/2069
f 2084/2084 1903/1903 1904/1904
f 2018/2018 2079/2079 2441/2441
f 1799/1799 1893/1893 1655/1655
f 1656/1656 2449/2449 2966/2966
f 2096/2096 2001/2001 2478/2478
f 2026/2026 1959/1959 2071/2071
f 1995/1995 2078/2078 2100/2100
f 1663/1663 1799/1799 1723/1723
f 2072/2072 2028/2028 2272/2272
f 2072/2072 2073/2073 2076/2076
f 1857/1857 1831/1831 2742/2742
f 2382/2382 1857/1857 2742/2742
f 2271/2271 2273/2273 2067/2067
f 2240/2240 2196/2196 2264/2264
f 1863/1863 2271/2271 2067/2067
f 2042/2042 2028/2028 2072/2072
f 2078/2078 2379/2379 1762/1762
f 2258/2258 2060/2060 2333/2333
f 2004/2004 2028/2028 2042/2042
f 2092/2092 2088/2088 2087/2087
f 2072/2072 2076/2076 1758/1758
f 2001/2001 2096/2096 1649/1649
f 1992/1992 1906/1906 1717/1717
f 2087/2087 2088/2088 2041/2041
f 1773/1773 1657/1657 2031/2031
f 1796/1796 1788/1788 2273/2273
f 1832/1832 1467/1467 2177/2177
f 2004/2004 2042/2042 2047/2047
f 2080/2080 1859/1859 1770/1770
f 2092/2092 2084/2084 1904/1904
f 1657/1657 1520/1520 2031/2031
f 2092/2092 1904/1904 2091/2091
f 2067/2067 2273/2273 1788/1788
f 2080/2080 1770/1770 1541/1541
f 2067/2067 1788/1788 1905/1905
f 2091/2091 1904/1904 2082/2082
f 2099/2099 1794/1794 2098/2098
f 2306/2306 1774/1774 1700/1700
f 2092/2092 2094/2094 2088/2088
f 1897/1897 1848/1848 1867/1867
f 1797/1797 2088/2088 2094/2094
f 2094/2094 2092/2092 2091/2091
f 2094/2094 2091/2091 1776/1776
f 1705/1705 2243/2243 2093/2093
f 1826/1826 1814/1814 2175/2175
f 2078/2078 1762/1762 2095/2095
f 2082/2082 1977/1977 1844/1844
f 1793/1793 1801/1801 2146/2146
f 2037/2037 2038/2038 2020/2020
f 2041/2041 2088/2088 2065/2065
f 2235/2235 2020/2020 2038/2038
f 1631/1631 1992/1992 1630/1630
f 2100/2100 2078/2078 2095/2095
f 1989/1989 1969/1969 1897/1897
f 1631/1631 1633/1633 1992/1992
f 1793/1793 1322/1322 1801/1801
f 2015/2015 1786/1786 2098/2098
f 1624/1624 1990/1990 1896/1896
f 1758/1758 2282/2282 2039/2039
f 1858/1858 1782/1782 1446/1446
f 1759/1759 2083/2083 2027/2027
f 2102/2102 2100/2100 2284/2284
f 1992/1992 1633/1633 2477/2477
f 2089/2089 1758/1758 2039/2039
f 2477/2477 1633/1633 1784/1784
f 2051/2051 2038/2038 2037/2037
f 1467/1467 2083/2083 2002/2002
f 2098/2098 1794/1794 2292/2292
f 2101/2101 2289/2289 2108/2108
f 1997/1997 2500/2500 1879/1879
f 1867/1867 1869/1869 1897/1897
f 1778/1778 2101/2101 2108/2108
f 2500/2500 1845/1845 1879/1879
f 1944/1944 2237/2237 1884/1884
f 2158/2158 2334/2334 2212/2212
f 3567/3567 1349/1349 2843/2843
f 1787/1787 1939/1939 1784/1784
f 2042/2042 1768/1768 2089/2089
f 2089/2089 2047/2047 2042/2042
f 1821/1821 1667/1667 2415/2415
f 2083/2083 1872/1872 1483/1483
f 1483/1483 2027/2027 2083/2083
f 1864/1864 1785/1785 1868/1868
f 1939/1939 1787/1787 2053/2053
f 2043/2043 1305/1305 2202/2202
f 2224/2224 1816/1816 1640/1640
f 2053/2053 1787/1787 1785/1785
f 1820/1820 1836/1836 2030/2030
f 2190/2190 2224/2224 1640/1640
f 2099/2099 2035/2035 1772/1772
f 2036/2036 1792/1792 2269/2269
f 1836/1836 1853/1853 2030/2030
f 1806/1806 2068/2068 1933/1933
f 1834/1834 1621/1621 2045/2045
f 2240/2240 2069/2069 1807/1807
f 2293/2293 2108/2108 2289/2289
f 1822/1822 2189/2189 1661/1661
f 1807/1807 1845/1845 2240/2240
f 2029/2029 1798/1798 2036/2036
f 1621/1621 1777/1777 2045/2045
f 2559/2559 1808/1808 1767/1767
f 1483/1483 1808/1808 2559/2559
f 2097/2097 2045/2045 1777/1777
f 1852/1852 2023/2023 2021/2021
f 2097/2097 2287/2287 2045/2045
f 1794/1794 2249/2249 2292/2292
f 1853/1853 1929/1929 2286/2286
f 2249/2249 1794/1794 2302/2302
f 1797/1797 2094/2094 1882/1882
f 2044/2044 1678/1678 1837/1837
f 1744/1744 2104/2104 2105/2105
f 1684/1684 1837/1837 1839/1839
f 2105/2105 2106/2106 1744/1744
f 1711/1711 1810/1810 1791/1791
f 1941/1941 2001/2001 1899/1899
f 1837/1837 2109/2109 2044/2044
f 2044/2044 2109/2109 1855/1855
f 1837/1837 1684/1684 2109/2109
f 2296/2296 1651/1651 2049/2049
f 1809/1809 1810/1810 2049/2049
f 1809/1809 2049/2049 1805/1805
f 1805/1805 1470/1470 1809/1809
f 2238/2238 2170/2170 2532/2532
f 1942/1942 2360/2360 2117/2117
f 2381/2381 2289/2289 2183/2183
f 1285/1285 2465/2465 2394/2394
f 1963/1963 2555/2555 2146/2146
f 2764/2764 1803/1803 1960/1960
f 2401/2401 1954/1954 2631/2631
f 2146/2146 1801/1801 1963/1963
f 1955/1955 2204/2204 2375/2375
f 1942/1942 2117/2117 2132/2132
f 2249/2249 1941/1941 1951/1951
f 2237/2237 1944/1944 2399/2399
f 2299/2299 2204/2204 1955/1955
f 2399/2399 1569/1569 2237/2237
f 2210/2210 2305/2305 1950/1950
f 1952/1952 1436/1436 2551/2551
f 2115/2115 1940/1940 2241/2241
f 2113/2113 1764/1764 2362/2362
f 2028/2028 2159/2159 2119/2119
f 1947/1947 2031/2031 1846/1846
f 2032/2032 1948/1948 2294/2294
f 1945/1945 2247/2247 1848/1848
f 1961/1961 2369/2369 2490/2490
f 1819/1819 2401/2401 2131/2131
f 1569/1569 2399/2399 1366/1366
f 2028/2028 2192/2192 2159/2159
f 2369/2369 1961/1961 2882/2882
f 2486/2486 2126/2126 2239/2239
f 2254/2254 2242/2242 2050/2050
f 1968/1968 2066/2066 1977/1977
f 1977/1977 2066/2066 1841/1841
f 2171/2171 2259/2259 1946/1946
f 2257/2257 2479/2479 2121/2121
f 1950/1950 2413/2413 2051/2051
f 1835/1835 1971/1971 2125/2125
f 2650/2650 2418/2418 2130/2130
f 2413/2413 2111/2111 2051/2051
f 2115/2115 2386/2386 2122/2122
f 2882/2882 1961/1961 2139/2139
f 2252/2252 2070/2070 1943/1943
f 2143/2143 2176/2176 1644/1644
f 2604/2604 1988/1988 797/797
f 1949/1949 1972/1972 2414/2414
f 2393/2393 1939/1939 2053/2053
f 1961/1961 2393/2393 2053/2053
f 2411/2411 2123/2123 2256/2256
f 2074/2074 1903/1903 2458/2458
f 2070/2070 2252/2252 2243/2243
f 2101/2101 2257/2257 2183/2183
f 2183/2183 2289/2289 2101/2101
f 2245/2245 2122/2122 2386/2386
f 2266/2266 2236/2236 2353/2353
f 2065/2065 2478/2478 2278/2278
f 2299/2299 2172/2172 2163/2163
f 2081/2081 2249/2249 1951/1951
f 1468/1468 2253/2253 1993/1993
f 2432/2432 2458/2458 2084/2084
f 1432/1432 1835/1835 2552/2552
f 2084/2084 2092/2092 2432/2432
f 1775/1775 1779/1779 2127/2127
f 1958/1958 1965/1965 2124/2124
f 2483/2483 1991/1991 1979/1979
f 2597/2597 2353/2353 2236/2236
f 2384/2384 2150/2150 2371/2371
f 1965/1965 2086/2086 2124/2124
f 2137/2137 2411/2411 2256/2256
f 2256/2256 2271/2271 2137/2137
f 2136/2136 2488/2488 2058/2058
f 1975/1975 2254/2254 2050/2050
f 2465/2465 1811/1811 2379/2379
f 2087/2087 2432/2432 2092/2092
f 1906/1906 2124/2124 2086/2086
f 2450/2450 2446/2446 2945/2945
f 1966/1966 2250/2250 2255/2255
f 2364/2364 2619/2619 2144/2144
f 1993/1993 2253/2253 2007/2007
f 1966/1966 2255/2255 1974/1974
f 2249/2249 2285/2285 2114/2114
f 2171/2171 2132/2132 2344/2344
f 2012/2012 2152/2152 2149/2149
f 2479/2479 2257/2257 2101/2101
f 2485/2485 2248/2248 2244/2244
f 1906/1906 1992/1992 2276/2276
f 1980/1980 1976/1976 2138/2138
f 2060/2060 2258/2258 2129/2129
f 2150/2150 2384/2384 2160/2160
f 1847/1847 2645/2645 1978/1978
f 2532/2532 2536/2536 2238/2238
f 2424/2424 1945/1945 2534/2534
f 2012/2012 2280/2280 2152/2152
f 2170/2170 2150/2150 2160/2160
f 2283/2283 2249/2249 2081/2081
f 2379/2379 1811/1811 1762/1762
f 2540/2540 2432/2432 2087/2087
f 2248/2248 2699/2699 2693/2693
f 1945/1945 1969/1969 2534/2534
f 1847/1847 2184/2184 2645/2645
f 2285/2285 2249/2249 2283/2283
f 2262/2262 2540/2540 2087/2087
f 2134/2134 2279/2279 2140/2140
f 2238/2238 2150/2150 2170/2170
f 2834/2834 1439/1439 4691/4691
f 2135/2135 1892/1892 1996/1996
f 1994/1994 1991/1991 2430/2430
f 2425/2425 1865/1865 2149/2149
f 2370/2370 2137/2137 2270/2270
f 2336/2336 2530/2530 1989/1989
f 2269/2269 1955/1955 2375/2375
f 1989/1989 2530/2530 1969/1969
f 2262/2262 2087/2087 2041/2041
f 2280/2280 2012/2012 2071/2071
f 1756/1756 2283/2283 2081/2081
f 1865/1865 2431/2431 1866/1866
f 2425/2425 2431/2431 1865/1865
f 1988/1988 4691/4691 1439/1439
f 2431/2431 2429/2429 2075/2075
f 1825/1825 2213/2213 2641/2641
f 1873/1873 2261/2261 2016/2016
f 2017/2017 2254/2254 2251/2251
f 2178/2178 2018/2018 2439/2439
f 2283/2283 1756/1756 1639/1639
f 2148/2148 2263/2263 2529/2529
f 2135/2135 1996/1996 1760/1760
f 2439/2439 2018/2018 2616/2616
f 2245/2245 2485/2485 2244/2244
f 2256/2256 2527/2527 2273/2273
f 2153/2153 1825/1825 2641/2641
f 2273/2273 2271/2271 2256/2256
f 3222/3222 2199/2199 1166/1166
f 2372/2372 1983/1983 1995/1995
f 2460/2460 2136/2136 1795/1795
f 2372/2372 1995/1995 2491/2491
f 1169/1169 1166/1166 2199/2199
f 2987/2987 1169/1169 2199/2199
f 2499/2499 2270/2270 2074/2074
f 2146/2146 1961/1961 2085/2085
f 2192/2192 2028/2028 2004/2004
f 2161/2161 1781/1781 2000/2000
f 2026/2026 2186/2186 2443/2443
f 2699/2699 2248/2248 2196/2196
f 2283/2283 2003/2003 2285/2285
f 2443/2443 1959/1959 2026/2026
f 2161/2161 2000/2000 2267/2267
f 2135/2135 2008/2008 2007/2007
f 2474/2474 2531/2531 2506/2506
f 2196/2196 2248/2248 2485/2485
f 2008/2008 2135/2135 1760/1760
f 2003/2003 2283/2283 1639/1639
f 2179/2179 2000/2000 2006/2006
f 2200/2200 2412/2412 2457/2457
f 1834/1834 2167/2167 2168/2168
f 2281/2281 2276/2276 1992/1992
f 2273/2273 2460/2460 1796/1796
f 2000/2000 2466/2466 2267/2267
f 2187/2187 2179/2179 2006/2006
f 2265/2265 2343/2343 1979/1979
f 2006/2006 1854/1854 2187/2187
f 1997/1997 2005/2005 2147/2147
f 1854/1854 2009/2009 2187/2187
f 2141/2141 2011/2011 2435/2435
f 1959/1959 2280/2280 2071/2071
f 2394/2394 2009/2009 1285/1285
f 2236/2236 2266/2266 2011/2011
f 1959/1959 2357/2357 2280/2280
f 1956/1956 1659/1659 2976/2976
f 2392/2392 2153/2153 2281/2281
f 2236/2236 2011/2011 2272/2272
f 2392/2392 2281/2281 2487/2487
f 2133/2133 2281/2281 2477/2477
f 2241/2241 2198/2198 2197/2197
f 1998/1998 1215/1215 2613/2613
f 1686/1686 2159/2159 2060/2060
f 2076/2076 2073/2073 2528/2528
f 2244/2244 2122/2122 2245/2245
f 1758/1758 2076/2076 2528/2528
f 2028/2028 2444/2444 2272/2272
f 2852/2852 2444/2444 2028/2028
f 2477/2477 2281/2281 1992/1992
f 2254/2254 2017/2017 2242/2242
f 2192/2192 2060/2060 2159/2159
f 1944/1944 1786/1786 2015/2015
f 2456/2456 2041/2041 2278/2278
f 2133/2133 2487/2487 2281/2281
f 2205/2205 2201/2201 2020/2020
f 2177/2177 2172/2172 1832/1832
f 2014/2014 2025/2025 2520/2520
f 2101/2101 1778/1778 2479/2479
f 2235/2235 2205/2205 2020/2020
f 2295/2295 2517/2517 2492/2492
f 2095/2095 2284/2284 2100/2100
f 2093/2093 2263/2263 2147/2147
f 2664/2664 2291/2291 2461/2461
f 2291/2291 2664/2664 2290/2290
f 2292/2292 2180/2180 2098/2098
f 1467/1467 2002/2002 2177/2177
f 2479/2479 1772/1772 2426/2426
f 2195/2195 1843/1843 2192/2192
f 2278/2278 2041/2041 2065/2065
f 2095/2095 1820/1820 2030/2030
f 2479/2479 1778/1778 1772/1772
f 2207/2207 2235/2235 2514/2514
f 2093/2093 2243/2243 2263/2263
f 2306/2306 2274/2274 1774/1774
f 2821/2821 2202/2202 2398/2398
f 2043/2043 2202/2202 2821/2821
f 2077/2077 2206/2206 2090/2090
f 1772/1772 2035/2035 2426/2426
f 2399/2399 2253/2253 1366/1366
f 2178/2178 2206/2206 2077/2077
f 2019/2019 2613/2613 1215/1215
f 2203/2203 1857/1857 2382/2382
f 1366/1366 2253/2253 1468/1468
f 2777/2777 1857/1857 2203/2203
f 2147/2147 1706/1706 2093/2093
f 2414/2414 1972/1972 1759/1759
f 1783/1783 1857/1857 2777/2777
f 2020/2020 2567/2567 2210/2210
f 2020/2020 2210/2210 2037/2037
f 2259/2259 1942/1942 1946/1946
f 2195/2195 1849/1849 1843/1843
f 2567/2567 2211/2211 2034/2034
f 2528/2528 2223/2223 2282/2282
f 1821/1821 2189/2189 1822/1822
f 2282/2282 1758/1758 2528/2528
f 2083/2083 1774/1774 2274/2274
f 2289/2289 2473/2473 2293/2293
f 2210/2210 2567/2567 2034/2034
f 2293/2293 2473/2473 2478/2478
f 2284/2284 2095/2095 2030/2030
f 1481/1481 1349/1349 3567/3567
f 2030/2030 2286/2286 2284/2284
f 2090/2090 2206/2206 2295/2295
f 2090/2090 2295/2295 1999/1999
f 2108/2108 2293/2293 2302/2302
f 1999/1999 2295/2295 2208/2208
f 2209/2209 1999/1999 2208/2208
f 2298/2298 2475/2475 2294/2294
f 2407/2407 1999/1999 2209/2209
f 1941/1941 2478/2478 2001/2001
f 2089/2089 2039/2039 2288/2288
f 2414/2414 1759/1759 2027/2027
f 2293/2293 2478/2478 1941/1941
f 2286/2286 2030/2030 1853/1853
f 2475/2475 2298/2298 2163/2163
f 2298/2298 2294/2294 2204/2204
f 2302/2302 2293/2293 1941/1941
f 2299/2299 2298/2298 2204/2204
f 2302/2302 1941/1941 2249/2249
f 2228/2228 2526/2526 2010/2010
f 2158/2158 2036/2036 2269/2269
f 2163/2163 2298/2298 2299/2299
f 2158/2158 2212/2212 2636/2636
f 2636/2636 2036/2036 2158/2158
f 2210/2210 2034/2034 2305/2305
f 2526/2526 2035/2035 2099/2099
f 2010/2010 2526/2526 2099/2099
f 2034/2034 2211/2211 2307/2307
f 2308/2308 1945/1945 2424/2424
f 2047/2047 2089/2089 2288/2288
f 2288/2288 2501/2501 2047/2047
f 2305/2305 2034/2034 2307/2307
f 2415/2415 2029/2029 2036/2036
f 1945/1945 2308/2308 2247/2247
f 2305/2305 2307/2307 2367/2367
f 2275/2275 2305/2305 2367/2367
f 2045/2045 2167/2167 1834/1834
f 2287/2287 2040/2040 2045/2045
f 2235/2235 2038/2038 2514/2514
f 1634/1634 2287/2287 2097/2097
f 2501/2501 2288/2288 2297/2297
f 2296/2296 2287/2287 1634/1634
f 2037/2037 2210/2210 2051/2051
f 2210/2210 1950/1950 2051/2051
f 1849/1849 2195/2195 2300/2300
f 2017/2017 2303/2303 2242/2242
f 2508/2508 1810/1810 2301/2301
f 2508/2508 2049/2049 1810/1810
f 1810/1810 2242/2242 2303/2303
f 1628/1628 2215/2215 1947/1947
f 2166/2166 2156/2156 1986/1986
f 2054/2054 2312/2312 2071/2071
f 1987/1987 2157/2157 2155/2155
f 2155/2155 2157/2157 2219/2219
f 2220/2220 2156/2156 2216/2216
f 2388/2388 2221/2221 2575/2575
f 2071/2071 2312/2312 2026/2026
f 2315/2315 1862/1862 2314/2314
f 2417/2417 1970/1970 1642/1642
f 2079/2079 1862/1862 2315/2315
f 2021/2021 2103/2103 1908/1908
f 2313/2313 2329/2329 2320/2320
f 2215/2215 2573/2573 1947/1947
f 2312/2312 2186/2186 2026/2026
f 2334/2334 1984/1984 1913/1913
f 1862/1862 2627/2627 2314/2314
f 2417/2417 1642/1642 2232/2232
f 2329/2329 2308/2308 2320/2320
f 2265/2265 2064/2064 2373/2373
f 2218/2218 2217/2217 1985/1985
f 1985/1985 2217/2217 2165/2165
f 2294/2294 1948/1948 2574/2574
f 2017/2017 2260/2260 2482/2482
f 1907/1907 2061/2061 1622/1622
f 2329/2329 1884/1884 2237/2237
f 2629/2629 2422/2422 1909/1909
f 2151/2151 2364/2364 2144/2144
f 1909/1909 1875/1875 2629/2629
f 2329/2329 2237/2237 1569/1569
f 2100/2100 2222/2222 1995/1995
f 2312/2312 2054/2054 2330/2330
f 1875/1875 1851/1851 2629/2629
f 1910/1910 2330/2330 2054/2054
f 2507/2507 1585/1585 2229/2229
f 1984/1984 2334/2334 2731/2731
f 1908/1908 2103/2103 1917/1917
f 2151/2151 2144/2144 2590/2590
f 1827/1827 2230/2230 1922/1922
f 1585/1585 2507/2507 1924/1924
f 2207/2207 1924/1924 2235/2235
f 2235/2235 1924/1924 2507/2507
f 1924/1924 2207/2207 1800/1800
f 2222/2222 2100/2100 2102/2102
f 1800/1800 2207/2207 2019/2019
f 2144/2144 2145/2145 2336/2336
f 2103/2103 2104/2104 1917/1917
f 2103/2103 2021/2021 2023/2023
f 2158/2158 2731/2731 2334/2334
f 1670/1670 2182/2182 2218/2218
f 2145/2145 2530/2530 2336/2336
f 2103/2103 2023/2023 2104/2104
f 1927/1927 2334/2334 1913/1913
f 2332/2332 2383/2383 2064/2064
f 2331/2331 1910/1910 1932/1932
f 1934/1934 2308/2308 2329/2329
f 2102/2102 2284/2284 1928/1928
f 2138/2138 2232/2232 1583/1583
f 1925/1925 2331/2331 1932/1932
f 1642/1642 1583/1583 2232/2232
f 1980/1980 2138/2138 1583/1583
f 2383/2383 2332/2332 2338/2338
f 2338/2338 2332/2332 2057/2057
f 2227/2227 2383/2383 2338/2338
f 2212/2212 2334/2334 1927/1927
f 2023/2023 2105/2105 2104/2104
f 2227/2227 2338/2338 2339/2339
f 2734/2734 2335/2335 2075/2075
f 1999/1999 2407/2407 2090/2090
f 2144/2144 2336/2336 2318/2318
f 1958/1958 2338/2338 2057/2057
f 2590/2590 2144/2144 2318/2318
f 2212/2212 1927/1927 2345/2345
f 2090/2090 2407/2407 1764/1764
f 1764/1764 2407/2407 2362/2362
f 2247/2247 2308/2308 1934/1934
f 2231/2231 2339/2339 2338/2338
f 2284/2284 2286/2286 1928/1928
f 2233/2233 2319/2319 1916/1916
f 2315/2315 2441/2441 2079/2079
f 2227/2227 2234/2234 2383/2383
f 2227/2227 2416/2416 2234/2234
f 2102/2102 1928/1928 1570/1570
f 2416/2416 2227/2227 2339/2339
f 2004/2004 2047/2047 2192/2192
f 2231/2231 2213/2213 2339/2339
f 2339/2339 2213/2213 2416/2416
f 2416/2416 2213/2213 1878/1878
f 2319/2319 2337/2337 1926/1926
f 1926/1926 1916/1916 2319/2319
f 2286/2286 1929/1929 1928/1928
f 2468/2468 2258/2258 2333/2333
f 2337/2337 1990/1990 1926/1926
f 1936/1936 2214/2214 1927/1927
f 2233/2233 1967/1967 2127/2127
f 1916/1916 1967/1967 2233/2233
f 1849/1849 2304/2304 2333/2333
f 1662/1662 2317/2317 2228/2228
f 2223/2223 2157/2157 2282/2282
f 2164/2164 2282/2282 2157/2157
f 2228/2228 2010/2010 1662/1662
f 1936/1936 2225/2225 2214/2214
f 2046/2046 2039/2039 2164/2164
f 2164/2164 2039/2039 2282/2282
f 2317/2317 2313/2313 2796/2796
f 2322/2322 2738/2738 2321/2321
f 2321/2321 2324/2324 2322/2322
f 2323/2323 2322/2322 2324/2324
f 2323/2323 2324/2324 2879/2879
f 2061/2061 1930/1930 1931/1931
f 1931/1931 1842/1842 2061/2061
f 1849/1849 2300/2300 2304/2304
f 1930/1930 2061/2061 1907/1907
f 2303/2303 2301/2301 1810/1810
f 2482/2482 2303/2303 2017/2017
f 2325/2325 2331/2331 1925/1925
f 2335/2335 2325/2325 1925/1925
f 2331/2331 2330/2330 1910/1910
f 2354/2354 2448/2448 2155/2155
f 2200/2200 2457/2457 2550/2550
f 2549/2549 2459/2459 2809/2809
f 2419/2419 2162/2162 2268/2268
f 2695/2695 2483/2483 2669/2669
f 2112/2112 2495/2495 2864/2864
f 2459/2459 2467/2467 2642/2642
f 2212/2212 2345/2345 2636/2636
f 2664/2664 2894/2894 2290/2290
f 2345/2345 1927/1927 2214/2214
f 2467/2467 2459/2459 2549/2549
f 2471/2471 2361/2361 2645/2645
f 2184/2184 2471/2471 2645/2645
f 2142/2142 1957/1957 2554/2554
f 2635/2635 2140/2140 2279/2279
f 2811/2811 2346/2346 1824/1824
f 2231/2231 2641/2641 2213/2213
f 1979/1979 2343/2343 2483/2483
f 2214/2214 2225/2225 2462/2462
f 2340/2340 2098/2098 2180/2180
f 2456/2456 2289/2289 2381/2381
f 2464/2464 2539/2539 2474/2474
f 2471/2471 2561/2561 2361/2361
f 2215/2215 1978/1978 2660/2660
f 2113/2113 2362/2362 2754/2754
f 2276/2276 2402/2402 1906/1906
f 2304/2304 2468/2468 2333/2333
f 2561/2561 2471/2471 2390/2390
f 2660/2660 2573/2573 2215/2215
f 2549/2549 2472/2472 2467/2467
f 2110/2110 2352/2352 2359/2359
f 2348/2348 2463/2463 2595/2595
f 2366/2366 2864/2864 2495/2495
f 2767/2767 2110/2110 2363/2363
f 2578/2578 2461/2461 2291/2291
f 2921/2921 1481/1481 3567/3567
f 2175/2175 2377/2377 1826/1826
f 1970/1970 2417/2417 2571/2571
f 2578/2578 2291/2291 2349/2349
f 2265/2265 2358/2358 2673/2673
f 2568/2568 2364/2364 2151/2151
f 2357/2357 1959/1959 2443/2443
f 2020/2020 2201/2201 2605/2605
f 2219/2219 2354/2354 2155/2155
f 2156/2156 2355/2355 2216/2216
f 2379/2379 2347/2347 2465/2465
f 2666/2666 2464/2464 2474/2474
f 2281/2281 2402/2402 2276/2276
f 2673/2673 2343/2343 2265/2265
f 2926/2926 1938/1938 2921/2921
f 2022/2022 2346/2346 1830/1830
f 2344/2344 2133/2133 2490/2490
f 2898/2898 2666/2666 2474/2474
f 2218/2218 2543/2543 2380/2380
f 2462/2462 1821/1821 2415/2415
f 2641/2641 2281/2281 2153/2153
f 2492/2492 2357/2357 2365/2365
f 2396/2396 2221/2221 2388/2388
f 2202/2202 1137/1137 2398/2398
f 2193/2193 2267/2267 2466/2466
f 2380/2380 2356/2356 2218/2218
f 2373/2373 2358/2358 2265/2265
f 2217/2217 2380/2380 2165/2165
f 2356/2356 2380/2380 2217/2217
f 2646/2646 2358/2358 2373/2373
f 2579/2579 1938/1938 2926/2926
f 2225/2225 2189/2189 2462/2462
f 1821/1821 2462/2462 2189/2189
f 2682/2682 2400/2400 2397/2397
f 2032/2032 2294/2294 2475/2475
f 2289/2289 2456/2456 2473/2473
f 2211/2211 2567/2567 2786/2786
f 2397/2397 2396/2396 2484/2484
f 2456/2456 2278/2278 2478/2478
f 2477/2477 2490/2490 2133/2133
f 2898/2898 2474/2474 2671/2671
f 2379/2379 1983/1983 2372/2372
f 2430/2430 2695/2695 2644/2644
f 2374/2374 2192/2192 2047/2047
f 2169/2169 2165/2165 2380/2380
f 2397/2397 2685/2685 2682/2682
f 2483/2483 2695/2695 2430/2430
f 1135/1135 2579/2579 2943/2943
f 2397/2397 2484/2484 2685/2685
f 2473/2473 2456/2456 2478/2478
f 2153/2153 2392/2392 2279/2279
f 2764/2764 2937/2937 1803/1803
f 2350/2350 2366/2366 2522/2522
f 2527/2527 2460/2460 2273/2273
f 2687/2687 2350/2350 2522/2522
f 2406/2406 2130/2130 2418/2418
f 2047/2047 2501/2501 2374/2374
f 2373/2373 2064/2064 2677/2677
f 2295/2295 2492/2492 2365/2365
f 2499/2499 2692/2692 2370/2370
f 1939/1939 2477/2477 1784/1784
f 2670/2670 2360/2360 1942/1942
f 1827/1827 2173/2173 2395/2395
f 2388/2388 2409/2409 2457/2457
f 2494/2494 2371/2371 2150/2150
f 2376/2376 2474/2474 2506/2506
f 2671/2671 2474/2474 2376/2376
f 2064/2064 2383/2383 2677/2677
f 2523/2523 2509/2509 2300/2300
f 2466/2466 2000/2000 2179/2179
f 2637/2637 2392/2392 2487/2487
f 2360/2360 2637/2637 2487/2487
f 2259/2259 2670/2670 1942/1942
f 2499/2499 2370/2370 2270/2270
f 2476/2476 2367/2367 2307/2307
f 2031/2031 2471/2471 2184/2184
f 2387/2387 2372/2372 2491/2491
f 2218/2218 2182/2182 2542/2542
f 2412/2412 2388/2388 2457/2457
f 2485/2485 2245/2245 2480/2480
f 2446/2446 1480/1480 2937/2937
f 1958/1958 2124/2124 2338/2338
f 2519/2519 2480/2480 2245/2245
f 2501/2501 2523/2523 2374/2374
f 2477/2477 2393/2393 2490/2490
f 2200/2200 2561/2561 2412/2412
f 1944/1944 2015/2015 2399/2399
f 3046/3046 2650/2650 2130/2130
f 2117/2117 2360/2360 2487/2487
f 1433/1433 1783/1783 2777/2777
f 2650/2650 2713/2713 2418/2418
f 2114/2114 2292/2292 2249/2249
f 2338/2338 2402/2402 2231/2231
f 2697/2697 2499/2499 2701/2701
f 2494/2494 2150/2150 2511/2511
f 2650/2650 2642/2642 2467/2467
f 2476/2476 2471/2471 2031/2031
f 2368/2368 2475/2475 2163/2163
f 2511/2511 2150/2150 2238/2238
f 2117/2117 2487/2487 2133/2133
f 2344/2344 2117/2117 2133/2133
f 1780/1780 2972/2972 2128/2128
f 2502/2502 2368/2368 2163/2163
f 2205/2205 2484/2484 2835/2835
f 2394/2394 2187/2187 2009/2009
f 2972/2972 1780/1780 2498/2498
f 2117/2117 2344/2344 2132/2132
f 2480/2480 2519/2519 2024/2024
f 2439/2439 2517/2517 2295/2295
f 2206/2206 2439/2439 2295/2295
f 2417/2417 2232/2232 2351/2351
f 2178/2178 2439/2439 2206/2206
f 2160/2160 2384/2384 2607/2607
f 2599/2599 1976/1976 1973/1973
f 2430/2430 1991/1991 2483/2483
f 2205/2205 2605/2605 2201/2201
f 2499/2499 2458/2458 2535/2535
f 2193/2193 2466/2466 2277/2277
f 2402/2402 2124/2124 1906/1906
f 2486/2486 2481/2481 2126/2126
f 2495/2495 2112/2112 2486/2486
f 2495/2495 2486/2486 2516/2516
f 2405/2405 2277/2277 2466/2466
f 2609/2609 2259/2259 2171/2171
f 2193/2193 2277/2277 2504/2504
f 2394/2394 2465/2465 2405/2405
f 2307/2307 2211/2211 2404/2404
f 2486/2486 2488/2488 2516/2516
f 2509/2509 2523/2523 2048/2048
f 2074/2074 2458/2458 2499/2499
f 2229/2229 1909/1909 2422/2422
f 2171/2171 2344/2344 2652/2652
f 2425/2425 2149/2149 2152/2152
f 2488/2488 2486/2486 2239/2239
f 2404/2404 2471/2471 2476/2476
f 2366/2366 2495/2495 2516/2516
f 2274/2274 2502/2502 2002/2002
f 2496/2496 2461/2461 2578/2578
f 2522/2522 2366/2366 2516/2516
f 2292/2292 2114/2114 2180/2180
f 2307/2307 2404/2404 2476/2476
f 2248/2248 2423/2423 2118/2118
f 2485/2485 2480/2480 2196/2196
f 2482/2482 2469/2469 2303/2303
f 2491/2491 1995/1995 2653/2653
f 2180/2180 2114/2114 2569/2569
f 1995/1995 2222/2222 2653/2653
f 2248/2248 2693/2693 2423/2423
f 2011/2011 2266/2266 2351/2351
f 1345/1345 1469/1469 2621/2621
f 2144/2144 2619/2619 2145/2145
f 1685/1685 1345/1345 2621/2621
f 2435/2435 2011/2011 2351/2351
f 2511/2511 2238/2238 2518/2518
f 2813/2813 1998/1998 2613/2613
f 2539/2539 2657/2657 2513/2513
f 2515/2515 2657/2657 2539/2539
f 2523/2523 2501/2501 2297/2297
f 2297/2297 2048/2048 2523/2523
f 2493/2493 2516/2516 2488/2488
f 2507/2507 2484/2484 2205/2205
f 2521/2521 2391/2391 2257/2257
f 2257/2257 2121/2121 2521/2521
f 2502/2502 2163/2163 2172/2172
f 2172/2172 2177/2177 2502/2502
f 2393/2393 1961/1961 2490/2490
f 2410/2410 2514/2514 2038/2038
f 2488/2488 2136/2136 2493/2493
f 2435/2435 2643/2643 2141/2141
f 2235/2235 2507/2507 2205/2205
f 2486/2486 2511/2511 2518/2518
f 2514/2514 2410/2410 2440/2440
f 2112/2112 2511/2511 2486/2486
f 2502/2502 2177/2177 2002/2002
f 2403/2403 2521/2521 2524/2524
f 1997/1997 2510/2510 2699/2699
f 2489/2489 2510/2510 1997/1997
f 2524/2524 2521/2521 2121/2121
f 2186/2186 2442/2442 2443/2443
f 1166/1166 2033/2033 3222/3222
f 2460/2460 2493/2493 2136/2136
f 2518/2518 2238/2238 2536/2536
f 2522/2522 2516/2516 2493/2493
f 2274/2274 2002/2002 2083/2083
f 2197/2197 2563/2563 2241/2241
f 2524/2524 2226/2226 2403/2403
f 2514/2514 2440/2440 2207/2207
f 2460/2460 2522/2522 2493/2493
f 2241/2241 2563/2563 2505/2505
f 2014/2014 2653/2653 2222/2222
f 2207/2207 2440/2440 2019/2019
f 2520/2520 2653/2653 2014/2014
f 1997/1997 2699/2699 2196/2196
f 2027/2027 1483/1483 2559/2559
f 2196/2196 2500/2500 1997/1997
f 2123/2123 2687/2687 2522/2522
f 2415/2415 2036/2036 2636/2636
f 2500/2500 2196/2196 2240/2240
f 2257/2257 2391/2391 2683/2683
f 2420/2420 2261/2261 2126/2126
f 2421/2421 2469/2469 2482/2482
f 2264/2264 2480/2480 2024/2024
f 2260/2260 2421/2421 2482/2482
f 2118/2118 2423/2423 2198/2198
f 2196/2196 2480/2480 2264/2264
f 2479/2479 2525/2525 2121/2121
f 2512/2512 2504/2504 2277/2277
f 2683/2683 2183/2183 2257/2257
f 2123/2123 2522/2522 2527/2527
f 2683/2683 2381/2381 2183/2183
f 1961/1961 2146/2146 2139/2139
f 2408/2408 2687/2687 2123/2123
f 2116/2116 2504/2504 2512/2512
f 2597/2597 2236/2236 2444/2444
f 2505/2505 2115/2115 2241/2241
f 2114/2114 2285/2285 2385/2385
f 2146/2146 2555/2555 2759/2759
f 2524/2524 2121/2121 2525/2525
f 2444/2444 2236/2236 2272/2272
f 2527/2527 2522/2522 2460/2460
f 2148/2148 2489/2489 1997/1997
f 1997/1997 2147/2147 2148/2148
f 2976/2976 1656/1656 2966/2966
f 2226/2226 2524/2524 2526/2526
f 2116/2116 2512/2512 2387/2387
f 2591/2591 2319/2319 2233/2233
f 2256/2256 2123/2123 2527/2527
f 2263/2263 2148/2148 2147/2147
f 2525/2525 2479/2479 2426/2426
f 2526/2526 2524/2524 2426/2426
f 2123/2123 2411/2411 2408/2408
f 2137/2137 2370/2370 2411/2411
f 2526/2526 2426/2426 2035/2035
f 2492/2492 2280/2280 2357/2357
f 2530/2530 2145/2145 2424/2424
f 2152/2152 2280/2280 2492/2492
f 2204/2204 2294/2294 2679/2679
f 2530/2530 2424/2424 2534/2534
f 2691/2691 2073/2073 2191/2191
f 2517/2517 2651/2651 2492/2492
f 2506/2506 2540/2540 2262/2262
f 2474/2474 2539/2539 2531/2531
f 2138/2138 1976/1976 2141/2141
f 2643/2643 2138/2138 2141/2141
f 2528/2528 2073/2073 2223/2223
f 2535/2535 2701/2701 2499/2499
f 2534/2534 1969/1969 2530/2530
f 1976/1976 2427/2427 2141/2141
f 2209/2209 2602/2602 2407/2407
f 2141/2141 2691/2691 2191/2191
f 2427/2427 2691/2691 2141/2141
f 2158/2158 2269/2269 2784/2784
f 2456/2456 2262/2262 2041/2041
f 2162/2162 2419/2419 2498/2498
f 2506/2506 2262/2262 2456/2456
f 2157/2157 2223/2223 2611/2611
f 2432/2432 2540/2540 2701/2701
f 2226/2226 2228/2228 2538/2538
f 2170/2170 2454/2454 2532/2532
f 2437/2437 1986/1986 2447/2447
f 2451/2451 2532/2532 2454/2454
f 2438/2438 1982/1982 1987/1987
f 2452/2452 2129/2129 2533/2533
f 2148/2148 2700/2700 2510/2510
f 2432/2432 2535/2535 2458/2458
f 1892/1892 2135/2135 2582/2582
f 2253/2253 2582/2582 2135/2135
f 2529/2529 2700/2700 2148/2148
f 2129/2129 2452/2452 2119/2119
f 2447/2447 1986/1986 2154/2154
f 2228/2228 2226/2226 2526/2526
f 2253/2253 2135/2135 2007/2007
f 2258/2258 2533/2533 2129/2129
f 2539/2539 2513/2513 2701/2701
f 2539/2539 2701/2701 2540/2540
f 2148/2148 2510/2510 2489/2489
f 2531/2531 2539/2539 2540/2540
f 2424/2424 2619/2619 2623/2623
f 2145/2145 2619/2619 2424/2424
f 2537/2537 2533/2533 2258/2258
f 2455/2455 2453/2453 2529/2529
f 2341/2341 2113/2113 2754/2754
f 2252/2252 2455/2455 2529/2529
f 2506/2506 2531/2531 2540/2540
f 2120/2120 2113/2113 2341/2341
f 2529/2529 2263/2263 2252/2252
f 2252/2252 2263/2263 2243/2243
f 2468/2468 2537/2537 2258/2258
f 2703/2703 2624/2624 2673/2673
f 1542/1542 1433/1433 2546/2546
f 2743/2743 2110/2110 2767/2767
f 2703/2703 2673/2673 2646/2646
f 2634/2634 2867/2867 2563/2563
f 2412/2412 2561/2561 2781/2781
f 1824/1824 2960/2960 2811/2811
f 2570/2570 2640/2640 2885/2885
f 2657/2657 2566/2566 2876/2876
f 2767/2767 2363/2363 3073/3073
f 2635/2635 2279/2279 2637/2637
f 2565/2565 3073/3073 2363/2363
f 2195/2195 2192/2192 2374/2374
f 2347/2347 2372/2372 2639/2639
f 2743/2743 2352/2352 2110/2110
f 2462/2462 2345/2345 2214/2214
f 2551/2551 1542/1542 2546/2546
f 3490/3490 2921/2921 3567/3567
f 2347/2347 2379/2379 2372/2372
f 2345/2345 2462/2462 2636/2636
f 2169/2169 2380/2380 2542/2542
f 2585/2585 2634/2634 2563/2563
f 1830/1830 2346/2346 2811/2811
f 2523/2523 2300/2300 2195/2195
f 2670/2670 2635/2635 2637/2637
f 2523/2523 2195/2195 2374/2374
f 2342/2342 2490/2490 2369/2369
f 2015/2015 2098/2098 2340/2340
f 2859/2859 2674/2674 2556/2556
f 2646/2646 2547/2547 2703/2703
f 2340/2340 2562/2562 2015/2015
f 2174/2174 2142/2142 2554/2554
f 2443/2443 2365/2365 2357/2357
f 2547/2547 2646/2646 2557/2557
f 2687/2687 2895/2895 2350/2350
f 2584/2584 2895/2895 2687/2687
f 2415/2415 2636/2636 2462/2462
f 2670/2670 2637/2637 2360/2360
f 2230/2230 1827/1827 2395/2395
f 2652/2652 2344/2344 2342/2342
f 2551/2551 2916/2916 1952/1952
f 2377/2377 3352/3352 1826/1826
f 2013/2013 1826/1826 3352/3352
f 2550/2550 2361/2361 2200/2200
f 2572/2572 2654/2654 2564/2564
f 2402/2402 2281/2281 2641/2641
f 2560/2560 1765/1765 2989/2989
f 2399/2399 2015/2015 2562/2562
f 2367/2367 2503/2503 2275/2275
f 1960/1960 1952/1952 2916/2916
f 2645/2645 2361/2361 2553/2553
f 2342/2342 2548/2548 2652/2652
f 2648/2648 2245/2245 2386/2386
f 1137/1137 2013/2013 2398/2398
f 2566/2566 2657/2657 2515/2515
f 2673/2673 2358/2358 2646/2646
f 2151/2151 2927/2927 2568/2568
f 2392/2392 2637/2637 2279/2279
f 2655/2655 2266/2266 2844/2844
f 2268/2268 2684/2684 2419/2419
f 3118/3118 2230/2230 2395/2395
f 2803/2803 2020/2020 2605/2605
f 2557/2557 2646/2646 2373/2373
f 2927/2927 2151/2151 3044/3044
f 2653/2653 2387/2387 2491/2491
f 2647/2647 2387/2387 2653/2653
f 3132/3132 1763/1763 2785/2785
f 2389/2389 1763/1763 3132/3132
f 2655/2655 2571/2571 2417/2417
f 2343/2343 2624/2624 2483/2483
f 2803/2803 2567/2567 2020/2020
f 2671/2671 2558/2558 2898/2898
f 2168/2168 2541/2541 2181/2181
f 2864/2864 2366/2366 2659/2659
f 2545/2545 2375/2375 2204/2204
f 2864/2864 2494/2494 2511/2511
f 2656/2656 2348/2348 2588/2588
f 2583/2583 2365/2365 2538/2538
f 2266/2266 2655/2655 2417/2417
f 2417/2417 2351/2351 2266/2266
f 2138/2138 2643/2643 2232/2232
f 2246/2246 2647/2647 2520/2520
f 2570/2570 2660/2660 2640/2640
f 2553/2553 2640/2640 2660/2660
f 2812/2812 556/556 2818/2818
f 2520/2520 2647/2647 2653/2653
f 2783/2783 2919/2919 2649/2649
f 2351/2351 2232/2232 2643/2643
f 2414/2414 2027/2027 2954/2954
f 2794/2794 2649/2649 2919/2919
f 2511/2511 2112/2112 2864/2864
f 2673/2673 2624/2624 2343/2343
f 2878/2878 2268/2268 2194/2194
f 2844/2844 2266/2266 2662/2662
f 1978/1978 2553/2553 2660/2660
f 2590/2590 3044/3044 2151/2151
f 2435/2435 2351/2351 2643/2643
f 2194/2194 2505/2505 2878/2878
f 1978/1978 2645/2645 2553/2553
f 2831/2831 2349/2349 2589/2589
f 2588/2588 2348/2348 2762/2762
f 2589/2589 2349/2349 2665/2665
f 2391/2391 2558/2558 2671/2671
f 2406/2406 2603/2603 2130/2130
f 2663/2663 2607/2607 2848/2848
f 2393/2393 2477/2477 1939/1939
f 2601/2601 2603/2603 2406/2406
f 2348/2348 2595/2595 2762/2762
f 2391/2391 2671/2671 2675/2675
f 2152/2152 2651/2651 2425/2425
f 2995/2995 2991/2991 3566/3566
f 2671/2671 2376/2376 2675/2675
f 2381/2381 2675/2675 2376/2376
f 2559/2559 2923/2923 2027/2027
f 2506/2506 2456/2456 2376/2376
f 2381/2381 2376/2376 2456/2456
f 2957/2957 2233/2233 2127/2127
f 2663/2663 2160/2160 2607/2607
f 2569/2569 2114/2114 2385/2385
f 2960/2960 1824/1824 2131/2131
f 2471/2471 2404/2404 2390/2390
f 2658/2658 2461/2461 2805/2805
f 2807/2807 2459/2459 3046/3046
f 2459/2459 2642/2642 3046/3046
f 2576/2576 2390/2390 2404/2404
f 2461/2461 2658/2658 2664/2664
f 2807/2807 2809/2809 2459/2459
f 2483/2483 2897/2897 2669/2669
f 2861/2861 2589/2589 2665/2665
f 2125/2125 1971/1971 2841/2841
f 2348/2348 2656/2656 2547/2547
f 2659/2659 2366/2366 2350/2350
f 2420/2420 2126/2126 2481/2481
f 2431/2431 2425/2425 2651/2651
f 2820/2820 2221/2221 2396/2396
f 2439/2439 2431/2431 2651/2651
f 2664/2664 2658/2658 2617/2617
f 2353/2353 2662/2662 2266/2266
f 2583/2583 2538/2538 2688/2688
f 2470/2470 2420/2420 2481/2481
f 2891/2891 2664/2664 2617/2617
f 2597/2597 2662/2662 2353/2353
f 2409/2409 2388/2388 2575/2575
f 2667/2667 2662/2662 2597/2597
f 2394/2394 2179/2179 2187/2187
f 2179/2179 2405/2405 2466/2466
f 2370/2370 2692/2692 2586/2586
f 2405/2405 2179/2179 2394/2394
f 2661/2661 2429/2429 2431/2431
f 2683/2683 2675/2675 2381/2381
f 2576/2576 2404/2404 2211/2211
f 2661/2661 2439/2439 2616/2616
f 2603/2603 3046/3046 2130/2130
f 2950/2950 2450/2450 2945/2945
f 2384/2384 2371/2371 2869/2869
f 2463/2463 2348/2348 2547/2547
f 2558/2558 2521/2521 3070/3070
f 2521/2521 2558/2558 2391/2391
f 2547/2547 2606/2606 2463/2463
f 2208/2208 2365/2365 2583/2583
f 2884/2884 2869/2869 2371/2371
f 2853/2853 1984/1984 2580/2580
f 2661/2661 2431/2431 2439/2439
f 2680/2680 2678/2678 2681/2681
f 2650/2650 3046/3046 2642/2642
f 2494/2494 2884/2884 2371/2371
f 2674/2674 2670/2670 2259/2259
f 2397/2397 2400/2400 2594/2594
f 2461/2461 2496/2496 2817/2817
f 2397/2397 2594/2594 2396/2396
f 2439/2439 2651/2651 2517/2517
f 2563/2563 2878/2878 2505/2505
f 2430/2430 2644/2644 2615/2615
f 2691/2691 2223/2223 2073/2073
f 2607/2607 2384/2384 2848/2848
f 2608/2608 2556/2556 2674/2674
f 2295/2295 2365/2365 2208/2208
f 2223/2223 2691/2691 2611/2611
f 2584/2584 2687/2687 2587/2587
f 2599/2599 1970/1970 2571/2571
f 1973/1973 1970/1970 2599/2599
f 3070/3070 2521/2521 2403/2403
f 1892/1892 2385/2385 2285/2285
f 2111/2111 2413/2413 2955/2955
f 2197/2197 2585/2585 2563/2563
f 2582/2582 2385/2385 1892/1892
f 2595/2595 2463/2463 2606/2606
f 2893/2893 2678/2678 2680/2680
f 2674/2674 2609/2609 2608/2608
f 2891/2891 2617/2617 2678/2678
f 2609/2609 2674/2674 2259/2259
f 2815/2815 2515/2515 2464/2464
f 2408/2408 2587/2587 2687/2687
f 2188/2188 2943/2943 4107/4107
f 2815/2815 2666/2666 3068/3068
f 2464/2464 2666/2666 2815/2815
f 2678/2678 2894/2894 2891/2891
f 1963/1963 2854/2854 3028/3028
f 2894/2894 2678/2678 2893/2893
f 2412/2412 2830/2830 2388/2388
f 2403/2403 2226/2226 2577/2577
f 2857/2857 2419/2419 2684/2684
f 2689/2689 3051/3051 2901/2901
f 2901/2901 2694/2694 2689/2689
f 2751/2751 2197/2197 2198/2198
f 2652/2652 2609/2609 2171/2171
f 2434/2434 2853/2853 1964/1964
f 2427/2427 1976/1976 2599/2599
f 2606/2606 2681/2681 2773/2773
f 3062/3062 1851/1851 2813/2813
f 2587/2587 2408/2408 2411/2411
f 2028/2028 2119/2119 2452/2452
f 2852/2852 2028/2028 2452/2452
f 2692/2692 2697/2697 2851/2851
f 2411/2411 2370/2370 2756/2756
f 2209/2209 2208/2208 2583/2583
f 2697/2697 2701/2701 2851/2851
f 1984/1984 2853/2853 2434/2434
f 2835/2835 2605/2605 2205/2205
f 2683/2683 2391/2391 2675/2675
f 2894/2894 2664/2664 2891/2891
f 2621/2621 2998/2998 1685/1685
f 2596/2596 2209/2209 2583/2583
f 2617/2617 2658/2658 2948/2948
f 2691/2691 2427/2427 2774/2774
f 2160/2160 2663/2663 2668/2668
f 2851/2851 2513/2513 2657/2657
f 2400/2400 2682/2682 2883/2883
f 1829/1829 1685/1685 2998/2998
f 2668/2668 2170/2170 2160/2160
f 2454/2454 2170/2170 2668/2668
f 2525/2525 2426/2426 2524/2524
f 2544/2544 2672/2672 2676/2676
f 2682/2682 2685/2685 2837/2837
f 2681/2681 2678/2678 2773/2773
f 2536/2536 2481/2481 2518/2518
f 2685/2685 2229/2229 2422/2422
f 2773/2773 2678/2678 2617/2617
f 2610/2610 2406/2406 2686/2686
f 2252/2252 1943/1943 2855/2855
f 2620/2620 2252/2252 2855/2855
f 2686/2686 2406/2406 2418/2418
f 2651/2651 2152/2152 2492/2492
f 2843/2843 1829/1829 2998/2998
f 2124/2124 2402/2402 2338/2338
f 2685/2685 2507/2507 2229/2229
f 2867/2867 2634/2634 2881/2881
f 2686/2686 2418/2418 2614/2614
f 2507/2507 2685/2685 2484/2484
f 2362/2362 2407/2407 2757/2757
f 2269/2269 2375/2375 2784/2784
f 2350/2350 2895/2895 2892/2892
f 2383/2383 2234/2234 2677/2677
f 2019/2019 2440/2440 2769/2769
f 2481/2481 2536/2536 2470/2470
f 2440/2440 2410/2410 2769/2769
f 2234/2234 2416/2416 2750/2750
f 2416/2416 2134/2134 2750/2750
f 2134/2134 2140/2140 2750/2750
f 2157/2157 2611/2611 2354/2354
f 2628/2628 2582/2582 2253/2253
f 2602/2602 2209/2209 2596/2596
f 2670/2670 2140/2140 2635/2635
f 2697/2697 2692/2692 2499/2499
f 2538/2538 2577/2577 2226/2226
f 2690/2690 2622/2622 2800/2800
f 2625/2625 2690/2690 2800/2800
f 2513/2513 2851/2851 2701/2701
f 2228/2228 2696/2696 2688/2688
f 2795/2795 2690/2690 2625/2625
f 2432/2432 2701/2701 2535/2535
f 2694/2694 2510/2510 2689/2689
f 2596/2596 2583/2583 2698/2698
f 2694/2694 2901/2901 2693/2693
f 2699/2699 2694/2694 2693/2693
f 2626/2626 2695/2695 2669/2669
f 2510/2510 2694/2694 2699/2699
f 2702/2702 2698/2698 3031/3031
f 2464/2464 2515/2515 2539/2539
f 2596/2596 2698/2698 2702/2702
f 2772/2772 2619/2619 2364/2364
f 2625/2625 2695/2695 2626/2626
f 2619/2619 2896/2896 2596/2596
f 2695/2695 2625/2625 2638/2638
f 2619/2619 2596/2596 2702/2702
f 2702/2702 2623/2623 2619/2619
f 2644/2644 2695/2695 2638/2638
f 2430/2430 2855/2855 1994/1994
f 1943/1943 1994/1994 2855/2855
f 2700/2700 2689/2689 2510/2510
f 2700/2700 2529/2529 2453/2453
f 2455/2455 2252/2252 2620/2620
f 2703/2703 2873/2873 2624/2624
f 2703/2703 2547/2547 2656/2656
f 2718/2718 2649/2649 2794/2794
f 2899/2899 3102/3102 2737/2737
f 2363/2363 2110/2110 2565/2565
f 2565/2565 2110/2110 2359/2359
f 2342/2342 2344/2344 2490/2490
f 2688/2688 2538/2538 2228/2228
f 2738/2738 2899/2899 2737/2737
f 2518/2518 2481/2481 2486/2486
f 2794/2794 3014/3014 2718/2718
f 2465/2465 2347/2347 2639/2639
f 2418/2418 2713/2713 2711/2711
f 2713/2713 2650/2650 2716/2716
f 2714/2714 2717/2717 2331/2331
f 2317/2317 2696/2696 2228/2228
f 2788/2788 2696/2696 2317/2317
f 2330/2330 2331/2331 2717/2717
f 2277/2277 2405/2405 2639/2639
f 2639/2639 2405/2405 2465/2465
f 2650/2650 2467/2467 2716/2716
f 2641/2641 2231/2231 2402/2402
f 2512/2512 2277/2277 2639/2639
f 2639/2639 2372/2372 2512/2512
f 3016/3016 2714/2714 2325/2325
f 2325/2325 2714/2714 2331/2331
f 1922/1922 2230/2230 1954/1954
f 1954/1954 2230/2230 2631/2631
f 2738/2738 2737/2737 2719/2719
f 2387/2387 2512/2512 2372/2372
f 2396/2396 2388/2388 2830/2830
f 2715/2715 2467/2467 2472/2472
f 2716/2716 2467/2467 2715/2715
f 2325/2325 2722/2722 3016/3016
f 2325/2325 2335/2335 2722/2722
f 2862/2862 2472/2472 2549/2549
f 2734/2734 2722/2722 2335/2335
f 2317/2317 2796/2796 2788/2788
f 2632/2632 2899/2899 2738/2738
f 2330/2330 2717/2717 3398/3398
f 2253/2253 2399/2399 2705/2705
f 1851/1851 3062/3062 2629/2629
f 2472/2472 2791/2791 2715/2715
f 2704/2704 2330/2330 3398/3398
f 2342/2342 2369/2369 2882/2882
f 2484/2484 2396/2396 2830/2830
f 2330/2330 2704/2704 2312/2312
f 2835/2835 2484/2484 2830/2830
f 2725/2725 2738/2738 2719/2719
f 2710/2710 2796/2796 2313/2313
f 2738/2738 2725/2725 2321/2321
f 2734/2734 2075/2075 3088/3088
f 2321/2321 2725/2725 2739/2739
f 2429/2429 2428/2428 2075/2075
f 2711/2711 2614/2614 2418/2418
f 2428/2428 3088/3088 2075/2075
f 2320/2320 2710/2710 2313/2313
f 2628/2628 2253/2253 2705/2705
f 2018/2018 2441/2441 2616/2616
f 2361/2361 2561/2561 2200/2200
f 2441/2441 2315/2315 2744/2744
f 2632/2632 2738/2738 2322/2322
f 2290/2290 2894/2894 2875/2875
f 2986/2986 2632/2632 2322/2322
f 2308/2308 2623/2623 2320/2320
f 2320/2320 2623/2623 2702/2702
f 2349/2349 2291/2291 2290/2290
f 2736/2736 2312/2312 2704/2704
f 2186/2186 2312/2312 2736/2736
f 2290/2290 2875/2875 2349/2349
f 2442/2442 2186/2186 2736/2736
f 2323/2323 2986/2986 2322/2322
f 2424/2424 2623/2623 2308/2308
f 2665/2665 2349/2349 2875/2875
f 2986/2986 2323/2323 2633/2633
f 2294/2294 2574/2574 2679/2679
f 2574/2574 2580/2580 2679/2679
f 2730/2730 2580/2580 1984/1984
f 2679/2679 2580/2580 2730/2730
f 2324/2324 2321/2321 2739/2739
f 2324/2324 2739/2739 2735/2735
f 2323/2323 2879/2879 2633/2633
f 2730/2730 1984/1984 2731/2731
f 2707/2707 2741/2741 2871/2871
f 2708/2708 2740/2740 2706/2706
f 2741/2741 2709/2709 2712/2712
f 3030/3030 2741/2741 2712/2712
f 2871/2871 2741/2741 3030/3030
f 2731/2731 2158/2158 2782/2782
f 2782/2782 2158/2158 2784/2784
f 2314/2314 2909/2909 2315/2315
f 2315/2315 2909/2909 2744/2744
f 2314/2314 2627/2627 2909/2909
f 2455/2455 2700/2700 2453/2453
f 2849/2849 2776/2776 2544/2544
f 2863/2863 2849/2849 2544/2544
f 2744/2744 2909/2909 3281/3281
f 2746/2746 2496/2496 2578/2578
f 2743/2743 2767/2767 2903/2903
f 2917/2917 2829/2829 2882/2882
f 3146/3146 2908/2908 2564/2564
f 2848/2848 2845/2845 2663/2663
f 2751/2751 2585/2585 2197/2197
f 2954/2954 2027/2027 2923/2923
f 2759/2759 2555/2555 3028/3028
f 2555/2555 1963/1963 3028/3028
f 2627/2627 2748/2748 2909/2909
f 2851/2851 3018/3018 2586/2586
f 2748/2748 2627/2627 2120/2120
f 2801/2801 2498/2498 2758/2758
f 2569/2569 2340/2340 2180/2180
f 2146/2146 2917/2917 2139/2139
f 2915/2915 2849/2849 2863/2863
f 2558/2558 2823/2823 2898/2898
f 2748/2748 2341/2341 2754/2754
f 2588/2588 2915/2915 2863/2863
f 2341/2341 2748/2748 2120/2120
f 3175/3175 2382/2382 2742/2742
f 2770/2770 2893/2893 3027/3027
f 2631/2631 2230/2230 3118/3118
f 2146/2146 2759/2759 2917/2917
f 2498/2498 2419/2419 2758/2758
f 2968/2968 3060/3060 2827/2827
f 2826/2826 2827/2827 3060/3060
f 2890/2890 2746/2746 2578/2578
f 2712/2712 2850/2850 3238/3238
f 2764/2764 1960/1960 2916/2916
f 2857/2857 2802/2802 2758/2758
f 2448/2448 2354/2354 2847/2847
f 2850/2850 2760/2760 3238/3238
f 2544/2544 2676/2676 2874/2874
f 2599/2599 2571/2571 3159/3159
f 2611/2611 2691/2691 2774/2774
f 2423/2423 2751/2751 2198/2198
f 2851/2851 2657/2657 2876/2876
f 2767/2767 2761/2761 2846/2846
f 2631/2631 3133/3133 2401/2401
f 2873/2873 2544/2544 2874/2874
f 2863/2863 2544/2544 2873/2873
f 2823/2823 2558/2558 2907/2907
f 2761/2761 2767/2767 3073/3073
f 2869/2869 2598/2598 2384/2384
f 2847/2847 2611/2611 2774/2774
f 2857/2857 2758/2758 2419/2419
f 2569/2569 2385/2385 2763/2763
f 2548/2548 3039/3039 2652/2652
f 3101/3101 2778/2778 2850/2850
f 2940/2940 2945/2945 2446/2446
f 2760/2760 2850/2850 2778/2778
f 2753/2753 2746/2746 2890/2890
f 2780/2780 2938/2938 2942/2942
f 2611/2611 2847/2847 2354/2354
f 2863/2863 2873/2873 2656/2656
f 2795/2795 2626/2626 2793/2793
f 2600/2600 2750/2750 2140/2140
f 2934/2934 2938/2938 2780/2780
f 2632/2632 3252/3252 2899/2899
f 2884/2884 2494/2494 3156/3156
f 2768/2768 2672/2672 2776/2776
f 2592/2592 2389/2389 3132/3132
f 2401/2401 3133/3133 2131/2131
f 2950/2950 2967/2967 2450/2450
f 2684/2684 2868/2868 2857/2857
f 2562/2562 2705/2705 2399/2399
f 2856/2856 2771/2771 2982/2982
f 2855/2855 2455/2455 2620/2620
f 2780/2780 2598/2598 2934/2934
f 3070/3070 2907/2907 2558/2558
f 3041/3041 2859/2859 3027/3027
f 3040/3040 2860/2860 2929/2929
f 2867/2867 2857/2857 2868/2868
f 2864/2864 3156/3156 2494/2494
f 2549/2549 2809/2809 2862/2862
f 2756/2756 2587/2587 2411/2411
f 2860/2860 2939/2939 2929/2929
f 2703/2703 2656/2656 2873/2873
f 2858/2858 3067/3067 3267/3267
f 3069/3069 3049/3049 3043/3043
f 2593/2593 2777/2777 3720/3720
f 2939/2939 2860/2860 2787/2787
f 2856/2856 3210/3210 2872/2872
f 2589/2589 2861/2861 2885/2885
f 2660/2660 2581/2581 2573/2573
f 2811/2811 2960/2960 3524/3524
f 2958/2958 3044/3044 2590/2590
f 2591/2591 2233/2233 2957/2957
f 2781/2781 2561/2561 2390/2390
f 2866/2866 3188/3188 2865/2865
f 2887/2887 3050/3050 2902/2902
f 2819/2819 3027/3027 2859/2859
f 2173/2173 2436/2436 2395/2395
f 2597/2597 2852/2852 2667/2667
f 3025/3025 2747/2747 2755/2755
f 2582/2582 2628/2628 2763/2763
f 2592/2592 3713/3713 2185/2185
f 2454/2454 2668/2668 2451/2451
f 2672/2672 3287/3287 2676/2676
f 2268/2268 2868/2868 2684/2684
f 2588/2588 2863/2863 2656/2656
f 2596/2596 2896/2896 2602/2602
f 3068/3068 3067/3067 2858/2858
f 2601/2601 2610/2610 2911/2911
f 2582/2582 2763/2763 2385/2385
f 2597/2597 2444/2444 2852/2852
f 2610/2610 2601/2601 2406/2406
f 2797/2797 2971/2971 2862/2862
f 2602/2602 2757/2757 2407/2407
f 2390/2390 2576/2576 2781/2781
f 2676/2676 3287/3287 2792/2792
f 2472/2472 2862/2862 2971/2971
f 2874/2874 2624/2624 2873/2873
f 2577/2577 2365/2365 2443/2443
f 2791/2791 2472/2472 2971/2971
f 2762/2762 2595/2595 2931/2931
f 2793/2793 2626/2626 2669/2669
f 3069/3069 2994/2994 3023/3023
f 1433/1433 2777/2777 2593/2593
f 3025/3025 3052/3052 2876/2876
f 2775/2775 2140/2140 2670/2670
f 2595/2595 2606/2606 2931/2931
f 2887/2887 3025/3025 2876/2876
f 2576/2576 2786/2786 2781/2781
f 2546/2546 1433/1433 2593/2593
f 2784/2784 2375/2375 2932/2932
f 1830/1830 2811/2811 3326/3326
f 3049/3049 3069/3069 2586/2586
f 2931/2931 2606/2606 2766/2766
f 2553/2553 2589/2589 2885/2885
f 2819/2819 2859/2859 2556/2556
f 2742/2742 1830/1830 3326/3326
f 2972/2972 2498/2498 2801/2801
f 2852/2852 2452/2452 2667/2667
f 2577/2577 2538/2538 2365/2365
f 2934/2934 2869/2869 2797/2797
f 2779/2779 2881/2881 2634/2634
f 2544/2544 2776/2776 2672/2672
f 2586/2586 3069/3069 3023/3023
f 2606/2606 2773/2773 2766/2766
f 2866/2866 2865/2865 2980/2980
f 2586/2586 3018/3018 3049/3049
f 3103/3103 2630/2630 2933/2933
f 2880/2880 2866/2866 2980/2980
f 2779/2779 2634/2634 3063/3063
f 2896/2896 2772/2772 2602/2602
f 2398/2398 2013/2013 3352/3352
f 2865/2865 3058/3058 2980/2980
f 2802/2802 2857/2857 2981/2981
f 2598/2598 2869/2869 2934/2934
f 2547/2547 2889/2889 2606/2606
f 2948/2948 2658/2658 2805/2805
f 2876/2876 2566/2566 2887/2887
f 2786/2786 2567/2567 2803/2803
f 2866/2866 2880/2880 2804/2804
f 2773/2773 2617/2617 2948/2948
f 2553/2553 2885/2885 2640/2640
f 2864/2864 2350/2350 2872/2872
f 2980/2980 2883/2883 2880/2880
f 2857/2857 2867/2867 2981/2981
f 3050/3050 2887/2887 2566/2566
f 2676/2676 2792/2792 2874/2874
f 2563/2563 2867/2867 2868/2868
f 2797/2797 2869/2869 2884/2884
f 2889/2889 2547/2547 2557/2557
f 3063/3063 2634/2634 2585/2585
f 2980/2980 2400/2400 2883/2883
f 2633/2633 2879/2879 3054/3054
f 2806/2806 2564/2564 2979/2979
f 2806/2806 3146/3146 2564/2564
f 2669/2669 2897/2897 2793/2793
f 2771/2771 2856/2856 2892/2892
f 3053/3053 2622/2622 2925/2925
f 2892/2892 2856/2856 2872/2872
f 2804/2804 2880/2880 3064/3064
f 3064/3064 2880/2880 2883/2883
f 2564/2564 2908/2908 2572/2572
f 2622/2622 3053/3053 2888/2888
f 2563/2563 2868/2868 2878/2878
f 3023/3023 2756/2756 2586/2586
f 2979/2979 2564/2564 2654/2654
f 2979/2979 2654/2654 2845/2845
f 2808/2808 2883/2883 2837/2837
f 2665/2665 2875/2875 2822/2822
f 2583/2583 2688/2688 2886/2886
f 2576/2576 2211/2211 2786/2786
f 2810/2810 2629/2629 3062/3062
f 2756/2756 2370/2370 2586/2586
f 2550/2550 2842/2842 2589/2589
f 2422/2422 2629/2629 2810/2810
f 2800/2800 2622/2622 2888/2888
f 2384/2384 3065/3065 2848/2848
f 2868/2868 2268/2268 2878/2878
f 2624/2624 2792/2792 2897/2897
f 2805/2805 2461/2461 2817/2817
f 2586/2586 2692/2692 2851/2851
f 3022/3022 2548/2548 2342/2342
f 2624/2624 2874/2874 2792/2792
f 2898/2898 3068/3068 2666/2666
f 2823/2823 3068/3068 2898/2898
f 2893/2893 2770/2770 2894/2894
f 2626/2626 2795/2795 2625/2625
f 2624/2624 2897/2897 2483/2483
f 2550/2550 2589/2589 2553/2553
f 2800/2800 2888/2888 3053/3053
f 2892/2892 2872/2872 2350/2350
f 2746/2746 2817/2817 2496/2496
f 2606/2606 2889/2889 2681/2681
f 2822/2822 2819/2819 2556/2556
f 2886/2886 2688/2688 2696/2696
f 2410/2410 2111/2111 2955/2955
f 2681/2681 2889/2889 2680/2680
f 2822/2822 2861/2861 2665/2665
f 2556/2556 2608/2608 2822/2822
f 3030/3030 2990/2990 2871/2871
f 2638/2638 2625/2625 3037/3037
f 2550/2550 2553/2553 2361/2361
f 2890/2890 2578/2578 2831/2831
f 2599/2599 2839/2839 2427/2427
f 3020/3020 3039/3039 2570/2570
f 3020/3020 2570/2570 2885/2885
f 2886/2886 2698/2698 2583/2583
f 3256/3256 2901/2901 3051/3051
f 2893/2893 2680/2680 2798/2798
f 2864/2864 2659/2659 2350/2350
f 2890/2890 2831/2831 2828/2828
f 2831/2831 2578/2578 2349/2349
f 3039/3039 3047/3047 2570/2570
f 2660/2660 2570/2570 3047/3047
f 3231/3231 2373/2373 2677/2677
f 2700/2700 3051/3051 2689/2689
f 2221/2221 2799/2799 2575/2575
f 2831/2831 2900/2900 2836/2836
f 3056/3056 2423/2423 2693/2693
f 2799/2799 2765/2765 2575/2575
f 2765/2765 2838/2838 2409/2409
f 2901/2901 3056/3056 2693/2693
f 2820/2820 2799/2799 2221/2221
f 2798/2798 3027/3027 2893/2893
f 2772/2772 2896/2896 2619/2619
f 2900/2900 2831/2831 2589/2589
f 2409/2409 2575/2575 2765/2765
f 2935/2935 2899/2899 2816/2816
f 2900/2900 2589/2589 2842/2842
f 2615/2615 2644/2644 2638/2638
f 2900/2900 2838/2838 2836/2836
f 2838/2838 2900/2900 2840/2840
f 2615/2615 2638/2638 2700/2700
f 2838/2838 2457/2457 2409/2409
f 2832/2832 2830/2830 2412/2412
f 2832/2832 2412/2412 2781/2781
f 2430/2430 2615/2615 2855/2855
f 2840/2840 2900/2900 2842/2842
f 2455/2455 2615/2615 2700/2700
f 2855/2855 2615/2615 2455/2455
f 2803/2803 2605/2605 2835/2835
f 2842/2842 2457/2457 2838/2838
f 2550/2550 2457/2457 2842/2842
f 2775/2775 2670/2670 3041/3041
f 2837/2837 2883/2883 2682/2682
f 2670/2670 2859/2859 3041/3041
f 2670/2670 2674/2674 2859/2859
f 2422/2422 2808/2808 2837/2837
f 2422/2422 2837/2837 2685/2685
f 2814/2814 2612/2612 2961/2961
f 3240/3240 3042/3042 2904/2904
f 3022/3022 2342/2342 2829/2829
f 2851/2851 2876/2876 3018/3018
f 2427/2427 3174/3174 2774/2774
f 2924/2924 4442/4442 2956/2956
f 3052/3052 3018/3018 2876/2876
f 2903/2903 2745/2745 2743/2743
f 2864/2864 3157/3157 3156/3156
f 2916/2916 2551/2551 3562/3562
f 2752/2752 3039/3039 3020/3020
f 2569/2569 2562/2562 2340/2340
f 3238/3238 3019/3019 2712/2712
f 3161/3161 2767/2767 3316/3316
f 2767/2767 2846/2846 3316/3316
f 2915/2915 3249/3249 2849/2849
f 2748/2748 2754/2754 2946/2946
f 2801/2801 2758/2758 3419/3419
f 2761/2761 2944/2944 2846/2846
f 2914/2914 2968/2968 3264/3264
f 2763/2763 2628/2628 2569/2569
f 3227/3227 2746/2746 2753/2753
f 2927/2927 2748/2748 2946/2946
f 2903/2903 2767/2767 3161/3161
f 3227/3227 2753/2753 2922/2922
f 2908/2908 3160/3160 2572/2572
f 3056/3056 2751/2751 2423/2423
f 3229/3229 3103/3103 2933/2933
f 3284/3284 2928/2928 3045/3045
f 3028/3028 2917/2917 2759/2759
f 2902/2902 3154/3154 3025/3025
f 3073/3073 3024/3024 2761/2761
f 3284/3284 3045/3045 3286/3286
f 2902/2902 3025/3025 2887/2887
f 2448/2448 2847/2847 3169/3169
f 2968/2968 2914/2914 3266/3266
f 2772/2772 2757/2757 2602/2602
f 2940/2940 2446/2446 2937/2937
f 2779/2779 3244/3244 2881/2881
f 2881/2881 3244/3244 2981/2981
f 3021/3021 2584/2584 2587/2587
f 3042/3042 2747/2747 3026/3026
f 2922/2922 2753/2753 2890/2890
f 3033/3033 2933/2933 2630/2630
f 2922/2922 2890/2890 2828/2828
f 2922/2922 2833/2833 3055/3055
f 3076/3076 3033/3033 2630/2630
f 3025/3025 2755/2755 3052/3052
f 2588/2588 2762/2762 2931/2931
f 2885/2885 3243/3243 3020/3020
f 2696/2696 2788/2788 2886/2886
f 3175/3175 3846/3846 2382/2382
f 2775/2775 2600/2600 2140/2140
f 2448/2448 3169/3169 3339/3339
f 2592/2592 3132/3132 4319/4319
f 3021/3021 2756/2756 3023/3023
f 2754/2754 2757/2757 2946/2946
f 2131/2131 3133/3133 2960/2960
f 3039/3039 2548/2548 3022/3022
f 3136/3136 2960/2960 3133/3133
f 2779/2779 3272/3272 3244/3244
f 2437/2437 2447/2447 3340/3340
f 3048/3048 3451/3451 2963/2963
f 3047/3047 3039/3039 3022/3022
f 3451/3451 3048/3048 2949/2949
f 3264/3264 2968/2968 2827/2827
f 2803/2803 2832/2832 2781/2781
f 3351/3351 3197/3197 2768/2768
f 2680/2680 2889/2889 3233/3233
f 2875/2875 2770/2770 3027/3027
f 2765/2765 3055/3055 2833/2833
f 3402/3402 3264/3264 2827/2827
f 2783/2783 2649/2649 3147/3147
f 2781/2781 2786/2786 2803/2803
f 3147/3147 2906/2906 2783/2783
f 3474/3474 3032/3032 3029/3029
f 2592/2592 4319/4319 3713/3713
f 2919/2919 2783/2783 2906/2906
f 2881/2881 2981/2981 2867/2867
f 2766/2766 2773/2773 3155/3155
f 2436/2436 3341/3341 2395/2395
f 2776/2776 3351/3351 2768/2768
f 3233/3233 2798/2798 2680/2680
f 2942/2942 3065/3065 2780/2780
f 3351/3351 2776/2776 3226/3226
f 2796/2796 2698/2698 2886/2886
f 3047/3047 3022/3022 2854/2854
f 2854/2854 2581/2581 3047/3047
f 2756/2756 3021/3021 2587/2587
f 3178/3178 3032/3032 3474/3474
f 2660/2660 3047/3047 2581/2581
f 2946/2946 2568/2568 2927/2927
f 2796/2796 3031/3031 2698/2698
f 2973/2973 2975/2975 2967/2967
f 3065/3065 2598/2598 2780/2780
f 2773/2773 2948/2948 3155/3155
f 2382/2382 3196/3196 2203/2203
f 2672/2672 2768/2768 3287/3287
f 2946/2946 2757/2757 2772/2772
f 2939/2939 2787/2787 3151/3151
f 3201/3201 2794/2794 2919/2919
f 2364/2364 2946/2946 2772/2772
f 3199/3199 3079/3079 3035/3035
f 2568/2568 2946/2946 2364/2364
f 3272/3272 2779/2779 3278/3278
f 3196/3196 3720/3720 2203/2203
f 3231/3231 2557/2557 2373/2373
f 3035/3035 3385/3385 3199/3199
f 2854/2854 3022/3022 3028/3028
f 2777/2777 2203/2203 3720/3720
f 3188/3188 3182/3182 2865/2865
f 3042/3042 2755/2755 2747/2747
f 2805/2805 2952/2952 3218/3218
f 3420/3420 3275/3275 3261/3261
f 3539/3539 3188/3188 2866/2866
f 2622/2622 2953/2953 2925/2925
f 2755/2755 3042/3042 3270/3270
f 3034/3034 3038/3038 2862/2862
f 3278/3278 2779/2779 3053/3053
f 2959/2959 3286/3286 3045/3045
f 3539/3539 2866/2866 2965/2965
f 2866/2866 2804/2804 2965/2965
f 3287/3287 3274/3274 2795/2795
f 2925/2925 3278/3278 3053/3053
f 2934/2934 2797/2797 3038/3038
f 2932/2932 2782/2782 2784/2784
f 3154/3154 2747/2747 3025/3025
f 2805/2805 2817/2817 2952/2952
f 2862/2862 3038/3038 2797/2797
f 3043/3043 3049/3049 3270/3270
f 2375/2375 2545/2545 2932/2932
f 2953/2953 2622/2622 2690/2690
f 3287/3287 2795/2795 2793/2793
f 2815/2815 3050/3050 2566/2566
f 3865/3865 2818/2818 1671/1671
f 2815/2815 2566/2566 2515/2515
f 3234/3234 2974/2974 3182/3182
f 3231/3231 2677/2677 2750/2750
f 3252/3252 2816/2816 2899/2899
f 2972/2972 2959/2959 2128/2128
f 2779/2779 3063/3063 3053/3053
f 2983/2983 2601/2601 3327/3327
f 3057/3057 3053/3053 3063/3063
f 4107/4107 3373/3373 2188/2188
f 3182/3182 2974/2974 2865/2865
f 2793/2793 2897/2897 2792/2792
f 2603/2603 2983/2983 3310/3310
f 3373/3373 2033/2033 2188/2188
f 2603/2603 2601/2601 2983/2983
f 2801/2801 3437/3437 2972/2972
f 3287/3287 2793/2793 2792/2792
f 2234/2234 2750/2750 2677/2677
f 2865/2865 2974/2974 3058/3058
f 2971/2971 2797/2797 2884/2884
f 2986/2986 3252/3252 2632/2632
f 3222/3222 2033/2033 3373/3373
f 3334/3334 2807/2807 2984/2984
f 3046/3046 2603/2603 2984/2984
f 2755/2755 3049/3049 3052/3052
f 2807/2807 3046/3046 2984/2984
f 3055/3055 2974/2974 3234/3234
f 2974/2974 3055/3055 2799/2799
f 1671/1671 2618/2618 3865/3865
f 2809/2809 2807/2807 3334/3334
f 2955/2955 2769/2769 2410/2410
f 2760/2760 2778/2778 3109/3109
f 2875/2875 3027/3027 2819/2819
f 1766/1766 2834/2834 4636/4636
f 2799/2799 3055/3055 2765/2765
f 3052/3052 3049/3049 3018/3018
f 2633/2633 3294/3294 2986/2986
f 3156/3156 2971/2971 2884/2884
f 3256/3256 3051/3051 3253/3253
f 3152/3152 2802/2802 2977/2977
f 3152/3152 3419/3419 2758/2758
f 2849/2849 3226/3226 2776/2776
f 2800/2800 3053/3053 3057/3057
f 2802/2802 3152/3152 2758/2758
f 3867/3867 2987/2987 2199/2199
f 2820/2820 2974/2974 2799/2799
f 3058/3058 2974/2974 2820/2820
f 3722/3722 2821/2821 2398/2398
f 2800/2800 3057/3057 3051/3051
f 2875/2875 2819/2819 2822/2822
f 2981/2981 2977/2977 2802/2802
f 2980/2980 3058/3058 2820/2820
f 2800/2800 3037/3037 2625/2625
f 3233/3233 3027/3027 2798/2798
f 3037/3037 2800/2800 3051/3051
f 3162/3162 2839/2839 2599/2599
f 3294/3294 2633/2633 3230/3230
f 3257/3257 2804/2804 3064/3064
f 2858/2858 3193/3193 2988/2988
f 2633/2633 3054/3054 3230/3230
f 3064/3064 2883/2883 2808/2808
f 3065/3065 2384/2384 2598/2598
f 2427/2427 2839/2839 3174/3174
f 2982/2982 2964/2964 2856/2856
f 2600/2600 2775/2775 3041/3041
f 3065/3065 2979/2979 2845/2845
f 3065/3065 2845/2845 2848/2848
f 2771/2771 2892/2892 3066/3066
f 2808/2808 2422/2422 2810/2810
f 2990/2990 3030/3030 3664/3664
f 2875/2875 2894/2894 2770/2770
f 3056/3056 2901/2901 3256/3256
f 2820/2820 2594/2594 2980/2980
f 3050/3050 2988/2988 3366/3366
f 3050/3050 2858/2858 2988/2988
f 2594/2594 2400/2400 2980/2980
f 2827/2827 2826/2826 3402/3402
f 2700/2700 3037/3037 3051/3051
f 2858/2858 3050/3050 2815/2815
f 3068/3068 2858/2858 2815/2815
f 2858/2858 3267/3267 3193/3193
f 2594/2594 2820/2820 2396/2396
f 3228/3228 2833/2833 2922/2922
f 2700/2700 2638/2638 3037/3037
f 2830/2830 2832/2832 2835/2835
f 3134/3134 3030/3030 3405/3405
f 2833/2833 3228/3228 3059/3059
f 2872/2872 3157/3157 2864/2864
f 2765/2765 2833/2833 3059/3059
f 3060/3060 2993/2993 2826/2826
f 3030/3030 2877/2877 3405/3405
f 2835/2835 2832/2832 2803/2803
f 2828/2828 2831/2831 2836/2836
f 3066/3066 2892/2892 2895/2895
f 2992/2992 3067/3067 3068/3068
f 3277/3277 2941/2941 3263/3263
f 2963/2963 2941/2941 3277/3277
f 2613/2613 2019/2019 2962/2962
f 2765/2765 3059/3059 2838/2838
f 3260/3260 3060/3060 3258/3258
f 3684/3684 4445/4445 1763/1763
f 2836/2836 2838/2838 3059/3059
f 3260/3260 2993/2993 3060/3060
f 2997/2997 3276/3276 3271/3271
f 3244/3244 3272/3272 3271/3271
f 2840/2840 2842/2842 2838/2838
f 3066/3066 2895/2895 2985/2985
f 3068/3068 2823/2823 3299/3299
f 3243/3243 2861/2861 2822/2822
f 2985/2985 2895/2895 3117/3117
f 2978/2978 2822/2822 2608/2608
f 2608/2608 2609/2609 2978/2978
f 3117/3117 2895/2895 2584/2584
f 3299/3299 2823/2823 2907/2907
f 2978/2978 2609/2609 2652/2652
f 2652/2652 2752/2752 2978/2978
f 3070/3070 3300/3300 2907/2907
f 2443/2443 3017/3017 2577/2577
f 2996/2996 3300/3300 3070/3070
f 3070/3070 2403/2403 2996/2996
f 3021/3021 3117/3117 2584/2584
f 3023/3023 2994/2994 3117/3117
f 2403/2403 2577/2577 2996/2996
f 3117/3117 3021/3021 3023/3023
f 3029/3029 3032/3032 3072/3072
f 2951/2951 3032/3032 3178/3178
f 3014/3014 2794/2794 3201/3201
f 3102/3102 2899/2899 2935/2935
f 2649/2649 2718/2718 3147/3147
f 2796/2796 2886/2886 2788/2788
f 3039/3039 2752/2752 2652/2652
f 3013/3013 3147/3147 2718/2718
f 3098/3098 2704/2704 3071/3071
f 2951/2951 3072/3072 3032/3032
f 2745/2745 2352/2352 2743/2743
f 2862/2862 2809/2809 3139/3139
f 2726/2726 3077/3077 3248/3248
f 3170/3170 2359/2359 2745/2745
f 3005/3005 3099/3099 2715/2715
f 2352/2352 2745/2745 2359/2359
f 2829/2829 2342/2342 2882/2882
f 3100/3100 3099/3099 3005/3005
f 3223/3223 2706/2706 3219/3219
f 2569/2569 2705/2705 2562/2562
f 2716/2716 2711/2711 2713/2713
f 3386/3386 3394/3394 2719/2719
f 3036/3036 3080/3080 3081/3081
f 2711/2711 2716/2716 3099/3099
f 2726/2726 3104/3104 2723/2723
f 2715/2715 3099/3099 2716/2716
f 2715/2715 2791/2791 3005/3005
f 3036/3036 3081/3081 3082/3082
f 3083/3083 3467/3467 3035/3035
f 2708/2708 2706/2706 3223/3223
f 3198/3198 3005/3005 2791/2791
f 3014/3014 3335/3335 3013/3013
f 3101/3101 2712/2712 2709/2709
f 3011/3011 2719/2719 3394/3394
f 2718/2718 3014/3014 3013/3013
f 3220/3220 3106/3106 2708/2708
f 2709/2709 3105/3105 3101/3101
f 2565/2565 2359/2359 3170/3170
f 2710/2710 3031/3031 2796/2796
f 2719/2719 3011/3011 2725/2725
f 3073/3073 2565/2565 3170/3170
f 3104/3104 3248/3248 3012/3012
f 2726/2726 3248/3248 3104/3104
f 2714/2714 3015/3015 2717/2717
f 3084/3084 3015/3015 2714/2714
f 3107/3107 3012/3012 3477/3477
f 2320/2320 3031/3031 2710/2710
f 2982/2982 2771/2771 3263/3263
f 2320/2320 2702/2702 3031/3031
f 2885/2885 2861/2861 3243/3243
f 3104/3104 3012/3012 3107/3107
f 3398/3398 2717/2717 3507/3507
f 3084/3084 2714/2714 3016/3016
f 2569/2569 2628/2628 2705/2705
f 3163/3163 2723/2723 3104/3104
f 2712/2712 3101/3101 2850/2850
f 3092/3092 2935/2935 3089/3089
f 3104/3104 3108/3108 3163/3163
f 3167/3167 3089/3089 2935/2935
f 2917/2917 2882/2882 2139/2139
f 3108/3108 3104/3104 3107/3107
f 2725/2725 3011/3011 2739/2739
f 2739/2739 3011/3011 3002/3002
f 3101/3101 3105/3105 2778/2778
f 2860/2860 3040/3040 3087/3087
f 3129/3129 2911/2911 2610/2610
f 2204/2204 2679/2679 3003/3003
f 2999/2999 2739/2739 3002/3002
f 3129/3129 2610/2610 2920/2920
f 2920/2920 2610/2610 2686/2686
f 2787/2787 2860/2860 3087/3087
f 3105/3105 3109/3109 2778/2778
f 3074/3074 2686/2686 2614/2614
f 3295/3295 2760/2760 3242/3242
f 3242/3242 2760/2760 3109/3109
f 3074/3074 2920/2920 2686/2686
f 3009/3009 2679/2679 2730/2730
f 3016/3016 2722/2722 3296/3296
f 2731/2731 3009/3009 2730/2730
f 2935/2935 3092/3092 3102/3102
f 3003/3003 2679/2679 3009/3009
f 3009/3009 3232/3232 3003/3003
f 3110/3110 3296/3296 2722/2722
f 2739/2739 2999/2999 2735/2735
f 3088/3088 2722/2722 2734/2734
f 3090/3090 3110/3110 2722/2722
f 3062/3062 3491/3491 3207/3207
f 2324/2324 2735/2735 2879/2879
f 3242/3242 3109/3109 3091/3091
f 3090/3090 2722/2722 3086/3086
f 2719/2719 3102/3102 3386/3386
f 3088/3088 3086/3086 2722/2722
f 3054/3054 2879/2879 2735/2735
f 3103/3103 3074/3074 2614/2614
f 2711/2711 3103/3103 2614/2614
f 3074/3074 3103/3103 3229/3229
f 3102/3102 2719/2719 2737/2737
f 2731/2731 2782/2782 3009/3009
f 3095/3095 2704/2704 3398/3398
f 3100/3100 2711/2711 3099/3099
f 3006/3006 2723/2723 3163/3163
f 2630/2630 3103/3103 2711/2711
f 3095/3095 3071/3071 2704/2704
f 2782/2782 2932/2932 3009/3009
f 3100/3100 3005/3005 2630/2630
f 2711/2711 3100/3100 2630/2630
f 2630/2630 3005/3005 3075/3075
f 2630/2630 3075/3075 3076/3076
f 3003/3003 2545/2545 2204/2204
f 3088/3088 2428/2428 3225/3225
f 2706/2706 3000/3000 3219/3219
f 2870/2870 3000/3000 2706/2706
f 3102/3102 3092/3092 3485/3485
f 2428/2428 2429/2429 3304/3304
f 2661/2661 2616/2616 2429/2429
f 2877/2877 3030/3030 2712/2712
f 3019/3019 3008/3008 2712/2712
f 2712/2712 3008/3008 2877/2877
f 2616/2616 2441/2441 3010/3010
f 2754/2754 2362/2362 2757/2757
f 3405/3405 2877/2877 3008/3008
f 2441/2441 2744/2744 3010/3010
f 2736/2736 2704/2704 3098/3098
f 3206/3206 2736/2736 3098/3098
f 2736/2736 3206/3206 2442/2442
f 3017/3017 2442/2442 3206/3206
f 2442/2442 3017/3017 2443/2443
f 2557/2557 3231/3231 2889/2889
f 3281/3281 3140/3140 2744/2744
f 2999/2999 3002/3002 3111/3111
f 3304/3304 2429/2429 3135/3135
f 3124/3124 3295/3295 3236/3236
f 3276/3276 3190/3190 3271/3271
f 3408/3408 3399/3399 3254/3254
f 3146/3146 2979/2979 3131/3131
f 3123/3123 3429/3429 3125/3125
f 2631/2631 3118/3118 3866/3866
f 4121/4121 3567/3567 2843/2843
f 3128/3128 2983/2983 3327/3327
f 3120/3120 2918/2918 3564/3564
f 3192/3192 3131/3131 2942/2942
f 3133/3133 2631/2631 3791/3791
f 3740/3740 3112/3112 2944/2944
f 2984/2984 2603/2603 3310/3310
f 2746/2746 3227/3227 3401/3401
f 2975/2975 4222/4222 1957/1957
f 2429/2429 2616/2616 3135/3135
f 4222/4222 2554/2554 1957/1957
f 2551/2551 2546/2546 3562/3562
f 3226/3226 2849/2849 3122/3122
f 3128/3128 3310/3310 2983/2983
f 3129/3129 2920/2920 2933/2933
f 2905/2905 3564/3564 2918/2918
f 3130/3130 3224/3224 3004/3004
f 3229/3229 2933/2933 2920/2920
f 3316/3316 2846/2846 3112/3112
f 3268/3268 2981/2981 3271/3271
f 3116/3116 3399/3399 3330/3330
f 2545/2545 3003/3003 3232/3232
f 2938/2938 3425/3425 2942/2942
f 2944/2944 3112/3112 2846/2846
f 3254/3254 3245/3245 3408/3408
f 2903/2903 3161/3161 2745/2745
f 3233/3233 2889/2889 3231/3231
f 3174/3174 2839/2839 3536/3536
f 2932/2932 2545/2545 3232/3232
f 2926/2926 2921/2921 3490/3490
f 3442/3442 3288/3288 3054/3054
f 3234/3234 3227/3227 2922/2922
f 2922/2922 3055/3055 3234/3234
f 3448/3448 3411/3411 3237/3237
f 3297/3297 3122/3122 2849/2849
f 3244/3244 3271/3271 2981/2981
f 3057/3057 3253/3253 3051/3051
f 3245/3245 3254/3254 3421/3421
f 3295/3295 3165/3165 3236/3236
f 3437/3437 2959/2959 2972/2972
f 3409/3409 3402/3402 2826/2826
f 3165/3165 3295/3295 3242/3242
f 2929/2929 2939/2939 3489/3489
f 2774/2774 3174/3174 3169/3169
f 3334/3334 3139/3139 2809/2809
f 2929/2929 3303/3303 3040/3040
f 3505/3505 3489/3489 2939/2939
f 3065/3065 2942/2942 3131/3131
f 2997/2997 3262/3262 3276/3276
f 3028/3028 3022/3022 2829/2829
f 2994/2994 3235/3235 3117/3117
f 3165/3165 3150/3150 3236/3236
f 3028/3028 2829/2829 2917/2917
f 2922/2922 2828/2828 3228/3228
f 3253/3253 3057/3057 3063/3063
f 2774/2774 3169/3169 2847/2847
f 2939/2939 3151/3151 3505/3505
f 3164/3164 3185/3185 3158/3158
f 3409/3409 2826/2826 2993/2993
f 3140/3140 3010/3010 2744/2744
f 3154/3154 3421/3421 2747/2747
f 2019/2019 2769/2769 4220/4220
f 3326/3326 2811/2811 3524/3524
f 3249/3249 3297/3297 2849/2849
f 2908/2908 3146/3146 3148/3148
f 3175/3175 2742/2742 3326/3326
f 2932/2932 3232/3232 3009/3009
f 3160/3160 2908/2908 3148/3148
f 3145/3145 3236/3236 3150/3150
f 3846/3846 3547/3547 2382/2382
f 2971/2971 3149/3149 2791/2791
f 3019/3019 3238/3238 3337/3337
f 3338/3338 3185/3185 3182/3182
f 3115/3115 3249/3249 3265/3265
f 3118/3118 2395/2395 3980/3980
f 3424/3424 3153/3153 3496/3496
f 3165/3165 3242/3242 3166/3166
f 3201/3201 3119/3119 3172/3172
f 2977/2977 3288/3288 3152/3152
f 2769/2769 2955/2955 4220/4220
f 3270/3270 3240/3240 3069/3069
f 3245/3245 3154/3154 2902/2902
f 3262/3262 3171/3171 3126/3126
f 3181/3181 3254/3254 3116/3116
f 3265/3265 3249/3249 2915/2915
f 3162/3162 2599/2599 3159/3159
f 3399/3399 3116/3116 3254/3254
f 2930/2930 3346/3346 3186/3186
f 2919/2919 3119/3119 3201/3201
f 3182/3182 3188/3188 3338/3338
f 2936/2936 2930/2930 3186/3186
f 3268/3268 3288/3288 2977/2977
f 2937/2937 2764/2764 3869/3869
f 2902/2902 3050/3050 3366/3366
f 2936/2936 3247/3247 2930/2930
f 3247/3247 3255/3255 2930/2930
f 3233/3233 3231/3231 2600/2600
f 3254/3254 3181/3181 3421/3421
f 2940/2940 2937/2937 3869/3869
f 3187/3187 3245/3245 2902/2902
f 3253/3253 2751/2751 3056/3056
f 3183/3183 2816/2816 3422/3422
f 3260/3260 3269/3269 2993/2993
f 3247/3247 2936/2936 3241/3241
f 3146/3146 2806/2806 2979/2979
f 3861/3861 2593/2593 3720/3720
f 3193/3193 3366/3366 2988/2988
f 2546/2546 2593/2593 3861/3861
f 2924/2924 2560/2560 3325/3325
f 2600/2600 3231/3231 2750/2750
f 3246/3246 3192/3192 3239/3239
f 2935/2935 2816/2816 3183/3183
f 3259/3259 2915/2915 2588/2588
f 3131/3131 2979/2979 3065/3065
f 3262/3262 2997/2997 3271/3271
f 2760/2760 3295/3295 3124/3124
f 3228/3228 2828/2828 2836/2836
f 3262/3262 3271/3271 3171/3171
f 2931/2931 3259/3259 2588/2588
f 3256/3256 3253/3253 3056/3056
f 2938/2938 3038/3038 3367/3367
f 3194/3194 3247/3247 3241/3241
f 3252/3252 3422/3422 2816/2816
f 3202/3202 2856/2856 2964/2964
f 3424/3424 3422/3422 3252/3252
f 3247/3247 3194/3194 3465/3465
f 3171/3171 3271/3271 3272/3272
f 3059/3059 3228/3228 2836/2836
f 3292/3292 2904/2904 3237/3237
f 3189/3189 3439/3439 3250/3250
f 3414/3414 3234/3234 3182/3182
f 3370/3370 3012/3012 3248/3248
f 3202/3202 3210/3210 2856/2856
f 2398/2398 3352/3352 3722/3722
f 3042/3042 3240/3240 3270/3270
f 3474/3474 3893/3893 3178/3178
f 2914/2914 3433/3433 3266/3266
f 2938/2938 2934/2934 3038/3038
f 3448/3448 3237/3237 2904/2904
f 3263/3263 3575/3575 2982/2982
f 3434/3434 3115/3115 3265/3265
f 3178/3178 3585/3585 2951/2951
f 3575/3575 3263/3263 2941/2941
f 3433/3433 2914/2914 3743/3743
f 3265/3265 2915/2915 3155/3155
f 3199/3199 3487/3487 3079/3079
f 2914/2914 3264/3264 3743/3743
f 3250/3250 3357/3357 3193/3193
f 2904/2904 3292/3292 3240/3240
f 2981/2981 3268/3268 2977/2977
f 3168/3168 2925/2925 2953/2953
f 2965/2965 2804/2804 3257/3257
f 3168/3168 2953/2953 3436/3436
f 3269/3269 3260/3260 3449/3449
f 2600/2600 3041/3041 3233/3233
f 3261/3261 3189/3189 3250/3250
f 3066/3066 3263/3263 2771/2771
f 3434/3434 3265/3265 3155/3155
f 3171/3171 3272/3272 3278/3278
f 2985/2985 3263/3263 3066/3066
f 2978/2978 3243/3243 2822/2822
f 3155/3155 2915/2915 3259/3259
f 3270/3270 3069/3069 3043/3043
f 3155/3155 3259/3259 3176/3176
f 3275/3275 3189/3189 3261/3261
f 3027/3027 3233/3233 3041/3041
f 3449/3449 3276/3276 3269/3269
f 3350/3350 2872/2872 3210/3210
f 2904/2904 3042/3042 3273/3273
f 3042/3042 3026/3026 3273/3273
f 3062/3062 3207/3207 3209/3209
f 3350/3350 3157/3157 2872/2872
f 3126/3126 3171/3171 3278/3278
f 3062/3062 3313/3313 3491/3491
f 3278/3278 2925/2925 3126/3126
f 3213/3213 3314/3314 3061/3061
f 3251/3251 3201/3201 3203/3203
f 3440/3440 3424/3424 3252/3252
f 3222/3222 3867/3867 2199/2199
f 2814/2814 3213/3213 3061/3061
f 3440/3440 3252/3252 2986/2986
f 3280/3280 3141/3141 3282/3282
f 3421/3421 3273/3273 3026/3026
f 2755/2755 3270/3270 3049/3049
f 2747/2747 3421/3421 3026/3026
f 3435/3435 3436/3436 2953/2953
f 2991/2991 2043/2043 3871/3871
f 3430/3430 3257/3257 3064/3064
f 3176/3176 3259/3259 2931/2931
f 3267/3267 3067/3067 2992/2992
f 2766/2766 3155/3155 3176/3176
f 2910/2910 3280/3280 3282/3282
f 2766/2766 3176/3176 2931/2931
f 3237/3237 3411/3411 3285/3285
f 2989/2989 1765/1765 4637/4637
f 2749/2749 3280/3280 2910/2910
f 3284/3284 3280/3280 2749/2749
f 3263/3263 2985/2985 3277/3277
f 2948/2948 3353/3353 3155/3155
f 2968/2968 3266/3266 3258/3258
f 3284/3284 2749/2749 2928/2928
f 3062/3062 3209/3209 2810/2810
f 3258/3258 3266/3266 3440/3440
f 2985/2985 3216/3216 3277/3277
f 2810/2810 3209/3209 2808/2808
f 3566/3566 2991/2991 3871/3871
f 3230/3230 3268/3268 3173/3173
f 3283/3283 3284/3284 3286/3286
f 3285/3285 3292/3292 3237/3237
f 3111/3111 3283/3283 3286/3286
f 2751/2751 3063/3063 2585/2585
f 3193/3193 3267/3267 3250/3250
f 3258/3258 3440/3440 3291/3291
f 3060/3060 2968/2968 3258/3258
f 3277/3277 3279/3279 3048/3048
f 3253/3253 3063/3063 2751/2751
f 3268/3268 3230/3230 3054/3054
f 3288/3288 3268/3268 3054/3054
f 3279/3279 3240/3240 3292/3292
f 3444/3444 3280/3280 3283/3283
f 3299/3299 2992/2992 3068/3068
f 3141/3141 3280/3280 3444/3444
f 3195/3195 2992/2992 3299/3299
f 3201/3201 3251/3251 3014/3014
f 3451/3451 3447/3447 2963/2963
f 3279/3279 3069/3069 3240/3240
f 3435/3435 2953/2953 3274/3274
f 3279/3279 3277/3277 3216/3216
f 3235/3235 3279/3279 3216/3216
f 3014/3014 3251/3251 3204/3204
f 3283/3283 3280/3280 3284/3284
f 3250/3250 3267/3267 3261/3261
f 2994/2994 3279/3279 3235/3235
f 3069/3069 3279/3279 2994/2994
f 3011/3011 3445/3445 3283/3283
f 3216/3216 2985/2985 3117/3117
f 3437/3437 2801/2801 3443/3443
f 3111/3111 3011/3011 3283/3283
f 3002/3002 3011/3011 3111/3111
f 3420/3420 3261/3261 3267/3267
f 3274/3274 2953/2953 2690/2690
f 3291/3291 3440/3440 2986/2986
f 3291/3291 2986/2986 3294/3294
f 3030/3030 3315/3315 3664/3664
f 3134/3134 3315/3315 3030/3030
f 3291/3291 3217/3217 3258/3258
f 3217/3217 3291/3291 3294/3294
f 2963/2963 3277/3277 3048/3048
f 2690/2690 2795/2795 3274/3274
f 3173/3173 3294/3294 3230/3230
f 3420/3420 2992/2992 3195/3195
f 3218/3218 3208/3208 2947/2947
f 2125/2125 2841/2841 4223/4223
f 3285/3285 2949/2949 3292/3292
f 3218/3218 2947/2947 2805/2805
f 3435/3435 2768/2768 3191/3191
f 3197/3197 3191/3191 2768/2768
f 3275/3275 3420/3420 3397/3397
f 4121/4121 2843/2843 2998/2998
f 3292/3292 2949/2949 3279/3279
f 3279/3279 2949/2949 3048/3048
f 2552/2552 3684/3684 1432/1432
f 2746/2746 2952/2952 2817/2817
f 3205/3205 3293/3293 3206/3206
f 3502/3502 3197/3197 3351/3351
f 3206/3206 3293/3293 3017/3017
f 3223/3223 3220/3220 2708/2708
f 3414/3414 3121/3121 3227/3227
f 3227/3227 3234/3234 3414/3414
f 3226/3226 3344/3344 3351/3351
f 3300/3300 3195/3195 3299/3299
f 3293/3293 3195/3195 3300/3300
f 2717/2717 3015/3015 3219/3219
f 3607/3607 3084/3084 3016/3016
f 3300/3300 3299/3299 2907/2907
f 3300/3300 2996/2996 3293/3293
f 3307/3307 3404/3404 3343/3343
f 3017/3017 3293/3293 2996/2996
f 3289/3289 3109/3109 3105/3105
f 3017/3017 2996/2996 2577/2577
f 3122/3122 3344/3344 3226/3226
f 3298/3298 3297/3297 3249/3249
f 3298/3298 3249/3249 3410/3410
f 3249/3249 3115/3115 3410/3410
f 3296/3296 3607/3607 3016/3016
f 3225/3225 2428/2428 3304/3304
f 3152/3152 3442/3442 3443/3443
f 2871/2871 3755/3755 3001/3001
f 3593/3593 3642/3642 3301/3301
f 3119/3119 3417/3417 3662/3662
f 3121/3121 3378/3378 3401/3401
f 3401/3401 3227/3227 3121/3121
f 3111/3111 3309/3309 2999/2999
f 3311/3311 3130/3130 3486/3486
f 3152/3152 3443/3443 3419/3419
f 3144/3144 3639/3639 3113/3113
f 3235/3235 3216/3216 3117/3117
f 3400/3400 3652/3652 3146/3146
f 3509/3509 3306/3306 3553/3553
f 2912/2912 3113/3113 3639/3639
f 3316/3316 3499/3499 3659/3659
f 3306/3306 3509/3509 3604/3604
f 3192/3192 3400/3400 3131/3131
f 3316/3316 3112/3112 3499/3499
f 3408/3408 3330/3330 3399/3399
f 3224/3224 3130/3130 3311/3311
f 3303/3303 2929/2929 3489/3489
f 3441/3441 3330/3330 3408/3408
f 3302/3302 3308/3308 3715/3715
f 3131/3131 3400/3400 3146/3146
f 3315/3315 3134/3134 3405/3405
f 3564/3564 3418/3418 3120/3120
f 3419/3419 3443/3443 2801/2801
f 3130/3130 3520/3520 3486/3486
f 3379/3379 3304/3304 3135/3135
f 3305/3305 2942/2942 3425/3425
f 3632/3632 3402/3402 3409/3409
f 3004/3004 3520/3520 3130/3130
f 3426/3426 3632/3632 3409/3409
f 2962/2962 2019/2019 4220/4220
f 2839/2839 3162/3162 3536/3536
f 3715/3715 3128/3128 3327/3327
f 3441/3441 3408/3408 3245/3245
f 3403/3403 3127/3127 3012/3012
f 3612/3612 3508/3508 3412/3412
f 3139/3139 3034/3034 2862/2862
f 3161/3161 3170/3170 2745/2745
f 3614/3614 3436/3436 3321/3321
f 3262/3262 3126/3126 3529/3529
f 3426/3426 3409/3409 3432/3432
f 3310/3310 3128/3128 3715/3715
f 3407/3407 3580/3580 3123/3123
f 3410/3410 3115/3115 3307/3307
f 3432/3432 3409/3409 2993/2993
f 3495/3495 3145/3145 3150/3150
f 3126/3126 3436/3436 3614/3614
f 3337/3337 3405/3405 3008/3008
f 3355/3355 3406/3406 3320/3320
f 3576/3576 3428/3428 3416/3416
f 3125/3125 3407/3407 3123/3123
f 3412/3412 3622/3622 3612/3612
f 2943/2943 2579/2579 3519/3519
f 3535/3535 3320/3320 3406/3406
f 3198/3198 2791/2791 3149/3149
f 3149/3149 3350/3350 3198/3198
f 3337/3337 3008/3008 3019/3019
f 2936/2936 3342/3342 3354/3354
f 3417/3417 3322/3322 3581/3581
f 2174/2174 2554/2554 3983/3983
f 3158/3158 3554/3554 3164/3164
f 3417/3417 3581/3581 3662/3662
f 2906/2906 3147/3147 3332/3332
f 3149/3149 2971/2971 3156/3156
f 3157/3157 3149/3149 3156/3156
f 3411/3411 3448/3448 3412/3412
f 3983/3983 2378/2378 2174/2174
f 3350/3350 3149/3149 3157/3157
f 3435/3435 3321/3321 3436/3436
f 3338/3338 3158/3158 3185/3185
f 3558/3558 3375/3375 3427/3427
f 3186/3186 3342/3342 2936/2936
f 2760/2760 3337/3337 3238/3238
f 3323/3323 3564/3564 3696/3696
f 3418/3418 3564/3564 3323/3323
f 3165/3165 3166/3166 3184/3184
f 3679/3679 3148/3148 3146/3146
f 3185/3185 3164/3164 3414/3414
f 3337/3337 2760/2760 3621/3621
f 3421/3421 3154/3154 3245/3245
f 3426/3426 3431/3431 3416/3416
f 3241/3241 2936/2936 3354/3354
f 3712/3712 3241/3241 3354/3354
f 2989/2989 3325/3325 2560/2560
f 3495/3495 3150/3150 3165/3165
f 3412/3412 3333/3333 3411/3411
f 3495/3495 3165/3165 3423/3423
f 3201/3201 3172/3172 3177/3177
f 3441/3441 3245/3245 3187/3187
f 3116/3116 3412/3412 3448/3448
f 3622/3622 3412/3412 3116/3116
f 3194/3194 3241/3241 3712/3712
f 3413/3413 3621/3621 2760/2760
f 3165/3165 3184/3184 3423/3423
f 3610/3610 3411/3411 3333/3333
f 3124/3124 3413/3413 2760/2760
f 3424/3424 3496/3496 3422/3422
f 3111/3111 3619/3619 3309/3309
f 2992/2992 3420/3420 3267/3267
f 3182/3182 3185/3185 3414/3414
f 3359/3359 3740/3740 2944/2944
f 3619/3619 3111/3111 3286/3286
f 3330/3330 3622/3622 3116/3116
f 3269/3269 3432/3432 2993/2993
f 3351/3351 3344/3344 3537/3537
f 3187/3187 2902/2902 3584/3584
f 3432/3432 3431/3431 3426/3426
f 3365/3365 3239/3239 3860/3860
f 3239/3239 3365/3365 3246/3246
f 3361/3361 3860/3860 3239/3239
f 2964/2964 3382/3382 3005/3005
f 3514/3514 3013/3013 3335/3335
f 3319/3319 3549/3549 2911/2911
f 3432/3432 3269/3269 3431/3431
f 2959/2959 3619/3619 3286/3286
f 3365/3365 3652/3652 3246/3246
f 2911/2911 3129/3129 3319/3319
f 3202/3202 3005/3005 3198/3198
f 3392/3392 3420/3420 3195/3195
f 3276/3276 3431/3431 3269/3269
f 2789/2789 3211/3211 3362/3362
f 3437/3437 3619/3619 2959/2959
f 3210/3210 3202/3202 3350/3350
f 3293/3293 3392/3392 3195/3195
f 3203/3203 3177/3177 3544/3544
f 3123/3123 3319/3319 3429/3429
f 3319/3319 3129/3129 2933/2933
f 3177/3177 3203/3203 3201/3201
f 3358/3358 3360/3360 3725/3725
f 3005/3005 3202/3202 2964/2964
f 3576/3576 3416/3416 3431/3431
f 3205/3205 3392/3392 3293/3293
f 3539/3539 2965/2965 3356/3356
f 3627/3627 3321/3321 3435/3435
f 3443/3443 3619/3619 3437/3437
f 3367/3367 3038/3038 3034/3034
f 2982/2982 3575/3575 2964/2964
f 3367/3367 3425/3425 2938/2938
f 3575/3575 2941/2941 3578/3578
f 3347/3347 3434/3434 3155/3155
f 3615/3615 3625/3625 3415/3415
f 2043/2043 2821/2821 3871/3871
f 3415/3415 3616/3616 3613/3613
f 3246/3246 3652/3652 3400/3400
f 3624/3624 3431/3431 3276/3276
f 3356/3356 2965/2965 3257/3257
f 3204/3204 3203/3203 3760/3760
f 3402/3402 3632/3632 3360/3360
f 3424/3424 3433/3433 3153/3153
f 3262/3262 3624/3624 3276/3276
f 3633/3633 3725/3725 3428/3428
f 3006/3006 3163/3163 3688/3688
f 3192/3192 3246/3246 3400/3400
f 3416/3416 3428/3428 3725/3725
f 3251/3251 3203/3203 3204/3204
f 3033/3033 3319/3319 2933/2933
f 3429/3429 3319/3319 3033/3033
f 3442/3442 3152/3152 3288/3288
f 3353/3353 3347/3347 3155/3155
f 3207/3207 3257/3257 3430/3430
f 3626/3626 3438/3438 3572/3572
f 3305/3305 3192/3192 2942/2942
f 2925/2925 3436/3436 3126/3126
f 3577/3577 3616/3616 3415/3415
f 3441/3441 3438/3438 3330/3330
f 2834/2834 4691/4691 4548/4548
f 3076/3076 3429/3429 3033/3033
f 3582/3582 3429/3429 3076/3076
f 3577/3577 3415/3415 3625/3625
f 3353/3353 2805/2805 2947/2947
f 3624/3624 3262/3262 3529/3529
f 3439/3439 3403/3403 3634/3634
f 3446/3446 3438/3438 3441/3441
f 3582/3582 3076/3076 3450/3450
f 3370/3370 3248/3248 3372/3372
f 3076/3076 3447/3447 3450/3450
f 3865/3865 2618/2618 3561/3561
f 3127/3127 3403/3403 3439/3439
f 2805/2805 3353/3353 2948/2948
f 3260/3260 3258/3258 3217/3217
f 3168/3168 3436/3436 2925/2925
f 3447/3447 3076/3076 3345/3345
f 3433/3433 3424/3424 3440/3440
f 3370/3370 3625/3625 3012/3012
f 3449/3449 3260/3260 3217/3217
f 3313/3313 3492/3492 3491/3491
f 3625/3625 3403/3403 3012/3012
f 3266/3266 3433/3433 3440/3440
f 2841/2841 2995/2995 4218/4218
f 3403/3403 3625/3625 3601/3601
f 3209/3209 3430/3430 3064/3064
f 3209/3209 3064/3064 2808/2808
f 3572/3572 3438/3438 3446/3446
f 3449/3449 3217/3217 3173/3173
f 3349/3349 3127/3127 3439/3439
f 3213/3213 2814/2814 3848/3848
f 3572/3572 3446/3446 3601/3601
f 2961/2961 3848/3848 2814/2814
f 2185/2185 2621/2621 1469/1469
f 3449/3449 3190/3190 3276/3276
f 3445/3445 3444/3444 3283/3283
f 3190/3190 3449/3449 3173/3173
f 3181/3181 3116/3116 3448/3448
f 3204/3204 3164/3164 3395/3395
f 3190/3190 3173/3173 3268/3268
f 3294/3294 3173/3173 3217/3217
f 3271/3271 3190/3190 3268/3268
f 3447/3447 3451/3451 3450/3450
f 2871/2871 2990/2990 3504/3504
f 3273/3273 3448/3448 2904/2904
f 3181/3181 3448/3448 3273/3273
f 3421/3421 3181/3181 3273/3273
f 1835/1835 2125/2125 3819/3819
f 3357/3357 3439/3439 3634/3634
f 3450/3450 2949/2949 3610/3610
f 3451/3451 2949/2949 3450/3450
f 2552/2552 1835/1835 3819/3819
f 3684/3684 2552/2552 4489/4489
f 3208/3208 3374/3374 2947/2947
f 3127/3127 3349/3349 3312/3312
f 3411/3411 3610/3610 3285/3285
f 3285/3285 3610/3610 2949/2949
f 4445/4445 2785/2785 1763/1763
f 2768/2768 3435/3435 3287/3287
f 2963/2963 3447/3447 3578/3578
f 2963/2963 3578/3578 2941/2941
f 3439/3439 3189/3189 3349/3349
f 3371/3371 3349/3349 3189/3189
f 3287/3287 3435/3435 3274/3274
f 3275/3275 3371/3371 3189/3189
f 3439/3439 3357/3357 3250/3250
f 3366/3366 3584/3584 2902/2902
f 3357/3357 3366/3366 3193/3193
f 3348/3348 3344/3344 3122/3122
f 3348/3348 3122/3122 3568/3568
f 3635/3635 3204/3204 3611/3611
f 3164/3164 3204/3204 3635/3635
f 3414/3414 3164/3164 3635/3635
f 3122/3122 3297/3297 3568/3568
f 3307/3307 3343/3343 3410/3410
f 3364/3364 3298/3298 3410/3410
f 3452/3452 3371/3371 3275/3275
f 3298/3298 3364/3364 3297/3297
f 3401/3401 2952/2952 2746/2746
f 3343/3343 3404/3404 3521/3521
f 3607/3607 3223/3223 3084/3084
f 3223/3223 3607/3607 3220/3220
f 3221/3221 3289/3289 3105/3105
f 3427/3427 3404/3404 3307/3307
f 3375/3375 3404/3404 3427/3427
f 3607/3607 3296/3296 3290/3290
f 2717/2717 3219/3219 3608/3608
f 3507/3507 2717/2717 3608/3608
f 3383/3383 3386/3386 3102/3102
f 3076/3076 3075/3075 3345/3345
f 3425/3425 3361/3361 3239/3239
f 3192/3192 3305/3305 3239/3239
f 3239/3239 3305/3305 3425/3425
f 3359/3359 2944/2944 3455/3455
f 3452/3452 3396/3396 3478/3478
f 3455/3455 2944/2944 2761/2761
f 2951/2951 3585/3585 3475/3475
f 3475/3475 3453/3453 2951/2951
f 3372/3372 3077/3077 3461/3461
f 3073/3073 3170/3170 3454/3454
f 3478/3478 3396/3396 3586/3586
f 3372/3372 3248/3248 3077/3077
f 3389/3389 3393/3393 3386/3386
f 2761/2761 3024/3024 3455/3455
f 3209/3209 3207/3207 3430/3430
f 3095/3095 3479/3479 3071/3071
f 3024/3024 3073/3073 3454/3454
f 3471/3471 3081/3081 3475/3475
f 4289/4289 2631/2631 3866/3866
f 3480/3480 3479/3479 3396/3396
f 3005/3005 3382/3382 3075/3075
f 3075/3075 3382/3382 3345/3345
f 3393/3393 3394/3394 3386/3386
f 3081/3081 3080/3080 3475/3475
f 3166/3166 3242/3242 3091/3091
f 3476/3476 3079/3079 3487/3487
f 4289/4289 3791/3791 2631/2631
f 3071/3071 3479/3479 3480/3480
f 3445/3445 3011/3011 3394/3394
f 3599/3599 3391/3391 3545/3545
f 3477/3477 3012/3012 3127/3127
f 3004/3004 3224/3224 3555/3555
f 3457/3457 3732/3732 3474/3474
f 3167/3167 2935/2935 3183/3183
f 3549/3549 3327/3327 2911/2911
f 2911/2911 3327/3327 2601/2601
f 3442/3442 2999/2999 3309/3309
f 3020/3020 2978/2978 2752/2752
f 3457/3457 3474/3474 3029/3029
f 3082/3082 3081/3081 3471/3471
f 2999/2999 3442/3442 2735/2735
f 3585/3585 3590/3590 3475/3475
f 3346/3346 2930/2930 3255/3255
f 4039/4039 3467/3467 3083/3083
f 3107/3107 3477/3477 3312/3312
f 3312/3312 3477/3477 3127/3127
f 3029/3029 3072/3072 3779/3779
f 3243/3243 2978/2978 3020/3020
f 3481/3481 3107/3107 3312/3312
f 3385/3385 3500/3500 3199/3199
f 3384/3384 3500/3500 3385/3385
f 3035/3035 3784/3784 3385/3385
f 3072/3072 2951/2951 3453/3453
f 3453/3453 3779/3779 3072/3072
f 2735/2735 3442/3442 3054/3054
f 3074/3074 3229/3229 2920/2920
f 3465/3465 3255/3255 3247/3247
f 3467/3467 3464/3464 3784/3784
f 3035/3035 3467/3467 3784/3784
f 3470/3470 3255/3255 3465/3465
f 3452/3452 3275/3275 3397/3397
f 3346/3346 3255/3255 3470/3470
f 3147/3147 3013/3013 3332/3332
f 3332/3332 3013/3013 3514/3514
f 3452/3452 3397/3397 3396/3396
f 3014/3014 3204/3204 3335/3335
f 3335/3335 3204/3204 3395/3395
f 3657/3657 3335/3335 3395/3395
f 3108/3108 3107/3107 3481/3481
f 3211/3211 3387/3387 3362/3362
f 3163/3163 3108/3108 3458/3458
f 3108/3108 3459/3459 3458/3458
f 3468/3468 3093/3093 3462/3462
f 3466/3466 3481/3481 3571/3571
f 3459/3459 3108/3108 3481/3481
f 3098/3098 3071/3071 3480/3480
f 3093/3093 3468/3468 2326/2326
f 3481/3481 3478/3478 3459/3459
f 3040/3040 3303/3303 3456/3456
f 3726/3726 2327/2327 3469/3469
f 3223/3223 3219/3219 3015/3015
f 3087/3087 3040/3040 3456/3456
f 3223/3223 3015/3015 3084/3084
f 3591/3591 3087/3087 3456/3456
f 3381/3381 3087/3087 3591/3591
f 3478/3478 3481/3481 3466/3466
f 2787/2787 3087/3087 3381/3381
f 3151/3151 2787/2787 3381/3381
f 3296/3296 3110/3110 3290/3290
f 3086/3086 3088/3088 3483/3483
f 3085/3085 3482/3482 3092/3092
f 3092/3092 3089/3089 3085/3085
f 3088/3088 3484/3484 3483/3483
f 3092/3092 3482/3482 3485/3485
f 3485/3485 3383/3383 3102/3102
f 3484/3484 3088/3088 3225/3225
f 3484/3484 3225/3225 3379/3379
f 3485/3485 3533/3533 3383/3383
f 3485/3485 3380/3380 3533/3533
f 3135/3135 3140/3140 3379/3379
f 3010/3010 3135/3135 2616/2616
f 3135/3135 3010/3010 3140/3140
f 3643/3643 3380/3380 3141/3141
f 3643/3643 3141/3141 3444/3444
f 3420/3420 3392/3392 3397/3397
f 3480/3480 3396/3396 3205/3205
f 3205/3205 3206/3206 3480/3480
f 3480/3480 3206/3206 3098/3098
f 3374/3374 3347/3347 3353/3353
f 3353/3353 2947/2947 3374/3374
f 3908/3908 3433/3433 3739/3739
f 3488/3488 3200/3200 3655/3655
f 3345/3345 3578/3578 3447/3447
f 3310/3310 3497/3497 2984/2984
f 3556/3556 3497/3497 3310/3310
f 3004/3004 3573/3573 3520/3520
f 3740/3740 3499/3499 3112/3112
f 3571/3571 3349/3349 3371/3371
f 3501/3501 3655/3655 3200/3200
f 3441/3441 3584/3584 3357/3357
f 3136/3136 3133/3133 3791/3791
f 3441/3441 3187/3187 3584/3584
f 3564/3564 2905/2905 3939/3939
f 3179/3179 3328/3328 4231/4231
f 3565/3565 3939/3939 2905/2905
f 3587/3587 3646/3646 3569/3569
f 3670/3670 3316/3316 3659/3659
f 3743/3743 3739/3739 3433/3433
f 3385/3385 3672/3672 3384/3384
f 3495/3495 3236/3236 3145/3145
f 3331/3331 3565/3565 2905/2905
f 3578/3578 3382/3382 3575/3575
f 3345/3345 3382/3382 3578/3578
f 3392/3392 3205/3205 3396/3396
f 3297/3297 3364/3364 3568/3568
f 3498/3498 2984/2984 3497/3497
f 3334/3334 2984/2984 3498/3498
f 3334/3334 3498/3498 3139/3139
f 3596/3596 3587/3587 3781/3781
f 3316/3316 3670/3670 3678/3678
f 3738/3738 3574/3574 3512/3512
f 3580/3580 3407/3407 3661/3661
f 3766/3766 3139/3139 3498/3498
f 3466/3466 3371/3371 3452/3452
f 3452/3452 3478/3478 3466/3466
f 3769/3769 3661/3661 3407/3407
f 3600/3600 3529/3529 3126/3126
f 3774/3774 3191/3191 3502/3502
f 3478/3478 3586/3586 3873/3873
f 3678/3678 3161/3161 3316/3316
f 3743/3743 3402/3402 3541/3541
f 3522/3522 3579/3579 3761/3761
f 3573/3573 3558/3558 3527/3527
f 3524/3524 2960/2960 3811/3811
f 4058/4058 4075/4075 3137/3137
f 3742/3742 3573/3573 3527/3527
f 3317/3317 3153/3153 3703/3703
f 3596/3596 3603/3603 3528/3528
f 3177/3177 3172/3172 3741/3741
f 3512/3512 3633/3633 3428/3428
f 3697/3697 3528/3528 3603/3603
f 3761/3761 3579/3579 3592/3592
f 3703/3703 3153/3153 3433/3433
f 3685/3685 3605/3605 3818/3818
f 3605/3605 3636/3636 3818/3818
f 3554/3554 3158/3158 3754/3754
f 3486/3486 3581/3581 3510/3510
f 3576/3576 3750/3750 3512/3512
f 3264/3264 3402/3402 3743/3743
f 4222/4222 2975/2975 2973/2973
f 3515/3515 3336/3336 3516/3516
f 3603/3603 3596/3596 3744/3744
f 3350/3350 3202/3202 3198/3198
f 3512/3512 3428/3428 3576/3576
f 3580/3580 3747/3747 3319/3319
f 4379/4379 1988/1988 2604/2604
f 3383/3383 3533/3533 3518/3518
f 3592/3592 3579/3579 3736/3736
f 3610/3610 3582/3582 3450/3450
f 3707/3707 2969/2969 3689/3689
f 3339/3339 3169/3169 3174/3174
f 3589/3589 3808/3808 3344/3344
f 3642/3642 3593/3593 3513/3513
f 3479/3479 3586/3586 3396/3396
f 3319/3319 3123/3123 3580/3580
f 3707/3707 3729/3729 3387/3387
f 3415/3415 3530/3530 3615/3615
f 3158/3158 3338/3338 3754/3754
f 3309/3309 3619/3619 3442/3442
f 3537/3537 3344/3344 3808/3808
f 3888/3888 3513/3513 3593/3593
f 3593/3593 3301/3301 3595/3595
f 3172/3172 3119/3119 3741/3741
f 3504/3504 2990/2990 3664/3664
f 3442/3442 3619/3619 3443/3443
f 3214/3214 2825/2825 4159/4159
f 3146/3146 3652/3652 3679/3679
f 3615/3615 3530/3530 3572/3572
f 3132/3132 2785/2785 4065/4065
f 3575/3575 3382/3382 2964/2964
f 4576/4576 2604/2604 2812/2812
f 3336/3336 3770/3770 3516/3516
f 2818/2818 4576/4576 2812/2812
f 3744/3744 3786/3786 3603/3603
f 3620/3620 3588/3588 3413/3413
f 3606/3606 3697/3697 3603/3603
f 3527/3527 3558/3558 3757/3757
f 3583/3583 3577/3577 3625/3625
f 3583/3583 3625/3625 3370/3370
f 3372/3372 3583/3583 3370/3370
f 3770/3770 3336/3336 3658/3658
f 3595/3595 3532/3532 3593/3593
f 3983/3983 2554/2554 4222/4222
f 3602/3602 3762/3762 3531/3531
f 3685/3685 3513/3513 3597/3597
f 3381/3381 3591/3591 3534/3534
f 3525/3525 3591/3591 4043/4043
f 3664/3664 3315/3315 3705/3705
f 3803/3803 3462/3462 3006/3006
f 3544/3544 3177/3177 3675/3675
f 3125/3125 3769/3769 3407/3407
f 3769/3769 3125/3125 3762/3762
f 3663/3663 3588/3588 3620/3620
f 3431/3431 3624/3624 3576/3576
f 3125/3125 3582/3582 3762/3762
f 3557/3557 3757/3757 3630/3630
f 3688/3688 3803/3803 3006/3006
f 3396/3396 3397/3397 3392/3392
f 3203/3203 3544/3544 3760/3760
f 3605/3605 3685/3685 3597/3597
f 3582/3582 3333/3333 3531/3531
f 3609/3609 3606/3606 3711/3711
f 3768/3768 3503/3503 3736/3736
f 3736/3736 3503/3503 3592/3592
f 3322/3322 3510/3510 3581/3581
f 3559/3559 3511/3511 3324/3324
f 3551/3551 3599/3599 3545/3545
f 3683/3683 3958/3958 3148/3148
f 3605/3605 3597/3597 3701/3701
f 3843/3843 3608/3608 3219/3219
f 3551/3551 3613/3613 3599/3599
f 3772/3772 3591/3591 3525/3525
f 3534/3534 3591/3591 3772/3772
f 3763/3763 3532/3532 3595/3595
f 3445/3445 3393/3393 3444/3444
f 3290/3290 3220/3220 3607/3607
f 3620/3620 3759/3759 3905/3905
f 3602/3602 3531/3531 3333/3333
f 3504/3504 3755/3755 2871/2871
f 3763/3763 3550/3550 3532/3532
f 3196/3196 2382/2382 3547/3547
f 3958/3958 3160/3160 3148/3148
f 3634/3634 3403/3403 3601/3601
f 3551/3551 3553/3553 3530/3530
f 3393/3393 3445/3445 3394/3394
f 3302/3302 3715/3715 3694/3694
f 3302/3302 3532/3532 3550/3550
f 3550/3550 3308/3308 3302/3302
f 3162/3162 3159/3159 3959/3959
f 3527/3527 3570/3570 3742/3742
f 3641/3641 3398/3398 3507/3507
f 3620/3620 3413/3413 3124/3124
f 3625/3625 3615/3615 3572/3572
f 3600/3600 3614/3614 3321/3321
f 3308/3308 3550/3550 3556/3556
f 3613/3613 3551/3551 3530/3530
f 3481/3481 3312/3312 3571/3571
f 3604/3604 3503/3503 3612/3612
f 3304/3304 3379/3379 3225/3225
f 3219/3219 3000/3000 3756/3756
f 3860/3860 3361/3361 3538/3538
f 3310/3310 3308/3308 3556/3556
f 3544/3544 3594/3594 3742/3742
f 3415/3415 3613/3613 3530/3530
f 3612/3612 3503/3503 3508/3508
f 3544/3544 3742/3742 3570/3570
f 3508/3508 3333/3333 3412/3412
f 3611/3611 3204/3204 3760/3760
f 3391/3391 3599/3599 3613/3613
f 3616/3616 3391/3391 3613/3613
f 3570/3570 3760/3760 3544/3544
f 3534/3534 3772/3772 3320/3320
f 3610/3610 3333/3333 3582/3582
f 3626/3626 3330/3330 3438/3438
f 3380/3380 3643/3643 3533/3533
f 3494/3494 3570/3570 3527/3527
f 2618/2618 2987/2987 3561/3561
f 3368/3368 3616/3616 3577/3577
f 3750/3750 3576/3576 3624/3624
f 3715/3715 3308/3308 3310/3310
f 3534/3534 3320/3320 3535/3535
f 3509/3509 3592/3592 3503/3503
f 3503/3503 3604/3604 3509/3509
f 3520/3520 3581/3581 3486/3486
f 3549/3549 3702/3702 3327/3327
f 3604/3604 3626/3626 3306/3306
f 3612/3612 3517/3517 3604/3604
f 3523/3523 3521/3521 3404/3404
f 3725/3725 3632/3632 3426/3426
f 3416/3416 3725/3725 3426/3426
f 3125/3125 3429/3429 3582/3582
f 3626/3626 3604/3604 3517/3517
f 3571/3571 3312/3312 3349/3349
f 3900/3900 3361/3361 3425/3425
f 3759/3759 3620/3620 3737/3737
f 3772/3772 3540/3540 3355/3355
f 3517/3517 3612/3612 3622/3622
f 3737/3737 3620/3620 3124/3124
f 3425/3425 3552/3552 3900/3900
f 3352/3352 2377/2377 3984/3984
f 3614/3614 3600/3600 3126/3126
f 3330/3330 3626/3626 3517/3517
f 3315/3315 3405/3405 3717/3717
f 3404/3404 3375/3375 3523/3523
f 3366/3366 3357/3357 3584/3584
f 3754/3754 3657/3657 3395/3395
f 3864/3864 2546/2546 3861/3861
f 3553/3553 3306/3306 3530/3530
f 3530/3530 3306/3306 3626/3626
f 3695/3695 3559/3559 3324/3324
f 3621/3621 3717/3717 3405/3405
f 3320/3320 3772/3772 3355/3355
f 3626/3626 3572/3572 3530/3530
f 3598/3598 3717/3717 3621/3621
f 3554/3554 3754/3754 3395/3395
f 3625/3625 3572/3572 3601/3601
f 2764/2764 2916/2916 4375/4375
f 3164/3164 3554/3554 3395/3395
f 3869/3869 2764/2764 4375/4375
f 3535/3535 3406/3406 3628/3628
f 3311/3311 3618/3618 3224/3224
f 3191/3191 3627/3627 3435/3435
f 3224/3224 3618/3618 3555/3555
f 3367/3367 3034/3034 3766/3766
f 3541/3541 3360/3360 3909/3909
f 3871/3871 2821/2821 4073/4073
f 3618/3618 3523/3523 3375/3375
f 2940/2940 4207/4207 2945/2945
f 3321/3321 3771/3771 3529/3529
f 3425/3425 3367/3367 3766/3766
f 3630/3630 3208/3208 3557/3557
f 3529/3529 3600/3600 3321/3321
f 3617/3617 3565/3565 3331/3331
f 3191/3191 3197/3197 3502/3502
f 3558/3558 3618/3618 3375/3375
f 3208/3208 3630/3630 3374/3374
f 3588/3588 3560/3560 3598/3598
f 3331/3331 3623/3623 3617/3617
f 3539/3539 3338/3338 3188/3188
f 2995/2995 3566/3566 3801/3801
f 3502/3502 3351/3351 3537/3537
f 3139/3139 3766/3766 3034/3034
f 3542/3542 3543/3543 3548/3548
f 3208/3208 3218/3218 3557/3557
f 3857/3857 3617/3617 3623/3623
f 3857/3857 3623/3623 3716/3716
f 3621/3621 3405/3405 3337/3337
f 3709/3709 3358/3358 4067/4067
f 3441/3441 3634/3634 3446/3446
f 3446/3446 3634/3634 3601/3601
f 4218/4218 4223/4223 2841/2841
f 3343/3343 3692/3692 3686/3686
f 3723/3723 3771/3771 3321/3321
f 3628/3628 3406/3406 3355/3355
f 3709/3709 3909/3909 3358/3358
f 3629/3629 3356/3356 3257/3257
f 3257/3257 3207/3207 3629/3629
f 3360/3360 3358/3358 3909/3909
f 2952/2952 3557/3557 3218/3218
f 3376/3376 3557/3557 3631/3631
f 3343/3343 3686/3686 3410/3410
f 3557/3557 3376/3376 3494/3494
f 3348/3348 3815/3815 3589/3589
f 3348/3348 3589/3589 3344/3344
f 3357/3357 3634/3634 3441/3441
f 3598/3598 3413/3413 3588/3588
f 3631/3631 3557/3557 2952/2952
f 3321/3321 3627/3627 3723/3723
f 3630/3630 3558/3558 3427/3427
f 3413/3413 3598/3598 3621/3621
f 3360/3360 3541/3541 3402/3402
f 3627/3627 3191/3191 3774/3774
f 3360/3360 3632/3632 3725/3725
f 3434/3434 3427/3427 3307/3307
f 3434/3434 3307/3307 3115/3115
f 3563/3563 3378/3378 3611/3611
f 3630/3630 3427/3427 3434/3434
f 3377/3377 3563/3563 3376/3376
f 3378/3378 3563/3563 3377/3377
f 3377/3377 3376/3376 3631/3631
f 3401/3401 3631/3631 2952/2952
f 3377/3377 3631/3631 3378/3378
f 3378/3378 3631/3631 3401/3401
f 3434/3434 3347/3347 3630/3630
f 3635/3635 3611/3611 3378/3378
f 3347/3347 3374/3374 3630/3630
f 3378/3378 3121/3121 3635/3635
f 3414/3414 3635/3635 3121/3121
f 4098/4098 3486/3486 3637/3637
f 3492/3492 3937/3937 3207/3207
f 3207/3207 3491/3491 3492/3492
f 3303/3303 3489/3489 3660/3660
f 3770/3770 3658/3658 3795/3795
f 3371/3371 3466/3466 3571/3571
f 3488/3488 3655/3655 4015/4015
f 3642/3642 3915/3915 3301/3301
f 4221/4221 2956/2956 4278/4278
f 3137/3137 3639/3639 4058/4058
f 3738/3738 3724/3724 3574/3574
f 3236/3236 3737/3737 3124/3124
f 3647/3647 3499/3499 3653/3653
f 3490/3490 3986/3986 2926/2926
f 3314/3314 3953/3953 3493/3493
f 3573/3573 3751/3751 3520/3520
f 3849/3849 3724/3724 3738/3738
f 4223/4223 3819/3819 2125/2125
f 3649/3649 3644/3644 3143/3143
f 2960/2960 3136/3136 3811/3811
f 3656/3656 3384/3384 3667/3667
f 3384/3384 3656/3656 3500/3500
f 3851/3851 3849/3849 3738/3738
f 3311/3311 3486/3486 4024/4024
f 3667/3667 3384/3384 3946/3946
f 3639/3639 3144/3144 3645/3645
f 2579/2579 2926/2926 3986/3986
f 3489/3489 3505/3505 3671/3671
f 3595/3595 3301/3301 3880/3880
f 3672/3672 3946/3946 3384/3384
f 3663/3663 3560/3560 3588/3588
f 3653/3653 3499/3499 3740/3740
f 3653/3653 3740/3740 3814/3814
f 3873/3873 3586/3586 3641/3641
f 3506/3506 3381/3381 3676/3676
f 3641/3641 3586/3586 3479/3479
f 3742/3742 3751/3751 3573/3573
f 3385/3385 3731/3731 3672/3672
f 3646/3646 3648/3648 3569/3569
f 4231/4231 3649/3649 3179/3179
f 3486/3486 3510/3510 3637/3637
f 4125/4125 3512/3512 3750/3750
f 3410/3410 3686/3686 3364/3364
f 3674/3674 3997/3997 3636/3636
f 3095/3095 3641/3641 3479/3479
f 3756/3756 3843/3843 3219/3219
f 3495/3495 3737/3737 3236/3236
f 3494/3494 3760/3760 3570/3570
f 3642/3642 3513/3513 3685/3685
f 4231/4231 3328/3328 4051/4051
f 3680/3680 3687/3687 3522/3522
f 3809/3809 3680/3680 3522/3522
f 3748/3748 3701/3701 3702/3702
f 3622/3622 3330/3330 3517/3517
f 3851/3851 3738/3738 3512/3512
f 3511/3511 3559/3559 3796/3796
f 3314/3314 3213/3213 3681/3681
f 3796/3796 3638/3638 3511/3511
f 3504/3504 3664/3664 3804/3804
f 3646/3646 3587/3587 3665/3665
f 3665/3665 3587/3587 3677/3677
f 3747/3747 3674/3674 3748/3748
f 3161/3161 3678/3678 3170/3170
f 3318/3318 3737/3737 3495/3495
f 3687/3687 3579/3579 3522/3522
f 3682/3682 3170/3170 3678/3678
f 3213/3213 3848/3848 3681/3681
f 3317/3317 3496/3496 3153/3153
f 3679/3679 3683/3683 3148/3148
f 3587/3587 3528/3528 3677/3677
f 3386/3386 3383/3383 3518/3518
f 3518/3518 3389/3389 3386/3386
f 3693/3693 3521/3521 3898/3898
f 3748/3748 3319/3319 3747/3747
f 3585/3585 3745/3745 3590/3590
f 3687/3687 3853/3853 3736/3736
f 3741/3741 3675/3675 3177/3177
f 3579/3579 3687/3687 3736/3736
f 3525/3525 3658/3658 3753/3753
f 3342/3342 3186/3186 3691/3691
f 3658/3658 3525/3525 4043/4043
f 3689/3689 3137/3137 4075/4075
f 3669/3669 3742/3742 3594/3594
f 3518/3518 3533/3533 3643/3643
f 3747/3747 3580/3580 3735/3735
f 3536/3536 3162/3162 3959/3959
f 3521/3521 3523/3523 3898/3898
f 3770/3770 3515/3515 3516/3516
f 3885/3885 3515/3515 3770/3770
f 3620/3620 3746/3746 3663/3663
f 3389/3389 3651/3651 3393/3393
f 3528/3528 3587/3587 3596/3596
f 3175/3175 3326/3326 3827/3827
f 3691/3691 3186/3186 3710/3710
f 3643/3643 3444/3444 3651/3651
f 3741/3741 3669/3669 3675/3675
f 3851/3851 3512/3512 3749/3749
f 3707/3707 3689/3689 3978/3978
f 4125/4125 3750/3750 3529/3529
f 3675/3675 3669/3669 3594/3594
f 3661/3661 3735/3735 3580/3580
f 3597/3597 3513/3513 3888/3888
f 3749/3749 3512/3512 3673/3673
f 3761/3761 3812/3812 3522/3522
f 3444/3444 3393/3393 3651/3651
f 3532/3532 3888/3888 3593/3593
f 4020/4020 3812/3812 3761/3761
f 3905/3905 3746/3746 3620/3620
f 3339/3339 3174/3174 3536/3536
f 3697/3697 3698/3698 3794/3794
f 3532/3532 3302/3302 3694/3694
f 3664/3664 3705/3705 3804/3804
f 3736/3736 3903/3903 3758/3758
f 3609/3609 3697/3697 3606/3606
f 3698/3698 3697/3697 3609/3609
f 3529/3529 3750/3750 3624/3624
f 3661/3661 3903/3903 3805/3805
f 3903/3903 3661/3661 3769/3769
f 3758/3758 3903/3903 3769/3769
f 3502/3502 3537/3537 3808/3808
f 3892/3892 3698/3698 3609/3609
f 3762/3762 3758/3758 3769/3769
f 3354/3354 3967/3967 3712/3712
f 4159/4159 2825/2825 3824/3824
f 3894/3894 3701/3701 3597/3597
f 3985/3985 2378/2378 3983/3983
f 3711/3711 3892/3892 3609/3609
f 3552/3552 3425/3425 3767/3767
f 3641/3641 3752/3752 3873/3873
f 3507/3507 3752/3752 3641/3641
f 3708/3708 3763/3763 3880/3880
f 3494/3494 3757/3757 3557/3557
f 3763/3763 3708/3708 3764/3764
f 3881/3881 3592/3592 3509/3509
f 3425/3425 3766/3766 3767/3767
f 3553/3553 3881/3881 3509/3509
f 3544/3544 3675/3675 3594/3594
f 3768/3768 3736/3736 3758/3758
f 3527/3527 3757/3757 3494/3494
f 3765/3765 3881/3881 3553/3553
f 3529/3529 3771/3771 3879/3879
f 3538/3538 3361/3361 3900/3900
f 3563/3563 3760/3760 3494/3494
f 3905/3905 3759/3759 3318/3318
f 3768/3768 3758/3758 3762/3762
f 3762/3762 3602/3602 3768/3768
f 3561/3561 2987/2987 3867/3867
f 3714/3714 3545/3545 3362/3362
f 3611/3611 3760/3760 3563/3563
f 3618/3618 3311/3311 3868/3868
f 3196/3196 3719/3719 3720/3720
f 3503/3503 3768/3768 3602/3602
f 3551/3551 3765/3765 3553/3553
f 3503/3503 3602/3602 3508/3508
f 3595/3595 3880/3880 3763/3763
f 3551/3551 3545/3545 3714/3714
f 3772/3772 3525/3525 3699/3699
f 3531/3531 3762/3762 3582/3582
f 3700/3700 3754/3754 3338/3338
f 3565/3565 3617/3617 3856/3856
f 3856/3856 3617/3617 3857/3857
f 3508/3508 3602/3602 3333/3333
f 3715/3715 3327/3327 3702/3702
f 3705/3705 3315/3315 3833/3833
f 3702/3702 3549/3549 3748/3748
f 3550/3550 3763/3763 3498/3498
f 3618/3618 3558/3558 3555/3555
f 3763/3763 3764/3764 3498/3498
f 3549/3549 3319/3319 3748/3748
f 3692/3692 3654/3654 3686/3686
f 3717/3717 3833/3833 3315/3315
f 3686/3686 3786/3786 3895/3895
f 3381/3381 3534/3534 3676/3676
f 3676/3676 3534/3534 4072/4072
f 3318/3318 3759/3759 3737/3737
f 4375/4375 2916/2916 3562/3562
f 3757/3757 3558/3558 3630/3630
f 3700/3700 3539/3539 3773/3773
f 3539/3539 3700/3700 3338/3338
f 2621/2621 2185/2185 3713/3713
f 3771/3771 3723/3723 3890/3890
f 3718/3718 3717/3717 3598/3598
f 3535/3535 3628/3628 3938/3938
f 3560/3560 3718/3718 3598/3598
f 3563/3563 3494/3494 3376/3376
f 4207/4207 3855/3855 2945/2945
f 3692/3692 3343/3343 3693/3693
f 3521/3521 3693/3693 3343/3343
f 3433/3433 3908/3908 3703/3703
f 2950/2950 2945/2945 3855/3855
f 3721/3721 3878/3878 3889/3889
f 3815/3815 3348/3348 3568/3568
f 3937/3937 3629/3629 3207/3207
f 4218/4218 2995/2995 3801/3801
f 3743/3743 3541/3541 3739/3739
f 3723/3723 3627/3627 3907/3907
f 3627/3627 3774/3774 3907/3907
f 3542/3542 3872/3872 3543/3543
f 3548/3548 3813/3813 3542/3542
f 3901/3901 3724/3724 3548/3548
f 3543/3543 3901/3901 3548/3548
f 3724/3724 3906/3906 3574/3574
f 3574/3574 3906/3906 3512/3512
f 3725/3725 4003/4003 3358/3358
f 3906/3906 3725/3725 3633/3633
f 3512/3512 3906/3906 3633/3633
f 3453/3453 3475/3475 3730/3730
f 3488/3488 3730/3730 3475/3475
f 3359/3359 3935/3935 3740/3740
f 3453/3453 3730/3730 4010/4010
f 4044/4044 3830/3830 3648/3648
f 3726/3726 3782/3782 3473/3473
f 3454/3454 3170/3170 3682/3682
f 3471/3471 3777/3777 3082/3082
f 3569/3569 3648/3648 3877/3877
f 3616/3616 3368/3368 3391/3391
f 3454/3454 3775/3775 3024/3024
f 3082/3082 3777/3777 4004/4004
f 4038/4038 3082/3082 4004/4004
f 4036/4036 3569/3569 3877/3877
f 3573/3573 3004/3004 3555/3555
f 3776/3776 3454/3454 3682/3682
f 3775/3775 3454/3454 3776/3776
f 3964/3964 3784/3784 3780/3780
f 3385/3385 3784/3784 3964/3964
f 3455/3455 3955/3955 3359/3359
f 3895/3895 3786/3786 3744/3744
f 3776/3776 3474/3474 3775/3775
f 3956/3956 3955/3955 3455/3455
f 3024/3024 3775/3775 3956/3956
f 3558/3558 3573/3573 3555/3555
f 3474/3474 3776/3776 3893/3893
f 3461/3461 3583/3583 3372/3372
f 3455/3455 3024/3024 3956/3956
f 3748/3748 3674/3674 3636/3636
f 3641/3641 3095/3095 3398/3398
f 3893/3893 3745/3745 3178/3178
f 3781/3781 3587/3587 3569/3569
f 3732/3732 3775/3775 3474/3474
f 3178/3178 3745/3745 3585/3585
f 3731/3731 3385/3385 3964/3964
f 3781/3781 3569/3569 4036/4036
f 3854/3854 3732/3732 3457/3457
f 3992/3992 3781/3781 4036/4036
f 3778/3778 3608/3608 3843/3843
f 3741/3741 3119/3119 3662/3662
f 3710/3710 3186/3186 3346/3346
f 3464/3464 3467/3467 4032/4032
f 3966/3966 3854/3854 3457/3457
f 3458/3458 3688/3688 3163/3163
f 4028/4028 3744/3744 3596/3596
f 3785/3785 3710/3710 3346/3346
f 3029/3029 3966/3966 3457/3457
f 3577/3577 3583/3583 3368/3368
f 3368/3368 3583/3583 3461/3461
f 3779/3779 3966/3966 3029/3029
f 3387/3387 3729/3729 3362/3362
f 3636/3636 3605/3605 3748/3748
f 3748/3748 3605/3605 3701/3701
f 3590/3590 3785/3785 3471/3471
f 3471/3471 3475/3475 3590/3590
f 3462/3462 3883/3883 3468/3468
f 4026/4026 3458/3458 3459/3459
f 3331/3331 3515/3515 3885/3885
f 3863/3863 3194/3194 3712/3712
f 3465/3465 3194/3194 3863/3863
f 3603/3603 3786/3786 3606/3606
f 3863/3863 3733/3733 3465/3465
f 3465/3465 3733/3733 3470/3470
f 3778/3778 3507/3507 3608/3608
f 3786/3786 3711/3711 3606/3606
f 3654/3654 3711/3711 3786/3786
f 3470/3470 3785/3785 3346/3346
f 3716/3716 3623/3623 3885/3885
f 3787/3787 3785/3785 3470/3470
f 3752/3752 4026/4026 3459/3459
f 3885/3885 3623/3623 3331/3331
f 3778/3778 4026/4026 3752/3752
f 3471/3471 3785/3785 3787/3787
f 3752/3752 3459/3459 3478/3478
f 3478/3478 3873/3873 3752/3752
f 3471/3471 3787/3787 3777/3777
f 3733/3733 3787/3787 3470/3470
f 3733/3733 3876/3876 3787/3787
f 3468/3468 3883/3883 3727/3727
f 3752/3752 3507/3507 3778/3778
f 3876/3876 3733/3733 3874/3874
f 4004/4004 3787/3787 3876/3876
f 3777/3777 3787/3787 4004/4004
f 3462/3462 3803/3803 3883/3883
f 3520/3520 3751/3751 3581/3581
f 3581/3581 3751/3751 3662/3662
f 3303/3303 3660/3660 3456/3456
f 3456/3456 3660/3660 3734/3734
f 3783/3783 3788/3788 3097/3097
f 3097/3097 3473/3473 3782/3782
f 3783/3783 3097/3097 3782/3782
f 3734/3734 3591/3591 3456/3456
f 4043/4043 3591/3591 3734/3734
f 3381/3381 3506/3506 3151/3151
f 3151/3151 3506/3506 3505/3505
f 3505/3505 3506/3506 3671/3671
f 3467/3467 4039/4039 4032/4032
f 4238/4238 3729/3729 3707/3707
f 3734/3734 3799/3799 4043/4043
f 3651/3651 3389/3389 3518/3518
f 4012/4012 3618/3618 3868/3868
f 3651/3651 3518/3518 3643/3643
f 3489/3489 3790/3790 3660/3660
f 4133/4133 3362/3362 3729/3729
f 3876/3876 3874/3874 3998/3998
f 3997/3997 3818/3818 3636/3636
f 4041/4041 3647/3647 3793/3793
f 3798/3798 3872/3872 3792/3792
f 3790/3790 3489/3489 3671/3671
f 3839/3839 3872/3872 3798/3798
f 3848/3848 2961/2961 4604/4604
f 3878/3878 3875/3875 3862/3862
f 3807/3807 4044/4044 3648/3648
f 2961/2961 4221/4221 4604/4604
f 4041/4041 3659/3659 3499/3499
f 3522/3522 3812/3812 3809/3809
f 3499/3499 3647/3647 4041/4041
f 3325/3325 2989/2989 4091/4091
f 3504/3504 3797/3797 4001/4001
f 3687/3687 3680/3680 4111/4111
f 3876/3876 3998/3998 3886/3886
f 3878/3878 3862/3862 4022/4022
f 4125/4125 3673/3673 3512/3512
f 3790/3790 3799/3799 3734/3734
f 3806/3806 3878/3878 4022/4022
f 3727/3727 3883/3883 4002/4002
f 3506/3506 3799/3799 3790/3790
f 3926/3926 4000/4000 3887/3887
f 3647/3647 3653/3653 3793/3793
f 3887/3887 4031/4031 3926/3926
f 4040/4040 3878/3878 3806/3806
f 4035/4035 3878/3878 4040/4040
f 3797/3797 3726/3726 4001/4001
f 3876/3876 3886/3886 4034/4034
f 3796/3796 3559/3559 3800/3800
f 3716/3716 3885/3885 3795/3795
f 3790/3790 3671/3671 3506/3506
f 4111/4111 3932/3932 3687/3687
f 3301/3301 3842/3842 3880/3880
f 4005/4005 3774/3774 3502/3502
f 4131/4131 3926/3926 4031/4031
f 3872/3872 3542/3542 3802/3802
f 3730/3730 3488/3488 4015/4015
f 4001/4001 3755/3755 3504/3504
f 3559/3559 3695/3695 3800/3800
f 3790/3790 3734/3734 3660/3660
f 3756/3756 4002/4002 3843/3843
f 3648/3648 3646/3646 3807/3807
f 3542/3542 3813/3813 3802/3802
f 3658/3658 4043/4043 3795/3795
f 3543/3543 3872/3872 3839/3839
f 3642/3642 3685/3685 3918/3918
f 3698/3698 3892/3892 3817/3817
f 3808/3808 4005/4005 3502/3502
f 3892/3892 3836/3836 3817/3817
f 3933/3933 3996/3996 3886/3886
f 4278/4278 2956/2956 3943/3943
f 3999/3999 3851/3851 3749/3749
f 3810/3810 3721/3721 3889/3889
f 3879/3879 4125/4125 3529/3529
f 3808/3808 3589/3589 3815/3815
f 3814/3814 3740/3740 3816/3816
f 3705/3705 3833/3833 4009/4009
f 3754/3754 3700/3700 3526/3526
f 3564/3564 3939/3939 3696/3696
f 2956/2956 4442/4442 3943/3943
f 3900/3900 3902/3902 3884/3884
f 3891/3891 3548/3548 3724/3724
f 4489/4489 2552/2552 4376/4376
f 3661/3661 3805/3805 3735/3735
f 3935/3935 3359/3359 3948/3948
f 3717/3717 3718/3718 3833/3833
f 3953/3953 3314/3314 3844/3844
f 3891/3891 3813/3813 3548/3548
f 3314/3314 3681/3681 3844/3844
f 3882/3882 3816/3816 3822/3822
f 4072/4072 3534/3534 3938/3938
f 3821/3821 3882/3882 3822/3822
f 3764/3764 3884/3884 3902/3902
f 3534/3534 3535/3535 3938/3938
f 3942/3942 3939/3939 3565/3565
f 3816/3816 3882/3882 3814/3814
f 3686/3686 3654/3654 3786/3786
f 3359/3359 3955/3955 3948/3948
f 3885/3885 3770/3770 3795/3795
f 3742/3742 3669/3669 3751/3751
f 3881/3881 3761/3761 3592/3592
f 2967/2967 2950/2950 4112/4112
f 3852/3852 3718/3718 3560/3560
f 4130/4130 3882/3882 3821/3821
f 3826/3826 3803/3803 3688/3688
f 4022/4022 3663/3663 3746/3746
f 3662/3662 3751/3751 3669/3669
f 3565/3565 3856/3856 3942/3942
f 3899/3899 4140/4140 4170/4170
f 4067/4067 3358/3358 4003/4003
f 3662/3662 3669/3669 3741/3741
f 3888/3888 3894/3894 3597/3597
f 3670/3670 3659/3659 3823/3823
f 3326/3326 3524/3524 4179/4179
f 3674/3674 3747/3747 3735/3735
f 3830/3830 3877/3877 3648/3648
f 3694/3694 3888/3888 3532/3532
f 3854/3854 3899/3899 3732/3732
f 3929/3929 3746/3746 3905/3905
f 3543/3543 3839/3839 3901/3901
f 3894/3894 3888/3888 3694/3694
f 4112/4112 2973/2973 2967/2967
f 3899/3899 3854/3854 4140/4140
f 4179/4179 3827/3827 3326/3326
f 3721/3721 3923/3923 3875/3875
f 3765/3765 3551/3551 3714/3714
f 3901/3901 4192/4192 3906/3906
f 3902/3902 3900/3900 3552/3552
f 3714/3714 3362/3362 4157/4157
f 3724/3724 3901/3901 3906/3906
f 3902/3902 3552/3552 3767/3767
f 3850/3850 3946/3946 3672/3672
f 3875/3875 3878/3878 3721/3721
f 3893/3893 3845/3845 3745/3745
f 3731/3731 3850/3850 3672/3672
f 3879/3879 3771/3771 4150/4150
f 2395/2395 4381/4381 3980/3980
f 4006/4006 3736/3736 3853/3853
f 4201/4201 3646/3646 3665/3665
f 3934/3934 3969/3969 4084/4084
f 3905/3905 3318/3318 3704/3704
f 3837/3837 4027/4027 3897/3897
f 3934/3934 3896/3896 3969/3969
f 3175/3175 3827/3827 4095/4095
f 3969/3969 3896/3896 3840/3840
f 3780/3780 3784/3784 3989/3989
f 3989/3989 4236/4236 3780/3780
f 3498/3498 3764/3764 3902/3902
f 4017/4017 4150/4150 3771/3771
f 3771/3771 3890/3890 4017/4017
f 3895/3895 3820/3820 3815/3815
f 3815/3815 3904/3904 3895/3895
f 3968/3968 3841/3841 4146/4146
f 3745/3745 4105/4105 3590/3590
f 3568/3568 3904/3904 3815/3815
f 3866/3866 3118/3118 3980/3980
f 3686/3686 3895/3895 3904/3904
f 4003/4003 3906/3906 4192/4192
f 4027/4027 3837/3837 4016/4016
f 3713/3713 4314/4314 2621/2621
f 3767/3767 3766/3766 3902/3902
f 3701/3701 3894/3894 3702/3702
f 3797/3797 3782/3782 3726/3726
f 3965/3965 3342/3342 3691/3691
f 3354/3354 3342/3342 3965/3965
f 3867/3867 3222/3222 4485/4485
f 3686/3686 3904/3904 3364/3364
f 3978/3978 3689/3689 4075/4075
f 3766/3766 3498/3498 3902/3902
f 4006/4006 3903/3903 3736/3736
f 4389/4389 3709/3709 4067/4067
f 3906/3906 4003/4003 3725/3725
f 3538/3538 3900/3900 3838/3838
f 4105/4105 3785/3785 3590/3590
f 3568/3568 3364/3364 3904/3904
f 3691/3691 3710/3710 3785/3785
f 3900/3900 3884/3884 3838/3838
f 3528/3528 3981/3981 3677/3677
f 3842/3842 3708/3708 3880/3880
f 4012/4012 3898/3898 3523/3523
f 3967/3967 3354/3354 3965/3965
f 2998/2998 2621/2621 3982/3982
f 3702/3702 3694/3694 3715/3715
f 3618/3618 4012/4012 3523/3523
f 3849/3849 3891/3891 3724/3724
f 3859/3859 3892/3892 3711/3711
f 3836/3836 3892/3892 3847/3847
f 3847/3847 3892/3892 3859/3859
f 3708/3708 3884/3884 3764/3764
f 3739/3739 3541/3541 3909/3909
f 3739/3739 3909/3909 3908/3908
f 4017/4017 3890/3890 3870/3870
f 2998/2998 3982/3982 4121/4121
f 3497/3497 3550/3550 3498/3498
f 3497/3497 3556/3556 3550/3550
f 3859/3859 3711/3711 3654/3654
f 3562/3562 2546/2546 3864/3864
f 3859/3859 3654/3654 3692/3692
f 3931/3931 3365/3365 3912/3912
f 3652/3652 3365/3365 3931/3931
f 4375/4375 3562/3562 4042/4042
f 3679/3679 3652/3652 3931/3931
f 3693/3693 3859/3859 3692/3692
f 3847/3847 3859/3859 3693/3693
f 3683/3683 3679/3679 3931/3931
f 3898/3898 3847/3847 3693/3693
f 3722/3722 3352/3352 4073/4073
f 2821/2821 3722/3722 4073/4073
f 4012/4012 3868/3868 3976/3976
f 3365/3365 3860/3860 3912/3912
f 3890/3890 3907/3907 4147/4147
f 3907/3907 3890/3890 3723/3723
f 4024/4024 3868/3868 3311/3311
f 3638/3638 3796/3796 4162/4162
f 3907/3907 3774/3774 4005/4005
f 3801/3801 3566/3566 4218/4218
f 3971/3971 3979/3979 4152/4152
f 4191/4191 3716/3716 4106/4106
f 4285/4285 3872/3872 3802/3802
f 3792/3792 3872/3872 4285/4285
f 4135/4135 3998/3998 4013/4013
f 3716/3716 3795/3795 4106/4106
f 3818/3818 3997/3997 3910/3910
f 4604/4604 4074/4074 3848/3848
f 2940/2940 3869/3869 4309/4309
f 3804/3804 3995/3995 3504/3504
f 3362/3362 4133/4133 4158/4158
f 3808/3808 3815/3815 4029/4029
f 3799/3799 3506/3506 4072/4072
f 4110/4110 4106/4106 3795/3795
f 3793/3793 3653/3653 4184/4184
f 4238/4238 4133/4133 3729/3729
f 3820/3820 4029/4029 3815/3815
f 3987/3987 3798/3798 3792/3792
f 4027/4027 4022/4022 3949/3949
f 3676/3676 4072/4072 3506/3506
f 3834/3834 3214/3214 4060/4060
f 4013/4013 3998/3998 3874/3874
f 4141/4141 4152/4152 4000/4000
f 3802/3802 3813/3813 3925/3925
f 3811/3811 3136/3136 4369/4369
f 3887/3887 4000/4000 4152/4152
f 3659/3659 4041/4041 4082/4082
f 3919/3919 3995/3995 3804/3804
f 4184/4184 3653/3653 4059/4059
f 4111/4111 3680/3680 4168/4168
f 3930/3930 3925/3925 3813/3813
f 3813/3813 3891/3891 3930/3930
f 4034/4034 4004/4004 3876/3876
f 3796/3796 3800/3800 4071/4071
f 3639/3639 3645/3645 4163/4163
f 4110/4110 3795/3795 4043/4043
f 3915/3915 3913/3913 3301/3301
f 3697/3697 3794/3794 3924/3924
f 3811/3811 4179/4179 3524/3524
f 3995/3995 3797/3797 3504/3504
f 3883/3883 3803/3803 4025/4025
f 4169/4169 3644/3644 3649/3649
f 3930/3930 3891/3891 4232/4232
f 3997/3997 3674/3674 4116/4116
f 3680/3680 3809/3809 4168/4168
f 4244/4244 3809/3809 3812/3812
f 4002/4002 3883/3883 4025/4025
f 3301/3301 3913/3913 4045/4045
f 3886/3886 3998/3998 4088/4088
f 3649/3649 4231/4231 4169/4169
f 4120/4120 3924/3924 3794/3794
f 3698/3698 4120/4120 3794/3794
f 3919/3919 3804/3804 3928/3928
f 4045/4045 3842/3842 3301/3301
f 4009/4009 3928/3928 3804/3804
f 3926/3926 4115/4115 4000/4000
f 3696/3696 3939/3939 4206/4206
f 4045/4045 3954/3954 3842/3842
f 3698/3698 3817/3817 4120/4120
f 3805/3805 4116/4116 3735/3735
f 4208/4208 3721/3721 3810/3810
f 3915/3915 3918/3918 3916/3916
f 2552/2552 3819/3819 4376/4376
f 3953/3953 3940/3940 3493/3493
f 3886/3886 3921/3921 3933/3933
f 4031/4031 4257/4257 4131/4131
f 3642/3642 3918/3918 3915/3915
f 3804/3804 3705/3705 4009/4009
f 4131/4131 4257/4257 3927/3927
f 4637/4637 4633/4633 2989/2989
f 4130/4130 4059/4059 3814/3814
f 3814/3814 3882/3882 4130/4130
f 4192/4192 3901/3901 3839/3839
f 3846/3846 3175/3175 4095/4095
f 4153/4153 4011/4011 3947/3947
f 3939/3939 3942/3942 4127/4127
f 3663/3663 4027/4027 3560/3560
f 4022/4022 4027/4027 3663/3663
f 4489/4489 4445/4445 3684/3684
f 3735/3735 4116/4116 3674/3674
f 4095/4095 4345/4345 3846/3846
f 3547/3547 3846/3846 4345/4345
f 3933/3933 4138/4138 3996/3996
f 4007/4007 3918/3918 3685/3685
f 3849/3849 4232/4232 3891/3891
f 4253/4253 3903/3903 4151/4151
f 4018/4018 4009/4009 3833/3833
f 3933/3933 3921/3921 4008/4008
f 4015/4015 4010/4010 3730/3730
f 4025/4025 3803/3803 3826/3826
f 3960/3960 3834/3834 4060/4060
f 3903/3903 4253/4253 3805/3805
f 3823/3823 3659/3659 4082/4082
f 4015/4015 3668/3668 4010/4010
f 3817/3817 3836/3836 3944/3944
f 3849/3849 3851/3851 4104/4104
f 3949/3949 4053/4053 3936/3936
f 3944/3944 3836/3836 3962/3962
f 3667/3667 4014/4014 3656/3656
f 3718/3718 4018/4018 3833/3833
f 4008/4008 3911/3911 3933/3933
f 3823/3823 3952/3952 3670/3670
f 4104/4104 3851/3851 4109/4109
f 4016/4016 4018/4018 3718/3718
f 3858/3858 3339/3339 3536/3536
f 3861/3861 3720/3720 3719/3719
f 3856/3856 3857/3857 3963/3963
f 3933/3933 3911/3911 4138/4138
f 3678/3678 3670/3670 3952/3952
f 3935/3935 3948/3948 4019/4019
f 3936/3936 4182/4182 3837/3837
f 3836/3836 3847/3847 3962/3962
f 3952/3952 4229/4229 3678/3678
f 3852/3852 3560/3560 4027/4027
f 3934/3934 4010/4010 3668/3668
f 4093/4093 2395/2395 3341/3341
f 3932/3932 3853/3853 3687/3687
f 3929/3929 4022/4022 3746/3746
f 3847/3847 3974/3974 3962/3962
f 3896/3896 3934/3934 3668/3668
f 3685/3685 3818/3818 4007/4007
f 3821/3821 3822/3822 4259/4259
f 4011/4011 4153/4153 4021/4021
f 4007/4007 3818/3818 3910/3910
f 4006/4006 3853/3853 3932/3932
f 3857/3857 3716/3716 3963/3963
f 4093/4093 4381/4381 2395/2395
f 3745/3745 3845/3845 4105/4105
f 3843/3843 4002/4002 4025/4025
f 3963/3963 3716/3716 4191/4191
f 3923/3923 4166/4166 3875/3875
f 3765/3765 4011/4011 4021/4021
f 3765/3765 4155/4155 4011/4011
f 3945/3945 3840/3840 3896/3896
f 4130/4130 3821/3821 3941/3941
f 4016/4016 3837/3837 4018/4018
f 3894/3894 3694/3694 3702/3702
f 4212/4212 3864/3864 3861/3861
f 3980/3980 4381/4381 4099/4099
f 3945/3945 3896/3896 3668/3668
f 3875/3875 4064/4064 3862/3862
f 3821/3821 4023/4023 3941/3941
f 3929/3929 3905/3905 3704/3704
f 4238/4238 3707/3707 3978/3978
f 3562/3562 3864/3864 4439/4439
f 3948/3948 3955/3955 4057/4057
f 4021/4021 4020/4020 3761/3761
f 3222/3222 3373/3373 3973/3973
f 4485/4485 3222/3222 3973/3973
f 3881/3881 4021/4021 3761/3761
f 4025/4025 3826/3826 4026/4026
f 3778/3778 4025/4025 4026/4026
f 3936/3936 3837/3837 3897/3897
f 3909/3909 3709/3709 4389/4389
f 4079/4079 4056/4056 3838/3838
f 3732/3732 3899/3899 4136/4136
f 3898/3898 3974/3974 3847/3847
f 3691/3691 3785/3785 4105/4105
f 4170/4170 4136/4136 3899/3899
f 3538/3538 3838/3838 4056/4056
f 3765/3765 4021/4021 3881/3881
f 3897/3897 3949/3949 3936/3936
f 3842/3842 3954/3954 3708/3708
f 4375/4375 4309/4309 3869/3869
f 3950/3950 3703/3703 3908/3908
f 3967/3967 4062/4062 3712/3712
f 3863/3863 4013/4013 3733/3733
f 3561/3561 3867/3867 4378/4378
f 4016/4016 3852/3852 4027/4027
f 3884/3884 3954/3954 3838/3838
f 3949/3949 3897/3897 4027/4027
f 3733/3733 4013/4013 3874/3874
f 3950/3950 3908/3908 3909/3909
f 3765/3765 3714/3714 4157/4157
f 3976/3976 3974/3974 3898/3898
f 3898/3898 4012/4012 3976/3976
f 3708/3708 3954/3954 3884/3884
f 3852/3852 4016/4016 3718/3718
f 4083/4083 3850/3850 4144/4144
f 3362/3362 4158/4158 4157/4157
f 3854/3854 3966/3966 4085/4085
f 4236/4236 4048/4048 3780/3780
f 3862/3862 3949/3949 4022/4022
f 3797/3797 3995/3995 3782/3782
f 3877/3877 3830/3830 3922/3922
f 3986/3986 4440/4440 2579/2579
f 3870/3870 3890/3890 4147/4147
f 4024/4024 3486/3486 4098/4098
f 4128/4128 3971/3971 4137/4137
f 4137/4137 3971/3971 4141/4141
f 3870/3870 3877/3877 3922/3922
f 3971/3971 4152/4152 4141/4141
f 3979/3979 3971/3971 4146/4146
f 4024/4024 3976/3976 3868/3868
f 3922/3922 4017/4017 3870/3870
f 3665/3665 3677/3677 4201/4201
f 3981/3981 3528/3528 4214/4214
f 3924/3924 4214/4214 3528/3528
f 3528/3528 3697/3697 3924/3924
f 3566/3566 3871/3871 4080/4080
f 3907/3907 4005/4005 4028/4028
f 4029/4029 4028/4028 4005/4005
f 4029/4029 4005/4005 3808/3808
f 3820/3820 4028/4028 4029/4029
f 3851/3851 3999/3999 4109/4109
f 4032/4032 4254/4254 3464/3464
f 3678/3678 4229/4229 3682/3682
f 3820/3820 3744/3744 4028/4028
f 3682/3682 4229/4229 3957/3957
f 3798/3798 3987/3987 4192/4192
f 3816/3816 3740/3740 4030/4030
f 3994/3994 3682/3682 3957/3957
f 3820/3820 3895/3895 3744/3744
f 4192/4192 3839/3839 3798/3798
f 3740/3740 3935/3935 4030/4030
f 3878/3878 4035/4035 3889/3889
f 3778/3778 3843/3843 4025/4025
f 3776/3776 3682/3682 3994/3994
f 3994/3994 3845/3845 3893/3893
f 3816/3816 4259/4259 3822/3822
f 3893/3893 3776/3776 3994/3994
f 3464/3464 3989/3989 3784/3784
f 3826/3826 3688/3688 3458/3458
f 3458/3458 4026/4026 3826/3826
f 4036/4036 3877/3877 4139/4139
f 4023/4023 3821/3821 4033/4033
f 3877/3877 3870/3870 4139/4139
f 4048/4048 3964/3964 3780/3780
f 3990/3990 3831/3831 3788/3788
f 3992/3992 4036/4036 4139/4139
f 3775/3775 3988/3988 3956/3956
f 4038/4038 4004/4004 4034/4034
f 4040/4040 3889/3889 4035/4035
f 4076/4076 4038/4038 4034/4034
f 4037/4037 3889/3889 4040/4040
f 3886/3886 3996/3996 4034/4034
f 3732/3732 3988/3988 3775/3775
f 4076/4076 4034/4034 3996/3996
f 3712/3712 4062/4062 3863/3863
f 4039/4039 4077/4077 4032/4032
f 4013/4013 3863/3863 4062/4062
f 3810/3810 3889/3889 4037/4037
f 3782/3782 3919/3919 3783/3783
f 3781/3781 4028/4028 3596/3596
f 3991/3991 3966/3966 3779/3779
f 4040/4040 3993/3993 4037/4037
f 4028/4028 3781/3781 3992/3992
f 3995/3995 3919/3919 3782/3782
f 3779/3779 3453/3453 3991/3991
f 3788/3788 3783/3783 3990/3990
f 3453/3453 4010/4010 3991/3991
f 4037/4037 4217/4217 3810/3810
f 4037/4037 3993/3993 4217/4217
f 4018/4018 3837/3837 4009/4009
f 4009/4009 3837/3837 3928/3928
f 3965/3965 3691/3691 4281/4281
f 4231/4231 4051/4051 4303/4303
f 3914/3914 3917/3917 4123/4123
f 3930/3930 4232/4232 4365/4365
f 4048/4048 3731/3731 3964/3964
f 4028/4028 4147/4147 3907/3907
f 3806/3806 3929/3929 4233/4233
f 4444/4444 3538/3538 4056/4056
f 4097/4097 3638/3638 4162/4162
f 4060/4060 3214/3214 4159/4159
f 4052/4052 3965/3965 4281/4281
f 3967/3967 3965/3965 4052/4052
f 4064/4064 3875/3875 4166/4166
f 4125/4125 4124/4124 3673/3673
f 4109/4109 4126/4126 4180/4180
f 3916/3916 3913/3913 3915/3915
f 4062/4062 3967/3967 4052/4052
f 4120/4120 3817/3817 4049/4049
f 4187/4187 4128/4128 4137/4137
f 4051/4051 3960/3960 4324/4324
f 3731/3731 4048/4048 4143/4143
f 4182/4182 3936/3936 4053/4053
f 4150/4150 4124/4124 4125/4125
f 4125/4125 3879/3879 4150/4150
f 4043/4043 3799/3799 4072/4072
f 4187/4187 4137/4137 4171/4171
f 4435/4435 3811/3811 4369/4369
f 3860/3860 3538/3538 4444/4444
f 4173/4173 4134/4134 4203/4203
f 4239/4239 3926/3926 4131/4131
f 3912/3912 3860/3860 4444/4444
f 4169/4169 4164/4164 3644/3644
f 4127/4127 4363/4363 4046/4046
f 4059/4059 3653/3653 3814/3814
f 4053/4053 3949/3949 4066/4066
f 4073/4073 3352/3352 4418/4418
f 4182/4182 4063/4063 3928/3928
f 3928/3928 3837/3837 4182/4182
f 4233/4233 3929/3929 3704/3704
f 3132/3132 4065/4065 4319/4319
f 3955/3955 4321/4321 4057/4057
f 4172/4172 3828/3828 3831/3831
f 4134/4134 4143/4143 4242/4242
f 3817/3817 3944/3944 4049/4049
f 4126/4126 4109/4109 4142/4142
f 4233/4233 3704/3704 3951/3951
f 4059/4059 4130/4130 4189/4189
f 4134/4134 4061/4061 4203/4203
f 4171/4171 4137/4137 4141/4141
f 3955/3955 3956/3956 4321/4321
f 4066/4066 3862/3862 4064/4064
f 4189/4189 4130/4130 4195/4195
f 4321/4321 3956/3956 3988/3988
f 4084/4084 4010/4010 3934/3934
f 3536/3536 3959/3959 3858/3858
f 3838/3838 3954/3954 4045/4045
f 3831/3831 3990/3990 4068/4068
f 3990/3990 4070/4070 4068/4068
f 4061/4061 4134/4134 4242/4242
f 3952/3952 3823/3823 4304/4304
f 3919/3919 4132/4132 3783/3783
f 4245/4245 3840/3840 3945/3945
f 3830/3830 4044/4044 4069/4069
f 3732/3732 4136/4136 3988/3988
f 3940/3940 4072/4072 3938/3938
f 4192/4192 4067/4067 4003/4003
f 3783/3783 4132/4132 3990/3990
f 4069/4069 4126/4126 3922/3922
f 3796/3796 4312/4312 4162/4162
f 4229/4229 3952/3952 4304/4304
f 3946/3946 3850/3850 4246/4246
f 4136/4136 4170/4170 4165/4165
f 3547/3547 3970/3970 3196/3196
f 4246/4246 3850/3850 4078/4078
f 3947/3947 4149/4149 4096/4096
f 4013/4013 4062/4062 4135/4135
f 4063/4063 4070/4070 3990/3990
f 3719/3719 3196/3196 3970/3970
f 4138/4138 4247/4247 3996/3996
f 3830/3830 4069/4069 3922/3922
f 4127/4127 4243/4243 4363/4363
f 4007/4007 3916/3916 3918/3918
f 3994/3994 4230/4230 4374/4374
f 4107/4107 2943/2943 4479/4479
f 3849/3849 4104/4104 4232/4232
f 3974/3974 4268/4268 3962/3962
f 3928/3928 3990/3990 4132/4132
f 4063/4063 3990/3990 3928/3928
f 3938/3938 3493/3493 3940/3940
f 3998/3998 4135/4135 4088/4088
f 3850/3850 4143/4143 4144/4144
f 3923/3923 3721/3721 4288/4288
f 4247/4247 4138/4138 3911/3911
f 4091/4091 2989/2989 4724/4724
f 4205/4205 4250/4250 4149/4149
f 3731/3731 4143/4143 3850/3850
f 4080/4080 3871/3871 4073/4073
f 3864/3864 4212/4212 4439/4439
f 3845/3845 3994/3994 4374/4374
f 3910/3910 3997/3997 4234/4234
f 4112/4112 2950/2950 3855/3855
f 3373/3373 4107/4107 3973/3973
f 3854/3854 4330/4330 4140/4140
f 3928/3928 4132/4132 3919/3919
f 4085/4085 4330/4330 3854/3854
f 4244/4244 4168/4168 3809/3809
f 4083/4083 4078/4078 3850/3850
f 3562/3562 4439/4439 4042/4042
f 3862/3862 4066/4066 3949/3949
f 4113/4113 4249/4249 4252/4252
f 4078/4078 4083/4083 4272/4272
f 3464/3464 4254/4254 3989/3989
f 4085/4085 3991/3991 4084/4084
f 3721/3721 4208/4208 4288/4288
f 3991/3991 4010/4010 4084/4084
f 4056/4056 4079/4079 4362/4362
f 3950/3950 3909/3909 4389/4389
f 2621/2621 4314/4314 4482/4482
f 4152/4152 3979/3979 4176/4176
f 4202/4202 4106/4106 4110/4110
f 3867/3867 4485/4485 4378/4378
f 3886/3886 4088/4088 4193/4193
f 3921/3921 3886/3886 4193/4193
f 3796/3796 4071/4071 4325/4325
f 4113/4113 4148/4148 4254/4254
f 3982/3982 2621/2621 4482/4482
f 4144/4144 4143/4143 4134/4134
f 3646/3646 4201/4201 3807/3807
f 4111/4111 4254/4254 4148/4148
f 4173/4173 4083/4083 4144/4144
f 4285/4285 3802/3802 4213/4213
f 4085/4085 4145/4145 4092/4092
f 4145/4145 4085/4085 3969/3969
f 4173/4173 4144/4144 4134/4134
f 3972/3972 4092/4092 4145/4145
f 4080/4080 4218/4218 3566/3566
f 3969/3969 4085/4085 4084/4084
f 4216/4216 3975/3975 3977/3977
f 4071/4071 3800/3800 4089/4089
f 3810/3810 4217/4217 4208/4208
f 4148/4148 3932/3932 4111/4111
f 4142/4142 3922/3922 4126/4126
f 2973/2973 4112/4112 3666/3666
f 4020/4020 4244/4244 3812/3812
f 4234/4234 3997/3997 4116/4116
f 4148/4148 4113/4113 4252/4252
f 4148/4148 4252/4252 4151/4151
f 3800/3800 3695/3695 4089/4089
f 3932/3932 4148/4148 4151/4151
f 4151/4151 4006/4006 3932/3932
f 3841/3841 4246/4246 4146/4146
f 4219/4219 4213/4213 3802/3802
f 4206/4206 4090/4090 3696/3696
f 4006/4006 4151/4151 3903/3903
f 4100/4100 4024/4024 4098/4098
f 3939/3939 4127/4127 4206/4206
f 4142/4142 4109/4109 3999/3999
f 4102/4102 4149/4149 3947/3947
f 4217/4217 4108/4108 4373/4373
f 3925/3925 4219/4219 3802/3802
f 4024/4024 4215/4215 3976/3976
f 4215/4215 4024/4024 4100/4100
f 4300/4300 4054/4054 4256/4256
f 3567/3567 4121/4121 4122/4122
f 4096/4096 4153/4153 3947/3947
f 4205/4205 4154/4154 4300/4300
f 4108/4108 4217/4217 3993/3993
f 4206/4206 4127/4127 4046/4046
f 3673/3673 3999/3999 3749/3749
f 4475/4475 3983/3983 4222/4222
f 4154/4154 4054/4054 4300/4300
f 3993/3993 4292/4292 4108/4108
f 3922/3922 4142/4142 4017/4017
f 3929/3929 3806/3806 4022/4022
f 4122/4122 4313/4313 3567/3567
f 4116/4116 3805/3805 4253/4253
f 4150/4150 3999/3999 4124/4124
f 4142/4142 3999/3999 4150/4150
f 4141/4141 4000/4000 4115/4115
f 3673/3673 4124/4124 3999/3999
f 3947/3947 4011/4011 4102/4102
f 3490/3490 3567/3567 4313/4313
f 4011/4011 4155/4155 4102/4102
f 4017/4017 4142/4142 4150/4150
f 3942/3942 3856/3856 4119/4119
f 3983/3983 4415/4415 3985/3985
f 4238/4238 3978/3978 4186/4186
f 4176/4176 4156/4156 4152/4152
f 4096/4096 4021/4021 4153/4153
f 4096/4096 4020/4020 4021/4021
f 3963/3963 4119/4119 3856/3856
f 4156/4156 4176/4176 4078/4078
f 4054/4054 4154/4154 4205/4205
f 4156/4156 4078/4078 4272/4272
f 4440/4440 3519/3519 2579/2579
f 4147/4147 4139/4139 3870/3870
f 4055/4055 4047/4047 4103/4103
f 4102/4102 4054/4054 4205/4205
f 2943/2943 3519/3519 4479/4479
f 4201/4201 3677/3677 4103/4103
f 3677/3677 4055/4055 4103/4103
f 4054/4054 4102/4102 4155/4155
f 4155/4155 4157/4157 4054/4054
f 4204/4204 4115/4115 3926/3926
f 4158/4158 4054/4054 4157/4157
f 4157/4157 4155/4155 3765/3765
f 3981/3981 4055/4055 3677/3677
f 4055/4055 3981/3981 4214/4214
f 4139/4139 4028/4028 3992/3992
f 4028/4028 4139/4139 4147/4147
f 3793/3793 4260/4260 4041/4041
f 3948/3948 4277/4277 4019/4019
f 4369/4369 3791/3791 4293/4293
f 4057/4057 4277/4277 3948/3948
f 4260/4260 3793/3793 4160/4160
f 4164/4164 4339/4339 4263/4263
f 3136/3136 3791/3791 4369/4369
f 4236/4236 4143/4143 4048/4048
f 3793/3793 4184/4184 4160/4160
f 4303/4303 4051/4051 4324/4324
f 4237/4237 4053/4053 4404/4404
f 4082/4082 4041/4041 4260/4260
f 4239/4239 4204/4204 3926/3926
f 4169/4169 4339/4339 4164/4164
f 4055/4055 4209/4209 4047/4047
f 4065/4065 2785/2785 4445/4445
f 4171/4171 4366/4366 4187/4187
f 3683/3683 4446/4446 3958/3958
f 4058/4058 3639/3639 4178/4178
f 4184/4184 4059/4059 4347/4347
f 4097/4097 4162/4162 4311/4311
f 4277/4277 4057/4057 4321/4321
f 3844/3844 4197/4197 3953/3953
f 4104/4104 4109/4109 4180/4180
f 4326/4326 4239/4239 4301/4301
f 4053/4053 4237/4237 4182/4182
f 4427/4427 4319/4319 4065/4065
f 4136/4136 4165/4165 4321/4321
f 3838/3838 4045/4045 4362/4362
f 4238/4238 4256/4256 4054/4054
f 3824/3824 3828/3828 4274/4274
f 4178/4178 4163/4163 4279/4279
f 4045/4045 3913/3913 4470/4470
f 4379/4379 2604/2604 4664/4664
f 4282/4282 4347/4347 4059/4059
f 4163/4163 4178/4178 3639/3639
f 4136/4136 4321/4321 3988/3988
f 4242/4242 4143/4143 4236/4236
f 4054/4054 4158/4158 4133/4133
f 4282/4282 4059/4059 4189/4189
f 4169/4169 4231/4231 4303/4303
f 4141/4141 4115/4115 4171/4171
f 4238/4238 4054/4054 4133/4133
f 4298/4298 4123/4123 4174/4174
f 4322/4322 4174/4174 4123/4123
f 4251/4251 4322/4322 4123/4123
f 4192/4192 3987/3987 4190/4190
f 3989/3989 4255/4255 4236/4236
f 4271/4271 4170/4170 4140/4140
f 4627/4627 3713/3713 4319/4319
f 4063/4063 4323/4323 4070/4070
f 4183/4183 4239/4239 4131/4131
f 4312/4312 4398/4398 4162/4162
f 4301/4301 4239/4239 4183/4183
f 3911/3911 4235/4235 4247/4247
f 4079/4079 3838/3838 4362/4362
f 4195/4195 4130/4130 4196/4196
f 4146/4146 4176/4176 3979/3979
f 4271/4271 4140/4140 4275/4275
f 4389/4389 4067/4067 4198/4198
f 3823/3823 4082/4082 4360/4360
f 4298/4298 4240/4240 4123/4123
f 3339/3339 3858/3858 4317/4317
f 4182/4182 4237/4237 4299/4299
f 4061/4061 4242/4242 4168/4168
f 3796/3796 4325/4325 4312/4312
f 4240/4240 3914/3914 4123/4123
f 4181/4181 4275/4275 4140/4140
f 4243/4243 4185/4185 4363/4363
f 4367/4367 4081/4081 4167/4167
f 3962/3962 4049/4049 3944/3944
f 4176/4176 4146/4146 4246/4246
f 4081/4081 4062/4062 4167/4167
f 4062/4062 4081/4081 4322/4322
f 4314/4314 3713/3713 4627/4627
f 4140/4140 4330/4330 4181/4181
f 4232/4232 4104/4104 4273/4273
f 4288/4288 4208/4208 4531/4531
f 4062/4062 4322/4322 4135/4135
f 4161/4161 4156/4156 4272/4272
f 3845/3845 4374/4374 4409/4409
f 4126/4126 4069/4069 4180/4180
f 4087/4087 4248/4248 4249/4249
f 4096/4096 4244/4244 4020/4020
f 4438/4438 4374/4374 4230/4230
f 4322/4322 4088/4088 4135/4135
f 4200/4200 4243/4243 4191/4191
f 3683/3683 3931/3931 4211/4211
f 3866/3866 3980/3980 4483/4483
f 4325/4325 4071/4071 4089/4089
f 4252/4252 4234/4234 4116/4116
f 4168/4168 4244/4244 4061/4061
f 4636/4636 2834/2834 4548/4548
f 4092/4092 4330/4330 4085/4085
f 4246/4246 4078/4078 4176/4176
f 4409/4409 4105/4105 3845/3845
f 3917/3917 4251/4251 4123/4123
f 4249/4249 4248/4248 4234/4234
f 4087/4087 4249/4249 4329/4329
f 4116/4116 4253/4253 4252/4252
f 4330/4330 4129/4129 4188/4188
f 4373/4373 4371/4371 4217/4217
f 4329/4329 4249/4249 4177/4177
f 4203/4203 4061/4061 4244/4244
f 4322/4322 4251/4251 4088/4088
f 4251/4251 4193/4193 4088/4088
f 4473/4473 3691/3691 4105/4105
f 4281/4281 3691/3691 4473/4473
f 4177/4177 4249/4249 4113/4113
f 4092/4092 3972/3972 4330/4330
f 4330/4330 3972/3972 4129/4129
f 4234/4234 4252/4252 4249/4249
f 4203/4203 4149/4149 4250/4250
f 3940/3940 3953/3953 4197/4197
f 4151/4151 4252/4252 4253/4253
f 3916/3916 4007/4007 4194/4194
f 3921/3921 4193/4193 4008/4008
f 4200/4200 4185/4185 4243/4243
f 3989/3989 4254/4254 4255/4255
f 4254/4254 4224/4224 4177/4177
f 4524/4524 4074/4074 4604/4604
f 3807/3807 4201/4201 4302/4302
f 4177/4177 4113/4113 4254/4254
f 4149/4149 4203/4203 4244/4244
f 4373/4373 4108/4108 4343/4343
f 4111/4111 4255/4255 4254/4254
f 4255/4255 4111/4111 4168/4168
f 4108/4108 4292/4292 4343/4343
f 4149/4149 4244/4244 4096/4096
f 4338/4338 4392/4392 4250/4250
f 4311/4311 4101/4101 4097/4097
f 4101/4101 4311/4311 4306/4306
f 3942/3942 4243/4243 4127/4127
f 4119/4119 4243/4243 3942/3942
f 4200/4200 4191/4191 4106/4106
f 4205/4205 4338/4338 4250/4250
f 3987/3987 3792/3792 4190/4190
f 4103/4103 4047/4047 4209/4209
f 4106/4106 4202/4202 4200/4200
f 4114/4114 4171/4171 4115/4115
f 4119/4119 3963/3963 4191/4191
f 4191/4191 4243/4243 4119/4119
f 4219/4219 3925/3925 3930/3930
f 4209/4209 4201/4201 4103/4103
f 4115/4115 4204/4204 4114/4114
f 4102/4102 4205/4205 4149/4149
f 4267/4267 4114/4114 4204/4204
f 4209/4209 4055/4055 4214/4214
f 3819/3819 4223/4223 4443/4443
f 4256/4256 4210/4210 4300/4300
f 4214/4214 3924/3924 4294/4294
f 3924/3924 4296/4296 4294/4294
f 4475/4475 4436/4436 3983/3983
f 4300/4300 4283/4283 4205/4205
f 3924/3924 4120/4120 4296/4296
f 4372/4372 4296/4296 4120/4120
f 3984/3984 4418/4418 3352/3352
f 3887/3887 4152/4152 4156/4156
f 3887/3887 4156/4156 4161/4161
f 4030/4030 4259/4259 3816/3816
f 4225/4225 4030/4030 3935/3935
f 4259/4259 4030/4030 4225/4225
f 4225/4225 4261/4261 4259/4259
f 4032/4032 4224/4224 4254/4254
f 3941/3941 4226/4226 4130/4130
f 4130/4130 4226/4226 4196/4196
f 4161/4161 4031/4031 3887/3887
f 3935/3935 4019/4019 4225/4225
f 3996/3996 4247/4247 4076/4076
f 4086/4086 4076/4076 4247/4247
f 4040/4040 4258/4258 3993/3993
f 3831/3831 4068/4068 4172/4172
f 4450/4450 4131/4131 3927/3927
f 4226/4226 3941/3941 4227/4227
f 4230/4230 3957/3957 4229/4229
f 4228/4228 4227/4227 4023/4023
f 4023/4023 4227/4227 3941/3941
f 3957/3957 4230/4230 3994/3994
f 4450/4450 3927/3927 4257/4257
f 4183/4183 4131/4131 4450/4450
f 3821/3821 4259/4259 4291/4291
f 3821/3821 4291/4291 4033/4033
f 4257/4257 4031/4031 4161/4161
f 4291/4291 4228/4228 4033/4033
f 4033/4033 4228/4228 4023/4023
f 4040/4040 3806/3806 4258/4258
f 4032/4032 4077/4077 4459/4459
f 4233/4233 4258/4258 3806/3806
f 3991/3991 4085/4085 3966/3966
f 4373/4373 4343/4343 4265/4265
f 4218/4218 4264/4264 4223/4223
f 4342/4342 3807/3807 4302/4302
f 4404/4404 4335/4335 4320/4320
f 4186/4186 4364/4364 4238/4238
f 4255/4255 4242/4242 4236/4236
f 4112/4112 3855/3855 4328/4328
f 4269/4269 4332/4332 4267/4267
f 3912/3912 4560/4560 3931/3931
f 4164/4164 4263/4263 4280/4280
f 4159/4159 3824/3824 4394/4394
f 4391/4391 4402/4402 4370/4370
f 4268/4268 3974/3974 4215/4215
f 4345/4345 3970/3970 3547/3547
f 4362/4362 4045/4045 4270/4270
f 4242/4242 4255/4255 4168/4168
f 4274/4274 4394/4394 3824/3824
f 4360/4360 4082/4082 4260/4260
f 4261/4261 4321/4321 4165/4165
f 4386/4386 4301/4301 4183/4183
f 3970/3970 4599/4599 3719/3719
f 4664/4664 2604/2604 4576/4576
f 4394/4394 4284/4284 4331/4331
f 4104/4104 4180/4180 4273/4273
f 3917/3917 4193/4193 4251/4251
f 4274/4274 4284/4284 4394/4394
f 4172/4172 4274/4274 3828/3828
f 4185/4185 4476/4476 4363/4363
f 4160/4160 4184/4184 4347/4347
f 4330/4330 4188/4188 4334/4334
f 4344/4344 3792/3792 4285/4285
f 4211/4211 3931/3931 4560/4560
f 4185/4185 4200/4200 4202/4202
f 4289/4289 3866/3866 4483/4483
f 4187/4187 4366/4366 4333/4333
f 4274/4274 4172/4172 4323/4323
f 4315/4315 4046/4046 4363/4363
f 4172/4172 4068/4068 4323/4323
f 4446/4446 3683/3683 4211/4211
f 4053/4053 4393/4393 4404/4404
f 4284/4284 4399/4399 4287/4287
f 4171/4171 4114/4114 4366/4366
f 3913/3913 4241/4241 4470/4470
f 4209/4209 4214/4214 4337/4337
f 4286/4286 4062/4062 4052/4052
f 4335/4335 4287/4287 4320/4320
f 4366/4366 4114/4114 4346/4346
f 4186/4186 3978/3978 4350/4350
f 4165/4165 4170/4170 4271/4271
f 4392/4392 4173/4173 4203/4203
f 4261/4261 4225/4225 4277/4277
f 4392/4392 4203/4203 4250/4250
f 3978/3978 4075/4075 4350/4350
f 4531/4531 4208/4208 4371/4371
f 4121/4121 3982/3982 4538/4538
f 4486/4486 4441/4441 4043/4043
f 4043/4043 4072/4072 4486/4486
f 3666/3666 4305/4305 2973/2973
f 4208/4208 4217/4217 4371/4371
f 4222/4222 2973/2973 4305/4305
f 4114/4114 4267/4267 4346/4346
f 3791/3791 4289/4289 4293/4293
f 4058/4058 4350/4350 4075/4075
f 4066/4066 4393/4393 4053/4053
f 4321/4321 4261/4261 4277/4277
f 4070/4070 4323/4323 4068/4068
f 3858/3858 3959/3959 4447/4447
f 4337/4337 4214/4214 4294/4294
f 4290/4290 4195/4195 4406/4406
f 4189/4189 4195/4195 4290/4290
f 4169/4169 4303/4303 4339/4339
f 4724/4724 2989/2989 4633/4633
f 4327/4327 4196/4196 4226/4226
f 4204/4204 4401/4401 4267/4267
f 4343/4343 4292/4292 4396/4396
f 4069/4069 4044/4044 4342/4342
f 4486/4486 4072/4072 4545/4545
f 4190/4190 4344/4344 4397/4397
f 4174/4174 4322/4322 4367/4367
f 4367/4367 4322/4322 4081/4081
f 4077/4077 4087/4087 4459/4459
f 4072/4072 3940/3940 4545/4545
f 4044/4044 3807/3807 4342/4342
f 4190/4190 3792/3792 4344/4344
f 4338/4338 4205/4205 4295/4295
f 2940/2940 4309/4309 4207/4207
f 4269/4269 4267/4267 4401/4401
f 4300/4300 4210/4210 4357/4357
f 4227/4227 4228/4228 4226/4226
f 4101/4101 4306/4306 4395/4395
f 3973/3973 4107/4107 4479/4479
f 4443/4443 4376/4376 3819/3819
f 3823/3823 4360/4360 4304/4304
f 4087/4087 4329/4329 4341/4341
f 4384/4384 4259/4259 4261/4261
f 4239/4239 4326/4326 4401/4401
f 4225/4225 4019/4019 4277/4277
f 4323/4323 4299/4299 4399/4399
f 4240/4240 4298/4298 4425/4425
f 4166/4166 4066/4066 4064/4064
f 4303/4303 4324/4324 4403/4403
f 4182/4182 4323/4323 4063/4063
f 4299/4299 4323/4323 4182/4182
f 4324/4324 4308/4308 4403/4403
f 4404/4404 4299/4299 4237/4237
f 4308/4308 4324/4324 3960/3960
f 4307/4307 4210/4210 4256/4256
f 4229/4229 4438/4438 4230/4230
f 3960/3960 4060/4060 4308/4308
f 4310/4310 4233/4233 3951/3951
f 4313/4313 4515/4515 3490/3490
f 4159/4159 4308/4308 4060/4060
f 4364/4364 4307/4307 4256/4256
f 4238/4238 4364/4364 4256/4256
f 4276/4276 4326/4326 4301/4301
f 4049/4049 4372/4372 4120/4120
f 4276/4276 4301/4301 4400/4400
f 4179/4179 4520/4520 3827/3827
f 4400/4400 4301/4301 4386/4386
f 3681/3681 3848/3848 4074/4074
f 4095/4095 3827/3827 4520/4520
f 4273/4273 4365/4365 4232/4232
f 4437/4437 4312/4312 4405/4405
f 4198/4198 4192/4192 4190/4190
f 4312/4312 4325/4325 4405/4405
f 4372/4372 4049/4049 3962/3962
f 4440/4440 4479/4479 3519/3519
f 4067/4067 4192/4192 4198/4198
f 4405/4405 4325/4325 4089/4089
f 4405/4405 4089/4089 4316/4316
f 4379/4379 4691/4691 1988/1988
f 4090/4090 4206/4206 4315/4315
f 4315/4315 4206/4206 4046/4046
f 4469/4469 4201/4201 4337/4337
f 4476/4476 4185/4185 4202/4202
f 4407/4407 4360/4360 4260/4260
f 4265/4265 4343/4343 4533/4533
f 4272/4272 4173/4173 4161/4161
f 4257/4257 4161/4161 4173/4173
f 4173/4173 4272/4272 4083/4083
f 4262/4262 4340/4340 4412/4412
f 4460/4460 4181/4181 4330/4330
f 4273/4273 4180/4180 4336/4336
f 4384/4384 4261/4261 4165/4165
f 4201/4201 4209/4209 4337/4337
f 4407/4407 4260/4260 4160/4160
f 4399/4399 4284/4284 4274/4274
f 4323/4323 4399/4399 4274/4274
f 4483/4483 3980/3980 4099/4099
f 4105/4105 4423/4423 4473/4473
f 4401/4401 4326/4326 4269/4269
f 4326/4326 4332/4332 4269/4269
f 4202/4202 4110/4110 4441/4441
f 4224/4224 4329/4329 4177/4177
f 4110/4110 4043/4043 4441/4441
f 4180/4180 4069/4069 4336/4336
f 4226/4226 4228/4228 4512/4512
f 3923/3923 4288/4288 4514/4514
f 4349/4349 4332/4332 4326/4326
f 4159/4159 4394/4394 4451/4451
f 4178/4178 4279/4279 4431/4431
f 4404/4404 4393/4393 4335/4335
f 4069/4069 4342/4342 4336/4336
f 4289/4289 4483/4483 4293/4293
f 4271/4271 4384/4384 4165/4165
f 4287/4287 4399/4399 4320/4320
f 4341/4341 4459/4459 4087/4087
f 4342/4342 4302/4302 4469/4469
f 4386/4386 4402/4402 4400/4400
f 4326/4326 4276/4276 4349/4349
f 4058/4058 4348/4348 4350/4350
f 4160/4160 4347/4347 4383/4383
f 4404/4404 4320/4320 4399/4399
f 4073/4073 4418/4418 4572/4572
f 4216/4216 4101/4101 4428/4428
f 4178/4178 4348/4348 4058/4058
f 4416/4416 4467/4467 4271/4271
f 4404/4404 4399/4399 4299/4299
f 4305/4305 4471/4471 4222/4222
f 2818/2818 4595/4595 4576/4576
f 4402/4402 4386/4386 4387/4387
f 4275/4275 4416/4416 4271/4271
f 4369/4369 4293/4293 4580/4580
f 4462/4462 4291/4291 4384/4384
f 4228/4228 4291/4291 4462/4462
f 4052/4052 4281/4281 4286/4286
f 4166/4166 4393/4393 4066/4066
f 4384/4384 4271/4271 4467/4467
f 4315/4315 4363/4363 4351/4351
f 4815/4815 4595/4595 3865/3865
f 4408/4408 4388/4388 4262/4262
f 4166/4166 4335/4335 4393/4393
f 4189/4189 4290/4290 4282/4282
f 4302/4302 4201/4201 4469/4469
f 4062/4062 4286/4286 4167/4167
f 4332/4332 4353/4353 4267/4267
f 4279/4279 4388/4388 4391/4391
f 4262/4262 4388/4388 4279/4279
f 4346/4346 4267/4267 4353/4353
f 4101/4101 4395/4395 4428/4428
f 4337/4337 4294/4294 4296/4296
f 4284/4284 4455/4455 4331/4331
f 4045/4045 4470/4470 4270/4270
f 4354/4354 4455/4455 4284/4284
f 4204/4204 4239/4239 4401/4401
f 4458/4458 4339/4339 4303/4303
f 4205/4205 4283/4283 4295/4295
f 4549/4549 3923/3923 4474/4474
f 4166/4166 3923/3923 4549/4549
f 4056/4056 4362/4362 4541/4541
f 3951/3951 4390/4390 4456/4456
f 4368/4368 4579/4579 4175/4175
f 4297/4297 4175/4175 4579/4579
f 4361/4361 4458/4458 4303/4303
f 4449/4449 4300/4300 4357/4357
f 4311/4311 4162/4162 4398/4398
f 4179/4179 3811/3811 4435/4435
f 4360/4360 4454/4454 4304/4304
f 4424/4424 4297/4297 4579/4579
f 4444/4444 4056/4056 4541/4541
f 4390/4390 4199/4199 4456/4456
f 4311/4311 4395/4395 4306/4306
f 3865/3865 3561/3561 4570/4570
f 4403/4403 4361/4361 4303/4303
f 4300/4300 4449/4449 4283/4283
f 4210/4210 4307/4307 4377/4377
f 4284/4284 4359/4359 4354/4354
f 4359/4359 4284/4284 4287/4287
f 4311/4311 4398/4398 4395/4395
f 4377/4377 4307/4307 4496/4496
f 4364/4364 4496/4496 4307/4307
f 4275/4275 4181/4181 4460/4460
f 4359/4359 4287/4287 4335/4335
f 4403/4403 4452/4452 4361/4361
f 3943/3943 4442/4442 4692/4692
f 4398/4398 4312/4312 4437/4437
f 4391/4391 4388/4388 4402/4402
f 4308/4308 4159/4159 4451/4451
f 4520/4520 4345/4345 4095/4095
f 4423/4423 4105/4105 4409/4409
f 4358/4358 4356/4356 4355/4355
f 3844/3844 3681/3681 4638/4638
f 4190/4190 4397/4397 4198/4198
f 4372/4372 4268/4268 4551/4551
f 3962/3962 4268/4268 4372/4372
f 4437/4437 4395/4395 4398/4398
f 3986/3986 3490/3490 4515/4515
f 4402/4402 4387/4387 4370/4370
f 4183/4183 4422/4422 4386/4386
f 4691/4691 4379/4379 4722/4722
f 4160/4160 4382/4382 4407/4407
f 4450/4450 4430/4430 4183/4183
f 4259/4259 4384/4384 4291/4291
f 4173/4173 4450/4450 4257/4257
f 4430/4430 4450/4450 4494/4494
f 4383/4383 4406/4406 4196/4196
f 3993/3993 4258/4258 4385/4385
f 4173/4173 4392/4392 4450/4450
f 4406/4406 4195/4195 4196/4196
f 4385/4385 4292/4292 3993/3993
f 4196/4196 4327/4327 4383/4383
f 4422/4422 4183/4183 4430/4430
f 4258/4258 4233/4233 4310/4310
f 4258/4258 4310/4310 4385/4385
f 4385/4385 4396/4396 4292/4292
f 4459/4459 4224/4224 4032/4032
f 4402/4402 4388/4388 4429/4429
f 4408/4408 4429/4429 4388/4388
f 4350/4350 4448/4448 4186/4186
f 4335/4335 4166/4166 4549/4549
f 4493/4493 4430/4430 4494/4494
f 4392/4392 4417/4417 4450/4450
f 4451/4451 4403/4403 4308/4308
f 4290/4290 4421/4421 4282/4282
f 4332/4332 4465/4465 4353/4353
f 4412/4412 4408/4408 4262/4262
f 4344/4344 4285/4285 4557/4557
f 4556/4556 4533/4533 4343/4343
f 4370/4370 4501/4501 4391/4391
f 4285/4285 4213/4213 4557/4557
f 3339/3339 4317/4317 4645/4645
f 4366/4366 4411/4411 4333/4333
f 4347/4347 4282/4282 4421/4421
f 4645/4645 4094/4094 3339/3339
f 3666/3666 4112/4112 4410/4410
f 4383/4383 4347/4347 4421/4421
f 4414/4414 4418/4418 3984/3984
f 2818/2818 3865/3865 4595/4595
f 4392/4392 4338/4338 4417/4417
f 4160/4160 4383/4383 4382/4382
f 4453/4453 4411/4411 4366/4366
f 4457/4457 4502/4502 4377/4377
f 4509/4509 4423/4423 4409/4409
f 4346/4346 4453/4453 4366/4366
f 4264/4264 4218/4218 4534/4534
f 4358/4358 4411/4411 4453/4453
f 4213/4213 4219/4219 4480/4480
f 4358/4358 4453/4453 4356/4356
f 4476/4476 4351/4351 4363/4363
f 4226/4226 4512/4512 4327/4327
f 4451/4451 4455/4455 4452/4452
f 4295/4295 4417/4417 4338/4338
f 4348/4348 4178/4178 4431/4431
f 4383/4383 4327/4327 4382/4382
f 4449/4449 4295/4295 4283/4283
f 4332/4332 4349/4349 4420/4420
f 4357/4357 4493/4493 4449/4449
f 4281/4281 4473/4473 4286/4286
f 4334/4334 4460/4460 4330/4330
f 4421/4421 4290/4290 4406/4406
f 4537/4537 4218/4218 4080/4080
f 4431/4431 4497/4497 4350/4350
f 4348/4348 4431/4431 4350/4350
f 4467/4467 4462/4462 4384/4384
f 4458/4458 4413/4413 4339/4339
f 4433/4433 4416/4416 4275/4275
f 4275/4275 4460/4460 4433/4433
f 4523/4523 3983/3983 4436/4436
f 4042/4042 4439/4439 4375/4375
f 4526/4526 4454/4454 4360/4360
f 4451/4451 4394/4394 4455/4455
f 4278/4278 4604/4604 4221/4221
f 4400/4400 4349/4349 4276/4276
f 4455/4455 4394/4394 4331/4331
f 4349/4349 4400/4400 4429/4429
f 4496/4496 4364/4364 4448/4448
f 4429/4429 4400/4400 4402/4402
f 4229/4229 4304/4304 4454/4454
f 4186/4186 4448/4448 4364/4364
f 4229/4229 4454/4454 4438/4438
f 4223/4223 4264/4264 4443/4443
f 4310/4310 4456/4456 4385/4385
f 4370/4370 4387/4387 4500/4500
f 4202/4202 4441/4441 4476/4476
f 4456/4456 4310/4310 3951/3951
f 4329/4329 4459/4459 4341/4341
f 4359/4359 4335/4335 4549/4549
f 4375/4375 4521/4521 4309/4309
f 4448/4448 4350/4350 4497/4497
f 4437/4437 4405/4405 4352/4352
f 4469/4469 4337/4337 4607/4607
f 4501/4501 4370/4370 4500/4500
f 4396/4396 4385/4385 4456/4456
f 4433/4433 4460/4460 4334/4334
f 4560/4560 3912/3912 4444/4444
f 4709/4709 4442/4442 2924/2924
f 4405/4405 4316/4316 4352/4352
f 4456/4456 4199/4199 4396/4396
f 4309/4309 4525/4525 4207/4207
f 4358/4358 4355/4355 4411/4411
f 4337/4337 4296/4296 4481/4481
f 4525/4525 3855/3855 4207/4207
f 4386/4386 4500/4500 4387/4387
f 4500/4500 4386/4386 4422/4422
f 4525/4525 4328/4328 3855/3855
f 3970/3970 4345/4345 4488/4488
f 4357/4357 4430/4430 4493/4493
f 4432/4432 4430/4430 4357/4357
f 4638/4638 4197/4197 3844/3844
f 4599/4599 3970/3970 4571/4571
f 4112/4112 4328/4328 4410/4410
f 4065/4065 4445/4445 4554/4554
f 4074/4074 4638/4638 3681/3681
f 4357/4357 4210/4210 4432/4432
f 4210/4210 4377/4377 4432/4432
f 3719/3719 4212/4212 3861/3861
f 4502/4502 4457/4457 4500/4500
f 4361/4361 4452/4452 4503/4503
f 4429/4429 4408/4408 4412/4412
f 4336/4336 4562/4562 4273/4273
f 4411/4411 4492/4492 4333/4333
f 4415/4415 3983/3983 4523/4523
f 4465/4465 4356/4356 4495/4495
f 4449/4449 4493/4493 4494/4494
f 4463/4463 4579/4579 4368/4368
f 4296/4296 4372/4372 4481/4481
f 4449/4449 4494/4494 4417/4417
f 4452/4452 4455/4455 4503/4503
f 4353/4353 4465/4465 4495/4495
f 4346/4346 4356/4356 4453/4453
f 4391/4391 4501/4501 4490/4490
f 4457/4457 4377/4377 4496/4496
f 4496/4496 4497/4497 4457/4457
f 4420/4420 4465/4465 4332/4332
f 3940/3940 4197/4197 4594/4594
f 4407/4407 4382/4382 4466/4466
f 4506/4506 4467/4467 4416/4416
f 4305/4305 3666/3666 4410/4410
f 4409/4409 4374/4374 4438/4438
f 4449/4449 4417/4417 4295/4295
f 4557/4557 4213/4213 4480/4480
f 4490/4490 4501/4501 4457/4457
f 4495/4495 4356/4356 4346/4346
f 4455/4455 4354/4354 4503/4503
f 4439/4439 4212/4212 4510/4510
f 4495/4495 4346/4346 4353/4353
f 3923/3923 4514/4514 4474/4474
f 4426/4426 4470/4470 4241/4241
f 4503/4503 4354/4354 4359/4359
f 4314/4314 4627/4627 4761/4761
f 4428/4428 4395/4395 4478/4478
f 4506/4506 4416/4416 4498/4498
f 4222/4222 4471/4471 4475/4475
f 4512/4512 4228/4228 4462/4462
f 4336/4336 4342/4342 4517/4517
f 4478/4478 4395/4395 4546/4546
f 4517/4517 4342/4342 4469/4469
f 4268/4268 4215/4215 4583/4583
f 4422/4422 4430/4430 4432/4432
f 4216/4216 4428/4428 4584/4584
f 4360/4360 4407/4407 4504/4504
f 4500/4500 4422/4422 4432/4432
f 4496/4496 4448/4448 4497/4497
f 4526/4526 4360/4360 4504/4504
f 4538/4538 3982/3982 4482/4482
f 4367/4367 4587/4587 4464/4464
f 4167/4167 4587/4587 4367/4367
f 4438/4438 4454/4454 4543/4543
f 4349/4349 4429/4429 4472/4472
f 4286/4286 4473/4473 4539/4539
f 4684/4684 4121/4121 4538/4538
f 4122/4122 4121/4121 4684/4684
f 4395/4395 4437/4437 4546/4546
f 4167/4167 4286/4286 4587/4587
f 4413/4413 4458/4458 4518/4518
f 4378/4378 4485/4485 4516/4516
f 4313/4313 4122/4122 4684/4684
f 4518/4518 4458/4458 4522/4522
f 4627/4627 4319/4319 4427/4427
f 4361/4361 4522/4522 4458/4458
f 4288/4288 4531/4531 4514/4514
f 4522/4522 4361/4361 4503/4503
f 4536/4536 4365/4365 4562/4562
f 4476/4476 4441/4441 4621/4621
f 4365/4365 4273/4273 4562/4562
f 4270/4270 4470/4470 4631/4631
f 4355/4355 4356/4356 4555/4555
f 4371/4371 4373/4373 4654/4654
f 4654/4654 4373/4373 4265/4265
f 4500/4500 4457/4457 4501/4501
f 4416/4416 4433/4433 4498/4498
f 4376/4376 4443/4443 4544/4544
f 4434/4434 4492/4492 4499/4499
f 4437/4437 4352/4352 4546/4546
f 4502/4502 4500/4500 4432/4432
f 4502/4502 4432/4432 4377/4377
f 4489/4489 4376/4376 4544/4544
f 4499/4499 4355/4355 4555/4555
f 4499/4499 4492/4492 4355/4355
f 3858/3858 4447/4447 4628/4628
f 4492/4492 4411/4411 4355/4355
f 4554/4554 4427/4427 4065/4065
f 4709/4709 2924/2924 3325/3325
f 3719/3719 4599/4599 4212/4212
f 4638/4638 4074/4074 4547/4547
f 4333/4333 4492/4492 4434/4434
f 4421/4421 4406/4406 4383/4383
f 4293/4293 4483/4483 4484/4484
f 4391/4391 4490/4490 4279/4279
f 4494/4494 4450/4450 4417/4417
f 4491/4491 4279/4279 4490/4490
f 4431/4431 4279/4279 4491/4491
f 4224/4224 4459/4459 4329/4329
f 4452/4452 4403/4403 4451/4451
f 4461/4461 4468/4468 4530/4530
f 4219/4219 3930/3930 4618/4618
f 4429/4429 4412/4412 4519/4519
f 4463/4463 4682/4682 4579/4579
f 4509/4509 4409/4409 4552/4552
f 4382/4382 4327/4327 4466/4466
f 4534/4534 4218/4218 4537/4537
f 4468/4468 4507/4507 4530/4530
f 4472/4472 4420/4420 4349/4349
f 4488/4488 4571/4571 3970/3970
f 4573/4573 4419/4419 4415/4415
f 4375/4375 4439/4439 4613/4613
f 4578/4578 4549/4549 4474/4474
f 4605/4605 4477/4477 4622/4622
f 4531/4531 4371/4371 4654/4654
f 4465/4465 4528/4528 4356/4356
f 4563/4563 4454/4454 4526/4526
f 4472/4472 4429/4429 4505/4505
f 4428/4428 4478/4478 4584/4584
f 4427/4427 4554/4554 4511/4511
f 4505/4505 4429/4429 4550/4550
f 3973/3973 4479/4479 4669/4669
f 4507/4507 4499/4499 4555/4555
f 4528/4528 4465/4465 4420/4420
f 4509/4509 4539/4539 4423/4423
f 4484/4484 4580/4580 4293/4293
f 4365/4365 4618/4618 3930/3930
f 4441/4441 4486/4486 4621/4621
f 4513/4513 4461/4461 4561/4561
f 4362/4362 4270/4270 4542/4542
f 4080/4080 4073/4073 4574/4574
f 4555/4555 4356/4356 4528/4528
f 4473/4473 4423/4423 4539/4539
f 4466/4466 4504/4504 4407/4407
f 4543/4543 4454/4454 4563/4563
f 4510/4510 4613/4613 4439/4439
f 4480/4480 4219/4219 4618/4618
f 4815/4815 3865/3865 4570/4570
f 4560/4560 4444/4444 4614/4614
f 4489/4489 4544/4544 4650/4650
f 3986/3986 4515/4515 4440/4440
f 4445/4445 4489/4489 4554/4554
f 4485/4485 4743/4743 4516/4516
f 4179/4179 4435/4435 4559/4559
f 4623/4623 4436/4436 4475/4475
f 4491/4491 4490/4490 4457/4457
f 4521/4521 4626/4626 4309/4309
f 4497/4497 4491/4491 4457/4457
f 4525/4525 4309/4309 4626/4626
f 4685/4685 4381/4381 4565/4565
f 4431/4431 4491/4491 4497/4497
f 4709/4709 4692/4692 4442/4442
f 4099/4099 4381/4381 4685/4685
f 4517/4517 4469/4469 4607/4607
f 4524/4524 4547/4547 4074/4074
f 4415/4415 4523/4523 4612/4612
f 4605/4605 4352/4352 4477/4477
f 4470/4470 4426/4426 4631/4631
f 4526/4526 4504/4504 4596/4596
f 4429/4429 4519/4519 4550/4550
f 4532/4532 4410/4410 4328/4328
f 4268/4268 4583/4583 4551/4551
f 4607/4607 4337/4337 4585/4585
f 4612/4612 4573/4573 4415/4415
f 4580/4580 4484/4484 4535/4535
f 4618/4618 4365/4365 4536/4536
f 4479/4479 4440/4440 4593/4593
f 4424/4424 4579/4579 4590/4590
f 4632/4632 4424/4424 4590/4590
f 4528/4528 4420/4420 4616/4616
f 4503/4503 4359/4359 4665/4665
f 4443/4443 4264/4264 4534/4534
f 4073/4073 4572/4572 4574/4574
f 4544/4544 4443/4443 4601/4601
f 4337/4337 4481/4481 4585/4585
f 4362/4362 4542/4542 4541/4541
f 4537/4537 4080/4080 4574/4574
f 4521/4521 4375/4375 4649/4649
f 4557/4557 4480/4480 4618/4618
f 4305/4305 4410/4410 4532/4532
f 4543/4543 4563/4563 4567/4567
f 4539/4539 4587/4587 4286/4286
f 4543/4543 4409/4409 4438/4438
f 4554/4554 4489/4489 4650/4650
f 3940/3940 4594/4594 4545/4545
f 4516/4516 4487/4487 4378/4378
f 4627/4627 4427/4427 4511/4511
f 4520/4520 4179/4179 4559/4559
f 4546/4546 4352/4352 4605/4605
f 4094/4094 4566/4566 4380/4380
f 4211/4211 4675/4675 4446/4446
f 4518/4518 4522/4522 4569/4569
f 4569/4569 4522/4522 4609/4609
f 4522/4522 4503/4503 4609/4609
f 4444/4444 4541/4541 4614/4614
f 4482/4482 4314/4314 4761/4761
f 4505/4505 4550/4550 4629/4629
f 4552/4552 4409/4409 4543/4543
f 4528/4528 4616/4616 4586/4586
f 4507/4507 4620/4620 4530/4530
f 4596/4596 4504/4504 4640/4640
f 4602/4602 4517/4517 4607/4607
f 4600/4600 4099/4099 4642/4642
f 4483/4483 4099/4099 4600/4600
f 4555/4555 4620/4620 4507/4507
f 4420/4420 4472/4472 4643/4643
f 4643/4643 4616/4616 4420/4420
f 4619/4619 4515/4515 4719/4719
f 4534/4534 4601/4601 4443/4443
f 3325/3325 4917/4917 4709/4709
f 4440/4440 4515/4515 4619/4619
f 4472/4472 4505/4505 4643/4643
f 4539/4539 4509/4509 4581/4581
f 4628/4628 4447/4447 4676/4676
f 4514/4514 4678/4678 4474/4474
f 4555/4555 4528/4528 4586/4586
f 4512/4512 4466/4466 4327/4327
f 4212/4212 4599/4599 4606/4606
f 4471/4471 4305/4305 4532/4532
f 4654/4654 4514/4514 4531/4531
f 4461/4461 4530/4530 4561/4561
f 4481/4481 4372/4372 4589/4589
f 4570/4570 3561/3561 4648/4648
f 4589/4589 4372/4372 4551/4551
f 4669/4669 4479/4479 4593/4593
f 3561/3561 4378/4378 4648/4648
f 4554/4554 4650/4650 4667/4667
f 4699/4699 4647/4647 4519/4519
f 4510/4510 4212/4212 4639/4639
f 4569/4569 4698/4698 4518/4518
f 4523/4523 4436/4436 4623/4623
f 4375/4375 4613/4613 4577/4577
f 4577/4577 4649/4649 4375/4375
f 4657/4657 4549/4549 4578/4578
f 4463/4463 4588/4588 4682/4682
f 4336/4336 4517/4517 4602/4602
f 4552/4552 4543/4543 4567/4567
f 4635/4635 4527/4527 4597/4597
f 4550/4550 4519/4519 4647/4647
f 4313/4313 4684/4684 4515/4515
f 4588/4588 4540/4540 4598/4598
f 4586/4586 4620/4620 4555/4555
f 4466/4466 4558/4558 4504/4504
f 4535/4535 4484/4484 4529/4529
f 4317/4317 3858/3858 4680/4680
f 4564/4564 4527/4527 4635/4635
f 4270/4270 4631/4631 4738/4738
f 4598/4598 4540/4540 4582/4582
f 4345/4345 4520/4520 4630/4630
f 4592/4592 4328/4328 4525/4525
f 4629/4629 4643/4643 4505/4505
f 4738/4738 4542/4542 4270/4270
f 4212/4212 4606/4606 4639/4639
f 4093/4093 4646/4646 4565/4565
f 4440/4440 4619/4619 4593/4593
f 4609/4609 4503/4503 4652/4652
f 4488/4488 4345/4345 4630/4630
f 4513/4513 4561/4561 4696/4696
f 4487/4487 4648/4648 4378/4378
f 4655/4655 4266/4266 4668/4668
f 4265/4265 4533/4533 4556/4556
f 4642/4642 4099/4099 4685/4685
f 4571/4571 4488/4488 4599/4599
f 4575/4575 4573/4573 4694/4694
f 4665/4665 4652/4652 4503/4503
f 4664/4664 4576/4576 4660/4660
f 4546/4546 4605/4605 4732/4732
f 4537/4537 4574/4574 4752/4752
f 4475/4475 4471/4471 4623/4623
f 4665/4665 4359/4359 4720/4720
f 4359/4359 4657/4657 4720/4720
f 4359/4359 4549/4549 4657/4657
f 4684/4684 4538/4538 4740/4740
f 4484/4484 4483/4483 4529/4529
f 4529/4529 4483/4483 4600/4600
f 4815/4815 4570/4570 4674/4674
f 4617/4617 4714/4714 4534/4534
f 4601/4601 4534/4534 4714/4714
f 4620/4620 4561/4561 4530/4530
f 4481/4481 4589/4589 4585/4585
f 4627/4627 4511/4511 4755/4755
f 4504/4504 4558/4558 4640/4640
f 4478/4478 4546/4546 4732/4732
f 4698/4698 4569/4569 4666/4666
f 4562/4562 4336/4336 4602/4602
f 4509/4509 4552/4552 4624/4624
f 4582/4582 4508/4508 4625/4625
f 4369/4369 4580/4580 4656/4656
f 4512/4512 4672/4672 4466/4466
f 4603/4603 4487/4487 4516/4516
f 4599/4599 4488/4488 4644/4644
f 4435/4435 4369/4369 4656/4656
f 4545/4545 4594/4594 4704/4704
f 4752/4752 4574/4574 4608/4608
f 4629/4629 4689/4689 4643/4643
f 4614/4614 4541/4541 4745/4745
f 4690/4690 4564/4564 4635/4635
f 4570/4570 4648/4648 4674/4674
f 4592/4592 4525/4525 4626/4626
f 4551/4551 4583/4583 4610/4610
f 4586/4586 4616/4616 4781/4781
f 4628/4628 4680/4680 3858/3858
f 4612/4612 4694/4694 4573/4573
f 4532/4532 4328/4328 4592/4592
f 4534/4534 4537/4537 4617/4617
f 4743/4743 4485/4485 3973/3973
f 4568/4568 4564/4564 4690/4690
f 4616/4616 4643/4643 4670/4670
f 4635/4635 4597/4597 4641/4641
f 4568/4568 4625/4625 4553/4553
f 4488/4488 4630/4630 4644/4644
f 4590/4590 4579/4579 4736/4736
f 4705/4705 4559/4559 4435/4435
f 4558/4558 4466/4466 4672/4672
f 4728/4728 4486/4486 4545/4545
f 4541/4541 4542/4542 4745/4745
f 4714/4714 4701/4701 4601/4601
f 4623/4623 4612/4612 4523/4523
f 4594/4594 4197/4197 4704/4704
f 4644/4644 4630/4630 4559/4559
f 4513/4513 4696/4696 4673/4673
f 4598/4598 4682/4682 4588/4588
f 4589/4589 4551/4551 4734/4734
f 4606/4606 4599/4599 4651/4651
f 4535/4535 4529/4529 4708/4708
f 4544/4544 4601/4601 4658/4658
f 4781/4781 4616/4616 4697/4697
f 4678/4678 4615/4615 4474/4474
f 4576/4576 4595/4595 4798/4798
f 4197/4197 4638/4638 4679/4679
f 4532/4532 4592/4592 4659/4659
f 4650/4650 4544/4544 4658/4658
f 4626/4626 4521/4521 4649/4649
f 4684/4684 4719/4719 4515/4515
f 4669/4669 4721/4721 3973/3973
f 4738/4738 4745/4745 4542/4542
f 4641/4641 4758/4758 4635/4635
f 4593/4593 4619/4619 4791/4791
f 4091/4091 4917/4917 3325/3325
f 4435/4435 4656/4656 4705/4705
f 4582/4582 4625/4625 4726/4726
f 4687/4687 4640/4640 4558/4558
f 4545/4545 4704/4704 4728/4728
f 4604/4604 4278/4278 3943/3943
f 4603/4603 4516/4516 4743/4743
f 4630/4630 4520/4520 4559/4559
f 4631/4631 4591/4591 4661/4661
f 4734/4734 4551/4551 4610/4610
f 4646/4646 4318/4318 4681/4681
f 4580/4580 4535/4535 4717/4717
f 4741/4741 4612/4612 4756/4756
f 4620/4620 4586/4586 4723/4723
f 4656/4656 4580/4580 4717/4717
f 4211/4211 4560/4560 4675/4675
f 4648/4648 4487/4487 4662/4662
f 4599/4599 4644/4644 4712/4712
f 4561/4561 4620/4620 4671/4671
f 4741/4741 4694/4694 4612/4612
f 4536/4536 4739/4739 4618/4618
f 4650/4650 4794/4794 4667/4667
f 4537/4537 4793/4793 4617/4617
f 4651/4651 4599/4599 4712/4712
f 4647/4647 4699/4699 4715/4715
f 4670/4670 4697/4697 4616/4616
f 4639/4639 4606/4606 4651/4651
f 4638/4638 4547/4547 4786/4786
f 4623/4623 4471/4471 4727/4727
f 4727/4727 4703/4703 4623/4623
f 4266/4266 4557/4557 4668/4668
f 4719/4719 4776/4776 4619/4619
f 4625/4625 4568/4568 4754/4754
f 4682/4682 4736/4736 4579/4579
f 4761/4761 4627/4627 4759/4759
f 4669/4669 4593/4593 4706/4706
f 4598/4598 4582/4582 4716/4716
f 4752/4752 4663/4663 4537/4537
f 4648/4648 4662/4662 4693/4693
f 4560/4560 4614/4614 4733/4733
f 4778/4778 4585/4585 4589/4589
f 4615/4615 4678/4678 4713/4713
f 4474/4474 4615/4615 4713/4713
f 4603/4603 4662/4662 4487/4487
f 4608/4608 4574/4574 4695/4695
f 4730/4730 4646/4646 4681/4681
f 4696/4696 4561/4561 4671/4671
f 4647/4647 4629/4629 4550/4550
f 4739/4739 4536/4536 4653/4653
f 4565/4565 4646/4646 4683/4683
f 4683/4683 4646/4646 4730/4730
f 4800/4800 4652/4652 4665/4665
f 4679/4679 4638/4638 4786/4786
f 4685/4685 4565/4565 4700/4700
f 4511/4511 4554/4554 4702/4702
f 4514/4514 4654/4654 4678/4678
f 4771/4771 4592/4592 4626/4626
f 4642/4642 4685/4685 4880/4880
f 4653/4653 4536/4536 4768/4768
f 4536/4536 4562/4562 4768/4768
f 4613/4613 4510/4510 4774/4774
f 4577/4577 4613/4613 4774/4774
f 4529/4529 4600/4600 4808/4808
f 4708/4708 4529/4529 4808/4808
f 4758/4758 4641/4641 4686/4686
f 4602/4602 4607/4607 4688/4688
f 4670/4670 4643/4643 4689/4689
f 4732/4732 4605/4605 4797/4797
f 4557/4557 4618/4618 4739/4739
f 4687/4687 4558/4558 4672/4672
f 4585/4585 4778/4778 4607/4607
f 4661/4661 4591/4591 4711/4711
f 4797/4797 4605/4605 4622/4622
f 4569/4569 4609/4609 4666/4666
f 4675/4675 4560/4560 4733/4733
f 4717/4717 4535/4535 4708/4708
f 4091/4091 4724/4724 5010/5010
f 4578/4578 4474/4474 4713/4713
f 4781/4781 4723/4723 4586/4586
f 4690/4690 4735/4735 4568/4568
f 4754/4754 4568/4568 4735/4735
f 4609/4609 4652/4652 4821/4821
f 4577/4577 4742/4742 4649/4649
f 4650/4650 4658/4658 4794/4794
f 4720/4720 4800/4800 4665/4665
f 4725/4725 4649/4649 4742/4742
f 4626/4626 4649/4649 4725/4725
f 4771/4771 4626/4626 4725/4725
f 4755/4755 4511/4511 4702/4702
f 4612/4612 4623/4623 4756/4756
f 4658/4658 4601/4601 4701/4701
f 4668/4668 4557/4557 4739/4739
f 4820/4820 4656/4656 4717/4717
f 4705/4705 4656/4656 4820/4820
f 4671/4671 4620/4620 4789/4789
f 4657/4657 4578/4578 4804/4804
f 4726/4726 4716/4716 4582/4582
f 4692/4692 4709/4709 4707/4707
f 4644/4644 4559/4559 4811/4811
f 4769/4769 4675/4675 4733/4733
f 4682/4682 4598/4598 4773/4773
f 4738/4738 4631/4631 4877/4877
f 4621/4621 4486/4486 4762/4762
f 4728/4728 4762/4762 4486/4486
f 4758/4758 4795/4795 4635/4635
f 4604/4604 3943/3943 4809/4809
f 4853/4853 4647/4647 4715/4715
f 4690/4690 4635/4635 4795/4795
f 4603/4603 4718/4718 4662/4662
f 4661/4661 4877/4877 4631/4631
f 4793/4793 4537/4537 4663/4663
f 4700/4700 4565/4565 4683/4683
f 4750/4750 4639/4639 4651/4651
f 4714/4714 4617/4617 4753/4753
f 4510/4510 4639/4639 4750/4750
f 4678/4678 4654/4654 4803/4803
f 4655/4655 4668/4668 4802/4802
f 4659/4659 4592/4592 4771/4771
f 4703/4703 4756/4756 4623/4623
f 4721/4721 4743/4743 3973/3973
f 4789/4789 4620/4620 4723/4723
f 4611/4611 4584/4584 4766/4766
f 4622/4622 4763/4763 4797/4797
f 4764/4764 4746/4746 4687/4687
f 4687/4687 4672/4672 4764/4764
f 4666/4666 4609/4609 4821/4821
f 4733/4733 4614/4614 4779/4779
f 4197/4197 4806/4806 4704/4704
f 4524/4524 4604/4604 4903/4903
f 4737/4737 4689/4689 4629/4629
f 4600/4600 4642/4642 4808/4808
f 4604/4604 4809/4809 4903/4903
f 4736/4736 4710/4710 4590/4590
f 4629/4629 4647/4647 4853/4853
f 4811/4811 4559/4559 4705/4705
f 4717/4717 4708/4708 4731/4731
f 4674/4674 4648/4648 4810/4810
f 4693/4693 4810/4810 4648/4648
f 4603/4603 4743/4743 4718/4718
f 4728/4728 4704/4704 4772/4772
f 4662/4662 4718/4718 4693/4693
f 4576/4576 4798/4798 4660/4660
f 4548/4548 4921/4921 4636/4636
f 4660/4660 4751/4751 4664/4664
f 4781/4781 4697/4697 4737/4737
f 4669/4669 4706/4706 4819/4819
f 4562/4562 4602/4602 4688/4688
f 4721/4721 4669/4669 4819/4819
f 4670/4670 4689/4689 4737/4737
f 4714/4714 4777/4777 4701/4701
f 4684/4684 4740/4740 4861/4861
f 4737/4737 4629/4629 4788/4788
f 4578/4578 4823/4823 4804/4804
f 4871/4871 4769/4769 4733/4733
f 4584/4584 4478/4478 4766/4766
f 4578/4578 4713/4713 4823/4823
f 4598/4598 4716/4716 4784/4784
f 4673/4673 4696/4696 4748/4748
f 4617/4617 4793/4793 4753/4753
f 4784/4784 4773/4773 4598/4598
f 4773/4773 4736/4736 4682/4682
f 4718/4718 4743/4743 4813/4813
f 4830/4830 4799/4799 4712/4712
f 4761/4761 4814/4814 4482/4482
f 4562/4562 4688/4688 4768/4768
f 4798/4798 4595/4595 4815/4815
f 4554/4554 4667/4667 4702/4702
f 4651/4651 4712/4712 4799/4799
f 4754/4754 4735/4735 4831/4831
f 4750/4750 4774/4774 4510/4510
f 4754/4754 4726/4726 4625/4625
f 4684/4684 4801/4801 4719/4719
f 4670/4670 4737/4737 4697/4697
f 4538/4538 4482/4482 4818/4818
f 4659/4659 4771/4771 4862/4862
f 4791/4791 4706/4706 4593/4593
f 4471/4471 4532/4532 4864/4864
f 4708/4708 4808/4808 4744/4744
f 4757/4757 4687/4687 4746/4746
f 4642/4642 4880/4880 4760/4760
f 4822/4822 4806/4806 4197/4197
f 4614/4614 4745/4745 4779/4779
f 4902/4902 4811/4811 4705/4705
f 4788/4788 4629/4629 4853/4853
f 4808/4808 4642/4642 4760/4760
f 4683/4683 4730/4730 4900/4900
f 4478/4478 4732/4732 4934/4934
f 4197/4197 4679/4679 4822/4822
f 4700/4700 4683/4683 4900/4900
f 4712/4712 4644/4644 4830/4830
f 4802/4802 4668/4668 4782/4782
f 4634/4634 4636/4636 4921/4921
f 4745/4745 4738/4738 4787/4787
f 4628/4628 4847/4847 4680/4680
f 4678/4678 4803/4803 4995/4995
f 4730/4730 4681/4681 4848/4848
f 4818/4818 4482/4482 4814/4814
f 4627/4627 4755/4755 4859/4859
f 4818/4818 4740/4740 4538/4538
f 4791/4791 4619/4619 4776/4776
f 4959/4959 4742/4742 4577/4577
f 4867/4867 4694/4694 4741/4741
f 4651/4651 4799/4799 4750/4750
f 4730/4730 4833/4833 4824/4824
f 4781/4781 4835/4835 4723/4723
f 4731/4731 4708/4708 4744/4744
f 4766/4766 4478/4478 4934/4934
f 4717/4717 4731/4731 4812/4812
f 4664/4664 4722/4722 4379/4379
f 4864/4864 4727/4727 4471/4471
f 4652/4652 4800/4800 4828/4828
f 4775/4775 4700/4700 4900/4900
f 4685/4685 4700/4700 4775/4775
f 4811/4811 4830/4830 4644/4644
f 4814/4814 4761/4761 4962/4962
f 4547/4547 4524/4524 4926/4926
f 4880/4880 4685/4685 4775/4775
f 4668/4668 4739/4739 4782/4782
f 4577/4577 4774/4774 4881/4881
f 4715/4715 4699/4699 4817/4817
f 4720/4720 4657/4657 4804/4804
f 4849/4849 4776/4776 4719/4719
f 4759/4759 4627/4627 4859/4859
f 4698/4698 4666/4666 4816/4816
f 4756/4756 4867/4867 4741/4741
f 4532/4532 4659/4659 4862/4862
f 3943/3943 4692/4692 4845/4845
f 4758/4758 4747/4747 4792/4792
f 4763/4763 4729/4729 5021/5021
f 4706/4706 4858/4858 4819/4819
f 4815/4815 4674/4674 4810/4810
f 4691/4691 4722/4722 4875/4875
f 4779/4779 4871/4871 4733/4733
f 4795/4795 4735/4735 4690/4690
f 4900/4900 4730/4730 4824/4824
f 4707/4707 4845/4845 4692/4692
f 4785/4785 4731/4731 4744/4744
f 4769/4769 4871/4871 4825/4825
f 4716/4716 4726/4726 4796/4796
f 4734/4734 4610/4610 4829/4829
f 4713/4713 4986/4986 4823/4823
f 4693/4693 4827/4827 4810/4810
f 4812/4812 4731/4731 4785/4785
f 4773/4773 4784/4784 4879/4879
f 4829/4829 4610/4610 4767/4767
f 4796/4796 4784/4784 4716/4716
f 4676/4676 4847/4847 4628/4628
f 4986/4986 4713/4713 4678/4678
f 4753/4753 4777/4777 4714/4714
f 4820/4820 4717/4717 4812/4812
f 4853/4853 4715/4715 4817/4817
f 4782/4782 4739/4739 4919/4919
f 4756/4756 4703/4703 4856/4856
f 4607/4607 4778/4778 4688/4688
f 4577/4577 4881/4881 4959/4959
f 4739/4739 4653/4653 4884/4884
f 4790/4790 4791/4791 4776/4776
f 4740/4740 4818/4818 4885/4885
f 4819/4819 4805/4805 4721/4721
f 4721/4721 4805/4805 4743/4743
f 4745/4745 4787/4787 4914/4914
f 4806/4806 4772/4772 4704/4704
f 4859/4859 4980/4980 4759/4759
f 4778/4778 4589/4589 4852/4852
f 4779/4779 4745/4745 4914/4914
f 4589/4589 4734/4734 4852/4852
f 4761/4761 4759/4759 4962/4962
f 4820/4820 4842/4842 4705/4705
f 4841/4841 4764/4764 4672/4672
f 4673/4673 4748/4748 4840/4840
f 4902/4902 4705/4705 4842/4842
f 4679/4679 4786/4786 4874/4874
f 4770/4770 4848/4848 4677/4677
f 4805/4805 4832/4832 4743/4743
f 4786/4786 4547/4547 4931/4931
f 4934/4934 4732/4732 4916/4916
f 4861/4861 4801/4801 4684/4684
f 4877/4877 4787/4787 4738/4738
f 4752/4752 4911/4911 4663/4663
f 4781/4781 4737/4737 5029/5029
f 4800/4800 4720/4720 4828/4828
f 4718/4718 4827/4827 4693/4693
f 4906/4906 4898/4898 4830/4830
f 4799/4799 4830/4830 4898/4898
f 4702/4702 4859/4859 4755/4755
f 4818/4818 4814/4814 4913/4913
f 4768/4768 4688/4688 5016/5016
f 4816/4816 4666/4666 4821/4821
f 4848/4848 4833/4833 4730/4730
f 4532/4532 4862/4862 4864/4864
f 4658/4658 4701/4701 4863/4863
f 4758/4758 4792/4792 4807/4807
f 4858/4858 4706/4706 4944/4944
f 4873/4873 4792/4792 4747/4747
f 4695/4695 4868/4868 4982/4982
f 4747/4747 4765/4765 4873/4873
f 4608/4608 4695/4695 4982/4982
f 4703/4703 4727/4727 4945/4945
f 4843/4843 4753/4753 4793/4793
f 4829/4829 4852/4852 4734/4734
f 4926/4926 4931/4931 4547/4547
f 4696/4696 4789/4789 4748/4748
f 4931/4931 4874/4874 4786/4786
f 4671/4671 4789/4789 4696/4696
f 4821/4821 4652/4652 4828/4828
f 4633/4633 5010/5010 4724/4724
f 4768/4768 5016/5016 4897/4897
f 4916/4916 4732/4732 4797/4797
f 5029/5029 4737/4737 4998/4998
f 4735/4735 4891/4891 4831/4831
f 4813/4813 4743/4743 4832/4832
f 4921/4921 4548/4548 4922/4922
f 4986/4986 4678/4678 4995/4995
f 4548/4548 4691/4691 4875/4875
f 4789/4789 4723/4723 4835/4835
f 4827/4827 4718/4718 4813/4813
f 4801/4801 4849/4849 4719/4719
f 4701/4701 4777/4777 4857/4857
f 4702/4702 4667/4667 4984/4984
f 4737/4737 4788/4788 4850/4850
f 4856/4856 4834/4834 4756/4756
f 4740/4740 4885/4885 4861/4861
f 4884/4884 4653/4653 4768/4768
f 4795/4795 4758/4758 4807/4807
f 4794/4794 4658/4658 4984/4984
f 4962/4962 4759/4759 4980/4980
f 4725/4725 4742/4742 4901/4901
f 4873/4873 4765/4765 4839/4839
f 4901/4901 4771/4771 4725/4725
f 4808/4808 4760/4760 4851/4851
f 4735/4735 4795/4795 4891/4891
f 4661/4661 4711/4711 4837/4837
f 4785/4785 4744/4744 4876/4876
f 4796/4796 4726/4726 4866/4866
f 4837/4837 4877/4877 4661/4661
f 4667/4667 4794/4794 4984/4984
f 4608/4608 4915/4915 4752/4752
f 4911/4911 4752/4752 4915/4915
f 4892/4892 4728/4728 4772/4772
f 4777/4777 4753/4753 4843/4843
f 4920/4920 4754/4754 4831/4831
f 4751/4751 4722/4722 4664/4664
f 4773/4773 4879/4879 4736/4736
f 4933/4933 4862/4862 4771/4771
f 4739/4739 4884/4884 4919/4919
f 4849/4849 4790/4790 4776/4776
f 4828/4828 4720/4720 4927/4927
f 4863/4863 4701/4701 4857/4857
f 4819/4819 4886/4886 4805/4805
f 4791/4791 4961/4961 4706/4706
f 4944/4944 4706/4706 4961/4961
f 4744/4744 4808/4808 4851/4851
f 4851/4851 4869/4869 4744/4744
f 5021/5021 4976/4976 4763/4763
f 4779/4779 4914/4914 4899/4899
f 4851/4851 4760/4760 4889/4889
f 4915/4915 4608/4608 4982/4982
f 4744/4744 4869/4869 4870/4870
f 4876/4876 4744/4744 4870/4870
f 4709/4709 4948/4948 4707/4707
f 4827/4827 4854/4854 4810/4810
f 4770/4770 4826/4826 4904/4904
f 4660/4660 4798/4798 4844/4844
f 4785/4785 4878/4878 4812/4812
f 4832/4832 4805/4805 4886/4886
f 4820/4820 4812/4812 4878/4878
f 5111/5111 5010/5010 4633/4633
f 4895/4895 4831/4831 4891/4891
f 4784/4784 4796/4796 4951/4951
f 4894/4894 4933/4933 4771/4771
f 4770/4770 4910/4910 4848/4848
f 4829/4829 4767/4767 4907/4907
f 4911/4911 4793/4793 4663/4663
f 4709/4709 4917/4917 5186/5186
f 4914/4914 4787/4787 4846/4846
f 4754/4754 4920/4920 4866/4866
f 4916/4916 4797/4797 4763/4763
f 3943/3943 4845/4845 4809/4809
f 4835/4835 4923/4923 4789/4789
f 4754/4754 4866/4866 4726/4726
f 5001/5001 4857/4857 4777/4777
f 4710/4710 4736/4736 4888/4888
f 4720/4720 4804/4804 4927/4927
f 4760/4760 4880/4880 4889/4889
f 4886/4886 4819/4819 4858/4858
f 4860/4860 4863/4863 4857/4857
f 4960/4960 4688/4688 4778/4778
f 4867/4867 4756/4756 4834/4834
f 4945/4945 4727/4727 4864/4864
f 4795/4795 4807/4807 4865/4865
f 4842/4842 4820/4820 4912/4912
f 4921/4921 5112/5112 4634/4634
f 4814/4814 4962/4962 4883/4883
f 4729/4729 4893/4893 5021/5021
f 4995/4995 4803/4803 4896/4896
f 4823/4823 4986/4986 5038/5038
f 4803/4803 4783/4783 4896/4896
f 4830/4830 4811/4811 4902/4902
f 4748/4748 4789/4789 4923/4923
f 4829/4829 5006/5006 4852/4852
f 4836/4836 4780/4780 4855/4855
f 4922/4922 4548/4548 4875/4875
f 4903/4903 4926/4926 4524/4524
f 4770/4770 4904/4904 4910/4910
f 4091/4091 5010/5010 4917/4917
f 4891/4891 4795/4795 4865/4865
f 4920/4920 4831/4831 4895/4895
f 4945/4945 4856/4856 4703/4703
f 4843/4843 5001/5001 4777/4777
f 4916/4916 4763/4763 5126/5126
f 4853/4853 4817/4817 4953/4953
f 5008/5008 4853/4853 4953/4953
f 4984/4984 4658/4658 4863/4863
f 4778/4778 4852/4852 4928/4928
f 4838/4838 4710/4710 4888/4888
f 4806/4806 4822/4822 4956/4956
f 4679/4679 4874/4874 4890/4890
f 4799/4799 4898/4898 4750/4750
f 4796/4796 4866/4866 4965/4965
f 4828/4828 4947/4947 4821/4821
f 4832/4832 4886/4886 4882/4882
f 4813/4813 4832/4832 4882/4882
f 4876/4876 4878/4878 4785/4785
f 4900/4900 4966/4966 4775/4775
f 4774/4774 4750/4750 5014/5014
f 4913/4913 4814/4814 4883/4883
f 4820/4820 4878/4878 4912/4912
f 4879/4879 4784/4784 4951/4951
f 5007/5007 4853/4853 5008/5008
f 4880/4880 4775/4775 4988/4988
f 4877/4877 4846/4846 4787/4787
f 4924/4924 4836/4836 4855/4855
f 4954/4954 4816/4816 4821/4821
f 4884/4884 4768/4768 4941/4941
f 4951/4951 4796/4796 4965/4965
f 4792/4792 5027/5027 4807/4807
f 4865/4865 4807/4807 5027/5027
f 4842/4842 4912/4912 4935/4935
f 4779/4779 4899/4899 4871/4871
f 4898/4898 5014/5014 4750/4750
f 4861/4861 4909/4909 4801/4801
f 4901/4901 4894/4894 4771/4771
f 5020/5020 4853/4853 5007/5007
f 4878/4878 4876/4876 4932/4932
f 4827/4827 4813/4813 4997/4997
f 4889/4889 4880/4880 4988/4988
f 4891/4891 4865/4865 5019/5019
f 4882/4882 4997/4997 4813/4813
f 4879/4879 4888/4888 4736/4736
f 4806/4806 4956/4956 4772/4772
f 4911/4911 4915/4915 4999/4999
f 4702/4702 4984/4984 5035/5035
f 5089/5089 4908/4908 4766/4766
f 4859/4859 4702/4702 5035/5035
f 4885/4885 4818/4818 4978/4978
f 4939/4939 4869/4869 4851/4851
f 4870/4870 4869/4869 4939/4939
f 4850/4850 4788/4788 5020/5020
f 4928/4928 4960/4960 4778/4778
f 5027/5027 4792/4792 4949/4949
f 4843/4843 4793/4793 4952/4952
f 4851/4851 4889/4889 4975/4975
f 4766/4766 4934/4934 5089/5089
f 4939/4939 4851/4851 4975/4975
f 4788/4788 4853/4853 5020/5020
f 4792/4792 4873/4873 4949/4949
f 4873/4873 4839/4839 4964/4964
f 5093/5093 4855/4855 5030/5030
f 4968/4968 4903/4903 4809/4809
f 4780/4780 5030/5030 4855/4855
f 4822/4822 4679/4679 4890/4890
f 4825/4825 4871/4871 4905/4905
f 4973/4973 4879/4879 4951/4951
f 4839/4839 4749/4749 4936/4936
f 5186/5186 4948/4948 4709/4709
f 4876/4876 4870/4870 4939/4939
f 4902/4902 4842/4842 4935/4935
f 4749/4749 4924/4924 4936/4936
f 4907/4907 5006/5006 4829/4829
f 4830/4830 4902/4902 5031/5031
f 4768/4768 4897/4897 5037/5037
f 4896/4896 4783/4783 4970/4970
f 4910/4910 4992/4992 4848/4848
f 5126/5126 4763/4763 4976/4976
f 4945/4945 4834/4834 4856/4856
f 4854/4854 4827/4827 4997/4997
f 4927/4927 4947/4947 4828/4828
f 4782/4782 4919/4919 4969/4969
f 4952/4952 4793/4793 5032/5032
f 4791/4791 4790/4790 4977/4977
f 4859/4859 5035/5035 4925/4925
f 5039/5039 4862/4862 5015/5015
f 4881/4881 4958/4958 4959/4959
f 4940/4940 4858/4858 4996/4996
f 4886/4886 4858/4858 4940/4940
f 4930/4930 4861/4861 4885/4885
f 4975/4975 4889/4889 4937/4937
f 4873/4873 4964/4964 4949/4949
f 4845/4845 4707/4707 4948/4948
f 4904/4904 4872/4872 5025/5025
f 4891/4891 5019/5019 4895/4895
f 4909/4909 4861/4861 4930/4930
f 4932/4932 4876/4876 4939/4939
f 5037/5037 4941/4941 4768/4768
f 4888/4888 4879/4879 4973/4973
f 4798/4798 4815/4815 4918/4918
f 5000/5000 4918/4918 4815/4815
f 5031/5031 4906/4906 4830/4830
f 4883/4883 5051/5051 4913/4913
f 4988/4988 4775/4775 4966/4966
f 4897/4897 5016/5016 4938/4938
f 4737/4737 4850/4850 4998/4998
f 4932/4932 4912/4912 4878/4878
f 4914/4914 4846/4846 4974/4974
f 4801/4801 4909/4909 4977/4977
f 4844/4844 4751/4751 4660/4660
f 4913/4913 4978/4978 4818/4818
f 4849/4849 4801/4801 4977/4977
f 4979/4979 4833/4833 4992/4992
f 4833/4833 4848/4848 4992/4992
f 4978/4978 4930/4930 4885/4885
f 4824/4824 4833/4833 4979/4979
f 4977/4977 4790/4790 4849/4849
f 4943/4943 5000/5000 4815/4815
f 4823/4823 5038/5038 4804/4804
f 4941/4941 5017/5017 4884/4884
f 4984/4984 4863/4863 5004/5004
f 4864/4864 4862/4862 5039/5039
f 4844/4844 4798/4798 4918/4918
f 4956/4956 4822/4822 5012/5012
f 4810/4810 4854/4854 5023/5023
f 4939/4939 4929/4929 4932/4932
f 4935/4935 4912/4912 4946/4946
f 4946/4946 5003/5003 4935/4935
f 4871/4871 4899/4899 5099/5099
f 4966/4966 4900/4900 5002/5002
f 4911/4911 5032/5032 4793/4793
f 4973/4973 4951/4951 5005/5005
f 4837/4837 4846/4846 4877/4877
f 4983/4983 4934/4934 4916/4916
f 4904/4904 4989/4989 4910/4910
f 4993/4993 4886/4886 5055/5055
f 4882/4882 4886/4886 4993/4993
f 4809/4809 4845/4845 4950/4950
f 4920/4920 4895/4895 4994/4994
f 5186/5186 4917/4917 5010/5010
f 4881/4881 4774/4774 5014/5014
f 4969/4969 4919/4919 5115/5115
f 4927/4927 4804/4804 5018/5018
f 4919/4919 4884/4884 5115/5115
f 4804/4804 5038/5038 5018/5018
f 4942/4942 4867/4867 4834/4834
f 4925/4925 4980/4980 4859/4859
f 4900/4900 4824/4824 4979/4979
f 4982/4982 4868/4868 5077/5077
f 5004/5004 4863/4863 4860/4860
f 4960/4960 4928/4928 5174/5174
f 5002/5002 4900/4900 4979/4979
f 4964/4964 4839/4839 4936/4936
f 4928/4928 4852/4852 5006/5006
f 4989/4989 4904/4904 5025/5025
f 5076/5076 5037/5037 4897/4897
f 5236/5236 5112/5112 4921/4921
f 5031/5031 4902/4902 4935/4935
f 4922/4922 5236/5236 4921/4921
f 4968/4968 4809/4809 4950/4950
f 5021/5021 4893/4893 5113/5113
f 4987/4987 5059/5059 4751/4751
f 4945/4945 4864/4864 5039/5039
f 4883/4883 4962/4962 4967/4967
f 4932/4932 4946/4946 4912/4912
f 4898/4898 4906/4906 4955/4955
f 4997/4997 4882/4882 4993/4993
f 4937/4937 4889/4889 4988/4988
f 4956/4956 4892/4892 4772/4772
f 4992/4992 4910/4910 4989/4989
f 4997/4997 4985/4985 4854/4854
f 5029/5029 4998/4998 4990/4990
f 5076/5076 4897/4897 4938/4938
f 5013/5013 4979/4979 4992/4992
f 4965/4965 4866/4866 4920/4920
f 4947/4947 4927/4927 4971/4971
f 4862/4862 4933/4933 5015/5015
f 4952/4952 5001/5001 4843/4843
f 4858/4858 4944/4944 4996/4996
f 5016/5016 4688/4688 5073/5073
f 4688/4688 4960/4960 5073/5073
f 4940/4940 5055/5055 4886/4886
f 4977/4977 5056/5056 4791/4791
f 4961/4961 4791/4791 5056/5056
f 4810/4810 4943/4943 4815/4815
f 5023/5023 4943/4943 4810/4810
f 5010/5010 5111/5111 4981/4981
f 4722/4722 4751/4751 5059/5059
f 5099/5099 5026/5026 4871/4871
f 5038/5038 4986/4986 5231/5231
f 4915/4915 4982/4982 5161/5161
f 4971/4971 4927/4927 5018/5018
f 5115/5115 4884/4884 5017/5017
f 4913/4913 5051/5051 4978/4978
f 4996/4996 4944/4944 4972/4972
f 4834/4834 4945/4945 5033/5033
f 5014/5014 4958/4958 4881/4881
f 4998/4998 4850/4850 5020/5020
f 5094/5094 5054/5054 4857/4857
f 4860/4860 4857/4857 5054/5054
f 4944/4944 4961/4961 4972/4972
f 4955/4955 5014/5014 4898/4898
f 5089/5089 4934/4934 4983/4983
f 4742/4742 5075/5075 4901/4901
f 4946/4946 4932/4932 4929/4929
f 4875/4875 4722/4722 5068/5068
f 5113/5113 4893/4893 5270/5270
f 5031/5031 4935/4935 5101/5101
f 4846/4846 4837/4837 4963/4963
f 5063/5063 5128/5128 4906/4906
f 4938/4938 5016/5016 5160/5160
f 4939/4939 4975/4975 5011/5011
f 4994/4994 4895/4895 5043/5043
f 5033/5033 4945/4945 5039/5039
f 4909/4909 4930/4930 5022/5022
f 4924/4924 4855/4855 5088/5088
f 4846/4846 5028/5028 4974/4974
f 4994/4994 5117/5117 4920/4920
f 5093/5093 5088/5088 4855/4855
f 4974/4974 4899/4899 4914/4914
f 4965/4965 4920/4920 5181/5181
f 4933/4933 4894/4894 4901/4901
f 5011/5011 4975/4975 5036/5036
f 4975/4975 4937/4937 5036/5036
f 4954/4954 4821/4821 4947/4947
f 5001/5001 5094/5094 4857/4857
f 4925/4925 5074/5074 4980/4980
f 4958/4958 5075/5075 4959/4959
f 4967/4967 4980/4980 5074/5074
f 4962/4962 4980/4980 4967/4967
f 4942/4942 5078/5078 4867/4867
f 4929/4929 4939/4939 5024/5024
f 5068/5068 4722/4722 5059/5059
f 4895/4895 5019/5019 5043/5043
f 5116/5116 5049/5049 4970/4970
f 5027/5027 5019/5019 4865/4865
f 4985/4985 5023/5023 4854/4854
f 4846/4846 4963/4963 5028/5028
f 4907/4907 5137/5137 5006/5006
f 5088/5088 4936/4936 4924/4924
f 5104/5104 5093/5093 5030/5030
f 4988/4988 5091/5091 4937/4937
f 4906/4906 5031/5031 5063/5063
f 5005/5005 4951/4951 4965/4965
f 4976/4976 5131/5131 5126/5126
f 4985/4985 4997/4997 4993/4993
f 4844/4844 5096/5096 4751/4751
f 5181/5181 4920/4920 5117/5117
f 5009/5009 4954/4954 4947/4947
f 4939/4939 5011/5011 5024/5024
f 4896/4896 4970/4970 5049/5049
f 4922/4922 4875/4875 5068/5068
f 4909/4909 5053/5053 4977/4977
f 5102/5102 4860/4860 5054/5054
f 5102/5102 5004/5004 4860/4860
f 5053/5053 5056/5056 4977/4977
f 4930/4930 4978/4978 5052/5052
f 4887/4887 5107/5107 4837/4837
f 4903/4903 4968/4968 5180/5180
f 4946/4946 4929/4929 5079/5079
f 4947/4947 4971/4971 5249/5249
f 4966/4966 5002/5002 5062/5062
f 5057/5057 4952/4952 5032/5032
f 5061/5061 4946/4946 5079/5079
f 4935/4935 5003/5003 5101/5101
f 5025/5025 5106/5106 4989/4989
f 4983/4983 4916/4916 5126/5126
f 4955/4955 5058/5058 5014/5014
f 4999/4999 4915/4915 5161/5161
f 4883/4883 4967/4967 5041/5041
f 4992/4992 4989/4989 5227/5227
f 5009/5009 4947/4947 5155/5155
f 5032/5032 4911/4911 5040/5040
f 4955/4955 4906/4906 5128/5128
f 5040/5040 5187/5187 5032/5032
f 4976/4976 5021/5021 5113/5113
f 4985/4985 4993/4993 5048/5048
f 5012/5012 4822/4822 5335/5335
f 5091/5091 5036/5036 4937/4937
f 5055/5055 4940/4940 5100/5100
f 4942/4942 4834/4834 5065/5065
f 4958/4958 5014/5014 5045/5045
f 4990/4990 4998/4998 5069/5069
f 5052/5052 5022/5022 4930/4930
f 5034/5034 4958/4958 5045/5045
f 5069/5069 4998/4998 5020/5020
f 5034/5034 5075/5075 4958/4958
f 4967/4967 5074/5074 5143/5143
f 4961/4961 5056/5056 5120/5120
f 4742/4742 4959/4959 5075/5075
f 5265/5265 4926/4926 5180/5180
f 5001/5001 4952/4952 5057/5057
f 4967/4967 5143/5143 5060/5060
f 5023/5023 5082/5082 4943/4943
f 4963/4963 4837/4837 5107/5107
f 5079/5079 4929/4929 5024/5024
f 5019/5019 5027/5027 5083/5083
f 5085/5085 5182/5182 4948/4948
f 5091/5091 4988/4988 5064/5064
f 4845/4845 4948/4948 5148/5148
f 5163/5163 5009/5009 5042/5042
f 5007/5007 5008/5008 5164/5164
f 4986/4986 4995/4995 4896/4896
f 4911/4911 4999/4999 5040/5040
f 5051/5051 4883/4883 5041/5041
f 5016/5016 5073/5073 5160/5160
f 4907/4907 5090/5090 5194/5194
f 5058/5058 5045/5045 5014/5014
f 5055/5055 5046/5046 4993/4993
f 5024/5024 5011/5011 5036/5036
f 4931/4931 4926/4926 5265/5265
f 5048/5048 4993/4993 5046/5046
f 5115/5115 5017/5017 5066/5066
f 5133/5133 4888/4888 4973/4973
f 5133/5133 5108/5108 4888/4888
f 5053/5053 4909/4909 5022/5022
f 5131/5131 4976/4976 5113/5113
f 5073/5073 4960/4960 5174/5174
f 4996/4996 4972/4972 5100/5100
f 5018/5018 5038/5038 5140/5140
f 4834/4834 5033/5033 5065/5065
f 5002/5002 4979/4979 5013/5013
f 4940/4940 4996/4996 5100/5100
f 5039/5039 5015/5015 5095/5095
f 5035/5035 5143/5143 4925/4925
f 4972/4972 4961/4961 5120/5120
f 5118/5118 5033/5033 5039/5039
f 5075/5075 4933/4933 4901/4901
f 5161/5161 4982/4982 5077/5077
f 5076/5076 4938/4938 5160/5160
f 5180/5180 4968/4968 5124/5124
f 5057/5057 5080/5080 5001/5001
f 5089/5089 4983/4983 5097/5097
f 5231/5231 4986/4986 5408/5408
f 5025/5025 5098/5098 5204/5204
f 4988/4988 4966/4966 5062/5062
f 5184/5184 5065/5065 5033/5033
f 5043/5043 5019/5019 5086/5086
f 4907/4907 5194/5194 5137/5137
f 5222/5222 4964/4964 5373/5373
f 4984/4984 5004/5004 5102/5102
f 4964/4964 4936/4936 5373/5373
f 5027/5027 4949/4949 5122/5122
f 4950/4950 4845/4845 5148/5148
f 4926/4926 4903/4903 5180/5180
f 4936/4936 5088/5088 5373/5373
f 4949/4949 4964/4964 5122/5122
f 5081/5081 4984/4984 5102/5102
f 4933/4933 5095/5095 5015/5015
f 5058/5058 4955/4955 5152/5152
f 5135/5135 4981/4981 5111/5111
f 4890/4890 4874/4874 5153/5153
f 5035/5035 4984/4984 5081/5081
f 4994/4994 5043/5043 5147/5147
f 5100/5100 4972/4972 5134/5134
f 4874/4874 4931/4931 5338/5338
f 5265/5265 5338/5338 4931/4931
f 5117/5117 4994/4994 5147/5147
f 5093/5093 5518/5518 5088/5088
f 5274/5274 5012/5012 5335/5335
f 5023/5023 4985/4985 5109/5109
f 5048/5048 5109/5109 4985/4985
f 5051/5051 5041/5041 5072/5072
f 5003/5003 4946/4946 5061/5061
f 5051/5051 5072/5072 4978/4978
f 4978/4978 5072/5072 5052/5052
f 5065/5065 5165/5165 4942/4942
f 5105/5105 5055/5055 5100/5100
f 5075/5075 5034/5034 5071/5071
f 5046/5046 5055/5055 5105/5105
f 4991/4991 5070/5070 5044/5044
f 5087/5087 5000/5000 4943/4943
f 5074/5074 4925/4925 5143/5143
f 5114/5114 5022/5022 5052/5052
f 4942/4942 5165/5165 5078/5078
f 5174/5174 4928/4928 5168/5168
f 5006/5006 5137/5137 5159/5159
f 4968/4968 4950/4950 5124/5124
f 4918/4918 5000/5000 5087/5087
f 5034/5034 5045/5045 5084/5084
f 5270/5270 4893/4893 4957/4957
f 5086/5086 5019/5019 5083/5083
f 5027/5027 5122/5122 5083/5083
f 4971/4971 5018/5018 5200/5200
f 5148/5148 4948/4948 5182/5182
f 5122/5122 4964/4964 5222/5222
f 5005/5005 5306/5306 4973/4973
f 5082/5082 5023/5023 5109/5109
f 5186/5186 5010/5010 5195/5195
f 5187/5187 5092/5092 5032/5032
f 4844/4844 4918/4918 5146/5146
f 4822/4822 4890/4890 5153/5153
f 5057/5057 5032/5032 5092/5092
f 5013/5013 4992/4992 5227/5227
f 5235/5235 5195/5195 5010/5010
f 4874/4874 5338/5338 5153/5153
f 5010/5010 4981/4981 5235/5235
f 4956/4956 5012/5012 5274/5274
f 5145/5145 5077/5077 5166/5166
f 5201/5201 5075/5075 5071/5071
f 5080/5080 5138/5138 5001/5001
f 5155/5155 5042/5042 5009/5009
f 5112/5112 5236/5236 5394/5394
f 5047/5047 5001/5001 5138/5138
f 5169/5169 5048/5048 5046/5046
f 4899/4899 4974/4974 5028/5028
f 5173/5173 5003/5003 5061/5061
f 5095/5095 5118/5118 5039/5039
f 5102/5102 5054/5054 5142/5142
f 4941/4941 5037/5037 5206/5206
f 5145/5145 5157/5157 5077/5077
f 5168/5168 4928/4928 5159/5159
f 4928/4928 5006/5006 5159/5159
f 5140/5140 5038/5038 5231/5231
f 5161/5161 5077/5077 5157/5157
f 4972/4972 5120/5120 5134/5134
f 5068/5068 5059/5059 5220/5220
f 4999/4999 5161/5161 5162/5162
f 5162/5162 5040/5040 4999/4999
f 5041/5041 4967/4967 5060/5060
f 5031/5031 5101/5101 5103/5103
f 5099/5099 4899/4899 5268/5268
f 5020/5020 5007/5007 5164/5164
f 5036/5036 5170/5170 5024/5024
f 5159/5159 5137/5137 5194/5194
f 5079/5079 5024/5024 5170/5170
f 5066/5066 5017/5017 5259/5259
f 4991/4991 5104/5104 5030/5030
f 5022/5022 5110/5110 5053/5053
f 4991/4991 5044/5044 5104/5104
f 5132/5132 5035/5035 5081/5081
f 5128/5128 5152/5152 4955/4955
f 4922/4922 5068/5068 5236/5236
f 5094/5094 5001/5001 5047/5047
f 5153/5153 5335/5335 4822/4822
f 5198/5198 5093/5093 5104/5104
f 5114/5114 5052/5052 5072/5072
f 4941/4941 5259/5259 5017/5017
f 5121/5121 5100/5100 5134/5134
f 5169/5169 5046/5046 5105/5105
f 5139/5139 5053/5053 5110/5110
f 5056/5056 5053/5053 5139/5139
f 5048/5048 5169/5169 5109/5109
f 4899/4899 5183/5183 5268/5268
f 5054/5054 5094/5094 5167/5167
f 5140/5140 5200/5200 5018/5018
f 5149/5149 5075/5075 5119/5119
f 5041/5041 5154/5154 5072/5072
f 5120/5120 5056/5056 5139/5139
f 5142/5142 5054/5054 5167/5167
f 4947/4947 5249/5249 5423/5423
f 5259/5259 4941/4941 5206/5206
f 5105/5105 5100/5100 5121/5121
f 5331/5331 5062/5062 5002/5002
f 4933/4933 5075/5075 5149/5149
f 5022/5022 5114/5114 5127/5127
f 5087/5087 4943/4943 5129/5129
f 5110/5110 5022/5022 5127/5127
f 4943/4943 5082/5082 5129/5129
f 5028/5028 4963/4963 5123/5123
f 5063/5063 5031/5031 5103/5103
f 5147/5147 5043/5043 5251/5251
f 4989/4989 5106/5106 5332/5332
f 5005/5005 4965/4965 5175/5175
f 5037/5037 5076/5076 5206/5206
f 5086/5086 5083/5083 5144/5144
f 5183/5183 5028/5028 5123/5123
f 4983/4983 5126/5126 5097/5097
f 5083/5083 5122/5122 5144/5144
f 5154/5154 5041/5041 5178/5178
f 5013/5013 5227/5227 5125/5125
f 4899/4899 5028/5028 5183/5183
f 5127/5127 5114/5114 5179/5179
f 5120/5120 5139/5139 5134/5134
f 5098/5098 5269/5269 5204/5204
f 5169/5169 5130/5130 5109/5109
f 5129/5129 5082/5082 5130/5130
f 5131/5131 5113/5113 5427/5427
f 5096/5096 4987/4987 4751/4751
f 5181/5181 5117/5117 5202/5202
f 5229/5229 5101/5101 5003/5003
f 5109/5109 5130/5130 5082/5082
f 4986/4986 4896/4896 5408/5408
f 5041/5041 5060/5060 5178/5178
f 5058/5058 5084/5084 5045/5045
f 5087/5087 5146/5146 4918/4918
f 5167/5167 5047/5047 5138/5138
f 5094/5094 5047/5047 5167/5167
f 5123/5123 4963/4963 5312/5312
f 5306/5306 5005/5005 5175/5175
f 5217/5217 5086/5086 5144/5144
f 5141/5141 5087/5087 5213/5213
f 5301/5301 5063/5063 5103/5103
f 5332/5332 5516/5516 4989/4989
f 5144/5144 5122/5122 5222/5222
f 5305/5305 5063/5063 5234/5234
f 5175/5175 4965/4965 5181/5181
f 5190/5190 5130/5130 5169/5169
f 5128/5128 5063/5063 5305/5305
f 5139/5139 5189/5189 5134/5134
f 5170/5170 5036/5036 5264/5264
f 5306/5306 5405/5405 4973/4973
f 5102/5102 5142/5142 5151/5151
f 5002/5002 5013/5013 5315/5315
f 5173/5173 5229/5229 5003/5003
f 5102/5102 5151/5151 5081/5081
f 5172/5172 5072/5072 5154/5154
f 5091/5091 5264/5264 5036/5036
f 5092/5092 5187/5187 5216/5216
f 5151/5151 5132/5132 5081/5081
f 5101/5101 5229/5229 5103/5103
f 5133/5133 5461/5461 5108/5108
f 5114/5114 5072/5072 5172/5172
f 5235/5235 4981/4981 5135/5135
f 5076/5076 5160/5160 5185/5185
f 4933/4933 5149/5149 5303/5303
f 5095/5095 4933/4933 5303/5303
f 5105/5105 5121/5121 5150/5150
f 5188/5188 5110/5110 5127/5127
f 5035/5035 5132/5132 5158/5158
f 5204/5204 5106/5106 5025/5025
f 5178/5178 5060/5060 5143/5143
f 5092/5092 5080/5080 5057/5057
f 5143/5143 5035/5035 5158/5158
f 5112/5112 5394/5394 5136/5136
f 5188/5188 5139/5139 5110/5110
f 5164/5164 5069/5069 5020/5020
f 5150/5150 5169/5169 5105/5105
f 5096/5096 4844/4844 5146/5146
f 5408/5408 4896/4896 5460/5460
f 5184/5184 5033/5033 5156/5156
f 5121/5121 5134/5134 5189/5189
f 5157/5157 5205/5205 5161/5161
f 5460/5460 4896/4896 5049/5049
f 5034/5034 5084/5084 5071/5071
f 5087/5087 5141/5141 5146/5146
f 5167/5167 5138/5138 5176/5176
f 5129/5129 5213/5213 5087/5087
f 5162/5162 5187/5187 5040/5040
f 5213/5213 5129/5129 5130/5130
f 5240/5240 5142/5142 5203/5203
f 5188/5188 5127/5127 5179/5179
f 5155/5155 4947/4947 5423/5423
f 5166/5166 5225/5225 5145/5145
f 5188/5188 5192/5192 5139/5139
f 5172/5172 5154/5154 5178/5178
f 5143/5143 5158/5158 5211/5211
f 5423/5423 5249/5249 5313/5313
f 5095/5095 5272/5272 5118/5118
f 5176/5176 5138/5138 5080/5080
f 5189/5189 5139/5139 5192/5192
f 5043/5043 5086/5086 5297/5297
f 5172/5172 5179/5179 5114/5114
f 5301/5301 5234/5234 5063/5063
f 5251/5251 5043/5043 5297/5297
f 5190/5190 5241/5241 5130/5130
f 4963/4963 5107/5107 5312/5312
f 5241/5241 5213/5213 5130/5130
f 5044/5044 5233/5233 5104/5104
f 5211/5211 5178/5178 5143/5143
f 5058/5058 5152/5152 5273/5273
f 5117/5117 5361/5361 5202/5202
f 5201/5201 5119/5119 5075/5075
f 5176/5176 5203/5203 5167/5167
f 5150/5150 5171/5171 5215/5215
f 5058/5058 5273/5273 5084/5084
f 4987/4987 5096/5096 5177/5177
f 5142/5142 5167/5167 5203/5203
f 5168/5168 5159/5159 5333/5333
f 5033/5033 5118/5118 5156/5156
f 5158/5158 5132/5132 5151/5151
f 5042/5042 5155/5155 5484/5484
f 5171/5171 5189/5189 5214/5214
f 5189/5189 5171/5171 5121/5121
f 5162/5162 5161/5161 5205/5205
f 5149/5149 5228/5228 5303/5303
f 5184/5184 5209/5209 5065/5065
f 5095/5095 5303/5303 5210/5210
f 5186/5186 5085/5085 4948/4948
f 5165/5165 5065/5065 5209/5209
f 5460/5460 5049/5049 5513/5513
f 5097/5097 5126/5126 5427/5427
f 5150/5150 5238/5238 5190/5190
f 5126/5126 5131/5131 5427/5427
f 5121/5121 5171/5171 5150/5150
f 5169/5169 5150/5150 5190/5190
f 5244/5244 5192/5192 5188/5188
f 5142/5142 5240/5240 5151/5151
f 5170/5170 5196/5196 5079/5079
f 5079/5079 5196/5196 5061/5061
f 5113/5113 5270/5270 5427/5427
f 5151/5151 5240/5240 5199/5199
f 5173/5173 5061/5061 5196/5196
f 5232/5232 5103/5103 5229/5229
f 5191/5191 5197/5197 5092/5092
f 5331/5331 5002/5002 5315/5315
f 5146/5146 5141/5141 5212/5212
f 5222/5222 5217/5217 5144/5144
f 5179/5179 5244/5244 5188/5188
f 5092/5092 5197/5197 5080/5080
f 5229/5229 5173/5173 5330/5330
f 5080/5080 5197/5197 5176/5176
f 5193/5193 5179/5179 5172/5172
f 5232/5232 5301/5301 5103/5103
f 5174/5174 5168/5168 5407/5407
f 5059/5059 5257/5257 5220/5220
f 5086/5086 5217/5217 5297/5297
f 5405/5405 5133/5133 4973/4973
f 5249/5249 4971/4971 5200/5200
f 5194/5194 5090/5090 5311/5311
f 5265/5265 5224/5224 5338/5338
f 5361/5361 5147/5147 5251/5251
f 5233/5233 5044/5044 5070/5070
f 5212/5212 5213/5213 5241/5241
f 5201/5201 5071/5071 5253/5253
f 5157/5157 5145/5145 5225/5225
f 5203/5203 5176/5176 5197/5197
f 4987/4987 5257/5257 5059/5059
f 5227/5227 4989/4989 5516/5516
f 5213/5213 5212/5212 5141/5141
f 5062/5062 5064/5064 4988/4988
f 5230/5230 5157/5157 5225/5225
f 5214/5214 5192/5192 5243/5243
f 5180/5180 5124/5124 5519/5519
f 5228/5228 5149/5149 5119/5119
f 5170/5170 5264/5264 5275/5275
f 5181/5181 5202/5202 5175/5175
f 5156/5156 5207/5207 5184/5184
f 5158/5158 5151/5151 5199/5199
f 5243/5243 5171/5171 5214/5214
f 5192/5192 5214/5214 5189/5189
f 5209/5209 5184/5184 5207/5207
f 5097/5097 5427/5427 5221/5221
f 5096/5096 5146/5146 5177/5177
f 5177/5177 5146/5146 5212/5212
f 5208/5208 5162/5162 5250/5250
f 5208/5208 5187/5187 5162/5162
f 5050/5050 5115/5115 5066/5066
f 5158/5158 5246/5246 5211/5211
f 5238/5238 5150/5150 5215/5215
f 5241/5241 5190/5190 5238/5238
f 5191/5191 5092/5092 5216/5216
f 5216/5216 5187/5187 5208/5208
f 5240/5240 5284/5284 5199/5199
f 5273/5273 5248/5248 5084/5084
f 5156/5156 5118/5118 5272/5272
f 5193/5193 5239/5239 5179/5179
f 5205/5205 5157/5157 5230/5230
f 5371/5371 5124/5124 4950/4950
f 5205/5205 5250/5250 5162/5162
f 5203/5203 5197/5197 5223/5223
f 5208/5208 5250/5250 5255/5255
f 5244/5244 5245/5245 5192/5192
f 5199/5199 5277/5277 5158/5158
f 5257/5257 4987/4987 5260/5260
f 5287/5287 5172/5172 5242/5242
f 5238/5238 5218/5218 5241/5241
f 5085/5085 5186/5186 5430/5430
f 4987/4987 5177/5177 5260/5260
f 5117/5117 5147/5147 5361/5361
f 5201/5201 5253/5253 5119/5119
f 5263/5263 5238/5238 5252/5252
f 5219/5219 5158/5158 5277/5277
f 5093/5093 5198/5198 5518/5518
f 5165/5165 5209/5209 5226/5226
f 5223/5223 5240/5240 5203/5203
f 5158/5158 5219/5219 5246/5246
f 5285/5285 5280/5280 5239/5239
f 5140/5140 5231/5231 5271/5271
f 5062/5062 5262/5262 5064/5064
f 5333/5333 5159/5159 5304/5304
f 5206/5206 5076/5076 5185/5185
f 5159/5159 5194/5194 5304/5304
f 5242/5242 5178/5178 5247/5247
f 5247/5247 5258/5258 5242/5242
f 5178/5178 5242/5242 5172/5172
f 5243/5243 5192/5192 5245/5245
f 5193/5193 5172/5172 5287/5287
f 5264/5264 5091/5091 5064/5064
f 5239/5239 5244/5244 5179/5179
f 5163/5163 5042/5042 5484/5484
f 5239/5239 5280/5280 5244/5244
f 5210/5210 5272/5272 5095/5095
f 5238/5238 5243/5243 5252/5252
f 5369/5369 5073/5073 5174/5174
f 5280/5280 5278/5278 5245/5245
f 5243/5243 5245/5245 5278/5278
f 5280/5280 5245/5245 5244/5244
f 5215/5215 5243/5243 5238/5238
f 5273/5273 5128/5128 5305/5305
f 5152/5152 5128/5128 5273/5273
f 5236/5236 5068/5068 5237/5237
f 5246/5246 5247/5247 5211/5211
f 5211/5211 5247/5247 5178/5178
f 5243/5243 5215/5215 5171/5171
f 5218/5218 5212/5212 5241/5241
f 5174/5174 5407/5407 5369/5369
f 5321/5321 5208/5208 5255/5255
f 5252/5252 5283/5283 5322/5322
f 5230/5230 5250/5250 5205/5205
f 5288/5288 5220/5220 5257/5257
f 5049/5049 5067/5067 5513/5513
f 5208/5208 5321/5321 5216/5216
f 5326/5326 5286/5286 5324/5324
f 5071/5071 5084/5084 5314/5314
f 5312/5312 5107/5107 5462/5462
f 5222/5222 5373/5373 5293/5293
f 5254/5254 5216/5216 5321/5321
f 5283/5283 5276/5276 5326/5326
f 5255/5255 5250/5250 5320/5320
f 5323/5323 5279/5279 5281/5281
f 5253/5253 5071/5071 5314/5314
f 5252/5252 5278/5278 5283/5283
f 5373/5373 5088/5088 5518/5518
f 5280/5280 5285/5285 5276/5276
f 5216/5216 5254/5254 5191/5191
f 5070/5070 5163/5163 5256/5256
f 5254/5254 5323/5323 5191/5191
f 5323/5323 5281/5281 5197/5197
f 5197/5197 5191/5191 5323/5323
f 5286/5286 5285/5285 5193/5193
f 5281/5281 5282/5282 5197/5197
f 5266/5266 5226/5226 5209/5209
f 5195/5195 5430/5430 5186/5186
f 5277/5277 5199/5199 5284/5284
f 5286/5286 5326/5326 5285/5285
f 5197/5197 5282/5282 5223/5223
f 5218/5218 5261/5261 5212/5212
f 5232/5232 5229/5229 5299/5299
f 5246/5246 5219/5219 5328/5328
f 5202/5202 5361/5361 5362/5362
f 5278/5278 5280/5280 5276/5276
f 5312/5312 5370/5370 5123/5123
f 5225/5225 5267/5267 5230/5230
f 5267/5267 5302/5302 5230/5230
f 5301/5301 5232/5232 5299/5299
f 5160/5160 5073/5073 5369/5369
f 5013/5013 5125/5125 5315/5315
f 5212/5212 5261/5261 5177/5177
f 5250/5250 5230/5230 5302/5302
f 5325/5325 5286/5286 5287/5287
f 5285/5285 5326/5326 5276/5276
f 5106/5106 5204/5204 5376/5376
f 5252/5252 5322/5322 5263/5263
f 5264/5264 5064/5064 5444/5444
f 5329/5329 5246/5246 5328/5328
f 5276/5276 5283/5283 5278/5278
f 5243/5243 5278/5278 5252/5252
f 5282/5282 5284/5284 5223/5223
f 5223/5223 5284/5284 5240/5240
f 5089/5089 5097/5097 5310/5310
f 5287/5287 5258/5258 5325/5325
f 5248/5248 5273/5273 5308/5308
f 5246/5246 5329/5329 5247/5247
f 5239/5239 5193/5193 5285/5285
f 5218/5218 5263/5263 5327/5327
f 5068/5068 5220/5220 5237/5237
f 5329/5329 5258/5258 5247/5247
f 5263/5263 5218/5218 5238/5238
f 5193/5193 5287/5287 5286/5286
f 5258/5258 5287/5287 5242/5242
f 5196/5196 5170/5170 5275/5275
f 5540/5540 5251/5251 5297/5297
f 5217/5217 5222/5222 5289/5289
f 5332/5332 5106/5106 5376/5376
f 5518/5518 5198/5198 5292/5292
f 5288/5288 5257/5257 5339/5339
f 5289/5289 5222/5222 5293/5293
f 5156/5156 5272/5272 5309/5309
f 5330/5330 5365/5365 5229/5229
f 5352/5352 5317/5317 5324/5324
f 5294/5294 5156/5156 5309/5309
f 5320/5320 5302/5302 5341/5341
f 5295/5295 5207/5207 5290/5290
f 5324/5324 5317/5317 5326/5326
f 5253/5253 5228/5228 5119/5119
f 5207/5207 5295/5295 5209/5209
f 5365/5365 5299/5299 5229/5229
f 5260/5260 5339/5339 5257/5257
f 5156/5156 5294/5294 5207/5207
f 5320/5320 5250/5250 5302/5302
f 4956/4956 5274/5274 5549/5549
f 5227/5227 5516/5516 5450/5450
f 5294/5294 5290/5290 5207/5207
f 5298/5298 5339/5339 5260/5260
f 5274/5274 5335/5335 5549/5549
f 5318/5318 5302/5302 5267/5267
f 5209/5209 5295/5295 5266/5266
f 5283/5283 5326/5326 5317/5317
f 5319/5319 5266/5266 5295/5295
f 5175/5175 5202/5202 5362/5362
f 5231/5231 5408/5408 5271/5271
f 5328/5328 5316/5316 5346/5346
f 5298/5298 5260/5260 5261/5261
f 5234/5234 5301/5301 5336/5336
f 5321/5321 5356/5356 5254/5254
f 5356/5356 5323/5323 5254/5254
f 5305/5305 5234/5234 5336/5336
f 5177/5177 5261/5261 5260/5260
f 5317/5317 5300/5300 5283/5283
f 5282/5282 5281/5281 5279/5279
f 5322/5322 5327/5327 5263/5263
f 5322/5322 5283/5283 5300/5300
f 5180/5180 5551/5551 5265/5265
f 5310/5310 5097/5097 5221/5221
f 5123/5123 5370/5370 5372/5372
f 5183/5183 5123/5123 5372/5372
f 5264/5264 5402/5402 5275/5275
f 5329/5329 5325/5325 5258/5258
f 5316/5316 5354/5354 5346/5346
f 5221/5221 5427/5427 5622/5622
f 5308/5308 5273/5273 5368/5368
f 5320/5320 5356/5356 5321/5321
f 5316/5316 5279/5279 5354/5354
f 5430/5430 5505/5505 5085/5085
f 5279/5279 5316/5316 5282/5282
f 5272/5272 5210/5210 5307/5307
f 5330/5330 5196/5196 5358/5358
f 5320/5320 5321/5321 5255/5255
f 5173/5173 5196/5196 5330/5330
f 5309/5309 5272/5272 5307/5307
f 5346/5346 5345/5345 5328/5328
f 5344/5344 5354/5354 5279/5279
f 5279/5279 5323/5323 5344/5344
f 5325/5325 5352/5352 5324/5324
f 5261/5261 5351/5351 5298/5298
f 5327/5327 5348/5348 5218/5218
f 5284/5284 5282/5282 5316/5316
f 5325/5325 5324/5324 5286/5286
f 5348/5348 5351/5351 5218/5218
f 5284/5284 5316/5316 5277/5277
f 5219/5219 5277/5277 5316/5316
f 5316/5316 5328/5328 5219/5219
f 5218/5218 5351/5351 5261/5261
f 5237/5237 5220/5220 5288/5288
f 5345/5345 5325/5325 5329/5329
f 5329/5329 5328/5328 5345/5345
f 5334/5334 5253/5253 5360/5360
f 5292/5292 5198/5198 5395/5395
f 5452/5452 5331/5331 5315/5315
f 5270/5270 4957/4957 5550/5550
f 5361/5361 5251/5251 5540/5540
f 5198/5198 5104/5104 5481/5481
f 5228/5228 5253/5253 5334/5334
f 5344/5344 5356/5356 5355/5355
f 5505/5505 5182/5182 5085/5085
f 5481/5481 5104/5104 5233/5233
f 5354/5354 5381/5381 5346/5346
f 5290/5290 5309/5309 5340/5340
f 5290/5290 5294/5294 5309/5309
f 5355/5355 5349/5349 5389/5389
f 5298/5298 5391/5391 5339/5339
f 5233/5233 5070/5070 5481/5481
f 5204/5204 5269/5269 5374/5374
f 5355/5355 5354/5354 5344/5344
f 5385/5385 5387/5387 5383/5383
f 5349/5349 5341/5341 5318/5318
f 5070/5070 5256/5256 5447/5447
f 5340/5340 5342/5342 5290/5290
f 5336/5336 5299/5299 5365/5365
f 5353/5353 5355/5355 5389/5389
f 5299/5299 5336/5336 5301/5301
f 5327/5327 5383/5383 5387/5387
f 5421/5421 5390/5390 5342/5342
f 5302/5302 5318/5318 5341/5341
f 5350/5350 5342/5342 5390/5390
f 4950/4950 5148/5148 5371/5371
f 5323/5323 5356/5356 5344/5344
f 5345/5345 5346/5346 5388/5388
f 5454/5454 5405/5405 5306/5306
f 5236/5236 5237/5237 5397/5397
f 5273/5273 5305/5305 5368/5368
f 5352/5352 5300/5300 5317/5317
f 5264/5264 5444/5444 5402/5402
f 5224/5224 5265/5265 5551/5551
f 5551/5551 5180/5180 5536/5536
f 5402/5402 5196/5196 5275/5275
f 5183/5183 5372/5372 5268/5268
f 5536/5536 5180/5180 5519/5519
f 5348/5348 5327/5327 5387/5387
f 5327/5327 5322/5322 5383/5383
f 5140/5140 5271/5271 5590/5590
f 5349/5349 5291/5291 5343/5343
f 5228/5228 5334/5334 5303/5303
f 5347/5347 5303/5303 5334/5334
f 5349/5349 5296/5296 5291/5291
f 5296/5296 5349/5349 5318/5318
f 5355/5355 5341/5341 5349/5349
f 5314/5314 5084/5084 5248/5248
f 5303/5303 5347/5347 5210/5210
f 5345/5345 5393/5393 5325/5325
f 5341/5341 5355/5355 5356/5356
f 5253/5253 5314/5314 5360/5360
f 5307/5307 5210/5210 5347/5347
f 5384/5384 5307/5307 5347/5347
f 5352/5352 5325/5325 5393/5393
f 5185/5185 5160/5160 5369/5369
f 5353/5353 5381/5381 5354/5354
f 5309/5309 5307/5307 5384/5384
f 5337/5337 5288/5288 5339/5339
f 5288/5288 5337/5337 5237/5237
f 5384/5384 5340/5340 5309/5309
f 5354/5354 5355/5355 5353/5353
f 5392/5392 5340/5340 5384/5384
f 5342/5342 5340/5340 5392/5392
f 5341/5341 5356/5356 5320/5320
f 5334/5334 5379/5379 5347/5347
f 5289/5289 5297/5297 5217/5217
f 5677/5677 5163/5163 5484/5484
f 5622/5622 5427/5427 5581/5581
f 5394/5394 5236/5236 5397/5397
f 5360/5360 5314/5314 5359/5359
f 5330/5330 5358/5358 5365/5365
f 5393/5393 5345/5345 5388/5388
f 5136/5136 5394/5394 5458/5458
f 5381/5381 5412/5412 5388/5388
f 5308/5308 5359/5359 5248/5248
f 5481/5481 5070/5070 5447/5447
f 5378/5378 5391/5391 5298/5298
f 5351/5351 5378/5378 5298/5298
f 5377/5377 5300/5300 5352/5352
f 5384/5384 5347/5347 5379/5379
f 5459/5459 5235/5235 5135/5135
f 5397/5397 5237/5237 5337/5337
f 5306/5306 5175/5175 5431/5431
f 5431/5431 5454/5454 5306/5306
f 5314/5314 5248/5248 5359/5359
f 5429/5429 5370/5370 5312/5312
f 5305/5305 5336/5336 5367/5367
f 5249/5249 5200/5200 5492/5492
f 5381/5381 5353/5353 5420/5420
f 5372/5372 5456/5456 5268/5268
f 5405/5405 5491/5491 5133/5133
f 5385/5385 5383/5383 5411/5411
f 5456/5456 5375/5375 5268/5268
f 5357/5357 5421/5421 5392/5392
f 5367/5367 5368/5368 5305/5305
f 5390/5390 5382/5382 5363/5363
f 5376/5376 5409/5409 5332/5332
f 5387/5387 5378/5378 5348/5348
f 5380/5380 5366/5366 5360/5360
f 5374/5374 5376/5376 5204/5204
f 5381/5381 5388/5388 5346/5346
f 5348/5348 5378/5378 5351/5351
f 5334/5334 5360/5360 5366/5366
f 5513/5513 5067/5067 5539/5539
f 5386/5386 5357/5357 5379/5379
f 5414/5414 5420/5420 5353/5353
f 5300/5300 5383/5383 5322/5322
f 5378/5378 5410/5410 5391/5391
f 5388/5388 5413/5413 5393/5393
f 5339/5339 5410/5410 5337/5337
f 5391/5391 5410/5410 5339/5339
f 5357/5357 5392/5392 5384/5384
f 5384/5384 5379/5379 5357/5357
f 5421/5421 5382/5382 5390/5390
f 5417/5417 5411/5411 5377/5377
f 5364/5364 5414/5414 5353/5353
f 5353/5353 5389/5389 5364/5364
f 5392/5392 5421/5421 5342/5342
f 5300/5300 5377/5377 5411/5411
f 5411/5411 5383/5383 5300/5300
f 5378/5378 5387/5387 5438/5438
f 5379/5379 5334/5334 5366/5366
f 5379/5379 5366/5366 5386/5386
f 5393/5393 5377/5377 5352/5352
f 5198/5198 5481/5481 5395/5395
f 5396/5396 5358/5358 5404/5404
f 5066/5066 5259/5259 5653/5653
f 5368/5368 5359/5359 5308/5308
f 5365/5365 5358/5358 5396/5396
f 5484/5484 5155/5155 5423/5423
f 5412/5412 5381/5381 5479/5479
f 5362/5362 5361/5361 5618/5618
f 5413/5413 5388/5388 5440/5440
f 5651/5651 5362/5362 5618/5618
f 5414/5414 5477/5477 5420/5420
f 5400/5400 5365/5365 5396/5396
f 5403/5403 5362/5362 5651/5651
f 5175/5175 5362/5362 5403/5403
f 5062/5062 5401/5401 5262/5262
f 5427/5427 5489/5489 5581/5581
f 5270/5270 5489/5489 5427/5427
f 5235/5235 5430/5430 5195/5195
f 5477/5477 5441/5441 5420/5420
f 5064/5064 5262/5262 5488/5488
f 5313/5313 5249/5249 5492/5492
f 5175/5175 5403/5403 5431/5431
f 5410/5410 5378/5378 5428/5428
f 5419/5419 5418/5418 5439/5439
f 5196/5196 5404/5404 5358/5358
f 5624/5624 5491/5491 5405/5405
f 5461/5461 5133/5133 5491/5491
f 5365/5365 5400/5400 5336/5336
f 5492/5492 5200/5200 5517/5517
f 5480/5480 5185/5185 5369/5369
f 5584/5584 5312/5312 5462/5462
f 5293/5293 5373/5373 5463/5463
f 5382/5382 5433/5433 5363/5363
f 5463/5463 5373/5373 5464/5464
f 5416/5416 5411/5411 5476/5476
f 5337/5337 5410/5410 5397/5397
f 5590/5590 5271/5271 5552/5552
f 5542/5542 5332/5332 5409/5409
f 5516/5516 5332/5332 5542/5542
f 5443/5443 5418/5418 5415/5415
f 5393/5393 5413/5413 5417/5417
f 5153/5153 5338/5338 5493/5493
f 5589/5589 5493/5493 5338/5338
f 5224/5224 5589/5589 5338/5338
f 5125/5125 5227/5227 5450/5450
f 5368/5368 5367/5367 5424/5424
f 5411/5411 5416/5416 5385/5385
f 5393/5393 5417/5417 5377/5377
f 5414/5414 5364/5364 5434/5434
f 5437/5437 5368/5368 5424/5424
f 5412/5412 5436/5436 5388/5388
f 5380/5380 5359/5359 5398/5398
f 5359/5359 5380/5380 5360/5360
f 5466/5466 5168/5168 5333/5333
f 5436/5436 5440/5440 5388/5388
f 5359/5359 5368/5368 5437/5437
f 5419/5419 5421/5421 5357/5357
f 5304/5304 5194/5194 5514/5514
f 5417/5417 5399/5399 5411/5411
f 5380/5380 5415/5415 5366/5366
f 5420/5420 5479/5479 5381/5381
f 5416/5416 5435/5435 5387/5387
f 5387/5387 5385/5385 5416/5416
f 5415/5415 5418/5418 5386/5386
f 5435/5435 5432/5432 5438/5438
f 5382/5382 5421/5421 5469/5469
f 5418/5418 5419/5419 5357/5357
f 5386/5386 5418/5418 5357/5357
f 5415/5415 5386/5386 5366/5366
f 5435/5435 5438/5438 5387/5387
f 5289/5289 5293/5293 5422/5422
f 5196/5196 5402/5402 5490/5490
f 5467/5467 5336/5336 5400/5400
f 5367/5367 5336/5336 5467/5467
f 5476/5476 5495/5495 5435/5435
f 5396/5396 5404/5404 5453/5453
f 5419/5419 5439/5439 5469/5469
f 5426/5426 5439/5439 5418/5418
f 5467/5467 5424/5424 5367/5367
f 5432/5432 5468/5468 5438/5438
f 5200/5200 5140/5140 5590/5590
f 5436/5436 5412/5412 5479/5479
f 5440/5440 5436/5436 5473/5473
f 5331/5331 5401/5401 5062/5062
f 5435/5435 5416/5416 5476/5476
f 5401/5401 5488/5488 5262/5262
f 5259/5259 5206/5206 5185/5185
f 5185/5185 5658/5658 5259/5259
f 5438/5438 5428/5428 5378/5378
f 5271/5271 5408/5408 5552/5552
f 5448/5448 5394/5394 5470/5470
f 5426/5426 5446/5446 5439/5439
f 5411/5411 5399/5399 5476/5476
f 5394/5394 5397/5397 5470/5470
f 5469/5469 5421/5421 5419/5419
f 5409/5409 5376/5376 5537/5537
f 5464/5464 5373/5373 5518/5518
f 5394/5394 5448/5448 5458/5458
f 5292/5292 5395/5395 5669/5669
f 5124/5124 5371/5371 5519/5519
f 5441/5441 5479/5479 5420/5420
f 5359/5359 5437/5437 5442/5442
f 5410/5410 5470/5470 5397/5397
f 5472/5472 5417/5417 5413/5413
f 5406/5406 5153/5153 5493/5493
f 5382/5382 5469/5469 5474/5474
f 5359/5359 5442/5442 5398/5398
f 5468/5468 5428/5428 5438/5438
f 5434/5434 5477/5477 5414/5414
f 5442/5442 5426/5426 5443/5443
f 5440/5440 5472/5472 5413/5413
f 5443/5443 5398/5398 5442/5442
f 5418/5418 5443/5443 5426/5426
f 5182/5182 5587/5587 5148/5148
f 5398/5398 5443/5443 5415/5415
f 5415/5415 5380/5380 5398/5398
f 5297/5297 5289/5289 5578/5578
f 5402/5402 5444/5444 5490/5490
f 5422/5422 5293/5293 5463/5463
f 5441/5441 5477/5477 5500/5500
f 5444/5444 5064/5064 5488/5488
f 5315/5315 5125/5125 5450/5450
f 5503/5503 5467/5467 5400/5400
f 5404/5404 5196/5196 5490/5490
f 5425/5425 5315/5315 5450/5450
f 5475/5475 5441/5441 5445/5445
f 5425/5425 5451/5451 5315/5315
f 5452/5452 5315/5315 5451/5451
f 5445/5445 5441/5441 5500/5500
f 5372/5372 5370/5370 5429/5429
f 5528/5528 5496/5496 5473/5473
f 5472/5472 5399/5399 5417/5417
f 5401/5401 5331/5331 5548/5548
f 5517/5517 5200/5200 5590/5590
f 5382/5382 5474/5474 5523/5523
f 5405/5405 5454/5454 5624/5624
f 5473/5473 5496/5496 5440/5440
f 5588/5588 5374/5374 5457/5457
f 5376/5376 5374/5374 5588/5588
f 5474/5474 5469/5469 5499/5499
f 5549/5549 5335/5335 5406/5406
f 5335/5335 5153/5153 5406/5406
f 5472/5472 5487/5487 5399/5399
f 5434/5434 5500/5500 5477/5477
f 5468/5468 5485/5485 5428/5428
f 5519/5519 5371/5371 5586/5586
f 5521/5521 5482/5482 5434/5434
f 5485/5485 5470/5470 5428/5428
f 5472/5472 5440/5440 5496/5496
f 5371/5371 5148/5148 5465/5465
f 5446/5446 5501/5501 5439/5439
f 5523/5523 5474/5474 5499/5499
f 5433/5433 5382/5382 5523/5523
f 5428/5428 5470/5470 5410/5410
f 5476/5476 5399/5399 5487/5487
f 5467/5467 5497/5497 5424/5424
f 5441/5441 5475/5475 5479/5479
f 5453/5453 5400/5400 5396/5396
f 5495/5495 5476/5476 5487/5487
f 5520/5520 5446/5446 5426/5426
f 5455/5455 5520/5520 5426/5426
f 5455/5455 5426/5426 5442/5442
f 5437/5437 5424/5424 5497/5497
f 5482/5482 5500/5500 5434/5434
f 5469/5469 5439/5439 5501/5501
f 5407/5407 5168/5168 5741/5741
f 5479/5479 5475/5475 5535/5535
f 5333/5333 5304/5304 5466/5466
f 5504/5504 5430/5430 5459/5459
f 5430/5430 5235/5235 5459/5459
f 5194/5194 5311/5311 5514/5514
f 5497/5497 5455/5455 5437/5437
f 5432/5432 5435/5435 5495/5495
f 5478/5478 5432/5432 5495/5495
f 5437/5437 5455/5455 5442/5442
f 5473/5473 5479/5479 5535/5535
f 5468/5468 5478/5478 5533/5533
f 5479/5479 5473/5473 5436/5436
f 5468/5468 5432/5432 5478/5478
f 5505/5505 5430/5430 5504/5504
f 5578/5578 5289/5289 5422/5422
f 5540/5540 5297/5297 5578/5578
f 5376/5376 5588/5588 5641/5641
f 5361/5361 5540/5540 5579/5579
f 5486/5486 5547/5547 5471/5471
f 5408/5408 5460/5460 5552/5552
f 5407/5407 5741/5741 5369/5369
f 5555/5555 5500/5500 5483/5483
f 5741/5741 5168/5168 5466/5466
f 5520/5520 5494/5494 5446/5446
f 5331/5331 5452/5452 5548/5548
f 5659/5659 5466/5466 5304/5304
f 5445/5445 5500/5500 5555/5555
f 5513/5513 5539/5539 5702/5702
f 5403/5403 5705/5705 5431/5431
f 5489/5489 5270/5270 5704/5704
f 5530/5530 5533/5533 5478/5478
f 5539/5539 5067/5067 5652/5652
f 5478/5478 5495/5495 5530/5530
f 5270/5270 5550/5550 5704/5704
f 5472/5472 5496/5496 5498/5498
f 5523/5523 5499/5499 5526/5526
f 5445/5445 5531/5531 5475/5475
f 5485/5485 5468/5468 5571/5571
f 5259/5259 5658/5658 5653/5653
f 5535/5535 5528/5528 5473/5473
f 5487/5487 5472/5472 5498/5498
f 5524/5524 5448/5448 5470/5470
f 5449/5449 5525/5525 5459/5459
f 5490/5490 5444/5444 5488/5488
f 5487/5487 5530/5530 5495/5495
f 5499/5499 5469/5469 5501/5501
f 5535/5535 5475/5475 5531/5531
f 5501/5501 5446/5446 5494/5494
f 5467/5467 5503/5503 5497/5497
f 5404/5404 5502/5502 5453/5453
f 5483/5483 5500/5500 5482/5482
f 5502/5502 5503/5503 5453/5453
f 5468/5468 5533/5533 5571/5571
f 5453/5453 5503/5503 5400/5400
f 5507/5507 5560/5560 5566/5566
f 5588/5588 5621/5621 5641/5641
f 5590/5590 5552/5552 5591/5591
f 5565/5565 5522/5522 5573/5573
f 5480/5480 5369/5369 5512/5512
f 5505/5505 5587/5587 5182/5182
f 5579/5579 5618/5618 5361/5361
f 5498/5498 5496/5496 5606/5606
f 5498/5498 5606/5606 5577/5577
f 5512/5512 5369/5369 5741/5741
f 5581/5581 5489/5489 5709/5709
f 5507/5507 5566/5566 5497/5497
f 5256/5256 5163/5163 5677/5677
f 5460/5460 5513/5513 5592/5592
f 5602/5602 5576/5576 5520/5520
f 5508/5508 5522/5522 5565/5565
f 5459/5459 5601/5601 5504/5504
f 5548/5548 5452/5452 5546/5546
f 5486/5486 5510/5510 5547/5547
f 5459/5459 5525/5525 5601/5601
f 5556/5556 5606/5606 5528/5528
f 5487/5487 5498/5498 5530/5530
f 5522/5522 5527/5527 5573/5573
f 5471/5471 5547/5547 5525/5525
f 5454/5454 5431/5431 5624/5624
f 5531/5531 5511/5511 5545/5545
f 5529/5529 5568/5568 5530/5530
f 5531/5531 5611/5611 5535/5535
f 5555/5555 5483/5483 5574/5574
f 5506/5506 5559/5559 5501/5501
f 5531/5531 5445/5445 5511/5511
f 5501/5501 5559/5559 5570/5570
f 5461/5461 5491/5491 5679/5679
f 5561/5561 5401/5401 5564/5564
f 5679/5679 5585/5585 5461/5461
f 5528/5528 5606/5606 5496/5496
f 5537/5537 5376/5376 5641/5641
f 5310/5310 5221/5221 5645/5645
f 5530/5530 5498/5498 5529/5529
f 5507/5507 5534/5534 5515/5515
f 5570/5570 5499/5499 5501/5501
f 5576/5576 5506/5506 5501/5501
f 5530/5530 5568/5568 5533/5533
f 5516/5516 5542/5542 5616/5616
f 5516/5516 5582/5582 5450/5450
f 5520/5520 5566/5566 5541/5541
f 5497/5497 5566/5566 5455/5455
f 5482/5482 5521/5521 5509/5509
f 5520/5520 5576/5576 5494/5494
f 5526/5526 5499/5499 5570/5570
f 5148/5148 5587/5587 5465/5465
f 5494/5494 5576/5576 5501/5501
f 5562/5562 5572/5572 5532/5532
f 5589/5589 5224/5224 5551/5551
f 5545/5545 5611/5611 5531/5531
f 5566/5566 5520/5520 5455/5455
f 5483/5483 5509/5509 5574/5574
f 5483/5483 5482/5482 5509/5509
f 5511/5511 5445/5445 5555/5555
f 5488/5488 5401/5401 5561/5561
f 5611/5611 5556/5556 5535/5535
f 5490/5490 5488/5488 5561/5561
f 5561/5561 5534/5534 5502/5502
f 5534/5534 5507/5507 5503/5503
f 5535/5535 5556/5556 5528/5528
f 5534/5534 5503/5503 5502/5502
f 5490/5490 5502/5502 5404/5404
f 5497/5497 5503/5503 5507/5507
f 5556/5556 5611/5611 5609/5609
f 5561/5561 5544/5544 5534/5534
f 5669/5669 5395/5395 5481/5481
f 5542/5542 5409/5409 5537/5537
f 5490/5490 5561/5561 5502/5502
f 5536/5536 5519/5519 5586/5586
f 5587/5587 5505/5505 5543/5543
f 5577/5577 5529/5529 5498/5498
f 5538/5538 5555/5555 5574/5574
f 5505/5505 5504/5504 5543/5543
f 5582/5582 5516/5516 5616/5616
f 5450/5450 5582/5582 5598/5598
f 5543/5543 5504/5504 5601/5601
f 5425/5425 5450/5450 5598/5598
f 5423/5423 5313/5313 5647/5647
f 5599/5599 5559/5559 5506/5506
f 5425/5425 5598/5598 5451/5451
f 5533/5533 5568/5568 5610/5610
f 5512/5512 5741/5741 5800/5800
f 5600/5600 5580/5580 5558/5558
f 5452/5452 5451/5451 5546/5546
f 5625/5625 5312/5312 5584/5584
f 5610/5610 5563/5563 5533/5533
f 5429/5429 5312/5312 5625/5625
f 5580/5580 5567/5567 5558/5558
f 5558/5558 5567/5567 5569/5569
f 5562/5562 5619/5619 5510/5510
f 5557/5557 5560/5560 5507/5507
f 5511/5511 5555/5555 5538/5538
f 5569/5569 5567/5567 5527/5527
f 5567/5567 5573/5573 5527/5527
f 5548/5548 5564/5564 5401/5401
f 5552/5552 5460/5460 5591/5591
f 5514/5514 5311/5311 5553/5553
f 5561/5561 5564/5564 5544/5544
f 5538/5538 5635/5635 5545/5545
f 5564/5564 5583/5583 5544/5544
f 5534/5534 5583/5583 5515/5515
f 5560/5560 5603/5603 5566/5566
f 5554/5554 5310/5310 5645/5645
f 5562/5562 5510/5510 5572/5572
f 5538/5538 5545/5545 5511/5511
f 5566/5566 5603/5603 5541/5541
f 5515/5515 5557/5557 5507/5507
f 5572/5572 5510/5510 5486/5486
f 5575/5575 5508/5508 5565/5565
f 5544/5544 5583/5583 5534/5534
f 5547/5547 5601/5601 5525/5525
f 5520/5520 5541/5541 5602/5602
f 5560/5560 5557/5557 5634/5634
f 5422/5422 5463/5463 5671/5671
f 5636/5636 5608/5608 5529/5529
f 5629/5629 5602/5602 5541/5541
f 5616/5616 5542/5542 5682/5682
f 5597/5597 5598/5598 5582/5582
f 5560/5560 5634/5634 5638/5638
f 5643/5643 5481/5481 5736/5736
f 5481/5481 5447/5447 5736/5736
f 5565/5565 5573/5573 5632/5632
f 5635/5635 5538/5538 5631/5631
f 5506/5506 5576/5576 5595/5595
f 5609/5609 5605/5605 5606/5606
f 5600/5600 5596/5596 5626/5626
f 5609/5609 5606/5606 5556/5556
f 5560/5560 5638/5638 5603/5603
f 5599/5599 5506/5506 5595/5595
f 5598/5598 5597/5597 5634/5634
f 5451/5451 5598/5598 5546/5546
f 5565/5565 5594/5594 5575/5575
f 5606/5606 5605/5605 5636/5636
f 5586/5586 5371/5371 5465/5465
f 5661/5661 5595/5595 5576/5576
f 5464/5464 5518/5518 5657/5657
f 5546/5546 5598/5598 5604/5604
f 5577/5577 5606/5606 5636/5636
f 5634/5634 5604/5604 5598/5598
f 5551/5551 5536/5536 5672/5672
f 5604/5604 5634/5634 5557/5557
f 5594/5594 5565/5565 5632/5632
f 5612/5612 5619/5619 5562/5562
f 5563/5563 5610/5610 5613/5613
f 5529/5529 5608/5608 5568/5568
f 5661/5661 5576/5576 5602/5602
f 5548/5548 5546/5546 5607/5607
f 5631/5631 5574/5574 5593/5593
f 5557/5557 5607/5607 5546/5546
f 5632/5632 5573/5573 5667/5667
f 5546/5546 5604/5604 5557/5557
f 5564/5564 5548/5548 5583/5583
f 5613/5613 5610/5610 5608/5608
f 5591/5591 5460/5460 5592/5592
f 5538/5538 5574/5574 5631/5631
f 5603/5603 5629/5629 5541/5541
f 5592/5592 5513/5513 5702/5702
f 5545/5545 5633/5633 5611/5611
f 5608/5608 5610/5610 5568/5568
f 5529/5529 5577/5577 5636/5636
f 5609/5609 5611/5611 5617/5617
f 5619/5619 5615/5615 5510/5510
f 5547/5547 5510/5510 5615/5615
f 5515/5515 5607/5607 5557/5557
f 5707/5707 5622/5622 5709/5709
f 5622/5622 5581/5581 5709/5709
f 5481/5481 5767/5767 5669/5669
f 5607/5607 5583/5583 5548/5548
f 5480/5480 5512/5512 5678/5678
f 5542/5542 5537/5537 5682/5682
f 5635/5635 5640/5640 5633/5633
f 5682/5682 5537/5537 5642/5642
f 5630/5630 5613/5613 5608/5608
f 5587/5587 5614/5614 5465/5465
f 5631/5631 5628/5628 5665/5665
f 5635/5635 5631/5631 5665/5665
f 5614/5614 5587/5587 5637/5637
f 5603/5603 5638/5638 5662/5662
f 5664/5664 5582/5582 5616/5616
f 5629/5629 5661/5661 5602/5602
f 5580/5580 5600/5600 5626/5626
f 5632/5632 5627/5627 5594/5594
f 5493/5493 5589/5589 5623/5623
f 5580/5580 5626/5626 5667/5667
f 5593/5593 5628/5628 5631/5631
f 5588/5588 5457/5457 5654/5654
f 5635/5635 5633/5633 5545/5545
f 5547/5547 5615/5615 5601/5601
f 5491/5491 5878/5878 5679/5679
f 5567/5567 5580/5580 5667/5667
f 5662/5662 5629/5629 5603/5603
f 5613/5613 5691/5691 5620/5620
f 5615/5615 5637/5637 5601/5601
f 5543/5543 5637/5637 5587/5587
f 5657/5657 5518/5518 5669/5669
f 5536/5536 5586/5586 5656/5656
f 5518/5518 5292/5292 5669/5669
f 5601/5601 5637/5637 5543/5543
f 5636/5636 5605/5605 5697/5697
f 5638/5638 5582/5582 5664/5664
f 5638/5638 5597/5597 5582/5582
f 5597/5597 5638/5638 5634/5634
f 5567/5567 5667/5667 5573/5573
f 5636/5636 5630/5630 5608/5608
f 5633/5633 5617/5617 5611/5611
f 5617/5617 5668/5668 5609/5609
f 5605/5605 5609/5609 5668/5668
f 5668/5668 5697/5697 5605/5605
f 5621/5621 5588/5588 5670/5670
f 5664/5664 5662/5662 5638/5638
f 5537/5537 5641/5641 5642/5642
f 5579/5579 5540/5540 5701/5701
f 5626/5626 5596/5596 5699/5699
f 5656/5656 5586/5586 5644/5644
f 5683/5683 5664/5664 5639/5639
f 5422/5422 5671/5671 5578/5578
f 5221/5221 5622/5622 5707/5707
f 5423/5423 5647/5647 5791/5791
f 5663/5663 5636/5636 5697/5697
f 5618/5618 5579/5579 5832/5832
f 5725/5725 5637/5637 5708/5708
f 5691/5691 5630/5630 5687/5687
f 5313/5313 5492/5492 5647/5647
f 5644/5644 5586/5586 5650/5650
f 5697/5697 5668/5668 5698/5698
f 5616/5616 5649/5649 5639/5639
f 5667/5667 5688/5688 5695/5695
f 5666/5666 5640/5640 5696/5696
f 5702/5702 5539/5539 5830/5830
f 5919/5919 5447/5447 5256/5256
f 5616/5616 5639/5639 5664/5664
f 5667/5667 5626/5626 5688/5688
f 5650/5650 5465/5465 5614/5614
f 5662/5662 5664/5664 5713/5713
f 5492/5492 5517/5517 5808/5808
f 5919/5919 5256/5256 5677/5677
f 5648/5648 5700/5700 5595/5595
f 5615/5615 5619/5619 5692/5692
f 5635/5635 5665/5665 5685/5685
f 5431/5431 5705/5705 5624/5624
f 5465/5465 5650/5650 5586/5586
f 5630/5630 5721/5721 5687/5687
f 5429/5429 5625/5625 5726/5726
f 5640/5640 5635/5635 5685/5685
f 5372/5372 5429/5429 5726/5726
f 5456/5456 5372/5372 5726/5726
f 5613/5613 5630/5630 5691/5691
f 5670/5670 5588/5588 5654/5654
f 5590/5590 5591/5591 5802/5802
f 5663/5663 5694/5694 5636/5636
f 5615/5615 5708/5708 5637/5637
f 5633/5633 5640/5640 5666/5666
f 5704/5704 5550/5550 5737/5737
f 5686/5686 5667/5667 5695/5695
f 5636/5636 5694/5694 5630/5630
f 5595/5595 5661/5661 5648/5648
f 5617/5617 5666/5666 5646/5646
f 5551/5551 5623/5623 5589/5589
f 5633/5633 5666/5666 5617/5617
f 5686/5686 5693/5693 5632/5632
f 5617/5617 5646/5646 5668/5668
f 5724/5724 5681/5681 5662/5662
f 5692/5692 5722/5722 5615/5615
f 5662/5662 5681/5681 5629/5629
f 5648/5648 5661/5661 5681/5681
f 5304/5304 5514/5514 5659/5659
f 5627/5627 5632/5632 5693/5693
f 5661/5661 5629/5629 5681/5681
f 5632/5632 5667/5667 5686/5686
f 5694/5694 5721/5721 5630/5630
f 5515/5515 5583/5583 5607/5607
f 5670/5670 5641/5641 5621/5621
f 5655/5655 5456/5456 5726/5726
f 5623/5623 5551/5551 5672/5672
f 5578/5578 5701/5701 5540/5540
f 5832/5832 5579/5579 5703/5703
f 5672/5672 5536/5536 5656/5656
f 5628/5628 5685/5685 5665/5665
f 5714/5714 5685/5685 5628/5628
f 5687/5687 5689/5689 5691/5691
f 5642/5642 5641/5641 5712/5712
f 5484/5484 5423/5423 5791/5791
f 5549/5549 5406/5406 5674/5674
f 5695/5695 5711/5711 5686/5686
f 5406/5406 5493/5493 5674/5674
f 5642/5642 5673/5673 5682/5682
f 5687/5687 5721/5721 5723/5723
f 5466/5466 5659/5659 5676/5676
f 5693/5693 5686/5686 5711/5711
f 5646/5646 5684/5684 5668/5668
f 5682/5682 5673/5673 5683/5683
f 5682/5682 5683/5683 5649/5649
f 5682/5682 5649/5649 5616/5616
f 5649/5649 5683/5683 5639/5639
f 5689/5689 5687/5687 5756/5756
f 5719/5719 5721/5721 5694/5694
f 5878/5878 5491/5491 5624/5624
f 5770/5770 5625/5625 5584/5584
f 5693/5693 5715/5715 5627/5627
f 5698/5698 5668/5668 5684/5684
f 5696/5696 5640/5640 5685/5685
f 5463/5463 5464/5464 5671/5671
f 5659/5659 5514/5514 5553/5553
f 5722/5722 5692/5692 5690/5690
f 5722/5722 5708/5708 5615/5615
f 5713/5713 5664/5664 5683/5683
f 5751/5751 5648/5648 5681/5681
f 5836/5836 5590/5590 5680/5680
f 5662/5662 5713/5713 5724/5724
f 5696/5696 5646/5646 5666/5666
f 5644/5644 5650/5650 5725/5725
f 5650/5650 5614/5614 5725/5725
f 5663/5663 5698/5698 5716/5716
f 5644/5644 5754/5754 5656/5656
f 5221/5221 5707/5707 5645/5645
f 5637/5637 5725/5725 5614/5614
f 5698/5698 5663/5663 5697/5697
f 5699/5699 5688/5688 5626/5626
f 5709/5709 5489/5489 5710/5710
f 5710/5710 5489/5489 5704/5704
f 5751/5751 5746/5746 5700/5700
f 5712/5712 5641/5641 5670/5670
f 5701/5701 5578/5578 5671/5671
f 5743/5743 5744/5744 5711/5711
f 5677/5677 5484/5484 5791/5791
f 5717/5717 5713/5713 5683/5683
f 5767/5767 5481/5481 5643/5643
f 5715/5715 5693/5693 5778/5778
f 5744/5744 5778/5778 5693/5693
f 5703/5703 5579/5579 5701/5701
f 5549/5549 5674/5674 5738/5738
f 5712/5712 5673/5673 5642/5642
f 5772/5772 5696/5696 5706/5706
f 5663/5663 5716/5716 5780/5780
f 5755/5755 5688/5688 5749/5749
f 5651/5651 5618/5618 5887/5887
f 5713/5713 5720/5720 5724/5724
f 5718/5718 5717/5717 5673/5673
f 5651/5651 5803/5803 5403/5403
f 5830/5830 5539/5539 5652/5652
f 5673/5673 5717/5717 5683/5683
f 5695/5695 5688/5688 5711/5711
f 5584/5584 5739/5739 5770/5770
f 5780/5780 5719/5719 5663/5663
f 5711/5711 5744/5744 5693/5693
f 5751/5751 5700/5700 5648/5648
f 5748/5748 5713/5713 5717/5717
f 5679/5679 5740/5740 5585/5585
f 5756/5756 5752/5752 5689/5689
f 5464/5464 5730/5730 5671/5671
f 5685/5685 5714/5714 5779/5779
f 5812/5812 5706/5706 5696/5696
f 5772/5772 5684/5684 5696/5696
f 5723/5723 5756/5756 5687/5687
f 5688/5688 5755/5755 5711/5711
f 5680/5680 5590/5590 5802/5802
f 5748/5748 5720/5720 5713/5713
f 5723/5723 5721/5721 5758/5758
f 5185/5185 5480/5480 5658/5658
f 5591/5591 5592/5592 5842/5842
f 5724/5724 5773/5773 5751/5751
f 5753/5753 5722/5722 5690/5690
f 5696/5696 5685/5685 5812/5812
f 5684/5684 5646/5646 5696/5696
f 5747/5747 5644/5644 5725/5725
f 5719/5719 5758/5758 5721/5721
f 5688/5688 5699/5699 5749/5749
f 5707/5707 5729/5729 5645/5645
f 5694/5694 5663/5663 5719/5719
f 5724/5724 5751/5751 5681/5681
f 5673/5673 5712/5712 5718/5718
f 5730/5730 5464/5464 5657/5657
f 5710/5710 5728/5728 5709/5709
f 5794/5794 5652/5652 5833/5833
f 5772/5772 5774/5774 5684/5684
f 5777/5777 5684/5684 5774/5774
f 5730/5730 5657/5657 5883/5883
f 5675/5675 5660/5660 5765/5765
f 5657/5657 5669/5669 5883/5883
f 5776/5776 5748/5748 5822/5822
f 5653/5653 5658/5658 5834/5834
f 5732/5732 5647/5647 5808/5808
f 5734/5734 5655/5655 5726/5726
f 5647/5647 5492/5492 5808/5808
f 5832/5832 5703/5703 5762/5762
f 5654/5654 5735/5735 5670/5670
f 5768/5768 5670/5670 5735/5735
f 5750/5750 5780/5780 5716/5716
f 5698/5698 5684/5684 5750/5750
f 5685/5685 5779/5779 5782/5782
f 5745/5745 5749/5749 5699/5699
f 5644/5644 5747/5747 5754/5754
f 5719/5719 5780/5780 5757/5757
f 5720/5720 5773/5773 5724/5724
f 5708/5708 5747/5747 5725/5725
f 5660/5660 5554/5554 5765/5765
f 5782/5782 5812/5812 5685/5685
f 5736/5736 5447/5447 5918/5918
f 5590/5590 5836/5836 5517/5517
f 5447/5447 5919/5919 5918/5918
f 5705/5705 5403/5403 5803/5803
f 5658/5658 5480/5480 5678/5678
f 5773/5773 5784/5784 5751/5751
f 5554/5554 5645/5645 5851/5851
f 5878/5878 5740/5740 5679/5679
f 5784/5784 5746/5746 5751/5751
f 5777/5777 5750/5750 5684/5684
f 5674/5674 5493/5493 5731/5731
f 5723/5723 5775/5775 5756/5756
f 5707/5707 5709/5709 5728/5728
f 5753/5753 5815/5815 5722/5722
f 5812/5812 5786/5786 5706/5706
f 5731/5731 5493/5493 5623/5623
f 5759/5759 5623/5623 5672/5672
f 5759/5759 5672/5672 5733/5733
f 5656/5656 5733/5733 5672/5672
f 5656/5656 5754/5754 5733/5733
f 5712/5712 5822/5822 5718/5718
f 5758/5758 5719/5719 5757/5757
f 5698/5698 5750/5750 5716/5716
f 5722/5722 5815/5815 5708/5708
f 5711/5711 5755/5755 5743/5743
f 5786/5786 5772/5772 5706/5706
f 5741/5741 5466/5466 5676/5676
f 5726/5726 5625/5625 5770/5770
f 5730/5730 5876/5876 5671/5671
f 5750/5750 5783/5783 5780/5780
f 5851/5851 5645/5645 5788/5788
f 5729/5729 5788/5788 5645/5645
f 5816/5816 5859/5859 5744/5744
f 5773/5773 5720/5720 5821/5821
f 5708/5708 5815/5815 5747/5747
f 5783/5783 5750/5750 5850/5850
f 5704/5704 5809/5809 5710/5710
f 5728/5728 5710/5710 5807/5807
f 5809/5809 5704/5704 5813/5813
f 5731/5731 5623/5623 5759/5759
f 5744/5744 5743/5743 5816/5816
f 5703/5703 5701/5701 5766/5766
f 5677/5677 5791/5791 5789/5789
f 5729/5729 5707/5707 5728/5728
f 5744/5744 5860/5860 5778/5778
f 5883/5883 5669/5669 5767/5767
f 5776/5776 5821/5821 5748/5748
f 5791/5791 5647/5647 5886/5886
f 5810/5810 5776/5776 5811/5811
f 5821/5821 5784/5784 5773/5773
f 5886/5886 5647/5647 5888/5888
f 5736/5736 5913/5913 5643/5643
f 5805/5805 5705/5705 5803/5803
f 5781/5781 5778/5778 5860/5860
f 5760/5760 5678/5678 5763/5763
f 5774/5774 5772/5772 5786/5786
f 5678/5678 5512/5512 5763/5763
f 5812/5812 5782/5782 5861/5861
f 5704/5704 5737/5737 5813/5813
f 5658/5658 5678/5678 5795/5795
f 5795/5795 5678/5678 5760/5760
f 5512/5512 5800/5800 5763/5763
f 5765/5765 5554/5554 5851/5851
f 5738/5738 5674/5674 5798/5798
f 5783/5783 5757/5757 5780/5780
f 5823/5823 5755/5755 5749/5749
f 5814/5814 5757/5757 5783/5783
f 5798/5798 5674/5674 5731/5731
f 5742/5742 5675/5675 5801/5801
f 5758/5758 5757/5757 5814/5814
f 5768/5768 5822/5822 5712/5712
f 5712/5712 5670/5670 5768/5768
f 5723/5723 5758/5758 5826/5826
f 5811/5811 5776/5776 5822/5822
f 5819/5819 5753/5753 5817/5817
f 5836/5836 5680/5680 5802/5802
f 5826/5826 5775/5775 5723/5723
f 5720/5720 5748/5748 5821/5821
f 5802/5802 5591/5591 5842/5842
f 5743/5743 5823/5823 5816/5816
f 5823/5823 5743/5743 5755/5755
f 5774/5774 5750/5750 5777/5777
f 5756/5756 5818/5818 5752/5752
f 5814/5814 5824/5824 5826/5826
f 5826/5826 5758/5758 5814/5814
f 5815/5815 5753/5753 5819/5819
f 5774/5774 5786/5786 5829/5829
f 5747/5747 5797/5797 5754/5754
f 5756/5756 5775/5775 5818/5818
f 5748/5748 5717/5717 5822/5822
f 5822/5822 5717/5717 5718/5718
f 5735/5735 5727/5727 5787/5787
f 5824/5824 5825/5825 5826/5826
f 5830/5830 5652/5652 5794/5794
f 5790/5790 5735/5735 5787/5787
f 5919/5919 5677/5677 5789/5789
f 5846/5846 5784/5784 5864/5864
f 5824/5824 5814/5814 5843/5843
f 5887/5887 5618/5618 5832/5832
f 5809/5809 5813/5813 5844/5844
f 5843/5843 5850/5850 5849/5849
f 5801/5801 5675/5675 5792/5792
f 5658/5658 5795/5795 5834/5834
f 5860/5860 5859/5859 5848/5848
f 5767/5767 5643/5643 5907/5907
f 5735/5735 5790/5790 5768/5768
f 5878/5878 5624/5624 5805/5805
f 5805/5805 5841/5841 5878/5878
f 5907/5907 5643/5643 5913/5913
f 5850/5850 5843/5843 5783/5783
f 5859/5859 5860/5860 5744/5744
f 5845/5845 5823/5823 5749/5749
f 5790/5790 5811/5811 5768/5768
f 5624/5624 5705/5705 5805/5805
f 5776/5776 5810/5810 5821/5821
f 5732/5732 5888/5888 5647/5647
f 5731/5731 5797/5797 5857/5857
f 5797/5797 5731/5731 5759/5759
f 5732/5732 5808/5808 5840/5840
f 5728/5728 5788/5788 5729/5729
f 5747/5747 5815/5815 5797/5797
f 5788/5788 5728/5728 5804/5804
f 5864/5864 5784/5784 5821/5821
f 5733/5733 5797/5797 5759/5759
f 5813/5813 5737/5737 5799/5799
f 5812/5812 5861/5861 5869/5869
f 5829/5829 5850/5850 5774/5774
f 5731/5731 5857/5857 5798/5798
f 5825/5825 5828/5828 5826/5826
f 5807/5807 5804/5804 5728/5728
f 5829/5829 5812/5812 5869/5869
f 5804/5804 5807/5807 5872/5872
f 5754/5754 5797/5797 5733/5733
f 5842/5842 5702/5702 5830/5830
f 5812/5812 5829/5829 5786/5786
f 5592/5592 5702/5702 5842/5842
f 5809/5809 5807/5807 5710/5710
f 5826/5826 5828/5828 5775/5775
f 5847/5847 5745/5745 5785/5785
f 5847/5847 5845/5845 5745/5745
f 5749/5749 5745/5745 5845/5845
f 5814/5814 5783/5783 5843/5843
f 5828/5828 5818/5818 5775/5775
f 5792/5792 5675/5675 5806/5806
f 5765/5765 5806/5806 5675/5675
f 5750/5750 5774/5774 5850/5850
f 5882/5882 5884/5884 5771/5771
f 5906/5906 5836/5836 5881/5881
f 5831/5831 5921/5921 5801/5801
f 5851/5851 5902/5902 5765/5765
f 5740/5740 5882/5882 5771/5771
f 5872/5872 5809/5809 5844/5844
f 5844/5844 5854/5854 5872/5872
f 5701/5701 5671/5671 5990/5990
f 5901/5901 5870/5870 5860/5860
f 5903/5903 5849/5849 5850/5850
f 5869/5869 5852/5852 5829/5829
f 5851/5851 5905/5905 5902/5902
f 5832/5832 5762/5762 5973/5973
f 5843/5843 5900/5900 5824/5824
f 5899/5899 5787/5787 5727/5727
f 5899/5899 5727/5727 5769/5769
f 5789/5789 5791/5791 5941/5941
f 5816/5816 5853/5853 5859/5859
f 5897/5897 5816/5816 5823/5823
f 5848/5848 5901/5901 5860/5860
f 5865/5865 5867/5867 5856/5856
f 5791/5791 5886/5886 5941/5941
f 5874/5874 5845/5845 5847/5847
f 5803/5803 5651/5651 5887/5887
f 5801/5801 5792/5792 5831/5831
f 5865/5865 5856/5856 5819/5819
f 5895/5895 5905/5905 5851/5851
f 5760/5760 5839/5839 5795/5795
f 5827/5827 5855/5855 5819/5819
f 5788/5788 5895/5895 5851/5851
f 5865/5865 5819/5819 5855/5855
f 5804/5804 5895/5895 5788/5788
f 5847/5847 5863/5863 5874/5874
f 5866/5866 5854/5854 5844/5844
f 5836/5836 5802/5802 5955/5955
f 5820/5820 5818/5818 5828/5828
f 5867/5867 5857/5857 5856/5856
f 5825/5825 5824/5824 5893/5893
f 5837/5837 5810/5810 5787/5787
f 5829/5829 5928/5928 5850/5850
f 5813/5813 5799/5799 5868/5868
f 5868/5868 5844/5844 5813/5813
f 5844/5844 5868/5868 5866/5866
f 5837/5837 5862/5862 5810/5810
f 5810/5810 5862/5862 5821/5821
f 5823/5823 5845/5845 5897/5897
f 5868/5868 5799/5799 5858/5858
f 5848/5848 5859/5859 5853/5853
f 5811/5811 5787/5787 5810/5810
f 5862/5862 5864/5864 5821/5821
f 5797/5797 5856/5856 5857/5857
f 5808/5808 5517/5517 5906/5906
f 5804/5804 5872/5872 5892/5892
f 5871/5871 5892/5892 5828/5828
f 5849/5849 5900/5900 5843/5843
f 5517/5517 5836/5836 5906/5906
f 5819/5819 5856/5856 5815/5815
f 5892/5892 5872/5872 5828/5828
f 5850/5850 5928/5928 5903/5903
f 5797/5797 5815/5815 5856/5856
f 5809/5809 5872/5872 5807/5807
f 5928/5928 5829/5829 5852/5852
f 5900/5900 5893/5893 5824/5824
f 5854/5854 5828/5828 5872/5872
f 5828/5828 5825/5825 5871/5871
f 5806/5806 5765/5765 5902/5902
f 5768/5768 5811/5811 5822/5822
f 5787/5787 5811/5811 5790/5790
f 5830/5830 5794/5794 5911/5911
f 5990/5990 5671/5671 5876/5876
f 5835/5835 5796/5796 5838/5838
f 5878/5878 5841/5841 5927/5927
f 5804/5804 5892/5892 5895/5895
f 5842/5842 5877/5877 5802/5802
f 5730/5730 5883/5883 5991/5991
f 5740/5740 5878/5878 5882/5882
f 5926/5926 5897/5897 5845/5845
f 5881/5881 5836/5836 5955/5955
f 5877/5877 5842/5842 5889/5889
f 5849/5849 5903/5903 5891/5891
f 5852/5852 5936/5936 5928/5928
f 5830/5830 5889/5889 5842/5842
f 5793/5793 5835/5835 5915/5915
f 5864/5864 5935/5935 5873/5873
f 5831/5831 5792/5792 5894/5894
f 5904/5904 5871/5871 5893/5893
f 5892/5892 5904/5904 5895/5895
f 5904/5904 5892/5892 5871/5871
f 5874/5874 5926/5926 5845/5845
f 5894/5894 5792/5792 5898/5898
f 5901/5901 5848/5848 5896/5896
f 5792/5792 5806/5806 5898/5898
f 5900/5900 5849/5849 5930/5930
f 5893/5893 5871/5871 5825/5825
f 5885/5885 5890/5890 5769/5769
f 5897/5897 5937/5937 5816/5816
f 5890/5890 5885/5885 5938/5938
f 5894/5894 5898/5898 5900/5900
f 5890/5890 5899/5899 5769/5769
f 5761/5761 5875/5875 5838/5838
f 5837/5837 5938/5938 5862/5862
f 5760/5760 5763/5763 5879/5879
f 5880/5880 5875/5875 5761/5761
f 5853/5853 5816/5816 5937/5937
f 5902/5902 5898/5898 5806/5806
f 5764/5764 5801/5801 5880/5880
f 5880/5880 5801/5801 5921/5921
f 5901/5901 5933/5933 5870/5870
f 5905/5905 5898/5898 5902/5902
f 5899/5899 5837/5837 5787/5787
f 5898/5898 5905/5905 5904/5904
f 5938/5938 5935/5935 5862/5862
f 5864/5864 5862/5862 5935/5935
f 5932/5932 5951/5951 5852/5852
f 5935/5935 5938/5938 5923/5923
f 5904/5904 5900/5900 5898/5898
f 5900/5900 5904/5904 5893/5893
f 5932/5932 5852/5852 5869/5869
f 5853/5853 5896/5896 5848/5848
f 5895/5895 5904/5904 5905/5905
f 5914/5914 5920/5920 5929/5929
f 5789/5789 5941/5941 5962/5962
f 5929/5929 5920/5920 5922/5922
f 5950/5950 5805/5805 5942/5942
f 5908/5908 5925/5925 5891/5891
f 5908/5908 5921/5921 5925/5925
f 5853/5853 5956/5956 5896/5896
f 5930/5930 5891/5891 5925/5925
f 5925/5925 5894/5894 5930/5930
f 5762/5762 5703/5703 5766/5766
f 5894/5894 5925/5925 5831/5831
f 5841/5841 5950/5950 5927/5927
f 5928/5928 5959/5959 5903/5903
f 5926/5926 5957/5957 5897/5897
f 5840/5840 5808/5808 5906/5906
f 5933/5933 5901/5901 5954/5954
f 5922/5922 5975/5975 5874/5874
f 5926/5926 5874/5874 5975/5975
f 5736/5736 5918/5918 5913/5913
f 5838/5838 5931/5931 5835/5835
f 5878/5878 5927/5927 5914/5914
f 5831/5831 5925/5925 5921/5921
f 5878/5878 5914/5914 5882/5882
f 5965/5965 5803/5803 5887/5887
f 5886/5886 5888/5888 5941/5941
f 5906/5906 5881/5881 5961/5961
f 5875/5875 5880/5880 5908/5908
f 5929/5929 5939/5939 5884/5884
f 5948/5948 5961/5961 5881/5881
f 5959/5959 5875/5875 5891/5891
f 5841/5841 5805/5805 5950/5950
f 5959/5959 5928/5928 5958/5958
f 5884/5884 5914/5914 5929/5929
f 5882/5882 5914/5914 5884/5884
f 5942/5942 5803/5803 5965/5965
f 5803/5803 5942/5942 5805/5805
f 5881/5881 5955/5955 5985/5985
f 5950/5950 5917/5917 5920/5920
f 5920/5920 5927/5927 5950/5950
f 5922/5922 5939/5939 5929/5929
f 5912/5912 5937/5937 5897/5897
f 5957/5957 5912/5912 5897/5897
f 5901/5901 5896/5896 5954/5954
f 5931/5931 5838/5838 5875/5875
f 5875/5875 5959/5959 5931/5931
f 5921/5921 5908/5908 5880/5880
f 5874/5874 5934/5934 5922/5922
f 5937/5937 5924/5924 5853/5853
f 5951/5951 5936/5936 5852/5852
f 5900/5900 5930/5930 5894/5894
f 5916/5916 5911/5911 5794/5794
f 5924/5924 5956/5956 5853/5853
f 5955/5955 5802/5802 5877/5877
f 5890/5890 5909/5909 5837/5837
f 5837/5837 5899/5899 5890/5890
f 5891/5891 5930/5930 5849/5849
f 5835/5835 5931/5931 5915/5915
f 5837/5837 5909/5909 5938/5938
f 5891/5891 5903/5903 5959/5959
f 5912/5912 5924/5924 5937/5937
f 5889/5889 5830/5830 5911/5911
f 5960/5960 5701/5701 5990/5990
f 5908/5908 5891/5891 5875/5875
f 5840/5840 5906/5906 5961/5961
f 5991/5991 5876/5876 5730/5730
f 5956/5956 5924/5924 5945/5945
f 5896/5896 5983/5983 5979/5979
f 5933/5933 5954/5954 5979/5979
f 5980/5980 5917/5917 5950/5950
f 5915/5915 5943/5943 5910/5910
f 5943/5943 5915/5915 5940/5940
f 5762/5762 5766/5766 6004/6004
f 5946/5946 5985/5985 5877/5877
f 5913/5913 5918/5918 5971/5971
f 5948/5948 5881/5881 5985/5985
f 5832/5832 5973/5973 5887/5887
f 5928/5928 5936/5936 5947/5947
f 5920/5920 5914/5914 5927/5927
f 5919/5919 5789/5789 5962/5962
f 5953/5953 5951/5951 5976/5976
f 5970/5970 5883/5883 5767/5767
f 5924/5924 5912/5912 5945/5945
f 5917/5917 5980/5980 5920/5920
f 5940/5940 5915/5915 5949/5949
f 5767/5767 5907/5907 5974/5974
f 5954/5954 5896/5896 5979/5979
f 5888/5888 5732/5732 5972/5972
f 5956/5956 5945/5945 5993/5993
f 5732/5732 5840/5840 5982/5982
f 5951/5951 5953/5953 5936/5936
f 5890/5890 5938/5938 5909/5909
f 5889/5889 5946/5946 5877/5877
f 5931/5931 5949/5949 5915/5915
f 5920/5920 5978/5978 5922/5922
f 5926/5926 5975/5975 5957/5957
f 5949/5949 5931/5931 5958/5958
f 5978/5978 5975/5975 5922/5922
f 5949/5949 5958/5958 5947/5947
f 5889/5889 5911/5911 5946/5946
f 5896/5896 5956/5956 5983/5983
f 5959/5959 5958/5958 5931/5931
f 5953/5953 5947/5947 5936/5936
f 5985/5985 5955/5955 5877/5877
f 5947/5947 5958/5958 5928/5928
f 5887/5887 5973/5973 6008/6008
f 5965/5965 5887/5887 6008/6008
f 5996/5996 5993/5993 5945/5945
f 5942/5942 5969/5969 5950/5950
f 5971/5971 5918/5918 5964/5964
f 5876/5876 5991/5991 5963/5963
f 5766/5766 5701/5701 5960/5960
f 5933/5933 5977/5977 5952/5952
f 5950/5950 5969/5969 5980/5980
f 5907/5907 5913/5913 5968/5968
f 5965/5965 5966/5966 5942/5942
f 5991/5991 5883/5883 5967/5967
f 5969/5969 5998/5998 5980/5980
f 5962/5962 5941/5941 6001/6001
f 5990/5990 5876/5876 5963/5963
f 5967/5967 5883/5883 5970/5970
f 5968/5968 5913/5913 5971/5971
f 5964/5964 5919/5919 5962/5962
f 5918/5918 5919/5919 5964/5964
f 5945/5945 5999/5999 5996/5996
f 5985/5985 5946/5946 5984/5984
f 5984/5984 5987/5987 5985/5985
f 5973/5973 5762/5762 6004/6004
f 6004/6004 5766/5766 5960/5960
f 5940/5940 5953/5953 5943/5943
f 5970/5970 5767/5767 5992/5992
f 5992/5992 5767/5767 5974/5974
f 5995/5995 5933/5933 5979/5979
f 5987/5987 5981/5981 5948/5948
f 5912/5912 5957/5957 5997/5997
f 5977/5977 5933/5933 5987/5987
f 5941/5941 5888/5888 5972/5972
f 5987/5987 5984/5984 5977/5977
f 5976/5976 5943/5943 5953/5953
f 5981/5981 5987/5987 5995/5995
f 5978/5978 5920/5920 5980/5980
f 5945/5945 5912/5912 5999/5999
f 5980/5980 5998/5998 5978/5978
f 5953/5953 5940/5940 5947/5947
f 5948/5948 5985/5985 5987/5987
f 5961/5961 5948/5948 5981/5981
f 5983/5983 5956/5956 5993/5993
f 5947/5947 5940/5940 5949/5949
f 5732/5732 5982/5982 5972/5972
f 5983/5983 5995/5995 5979/5979
f 5961/5961 5982/5982 5840/5840
f 5977/5977 5984/5984 5946/5946
f 5995/5995 5987/5987 5933/5933
f 5946/5946 5986/5986 5977/5977
f 5911/5911 5986/5986 5946/5946
f 5944/5944 5977/5977 5986/5986
f 5944/5944 5986/5986 5911/5911
f 6027/6027 5957/5957 5975/5975
f 6008/6008 6019/6019 5994/5994
f 6001/6001 5972/5972 6010/6010
f 6007/6007 5961/5961 5981/5981
f 5988/5988 5962/5962 6000/6000
f 5963/5963 5991/5991 6003/6003
f 5974/5974 5907/5907 6005/6005
f 6005/6005 5907/5907 5968/5968
f 6006/6006 5967/5967 5970/5970
f 5961/5961 6007/6007 5982/5982
f 6007/6007 5981/5981 5995/5995
f 5957/5957 6027/6027 6012/6012
f 5966/5966 5969/5969 5942/5942
f 6006/6006 5970/5970 5992/5992
f 5966/5966 5994/5994 5998/5998
f 5998/5998 5969/5969 5966/5966
f 5993/5993 6007/6007 5995/5995
f 6008/6008 5966/5966 5965/5965
f 5988/5988 5964/5964 5962/5962
f 6012/6012 5997/5997 5957/5957
f 5996/5996 5999/5999 5989/5989
f 5994/5994 6009/6009 5998/5998
f 5998/5998 6009/6009 5978/5978
f 6027/6027 5978/5978 6009/6009
f 5968/5968 5971/5971 5964/5964
f 5978/5978 6027/6027 5975/5975
f 5972/5972 5982/5982 6010/6010
f 6001/6001 6000/6000 5962/5962
f 5999/5999 5997/5997 6014/6014
f 5989/5989 5993/5993 5996/5996
f 5995/5995 5983/5983 5993/5993
f 5972/5972 6001/6001 5941/5941
f 5997/5997 5999/5999 5912/5912
f 6010/6010 5982/5982 6007/6007
f 6016/6016 5973/5973 6004/6004
f 6003/6003 5991/5991 6018/6018
f 6016/6016 6008/6008 5973/5973
f 6019/6019 6008/6008 6016/6016
f 6009/6009 5994/5994 6019/6019
f 5991/5991 5967/5967 6018/6018
f 6001/6001 6010/6010 6000/6000
f 5997/5997 6012/6012 6021/6021
f 6006/6006 5992/5992 6020/6020
f 6014/6014 5997/5997 6021/6021
f 6002/6002 6011/6011 5999/5999
f 6020/6020 5992/5992 6005/6005
f 5974/5974 6005/6005 5992/5992
f 5993/5993 5989/5989 6015/6015
f 5989/5989 5999/5999 6011/6011
f 6011/6011 5988/5988 6015/6015
f 6013/6013 5964/5964 6011/6011
f 6010/6010 6007/6007 5993/5993
f 5964/5964 5988/5988 6011/6011
f 6010/6010 6015/6015 6000/6000
f 6000/6000 6015/6015 5988/5988
f 6015/6015 5989/5989 6011/6011
f 6002/6002 6013/6013 6011/6011
f 6010/6010 5993/5993 6015/6015
f 6027/6027 6009/6009 6026/6026
f 5964/5964 6013/6013 5968/5968
f 6005/6005 5968/5968 6013/6013
f 5966/5966 6008/6008 5994/5994
f 6017/6017 6021/6021 6012/6012
f 5960/5960 5990/5990 6022/6022
f 6006/6006 6029/6029 5967/5967
f 6021/6021 6002/6002 5999/5999
f 5963/5963 6028/6028 5990/5990
f 6016/6016 6023/6023 6019/6019
f 6019/6019 6023/6023 6025/6025
f 6020/6020 6029/6029 6006/6006
f 6013/6013 6002/6002 6005/6005
f 6028/6028 5963/5963 6003/6003
f 6002/6002 6020/6020 6005/6005
f 6018/6018 5967/5967 6029/6029
f 6002/6002 6029/6029 6020/6020
f 6014/6014 6021/6021 5999/5999
f 6029/6029 6002/6002 6021/6021
f 6027/6027 6017/6017 6012/6012
f 6023/6023 6028/6028 6025/6025
f 6004/6004 5960/5960 6022/6022
f 6029/6029 6028/6028 6018/6018
f 6022/6022 5990/5990 6028/6028
f 6018/6018 6028/6028 6003/6003
f 6024/6024 6026/6026 6025/6025
f 6004/6004 6023/6023 6016/6016
f 6029/6029 6024/6024 6028/6028
f 6024/6024 6025/6025 6028/6028
f 6025/6025 6009/6009 6019/6019
f 6021/6021 6017/6017 6029/6029
f 6009/6009 6025/6025 6026/6026
f 6017/6017 6026/6026 6024/6024
f 6026/6026 6017/6017 6027/6027
f 6024/6024 6029/6029 6017/6017
f 6022/6022 6023/6023 6004/6004
f 6028/6028 6023/6023 6022/6022
f 143/143 515/515 335/335
f 394/394 984/984 42/42
f 208/208 394/394 42/42
f 274/274 756/756 161/161
f 18/18 148/148 143/143
f 208/208 42/42 56/56
f 335/335 274/274 161/161
f 161/161 208/208 56/56
f 335/335 161/161 56/56
f 56/56 146/146 18/18
f 18/18 143/143 335/335
f 18/18 335/335 56/56
f 512/512 792/792 491/491
f 584/584 1090/1090 831/831
f 512/512 491/491 584/584
f 584/584 831/831 595/595
f 584/584 595/595 247/247
f 512/512 584/584 247/247
f 231/231 210/210 281/281
f 247/247 231/231 281/281
f 281/281 487/487 512/512
f 512/512 247/247 281/281
f 1246/1246 860/860 343/343
f 457/457 1238/1238 1030/1030
f 953/953 1206/1206 911/911
f 821/821 814/814 507/507
f 662/662 1299/1299 970/970
f 1030/1030 821/821 507/507
f 457/457 1030/1030 507/507
f 554/554 695/695 734/734
f 1047/1047 1246/1246 343/343
f 587/587 1005/1005 704/704
f 587/587 704/704 480/480
f 737/737 1047/1047 343/343
f 734/734 457/457 507/507
f 554/554 734/734 507/507
f 507/507 587/587 480/480
f 911/911 737/737 343/343
f 662/662 970/970 653/653
f 507/507 480/480 311/311
f 662/662 653/653 953/953
f 554/554 507/507 311/311
f 953/953 911/911 343/343
f 662/662 953/953 343/343
f 554/554 311/311 662/662
f 554/554 662/662 343/343
f 3180/3180 3650/3650 3142/3142
f 2913/2913 3640/3640 3138/3138
f 3961/3961 4050/4050 3329/3329
f 2328/2328 3728/3728 3472/3472
f 2970/2970 3706/3706 3388/3388
f 3180/3180 3142/3142 3114/3114
f 3829/3829 3825/3825 2824/2824
f 2790/2790 3363/3363 3546/3546
f 2790/2790 3546/3546 3390/3390
f 3789/3789 3832/3832 3829/3829
f 3789/3789 3829/3829 2824/2824
f 3096/3096 3789/3789 2824/2824
f 3007/3007 3463/3463 3094/3094
f 3138/3138 3690/3690 2970/2970
f 3835/3835 3961/3961 3329/3329
f 3472/3472 3096/3096 2824/2824
f 2328/2328 3472/3472 2824/2824
f 3078/3078 2727/2727 2724/2724
f 3460/3460 3078/3078 2724/2724
f 3460/3460 2724/2724 3007/3007
f 2970/2970 3388/3388 3212/3212
f 3369/3369 3460/3460 3007/3007
f 2790/2790 3390/3390 3369/3369
f 2913/2913 3138/3138 2970/2970
f 3369/3369 3007/3007 3094/3094
f 2790/2790 3369/3369 3094/3094
f 2328/2328 2824/2824 3215/3215
f 3094/3094 2328/2328 3215/3215
f 2790/2790 3094/3094 3215/3215
f 3215/3215 3835/3835 3329/3329
f 2790/2790 3215/3215 3329/3329
f 3329/3329 3180/3180 3114/3114
f 2913/2913 2970/2970 3212/3212
f 3114/3114 2913/2913 3212/3212
f 3329/3329 3114/3114 3212/3212
f 2790/2790 3329/3329 3212/3212
f 1181/1181 1063/1063 848/848
f 1578/1578 1923/1923 1953/1953
f 1578/1578 1953/1953 1181/1181
f 1181/1181 848/848 1100/1100
f 1181/1181 1100/1100 945/945
f 1578/1578 1181/1181 945/945

