# https://github.com/mikedh/trimesh
v 0.04582036 0.49503273 0.09156401 0.69803922 0.69803922 0.69803922
v 0.03979520 0.48218098 0.10070995 0.69803922 0.69803922 0.69803922
v 0.05040123 0.47694862 0.09218787 0.69803922 0.69803922 0.69803922
v 0.05659202 0.48586661 0.08129790 0.69803922 0.69803922 0.69803922
v 0.04710155 0.46877411 0.10005812 0.69803922 0.69803922 0.69803922
v 0.03708762 0.47087193 0.10646433 0.69803922 0.69803922 0.69803922
v 0.05712277 0.46943995 0.08303212 0.69803922 0.69803922 0.69803922
v 0.06216282 0.47478199 0.07155110 0.69803922 0.69803922 0.69803922
v 0.06392977 0.43170932 0.07923858 0.69803922 0.69803922 0.69803922
v 0.06825215 0.42487493 0.07037400 0.69803922 0.69803922 0.69803922
v 0.06737734 0.43793291 0.06962755 0.69803922 0.69803922 0.69803922
v 0.06227197 0.44093469 0.07816585 0.69803922 0.69803922 0.69803922
v 0.06277938 0.40549800 0.08025160 0.69803922 0.69803922 0.69803922
v 0.05660073 0.39817825 0.09009964 0.69803922 0.69803922 0.69803922
v 0.05856024 0.38762927 0.08160361 0.69803922 0.69803922 0.69803922
v 0.06376015 0.39454573 0.07069957 0.69803922 0.69803922 0.69803922
v 0.02441024 0.41590080 0.11104249 0.69803922 0.69803922 0.69803922
v 0.02965270 0.40918988 0.11101672 0.69803922 0.69803922 0.69803922
v 0.03375014 0.41574600 0.10889730 0.69803922 0.69803922 0.69803922
v 0.02777234 0.42163542 0.10883256 0.69803922 0.69803922 0.69803922
v 0.01566568 0.42685378 0.11526745 0.69803922 0.69803922 0.69803922
v 0.01686060 0.43166298 0.11117180 0.69803922 0.69803922 0.69803922
v 0.01206736 0.43638834 0.11551088 0.69803922 0.69803922 0.69803922
v 0.01176336 0.43110234 0.12078413 0.69803922 0.69803922 0.69803922
v 0.01884999 0.41064295 0.11192282 0.69803922 0.69803922 0.69803922
v 0.02449957 0.40351930 0.11185692 0.69803922 0.69803922 0.69803922
v 0.01997421 0.42189905 0.11164473 0.69803922 0.69803922 0.69803922
v 0.01792895 0.41777244 0.11438789 0.69803922 0.69803922 0.69803922
v 0.01495818 0.41358668 0.12576564 0.69803922 0.69803922 0.69803922
v 0.01647697 0.41806015 0.12364598 0.69803922 0.69803922 0.69803922
v 0.01330699 0.42025626 0.13018556 0.69803922 0.69803922 0.69803922
v 0.01208354 0.41475615 0.13040361 0.69803922 0.69803922 0.69803922
v 0.01768432 0.41086057 0.11666431 0.69803922 0.69803922 0.69803922
v 0.01812553 0.41441602 0.11903427 0.69803922 0.69803922 0.69803922
v 0.01578810 0.41101760 0.12191340 0.69803922 0.69803922 0.69803922
v 0.01425815 0.40819225 0.11905894 0.69803922 0.69803922 0.69803922
v 0.01501093 0.42265519 0.11901779 0.69803922 0.69803922 0.69803922
v 0.01209110 0.42600006 0.12554930 0.69803922 0.69803922 0.69803922
v 0.00814922 0.42863870 0.13215545 0.69803922 0.69803922 0.69803922
v 0.00902470 0.42121306 0.13701859 0.69803922 0.69803922 0.69803922
v 0.04020447 0.39479110 0.10700057 0.69803922 0.69803922 0.69803922
v 0.03537906 0.40207809 0.10998902 0.69803922 0.69803922 0.69803922
v 0.03012137 0.39730367 0.11111279 0.69803922 0.69803922 0.69803922
v 0.03475219 0.39132005 0.10922185 0.69803922 0.69803922 0.69803922
v 0.01512851 0.40469781 0.11605959 0.69803922 0.69803922 0.69803922
v 0.01859098 0.38882366 0.11918145 0.69803922 0.69803922 0.69803922
v 0.01897893 0.39281863 0.11863281 0.69803922 0.69803922 0.69803922
v 0.01301903 0.39437789 0.12243309 0.69803922 0.69803922 0.69803922
v 0.01327480 0.39058441 0.12286149 0.69803922 0.69803922 0.69803922
v 0.04510755 0.37900546 0.09993594 0.69803922 0.69803922 0.69803922
v 0.03932319 0.37852255 0.10491518 0.69803922 0.69803922 0.69803922
v 0.03968681 0.37123999 0.10334276 0.69803922 0.69803922 0.69803922
v 0.04512746 0.37013376 0.09722332 0.69803922 0.69803922 0.69803922
v 0.03762155 0.36523068 0.10321539 0.69803922 0.69803922 0.69803922
v 0.04370249 0.36158556 0.09542211 0.69803922 0.69803922 0.69803922
v 0.03417772 0.34763291 0.09808870 0.69803922 0.69803922 0.69803922
v 0.03935166 0.35373327 0.09639078 0.69803922 0.69803922 0.69803922
v 0.03375474 0.35979328 0.10465378 0.69803922 0.69803922 0.69803922
v 0.02858835 0.35513142 0.10853717 0.69803922 0.69803922 0.69803922
v 0.01659136 0.36088493 0.11685315 0.69803922 0.69803922 0.69803922
v 0.01076693 0.36007097 0.11995421 0.69803922 0.69803922 0.69803922
v 0.01544332 0.34759808 0.11950377 0.69803922 0.69803922 0.69803922
v 0.02206239 0.35073099 0.11454786 0.69803922 0.69803922 0.69803922
v 0.01799053 0.38221204 0.11599380 0.69803922 0.69803922 0.69803922
v 0.02180580 0.38173884 0.11325045 0.69803922 0.69803922 0.69803922
v 0.02221176 0.38376752 0.11518376 0.69803922 0.69803922 0.69803922
v 0.01826099 0.38532341 0.11835741 0.69803922 0.69803922 0.69803922
v 0.02560931 0.38114300 0.11128727 0.69803922 0.69803922 0.69803922
v 0.02726489 0.38081503 0.11058895 0.69803922 0.69803922 0.69803922
v 0.02704265 0.38241243 0.11168116 0.69803922 0.69803922 0.69803922
v 0.02551169 0.38179004 0.11194780 0.69803922 0.69803922 0.69803922
v 0.02359452 0.38146499 0.11249650 0.69803922 0.69803922 0.69803922
v 0.02242804 0.37962395 0.11311296 0.69803922 0.69803922 0.69803922
v 0.02464320 0.38038436 0.11179066 0.69803922 0.69803922 0.69803922
v 0.01896531 0.37924182 0.11603422 0.69803922 0.69803922 0.69803922
v 0.00661012 0.37848145 0.12435595 0.69803922 0.69803922 0.69803922
v 0.01041798 0.37869614 0.12304875 0.69803922 0.69803922 0.69803922
v 0.00897349 0.38305354 0.12129354 0.69803922 0.69803922 0.69803922
v 0.00576249 0.38317791 0.12233993 0.69803922 0.69803922 0.69803922
v 0.02538892 0.38426888 0.11312003 0.69803922 0.69803922 0.69803922
v 0.02784355 0.38617641 0.11254290 0.69803922 0.69803922 0.69803922
v 0.02426449 0.38953906 0.11532441 0.69803922 0.69803922 0.69803922
v 0.02299553 0.38655967 0.11541779 0.69803922 0.69803922 0.69803922
v 0.03066862 0.38813940 0.11167694 0.69803922 0.69803922 0.69803922
v 0.02932412 0.38341340 0.11077105 0.69803922 0.69803922 0.69803922
v 0.03246035 0.38417572 0.10949739 0.69803922 0.69803922 0.69803922
v 0.02654747 0.37900987 0.11066363 0.69803922 0.69803922 0.69803922
v 0.02933564 0.37716177 0.10926730 0.69803922 0.69803922 0.69803922
v 0.03000220 0.38009149 0.10997894 0.69803922 0.69803922 0.69803922
v 0.02726904 0.37406725 0.11023396 0.69803922 0.69803922 0.69803922
v 0.02413510 0.37732217 0.11196026 0.69803922 0.69803922 0.69803922
v 0.02079397 0.37592685 0.11505739 0.69803922 0.69803922 0.69803922
v 0.01639304 0.37478831 0.11902074 0.69803922 0.69803922 0.69803922
v 0.01876144 0.36961696 0.11642990 0.69803922 0.69803922 0.69803922
v 0.02360314 0.37152749 0.11284290 0.69803922 0.69803922 0.69803922
v 0.02631737 0.39320621 0.11357427 0.69803922 0.69803922 0.69803922
v 0.03406929 0.37924311 0.10800452 0.69803922 0.69803922 0.69803922
v 0.03745827 0.38560662 0.10689457 0.69803922 0.69803922 0.69803922
v 0.03387944 0.37428939 0.10731232 0.69803922 0.69803922 0.69803922
v 0.03180759 0.36975515 0.10770164 0.69803922 0.69803922 0.69803922
v 0.02790370 0.36617693 0.10957065 0.69803922 0.69803922 0.69803922
v 0.02246809 0.36310083 0.11322849 0.69803922 0.69803922 0.69803922
v 0.01776253 0.33766147 0.10876014 0.69803922 0.69803922 0.69803922
v 0.02595432 0.34202623 0.10408015 0.69803922 0.69803922 0.69803922
v 0.03486300 0.46303540 0.10561653 0.69803922 0.69803922 0.69803922
v 0.04347223 0.46158528 0.10278320 0.69803922 0.69803922 0.69803922
v 0.04368544 0.45330897 0.09898135 0.69803922 0.69803922 0.69803922
v 0.04556311 0.45566782 0.09864483 0.69803922 0.69803922 0.69803922
v 0.04045026 0.45755821 0.10162763 0.69803922 0.69803922 0.69803922
v 0.03969467 0.45476943 0.10128392 0.69803922 0.69803922 0.69803922
v 0.05665581 0.44361421 0.08391736 0.69803922 0.69803922 0.69803922
v 0.05201389 0.44615078 0.08875325 0.69803922 0.69803922 0.69803922
v 0.05226434 0.44229648 0.08765467 0.69803922 0.69803922 0.69803922
v 0.05814621 0.43713874 0.08417466 0.69803922 0.69803922 0.69803922
v 0.04508853 0.43578416 0.09630265 0.69803922 0.69803922 0.69803922
v 0.04930486 0.43658942 0.09268152 0.69803922 0.69803922 0.69803922
v 0.04561283 0.44339654 0.09456766 0.69803922 0.69803922 0.69803922
v 0.04258414 0.44289225 0.09723483 0.69803922 0.69803922 0.69803922
v 0.03896420 0.44280308 0.09947424 0.69803922 0.69803922 0.69803922
v 0.03481051 0.44335899 0.10085564 0.69803922 0.69803922 0.69803922
v 0.03521091 0.43771783 0.10118199 0.69803922 0.69803922 0.69803922
v 0.04019876 0.43632996 0.09934393 0.69803922 0.69803922 0.69803922
v 0.03391629 0.45875949 0.10305890 0.69803922 0.69803922 0.69803922
v 0.02660713 0.45841113 0.10277992 0.69803922 0.69803922 0.69803922
v 0.02806344 0.45517036 0.10236604 0.69803922 0.69803922 0.69803922
v 0.03418483 0.45553979 0.10279110 0.69803922 0.69803922 0.69803922
v 0.01796584 0.44820648 0.09859182 0.69803922 0.69803922 0.69803922
v 0.01909080 0.45081431 0.09920502 0.69803922 0.69803922 0.69803922
v 0.01571406 0.45244354 0.10034493 0.69803922 0.69803922 0.69803922
v 0.01492836 0.44793907 0.10017522 0.69803922 0.69803922 0.69803922
v 0.01718731 0.44484952 0.10058591 0.69803922 0.69803922 0.69803922
v 0.01924592 0.44648990 0.09912772 0.69803922 0.69803922 0.69803922
v 0.03703002 0.51652658 0.08631352 0.69803922 0.69803922 0.69803922
v 0.03198010 0.50099462 0.09870550 0.69803922 0.69803922 0.69803922
v 0.05155431 0.50804174 0.07577243 0.69803922 0.69803922 0.69803922
v 0.06243664 0.49520367 0.06667469 0.69803922 0.69803922 0.69803922
v 0.06756429 0.47978726 0.05861163 0.69803922 0.69803922 0.69803922
v 0.05191595 0.38223723 0.09189622 0.69803922 0.69803922 0.69803922
v 0.05286488 0.37238571 0.08683528 0.69803922 0.69803922 0.69803922
v 0.06004200 0.37756485 0.07361618 0.69803922 0.69803922 0.69803922
v 0.05810558 0.36676329 0.06978098 0.69803922 0.69803922 0.69803922
v 0.05102128 0.36160111 0.08442052 0.69803922 0.69803922 0.69803922
v 0.03756112 0.34333441 0.08398996 0.69803922 0.69803922 0.69803922
v 0.04628803 0.35104534 0.08357382 0.69803922 0.69803922 0.69803922
v 0.05325737 0.35631776 0.06556899 0.69803922 0.69803922 0.69803922
v 0.05991880 0.36636734 0.04803713 0.69803922 0.69803922 0.69803922
v 0.06337111 0.37452248 0.05500700 0.69803922 0.69803922 0.69803922
v 0.06281736 0.37966299 0.03381058 0.69803922 0.69803922 0.69803922
v 0.05450861 0.35777009 0.03738138 0.69803922 0.69803922 0.69803922
v 0.05975948 0.37735307 0.02504615 0.69803922 0.69803922 0.69803922
v 0.04031023 0.32389316 0.04348635 0.69803922 0.69803922 0.69803922
v 0.04286841 0.31194627 0.03976746 0.69803922 0.69803922 0.69803922
v 0.05341507 0.31730136 0.02642374 0.69803922 0.69803922 0.69803922
v 0.05204922 0.32890716 0.03020183 0.69803922 0.69803922 0.69803922
v 0.06491126 0.38406679 0.06192007 0.69803922 0.69803922 0.69803922
v 0.06794538 0.44841674 0.06038027 0.69803922 0.69803922 0.69803922
v 0.06422968 0.44965774 0.07108593 0.69803922 0.69803922 0.69803922
v 0.07076379 0.43388590 0.05913545 0.69803922 0.69803922 0.69803922
v 0.07048408 0.50384802 0.03194194 0.69803922 0.69803922 0.69803922
v 0.06583420 0.50130528 0.04983648 0.69803922 0.69803922 0.69803922
v 0.07280510 0.48454729 0.04525654 0.69803922 0.69803922 0.69803922
v 0.07552487 0.48801756 0.02914725 0.69803922 0.69803922 0.69803922
v 0.04405417 0.54002577 0.03620168 0.69803922 0.69803922 0.69803922
v 0.04198328 0.53059590 0.06372757 0.69803922 0.69803922 0.69803922
v 0.05511896 0.51817334 0.05730847 0.69803922 0.69803922 0.69803922
v 0.05841747 0.52496082 0.03453797 0.69803922 0.69803922 0.69803922
v 0.07747872 0.48788998 0.01463779 0.69803922 0.69803922 0.69803922
v 0.07780734 0.48535481 -0.00347858 0.69803922 0.69803922 0.69803922
v 0.07300531 0.50007427 -0.01240960 0.69803922 0.69803922 0.69803922
v 0.07109828 0.50481510 0.00977946 0.69803922 0.69803922 0.69803922
v 0.06131580 0.51852131 -0.02210381 0.69803922 0.69803922 0.69803922
v 0.06042480 0.52504861 0.00516494 0.69803922 0.69803922 0.69803922
v 0.05858590 0.36299646 0.01656104 0.69803922 0.69803922 0.69803922
v 0.05988455 0.38065585 0.01187387 0.69803922 0.69803922 0.69803922
v 0.05068694 0.34234625 0.03510646 0.69803922 0.69803922 0.69803922
v 0.05781608 0.34700263 0.01820927 0.69803922 0.69803922 0.69803922
v 0.04393449 0.53248811 -0.02909060 0.69803922 0.69803922 0.69803922
v 0.04329072 0.54125267 0.00314115 0.69803922 0.69803922 0.69803922
v 0.06637051 0.45580927 -0.04879544 0.69803922 0.69803922 0.69803922
v 0.06807758 0.47423494 -0.04222904 0.69803922 0.69803922 0.69803922
v 0.07521673 0.46418262 -0.02526783 0.69803922 0.69803922 0.69803922
v 0.07267742 0.44898477 -0.03263045 0.69803922 0.69803922 0.69803922
v 0.05568430 0.46287009 -0.06497021 0.69803922 0.69803922 0.69803922
v 0.05705985 0.48459432 -0.05893708 0.69803922 0.69803922 0.69803922
v 0.05282779 0.40215263 -0.04020272 0.69803922 0.69803922 0.69803922
v 0.04723897 0.38560072 -0.03304482 0.69803922 0.69803922 0.69803922
v 0.03800953 0.38607797 -0.04427117 0.69803922 0.69803922 0.69803922
v 0.04354933 0.40242597 -0.05436341 0.69803922 0.69803922 0.69803922
v 0.05377993 0.46394798 0.09266017 0.69803922 0.69803922 0.69803922
v 0.04972062 0.45868143 0.09793102 0.69803922 0.69803922 0.69803922
v 0.05317555 0.45482358 0.09229989 0.69803922 0.69803922 0.69803922
v 0.05759493 0.45776507 0.08596151 0.69803922 0.69803922 0.69803922
v 0.06111985 0.46014586 0.07604883 0.69803922 0.69803922 0.69803922
v 0.06522521 0.46233898 0.06348235 0.69803922 0.69803922 0.69803922
v 0.07375288 0.46939087 0.03964014 0.69803922 0.69803922 0.69803922
v 0.07722940 0.47470924 0.02594546 0.69803922 0.69803922 0.69803922
v 0.07972217 0.47235265 0.00091638 0.69803922 0.69803922 0.69803922
v 0.07928752 0.47442490 0.01491168 0.69803922 0.69803922 0.69803922
v 0.07794804 0.45312539 -0.01553158 0.69803922 0.69803922 0.69803922
v 0.07590667 0.44325435 -0.02010981 0.69803922 0.69803922 0.69803922
v 0.05938071 0.38825205 -0.00469953 0.69803922 0.69803922 0.69803922
v 0.05609419 0.36728004 -0.00097358 0.69803922 0.69803922 0.69803922
v 0.04985556 0.36868131 -0.01509352 0.69803922 0.69803922 0.69803922
v 0.05423133 0.38669279 -0.01986871 0.69803922 0.69803922 0.69803922
v 0.03421548 0.36871034 -0.03755384 0.69803922 0.69803922 0.69803922
v 0.04186188 0.36935878 -0.02669452 0.69803922 0.69803922 0.69803922
v 0.05469429 0.33584580 -0.00044196 0.69803922 0.69803922 0.69803922
v 0.05513324 0.32271457 -0.00439008 0.69803922 0.69803922 0.69803922
v 0.05006631 0.32524672 -0.01957801 0.69803922 0.69803922 0.69803922
v 0.04849943 0.33746579 -0.01469282 0.69803922 0.69803922 0.69803922
v 0.04242143 0.32486638 -0.03201686 0.69803922 0.69803922 0.69803922
v 0.03217325 0.32394812 -0.04072009 0.69803922 0.69803922 0.69803922
v 0.03164543 0.33810240 -0.03642923 0.69803922 0.69803922 0.69803922
v 0.03994084 0.33822832 -0.02710546 0.69803922 0.69803922 0.69803922
v 0.02044006 0.30429581 0.05689415 0.69803922 0.69803922 0.69803922
v 0.02141003 0.29455659 0.05299181 0.69803922 0.69803922 0.69803922
v 0.03297428 0.29771194 0.04630840 0.69803922 0.69803922 0.69803922
v 0.03035030 0.30789348 0.04932002 0.69803922 0.69803922 0.69803922
v 0.05772559 0.31186190 -0.00999994 0.69803922 0.69803922 0.69803922
v 0.05346533 0.31567293 -0.02556205 0.69803922 0.69803922 0.69803922
v 0.06043657 0.40204868 -0.02632422 0.69803922 0.69803922 0.69803922
v 0.06396871 0.40506297 -0.01411931 0.69803922 0.69803922 0.69803922
v 0.04616071 0.31448087 -0.03832611 0.69803922 0.69803922 0.69803922
v 0.04032942 0.35253417 -0.02465982 0.69803922 0.69803922 0.69803922
v 0.04788626 0.35153273 -0.01324501 0.69803922 0.69803922 0.69803922
v 0.02389365 0.36989176 -0.04567018 0.69803922 0.69803922 0.69803922
v 0.02647080 0.38622299 -0.05425629 0.69803922 0.69803922 0.69803922
v 0.02209052 0.42667091 0.10884758 0.69803922 0.69803922 0.69803922
v 0.02517242 0.44119519 0.10159985 0.69803922 0.69803922 0.69803922
v 0.02583437 0.44486207 0.10079110 0.69803922 0.69803922 0.69803922
v 0.02200918 0.44577387 0.10000145 0.69803922 0.69803922 0.69803922
v 0.02082151 0.44281897 0.10104045 0.69803922 0.69803922 0.69803922
v 0.01453310 0.48385254 0.11078013 0.69803922 0.69803922 0.69803922
v 0.01267067 0.46654877 0.11205057 0.69803922 0.69803922 0.69803922
v 0.02559797 0.47061783 0.11091981 0.69803922 0.69803922 0.69803922
v 0.02747837 0.48434094 0.10758373 0.69803922 0.69803922 0.69803922
v 0.05218076 0.41139281 0.09818461 0.69803922 0.69803922 0.69803922
v 0.04325131 0.41784465 0.10420269 0.69803922 0.69803922 0.69803922
v 0.04021316 0.40902480 0.10758127 0.69803922 0.69803922 0.69803922
v 0.04603013 0.40107843 0.10337636 0.69803922 0.69803922 0.69803922
v 0.04912056 0.44781777 0.09155750 0.69803922 0.69803922 0.69803922
v 0.05078666 0.45006114 0.09159668 0.69803922 0.69803922 0.69803922
v 0.04814947 0.44979128 0.09380096 0.69803922 0.69803922 0.69803922
v 0.04295224 0.38741702 0.10372331 0.69803922 0.69803922 0.69803922
v 0.04962043 0.39176202 0.09787142 0.69803922 0.69803922 0.69803922
v 0.07058173 0.41911149 0.05914508 0.69803922 0.69803922 0.69803922
v 0.06002847 0.45012552 0.08064491 0.69803922 0.69803922 0.69803922
v 0.02286354 0.55125600 0.03897646 0.69803922 0.69803922 0.69803922
v 0.02260851 0.53944236 0.07030462 0.69803922 0.69803922 0.69803922
v 0.02300600 0.54411685 -0.03217316 0.69803922 0.69803922 0.69803922
v 0.02293086 0.55192751 0.00267216 0.69803922 0.69803922 0.69803922
v 0.04241681 0.49309257 -0.07237208 0.69803922 0.69803922 0.69803922
v 0.04023558 0.46937376 -0.07897101 0.69803922 0.69803922 0.69803922
v 0.02269414 0.47343549 -0.08921441 0.69803922 0.69803922 0.69803922
v 0.02499256 0.50179172 -0.08080611 0.69803922 0.69803922 0.69803922
v 0.03137278 0.40278786 -0.06575204 0.69803922 0.69803922 0.69803922
v 0.02234597 0.32319826 -0.04588361 0.69803922 0.69803922 0.69803922
v 0.02113796 0.33850929 -0.04320103 0.69803922 0.69803922 0.69803922
v 0.02133065 0.52095342 0.09110905 0.69803922 0.69803922 0.69803922
v 0.01766332 0.50185877 0.10437812 0.69803922 0.69803922 0.69803922
v 0.07014541 0.46498770 0.05127007 0.69803922 0.69803922 0.69803922
v 0.06313400 0.42291903 0.08294876 0.69803922 0.69803922 0.69803922
v 0.05837088 0.43097112 0.08747026 0.69803922 0.69803922 0.69803922
v 0.05601143 0.42699108 0.09262209 0.69803922 0.69803922 0.69803922
v 0.06012346 0.41653556 0.08873641 0.69803922 0.69803922 0.69803922
v 0.06588615 0.41382995 0.07440640 0.69803922 0.69803922 0.69803922
v 0.06768996 0.40519252 0.06241352 0.69803922 0.69803922 0.69803922
v 0.06904112 0.39653191 0.04837742 0.69803922 0.69803922 0.69803922
v 0.06592112 0.38544852 0.04089706 0.69803922 0.69803922 0.69803922
v 0.07665233 0.47823128 -0.01824428 0.69803922 0.69803922 0.69803922
v 0.07007660 0.49010494 -0.03272162 0.69803922 0.69803922 0.69803922
v 0.06041247 0.50424743 -0.04513528 0.69803922 0.69803922 0.69803922
v 0.04365367 0.51599753 -0.05539978 0.69803922 0.69803922 0.69803922
v 0.07883210 0.46809363 -0.01191894 0.69803922 0.69803922 0.69803922
v 0.02360668 0.52641368 -0.06123779 0.69803922 0.69803922 0.69803922
v 0.01234091 0.39894786 0.12101483 0.69803922 0.69803922 0.69803922
v 0.01939858 0.39842448 0.11618506 0.69803922 0.69803922 0.69803922
v 0.01069175 0.40317717 0.12041822 0.69803922 0.69803922 0.69803922
v 0.01176526 0.37393188 0.12212614 0.69803922 0.69803922 0.69803922
v 0.00744884 0.37355325 0.12382614 0.69803922 0.69803922 0.69803922
v 0.00838900 0.36794975 0.12067263 0.69803922 0.69803922 0.69803922
v 0.01340328 0.36846766 0.11910544 0.69803922 0.69803922 0.69803922
v 0.01787694 0.33331972 0.09278388 0.69803922 0.69803922 0.69803922
v 0.02728203 0.33743104 0.08820599 0.69803922 0.69803922 0.69803922
v 0.01972755 0.31388074 0.06257325 0.69803922 0.69803922 0.69803922
v 0.02901881 0.31797275 0.05432100 0.69803922 0.69803922 0.69803922
v 0.01083701 0.41217452 0.12435810 0.69803922 0.69803922 0.69803922
v 0.00921049 0.41250440 0.12472693 0.69803922 0.69803922 0.69803922
v 0.00897783 0.41140118 0.12257239 0.69803922 0.69803922 0.69803922
v 0.01101420 0.41129616 0.12216781 0.69803922 0.69803922 0.69803922
v 0.02406243 0.38291711 0.11325864 0.69803922 0.69803922 0.69803922
v 0.00845926 0.39086813 0.12516311 0.69803922 0.69803922 0.69803922
v 0.00531115 0.39066103 0.12581521 0.69803922 0.69803922 0.69803922
v 0.00548453 0.38695696 0.12428800 0.69803922 0.69803922 0.69803922
v 0.00866573 0.38706115 0.12360410 0.69803922 0.69803922 0.69803922
v 0.04249173 0.34468478 0.06142032 0.69803922 0.69803922 0.69803922
v 0.03939918 0.33540320 0.04980715 0.69803922 0.69803922 0.69803922
v 0.05719811 0.31891072 0.01227338 0.69803922 0.69803922 0.69803922
v 0.05722809 0.33243376 0.01577717 0.69803922 0.69803922 0.69803922
v 0.05524755 0.35037243 0.00089391 0.69803922 0.69803922 0.69803922
v 0.03123767 0.35402581 -0.03528649 0.69803922 0.69803922 0.69803922
v 0.02242897 0.35363227 -0.04322294 0.69803922 0.69803922 0.69803922
v -0.00202743 0.35655719 -0.04956666 0.69803922 0.69803922 0.69803922
v -0.00276208 0.37111691 -0.05338893 0.69803922 0.69803922 0.69803922
v 0.01144819 0.37041375 -0.05180302 0.69803922 0.69803922 0.69803922
v 0.00975443 0.35549173 -0.04754867 0.69803922 0.69803922 0.69803922
v 0.02859845 0.33427048 0.07197735 0.69803922 0.69803922 0.69803922
v 0.01855438 0.32960781 0.07849113 0.69803922 0.69803922 0.69803922
v 0.01918393 0.32325619 0.06895916 0.69803922 0.69803922 0.69803922
v 0.02846888 0.32779750 0.06104939 0.69803922 0.69803922 0.69803922
v 0.00540951 0.40922910 0.12584826 0.69803922 0.69803922 0.69803922
v 0.00405607 0.40833378 0.12748376 0.69803922 0.69803922 0.69803922
v 0.00440570 0.40594769 0.12467073 0.69803922 0.69803922 0.69803922
v 0.00628494 0.40801170 0.12383886 0.69803922 0.69803922 0.69803922
v 0.01179168 0.40926042 0.12038361 0.69803922 0.69803922 0.69803922
v 0.00946289 0.40817767 0.12055409 0.69803922 0.69803922 0.69803922
v 0.00981086 0.40618366 0.12042791 0.69803922 0.69803922 0.69803922
v 0.01233217 0.41204128 0.12502468 0.69803922 0.69803922 0.69803922
v 0.01273271 0.41057414 0.12225714 0.69803922 0.69803922 0.69803922
v 0.00770862 0.41297141 0.12981693 0.69803922 0.69803922 0.69803922
v 0.01053302 0.41293687 0.12815791 0.69803922 0.69803922 0.69803922
v 0.00795087 0.41336575 0.13501060 0.69803922 0.69803922 0.69803922
v 0.00703158 0.41039878 0.12434011 0.69803922 0.69803922 0.69803922
v 0.00752611 0.40910518 0.12270274 0.69803922 0.69803922 0.69803922
v 0.01071460 0.41028762 0.12087798 0.69803922 0.69803922 0.69803922
v 0.00905804 0.40999520 0.12111887 0.69803922 0.69803922 0.69803922
v 0.00793099 0.41298783 0.12767535 0.69803922 0.69803922 0.69803922
v 0.00975114 0.41278419 0.12638624 0.69803922 0.69803922 0.69803922
v 0.00772137 0.43478489 0.12636158 0.69803922 0.69803922 0.69803922
v 0.00178626 0.43587545 0.12884629 0.69803922 0.69803922 0.69803922
v 0.00167911 0.42932203 0.13480170 0.69803922 0.69803922 0.69803922
v 0.00176030 0.42160860 0.14029671 0.69803922 0.69803922 0.69803922
v 0.00180991 0.41317299 0.13816306 0.69803922 0.69803922 0.69803922
v 0.01081770 0.32051009 0.07272458 0.69803922 0.69803922 0.69803922
v 0.01134477 0.31124458 0.06664692 0.69803922 0.69803922 0.69803922
v 0.00161679 0.50075454 0.10503063 0.69803922 0.69803922 0.69803922
v 0.00162367 0.48206440 0.11090686 0.69803922 0.69803922 0.69803922
v 0.02484307 0.38152319 0.11169201 0.69803922 0.69803922 0.69803922
v 0.02574813 0.46254542 0.10531355 0.69803922 0.69803922 0.69803922
v 0.04997670 0.42560816 0.09826593 0.69803922 0.69803922 0.69803922
v 0.02930120 0.42736948 0.10573736 0.69803922 0.69803922 0.69803922
v 0.03576212 0.42301077 0.10574932 0.69803922 0.69803922 0.69803922
v 0.03569815 0.43051538 0.10278626 0.69803922 0.69803922 0.69803922
v 0.02976184 0.43347687 0.10339929 0.69803922 0.69803922 0.69803922
v 0.01677123 0.45967481 0.10562456 0.69803922 0.69803922 0.69803922
v 0.00819992 0.45621139 0.11110122 0.69803922 0.69803922 0.69803922
v 0.01178625 0.45420220 0.10457523 0.69803922 0.69803922 0.69803922
v 0.01122492 0.44760987 0.10479946 0.69803922 0.69803922 0.69803922
v 0.00844021 0.44711229 0.11331654 0.69803922 0.69803922 0.69803922
v 0.01267069 0.44021854 0.10970854 0.69803922 0.69803922 0.69803922
v 0.01426318 0.44249025 0.10378627 0.69803922 0.69803922 0.69803922
v 0.04638905 0.45151076 0.09644039 0.69803922 0.69803922 0.69803922
v 0.04860498 0.45306358 0.09479174 0.69803922 0.69803922 0.69803922
v 0.01778237 0.43553826 0.10694293 0.69803922 0.69803922 0.69803922
v 0.02326426 0.43143588 0.10565794 0.69803922 0.69803922 0.69803922
v 0.02411700 0.43625909 0.10302744 0.69803922 0.69803922 0.69803922
v 0.01893369 0.43904388 0.10316894 0.69803922 0.69803922 0.69803922
v 0.04239315 0.42766479 0.10119562 0.69803922 0.69803922 0.69803922
v 0.05513323 0.45004854 0.08721581 0.69803922 0.69803922 0.69803922
v 0.05163578 0.43885419 0.08943515 0.69803922 0.69803922 0.69803922
v 0.06800493 0.41099763 -0.00528817 0.69803922 0.69803922 0.69803922
v 0.06440118 0.40029448 0.00151293 0.69803922 0.69803922 0.69803922
v 0.07041945 0.39085677 0.02232204 0.69803922 0.69803922 0.69803922
v 0.06753281 0.38734549 0.02531751 0.69803922 0.69803922 0.69803922
v 0.06294087 0.38971165 0.01997991 0.69803922 0.69803922 0.69803922
v 0.06812288 0.39333218 0.01779340 0.69803922 0.69803922 0.69803922
v 0.07870177 0.44336450 0.00234604 0.69803922 0.69803922 0.69803922
v 0.07860059 0.45015672 -0.00136374 0.69803922 0.69803922 0.69803922
v 0.07860237 0.45165336 0.00581418 0.69803922 0.69803922 0.69803922
v 0.07792830 0.44411805 0.00509031 0.69803922 0.69803922 0.69803922
v 0.07741588 0.44772685 0.01144525 0.69803922 0.69803922 0.69803922
v 0.07748100 0.45126063 0.01379864 0.69803922 0.69803922 0.69803922
v 0.07653598 0.44326600 0.01508873 0.69803922 0.69803922 0.69803922
v 0.07672538 0.44319683 0.01169734 0.69803922 0.69803922 0.69803922
v 0.07880151 0.46172076 0.01435148 0.69803922 0.69803922 0.69803922
v 0.07647038 0.46011347 0.02413870 0.69803922 0.69803922 0.69803922
v 0.07557769 0.44838503 0.02115310 0.69803922 0.69803922 0.69803922
v 0.07143946 0.44703126 0.04494085 0.69803922 0.69803922 0.69803922
v 0.07274988 0.43554044 0.03224025 0.69803922 0.69803922 0.69803922
v 0.07324754 0.44368288 0.02744784 0.69803922 0.69803922 0.69803922
v 0.07345496 0.45538703 0.03397852 0.69803922 0.69803922 0.69803922
v 0.06886760 0.39189765 0.02951328 0.69803922 0.69803922 0.69803922
v 0.06935880 0.39975297 0.03309367 0.69803922 0.69803922 0.69803922
v 0.06241179 0.39297053 0.01163041 0.69803922 0.69803922 0.69803922
v -0.00049207 0.48115534 -0.08822668 0.69803922 0.69803922 0.69803922
v -0.00054019 0.50923169 -0.07760362 0.69803922 0.69803922 0.69803922
v 0.06397434 0.43718138 -0.04962678 0.69803922 0.69803922 0.69803922
v 0.05290649 0.44145295 -0.06486608 0.69803922 0.69803922 0.69803922
v 0.07020560 0.43345162 -0.03438540 0.69803922 0.69803922 0.69803922
v 0.07322614 0.43086612 -0.02118441 0.69803922 0.69803922 0.69803922
v 0.03984055 0.44620088 -0.07794443 0.69803922 0.69803922 0.69803922
v 0.02179911 0.44807521 -0.08382614 0.69803922 0.69803922 0.69803922
v 0.07305565 0.42878929 0.04657898 0.69803922 0.69803922 0.69803922
v 0.07240742 0.42247027 0.03457728 0.69803922 0.69803922 0.69803922
v 0.05998210 0.41868505 -0.04708038 0.69803922 0.69803922 0.69803922
v 0.04904825 0.42115331 -0.06219420 0.69803922 0.69803922 0.69803922
v 0.06572750 0.41724414 -0.03221556 0.69803922 0.69803922 0.69803922
v 0.06902054 0.41830987 -0.01924883 0.69803922 0.69803922 0.69803922
v 0.03441178 0.42503479 -0.07406057 0.69803922 0.69803922 0.69803922
v 0.01504791 0.40148732 -0.07197062 0.69803922 0.69803922 0.69803922
v 0.01821325 0.42265794 -0.08112534 0.69803922 0.69803922 0.69803922
v 0.07315957 0.40165183 0.02140203 0.69803922 0.69803922 0.69803922
v 0.07174475 0.40010566 0.02607678 0.69803922 0.69803922 0.69803922
v 0.07093840 0.39391816 0.02486953 0.69803922 0.69803922 0.69803922
v 0.07392991 0.39597064 0.02286641 0.69803922 0.69803922 0.69803922
v 0.07170835 0.41327769 0.04671805 0.69803922 0.69803922 0.69803922
v 0.07153685 0.41047817 0.03425417 0.69803922 0.69803922 0.69803922
v 0.00810558 0.44069189 0.12064019 0.69803922 0.69803922 0.69803922
v 0.00180769 0.44927070 0.11756967 0.69803922 0.69803922 0.69803922
v 0.00178571 0.44238794 0.12335656 0.69803922 0.69803922 0.69803922
v 0.00168011 0.45701057 0.11369089 0.69803922 0.69803922 0.69803922
v 0.00045691 0.55539095 0.00672507 0.69803922 0.69803922 0.69803922
v 0.00069254 0.55343688 0.04084471 0.69803922 0.69803922 0.69803922
v 0.00114471 0.53306204 -0.05696234 0.69803922 0.69803922 0.69803922
v 0.00076091 0.54930472 -0.02776986 0.69803922 0.69803922 0.69803922
v 0.00589749 0.35986117 0.12151174 0.69803922 0.69803922 0.69803922
v 0.00852331 0.34629512 0.12214684 0.69803922 0.69803922 0.69803922
v 0.00750824 0.39897069 0.12371538 0.69803922 0.69803922 0.69803922
v 0.00452356 0.39831915 0.12439620 0.69803922 0.69803922 0.69803922
v 0.00498822 0.39438215 0.12541002 0.69803922 0.69803922 0.69803922
v 0.00812624 0.39492235 0.12474559 0.69803922 0.69803922 0.69803922
v 0.01999238 0.45625734 0.10138943 0.69803922 0.69803922 0.69803922
v 0.01258563 0.38727397 -0.06012866 0.69803922 0.69803922 0.69803922
v 0.00984406 0.33953768 -0.04749509 0.69803922 0.69803922 0.69803922
v 0.01041799 0.32422507 -0.04893436 0.69803922 0.69803922 0.69803922
v 0.03578558 0.31264812 -0.04757532 0.69803922 0.69803922 0.69803922
v 0.02365015 0.31120023 -0.05273055 0.69803922 0.69803922 0.69803922
v 0.00419074 0.40227181 0.12402502 0.69803922 0.69803922 0.69803922
v 0.00686977 0.40281701 0.12297937 0.69803922 0.69803922 0.69803922
v 0.00714035 0.41232204 0.12625307 0.69803922 0.69803922 0.69803922
v 0.01322994 0.38663086 0.12176576 0.69803922 0.69803922 0.69803922
v 0.00681422 0.40574449 0.12270644 0.69803922 0.69803922 0.69803922
v 0.00755212 0.40784523 0.12232613 0.69803922 0.69803922 0.69803922
v 0.00241179 0.40550250 0.12536192 0.69803922 0.69803922 0.69803922
v 0.00261406 0.40191528 0.12421169 0.69803922 0.69803922 0.69803922
v 0.03014605 0.43955514 0.10204280 0.69803922 0.69803922 0.69803922
v 0.03037493 0.44419301 0.10144775 0.69803922 0.69803922 0.69803922
v 0.00506472 0.41024610 0.13121061 0.69803922 0.69803922 0.69803922
v 0.00579314 0.41124833 0.12851940 0.69803922 0.69803922 0.69803922
v 0.00168685 0.40947780 0.13189079 0.69803922 0.69803922 0.69803922
v 0.04538114 0.30123782 0.03641469 0.69803922 0.69803922 0.69803922
v 0.05487000 0.30524823 0.02231092 0.69803922 0.69803922 0.69803922
v 0.00316404 0.39048752 0.12591055 0.69803922 0.69803922 0.69803922
v 0.00324130 0.38669175 0.12455080 0.69803922 0.69803922 0.69803922
v 0.00078747 0.54108608 0.07275331 0.69803922 0.69803922 0.69803922
v -0.00241107 0.40079460 -0.07266118 0.69803922 0.69803922 0.69803922
v -0.00115189 0.42018852 -0.08241671 0.69803922 0.69803922 0.69803922
v 0.07331327 0.42720634 0.02521420 0.69803922 0.69803922 0.69803922
v 0.07474488 0.42299041 0.02029106 0.69803922 0.69803922 0.69803922
v 0.07581858 0.43025082 0.01768125 0.69803922 0.69803922 0.69803922
v 0.07413807 0.43523607 0.02236199 0.69803922 0.69803922 0.69803922
v 0.01180487 0.30182526 0.06127453 0.69803922 0.69803922 0.69803922
v 0.05850251 0.30819544 0.00616003 0.69803922 0.69803922 0.69803922
v 0.01123374 0.31156704 -0.05604102 0.69803922 0.69803922 0.69803922
v 0.04888548 0.44606072 0.09111351 0.69803922 0.69803922 0.69803922
v 0.04762923 0.44457626 0.09221398 0.69803922 0.69803922 0.69803922
v 0.02267313 0.45361859 0.10051753 0.69803922 0.69803922 0.69803922
v -0.00081326 0.44870383 -0.09005882 0.69803922 0.69803922 0.69803922
v 0.01477521 0.37892473 0.11995644 0.69803922 0.69803922 0.69803922
v 0.01319108 0.38276955 0.11914976 0.69803922 0.69803922 0.69803922
v -0.00218888 0.34128284 -0.04886664 0.69803922 0.69803922 0.69803922
v 0.01033806 0.32724455 0.08137947 0.69803922 0.69803922 0.69803922
v 0.00257523 0.40794066 0.12834673 0.69803922 0.69803922 0.69803922
v -0.00321204 0.38576284 -0.06233864 0.69803922 0.69803922 0.69803922
v 0.07790302 0.43627205 0.00919501 0.69803922 0.69803922 0.69803922
v 0.07933075 0.43482757 0.01223155 0.69803922 0.69803922 0.69803922
v 0.07892372 0.43171108 0.01201364 0.69803922 0.69803922 0.69803922
v 0.07736356 0.43241811 0.01050876 0.69803922 0.69803922 0.69803922
v 0.07971726 0.43843037 0.01647505 0.69803922 0.69803922 0.69803922
v 0.08116359 0.43494099 0.01450113 0.69803922 0.69803922 0.69803922
v 0.08263429 0.43783098 0.01366302 0.69803922 0.69803922 0.69803922
v 0.08123846 0.44158775 0.01487151 0.69803922 0.69803922 0.69803922
v 0.07549562 0.44055369 0.01871676 0.69803922 0.69803922 0.69803922
v 0.07779995 0.43494773 0.01733111 0.69803922 0.69803922 0.69803922
v 0.08358271 0.43962786 0.01186377 0.69803922 0.69803922 0.69803922
v 0.08359720 0.44248062 0.01307452 0.69803922 0.69803922 0.69803922
v 0.08094474 0.44403374 0.01179049 0.69803922 0.69803922 0.69803922
v 0.07750216 0.44394481 0.00842694 0.69803922 0.69803922 0.69803922
v 0.08620017 0.44320223 0.00972831 0.69803922 0.69803922 0.69803922
v 0.08258501 0.44533026 0.00761767 0.69803922 0.69803922 0.69803922
v 0.08900697 0.44230130 0.00487878 0.69803922 0.69803922 0.69803922
v 0.08434421 0.44490913 0.00237834 0.69803922 0.69803922 0.69803922
v 0.09042433 0.43874931 -0.00020902 0.69803922 0.69803922 0.69803922
v 0.08493488 0.44077840 -0.00269373 0.69803922 0.69803922 0.69803922
v 0.07308688 0.40766284 0.02639870 0.69803922 0.69803922 0.69803922
v 0.07346375 0.40799320 0.01954330 0.69803922 0.69803922 0.69803922
v 0.09092668 0.43331429 -0.00294747 0.69803922 0.69803922 0.69803922
v 0.08457791 0.43421552 -0.00499048 0.69803922 0.69803922 0.69803922
v 0.09036966 0.42644495 -0.00461474 0.69803922 0.69803922 0.69803922
v 0.08426802 0.42709407 -0.00576445 0.69803922 0.69803922 0.69803922
v 0.08864965 0.41936478 -0.00397246 0.69803922 0.69803922 0.69803922
v 0.08345319 0.41986346 -0.00534609 0.69803922 0.69803922 0.69803922
v 0.08713614 0.41222382 -0.00217463 0.69803922 0.69803922 0.69803922
v 0.08204816 0.41102293 -0.00338082 0.69803922 0.69803922 0.69803922
v 0.08499089 0.40556201 0.00176790 0.69803922 0.69803922 0.69803922
v 0.07970122 0.40219617 0.00078101 0.69803922 0.69803922 0.69803922
v 0.08549137 0.44035149 0.00371542 0.69803922 0.69803922 0.69803922
v 0.08686464 0.43692157 0.00018645 0.69803922 0.69803922 0.69803922
v 0.07672005 0.43956742 0.00099843 0.69803922 0.69803922 0.69803922
v 0.08425513 0.44148847 0.00838901 0.69803922 0.69803922 0.69803922
v 0.07770897 0.42657599 0.00500894 0.69803922 0.69803922 0.69803922
v 0.07616069 0.42887905 0.00491741 0.69803922 0.69803922 0.69803922
v 0.07714542 0.42700806 0.00602030 0.69803922 0.69803922 0.69803922
v 0.07598713 0.42559543 0.00345736 0.69803922 0.69803922 0.69803922
v 0.07447530 0.41528621 0.02058500 0.69803922 0.69803922 0.69803922
v 0.07555808 0.41523120 0.01678676 0.69803922 0.69803922 0.69803922
v 0.07551816 0.42094955 0.01684557 0.69803922 0.69803922 0.69803922
v 0.07416160 0.41105682 0.01639406 0.69803922 0.69803922 0.69803922
v 0.07298653 0.41252124 0.01521218 0.69803922 0.69803922 0.69803922
v 0.07243811 0.41607323 0.01551743 0.69803922 0.69803922 0.69803922
v 0.07149467 0.42065209 0.01513184 0.69803922 0.69803922 0.69803922
v 0.07338710 0.41088563 0.01362756 0.69803922 0.69803922 0.69803922
v 0.07467769 0.40903956 0.01400233 0.69803922 0.69803922 0.69803922
v 0.07221134 0.41217014 0.01292606 0.69803922 0.69803922 0.69803922
v 0.07174357 0.41305333 0.01395850 0.69803922 0.69803922 0.69803922
v 0.07067043 0.41525960 0.01303058 0.69803922 0.69803922 0.69803922
v 0.07139339 0.41842812 0.01068636 0.69803922 0.69803922 0.69803922
v 0.07354772 0.41727585 0.02670113 0.69803922 0.69803922 0.69803922
v 0.07226401 0.41426736 0.00157302 0.69803922 0.69803922 0.69803922
v 0.06946512 0.40617058 0.00575188 0.69803922 0.69803922 0.69803922
v 0.08178064 0.40068763 0.00751794 0.69803922 0.69803922 0.69803922
v 0.07817256 0.39497542 0.00762018 0.69803922 0.69803922 0.69803922
v 0.07643691 0.39261979 0.02025721 0.69803922 0.69803922 0.69803922
v 0.07769835 0.39085773 0.01448607 0.69803922 0.69803922 0.69803922
v 0.07560173 0.43402982 -0.00066535 0.69803922 0.69803922 0.69803922
v 0.07547227 0.42797720 -0.00182889 0.69803922 0.69803922 0.69803922
v 0.06814062 0.39964980 0.01220024 0.69803922 0.69803922 0.69803922
v 0.07471310 0.42156765 -0.00107876 0.69803922 0.69803922 0.69803922
v 0.08341881 0.40978107 0.00289773 0.69803922 0.69803922 0.69803922
v 0.08042489 0.40636069 0.00667169 0.69803922 0.69803922 0.69803922
v 0.08576201 0.41429502 -0.00051425 0.69803922 0.69803922 0.69803922
v 0.07555975 0.40576696 0.01566457 0.69803922 0.69803922 0.69803922
v 0.07643898 0.39969280 0.01767616 0.69803922 0.69803922 0.69803922
v 0.07950471 0.39909494 0.01309498 0.69803922 0.69803922 0.69803922
v 0.07757217 0.40500590 0.01108523 0.69803922 0.69803922 0.69803922
v 0.08222173 0.41280112 0.00461007 0.69803922 0.69803922 0.69803922
v 0.07863186 0.41039467 0.00728505 0.69803922 0.69803922 0.69803922
v 0.07917308 0.41564921 0.00487852 0.69803922 0.69803922 0.69803922
v 0.07597598 0.41344637 0.00707851 0.69803922 0.69803922 0.69803922
v 0.07403931 0.41139725 0.01034117 0.69803922 0.69803922 0.69803922
v 0.07584698 0.40900308 0.01060951 0.69803922 0.69803922 0.69803922
v 0.07223181 0.41576451 0.00680025 0.69803922 0.69803922 0.69803922
v 0.07577462 0.41889438 0.00467256 0.69803922 0.69803922 0.69803922
v 0.07172181 0.41317594 0.01044311 0.69803922 0.69803922 0.69803922
v 0.08169422 0.41850981 0.00396524 0.69803922 0.69803922 0.69803922
v 0.08377834 0.42223629 0.00310668 0.69803922 0.69803922 0.69803922
v 0.08161436 0.42464474 0.00542534 0.69803922 0.69803922 0.69803922
v 0.07888609 0.42183149 0.00425719 0.69803922 0.69803922 0.69803922
v 0.08642032 0.42014918 -0.00258552 0.69803922 0.69803922 0.69803922
v 0.08619450 0.42077151 0.00079073 0.69803922 0.69803922 0.69803922
v 0.08464390 0.41636205 0.00231103 0.69803922 0.69803922 0.69803922
v 0.08668210 0.42601329 -0.00030965 0.69803922 0.69803922 0.69803922
v 0.08710426 0.42651948 -0.00291394 0.69803922 0.69803922 0.69803922
v 0.08480764 0.42616698 0.00178086 0.69803922 0.69803922 0.69803922
v 0.08339644 0.42722052 0.00391940 0.69803922 0.69803922 0.69803922
v 0.08586327 0.43479395 0.00202958 0.69803922 0.69803922 0.69803922
v 0.08652600 0.43093318 0.00039231 0.69803922 0.69803922 0.69803922
v 0.08753330 0.43237126 -0.00192405 0.69803922 0.69803922 0.69803922
v 0.08535706 0.42982635 0.00252186 0.69803922 0.69803922 0.69803922
v 0.08458981 0.43289408 0.00357586 0.69803922 0.69803922 0.69803922
v 0.08330656 0.43129322 0.00478158 0.69803922 0.69803922 0.69803922
v 0.08406040 0.42948666 0.00351532 0.69803922 0.69803922 0.69803922
v 0.08169427 0.43925855 0.01039035 0.69803922 0.69803922 0.69803922
v 0.08045934 0.43758714 0.01184362 0.69803922 0.69803922 0.69803922
v 0.08293418 0.43907180 0.00765907 0.69803922 0.69803922 0.69803922
v 0.08087266 0.43946245 0.00838258 0.69803922 0.69803922 0.69803922
v 0.08165177 0.43684396 0.00746664 0.69803922 0.69803922 0.69803922
v 0.07948755 0.43850428 0.00864218 0.69803922 0.69803922 0.69803922
v 0.08074697 0.43490764 0.00811671 0.69803922 0.69803922 0.69803922
v 0.07890286 0.43238425 0.00828067 0.69803922 0.69803922 0.69803922
v 0.02475463 0.27258238 0.04894352 0.69803922 0.69803922 0.69803922
v 0.02303325 0.28352562 0.05015672 0.69803922 0.69803922 0.69803922
v 0.01230836 0.28054157 0.05358372 0.69803922 0.69803922 0.69803922
v 0.01294384 0.27019873 0.05133604 0.69803922 0.69803922 0.69803922
v 0.08218624 0.43293437 0.00669790 0.69803922 0.69803922 0.69803922
v 0.08317050 0.43514106 0.00539884 0.69803922 0.69803922 0.69803922
v 0.08445957 0.43796682 0.00447134 0.69803922 0.69803922 0.69803922
v 0.08008727 0.42872551 0.00632709 0.69803922 0.69803922 0.69803922
v 0.08142318 0.42765778 0.00592249 0.69803922 0.69803922 0.69803922
v 0.08223357 0.42918658 0.00558198 0.69803922 0.69803922 0.69803922
v 0.08078810 0.43070540 0.00684199 0.69803922 0.69803922 0.69803922
v 0.07517959 0.42551926 0.01544200 0.69803922 0.69803922 0.69803922
v 0.07382888 0.42370167 0.01233634 0.69803922 0.69803922 0.69803922
v 0.07449286 0.42061514 0.00861288 0.69803922 0.69803922 0.69803922
v 0.05861932 0.26112977 0.03258356 0.69803922 0.69803922 0.69803922
v 0.07266235 0.26937115 0.01916822 0.69803922 0.69803922 0.69803922
v 0.06710207 0.27682388 0.01595434 0.69803922 0.69803922 0.69803922
v 0.05379248 0.26995012 0.02863210 0.69803922 0.69803922 0.69803922
v 0.06962072 0.23932827 0.05192390 0.69803922 0.69803922 0.69803922
v 0.07195698 0.22189386 0.06344084 0.69803922 0.69803922 0.69803922
v 0.09070070 0.22671877 0.05518459 0.69803922 0.69803922 0.69803922
v 0.09075254 0.24774522 0.03535429 0.69803922 0.69803922 0.69803922
v 0.09006260 0.20822696 0.06964428 0.69803922 0.69803922 0.69803922
v 0.07225786 0.20456380 0.07494632 0.69803922 0.69803922 0.69803922
v 0.08585551 0.15895164 0.10529747 0.69803922 0.69803922 0.69803922
v 0.08737557 0.17469503 0.09385981 0.69803922 0.69803922 0.69803922
v 0.07035031 0.17325859 0.09802289 0.69803922 0.69803922 0.69803922
v 0.06911916 0.15750803 0.10894345 0.69803922 0.69803922 0.69803922
v 0.10766919 0.08141563 0.13593830 0.69803922 0.69803922 0.69803922
v 0.09579860 0.08312814 0.14034608 0.69803922 0.69803922 0.69803922
v 0.08857336 0.06707101 0.13912657 0.69803922 0.69803922 0.69803922
v 0.10173012 0.06320997 0.13342382 0.69803922 0.69803922 0.69803922
v 0.15299040 0.18329898 0.06457649 0.69803922 0.69803922 0.69803922
v 0.16283593 0.17336361 0.06129264 0.69803922 0.69803922 0.69803922
v 0.16468425 0.19282235 0.05485001 0.69803922 0.69803922 0.69803922
v 0.15353541 0.20211479 0.05612168 0.69803922 0.69803922 0.69803922
v 0.09962031 0.28247488 -0.01416408 0.69803922 0.69803922 0.69803922
v 0.09220613 0.28575575 -0.01675903 0.69803922 0.69803922 0.69803922
v 0.08851003 0.27222428 0.00484208 0.69803922 0.69803922 0.69803922
v 0.09642257 0.26796570 0.01012976 0.69803922 0.69803922 0.69803922
v 0.15105563 0.09536529 0.08702072 0.69803922 0.69803922 0.69803922
v 0.14583252 0.10481711 0.09663621 0.69803922 0.69803922 0.69803922
v 0.14210591 0.09276177 0.10374282 0.69803922 0.69803922 0.69803922
v 0.14639951 0.08324981 0.09572306 0.69803922 0.69803922 0.69803922
v 0.12247910 0.00268160 0.09105375 0.69803922 0.69803922 0.69803922
v 0.10782756 0.00172477 0.10660337 0.69803922 0.69803922 0.69803922
v 0.10630592 -0.01830168 0.10704331 0.69803922 0.69803922 0.69803922
v 0.12182669 -0.01732456 0.09080257 0.69803922 0.69803922 0.69803922
v 0.15713020 0.02682674 0.02305454 0.69803922 0.69803922 0.69803922
v 0.15332405 0.00902578 0.02317490 0.69803922 0.69803922 0.69803922
v 0.15250731 0.00955351 -0.00356241 0.69803922 0.69803922 0.69803922
v 0.15598471 0.02563111 -0.00394755 0.69803922 0.69803922 0.69803922
v 0.11517870 0.15847063 0.09546543 0.69803922 0.69803922 0.69803922
v 0.11760574 0.17416081 0.08381481 0.69803922 0.69803922 0.69803922
v 0.10327946 0.17484234 0.08892383 0.69803922 0.69803922 0.69803922
v 0.10130711 0.15922545 0.10053132 0.69803922 0.69803922 0.69803922
v 0.34003666 0.22492117 0.01656896 0.69803922 0.69803922 0.69803922
v 0.31416327 0.22503781 0.01762451 0.69803922 0.69803922 0.69803922
v 0.31492782 0.20897670 0.01855386 0.69803922 0.69803922 0.69803922
v 0.34066346 0.20861112 0.01712927 0.69803922 0.69803922 0.69803922
v 0.15044466 -0.08554280 0.03947639 0.69803922 0.69803922 0.69803922
v 0.15230235 -0.10307653 0.04302467 0.69803922 0.69803922 0.69803922
v 0.15303001 -0.09869572 0.01617708 0.69803922 0.69803922 0.69803922
v 0.14979640 -0.08158186 0.01423769 0.69803922 0.69803922 0.69803922
v 0.20431836 0.25276268 0.02898998 0.69803922 0.69803922 0.69803922
v 0.20406821 0.27001753 0.01092409 0.69803922 0.69803922 0.69803922
v 0.19034787 0.27369344 0.01048477 0.69803922 0.69803922 0.69803922
v 0.18989748 0.25736210 0.03006515 0.69803922 0.69803922 0.69803922
v 0.15476871 0.14554557 0.07373771 0.69803922 0.69803922 0.69803922
v 0.15887983 0.15806147 0.06791978 0.69803922 0.69803922 0.69803922
v 0.15057692 0.16691582 0.07223856 0.69803922 0.69803922 0.69803922
v 0.14703183 0.15243484 0.07961410 0.69803922 0.69803922 0.69803922
v 0.16361725 0.05590023 -0.01009407 0.69803922 0.69803922 0.69803922
v 0.16616088 0.07331440 -0.01358442 0.69803922 0.69803922 0.69803922
v 0.16641967 0.07477032 0.00740182 0.69803922 0.69803922 0.69803922
v 0.16467023 0.05773834 0.01351142 0.69803922 0.69803922 0.69803922
v 0.16202727 0.04195493 0.01869078 0.69803922 0.69803922 0.69803922
v 0.16040805 0.04014706 -0.00657860 0.69803922 0.69803922 0.69803922
v 0.13826410 0.15578386 0.08518113 0.69803922 0.69803922 0.69803922
v 0.14048064 0.17281263 0.07585310 0.69803922 0.69803922 0.69803922
v 0.13013093 0.17402628 0.07964934 0.69803922 0.69803922 0.69803922
v 0.12744431 0.15756555 0.09049711 0.69803922 0.69803922 0.69803922
v 0.07973624 0.05294421 0.13449076 0.69803922 0.69803922 0.69803922
v 0.09569969 0.04825433 0.12713134 0.69803922 0.69803922 0.69803922
v 0.14521764 -0.10835890 0.06861967 0.69803922 0.69803922 0.69803922
v 0.14482974 -0.09022854 0.06468181 0.69803922 0.69803922 0.69803922
v 0.13327360 -0.09510599 0.08603490 0.69803922 0.69803922 0.69803922
v 0.13232763 -0.11386689 0.09011569 0.69803922 0.69803922 0.69803922
v 0.09153500 0.01979241 0.11707046 0.69803922 0.69803922 0.69803922
v 0.10722939 0.01950343 0.10623327 0.69803922 0.69803922 0.69803922
v 0.10755365 0.03489826 0.11154545 0.69803922 0.69803922 0.69803922
v 0.09198154 0.03557816 0.12043027 0.69803922 0.69803922 0.69803922
v 0.11508156 -0.11806796 0.10789092 0.69803922 0.69803922 0.69803922
v 0.11671651 -0.09944989 0.10433523 0.69803922 0.69803922 0.69803922
v 0.09770836 -0.10228027 0.11986002 0.69803922 0.69803922 0.69803922
v 0.09607335 -0.12240566 0.12397595 0.69803922 0.69803922 0.69803922
v 0.08885094 0.19085777 0.08201685 0.69803922 0.69803922 0.69803922
v 0.07165315 0.18834881 0.08635570 0.69803922 0.69803922 0.69803922
v 0.12725502 0.08174641 0.12226467 0.69803922 0.69803922 0.69803922
v 0.11857096 0.08114783 0.12965189 0.69803922 0.69803922 0.69803922
v 0.11406563 0.06254171 0.12663962 0.69803922 0.69803922 0.69803922
v 0.12449352 0.06414040 0.11895175 0.69803922 0.69803922 0.69803922
v 0.17206013 0.14447877 0.04372919 0.69803922 0.69803922 0.69803922
v 0.17963816 0.15718678 0.03771080 0.69803922 0.69803922 0.69803922
v 0.17700946 0.17883149 0.04974669 0.69803922 0.69803922 0.69803922
v 0.17051792 0.15998688 0.05500054 0.69803922 0.69803922 0.69803922
v 0.15658210 -0.11562859 0.01845868 0.69803922 0.69803922 0.69803922
v 0.15471220 -0.12030700 0.04609537 0.69803922 0.69803922 0.69803922
v 0.11566108 -0.13737054 0.11139599 0.69803922 0.69803922 0.69803922
v 0.09683913 -0.14270896 0.12796851 0.69803922 0.69803922 0.69803922
v 0.21180931 0.15019968 -0.02990993 0.69803922 0.69803922 0.69803922
v 0.20980029 0.15376274 -0.01717504 0.69803922 0.69803922 0.69803922
v 0.19978090 0.14161244 -0.01454436 0.69803922 0.69803922 0.69803922
v 0.20308073 0.13869417 -0.02727064 0.69803922 0.69803922 0.69803922
v 0.05647634 0.08453222 0.14303434 0.69803922 0.69803922 0.69803922
v 0.06531674 0.06456591 0.14049476 0.69803922 0.69803922 0.69803922
v 0.07785491 0.07705726 0.14310293 0.69803922 0.69803922 0.69803922
v 0.07142999 0.09338517 0.14301512 0.69803922 0.69803922 0.69803922
v 0.12170710 0.04859432 0.11062326 0.69803922 0.69803922 0.69803922
v 0.10991421 0.04725882 0.11895908 0.69803922 0.69803922 0.69803922
v 0.12107572 0.03620027 0.10179754 0.69803922 0.69803922 0.69803922
v 0.04040498 0.07500247 0.13962989 0.69803922 0.69803922 0.69803922
v 0.05078842 0.04969844 0.13482834 0.69803922 0.69803922 0.69803922
v 0.05355659 0.18575560 0.09070681 0.69803922 0.69803922 0.69803922
v 0.05265233 0.17092896 0.10155923 0.69803922 0.69803922 0.69803922
v 0.05390918 0.20140469 0.08075287 0.69803922 0.69803922 0.69803922
v 0.05284001 0.21761800 0.07068659 0.69803922 0.69803922 0.69803922
v 0.03460107 0.21411769 0.07576464 0.69803922 0.69803922 0.69803922
v 0.03523088 0.19790357 0.08512759 0.69803922 0.69803922 0.69803922
v 0.05063327 0.23356897 0.06166839 0.69803922 0.69803922 0.69803922
v 0.03290645 0.22994025 0.06741661 0.69803922 0.69803922 0.69803922
v 0.04251367 0.25526029 0.04329237 0.69803922 0.69803922 0.69803922
v 0.03913919 0.26516187 0.03922199 0.69803922 0.69803922 0.69803922
v 0.16488428 0.14643821 0.06068088 0.69803922 0.69803922 0.69803922
v 0.15999158 0.13525160 0.06553480 0.69803922 0.69803922 0.69803922
v 0.13285947 -0.13223098 0.09308053 0.69803922 0.69803922 0.69803922
v 0.11304054 0.21448876 -0.10487317 0.69803922 0.69803922 0.69803922
v 0.13022548 0.21991202 -0.09681360 0.69803922 0.69803922 0.69803922
v 0.12930760 0.20301023 -0.10127120 0.69803922 0.69803922 0.69803922
v 0.11229472 0.19643740 -0.11024332 0.69803922 0.69803922 0.69803922
v 0.10783938 0.26851541 0.01171071 0.69803922 0.69803922 0.69803922
v 0.10774323 0.28251982 -0.01319624 0.69803922 0.69803922 0.69803922
v 0.18557540 0.15742168 -0.07113556 0.69803922 0.69803922 0.69803922
v 0.18592724 0.14746577 -0.06646386 0.69803922 0.69803922 0.69803922
v 0.17585129 0.13852665 -0.07007914 0.69803922 0.69803922 0.69803922
v 0.17454529 0.15056753 -0.07447223 0.69803922 0.69803922 0.69803922
v 0.21145871 0.15254667 -0.05008732 0.69803922 0.69803922 0.69803922
v 0.20973903 0.15884885 -0.05693443 0.69803922 0.69803922 0.69803922
v 0.22342068 0.16661368 -0.05969414 0.69803922 0.69803922 0.69803922
v 0.22504373 0.16036452 -0.05293801 0.69803922 0.69803922 0.69803922
v 0.14737563 -0.09500631 -0.00808059 0.69803922 0.69803922 0.69803922
v 0.14305761 -0.07810857 -0.00997924 0.69803922 0.69803922 0.69803922
v 0.13039778 0.03851376 -0.06905273 0.69803922 0.69803922 0.69803922
v 0.13882929 0.05476596 -0.06839168 0.69803922 0.69803922 0.69803922
v 0.14902231 0.04740526 -0.05061786 0.69803922 0.69803922 0.69803922
v 0.14229950 0.03140112 -0.05005801 0.69803922 0.69803922 0.69803922
v 0.01670111 0.18166122 -0.10586911 0.69803922 0.69803922 0.69803922
v 0.03581349 0.18521626 -0.11023146 0.69803922 0.69803922 0.69803922
v 0.03575958 0.16993181 -0.11248673 0.69803922 0.69803922 0.69803922
v 0.01641624 0.16650142 -0.10779037 0.69803922 0.69803922 0.69803922
v 0.07474092 0.21474902 -0.11000749 0.69803922 0.69803922 0.69803922
v 0.05400624 0.20628117 -0.11059746 0.69803922 0.69803922 0.69803922
v 0.05312461 0.22071689 -0.10641253 0.69803922 0.69803922 0.69803922
v 0.07423413 0.23020135 -0.10441411 0.69803922 0.69803922 0.69803922
v 0.09417031 0.20673458 -0.11158046 0.69803922 0.69803922 0.69803922
v 0.09378374 0.18850689 -0.11571547 0.69803922 0.69803922 0.69803922
v 0.16042960 0.05844254 -0.03124632 0.69803922 0.69803922 0.69803922
v 0.16339611 0.07520989 -0.03251867 0.69803922 0.69803922 0.69803922
v 0.17092139 0.09823494 -0.03556576 0.69803922 0.69803922 0.69803922
v 0.17621943 0.10676003 -0.03660443 0.69803922 0.69803922 0.69803922
v 0.17678148 0.10678501 -0.02160756 0.69803922 0.69803922 0.69803922
v 0.17193191 0.09802805 -0.01956407 0.69803922 0.69803922 0.69803922
v 0.08481428 0.29030573 -0.01922384 0.69803922 0.69803922 0.69803922
v 0.09127515 0.29229787 -0.04013844 0.69803922 0.69803922 0.69803922
v 0.08221533 0.29518566 -0.04255879 0.69803922 0.69803922 0.69803922
v 0.04804736 0.26840693 -0.08397084 0.69803922 0.69803922 0.69803922
v 0.05860380 0.27342945 -0.07978269 0.69803922 0.69803922 0.69803922
v 0.06113977 0.26780888 -0.08357067 0.69803922 0.69803922 0.69803922
v 0.04798259 0.26187468 -0.08778752 0.69803922 0.69803922 0.69803922
v 0.03998419 0.10023678 -0.11466277 0.69803922 0.69803922 0.69803922
v 0.04277692 0.07886223 -0.10999130 0.69803922 0.69803922 0.69803922
v 0.01978044 0.07918992 -0.10849953 0.69803922 0.69803922 0.69803922
v 0.01846576 0.09936154 -0.11265139 0.69803922 0.69803922 0.69803922
v 0.18170306 0.11602286 -0.04910600 0.69803922 0.69803922 0.69803922
v 0.17976314 0.12147359 -0.05779064 0.69803922 0.69803922 0.69803922
v 0.18958874 0.13087094 -0.05582046 0.69803922 0.69803922 0.69803922
v 0.19175661 0.12556042 -0.04819875 0.69803922 0.69803922 0.69803922
v 0.17171681 0.11334541 -0.05919230 0.69803922 0.69803922 0.69803922
v 0.17427872 0.10901577 -0.04885674 0.69803922 0.69803922 0.69803922
v 0.16848330 0.10052427 -0.04887912 0.69803922 0.69803922 0.69803922
v 0.16504890 0.10509045 -0.06059873 0.69803922 0.69803922 0.69803922
v 0.14638753 0.07040799 -0.06625818 0.69803922 0.69803922 0.69803922
v 0.15352491 0.08510656 -0.06374844 0.69803922 0.69803922 0.69803922
v 0.15929484 0.07962663 -0.04896734 0.69803922 0.69803922 0.69803922
v 0.15477133 0.06363165 -0.05000016 0.69803922 0.69803922 0.69803922
v 0.01955294 0.00957958 -0.09155917 0.69803922 0.69803922 0.69803922
v 0.01952390 0.03289092 -0.09931044 0.69803922 0.69803922 0.69803922
v 0.04017424 0.03144264 -0.10039432 0.69803922 0.69803922 0.69803922
v 0.03943797 0.00758183 -0.09391346 0.69803922 0.69803922 0.69803922
v 0.21779315 0.17159832 0.00281957 0.69803922 0.69803922 0.69803922
v 0.23359223 0.17421225 -0.00149263 0.69803922 0.69803922 0.69803922
v 0.23059118 0.18213958 0.01296678 0.69803922 0.69803922 0.69803922
v 0.21665430 0.17903766 0.01682000 0.69803922 0.69803922 0.69803922
v 0.22920437 0.18770887 -0.07195144 0.69803922 0.69803922 0.69803922
v 0.22780745 0.19437729 -0.07355316 0.69803922 0.69803922 0.69803922
v 0.23881891 0.19908452 -0.07453515 0.69803922 0.69803922 0.69803922
v 0.23981029 0.19281165 -0.07367214 0.69803922 0.69803922 0.69803922
v 0.25603142 0.16693023 -0.01765084 0.69803922 0.69803922 0.69803922
v 0.27639765 0.16512895 -0.02046241 0.69803922 0.69803922 0.69803922
v 0.27268693 0.17279434 -0.00634613 0.69803922 0.69803922 0.69803922
v 0.25147718 0.17404845 -0.00425638 0.69803922 0.69803922 0.69803922
v 0.11622442 0.28449798 -0.04022725 0.69803922 0.69803922 0.69803922
v 0.10794177 0.28768325 -0.03951792 0.69803922 0.69803922 0.69803922
v 0.11619537 0.28320104 -0.01254950 0.69803922 0.69803922 0.69803922
v 0.24154431 0.15978274 -0.03760942 0.69803922 0.69803922 0.69803922
v 0.24048439 0.16094488 -0.04813540 0.69803922 0.69803922 0.69803922
v 0.25768909 0.16295233 -0.05305588 0.69803922 0.69803922 0.69803922
v 0.25852850 0.16057409 -0.04200170 0.69803922 0.69803922 0.69803922
v 0.33995026 0.23965319 0.00791471 0.69803922 0.69803922 0.69803922
v 0.31377897 0.24041004 0.00928894 0.69803922 0.69803922 0.69803922
v 0.30050892 0.16213815 -0.03645349 0.69803922 0.69803922 0.69803922
v 0.27875131 0.16095100 -0.03391276 0.69803922 0.69803922 0.69803922
v 0.27932590 0.16087547 -0.04651351 0.69803922 0.69803922 0.69803922
v 0.30186397 0.16389433 -0.04952654 0.69803922 0.69803922 0.69803922
v 0.13595268 0.01522573 -0.04939133 0.69803922 0.69803922 0.69803922
v 0.12245256 0.02154892 -0.06771339 0.69803922 0.69803922 0.69803922
v 0.12032132 -0.09052078 -0.04614862 0.69803922 0.69803922 0.69803922
v 0.11534351 -0.07213459 -0.04750225 0.69803922 0.69803922 0.69803922
v 0.13053419 -0.07490121 -0.03072657 0.69803922 0.69803922 0.69803922
v 0.13578165 -0.09241113 -0.02910927 0.69803922 0.69803922 0.69803922
v 0.15101165 -0.11234233 -0.00657463 0.69803922 0.69803922 0.69803922
v 0.12381903 -0.10940281 -0.04489132 0.69803922 0.69803922 0.69803922
v 0.13975549 -0.11029004 -0.02806359 0.69803922 0.69803922 0.69803922
v 0.06613948 0.30212992 -0.03747020 0.69803922 0.69803922 0.69803922
v 0.07387517 0.29881883 -0.04121774 0.69803922 0.69803922 0.69803922
v 0.06287229 0.29484546 -0.05795667 0.69803922 0.69803922 0.69803922
v 0.05661419 0.30086756 -0.05243381 0.69803922 0.69803922 0.69803922
v 0.17552763 -0.22406691 -0.00880991 0.69803922 0.69803922 0.69803922
v 0.18023102 -0.22979866 0.02027947 0.69803922 0.69803922 0.69803922
v 0.18174624 -0.25568506 0.01095444 0.69803922 0.69803922 0.69803922
v 0.17539413 -0.25157875 -0.01521449 0.69803922 0.69803922 0.69803922
v 0.03125961 0.28292534 -0.07535440 0.69803922 0.69803922 0.69803922
v 0.02831287 0.29300249 -0.06907384 0.69803922 0.69803922 0.69803922
v 0.04317847 0.29625720 -0.06217155 0.69803922 0.69803922 0.69803922
v 0.04826825 0.28837311 -0.06818968 0.69803922 0.69803922 0.69803922
v 0.17350271 -0.19881985 -0.00585171 0.69803922 0.69803922 0.69803922
v 0.17704053 -0.20364709 0.02358772 0.69803922 0.69803922 0.69803922
v 0.06992938 0.29727426 -0.01819772 0.69803922 0.69803922 0.69803922
v 0.07721478 0.29347989 -0.01956595 0.69803922 0.69803922 0.69803922
v 0.06842257 0.29030940 -0.00039664 0.69803922 0.69803922 0.69803922
v 0.07545778 0.28481752 -0.00085508 0.69803922 0.69803922 0.69803922
v 0.06152636 0.28489009 0.01569640 0.69803922 0.69803922 0.69803922
v 0.17782079 -0.23787366 0.04613672 0.69803922 0.69803922 0.69803922
v 0.18223564 -0.26517427 0.03930040 0.69803922 0.69803922 0.69803922
v 0.05090674 0.30678818 -0.04557662 0.69803922 0.69803922 0.69803922
v 0.03931029 0.30380401 -0.05542745 0.69803922 0.69803922 0.69803922
v 0.02604839 0.30157375 -0.06115169 0.69803922 0.69803922 0.69803922
v 0.01230525 0.30089653 -0.06437139 0.69803922 0.69803922 0.69803922
v -0.00243884 0.30123347 -0.06518638 0.69803922 0.69803922 0.69803922
v -0.00215488 0.31142840 -0.05739769 0.69803922 0.69803922 0.69803922
v 0.15921266 -0.13199967 0.02085366 0.69803922 0.69803922 0.69803922
v 0.15499021 -0.12904075 -0.00599912 0.69803922 0.69803922 0.69803922
v 0.12507419 -0.35603493 -0.08911862 0.69803922 0.69803922 0.69803922
v 0.12649199 -0.37239078 -0.07950515 0.69803922 0.69803922 0.69803922
v 0.09453979 -0.37053737 -0.08800478 0.69803922 0.69803922 0.69803922
v 0.09731984 -0.35863039 -0.09626123 0.69803922 0.69803922 0.69803922
v 0.02767108 -0.33898684 -0.09891576 0.69803922 0.69803922 0.69803922
v 0.06425898 -0.35237229 -0.10093103 0.69803922 0.69803922 0.69803922
v 0.05977023 -0.36404732 -0.09061444 0.69803922 0.69803922 0.69803922
v 0.02472249 -0.34910971 -0.08650707 0.69803922 0.69803922 0.69803922
v 0.03393521 -0.22882503 -0.11332866 0.69803922 0.69803922 0.69803922
v 0.03433088 -0.20746449 -0.10644580 0.69803922 0.69803922 0.69803922
v 0.06340321 -0.20714971 -0.10527735 0.69803922 0.69803922 0.69803922
v 0.06383530 -0.22844543 -0.11308818 0.69803922 0.69803922 0.69803922
v 0.14396538 -0.12766945 -0.02832273 0.69803922 0.69803922 0.69803922
v 0.12859482 -0.12714300 -0.04574976 0.69803922 0.69803922 0.69803922
v 0.15656099 -0.13700105 0.04853994 0.69803922 0.69803922 0.69803922
v 0.18023928 -0.39602944 0.05410943 0.69803922 0.69803922 0.69803922
v 0.17813313 -0.43342122 0.05204009 0.69803922 0.69803922 0.69803922
v 0.18168350 -0.42659795 0.01260885 0.69803922 0.69803922 0.69803922
v 0.18848249 -0.39337188 0.00995251 0.69803922 0.69803922 0.69803922
v 0.15015779 -0.42385083 -0.05056887 0.69803922 0.69803922 0.69803922
v 0.11928010 -0.42040804 -0.06620106 0.69803922 0.69803922 0.69803922
v 0.12382982 -0.39562082 -0.07361990 0.69803922 0.69803922 0.69803922
v 0.15508978 -0.39412308 -0.05708871 0.69803922 0.69803922 0.69803922
v 0.07727738 -0.14704189 0.14234938 0.69803922 0.69803922 0.69803922
v 0.07759833 -0.16861682 0.14416312 0.69803922 0.69803922 0.69803922
v 0.09782993 -0.16290832 0.13025603 0.69803922 0.69803922 0.69803922
v 0.01677136 -0.15693007 0.16392986 0.69803922 0.69803922 0.69803922
v 0.01532476 -0.17853419 0.16420585 0.69803922 0.69803922 0.69803922
v 0.03599817 -0.17612645 0.16174635 0.69803922 0.69803922 0.69803922
v 0.03836845 -0.15405090 0.16068834 0.69803922 0.69803922 0.69803922
v 0.02315553 -0.29179019 0.14290857 0.69803922 0.69803922 0.69803922
v 0.02764834 -0.26811650 0.14563029 0.69803922 0.69803922 0.69803922
v 0.01164933 -0.27002889 0.14967099 0.69803922 0.69803922 0.69803922
v 0.01028397 -0.29266188 0.14663693 0.69803922 0.69803922 0.69803922
v 0.16715999 -0.24376668 0.07143980 0.69803922 0.69803922 0.69803922
v 0.16491421 -0.22268516 0.07437218 0.69803922 0.69803922 0.69803922
v 0.14708126 -0.22889099 0.09548047 0.69803922 0.69803922 0.69803922
v 0.14857866 -0.25005272 0.09141019 0.69803922 0.69803922 0.69803922
v 0.05364432 -0.37175727 -0.07258420 0.69803922 0.69803922 0.69803922
v 0.02127946 -0.35616168 -0.06774825 0.69803922 0.69803922 0.69803922
v 0.16176707 -0.40066963 0.09259437 0.69803922 0.69803922 0.69803922
v 0.16136403 -0.43940380 0.09040070 0.69803922 0.69803922 0.69803922
v 0.13327920 -0.44420758 0.11869010 0.69803922 0.69803922 0.69803922
v 0.13450672 -0.40819228 0.12087145 0.69803922 0.69803922 0.69803922
v 0.10171376 -0.41039932 0.13169329 0.69803922 0.69803922 0.69803922
v 0.09939995 -0.44290167 0.12867396 0.69803922 0.69803922 0.69803922
v 0.00782772 -0.35995889 0.08525708 0.69803922 0.69803922 0.69803922
v 0.00768978 -0.36944455 0.08476952 0.69803922 0.69803922 0.69803922
v 0.02391752 -0.35584974 0.10875906 0.69803922 0.69803922 0.69803922
v 0.01970360 -0.34319595 0.11129610 0.69803922 0.69803922 0.69803922
v 0.03046220 -0.31279311 -0.11331279 0.69803922 0.69803922 0.69803922
v 0.06312809 -0.31840310 -0.11438132 0.69803922 0.69803922 0.69803922
v 0.06373078 -0.33543208 -0.10856249 0.69803922 0.69803922 0.69803922
v 0.02918388 -0.32859352 -0.10614348 0.69803922 0.69803922 0.69803922
v 0.10995729 -0.12819754 -0.05904268 0.69803922 0.69803922 0.69803922
v 0.10530584 -0.10910731 -0.05702285 0.69803922 0.69803922 0.69803922
v 0.08592720 -0.10927102 -0.06464745 0.69803922 0.69803922 0.69803922
v 0.08317687 -0.08800092 -0.06549976 0.69803922 0.69803922 0.69803922
v 0.10240909 -0.08915970 -0.05837281 0.69803922 0.69803922 0.69803922
v 0.08633339 0.04008201 -0.09365199 0.69803922 0.69803922 0.69803922
v 0.09562970 0.05855000 -0.09725168 0.69803922 0.69803922 0.69803922
v 0.11449794 0.04692014 -0.08453026 0.69803922 0.69803922 0.69803922
v 0.10604259 0.02998720 -0.08225679 0.69803922 0.69803922 0.69803922
v 0.05481220 0.19103131 -0.11414150 0.69803922 0.69803922 0.69803922
v 0.05569832 0.17501011 -0.11657411 0.69803922 0.69803922 0.69803922
v 0.08235058 -0.40577781 -0.06987691 0.69803922 0.69803922 0.69803922
v 0.08547544 -0.44191781 -0.06306939 0.69803922 0.69803922 0.69803922
v 0.04984810 -0.43194884 -0.05631746 0.69803922 0.69803922 0.69803922
v 0.03971558 -0.38904634 -0.06039209 0.69803922 0.69803922 0.69803922
v 0.14534169 -0.45365155 -0.04507980 0.69803922 0.69803922 0.69803922
v 0.17355129 -0.42474934 -0.02478763 0.69803922 0.69803922 0.69803922
v 0.16557425 -0.45482871 -0.02002968 0.69803922 0.69803922 0.69803922
v 0.17365816 -0.46857062 0.05152134 0.69803922 0.69803922 0.69803922
v 0.17610416 -0.46169138 0.01306393 0.69803922 0.69803922 0.69803922
v 0.12976487 -0.47810447 0.11547121 0.69803922 0.69803922 0.69803922
v 0.09610877 -0.47521049 0.12390447 0.69803922 0.69803922 0.69803922
v 0.01667194 -0.43410656 0.08643074 0.69803922 0.69803922 0.69803922
v 0.01587273 -0.45826116 0.07692959 0.69803922 0.69803922 0.69803922
v 0.03543612 -0.46442065 0.09890538 0.69803922 0.69803922 0.69803922
v 0.03760810 -0.43807295 0.10634445 0.69803922 0.69803922 0.69803922
v 0.06106568 -0.28934541 0.12562044 0.69803922 0.69803922 0.69803922
v 0.07028298 -0.31245491 0.12552416 0.69803922 0.69803922 0.69803922
v 0.09945969 -0.29362839 0.11919073 0.69803922 0.69803922 0.69803922
v 0.09695008 -0.27171823 0.11737146 0.69803922 0.69803922 0.69803922
v 0.03972741 -0.13130257 0.15811057 0.69803922 0.69803922 0.69803922
v 0.02213501 -0.13458182 0.16115719 0.69803922 0.69803922 0.69803922
v 0.07671773 -0.12542728 0.13860530 0.69803922 0.69803922 0.69803922
v 0.05759930 -0.12813416 0.15075839 0.69803922 0.69803922 0.69803922
v 0.05741103 -0.15087518 0.15374102 0.69803922 0.69803922 0.69803922
v 0.04567626 -0.03865225 0.14838387 0.69803922 0.69803922 0.69803922
v 0.04281937 -0.06083015 0.15166907 0.69803922 0.69803922 0.69803922
v 0.06389522 -0.06086034 0.14220563 0.69803922 0.69803922 0.69803922
v 0.06734735 -0.03935830 0.13872133 0.69803922 0.69803922 0.69803922
v 0.07103951 -0.01716850 0.13570789 0.69803922 0.69803922 0.69803922
v 0.04886704 -0.01613624 0.14476866 0.69803922 0.69803922 0.69803922
v 0.05006630 0.02631955 0.13151385 0.69803922 0.69803922 0.69803922
v 0.07211345 0.02230120 0.12567723 0.69803922 0.69803922 0.69803922
v 0.07292499 0.03942388 0.12870967 0.69803922 0.69803922 0.69803922
v 0.03503490 0.18211411 0.09435069 0.69803922 0.69803922 0.69803922
v 0.03442890 0.16685654 0.10393658 0.69803922 0.69803922 0.69803922
v 0.17311628 -0.26976901 0.06386106 0.69803922 0.69803922 0.69803922
v 0.01151811 -0.39776808 -0.03092620 0.69803922 0.69803922 0.69803922
v 0.02033762 -0.43139353 -0.03592191 0.69803922 0.69803922 0.69803922
v 0.00571456 -0.43734044 -0.00676846 0.69803922 0.69803922 0.69803922
v 0.00263243 -0.41016197 0.00098934 0.69803922 0.69803922 0.69803922
v 0.17355229 -0.21241045 0.05083382 0.69803922 0.69803922 0.69803922
v 0.14642711 -0.12616353 0.07172598 0.69803922 0.69803922 0.69803922
v 0.14781639 -0.14357249 0.07372307 0.69803922 0.69803922 0.69803922
v 0.15011445 0.03152937 0.05486460 0.69803922 0.69803922 0.69803922
v 0.14764078 0.00926774 0.05015006 0.69803922 0.69803922 0.69803922
v 0.08652017 0.08671827 0.14219216 0.69803922 0.69803922 0.69803922
v 0.08503313 0.09899598 0.14066394 0.69803922 0.69803922 0.69803922
v 0.17940104 -0.39125344 -0.02843633 0.69803922 0.69803922 0.69803922
v 0.12536769 -0.50947356 0.11073497 0.69803922 0.69803922 0.69803922
v 0.09179867 -0.50694019 0.11741576 0.69803922 0.69803922 0.69803922
v 0.08678366 -0.53663415 0.10941137 0.69803922 0.69803922 0.69803922
v 0.11958508 -0.53898501 0.10436665 0.69803922 0.69803922 0.69803922
v 0.00714942 -0.47994941 0.04112424 0.69803922 0.69803922 0.69803922
v 0.01140579 -0.50971729 0.03121164 0.69803922 0.69803922 0.69803922
v 0.01834539 -0.51410317 0.05656244 0.69803922 0.69803922 0.69803922
v 0.01594811 -0.48556361 0.06673921 0.69803922 0.69803922 0.69803922
v 0.01545591 -0.53927499 0.02397110 0.69803922 0.69803922 0.69803922
v 0.01760530 -0.56831485 0.01641577 0.69803922 0.69803922 0.69803922
v 0.02016502 -0.57445937 0.04025899 0.69803922 0.69803922 0.69803922
v 0.02050699 -0.54504991 0.04882123 0.69803922 0.69803922 0.69803922
v 0.15765010 -0.47670588 0.08898336 0.69803922 0.69803922 0.69803922
v 0.16143106 -0.53285599 0.05151465 0.69803922 0.69803922 0.69803922
v 0.16759746 -0.50265372 0.05256576 0.69803922 0.69803922 0.69803922
v 0.15209019 -0.50839233 0.08663378 0.69803922 0.69803922 0.69803922
v 0.14669672 -0.53846335 0.08283275 0.69803922 0.69803922 0.69803922
v 0.11740635 -0.44942895 -0.05783157 0.69803922 0.69803922 0.69803922
v 0.00400374 -0.42929858 0.06222114 0.69803922 0.69803922 0.69803922
v 0.00484275 -0.45226055 0.05192160 0.69803922 0.69803922 0.69803922
v 0.02082998 -0.50333208 -0.01734187 0.69803922 0.69803922 0.69803922
v 0.01289089 -0.47065088 -0.01267608 0.69803922 0.69803922 0.69803922
v 0.02966050 -0.46847251 -0.03797813 0.69803922 0.69803922 0.69803922
v 0.03725914 -0.50179875 -0.03988852 0.69803922 0.69803922 0.69803922
v 0.14082730 -0.51091546 -0.03680555 0.69803922 0.69803922 0.69803922
v 0.14251295 -0.48200333 -0.03946318 0.69803922 0.69803922 0.69803922
v 0.16171955 -0.48712534 -0.01561317 0.69803922 0.69803922 0.69803922
v 0.15768848 -0.51670593 -0.01327729 0.69803922 0.69803922 0.69803922
v 0.17031246 -0.49520025 0.01604654 0.69803922 0.69803922 0.69803922
v 0.16410713 -0.52453840 0.01765270 0.69803922 0.69803922 0.69803922
v 0.14972781 -0.58984596 0.04852027 0.69803922 0.69803922 0.69803922
v 0.15555337 -0.56179994 0.04994988 0.69803922 0.69803922 0.69803922
v 0.14002217 -0.56702697 0.07928738 0.69803922 0.69803922 0.69803922
v 0.13292429 -0.59468448 0.07577293 0.69803922 0.69803922 0.69803922
v 0.15419789 -0.58130342 0.01658078 0.69803922 0.69803922 0.69803922
v 0.15899338 -0.55323726 0.01713980 0.69803922 0.69803922 0.69803922
v 0.15111476 -0.57376438 -0.01214869 0.69803922 0.69803922 0.69803922
v 0.15465420 -0.54578805 -0.01310244 0.69803922 0.69803922 0.69803922
v 0.13731451 -0.56802130 -0.03420934 0.69803922 0.69803922 0.69803922
v 0.13975534 -0.54026031 -0.03637109 0.69803922 0.69803922 0.69803922
v 0.11828034 -0.56368375 -0.04917061 0.69803922 0.69803922 0.69803922
v 0.11804649 -0.53639281 -0.05158772 0.69803922 0.69803922 0.69803922
v 0.09234271 -0.53179061 -0.05679982 0.69803922 0.69803922 0.69803922
v 0.09550036 -0.56100261 -0.05545740 0.69803922 0.69803922 0.69803922
v 0.07171072 -0.55972493 -0.05274918 0.69803922 0.69803922 0.69803922
v 0.06704309 -0.53168947 -0.05417722 0.69803922 0.69803922 0.69803922
v 0.03280764 -0.56275481 -0.02737804 0.69803922 0.69803922 0.69803922
v 0.02712637 -0.53415710 -0.02243159 0.69803922 0.69803922 0.69803922
v 0.04364749 -0.53254223 -0.04252937 0.69803922 0.69803922 0.69803922
v 0.04952592 -0.56070489 -0.04401489 0.69803922 0.69803922 0.69803922
v 0.05219727 -0.67557526 -0.04564217 0.69803922 0.69803922 0.69803922
v 0.04595852 -0.64398068 -0.04403699 0.69803922 0.69803922 0.69803922
v 0.06523154 -0.64245301 -0.05030918 0.69803922 0.69803922 0.69803922
v 0.07015187 -0.67377502 -0.04998902 0.69803922 0.69803922 0.69803922
v 0.08697932 -0.67105901 -0.05468895 0.69803922 0.69803922 0.69803922
v 0.08376507 -0.64192379 -0.05321712 0.69803922 0.69803922 0.69803922
v 0.10128012 -0.64329338 -0.05479063 0.69803922 0.69803922 0.69803922
v 0.10560582 -0.67104328 -0.05508228 0.69803922 0.69803922 0.69803922
v 0.13295580 -0.64900553 -0.03218776 0.69803922 0.69803922 0.69803922
v 0.13547297 -0.67671078 -0.03254190 0.69803922 0.69803922 0.69803922
v 0.12205895 -0.67318779 -0.04811539 0.69803922 0.69803922 0.69803922
v 0.11872053 -0.64475775 -0.04754300 0.69803922 0.69803922 0.69803922
v 0.14781336 -0.65342230 -0.01226261 0.69803922 0.69803922 0.69803922
v 0.14750426 -0.68116456 -0.01281953 0.69803922 0.69803922 0.69803922
v 0.14842010 -0.66088760 0.01342530 0.69803922 0.69803922 0.69803922
v 0.14494991 -0.68688685 0.01289174 0.69803922 0.69803922 0.69803922
v 0.13401558 -0.66672325 0.04136952 0.69803922 0.69803922 0.69803922
v 0.13237913 -0.69199872 0.03954025 0.69803922 0.69803922 0.69803922
v 0.02156751 -0.65751743 0.00865442 0.69803922 0.69803922 0.69803922
v 0.02080423 -0.65310448 -0.01236765 0.69803922 0.69803922 0.69803922
v 0.02689874 -0.68260139 -0.01843859 0.69803922 0.69803922 0.69803922
v 0.02612643 -0.68808353 0.00245503 0.69803922 0.69803922 0.69803922
v 0.04963512 -0.66739696 0.05030705 0.69803922 0.69803922 0.69803922
v 0.05172991 -0.69508237 0.04006435 0.69803922 0.69803922 0.69803922
v 0.06736077 -0.69487149 0.06243815 0.69803922 0.69803922 0.69803922
v 0.06752408 -0.67001981 0.07336642 0.69803922 0.69803922 0.69803922
v 0.14396062 -0.61582452 0.04657170 0.69803922 0.69803922 0.69803922
v 0.15050891 -0.60783988 0.01605574 0.69803922 0.69803922 0.69803922
v 0.14789364 -0.59975386 -0.01076235 0.69803922 0.69803922 0.69803922
v 0.13426714 -0.59331822 -0.03066881 0.69803922 0.69803922 0.69803922
v 0.03721175 -0.58766991 -0.03184057 0.69803922 0.69803922 0.69803922
v 0.05479044 -0.58543205 -0.04496485 0.69803922 0.69803922 0.69803922
v 0.01980164 -0.60195547 0.03021586 0.69803922 0.69803922 0.69803922
v 0.01826151 -0.59597039 0.00795405 0.69803922 0.69803922 0.69803922
v 0.09751534 -0.64786810 0.08652167 0.69803922 0.69803922 0.69803922
v 0.12253954 -0.64710319 0.07115304 0.69803922 0.69803922 0.69803922
v 0.12668461 -0.62123239 0.07281031 0.69803922 0.69803922 0.69803922
v 0.10092672 -0.62219137 0.08872385 0.69803922 0.69803922 0.69803922
v 0.14986707 -0.63411129 0.01500724 0.69803922 0.69803922 0.69803922
v 0.14721462 -0.62648684 -0.01137977 0.69803922 0.69803922 0.69803922
v 0.13327587 -0.62032628 -0.03004348 0.69803922 0.69803922 0.69803922
v 0.09963724 -0.61398894 -0.05174986 0.69803922 0.69803922 0.69803922
v 0.11818859 -0.61588168 -0.04509582 0.69803922 0.69803922 0.69803922
v 0.08018458 -0.61322212 -0.05128402 0.69803922 0.69803922 0.69803922
v 0.04156660 -0.61549455 -0.03853700 0.69803922 0.69803922 0.69803922
v 0.05971070 -0.61177033 -0.04739692 0.69803922 0.69803922 0.69803922
v 0.02117615 -0.63010931 0.01898543 0.69803922 0.69803922 0.69803922
v 0.01920138 -0.62349194 -0.00180248 0.69803922 0.69803922 0.69803922
v 0.09309821 -0.69513863 0.07140353 0.69803922 0.69803922 0.69803922
v 0.11877650 -0.69469833 0.06215499 0.69803922 0.69803922 0.69803922
v 0.12007264 -0.67106259 0.06714334 0.69803922 0.69803922 0.69803922
v 0.09447288 -0.67240590 0.08140137 0.69803922 0.69803922 0.69803922
v 0.09290572 -0.71718401 0.05986097 0.69803922 0.69803922 0.69803922
v 0.07085582 -0.71735394 0.05124739 0.69803922 0.69803922 0.69803922
v 0.10922270 -0.69876260 -0.05525940 0.69803922 0.69803922 0.69803922
v 0.09197599 -0.69998682 -0.05580589 0.69803922 0.69803922 0.69803922
v 0.12544927 -0.69949371 -0.04777915 0.69803922 0.69803922 0.69803922
v 0.14272967 -0.71375453 0.01418564 0.69803922 0.69803922 0.69803922
v 0.14822987 -0.70668805 -0.01280271 0.69803922 0.69803922 0.69803922
v 0.12976187 -0.71822405 0.03929456 0.69803922 0.69803922 0.69803922
v 0.11405629 -0.71700454 0.05548124 0.69803922 0.69803922 0.69803922
v 0.04152339 -0.73935187 -0.02194878 0.69803922 0.69803922 0.69803922
v 0.04037764 -0.74210304 -0.00364405 0.69803922 0.69803922 0.69803922
v 0.03356404 -0.71435010 -0.00077796 0.69803922 0.69803922 0.69803922
v 0.03573471 -0.71117681 -0.01916602 0.69803922 0.69803922 0.69803922
v 0.06198402 -0.73360330 -0.05012645 0.69803922 0.69803922 0.69803922
v 0.05928785 -0.70537835 -0.04272632 0.69803922 0.69803922 0.69803922
v 0.07522805 -0.70283604 -0.04986643 0.69803922 0.69803922 0.69803922
v 0.07738396 -0.72988498 -0.06079588 0.69803922 0.69803922 0.69803922
v 0.11479237 -0.72719961 -0.06258304 0.69803922 0.69803922 0.69803922
v 0.09580382 -0.72812241 -0.06532572 0.69803922 0.69803922 0.69803922
v 0.13254818 -0.72747952 -0.05454532 0.69803922 0.69803922 0.69803922
v 0.14994362 -0.73479629 -0.01352083 0.69803922 0.69803922 0.69803922
v 0.14735991 -0.72903860 -0.03829259 0.69803922 0.69803922 0.69803922
v 0.14056250 -0.70253003 -0.03437581 0.69803922 0.69803922 0.69803922
v 0.14369528 -0.74120480 0.01648332 0.69803922 0.69803922 0.69803922
v 0.12272776 -0.77674806 0.03445566 0.69803922 0.69803922 0.69803922
v 0.14612624 -0.77069139 0.01622363 0.69803922 0.69803922 0.69803922
v 0.12154494 -0.74652427 0.03851455 0.69803922 0.69803922 0.69803922
v 0.09910048 -0.87607765 0.02045824 0.69803922 0.69803922 0.69803922
v 0.09917692 -0.91107351 0.01396534 0.69803922 0.69803922 0.69803922
v 0.12140859 -0.90853369 0.01434006 0.69803922 0.69803922 0.69803922
v 0.12458830 -0.87374544 0.02102293 0.69803922 0.69803922 0.69803922
v 0.04245376 -0.76926488 -0.02847469 0.69803922 0.69803922 0.69803922
v 0.04276358 -0.77087790 -0.00777257 0.69803922 0.69803922 0.69803922
v 0.07921956 -0.75985533 -0.07133296 0.69803922 0.69803922 0.69803922
v 0.06144038 -0.76352358 -0.06043139 0.69803922 0.69803922 0.69803922
v 0.15767860 -0.79557198 -0.01891793 0.69803922 0.69803922 0.69803922
v 0.15564628 -0.79083008 -0.04666586 0.69803922 0.69803922 0.69803922
v 0.15235122 -0.75911599 -0.04164928 0.69803922 0.69803922 0.69803922
v 0.15450530 -0.76448184 -0.01465211 0.69803922 0.69803922 0.69803922
v 0.04282450 -0.86883998 -0.02245604 0.69803922 0.69803922 0.69803922
v 0.03988845 -0.83536476 -0.01772688 0.69803922 0.69803922 0.69803922
v 0.04059009 -0.83364391 -0.04005978 0.69803922 0.69803922 0.69803922
v 0.04318251 -0.86749303 -0.04299337 0.69803922 0.69803922 0.69803922
v 0.07788960 -0.79235512 -0.07956374 0.69803922 0.69803922 0.69803922
v 0.07819602 -0.82614881 -0.08422549 0.69803922 0.69803922 0.69803922
v 0.06022100 -0.82905501 -0.07334929 0.69803922 0.69803922 0.69803922
v 0.05965616 -0.79544187 -0.06817453 0.69803922 0.69803922 0.69803922
v 0.15370411 -0.86489767 -0.02502395 0.69803922 0.69803922 0.69803922
v 0.15247098 -0.86169922 -0.05055182 0.69803922 0.69803922 0.69803922
v 0.15617996 -0.82496303 -0.04991188 0.69803922 0.69803922 0.69803922
v 0.15728843 -0.82909340 -0.02255370 0.69803922 0.69803922 0.69803922
v 0.12542985 -0.80708832 0.03122731 0.69803922 0.69803922 0.69803922
v 0.12690502 -0.83979756 0.02630863 0.69803922 0.69803922 0.69803922
v 0.14875948 -0.83435220 0.00696887 0.69803922 0.69803922 0.69803922
v 0.14925918 -0.80182630 0.01167549 0.69803922 0.69803922 0.69803922
v 0.09802764 -0.80938560 0.03163968 0.69803922 0.69803922 0.69803922
v 0.09942769 -0.84183198 0.02653181 0.69803922 0.69803922 0.69803922
v 0.05736181 -0.94016838 -0.04438180 0.69803922 0.69803922 0.69803922
v 0.05689424 -0.94376373 -0.02819197 0.69803922 0.69803922 0.69803922
v 0.04977208 -0.90578896 -0.02534651 0.69803922 0.69803922 0.69803922
v 0.05022351 -0.90287936 -0.04370087 0.69803922 0.69803922 0.69803922
v 0.08058376 -0.86154467 -0.08404289 0.69803922 0.69803922 0.69803922
v 0.08352285 -0.89834929 -0.07975144 0.69803922 0.69803922 0.69803922
v 0.06726662 -0.90001452 -0.07145631 0.69803922 0.69803922 0.69803922
v 0.06241740 -0.86394447 -0.07462265 0.69803922 0.69803922 0.69803922
v 0.14237677 -0.94141138 -0.02927670 0.69803922 0.69803922 0.69803922
v 0.13964003 -0.93906695 -0.05017011 0.69803922 0.69803922 0.69803922
v 0.14635795 -0.90031350 -0.05016343 0.69803922 0.69803922 0.69803922
v 0.14835362 -0.90232468 -0.02765526 0.69803922 0.69803922 0.69803922
v 0.11868356 -0.94639140 0.00707596 0.69803922 0.69803922 0.69803922
v 0.13663183 -0.94400668 -0.00659995 0.69803922 0.69803922 0.69803922
v 0.14146732 -0.90521771 -0.00130559 0.69803922 0.69803922 0.69803922
v 0.09855163 -0.94848579 0.00750263 0.69803922 0.69803922 0.69803922
v 0.09763821 -0.98554665 0.00342345 0.69803922 0.69803922 0.69803922
v 0.11475824 -0.98381460 0.00339026 0.69803922 0.69803922 0.69803922
v 0.06233327 -0.97675073 -0.04464566 0.69803922 0.69803922 0.69803922
v 0.06367350 -0.97942257 -0.02994197 0.69803922 0.69803922 0.69803922
v 0.07269685 -0.97356355 -0.06599905 0.69803922 0.69803922 0.69803922
v 0.07159978 -0.93698400 -0.06798609 0.69803922 0.69803922 0.69803922
v 0.08517086 -0.93527400 -0.07571176 0.69803922 0.69803922 0.69803922
v 0.08519286 -0.97134548 -0.07360525 0.69803922 0.69803922 0.69803922
v 0.11878034 -0.93731791 -0.07479520 0.69803922 0.69803922 0.69803922
v 0.11597268 -0.97365892 -0.07115599 0.69803922 0.69803922 0.69803922
v 0.10059523 -0.97118086 -0.07555127 0.69803922 0.69803922 0.69803922
v 0.10233463 -0.93549550 -0.07817623 0.69803922 0.69803922 0.69803922
v 0.13247207 -0.97480178 -0.04917480 0.69803922 0.69803922 0.69803922
v 0.12556846 -0.97374982 -0.06245050 0.69803922 0.69803922 0.69803922
v 0.13172978 -0.93787253 -0.06547357 0.69803922 0.69803922 0.69803922
v 0.13628417 -0.97657633 -0.03012202 0.69803922 0.69803922 0.69803922
v 0.13075678 -0.98031849 -0.00865099 0.69803922 0.69803922 0.69803922
v 0.00072271 -0.37267303 -0.00773949 0.69803922 0.69803922 0.69803922
v 0.00649888 -0.37791908 -0.02016812 0.69803922 0.69803922 0.69803922
v 0.00025566 -0.39364997 0.01172941 0.69803922 0.69803922 0.69803922
v -0.00245141 -0.38569698 0.02422473 0.69803922 0.69803922 0.69803922
v 0.03405140 -0.52332377 0.08127902 0.69803922 0.69803922 0.69803922
v 0.03452939 -0.49306637 0.09080111 0.69803922 0.69803922 0.69803922
v 0.03163302 -0.58148134 0.06350221 0.69803922 0.69803922 0.69803922
v 0.03342465 -0.55322111 0.07354657 0.69803922 0.69803922 0.69803922
v 0.03147464 -0.60900414 0.05289821 0.69803922 0.69803922 0.69803922
v 0.03308108 -0.66459960 0.02925323 0.69803922 0.69803922 0.69803922
v 0.03222710 -0.63636541 0.04116000 0.69803922 0.69803922 0.69803922
v 0.03594867 -0.69284976 0.02102853 0.69803922 0.69803922 0.69803922
v 0.04244731 -0.71869147 0.01714466 0.69803922 0.69803922 0.69803922
v 0.04869652 -0.74553704 0.01536305 0.69803922 0.69803922 0.69803922
v 0.05293736 -0.80349302 0.00826275 0.69803922 0.69803922 0.69803922
v 0.05278535 -0.77309823 0.01181431 0.69803922 0.69803922 0.69803922
v 0.04126438 -0.80242604 -0.01270762 0.69803922 0.69803922 0.69803922
v 0.05446498 -0.87158269 -0.00102742 0.69803922 0.69803922 0.69803922
v 0.05270381 -0.83648086 0.00408669 0.69803922 0.69803922 0.69803922
v 0.06568031 -0.94717115 -0.01202745 0.69803922 0.69803922 0.69803922
v 0.05948057 -0.90920383 -0.00639938 0.69803922 0.69803922 0.69803922
v 0.07172732 -0.98249650 -0.01529351 0.69803922 0.69803922 0.69803922
v 0.07133126 -0.38432714 0.13002744 0.69803922 0.69803922 0.69803922
v 0.07325498 -0.35978454 0.13057181 0.69803922 0.69803922 0.69803922
v 0.04547737 -0.37213162 0.12288672 0.69803922 0.69803922 0.69803922
v 0.04296578 -0.39108396 0.11884389 0.69803922 0.69803922 0.69803922
v -0.00034094 -0.36601949 0.04987947 0.69803922 0.69803922 0.69803922
v -0.00247150 -0.37074965 0.04807492 0.69803922 0.69803922 0.69803922
v 0.00100171 -0.37242365 0.06554235 0.69803922 0.69803922 0.69803922
v 0.00252417 -0.36637482 0.06594200 0.69803922 0.69803922 0.69803922
v 0.13936917 -0.64166039 0.04470070 0.69803922 0.69803922 0.69803922
v 0.11769646 -0.58815414 -0.04529672 0.69803922 0.69803922 0.69803922
v 0.07582519 -0.58484364 -0.05041162 0.69803922 0.69803922 0.69803922
v 0.09752486 -0.58747530 -0.05239910 0.69803922 0.69803922 0.69803922
v 0.04690967 -0.64260167 0.06441451 0.69803922 0.69803922 0.69803922
v 0.06930638 -0.64575422 0.08180389 0.69803922 0.69803922 0.69803922
v 0.07182000 -0.62004304 0.08865308 0.69803922 0.69803922 0.69803922
v 0.04857674 -0.61587715 0.07436359 0.69803922 0.69803922 0.69803922
v 0.09594826 -0.78126806 0.03584309 0.69803922 0.69803922 0.69803922
v 0.07173268 -0.77750856 0.02699171 0.69803922 0.69803922 0.69803922
v 0.07380944 -0.80712372 0.02215781 0.69803922 0.69803922 0.69803922
v 0.09505827 -0.75607312 0.04198927 0.69803922 0.69803922 0.69803922
v 0.13945320 -0.75611329 -0.06146346 0.69803922 0.69803922 0.69803922
v 0.12090717 -0.75594288 -0.07181805 0.69803922 0.69803922 0.69803922
v 0.10052489 -0.78881323 -0.08373400 0.69803922 0.69803922 0.69803922
v 0.09978329 -0.75734794 -0.07497676 0.69803922 0.69803922 0.69803922
v 0.12370969 -0.78734696 -0.08038003 0.69803922 0.69803922 0.69803922
v 0.05396289 -0.56136489 0.09275720 0.69803922 0.69803922 0.69803922
v 0.05062056 -0.58851904 0.08391504 0.69803922 0.69803922 0.69803922
v 0.07650489 -0.59302747 0.09512651 0.69803922 0.69803922 0.69803922
v 0.08138786 -0.56544846 0.10216868 0.69803922 0.69803922 0.69803922
v 0.11241436 -0.05326959 -0.05151584 0.69803922 0.69803922 0.69803922
v 0.12710428 -0.05669416 -0.03483878 0.69803922 0.69803922 0.69803922
v 0.14254931 0.06052911 0.09276112 0.69803922 0.69803922 0.69803922
v 0.13265763 0.05286862 0.10198579 0.69803922 0.69803922 0.69803922
v 0.13447621 0.03979974 0.09004465 0.69803922 0.69803922 0.69803922
v 0.14626177 0.04756738 0.07699665 0.69803922 0.69803922 0.69803922
v 0.15392335 0.05891266 0.06711198 0.69803922 0.69803922 0.69803922
v 0.14995363 0.07095473 0.08400512 0.69803922 0.69803922 0.69803922
v 0.15844348 0.07214745 0.05854128 0.69803922 0.69803922 0.69803922
v 0.15493467 0.08369230 0.07520968 0.69803922 0.69803922 0.69803922
v 0.17391591 0.13475701 0.02768310 0.69803922 0.69803922 0.69803922
v 0.18165098 0.14509231 0.02207736 0.69803922 0.69803922 0.69803922
v 0.02692649 0.02540760 0.13636447 0.69803922 0.69803922 0.69803922
v 0.02660338 0.00549793 0.14309314 0.69803922 0.69803922 0.69803922
v 0.05067676 0.00572279 0.13960989 0.69803922 0.69803922 0.69803922
v 0.05664143 -0.17297059 0.15499568 0.69803922 0.69803922 0.69803922
v 0.06888576 -0.26016852 0.13164453 0.69803922 0.69803922 0.69803922
v 0.04626918 -0.26515403 0.13921526 0.69803922 0.69803922 0.69803922
v 0.03934562 -0.29247350 0.13696432 0.69803922 0.69803922 0.69803922
v 0.00619765 -0.34869635 0.11073643 0.69803922 0.69803922 0.69803922
v -0.00016008 -0.35711983 0.09318588 0.69803922 0.69803922 0.69803922
v -0.00065345 -0.36512014 0.06847379 0.69803922 0.69803922 0.69803922
v -0.00094967 -0.36533979 0.05024850 0.69803922 0.69803922 0.69803922
v 0.05943571 0.00368285 -0.09123189 0.69803922 0.69803922 0.69803922
v 0.06098215 0.02717525 -0.09700603 0.69803922 0.69803922 0.69803922
v 0.01648819 0.19570033 -0.10339325 0.69803922 0.69803922 0.69803922
v 0.03487504 0.19961418 -0.10723044 0.69803922 0.69803922 0.69803922
v 0.03277846 0.22609524 -0.10005701 0.69803922 0.69803922 0.69803922
v 0.01575173 0.22177665 -0.09774262 0.69803922 0.69803922 0.69803922
v 0.01478920 0.23355865 -0.09463820 0.69803922 0.69803922 0.69803922
v 0.03109235 0.23776855 -0.09626224 0.69803922 0.69803922 0.69803922
v 0.01340753 0.29065976 -0.07271874 0.69803922 0.69803922 0.69803922
v 0.01491965 0.27957731 -0.07902469 0.69803922 0.69803922 0.69803922
v -0.00348066 -0.36633742 0.02948433 0.69803922 0.69803922 0.69803922
v -0.00350900 -0.36795241 0.01979770 0.69803922 0.69803922 0.69803922
v -0.00340254 -0.37524447 0.04412505 0.69803922 0.69803922 0.69803922
v 0.01799481 -0.41303161 0.09474774 0.69803922 0.69803922 0.69803922
v 0.01990900 -0.39638352 0.10127826 0.69803922 0.69803922 0.69803922
v 0.00500759 -0.39773768 0.07902098 0.69803922 0.69803922 0.69803922
v 0.00410395 -0.41129109 0.07185763 0.69803922 0.69803922 0.69803922
v 0.19131099 -0.35770488 0.01207942 0.69803922 0.69803922 0.69803922
v 0.18277971 -0.36326194 0.05373728 0.69803922 0.69803922 0.69803922
v 0.08950853 -0.38810667 -0.07880317 0.69803922 0.69803922 0.69803922
v 0.35019776 0.17239474 -0.05160982 0.69803922 0.69803922 0.69803922
v 0.32551759 0.16777183 -0.05117789 0.69803922 0.69803922 0.69803922
v 0.32718897 0.17594936 -0.06269397 0.69803922 0.69803922 0.69803922
v 0.35168445 0.18092854 -0.06200088 0.69803922 0.69803922 0.69803922
v 0.06438339 0.10166633 -0.11474025 0.69803922 0.69803922 0.69803922
v 0.07220753 0.07600068 -0.10734423 0.69803922 0.69803922 0.69803922
v 0.08168638 0.27917016 0.00129292 0.69803922 0.69803922 0.69803922
v 0.13716418 0.28360790 -0.00657925 0.69803922 0.69803922 0.69803922
v 0.12591021 0.28335878 -0.01036571 0.69803922 0.69803922 0.69803922
v 0.12845458 0.27232563 0.01428152 0.69803922 0.69803922 0.69803922
v 0.13851568 0.27350169 0.01758608 0.69803922 0.69803922 0.69803922
v 0.14244401 0.23920065 -0.08217913 0.69803922 0.69803922 0.69803922
v 0.13007955 0.23649247 -0.08948109 0.69803922 0.69803922 0.69803922
v 0.12897043 0.25325018 -0.07782372 0.69803922 0.69803922 0.69803922
v 0.14033367 0.25466308 -0.07104982 0.69803922 0.69803922 0.69803922
v 0.06299861 -0.25165814 -0.11889284 0.69803922 0.69803922 0.69803922
v 0.03274244 -0.25120607 -0.11825198 0.69803922 0.69803922 0.69803922
v 0.03967286 -0.06241676 -0.07443153 0.69803922 0.69803922 0.69803922
v 0.03851283 -0.03969173 -0.08098360 0.69803922 0.69803922 0.69803922
v 0.05855841 -0.04327907 -0.07899654 0.69803922 0.69803922 0.69803922
v 0.06022064 -0.06534572 -0.07279725 0.69803922 0.69803922 0.69803922
v 0.09571261 0.08910361 -0.10708607 0.69803922 0.69803922 0.69803922
v 0.11046504 0.07405899 -0.09659242 0.69803922 0.69803922 0.69803922
v 0.03659927 0.09926987 0.13751464 0.69803922 0.69803922 0.69803922
v 0.05299960 0.10552976 0.13885671 0.69803922 0.69803922 0.69803922
v 0.05197329 0.12308209 0.13076313 0.69803922 0.69803922 0.69803922
v 0.03478929 0.11855296 0.13049690 0.69803922 0.69803922 0.69803922
v 0.29365095 0.19823813 -0.07509601 0.69803922 0.69803922 0.69803922
v 0.30142012 0.18306571 -0.07081912 0.69803922 0.69803922 0.69803922
v 0.27780017 0.17672685 -0.06785459 0.69803922 0.69803922 0.69803922
v 0.27164215 0.18572301 -0.07245813 0.69803922 0.69803922 0.69803922
v 0.15742928 -0.36748236 -0.06472454 0.69803922 0.69803922 0.69803922
v 0.18292329 -0.35094652 -0.03346858 0.69803922 0.69803922 0.69803922
v 0.14090809 -0.02379196 -0.02369815 0.69803922 0.69803922 0.69803922
v 0.13886814 -0.04246264 -0.01904020 0.69803922 0.69803922 0.69803922
v 0.12611559 -0.03830060 -0.04001589 0.69803922 0.69803922 0.69803922
v 0.12847610 -0.01965915 -0.04552059 0.69803922 0.69803922 0.69803922
v 0.15064815 0.02728849 -0.02824273 0.69803922 0.69803922 0.69803922
v 0.14625259 0.01171564 -0.02766663 0.69803922 0.69803922 0.69803922
v 0.15617844 0.04235539 -0.02984545 0.69803922 0.69803922 0.69803922
v 0.21194324 0.14918688 -0.04155886 0.69803922 0.69803922 0.69803922
v 0.20271862 0.13753754 -0.03910945 0.69803922 0.69803922 0.69803922
v 0.20107915 0.14057142 -0.04794098 0.69803922 0.69803922 0.69803922
v 0.04033729 -0.41307250 0.11339553 0.69803922 0.69803922 0.69803922
v 0.04545802 -0.33495164 0.12347920 0.69803922 0.69803922 0.69803922
v 0.03895347 -0.32088050 0.12480667 0.69803922 0.69803922 0.69803922
v -0.00191892 -0.36171091 0.03362431 0.69803922 0.69803922 0.69803922
v -0.00089680 -0.36167663 0.03478584 0.69803922 0.69803922 0.69803922
v 0.05732013 0.29447010 0.01801652 0.69803922 0.69803922 0.69803922
v 0.06228914 0.29807904 0.00199766 0.69803922 0.69803922 0.69803922
v 0.25860885 0.16205771 -0.03017563 0.69803922 0.69803922 0.69803922
v 0.24060628 0.16197126 -0.02606028 0.69803922 0.69803922 0.69803922
v 0.18329984 0.11501757 -0.02354273 0.69803922 0.69803922 0.69803922
v 0.19290300 0.12478827 -0.02561230 0.69803922 0.69803922 0.69803922
v 0.18990350 0.12874171 -0.01102506 0.69803922 0.69803922 0.69803922
v 0.18092866 0.11868897 -0.00725320 0.69803922 0.69803922 0.69803922
v 0.18341857 0.11448158 -0.03735894 0.69803922 0.69803922 0.69803922
v 0.19324312 0.12372477 -0.03804957 0.69803922 0.69803922 0.69803922
v 0.14267933 0.18979298 0.06629882 0.69803922 0.69803922 0.69803922
v 0.14281277 0.20766966 0.05716332 0.69803922 0.69803922 0.69803922
v 0.13148534 0.21008314 0.05805459 0.69803922 0.69803922 0.69803922
v 0.13121408 0.19234337 0.06867944 0.69803922 0.69803922 0.69803922
v 0.11918161 0.19195227 0.07208482 0.69803922 0.69803922 0.69803922
v 0.11979354 0.21069811 0.06008752 0.69803922 0.69803922 0.69803922
v 0.10624312 0.21009535 0.06405385 0.69803922 0.69803922 0.69803922
v 0.10494870 0.19176520 0.07706281 0.69803922 0.69803922 0.69803922
v 0.07944506 0.26111919 0.02623006 0.69803922 0.69803922 0.69803922
v 0.06430725 0.25301114 0.04231834 0.69803922 0.69803922 0.69803922
v 0.04678174 0.24632962 0.05273088 0.69803922 0.69803922 0.69803922
v 0.03065198 0.24265245 0.05989344 0.69803922 0.69803922 0.69803922
v 0.01509902 0.26779538 -0.08323644 0.69803922 0.69803922 0.69803922
v 0.03563965 0.27153522 -0.08220516 0.69803922 0.69803922 0.69803922
v 0.03117247 0.25932074 -0.08826920 0.69803922 0.69803922 0.69803922
v 0.01427493 0.25596872 -0.08735284 0.69803922 0.69803922 0.69803922
v -0.00104837 0.25488979 -0.08627947 0.69803922 0.69803922 0.69803922
v -0.00145437 0.26637191 -0.08293255 0.69803922 0.69803922 0.69803922
v 0.05027631 0.28047594 0.02887813 0.69803922 0.69803922 0.69803922
v 0.03735161 0.27611333 0.04064941 0.69803922 0.69803922 0.69803922
v 0.02597781 0.26182279 0.04871126 0.69803922 0.69803922 0.69803922
v 0.34148040 0.25081503 -0.00537567 0.69803922 0.69803922 0.69803922
v 0.31592357 0.25149357 -0.00485491 0.69803922 0.69803922 0.69803922
v 0.05915355 0.30748755 -0.03163936 0.69803922 0.69803922 0.69803922
v 0.06303022 0.30342913 -0.01466324 0.69803922 0.69803922 0.69803922
v 0.34270138 0.25642139 -0.02152524 0.69803922 0.69803922 0.69803922
v 0.31728896 0.25683758 -0.02199857 0.69803922 0.69803922 0.69803922
v 0.12063888 0.25058493 0.03200624 0.69803922 0.69803922 0.69803922
v 0.13095260 0.25301775 0.03240318 0.69803922 0.69803922 0.69803922
v 0.11819431 0.27029046 0.01235412 0.69803922 0.69803922 0.69803922
v 0.04790110 0.29088354 0.03205973 0.69803922 0.69803922 0.69803922
v 0.03580039 0.28688335 0.04344834 0.69803922 0.69803922 0.69803922
v 0.19040899 -0.32091692 0.02052693 0.69803922 0.69803922 0.69803922
v 0.18071447 -0.32747108 0.05580564 0.69803922 0.69803922 0.69803922
v 0.14849600 -0.06783793 0.03544552 0.69803922 0.69803922 0.69803922
v 0.14454606 -0.07171556 0.06009779 0.69803922 0.69803922 0.69803922
v 0.00015263 -0.03933067 0.15271382 0.69803922 0.69803922 0.69803922
v -0.00104391 -0.06136611 0.15646988 0.69803922 0.69803922 0.69803922
v 0.02088836 -0.06122698 0.15622260 0.69803922 0.69803922 0.69803922
v 0.02315604 -0.03860273 0.15281065 0.69803922 0.69803922 0.69803922
v 0.00260758 0.02323479 0.13599458 0.69803922 0.69803922 0.69803922
v 0.00167158 0.00332411 0.14245264 0.69803922 0.69803922 0.69803922
v 0.01202395 0.29141778 0.05692725 0.69803922 0.69803922 0.69803922
v 0.03938485 -0.10763356 0.15604712 0.69803922 0.69803922 0.69803922
v 0.04068943 -0.08366498 0.15438458 0.69803922 0.69803922 0.69803922
v 0.01904858 -0.08520813 0.15810193 0.69803922 0.69803922 0.69803922
v 0.01760231 -0.11173081 0.15905300 0.69803922 0.69803922 0.69803922
v 0.00821531 -0.13686551 0.16192606 0.69803922 0.69803922 0.69803922
v 0.00638858 -0.14862412 0.16285615 0.69803922 0.69803922 0.69803922
v 0.01857908 -0.31030703 0.13882293 0.69803922 0.69803922 0.69803922
v 0.00868735 -0.31059501 0.14151795 0.69803922 0.69803922 0.69803922
v 0.25019801 0.22796781 0.02468145 0.69803922 0.69803922 0.69803922
v 0.24974479 0.24642293 0.01703142 0.69803922 0.69803922 0.69803922
v 0.23282462 0.24783812 0.02195038 0.69803922 0.69803922 0.69803922
v 0.23418596 0.22838846 0.02866669 0.69803922 0.69803922 0.69803922
v 0.07853274 -0.10351299 0.13501300 0.69803922 0.69803922 0.69803922
v 0.05898794 -0.10499220 0.14809714 0.69803922 0.69803922 0.69803922
v 0.16648149 0.13384180 0.04838021 0.69803922 0.69803922 0.69803922
v 0.16786999 0.12423383 0.03234475 0.69803922 0.69803922 0.69803922
v 0.02631148 0.04620167 0.13513441 0.69803922 0.69803922 0.69803922
v 0.06885812 0.11086915 0.13821715 0.69803922 0.69803922 0.69803922
v 0.06823410 0.12665346 0.12978333 0.69803922 0.69803922 0.69803922
v 0.08401614 0.11410988 0.13519640 0.69803922 0.69803922 0.69803922
v 0.08395564 0.12901817 0.12674507 0.69803922 0.69803922 0.69803922
v -0.00096437 -0.35339606 0.01713680 0.69803922 0.69803922 0.69803922
v -0.00193769 -0.36442178 0.02716235 0.69803922 0.69803922 0.69803922
v 0.23374851 0.23493984 -0.07048695 0.69803922 0.69803922 0.69803922
v 0.23609972 0.22609876 -0.07382230 0.69803922 0.69803922 0.69803922
v 0.22379810 0.22158284 -0.07513332 0.69803922 0.69803922 0.69803922
v 0.22175336 0.23195527 -0.07216140 0.69803922 0.69803922 0.69803922
v 0.00010343 -0.42199358 0.03321914 0.69803922 0.69803922 0.69803922
v -0.00054231 -0.40573904 0.04344580 0.69803922 0.69803922 0.69803922
v 0.01472862 -0.36006269 -0.04721050 0.69803922 0.69803922 0.69803922
v 0.00204614 -0.35792053 -0.03287831 0.69803922 0.69803922 0.69803922
v -0.00044553 -0.35462397 -0.03329217 0.69803922 0.69803922 0.69803922
v -0.00012631 -0.34526074 -0.04844111 0.69803922 0.69803922 0.69803922
v 0.06313470 -0.47121131 0.11609108 0.69803922 0.69803922 0.69803922
v 0.06665233 -0.44051835 0.12271865 0.69803922 0.69803922 0.69803922
v 0.06037577 -0.50186652 0.10904878 0.69803922 0.69803922 0.69803922
v 0.05734137 -0.53188807 0.10073480 0.69803922 0.69803922 0.69803922
v 0.05739817 -0.71990615 0.03366299 0.69803922 0.69803922 0.69803922
v 0.06833230 -0.74747908 0.03342111 0.69803922 0.69803922 0.69803922
v 0.07504340 -0.83973980 0.01695987 0.69803922 0.69803922 0.69803922
v 0.07636011 -0.87432736 0.01100751 0.69803922 0.69803922 0.69803922
v 0.07827538 -0.91114277 0.00456715 0.69803922 0.69803922 0.69803922
v 0.08298453 -0.98456645 -0.00392485 0.69803922 0.69803922 0.69803922
v 0.08062071 -0.94907594 -0.00075478 0.69803922 0.69803922 0.69803922
v 0.34467968 0.25399488 -0.03818259 0.69803922 0.69803922 0.69803922
v 0.34750226 0.24667597 -0.05240009 0.69803922 0.69803922 0.69803922
v 0.32114217 0.24600309 -0.05517540 0.69803922 0.69803922 0.69803922
v 0.31768319 0.25453636 -0.04043388 0.69803922 0.69803922 0.69803922
v 0.29867920 0.16545463 -0.02255502 0.69803922 0.69803922 0.69803922
v 0.32132691 0.16701737 -0.02409047 0.69803922 0.69803922 0.69803922
v 0.31937990 0.17324901 -0.00998203 0.69803922 0.69803922 0.69803922
v 0.29582843 0.17265630 -0.00822291 0.69803922 0.69803922 0.69803922
v 0.34522501 0.16849376 -0.02559341 0.69803922 0.69803922 0.69803922
v 0.32335821 0.16474047 -0.03813256 0.69803922 0.69803922 0.69803922
v 0.34773982 0.16822864 -0.03935932 0.69803922 0.69803922 0.69803922
v 0.35188058 0.19333996 -0.06956705 0.69803922 0.69803922 0.69803922
v 0.32737342 0.18845265 -0.07083499 0.69803922 0.69803922 0.69803922
v 0.32480356 0.20371078 -0.07425621 0.69803922 0.69803922 0.69803922
v 0.35093936 0.20786355 -0.07255206 0.69803922 0.69803922 0.69803922
v 0.34939754 0.23553737 -0.06326425 0.69803922 0.69803922 0.69803922
v 0.35062838 0.22213386 -0.07029834 0.69803922 0.69803922 0.69803922
v 0.32469940 0.22002450 -0.07213265 0.69803922 0.69803922 0.69803922
v 0.32425487 0.23390093 -0.06604455 0.69803922 0.69803922 0.69803922
v 0.34103191 0.19405408 0.01162601 0.69803922 0.69803922 0.69803922
v 0.31577459 0.19431981 0.01298658 0.69803922 0.69803922 0.69803922
v 0.31720668 0.18265352 0.00294438 0.69803922 0.69803922 0.69803922
v 0.34203097 0.18205059 0.00177888 0.69803922 0.69803922 0.69803922
v 0.24995822 0.26073310 0.00261140 0.69803922 0.69803922 0.69803922
v 0.23249282 0.26392397 0.00707221 0.69803922 0.69803922 0.69803922
v 0.18936449 0.16699098 0.03012091 0.69803922 0.69803922 0.69803922
v 0.20112970 0.17465031 0.02204942 0.69803922 0.69803922 0.69803922
v 0.20376274 0.18711679 0.03533031 0.69803922 0.69803922 0.69803922
v 0.19082682 0.18272808 0.04100727 0.69803922 0.69803922 0.69803922
v 0.28936282 0.24122396 0.01124535 0.69803922 0.69803922 0.69803922
v 0.29166779 0.25369895 -0.00383803 0.69803922 0.69803922 0.69803922
v 0.26904097 0.25712726 -0.00088277 0.69803922 0.69803922 0.69803922
v 0.26800931 0.24361022 0.01399578 0.69803922 0.69803922 0.69803922
v 0.29114708 0.19401897 0.01538974 0.69803922 0.69803922 0.69803922
v 0.26786751 0.19321959 0.01885481 0.69803922 0.69803922 0.69803922
v 0.26952669 0.18214855 0.00770329 0.69803922 0.69803922 0.69803922
v 0.29295489 0.18249850 0.00492116 0.69803922 0.69803922 0.69803922
v 0.27905020 0.16616192 -0.05787908 0.69803922 0.69803922 0.69803922
v 0.30262840 0.17078534 -0.06159114 0.69803922 0.69803922 0.69803922
v 0.23422581 0.20834160 0.03043535 0.69803922 0.69803922 0.69803922
v 0.25015792 0.20881929 0.02693021 0.69803922 0.69803922 0.69803922
v 0.16291447 0.12285938 0.05287589 0.69803922 0.69803922 0.69803922
v 0.17504746 0.11000609 -0.00398143 0.69803922 0.69803922 0.69803922
v 0.17087978 0.10055296 -0.00086549 0.69803922 0.69803922 0.69803922
v 0.13296327 0.06758665 0.11111598 0.69803922 0.69803922 0.69803922
v 0.13415135 0.08260816 0.11456418 0.69803922 0.69803922 0.69803922
v 0.16376054 0.07966770 0.02960829 0.69803922 0.69803922 0.69803922
v 0.16172954 0.06341129 0.03720123 0.69803922 0.69803922 0.69803922
v 0.13887475 0.08353796 0.10811077 0.69803922 0.69803922 0.69803922
v 0.14026614 0.07358272 0.10345493 0.69803922 0.69803922 0.69803922
v 0.09159472 0.00252720 0.12018289 0.69803922 0.69803922 0.69803922
v 0.02768497 0.25210023 0.05230809 0.69803922 0.69803922 0.69803922
v 0.26746663 0.20843074 0.02335303 0.69803922 0.69803922 0.69803922
v 0.26784581 0.22640812 0.02165674 0.69803922 0.69803922 0.69803922
v 0.25399563 0.17852040 -0.06881345 0.69803922 0.69803922 0.69803922
v 0.25664687 0.17022371 -0.06243707 0.69803922 0.69803922 0.69803922
v 0.23875619 0.16530663 -0.05724824 0.69803922 0.69803922 0.69803922
v 0.23760803 0.17280637 -0.06437389 0.69803922 0.69803922 0.69803922
v 0.13086557 0.11277178 -0.09814218 0.69803922 0.69803922 0.69803922
v 0.13849500 0.10152764 -0.08822259 0.69803922 0.69803922 0.69803922
v 0.12504116 0.08794049 -0.09336002 0.69803922 0.69803922 0.69803922
v 0.11453136 0.10070223 -0.10435308 0.69803922 0.69803922 0.69803922
v 0.23444431 0.25092706 -0.05912982 0.69803922 0.69803922 0.69803922
v 0.22104748 0.25132549 -0.05943068 0.69803922 0.69803922 0.69803922
v 0.22311600 0.26022461 -0.04840045 0.69803922 0.69803922 0.69803922
v 0.23842999 0.25841480 -0.04921437 0.69803922 0.69803922 0.69803922
v 0.22638685 0.26733881 -0.03325311 0.69803922 0.69803922 0.69803922
v 0.23064758 0.27080575 -0.01374983 0.69803922 0.69803922 0.69803922
v 0.24824236 0.26715022 -0.01655253 0.69803922 0.69803922 0.69803922
v 0.24356295 0.26458490 -0.03515271 0.69803922 0.69803922 0.69803922
v 0.18486719 -0.28412932 0.00009165 0.69803922 0.69803922 0.69803922
v 0.17781438 -0.28093082 -0.02744073 0.69803922 0.69803922 0.69803922
v 0.11678770 -0.15699881 0.11385678 0.69803922 0.69803922 0.69803922
v 0.13426889 -0.15066633 0.09522460 0.69803922 0.69803922 0.69803922
v 0.09687663 -0.24859701 0.12139990 0.69803922 0.69803922 0.69803922
v 0.00645229 -0.37840039 0.08415290 0.69803922 0.69803922 0.69803922
v 0.02302097 -0.36951417 0.10848320 0.69803922 0.69803922 0.69803922
v 0.00166237 -0.44547662 0.02380843 0.69803922 0.69803922 0.69803922
v 0.18369868 -0.28393847 0.03247769 0.69803922 0.69803922 0.69803922
v 0.01283317 -0.50610578 0.00703974 0.69803922 0.69803922 0.69803922
v 0.00652874 -0.47493970 0.01480247 0.69803922 0.69803922 0.69803922
v 0.06250418 -0.50168103 -0.05387360 0.69803922 0.69803922 0.69803922
v 0.05703932 -0.46948129 -0.05487051 0.69803922 0.69803922 0.69803922
v 0.08803768 -0.47503918 -0.06066136 0.69803922 0.69803922 0.69803922
v 0.09015182 -0.50392050 -0.05855411 0.69803922 0.69803922 0.69803922
v 0.11710698 -0.47801220 -0.05418959 0.69803922 0.69803922 0.69803922
v 0.11701710 -0.50702989 -0.05254193 0.69803922 0.69803922 0.69803922
v 0.10626566 -0.59540683 0.09224885 0.69803922 0.69803922 0.69803922
v 0.10096721 -0.82336378 -0.08817415 0.69803922 0.69803922 0.69803922
v 0.12286828 -0.85951430 -0.08271145 0.69803922 0.69803922 0.69803922
v 0.10161272 -0.86014181 -0.08689640 0.69803922 0.69803922 0.69803922
v 0.12394270 -0.82194388 -0.08439101 0.69803922 0.69803922 0.69803922
v 0.14334914 -0.78791040 -0.06786037 0.69803922 0.69803922 0.69803922
v 0.14360540 -0.82238668 -0.07111816 0.69803922 0.69803922 0.69803922
v 0.14578483 -0.86872166 0.00380467 0.69803922 0.69803922 0.69803922
v 0.10252211 -0.89752018 -0.08246135 0.69803922 0.69803922 0.69803922
v 0.12128410 -0.89850616 -0.07818600 0.69803922 0.69803922 0.69803922
v 0.14123477 -0.85975665 -0.07009251 0.69803922 0.69803922 0.69803922
v 0.13695428 -0.89869535 -0.06757091 0.69803922 0.69803922 0.69803922
v -0.00082596 -0.39482865 0.05266003 0.69803922 0.69803922 0.69803922
v 0.00029164 -0.34203950 -0.06403405 0.69803922 0.69803922 0.69803922
v 0.15912066 -0.33650944 0.09381563 0.69803922 0.69803922 0.69803922
v 0.16154976 -0.36846787 0.09134853 0.69803922 0.69803922 0.69803922
v 0.07326838 -0.33570156 0.12832049 0.69803922 0.69803922 0.69803922
v 0.10143780 -0.31976068 0.12449485 0.69803922 0.69803922 0.69803922
v 0.11875083 -0.08013958 0.10031968 0.69803922 0.69803922 0.69803922
v 0.10013131 -0.08204089 0.11595093 0.69803922 0.69803922 0.69803922
v 0.12127101 -0.03845233 0.09276837 0.69803922 0.69803922 0.69803922
v 0.12023530 -0.05978387 0.09629769 0.69803922 0.69803922 0.69803922
v 0.13468689 -0.05619325 0.07762101 0.69803922 0.69803922 0.69803922
v 0.13521397 -0.03579456 0.07389024 0.69803922 0.69803922 0.69803922
v 0.15013112 -0.02978741 0.02693833 0.69803922 0.69803922 0.69803922
v 0.14861512 -0.04918280 0.03088294 0.69803922 0.69803922 0.69803922
v 0.14699496 -0.04617169 0.00528000 0.69803922 0.69803922 0.69803922
v 0.14838299 -0.02713069 0.00081354 0.69803922 0.69803922 0.69803922
v 0.13968287 -0.06085386 -0.01374798 0.69803922 0.69803922 0.69803922
v 0.14722478 -0.06451467 0.01012641 0.69803922 0.69803922 0.69803922
v 0.07774900 -0.02433633 -0.07905794 0.69803922 0.69803922 0.69803922
v 0.07863817 -0.00170128 -0.08455524 0.69803922 0.69803922 0.69803922
v 0.09641808 -0.00746653 -0.07519834 0.69803922 0.69803922 0.69803922
v 0.09545337 -0.02893767 -0.06916953 0.69803922 0.69803922 0.69803922
v 0.02850801 -0.31302068 0.13230486 0.69803922 0.69803922 0.69803922
v -0.00066742 -0.37898025 0.06330751 0.69803922 0.69803922 0.69803922
v 0.06942883 -0.41095471 0.12709121 0.69803922 0.69803922 0.69803922
v 0.10322054 -0.37893358 0.13276426 0.69803922 0.69803922 0.69803922
v 0.13435943 -0.37366712 0.12126070 0.69803922 0.69803922 0.69803922
v 0.23789471 0.16710998 -0.01406202 0.69803922 0.69803922 0.69803922
v 0.16625880 0.12972632 -0.07395293 0.69803922 0.69803922 0.69803922
v 0.16401112 0.14193100 -0.07913799 0.69803922 0.69803922 0.69803922
v 0.26807141 0.26342484 -0.02000649 0.69803922 0.69803922 0.69803922
v 0.26324868 0.26123676 -0.03851410 0.69803922 0.69803922 0.69803922
v 0.24855447 0.19288392 0.02284875 0.69803922 0.69803922 0.69803922
v 0.21816100 0.24955200 0.02627984 0.69803922 0.69803922 0.69803922
v 0.20463903 0.23010236 0.03824744 0.69803922 0.69803922 0.69803922
v 0.21932681 0.22857194 0.03361421 0.69803922 0.69803922 0.69803922
v 0.12515104 -0.25930035 0.10634770 0.69803922 0.69803922 0.69803922
v 0.12749328 -0.28231883 0.10826375 0.69803922 0.69803922 0.69803922
v 0.15265074 -0.27342495 0.09050784 0.69803922 0.69803922 0.69803922
v -0.00080729 -0.35978851 -0.01556666 0.69803922 0.69803922 0.69803922
v -0.00025410 -0.35364938 -0.02285448 0.69803922 0.69803922 0.69803922
v 0.04726920 -0.35334456 0.12381393 0.69803922 0.69803922 0.69803922
v 0.02102349 -0.56445050 -0.00651053 0.69803922 0.69803922 0.69803922
v 0.01736305 -0.53600383 0.00035495 0.69803922 0.69803922 0.69803922
v 0.02437047 -0.59114730 -0.01366599 0.69803922 0.69803922 0.69803922
v 0.02736396 -0.62031460 -0.02349523 0.69803922 0.69803922 0.69803922
v 0.03071208 -0.64795661 -0.03131464 0.69803922 0.69803922 0.69803922
v 0.03680711 -0.67710108 -0.03619073 0.69803922 0.69803922 0.69803922
v 0.04573954 -0.70768428 -0.03436482 0.69803922 0.69803922 0.69803922
v 0.04998633 -0.73677897 -0.03750991 0.69803922 0.69803922 0.69803922
v 0.04140209 -0.80102009 -0.03501362 0.69803922 0.69803922 0.69803922
v 0.04899594 -0.76645929 -0.04611109 0.69803922 0.69803922 0.69803922
v 0.04776502 -0.79828089 -0.05327743 0.69803922 0.69803922 0.69803922
v 0.04843144 -0.83166593 -0.05812426 0.69803922 0.69803922 0.69803922
v 0.05684146 -0.90157229 -0.05900886 0.69803922 0.69803922 0.69803922
v 0.05046535 -0.86565763 -0.06024108 0.69803922 0.69803922 0.69803922
v 0.06274951 -0.93786132 -0.05705997 0.69803922 0.69803922 0.69803922
v 0.06583378 -0.97450650 -0.05610555 0.69803922 0.69803922 0.69803922
v -0.00209624 -0.35859975 0.01240684 0.69803922 0.69803922 0.69803922
v -0.00154305 -0.35970041 -0.00041851 0.69803922 0.69803922 0.69803922
v 0.10903873 0.24817266 0.03188121 0.69803922 0.69803922 0.69803922
v 0.17711887 0.12609063 0.01011103 0.69803922 0.69803922 0.69803922
v 0.18531248 0.13532285 0.00534356 0.69803922 0.69803922 0.69803922
v 0.23219037 0.19235176 0.02648792 0.69803922 0.69803922 0.69803922
v 0.00101913 -0.33551568 -0.07948930 0.69803922 0.69803922 0.69803922
v 0.00148116 -0.32650283 -0.09293812 0.69803922 0.69803922 0.69803922
v 0.30003116 0.23110405 -0.06804870 0.69803922 0.69803922 0.69803922
v 0.29583499 0.24411033 -0.05927240 0.69803922 0.69803922 0.69803922
v 0.24805191 0.18234950 0.01031176 0.69803922 0.69803922 0.69803922
v 0.19016246 0.15614198 0.01535814 0.69803922 0.69803922 0.69803922
v 0.20061626 0.16612239 0.00873407 0.69803922 0.69803922 0.69803922
v 0.54852843 0.25384131 -0.02159071 0.69803922 0.69803922 0.69803922
v 0.56903404 0.24995232 -0.02172272 0.69803922 0.69803922 0.69803922
v 0.56834632 0.25490120 -0.03319279 0.69803922 0.69803922 0.69803922
v 0.54732025 0.25824669 -0.03407197 0.69803922 0.69803922 0.69803922
v 0.54867095 0.24416278 -0.01192639 0.69803922 0.69803922 0.69803922
v 0.56859928 0.24032880 -0.01352581 0.69803922 0.69803922 0.69803922
v 0.54535848 0.18391009 -0.03061628 0.69803922 0.69803922 0.69803922
v 0.56606817 0.18562305 -0.03540865 0.69803922 0.69803922 0.69803922
v 0.56575513 0.19332850 -0.02358010 0.69803922 0.69803922 0.69803922
v 0.54503065 0.19260384 -0.01892353 0.69803922 0.69803922 0.69803922
v 0.58722925 0.22526371 -0.01164120 0.69803922 0.69803922 0.69803922
v 0.56765443 0.22816840 -0.00940505 0.69803922 0.69803922 0.69803922
v 0.56634033 0.21543130 -0.01010092 0.69803922 0.69803922 0.69803922
v 0.58625722 0.21369813 -0.01339496 0.69803922 0.69803922 0.69803922
v 0.54463661 0.18459293 -0.06057798 0.69803922 0.69803922 0.69803922
v 0.52432919 0.18085817 -0.05616791 0.69803922 0.69803922 0.69803922
v 0.52297336 0.18995762 -0.06774535 0.69803922 0.69803922 0.69803922
v 0.54334533 0.19440594 -0.07074063 0.69803922 0.69803922 0.69803922
v 0.46021307 0.18743181 -0.00722892 0.69803922 0.69803922 0.69803922
v 0.44283670 0.18977243 -0.00167487 0.69803922 0.69803922 0.69803922
v 0.44508842 0.17847653 -0.01115307 0.69803922 0.69803922 0.69803922
v 0.46241134 0.17700212 -0.01778363 0.69803922 0.69803922 0.69803922
v 0.50613284 0.26132670 -0.02087777 0.69803922 0.69803922 0.69803922
v 0.52753162 0.25757897 -0.02115282 0.69803922 0.69803922 0.69803922
v 0.52575809 0.26067439 -0.03466946 0.69803922 0.69803922 0.69803922
v 0.50376463 0.26242670 -0.03534968 0.69803922 0.69803922 0.69803922
v 0.50378114 0.22300887 -0.00054918 0.69803922 0.69803922 0.69803922
v 0.48093700 0.22667651 0.00082542 0.69803922 0.69803922 0.69803922
v 0.47966948 0.21065229 -0.00131299 0.69803922 0.69803922 0.69803922
v 0.50209218 0.20724945 -0.00361941 0.69803922 0.69803922 0.69803922
v 0.48168015 0.26256362 -0.03639418 0.69803922 0.69803922 0.69803922
v 0.48415074 0.26465878 -0.02175647 0.69803922 0.69803922 0.69803922
v 0.54611111 0.21747819 -0.00629397 0.69803922 0.69803922 0.69803922
v 0.52541679 0.21993692 -0.00301242 0.69803922 0.69803922 0.69803922
v 0.52388006 0.20530504 -0.00666343 0.69803922 0.69803922 0.69803922
v 0.54493505 0.20421714 -0.01099575 0.69803922 0.69803922 0.69803922
v 0.58509660 0.19268434 -0.06440642 0.69803922 0.69803922 0.69803922
v 0.56489503 0.18871891 -0.06326874 0.69803922 0.69803922 0.69803922
v 0.56374925 0.19856960 -0.07192826 0.69803922 0.69803922 0.69803922
v 0.58421183 0.20239280 -0.07188483 0.69803922 0.69803922 0.69803922
v 0.58576500 0.20339651 -0.01917669 0.69803922 0.69803922 0.69803922
v 0.56555563 0.20366250 -0.01531817 0.69803922 0.69803922 0.69803922
v 0.58586830 0.19441277 -0.02790574 0.69803922 0.69803922 0.69803922
v 0.58693725 0.24774925 -0.05600258 0.69803922 0.69803922 0.69803922
v 0.56531608 0.24873269 -0.05904145 0.69803922 0.69803922 0.69803922
v 0.56685448 0.25409943 -0.04609882 0.69803922 0.69803922 0.69803922
v 0.58797538 0.25192291 -0.04398800 0.69803922 0.69803922 0.69803922
v 0.50267524 0.18305980 -0.01962774 0.69803922 0.69803922 0.69803922
v 0.52409858 0.18290651 -0.02527197 0.69803922 0.69803922 0.69803922
v 0.52361637 0.19252349 -0.01421208 0.69803922 0.69803922 0.69803922
v 0.50189537 0.19350141 -0.00979790 0.69803922 0.69803922 0.69803922
v 0.50647551 0.25247410 -0.00898726 0.69803922 0.69803922 0.69803922
v 0.52780151 0.24815764 -0.01050772 0.69803922 0.69803922 0.69803922
v 0.54337233 0.24881959 -0.06154681 0.69803922 0.69803922 0.69803922
v 0.52128172 0.24779323 -0.06320293 0.69803922 0.69803922 0.69803922
v 0.52336836 0.25653428 -0.04913383 0.69803922 0.69803922 0.69803922
v 0.54517251 0.25586912 -0.04783006 0.69803922 0.69803922 0.69803922
v 0.49873528 0.23035924 -0.07219852 0.69803922 0.69803922 0.69803922
v 0.52017993 0.23398918 -0.07221416 0.69803922 0.69803922 0.69803922
v 0.52011651 0.21813716 -0.07536256 0.69803922 0.69803922 0.69803922
v 0.49895138 0.21368244 -0.07395572 0.69803922 0.69803922 0.69803922
v 0.48246649 0.17627907 -0.02619276 0.69803922 0.69803922 0.69803922
v 0.48101285 0.18471146 -0.01343327 0.69803922 0.69803922 0.69803922
v 0.50382262 0.17750087 -0.05032535 0.69803922 0.69803922 0.69803922
v 0.48338541 0.17451748 -0.04290700 0.69803922 0.69803922 0.69803922
v 0.48220855 0.18114364 -0.05777045 0.69803922 0.69803922 0.69803922
v 0.50245118 0.18570903 -0.06344585 0.69803922 0.69803922 0.69803922
v 0.44297093 0.24801058 -0.00112395 0.69803922 0.69803922 0.69803922
v 0.46076691 0.24644057 -0.00044464 0.69803922 0.69803922 0.69803922
v 0.46209472 0.25926119 -0.00949046 0.69803922 0.69803922 0.69803922
v 0.44358367 0.25979996 -0.01165146 0.69803922 0.69803922 0.69803922
v 0.46181190 0.26544353 -0.02369174 0.69803922 0.69803922 0.69803922
v 0.44286588 0.26397872 -0.02679212 0.69803922 0.69803922 0.69803922
v 0.41420984 0.25336340 -0.04501137 0.69803922 0.69803922 0.69803922
v 0.42624798 0.25516957 -0.04352401 0.69803922 0.69803922 0.69803922
v 0.42359135 0.24288633 -0.05253752 0.69803922 0.69803922 0.69803922
v 0.41247374 0.24174616 -0.05417592 0.69803922 0.69803922 0.69803922
v 0.45834491 0.21904583 -0.07226287 0.69803922 0.69803922 0.69803922
v 0.47803926 0.22532615 -0.07237658 0.69803922 0.69803922 0.69803922
v 0.47847310 0.20790896 -0.07209012 0.69803922 0.69803922 0.69803922
v 0.45851183 0.20156381 -0.06961538 0.69803922 0.69803922 0.69803922
v 0.44399816 0.18198986 -0.05769764 0.69803922 0.69803922 0.69803922
v 0.46037307 0.18720631 -0.06274720 0.69803922 0.69803922 0.69803922
v 0.46317369 0.17672738 -0.05119959 0.69803922 0.69803922 0.69803922
v 0.44725189 0.17322667 -0.04443831 0.69803922 0.69803922 0.69803922
v 0.38957551 0.17439525 -0.04213584 0.69803922 0.69803922 0.69803922
v 0.40526175 0.17511179 -0.04351623 0.69803922 0.69803922 0.69803922
v 0.40469056 0.17150094 -0.02987639 0.69803922 0.69803922 0.69803922
v 0.38850537 0.17172974 -0.02897921 0.69803922 0.69803922 0.69803922
v 0.40109983 0.18174000 -0.00208110 0.69803922 0.69803922 0.69803922
v 0.40071797 0.19330578 0.00729666 0.69803922 0.69803922 0.69803922
v 0.38463423 0.19349344 0.00848472 0.69803922 0.69803922 0.69803922
v 0.38521540 0.18194558 -0.00112194 0.69803922 0.69803922 0.69803922
v 0.38931084 0.25160223 -0.00447397 0.69803922 0.69803922 0.69803922
v 0.40348747 0.25106370 -0.00330193 0.69803922 0.69803922 0.69803922
v 0.40323833 0.25919616 -0.01852337 0.69803922 0.69803922 0.69803922
v 0.38928857 0.25805968 -0.02101246 0.69803922 0.69803922 0.69803922
v 0.44212711 0.21299577 -0.07179409 0.69803922 0.69803922 0.69803922
v 0.43986082 0.19477555 -0.06707778 0.69803922 0.69803922 0.69803922
v 0.41547737 0.18071184 -0.00366405 0.69803922 0.69803922 0.69803922
v 0.42954817 0.17975570 -0.00680974 0.69803922 0.69803922 0.69803922
v 0.42789379 0.19121692 0.00241722 0.69803922 0.69803922 0.69803922
v 0.41443583 0.19231710 0.00533861 0.69803922 0.69803922 0.69803922
v 0.41294718 0.22118112 0.00793708 0.69803922 0.69803922 0.69803922
v 0.42647126 0.21923825 0.00502690 0.69803922 0.69803922 0.69803922
v 0.42701459 0.23440878 0.00338935 0.69803922 0.69803922 0.69803922
v 0.41489935 0.23592800 0.00501131 0.69803922 0.69803922 0.69803922
v 0.41528401 0.25024891 -0.00253377 0.69803922 0.69803922 0.69803922
v 0.42800379 0.24939047 -0.00191391 0.69803922 0.69803922 0.69803922
v 0.42824352 0.26001725 -0.01386807 0.69803922 0.69803922 0.69803922
v 0.41528812 0.25969458 -0.01582458 0.69803922 0.69803922 0.69803922
v 0.43182403 0.21067119 -0.07101092 0.69803922 0.69803922 0.69803922
v 0.42323923 0.20741211 -0.07013857 0.69803922 0.69803922 0.69803922
v 0.42151982 0.22010593 -0.06782570 0.69803922 0.69803922 0.69803922
v 0.43022120 0.22403958 -0.06772388 0.69803922 0.69803922 0.69803922
v 0.43309209 0.17153625 -0.03764060 0.69803922 0.69803922 0.69803922
v 0.43107331 0.17872716 -0.05122055 0.69803922 0.69803922 0.69803922
v 0.44122410 0.21719290 0.00210803 0.69803922 0.69803922 0.69803922
v 0.42697987 0.20491533 0.00604617 0.69803922 0.69803922 0.69803922
v 0.44165611 0.20311880 0.00230648 0.69803922 0.69803922 0.69803922
v 0.42768037 0.26241767 -0.02915207 0.69803922 0.69803922 0.69803922
v 0.39072305 0.17999692 -0.05298708 0.69803922 0.69803922 0.69803922
v 0.37390855 0.17703366 -0.05200617 0.69803922 0.69803922 0.69803922
v 0.37461430 0.18512575 -0.06160169 0.69803922 0.69803922 0.69803922
v 0.39103204 0.18762943 -0.06215385 0.69803922 0.69803922 0.69803922
v 0.37240872 0.17183413 -0.04056713 0.69803922 0.69803922 0.69803922
v 0.37023157 0.17074527 -0.02756692 0.69803922 0.69803922 0.69803922
v 0.36541447 0.19378513 0.01004134 0.69803922 0.69803922 0.69803922
v 0.36631694 0.18200475 0.00042332 0.69803922 0.69803922 0.69803922
v 0.36516035 0.20839909 0.01499957 0.69803922 0.69803922 0.69803922
v 0.38474542 0.20826158 0.01296562 0.69803922 0.69803922 0.69803922
v 0.38464335 0.22340263 0.01236334 0.69803922 0.69803922 0.69803922
v 0.36468828 0.22390667 0.01482945 0.69803922 0.69803922 0.69803922
v 0.36632445 0.25114062 -0.00443456 0.69803922 0.69803922 0.69803922
v 0.36779109 0.25653633 -0.02129795 0.69803922 0.69803922 0.69803922
v 0.38959181 0.25572214 -0.03594206 0.69803922 0.69803922 0.69803922
v 0.37000373 0.25400382 -0.03723963 0.69803922 0.69803922 0.69803922
v 0.40303046 0.17426610 -0.01520652 0.69803922 0.69803922 0.69803922
v 0.41740635 0.17313969 -0.01721251 0.69803922 0.69803922 0.69803922
v 0.54197806 0.23660812 -0.07146525 0.69803922 0.69803922 0.69803922
v 0.56389111 0.23826948 -0.06923271 0.69803922 0.69803922 0.69803922
v 0.56294465 0.22456346 -0.07433504 0.69803922 0.69803922 0.69803922
v 0.54141331 0.22182365 -0.07564449 0.69803922 0.69803922 0.69803922
v 0.56289619 0.21108201 -0.07548077 0.69803922 0.69803922 0.69803922
v 0.58367527 0.21430379 -0.07417224 0.69803922 0.69803922 0.69803922
v 0.52705681 0.23495845 -0.00422319 0.69803922 0.69803922 0.69803922
v 0.54771769 0.23161131 -0.00664173 0.69803922 0.69803922 0.69803922
v 0.58818090 0.23686731 -0.01440966 0.69803922 0.69803922 0.69803922
v 0.44173038 0.23230045 0.00217868 0.69803922 0.69803922 0.69803922
v 0.45906284 0.23007894 0.00140057 0.69803922 0.69803922 0.69803922
v 0.41184545 0.22977400 -0.06177304 0.69803922 0.69803922 0.69803922
v 0.40180874 0.22789960 -0.06360874 0.69803922 0.69803922 0.69803922
v 0.40173036 0.24009170 -0.05618040 0.69803922 0.69803922 0.69803922
v 0.44118798 0.22991349 -0.06678766 0.69803922 0.69803922 0.69803922
v 0.43745413 0.24324825 -0.05357413 0.69803922 0.69803922 0.69803922
v 0.45806122 0.25004235 -0.05152505 0.69803922 0.69803922 0.69803922
v 0.45780703 0.23683876 -0.06542422 0.69803922 0.69803922 0.69803922
v 0.41435018 0.20407049 -0.06926439 0.69803922 0.69803922 0.69803922
v 0.40397415 0.20138505 -0.06895789 0.69803922 0.69803922 0.69803922
v 0.40287706 0.21493521 -0.06879392 0.69803922 0.69803922 0.69803922
v 0.41291881 0.21730898 -0.06808780 0.69803922 0.69803922 0.69803922
v 0.38691610 0.23854303 0.00708823 0.69803922 0.69803922 0.69803922
v 0.40219158 0.23734383 0.00581198 0.69803922 0.69803922 0.69803922
v 0.37302575 0.23665996 -0.06092661 0.69803922 0.69803922 0.69803922
v 0.37258783 0.24668249 -0.05063647 0.69803922 0.69803922 0.69803922
v 0.38991702 0.24851519 -0.04815726 0.69803922 0.69803922 0.69803922
v 0.38950428 0.23834966 -0.05811489 0.69803922 0.69803922 0.69803922
v 0.40259278 0.25103593 -0.04662676 0.69803922 0.69803922 0.69803922
v 0.37345737 0.22419241 -0.06817209 0.69803922 0.69803922 0.69803922
v 0.38963163 0.22627129 -0.06561179 0.69803922 0.69803922 0.69803922
v 0.36507764 0.23934904 0.00855357 0.69803922 0.69803922 0.69803922
v 0.39082304 0.19924882 -0.06875492 0.69803922 0.69803922 0.69803922
v 0.37444228 0.19680956 -0.06889766 0.69803922 0.69803922 0.69803922
v 0.37406328 0.21051413 -0.07099811 0.69803922 0.69803922 0.69803922
v 0.39039168 0.21289349 -0.06969352 0.69803922 0.69803922 0.69803922
v 0.54196644 0.20739618 -0.07551296 0.69803922 0.69803922 0.69803922
v 0.52116692 0.20311424 -0.07403993 0.69803922 0.69803922 0.69803922
v 0.44747147 0.17149964 -0.02689411 0.69803922 0.69803922 0.69803922
v 0.46404862 0.17197756 -0.03447397 0.69803922 0.69803922 0.69803922
v 0.43197796 0.17203312 -0.02110402 0.69803922 0.69803922 0.69803922
v 0.54544592 0.18056197 -0.04593318 0.69803922 0.69803922 0.69803922
v 0.56580925 0.18378173 -0.05009773 0.69803922 0.69803922 0.69803922
v 0.50356007 0.17648862 -0.03392343 0.69803922 0.69803922 0.69803922
v 0.52462000 0.17823215 -0.04035971 0.69803922 0.69803922 0.69803922
v 0.49944934 0.24570329 -0.06389033 0.69803922 0.69803922 0.69803922
v 0.41738337 0.18351549 -0.05663307 0.69803922 0.69803922 0.69803922
v 0.42787948 0.18704574 -0.06069559 0.69803922 0.69803922 0.69803922
v 0.41875148 0.17631884 -0.04656975 0.69803922 0.69803922 0.69803922
v 0.36765388 0.17421018 -0.01273909 0.69803922 0.69803922 0.69803922
v 0.38672185 0.17454314 -0.01435559 0.69803922 0.69803922 0.69803922
v 0.43112588 0.19966440 -0.06932016 0.69803922 0.69803922 0.69803922
v 0.34315762 0.17340723 -0.01120635 0.69803922 0.69803922 0.69803922
v 0.44050562 0.25750184 -0.04174088 0.69803922 0.69803922 0.69803922
v 0.40313214 0.25852624 -0.03368497 0.69803922 0.69803922 0.69803922
v 0.41519454 0.26060307 -0.03133202 0.69803922 0.69803922 0.69803922
v 0.58880162 0.25188956 -0.03175916 0.69803922 0.69803922 0.69803922
v 0.50553709 0.23863982 -0.00186409 0.69803922 0.69803922 0.69803922
v 0.45823598 0.21404131 -0.00018766 0.69803922 0.69803922 0.69803922
v 0.45872846 0.20001313 -0.00169159 0.69803922 0.69803922 0.69803922
v 0.40545017 0.18152228 -0.05443369 0.69803922 0.69803922 0.69803922
v 0.40490681 0.18934512 -0.06342176 0.69803922 0.69803922 0.69803922
v 0.41559887 0.19194409 -0.06489055 0.69803922 0.69803922 0.69803922
v 0.40030685 0.20779966 0.01131880 0.69803922 0.69803922 0.69803922
v 0.39964569 0.22281235 0.01017571 0.69803922 0.69803922 0.69803922
v 0.58581495 0.18741661 -0.05275953 0.69803922 0.69803922 0.69803922
v 0.41384792 0.20658562 0.00915523 0.69803922 0.69803922 0.69803922
v 0.45971829 0.26049942 -0.03832036 0.69803922 0.69803922 0.69803922
v 0.01633250 0.20914760 -0.10070595 0.69803922 0.69803922 0.69803922
v -0.00033737 0.19452074 -0.10084403 0.69803922 0.69803922 0.69803922
v -0.00018521 0.20733435 -0.09829903 0.69803922 0.69803922 0.69803922
v 0.15791798 0.04836522 0.04503956 0.69803922 0.69803922 0.69803922
v 0.12150510 0.02174197 0.09360946 0.69803922 0.69803922 0.69803922
v 0.13554551 0.02525445 0.07721303 0.69803922 0.69803922 0.69803922
v 0.17143896 0.11676080 0.01448245 0.69803922 0.69803922 0.69803922
v 0.16735627 0.10616773 0.01899233 0.69803922 0.69803922 0.69803922
v 0.20520677 0.15860926 -0.00462317 0.69803922 0.69803922 0.69803922
v 0.19490623 0.14745514 -0.00007638 0.69803922 0.69803922 0.69803922
v 0.16076538 0.08661396 0.05010211 0.69803922 0.69803922 0.69803922
v 0.07756977 0.44570723 -0.00675056 0.69803922 0.69803922 0.69803922
v 0.07622320 0.43864283 -0.00948003 0.69803922 0.69803922 0.69803922
v 0.07964627 0.45886368 -0.00659375 0.69803922 0.69803922 0.69803922
v 0.00695499 -0.12415325 0.15944037 0.69803922 0.69803922 0.69803922
v -0.00626148 -0.14980359 0.16058710 0.69803922 0.69803922 0.69803922
v -0.00635369 -0.16228931 0.16234170 0.69803922 0.69803922 0.69803922
v 0.07779101 0.42987302 0.00689989 0.69803922 0.69803922 0.69803922
v 0.07614867 0.42335495 0.00295993 0.69803922 0.69803922 0.69803922
v 0.07977456 0.42651707 0.00582738 0.69803922 0.69803922 0.69803922
v 0.07752404 0.43190676 0.00905580 0.69803922 0.69803922 0.69803922
v 0.07733742 0.43093580 0.00868436 0.69803922 0.69803922 0.69803922
v 0.07979781 0.46159714 0.00388670 0.69803922 0.69803922 0.69803922
v 0.07364565 0.43039662 -0.00977097 0.69803922 0.69803922 0.69803922
v 0.07099608 0.42117527 -0.00848532 0.69803922 0.69803922 0.69803922
v 0.07777052 0.44817272 0.00895275 0.69803922 0.69803922 0.69803922
v 0.04802108 -0.13174666 -0.07414813 0.69803922 0.69803922 0.69803922
v 0.05278792 -0.15102698 -0.07927819 0.69803922 0.69803922 0.69803922
v 0.02705707 -0.15143941 -0.08142598 0.69803922 0.69803922 0.69803922
v 0.02378604 -0.13278811 -0.07424256 0.69803922 0.69803922 0.69803922
v -0.00052268 -0.16631614 -0.09027750 0.69803922 0.69803922 0.69803922
v -0.00130569 -0.14979698 -0.08233105 0.69803922 0.69803922 0.69803922
v 0.03072705 -0.16984056 -0.08991249 0.69803922 0.69803922 0.69803922
v 0.14754222 -0.20157640 -0.05891076 0.69803922 0.69803922 0.69803922
v 0.14386791 -0.17985643 -0.05518055 0.69803922 0.69803922 0.69803922
v 0.15887165 -0.17812920 -0.03183218 0.69803922 0.69803922 0.69803922
v 0.16347505 -0.19893993 -0.03458629 0.69803922 0.69803922 0.69803922
v 0.16415897 -0.16134918 -0.00501342 0.69803922 0.69803922 0.69803922
v 0.16869904 -0.17846709 -0.00458953 0.69803922 0.69803922 0.69803922
v 0.15345326 -0.15973242 -0.03007259 0.69803922 0.69803922 0.69803922
v 0.16807279 -0.16505960 0.02310666 0.69803922 0.69803922 0.69803922
v 0.17202918 -0.18289617 0.02377229 0.69803922 0.69803922 0.69803922
v 0.16429934 -0.17174336 0.05039764 0.69803922 0.69803922 0.69803922
v 0.16883186 -0.19128995 0.05088009 0.69803922 0.69803922 0.69803922
v 0.15929548 -0.20075923 0.07533368 0.69803922 0.69803922 0.69803922
v 0.14316575 -0.20940526 0.09640996 0.69803922 0.69803922 0.69803922
v 0.12353078 -0.23750921 0.11006890 0.69803922 0.69803922 0.69803922
v 0.12168863 -0.21809988 0.11309594 0.69803922 0.69803922 0.69803922
v 0.09787729 -0.22612195 0.12563160 0.69803922 0.69803922 0.69803922
v 0.07293964 -0.23345830 0.13619417 0.69803922 0.69803922 0.69803922
v 0.05035342 -0.23928182 0.14407109 0.69803922 0.69803922 0.69803922
v 0.03072580 -0.24348149 0.15052158 0.69803922 0.69803922 0.69803922
v 0.01295706 -0.24560517 0.15389630 0.69803922 0.69803922 0.69803922
v -0.00311963 -0.24668020 0.15413608 0.69803922 0.69803922 0.69803922
v -0.00209950 -0.27116093 0.15031587 0.69803922 0.69803922 0.69803922
v 0.10682390 0.22851366 0.04944548 0.69803922 0.69803922 0.69803922
v 0.08232714 0.28658092 -0.06076956 0.69803922 0.69803922 0.69803922
v 0.09927101 0.28987667 -0.03857870 0.69803922 0.69803922 0.69803922
v 0.09133064 0.28359726 -0.06090910 0.69803922 0.69803922 0.69803922
v 0.11364634 0.23159193 -0.09781522 0.69803922 0.69803922 0.69803922
v 0.09463861 0.22375664 -0.10563925 0.69803922 0.69803922 0.69803922
v 0.09498519 0.24009445 -0.09800273 0.69803922 0.69803922 0.69803922
v 0.11385621 0.24980760 -0.08709513 0.69803922 0.69803922 0.69803922
v 0.07279650 0.27642074 -0.07489966 0.69803922 0.69803922 0.69803922
v 0.06772573 0.27902514 -0.07368408 0.69803922 0.69803922 0.69803922
v 0.07909954 0.27212054 -0.07742936 0.69803922 0.69803922 0.69803922
v 0.06456333 0.26171505 -0.08796138 0.69803922 0.69803922 0.69803922
v 0.04729188 0.25397703 -0.09164743 0.69803922 0.69803922 0.69803922
v 0.13721271 0.28086108 -0.03299103 0.69803922 0.69803922 0.69803922
v 0.14961043 0.28044233 -0.02804913 0.69803922 0.69803922 0.69803922
v 0.14831859 0.26915753 -0.04981989 0.69803922 0.69803922 0.69803922
v 0.13849148 0.26969314 -0.05555579 0.69803922 0.69803922 0.69803922
v 0.14358115 0.22352089 -0.08998069 0.69803922 0.69803922 0.69803922
v 0.15397292 0.22656684 -0.08455072 0.69803922 0.69803922 0.69803922
v 0.15523283 0.21182953 -0.08874965 0.69803922 0.69803922 0.69803922
v 0.14413646 0.20812827 -0.09437628 0.69803922 0.69803922 0.69803922
v 0.18810353 0.27802515 -0.01320624 0.69803922 0.69803922 0.69803922
v 0.20177338 0.27611727 -0.01191287 0.69803922 0.69803922 0.69803922
v 0.19754732 0.27153561 -0.03314605 0.69803922 0.69803922 0.69803922
v 0.18466942 0.27190471 -0.03519246 0.69803922 0.69803922 0.69803922
v 0.15243480 0.24086736 -0.07749467 0.69803922 0.69803922 0.69803922
v 0.08664326 0.10837556 -0.11476558 0.69803922 0.69803922 0.69803922
v 0.10658642 0.11621451 -0.11161857 0.69803922 0.69803922 0.69803922
v 0.12337038 0.12507859 -0.10589377 0.69803922 0.69803922 0.69803922
v 0.16177535 0.15473469 -0.08318900 0.69803922 0.69803922 0.69803922
v 0.15395242 0.13235947 -0.08482552 0.69803922 0.69803922 0.69803922
v 0.15101074 0.14598623 -0.08897237 0.69803922 0.69803922 0.69803922
v 0.17273304 0.16300318 -0.07925155 0.69803922 0.69803922 0.69803922
v 0.18178567 0.16787341 -0.07518870 0.69803922 0.69803922 0.69803922
v 0.18988758 0.23307060 0.04144532 0.69803922 0.69803922 0.69803922
v 0.19080976 0.20631251 0.04665545 0.69803922 0.69803922 0.69803922
v 0.20471320 0.20636724 0.04084183 0.69803922 0.69803922 0.69803922
v 0.20399125 0.17561102 -0.06769355 0.69803922 0.69803922 0.69803922
v 0.20579833 0.17003088 -0.06510311 0.69803922 0.69803922 0.69803922
v 0.19476674 0.16219294 -0.06514966 0.69803922 0.69803922 0.69803922
v 0.19258004 0.16859244 -0.06788701 0.69803922 0.69803922 0.69803922
v 0.12534399 0.28207144 -0.03720108 0.69803922 0.69803922 0.69803922
v 0.19573840 0.26090652 -0.04933039 0.69803922 0.69803922 0.69803922
v 0.19428800 0.25013140 -0.06119931 0.69803922 0.69803922 0.69803922
v 0.18199557 0.24769722 -0.06256457 0.69803922 0.69803922 0.69803922
v 0.18288717 0.25962797 -0.05119948 0.69803922 0.69803922 0.69803922
v 0.19468379 0.23790306 -0.06926457 0.69803922 0.69803922 0.69803922
v 0.19582814 0.22550334 -0.07425072 0.69803922 0.69803922 0.69803922
v 0.18469498 0.22230621 -0.07623143 0.69803922 0.69803922 0.69803922
v 0.18342854 0.23487233 -0.07149606 0.69803922 0.69803922 0.69803922
v 0.20282456 0.18244955 -0.07033806 0.69803922 0.69803922 0.69803922
v 0.19013610 0.17613043 -0.07101373 0.69803922 0.69803922 0.69803922
v 0.21742666 0.26673952 0.00972912 0.69803922 0.69803922 0.69803922
v 0.16330102 0.28105244 0.00223839 0.69803922 0.69803922 0.69803922
v 0.15048274 0.28255615 -0.00309654 0.69803922 0.69803922 0.69803922
v 0.14994933 0.27111888 0.02131178 0.69803922 0.69803922 0.69803922
v 0.16122498 0.26784649 0.02646235 0.69803922 0.69803922 0.69803922
v 0.22013517 0.16467007 -0.01025108 0.69803922 0.69803922 0.69803922
v 0.22392286 0.15952937 -0.02308773 0.69803922 0.69803922 0.69803922
v 0.22561198 0.15629226 -0.03447507 0.69803922 0.69803922 0.69803922
v 0.19860415 0.14637426 -0.05644488 0.69803922 0.69803922 0.69803922
v 0.22629784 0.15606844 -0.04526112 0.69803922 0.69803922 0.69803922
v 0.21688436 0.18972860 0.03009545 0.69803922 0.69803922 0.69803922
v 0.21948828 0.20737551 0.03486302 0.69803922 0.69803922 0.69803922
v 0.14995649 0.24920881 0.03766629 0.69803922 0.69803922 0.69803922
v 0.16149658 0.24404147 0.04034128 0.69803922 0.69803922 0.69803922
v 0.21545129 0.27365878 -0.01239126 0.69803922 0.69803922 0.69803922
v 0.21131459 0.26970157 -0.03295099 0.69803922 0.69803922 0.69803922
v 0.23164949 0.18296340 -0.07016667 0.69803922 0.69803922 0.69803922
v 0.21962269 0.17612210 -0.06683035 0.69803922 0.69803922 0.69803922
v 0.21722078 0.18099381 -0.06930155 0.69803922 0.69803922 0.69803922
v 0.18747534 0.13864900 -0.06195772 0.69803922 0.69803922 0.69803922
v 0.19592534 0.15499683 -0.06137424 0.69803922 0.69803922 0.69803922
v 0.16219753 0.28033790 -0.02263251 0.69803922 0.69803922 0.69803922
v 0.20744622 0.25021043 -0.06071825 0.69803922 0.69803922 0.69803922
v 0.20847772 0.26080596 -0.04906091 0.69803922 0.69803922 0.69803922
v 0.17299072 0.23182122 -0.07461344 0.69803922 0.69803922 0.69803922
v 0.16341333 0.22881916 -0.07905326 0.69803922 0.69803922 0.69803922
v 0.16078812 0.24291536 -0.07101062 0.69803922 0.69803922 0.69803922
v 0.17064032 0.24494559 -0.06610624 0.69803922 0.69803922 0.69803922
v 0.21042444 0.21665339 -0.07513452 0.69803922 0.69803922 0.69803922
v 0.20821609 0.22874640 -0.07277370 0.69803922 0.69803922 0.69803922
v 0.16592044 0.21521433 -0.08410309 0.69803922 0.69803922 0.69803922
v 0.17525488 0.21863796 -0.07986540 0.69803922 0.69803922 0.69803922
v 0.21605508 0.18779728 -0.07179375 0.69803922 0.69803922 0.69803922
v 0.14082770 0.25234148 0.03373111 0.69803922 0.69803922 0.69803922
v 0.13186722 0.23068608 0.04628740 0.69803922 0.69803922 0.69803922
v 0.14214754 0.23022906 0.04675363 0.69803922 0.69803922 0.69803922
v 0.15188898 0.22518255 0.04772854 0.69803922 0.69803922 0.69803922
v 0.16327709 0.21827997 0.04958995 0.69803922 0.69803922 0.69803922
v 0.17695032 0.21025179 0.04957233 0.69803922 0.69803922 0.69803922
v 0.12080477 0.22955035 0.04706131 0.69803922 0.69803922 0.69803922
v 0.42461798 0.19576564 -0.06708952 0.69803922 0.69803922 0.69803922
v 0.23517723 0.17898454 -0.06848126 0.69803922 0.69803922 0.69803922
v 0.24349934 0.18922636 -0.07286025 0.69803922 0.69803922 0.69803922
v 0.24876037 0.18477701 -0.07163658 0.69803922 0.69803922 0.69803922
v 0.29923525 0.21642356 -0.07369003 0.69803922 0.69803922 0.69803922
v 0.00413800 0.37352267 0.12434128 0.69803922 0.69803922 0.69803922
v 0.00457173 0.36785054 0.12149313 0.69803922 0.69803922 0.69803922
v 0.00286556 0.39789239 0.12441929 0.69803922 0.69803922 0.69803922
v 0.00301545 0.39416638 0.12534517 0.69803922 0.69803922 0.69803922
v 0.42136067 0.23163870 -0.06051875 0.69803922 0.69803922 0.69803922
v 0.42917860 0.23335743 -0.06048961 0.69803922 0.69803922 0.69803922
v 0.47809711 0.24225602 -0.06462626 0.69803922 0.69803922 0.69803922
v 0.47952420 0.25449130 -0.05090557 0.69803922 0.69803922 0.69803922
v 0.50130290 0.25624546 -0.05007963 0.69803922 0.69803922 0.69803922
v 0.48425186 0.25701752 -0.00838822 0.69803922 0.69803922 0.69803922
v 0.48289075 0.24304932 -0.00055819 0.69803922 0.69803922 0.69803922
v 0.47988847 0.19637148 -0.00579860 0.69803922 0.69803922 0.69803922
v 0.48005268 0.19308566 -0.06730481 0.69803922 0.69803922 0.69803922
v 0.62819129 0.24058385 -0.01801414 0.69803922 0.69803922 0.69803922
v 0.64808291 0.23738429 -0.01670180 0.69803922 0.69803922 0.69803922
v 0.64896822 0.24490640 -0.02499816 0.69803922 0.69803922 0.69803922
v 0.62874955 0.24704225 -0.02755062 0.69803922 0.69803922 0.69803922
v 0.66739184 0.23453410 -0.01456775 0.69803922 0.69803922 0.69803922
v 0.64695251 0.22737138 -0.01323036 0.69803922 0.69803922 0.69803922
v 0.66581476 0.22408433 -0.01317815 0.69803922 0.69803922 0.69803922
v 0.64546937 0.21747504 -0.01506014 0.69803922 0.69803922 0.69803922
v 0.66396761 0.21495897 -0.01577434 0.69803922 0.69803922 0.69803922
v 0.66264147 0.20757754 -0.02209045 0.69803922 0.69803922 0.69803922
v 0.64448386 0.20882958 -0.02038504 0.69803922 0.69803922 0.69803922
v 0.64456469 0.20270221 -0.02789831 0.69803922 0.69803922 0.69803922
v 0.66271138 0.20262808 -0.03007591 0.69803922 0.69803922 0.69803922
v 0.62538642 0.19696918 -0.03440985 0.69803922 0.69803922 0.69803922
v 0.62556624 0.19330385 -0.04489609 0.69803922 0.69803922 0.69803922
v 0.64508033 0.19646716 -0.04656173 0.69803922 0.69803922 0.69803922
v 0.64495504 0.19832389 -0.03689614 0.69803922 0.69803922 0.69803922
v 0.66371787 0.20725684 -0.06338944 0.69803922 0.69803922 0.69803922
v 0.64492702 0.20380571 -0.06450303 0.69803922 0.69803922 0.69803922
v 0.64489222 0.21276321 -0.06838864 0.69803922 0.69803922 0.69803922
v 0.66390520 0.21539579 -0.06662580 0.69803922 0.69803922 0.69803922
v 0.62617624 0.23115610 -0.06631415 0.69803922 0.69803922 0.69803922
v 0.64653641 0.23363975 -0.06441391 0.69803922 0.69803922 0.69803922
v 0.64551198 0.22317179 -0.06774707 0.69803922 0.69803922 0.69803922
v 0.62497419 0.22009580 -0.06984479 0.69803922 0.69803922 0.69803922
v 0.66535461 0.23625995 -0.06396469 0.69803922 0.69803922 0.69803922
v 0.64778578 0.24171631 -0.05743398 0.69803922 0.69803922 0.69803922
v 0.66646373 0.24366109 -0.05599182 0.69803922 0.69803922 0.69803922
v 0.60778594 0.23377588 -0.01414524 0.69803922 0.69803922 0.69803922
v 0.60848010 0.24347529 -0.02001357 0.69803922 0.69803922 0.69803922
v 0.58880985 0.24634175 -0.02130179 0.69803922 0.69803922 0.69803922
v 0.62535381 0.21017899 -0.01806881 0.69803922 0.69803922 0.69803922
v 0.62617034 0.21989785 -0.01386019 0.69803922 0.69803922 0.69803922
v 0.60671943 0.22263706 -0.01296629 0.69803922 0.69803922 0.69803922
v 0.60586756 0.21186528 -0.01591361 0.69803922 0.69803922 0.69803922
v 0.58597535 0.18809211 -0.03951813 0.69803922 0.69803922 0.69803922
v 0.60590190 0.19081083 -0.04254917 0.69803922 0.69803922 0.69803922
v 0.60558730 0.19563112 -0.03148150 0.69803922 0.69803922 0.69803922
v 0.62517685 0.20271209 -0.02519557 0.69803922 0.69803922 0.69803922
v 0.60550636 0.20295301 -0.02239051 0.69803922 0.69803922 0.69803922
v 0.62544012 0.19433349 -0.05585684 0.69803922 0.69803922 0.69803922
v 0.64497375 0.19806172 -0.05660067 0.69803922 0.69803922 0.69803922
v 0.62897259 0.24874245 -0.03882697 0.69803922 0.69803922 0.69803922
v 0.64912194 0.24746670 -0.03606091 0.69803922 0.69803922 0.69803922
v 0.64886773 0.24578878 -0.04723111 0.69803922 0.69803922 0.69803922
v 0.62856501 0.24635458 -0.04980940 0.69803922 0.69803922 0.69803922
v 0.60570234 0.19107257 -0.05447407 0.69803922 0.69803922 0.69803922
v 0.60863876 0.25020593 -0.04154596 0.69803922 0.69803922 0.69803922
v 0.60804474 0.24699156 -0.05286666 0.69803922 0.69803922 0.69803922
v 0.62747157 0.24069120 -0.05977305 0.69803922 0.69803922 0.69803922
v 0.60676652 0.23985812 -0.06268468 0.69803922 0.69803922 0.69803922
v 0.66803724 0.24690083 -0.03361026 0.69803922 0.69803922 0.69803922
v 0.66818959 0.24308962 -0.02223847 0.69803922 0.69803922 0.69803922
v 0.60878694 0.24958862 -0.02983925 0.69803922 0.69803922 0.69803922
v 0.62501442 0.20005959 -0.06504175 0.69803922 0.69803922 0.69803922
v 0.60506803 0.19647944 -0.06485778 0.69803922 0.69803922 0.69803922
v 0.60450011 0.20601682 -0.07118247 0.69803922 0.69803922 0.69803922
v 0.62465668 0.20945399 -0.06999882 0.69803922 0.69803922 0.69803922
v 0.58425742 0.22678359 -0.07183071 0.69803922 0.69803922 0.69803922
v 0.60536230 0.22881603 -0.06908686 0.69803922 0.69803922 0.69803922
v 0.60438234 0.21712342 -0.07203488 0.69803922 0.69803922 0.69803922
v 0.66427428 0.22561075 -0.06674139 0.69803922 0.69803922 0.69803922
v 0.58564615 0.23889636 -0.06602062 0.69803922 0.69803922 0.69803922
v 0.74911934 0.20082140 -0.02778370 0.69803922 0.69803922 0.69803922
v 0.75403434 0.19938380 -0.01845656 0.69803922 0.69803922 0.69803922
v 0.74488533 0.19553971 -0.01683601 0.69803922 0.69803922 0.69803922
v 0.73961926 0.19758520 -0.02680054 0.69803922 0.69803922 0.69803922
v 0.72392231 0.18775889 -0.01002545 0.69803922 0.69803922 0.69803922
v 0.73235905 0.18889061 -0.00040951 0.69803922 0.69803922 0.69803922
v 0.72541487 0.19260983 0.00577954 0.69803922 0.69803922 0.69803922
v 0.71548051 0.19160524 -0.00259308 0.69803922 0.69803922 0.69803922
v 0.75778955 0.20092888 -0.00976984 0.69803922 0.69803922 0.69803922
v 0.74906623 0.19616067 -0.00832031 0.69803922 0.69803922 0.69803922
v 0.75644958 0.20632747 -0.00377958 0.69803922 0.69803922 0.69803922
v 0.76558197 0.20576042 -0.01025356 0.69803922 0.69803922 0.69803922
v 0.76481122 0.21321833 -0.00677116 0.69803922 0.69803922 0.69803922
v 0.77264708 0.21661773 -0.00884322 0.69803922 0.69803922 0.69803922
v 0.77097064 0.22534905 -0.01243612 0.69803922 0.69803922 0.69803922
v 0.75918156 0.22423080 -0.00863311 0.69803922 0.69803922 0.69803922
v 0.75256073 0.23557238 -0.03254079 0.69803922 0.69803922 0.69803922
v 0.76694781 0.23323581 -0.03264562 0.69803922 0.69803922 0.69803922
v 0.76413691 0.23395248 -0.04341249 0.69803922 0.69803922 0.69803922
v 0.74959427 0.23584850 -0.04294103 0.69803922 0.69803922 0.69803922
v 0.75478333 0.22867899 -0.06155693 0.69803922 0.69803922 0.69803922
v 0.74140817 0.23098874 -0.05958151 0.69803922 0.69803922 0.69803922
v 0.74583840 0.23353365 -0.05122009 0.69803922 0.69803922 0.69803922
v 0.76048791 0.23107502 -0.05235198 0.69803922 0.69803922 0.69803922
v 0.74268502 0.20411964 -0.04219111 0.69803922 0.69803922 0.69803922
v 0.74475187 0.20325379 -0.03632488 0.69803922 0.69803922 0.69803922
v 0.73516691 0.20113769 -0.03621079 0.69803922 0.69803922 0.69803922
v 0.73262256 0.20241535 -0.04254905 0.69803922 0.69803922 0.69803922
v 0.75358379 0.21030147 0.00644974 0.69803922 0.69803922 0.69803922
v 0.75496417 0.20654808 0.00471287 0.69803922 0.69803922 0.69803922
v 0.75544190 0.21393657 -0.00211488 0.69803922 0.69803922 0.69803922
v 0.74973136 0.21778896 -0.00041877 0.69803922 0.69803922 0.69803922
v 0.70688057 0.19498715 -0.05379326 0.69803922 0.69803922 0.69803922
v 0.70643824 0.19541475 -0.04623302 0.69803922 0.69803922 0.69803922
v 0.69569653 0.19749102 -0.04329071 0.69803922 0.69803922 0.69803922
v 0.69516277 0.19730137 -0.05178829 0.69803922 0.69803922 0.69803922
v 0.70030189 0.19407617 -0.01735273 0.69803922 0.69803922 0.69803922
v 0.69645315 0.20568202 -0.00940507 0.69803922 0.69803922 0.69803922
v 0.68952274 0.20730644 -0.01395123 0.69803922 0.69803922 0.69803922
v 0.69499505 0.19803894 -0.02424120 0.69803922 0.69803922 0.69803922
v 0.70695704 0.19208197 -0.01055392 0.69803922 0.69803922 0.69803922
v 0.71282059 0.20231080 0.00140677 0.69803922 0.69803922 0.69803922
v 0.70342582 0.20365161 -0.00435005 0.69803922 0.69803922 0.69803922
v 0.72346050 0.20140697 0.00884782 0.69803922 0.69803922 0.69803922
v 0.69363523 0.20014577 -0.06179695 0.69803922 0.69803922 0.69803922
v 0.70178437 0.19812672 -0.06562395 0.69803922 0.69803922 0.69803922
v 0.82220984 0.20863943 -0.01243658 0.69803922 0.69803922 0.69803922
v 0.81648755 0.20888735 -0.01227249 0.69803922 0.69803922 0.69803922
v 0.81707209 0.20737405 -0.01736059 0.69803922 0.69803922 0.69803922
v 0.82292944 0.20739420 -0.01744606 0.69803922 0.69803922 0.69803922
v 0.70006239 0.21661791 -0.07327864 0.69803922 0.69803922 0.69803922
v 0.69342387 0.21572854 -0.07104592 0.69803922 0.69803922 0.69803922
v 0.69462961 0.22524197 -0.06977172 0.69803922 0.69803922 0.69803922
v 0.70174164 0.22578917 -0.07003933 0.69803922 0.69803922 0.69803922
v 0.70853740 0.21718371 -0.07615446 0.69803922 0.69803922 0.69803922
v 0.71097499 0.22637284 -0.07092015 0.69803922 0.69803922 0.69803922
v 0.82492650 0.22169790 -0.01135636 0.69803922 0.69803922 0.69803922
v 0.81886274 0.22273265 -0.01204893 0.69803922 0.69803922 0.69803922
v 0.81776887 0.21825607 -0.00958295 0.69803922 0.69803922 0.69803922
v 0.82363492 0.21720232 -0.00926093 0.69803922 0.69803922 0.69803922
v 0.75842667 0.20249994 -0.02716977 0.69803922 0.69803922 0.69803922
v 0.76294756 0.20155244 -0.01821235 0.69803922 0.69803922 0.69803922
v 0.78094047 0.20360918 -0.02054907 0.69803922 0.69803922 0.69803922
v 0.77976626 0.20555437 -0.01444888 0.69803922 0.69803922 0.69803922
v 0.77149767 0.20346665 -0.01631693 0.69803922 0.69803922 0.69803922
v 0.76940411 0.20307422 -0.02591846 0.69803922 0.69803922 0.69803922
v 0.76146060 0.20509654 -0.04563782 0.69803922 0.69803922 0.69803922
v 0.76601386 0.20447105 -0.03845380 0.69803922 0.69803922 0.69803922
v 0.75537950 0.20474961 -0.03857976 0.69803922 0.69803922 0.69803922
v 0.75120097 0.20519941 -0.04592687 0.69803922 0.69803922 0.69803922
v 0.74735379 0.20278938 -0.05740611 0.69803922 0.69803922 0.69803922
v 0.74689221 0.20082770 -0.06324828 0.69803922 0.69803922 0.69803922
v 0.75550026 0.20139594 -0.06423100 0.69803922 0.69803922 0.69803922
v 0.75725442 0.20338851 -0.05779911 0.69803922 0.69803922 0.69803922
v 0.77771664 0.20501684 -0.05276849 0.69803922 0.69803922 0.69803922
v 0.77617180 0.20499858 -0.05831359 0.69803922 0.69803922 0.69803922
v 0.78508496 0.20790227 -0.05882491 0.69803922 0.69803922 0.69803922
v 0.78710490 0.20735121 -0.05345688 0.69803922 0.69803922 0.69803922
v 0.68674529 0.21595171 -0.06946035 0.69803922 0.69803922 0.69803922
v 0.68750262 0.22570299 -0.06917590 0.69803922 0.69803922 0.69803922
v 0.74513793 0.22130726 -0.07848413 0.69803922 0.69803922 0.69803922
v 0.75419378 0.22006312 -0.08187619 0.69803922 0.69803922 0.69803922
v 0.74995160 0.21264626 -0.08779032 0.69803922 0.69803922 0.69803922
v 0.74067551 0.21394433 -0.08450817 0.69803922 0.69803922 0.69803922
v 0.70480591 0.23319407 -0.06321307 0.69803922 0.69803922 0.69803922
v 0.69726932 0.23376089 -0.06344216 0.69803922 0.69803922 0.69803922
v 0.82619917 0.22404084 -0.01622920 0.69803922 0.69803922 0.69803922
v 0.82013971 0.22535847 -0.01684855 0.69803922 0.69803922 0.69803922
v 0.72590232 0.21154375 0.00776772 0.69803922 0.69803922 0.69803922
v 0.71464682 0.21403807 0.00010392 0.69803922 0.69803922 0.69803922
v 0.70503116 0.21605480 -0.00595345 0.69803922 0.69803922 0.69803922
v 0.69766730 0.21787579 -0.00966972 0.69803922 0.69803922 0.69803922
v 0.69057977 0.21980131 -0.01097490 0.69803922 0.69803922 0.69803922
v 0.77438211 0.20361130 -0.03061344 0.69803922 0.69803922 0.69803922
v 0.75257510 0.20388868 -0.03456023 0.69803922 0.69803922 0.69803922
v 0.74079448 0.20410122 -0.04648630 0.69803922 0.69803922 0.69803922
v 0.73478121 0.19689019 -0.07422195 0.69803922 0.69803922 0.69803922
v 0.73762506 0.19784433 -0.06724329 0.69803922 0.69803922 0.69803922
v 0.73065341 0.19665824 -0.06457485 0.69803922 0.69803922 0.69803922
v 0.72668254 0.19663449 -0.07393632 0.69803922 0.69803922 0.69803922
v 0.73947757 0.20532104 -0.08526216 0.69803922 0.69803922 0.69803922
v 0.74871391 0.20467411 -0.08735417 0.69803922 0.69803922 0.69803922
v 0.75011957 0.19969051 -0.08268804 0.69803922 0.69803922 0.69803922
v 0.74150997 0.19956033 -0.08103463 0.69803922 0.69803922 0.69803922
v 0.75137705 0.21321435 0.01016763 0.69803922 0.69803922 0.69803922
v 0.74359894 0.21872561 0.00333703 0.69803922 0.69803922 0.69803922
v 0.69975346 0.20662290 -0.07216180 0.69803922 0.69803922 0.69803922
v 0.69273269 0.20698206 -0.06850979 0.69803922 0.69803922 0.69803922
v 0.68636769 0.20813228 -0.06539394 0.69803922 0.69803922 0.69803922
v 0.71926796 0.19846703 -0.04498718 0.69803922 0.69803922 0.69803922
v 0.72103149 0.19805758 -0.04088422 0.69803922 0.69803922 0.69803922
v 0.70765507 0.19356467 -0.03565715 0.69803922 0.69803922 0.69803922
v 0.70644563 0.19512671 -0.04145246 0.69803922 0.69803922 0.69803922
v 0.72894424 0.19198494 -0.02502232 0.69803922 0.69803922 0.69803922
v 0.73522252 0.19039886 -0.01466780 0.69803922 0.69803922 0.69803922
v 0.71638906 0.18857263 -0.02013154 0.69803922 0.69803922 0.69803922
v 0.69538218 0.19744700 -0.03545911 0.69803922 0.69803922 0.69803922
v 0.68674499 0.20086855 -0.03277503 0.69803922 0.69803922 0.69803922
v 0.68694150 0.20033121 -0.04163980 0.69803922 0.69803922 0.69803922
v 0.68672419 0.20079111 -0.05063584 0.69803922 0.69803922 0.69803922
v 0.68641502 0.20307581 -0.05932094 0.69803922 0.69803922 0.69803922
v 0.67694771 0.20219094 -0.03166801 0.69803922 0.69803922 0.69803922
v 0.67736053 0.20087293 -0.04052486 0.69803922 0.69803922 0.69803922
v 0.67755401 0.20145516 -0.04991417 0.69803922 0.69803922 0.69803922
v 0.67776936 0.20428091 -0.05800213 0.69803922 0.69803922 0.69803922
v 0.67904794 0.23683617 -0.06367944 0.69803922 0.69803922 0.69803922
v 0.68900681 0.23514512 -0.06367109 0.69803922 0.69803922 0.69803922
v 0.67819768 0.22629370 -0.06815509 0.69803922 0.69803922 0.69803922
v 0.67903244 0.21185939 -0.01523999 0.69803922 0.69803922 0.69803922
v 0.67741883 0.20609343 -0.02320975 0.69803922 0.69803922 0.69803922
v 0.68709755 0.20325452 -0.02330667 0.69803922 0.69803922 0.69803922
v 0.68128288 0.22179760 -0.01217982 0.69803922 0.69803922 0.69803922
v 0.73873937 0.19098116 0.00628580 0.69803922 0.69803922 0.69803922
v 0.74514717 0.19338702 0.00137438 0.69803922 0.69803922 0.69803922
v 0.74976903 0.19402508 0.00692695 0.69803922 0.69803922 0.69803922
v 0.74484688 0.19210747 0.01167281 0.69803922 0.69803922 0.69803922
v 0.77253962 0.20913175 -0.01031666 0.69803922 0.69803922 0.69803922
v 0.78004086 0.21110897 -0.01044250 0.69803922 0.69803922 0.69803922
v 0.78067082 0.21821728 -0.00995935 0.69803922 0.69803922 0.69803922
v 0.71041262 0.19723578 -0.06992801 0.69803922 0.69803922 0.69803922
v 0.71488810 0.19519073 -0.05944226 0.69803922 0.69803922 0.69803922
v 0.78327209 0.20404318 -0.02608196 0.69803922 0.69803922 0.69803922
v 0.81159168 0.22353117 -0.01264532 0.69803922 0.69803922 0.69803922
v 0.79921377 0.22421211 -0.01308181 0.69803922 0.69803922 0.69803922
v 0.79774874 0.21856755 -0.01046654 0.69803922 0.69803922 0.69803922
v 0.81061006 0.21868001 -0.00995342 0.69803922 0.69803922 0.69803922
v 0.79241383 0.20847361 -0.02959696 0.69803922 0.69803922 0.69803922
v 0.80037504 0.21076255 -0.02785046 0.69803922 0.69803922 0.69803922
v 0.79796493 0.20700231 -0.02349633 0.69803922 0.69803922 0.69803922
v 0.78999811 0.20586449 -0.02427607 0.69803922 0.69803922 0.69803922
v 0.77370650 0.20382079 -0.06475493 0.69803922 0.69803922 0.69803922
v 0.78114426 0.20616736 -0.06506542 0.69803922 0.69803922 0.69803922
v 0.78110957 0.22768767 -0.03298709 0.69803922 0.69803922 0.69803922
v 0.76877660 0.23191069 -0.02163960 0.69803922 0.69803922 0.69803922
v 0.78043473 0.22998621 -0.02206645 0.69803922 0.69803922 0.69803922
v 0.75895643 0.20456624 -0.05206219 0.69803922 0.69803922 0.69803922
v 0.76694500 0.20380157 -0.05809845 0.69803922 0.69803922 0.69803922
v 0.76850849 0.20440619 -0.05247481 0.69803922 0.69803922 0.69803922
v 0.77779257 0.20403545 -0.03307091 0.69803922 0.69803922 0.69803922
v 0.77391255 0.20440319 -0.03818186 0.69803922 0.69803922 0.69803922
v 0.78169376 0.20526469 -0.03697927 0.69803922 0.69803922 0.69803922
v 0.78428274 0.20501459 -0.03097802 0.69803922 0.69803922 0.69803922
v 0.72820115 0.20418455 -0.08279777 0.69803922 0.69803922 0.69803922
v 0.72962642 0.21580461 -0.08156534 0.69803922 0.69803922 0.69803922
v 0.81675512 0.21315566 -0.00965102 0.69803922 0.69803922 0.69803922
v 0.82258308 0.21253495 -0.00971823 0.69803922 0.69803922 0.69803922
v 0.67777044 0.21625803 -0.06748340 0.69803922 0.69803922 0.69803922
v 0.67774671 0.20898072 -0.06391942 0.69803922 0.69803922 0.69803922
v 0.74878645 0.20448412 -0.05156881 0.69803922 0.69803922 0.69803922
v 0.75520051 0.23266110 -0.02095523 0.69803922 0.69803922 0.69803922
v 0.73880273 0.20311061 -0.05102615 0.69803922 0.69803922 0.69803922
v 0.77141899 0.22003898 -0.07174835 0.69803922 0.69803922 0.69803922
v 0.77934468 0.22036155 -0.07268814 0.69803922 0.69803922 0.69803922
v 0.77854174 0.21391039 -0.07415874 0.69803922 0.69803922 0.69803922
v 0.77089167 0.21350326 -0.07544136 0.69803922 0.69803922 0.69803922
v 0.81230700 0.21279004 -0.02659148 0.69803922 0.69803922 0.69803922
v 0.81966358 0.21377733 -0.02597067 0.69803922 0.69803922 0.69803922
v 0.81843913 0.20942195 -0.02248049 0.69803922 0.69803922 0.69803922
v 0.81074309 0.20841673 -0.02266548 0.69803922 0.69803922 0.69803922
v 0.78785360 0.20543002 -0.01915791 0.69803922 0.69803922 0.69803922
v 0.79633158 0.20586859 -0.01833676 0.69803922 0.69803922 0.69803922
v 0.79556406 0.20798858 -0.01339569 0.69803922 0.69803922 0.69803922
v 0.78669322 0.20729585 -0.01387172 0.69803922 0.69803922 0.69803922
v 0.78720951 0.21238317 -0.01088907 0.69803922 0.69803922 0.69803922
v 0.79636091 0.21293396 -0.01075486 0.69803922 0.69803922 0.69803922
v 0.81361610 0.21922870 -0.02747797 0.69803922 0.69803922 0.69803922
v 0.80222923 0.21792579 -0.02858203 0.69803922 0.69803922 0.69803922
v 0.80115706 0.22481163 -0.02527381 0.69803922 0.69803922 0.69803922
v 0.81352180 0.22475927 -0.02360276 0.69803922 0.69803922 0.69803922
v 0.72827119 0.23333891 -0.05759716 0.69803922 0.69803922 0.69803922
v 0.73755634 0.22763130 -0.06833012 0.69803922 0.69803922 0.69803922
v 0.72497141 0.23001437 -0.06577235 0.69803922 0.69803922 0.69803922
v 0.76705354 0.22691032 -0.06373929 0.69803922 0.69803922 0.69803922
v 0.76129174 0.22069444 -0.07239403 0.69803922 0.69803922 0.69803922
v 0.74993318 0.22504090 -0.07057267 0.69803922 0.69803922 0.69803922
v 0.73381943 0.22354272 -0.07537524 0.69803922 0.69803922 0.69803922
v 0.79076213 0.21778111 -0.03561565 0.69803922 0.69803922 0.69803922
v 0.78956014 0.22357176 -0.03735019 0.69803922 0.69803922 0.69803922
v 0.79081798 0.22342899 -0.02879551 0.69803922 0.69803922 0.69803922
v 0.73656881 0.20058125 -0.05755871 0.69803922 0.69803922 0.69803922
v 0.80947757 0.21320158 -0.00999135 0.69803922 0.69803922 0.69803922
v 0.70280367 0.23721430 -0.02004760 0.69803922 0.69803922 0.69803922
v 0.71144652 0.23514697 -0.01962721 0.69803922 0.69803922 0.69803922
v 0.71308082 0.24109009 -0.03276657 0.69803922 0.69803922 0.69803922
v 0.70331633 0.24257505 -0.03136079 0.69803922 0.69803922 0.69803922
v 0.80941814 0.20673609 -0.01739673 0.69803922 0.69803922 0.69803922
v 0.80905366 0.20822605 -0.01241255 0.69803922 0.69803922 0.69803922
v 0.77272415 0.20365690 -0.07138038 0.69803922 0.69803922 0.69803922
v 0.77359670 0.20611979 -0.07651315 0.69803922 0.69803922 0.69803922
v 0.77929848 0.20833781 -0.07463182 0.69803922 0.69803922 0.69803922
v 0.77935612 0.20637085 -0.07047848 0.69803922 0.69803922 0.69803922
v 0.72192538 0.22585364 -0.07277332 0.69803922 0.69803922 0.69803922
v 0.76032680 0.21890205 -0.08511732 0.69803922 0.69803922 0.69803922
v 0.75741327 0.21112712 -0.09033249 0.69803922 0.69803922 0.69803922
v 0.71365529 0.23225962 -0.06404802 0.69803922 0.69803922 0.69803922
v 0.70747298 0.23803788 -0.05402720 0.69803922 0.69803922 0.69803922
v 0.71651798 0.23590955 -0.05564341 0.69803922 0.69803922 0.69803922
v 0.77568448 0.22677892 -0.05313145 0.69803922 0.69803922 0.69803922
v 0.73193479 0.23574021 -0.05000933 0.69803922 0.69803922 0.69803922
v 0.71960145 0.23806703 -0.04803522 0.69803922 0.69803922 0.69803922
v 0.70963019 0.24056253 -0.04495192 0.69803922 0.69803922 0.69803922
v 0.70154834 0.24254569 -0.04338812 0.69803922 0.69803922 0.69803922
v 0.69976842 0.23951806 -0.05334364 0.69803922 0.69803922 0.69803922
v 0.81269479 0.22626647 -0.01765624 0.69803922 0.69803922 0.69803922
v 0.82088101 0.22422989 -0.02263247 0.69803922 0.69803922 0.69803922
v 0.68023753 0.24330336 -0.05420764 0.69803922 0.69803922 0.69803922
v 0.69087571 0.24128807 -0.05331474 0.69803922 0.69803922 0.69803922
v 0.68146294 0.24576905 -0.04352079 0.69803922 0.69803922 0.69803922
v 0.69257218 0.24426375 -0.04299000 0.69803922 0.69803922 0.69803922
v 0.72499299 0.23897235 -0.03065877 0.69803922 0.69803922 0.69803922
v 0.72273678 0.23958865 -0.03961391 0.69803922 0.69803922 0.69803922
v 0.73860049 0.23721938 -0.03219102 0.69803922 0.69803922 0.69803922
v 0.73540336 0.23755616 -0.04195469 0.69803922 0.69803922 0.69803922
v 0.77756649 0.23135771 -0.04369468 0.69803922 0.69803922 0.69803922
v 0.83550280 0.21891356 -0.02389427 0.69803922 0.69803922 0.69803922
v 0.83471179 0.21444950 -0.02489980 0.69803922 0.69803922 0.69803922
v 0.82615614 0.21410537 -0.02560309 0.69803922 0.69803922 0.69803922
v 0.82722551 0.21922041 -0.02479617 0.69803922 0.69803922 0.69803922
v 0.82071811 0.21940786 -0.02605829 0.69803922 0.69803922 0.69803922
v 0.82712442 0.22341539 -0.02163817 0.69803922 0.69803922 0.69803922
v 0.74132901 0.23335958 -0.02042483 0.69803922 0.69803922 0.69803922
v 0.78937775 0.20783810 -0.03624655 0.69803922 0.69803922 0.69803922
v 0.72550821 0.23205571 -0.01693472 0.69803922 0.69803922 0.69803922
v 0.73571843 0.22596538 -0.00474068 0.69803922 0.69803922 0.69803922
v 0.74639583 0.22749056 -0.00816822 0.69803922 0.69803922 0.69803922
v 0.71850353 0.22445889 -0.00501342 0.69803922 0.69803922 0.69803922
v 0.70809233 0.22705059 -0.01014166 0.69803922 0.69803922 0.69803922
v 0.69288456 0.23023717 -0.01308524 0.69803922 0.69803922 0.69803922
v 0.69994688 0.22873804 -0.01260367 0.69803922 0.69803922 0.69803922
v 0.68303430 0.23202707 -0.01339960 0.69803922 0.69803922 0.69803922
v 0.72937906 0.22038248 0.00267581 0.69803922 0.69803922 0.69803922
v 0.83062470 0.20719177 -0.01825533 0.69803922 0.69803922 0.69803922
v 0.82991201 0.20778827 -0.01294481 0.69803922 0.69803922 0.69803922
v 0.69469154 0.23873353 -0.02005777 0.69803922 0.69803922 0.69803922
v 0.68382490 0.24086863 -0.02053388 0.69803922 0.69803922 0.69803922
v 0.74114662 0.19127159 -0.00551703 0.69803922 0.69803922 0.69803922
v 0.72906274 0.20121226 -0.04993188 0.69803922 0.69803922 0.69803922
v 0.72703838 0.19879264 -0.05475456 0.69803922 0.69803922 0.69803922
v 0.72332633 0.19571076 -0.06219299 0.69803922 0.69803922 0.69803922
v 0.71886969 0.19651125 -0.07260012 0.69803922 0.69803922 0.69803922
v 0.68300223 0.24618270 -0.03180154 0.69803922 0.69803922 0.69803922
v 0.66326171 0.19980843 -0.03891151 0.69803922 0.69803922 0.69803922
v 0.66345322 0.19970401 -0.04839657 0.69803922 0.69803922 0.69803922
v 0.66727835 0.24644972 -0.04501358 0.69803922 0.69803922 0.69803922
v 0.83048201 0.21130653 -0.00996129 0.69803922 0.69803922 0.69803922
v 0.78866518 0.21429487 -0.05785005 0.69803922 0.69803922 0.69803922
v 0.79033792 0.21333072 -0.05555813 0.69803922 0.69803922 0.69803922
v 0.73322845 0.19353877 0.01138679 0.69803922 0.69803922 0.69803922
v 0.74116778 0.19451433 0.01608627 0.69803922 0.69803922 0.69803922
v 0.74434757 0.20715418 0.01856906 0.69803922 0.69803922 0.69803922
v 0.73510689 0.20922524 0.01396559 0.69803922 0.69803922 0.69803922
v 0.73226130 0.20072496 0.01455404 0.69803922 0.69803922 0.69803922
v 0.74147779 0.20017950 0.01856557 0.69803922 0.69803922 0.69803922
v 0.71844518 0.19797626 -0.04835017 0.69803922 0.69803922 0.69803922
v 0.71750653 0.19683053 -0.05299450 0.69803922 0.69803922 0.69803922
v 0.71874678 0.21710742 -0.07883138 0.69803922 0.69803922 0.69803922
v 0.71756244 0.20575744 -0.08013349 0.69803922 0.69803922 0.69803922
v 0.78832936 0.21864848 -0.01062241 0.69803922 0.69803922 0.69803922
v 0.78927338 0.22454171 -0.01392698 0.69803922 0.69803922 0.69803922
v 0.78092653 0.22545737 -0.01365438 0.69803922 0.69803922 0.69803922
v 0.79999024 0.22718315 -0.01911597 0.69803922 0.69803922 0.69803922
v 0.79433024 0.21580771 -0.03061673 0.69803922 0.69803922 0.69803922
v 0.79226226 0.21323675 -0.03478050 0.69803922 0.69803922 0.69803922
v 0.72423732 0.19579934 -0.03426813 0.69803922 0.69803922 0.69803922
v 0.71116501 0.19108687 -0.02877942 0.69803922 0.69803922 0.69803922
v 0.75356710 0.20013160 0.00344271 0.69803922 0.69803922 0.69803922
v 0.75061440 0.19834444 -0.00173868 0.69803922 0.69803922 0.69803922
v 0.77045178 0.20452558 -0.04543249 0.69803922 0.69803922 0.69803922
v 0.78798336 0.22587080 -0.05087769 0.69803922 0.69803922 0.69803922
v 0.78806549 0.22905082 -0.04374736 0.69803922 0.69803922 0.69803922
v 0.77887040 0.20519093 -0.04501296 0.69803922 0.69803922 0.69803922
v 0.83189446 0.21568066 -0.00927151 0.69803922 0.69803922 0.69803922
v 0.83322448 0.22018370 -0.01120249 0.69803922 0.69803922 0.69803922
v 0.78977251 0.22809471 -0.02084369 0.69803922 0.69803922 0.69803922
v 0.76477861 0.20225419 -0.06479117 0.69803922 0.69803922 0.69803922
v 0.78973567 0.22005169 -0.05427172 0.69803922 0.69803922 0.69803922
v 0.78282094 0.22264491 -0.05762483 0.69803922 0.69803922 0.69803922
v 0.75536472 0.20451212 -0.08877441 0.69803922 0.69803922 0.69803922
v 0.69448340 0.24432062 -0.03102065 0.69803922 0.69803922 0.69803922
v 0.82433885 0.20935509 -0.02272435 0.69803922 0.69803922 0.69803922
v 0.83227021 0.20941740 -0.02312878 0.69803922 0.69803922 0.69803922
v 0.83502913 0.22199398 -0.02095701 0.69803922 0.69803922 0.69803922
v 0.83400023 0.22267966 -0.01606901 0.69803922 0.69803922 0.69803922
v 0.70832533 0.20637466 -0.07643126 0.69803922 0.69803922 0.69803922
v 0.73068607 0.20223257 -0.04631833 0.69803922 0.69803922 0.69803922
v 0.66351473 0.20214240 -0.05707763 0.69803922 0.69803922 0.69803922
v 0.73863167 0.21648391 0.00951832 0.69803922 0.69803922 0.69803922
v 0.74804139 0.21276614 0.01520655 0.69803922 0.69803922 0.69803922
v 0.78664947 0.20651005 -0.04500963 0.69803922 0.69803922 0.69803922
v 0.76542729 0.21762304 -0.07865822 0.69803922 0.69803922 0.69803922
v 0.78676057 0.22388107 -0.06075326 0.69803922 0.69803922 0.69803922
v 0.78242493 0.22564782 -0.06707310 0.69803922 0.69803922 0.69803922
v 0.77560961 0.22589633 -0.06559117 0.69803922 0.69803922 0.69803922
v 0.78980684 0.21902514 -0.05917026 0.69803922 0.69803922 0.69803922
v 0.84100598 0.22199838 -0.01586332 0.69803922 0.69803922 0.69803922
v 0.84178889 0.22134884 -0.02068395 0.69803922 0.69803922 0.69803922
v 0.84049362 0.21954381 -0.01095124 0.69803922 0.69803922 0.69803922
v 0.83850801 0.21499896 -0.00952294 0.69803922 0.69803922 0.69803922
v 0.83652723 0.21093273 -0.01031258 0.69803922 0.69803922 0.69803922
v 0.84200001 0.21841529 -0.02352440 0.69803922 0.69803922 0.69803922
v 0.84088910 0.21430509 -0.02445891 0.69803922 0.69803922 0.69803922
v 0.83801425 0.20954549 -0.02277580 0.69803922 0.69803922 0.69803922
v 0.84759468 0.21764565 -0.02355106 0.69803922 0.69803922 0.69803922
v 0.84861928 0.22045399 -0.02055881 0.69803922 0.69803922 0.69803922
v 0.85344553 0.21662042 -0.01044655 0.69803922 0.69803922 0.69803922
v 0.85511714 0.21880181 -0.01242924 0.69803922 0.69803922 0.69803922
v 0.85147732 0.21957131 -0.01276273 0.69803922 0.69803922 0.69803922
v 0.84803432 0.21890199 -0.01101797 0.69803922 0.69803922 0.69803922
v 0.85834110 0.21540983 -0.01117481 0.69803922 0.69803922 0.69803922
v 0.85971612 0.21807902 -0.01286336 0.69803922 0.69803922 0.69803922
v 0.85545313 0.22045404 -0.01598817 0.69803922 0.69803922 0.69803922
v 0.85092378 0.22078803 -0.01564216 0.69803922 0.69803922 0.69803922
v 0.86042893 0.21993726 -0.01650745 0.69803922 0.69803922 0.69803922
v 0.85997361 0.21916169 -0.02026723 0.69803922 0.69803922 0.69803922
v 0.85516810 0.21951020 -0.01963993 0.69803922 0.69803922 0.69803922
v 0.85144210 0.22024204 -0.01866953 0.69803922 0.69803922 0.69803922
v 0.84714556 0.22138962 -0.01566840 0.69803922 0.69803922 0.69803922
v 0.86263257 0.21504389 -0.01318094 0.69803922 0.69803922 0.69803922
v 0.86506724 0.21574010 -0.01742105 0.69803922 0.69803922 0.69803922
v 0.86446273 0.21882863 -0.01694332 0.69803922 0.69803922 0.69803922
v 0.86291206 0.21759482 -0.01364915 0.69803922 0.69803922 0.69803922
v 0.84477735 0.21447228 -0.00977633 0.69803922 0.69803922 0.69803922
v 0.85143530 0.21327063 -0.01040012 0.69803922 0.69803922 0.69803922
v 0.85699308 0.21218963 -0.01159796 0.69803922 0.69803922 0.69803922
v 0.86136997 0.21199536 -0.01398427 0.69803922 0.69803922 0.69803922
v 0.85040599 0.20974782 -0.01167080 0.69803922 0.69803922 0.69803922
v 0.85622185 0.20961638 -0.01330275 0.69803922 0.69803922 0.69803922
v 0.85981214 0.20982820 -0.01548818 0.69803922 0.69803922 0.69803922
v 0.85015923 0.20743841 -0.01460133 0.69803922 0.69803922 0.69803922
v 0.85602373 0.20823939 -0.01588769 0.69803922 0.69803922 0.69803922
v 0.84249038 0.21052460 -0.01072820 0.69803922 0.69803922 0.69803922
v 0.84143543 0.20766473 -0.01361211 0.69803922 0.69803922 0.69803922
v 0.85867459 0.20898920 -0.01684146 0.69803922 0.69803922 0.69803922
v 0.86365634 0.21293232 -0.01822295 0.69803922 0.69803922 0.69803922
v 0.85418582 0.21848334 -0.02228672 0.69803922 0.69803922 0.69803922
v 0.85930097 0.21740025 -0.02265497 0.69803922 0.69803922 0.69803922
v 0.85339385 0.21629897 -0.02393212 0.69803922 0.69803922 0.69803922
v 0.85860306 0.21522249 -0.02385058 0.69803922 0.69803922 0.69803922
v 0.86344510 0.21880494 -0.02034838 0.69803922 0.69803922 0.69803922
v 0.86351418 0.21666515 -0.02169419 0.69803922 0.69803922 0.69803922
v 0.83555841 0.20779710 -0.01330923 0.69803922 0.69803922 0.69803922
v 0.83621830 0.20752053 -0.01858495 0.69803922 0.69803922 0.69803922
v 0.84195119 0.20732558 -0.01855783 0.69803922 0.69803922 0.69803922
v 0.85041720 0.20704448 -0.01933704 0.69803922 0.69803922 0.69803922
v 0.84366965 0.20966546 -0.02268262 0.69803922 0.69803922 0.69803922
v 0.84648681 0.21388642 -0.02437947 0.69803922 0.69803922 0.69803922
v 0.85261297 0.21338469 -0.02430303 0.69803922 0.69803922 0.69803922
v 0.85121876 0.20968647 -0.02312941 0.69803922 0.69803922 0.69803922
v 0.85757202 0.21256769 -0.02373907 0.69803922 0.69803922 0.69803922
v 0.85667938 0.20995153 -0.02252846 0.69803922 0.69803922 0.69803922
v 0.85628396 0.20827280 -0.01950912 0.69803922 0.69803922 0.69803922
v 0.86073476 0.21174565 -0.02218787 0.69803922 0.69803922 0.69803922
v 0.86236084 0.21411110 -0.02234667 0.69803922 0.69803922 0.69803922
v 0.86143100 0.21080790 -0.01889435 0.69803922 0.69803922 0.69803922
v 0.85925192 0.20940283 -0.01932264 0.69803922 0.69803922 0.69803922
v 0.85924762 0.21023588 -0.02155111 0.69803922 0.69803922 0.69803922
v 0.82861960 0.21000321 -0.04616829 0.69803922 0.69803922 0.69803922
v 0.82114857 0.21059465 -0.04472717 0.69803922 0.69803922 0.69803922
v 0.82070690 0.20977053 -0.04949278 0.69803922 0.69803922 0.69803922
v 0.82837301 0.20937914 -0.05109682 0.69803922 0.69803922 0.69803922
v 0.82932657 0.22269428 -0.04289602 0.69803922 0.69803922 0.69803922
v 0.82238710 0.22389820 -0.04224186 0.69803922 0.69803922 0.69803922
v 0.82217705 0.21840869 -0.04065723 0.69803922 0.69803922 0.69803922
v 0.82917017 0.21707451 -0.04173555 0.69803922 0.69803922 0.69803922
v 0.82883257 0.22553377 -0.04856986 0.69803922 0.69803922 0.69803922
v 0.82196313 0.22701392 -0.04797145 0.69803922 0.69803922 0.69803922
v 0.81414801 0.22472270 -0.04104285 0.69803922 0.69803922 0.69803922
v 0.80005127 0.22398242 -0.03940173 0.69803922 0.69803922 0.69803922
v 0.80000895 0.21790780 -0.03820815 0.69803922 0.69803922 0.69803922
v 0.81399304 0.21887474 -0.03965306 0.69803922 0.69803922 0.69803922
v 0.79862118 0.21359336 -0.05539985 0.69803922 0.69803922 0.69803922
v 0.79700643 0.20974754 -0.05184008 0.69803922 0.69803922 0.69803922
v 0.82169205 0.21375862 -0.04207503 0.69803922 0.69803922 0.69803922
v 0.82897985 0.21265633 -0.04312620 0.69803922 0.69803922 0.69803922
v 0.81270039 0.21444331 -0.05669561 0.69803922 0.69803922 0.69803922
v 0.82154465 0.21480688 -0.05782366 0.69803922 0.69803922 0.69803922
v 0.82096857 0.21122190 -0.05437232 0.69803922 0.69803922 0.69803922
v 0.81202358 0.21068889 -0.05311311 0.69803922 0.69803922 0.69803922
v 0.79681486 0.20834230 -0.04572904 0.69803922 0.69803922 0.69803922
v 0.79790610 0.20917282 -0.03991099 0.69803922 0.69803922 0.69803922
v 0.79933679 0.21303456 -0.03804240 0.69803922 0.69803922 0.69803922
v 0.81344330 0.22009371 -0.05719643 0.69803922 0.69803922 0.69803922
v 0.79984409 0.22007416 -0.05549067 0.69803922 0.69803922 0.69803922
v 0.79966116 0.22603613 -0.05182074 0.69803922 0.69803922 0.69803922
v 0.81384575 0.22548100 -0.05371229 0.69803922 0.69803922 0.69803922
v 0.81330454 0.21386471 -0.04048382 0.69803922 0.69803922 0.69803922
v 0.81170720 0.20942000 -0.04769091 0.69803922 0.69803922 0.69803922
v 0.81245184 0.21024932 -0.04284499 0.69803922 0.69803922 0.69803922
v 0.81371135 0.22779721 -0.04703709 0.69803922 0.69803922 0.69803922
v 0.82202852 0.22458979 -0.05459252 0.69803922 0.69803922 0.69803922
v 0.83899570 0.21895723 -0.05869171 0.69803922 0.69803922 0.69803922
v 0.83906347 0.21465160 -0.05971852 0.69803922 0.69803922 0.69803922
v 0.82910776 0.21461311 -0.05893788 0.69803922 0.69803922 0.69803922
v 0.82943350 0.21940280 -0.05844994 0.69803922 0.69803922 0.69803922
v 0.82207978 0.21968913 -0.05784638 0.69803922 0.69803922 0.69803922
v 0.82905501 0.22372147 -0.05482614 0.69803922 0.69803922 0.69803922
v 0.83915001 0.20888247 -0.05329807 0.69803922 0.69803922 0.69803922
v 0.83909798 0.20918773 -0.04811693 0.69803922 0.69803922 0.69803922
v 0.83932811 0.21150516 -0.04491151 0.69803922 0.69803922 0.69803922
v 0.79968786 0.22874686 -0.04506635 0.69803922 0.69803922 0.69803922
v 0.83922374 0.21553829 -0.04362201 0.69803922 0.69803922 0.69803922
v 0.83903694 0.22107500 -0.04432705 0.69803922 0.69803922 0.69803922
v 0.82864165 0.21091364 -0.05591287 0.69803922 0.69803922 0.69803922
v 0.83885938 0.21056223 -0.05765541 0.69803922 0.69803922 0.69803922
v 0.83848667 0.22260702 -0.05539369 0.69803922 0.69803922 0.69803922
v 0.83815140 0.22413836 -0.04959903 0.69803922 0.69803922 0.69803922
v 0.84638250 0.22283429 -0.05092141 0.69803922 0.69803922 0.69803922
v 0.84633970 0.22148675 -0.05619490 0.69803922 0.69803922 0.69803922
v 0.84726030 0.22021030 -0.04583037 0.69803922 0.69803922 0.69803922
v 0.84661990 0.21507078 -0.04498399 0.69803922 0.69803922 0.69803922
v 0.84594977 0.21139236 -0.04619787 0.69803922 0.69803922 0.69803922
v 0.84654766 0.21857974 -0.05902907 0.69803922 0.69803922 0.69803922
v 0.84613246 0.21487530 -0.06004422 0.69803922 0.69803922 0.69803922
v 0.84524995 0.21085466 -0.05831711 0.69803922 0.69803922 0.69803922
v 0.85367745 0.21806793 -0.05994730 0.69803922 0.69803922 0.69803922
v 0.85471767 0.22077627 -0.05748414 0.69803922 0.69803922 0.69803922
v 0.86722380 0.21684642 -0.04982864 0.69803922 0.69803922 0.69803922
v 0.86788279 0.21971035 -0.05132677 0.69803922 0.69803922 0.69803922
v 0.86266154 0.21993284 -0.05039871 0.69803922 0.69803922 0.69803922
v 0.86160070 0.21789880 -0.04817348 0.69803922 0.69803922 0.69803922
v 0.85890228 0.22069256 -0.05021595 0.69803922 0.69803922 0.69803922
v 0.85565740 0.21984376 -0.04768159 0.69803922 0.69803922 0.69803922
v 0.86248589 0.22122659 -0.05397752 0.69803922 0.69803922 0.69803922
v 0.85814446 0.22149871 -0.05319497 0.69803922 0.69803922 0.69803922
v 0.86829275 0.22195783 -0.05521023 0.69803922 0.69803922 0.69803922
v 0.86729884 0.22095323 -0.05882695 0.69803922 0.69803922 0.69803922
v 0.86167884 0.22060694 -0.05729751 0.69803922 0.69803922 0.69803922
v 0.85798353 0.22079580 -0.05615842 0.69803922 0.69803922 0.69803922
v 0.87205148 0.21708788 -0.05244006 0.69803922 0.69803922 0.69803922
v 0.87177634 0.21969445 -0.05251697 0.69803922 0.69803922 0.69803922
v 0.85376799 0.22212629 -0.05237855 0.69803922 0.69803922 0.69803922
v 0.85306913 0.21509051 -0.04640916 0.69803922 0.69803922 0.69803922
v 0.86025131 0.21431205 -0.04781302 0.69803922 0.69803922 0.69803922
v 0.86670673 0.21378627 -0.05002713 0.69803922 0.69803922 0.69803922
v 0.87130105 0.21407589 -0.05310187 0.69803922 0.69803922 0.69803922
v 0.85932672 0.21071520 -0.04901922 0.69803922 0.69803922 0.69803922
v 0.86589414 0.21103477 -0.05131916 0.69803922 0.69803922 0.69803922
v 0.86960822 0.21187718 -0.05426288 0.69803922 0.69803922 0.69803922
v 0.85869652 0.20844774 -0.05227040 0.69803922 0.69803922 0.69803922
v 0.86515844 0.20944078 -0.05413120 0.69803922 0.69803922 0.69803922
v 0.85144961 0.21118361 -0.04742917 0.69803922 0.69803922 0.69803922
v 0.85053390 0.20895883 -0.05045949 0.69803922 0.69803922 0.69803922
v 0.86812949 0.21079980 -0.05547107 0.69803922 0.69803922 0.69803922
v 0.87295777 0.21551141 -0.05720351 0.69803922 0.69803922 0.69803922
v 0.87419921 0.21861236 -0.05670208 0.69803922 0.69803922 0.69803922
v 0.87350452 0.22192302 -0.05601788 0.69803922 0.69803922 0.69803922
v 0.86091709 0.21916044 -0.05917903 0.69803922 0.69803922 0.69803922
v 0.86687273 0.21884958 -0.06023629 0.69803922 0.69803922 0.69803922
v 0.86050260 0.21754548 -0.06110534 0.69803922 0.69803922 0.69803922
v 0.86657131 0.21715130 -0.06163384 0.69803922 0.69803922 0.69803922
v 0.87164050 0.22123770 -0.05949722 0.69803922 0.69803922 0.69803922
v 0.87183005 0.21913391 -0.06022032 0.69803922 0.69803922 0.69803922
v 0.84538752 0.20922542 -0.04938462 0.69803922 0.69803922 0.69803922
v 0.84509790 0.20899828 -0.05407955 0.69803922 0.69803922 0.69803922
v 0.85021245 0.20859841 -0.05505626 0.69803922 0.69803922 0.69803922
v 0.85833180 0.20840369 -0.05695925 0.69803922 0.69803922 0.69803922
v 0.85054296 0.21079500 -0.05915526 0.69803922 0.69803922 0.69803922
v 0.85242569 0.21481967 -0.06084832 0.69803922 0.69803922 0.69803922
v 0.85947853 0.21476533 -0.06172255 0.69803922 0.69803922 0.69803922
v 0.85844094 0.21111006 -0.06057633 0.69803922 0.69803922 0.69803922
v 0.86549681 0.21471190 -0.06175151 0.69803922 0.69803922 0.69803922
v 0.86461711 0.21184386 -0.06084212 0.69803922 0.69803922 0.69803922
v 0.86466265 0.20956677 -0.05801563 0.69803922 0.69803922 0.69803922
v 0.86944330 0.21425764 -0.06069829 0.69803922 0.69803922 0.69803922
v 0.87110674 0.21659777 -0.06078413 0.69803922 0.69803922 0.69803922
v 0.87079507 0.21303380 -0.05771599 0.69803922 0.69803922 0.69803922
v 0.86831450 0.21124583 -0.05804750 0.69803922 0.69803922 0.69803922
v 0.86775440 0.21238275 -0.06022104 0.69803922 0.69803922 0.69803922
v 0.81611961 0.21029052 -0.07014167 0.69803922 0.69803922 0.69803922
v 0.81030232 0.21102911 -0.06846247 0.69803922 0.69803922 0.69803922
v 0.80854219 0.20882361 -0.07259110 0.69803922 0.69803922 0.69803922
v 0.81452531 0.20793790 -0.07439965 0.69803922 0.69803922 0.69803922
v 0.81689668 0.22167392 -0.07075378 0.69803922 0.69803922 0.69803922
v 0.81028104 0.22315478 -0.06835995 0.69803922 0.69803922 0.69803922
v 0.81147194 0.21921255 -0.06643151 0.69803922 0.69803922 0.69803922
v 0.81751847 0.21841745 -0.06874596 0.69803922 0.69803922 0.69803922
v 0.81567228 0.22307965 -0.07546066 0.69803922 0.69803922 0.69803922
v 0.80846179 0.22455241 -0.07371095 0.69803922 0.69803922 0.69803922
v 0.80356693 0.22376923 -0.06611820 0.69803922 0.69803922 0.69803922
v 0.79380363 0.22393078 -0.06328641 0.69803922 0.69803922 0.69803922
v 0.79542458 0.21867430 -0.06151605 0.69803922 0.69803922 0.69803922
v 0.80520391 0.21923047 -0.06408595 0.69803922 0.69803922 0.69803922
v 0.81143039 0.21491334 -0.06658064 0.69803922 0.69803922 0.69803922
v 0.81733733 0.21437520 -0.06856056 0.69803922 0.69803922 0.69803922
v 0.79930389 0.21067898 -0.07841249 0.69803922 0.69803922 0.69803922
v 0.80667734 0.21120715 -0.08043309 0.69803922 0.69803922 0.69803922
v 0.80724722 0.20899011 -0.07712027 0.69803922 0.69803922 0.69803922
v 0.79992187 0.20869561 -0.07489767 0.69803922 0.69803922 0.69803922
v 0.78934991 0.20794933 -0.06710248 0.69803922 0.69803922 0.69803922
v 0.79210508 0.20983565 -0.06298232 0.69803922 0.69803922 0.69803922
v 0.79446852 0.21360512 -0.06156223 0.69803922 0.69803922 0.69803922
v 0.79934770 0.21566941 -0.08015036 0.69803922 0.69803922 0.69803922
v 0.78780013 0.21485288 -0.07645569 0.69803922 0.69803922 0.69803922
v 0.78869855 0.22133954 -0.07499652 0.69803922 0.69803922 0.69803922
v 0.79972112 0.22181463 -0.07778104 0.69803922 0.69803922 0.69803922
v 0.80522805 0.21452287 -0.06443590 0.69803922 0.69803922 0.69803922
v 0.80153733 0.20829380 -0.07044318 0.69803922 0.69803922 0.69803922
v 0.80374342 0.21054007 -0.06630316 0.69803922 0.69803922 0.69803922
v 0.80115110 0.22510539 -0.07175007 0.69803922 0.69803922 0.69803922
v 0.80699903 0.22144713 -0.07931741 0.69803922 0.69803922 0.69803922
v 0.82378209 0.21577586 -0.08513773 0.69803922 0.69803922 0.69803922
v 0.82345772 0.21147645 -0.08517412 0.69803922 0.69803922 0.69803922
v 0.81315506 0.21102522 -0.08258422 0.69803922 0.69803922 0.69803922
v 0.81343180 0.21574692 -0.08326820 0.69803922 0.69803922 0.69803922
v 0.80653977 0.21576810 -0.08194734 0.69803922 0.69803922 0.69803922
v 0.81436098 0.22070977 -0.08065332 0.69803922 0.69803922 0.69803922
v 0.82385528 0.20742919 -0.07733548 0.69803922 0.69803922 0.69803922
v 0.82508582 0.20913376 -0.07294554 0.69803922 0.69803922 0.69803922
v 0.82611555 0.21309963 -0.07136347 0.69803922 0.69803922 0.69803922
v 0.79102117 0.22555858 -0.06911524 0.69803922 0.69803922 0.69803922
v 0.78734726 0.20967087 -0.07506876 0.69803922 0.69803922 0.69803922
v 0.82658720 0.21667267 -0.07152393 0.69803922 0.69803922 0.69803922
v 0.82643509 0.21979943 -0.07330792 0.69803922 0.69803922 0.69803922
v 0.81337768 0.20839988 -0.07919614 0.69803922 0.69803922 0.69803922
v 0.82304531 0.20830624 -0.08215533 0.69803922 0.69803922 0.69803922
v 0.82437038 0.21977857 -0.08245726 0.69803922 0.69803922 0.69803922
v 0.82521087 0.22164422 -0.07766807 0.69803922 0.69803922 0.69803922
v 0.83215618 0.22074810 -0.07927278 0.69803922 0.69803922 0.69803922
v 0.83119160 0.21935293 -0.08412170 0.69803922 0.69803922 0.69803922
v 0.83358699 0.21909468 -0.07487570 0.69803922 0.69803922 0.69803922
v 0.83326066 0.21569723 -0.07336728 0.69803922 0.69803922 0.69803922
v 0.83220482 0.21230578 -0.07329075 0.69803922 0.69803922 0.69803922
v 0.83064550 0.21551029 -0.08656937 0.69803922 0.69803922 0.69803922
v 0.83021355 0.21177782 -0.08645874 0.69803922 0.69803922 0.69803922
v 0.82896835 0.20853272 -0.08357378 0.69803922 0.69803922 0.69803922
v 0.83571589 0.21506836 -0.08799797 0.69803922 0.69803922 0.69803922
v 0.83743787 0.21841690 -0.08548503 0.69803922 0.69803922 0.69803922
v 0.85083896 0.21600355 -0.07893807 0.69803922 0.69803922 0.69803922
v 0.85089386 0.21763761 -0.08062460 0.69803922 0.69803922 0.69803922
v 0.84616977 0.21755414 -0.07943290 0.69803922 0.69803922 0.69803922
v 0.84603578 0.21656832 -0.07733687 0.69803922 0.69803922 0.69803922
v 0.84264666 0.21842022 -0.07884461 0.69803922 0.69803922 0.69803922
v 0.84010935 0.21834283 -0.07665589 0.69803922 0.69803922 0.69803922
v 0.84554720 0.21931449 -0.08278681 0.69803922 0.69803922 0.69803922
v 0.84132320 0.21940960 -0.08154587 0.69803922 0.69803922 0.69803922
v 0.85027415 0.21924056 -0.08425975 0.69803922 0.69803922 0.69803922
v 0.84840751 0.21774232 -0.08772780 0.69803922 0.69803922 0.69803922
v 0.84378338 0.21777874 -0.08606362 0.69803922 0.69803922 0.69803922
v 0.84059530 0.21872783 -0.08454749 0.69803922 0.69803922 0.69803922
v 0.85457247 0.21604444 -0.08147007 0.69803922 0.69803922 0.69803922
v 0.85398543 0.21781836 -0.08207577 0.69803922 0.69803922 0.69803922
v 0.83764857 0.21979742 -0.08059616 0.69803922 0.69803922 0.69803922
v 0.83863801 0.21504237 -0.07477412 0.69803922 0.69803922 0.69803922
v 0.84492612 0.21390848 -0.07625875 0.69803922 0.69803922 0.69803922
v 0.85020453 0.21331514 -0.07830827 0.69803922 0.69803922 0.69803922
v 0.85358095 0.21306001 -0.08127141 0.69803922 0.69803922 0.69803922
v 0.84353107 0.21078002 -0.07668713 0.69803922 0.69803922 0.69803922
v 0.84887087 0.21057273 -0.07893225 0.69803922 0.69803922 0.69803922
v 0.85172307 0.21055847 -0.08158015 0.69803922 0.69803922 0.69803922
v 0.84205085 0.20814449 -0.07837684 0.69803922 0.69803922 0.69803922
v 0.84759551 0.20851234 -0.08054528 0.69803922 0.69803922 0.69803922
v 0.83714521 0.21161328 -0.07492939 0.69803922 0.69803922 0.69803922
v 0.83531332 0.20880491 -0.07657288 0.69803922 0.69803922 0.69803922
v 0.85007626 0.20929459 -0.08219873 0.69803922 0.69803922 0.69803922
v 0.85404831 0.21320868 -0.08592281 0.69803922 0.69803922 0.69803922
v 0.85516399 0.21648994 -0.08591924 0.69803922 0.69803922 0.69803922
v 0.85432440 0.21911360 -0.08554696 0.69803922 0.69803922 0.69803922
v 0.84234452 0.21654019 -0.08814305 0.69803922 0.69803922 0.69803922
v 0.84736729 0.21590619 -0.08931696 0.69803922 0.69803922 0.69803922
v 0.84121257 0.21409184 -0.08908070 0.69803922 0.69803922 0.69803922
v 0.84666795 0.21368368 -0.08987225 0.69803922 0.69803922 0.69803922
v 0.85194010 0.21801615 -0.08822763 0.69803922 0.69803922 0.69803922
v 0.85184836 0.21624976 -0.08908624 0.69803922 0.69803922 0.69803922
v 0.83068126 0.20921832 -0.07490195 0.69803922 0.69803922 0.69803922
v 0.82925725 0.20771642 -0.07883958 0.69803922 0.69803922 0.69803922
v 0.83395618 0.20755582 -0.08008371 0.69803922 0.69803922 0.69803922
v 0.84096628 0.20715922 -0.08217942 0.69803922 0.69803922 0.69803922
v 0.83349884 0.20852432 -0.08459780 0.69803922 0.69803922 0.69803922
v 0.83470809 0.21158235 -0.08732263 0.69803922 0.69803922 0.69803922
v 0.84047884 0.21116155 -0.08851169 0.69803922 0.69803922 0.69803922
v 0.84001690 0.20845386 -0.08616222 0.69803922 0.69803922 0.69803922
v 0.84598738 0.21112938 -0.08915127 0.69803922 0.69803922 0.69803922
v 0.84572059 0.20886016 -0.08722538 0.69803922 0.69803922 0.69803922
v 0.84649801 0.20779091 -0.08385052 0.69803922 0.69803922 0.69803922
v 0.84976810 0.21115930 -0.08839461 0.69803922 0.69803922 0.69803922
v 0.85092056 0.21368541 -0.08918585 0.69803922 0.69803922 0.69803922
v 0.85197818 0.21074499 -0.08530842 0.69803922 0.69803922 0.69803922
v 0.84978735 0.20911480 -0.08472140 0.69803922 0.69803922 0.69803922
v 0.84867746 0.20951095 -0.08716476 0.69803922 0.69803922 0.69803922
v 0.78763151 0.20813772 -0.07140349 0.69803922 0.69803922 0.69803922
v 0.79031742 0.20519848 -0.09437686 0.69803922 0.69803922 0.69803922
v 0.78614563 0.20579563 -0.09153073 0.69803922 0.69803922 0.69803922
v 0.78411973 0.20394175 -0.09427907 0.69803922 0.69803922 0.69803922
v 0.78819305 0.20325933 -0.09712429 0.69803922 0.69803922 0.69803922
v 0.79091281 0.21543853 -0.09706749 0.69803922 0.69803922 0.69803922
v 0.78619581 0.21664135 -0.09390488 0.69803922 0.69803922 0.69803922
v 0.78770006 0.21343431 -0.09090880 0.69803922 0.69803922 0.69803922
v 0.79230201 0.21254903 -0.09413779 0.69803922 0.69803922 0.69803922
v 0.78822243 0.21558949 -0.10165598 0.69803922 0.69803922 0.69803922
v 0.78326362 0.21674442 -0.09877133 0.69803922 0.69803922 0.69803922
v 0.78058815 0.21693976 -0.09005943 0.69803922 0.69803922 0.69803922
v 0.77164197 0.21739873 -0.08369417 0.69803922 0.69803922 0.69803922
v 0.77438235 0.21305899 -0.08164550 0.69803922 0.69803922 0.69803922
v 0.78230977 0.21342495 -0.08720839 0.69803922 0.69803922 0.69803922
v 0.76068038 0.20447694 -0.08988480 0.69803922 0.69803922 0.69803922
v 0.76688105 0.20445880 -0.09277643 0.69803922 0.69803922 0.69803922
v 0.76901382 0.20283613 -0.08952503 0.69803922 0.69803922 0.69803922
v 0.76209956 0.20193279 -0.08611373 0.69803922 0.69803922 0.69803922
v 0.78757542 0.20931570 -0.09023411 0.69803922 0.69803922 0.69803922
v 0.79188448 0.20866510 -0.09346613 0.69803922 0.69803922 0.69803922
v 0.77542233 0.20489481 -0.09775885 0.69803922 0.69803922 0.69803922
v 0.78040606 0.20506467 -0.10108542 0.69803922 0.69803922 0.69803922
v 0.78217089 0.20367350 -0.09773384 0.69803922 0.69803922 0.69803922
v 0.77749145 0.20331077 -0.09452008 0.69803922 0.69803922 0.69803922
v 0.76526409 0.20142756 -0.08217721 0.69803922 0.69803922 0.69803922
v 0.77142000 0.20285550 -0.08616732 0.69803922 0.69803922 0.69803922
v 0.77342314 0.20490582 -0.08302028 0.69803922 0.69803922 0.69803922
v 0.76892757 0.20264848 -0.07850838 0.69803922 0.69803922 0.69803922
v 0.77474391 0.20802452 -0.08182329 0.69803922 0.69803922 0.69803922
v 0.77432102 0.20853703 -0.09963639 0.69803922 0.69803922 0.69803922
v 0.76553476 0.20802066 -0.09446649 0.69803922 0.69803922 0.69803922
v 0.76498359 0.21329612 -0.09405197 0.69803922 0.69803922 0.69803922
v 0.77490395 0.21345720 -0.09913016 0.69803922 0.69803922 0.69803922
v 0.78251797 0.20918652 -0.08691613 0.69803922 0.69803922 0.69803922
v 0.77952737 0.20362079 -0.09120385 0.69803922 0.69803922 0.69803922
v 0.78137726 0.20568843 -0.08820652 0.69803922 0.69803922 0.69803922
v 0.77738357 0.21733266 -0.09481459 0.69803922 0.69803922 0.69803922
v 0.78073877 0.21314591 -0.10243238 0.69803922 0.69803922 0.69803922
v 0.79024929 0.20703982 -0.10981280 0.69803922 0.69803922 0.69803922
v 0.79038954 0.20395006 -0.10812747 0.69803922 0.69803922 0.69803922
v 0.78460270 0.20446740 -0.10426395 0.69803922 0.69803922 0.69803922
v 0.78412080 0.20800728 -0.10628548 0.69803922 0.69803922 0.69803922
v 0.77963650 0.20859082 -0.10316705 0.69803922 0.69803922 0.69803922
v 0.78550106 0.21236134 -0.10543180 0.69803922 0.69803922 0.69803922
v 0.79361916 0.20250486 -0.10088470 0.69803922 0.69803922 0.69803922
v 0.79608196 0.20437232 -0.09820782 0.69803922 0.69803922 0.69803922
v 0.79750282 0.20761484 -0.09727915 0.69803922 0.69803922 0.69803922
v 0.76764250 0.21855293 -0.08892521 0.69803922 0.69803922 0.69803922
v 0.79816973 0.21100079 -0.09804357 0.69803922 0.69803922 0.69803922
v 0.79713362 0.21377225 -0.10066640 0.69803922 0.69803922 0.69803922
v 0.78621525 0.20301674 -0.10071467 0.69803922 0.69803922 0.69803922
v 0.79171151 0.20240799 -0.10463011 0.69803922 0.69803922 0.69803922
v 0.79168457 0.21103840 -0.10890748 0.69803922 0.69803922 0.69803922
v 0.79433131 0.21401326 -0.10500765 0.69803922 0.69803922 0.69803922
v 0.79937428 0.21329090 -0.10784665 0.69803922 0.69803922 0.69803922
v 0.79683572 0.21030842 -0.11171355 0.69803922 0.69803922 0.69803922
v 0.80191457 0.21272194 -0.10340201 0.69803922 0.69803922 0.69803922
v 0.80240065 0.21007518 -0.10066877 0.69803922 0.69803922 0.69803922
v 0.80136675 0.20688827 -0.10003440 0.69803922 0.69803922 0.69803922
v 0.79510725 0.20622875 -0.11233518 0.69803922 0.69803922 0.69803922
v 0.79500014 0.20372735 -0.11043184 0.69803922 0.69803922 0.69803922
v 0.79575330 0.20253493 -0.10702541 0.69803922 0.69803922 0.69803922
v 0.79975277 0.20580441 -0.11457421 0.69803922 0.69803922 0.69803922
v 0.80211157 0.20958155 -0.11408445 0.69803922 0.69803922 0.69803922
v 0.81483144 0.20871589 -0.10881165 0.69803922 0.69803922 0.69803922
v 0.81413269 0.21006849 -0.11039115 0.69803922 0.69803922 0.69803922
v 0.81102109 0.21040863 -0.10903323 0.69803922 0.69803922 0.69803922
v 0.81122315 0.20968109 -0.10680786 0.69803922 0.69803922 0.69803922
v 0.80791432 0.21135324 -0.10828950 0.69803922 0.69803922 0.69803922
v 0.80646694 0.21146914 -0.10585398 0.69803922 0.69803922 0.69803922
v 0.80932456 0.21123977 -0.11219127 0.69803922 0.69803922 0.69803922
v 0.80606031 0.21158084 -0.11080557 0.69803922 0.69803922 0.69803922
v 0.81292319 0.21093221 -0.11404419 0.69803922 0.69803922 0.69803922
v 0.81102669 0.20854740 -0.11718255 0.69803922 0.69803922 0.69803922
v 0.80749613 0.20928378 -0.11561353 0.69803922 0.69803922 0.69803922
v 0.80505598 0.21033248 -0.11378372 0.69803922 0.69803922 0.69803922
v 0.81743211 0.20823440 -0.11162784 0.69803922 0.69803922 0.69803922
v 0.81652844 0.20986983 -0.11212377 0.69803922 0.69803922 0.69803922
v 0.80335706 0.21226327 -0.10965800 0.69803922 0.69803922 0.69803922
v 0.80634850 0.20928797 -0.10304957 0.69803922 0.69803922 0.69803922
v 0.81101573 0.20795667 -0.10522691 0.69803922 0.69803922 0.69803922
v 0.81542611 0.20669836 -0.10798246 0.69803922 0.69803922 0.69803922
v 0.81740844 0.20576966 -0.11149677 0.69803922 0.69803922 0.69803922
v 0.80976427 0.20559406 -0.10480313 0.69803922 0.69803922 0.69803922
v 0.81400537 0.20451078 -0.10784778 0.69803922 0.69803922 0.69803922
v 0.81584311 0.20384130 -0.11102621 0.69803922 0.69803922 0.69803922
v 0.80764878 0.20332977 -0.10534971 0.69803922 0.69803922 0.69803922
v 0.81210208 0.20275620 -0.10833538 0.69803922 0.69803922 0.69803922
v 0.80486625 0.20658503 -0.10209214 0.69803922 0.69803922 0.69803922
v 0.80276525 0.20409010 -0.10269344 0.69803922 0.69803922 0.69803922
v 0.81420332 0.20277995 -0.11056715 0.69803922 0.69803922 0.69803922
v 0.81660253 0.20515940 -0.11496422 0.69803922 0.69803922 0.69803922
v 0.81700790 0.20768063 -0.11570073 0.69803922 0.69803922 0.69803922
v 0.81600118 0.21029410 -0.11569837 0.69803922 0.69803922 0.69803922
v 0.80602401 0.20745565 -0.11688690 0.69803922 0.69803922 0.69803922
v 0.81035900 0.20641333 -0.11832167 0.69803922 0.69803922 0.69803922
v 0.80451387 0.20492944 -0.11644683 0.69803922 0.69803922 0.69803922
v 0.80992693 0.20411485 -0.11768182 0.69803922 0.69803922 0.69803922
v 0.81387949 0.20865685 -0.11790103 0.69803922 0.69803922 0.69803922
v 0.81417722 0.20663948 -0.11810517 0.69803922 0.69803922 0.69803922
v 0.79967248 0.20408843 -0.10088506 0.69803922 0.69803922 0.69803922
v 0.79759485 0.20247760 -0.10328564 0.69803922 0.69803922 0.69803922
v 0.80067968 0.20221554 -0.10519489 0.69803922 0.69803922 0.69803922
v 0.80561697 0.20163307 -0.10758251 0.69803922 0.69803922 0.69803922
v 0.79926831 0.20209861 -0.10898313 0.69803922 0.69803922 0.69803922
v 0.79887688 0.20333908 -0.11239655 0.69803922 0.69803922 0.69803922
v 0.80407977 0.20275368 -0.11453591 0.69803922 0.69803922 0.69803922
v 0.80431432 0.20134974 -0.11130080 0.69803922 0.69803922 0.69803922
v 0.80950904 0.20236804 -0.11578989 0.69803922 0.69803922 0.69803922
v 0.80965769 0.20136584 -0.11314123 0.69803922 0.69803922 0.69803922
v 0.81059974 0.20150320 -0.11019861 0.69803922 0.69803922 0.69803922
v 0.81336594 0.20283432 -0.11540912 0.69803922 0.69803922 0.69803922
v 0.81397682 0.20436668 -0.11713910 0.69803922 0.69803922 0.69803922
v 0.81534088 0.20335682 -0.11369701 0.69803922 0.69803922 0.69803922
v 0.81367022 0.20227604 -0.11224620 0.69803922 0.69803922 0.69803922
v 0.81261760 0.20202775 -0.11380102 0.69803922 0.69803922 0.69803922
v 0.76043171 0.20753662 -0.09166823 0.69803922 0.69803922 0.69803922
v 0.76060647 0.21067740 0.01617107 0.69803922 0.69803922 0.69803922
v 0.76218289 0.20802730 0.01206695 0.69803922 0.69803922 0.69803922
v 0.76022387 0.19752935 0.00997155 0.69803922 0.69803922 0.69803922
v 0.75666320 0.19301648 0.01305753 0.69803922 0.69803922 0.69803922
v 0.75277591 0.19202876 0.01818198 0.69803922 0.69803922 0.69803922
v 0.75125450 0.19472340 0.02234881 0.69803922 0.69803922 0.69803922
v 0.75171047 0.19955191 0.02460963 0.69803922 0.69803922 0.69803922
v 0.76241064 0.20351464 0.00987243 0.69803922 0.69803922 0.69803922
v 0.75753617 0.21071167 0.02108269 0.69803922 0.69803922 0.69803922
v 0.75397366 0.20598246 0.02457369 0.69803922 0.69803922 0.69803922
v 0.76255941 0.20496380 0.03076331 0.69803922 0.69803922 0.69803922
v 0.76567715 0.21001372 0.02671796 0.69803922 0.69803922 0.69803922
v 0.75986493 0.19844885 0.03116837 0.69803922 0.69803922 0.69803922
v 0.75851977 0.19353949 0.02804085 0.69803922 0.69803922 0.69803922
v 0.75885653 0.19110903 0.02276842 0.69803922 0.69803922 0.69803922
v 0.76802611 0.21027769 0.02081770 0.69803922 0.69803922 0.69803922
v 0.76862210 0.20739911 0.01595791 0.69803922 0.69803922 0.69803922
v 0.76774055 0.20218050 0.01331919 0.69803922 0.69803922 0.69803922
v 0.77486366 0.20983037 0.02592917 0.69803922 0.69803922 0.69803922
v 0.77543300 0.20928280 0.03335678 0.69803922 0.69803922 0.69803922
v 0.77829808 0.19498731 0.04226385 0.69803922 0.69803922 0.69803922
v 0.77865487 0.19901507 0.04403478 0.69803922 0.69803922 0.69803922
v 0.77497345 0.19917065 0.04195709 0.69803922 0.69803922 0.69803922
v 0.77351969 0.19514784 0.04027860 0.69803922 0.69803922 0.69803922
v 0.77283078 0.20021145 0.03996659 0.69803922 0.69803922 0.69803922
v 0.76899350 0.19766280 0.03740860 0.69803922 0.69803922 0.69803922
v 0.77719790 0.20483656 0.04195942 0.69803922 0.69803922 0.69803922
v 0.77487999 0.20469037 0.03971029 0.69803922 0.69803922 0.69803922
v 0.78015405 0.20885390 0.03918925 0.69803922 0.69803922 0.69803922
v 0.77712411 0.20827213 0.03819569 0.69803922 0.69803922 0.69803922
v 0.78066128 0.20471659 0.04470685 0.69803922 0.69803922 0.69803922
v 0.78201932 0.19940002 0.04575146 0.69803922 0.69803922 0.69803922
v 0.78409815 0.20349710 0.04588675 0.69803922 0.69803922 0.69803922
v 0.78300744 0.19666615 0.04416922 0.69803922 0.69803922 0.69803922
v 0.77122039 0.20449109 0.03667663 0.69803922 0.69803922 0.69803922
v 0.76575601 0.19271414 0.03274697 0.69803922 0.69803922 0.69803922
v 0.77258867 0.19187233 0.03654160 0.69803922 0.69803922 0.69803922
v 0.77891290 0.19225094 0.03910821 0.69803922 0.69803922 0.69803922
v 0.78422964 0.19467710 0.04049195 0.69803922 0.69803922 0.69803922
v 0.77334189 0.19021256 0.03125108 0.69803922 0.69803922 0.69803922
v 0.78031117 0.19170478 0.03443680 0.69803922 0.69803922 0.69803922
v 0.78458267 0.19444446 0.03628045 0.69803922 0.69803922 0.69803922
v 0.77521580 0.19181484 0.02625544 0.69803922 0.69803922 0.69803922
v 0.78143609 0.19344276 0.03080674 0.69803922 0.69803922 0.69803922
v 0.76496512 0.19031867 0.02667234 0.69803922 0.69803922 0.69803922
v 0.76647282 0.19149223 0.02075493 0.69803922 0.69803922 0.69803922
v 0.78445923 0.19507289 0.03336256 0.69803922 0.69803922 0.69803922
v 0.78780121 0.19939536 0.04007307 0.69803922 0.69803922 0.69803922
v 0.78709275 0.20116720 0.04422228 0.69803922 0.69803922 0.69803922
v 0.78136683 0.20964311 0.03520328 0.69803922 0.69803922 0.69803922
v 0.78318322 0.20845160 0.04170555 0.69803922 0.69803922 0.69803922
v 0.78522545 0.20864618 0.03795338 0.69803922 0.69803922 0.69803922
v 0.78148335 0.20885624 0.03015290 0.69803922 0.69803922 0.69803922
v 0.78613752 0.20699865 0.03403383 0.69803922 0.69803922 0.69803922
v 0.78551167 0.20703809 0.04382823 0.69803922 0.69803922 0.69803922
v 0.78760052 0.20615423 0.04119149 0.69803922 0.69803922 0.69803922
v 0.76134384 0.19204356 0.01709211 0.69803922 0.69803922 0.69803922
v 0.76483005 0.19612157 0.01375558 0.69803922 0.69803922 0.69803922
v 0.76981258 0.19594064 0.01734041 0.69803922 0.69803922 0.69803922
v 0.77762657 0.19611448 0.02282160 0.69803922 0.69803922 0.69803922
v 0.77310079 0.20201410 0.01701171 0.69803922 0.69803922 0.69803922
v 0.77471429 0.20737754 0.02042820 0.69803922 0.69803922 0.69803922
v 0.78145552 0.20617655 0.02594082 0.69803922 0.69803922 0.69803922
v 0.78020668 0.20159917 0.02281574 0.69803922 0.69803922 0.69803922
v 0.78590453 0.20427373 0.03074483 0.69803922 0.69803922 0.69803922
v 0.78474873 0.20091207 0.02871991 0.69803922 0.69803922 0.69803922
v 0.78316820 0.19682086 0.02888678 0.69803922 0.69803922 0.69803922
v 0.78752398 0.20175521 0.03424037 0.69803922 0.69803922 0.69803922
v 0.78835511 0.20396462 0.03756920 0.69803922 0.69803922 0.69803922
v 0.78697217 0.19819584 0.03623036 0.69803922 0.69803922 0.69803922
v 0.78573221 0.19753033 0.03290258 0.69803922 0.69803922 0.69803922
v 0.78637362 0.20016018 0.03209944 0.69803922 0.69803922 0.69803922
v 0.75671738 0.20040688 -0.08417709 0.69803922 0.69803922 0.69803922
v 0.75963521 0.19968162 -0.07886537 0.69803922 0.69803922 0.69803922
v 0.75240636 0.19896512 -0.07712584 0.69803922 0.69803922 0.69803922
v 0.74363279 0.19772133 -0.07562214 0.69803922 0.69803922 0.69803922
v 0.73426586 0.19893131 -0.07982431 0.69803922 0.69803922 0.69803922
v 0.74573100 0.19886649 -0.06928840 0.69803922 0.69803922 0.69803922
v 0.75446922 0.19996704 -0.07109711 0.69803922 0.69803922 0.69803922
v 0.76421881 0.20113470 -0.07290368 0.69803922 0.69803922 0.69803922
v 0.74045569 0.19972335 -0.06257369 0.69803922 0.69803922 0.69803922
v 0.03940260 0.45319480 0.10016604 0.69803922 0.69803922 0.69803922
v 0.04266244 0.45189759 0.09840574 0.69803922 0.69803922 0.69803922
v 0.04408177 0.44602099 0.09537394 0.69803922 0.69803922 0.69803922
v 0.04152884 0.44570979 0.09724081 0.69803922 0.69803922 0.69803922
v 0.03831341 0.44584334 0.09909592 0.69803922 0.69803922 0.69803922
v 0.03448488 0.44608989 0.10023775 0.69803922 0.69803922 0.69803922
v 0.02905678 0.45351854 0.10143328 0.69803922 0.69803922 0.69803922
v 0.03449855 0.45376942 0.10161164 0.69803922 0.69803922 0.69803922
v 0.01955225 0.44809648 0.09817351 0.69803922 0.69803922 0.69803922
v 0.02135986 0.44956708 0.09821736 0.69803922 0.69803922 0.69803922
v 0.02032134 0.44715115 0.09852979 0.69803922 0.69803922 0.69803922
v 0.02637937 0.44679886 0.09976266 0.69803922 0.69803922 0.69803922
v 0.02267661 0.44721162 0.09876727 0.69803922 0.69803922 0.69803922
v 0.04649559 0.44941127 0.09422442 0.69803922 0.69803922 0.69803922
v 0.04734574 0.44827974 0.09299025 0.69803922 0.69803922 0.69803922
v 0.04491352 0.45071220 0.09633374 0.69803922 0.69803922 0.69803922
v 0.03037827 0.44641015 0.10051337 0.69803922 0.69803922 0.69803922
v 0.04712912 0.44724077 0.09275202 0.69803922 0.69803922 0.69803922
v 0.04596077 0.44649071 0.09364883 0.69803922 0.69803922 0.69803922
v 0.02447642 0.45207626 0.09964477 0.69803922 0.69803922 0.69803922
v 0.03865138 0.44803694 0.09916148 0.69803922 0.69803922 0.69803922
v 0.03470159 0.44832239 0.10039986 0.69803922 0.69803922 0.69803922
v 0.02992743 0.45116171 0.10115737 0.69803922 0.69803922 0.69803922
v 0.03480510 0.45108834 0.10098644 0.69803922 0.69803922 0.69803922
v 0.02668026 0.44842127 0.10014217 0.69803922 0.69803922 0.69803922
v 0.02421181 0.44829115 0.09936147 0.69803922 0.69803922 0.69803922
v 0.04160299 0.44766104 0.09729896 0.69803922 0.69803922 0.69803922
v 0.03046119 0.44859925 0.10073458 0.69803922 0.69803922 0.69803922
v 0.03910119 0.45041829 0.09937847 0.69803922 0.69803922 0.69803922
v 0.02366868 0.44943166 0.09917280 0.69803922 0.69803922 0.69803922
v 0.02587165 0.45033568 0.10025515 0.69803922 0.69803922 0.69803922
v 0.04655664 0.44838461 0.09355497 0.69803922 0.69803922 0.69803922
v 0.04637830 0.44783816 0.09332190 0.69803922 0.69803922 0.69803922
v 0.01756681 0.21103750 0.07812613 0.69803922 0.69803922 0.69803922
v 0.01749526 0.19433831 0.08782396 0.69803922 0.69803922 0.69803922
v 0.04203030 0.44990614 0.09739828 0.69803922 0.69803922 0.69803922
v 0.04537754 0.44768175 0.09418634 0.69803922 0.69803922 0.69803922
v 0.04372410 0.44771516 0.09549187 0.69803922 0.69803922 0.69803922
v 0.04409596 0.44922900 0.09569018 0.69803922 0.69803922 0.69803922
v 0.04563480 0.44868293 0.09427944 0.69803922 0.69803922 0.69803922
v 0.28895888 0.22533515 0.01940010 0.69803922 0.69803922 0.69803922
v 0.28986877 0.20868461 0.02033858 0.69803922 0.69803922 0.69803922
v 0.29149932 0.25950402 -0.02236610 0.69803922 0.69803922 0.69803922
v 0.28706241 0.25584403 -0.04427582 0.69803922 0.69803922 0.69803922
v 0.06120393 -0.08230590 0.14549527 0.69803922 0.69803922 0.69803922
v 0.11115383 -0.03381997 -0.05658953 0.69803922 0.69803922 0.69803922
v 0.11298263 -0.01381824 -0.06260835 0.69803922 0.69803922 0.69803922
v 0.03884112 -0.01604913 -0.08817957 0.69803922 0.69803922 0.69803922
v 0.05858174 -0.02002592 -0.08579652 0.69803922 0.69803922 0.69803922
v 0.14543977 -0.03247992 0.05190010 0.69803922 0.69803922 0.69803922
v 0.14429925 -0.05246514 0.05554027 0.69803922 0.69803922 0.69803922
v 0.10480653 -0.03984880 0.10920616 0.69803922 0.69803922 0.69803922
v 0.10270445 -0.06168340 0.11222152 0.69803922 0.69803922 0.69803922
v 0.13398220 -0.07599164 0.08171992 0.69803922 0.69803922 0.69803922
v 0.08022027 -0.06769475 -0.06835174 0.69803922 0.69803922 0.69803922
v 0.07827549 -0.04675955 -0.07311991 0.69803922 0.69803922 0.69803922
v 0.09639203 -0.04998143 -0.06384519 0.69803922 0.69803922 0.69803922
v 0.09872205 -0.06984735 -0.05991898 0.69803922 0.69803922 0.69803922
v 0.01874416 -0.03654077 -0.07734584 0.69803922 0.69803922 0.69803922
v 0.01922351 -0.01298382 -0.08511692 0.69803922 0.69803922 0.69803922
v 0.15190971 -0.01021113 0.02404181 0.69803922 0.69803922 0.69803922
v 0.15078263 -0.00835188 -0.00241467 0.69803922 0.69803922 0.69803922
v 0.13134095 -0.00124651 -0.04872453 0.69803922 0.69803922 0.69803922
v 0.11641558 0.00488745 -0.06606540 0.69803922 0.69803922 0.69803922
v 0.08118750 0.01994876 -0.08930761 0.69803922 0.69803922 0.69803922
v 0.09972224 0.01232781 -0.07908686 0.69803922 0.69803922 0.69803922
v 0.09020739 -0.01796117 0.12247492 0.69803922 0.69803922 0.69803922
v 0.07282216 0.00380714 0.13121904 0.69803922 0.69803922 0.69803922
v 0.14627987 -0.01199566 0.04986514 0.69803922 0.69803922 0.69803922
v 0.02531794 -0.01610350 0.14873175 0.69803922 0.69803922 0.69803922
v 0.04114283 0.05506492 -0.10573160 0.69803922 0.69803922 0.69803922
v 0.06438623 0.05072169 -0.10250893 0.69803922 0.69803922 0.69803922
v 0.14325549 -0.00546113 -0.02686981 0.69803922 0.69803922 0.69803922
v 0.03362900 0.15219069 0.11348330 0.69803922 0.69803922 0.69803922
v 0.03392130 0.13553743 0.12241752 0.69803922 0.69803922 0.69803922
v 0.05134407 0.13963270 0.12158821 0.69803922 0.69803922 0.69803922
v 0.05162712 0.15568978 0.11174154 0.69803922 0.69803922 0.69803922
v 0.06841336 0.14207932 0.11990812 0.69803922 0.69803922 0.69803922
v 0.08469886 0.14362147 0.11645997 0.69803922 0.69803922 0.69803922
v 0.09950565 0.14415044 0.11196048 0.69803922 0.69803922 0.69803922
v 0.13509583 0.14047259 0.09526666 0.69803922 0.69803922 0.69803922
v 0.12456306 0.14253324 0.10121762 0.69803922 0.69803922 0.69803922
v 0.15114105 0.13308562 0.08065970 0.69803922 0.69803922 0.69803922
v 0.14384399 0.13755877 0.08853830 0.69803922 0.69803922 0.69803922
v 0.15697519 0.12326856 0.07119757 0.69803922 0.69803922 0.69803922
v 0.16020520 0.11121106 0.05848186 0.69803922 0.69803922 0.69803922
v 0.16206919 0.09962004 0.04308796 0.69803922 0.69803922 0.69803922
v 0.16434811 0.11268324 0.03679776 0.69803922 0.69803922 0.69803922
v 0.15793380 0.09739821 0.06592692 0.69803922 0.69803922 0.69803922
v 0.15427276 0.10930305 0.07837489 0.69803922 0.69803922 0.69803922
v 0.14901775 0.11837662 0.08887949 0.69803922 0.69803922 0.69803922
v 0.01984830 0.09325027 0.13474733 0.69803922 0.69803922 0.69803922
v 0.02235165 0.06955679 0.13586479 0.69803922 0.69803922 0.69803922
v 0.01686657 0.22679336 0.06913140 0.69803922 0.69803922 0.69803922
v 0.50050563 0.19854514 -0.07118619 0.69803922 0.69803922 0.69803922
v 0.62729460 0.23067999 -0.01318189 0.69803922 0.69803922 0.69803922
v 0.03028715 0.24862592 -0.09259178 0.69803922 0.69803922 0.69803922
v 0.01425057 0.24474570 -0.09122712 0.69803922 0.69803922 0.69803922
v -0.00066712 0.23213400 -0.09266170 0.69803922 0.69803922 0.69803922
v -0.00094789 0.24351336 -0.08947337 0.69803922 0.69803922 0.69803922
v 0.10010044 0.27874607 -0.06339084 0.69803922 0.69803922 0.69803922
v 0.08722733 0.26563656 -0.08213785 0.69803922 0.69803922 0.69803922
v 0.06818610 0.25354773 -0.09263587 0.69803922 0.69803922 0.69803922
v 0.04927607 0.24442649 -0.09665126 0.69803922 0.69803922 0.69803922
v 0.13627301 0.00565470 0.07300858 0.69803922 0.69803922 0.69803922
v 0.03380095 0.21304294 -0.10395139 0.69803922 0.69803922 0.69803922
v 0.05159679 0.23342484 -0.10179444 0.69803922 0.69803922 0.69803922
v 0.07249889 0.24325220 -0.09855310 0.69803922 0.69803922 0.69803922
v 0.09279726 0.25555056 -0.08831004 0.69803922 0.69803922 0.69803922
v 0.11213575 0.27009195 -0.06914749 0.69803922 0.69803922 0.69803922
v 0.12724510 0.27015764 -0.06119846 0.69803922 0.69803922 0.69803922
v 0.14927001 0.25570646 -0.06550936 0.69803922 0.69803922 0.69803922
v 0.15900774 0.25623095 -0.05949181 0.69803922 0.69803922 0.69803922
v 0.15971179 0.26939985 -0.04414911 0.69803922 0.69803922 0.69803922
v 0.17169133 0.27072051 -0.03893352 0.69803922 0.69803922 0.69803922
v 0.17013039 0.25784257 -0.05473109 0.69803922 0.69803922 0.69803922
v 0.25398791 0.25552917 -0.05210954 0.69803922 0.69803922 0.69803922
v 0.26775825 0.24964066 -0.05700073 0.69803922 0.69803922 0.69803922
v 0.27577505 0.24015954 -0.06419969 0.69803922 0.69803922 0.69803922
v 0.27969146 0.22800593 -0.07051188 0.69803922 0.69803922 0.69803922
v 0.27892020 0.21494024 -0.07436932 0.69803922 0.69803922 0.69803922
v 0.27352732 0.20226732 -0.07557531 0.69803922 0.69803922 0.69803922
v 0.26226878 0.19231799 -0.07434630 0.69803922 0.69803922 0.69803922
v 0.22215374 0.17390794 -0.06496336 0.69803922 0.69803922 0.69803922
v 0.20830654 0.16683730 -0.06251476 0.69803922 0.69803922 0.69803922
v 0.17789903 0.12886141 -0.06464819 0.69803922 0.69803922 0.69803922
v 0.16914725 0.12030250 -0.06745509 0.69803922 0.69803922 0.69803922
v 0.13597444 0.07777978 -0.08036110 0.69803922 0.69803922 0.69803922
v 0.14616342 0.09242029 -0.07656550 0.69803922 0.69803922 0.69803922
v 0.12526010 0.06285957 -0.08354608 0.69803922 0.69803922 0.69803922
v 0.10048112 -0.16535805 -0.07748050 0.69803922 0.69803922 0.69803922
v 0.09496092 -0.14738671 -0.07120474 0.69803922 0.69803922 0.69803922
v 0.11519416 -0.14568573 -0.06168406 0.69803922 0.69803922 0.69803922
v 0.12021595 -0.16296750 -0.06659368 0.69803922 0.69803922 0.69803922
v 0.02160590 -0.11116578 -0.06816820 0.69803922 0.69803922 0.69803922
v 0.04437343 -0.11057592 -0.06995003 0.69803922 0.69803922 0.69803922
v 0.16298577 -0.14811361 0.02254684 0.69803922 0.69803922 0.69803922
v 0.15888526 -0.14511423 -0.00511308 0.69803922 0.69803922 0.69803922
v 0.14841785 -0.14399379 -0.02895377 0.69803922 0.69803922 0.69803922
v 0.13320297 -0.14405935 -0.04753343 0.69803922 0.69803922 0.69803922
v 0.15952641 -0.15362966 0.04998427 0.69803922 0.69803922 0.69803922
v 0.07662500 -0.18994752 0.14325643 0.69803922 0.69803922 0.69803922
v 0.09756806 -0.18381262 0.13010520 0.69803922 0.69803922 0.69803922
v 0.01408051 -0.19970605 0.16214158 0.69803922 0.69803922 0.69803922
v 0.03399407 -0.19771048 0.15934759 0.69803922 0.69803922 0.69803922
v 0.14985341 -0.16122775 0.07441866 0.69803922 0.69803922 0.69803922
v 0.05504716 -0.19457674 0.15332790 0.69803922 0.69803922 0.69803922
v 0.11759022 -0.17691530 0.11449882 0.69803922 0.69803922 0.69803922
v 0.13606802 -0.16924478 0.09601877 0.69803922 0.69803922 0.69803922
v 0.09000662 -0.12918742 -0.06781727 0.69803922 0.69803922 0.69803922
v 0.06965154 -0.13041034 -0.07215522 0.69803922 0.69803922 0.69803922
v 0.06568808 -0.10970210 -0.06863612 0.69803922 0.69803922 0.69803922
v 0.03737159 0.11971348 -0.11702359 0.69803922 0.69803922 0.69803922
v 0.05872655 0.12198768 -0.11812060 0.69803922 0.69803922 0.69803922
v 0.08059990 0.12602259 -0.11888146 0.69803922 0.69803922 0.69803922
v 0.09713208 0.14992188 -0.11832632 0.69803922 0.69803922 0.69803922
v 0.11469032 0.15831672 -0.11269113 0.69803922 0.69803922 0.69803922
v 0.11817683 0.14049624 -0.11065823 0.69803922 0.69803922 0.69803922
v 0.10010264 0.13213849 -0.11613348 0.69803922 0.69803922 0.69803922
v 0.14579207 0.17560573 -0.09522595 0.69803922 0.69803922 0.69803922
v 0.15740962 0.18234648 -0.08941046 0.69803922 0.69803922 0.69803922
v 0.15946557 0.16831437 -0.08678740 0.69803922 0.69803922 0.69803922
v 0.14796057 0.16026017 -0.09261262 0.69803922 0.69803922 0.69803922
v 0.17020889 0.17487171 -0.08281849 0.69803922 0.69803922 0.69803922
v 0.17926815 0.17991897 -0.07799427 0.69803922 0.69803922 0.69803922
v 0.18918255 0.18522851 -0.07380965 0.69803922 0.69803922 0.69803922
v 0.20171560 0.19102189 -0.07328310 0.69803922 0.69803922 0.69803922
v 0.19759895 0.21354435 -0.07636949 0.69803922 0.69803922 0.69803922
v 0.18617408 0.20932560 -0.07781038 0.69803922 0.69803922 0.69803922
v 0.14428343 0.19189221 -0.09594000 0.69803922 0.69803922 0.69803922
v 0.12897390 0.18508878 -0.10291889 0.69803922 0.69803922 0.69803922
v 0.03578896 0.15369654 -0.11437399 0.69803922 0.69803922 0.69803922
v 0.01650700 0.15074433 -0.10962173 0.69803922 0.69803922 0.69803922
v 0.16489154 0.09314886 0.02388987 0.69803922 0.69803922 0.69803922
v 0.16756995 0.08852390 0.00264939 0.69803922 0.69803922 0.69803922
v 0.16833180 0.08670836 -0.01690336 0.69803922 0.69803922 0.69803922
v 0.16646662 0.08749922 -0.03399622 0.69803922 0.69803922 0.69803922
v 0.16367857 0.09092029 -0.04880371 0.69803922 0.69803922 0.69803922
v 0.15936121 0.09560409 -0.06212819 0.69803922 0.69803922 0.69803922
v 0.15380047 0.10270759 -0.07357733 0.69803922 0.69803922 0.69803922
v 0.16128644 0.11175084 -0.07063007 0.69803922 0.69803922 0.69803922
v 0.14849417 0.11150982 -0.08329543 0.69803922 0.69803922 0.69803922
v 0.15741134 0.12070798 -0.07861404 0.69803922 0.69803922 0.69803922
v 0.14321174 0.12247760 -0.09152709 0.69803922 0.69803922 0.69803922
v 0.13777179 0.13500991 -0.09803560 0.69803922 0.69803922 0.69803922
v 0.13339175 0.15044242 -0.10150950 0.69803922 0.69803922 0.69803922
v 0.13043402 0.16728759 -0.10338852 0.69803922 0.69803922 0.69803922
v 0.09474347 0.16927953 -0.11828715 0.69803922 0.69803922 0.69803922
v 0.11250577 0.17744774 -0.11222712 0.69803922 0.69803922 0.69803922
v 0.07465142 0.18114832 -0.11822190 0.69803922 0.69803922 0.69803922
v 0.07428509 0.19860956 -0.11473896 0.69803922 0.69803922 0.69803922
v 0.07717869 0.14400902 -0.12065870 0.69803922 0.69803922 0.69803922
v 0.07571518 0.16245174 -0.12035583 0.69803922 0.69803922 0.69803922
v 0.07001400 0.28851965 -0.06357341 0.69803922 0.69803922 0.69803922
v 0.05345092 0.28030309 -0.07437759 0.69803922 0.69803922 0.69803922
v 0.24936092 0.20288992 -0.07518583 0.69803922 0.69803922 0.69803922
v 0.26000652 0.20365509 -0.07540980 0.69803922 0.69803922 0.69803922
v 0.25321519 0.19554843 -0.07462418 0.69803922 0.69803922 0.69803922
v 0.24733150 0.19700240 -0.07462887 0.69803922 0.69803922 0.69803922
v 0.26323754 0.21368201 -0.07475001 0.69803922 0.69803922 0.69803922
v 0.24959250 0.22100639 -0.07395775 0.69803922 0.69803922 0.69803922
v 0.26331997 0.22486860 -0.07250852 0.69803922 0.69803922 0.69803922
v 0.25038749 0.21173841 -0.07525206 0.69803922 0.69803922 0.69803922
v 0.26026070 0.23523904 -0.06852343 0.69803922 0.69803922 0.69803922
v 0.24753971 0.23069395 -0.07132785 0.69803922 0.69803922 0.69803922
v 0.25461337 0.24360688 -0.06398027 0.69803922 0.69803922 0.69803922
v 0.24420422 0.23853990 -0.06770930 0.69803922 0.69803922 0.69803922
v 0.24110466 0.24364688 -0.06468347 0.69803922 0.69803922 0.69803922
v 0.24609458 0.24888530 -0.06045343 0.69803922 0.69803922 0.69803922
v 0.20747504 0.23934364 -0.06805314 0.69803922 0.69803922 0.69803922
v 0.22032188 0.24170773 -0.06639383 0.69803922 0.69803922 0.69803922
v 0.23249133 0.24288855 -0.06518101 0.69803922 0.69803922 0.69803922
v 0.21432260 0.19588010 -0.07383475 0.69803922 0.69803922 0.69803922
v 0.22681232 0.20258857 -0.07485024 0.69803922 0.69803922 0.69803922
v 0.23864239 0.20771471 -0.07521364 0.69803922 0.69803922 0.69803922
v 0.23754707 0.21699275 -0.07462774 0.69803922 0.69803922 0.69803922
v 0.22541954 0.21180484 -0.07519320 0.69803922 0.69803922 0.69803922
v 0.21248336 0.20557132 -0.07526281 0.69803922 0.69803922 0.69803922
v 0.03567224 0.13687335 -0.11636810 0.69803922 0.69803922 0.69803922
v 0.05608082 0.14011587 -0.11921103 0.69803922 0.69803922 0.69803922
v 0.16833785 0.18774001 -0.08488564 0.69803922 0.69803922 0.69803922
v 0.17792685 0.19175233 -0.08052481 0.69803922 0.69803922 0.69803922
v 0.18773375 0.19560792 -0.07651997 0.69803922 0.69803922 0.69803922
v 0.19932549 0.20085958 -0.07528114 0.69803922 0.69803922 0.69803922
v 0.17647697 0.20497619 -0.08125947 0.69803922 0.69803922 0.69803922
v 0.16701105 0.20136127 -0.08560649 0.69803922 0.69803922 0.69803922
v 0.15620980 0.19692406 -0.09012923 0.69803922 0.69803922 0.69803922
v 0.05612836 0.15781762 -0.11810216 0.69803922 0.69803922 0.69803922
v 0.01661431 0.13422002 -0.11249218 0.69803922 0.69803922 0.69803922
v 0.17478959 0.23781388 0.04177466 0.69803922 0.69803922 0.69803922
v 0.17501716 0.26223731 0.02932181 0.69803922 0.69803922 0.69803922
v 0.17645757 0.27780327 0.00791368 0.69803922 0.69803922 0.69803922
v 0.17479919 0.27951726 -0.01731370 0.69803922 0.69803922 0.69803922
v -0.00192111 0.27815893 -0.07909808 0.69803922 0.69803922 0.69803922
v 0.41895968 0.17108123 -0.03280587 0.69803922 0.69803922 0.69803922
v -0.00042921 0.08003632 -0.10792185 0.69803922 0.69803922 0.69803922
v -0.00124483 0.09934139 -0.11064023 0.69803922 0.69803922 0.69803922
v 0.00091087 0.01190332 -0.08741419 0.69803922 0.69803922 0.69803922
v 0.00032809 0.03396891 -0.09702008 0.69803922 0.69803922 0.69803922
v 0.04194362 -0.08615573 -0.07005640 0.69803922 0.69803922 0.69803922
v 0.02004473 -0.08452304 -0.06761483 0.69803922 0.69803922 0.69803922
v 0.01898051 -0.05964315 -0.07107545 0.69803922 0.69803922 0.69803922
v -0.00185439 -0.13273628 -0.07372292 0.69803922 0.69803922 0.69803922
v -0.00166359 -0.11011611 -0.06486098 0.69803922 0.69803922 0.69803922
v -0.00033457 -0.05735511 -0.06692044 0.69803922 0.69803922 0.69803922
v 0.00005800 -0.03339978 -0.07205177 0.69803922 0.69803922 0.69803922
v 0.01977110 0.05692605 -0.10452382 0.69803922 0.69803922 0.69803922
v 0.01739406 0.11766167 -0.11482389 0.69803922 0.69803922 0.69803922
v -0.00155621 0.13389815 -0.11005262 0.69803922 0.69803922 0.69803922
v -0.00114495 0.14952555 -0.10695225 0.69803922 0.69803922 0.69803922
v -0.00098860 0.16526277 -0.10522190 0.69803922 0.69803922 0.69803922
v 0.11037561 0.11456563 0.12638392 0.69803922 0.69803922 0.69803922
v 0.11132888 0.12931284 0.11729506 0.69803922 0.69803922 0.69803922
v 0.09856616 0.12968041 0.12241980 0.69803922 0.69803922 0.69803922
v 0.09808896 0.11500682 0.13131344 0.69803922 0.69803922 0.69803922
v 0.13045964 0.11281215 0.11302444 0.69803922 0.69803922 0.69803922
v 0.13243127 0.12652567 0.10461833 0.69803922 0.69803922 0.69803922
v 0.12262136 0.12825535 0.11126247 0.69803922 0.69803922 0.69803922
v 0.12103846 0.11393617 0.12011301 0.69803922 0.69803922 0.69803922
v 0.14117360 0.12337722 0.09740494 0.69803922 0.69803922 0.69803922
v 0.13863952 0.11015029 0.10537029 0.69803922 0.69803922 0.69803922
v 0.10960482 0.09891533 0.13318318 0.69803922 0.69803922 0.69803922
v 0.12002542 0.09860864 0.12673698 0.69803922 0.69803922 0.69803922
v 0.09775844 0.09937818 0.13776097 0.69803922 0.69803922 0.69803922
v 0.13610363 0.09648915 0.11171962 0.69803922 0.69803922 0.69803922
v 0.12883040 0.09796492 0.11949090 0.69803922 0.69803922 0.69803922
v 0.00999537 0.33126751 0.09517262 0.69803922 0.69803922 0.69803922
v 0.00966611 0.33603954 0.11086854 0.69803922 0.69803922 0.69803922
v 0.00375100 0.37841800 0.12475893 0.69803922 0.69803922 0.69803922
v 0.00337870 0.38297749 0.12267465 0.69803922 0.69803922 0.69803922
v 0.00342014 0.31890595 0.07362627 0.69803922 0.69803922 0.69803922
v 0.00363425 0.30994844 0.06845161 0.69803922 0.69803922 0.69803922
v 0.00141426 0.36000875 0.12226371 0.69803922 0.69803922 0.69803922
v 0.00164008 0.34589019 0.12248822 0.69803922 0.69803922 0.69803922
v 0.00140443 0.40540114 0.12536742 0.69803922 0.69803922 0.69803922
v 0.00133594 0.40175161 0.12412196 0.69803922 0.69803922 0.69803922
v 0.00141096 0.39045098 0.12581283 0.69803922 0.69803922 0.69803922
v 0.00145468 0.38652241 0.12450730 0.69803922 0.69803922 0.69803922
v 0.00365250 0.30007738 0.06285011 0.69803922 0.69803922 0.69803922
v 0.00318183 0.32675943 0.08140299 0.69803922 0.69803922 0.69803922
v 0.00301655 0.27844858 0.05457947 0.69803922 0.69803922 0.69803922
v 0.00284082 0.26817310 0.05151019 0.69803922 0.69803922 0.69803922
v 0.01380979 0.25976732 0.05082192 0.69803922 0.69803922 0.69803922
v 0.01471158 0.24945094 0.05450228 0.69803922 0.69803922 0.69803922
v 0.01836521 0.11309067 0.12888069 0.69803922 0.69803922 0.69803922
v 0.01700145 0.16120794 0.10430361 0.69803922 0.69803922 0.69803922
v 0.01679271 0.14752474 0.11470622 0.69803922 0.69803922 0.69803922
v 0.01708104 0.17757465 0.09620320 0.69803922 0.69803922 0.69803922
v 0.01590678 0.23929721 0.06144876 0.69803922 0.69803922 0.69803922
v 0.00339712 0.28927729 0.05828770 0.69803922 0.69803922 0.69803922
v 0.00143933 0.37348095 0.12424941 0.69803922 0.69803922 0.69803922
v 0.00138321 0.36794993 0.12165014 0.69803922 0.69803922 0.69803922
v 0.00137068 0.39774120 0.12429418 0.69803922 0.69803922 0.69803922
v 0.00139807 0.39412788 0.12507558 0.69803922 0.69803922 0.69803922
v 0.00162498 0.20918296 0.07864098 0.69803922 0.69803922 0.69803922
v 0.00097273 0.19226481 0.08851147 0.69803922 0.69803922 0.69803922
v 0.01733360 0.13053414 0.12223979 0.69803922 0.69803922 0.69803922
v 0.00248546 0.09054355 0.13351174 0.69803922 0.69803922 0.69803922
v 0.00266517 0.06623696 0.13431333 0.69803922 0.69803922 0.69803922
v 0.00223602 0.22504432 0.06924225 0.69803922 0.69803922 0.69803922
v 0.00282665 0.04309265 0.13416001 0.69803922 0.69803922 0.69803922
v 0.16838281 -0.33205372 -0.05641226 0.69803922 0.69803922 0.69803922
v 0.15030225 -0.34826228 -0.07598180 0.69803922 0.69803922 0.69803922
v 0.14201443 -0.33348018 -0.08410019 0.69803922 0.69803922 0.69803922
v 0.15596876 -0.32159197 -0.07102145 0.69803922 0.69803922 0.69803922
v 0.16522454 -0.27844268 -0.05112595 0.69803922 0.69803922 0.69803922
v 0.16457853 -0.25141028 -0.04210417 0.69803922 0.69803922 0.69803922
v 0.16533159 -0.22437201 -0.03743194 0.69803922 0.69803922 0.69803922
v 0.12195051 -0.34022900 -0.09633899 0.69803922 0.69803922 0.69803922
v 0.09285372 -0.32078040 -0.10930587 0.69803922 0.69803922 0.69803922
v 0.09625570 -0.34133023 -0.10498060 0.69803922 0.69803922 0.69803922
v 0.15011735 -0.22578023 -0.06247703 0.69803922 0.69803922 0.69803922
v 0.15020905 -0.25258857 -0.06609320 0.69803922 0.69803922 0.69803922
v 0.14742139 -0.31544447 -0.07890381 0.69803922 0.69803922 0.69803922
v 0.14956926 -0.30073887 -0.07638651 0.69803922 0.69803922 0.69803922
v 0.16345631 -0.30259138 -0.06100098 0.69803922 0.69803922 0.69803922
v 0.11792829 -0.32206362 -0.10059624 0.69803922 0.69803922 0.69803922
v 0.13643502 -0.31986645 -0.08902205 0.69803922 0.69803922 0.69803922
v 0.05780687 -0.16915232 -0.08762235 0.69803922 0.69803922 0.69803922
v 0.06175955 -0.18775456 -0.09653632 0.69803922 0.69803922 0.69803922
v 0.03392098 -0.18826877 -0.09843616 0.69803922 0.69803922 0.69803922
v 0.13855404 -0.16074361 -0.05045440 0.69803922 0.69803922 0.69803922
v 0.12547125 -0.18179297 -0.07285728 0.69803922 0.69803922 0.69803922
v 0.00153342 -0.31789955 -0.10191050 0.69803922 0.69803922 0.69803922
v 0.13451895 -0.30177757 -0.09037255 0.69803922 0.69803922 0.69803922
v 0.09085872 -0.30051103 -0.11360116 0.69803922 0.69803922 0.69803922
v 0.11545883 -0.30137455 -0.10318229 0.69803922 0.69803922 0.69803922
v 0.08971527 -0.22829419 -0.10759383 0.69803922 0.69803922 0.69803922
v 0.11246917 -0.22794846 -0.09707322 0.69803922 0.69803922 0.69803922
v 0.11230119 -0.25283512 -0.10219683 0.69803922 0.69803922 0.69803922
v 0.08948522 -0.25169942 -0.11301197 0.69803922 0.69803922 0.69803922
v 0.13223140 -0.22762693 -0.08228836 0.69803922 0.69803922 0.69803922
v 0.12944961 -0.20372774 -0.07771834 0.69803922 0.69803922 0.69803922
v 0.08829378 -0.20595704 -0.10054921 0.69803922 0.69803922 0.69803922
v 0.10989466 -0.20488572 -0.09110232 0.69803922 0.69803922 0.69803922
v 0.10557593 -0.18370500 -0.08483291 0.69803922 0.69803922 0.69803922
v 0.13304354 -0.25420514 -0.08637093 0.69803922 0.69803922 0.69803922
v 0.08934534 -0.27681965 -0.11533664 0.69803922 0.69803922 0.69803922
v 0.06114028 -0.27522156 -0.12107230 0.69803922 0.69803922 0.69803922
v 0.03086095 -0.27316654 -0.11896988 0.69803922 0.69803922 0.69803922
v 0.00087829 -0.27407882 -0.11593258 0.69803922 0.69803922 0.69803922
v 0.00040361 -0.25150210 -0.11720178 0.69803922 0.69803922 0.69803922
v 0.08460845 -0.18597281 -0.09214768 0.69803922 0.69803922 0.69803922
v 0.07431350 -0.14935164 -0.07615319 0.69803922 0.69803922 0.69803922
v 0.08022478 -0.16748399 -0.08395959 0.69803922 0.69803922 0.69803922
v 0.06292966 -0.08735080 -0.06893403 0.69803922 0.69803922 0.69803922
v 0.11308507 -0.56704003 0.09830477 0.69803922 0.69803922 0.69803922
v -0.00245091 -0.37052792 0.00740582 0.69803922 0.69803922 0.69803922
v -0.00350483 -0.38024536 0.03634138 0.69803922 0.69803922 0.69803922
v 0.17706279 -0.29826507 0.06274183 0.69803922 0.69803922 0.69803922
v 0.18679447 -0.31411177 -0.01271234 0.69803922 0.69803922 0.69803922
v 0.17623475 -0.30891407 -0.04022085 0.69803922 0.69803922 0.69803922
v 0.00553723 -0.38759157 0.08307932 0.69803922 0.69803922 0.69803922
v 0.02153700 -0.38272262 0.10636203 0.69803922 0.69803922 0.69803922
v 0.15722010 -0.30455631 0.08890163 0.69803922 0.69803922 0.69803922
v 0.10302767 -0.34839660 0.13023373 0.69803922 0.69803922 0.69803922
v -0.00145354 -0.38642278 0.06029575 0.69803922 0.69803922 0.69803922
v 0.14964090 -0.27679980 -0.07016022 0.69803922 0.69803922 0.69803922
v 0.13340415 -0.27940276 -0.08875570 0.69803922 0.69803922 0.69803922
v 0.11329642 -0.27824181 -0.10380448 0.69803922 0.69803922 0.69803922
v 0.06183416 -0.29782370 -0.11951414 0.69803922 0.69803922 0.69803922
v 0.03032731 -0.29505378 -0.11758734 0.69803922 0.69803922 0.69803922
v 0.00065863 -0.29440764 -0.11249346 0.69803922 0.69803922 0.69803922
v 0.01780187 -0.32912591 0.12778251 0.69803922 0.69803922 0.69803922
v 0.00769143 -0.32478192 0.13437058 0.69803922 0.69803922 0.69803922
v 0.01481736 -0.32226059 0.13555478 0.69803922 0.69803922 0.69803922
v -0.00063734 -0.31185129 0.14154653 0.69803922 0.69803922 0.69803922
v -0.00048403 -0.32641497 0.13327862 0.69803922 0.69803922 0.69803922
v 0.00759085 -0.33628651 0.12361092 0.69803922 0.69803922 0.69803922
v -0.00024751 -0.33813670 0.12196639 0.69803922 0.69803922 0.69803922
v -0.00003110 -0.35219231 0.11166060 0.69803922 0.69803922 0.69803922
v 0.07547408 -0.21143037 0.14072467 0.69803922 0.69803922 0.69803922
v 0.09772331 -0.20507431 0.12887345 0.69803922 0.69803922 0.69803922
v 0.01341380 -0.22193146 0.15848137 0.69803922 0.69803922 0.69803922
v 0.03233869 -0.21992475 0.15534164 0.69803922 0.69803922 0.69803922
v 0.15417154 -0.18040518 0.07489532 0.69803922 0.69803922 0.69803922
v 0.05315574 -0.21650487 0.14967383 0.69803922 0.69803922 0.69803922
v 0.11927562 -0.19786805 0.11444028 0.69803922 0.69803922 0.69803922
v 0.13941054 -0.18906851 0.09633683 0.69803922 0.69803922 0.69803922
v 0.00007003 -0.20686692 -0.10747845 0.69803922 0.69803922 0.69803922
v -0.00003223 -0.18653950 -0.09906653 0.69803922 0.69803922 0.69803922
v -0.00434906 -0.22302717 0.15863615 0.69803922 0.69803922 0.69803922
v 0.00202927 0.33567858 0.11139701 0.69803922 0.69803922 0.69803922
v 0.00258838 0.33061719 0.09542748 0.69803922 0.69803922 0.69803922
v 0.00122516 0.52168000 0.09359081 0.69803922 0.69803922 0.69803922
v -0.00227286 0.32557070 -0.05070753 0.69803922 0.69803922 0.69803922
v 0.00145876 0.46744886 0.11317121 0.69803922 0.69803922 0.69803922
v 0.00142304 0.38277149 0.12257256 0.69803922 0.69803922 0.69803922
v 0.00158654 0.40774688 0.12822069 0.69803922 0.69803922 0.69803922
v 0.00272640 0.25796488 0.04985725 0.69803922 0.69803922 0.69803922
v 0.00271855 0.24732077 0.05301660 0.69803922 0.69803922 0.69803922
v -0.00093471 -0.35468572 0.00552207 0.69803922 0.69803922 0.69803922
v 0.00263225 0.23720625 0.06078467 0.69803922 0.69803922 0.69803922
v -0.00050260 -0.35464442 -0.00745386 0.69803922 0.69803922 0.69803922
v 0.00056016 -0.01004910 -0.07981882 0.69803922 0.69803922 0.69803922
v 0.06789309 -1.01067948 -0.02848803 0.69803922 0.69803922 0.69803922
v 0.06616316 -1.00897372 -0.04348220 0.69803922 0.69803922 0.69803922
v 0.06886160 -1.03830659 -0.04024247 0.69803922 0.69803922 0.69803922
v 0.06839265 -1.03934431 -0.02568120 0.69803922 0.69803922 0.69803922
v 0.08371507 -1.00423372 -0.07225013 0.69803922 0.69803922 0.69803922
v 0.07234445 -1.00635159 -0.06405445 0.69803922 0.69803922 0.69803922
v 0.09867852 -1.00416481 -0.07393651 0.69803922 0.69803922 0.69803922
v 0.11201917 -1.00493467 -0.06855761 0.69803922 0.69803922 0.69803922
v 0.10806432 -1.03535581 -0.06676673 0.69803922 0.69803922 0.69803922
v 0.09651075 -1.03486109 -0.07386526 0.69803922 0.69803922 0.69803922
v 0.12066520 -1.00591862 -0.05941024 0.69803922 0.69803922 0.69803922
v 0.12353051 -1.03653955 -0.04698226 0.69803922 0.69803922 0.69803922
v 0.12696172 -1.00692534 -0.04798842 0.69803922 0.69803922 0.69803922
v 0.13003427 -1.00834227 -0.02969410 0.69803922 0.69803922 0.69803922
v 0.12485761 -1.03646469 -0.02932838 0.69803922 0.69803922 0.69803922
v 0.12443474 -1.01247966 -0.00966887 0.69803922 0.69803922 0.69803922
v 0.11986998 -1.03958380 -0.00992265 0.69803922 0.69803922 0.69803922
v 0.11029152 -1.01509500 0.00187147 0.69803922 0.69803922 0.69803922
v 0.07485776 -1.01371133 -0.01387863 0.69803922 0.69803922 0.69803922
v 0.07332672 -1.04128373 -0.00972956 0.69803922 0.69803922 0.69803922
v 0.08298827 -1.03535843 -0.07243298 0.69803922 0.69803922 0.69803922
v 0.07423902 -1.03713191 -0.06222133 0.69803922 0.69803922 0.69803922
v 0.07103283 -1.03801799 -0.05056214 0.69803922 0.69803922 0.69803922
v 0.06802706 -1.00820220 -0.05426193 0.69803922 0.69803922 0.69803922
v 0.06779873 -1.06697774 -0.03648897 0.69803922 0.69803922 0.69803922
v 0.06338243 -1.06706321 -0.02058806 0.69803922 0.69803922 0.69803922
v 0.08197968 -1.06492960 -0.07308645 0.69803922 0.69803922 0.69803922
v 0.07609873 -1.06595659 -0.05872957 0.69803922 0.69803922 0.69803922
v 0.10449177 -1.06414664 -0.06569764 0.69803922 0.69803922 0.69803922
v 0.09536612 -1.06394136 -0.07610904 0.69803922 0.69803922 0.69803922
v 0.12452348 -1.06488216 -0.04687381 0.69803922 0.69803922 0.69803922
v 0.11475071 -1.06433070 -0.05634724 0.69803922 0.69803922 0.69803922
v 0.11620328 -1.03551221 -0.05747491 0.69803922 0.69803922 0.69803922
v 0.12492157 -1.06415451 -0.02967388 0.69803922 0.69803922 0.69803922
v 0.11953742 -1.06565261 -0.00677590 0.69803922 0.69803922 0.69803922
v 0.06963894 -1.06706166 -0.00308364 0.69803922 0.69803922 0.69803922
v 0.07242558 -1.06672025 -0.04751016 0.69803922 0.69803922 0.69803922
v 0.12489543 -1.11393487 0.14490974 1.00000000 0.00000000 0.00000000
v 0.12364821 -1.11081660 0.14167386 1.00000000 0.00000000 0.00000000
v 0.11918336 -1.11009920 0.14233851 1.00000000 0.00000000 0.00000000
v 0.11792723 -1.11342037 0.14632052 1.00000000 0.00000000 0.00000000
v 0.08467947 -1.10692537 0.15405405 1.00000000 0.00000000 0.00000000
v 0.08272000 -1.09732294 0.14927065 1.00000000 0.00000000 0.00000000
v 0.07424497 -1.10006428 0.14851016 1.00000000 0.00000000 0.00000000
v 0.07315379 -1.11084533 0.15433639 1.00000000 0.00000000 0.00000000
v 0.10294515 -1.10814047 0.15329021 1.00000000 0.00000000 0.00000000
v 0.10391505 -1.11306691 0.15254039 1.00000000 0.00000000 0.00000000
v 0.10886136 -1.11338925 0.15197623 1.00000000 0.00000000 0.00000000
v 0.11095405 -1.10876822 0.15255940 1.00000000 0.00000000 0.00000000
v 0.14464957 -1.13027692 0.11774969 1.00000000 0.00000000 0.00000000
v 0.14458063 -1.13545978 0.11839235 1.00000000 0.00000000 0.00000000
v 0.14875565 -1.13648546 0.11673826 1.00000000 0.00000000 0.00000000
v 0.15005989 -1.13282681 0.11538583 1.00000000 0.00000000 0.00000000
v 0.13180485 -1.12099981 0.13540125 1.00000000 0.00000000 0.00000000
v 0.13195227 -1.12640452 0.13564998 1.00000000 0.00000000 0.00000000
v 0.13596322 -1.12705493 0.13380557 1.00000000 0.00000000 0.00000000
v 0.13782538 -1.12352037 0.13321298 1.00000000 0.00000000 0.00000000
v 0.08560240 -1.10939288 0.12859911 1.00000000 0.00000000 0.00000000
v 0.07118663 -1.11028731 0.12650871 1.00000000 0.00000000 0.00000000
v 0.07218090 -1.10487342 0.13996512 1.00000000 0.00000000 0.00000000
v 0.08486916 -1.10142422 0.14004505 1.00000000 0.00000000 0.00000000
v 0.06586796 -1.11474872 0.14245230 1.00000000 0.00000000 0.00000000
v 0.06442094 -1.12284350 0.12883389 1.00000000 0.00000000 0.00000000
v 0.07191019 -1.12933934 0.13169259 1.00000000 0.00000000 0.00000000
v 0.07323194 -1.12006032 0.14299148 1.00000000 0.00000000 0.00000000
v 0.08506102 -1.12701869 0.13426119 1.00000000 0.00000000 0.00000000
v 0.08508218 -1.11868715 0.14442414 1.00000000 0.00000000 0.00000000
v 0.09216743 -1.11848092 0.13335240 1.00000000 0.00000000 0.00000000
v 0.09348947 -1.10925841 0.14430302 1.00000000 0.00000000 0.00000000
v 0.11175953 -1.11708295 0.13386500 1.00000000 0.00000000 0.00000000
v 0.10699787 -1.11085176 0.13032007 1.00000000 0.00000000 0.00000000
v 0.10913825 -1.10619211 0.14235014 1.00000000 0.00000000 0.00000000
v 0.11502732 -1.11205006 0.14476341 1.00000000 0.00000000 0.00000000
v 0.09587637 -1.11036348 0.13220090 1.00000000 0.00000000 0.00000000
v 0.10087743 -1.10561633 0.14347023 1.00000000 0.00000000 0.00000000
v 0.09226948 -1.11859441 0.13733888 1.00000000 0.00000000 0.00000000
v 0.09735133 -1.12564301 0.13723564 1.00000000 0.00000000 0.00000000
v 0.10064449 -1.11736906 0.14738470 1.00000000 0.00000000 0.00000000
v 0.09537685 -1.11059153 0.14780629 1.00000000 0.00000000 0.00000000
v 0.10680433 -1.12514997 0.13620579 1.00000000 0.00000000 0.00000000
v 0.10968003 -1.11824536 0.14623141 1.00000000 0.00000000 0.00000000
v 0.12442715 -1.11610186 0.12442613 1.00000000 0.00000000 0.00000000
v 0.11369589 -1.11474764 0.12713063 1.00000000 0.00000000 0.00000000
v 0.11697030 -1.11235225 0.13705027 1.00000000 0.00000000 0.00000000
v 0.12452300 -1.11305451 0.13555270 1.00000000 0.00000000 0.00000000
v 0.11240089 -1.11806154 0.14181459 1.00000000 0.00000000 0.00000000
v 0.11031918 -1.12242496 0.13289702 1.00000000 0.00000000 0.00000000
v 0.11561190 -1.12818491 0.13295496 1.00000000 0.00000000 0.00000000
v 0.11772848 -1.12214708 0.14173460 1.00000000 0.00000000 0.00000000
v 0.12504534 -1.12883544 0.13119626 1.00000000 0.00000000 0.00000000
v 0.12522359 -1.12274933 0.14106733 1.00000000 0.00000000 0.00000000
v 0.12944329 -1.12114215 0.12800461 1.00000000 0.00000000 0.00000000
v 0.12938675 -1.11769032 0.13842249 1.00000000 0.00000000 0.00000000
v 0.14346506 -1.12945700 0.11627537 1.00000000 0.00000000 0.00000000
v 0.14000958 -1.12346816 0.11303359 1.00000000 0.00000000 0.00000000
v 0.13882139 -1.12168264 0.12354797 1.00000000 0.00000000 0.00000000
v 0.14173643 -1.12704146 0.12635851 1.00000000 0.00000000 0.00000000
v 0.13209000 -1.12146163 0.11666971 1.00000000 0.00000000 0.00000000
v 0.13281460 -1.11965609 0.12515974 1.00000000 0.00000000 0.00000000
v 0.12805197 -1.12224770 0.12910408 1.00000000 0.00000000 0.00000000
v 0.12883538 -1.12461436 0.12191904 1.00000000 0.00000000 0.00000000
v 0.13107668 -1.13409626 0.12342709 1.00000000 0.00000000 0.00000000
v 0.13012321 -1.12991071 0.13135600 1.00000000 0.00000000 0.00000000
v 0.13917491 -1.13667250 0.11984545 1.00000000 0.00000000 0.00000000
v 0.13765083 -1.13161778 0.12926400 1.00000000 0.00000000 0.00000000
v 0.15331633 -1.13298786 0.09918767 1.00000000 0.00000000 0.00000000
v 0.15186895 -1.13064075 0.10748303 1.00000000 0.00000000 0.00000000
v 0.15353535 -1.13642418 0.10930717 1.00000000 0.00000000 0.00000000
v 0.15436022 -1.14101815 0.10004890 1.00000000 0.00000000 0.00000000
v 0.14672841 -1.12947869 0.10301781 1.00000000 0.00000000 0.00000000
v 0.14629629 -1.12792659 0.10971302 1.00000000 0.00000000 0.00000000
v 0.14220446 -1.13163054 0.11292064 1.00000000 0.00000000 0.00000000
v 0.14397427 -1.13348341 0.10740560 1.00000000 0.00000000 0.00000000
v 0.14361534 -1.14249039 0.10911494 1.00000000 0.00000000 0.00000000
v 0.14275678 -1.13905573 0.11483222 1.00000000 0.00000000 0.00000000
v 0.15000543 -1.14496982 0.10472077 1.00000000 0.00000000 0.00000000
v 0.14983910 -1.14087033 0.11260796 1.00000000 0.00000000 0.00000000
v 0.08949298 -1.11784053 0.11756802 1.00000000 0.00000000 0.00000000
v 0.07137202 -1.11646497 0.11386198 1.00000000 0.00000000 0.00000000
v 0.07548480 -1.11387074 0.15058613 1.00000000 0.00000000 0.00000000
v 0.06501540 -1.13035250 0.11634511 1.00000000 0.00000000 0.00000000
v 0.08218501 -1.11291504 0.15124303 1.00000000 0.00000000 0.00000000
v 0.08922721 -1.13520277 0.12456220 1.00000000 0.00000000 0.00000000
v 0.07291596 -1.13858068 0.11935639 1.00000000 0.00000000 0.00000000
v 0.09100025 -1.12243438 0.12883544 1.00000000 0.00000000 0.00000000
v 0.10918906 -1.10461664 0.14885062 1.00000000 0.00000000 0.00000000
v 0.10928544 -1.13605857 0.12306803 1.00000000 0.00000000 0.00000000
v 0.10954779 -1.12444377 0.12709194 1.00000000 0.00000000 0.00000000
v 0.10418191 -1.10439491 0.14935124 1.00000000 0.00000000 0.00000000
v 0.10825936 -1.11892509 0.11622208 1.00000000 0.00000000 0.00000000
v 0.12597555 -1.12503970 0.10940915 1.00000000 0.00000000 0.00000000
v 0.11966597 -1.11831486 0.14628088 1.00000000 0.00000000 0.00000000
v 0.12368046 -1.11870396 0.14581919 1.00000000 0.00000000 0.00000000
v 0.12752630 -1.14003146 0.11696494 1.00000000 0.00000000 0.00000000
v 0.12955536 -1.12567139 0.11958212 1.00000000 0.00000000 0.00000000
v 0.13727751 -1.12023318 0.12991631 1.00000000 0.00000000 0.00000000
v 0.14166114 -1.14586663 0.10680425 1.00000000 0.00000000 0.00000000
v 0.14458519 -1.13336205 0.10747629 1.00000000 0.00000000 0.00000000
v 0.13376637 -1.11877561 0.13121498 1.00000000 0.00000000 0.00000000
v 0.14224964 -1.13011682 0.09887844 1.00000000 0.00000000 0.00000000
v 0.14933906 -1.12997127 0.11325067 1.00000000 0.00000000 0.00000000
v 0.15089658 -1.15116179 0.09553581 1.00000000 0.00000000 0.00000000
v 0.15633337 -1.14574623 0.08908105 1.00000000 0.00000000 0.00000000
v 0.14646037 -1.12808895 0.11448681 1.00000000 0.00000000 0.00000000
v 0.15363610 -1.13625848 0.08941329 1.00000000 0.00000000 0.00000000
v 0.08267724 -1.04288948 0.00171567 0.69803922 0.69803922 0.69803922
v 0.08376152 -1.01560724 -0.00257042 0.69803922 0.69803922 0.69803922
v 0.09546982 -1.01686454 0.00286209 0.69803922 0.69803922 0.69803922
v 0.09419277 -1.04390013 0.00646110 0.69803922 0.69803922 0.69803922
v 0.10772000 -1.04212904 0.00343430 0.69803922 0.69803922 0.69803922
v 0.08089335 -1.06707156 0.00978127 0.69803922 0.69803922 0.69803922
v 0.09369113 -1.06744838 0.01354333 0.69803922 0.69803922 0.69803922
v 0.10668342 -1.06733072 0.00797029 0.69803922 0.69803922 0.69803922
v 0.12899764 -1.08738387 -0.03088043 0.69803922 0.69803922 0.69803922
v 0.12634647 -1.08651066 -0.04907455 0.69803922 0.69803922 0.69803922
v 0.11473843 -1.08628631 -0.05904836 0.69803922 0.69803922 0.69803922
v 0.10571776 -1.08665276 -0.06981974 0.69803922 0.69803922 0.69803922
v 0.09579666 -1.08707654 -0.08001304 0.69803922 0.69803922 0.69803922
v 0.06924754 -1.08926582 0.00272052 0.69803922 0.69803922 0.69803922
v 0.07940640 -1.08661485 0.01979446 0.69803922 0.69803922 0.69803922
v 0.09368832 -1.08581674 0.02504372 0.69803922 0.69803922 0.69803922
v 0.10923508 -1.08595383 0.01791452 0.69803922 0.69803922 0.69803922
v 0.06769568 -1.12120068 0.10000604 1.00000000 0.00000000 0.00000000
v 0.08620100 -1.11817229 0.09865683 1.00000000 0.00000000 0.00000000
v 0.08311842 -1.11701381 0.08137253 1.00000000 0.00000000 0.00000000
v 0.06850287 -1.12709486 0.08315292 1.00000000 0.00000000 0.00000000
v 0.10420935 -1.12271214 0.09653294 1.00000000 0.00000000 0.00000000
v 0.10195350 -1.11811626 0.07862756 1.00000000 0.00000000 0.00000000
v 0.12167414 -1.12754297 0.09088510 1.00000000 0.00000000 0.00000000
v 0.11891166 -1.12375796 0.07311717 1.00000000 0.00000000 0.00000000
v 0.13815615 -1.13277912 0.08301097 1.00000000 0.00000000 0.00000000
v 0.13424513 -1.12970757 0.06605008 0.69803922 0.69803922 0.69803922
v 0.15219569 -1.13815415 0.07607016 1.00000000 0.00000000 0.00000000
v 0.14779690 -1.13632667 0.05886623 0.69803922 0.69803922 0.69803922
v 0.15871203 -1.14764798 0.07444775 0.69803922 0.69803922 0.69803922
v 0.15524064 -1.14577651 0.05556817 0.69803922 0.69803922 0.69803922
v 0.06158147 -1.13821030 0.10200557 1.00000000 0.00000000 0.00000000
v 0.06365027 -1.14230943 0.08290660 0.69803922 0.69803922 0.69803922
v 0.07149772 -1.14955235 0.10388547 1.00000000 0.00000000 0.00000000
v 0.07275598 -1.15645385 0.08463833 1.00000000 0.00000000 0.00000000
v 0.08864670 -1.15033615 0.10375762 1.00000000 0.00000000 0.00000000
v 0.08905874 -1.15802336 0.08353835 1.00000000 0.00000000 0.00000000
v 0.15070611 -1.15853739 0.06030786 0.69803922 0.69803922 0.69803922
v 0.15205976 -1.15770710 0.08068889 1.00000000 0.00000000 0.00000000
v 0.10765294 -1.15199161 0.10021740 1.00000000 0.00000000 0.00000000
v 0.10747450 -1.15811729 0.07918632 1.00000000 0.00000000 0.00000000
v 0.12500262 -1.15538812 0.09479612 1.00000000 0.00000000 0.00000000
v 0.12431689 -1.16054130 0.07325226 1.00000000 0.00000000 0.00000000
v 0.13969035 -1.15803921 0.08798349 1.00000000 0.00000000 0.00000000
v 0.13893349 -1.16178179 0.06666240 0.69803922 0.69803922 0.69803922
v 0.07995727 -1.11418962 0.06191567 0.69803922 0.69803922 0.69803922
v 0.09907263 -1.10882854 0.06015593 0.69803922 0.69803922 0.69803922
v 0.11531089 -1.11409581 0.05354980 0.69803922 0.69803922 0.69803922
v 0.13038702 -1.12096906 0.04481357 0.69803922 0.69803922 0.69803922
v 0.14292617 -1.13061547 0.03653485 0.69803922 0.69803922 0.69803922
v 0.15081988 -1.14101052 0.03290891 0.69803922 0.69803922 0.69803922
v 0.12985690 -1.10877275 0.01695704 0.69803922 0.69803922 0.69803922
v 0.13840298 -1.12716973 0.01067948 0.69803922 0.69803922 0.69803922
v 0.14423703 -1.13903975 0.00932772 0.69803922 0.69803922 0.69803922
v 0.13820827 -1.13840079 -0.01468156 0.69803922 0.69803922 0.69803922
v 0.13528182 -1.12514853 -0.01553230 0.69803922 0.69803922 0.69803922
v 0.12657899 -1.12550426 -0.05720550 0.69803922 0.69803922 0.69803922
v 0.13073736 -1.12457037 -0.03908068 0.69803922 0.69803922 0.69803922
v 0.13480447 -1.13806951 -0.03864707 0.69803922 0.69803922 0.69803922
v 0.13093171 -1.14005017 -0.05756445 0.69803922 0.69803922 0.69803922
v 0.13138232 -1.10784316 -0.01139211 0.69803922 0.69803922 0.69803922
v 0.12827322 -1.10654652 -0.03526235 0.69803922 0.69803922 0.69803922
v 0.12225652 -1.10587645 -0.05251062 0.69803922 0.69803922 0.69803922
v 0.11486718 -1.14159906 -0.07999420 0.69803922 0.69803922 0.69803922
v 0.11366583 -1.12539577 -0.08109853 0.69803922 0.69803922 0.69803922
v 0.12154873 -1.12568998 -0.06995907 0.69803922 0.69803922 0.69803922
v 0.12506729 -1.14091504 -0.07041124 0.69803922 0.69803922 0.69803922
v 0.09889264 -1.14380860 -0.08457913 0.69803922 0.69803922 0.69803922
v 0.09774892 -1.12702692 -0.08812536 0.69803922 0.69803922 0.69803922
v 0.08188705 -1.12918293 -0.07712792 0.69803922 0.69803922 0.69803922
v 0.08282610 -1.14492500 -0.07557207 0.69803922 0.69803922 0.69803922
v 0.10945135 -1.10547721 -0.07562774 0.69803922 0.69803922 0.69803922
v 0.11575381 -1.10598516 -0.06456305 0.69803922 0.69803922 0.69803922
v 0.09711830 -1.10609639 -0.08333794 0.69803922 0.69803922 0.69803922
v 0.08251093 -1.10838544 -0.07440045 0.69803922 0.69803922 0.69803922
v 0.07493508 -1.12984014 -0.05826618 0.69803922 0.69803922 0.69803922
v 0.07646571 -1.10931075 -0.05729292 0.69803922 0.69803922 0.69803922
v 0.07431236 -1.14475954 -0.05806620 0.69803922 0.69803922 0.69803922
v 0.06960269 -1.12898898 0.06137291 0.69803922 0.69803922 0.69803922
v 0.06890152 -1.14219844 0.05975710 0.69803922 0.69803922 0.69803922
v 0.11298545 -1.09976017 0.03446175 0.69803922 0.69803922 0.69803922
v 0.09547361 -1.09783268 0.04141469 0.69803922 0.69803922 0.69803922
v 0.07661518 -1.10487592 0.03598560 0.69803922 0.69803922 0.69803922
v 0.06852700 -1.12739503 0.03576443 0.69803922 0.69803922 0.69803922
v 0.07269145 -1.14137709 0.03366958 0.69803922 0.69803922 0.69803922
v 0.06800065 -1.12791395 0.01044174 0.69803922 0.69803922 0.69803922
v 0.07436164 -1.14043224 0.00929365 0.69803922 0.69803922 0.69803922
v 0.07685159 -1.15306711 0.05927414 0.69803922 0.69803922 0.69803922
v 0.08152526 -1.14814389 0.03236967 0.69803922 0.69803922 0.69803922
v 0.08242999 -1.14653563 0.00798243 0.69803922 0.69803922 0.69803922
v 0.06836569 -1.12826812 -0.01148737 0.69803922 0.69803922 0.69803922
v 0.07320041 -1.14109576 -0.01197561 0.69803922 0.69803922 0.69803922
v 0.07134663 -1.12840509 -0.02911134 0.69803922 0.69803922 0.69803922
v 0.07285418 -1.14218366 -0.02916105 0.69803922 0.69803922 0.69803922
v 0.07259569 -1.14346802 -0.04319629 0.69803922 0.69803922 0.69803922
v 0.07339830 -1.12918591 -0.04331502 0.69803922 0.69803922 0.69803922
v 0.07059705 -1.10955667 -0.03132243 0.69803922 0.69803922 0.69803922
v 0.07340158 -1.10880089 -0.04401166 0.69803922 0.69803922 0.69803922
v 0.06774832 -1.11068869 -0.01331570 0.69803922 0.69803922 0.69803922
v 0.06784613 -1.10915816 0.00941134 0.69803922 0.69803922 0.69803922
v 0.14722703 -1.15478134 0.03629844 0.69803922 0.69803922 0.69803922
v 0.14212415 -1.15069306 0.01173621 0.69803922 0.69803922 0.69803922
v 0.13614079 -1.14795375 -0.01238851 0.69803922 0.69803922 0.69803922
v 0.13180014 -1.14945388 -0.03575445 0.69803922 0.69803922 0.69803922
v 0.12607972 -1.15147066 -0.05346655 0.69803922 0.69803922 0.69803922
v 0.12020456 -1.15245521 -0.06463803 0.69803922 0.69803922 0.69803922
v 0.11172570 -1.15259182 -0.07306077 0.69803922 0.69803922 0.69803922
v 0.09854200 -1.15298760 -0.07554014 0.69803922 0.69803922 0.69803922
v 0.08654677 -1.15367556 -0.06979309 0.69803922 0.69803922 0.69803922
v 0.08068279 -1.15440655 -0.05574052 0.69803922 0.69803922 0.69803922
v 0.07901611 -1.15426815 -0.04274271 0.69803922 0.69803922 0.69803922
v 0.08053426 -1.14906776 -0.01342399 0.69803922 0.69803922 0.69803922
v 0.07893158 -1.15232968 -0.02981383 0.69803922 0.69803922 0.69803922
v 0.06397017 -1.09050882 -0.01664795 0.69803922 0.69803922 0.69803922
v 0.06684048 -1.08970475 -0.03419782 0.69803922 0.69803922 0.69803922
v 0.07085668 -1.08899403 -0.04573517 0.69803922 0.69803922 0.69803922
v 0.08221207 -1.08795702 -0.07236154 0.69803922 0.69803922 0.69803922
v 0.07640276 -1.08817315 -0.05660566 0.69803922 0.69803922 0.69803922
v 0.09103905 -1.15690625 0.05782050 0.69803922 0.69803922 0.69803922
v 0.10818702 -1.15705657 0.05333936 0.69803922 0.69803922 0.69803922
v 0.12393909 -1.15912819 0.04728670 0.69803922 0.69803922 0.69803922
v 0.13704392 -1.15940738 0.04134296 0.69803922 0.69803922 0.69803922
v 0.13362269 -1.15560091 0.01566575 0.69803922 0.69803922 0.69803922
v 0.12182195 -1.15594018 0.02013598 0.69803922 0.69803922 0.69803922
v 0.10715096 -1.15487623 0.02521579 0.69803922 0.69803922 0.69803922
v 0.09266367 -1.15219212 0.02998053 0.69803922 0.69803922 0.69803922
v 0.12810990 -1.15335560 -0.00844990 0.69803922 0.69803922 0.69803922
v 0.11766290 -1.15470958 -0.00409937 0.69803922 0.69803922 0.69803922
v 0.10429348 -1.15381145 -0.00038677 0.69803922 0.69803922 0.69803922
v 0.09210247 -1.15151000 0.00494842 0.69803922 0.69803922 0.69803922
v 0.08916756 -1.15435958 -0.01661231 0.69803922 0.69803922 0.69803922
v 0.09973495 -1.15579402 -0.02222864 0.69803922 0.69803922 0.69803922
v 0.11198650 -1.15587640 -0.02553378 0.69803922 0.69803922 0.69803922
v 0.12207426 -1.15405190 -0.03067576 0.69803922 0.69803922 0.69803922
v 0.11685935 -1.15511417 -0.04760014 0.69803922 0.69803922 0.69803922
v 0.10739794 -1.15630817 -0.04213040 0.69803922 0.69803922 0.69803922
v 0.09636576 -1.15673161 -0.03823502 0.69803922 0.69803922 0.69803922
v 0.08745784 -1.15607798 -0.03319038 0.69803922 0.69803922 0.69803922
v 0.11259487 -1.15537822 -0.05747071 0.69803922 0.69803922 0.69803922
v 0.09899814 -1.15537727 -0.06774693 0.69803922 0.69803922 0.69803922
v 0.10711793 -1.15541160 -0.06437448 0.69803922 0.69803922 0.69803922
v 0.09109388 -1.15618443 -0.06468725 0.69803922 0.69803922 0.69803922
v 0.08791231 -1.15668213 -0.05484455 0.69803922 0.69803922 0.69803922
v 0.08709659 -1.15669775 -0.04446354 0.69803922 0.69803922 0.69803922
v 0.09459247 -1.15657222 -0.05533206 0.69803922 0.69803922 0.69803922
v 0.09515701 -1.15677333 -0.04775150 0.69803922 0.69803922 0.69803922
v 0.10473254 -1.15615857 -0.05178172 0.69803922 0.69803922 0.69803922
v 0.10200657 -1.15584934 -0.05849725 0.69803922 0.69803922 0.69803922
v 0.09489039 -1.15603590 -0.06111437 0.69803922 0.69803922 0.69803922
v 0.09866328 -1.15574598 -0.06259994 0.69803922 0.69803922 0.69803922
v 0.12163095 -1.08959091 -0.00252844 0.69803922 0.69803922 0.69803922
v -0.00228990 0.29059553 -0.07272714 0.69803922 0.69803922 0.69803922
v -0.00035379 0.22011337 -0.09568675 0.69803922 0.69803922 0.69803922
v 0.07852979 -0.73309821 0.04405913 0.69803922 0.69803922 0.69803922
v 0.09358115 -0.73515093 0.04819495 0.69803922 0.69803922 0.69803922
v 0.10999638 -0.73385006 0.04893170 0.69803922 0.69803922 0.69803922
v 0.13146789 -0.31262553 0.10986918 0.69803922 0.69803922 0.69803922
v 0.08120551 -0.08206836 0.13149795 0.69803922 0.69803922 0.69803922
v 0.08722252 -0.03996929 0.12463282 0.69803922 0.69803922 0.69803922
v 0.08408370 -0.06132178 0.12787274 0.69803922 0.69803922 0.69803922
v 0.13356729 -0.34305507 0.11734190 0.69803922 0.69803922 0.69803922
v 0.13565511 -0.01478740 0.07222135 0.69803922 0.69803922 0.69803922
v 0.00109252 -0.31005868 -0.10641105 0.69803922 0.69803922 0.69803922
v -0.00051676 0.18030760 -0.10337714 0.69803922 0.69803922 0.69803922
v 0.11277622 0.14389737 0.10663631 0.69803922 0.69803922 0.69803922
v 0.00038953 -0.22861426 -0.11348477 0.69803922 0.69803922 0.69803922
v 0.07909147 0.43264577 0.01477751 0.69803922 0.69803922 0.69803922
v 0.07691739 0.43081817 0.01349931 0.69803922 0.69803922 0.69803922
v 0.07662903 0.42719492 0.01255204 0.69803922 0.69803922 0.69803922
v 0.07624933 0.42511737 0.00897286 0.69803922 0.69803922 0.69803922
v 0.07591007 0.42305484 0.00587638 0.69803922 0.69803922 0.69803922
v 0.07526810 0.42218366 0.00351368 0.69803922 0.69803922 0.69803922
v 0.07817350 0.42766130 0.00991227 0.69803922 0.69803922 0.69803922
v 0.07638549 0.43025979 0.00681054 0.69803922 0.69803922 0.69803922
v 0.07720125 0.43055657 0.00980292 0.69803922 0.69803922 0.69803922
v 0.07831436 0.42962420 0.01148497 0.69803922 0.69803922 0.69803922
v 0.00089370 0.17433445 0.09629714 0.69803922 0.69803922 0.69803922
v 0.00115634 0.15840685 0.10480920 0.69803922 0.69803922 0.69803922
v 0.00145279 0.14518525 0.11551329 0.69803922 0.69803922 0.69803922
v 0.00165007 0.12840346 0.12266781 0.69803922 0.69803922 0.69803922
v 0.00143895 0.37835810 0.12486675 0.69803922 0.69803922 0.69803922
v -0.00584968 -0.13712800 0.15892050 0.69803922 0.69803922 0.69803922
v -0.00484364 -0.12303288 0.15678495 0.69803922 0.69803922 0.69803922
v -0.00079453 -0.08211930 -0.06277192 0.69803922 0.69803922 0.69803922
v -0.00595817 -0.18038149 0.16374196 0.69803922 0.69803922 0.69803922
v -0.00399015 -0.10689571 0.15767263 0.69803922 0.69803922 0.69803922
v 0.00012425 0.05774886 -0.10304125 0.69803922 0.69803922 0.69803922
v 0.00233753 0.11067872 0.12863757 0.69803922 0.69803922 0.69803922
v -0.00533751 -0.20102222 0.16217372 0.69803922 0.69803922 0.69803922
v -0.00158682 0.11774078 -0.11268299 0.69803922 0.69803922 0.69803922
v -0.00242216 -0.08409538 0.15783454 0.69803922 0.69803922 0.69803922
v -0.00107377 -0.29333350 0.14655943 0.69803922 0.69803922 0.69803922
v 0.00085348 -0.01765694 0.14839096 0.69803922 0.69803922 0.69803922
v -0.04357855 0.49294075 0.08839731 0.69803922 0.69803922 0.69803922
v -0.05471759 0.48393777 0.07924198 0.69803922 0.69803922 0.69803922
v -0.04914246 0.47565043 0.09005862 0.69803922 0.69803922 0.69803922
v -0.03768336 0.48108315 0.09789056 0.69803922 0.69803922 0.69803922
v -0.04475852 0.46784902 0.09735810 0.69803922 0.69803922 0.69803922
v -0.03462317 0.47082219 0.10344302 0.69803922 0.69803922 0.69803922
v -0.06081264 0.47255564 0.06965835 0.69803922 0.69803922 0.69803922
v -0.05609920 0.46782058 0.08160618 0.69803922 0.69803922 0.69803922
v -0.06150783 0.43083739 0.07726699 0.69803922 0.69803922 0.69803922
v -0.06004501 0.43982178 0.07641882 0.69803922 0.69803922 0.69803922
v -0.06537768 0.43662250 0.06787245 0.69803922 0.69803922 0.69803922
v -0.06564771 0.42440590 0.06864921 0.69803922 0.69803922 0.69803922
v -0.06025263 0.40457973 0.07886391 0.69803922 0.69803922 0.69803922
v -0.06186381 0.39410853 0.06904506 0.69803922 0.69803922 0.69803922
v -0.05705023 0.38715923 0.08040657 0.69803922 0.69803922 0.69803922
v -0.05446265 0.39775726 0.08836015 0.69803922 0.69803922 0.69803922
v -0.02221382 0.41571918 0.10976024 0.69803922 0.69803922 0.69803922
v -0.02534411 0.42133740 0.10724871 0.69803922 0.69803922 0.69803922
v -0.03132768 0.41552174 0.10715690 0.69803922 0.69803922 0.69803922
v -0.02755818 0.40903547 0.10957712 0.69803922 0.69803922 0.69803922
v -0.01297341 0.42669037 0.11398269 0.69803922 0.69803922 0.69803922
v -0.00865079 0.43099183 0.11963578 0.69803922 0.69803922 0.69803922
v -0.00905651 0.43582705 0.11412214 0.69803922 0.69803922 0.69803922
v -0.01407425 0.43113437 0.10968037 0.69803922 0.69803922 0.69803922
v -0.01698438 0.41038525 0.11130573 0.69803922 0.69803922 0.69803922
v -0.02251996 0.40350768 0.11086041 0.69803922 0.69803922 0.69803922
v -0.01574171 0.41774759 0.11364170 0.69803922 0.69803922 0.69803922
v -0.01756024 0.42159662 0.11038604 0.69803922 0.69803922 0.69803922
v -0.01194079 0.41386098 0.12503088 0.69803922 0.69803922 0.69803922
v -0.00879423 0.41515347 0.12966309 0.69803922 0.69803922 0.69803922
v -0.00988345 0.42058486 0.12920363 0.69803922 0.69803922 0.69803922
v -0.01336008 0.41835481 0.12286450 0.69803922 0.69803922 0.69803922
v -0.01549539 0.41121522 0.11586662 0.69803922 0.69803922 0.69803922
v -0.01190729 0.40846828 0.11837670 0.69803922 0.69803922 0.69803922
v -0.01317587 0.41141245 0.12106509 0.69803922 0.69803922 0.69803922
v -0.01542562 0.41487992 0.11824407 0.69803922 0.69803922 0.69803922
v -0.01238546 0.42262545 0.11825830 0.69803922 0.69803922 0.69803922
v -0.00895425 0.42613724 0.12476352 0.69803922 0.69803922 0.69803922
v -0.00467356 0.42838004 0.13128591 0.69803922 0.69803922 0.69803922
v -0.00535665 0.42122033 0.13605407 0.69803922 0.69803922 0.69803922
v -0.03801507 0.39485037 0.10532387 0.69803922 0.69803922 0.69803922
v -0.03289670 0.39155555 0.10832383 0.69803922 0.69803922 0.69803922
v -0.02819487 0.39743847 0.11019982 0.69803922 0.69803922 0.69803922
v -0.03313564 0.40207666 0.10827848 0.69803922 0.69803922 0.69803922
v -0.01305050 0.40478972 0.11550909 0.69803922 0.69803922 0.69803922
v -0.01619274 0.38897368 0.11920369 0.69803922 0.69803922 0.69803922
v -0.01063270 0.39063975 0.12282204 0.69803922 0.69803922 0.69803922
v -0.01052559 0.39467278 0.12214803 0.69803922 0.69803922 0.69803922
v -0.01671410 0.39310309 0.11847746 0.69803922 0.69803922 0.69803922
v -0.04342696 0.37896287 0.09849001 0.69803922 0.69803922 0.69803922
v -0.04357667 0.37004212 0.09594011 0.69803922 0.69803922 0.69803922
v -0.03734223 0.37141636 0.10243623 0.69803922 0.69803922 0.69803922
v -0.03744294 0.37852356 0.10390413 0.69803922 0.69803922 0.69803922
v -0.03488911 0.36513817 0.10235258 0.69803922 0.69803922 0.69803922
v -0.04118346 0.36137000 0.09492691 0.69803922 0.69803922 0.69803922
v -0.03071763 0.34709686 0.09918823 0.69803922 0.69803922 0.69803922
v -0.02570767 0.35484564 0.10856843 0.69803922 0.69803922 0.69803922
v -0.03076705 0.35965681 0.10428594 0.69803922 0.69803922 0.69803922
v -0.03655864 0.35368913 0.09615783 0.69803922 0.69803922 0.69803922
v -0.01405426 0.36125478 0.11672467 0.69803922 0.69803922 0.69803922
v -0.01958999 0.35070756 0.11454061 0.69803922 0.69803922 0.69803922
v -0.01262696 0.34754482 0.11974653 0.69803922 0.69803922 0.69803922
v -0.00820237 0.36031234 0.11981424 0.69803922 0.69803922 0.69803922
v -0.01540758 0.38243523 0.11598407 0.69803922 0.69803922 0.69803922
v -0.01565682 0.38551515 0.11825360 0.69803922 0.69803922 0.69803922
v -0.01975538 0.38409439 0.11494276 0.69803922 0.69803922 0.69803922
v -0.01932076 0.38193923 0.11325150 0.69803922 0.69803922 0.69803922
v -0.02339815 0.38134053 0.11058398 0.69803922 0.69803922 0.69803922
v -0.02330035 0.38205376 0.11126779 0.69803922 0.69803922 0.69803922
v -0.02495177 0.38271505 0.11111172 0.69803922 0.69803922 0.69803922
v -0.02516513 0.38108757 0.10987815 0.69803922 0.69803922 0.69803922
v -0.02149050 0.38163254 0.11176732 0.69803922 0.69803922 0.69803922
v -0.02235977 0.38044116 0.11109254 0.69803922 0.69803922 0.69803922
v -0.02023276 0.37974054 0.11277027 0.69803922 0.69803922 0.69803922
v -0.01685899 0.37933776 0.11591216 0.69803922 0.69803922 0.69803922
v -0.00379780 0.37844965 0.12398735 0.69803922 0.69803922 0.69803922
v -0.00280841 0.38302284 0.12204570 0.69803922 0.69803922 0.69803922
v -0.00605158 0.38286808 0.12071330 0.69803922 0.69803922 0.69803922
v -0.00769261 0.37867424 0.12269035 0.69803922 0.69803922 0.69803922
v -0.02338457 0.38462085 0.11292010 0.69803922 0.69803922 0.69803922
v -0.02075176 0.38672438 0.11555938 0.69803922 0.69803922 0.69803922
v -0.02210825 0.38996908 0.11525536 0.69803922 0.69803922 0.69803922
v -0.02571403 0.38660008 0.11253149 0.69803922 0.69803922 0.69803922
v -0.02874758 0.38886422 0.11121334 0.69803922 0.69803922 0.69803922
v -0.03101658 0.38430214 0.10896584 0.69803922 0.69803922 0.69803922
v -0.02751949 0.38359532 0.11046931 0.69803922 0.69803922 0.69803922
v -0.02417688 0.37915605 0.10983406 0.69803922 0.69803922 0.69803922
v -0.02796586 0.38033995 0.10888302 0.69803922 0.69803922 0.69803922
v -0.02705763 0.37721765 0.10815945 0.69803922 0.69803922 0.69803922
v -0.02487768 0.37426740 0.10943964 0.69803922 0.69803922 0.69803922
v -0.02199170 0.37747645 0.11157957 0.69803922 0.69803922 0.69803922
v -0.01877611 0.37613866 0.11495500 0.69803922 0.69803922 0.69803922
v -0.02147514 0.37179327 0.11253306 0.69803922 0.69803922 0.69803922
v -0.01654797 0.36996460 0.11619031 0.69803922 0.69803922 0.69803922
v -0.01419766 0.37491214 0.11899978 0.69803922 0.69803922 0.69803922
v -0.02433497 0.39358479 0.11333057 0.69803922 0.69803922 0.69803922
v -0.03213224 0.37928358 0.10711266 0.69803922 0.69803922 0.69803922
v -0.03574407 0.38541657 0.10613911 0.69803922 0.69803922 0.69803922
v -0.03154477 0.37443066 0.10597285 0.69803922 0.69803922 0.69803922
v -0.02920558 0.36992115 0.10645463 0.69803922 0.69803922 0.69803922
v -0.02015737 0.36329535 0.11263455 0.69803922 0.69803922 0.69803922
v -0.02542951 0.36616659 0.10889994 0.69803922 0.69803922 0.69803922
v -0.02290097 0.34156126 0.10471667 0.69803922 0.69803922 0.69803922
v -0.01415831 0.33779395 0.10907944 0.69803922 0.69803922 0.69803922
v -0.04072614 0.46130776 0.09915557 0.69803922 0.69803922 0.69803922
v -0.03214931 0.46286219 0.10259403 0.69803922 0.69803922 0.69803922
v -0.04111209 0.45301935 0.09639902 0.69803922 0.69803922 0.69803922
v -0.03723710 0.45418417 0.09875303 0.69803922 0.69803922 0.69803922
v -0.03801517 0.45714599 0.09894875 0.69803922 0.69803922 0.69803922
v -0.04287945 0.45513022 0.09552564 0.69803922 0.69803922 0.69803922
v -0.05420066 0.44291294 0.08190375 0.69803922 0.69803922 0.69803922
v -0.05574867 0.43636432 0.08241612 0.69803922 0.69803922 0.69803922
v -0.04987085 0.44163424 0.08576185 0.69803922 0.69803922 0.69803922
v -0.04940612 0.44561455 0.08648089 0.69803922 0.69803922 0.69803922
v -0.04237741 0.43511352 0.09438309 0.69803922 0.69803922 0.69803922
v -0.03985826 0.44216713 0.09532342 0.69803922 0.69803922 0.69803922
v -0.04300312 0.44272503 0.09245627 0.69803922 0.69803922 0.69803922
v -0.04667229 0.43592969 0.09085421 0.69803922 0.69803922 0.69803922
v -0.03616709 0.44201705 0.09739339 0.69803922 0.69803922 0.69803922
v -0.03743425 0.43553373 0.09706856 0.69803922 0.69803922 0.69803922
v -0.03248714 0.43692228 0.09906028 0.69803922 0.69803922 0.69803922
v -0.03200428 0.44249880 0.09877852 0.69803922 0.69803922 0.69803922
v -0.03112311 0.45808968 0.10076940 0.69803922 0.69803922 0.69803922
v -0.03170745 0.45497242 0.10028427 0.69803922 0.69803922 0.69803922
v -0.02534591 0.45472562 0.10014670 0.69803922 0.69803922 0.69803922
v -0.02371003 0.45802864 0.10061624 0.69803922 0.69803922 0.69803922
v -0.01525127 0.44761035 0.09705526 0.69803922 0.69803922 0.69803922
v -0.01216051 0.44749609 0.09885710 0.69803922 0.69803922 0.69803922
v -0.01274823 0.45178169 0.09888916 0.69803922 0.69803922 0.69803922
v -0.01616202 0.45006385 0.09744414 0.69803922 0.69803922 0.69803922
v -0.01666861 0.44578096 0.09786194 0.69803922 0.69803922 0.69803922
v -0.01468387 0.44430375 0.09928991 0.69803922 0.69803922 0.69803922
v -0.03495007 0.51459301 0.08330934 0.69803922 0.69803922 0.69803922
v -0.04953162 0.50506067 0.07363212 0.69803922 0.69803922 0.69803922
v -0.03003551 0.49994576 0.09680413 0.69803922 0.69803922 0.69803922
v -0.05923891 0.49248636 0.06424379 0.69803922 0.69803922 0.69803922
v -0.06680798 0.47735745 0.05726530 0.69803922 0.69803922 0.69803922
v -0.05833027 0.37689203 0.07342346 0.69803922 0.69803922 0.69803922
v -0.05142508 0.37181681 0.08611660 0.69803922 0.69803922 0.69803922
v -0.05037775 0.38188624 0.09039160 0.69803922 0.69803922 0.69803922
v -0.05612486 0.36590314 0.06925603 0.69803922 0.69803922 0.69803922
v -0.04876200 0.36104679 0.08388597 0.69803922 0.69803922 0.69803922
v -0.03382313 0.34263694 0.08420260 0.69803922 0.69803922 0.69803922
v -0.04290203 0.35093665 0.08310565 0.69803922 0.69803922 0.69803922
v -0.06201729 0.37320891 0.05286882 0.69803922 0.69803922 0.69803922
v -0.05814720 0.36493659 0.04708308 0.69803922 0.69803922 0.69803922
v -0.05005788 0.35530961 0.06511943 0.69803922 0.69803922 0.69803922
v -0.06264779 0.37782222 0.03207264 0.69803922 0.69803922 0.69803922
v -0.06036146 0.37451845 0.02395614 0.69803922 0.69803922 0.69803922
v -0.05238373 0.35602051 0.03747110 0.69803922 0.69803922 0.69803922
v -0.03678723 0.31996927 0.04499209 0.69803922 0.69803922 0.69803922
v -0.04943948 0.32483226 0.03222809 0.69803922 0.69803922 0.69803922
v -0.05088959 0.31222060 0.02916899 0.69803922 0.69803922 0.69803922
v -0.03891860 0.30782396 0.04197689 0.69803922 0.69803922 0.69803922
v -0.06334166 0.38345358 0.05946526 0.69803922 0.69803922 0.69803922
v -0.06690095 0.44625658 0.05848717 0.69803922 0.69803922 0.69803922
v -0.06884959 0.43250981 0.05681146 0.69803922 0.69803922 0.69803922
v -0.06273890 0.44810286 0.06984216 0.69803922 0.69803922 0.69803922
v -0.07023102 0.50534838 0.02913082 0.69803922 0.69803922 0.69803922
v -0.07593393 0.48738933 0.02714571 0.69803922 0.69803922 0.69803922
v -0.07165650 0.48308066 0.04303605 0.69803922 0.69803922 0.69803922
v -0.06595550 0.50025648 0.04821735 0.69803922 0.69803922 0.69803922
v -0.04183619 0.53903812 0.03455152 0.69803922 0.69803922 0.69803922
v -0.05811203 0.52427953 0.03175994 0.69803922 0.69803922 0.69803922
v -0.05477437 0.51690894 0.05534590 0.69803922 0.69803922 0.69803922
v -0.03922537 0.52958697 0.06131665 0.69803922 0.69803922 0.69803922
v -0.07844360 0.48780867 0.01118892 0.69803922 0.69803922 0.69803922
v -0.07309505 0.50592661 0.00762761 0.69803922 0.69803922 0.69803922
v -0.07438230 0.50026870 -0.01371250 0.69803922 0.69803922 0.69803922
v -0.07951493 0.48556551 -0.00521302 0.69803922 0.69803922 0.69803922
v -0.06068356 0.52468288 0.00389953 0.69803922 0.69803922 0.69803922
v -0.06246616 0.51846522 -0.02254723 0.69803922 0.69803922 0.69803922
v -0.06136185 0.37722877 0.01183327 0.69803922 0.69803922 0.69803922
v -0.05857691 0.35919261 0.01697027 0.69803922 0.69803922 0.69803922
v -0.05682990 0.34343958 0.01893666 0.69803922 0.69803922 0.69803922
v -0.04840196 0.33952373 0.03575267 0.69803922 0.69803922 0.69803922
v -0.04453980 0.53226674 -0.02866254 0.69803922 0.69803922 0.69803922
v -0.04297882 0.54003817 0.00244576 0.69803922 0.69803922 0.69803922
v -0.06698092 0.45537266 -0.04763953 0.69803922 0.69803922 0.69803922
v -0.07303113 0.44782773 -0.03262651 0.69803922 0.69803922 0.69803922
v -0.07738039 0.46364224 -0.02595156 0.69803922 0.69803922 0.69803922
v -0.07125356 0.47432160 -0.04197235 0.69803922 0.69803922 0.69803922
v -0.05683223 0.46317747 -0.06308291 0.69803922 0.69803922 0.69803922
v -0.06080075 0.48506016 -0.05779999 0.69803922 0.69803922 0.69803922
v -0.05529064 0.40055457 -0.04053882 0.69803922 0.69803922 0.69803922
v -0.04703103 0.40057066 -0.05483572 0.69803922 0.69803922 0.69803922
v -0.04105816 0.38606563 -0.04389879 0.69803922 0.69803922 0.69803922
v -0.04810417 0.38650110 -0.03128406 0.69803922 0.69803922 0.69803922
v -0.05163812 0.46312836 0.09051075 0.69803922 0.69803922 0.69803922
v -0.05557337 0.45641017 0.08398559 0.69803922 0.69803922 0.69803922
v -0.05059357 0.45405933 0.08984792 0.69803922 0.69803922 0.69803922
v -0.04681501 0.45833132 0.09452444 0.69803922 0.69803922 0.69803922
v -0.06446345 0.46014318 0.06281074 0.69803922 0.69803922 0.69803922
v -0.06011216 0.45838133 0.07430130 0.69803922 0.69803922 0.69803922
v -0.07375024 0.46762347 0.03792854 0.69803922 0.69803922 0.69803922
v -0.07741591 0.47220770 0.02485903 0.69803922 0.69803922 0.69803922
v -0.08079807 0.47173038 -0.00085877 0.69803922 0.69803922 0.69803922
v -0.07980448 0.47331089 0.01229786 0.69803922 0.69803922 0.69803922
v -0.07602415 0.44117701 -0.02158499 0.69803922 0.69803922 0.69803922
v -0.07785590 0.45161626 -0.01687105 0.69803922 0.69803922 0.69803922
v -0.06184958 0.38481128 -0.00334675 0.69803922 0.69803922 0.69803922
v -0.05508222 0.38485023 -0.01836700 0.69803922 0.69803922 0.69803922
v -0.05231962 0.36679116 -0.01390623 0.69803922 0.69803922 0.69803922
v -0.05953999 0.36402076 0.00017095 0.69803922 0.69803922 0.69803922
v -0.03854985 0.37000850 -0.03611058 0.69803922 0.69803922 0.69803922
v -0.04515817 0.36923012 -0.02588307 0.69803922 0.69803922 0.69803922
v -0.05677346 0.33233514 -0.00002723 0.69803922 0.69803922 0.69803922
v -0.05107995 0.33540738 -0.01456018 0.69803922 0.69803922 0.69803922
v -0.05234747 0.32320163 -0.01823614 0.69803922 0.69803922 0.69803922
v -0.05634551 0.31963277 -0.00292728 0.69803922 0.69803922 0.69803922
v -0.04614788 0.32442439 -0.03154010 0.69803922 0.69803922 0.69803922
v -0.04367162 0.33767220 -0.02684525 0.69803922 0.69803922 0.69803922
v -0.03617217 0.33772251 -0.03708840 0.69803922 0.69803922 0.69803922
v -0.03707913 0.32387552 -0.04082679 0.69803922 0.69803922 0.69803922
v -0.01458781 0.30201766 0.05813557 0.69803922 0.69803922 0.69803922
v -0.02586737 0.30463523 0.05121170 0.69803922 0.69803922 0.69803922
v -0.02839760 0.29410201 0.04800982 0.69803922 0.69803922 0.69803922
v -0.01592167 0.29207832 0.05398767 0.69803922 0.69803922 0.69803922
v -0.05835606 0.30898786 -0.00809443 0.69803922 0.69803922 0.69803922
v -0.05624245 0.31365037 -0.02396750 0.69803922 0.69803922 0.69803922
v -0.06086595 0.40113223 -0.02553437 0.69803922 0.69803922 0.69803922
v -0.06640667 0.40196332 -0.01426855 0.69803922 0.69803922 0.69803922
v -0.04971228 0.31439522 -0.03762151 0.69803922 0.69803922 0.69803922
v -0.05098710 0.34960938 -0.01310380 0.69803922 0.69803922 0.69803922
v -0.04378203 0.35181376 -0.02483629 0.69803922 0.69803922 0.69803922
v -0.02892893 0.37066495 -0.04460321 0.69803922 0.69803922 0.69803922
v -0.03216881 0.38571078 -0.05360878 0.69803922 0.69803922 0.69803922
v -0.01957612 0.42640120 0.10742867 0.69803922 0.69803922 0.69803922
v -0.02253937 0.44058189 0.10021009 0.69803922 0.69803922 0.69803922
v -0.01826110 0.44221309 0.09981266 0.69803922 0.69803922 0.69803922
v -0.01940064 0.44510543 0.09870461 0.69803922 0.69803922 0.69803922
v -0.02316041 0.44427413 0.09936913 0.69803922 0.69803922 0.69803922
v -0.01158573 0.48295110 0.11011597 0.69803922 0.69803922 0.69803922
v -0.02497689 0.48365131 0.10492755 0.69803922 0.69803922 0.69803922
v -0.02257061 0.47045705 0.10892624 0.69803922 0.69803922 0.69803922
v -0.00945520 0.46637565 0.11115183 0.69803922 0.69803922 0.69803922
v -0.04966989 0.41099769 0.09637073 0.69803922 0.69803922 0.69803922
v -0.04372403 0.40103486 0.10165007 0.69803922 0.69803922 0.69803922
v -0.03770047 0.40885502 0.10573354 0.69803922 0.69803922 0.69803922
v -0.04055637 0.41755328 0.10223150 0.69803922 0.69803922 0.69803922
v -0.04643057 0.44731379 0.08932865 0.69803922 0.69803922 0.69803922
v -0.04548887 0.44926450 0.09142477 0.69803922 0.69803922 0.69803922
v -0.04807463 0.44928291 0.08897631 0.69803922 0.69803922 0.69803922
v -0.04122567 0.38742843 0.10196166 0.69803922 0.69803922 0.69803922
v -0.04770760 0.39154220 0.09602835 0.69803922 0.69803922 0.69803922
v -0.06785548 0.41787249 0.05720915 0.69803922 0.69803922 0.69803922
v -0.05779875 0.44883752 0.07863052 0.69803922 0.69803922 0.69803922
v -0.02110077 0.54972291 0.03795467 0.69803922 0.69803922 0.69803922
v -0.02019592 0.53798813 0.06836665 0.69803922 0.69803922 0.69803922
v -0.02177922 0.55073863 0.00258498 0.69803922 0.69803922 0.69803922
v -0.02379855 0.54219854 -0.03069956 0.69803922 0.69803922 0.69803922
v -0.04381840 0.49397665 -0.06900098 0.69803922 0.69803922 0.69803922
v -0.02170182 0.50171167 -0.07620488 0.69803922 0.69803922 0.69803922
v -0.02102760 0.47436577 -0.08518076 0.69803922 0.69803922 0.69803922
v -0.04039079 0.46925235 -0.07583773 0.69803922 0.69803922 0.69803922
v -0.03538090 0.40180314 -0.06548917 0.69803922 0.69803922 0.69803922
v -0.02580739 0.33906645 -0.04359020 0.69803922 0.69803922 0.69803922
v -0.02678970 0.32348233 -0.04633528 0.69803922 0.69803922 0.69803922
v -0.01891974 0.52065945 0.08982412 0.69803922 0.69803922 0.69803922
v -0.01443135 0.50135487 0.10166292 0.69803922 0.69803922 0.69803922
v -0.06934867 0.46248442 0.05005012 0.69803922 0.69803922 0.69803922
v -0.06091095 0.42249858 0.08110657 0.69803922 0.69803922 0.69803922
v -0.05748107 0.41570908 0.08718909 0.69803922 0.69803922 0.69803922
v -0.05327710 0.42671788 0.09063680 0.69803922 0.69803922 0.69803922
v -0.05586312 0.43069342 0.08560032 0.69803922 0.69803922 0.69803922
v -0.06374330 0.41330194 0.07215448 0.69803922 0.69803922 0.69803922
v -0.06527845 0.40407002 0.05987200 0.69803922 0.69803922 0.69803922
v -0.06680776 0.39520845 0.04561837 0.69803922 0.69803922 0.69803922
v -0.06535335 0.38380912 0.03851232 0.69803922 0.69803922 0.69803922
v -0.07279688 0.49107850 -0.03217801 0.69803922 0.69803922 0.69803922
v -0.07843368 0.47809249 -0.01895602 0.69803922 0.69803922 0.69803922
v -0.04506028 0.51597601 -0.05325106 0.69803922 0.69803922 0.69803922
v -0.06220696 0.50492138 -0.04442378 0.69803922 0.69803922 0.69803922
v -0.07985333 0.46748886 -0.01303586 0.69803922 0.69803922 0.69803922
v -0.02432884 0.52503788 -0.05810002 0.69803922 0.69803922 0.69803922
v -0.01007966 0.39911136 0.12074859 0.69803922 0.69803922 0.69803922
v -0.00835478 0.40336156 0.11995099 0.69803922 0.69803922 0.69803922
v -0.01736167 0.39870954 0.11583085 0.69803922 0.69803922 0.69803922
v -0.00928867 0.37403461 0.12189493 0.69803922 0.69803922 0.69803922
v -0.01102142 0.36878920 0.11854990 0.69803922 0.69803922 0.69803922
v -0.00580112 0.36817205 0.12037080 0.69803922 0.69803922 0.69803922
v -0.00470393 0.37364522 0.12340926 0.69803922 0.69803922 0.69803922
v -0.01311044 0.33257720 0.09329706 0.69803922 0.69803922 0.69803922
v -0.02304340 0.33649924 0.08876444 0.69803922 0.69803922 0.69803922
v -0.01373817 0.31194153 0.06407943 0.69803922 0.69803922 0.69803922
v -0.02447975 0.31486952 0.05636605 0.69803922 0.69803922 0.69803922
v -0.00797139 0.41233706 0.12367613 0.69803922 0.69803922 0.69803922
v -0.00834718 0.41165280 0.12170157 0.69803922 0.69803922 0.69803922
v -0.00636357 0.41182035 0.12209228 0.69803922 0.69803922 0.69803922
v -0.00636802 0.41273159 0.12407819 0.69803922 0.69803922 0.69803922
v -0.02205879 0.38301706 0.11253172 0.69803922 0.69803922 0.69803922
v -0.00566557 0.39103913 0.12497574 0.69803922 0.69803922 0.69803922
v -0.00583601 0.38699555 0.12334269 0.69803922 0.69803922 0.69803922
v -0.00263757 0.38678750 0.12414689 0.69803922 0.69803922 0.69803922
v -0.00250194 0.39056811 0.12555891 0.69803922 0.69803922 0.69803922
v -0.03930325 0.34263080 0.06181127 0.69803922 0.69803922 0.69803922
v -0.03630029 0.33213589 0.05050813 0.69803922 0.69803922 0.69803922
v -0.05650180 0.31602651 0.01323994 0.69803922 0.69803922 0.69803922
v -0.05638085 0.32862899 0.01714150 0.69803922 0.69803922 0.69803922
v -0.05756221 0.34690180 0.00135846 0.69803922 0.69803922 0.69803922
v -0.03712663 0.35280815 -0.03560862 0.69803922 0.69803922 0.69803922
v -0.02701182 0.35445237 -0.04298499 0.69803922 0.69803922 0.69803922
v -0.01531334 0.35473084 -0.04871621 0.69803922 0.69803922 0.69803922
v -0.01736152 0.37100396 -0.05057590 0.69803922 0.69803922 0.69803922
v -0.02413641 0.33248591 0.07296762 0.69803922 0.69803922 0.69803922
v -0.02421327 0.32481432 0.06249730 0.69803922 0.69803922 0.69803922
v -0.01359095 0.32150653 0.06976531 0.69803922 0.69803922 0.69803922
v -0.01301528 0.32851440 0.07901582 0.69803922 0.69803922 0.69803922
v -0.00233558 0.40958786 0.12543981 0.69803922 0.69803922 0.69803922
v -0.00341561 0.40825555 0.12338728 0.69803922 0.69803922 0.69803922
v -0.00149252 0.40607074 0.12430244 0.69803922 0.69803922 0.69803922
v -0.00091009 0.40853292 0.12710673 0.69803922 0.69803922 0.69803922
v -0.00928953 0.40934750 0.12004355 0.69803922 0.69803922 0.69803922
v -0.00738320 0.40629724 0.12001981 0.69803922 0.69803922 0.69803922
v -0.00698415 0.40835509 0.12006608 0.69803922 0.69803922 0.69803922
v -0.01010202 0.41067341 0.12164817 0.69803922 0.69803922 0.69803922
v -0.00944832 0.41224355 0.12433112 0.69803922 0.69803922 0.69803922
v -0.00452875 0.41324067 0.12913367 0.69803922 0.69803922 0.69803922
v -0.00421324 0.41380426 0.13429824 0.69803922 0.69803922 0.69803922
v -0.00748446 0.41318384 0.12739676 0.69803922 0.69803922 0.69803922
v -0.00416204 0.41088989 0.12384920 0.69803922 0.69803922 0.69803922
v -0.00457700 0.40952012 0.12206648 0.69803922 0.69803922 0.69803922
v -0.00652420 0.41019720 0.12052592 0.69803922 0.69803922 0.69803922
v -0.00820831 0.41034564 0.12044564 0.69803922 0.69803922 0.69803922
v -0.00492020 0.41306582 0.12696992 0.69803922 0.69803922 0.69803922
v -0.00677157 0.41290450 0.12560523 0.69803922 0.69803922 0.69803922
v -0.00415652 0.43427515 0.12544025 0.69803922 0.69803922 0.69803922
v -0.00431926 0.31019211 0.06773262 0.69803922 0.69803922 0.69803922
v -0.00444588 0.31972158 0.07307314 0.69803922 0.69803922 0.69803922
v -0.02268407 0.38166371 0.11104756 0.69803922 0.69803922 0.69803922
v -0.02248725 0.46250883 0.10391541 0.69803922 0.69803922 0.69803922
v -0.04740971 0.42522052 0.09608988 0.69803922 0.69803922 0.69803922
v -0.02691563 0.42717424 0.10432759 0.69803922 0.69803922 0.69803922
v -0.02731115 0.43307576 0.10200347 0.69803922 0.69803922 0.69803922
v -0.03331284 0.43000615 0.10090058 0.69803922 0.69803922 0.69803922
v -0.03315949 0.42276245 0.10363241 0.69803922 0.69803922 0.69803922
v -0.01354971 0.45938852 0.10414502 0.69803922 0.69803922 0.69803922
v -0.00863276 0.45374155 0.10320541 0.69803922 0.69803922 0.69803922
v -0.00481049 0.45559686 0.10953054 0.69803922 0.69803922 0.69803922
v -0.00829096 0.44708636 0.10331013 0.69803922 0.69803922 0.69803922
v -0.01158364 0.44185221 0.10232951 0.69803922 0.69803922 0.69803922
v -0.00985640 0.43967468 0.10810757 0.69803922 0.69803922 0.69803922
v -0.00501795 0.44657284 0.11181960 0.69803922 0.69803922 0.69803922
v -0.04610632 0.45241371 0.09226825 0.69803922 0.69803922 0.69803922
v -0.04379465 0.45113093 0.09385186 0.69803922 0.69803922 0.69803922
v -0.01513102 0.43490344 0.10536914 0.69803922 0.69803922 0.69803922
v -0.01638911 0.43832123 0.10176615 0.69803922 0.69803922 0.69803922
v -0.02161452 0.43569648 0.10179146 0.69803922 0.69803922 0.69803922
v -0.02083443 0.43104625 0.10444123 0.69803922 0.69803922 0.69803922
v -0.03997389 0.42711669 0.09924385 0.69803922 0.69803922 0.69803922
v -0.05247457 0.44913962 0.08496551 0.69803922 0.69803922 0.69803922
v -0.04919849 0.43807295 0.08749238 0.69803922 0.69803922 0.69803922
v -0.06539392 0.39719424 0.00008404 0.69803922 0.69803922 0.69803922
v -0.06931490 0.40799782 -0.00722386 0.69803922 0.69803922 0.69803922
v -0.06783887 0.39035246 0.01966110 0.69803922 0.69803922 0.69803922
v -0.06703660 0.39214605 0.01551634 0.69803922 0.69803922 0.69803922
v -0.06245613 0.38675463 0.01768745 0.69803922 0.69803922 0.69803922
v -0.06491005 0.38663340 0.02257945 0.69803922 0.69803922 0.69803922
v -0.07874653 0.44194570 -0.00107883 0.69803922 0.69803922 0.69803922
v -0.07826628 0.44245824 0.00304183 0.69803922 0.69803922 0.69803922
v -0.07877183 0.44934705 0.00369231 0.69803922 0.69803922 0.69803922
v -0.07881624 0.44828054 -0.00396430 0.69803922 0.69803922 0.69803922
v -0.07839260 0.44512269 0.00982882 0.69803922 0.69803922 0.69803922
v -0.07768378 0.44121316 0.01013856 0.69803922 0.69803922 0.69803922
v -0.07749198 0.44094634 0.01366312 0.69803922 0.69803922 0.69803922
v -0.07817611 0.44842634 0.01210076 0.69803922 0.69803922 0.69803922
v -0.07598285 0.44587457 0.01974705 0.69803922 0.69803922 0.69803922
v -0.07743323 0.45773372 0.02289305 0.69803922 0.69803922 0.69803922
v -0.07941943 0.45983943 0.01237518 0.69803922 0.69803922 0.69803922
v -0.07057200 0.44377524 0.04307092 0.69803922 0.69803922 0.69803922
v -0.07331247 0.45230553 0.03221257 0.69803922 0.69803922 0.69803922
v -0.07302700 0.44060004 0.02587038 0.69803922 0.69803922 0.69803922
v -0.07158592 0.43216008 0.03077992 0.69803922 0.69803922 0.69803922
v -0.06805827 0.39775321 0.03090798 0.69803922 0.69803922 0.69803922
v -0.06698540 0.39043048 0.02732068 0.69803922 0.69803922 0.69803922
v -0.06345060 0.39009488 0.00970783 0.69803922 0.69803922 0.69803922
v -0.05377859 0.44114047 -0.06410708 0.69803922 0.69803922 0.69803922
v -0.06294375 0.43600470 -0.04835341 0.69803922 0.69803922 0.69803922
v -0.06970234 0.43184283 -0.03452340 0.69803922 0.69803922 0.69803922
v -0.07311988 0.42895734 -0.02260818 0.69803922 0.69803922 0.69803922
v -0.04025349 0.44636315 -0.07716122 0.69803922 0.69803922 0.69803922
v -0.02445549 0.44770303 -0.08607870 0.69803922 0.69803922 0.69803922
v -0.07087129 0.42700905 0.04401122 0.69803922 0.69803922 0.69803922
v -0.07036930 0.42053947 0.03249380 0.69803922 0.69803922 0.69803922
v -0.06003365 0.41748565 -0.04618502 0.69803922 0.69803922 0.69803922
v -0.04956901 0.42036831 -0.06106468 0.69803922 0.69803922 0.69803922
v -0.06595534 0.41584483 -0.03208399 0.69803922 0.69803922 0.69803922
v -0.07066280 0.41618398 -0.02042856 0.69803922 0.69803922 0.69803922
v -0.03702707 0.42509875 -0.07377534 0.69803922 0.69803922 0.69803922
v -0.01953635 0.42310697 -0.07951970 0.69803922 0.69803922 0.69803922
v -0.01909433 0.40229657 -0.07111835 0.69803922 0.69803922 0.69803922
v -0.07239864 0.39934954 0.02033403 0.69803922 0.69803922 0.69803922
v -0.07297748 0.39368185 0.02113974 0.69803922 0.69803922 0.69803922
v -0.06984193 0.39237368 0.02273905 0.69803922 0.69803922 0.69803922
v -0.07021513 0.39817733 0.02444718 0.69803922 0.69803922 0.69803922
v -0.06913918 0.40905729 0.03171918 0.69803922 0.69803922 0.69803922
v -0.06853309 0.41206774 0.04381068 0.69803922 0.69803922 0.69803922
v -0.00452095 0.44017985 0.11944084 0.69803922 0.69803922 0.69803922
v -0.00530494 0.34643719 0.12211883 0.69803922 0.69803922 0.69803922
v -0.00314327 0.36022308 0.12161878 0.69803922 0.69803922 0.69803922
v -0.00494756 0.39916423 0.12352003 0.69803922 0.69803922 0.69803922
v -0.00549434 0.39492515 0.12436975 0.69803922 0.69803922 0.69803922
v -0.00227096 0.39428130 0.12503499 0.69803922 0.69803922 0.69803922
v -0.00186196 0.39826015 0.12418219 0.69803922 0.69803922 0.69803922
v -0.01696216 0.45563561 0.09944526 0.69803922 0.69803922 0.69803922
v -0.01892911 0.38636008 -0.06008855 0.69803922 0.69803922 0.69803922
v -0.01444481 0.34021139 -0.04756930 0.69803922 0.69803922 0.69803922
v -0.01480482 0.32460853 -0.04943291 0.69803922 0.69803922 0.69803922
v -0.04005705 0.31284142 -0.04743174 0.69803922 0.69803922 0.69803922
v -0.02852392 0.31166813 -0.05321207 0.69803922 0.69803922 0.69803922
v -0.00143573 0.40229759 0.12373506 0.69803922 0.69803922 0.69803922
v -0.00422511 0.40294960 0.12281077 0.69803922 0.69803922 0.69803922
v -0.00430050 0.41254064 0.12574264 0.69803922 0.69803922 0.69803922
v -0.01049768 0.38654995 0.12145396 0.69803922 0.69803922 0.69803922
v -0.00476328 0.40809429 0.12179370 0.69803922 0.69803922 0.69803922
v -0.00410412 0.40587258 0.12229266 0.69803922 0.69803922 0.69803922
v 0.00047057 0.40555170 0.12526627 0.69803922 0.69803922 0.69803922
v 0.00013636 0.40189829 0.12417040 0.69803922 0.69803922 0.69803922
v -0.02744364 0.43876758 0.10000597 0.69803922 0.69803922 0.69803922
v -0.02755614 0.44328618 0.09943376 0.69803922 0.69803922 0.69803922
v -0.00276021 0.41148952 0.12795536 0.69803922 0.69803922 0.69803922
v -0.00166903 0.41058457 0.13069192 0.69803922 0.69803922 0.69803922
v -0.04178477 0.29695308 0.03852271 0.69803922 0.69803922 0.69803922
v -0.05277982 0.30093968 0.02439644 0.69803922 0.69803922 0.69803922
v -0.00040768 0.38665491 0.12439746 0.69803922 0.69803922 0.69803922
v -0.00038435 0.39035100 0.12576681 0.69803922 0.69803922 0.69803922
v -0.07235415 0.42482248 0.02307152 0.69803922 0.69803922 0.69803922
v -0.07409769 0.43215427 0.02096333 0.69803922 0.69803922 0.69803922
v -0.07537007 0.42681006 0.01563651 0.69803922 0.69803922 0.69803922
v -0.07352854 0.42080626 0.01752894 0.69803922 0.69803922 0.69803922
v -0.00494702 0.30083939 0.06202644 0.69803922 0.69803922 0.69803922
v -0.05768419 0.30472630 0.00801982 0.69803922 0.69803922 0.69803922
v -0.01602260 0.31136253 -0.05606464 0.69803922 0.69803922 0.69803922
v -0.04530686 0.44394574 0.09036288 0.69803922 0.69803922 0.69803922
v -0.04635566 0.44552007 0.08897387 0.69803922 0.69803922 0.69803922
v -0.01981760 0.45302716 0.09854592 0.69803922 0.69803922 0.69803922
v -0.01236937 0.37886906 0.11976665 0.69803922 0.69803922 0.69803922
v -0.01054754 0.38271153 0.11886637 0.69803922 0.69803922 0.69803922
v -0.00434567 0.32676756 0.08160883 0.69803922 0.69803922 0.69803922
v 0.00064855 0.40801716 0.12818889 0.69803922 0.69803922 0.69803922
v -0.07597253 0.43455693 0.00657623 0.69803922 0.69803922 0.69803922
v -0.07556615 0.43074533 0.00747222 0.69803922 0.69803922 0.69803922
v -0.07838818 0.42975211 0.00938152 0.69803922 0.69803922 0.69803922
v -0.07857788 0.43321568 0.00994037 0.69803922 0.69803922 0.69803922
v -0.08016796 0.43680134 0.01512690 0.69803922 0.69803922 0.69803922
v -0.08145352 0.44010940 0.01305841 0.69803922 0.69803922 0.69803922
v -0.08253980 0.43669492 0.01154044 0.69803922 0.69803922 0.69803922
v -0.08105629 0.43363601 0.01238119 0.69803922 0.69803922 0.69803922
v -0.07662603 0.43767303 0.01788818 0.69803922 0.69803922 0.69803922
v -0.07777832 0.43274227 0.01575776 0.69803922 0.69803922 0.69803922
v -0.08384069 0.44142962 0.01122978 0.69803922 0.69803922 0.69803922
v -0.08341602 0.43878198 0.00996642 0.69803922 0.69803922 0.69803922
v -0.07818151 0.44212714 0.00720516 0.69803922 0.69803922 0.69803922
v -0.08104263 0.44281799 0.00985857 0.69803922 0.69803922 0.69803922
v -0.08227832 0.44442514 0.00515834 0.69803922 0.69803922 0.69803922
v -0.08631006 0.44241998 0.00719564 0.69803922 0.69803922 0.69803922
v -0.08423183 0.44400483 -0.00121377 0.69803922 0.69803922 0.69803922
v -0.08876363 0.44153005 0.00172870 0.69803922 0.69803922 0.69803922
v -0.08454532 0.43990743 -0.00664498 0.69803922 0.69803922 0.69803922
v -0.08970819 0.43818223 -0.00403379 0.69803922 0.69803922 0.69803922
v -0.07036711 0.40620500 0.02435001 0.69803922 0.69803922 0.69803922
v -0.06966814 0.40641075 0.01743387 0.69803922 0.69803922 0.69803922
v -0.08434386 0.43349725 -0.00919178 0.69803922 0.69803922 0.69803922
v -0.08988699 0.43287751 -0.00742753 0.69803922 0.69803922 0.69803922
v -0.08388878 0.42557120 -0.01103462 0.69803922 0.69803922 0.69803922
v -0.08930382 0.42548138 -0.00891687 0.69803922 0.69803922 0.69803922
v -0.08292284 0.41663846 -0.01047587 0.69803922 0.69803922 0.69803922
v -0.08761868 0.41764936 -0.00842894 0.69803922 0.69803922 0.69803922
v -0.08130418 0.40908551 -0.00719559 0.69803922 0.69803922 0.69803922
v -0.08592047 0.41045693 -0.00551548 0.69803922 0.69803922 0.69803922
v -0.07921004 0.40032580 -0.00203090 0.69803922 0.69803922 0.69803922
v -0.08391696 0.40389985 -0.00031440 0.69803922 0.69803922 0.69803922
v -0.08579108 0.43630350 -0.00306776 0.69803922 0.69803922 0.69803922
v -0.08503873 0.43938661 0.00090068 0.69803922 0.69803922 0.69803922
v -0.07753312 0.43800679 -0.00298452 0.69803922 0.69803922 0.69803922
v -0.08411554 0.44023275 0.00595805 0.69803922 0.69803922 0.69803922
v -0.07434931 0.42486203 0.00077461 0.69803922 0.69803922 0.69803922
v -0.07330899 0.42288938 0.00141314 0.69803922 0.69803922 0.69803922
v -0.07565957 0.42400843 0.00463817 0.69803922 0.69803922 0.69803922
v -0.07376345 0.42600000 0.00279209 0.69803922 0.69803922 0.69803922
v -0.07443522 0.41869923 0.01377528 0.69803922 0.69803922 0.69803922
v -0.07397175 0.41319489 0.01398826 0.69803922 0.69803922 0.69803922
v -0.07281256 0.41345772 0.01798265 0.69803922 0.69803922 0.69803922
v -0.07179027 0.40922654 0.01365672 0.69803922 0.69803922 0.69803922
v -0.07104027 0.41374615 0.01218797 0.69803922 0.69803922 0.69803922
v -0.07115615 0.41047606 0.01213833 0.69803922 0.69803922 0.69803922
v -0.07033415 0.41785651 0.01153951 0.69803922 0.69803922 0.69803922
v -0.07148957 0.40906456 0.01060088 0.69803922 0.69803922 0.69803922
v -0.07248173 0.40730599 0.01187013 0.69803922 0.69803922 0.69803922
v -0.07045873 0.40997100 0.00987660 0.69803922 0.69803922 0.69803922
v -0.07006737 0.41092375 0.01077491 0.69803922 0.69803922 0.69803922
v -0.06923501 0.41280112 0.00974784 0.69803922 0.69803922 0.69803922
v -0.06899484 0.41585901 0.00710635 0.69803922 0.69803922 0.69803922
v -0.07188353 0.41564813 0.02397741 0.69803922 0.69803922 0.69803922
v -0.06971578 0.40363029 0.00273896 0.69803922 0.69803922 0.69803922
v -0.07312453 0.41157976 -0.00176742 0.69803922 0.69803922 0.69803922
v -0.08076996 0.39952552 0.00574100 0.69803922 0.69803922 0.69803922
v -0.07742999 0.39410993 0.00568829 0.69803922 0.69803922 0.69803922
v -0.07508176 0.39065406 0.01885668 0.69803922 0.69803922 0.69803922
v -0.07659263 0.39022103 0.01315668 0.69803922 0.69803922 0.69803922
v -0.07648934 0.43248641 -0.00423337 0.69803922 0.69803922 0.69803922
v -0.07629638 0.42565742 -0.00591136 0.69803922 0.69803922 0.69803922
v -0.06751288 0.39782572 0.00996084 0.69803922 0.69803922 0.69803922
v -0.07556426 0.41875914 -0.00524105 0.69803922 0.69803922 0.69803922
v -0.08192892 0.40810430 0.00081481 0.69803922 0.69803922 0.69803922
v -0.07922891 0.40498129 0.00521567 0.69803922 0.69803922 0.69803922
v -0.08451248 0.41277793 -0.00281797 0.69803922 0.69803922 0.69803922
v -0.07355415 0.40425247 0.01419379 0.69803922 0.69803922 0.69803922
v -0.07679736 0.40387970 0.00991801 0.69803922 0.69803922 0.69803922
v -0.07856272 0.39818344 0.01196537 0.69803922 0.69803922 0.69803922
v -0.07571764 0.39841023 0.01688499 0.69803922 0.69803922 0.69803922
v -0.07707505 0.40856150 0.00535362 0.69803922 0.69803922 0.69803922
v -0.08036975 0.41130069 0.00274103 0.69803922 0.69803922 0.69803922
v -0.07361289 0.41059795 0.00420941 0.69803922 0.69803922 0.69803922
v -0.07674139 0.41324905 0.00178027 0.69803922 0.69803922 0.69803922
v -0.07224160 0.40917084 0.00778030 0.69803922 0.69803922 0.69803922
v -0.07434621 0.40708610 0.00863774 0.69803922 0.69803922 0.69803922
v -0.06964253 0.41263515 0.00355375 0.69803922 0.69803922 0.69803922
v -0.07260260 0.41642979 0.00075241 0.69803922 0.69803922 0.69803922
v -0.06986400 0.41064566 0.00753748 0.69803922 0.69803922 0.69803922
v -0.07986099 0.41668123 0.00102860 0.69803922 0.69803922 0.69803922
v -0.07645793 0.41966131 0.00084637 0.69803922 0.69803922 0.69803922
v -0.08003772 0.42308146 0.00227661 0.69803922 0.69803922 0.69803922
v -0.08233868 0.42049071 0.00111575 0.69803922 0.69803922 0.69803922
v -0.08299213 0.41484094 0.00002169 0.69803922 0.69803922 0.69803922
v -0.08503342 0.41908768 -0.00168256 0.69803922 0.69803922 0.69803922
v -0.08492200 0.41865534 -0.00538000 0.69803922 0.69803922 0.69803922
v -0.08566774 0.42464003 -0.00272403 0.69803922 0.69803922 0.69803922
v -0.08553874 0.42537451 -0.00610710 0.69803922 0.69803922 0.69803922
v -0.08381443 0.42448717 0.00010600 0.69803922 0.69803922 0.69803922
v -0.08224690 0.42554513 0.00247924 0.69803922 0.69803922 0.69803922
v -0.08614829 0.43164158 -0.00530792 0.69803922 0.69803922 0.69803922
v -0.08563747 0.42993385 -0.00220970 0.69803922 0.69803922 0.69803922
v -0.08510368 0.43400073 -0.00055033 0.69803922 0.69803922 0.69803922
v -0.08449677 0.42851150 0.00044160 0.69803922 0.69803922 0.69803922
v -0.08389129 0.43170518 0.00168445 0.69803922 0.69803922 0.69803922
v -0.08321412 0.42785633 0.00205190 0.69803922 0.69803922 0.69803922
v -0.08240635 0.42964619 0.00320741 0.69803922 0.69803922 0.69803922
v -0.08089319 0.43792418 0.00828819 0.69803922 0.69803922 0.69803922
v -0.07966164 0.43609449 0.00980687 0.69803922 0.69803922 0.69803922
v -0.08240925 0.43799648 0.00544229 0.69803922 0.69803922 0.69803922
v -0.08082453 0.43544009 0.00545530 0.69803922 0.69803922 0.69803922
v -0.07991639 0.43698555 0.00675295 0.69803922 0.69803922 0.69803922
v -0.07840610 0.43589050 0.00710576 0.69803922 0.69803922 0.69803922
v -0.07972013 0.43319619 0.00613903 0.69803922 0.69803922 0.69803922
v -0.07753547 0.43101513 0.00515544 0.69803922 0.69803922 0.69803922
v -0.01986506 0.27052426 0.05020933 0.69803922 0.69803922 0.69803922
v -0.00755419 0.26906282 0.05137619 0.69803922 0.69803922 0.69803922
v -0.00645297 0.27932328 0.05386449 0.69803922 0.69803922 0.69803922
v -0.01796036 0.28103280 0.05110814 0.69803922 0.69803922 0.69803922
v -0.08237670 0.43391681 0.00341838 0.69803922 0.69803922 0.69803922
v -0.08120026 0.43133670 0.00490979 0.69803922 0.69803922 0.69803922
v -0.08394036 0.43670338 0.00203373 0.69803922 0.69803922 0.69803922
v -0.07873539 0.42715076 0.00297965 0.69803922 0.69803922 0.69803922
v -0.07977506 0.42905048 0.00433011 0.69803922 0.69803922 0.69803922
v -0.08114012 0.42748687 0.00358791 0.69803922 0.69803922 0.69803922
v -0.08008768 0.42590156 0.00308368 0.69803922 0.69803922 0.69803922
v -0.07410945 0.42225590 0.01262859 0.69803922 0.69803922 0.69803922
v -0.07168747 0.42100918 0.00906124 0.69803922 0.69803922 0.69803922
v -0.07136918 0.41864142 0.00479324 0.69803922 0.69803922 0.69803922
v -0.05481461 0.25869188 0.03323820 0.69803922 0.69803922 0.69803922
v -0.05095311 0.26774031 0.03033622 0.69803922 0.69803922 0.69803922
v -0.06579728 0.27465349 0.01754087 0.69803922 0.69803922 0.69803922
v -0.07101034 0.26726928 0.02006414 0.69803922 0.69803922 0.69803922
v -0.06618690 0.23763169 0.05128238 0.69803922 0.69803922 0.69803922
v -0.08887535 0.24559774 0.03551674 0.69803922 0.69803922 0.69803922
v -0.08843824 0.22402936 0.05518711 0.69803922 0.69803922 0.69803922
v -0.06901083 0.21936737 0.06220949 0.69803922 0.69803922 0.69803922
v -0.08768162 0.20554131 0.07008218 0.69803922 0.69803922 0.69803922
v -0.06983855 0.20227069 0.07423645 0.69803922 0.69803922 0.69803922
v -0.08328487 0.15689102 0.10679310 0.69803922 0.69803922 0.69803922
v -0.06691402 0.15637487 0.11033542 0.69803922 0.69803922 0.69803922
v -0.06817784 0.17158853 0.09858520 0.69803922 0.69803922 0.69803922
v -0.08495569 0.17246449 0.09498423 0.69803922 0.69803922 0.69803922
v -0.10241555 0.07863509 0.13688189 0.69803922 0.69803922 0.69803922
v -0.09613818 0.06073756 0.13374589 0.69803922 0.69803922 0.69803922
v -0.08277812 0.06493245 0.13952549 0.69803922 0.69803922 0.69803922
v -0.09041947 0.08105443 0.14111917 0.69803922 0.69803922 0.69803922
v -0.15164772 0.17736076 0.06522102 0.69803922 0.69803922 0.69803922
v -0.15364654 0.19670564 0.05720088 0.69803922 0.69803922 0.69803922
v -0.16588144 0.18724588 0.05602747 0.69803922 0.69803922 0.69803922
v -0.16177137 0.16734120 0.06199236 0.69803922 0.69803922 0.69803922
v -0.09954917 0.28048760 -0.01275980 0.69803922 0.69803922 0.69803922
v -0.09566846 0.26515171 0.01021635 0.69803922 0.69803922 0.69803922
v -0.08720919 0.26964864 0.00511249 0.69803922 0.69803922 0.69803922
v -0.09192801 0.28424934 -0.01489031 0.69803922 0.69803922 0.69803922
v -0.14616103 0.09160396 0.08927124 0.69803922 0.69803922 0.69803922
v -0.14171763 0.07923374 0.09740610 0.69803922 0.69803922 0.69803922
v -0.13768235 0.08895609 0.10537934 0.69803922 0.69803922 0.69803922
v -0.14107978 0.10119376 0.09851781 0.69803922 0.69803922 0.69803922
v -0.11722356 0.00295120 0.08946422 0.69803922 0.69803922 0.69803922
v -0.11912780 -0.01666598 0.08973376 0.69803922 0.69803922 0.69803922
v -0.10429350 -0.01740988 0.10657904 0.69803922 0.69803922 0.69803922
v -0.10280061 0.00198751 0.10527699 0.69803922 0.69803922 0.69803922
v -0.15374477 0.02540265 0.02241579 0.69803922 0.69803922 0.69803922
v -0.15653491 0.02417549 -0.00498758 0.69803922 0.69803922 0.69803922
v -0.15528925 0.00874595 -0.00555277 0.69803922 0.69803922 0.69803922
v -0.15413105 0.00793302 0.02190489 0.69803922 0.69803922 0.69803922
v -0.11246154 0.15579878 0.09790859 0.69803922 0.69803922 0.69803922
v -0.09874321 0.15702763 0.10278528 0.69803922 0.69803922 0.69803922
v -0.10091603 0.17254822 0.09117825 0.69803922 0.69803922 0.69803922
v -0.11524056 0.17168882 0.08690658 0.69803922 0.69803922 0.69803922
v -0.34079725 0.22287591 0.01755863 0.69803922 0.69803922 0.69803922
v -0.34111246 0.20633598 0.01779577 0.69803922 0.69803922 0.69803922
v -0.31588566 0.20655616 0.01960277 0.69803922 0.69803922 0.69803922
v -0.31537616 0.22285981 0.01871145 0.69803922 0.69803922 0.69803922
v -0.15597448 -0.08311086 0.03175523 0.69803922 0.69803922 0.69803922
v -0.15491138 -0.07899472 0.00631774 0.69803922 0.69803922 0.69803922
v -0.15757889 -0.09719338 0.00864808 0.69803922 0.69803922 0.69803922
v -0.15781941 -0.10154084 0.03439143 0.69803922 0.69803922 0.69803922
v -0.20327610 0.24954563 0.02861659 0.69803922 0.69803922 0.69803922
v -0.18870331 0.25342605 0.02917134 0.69803922 0.69803922 0.69803922
v -0.18699393 0.27020657 0.00927252 0.69803922 0.69803922 0.69803922
v -0.20069876 0.26713464 0.00994415 0.69803922 0.69803922 0.69803922
v -0.15105300 0.13977441 0.07480461 0.69803922 0.69803922 0.69803922
v -0.14374653 0.14698891 0.08121054 0.69803922 0.69803922 0.69803922
v -0.14845341 0.16147535 0.07345138 0.69803922 0.69803922 0.69803922
v -0.15637735 0.15232396 0.06854165 0.69803922 0.69803922 0.69803922
v -0.16463731 0.05361069 -0.00811229 0.69803922 0.69803922 0.69803922
v -0.16277201 0.05491084 0.01524874 0.69803922 0.69803922 0.69803922
v -0.16549978 0.07155105 0.00942192 0.69803922 0.69803922 0.69803922
v -0.16778298 0.07027346 -0.01151172 0.69803922 0.69803922 0.69803922
v -0.15869105 0.03943904 0.01963207 0.69803922 0.69803922 0.69803922
v -0.16068533 0.03813301 -0.00595317 0.69803922 0.69803922 0.69803922
v -0.13491373 0.15122519 0.08668413 0.69803922 0.69803922 0.69803922
v -0.12461639 0.15344490 0.09228875 0.69803922 0.69803922 0.69803922
v -0.12770836 0.16980664 0.08189506 0.69803922 0.69803922 0.69803922
v -0.13803867 0.16764082 0.07778130 0.69803922 0.69803922 0.69803922
v -0.09011348 0.04513041 0.12621263 0.69803922 0.69803922 0.69803922
v -0.07416034 0.05038209 0.13415150 0.69803922 0.69803922 0.69803922
v -0.15135677 -0.10659245 0.05930988 0.69803922 0.69803922 0.69803922
v -0.13948421 -0.11243138 0.08094357 0.69803922 0.69803922 0.69803922
v -0.13860551 -0.09290792 0.07855379 0.69803922 0.69803922 0.69803922
v -0.14999731 -0.08797978 0.05673253 0.69803922 0.69803922 0.69803922
v -0.08496759 0.01929743 0.11456599 0.69803922 0.69803922 0.69803922
v -0.08593640 0.03269254 0.11836902 0.69803922 0.69803922 0.69803922
v -0.10044894 0.03140970 0.10887912 0.69803922 0.69803922 0.69803922
v -0.09995883 0.01867360 0.10347973 0.69803922 0.69803922 0.69803922
v -0.12375735 -0.11737068 0.09937076 0.69803922 0.69803922 0.69803922
v -0.10650438 -0.12191024 0.11667731 0.69803922 0.69803922 0.69803922
v -0.10529783 -0.10058281 0.11443912 0.69803922 0.69803922 0.69803922
v -0.12282702 -0.09702387 0.09764198 0.69803922 0.69803922 0.69803922
v -0.08665288 0.18845046 0.08280545 0.69803922 0.69803922 0.69803922
v -0.06921698 0.18694434 0.08672095 0.69803922 0.69803922 0.69803922
v -0.12238414 0.07771278 0.12327024 0.69803922 0.69803922 0.69803922
v -0.11897834 0.06051502 0.11942634 0.69803922 0.69803922 0.69803922
v -0.10823815 0.05957740 0.12687764 0.69803922 0.69803922 0.69803922
v -0.11322624 0.07768220 0.13067597 0.69803922 0.69803922 0.69803922
v -0.16980903 0.13911526 0.04351920 0.69803922 0.69803922 0.69803922
v -0.16908425 0.15373068 0.05559661 0.69803922 0.69803922 0.69803922
v -0.17933327 0.17331791 0.05018499 0.69803922 0.69803922 0.69803922
v -0.17978051 0.15064064 0.03801724 0.69803922 0.69803922 0.69803922
v -0.16032693 -0.11515259 0.01049542 0.69803922 0.69803922 0.69803922
v -0.16006680 -0.12000113 0.03612114 0.69803922 0.69803922 0.69803922
v -0.12486535 -0.13758764 0.10057829 0.69803922 0.69803922 0.69803922
v -0.10742543 -0.14268501 0.11806642 0.69803922 0.69803922 0.69803922
v -0.21532314 0.14409275 -0.03134376 0.69803922 0.69803922 0.69803922
v -0.20417345 0.13215859 -0.02763006 0.69803922 0.69803922 0.69803922
v -0.20132621 0.13469675 -0.01309162 0.69803922 0.69803922 0.69803922
v -0.21311769 0.14690311 -0.01739855 0.69803922 0.69803922 0.69803922
v -0.05089527 0.08381780 0.14407216 0.69803922 0.69803922 0.69803922
v -0.06639601 0.09273002 0.14413369 0.69803922 0.69803922 0.69803922
v -0.07213749 0.07555632 0.14367259 0.69803922 0.69803922 0.69803922
v -0.05935767 0.06283164 0.14090562 0.69803922 0.69803922 0.69803922
v -0.11565566 0.04507899 0.11013454 0.69803922 0.69803922 0.69803922
v -0.11386515 0.03297621 0.09944908 0.69803922 0.69803922 0.69803922
v -0.10374636 0.04383195 0.11824756 0.69803922 0.69803922 0.69803922
v -0.03459081 0.07421219 0.14026874 0.69803922 0.69803922 0.69803922
v -0.04528789 0.04819299 0.13478212 0.69803922 0.69803922 0.69803922
v -0.05127653 0.18421830 0.09005354 0.69803922 0.69803922 0.69803922
v -0.05044451 0.16996011 0.10185234 0.69803922 0.69803922 0.69803922
v -0.05125487 0.19936983 0.07916587 0.69803922 0.69803922 0.69803922
v -0.03295951 0.19692555 0.08384657 0.69803922 0.69803922 0.69803922
v -0.03105460 0.21258639 0.07377046 0.69803922 0.69803922 0.69803922
v -0.04946459 0.21539359 0.06871364 0.69803922 0.69803922 0.69803922
v -0.02796986 0.22854641 0.06555518 0.69803922 0.69803922 0.69803922
v -0.04601128 0.23207794 0.06023981 0.69803922 0.69803922 0.69803922
v -0.03732536 0.25352347 0.04421815 0.69803922 0.69803922 0.69803922
v -0.03453500 0.26314387 0.04137974 0.69803922 0.69803922 0.69803922
v -0.16143411 0.14092949 0.06080448 0.69803922 0.69803922 0.69803922
v -0.15564668 0.12975003 0.06601897 0.69803922 0.69803922 0.69803922
v -0.14080228 -0.13173893 0.08228320 0.69803922 0.69803922 0.69803922
v -0.10963514 0.21529682 -0.10328852 0.69803922 0.69803922 0.69803922
v -0.10884131 0.19741510 -0.10898055 0.69803922 0.69803922 0.69803922
v -0.12547538 0.20316750 -0.10216358 0.69803922 0.69803922 0.69803922
v -0.12652309 0.22007081 -0.09718359 0.69803922 0.69803922 0.69803922
v -0.10804816 0.27941886 -0.01151223 0.69803922 0.69803922 0.69803922
v -0.10753448 0.26471174 0.01216572 0.69803922 0.69803922 0.69803922
v -0.18330435 0.15537275 -0.07397551 0.69803922 0.69803922 0.69803922
v -0.17171523 0.14945121 -0.07752019 0.69803922 0.69803922 0.69803922
v -0.17492571 0.13740419 -0.07215793 0.69803922 0.69803922 0.69803922
v -0.18433790 0.14524516 -0.06907042 0.69803922 0.69803922 0.69803922
v -0.21364076 0.14705867 -0.05194397 0.69803922 0.69803922 0.69803922
v -0.22750007 0.15567262 -0.05502180 0.69803922 0.69803922 0.69803922
v -0.22619297 0.16309391 -0.06197698 0.69803922 0.69803922 0.69803922
v -0.21102071 0.15424523 -0.05821663 0.69803922 0.69803922 0.69803922
v -0.15082575 -0.09395565 -0.01508721 0.69803922 0.69803922 0.69803922
v -0.14734873 -0.07588378 -0.01785368 0.69803922 0.69803922 0.69803922
v -0.13298540 0.03968636 -0.07218742 0.69803922 0.69803922 0.69803922
v -0.14477657 0.03167317 -0.05204478 0.69803922 0.69803922 0.69803922
v -0.15228991 0.04706161 -0.05113322 0.69803922 0.69803922 0.69803922
v -0.14262505 0.05576069 -0.06965595 0.69803922 0.69803922 0.69803922
v -0.01827799 0.18272351 -0.10600999 0.69803922 0.69803922 0.69803922
v -0.01814655 0.16750076 -0.10815752 0.69803922 0.69803922 0.69803922
v -0.03667750 0.17160279 -0.11282032 0.69803922 0.69803922 0.69803922
v -0.03645300 0.18713032 -0.11013386 0.69803922 0.69803922 0.69803922
v -0.07289020 0.21642619 -0.10878065 0.69803922 0.69803922 0.69803922
v -0.07162652 0.23359472 -0.10136892 0.69803922 0.69803922 0.69803922
v -0.05185209 0.22398506 -0.10449053 0.69803922 0.69803922 0.69803922
v -0.05305066 0.20945424 -0.10900714 0.69803922 0.69803922 0.69803922
v -0.09131156 0.20871450 -0.10886782 0.69803922 0.69803922 0.69803922
v -0.09119529 0.19102116 -0.11443183 0.69803922 0.69803922 0.69803922
v -0.16723427 0.07235553 -0.03099704 0.69803922 0.69803922 0.69803922
v -0.16283703 0.05674466 -0.02956352 0.69803922 0.69803922 0.69803922
v -0.17415005 0.09605997 -0.03502924 0.69803922 0.69803922 0.69803922
v -0.17414658 0.09528983 -0.01867495 0.69803922 0.69803922 0.69803922
v -0.17783983 0.10416748 -0.02090722 0.69803922 0.69803922 0.69803922
v -0.17808080 0.10436947 -0.03599474 0.69803922 0.69803922 0.69803922
v -0.08532036 0.28914723 -0.01693902 0.69803922 0.69803922 0.69803922
v -0.08352346 0.29508606 -0.03969921 0.69803922 0.69803922 0.69803922
v -0.09153994 0.29108042 -0.03760646 0.69803922 0.69803922 0.69803922
v -0.05011659 0.27252361 -0.08321648 0.69803922 0.69803922 0.69803922
v -0.04951944 0.26607490 -0.08686268 0.69803922 0.69803922 0.69803922
v -0.06208160 0.27196610 -0.08184905 0.69803922 0.69803922 0.69803922
v -0.06067253 0.27696133 -0.07842425 0.69803922 0.69803922 0.69803922
v -0.04146211 0.10139593 -0.11590692 0.69803922 0.69803922 0.69803922
v -0.02047427 0.09972747 -0.11354788 0.69803922 0.69803922 0.69803922
v -0.02041161 0.07916589 -0.11094636 0.69803922 0.69803922 0.69803922
v -0.04324533 0.07964291 -0.11272612 0.69803922 0.69803922 0.69803922
v -0.18337965 0.11416352 -0.04898899 0.69803922 0.69803922 0.69803922
v -0.19262642 0.12172294 -0.04874808 0.69803922 0.69803922 0.69803922
v -0.19005173 0.12745273 -0.05708963 0.69803922 0.69803922 0.69803922
v -0.18090801 0.11948987 -0.05860850 0.69803922 0.69803922 0.69803922
v -0.17409177 0.11239990 -0.05976511 0.69803922 0.69803922 0.69803922
v -0.16845475 0.10439586 -0.06094654 0.69803922 0.69803922 0.69803922
v -0.17194653 0.09916744 -0.04879624 0.69803922 0.69803922 0.69803922
v -0.17683272 0.10746521 -0.04884128 0.69803922 0.69803922 0.69803922
v -0.15130712 0.07074168 -0.06646641 0.69803922 0.69803922 0.69803922
v -0.15811680 0.06302425 -0.04909860 0.69803922 0.69803922 0.69803922
v -0.16457075 0.07711341 -0.04902305 0.69803922 0.69803922 0.69803922
v -0.15908687 0.08412237 -0.06504381 0.69803922 0.69803922 0.69803922
v -0.01770177 0.00987752 -0.09450947 0.69803922 0.69803922 0.69803922
v -0.03766650 0.00775009 -0.09873015 0.69803922 0.69803922 0.69803922
v -0.03888765 0.03171282 -0.10407623 0.69803922 0.69803922 0.69803922
v -0.01817775 0.03340875 -0.10135642 0.69803922 0.69803922 0.69803922
v -0.22252394 0.16657011 0.00466349 0.69803922 0.69803922 0.69803922
v -0.22189981 0.17419134 0.01896029 0.69803922 0.69803922 0.69803922
v -0.23558056 0.17865346 0.01440969 0.69803922 0.69803922 0.69803922
v -0.23800446 0.17036897 -0.00123326 0.69803922 0.69803922 0.69803922
v -0.23346621 0.18650338 -0.07422134 0.69803922 0.69803922 0.69803922
v -0.24423118 0.19207181 -0.07565428 0.69803922 0.69803922 0.69803922
v -0.24316037 0.19888557 -0.07681310 0.69803922 0.69803922 0.69803922
v -0.23179822 0.19373101 -0.07603250 0.69803922 0.69803922 0.69803922
v -0.25948876 0.16412708 -0.01897568 0.69803922 0.69803922 0.69803922
v -0.25523770 0.17143460 -0.00500993 0.69803922 0.69803922 0.69803922
v -0.27543864 0.17059539 -0.00713273 0.69803922 0.69803922 0.69803922
v -0.27918351 0.16288193 -0.02188593 0.69803922 0.69803922 0.69803922
v -0.11613654 0.28194451 -0.03860695 0.69803922 0.69803922 0.69803922
v -0.11721212 0.27941984 -0.01099465 0.69803922 0.69803922 0.69803922
v -0.10803273 0.28520846 -0.03708405 0.69803922 0.69803922 0.69803922
v -0.24531817 0.15540251 -0.03951323 0.69803922 0.69803922 0.69803922
v -0.26173553 0.15777595 -0.04414886 0.69803922 0.69803922 0.69803922
v -0.26076755 0.16063406 -0.05517527 0.69803922 0.69803922 0.69803922
v -0.24402568 0.15721363 -0.05064376 0.69803922 0.69803922 0.69803922
v -0.34023803 0.23850581 0.00935509 0.69803922 0.69803922 0.69803922
v -0.31497279 0.23836488 0.01033137 0.69803922 0.69803922 0.69803922
v -0.30243972 0.16014312 -0.03817502 0.69803922 0.69803922 0.69803922
v -0.30418065 0.16261721 -0.05112892 0.69803922 0.69803922 0.69803922
v -0.28191251 0.15950403 -0.04832302 0.69803922 0.69803922 0.69803922
v -0.28133669 0.15922976 -0.03583756 0.69803922 0.69803922 0.69803922
v -0.12522118 0.02299046 -0.07327884 0.69803922 0.69803922 0.69803922
v -0.13937131 0.01596834 -0.05352869 0.69803922 0.69803922 0.69803922
v -0.12306153 -0.09016332 -0.05283041 0.69803922 0.69803922 0.69803922
v -0.13873921 -0.09170370 -0.03582823 0.69803922 0.69803922 0.69803922
v -0.13413237 -0.07334320 -0.03868192 0.69803922 0.69803922 0.69803922
v -0.11846130 -0.07118379 -0.05579314 0.69803922 0.69803922 0.69803922
v -0.15375811 -0.11238170 -0.01345153 0.69803922 0.69803922 0.69803922
v -0.12658057 -0.10990597 -0.05078142 0.69803922 0.69803922 0.69803922
v -0.14229324 -0.11046031 -0.03441180 0.69803922 0.69803922 0.69803922
v -0.06851635 0.30203661 -0.03570074 0.69803922 0.69803922 0.69803922
v -0.06026844 0.30167052 -0.05127656 0.69803922 0.69803922 0.69803922
v -0.06605472 0.29591662 -0.05647185 0.69803922 0.69803922 0.69803922
v -0.07646142 0.29936361 -0.03906771 0.69803922 0.69803922 0.69803922
v -0.17916973 -0.22175945 -0.01468949 0.69803922 0.69803922 0.69803922
v -0.17952707 -0.24945262 -0.01925137 0.69803922 0.69803922 0.69803922
v -0.18623561 -0.25010943 0.00861353 0.69803922 0.69803922 0.69803922
v -0.18435647 -0.22519699 0.01464430 0.69803922 0.69803922 0.69803922
v -0.03595449 0.28465384 -0.07532144 0.69803922 0.69803922 0.69803922
v -0.05264213 0.29039085 -0.06780378 0.69803922 0.69803922 0.69803922
v -0.04765607 0.29755014 -0.06191266 0.69803922 0.69803922 0.69803922
v -0.03381097 0.29329082 -0.06850866 0.69803922 0.69803922 0.69803922
v -0.18115039 -0.20151471 0.01559575 0.69803922 0.69803922 0.69803922
v -0.17640145 -0.19739039 -0.01328056 0.69803922 0.69803922 0.69803922
v -0.07159881 0.29555905 -0.01631731 0.69803922 0.69803922 0.69803922
v -0.07904217 0.29255030 -0.01745308 0.69803922 0.69803922 0.69803922
v -0.07554166 0.28240773 0.00111660 0.69803922 0.69803922 0.69803922
v -0.06830118 0.28787333 0.00136660 0.69803922 0.69803922 0.69803922
v -0.06023481 0.28214809 0.01761326 0.69803922 0.69803922 0.69803922
v -0.18706483 -0.26103482 0.03675821 0.69803922 0.69803922 0.69803922
v -0.18223909 -0.23327732 0.04174763 0.69803922 0.69803922 0.69803922
v -0.05479724 0.30679458 -0.04482048 0.69803922 0.69803922 0.69803922
v -0.04363333 0.30427763 -0.05514589 0.69803922 0.69803922 0.69803922
v -0.03093382 0.30225846 -0.06105477 0.69803922 0.69803922 0.69803922
v -0.01709924 0.30107954 -0.06441558 0.69803922 0.69803922 0.69803922
v -0.15812230 -0.13027182 -0.01293548 0.69803922 0.69803922 0.69803922
v -0.16376658 -0.13309100 0.01192383 0.69803922 0.69803922 0.69803922
v -0.12376749 -0.35325152 -0.09066644 0.69803922 0.69803922 0.69803922
v -0.09568974 -0.35653776 -0.09818956 0.69803922 0.69803922 0.69803922
v -0.09358779 -0.36714739 -0.09085568 0.69803922 0.69803922 0.69803922
v -0.12669927 -0.36905956 -0.08154891 0.69803922 0.69803922 0.69803922
v -0.02538081 -0.33876401 -0.10198110 0.69803922 0.69803922 0.69803922
v -0.02287352 -0.34786162 -0.08841965 0.69803922 0.69803922 0.69803922
v -0.05831392 -0.35966581 -0.09222616 0.69803922 0.69803922 0.69803922
v -0.06313245 -0.35089299 -0.10287174 0.69803922 0.69803922 0.69803922
v -0.03322950 -0.22914018 -0.11491828 0.69803922 0.69803922 0.69803922
v -0.06309681 -0.22971100 -0.11482780 0.69803922 0.69803922 0.69803922
v -0.06356728 -0.20794967 -0.10777716 0.69803922 0.69803922 0.69803922
v -0.03426632 -0.20737554 -0.10836065 0.69803922 0.69803922 0.69803922
v -0.13089120 -0.12849616 -0.05126926 0.69803922 0.69803922 0.69803922
v -0.14649765 -0.12892269 -0.03444736 0.69803922 0.69803922 0.69803922
v -0.16220918 -0.13759944 0.03795407 0.69803922 0.69803922 0.69803922
v -0.18470807 -0.39790925 0.05218003 0.69803922 0.69803922 0.69803922
v -0.19094203 -0.39036363 0.01120447 0.69803922 0.69803922 0.69803922
v -0.18640980 -0.42746970 0.01111342 0.69803922 0.69803922 0.69803922
v -0.18184806 -0.43514884 0.04972257 0.69803922 0.69803922 0.69803922
v -0.15293235 -0.42242223 -0.05261764 0.69803922 0.69803922 0.69803922
v -0.15694493 -0.39390513 -0.05916227 0.69803922 0.69803922 0.69803922
v -0.12526824 -0.39541221 -0.07506278 0.69803922 0.69803922 0.69803922
v -0.12180023 -0.42046964 -0.06825443 0.69803922 0.69803922 0.69803922
v -0.08892526 -0.14702527 0.13442339 0.69803922 0.69803922 0.69803922
v -0.10719334 -0.16306508 0.11841054 0.69803922 0.69803922 0.69803922
v -0.08849427 -0.16811258 0.13417435 0.69803922 0.69803922 0.69803922
v -0.02991078 -0.15624857 0.16057618 0.69803922 0.69803922 0.69803922
v -0.05143227 -0.15374792 0.15518898 0.69803922 0.69803922 0.69803922
v -0.04901046 -0.17586082 0.15573205 0.69803922 0.69803922 0.69803922
v -0.02809615 -0.17836858 0.16148579 0.69803922 0.69803922 0.69803922
v -0.02760792 -0.29310399 0.14006014 0.69803922 0.69803922 0.69803922
v -0.01339518 -0.29284632 0.14515617 0.69803922 0.69803922 0.69803922
v -0.01653158 -0.26995704 0.14832233 0.69803922 0.69803922 0.69803922
v -0.03350276 -0.26803246 0.14387482 0.69803922 0.69803922 0.69803922
v -0.17354710 -0.24092190 0.06709131 0.69803922 0.69803922 0.69803922
v -0.15477905 -0.24813472 0.08899241 0.69803922 0.69803922 0.69803922
v -0.15240988 -0.22903599 0.08766484 0.69803922 0.69803922 0.69803922
v -0.16913038 -0.21985742 0.06730759 0.69803922 0.69803922 0.69803922
v -0.02158666 -0.35397980 -0.07068550 0.69803922 0.69803922 0.69803922
v -0.05255203 -0.37086344 -0.07762454 0.69803922 0.69803922 0.69803922
v -0.16520531 -0.44158939 0.08801179 0.69803922 0.69803922 0.69803922
v -0.16650400 -0.40406331 0.09044287 0.69803922 0.69803922 0.69803922
v -0.13551345 -0.44683155 0.11631572 0.69803922 0.69803922 0.69803922
v -0.09953712 -0.44531664 0.12559950 0.69803922 0.69803922 0.69803922
v -0.10226403 -0.41362467 0.12895657 0.69803922 0.69803922 0.69803922
v -0.13781869 -0.41201815 0.11849944 0.69803922 0.69803922 0.69803922
v -0.00950729 -0.35918856 0.08212537 0.69803922 0.69803922 0.69803922
v -0.02120049 -0.34492970 0.10837615 0.69803922 0.69803922 0.69803922
v -0.02540281 -0.35770306 0.10501862 0.69803922 0.69803922 0.69803922
v -0.00937756 -0.36966178 0.08023729 0.69803922 0.69803922 0.69803922
v -0.02835933 -0.31307918 -0.11469017 0.69803922 0.69803922 0.69803922
v -0.02777692 -0.32832155 -0.10864054 0.69803922 0.69803922 0.69803922
v -0.06221467 -0.33498776 -0.11113540 0.69803922 0.69803922 0.69803922
v -0.06165361 -0.31875253 -0.11661012 0.69803922 0.69803922 0.69803922
v -0.10818633 -0.10958990 -0.06256078 0.69803922 0.69803922 0.69803922
v -0.11238727 -0.12943342 -0.06399941 0.69803922 0.69803922 0.69803922
v -0.08892851 -0.10984507 -0.06993567 0.69803922 0.69803922 0.69803922
v -0.10503438 -0.08927891 -0.06499653 0.69803922 0.69803922 0.69803922
v -0.08564348 -0.08848568 -0.07218335 0.69803922 0.69803922 0.69803922
v -0.08707365 0.04145346 -0.09908582 0.69803922 0.69803922 0.69803922
v -0.10760062 0.03155701 -0.08843366 0.69803922 0.69803922 0.69803922
v -0.11628830 0.04825905 -0.08915350 0.69803922 0.69803922 0.69803922
v -0.09689488 0.06021895 -0.10147224 0.69803922 0.69803922 0.69803922
v -0.05478212 0.17725341 -0.11684086 0.69803922 0.69803922 0.69803922
v -0.05384758 0.19356641 -0.11366276 0.69803922 0.69803922 0.69803922
v -0.08337674 -0.40692201 -0.07221879 0.69803922 0.69803922 0.69803922
v -0.03974140 -0.39091972 -0.06440928 0.69803922 0.69803922 0.69803922
v -0.05252278 -0.43247762 -0.05906253 0.69803922 0.69803922 0.69803922
v -0.08777267 -0.44022045 -0.06458048 0.69803922 0.69803922 0.69803922
v -0.14792362 -0.45051932 -0.04561960 0.69803922 0.69803922 0.69803922
v -0.16945568 -0.45495600 -0.02224669 0.69803922 0.69803922 0.69803922
v -0.17580655 -0.42149210 -0.02474659 0.69803922 0.69803922 0.69803922
v -0.18057977 -0.46238589 0.01130421 0.69803922 0.69803922 0.69803922
v -0.17727485 -0.46980095 0.04942631 0.69803922 0.69803922 0.69803922
v -0.13140589 -0.47991374 0.11256455 0.69803922 0.69803922 0.69803922
v -0.09569360 -0.47745112 0.12026397 0.69803922 0.69803922 0.69803922
v -0.01387764 -0.43522143 0.08209230 0.69803922 0.69803922 0.69803922
v -0.03528002 -0.43966883 0.10244308 0.69803922 0.69803922 0.69803922
v -0.03365174 -0.46554288 0.09372414 0.69803922 0.69803922 0.69803922
v -0.01411520 -0.45969683 0.07125831 0.69803922 0.69803922 0.69803922
v -0.06660923 -0.29207793 0.12121956 0.69803922 0.69803922 0.69803922
v -0.10207823 -0.27348843 0.11357638 0.69803922 0.69803922 0.69803922
v -0.10419688 -0.29751101 0.11872206 0.69803922 0.69803922 0.69803922
v -0.07375302 -0.31647691 0.12358446 0.69803922 0.69803922 0.69803922
v -0.03407412 -0.13450916 0.15858172 0.69803922 0.69803922 0.69803922
v -0.05162923 -0.13138026 0.15468532 0.69803922 0.69803922 0.69803922
v -0.06979690 -0.15080440 0.14687981 0.69803922 0.69803922 0.69803922
v -0.06947411 -0.12854180 0.14653412 0.69803922 0.69803922 0.69803922
v -0.08832441 -0.12552321 0.13353918 0.69803922 0.69803922 0.69803922
v -0.04603411 -0.03873801 0.14742464 0.69803922 0.69803922 0.69803922
v -0.06764733 -0.03902848 0.13804834 0.69803922 0.69803922 0.69803922
v -0.06653195 -0.06029451 0.14118245 0.69803922 0.69803922 0.69803922
v -0.04540912 -0.06110334 0.15076703 0.69803922 0.69803922 0.69803922
v -0.04708761 -0.01651311 0.14368573 0.69803922 0.69803922 0.69803922
v -0.06932707 -0.01683912 0.13522775 0.69803922 0.69803922 0.69803922
v -0.04551201 0.02553184 0.13109906 0.69803922 0.69803922 0.69803922
v -0.06777628 0.03733665 0.12722960 0.69803922 0.69803922 0.69803922
v -0.06703641 0.02176287 0.12394205 0.69803922 0.69803922 0.69803922
v -0.03340925 0.18144572 0.09375256 0.69803922 0.69803922 0.69803922
v -0.03284619 0.16657087 0.10397170 0.69803922 0.69803922 0.69803922
v -0.17722702 -0.26529962 0.06414761 0.69803922 0.69803922 0.69803922
v -0.01282121 -0.39897928 -0.03570031 0.69803922 0.69803922 0.69803922
v -0.00155834 -0.41015145 -0.00465580 0.69803922 0.69803922 0.69803922
v -0.00705059 -0.43757930 -0.01281010 0.69803922 0.69803922 0.69803922
v -0.02324544 -0.43163648 -0.04029274 0.69803922 0.69803922 0.69803922
v -0.17843604 -0.20994520 0.04318160 0.69803922 0.69803922 0.69803922
v -0.15301087 -0.12515710 0.06119329 0.69803922 0.69803922 0.69803922
v -0.15453264 -0.14377885 0.06226759 0.69803922 0.69803922 0.69803922
v -0.14348893 0.02997785 0.05421633 0.69803922 0.69803922 0.69803922
v -0.14533746 0.00847619 0.04908919 0.69803922 0.69803922 0.69803922
v -0.08031354 0.09778719 0.14174758 0.69803922 0.69803922 0.69803922
v -0.08142707 0.08506437 0.14299031 0.69803922 0.69803922 0.69803922
v -0.18094487 -0.38745174 -0.02756089 0.69803922 0.69803922 0.69803922
v -0.12662204 -0.51161188 0.10738622 0.69803922 0.69803922 0.69803922
v -0.12095972 -0.54076535 0.10122970 0.69803922 0.69803922 0.69803922
v -0.08709873 -0.53880197 0.10637369 0.69803922 0.69803922 0.69803922
v -0.09122983 -0.50892884 0.11370204 0.69803922 0.69803922 0.69803922
v -0.00812133 -0.48123696 0.03436865 0.69803922 0.69803922 0.69803922
v -0.01614326 -0.48747283 0.06020337 0.69803922 0.69803922 0.69803922
v -0.01935633 -0.51562005 0.04977963 0.69803922 0.69803922 0.69803922
v -0.01414049 -0.51051873 0.02455954 0.69803922 0.69803922 0.69803922
v -0.01828230 -0.54016495 0.01763968 0.69803922 0.69803922 0.69803922
v -0.02220758 -0.54638541 0.04233552 0.69803922 0.69803922 0.69803922
v -0.02281876 -0.57507783 0.03390922 0.69803922 0.69803922 0.69803922
v -0.02058296 -0.56894583 0.01003241 0.69803922 0.69803922 0.69803922
v -0.16040789 -0.47793323 0.08602116 0.69803922 0.69803922 0.69803922
v -0.16519886 -0.53337777 0.04769367 0.69803922 0.69803922 0.69803922
v -0.14941643 -0.53962302 0.07924435 0.69803922 0.69803922 0.69803922
v -0.15477560 -0.51003557 0.08337697 0.69803922 0.69803922 0.69803922
v -0.17115645 -0.50333762 0.04912394 0.69803922 0.69803922 0.69803922
v -0.12059806 -0.44684339 -0.05836969 0.69803922 0.69803922 0.69803922
v -0.00412090 -0.45336404 0.04526294 0.69803922 0.69803922 0.69803922
v -0.00203893 -0.43020979 0.05663973 0.69803922 0.69803922 0.69803922
v -0.02353300 -0.50373393 -0.02365031 0.69803922 0.69803922 0.69803922
v -0.04103463 -0.50194013 -0.04397506 0.69803922 0.69803922 0.69803922
v -0.03288138 -0.46863607 -0.04240247 0.69803922 0.69803922 0.69803922
v -0.01496249 -0.47089022 -0.01913065 0.69803922 0.69803922 0.69803922
v -0.14476286 -0.51001173 -0.03841747 0.69803922 0.69803922 0.69803922
v -0.16155985 -0.51613086 -0.01582816 0.69803922 0.69803922 0.69803922
v -0.16532283 -0.48619241 -0.01726650 0.69803922 0.69803922 0.69803922
v -0.14622001 -0.48086932 -0.04029115 0.69803922 0.69803922 0.69803922
v -0.17458549 -0.49467555 0.01381288 0.69803922 0.69803922 0.69803922
v -0.16849154 -0.52474970 0.01387020 0.69803922 0.69803922 0.69803922
v -0.15391681 -0.59102303 0.04444274 0.69803922 0.69803922 0.69803922
v -0.13597152 -0.59592134 0.07152858 0.69803922 0.69803922 0.69803922
v -0.14324358 -0.56829756 0.07511722 0.69803922 0.69803922 0.69803922
v -0.15928295 -0.56262487 0.04587684 0.69803922 0.69803922 0.69803922
v -0.15811068 -0.58196718 0.01333397 0.69803922 0.69803922 0.69803922
v -0.16273628 -0.55340368 0.01372306 0.69803922 0.69803922 0.69803922
v -0.15757059 -0.54523998 -0.01560163 0.69803922 0.69803922 0.69803922
v -0.15417124 -0.57310843 -0.01451180 0.69803922 0.69803922 0.69803922
v -0.13998292 -0.56622690 -0.03558914 0.69803922 0.69803922 0.69803922
v -0.14244176 -0.53816718 -0.03763195 0.69803922 0.69803922 0.69803922
v -0.12143536 -0.53406721 -0.05294234 0.69803922 0.69803922 0.69803922
v -0.12097358 -0.56148046 -0.05042775 0.69803922 0.69803922 0.69803922
v -0.09635048 -0.53115213 -0.05887497 0.69803922 0.69803922 0.69803922
v -0.07081090 -0.52995199 -0.05604468 0.69803922 0.69803922 0.69803922
v -0.07538952 -0.55750126 -0.05440433 0.69803922 0.69803922 0.69803922
v -0.09862021 -0.55862933 -0.05610707 0.69803922 0.69803922 0.69803922
v -0.03664906 -0.56165022 -0.03190253 0.69803922 0.69803922 0.69803922
v -0.05355260 -0.55941069 -0.04717765 0.69803922 0.69803922 0.69803922
v -0.04779823 -0.53193295 -0.04586396 0.69803922 0.69803922 0.69803922
v -0.03073371 -0.53372580 -0.02755063 0.69803922 0.69803922 0.69803922
v -0.05488763 -0.67205381 -0.04681148 0.69803922 0.69803922 0.69803922
v -0.07247739 -0.66980457 -0.05126623 0.69803922 0.69803922 0.69803922
v -0.06747968 -0.63907611 -0.05082403 0.69803922 0.69803922 0.69803922
v -0.04872019 -0.64133203 -0.04507938 0.69803922 0.69803922 0.69803922
v -0.08964893 -0.66815358 -0.05654021 0.69803922 0.69803922 0.69803922
v -0.10797435 -0.66795170 -0.05660790 0.69803922 0.69803922 0.69803922
v -0.10351811 -0.63943380 -0.05416353 0.69803922 0.69803922 0.69803922
v -0.08623547 -0.63934118 -0.05431369 0.69803922 0.69803922 0.69803922
v -0.13489665 -0.64691675 -0.03272200 0.69803922 0.69803922 0.69803922
v -0.12091060 -0.64187837 -0.04752256 0.69803922 0.69803922 0.69803922
v -0.12453919 -0.67053473 -0.04962363 0.69803922 0.69803922 0.69803922
v -0.13797629 -0.67520511 -0.03420448 0.69803922 0.69803922 0.69803922
v -0.15036181 -0.68084323 -0.01444434 0.69803922 0.69803922 0.69803922
v -0.14991105 -0.65363580 -0.01407118 0.69803922 0.69803922 0.69803922
v -0.14887919 -0.68798983 0.00973640 0.69803922 0.69803922 0.69803922
v -0.15225123 -0.66191202 0.01072170 0.69803922 0.69803922 0.69803922
v -0.13856776 -0.66858000 0.03800410 0.69803922 0.69803922 0.69803922
v -0.13740812 -0.69376767 0.03679226 0.69803922 0.69803922 0.69803922
v -0.02526718 -0.65745866 0.00387450 0.69803922 0.69803922 0.69803922
v -0.03013691 -0.68672013 -0.00108285 0.69803922 0.69803922 0.69803922
v -0.03022892 -0.68056804 -0.02142489 0.69803922 0.69803922 0.69803922
v -0.02440498 -0.65103298 -0.01525071 0.69803922 0.69803922 0.69803922
v -0.05311503 -0.66759896 0.04619505 0.69803922 0.69803922 0.69803922
v -0.07000164 -0.67092735 0.06923927 0.69803922 0.69803922 0.69803922
v -0.07051416 -0.69585806 0.05853069 0.69803922 0.69803922 0.69803922
v -0.05542312 -0.69465101 0.03638333 0.69803922 0.69803922 0.69803922
v -0.15458384 -0.60891634 0.01267288 0.69803922 0.69803922 0.69803922
v -0.14791025 -0.61767894 0.04231520 0.69803922 0.69803922 0.69803922
v -0.13731611 -0.59290004 -0.03308950 0.69803922 0.69803922 0.69803922
v -0.15103076 -0.59997487 -0.01349517 0.69803922 0.69803922 0.69803922
v -0.04063781 -0.58746880 -0.03632153 0.69803922 0.69803922 0.69803922
v -0.05850761 -0.58506370 -0.04789259 0.69803922 0.69803922 0.69803922
v -0.02382479 -0.60276443 0.02490661 0.69803922 0.69803922 0.69803922
v -0.02215699 -0.59652245 0.00197279 0.69803922 0.69803922 0.69803922
v -0.09968626 -0.64974397 0.08238614 0.69803922 0.69803922 0.69803922
v -0.10301137 -0.62332129 0.08447009 0.69803922 0.69803922 0.69803922
v -0.12941253 -0.62238455 0.06892955 0.69803922 0.69803922 0.69803922
v -0.12561132 -0.64871937 0.06766623 0.69803922 0.69803922 0.69803922
v -0.15367183 -0.63551414 0.01216721 0.69803922 0.69803922 0.69803922
v -0.14945966 -0.62675095 -0.01398908 0.69803922 0.69803922 0.69803922
v -0.13518545 -0.61958855 -0.03202615 0.69803922 0.69803922 0.69803922
v -0.12050743 -0.61456966 -0.04635436 0.69803922 0.69803922 0.69803922
v -0.10219016 -0.61238134 -0.05256510 0.69803922 0.69803922 0.69803922
v -0.08312295 -0.61146396 -0.05190550 0.69803922 0.69803922 0.69803922
v -0.06323937 -0.61106879 -0.04836342 0.69803922 0.69803922 0.69803922
v -0.04470580 -0.61429334 -0.04076140 0.69803922 0.69803922 0.69803922
v -0.02284177 -0.62313503 -0.00645777 0.69803922 0.69803922 0.69803922
v -0.02428140 -0.63044089 0.01432537 0.69803922 0.69803922 0.69803922
v -0.09596056 -0.69683260 0.06755313 0.69803922 0.69803922 0.69803922
v -0.09693422 -0.67402232 0.07801675 0.69803922 0.69803922 0.69803922
v -0.12386895 -0.67319697 0.06334648 0.69803922 0.69803922 0.69803922
v -0.12218523 -0.69626296 0.05889906 0.69803922 0.69803922 0.69803922
v -0.09582645 -0.71792704 0.05602964 0.69803922 0.69803922 0.69803922
v -0.07451289 -0.71712959 0.04701956 0.69803922 0.69803922 0.69803922
v -0.09445143 -0.69705474 -0.05915010 0.69803922 0.69803922 0.69803922
v -0.11228596 -0.69705236 -0.05801362 0.69803922 0.69803922 0.69803922
v -0.12886643 -0.69846612 -0.05061081 0.69803922 0.69803922 0.69803922
v -0.15161696 -0.70667970 -0.01546650 0.69803922 0.69803922 0.69803922
v -0.14744331 -0.71371567 0.01073447 0.69803922 0.69803922 0.69803922
v -0.13434429 -0.71874595 0.03542793 0.69803922 0.69803922 0.69803922
v -0.11821308 -0.71774495 0.05198198 0.69803922 0.69803922 0.69803922
v -0.04335732 -0.73590040 -0.02591207 0.69803922 0.69803922 0.69803922
v -0.03856809 -0.70829469 -0.02238649 0.69803922 0.69803922 0.69803922
v -0.03810807 -0.71288782 -0.00426916 0.69803922 0.69803922 0.69803922
v -0.04435110 -0.73904258 -0.00797547 0.69803922 0.69803922 0.69803922
v -0.06313803 -0.72996449 -0.05381785 0.69803922 0.69803922 0.69803922
v -0.07918767 -0.72681516 -0.06392189 0.69803922 0.69803922 0.69803922
v -0.07738835 -0.69938093 -0.05288693 0.69803922 0.69803922 0.69803922
v -0.06180950 -0.70160031 -0.04472690 0.69803922 0.69803922 0.69803922
v -0.09857201 -0.72511387 -0.06847146 0.69803922 0.69803922 0.69803922
v -0.11755685 -0.72507077 -0.06544165 0.69803922 0.69803922 0.69803922
v -0.13515647 -0.72559816 -0.05733291 0.69803922 0.69803922 0.69803922
v -0.15430172 -0.73373353 -0.01729211 0.69803922 0.69803922 0.69803922
v -0.14352049 -0.70160359 -0.03693207 0.69803922 0.69803922 0.69803922
v -0.14960428 -0.72827905 -0.04102014 0.69803922 0.69803922 0.69803922
v -0.14822936 -0.74024653 0.01280592 0.69803922 0.69803922 0.69803922
v -0.12757640 -0.77528477 0.03226354 0.69803922 0.69803922 0.69803922
v -0.12577333 -0.74609113 0.03520948 0.69803922 0.69803922 0.69803922
v -0.15069684 -0.76936984 0.01245379 0.69803922 0.69803922 0.69803922
v -0.10269713 -0.87326729 0.01881446 0.69803922 0.69803922 0.69803922
v -0.12806591 -0.87146586 0.01858664 0.69803922 0.69803922 0.69803922
v -0.12476861 -0.90645248 0.01218139 0.69803922 0.69803922 0.69803922
v -0.10226302 -0.90859544 0.01279351 0.69803922 0.69803922 0.69803922
v -0.04604404 -0.76734549 -0.01240973 0.69803922 0.69803922 0.69803922
v -0.04347114 -0.76535916 -0.03319938 0.69803922 0.69803922 0.69803922
v -0.06186877 -0.75978011 -0.06470256 0.69803922 0.69803922 0.69803922
v -0.08069152 -0.75667858 -0.07476456 0.69803922 0.69803922 0.69803922
v -0.16218944 -0.79342091 -0.02310737 0.69803922 0.69803922 0.69803922
v -0.15903486 -0.76271462 -0.01852256 0.69803922 0.69803922 0.69803922
v -0.15532571 -0.75740683 -0.04443871 0.69803922 0.69803922 0.69803922
v -0.15779443 -0.78864372 -0.04894278 0.69803922 0.69803922 0.69803922
v -0.04600712 -0.86464334 -0.02591799 0.69803922 0.69803922 0.69803922
v -0.04449558 -0.86317354 -0.04584016 0.69803922 0.69803922 0.69803922
v -0.04098140 -0.82931983 -0.04379615 0.69803922 0.69803922 0.69803922
v -0.04278989 -0.83129704 -0.02200829 0.69803922 0.69803922 0.69803922
v -0.07917280 -0.78867173 -0.08204391 0.69803922 0.69803922 0.69803922
v -0.06032542 -0.79193145 -0.07143091 0.69803922 0.69803922 0.69803922
v -0.06106265 -0.82507187 -0.07539694 0.69803922 0.69803922 0.69803922
v -0.07941356 -0.82245374 -0.08576034 0.69803922 0.69803922 0.69803922
v -0.15766582 -0.86262596 -0.02793806 0.69803922 0.69803922 0.69803922
v -0.16197534 -0.82674712 -0.02613811 0.69803922 0.69803922 0.69803922
v -0.15824194 -0.82285422 -0.05177741 0.69803922 0.69803922 0.69803922
v -0.15486749 -0.85958982 -0.05276857 0.69803922 0.69803922 0.69803922
v -0.12979773 -0.80502814 0.02906078 0.69803922 0.69803922 0.69803922
v -0.15334348 -0.79981869 0.00797653 0.69803922 0.69803922 0.69803922
v -0.15298556 -0.83185697 0.00304210 0.69803922 0.69803922 0.69803922
v -0.13073152 -0.83754551 0.02385779 0.69803922 0.69803922 0.69803922
v -0.10142762 -0.80660540 0.02896137 0.69803922 0.69803922 0.69803922
v -0.10292881 -0.83886439 0.02456788 0.69803922 0.69803922 0.69803922
v -0.05830097 -0.93696135 -0.04496393 0.69803922 0.69803922 0.69803922
v -0.05183428 -0.89884073 -0.04521551 0.69803922 0.69803922 0.69803922
v -0.05248974 -0.90126932 -0.02757493 0.69803922 0.69803922 0.69803922
v -0.05981478 -0.94050157 -0.02932183 0.69803922 0.69803922 0.69803922
v -0.08210701 -0.85787445 -0.08492478 0.69803922 0.69803922 0.69803922
v -0.06355418 -0.85978115 -0.07580795 0.69803922 0.69803922 0.69803922
v -0.06957461 -0.89623475 -0.07121333 0.69803922 0.69803922 0.69803922
v -0.08538625 -0.89528716 -0.07971302 0.69803922 0.69803922 0.69803922
v -0.14584205 -0.94001651 -0.03128073 0.69803922 0.69803922 0.69803922
v -0.15221508 -0.90051395 -0.02978455 0.69803922 0.69803922 0.69803922
v -0.14879867 -0.89841485 -0.05225500 0.69803922 0.69803922 0.69803922
v -0.14197236 -0.93783844 -0.05166065 0.69803922 0.69803922 0.69803922
v -0.12225422 -0.94541156 0.00527072 0.69803922 0.69803922 0.69803922
v -0.14536068 -0.90354645 -0.00418725 0.69803922 0.69803922 0.69803922
v -0.14076780 -0.94301587 -0.00940888 0.69803922 0.69803922 0.69803922
v -0.11771617 -0.98263395 0.00121581 0.69803922 0.69803922 0.69803922
v -0.10085157 -0.98439431 0.00255561 0.69803922 0.69803922 0.69803922
v -0.10204228 -0.94709522 0.00615038 0.69803922 0.69803922 0.69803922
v -0.06668242 -0.97735518 -0.03072332 0.69803922 0.69803922 0.69803922
v -0.06379404 -0.97449112 -0.04485703 0.69803922 0.69803922 0.69803922
v -0.07364513 -0.97121179 -0.06604847 0.69803922 0.69803922 0.69803922
v -0.08614499 -0.96916121 -0.07382985 0.69803922 0.69803922 0.69803922
v -0.08667882 -0.93264103 -0.07599836 0.69803922 0.69803922 0.69803922
v -0.07283682 -0.93421507 -0.06826604 0.69803922 0.69803922 0.69803922
v -0.12035366 -0.93563235 -0.07535475 0.69803922 0.69803922 0.69803922
v -0.10362557 -0.93332916 -0.07868895 0.69803922 0.69803922 0.69803922
v -0.10187528 -0.96980321 -0.07603538 0.69803922 0.69803922 0.69803922
v -0.11689547 -0.97217029 -0.07208154 0.69803922 0.69803922 0.69803922
v -0.13470277 -0.97405225 -0.05040666 0.69803922 0.69803922 0.69803922
v -0.13323998 -0.93641055 -0.06648092 0.69803922 0.69803922 0.69803922
v -0.12715313 -0.97250468 -0.06340557 0.69803922 0.69803922 0.69803922
v -0.13928507 -0.97547817 -0.03181077 0.69803922 0.69803922 0.69803922
v -0.13422872 -0.97916138 -0.01096272 0.69803922 0.69803922 0.69803922
v -0.00049677 -0.37190706 -0.01171005 0.69803922 0.69803922 0.69803922
v 0.00235639 -0.38500512 0.02088589 0.69803922 0.69803922 0.69803922
v 0.00088569 -0.39325857 0.00718833 0.69803922 0.69803922 0.69803922
v -0.00529365 -0.37787336 -0.02618059 0.69803922 0.69803922 0.69803922
v -0.03470663 -0.52442193 0.07581586 0.69803922 0.69803922 0.69803922
v -0.03407947 -0.49406293 0.08526825 0.69803922 0.69803922 0.69803922
v -0.03381936 -0.58253998 0.05832598 0.69803922 0.69803922 0.69803922
v -0.03497874 -0.55479163 0.06805831 0.69803922 0.69803922 0.69803922
v -0.03414956 -0.61013418 0.04819726 0.69803922 0.69803922 0.69803922
v -0.03561473 -0.63724363 0.03666219 0.69803922 0.69803922 0.69803922
v -0.03603513 -0.66520911 0.02564937 0.69803922 0.69803922 0.69803922
v -0.03903440 -0.69244564 0.01767120 0.69803922 0.69803922 0.69803922
v -0.04639546 -0.71760994 0.01387320 0.69803922 0.69803922 0.69803922
v -0.05279636 -0.74321073 0.01116756 0.69803922 0.69803922 0.69803922
v -0.05593763 -0.80045658 0.00415252 0.69803922 0.69803922 0.69803922
v -0.04384647 -0.79848462 -0.01761558 0.69803922 0.69803922 0.69803922
v -0.05636412 -0.77040243 0.00754978 0.69803922 0.69803922 0.69803922
v -0.05747937 -0.86760128 -0.00385692 0.69803922 0.69803922 0.69803922
v -0.05552936 -0.83277351 0.00024219 0.69803922 0.69803922 0.69803922
v -0.06232246 -0.90548176 -0.00844625 0.69803922 0.69803922 0.69803922
v -0.06833197 -0.94398886 -0.01295743 0.69803922 0.69803922 0.69803922
v -0.07415986 -0.97989893 -0.01564858 0.69803922 0.69803922 0.69803922
v -0.07095109 -0.38760465 0.12625358 0.69803922 0.69803922 0.69803922
v -0.04131199 -0.39337140 0.11586101 0.69803922 0.69803922 0.69803922
v -0.04517881 -0.37454477 0.11924702 0.69803922 0.69803922 0.69803922
v -0.07396129 -0.36350089 0.12670511 0.69803922 0.69803922 0.69803922
v -0.00210461 -0.36597672 0.04762367 0.69803922 0.69803922 0.69803922
v -0.00463104 -0.36571249 0.06305270 0.69803922 0.69803922 0.69803922
v -0.00326141 -0.37267965 0.06127219 0.69803922 0.69803922 0.69803922
v -0.00011422 -0.37116468 0.04477903 0.69803922 0.69803922 0.69803922
v -0.14323485 -0.64336807 0.04058861 0.69803922 0.69803922 0.69803922
v -0.12055673 -0.58772385 -0.04708625 0.69803922 0.69803922 0.69803922
v -0.10039162 -0.58513653 -0.05308199 0.69803922 0.69803922 0.69803922
v -0.07943057 -0.58414769 -0.05203753 0.69803922 0.69803922 0.69803922
v -0.04977195 -0.64313012 0.06017524 0.69803922 0.69803922 0.69803922
v -0.05097741 -0.61680567 0.06925708 0.69803922 0.69803922 0.69803922
v -0.07326338 -0.62127596 0.08379474 0.69803922 0.69803922 0.69803922
v -0.07118922 -0.64741528 0.07753398 0.69803922 0.69803922 0.69803922
v -0.09909604 -0.77930200 0.03290236 0.69803922 0.69803922 0.69803922
v -0.07651516 -0.80399722 0.01870216 0.69803922 0.69803922 0.69803922
v -0.07481468 -0.77528077 0.02326516 0.69803922 0.69803922 0.69803922
v -0.09808387 -0.75520205 0.03821765 0.69803922 0.69803922 0.69803922
v -0.12291896 -0.75360686 -0.07405856 0.69803922 0.69803922 0.69803922
v -0.14159331 -0.75419670 -0.06357934 0.69803922 0.69803922 0.69803922
v -0.10230999 -0.78586709 -0.08526435 0.69803922 0.69803922 0.69803922
v -0.12514761 -0.78470671 -0.08148468 0.69803922 0.69803922 0.69803922
v -0.10183246 -0.75446707 -0.07690281 0.69803922 0.69803922 0.69803922
v -0.05520102 -0.56305671 0.08783776 0.69803922 0.69803922 0.69803922
v -0.08247632 -0.56730312 0.09812020 0.69803922 0.69803922 0.69803922
v -0.07795116 -0.59450221 0.08956045 0.69803922 0.69803922 0.69803922
v -0.05249457 -0.58982134 0.07824685 0.69803922 0.69803922 0.69803922
v -0.12813263 -0.05575335 -0.04169026 0.69803922 0.69803922 0.69803922
v -0.11268313 -0.05297589 -0.05817121 0.69803922 0.69803922 0.69803922
v -0.13675098 0.05633378 0.09363591 0.69803922 0.69803922 0.69803922
v -0.13816445 0.04453457 0.07692433 0.69803922 0.69803922 0.69803922
v -0.12609287 0.03720850 0.08884510 0.69803922 0.69803922 0.69803922
v -0.12682945 0.04917802 0.10204685 0.69803922 0.69803922 0.69803922
v -0.14700387 0.05519981 0.06828556 0.69803922 0.69803922 0.69803922
v -0.14418451 0.06659278 0.08579080 0.69803922 0.69803922 0.69803922
v -0.14945616 0.07950838 0.07736412 0.69803922 0.69803922 0.69803922
v -0.15298863 0.06805594 0.06064518 0.69803922 0.69803922 0.69803922
v -0.17198530 0.13036676 0.02717941 0.69803922 0.69803922 0.69803922
v -0.18103799 0.13924398 0.02153642 0.69803922 0.69803922 0.69803922
v -0.04693932 0.00502595 0.13847521 0.69803922 0.69803922 0.69803922
v -0.02306960 0.00482343 0.14191033 0.69803922 0.69803922 0.69803922
v -0.02242921 0.02492148 0.13518123 0.69803922 0.69803922 0.69803922
v -0.06910588 -0.17277263 0.14692555 0.69803922 0.69803922 0.69803922
v -0.07620743 -0.26134208 0.12782359 0.69803922 0.69803922 0.69803922
v -0.04416540 -0.29354820 0.13373183 0.69803922 0.69803922 0.69803922
v -0.05293376 -0.26462752 0.13713697 0.69803922 0.69803922 0.69803922
v -0.00668976 -0.34881705 0.10896143 0.69803922 0.69803922 0.69803922
v -0.05840725 0.00327967 -0.09763199 0.69803922 0.69803922 0.69803922
v -0.06045219 0.02753613 -0.10210470 0.69803922 0.69803922 0.69803922
v -0.03566249 0.20185468 -0.10680698 0.69803922 0.69803922 0.69803922
v -0.01774826 0.19688322 -0.10341975 0.69803922 0.69803922 0.69803922
v -0.03351202 0.22859901 -0.09918104 0.69803922 0.69803922 0.69803922
v -0.03267153 0.24046499 -0.09516060 0.69803922 0.69803922 0.69803922
v -0.01643070 0.23506650 -0.09405477 0.69803922 0.69803922 0.69803922
v -0.01687740 0.22306767 -0.09733407 0.69803922 0.69803922 0.69803922
v -0.01817851 0.29101634 -0.07235151 0.69803922 0.69803922 0.69803922
v -0.01910888 0.28076407 -0.07868452 0.69803922 0.69803922 0.69803922
v 0.00092888 -0.36659390 0.02829146 0.69803922 0.69803922 0.69803922
v 0.00089519 -0.37519300 0.04127588 0.69803922 0.69803922 0.69803922
v 0.00131338 -0.36759442 0.01838608 0.69803922 0.69803922 0.69803922
v -0.01560273 -0.41457221 0.09143456 0.69803922 0.69803922 0.69803922
v -0.00263517 -0.41208693 0.06755355 0.69803922 0.69803922 0.69803922
v -0.00460516 -0.39814445 0.07552242 0.69803922 0.69803922 0.69803922
v -0.01846884 -0.39723814 0.09824134 0.69803922 0.69803922 0.69803922
v -0.18548977 -0.36091813 0.05495172 0.69803922 0.69803922 0.69803922
v -0.19407010 -0.35310134 0.01428305 0.69803922 0.69803922 0.69803922
v -0.08942630 -0.38862860 -0.08241390 0.69803922 0.69803922 0.69803922
v -0.35222018 0.17263724 -0.05303678 0.69803922 0.69803922 0.69803922
v -0.35384256 0.18191490 -0.06319141 0.69803922 0.69803922 0.69803922
v -0.32965803 0.17672987 -0.06386502 0.69803922 0.69803922 0.69803922
v -0.32781246 0.16770163 -0.05271018 0.69803922 0.69803922 0.69803922
v -0.06536357 0.10343006 -0.11656612 0.69803922 0.69803922 0.69803922
v -0.07315478 0.07729724 -0.11077280 0.69803922 0.69803922 0.69803922
v -0.08113774 0.27708748 0.00242523 0.69803922 0.69803922 0.69803922
v -0.13743500 0.27856195 -0.00623528 0.69803922 0.69803922 0.69803922
v -0.13856299 0.26654887 0.01738557 0.69803922 0.69803922 0.69803922
v -0.12794891 0.26701421 0.01460841 0.69803922 0.69803922 0.69803922
v -0.12683040 0.27899000 -0.00946185 0.69803922 0.69803922 0.69803922
v -0.13994816 0.23899773 -0.08323362 0.69803922 0.69803922 0.69803922
v -0.13860983 0.25391859 -0.07146854 0.69803922 0.69803922 0.69803922
v -0.12677792 0.25350958 -0.07765752 0.69803922 0.69803922 0.69803922
v -0.12688582 0.23694855 -0.08960706 0.69803922 0.69803922 0.69803922
v -0.03161034 -0.25147435 -0.11929062 0.69803922 0.69803922 0.69803922
v -0.06183416 -0.25282833 -0.12001953 0.69803922 0.69803922 0.69803922
v -0.03981418 -0.06303366 -0.08056375 0.69803922 0.69803922 0.69803922
v -0.06107101 -0.06527066 -0.08097465 0.69803922 0.69803922 0.69803922
v -0.05787644 -0.04369345 -0.08574585 0.69803922 0.69803922 0.69803922
v -0.03743649 -0.04025943 -0.08569556 0.69803922 0.69803922 0.69803922
v -0.09780276 0.09120733 -0.10981598 0.69803922 0.69803922 0.69803922
v -0.11302494 0.07599995 -0.09934439 0.69803922 0.69803922 0.69803922
v -0.03145048 0.09959318 0.13886246 0.69803922 0.69803922 0.69803922
v -0.03113473 0.11930667 0.13232040 0.69803922 0.69803922 0.69803922
v -0.04846748 0.12339421 0.13276917 0.69803922 0.69803922 0.69803922
v -0.04833102 0.10540219 0.14049263 0.69803922 0.69803922 0.69803922
v -0.29632357 0.19906242 -0.07609877 0.69803922 0.69803922 0.69803922
v -0.27457976 0.18605347 -0.07430172 0.69803922 0.69803922 0.69803922
v -0.28041455 0.17637679 -0.06933597 0.69803922 0.69803922 0.69803922
v -0.30438003 0.18384720 -0.07166887 0.69803922 0.69803922 0.69803922
v -0.18384394 -0.34567520 -0.03217302 0.69803922 0.69803922 0.69803922
v -0.15834513 -0.36709243 -0.06696051 0.69803922 0.69803922 0.69803922
v -0.14401421 -0.02341894 -0.02940610 0.69803922 0.69803922 0.69803922
v -0.13174157 -0.01971061 -0.05285031 0.69803922 0.69803922 0.69803922
v -0.12803070 -0.03803754 -0.04709959 0.69803922 0.69803922 0.69803922
v -0.14074071 -0.04169546 -0.02534919 0.69803922 0.69803922 0.69803922
v -0.15273447 0.02651903 -0.02956766 0.69803922 0.69803922 0.69803922
v -0.14953029 0.01125815 -0.03082818 0.69803922 0.69803922 0.69803922
v -0.15837714 0.04094072 -0.02934833 0.69803922 0.69803922 0.69803922
v -0.20133300 0.13535692 -0.04856585 0.69803922 0.69803922 0.69803922
v -0.20327654 0.13176331 -0.03985887 0.69803922 0.69803922 0.69803922
v -0.21497498 0.14342821 -0.04274310 0.69803922 0.69803922 0.69803922
v -0.03772439 -0.41489676 0.11059900 0.69803922 0.69803922 0.69803922
v -0.04764716 -0.33830479 0.12030669 0.69803922 0.69803922 0.69803922
v -0.04164802 -0.32364789 0.12274472 0.69803922 0.69803922 0.69803922
v -0.00052382 -0.36172971 0.03239702 0.69803922 0.69803922 0.69803922
v -0.06164384 0.29493955 0.00403805 0.69803922 0.69803922 0.69803922
v -0.05571687 0.29076990 0.01993552 0.69803922 0.69803922 0.69803922
v -0.24468195 0.15765962 -0.02721159 0.69803922 0.69803922 0.69803922
v -0.26181313 0.15900156 -0.03197245 0.69803922 0.69803922 0.69803922
v -0.18430407 0.11198181 -0.02267891 0.69803922 0.69803922 0.69803922
v -0.18109456 0.11546933 -0.00665678 0.69803922 0.69803922 0.69803922
v -0.19056065 0.12363582 -0.00971165 0.69803922 0.69803922 0.69803922
v -0.19373889 0.12001144 -0.02486908 0.69803922 0.69803922 0.69803922
v -0.19431312 0.11931328 -0.03806424 0.69803922 0.69803922 0.69803922
v -0.18493722 0.11160956 -0.03719297 0.69803922 0.69803922 0.69803922
v -0.14129242 0.18414752 0.06739994 0.69803922 0.69803922 0.69803922
v -0.12961070 0.18784770 0.07150505 0.69803922 0.69803922 0.69803922
v -0.13039476 0.20561863 0.06080122 0.69803922 0.69803922 0.69803922
v -0.14192583 0.20234403 0.05805229 0.69803922 0.69803922 0.69803922
v -0.11699460 0.18886386 0.07529060 0.69803922 0.69803922 0.69803922
v -0.10284382 0.18847519 0.07866339 0.69803922 0.69803922 0.69803922
v -0.10428200 0.20664835 0.06559145 0.69803922 0.69803922 0.69803922
v -0.11812548 0.20729019 0.06309605 0.69803922 0.69803922 0.69803922
v -0.07713900 0.25906155 0.02611510 0.69803922 0.69803922 0.69803922
v -0.06027115 0.25115433 0.04168994 0.69803922 0.69803922 0.69803922
v -0.04150507 0.24503951 0.05182396 0.69803922 0.69803922 0.69803922
v -0.02494837 0.24120274 0.05869410 0.69803922 0.69803922 0.69803922
v -0.01876435 0.26978093 -0.08404981 0.69803922 0.69803922 0.69803922
v -0.01735323 0.25802296 -0.08795168 0.69803922 0.69803922 0.69803922
v -0.03426293 0.26217145 -0.08843553 0.69803922 0.69803922 0.69803922
v -0.03886406 0.27475926 -0.08249242 0.69803922 0.69803922 0.69803922
v -0.04790269 0.27723923 0.03094286 0.69803922 0.69803922 0.69803922
v -0.03319883 0.27329671 0.04265321 0.69803922 0.69803922 0.69803922
v -0.02104884 0.26024845 0.05027459 0.69803922 0.69803922 0.69803922
v -0.34141144 0.24978094 -0.00439597 0.69803922 0.69803922 0.69803922
v -0.31629151 0.24993590 -0.00424330 0.69803922 0.69803922 0.69803922
v -0.06180570 0.30619514 -0.02982495 0.69803922 0.69803922 0.69803922
v -0.06389484 0.30093300 -0.01256766 0.69803922 0.69803922 0.69803922
v -0.31757852 0.25570637 -0.02194740 0.69803922 0.69803922 0.69803922
v -0.34294653 0.25556031 -0.02160417 0.69803922 0.69803922 0.69803922
v -0.11927024 0.24634978 0.03276838 0.69803922 0.69803922 0.69803922
v -0.11803689 0.26562911 0.01294776 0.69803922 0.69803922 0.69803922
v -0.12956434 0.24760348 0.03282867 0.69803922 0.69803922 0.69803922
v -0.04499939 0.28678274 0.03386610 0.69803922 0.69803922 0.69803922
v -0.03157089 0.28326970 0.04530161 0.69803922 0.69803922 0.69803922
v -0.19394539 -0.31932428 0.02174143 0.69803922 0.69803922 0.69803922
v -0.18387486 -0.32717365 0.05680091 0.69803922 0.69803922 0.69803922
v -0.14794080 -0.06936896 0.05408996 0.69803922 0.69803922 0.69803922
v -0.15319628 -0.06524168 0.02883261 0.69803922 0.69803922 0.69803922
v -0.02313446 -0.03885294 0.15239333 0.69803922 0.69803922 0.69803922
v -0.02288652 -0.06144390 0.15556268 0.69803922 0.69803922 0.69803922
v -0.00561285 0.29012460 0.05753862 0.69803922 0.69803922 0.69803922
v -0.04808878 -0.10763413 0.15384123 0.69803922 0.69803922 0.69803922
v -0.02633630 -0.11160333 0.15784952 0.69803922 0.69803922 0.69803922
v -0.02386764 -0.08514383 0.15696399 0.69803922 0.69803922 0.69803922
v -0.04583398 -0.08378302 0.15280160 0.69803922 0.69803922 0.69803922
v -0.02009737 -0.13665721 0.15966576 0.69803922 0.69803922 0.69803922
v -0.01923136 -0.14800493 0.16050388 0.69803922 0.69803922 0.69803922
v -0.02157717 -0.31149951 0.13745329 0.69803922 0.69803922 0.69803922
v -0.01068279 -0.31120265 0.14100114 0.69803922 0.69803922 0.69803922
v -0.25291625 0.22432882 0.02627074 0.69803922 0.69803922 0.69803922
v -0.23628142 0.22500557 0.03008042 0.69803922 0.69803922 0.69803922
v -0.23294194 0.24408036 0.02312407 0.69803922 0.69803922 0.69803922
v -0.25071543 0.24250747 0.01839621 0.69803922 0.69803922 0.69803922
v -0.06759364 -0.10500616 0.14512381 0.69803922 0.69803922 0.69803922
v -0.08674163 -0.10304745 0.13091810 0.69803922 0.69803922 0.69803922
v -0.16308919 0.12887707 0.04825817 0.69803922 0.69803922 0.69803922
v -0.16525371 0.12047316 0.03174136 0.69803922 0.69803922 0.69803922
v -0.02108183 0.04588318 0.13416675 0.69803922 0.69803922 0.69803922
v -0.06467830 0.11028334 0.13975774 0.69803922 0.69803922 0.69803922
v -0.06483625 0.12608090 0.13164254 0.69803922 0.69803922 0.69803922
v -0.08077239 0.12752034 0.12872232 0.69803922 0.69803922 0.69803922
v -0.08012816 0.11286588 0.13707793 0.69803922 0.69803922 0.69803922
v -0.00027557 -0.36428037 0.02642838 0.69803922 0.69803922 0.69803922
v -0.23352933 0.23548989 -0.07045205 0.69803922 0.69803922 0.69803922
v -0.22116253 0.23228282 -0.07235754 0.69803922 0.69803922 0.69803922
v -0.22438419 0.22212826 -0.07562551 0.69803922 0.69803922 0.69803922
v -0.23694521 0.22698852 -0.07383683 0.69803922 0.69803922 0.69803922
v 0.00208027 -0.40610877 0.03899599 0.69803922 0.69803922 0.69803922
v 0.00064620 -0.42228228 0.02746912 0.69803922 0.69803922 0.69803922
v -0.01542038 -0.35914922 -0.05124768 0.69803922 0.69803922 0.69803922
v -0.00324642 -0.35683513 -0.03419640 0.69803922 0.69803922 0.69803922
v -0.06195610 -0.47266600 0.11174388 0.69803922 0.69803922 0.69803922
v -0.06519043 -0.44244316 0.11890268 0.69803922 0.69803922 0.69803922
v -0.05966980 -0.50439101 0.10423604 0.69803922 0.69803922 0.69803922
v -0.05751338 -0.53442997 0.09635569 0.69803922 0.69803922 0.69803922
v -0.06059393 -0.71922982 0.02963218 0.69803922 0.69803922 0.69803922
v -0.07152681 -0.74617237 0.02959892 0.69803922 0.69803922 0.69803922
v -0.07820522 -0.83637643 0.01402731 0.69803922 0.69803922 0.69803922
v -0.07949945 -0.87090516 0.00892861 0.69803922 0.69803922 0.69803922
v -0.08151730 -0.90799952 0.00373030 0.69803922 0.69803922 0.69803922
v -0.08374514 -0.94643438 -0.00208021 0.69803922 0.69803922 0.69803922
v -0.08562823 -0.98267412 -0.00409092 0.69803922 0.69803922 0.69803922
v -0.34505993 0.25453314 -0.03890590 0.69803922 0.69803922 0.69803922
v -0.31841984 0.25483045 -0.04115670 0.69803922 0.69803922 0.69803922
v -0.32246697 0.24656053 -0.05515528 0.69803922 0.69803922 0.69803922
v -0.34867981 0.24745344 -0.05322502 0.69803922 0.69803922 0.69803922
v -0.30056113 0.16355066 -0.02418002 0.69803922 0.69803922 0.69803922
v -0.29776561 0.17100619 -0.00955181 0.69803922 0.69803922 0.69803922
v -0.32061124 0.17164925 -0.01106559 0.69803922 0.69803922 0.69803922
v -0.32272211 0.16563375 -0.02578127 0.69803922 0.69803922 0.69803922
v -0.34646329 0.16784142 -0.02698225 0.69803922 0.69803922 0.69803922
v -0.34950119 0.16790663 -0.04077956 0.69803922 0.69803922 0.69803922
v -0.32509518 0.16390243 -0.03979873 0.69803922 0.69803922 0.69803922
v -0.35396469 0.19469434 -0.07019071 0.69803922 0.69803922 0.69803922
v -0.35307091 0.20914672 -0.07315493 0.69803922 0.69803922 0.69803922
v -0.32695287 0.20510340 -0.07445778 0.69803922 0.69803922 0.69803922
v -0.32996723 0.18981430 -0.07148807 0.69803922 0.69803922 0.69803922
v -0.35121047 0.23670457 -0.06382233 0.69803922 0.69803922 0.69803922
v -0.32610899 0.23505658 -0.06508306 0.69803922 0.69803922 0.69803922
v -0.32724589 0.22101864 -0.07195517 0.69803922 0.69803922 0.69803922
v -0.35274971 0.22338295 -0.07086361 0.69803922 0.69803922 0.69803922
v -0.34155473 0.19174999 0.01152531 0.69803922 0.69803922 0.69803922
v -0.34256703 0.18029495 0.00081714 0.69803922 0.69803922 0.69803922
v -0.31833220 0.18039267 0.00254777 0.69803922 0.69803922 0.69803922
v -0.31695703 0.19191284 0.01339406 0.69803922 0.69803922 0.69803922
v -0.23080133 0.26067540 0.00732617 0.69803922 0.69803922 0.69803922
v -0.24950564 0.25718269 0.00337473 0.69803922 0.69803922 0.69803922
v -0.19254640 0.16219069 0.03107577 0.69803922 0.69803922 0.69803922
v -0.19394065 0.17792745 0.04187508 0.69803922 0.69803922 0.69803922
v -0.20777160 0.18231609 0.03697490 0.69803922 0.69803922 0.69803922
v -0.20584370 0.16940701 0.02458125 0.69803922 0.69803922 0.69803922
v -0.29097345 0.23833847 0.01243198 0.69803922 0.69803922 0.69803922
v -0.26969802 0.24000485 0.01528710 0.69803922 0.69803922 0.69803922
v -0.26962140 0.25366452 0.00011470 0.69803922 0.69803922 0.69803922
v -0.29210985 0.25099102 -0.00280288 0.69803922 0.69803922 0.69803922
v -0.29297906 0.19183187 0.01616416 0.69803922 0.69803922 0.69803922
v -0.29493412 0.18075815 0.00471220 0.69803922 0.69803922 0.69803922
v -0.27224320 0.18029571 0.00748911 0.69803922 0.69803922 0.69803922
v -0.27089334 0.19067118 0.02015401 0.69803922 0.69803922 0.69803922
v -0.30523431 0.17133744 -0.06308261 0.69803922 0.69803922 0.69803922
v -0.28176785 0.16568007 -0.05986152 0.69803922 0.69803922 0.69803922
v -0.23841859 0.20501791 0.03220886 0.69803922 0.69803922 0.69803922
v -0.25448665 0.20506078 0.02857991 0.69803922 0.69803922 0.69803922
v -0.15811884 0.11827763 0.05308098 0.69803922 0.69803922 0.69803922
v -0.17088087 0.09782964 -0.00001890 0.69803922 0.69803922 0.69803922
v -0.17481425 0.10734687 -0.00340043 0.69803922 0.69803922 0.69803922
v -0.12794039 0.06375281 0.11205274 0.69803922 0.69803922 0.69803922
v -0.12952022 0.07876796 0.11586336 0.69803922 0.69803922 0.69803922
v -0.15843613 0.05952475 0.03923155 0.69803922 0.69803922 0.69803922
v -0.16149972 0.07542634 0.03169585 0.69803922 0.69803922 0.69803922
v -0.13554744 0.06959230 0.10474291 0.69803922 0.69803922 0.69803922
v -0.13448395 0.07970111 0.10956012 0.69803922 0.69803922 0.69803922
v -0.08731585 0.00229496 0.11897759 0.69803922 0.69803922 0.69803922
v -0.02205473 0.25069678 0.05250274 0.69803922 0.69803922 0.69803922
v -0.27069372 0.22284010 0.02304445 0.69803922 0.69803922 0.69803922
v -0.27065572 0.20524549 0.02513007 0.69803922 0.69803922 0.69803922
v -0.25677124 0.17743431 -0.07080844 0.69803922 0.69803922 0.69803922
v -0.24063188 0.17087097 -0.06666572 0.69803922 0.69803922 0.69803922
v -0.24208483 0.16276652 -0.05989348 0.69803922 0.69803922 0.69803922
v -0.25952980 0.16870591 -0.06469215 0.69803922 0.69803922 0.69803922
v -0.13234386 0.11515143 -0.09963799 0.69803922 0.69803922 0.69803922
v -0.11626244 0.10371529 -0.10581228 0.69803922 0.69803922 0.69803922
v -0.12837642 0.09004253 -0.09547210 0.69803922 0.69803922 0.69803922
v -0.14210075 0.10278047 -0.09017041 0.69803922 0.69803922 0.69803922
v -0.23349622 0.25087929 -0.05937338 0.69803922 0.69803922 0.69803922
v -0.23749031 0.25839600 -0.04978879 0.69803922 0.69803922 0.69803922
v -0.22108825 0.25988287 -0.04940005 0.69803922 0.69803922 0.69803922
v -0.21954745 0.25079289 -0.06004401 0.69803922 0.69803922 0.69803922
v -0.22389755 0.26718375 -0.03453110 0.69803922 0.69803922 0.69803922
v -0.24251014 0.26424164 -0.03562303 0.69803922 0.69803922 0.69803922
v -0.24707717 0.26470914 -0.01679780 0.69803922 0.69803922 0.69803922
v -0.22783878 0.26869696 -0.01432431 0.69803922 0.69803922 0.69803922
v -0.17985627 -0.27789286 -0.02761291 0.69803922 0.69803922 0.69803922
v -0.18994369 -0.28356367 -0.00180589 0.69803922 0.69803922 0.69803922
v -0.14169860 -0.15091953 0.08300404 0.69803922 0.69803922 0.69803922
v -0.12534933 -0.15759426 0.10119352 0.69803922 0.69803922 0.69803922
v -0.10399966 -0.25064972 0.11656038 0.69803922 0.69803922 0.69803922
v -0.02350448 -0.37052095 0.10493296 0.69803922 0.69803922 0.69803922
v -0.00730710 -0.37874758 0.08065062 0.69803922 0.69803922 0.69803922
v -0.00245744 -0.44604921 0.01666841 0.69803922 0.69803922 0.69803922
v -0.18999293 -0.28271812 0.02999626 0.69803922 0.69803922 0.69803922
v -0.00789338 -0.47560278 0.00768120 0.69803922 0.69803922 0.69803922
v -0.01536831 -0.50654775 0.00026214 0.69803922 0.69803922 0.69803922
v -0.06619880 -0.50192565 -0.05683279 0.69803922 0.69803922 0.69803922
v -0.09403765 -0.50329280 -0.06038474 0.69803922 0.69803922 0.69803922
v -0.09136719 -0.47339520 -0.06204192 0.69803922 0.69803922 0.69803922
v -0.06054101 -0.46997985 -0.05777011 0.69803922 0.69803922 0.69803922
v -0.12143510 -0.50607026 -0.05373399 0.69803922 0.69803922 0.69803922
v -0.12100561 -0.47709325 -0.05537791 0.69803922 0.69803922 0.69803922
v -0.10832609 -0.59621590 0.08783583 0.69803922 0.69803922 0.69803922
v -0.10204545 -0.82057935 -0.08919916 0.69803922 0.69803922 0.69803922
v -0.12419116 -0.85726082 -0.08345999 0.69803922 0.69803922 0.69803922
v -0.12530814 -0.81941372 -0.08529619 0.69803922 0.69803922 0.69803922
v -0.10311994 -0.85725343 -0.08762062 0.69803922 0.69803922 0.69803922
v -0.14469579 -0.82023090 -0.07193325 0.69803922 0.69803922 0.69803922
v -0.14445730 -0.78548163 -0.06925409 0.69803922 0.69803922 0.69803922
v -0.14957620 -0.86639762 0.00012686 0.69803922 0.69803922 0.69803922
v -0.10423770 -0.89510542 -0.08288645 0.69803922 0.69803922 0.69803922
v -0.12287343 -0.89617264 -0.07999206 0.69803922 0.69803922 0.69803922
v -0.14293914 -0.85760731 -0.07191498 0.69803922 0.69803922 0.69803922
v -0.13863972 -0.89677799 -0.06976946 0.69803922 0.69803922 0.69803922
v 0.00129684 -0.39469916 0.04970307 0.69803922 0.69803922 0.69803922
v -0.16625826 -0.36837381 0.09044705 0.69803922 0.69803922 0.69803922
v -0.16368069 -0.33692676 0.09237210 0.69803922 0.69803922 0.69803922
v -0.10524939 -0.32480359 0.12280349 0.69803922 0.69803922 0.69803922
v -0.07533315 -0.33974910 0.12637475 0.69803922 0.69803922 0.69803922
v -0.10394880 -0.08041940 0.11169964 0.69803922 0.69803922 0.69803922
v -0.12157662 -0.07804794 0.09501802 0.69803922 0.69803922 0.69803922
v -0.11930004 -0.03776386 0.09019520 0.69803922 0.69803922 0.69803922
v -0.13441513 -0.03478888 0.07191572 0.69803922 0.69803922 0.69803922
v -0.13533439 -0.05434403 0.07374574 0.69803922 0.69803922 0.69803922
v -0.12005734 -0.05821196 0.09216567 0.69803922 0.69803922 0.69803922
v -0.15096368 -0.02944839 0.02358280 0.69803922 0.69803922 0.69803922
v -0.15065233 -0.02689645 -0.00350969 0.69803922 0.69803922 0.69803922
v -0.14878818 -0.04499393 -0.00031739 0.69803922 0.69803922 0.69803922
v -0.15063395 -0.04787865 0.02598341 0.69803922 0.69803922 0.69803922
v -0.15142557 -0.06190823 0.00285959 0.69803922 0.69803922 0.69803922
v -0.14242868 -0.05907966 -0.02097996 0.69803922 0.69803922 0.69803922
v -0.07705612 -0.02463720 -0.08592852 0.69803922 0.69803922 0.69803922
v -0.09563132 -0.02892059 -0.07693569 0.69803922 0.69803922 0.69803922
v -0.09782882 -0.00839898 -0.08431703 0.69803922 0.69803922 0.69803922
v -0.07861651 -0.00216553 -0.09266055 0.69803922 0.69803922 0.69803922
v -0.03157403 -0.31475425 0.12885725 0.69803922 0.69803922 0.69803922
v -0.00131998 -0.37944281 0.06031519 0.69803922 0.69803922 0.69803922
v -0.06816628 -0.41388643 0.12404595 0.69803922 0.69803922 0.69803922
v -0.10427098 -0.38276082 0.12972431 0.69803922 0.69803922 0.69803922
v -0.13809748 -0.37812579 0.11855928 0.69803922 0.69803922 0.69803922
v -0.24213564 0.16278011 -0.01468380 0.69803922 0.69803922 0.69803922
v -0.16276206 0.14178850 -0.08153489 0.69803922 0.69803922 0.69803922
v -0.16678533 0.12958924 -0.07583654 0.69803922 0.69803922 0.69803922
v -0.26262629 0.26018471 -0.03829508 0.69803922 0.69803922 0.69803922
v -0.26779237 0.26068798 -0.01961886 0.69803922 0.69803922 0.69803922
v -0.25255138 0.18953408 0.02434528 0.69803922 0.69803922 0.69803922
v -0.21762607 0.24602123 0.02693771 0.69803922 0.69803922 0.69803922
v -0.22095567 0.22483462 0.03484541 0.69803922 0.69803922 0.69803922
v -0.20594241 0.22649325 0.03892389 0.69803922 0.69803922 0.69803922
v -0.13074288 -0.25980732 0.10405685 0.69803922 0.69803922 0.69803922
v -0.15862867 -0.27340487 0.08889219 0.69803922 0.69803922 0.69803922
v -0.13317217 -0.28500488 0.10766345 0.69803922 0.69803922 0.69803922
v -0.00047300 -0.35878837 -0.01628373 0.69803922 0.69803922 0.69803922
v -0.04805352 -0.35601321 0.12103768 0.69803922 0.69803922 0.69803922
v -0.02064230 -0.53646195 -0.00585953 0.69803922 0.69803922 0.69803922
v -0.02503291 -0.56461257 -0.01204480 0.69803922 0.69803922 0.69803922
v -0.02796485 -0.59122300 -0.01860565 0.69803922 0.69803922 0.69803922
v -0.03065389 -0.61779231 -0.02579878 0.69803922 0.69803922 0.69803922
v -0.03348710 -0.64548665 -0.03291163 0.69803922 0.69803922 0.69803922
v -0.03958149 -0.67422962 -0.03795793 0.69803922 0.69803922 0.69803922
v -0.04778513 -0.70409322 -0.03698079 0.69803922 0.69803922 0.69803922
v -0.05125386 -0.73285216 -0.04144024 0.69803922 0.69803922 0.69803922
v -0.04131022 -0.79671991 -0.03916515 0.69803922 0.69803922 0.69803922
v -0.04764253 -0.79429746 -0.05721294 0.69803922 0.69803922 0.69803922
v -0.04934291 -0.76240361 -0.05061975 0.69803922 0.69803922 0.69803922
v -0.04774852 -0.82755154 -0.06174444 0.69803922 0.69803922 0.69803922
v -0.05077805 -0.86152381 -0.06199918 0.69803922 0.69803922 0.69803922
v -0.05864891 -0.89734560 -0.05943326 0.69803922 0.69803922 0.69803922
v -0.06338853 -0.93460268 -0.05767186 0.69803922 0.69803922 0.69803922
v -0.06630705 -0.97181559 -0.05633643 0.69803922 0.69803922 0.69803922
v -0.00019725 -0.35815242 0.01122506 0.69803922 0.69803922 0.69803922
v -0.00036436 -0.35872173 -0.00120568 0.69803922 0.69803922 0.69803922
v -0.10756038 0.24530298 0.03292144 0.69803922 0.69803922 0.69803922
v -0.17584662 0.12232006 0.01015584 0.69803922 0.69803922 0.69803922
v -0.18501098 0.13006689 0.00552852 0.69803922 0.69803922 0.69803922
v -0.23703346 0.18829255 0.02834987 0.69803922 0.69803922 0.69803922
v -0.30227283 0.23245795 -0.06800229 0.69803922 0.69803922 0.69803922
v -0.29727119 0.24465910 -0.05916879 0.69803922 0.69803922 0.69803922
v -0.25187504 0.18004750 0.01049121 0.69803922 0.69803922 0.69803922
v -0.19219872 0.15070800 0.01710586 0.69803922 0.69803922 0.69803922
v -0.20479156 0.16057618 0.01193007 0.69803922 0.69803922 0.69803922
v -0.54651713 0.25372395 -0.02429207 0.69803922 0.69803922 0.69803922
v -0.54504013 0.25762418 -0.03807491 0.69803922 0.69803922 0.69803922
v -0.56575847 0.25408787 -0.03654574 0.69803922 0.69803922 0.69803922
v -0.56658250 0.24955967 -0.02396570 0.69803922 0.69803922 0.69803922
v -0.54682487 0.24406812 -0.01397821 0.69803922 0.69803922 0.69803922
v -0.56642407 0.23983972 -0.01493377 0.69803922 0.69803922 0.69803922
v -0.54368609 0.18196641 -0.02981811 0.69803922 0.69803922 0.69803922
v -0.54301345 0.19110005 -0.01818405 0.69803922 0.69803922 0.69803922
v -0.56333119 0.19129336 -0.02295470 0.69803922 0.69803922 0.69803922
v -0.56390190 0.18317190 -0.03479598 0.69803922 0.69803922 0.69803922
v -0.58487433 0.22417966 -0.01235771 0.69803922 0.69803922 0.69803922
v -0.58365256 0.21183063 -0.01338628 0.69803922 0.69803922 0.69803922
v -0.56411469 0.21419136 -0.01016192 0.69803922 0.69803922 0.69803922
v -0.56554317 0.22786422 -0.01020398 0.69803922 0.69803922 0.69803922
v -0.54334700 0.18271226 -0.06080220 0.69803922 0.69803922 0.69803922
v -0.54184836 0.19241785 -0.07167322 0.69803922 0.69803922 0.69803922
v -0.52211809 0.18857978 -0.06857201 0.69803922 0.69803922 0.69803922
v -0.52383614 0.17949472 -0.05644199 0.69803922 0.69803922 0.69803922
v -0.45918345 0.18711634 -0.00684516 0.69803922 0.69803922 0.69803922
v -0.46214223 0.17652318 -0.01767718 0.69803922 0.69803922 0.69803922
v -0.44473419 0.17807563 -0.01129643 0.69803922 0.69803922 0.69803922
v -0.44227427 0.18917818 -0.00153750 0.69803922 0.69803922 0.69803922
v -0.50507611 0.26216894 -0.02448073 0.69803922 0.69803922 0.69803922
v -0.50271553 0.26317891 -0.03974308 0.69803922 0.69803922 0.69803922
v -0.52398443 0.26070893 -0.03880634 0.69803922 0.69803922 0.69803922
v -0.52604908 0.25796172 -0.02410487 0.69803922 0.69803922 0.69803922
v -0.50278205 0.22352998 -0.00161835 0.69803922 0.69803922 0.69803922
v -0.50103635 0.20765390 -0.00363300 0.69803922 0.69803922 0.69803922
v -0.47880158 0.21128760 -0.00181050 0.69803922 0.69803922 0.69803922
v -0.48031205 0.22761035 -0.00073289 0.69803922 0.69803922 0.69803922
v -0.48362994 0.26560277 -0.02581670 0.69803922 0.69803922 0.69803922
v -0.48131254 0.26377004 -0.04099583 0.69803922 0.69803922 0.69803922
v -0.54438704 0.21739376 -0.00683251 0.69803922 0.69803922 0.69803922
v -0.54301137 0.20318508 -0.01060874 0.69803922 0.69803922 0.69803922
v -0.52243036 0.20516455 -0.00658292 0.69803922 0.69803922 0.69803922
v -0.52415645 0.22044636 -0.00376361 0.69803922 0.69803922 0.69803922
v -0.58280671 0.19014966 -0.06511520 0.69803922 0.69803922 0.69803922
v -0.58170271 0.19987652 -0.07366271 0.69803922 0.69803922 0.69803922
v -0.56176782 0.19632009 -0.07329760 0.69803922 0.69803922 0.69803922
v -0.56314903 0.18643469 -0.06362552 0.69803922 0.69803922 0.69803922
v -0.58299208 0.20109588 -0.01868748 0.69803922 0.69803922 0.69803922
v -0.58312035 0.19201086 -0.02714329 0.69803922 0.69803922 0.69803922
v -0.56319618 0.20189786 -0.01485508 0.69803922 0.69803922 0.69803922
v -0.58401978 0.24670149 -0.06011600 0.69803922 0.69803922 0.69803922
v -0.58529377 0.25107485 -0.04804004 0.69803922 0.69803922 0.69803922
v -0.56422311 0.25341970 -0.05039070 0.69803922 0.69803922 0.69803922
v -0.56269926 0.24754928 -0.06295269 0.69803922 0.69803922 0.69803922
v -0.50175279 0.18227224 -0.01869160 0.69803922 0.69803922 0.69803922
v -0.50078416 0.19329765 -0.00900123 0.69803922 0.69803922 0.69803922
v -0.52214736 0.19163740 -0.01330239 0.69803922 0.69803922 0.69803922
v -0.52293617 0.18165076 -0.02436262 0.69803922 0.69803922 0.69803922
v -0.50581980 0.25352013 -0.01129496 0.69803922 0.69803922 0.69803922
v -0.52658868 0.24872367 -0.01260765 0.69803922 0.69803922 0.69803922
v -0.54105395 0.24818730 -0.06519414 0.69803922 0.69803922 0.69803922
v -0.54309261 0.25553083 -0.05229989 0.69803922 0.69803922 0.69803922
v -0.52152079 0.25678501 -0.05351765 0.69803922 0.69803922 0.69803922
v -0.51973474 0.24723250 -0.06624642 0.69803922 0.69803922 0.69803922
v -0.49815217 0.23048705 -0.07514283 0.69803922 0.69803922 0.69803922
v -0.49843451 0.21350944 -0.07553529 0.69803922 0.69803922 0.69803922
v -0.51896316 0.21750970 -0.07714564 0.69803922 0.69803922 0.69803922
v -0.51884651 0.23356390 -0.07499215 0.69803922 0.69803922 0.69803922
v -0.48007119 0.18445311 -0.01297030 0.69803922 0.69803922 0.69803922
v -0.48236224 0.17546089 -0.02589178 0.69803922 0.69803922 0.69803922
v -0.50384325 0.17671739 -0.05070116 0.69803922 0.69803922 0.69803922
v -0.50238597 0.18492693 -0.06418609 0.69803922 0.69803922 0.69803922
v -0.48287302 0.18106769 -0.05861743 0.69803922 0.69803922 0.69803922
v -0.48385578 0.17383963 -0.04327248 0.69803922 0.69803922 0.69803922
v -0.44325775 0.24954279 -0.00376860 0.69803922 0.69803922 0.69803922
v -0.44340947 0.26212376 -0.01533042 0.69803922 0.69803922 0.69803922
v -0.46154666 0.26138550 -0.01300021 0.69803922 0.69803922 0.69803922
v -0.46025857 0.24844182 -0.00315425 0.69803922 0.69803922 0.69803922
v -0.46167803 0.26667243 -0.02810751 0.69803922 0.69803922 0.69803922
v -0.44302568 0.26584807 -0.03104892 0.69803922 0.69803922 0.69803922
v -0.41582754 0.25576746 -0.04854886 0.69803922 0.69803922 0.69803922
v -0.41527453 0.24452691 -0.05703241 0.69803922 0.69803922 0.69803922
v -0.42673397 0.24561985 -0.05559758 0.69803922 0.69803922 0.69803922
v -0.42784142 0.25792134 -0.04775926 0.69803922 0.69803922 0.69803922
v -0.45950300 0.22034594 -0.07500643 0.69803922 0.69803922 0.69803922
v -0.45952809 0.20284270 -0.07035194 0.69803922 0.69803922 0.69803922
v -0.47866493 0.20856540 -0.07325730 0.69803922 0.69803922 0.69803922
v -0.47821933 0.22611740 -0.07547441 0.69803922 0.69803922 0.69803922
v -0.44554392 0.18330604 -0.05821182 0.69803922 0.69803922 0.69803922
v -0.44852996 0.17356810 -0.04489813 0.69803922 0.69803922 0.69803922
v -0.46446219 0.17687178 -0.05181348 0.69803922 0.69803922 0.69803922
v -0.46167105 0.18809581 -0.06345081 0.69803922 0.69803922 0.69803922
v -0.39097288 0.17480199 -0.04296893 0.69803922 0.69803922 0.69803922
v -0.38938129 0.17213936 -0.03022024 0.69803922 0.69803922 0.69803922
v -0.40604490 0.17229240 -0.03107988 0.69803922 0.69803922 0.69803922
v -0.40703598 0.17625549 -0.04410264 0.69803922 0.69803922 0.69803922
v -0.40144083 0.18068412 -0.00321876 0.69803922 0.69803922 0.69803922
v -0.38511142 0.18049772 -0.00238059 0.69803922 0.69803922 0.69803922
v -0.38485989 0.19120267 0.00789270 0.69803922 0.69803922 0.69803922
v -0.40095860 0.19164233 0.00678386 0.69803922 0.69803922 0.69803922
v -0.38938758 0.25096089 -0.00646005 0.69803922 0.69803922 0.69803922
v -0.38958910 0.25836617 -0.02292304 0.69803922 0.69803922 0.69803922
v -0.40353519 0.25992611 -0.02151651 0.69803922 0.69803922 0.69803922
v -0.40400201 0.25162655 -0.00601276 0.69803922 0.69803922 0.69803922
v -0.44396108 0.21472605 -0.07353759 0.69803922 0.69803922 0.69803922
v -0.44138858 0.19704567 -0.06776255 0.69803922 0.69803922 0.69803922
v -0.41579646 0.18031007 -0.00453384 0.69803922 0.69803922 0.69803922
v -0.41486427 0.19113797 0.00516528 0.69803922 0.69803922 0.69803922
v -0.42798191 0.19046178 0.00217987 0.69803922 0.69803922 0.69803922
v -0.42960179 0.17933983 -0.00714784 0.69803922 0.69803922 0.69803922
v -0.41367495 0.22027336 0.00715347 0.69803922 0.69803922 0.69803922
v -0.41539338 0.23615550 0.00290846 0.69803922 0.69803922 0.69803922
v -0.42794195 0.23474805 0.00189652 0.69803922 0.69803922 0.69803922
v -0.42728439 0.21882738 0.00452861 0.69803922 0.69803922 0.69803922
v -0.41600204 0.25102890 -0.00520916 0.69803922 0.69803922 0.69803922
v -0.41595295 0.26110294 -0.01974222 0.69803922 0.69803922 0.69803922
v -0.42922601 0.26124212 -0.01748501 0.69803922 0.69803922 0.69803922
v -0.42918268 0.25028834 -0.00436556 0.69803922 0.69803922 0.69803922
v -0.43363687 0.21280400 -0.07183957 0.69803922 0.69803922 0.69803922
v -0.43304178 0.22564836 -0.06856319 0.69803922 0.69803922 0.69803922
v -0.42437416 0.22203806 -0.06804953 0.69803922 0.69803922 0.69803922
v -0.42512718 0.20955722 -0.07053862 0.69803922 0.69803922 0.69803922
v -0.43271196 0.17975815 -0.05154864 0.69803922 0.69803922 0.69803922
v -0.43438637 0.17183198 -0.03841299 0.69803922 0.69803922 0.69803922
v -0.44138160 0.21710016 0.00185444 0.69803922 0.69803922 0.69803922
v -0.44154790 0.20234318 0.00281448 0.69803922 0.69803922 0.69803922
v -0.42754126 0.20395550 0.00664411 0.69803922 0.69803922 0.69803922
v -0.42891988 0.26405081 -0.03361888 0.69803922 0.69803922 0.69803922
v -0.39240468 0.18059815 -0.05367804 0.69803922 0.69803922 0.69803922
v -0.39283574 0.18887460 -0.06307368 0.69803922 0.69803922 0.69803922
v -0.37642765 0.18613100 -0.06247783 0.69803922 0.69803922 0.69803922
v -0.37571239 0.17747873 -0.05326470 0.69803922 0.69803922 0.69803922
v -0.37390402 0.17232648 -0.04206144 0.69803922 0.69803922 0.69803922
v -0.37148020 0.17074811 -0.02895702 0.69803922 0.69803922 0.69803922
v -0.36658365 0.18050475 -0.00081180 0.69803922 0.69803922 0.69803922
v -0.36573625 0.19166186 0.00956171 0.69803922 0.69803922 0.69803922
v -0.36547962 0.20598695 0.01546878 0.69803922 0.69803922 0.69803922
v -0.36500925 0.22183278 0.01548941 0.69803922 0.69803922 0.69803922
v -0.38516092 0.22147763 0.01284530 0.69803922 0.69803922 0.69803922
v -0.38520768 0.20534910 0.01358040 0.69803922 0.69803922 0.69803922
v -0.36640686 0.25012657 -0.00486248 0.69803922 0.69803922 0.69803922
v -0.36787125 0.25636107 -0.02206837 0.69803922 0.69803922 0.69803922
v -0.39024425 0.25748992 -0.03802792 0.69803922 0.69803922 0.69803922
v -0.37041488 0.25530502 -0.03866226 0.69803922 0.69803922 0.69803922
v -0.41807413 0.17289294 -0.01832975 0.69803922 0.69803922 0.69803922
v -0.40382338 0.17379142 -0.01654009 0.69803922 0.69803922 0.69803922
v -0.53989661 0.23568229 -0.07437929 0.69803922 0.69803922 0.69803922
v -0.53958821 0.22079296 -0.07756766 0.69803922 0.69803922 0.69803922
v -0.56040627 0.22330259 -0.07708811 0.69803922 0.69803922 0.69803922
v -0.56137574 0.23682381 -0.07238607 0.69803922 0.69803922 0.69803922
v -0.58089757 0.21234463 -0.07641740 0.69803922 0.69803922 0.69803922
v -0.56064445 0.20930216 -0.07728337 0.69803922 0.69803922 0.69803922
v -0.54594451 0.23171850 -0.00786957 0.69803922 0.69803922 0.69803922
v -0.52588701 0.23541777 -0.00553671 0.69803922 0.69803922 0.69803922
v -0.58578628 0.23604144 -0.01577400 0.69803922 0.69803922 0.69803922
v -0.44205543 0.23304531 0.00057530 0.69803922 0.69803922 0.69803922
v -0.45881504 0.23109458 -0.00031611 0.69803922 0.69803922 0.69803922
v -0.41481978 0.23208825 -0.06352962 0.69803922 0.69803922 0.69803922
v -0.40389621 0.24258783 -0.05819563 0.69803922 0.69803922 0.69803922
v -0.40420282 0.23031895 -0.06550471 0.69803922 0.69803922 0.69803922
v -0.44361511 0.23144527 -0.06849518 0.69803922 0.69803922 0.69803922
v -0.45941371 0.23799190 -0.06806949 0.69803922 0.69803922 0.69803922
v -0.45938140 0.25103131 -0.05454079 0.69803922 0.69803922 0.69803922
v -0.44019741 0.24501075 -0.05621612 0.69803922 0.69803922 0.69803922
v -0.41640979 0.20646907 -0.06930489 0.69803922 0.69803922 0.69803922
v -0.41547924 0.21937925 -0.06846305 0.69803922 0.69803922 0.69803922
v -0.40499064 0.21708240 -0.06955987 0.69803922 0.69803922 0.69803922
v -0.40576795 0.20375304 -0.06910343 0.69803922 0.69803922 0.69803922
v -0.38737625 0.23745818 0.00614031 0.69803922 0.69803922 0.69803922
v -0.40264845 0.23701289 0.00432080 0.69803922 0.69803922 0.69803922
v -0.37438980 0.23813558 -0.06230979 0.69803922 0.69803922 0.69803922
v -0.39075103 0.24040242 -0.05971395 0.69803922 0.69803922 0.69803922
v -0.39088929 0.25053114 -0.05006429 0.69803922 0.69803922 0.69803922
v -0.37369654 0.24804766 -0.05206829 0.69803922 0.69803922 0.69803922
v -0.40392247 0.25314957 -0.04900722 0.69803922 0.69803922 0.69803922
v -0.37482619 0.22574368 -0.06908870 0.69803922 0.69803922 0.69803922
v -0.39109918 0.22832824 -0.06715274 0.69803922 0.69803922 0.69803922
v -0.36525092 0.23759601 0.00889482 0.69803922 0.69803922 0.69803922
v -0.39233482 0.20121808 -0.06904054 0.69803922 0.69803922 0.69803922
v -0.39183396 0.21491136 -0.07030740 0.69803922 0.69803922 0.69803922
v -0.37537006 0.21215780 -0.07144142 0.69803922 0.69803922 0.69803922
v -0.37593094 0.19812720 -0.06930228 0.69803922 0.69803922 0.69803922
v -0.54037559 0.20597723 -0.07679816 0.69803922 0.69803922 0.69803922
v -0.52005750 0.20228960 -0.07483538 0.69803922 0.69803922 0.69803922
v -0.44804063 0.17112488 -0.02733874 0.69803922 0.69803922 0.69803922
v -0.46475616 0.17155631 -0.03478283 0.69803922 0.69803922 0.69803922
v -0.43263999 0.17182152 -0.02160703 0.69803922 0.69803922 0.69803922
v -0.54418433 0.17850657 -0.04549819 0.69803922 0.69803922 0.69803922
v -0.56405818 0.18117696 -0.04976833 0.69803922 0.69803922 0.69803922
v -0.50331551 0.17558114 -0.03343362 0.69803922 0.69803922 0.69803922
v -0.52396697 0.17656049 -0.03978861 0.69803922 0.69803922 0.69803922
v -0.49870905 0.24598512 -0.06698402 0.69803922 0.69803922 0.69803922
v -0.41912979 0.18537746 -0.05732680 0.69803922 0.69803922 0.69803922
v -0.42049381 0.17754290 -0.04674732 0.69803922 0.69803922 0.69803922
v -0.42958134 0.18908951 -0.06144767 0.69803922 0.69803922 0.69803922
v -0.36813515 0.17334066 -0.01428165 0.69803922 0.69803922 0.69803922
v -0.38711759 0.17406584 -0.01575281 0.69803922 0.69803922 0.69803922
v -0.43316248 0.20204218 -0.07030976 0.69803922 0.69803922 0.69803922
v -0.34405774 0.17203265 -0.01223205 0.69803922 0.69803922 0.69803922
v -0.44172311 0.25990158 -0.04617481 0.69803922 0.69803922 0.69803922
v -0.41586527 0.26248974 -0.03539143 0.69803922 0.69803922 0.69803922
v -0.40375546 0.26011699 -0.03667907 0.69803922 0.69803922 0.69803922
v -0.58614337 0.25064787 -0.03483467 0.69803922 0.69803922 0.69803922
v -0.50475079 0.23959957 -0.00356506 0.69803922 0.69803922 0.69803922
v -0.45750448 0.21513937 -0.00056082 0.69803922 0.69803922 0.69803922
v -0.45786551 0.19992413 -0.00172402 0.69803922 0.69803922 0.69803922
v -0.41746521 0.19441220 -0.06558857 0.69803922 0.69803922 0.69803922
v -0.40661338 0.19146287 -0.06394818 0.69803922 0.69803922 0.69803922
v -0.40714362 0.18292311 -0.05486812 0.69803922 0.69803922 0.69803922
v -0.40051365 0.22140001 0.01009305 0.69803922 0.69803922 0.69803922
v -0.40102807 0.20559673 0.01169136 0.69803922 0.69803922 0.69803922
v -0.58360749 0.18450315 -0.05266340 0.69803922 0.69803922 0.69803922
v -0.41425201 0.20529604 0.00931633 0.69803922 0.69803922 0.69803922
v -0.45978248 0.26285931 -0.04310930 0.69803922 0.69803922 0.69803922
v -0.01717740 0.21035086 -0.10066182 0.69803922 0.69803922 0.69803922
v -0.15276976 0.04471650 0.04588562 0.69803922 0.69803922 0.69803922
v -0.11422742 0.02026825 0.09114531 0.69803922 0.69803922 0.69803922
v -0.12814781 0.02372752 0.07565900 0.69803922 0.69803922 0.69803922
v -0.16567771 0.10277531 0.01914060 0.69803922 0.69803922 0.69803922
v -0.16970290 0.11381450 0.01441113 0.69803922 0.69803922 0.69803922
v -0.19707595 0.14124393 0.00211832 0.69803922 0.69803922 0.69803922
v -0.20829849 0.15233205 -0.00277899 0.69803922 0.69803922 0.69803922
v -0.15658721 0.08203682 0.05218995 0.69803922 0.69803922 0.69803922
v -0.07766137 0.44368476 -0.00905074 0.69803922 0.69803922 0.69803922
v -0.07622667 0.43625152 -0.01211293 0.69803922 0.69803922 0.69803922
v -0.07967322 0.45748469 -0.00845426 0.69803922 0.69803922 0.69803922
v -0.01721635 -0.12423474 0.15818612 0.69803922 0.69803922 0.69803922
v -0.07525728 0.42888540 0.00287576 0.69803922 0.69803922 0.69803922
v -0.07293012 0.42112732 -0.00015130 0.69803922 0.69803922 0.69803922
v -0.07795648 0.42478919 0.00191999 0.69803922 0.69803922 0.69803922
v -0.07485367 0.42996269 0.00460704 0.69803922 0.69803922 0.69803922
v -0.07504112 0.43114009 0.00502212 0.69803922 0.69803922 0.69803922
v -0.07986785 0.45991436 0.00178623 0.69803922 0.69803922 0.69803922
v -0.07406100 0.42768010 -0.01277898 0.69803922 0.69803922 0.69803922
v -0.07240651 0.41841581 -0.01109205 0.69803922 0.69803922 0.69803922
v -0.07844703 0.44574293 0.00732648 0.69803922 0.69803922 0.69803922
v -0.05170660 -0.13297373 -0.07745976 0.69803922 0.69803922 0.69803922
v -0.02759386 -0.13270839 -0.07694204 0.69803922 0.69803922 0.69803922
v -0.02969184 -0.15123649 -0.08406757 0.69803922 0.69803922 0.69803922
v -0.05528999 -0.15127286 -0.08320375 0.69803922 0.69803922 0.69803922
v -0.03187422 -0.16965631 -0.09233478 0.69803922 0.69803922 0.69803922
v -0.14903887 -0.20165448 -0.06359046 0.69803922 0.69803922 0.69803922
v -0.16530925 -0.19855773 -0.04012956 0.69803922 0.69803922 0.69803922
v -0.16004507 -0.17817990 -0.03834923 0.69803922 0.69803922 0.69803922
v -0.14457931 -0.18036498 -0.05995396 0.69803922 0.69803922 0.69803922
v -0.16606155 -0.16226529 -0.01300401 0.69803922 0.69803922 0.69803922
v -0.15445884 -0.16124544 -0.03650488 0.69803922 0.69803922 0.69803922
v -0.17137599 -0.17822134 -0.01297545 0.69803922 0.69803922 0.69803922
v -0.17629993 -0.18240155 0.01515317 0.69803922 0.69803922 0.69803922
v -0.17058143 -0.16534778 0.01393385 0.69803922 0.69803922 0.69803922
v -0.17355259 -0.18987399 0.04227477 0.69803922 0.69803922 0.69803922
v -0.16853413 -0.17164859 0.04073885 0.69803922 0.69803922 0.69803922
v -0.16498898 -0.19932370 0.06627604 0.69803922 0.69803922 0.69803922
v -0.15085290 -0.20882577 0.08784445 0.69803922 0.69803922 0.69803922
v -0.13016196 -0.23883985 0.10173298 0.69803922 0.69803922 0.69803922
v -0.10593662 -0.22707054 0.11802855 0.69803922 0.69803922 0.69803922
v -0.12960175 -0.21855004 0.10407280 0.69803922 0.69803922 0.69803922
v -0.05865858 -0.23857459 0.14019834 0.69803922 0.69803922 0.69803922
v -0.08151989 -0.23457760 0.12963237 0.69803922 0.69803922 0.69803922
v -0.01996790 -0.24523814 0.15221816 0.69803922 0.69803922 0.69803922
v -0.03855598 -0.24277897 0.14737926 0.69803922 0.69803922 0.69803922
v -0.10516478 0.22554109 0.05121158 0.69803922 0.69803922 0.69803922
v -0.08382381 0.28788224 -0.05822608 0.69803922 0.69803922 0.69803922
v -0.09145633 0.28371191 -0.05783901 0.69803922 0.69803922 0.69803922
v -0.09954143 0.28824186 -0.03625235 0.69803922 0.69803922 0.69803922
v -0.11063991 0.23268364 -0.09649494 0.69803922 0.69803922 0.69803922
v -0.11160655 0.25035352 -0.08493181 0.69803922 0.69803922 0.69803922
v -0.09218090 0.24311048 -0.09489761 0.69803922 0.69803922 0.69803922
v -0.09149078 0.22627743 -0.10261846 0.69803922 0.69803922 0.69803922
v -0.07405612 0.27969107 -0.07251497 0.69803922 0.69803922 0.69803922
v -0.06978136 0.28176621 -0.07187587 0.69803922 0.69803922 0.69803922
v -0.07927489 0.27556112 -0.07426447 0.69803922 0.69803922 0.69803922
v -0.04891548 0.25788903 -0.09045469 0.69803922 0.69803922 0.69803922
v -0.06510204 0.26627296 -0.08562216 0.69803922 0.69803922 0.69803922
v -0.13684843 0.27747601 -0.03264896 0.69803922 0.69803922 0.69803922
v -0.13718849 0.26813594 -0.05533572 0.69803922 0.69803922 0.69803922
v -0.14689870 0.26732913 -0.05026519 0.69803922 0.69803922 0.69803922
v -0.14833650 0.27662441 -0.02814687 0.69803922 0.69803922 0.69803922
v -0.14079346 0.22334354 -0.09124658 0.69803922 0.69803922 0.69803922
v -0.14104757 0.20742185 -0.09605648 0.69803922 0.69803922 0.69803922
v -0.15228210 0.21079350 -0.09110872 0.69803922 0.69803922 0.69803922
v -0.15116544 0.22573577 -0.08614644 0.69803922 0.69803922 0.69803922
v -0.18361370 0.27554658 -0.01483852 0.69803922 0.69803922 0.69803922
v -0.17986757 0.26905766 -0.03674670 0.69803922 0.69803922 0.69803922
v -0.19284683 0.26968589 -0.03472160 0.69803922 0.69803922 0.69803922
v -0.19676921 0.27397856 -0.01330629 0.69803922 0.69803922 0.69803922
v -0.14925469 0.24032071 -0.07770832 0.69803922 0.69803922 0.69803922
v -0.08800645 0.11048339 -0.11678433 0.69803922 0.69803922 0.69803922
v -0.10697984 0.11939506 -0.11297911 0.69803922 0.69803922 0.69803922
v -0.12316964 0.12783693 -0.10717638 0.69803922 0.69803922 0.69803922
v -0.15884444 0.15450083 -0.08635686 0.69803922 0.69803922 0.69803922
v -0.14987780 0.14681514 -0.09136504 0.69803922 0.69803922 0.69803922
v -0.15432656 0.13316636 -0.08671711 0.69803922 0.69803922 0.69803922
v -0.16862783 0.16130416 -0.08289901 0.69803922 0.69803922 0.69803922
v -0.17931361 0.16504276 -0.07794090 0.69803922 0.69803922 0.69803922
v -0.20773114 0.20283207 0.04176595 0.69803922 0.69803922 0.69803922
v -0.19349331 0.20199624 0.04701739 0.69803922 0.69803922 0.69803922
v -0.19097233 0.22903395 0.04131722 0.69803922 0.69803922 0.69803922
v -0.20487136 0.17202783 -0.07001179 0.69803922 0.69803922 0.69803922
v -0.19150835 0.16528426 -0.07076067 0.69803922 0.69803922 0.69803922
v -0.19391187 0.15791796 -0.06699630 0.69803922 0.69803922 0.69803922
v -0.20724106 0.16630387 -0.06685794 0.69803922 0.69803922 0.69803922
v -0.12584989 0.27904817 -0.03637239 0.69803922 0.69803922 0.69803922
v -0.19261399 0.25875539 -0.05083376 0.69803922 0.69803922 0.69803922
v -0.17956363 0.25705734 -0.05254010 0.69803922 0.69803922 0.69803922
v -0.17963061 0.24552785 -0.06395648 0.69803922 0.69803922 0.69803922
v -0.19220577 0.24834675 -0.06175435 0.69803922 0.69803922 0.69803922
v -0.19365320 0.23628801 -0.07027912 0.69803922 0.69803922 0.69803922
v -0.18163711 0.23294891 -0.07311211 0.69803922 0.69803922 0.69803922
v -0.18319707 0.22034062 -0.07905509 0.69803922 0.69803922 0.69803922
v -0.19527355 0.22385184 -0.07605113 0.69803922 0.69803922 0.69803922
v -0.20362219 0.17911267 -0.07317326 0.69803922 0.69803922 0.69803922
v -0.18907735 0.17346050 -0.07460231 0.69803922 0.69803922 0.69803922
v -0.21485519 0.26387396 0.00945092 0.69803922 0.69803922 0.69803922
v -0.16031320 0.27609751 0.00282311 0.69803922 0.69803922 0.69803922
v -0.16016805 0.26257229 0.02596844 0.69803922 0.69803922 0.69803922
v -0.14845893 0.26578683 0.02219254 0.69803922 0.69803922 0.69803922
v -0.14850481 0.27764699 -0.00171590 0.69803922 0.69803922 0.69803922
v -0.22782385 0.15373100 -0.02274993 0.69803922 0.69803922 0.69803922
v -0.22457428 0.15897721 -0.00928391 0.69803922 0.69803922 0.69803922
v -0.22928216 0.15016457 -0.03520536 0.69803922 0.69803922 0.69803922
v -0.19892599 0.14239487 -0.05677653 0.69803922 0.69803922 0.69803922
v -0.22922631 0.15112771 -0.04616324 0.69803922 0.69803922 0.69803922
v -0.22218648 0.18551025 0.03221382 0.69803922 0.69803922 0.69803922
v -0.22311814 0.20392188 0.03631048 0.69803922 0.69803922 0.69803922
v -0.16164190 0.23901907 0.04030520 0.69803922 0.69803922 0.69803922
v -0.14944474 0.24383324 0.03814793 0.69803922 0.69803922 0.69803922
v -0.21111776 0.27174309 -0.01338502 0.69803922 0.69803922 0.69803922
v -0.20737813 0.26903060 -0.03442740 0.69803922 0.69803922 0.69803922
v -0.22033215 0.17905138 -0.07183772 0.69803922 0.69803922 0.69803922
v -0.22261718 0.17393568 -0.06938752 0.69803922 0.69803922 0.69803922
v -0.23559634 0.18163499 -0.07266001 0.69803922 0.69803922 0.69803922
v -0.18715551 0.13576429 -0.06361657 0.69803922 0.69803922 0.69803922
v -0.19608988 0.15132746 -0.06296956 0.69803922 0.69803922 0.69803922
v -0.15900280 0.27638057 -0.02326835 0.69803922 0.69803922 0.69803922
v -0.20590772 0.25965649 -0.05049940 0.69803922 0.69803922 0.69803922
v -0.20576221 0.24926548 -0.06159955 0.69803922 0.69803922 0.69803922
v -0.17102817 0.23010357 -0.07728208 0.69803922 0.69803922 0.69803922
v -0.16855852 0.24309675 -0.06820728 0.69803922 0.69803922 0.69803922
v -0.15881971 0.24151742 -0.07299521 0.69803922 0.69803922 0.69803922
v -0.16111156 0.22770432 -0.08170959 0.69803922 0.69803922 0.69803922
v -0.20807253 0.22804821 -0.07426209 0.69803922 0.69803922 0.69803922
v -0.21129361 0.21661150 -0.07714519 0.69803922 0.69803922 0.69803922
v -0.16283785 0.21370590 -0.08655875 0.69803922 0.69803922 0.69803922
v -0.17270492 0.21673074 -0.08255258 0.69803922 0.69803922 0.69803922
v -0.21876054 0.18599066 -0.07429365 0.69803922 0.69803922 0.69803922
v -0.13923244 0.24718766 0.03492551 0.69803922 0.69803922 0.69803922
v -0.14135283 0.22512011 0.04750517 0.69803922 0.69803922 0.69803922
v -0.13033769 0.22631338 0.04767662 0.69803922 0.69803922 0.69803922
v -0.16472317 0.21355231 0.05079590 0.69803922 0.69803922 0.69803922
v -0.15187792 0.22019520 0.04916503 0.69803922 0.69803922 0.69803922
v -0.17928943 0.20549525 0.05028801 0.69803922 0.69803922 0.69803922
v -0.11943375 0.22615606 0.04930411 0.69803922 0.69803922 0.69803922
v -0.42677194 0.19816558 -0.06806024 0.69803922 0.69803922 0.69803922
v -0.23873915 0.17744187 -0.07074296 0.69803922 0.69803922 0.69803922
v -0.25204593 0.18378142 -0.07357752 0.69803922 0.69803922 0.69803922
v -0.24761732 0.18815598 -0.07496376 0.69803922 0.69803922 0.69803922
v -0.30196360 0.21742962 -0.07387758 0.69803922 0.69803922 0.69803922
v -0.00182711 0.36798266 0.12109854 0.69803922 0.69803922 0.69803922
v -0.00134826 0.37353009 0.12398117 0.69803922 0.69803922 0.69803922
v -0.00026218 0.39412570 0.12521827 0.69803922 0.69803922 0.69803922
v -0.00009845 0.39787582 0.12435365 0.69803922 0.69803922 0.69803922
v -0.42446071 0.23373041 -0.06201785 0.69803922 0.69803922 0.69803922
v -0.43224701 0.23486595 -0.06219025 0.69803922 0.69803922 0.69803922
v -0.47848797 0.24280207 -0.06741671 0.69803922 0.69803922 0.69803922
v -0.50023639 0.25670531 -0.05408811 0.69803922 0.69803922 0.69803922
v -0.47944215 0.25493744 -0.05432196 0.69803922 0.69803922 0.69803922
v -0.48396394 0.25839964 -0.01138006 0.69803922 0.69803922 0.69803922
v -0.48255467 0.24423218 -0.00229718 0.69803922 0.69803922 0.69803922
v -0.47871256 0.19644593 -0.00541724 0.69803922 0.69803922 0.69803922
v -0.48038155 0.19316272 -0.06802008 0.69803922 0.69803922 0.69803922
v -0.62535453 0.23875971 -0.01983028 0.69803922 0.69803922 0.69803922
v -0.62592179 0.24519226 -0.02992781 0.69803922 0.69803922 0.69803922
v -0.64605659 0.24235016 -0.02702813 0.69803922 0.69803922 0.69803922
v -0.64498490 0.23478112 -0.01769667 0.69803922 0.69803922 0.69803922
v -0.66415483 0.23168731 -0.01555519 0.69803922 0.69803922 0.69803922
v -0.66258597 0.22135827 -0.01320799 0.69803922 0.69803922 0.69803922
v -0.64383799 0.22472502 -0.01393165 0.69803922 0.69803922 0.69803922
v -0.66056472 0.21136351 -0.01613999 0.69803922 0.69803922 0.69803922
v -0.64235914 0.21428794 -0.01541309 0.69803922 0.69803922 0.69803922
v -0.65910029 0.20373155 -0.02290317 0.69803922 0.69803922 0.69803922
v -0.65891802 0.19858608 -0.03083140 0.69803922 0.69803922 0.69803922
v -0.64095205 0.19907339 -0.02822959 0.69803922 0.69803922 0.69803922
v -0.64117360 0.20547189 -0.02069305 0.69803922 0.69803922 0.69803922
v -0.62216955 0.19391614 -0.03413590 0.69803922 0.69803922 0.69803922
v -0.64135695 0.19473569 -0.03730861 0.69803922 0.69803922 0.69803922
v -0.64175647 0.19265276 -0.04735425 0.69803922 0.69803922 0.69803922
v -0.62248611 0.18991385 -0.04498203 0.69803922 0.69803922 0.69803922
v -0.66075099 0.20364301 -0.06608000 0.69803922 0.69803922 0.69803922
v -0.66114265 0.21211958 -0.06975796 0.69803922 0.69803922 0.69803922
v -0.64194745 0.20983261 -0.07070486 0.69803922 0.69803922 0.69803922
v -0.64172393 0.20055914 -0.06627611 0.69803922 0.69803922 0.69803922
v -0.62317508 0.22892562 -0.06980275 0.69803922 0.69803922 0.69803922
v -0.62203163 0.21776141 -0.07278707 0.69803922 0.69803922 0.69803922
v -0.64278924 0.22049104 -0.07095792 0.69803922 0.69803922 0.69803922
v -0.64375532 0.23089771 -0.06777368 0.69803922 0.69803922 0.69803922
v -0.66270161 0.23343724 -0.06706321 0.69803922 0.69803922 0.69803922
v -0.66425639 0.24093327 -0.05906130 0.69803922 0.69803922 0.69803922
v -0.64497161 0.23935056 -0.06114259 0.69803922 0.69803922 0.69803922
v -0.58627993 0.24570753 -0.02348778 0.69803922 0.69803922 0.69803922
v -0.60587186 0.24220212 -0.02201443 0.69803922 0.69803922 0.69803922
v -0.60522729 0.23220119 -0.01526476 0.69803922 0.69803922 0.69803922
v -0.62227184 0.20743795 -0.01820453 0.69803922 0.69803922 0.69803922
v -0.60314453 0.20962532 -0.01590995 0.69803922 0.69803922 0.69803922
v -0.60416865 0.22067522 -0.01346713 0.69803922 0.69803922 0.69803922
v -0.62330997 0.21734317 -0.01447176 0.69803922 0.69803922 0.69803922
v -0.58360028 0.18523632 -0.03894117 0.69803922 0.69803922 0.69803922
v -0.60273737 0.19277303 -0.03085312 0.69803922 0.69803922 0.69803922
v -0.60308993 0.18782423 -0.04216468 0.69803922 0.69803922 0.69803922
v -0.62198347 0.19977090 -0.02511288 0.69803922 0.69803922 0.69803922
v -0.60261655 0.20041953 -0.02197592 0.69803922 0.69803922 0.69803922
v -0.62227869 0.19088015 -0.05632995 0.69803922 0.69803922 0.69803922
v -0.64165580 0.19464359 -0.05768899 0.69803922 0.69803922 0.69803922
v -0.62613875 0.24679954 -0.04195121 0.69803922 0.69803922 0.69803922
v -0.62578452 0.24458523 -0.05375354 0.69803922 0.69803922 0.69803922
v -0.64609879 0.24392030 -0.05081496 0.69803922 0.69803922 0.69803922
v -0.64645118 0.24515638 -0.03909147 0.69803922 0.69803922 0.69803922
v -0.60297644 0.18797411 -0.05468353 0.69803922 0.69803922 0.69803922
v -0.60511839 0.24559893 -0.05688585 0.69803922 0.69803922 0.69803922
v -0.60581249 0.24884251 -0.04515664 0.69803922 0.69803922 0.69803922
v -0.62459093 0.23808131 -0.06337155 0.69803922 0.69803922 0.69803922
v -0.60384804 0.23769601 -0.06630202 0.69803922 0.69803922 0.69803922
v -0.66566950 0.24356702 -0.03618307 0.69803922 0.69803922 0.69803922
v -0.66550744 0.23981448 -0.02414336 0.69803922 0.69803922 0.69803922
v -0.60603940 0.24783142 -0.03239268 0.69803922 0.69803922 0.69803922
v -0.62187105 0.19691871 -0.06634940 0.69803922 0.69803922 0.69803922
v -0.62172842 0.20676260 -0.07201842 0.69803922 0.69803922 0.69803922
v -0.60162276 0.20342511 -0.07298349 0.69803922 0.69803922 0.69803922
v -0.60229135 0.19350876 -0.06582276 0.69803922 0.69803922 0.69803922
v -0.58141392 0.22508338 -0.07490082 0.69803922 0.69803922 0.69803922
v -0.60161126 0.21487844 -0.07448383 0.69803922 0.69803922 0.69803922
v -0.60238832 0.22683001 -0.07212861 0.69803922 0.69803922 0.69803922
v -0.66152883 0.22252610 -0.07020207 0.69803922 0.69803922 0.69803922
v -0.58259666 0.23742308 -0.06948375 0.69803922 0.69803922 0.69803922
v -0.74598068 0.19868104 -0.02723655 0.69803922 0.69803922 0.69803922
v -0.73655349 0.19543786 -0.02578301 0.69803922 0.69803922 0.69803922
v -0.74165374 0.19359139 -0.01584793 0.69803922 0.69803922 0.69803922
v -0.75064349 0.19752744 -0.01780680 0.69803922 0.69803922 0.69803922
v -0.72145593 0.18448460 -0.00863485 0.69803922 0.69803922 0.69803922
v -0.71276718 0.18827471 -0.00092898 0.69803922 0.69803922 0.69803922
v -0.72271156 0.18929552 0.00753785 0.69803922 0.69803922 0.69803922
v -0.72987509 0.18588635 0.00090510 0.69803922 0.69803922 0.69803922
v -0.75427377 0.19887218 -0.00925290 0.69803922 0.69803922 0.69803922
v -0.74572957 0.19407754 -0.00743141 0.69803922 0.69803922 0.69803922
v -0.75312501 0.20298681 -0.00328689 0.69803922 0.69803922 0.69803922
v -0.76177299 0.20995043 -0.00625338 0.69803922 0.69803922 0.69803922
v -0.76210618 0.20334089 -0.01012543 0.69803922 0.69803922 0.69803922
v -0.77005541 0.21357785 -0.00790088 0.69803922 0.69803922 0.69803922
v -0.75603443 0.22050877 -0.00863867 0.69803922 0.69803922 0.69803922
v -0.76841933 0.22241582 -0.01192696 0.69803922 0.69803922 0.69803922
v -0.75082296 0.23182566 -0.03289863 0.69803922 0.69803922 0.69803922
v -0.74829227 0.23250166 -0.04347128 0.69803922 0.69803922 0.69803922
v -0.76294649 0.23112060 -0.04411974 0.69803922 0.69803922 0.69803922
v -0.76516455 0.23001100 -0.03297614 0.69803922 0.69803922 0.69803922
v -0.75468242 0.22634067 -0.06221577 0.69803922 0.69803922 0.69803922
v -0.75989717 0.22915491 -0.05335790 0.69803922 0.69803922 0.69803922
v -0.74512166 0.23112451 -0.05185766 0.69803922 0.69803922 0.69803922
v -0.74119049 0.22870289 -0.06004602 0.69803922 0.69803922 0.69803922
v -0.74000561 0.20097263 -0.04175936 0.69803922 0.69803922 0.69803922
v -0.72997969 0.19902709 -0.04214292 0.69803922 0.69803922 0.69803922
v -0.73223776 0.19813673 -0.03550208 0.69803922 0.69803922 0.69803922
v -0.74174762 0.20054583 -0.03590515 0.69803922 0.69803922 0.69803922
v -0.74985033 0.20521094 0.00716949 0.69803922 0.69803922 0.69803922
v -0.74621695 0.21330719 0.00002615 0.69803922 0.69803922 0.69803922
v -0.75203556 0.21003164 -0.00146593 0.69803922 0.69803922 0.69803922
v -0.75152594 0.20194699 0.00552344 0.69803922 0.69803922 0.69803922
v -0.70522976 0.19094755 -0.05483981 0.69803922 0.69803922 0.69803922
v -0.69303226 0.19312517 -0.05317878 0.69803922 0.69803922 0.69803922
v -0.69332600 0.19353966 -0.04421379 0.69803922 0.69803922 0.69803922
v -0.70447546 0.19178243 -0.04696712 0.69803922 0.69803922 0.69803922
v -0.69735074 0.19046010 -0.01659122 0.69803922 0.69803922 0.69803922
v -0.69193465 0.19387886 -0.02404202 0.69803922 0.69803922 0.69803922
v -0.68626523 0.20357816 -0.01389068 0.69803922 0.69803922 0.69803922
v -0.69333178 0.20206541 -0.00844691 0.69803922 0.69803922 0.69803922
v -0.70408940 0.18861343 -0.00920537 0.69803922 0.69803922 0.69803922
v -0.70028901 0.20041688 -0.00285738 0.69803922 0.69803922 0.69803922
v -0.70962220 0.19902046 0.00350882 0.69803922 0.69803922 0.69803922
v -0.72043991 0.19773363 0.01125473 0.69803922 0.69803922 0.69803922
v -0.69186670 0.19635680 -0.06388584 0.69803922 0.69803922 0.69803922
v -0.70058233 0.19403572 -0.06710754 0.69803922 0.69803922 0.69803922
v -0.82081699 0.20663662 -0.01474910 0.69803922 0.69803922 0.69803922
v -0.82142967 0.20493659 -0.02032414 0.69803922 0.69803922 0.69803922
v -0.81566560 0.20520858 -0.01950485 0.69803922 0.69803922 0.69803922
v -0.81508160 0.20694317 -0.01389074 0.69803922 0.69803922 0.69803922
v -0.69999349 0.21325970 -0.07453788 0.69803922 0.69803922 0.69803922
v -0.70187485 0.22287273 -0.07145153 0.69803922 0.69803922 0.69803922
v -0.69447911 0.22235534 -0.07145163 0.69803922 0.69803922 0.69803922
v -0.69287401 0.21226715 -0.07293206 0.69803922 0.69803922 0.69803922
v -0.70913124 0.21380450 -0.07695460 0.69803922 0.69803922 0.69803922
v -0.71133435 0.22352077 -0.07171525 0.69803922 0.69803922 0.69803922
v -0.82329005 0.21930815 -0.01381599 0.69803922 0.69803922 0.69803922
v -0.82207525 0.21499836 -0.01113825 0.69803922 0.69803922 0.69803922
v -0.81624305 0.21612789 -0.01107823 0.69803922 0.69803922 0.69803922
v -0.81722420 0.22046807 -0.01405711 0.69803922 0.69803922 0.69803922
v -0.75960547 0.19971490 -0.01802134 0.69803922 0.69803922 0.69803922
v -0.75530434 0.20044786 -0.02692572 0.69803922 0.69803922 0.69803922
v -0.77839112 0.20153381 -0.02129136 0.69803922 0.69803922 0.69803922
v -0.76656717 0.20097509 -0.02609569 0.69803922 0.69803922 0.69803922
v -0.76847154 0.20144866 -0.01651066 0.69803922 0.69803922 0.69803922
v -0.77715701 0.20326230 -0.01491519 0.69803922 0.69803922 0.69803922
v -0.75946915 0.20178927 -0.04589908 0.69803922 0.69803922 0.69803922
v -0.74898267 0.20174070 -0.04579201 0.69803922 0.69803922 0.69803922
v -0.75269103 0.20207278 -0.03852911 0.69803922 0.69803922 0.69803922
v -0.76358020 0.20172052 -0.03881488 0.69803922 0.69803922 0.69803922
v -0.74640751 0.19792223 -0.05767484 0.69803922 0.69803922 0.69803922
v -0.75633711 0.19878998 -0.05823415 0.69803922 0.69803922 0.69803922
v -0.75512880 0.19654873 -0.06475464 0.69803922 0.69803922 0.69803922
v -0.74631238 0.19580238 -0.06371174 0.69803922 0.69803922 0.69803922
v -0.77676409 0.20176576 -0.05379323 0.69803922 0.69803922 0.69803922
v -0.78626597 0.20465578 -0.05492584 0.69803922 0.69803922 0.69803922
v -0.78468049 0.20471893 -0.06001691 0.69803922 0.69803922 0.69803922
v -0.77556318 0.20128338 -0.05918450 0.69803922 0.69803922 0.69803922
v -0.68728161 0.22265311 -0.07147779 0.69803922 0.69803922 0.69803922
v -0.68537074 0.21246512 -0.07194190 0.69803922 0.69803922 0.69803922
v -0.74602425 0.21841581 -0.07881100 0.69803922 0.69803922 0.69803922
v -0.74155790 0.21087909 -0.08452498 0.69803922 0.69803922 0.69803922
v -0.75100225 0.20949434 -0.08821933 0.69803922 0.69803922 0.69803922
v -0.75542539 0.21750794 -0.08243825 0.69803922 0.69803922 0.69803922
v -0.70465899 0.23082799 -0.06472538 0.69803922 0.69803922 0.69803922
v -0.69678271 0.23144366 -0.06529555 0.69803922 0.69803922 0.69803922
v -0.82436574 0.22139493 -0.01911660 0.69803922 0.69803922 0.69803922
v -0.81829178 0.22271357 -0.01942490 0.69803922 0.69803922 0.69803922
v -0.71127039 0.21034597 0.00153599 0.69803922 0.69803922 0.69803922
v -0.72265583 0.20742096 0.00995584 0.69803922 0.69803922 0.69803922
v -0.70169997 0.21262798 -0.00486566 0.69803922 0.69803922 0.69803922
v -0.69457829 0.21438587 -0.00877734 0.69803922 0.69803922 0.69803922
v -0.68713051 0.21617696 -0.01081461 0.69803922 0.69803922 0.69803922
v -0.77194130 0.20140542 -0.03118136 0.69803922 0.69803922 0.69803922
v -0.74961370 0.20129772 -0.03438487 0.69803922 0.69803922 0.69803922
v -0.73852122 0.20029092 -0.04618999 0.69803922 0.69803922 0.69803922
v -0.73467642 0.19226924 -0.07527328 0.69803922 0.69803922 0.69803922
v -0.72671908 0.19235303 -0.07510385 0.69803922 0.69803922 0.69803922
v -0.73025930 0.19180316 -0.06537515 0.69803922 0.69803922 0.69803922
v -0.73717606 0.19284281 -0.06788190 0.69803922 0.69803922 0.69803922
v -0.73986000 0.20137008 -0.08629006 0.69803922 0.69803922 0.69803922
v -0.74176157 0.19529158 -0.08212109 0.69803922 0.69803922 0.69803922
v -0.75051212 0.19543372 -0.08360983 0.69803922 0.69803922 0.69803922
v -0.74920011 0.20061260 -0.08860616 0.69803922 0.69803922 0.69803922
v -0.74765575 0.20778516 0.01086298 0.69803922 0.69803922 0.69803922
v -0.73993415 0.21369652 0.00388691 0.69803922 0.69803922 0.69803922
v -0.69926208 0.20267224 -0.07396702 0.69803922 0.69803922 0.69803922
v -0.69162732 0.20305943 -0.07076230 0.69803922 0.69803922 0.69803922
v -0.68432677 0.20443226 -0.06823499 0.69803922 0.69803922 0.69803922
v -0.71715331 0.19482741 -0.04521993 0.69803922 0.69803922 0.69803922
v -0.70416886 0.19186635 -0.04189930 0.69803922 0.69803922 0.69803922
v -0.70512807 0.19028363 -0.03570766 0.69803922 0.69803922 0.69803922
v -0.71843797 0.19470643 -0.04062604 0.69803922 0.69803922 0.69803922
v -0.72604954 0.18921506 -0.02380526 0.69803922 0.69803922 0.69803922
v -0.71378595 0.18513644 -0.01896566 0.69803922 0.69803922 0.69803922
v -0.73240066 0.18779714 -0.01348561 0.69803922 0.69803922 0.69803922
v -0.69265938 0.19350424 -0.03598488 0.69803922 0.69803922 0.69803922
v -0.68402439 0.19607106 -0.04270951 0.69803922 0.69803922 0.69803922
v -0.68353480 0.19659686 -0.03344803 0.69803922 0.69803922 0.69803922
v -0.68418664 0.19644749 -0.05253117 0.69803922 0.69803922 0.69803922
v -0.68418944 0.19913924 -0.06177570 0.69803922 0.69803922 0.69803922
v -0.67398602 0.19672446 -0.04165004 0.69803922 0.69803922 0.69803922
v -0.67330909 0.19810364 -0.03253670 0.69803922 0.69803922 0.69803922
v -0.67441463 0.19745046 -0.05171802 0.69803922 0.69803922 0.69803922
v -0.67486596 0.20038854 -0.06034183 0.69803922 0.69803922 0.69803922
v -0.67743665 0.23472260 -0.06635175 0.69803922 0.69803922 0.69803922
v -0.67623276 0.22358859 -0.07052832 0.69803922 0.69803922 0.69803922
v -0.68835986 0.23302542 -0.06600748 0.69803922 0.69803922 0.69803922
v -0.67557597 0.20825146 -0.01565443 0.69803922 0.69803922 0.69803922
v -0.68369603 0.19891644 -0.02362945 0.69803922 0.69803922 0.69803922
v -0.67386758 0.20154352 -0.02394083 0.69803922 0.69803922 0.69803922
v -0.67751324 0.21846375 -0.01223362 0.69803922 0.69803922 0.69803922
v -0.73577756 0.18723948 0.00741995 0.69803922 0.69803922 0.69803922
v -0.74172008 0.18739596 0.01285149 0.69803922 0.69803922 0.69803922
v -0.74678957 0.18939762 0.00773250 0.69803922 0.69803922 0.69803922
v -0.74217480 0.19005454 0.00237417 0.69803922 0.69803922 0.69803922
v -0.77837837 0.21555321 -0.00953099 0.69803922 0.69803922 0.69803922
v -0.77768147 0.20823288 -0.01010480 0.69803922 0.69803922 0.69803922
v -0.76965189 0.20621160 -0.00991288 0.69803922 0.69803922 0.69803922
v -0.71406257 0.19053781 -0.06057173 0.69803922 0.69803922 0.69803922
v -0.70975041 0.19291845 -0.07134558 0.69803922 0.69803922 0.69803922
v -0.78110856 0.20218185 -0.02692532 0.69803922 0.69803922 0.69803922
v -0.80983323 0.22126377 -0.01416874 0.69803922 0.69803922 0.69803922
v -0.80899030 0.21654071 -0.01098140 0.69803922 0.69803922 0.69803922
v -0.79605424 0.21642692 -0.01080438 0.69803922 0.69803922 0.69803922
v -0.79738742 0.22208002 -0.01416849 0.69803922 0.69803922 0.69803922
v -0.79080623 0.20646413 -0.03083968 0.69803922 0.69803922 0.69803922
v -0.78820944 0.20392381 -0.02546050 0.69803922 0.69803922 0.69803922
v -0.79656035 0.20437966 -0.02519558 0.69803922 0.69803922 0.69803922
v -0.79902238 0.20827970 -0.02980656 0.69803922 0.69803922 0.69803922
v -0.78093296 0.20251136 -0.06619254 0.69803922 0.69803922 0.69803922
v -0.77349532 0.19976918 -0.06568597 0.69803922 0.69803922 0.69803922
v -0.77958715 0.22499509 -0.03371513 0.69803922 0.69803922 0.69803922
v -0.77819467 0.22723055 -0.02212521 0.69803922 0.69803922 0.69803922
v -0.76637292 0.22880264 -0.02125114 0.69803922 0.69803922 0.69803922
v -0.75753146 0.20056662 -0.05240544 0.69803922 0.69803922 0.69803922
v -0.76730657 0.20080097 -0.05312505 0.69803922 0.69803922 0.69803922
v -0.76621038 0.19962619 -0.05875290 0.69803922 0.69803922 0.69803922
v -0.77556705 0.20205605 -0.03383213 0.69803922 0.69803922 0.69803922
v -0.78234798 0.20301490 -0.03191514 0.69803922 0.69803922 0.69803922
v -0.77976495 0.20301783 -0.03789564 0.69803922 0.69803922 0.69803922
v -0.77173728 0.20190483 -0.03886100 0.69803922 0.69803922 0.69803922
v -0.73032749 0.21286531 -0.08185447 0.69803922 0.69803922 0.69803922
v -0.72860390 0.20031600 -0.08381735 0.69803922 0.69803922 0.69803922
v -0.82110256 0.21046728 -0.01154673 0.69803922 0.69803922 0.69803922
v -0.81539959 0.21121442 -0.01095882 0.69803922 0.69803922 0.69803922
v -0.67533207 0.21289116 -0.07043467 0.69803922 0.69803922 0.69803922
v -0.67521447 0.20527603 -0.06658216 0.69803922 0.69803922 0.69803922
v -0.74715132 0.20020470 -0.05158914 0.69803922 0.69803922 0.69803922
v -0.75275642 0.22895618 -0.02099016 0.69803922 0.69803922 0.69803922
v -0.73710841 0.19873680 -0.05099986 0.69803922 0.69803922 0.69803922
v -0.77187288 0.21730269 -0.07279737 0.69803922 0.69803922 0.69803922
v -0.77160019 0.21102794 -0.07692462 0.69803922 0.69803922 0.69803922
v -0.77877909 0.21064924 -0.07514858 0.69803922 0.69803922 0.69803922
v -0.77946293 0.21716058 -0.07372455 0.69803922 0.69803922 0.69803922
v -0.81072366 0.21019471 -0.02942315 0.69803922 0.69803922 0.69803922
v -0.80930084 0.20594360 -0.02490559 0.69803922 0.69803922 0.69803922
v -0.81685120 0.20678051 -0.02542770 0.69803922 0.69803922 0.69803922
v -0.81797969 0.21098533 -0.02946430 0.69803922 0.69803922 0.69803922
v -0.78583515 0.20341162 -0.02010831 0.69803922 0.69803922 0.69803922
v -0.78465313 0.20494348 -0.01448898 0.69803922 0.69803922 0.69803922
v -0.79406857 0.20573996 -0.01427749 0.69803922 0.69803922 0.69803922
v -0.79482484 0.20363405 -0.01962877 0.69803922 0.69803922 0.69803922
v -0.78536391 0.20990841 -0.01096929 0.69803922 0.69803922 0.69803922
v -0.79482007 0.21060872 -0.01095913 0.69803922 0.69803922 0.69803922
v -0.81187242 0.21666196 -0.03066782 0.69803922 0.69803922 0.69803922
v -0.81167454 0.22217439 -0.02667895 0.69803922 0.69803922 0.69803922
v -0.79942226 0.22232768 -0.02760836 0.69803922 0.69803922 0.69803922
v -0.80067343 0.21551043 -0.03103253 0.69803922 0.69803922 0.69803922
v -0.72812039 0.23081346 -0.05831663 0.69803922 0.69803922 0.69803922
v -0.72523224 0.22758090 -0.06621563 0.69803922 0.69803922 0.69803922
v -0.73790723 0.22496361 -0.06845985 0.69803922 0.69803922 0.69803922
v -0.75045711 0.22239240 -0.07101145 0.69803922 0.69803922 0.69803922
v -0.76210290 0.21851970 -0.07336704 0.69803922 0.69803922 0.69803922
v -0.76700193 0.22443961 -0.06457183 0.69803922 0.69803922 0.69803922
v -0.73446238 0.22091031 -0.07545606 0.69803922 0.69803922 0.69803922
v -0.78959608 0.21568435 -0.03623114 0.69803922 0.69803922 0.69803922
v -0.78929949 0.22096603 -0.02999997 0.69803922 0.69803922 0.69803922
v -0.78844392 0.22157338 -0.03771425 0.69803922 0.69803922 0.69803922
v -0.73576212 0.19589067 -0.05804184 0.69803922 0.69803922 0.69803922
v -0.80811650 0.21126248 -0.01072409 0.69803922 0.69803922 0.69803922
v -0.70018762 0.23305328 -0.02104903 0.69803922 0.69803922 0.69803922
v -0.70116746 0.23801479 -0.03269694 0.69803922 0.69803922 0.69803922
v -0.71124977 0.23665825 -0.03359273 0.69803922 0.69803922 0.69803922
v -0.70897597 0.23103556 -0.02008587 0.69803922 0.69803922 0.69803922
v -0.80798024 0.20472719 -0.01923652 0.69803922 0.69803922 0.69803922
v -0.80775779 0.20638435 -0.01373953 0.69803922 0.69803922 0.69803922
v -0.77283961 0.19990267 -0.07219477 0.69803922 0.69803922 0.69803922
v -0.77931601 0.20264003 -0.07158170 0.69803922 0.69803922 0.69803922
v -0.77939761 0.20477915 -0.07554585 0.69803922 0.69803922 0.69803922
v -0.77402610 0.20314616 -0.07744414 0.69803922 0.69803922 0.69803922
v -0.72244871 0.22319326 -0.07305613 0.69803922 0.69803922 0.69803922
v -0.75846690 0.20823239 -0.09078265 0.69803922 0.69803922 0.69803922
v -0.76172739 0.21683152 -0.08567169 0.69803922 0.69803922 0.69803922
v -0.71377373 0.22981723 -0.06498370 0.69803922 0.69803922 0.69803922
v -0.71633708 0.23343530 -0.05675885 0.69803922 0.69803922 0.69803922
v -0.70692998 0.23559076 -0.05551081 0.69803922 0.69803922 0.69803922
v -0.77529782 0.22493835 -0.05469532 0.69803922 0.69803922 0.69803922
v -0.73127562 0.23298149 -0.05067527 0.69803922 0.69803922 0.69803922
v -0.71877116 0.23509832 -0.04901705 0.69803922 0.69803922 0.69803922
v -0.70849341 0.23719519 -0.04635315 0.69803922 0.69803922 0.69803922
v -0.70001507 0.23889153 -0.04505538 0.69803922 0.69803922 0.69803922
v -0.69872314 0.23725620 -0.05521050 0.69803922 0.69803922 0.69803922
v -0.81087255 0.22368698 -0.01990874 0.69803922 0.69803922 0.69803922
v -0.81898916 0.22147398 -0.02597997 0.69803922 0.69803922 0.69803922
v -0.68940604 0.23895298 -0.05543787 0.69803922 0.69803922 0.69803922
v -0.67847705 0.24108146 -0.05684250 0.69803922 0.69803922 0.69803922
v -0.67959154 0.24263254 -0.04584051 0.69803922 0.69803922 0.69803922
v -0.69087428 0.24072501 -0.04474999 0.69803922 0.69803922 0.69803922
v -0.72140229 0.23544230 -0.04031507 0.69803922 0.69803922 0.69803922
v -0.72315824 0.23454261 -0.03112965 0.69803922 0.69803922 0.69803922
v -0.73411214 0.23389974 -0.04250987 0.69803922 0.69803922 0.69803922
v -0.73688149 0.23309077 -0.03260756 0.69803922 0.69803922 0.69803922
v -0.77645892 0.22880144 -0.04449318 0.69803922 0.69803922 0.69803922
v -0.83357859 0.21591131 -0.02865079 0.69803922 0.69803922 0.69803922
v -0.82520664 0.21628787 -0.02923407 0.69803922 0.69803922 0.69803922
v -0.82434273 0.21111651 -0.02976749 0.69803922 0.69803922 0.69803922
v -0.83293635 0.21146661 -0.02962147 0.69803922 0.69803922 0.69803922
v -0.81884158 0.21665588 -0.02988915 0.69803922 0.69803922 0.69803922
v -0.82513410 0.22051728 -0.02540341 0.69803922 0.69803922 0.69803922
v -0.73868835 0.22953863 -0.02042548 0.69803922 0.69803922 0.69803922
v -0.78785759 0.20597053 -0.03738530 0.69803922 0.69803922 0.69803922
v -0.72263420 0.22814590 -0.01695957 0.69803922 0.69803922 0.69803922
v -0.74298203 0.22348177 -0.00805706 0.69803922 0.69803922 0.69803922
v -0.73199791 0.22144489 -0.00453833 0.69803922 0.69803922 0.69803922
v -0.70497972 0.22345398 -0.00980702 0.69803922 0.69803922 0.69803922
v -0.71455866 0.22021759 -0.00486423 0.69803922 0.69803922 0.69803922
v -0.68956351 0.22672825 -0.01397377 0.69803922 0.69803922 0.69803922
v -0.69723016 0.22501165 -0.01268587 0.69803922 0.69803922 0.69803922
v -0.67940778 0.22878096 -0.01487545 0.69803922 0.69803922 0.69803922
v -0.72582537 0.21568681 0.00361219 0.69803922 0.69803922 0.69803922
v -0.82863504 0.20561121 -0.01589826 0.69803922 0.69803922 0.69803922
v -0.82924277 0.20457743 -0.02173539 0.69803922 0.69803922 0.69803922
v -0.69168478 0.23477481 -0.02167562 0.69803922 0.69803922 0.69803922
v -0.68093270 0.23703411 -0.02240139 0.69803922 0.69803922 0.69803922
v -0.73825657 0.18876794 -0.00446020 0.69803922 0.69803922 0.69803922
v -0.72600824 0.19425625 -0.05548150 0.69803922 0.69803922 0.69803922
v -0.72733349 0.19688813 -0.05019157 0.69803922 0.69803922 0.69803922
v -0.71884698 0.19241561 -0.07398790 0.69803922 0.69803922 0.69803922
v -0.72301328 0.19095215 -0.06322647 0.69803922 0.69803922 0.69803922
v -0.68076497 0.24196443 -0.03378871 0.69803922 0.69803922 0.69803922
v -0.65953755 0.19566989 -0.03990949 0.69803922 0.69803922 0.69803922
v -0.66009742 0.19565554 -0.04969851 0.69803922 0.69803922 0.69803922
v -0.66524976 0.24349037 -0.04813736 0.69803922 0.69803922 0.69803922
v -0.82919145 0.20913248 -0.01231069 0.69803922 0.69803922 0.69803922
v -0.78953850 0.21076889 -0.05691259 0.69803922 0.69803922 0.69803922
v -0.78828311 0.21149203 -0.05912573 0.69803922 0.69803922 0.69803922
v -0.73018140 0.18954527 0.01346278 0.69803922 0.69803922 0.69803922
v -0.73816377 0.18987921 0.01789542 0.69803922 0.69803922 0.69803922
v -0.74066317 0.20186456 0.02028804 0.69803922 0.69803922 0.69803922
v -0.73828161 0.19525567 0.02054733 0.69803922 0.69803922 0.69803922
v -0.72913009 0.19656239 0.01685981 0.69803922 0.69803922 0.69803922
v -0.73158610 0.20470515 0.01631505 0.69803922 0.69803922 0.69803922
v -0.71668696 0.19397908 -0.04890414 0.69803922 0.69803922 0.69803922
v -0.71635073 0.19243664 -0.05385900 0.69803922 0.69803922 0.69803922
v -0.71933270 0.21387932 -0.07946431 0.69803922 0.69803922 0.69803922
v -0.71785927 0.20190647 -0.08131821 0.69803922 0.69803922 0.69803922
v -0.78635442 0.21637951 -0.01066381 0.69803922 0.69803922 0.69803922
v -0.77855194 0.22272864 -0.01381117 0.69803922 0.69803922 0.69803922
v -0.78716701 0.22220978 -0.01470126 0.69803922 0.69803922 0.69803922
v -0.79813492 0.22463192 -0.02057576 0.69803922 0.69803922 0.69803922
v -0.79099822 0.21126123 -0.03566054 0.69803922 0.69803922 0.69803922
v -0.79299462 0.21351035 -0.03205421 0.69803922 0.69803922 0.69803922
v -0.70848799 0.18762937 -0.02812596 0.69803922 0.69803922 0.69803922
v -0.72140485 0.19252457 -0.03346812 0.69803922 0.69803922 0.69803922
v -0.74753755 0.19537342 -0.00090435 0.69803922 0.69803922 0.69803922
v -0.75042140 0.19607571 0.00429935 0.69803922 0.69803922 0.69803922
v -0.76866585 0.20150776 -0.04609438 0.69803922 0.69803922 0.69803922
v -0.78719217 0.22383700 -0.05270924 0.69803922 0.69803922 0.69803922
v -0.78701138 0.22699217 -0.04467697 0.69803922 0.69803922 0.69803922
v -0.77734560 0.20247868 -0.04605107 0.69803922 0.69803922 0.69803922
v -0.83172679 0.21774895 -0.01402704 0.69803922 0.69803922 0.69803922
v -0.83046633 0.21331748 -0.01156833 0.69803922 0.69803922 0.69803922
v -0.78780615 0.22539786 -0.02175544 0.69803922 0.69803922 0.69803922
v -0.76450396 0.19777529 -0.06548386 0.69803922 0.69803922 0.69803922
v -0.78251469 0.22006254 -0.05915365 0.69803922 0.69803922 0.69803922
v -0.78895062 0.21781449 -0.05608446 0.69803922 0.69803922 0.69803922
v -0.75590265 0.20078729 -0.08950651 0.69803922 0.69803922 0.69803922
v -0.69205552 0.23972000 -0.03284316 0.69803922 0.69803922 0.69803922
v -0.82275933 0.20645106 -0.02645058 0.69803922 0.69803922 0.69803922
v -0.83075625 0.20636816 -0.02743655 0.69803922 0.69803922 0.69803922
v -0.83317870 0.21903393 -0.02512244 0.69803922 0.69803922 0.69803922
v -0.83238339 0.21993588 -0.01934239 0.69803922 0.69803922 0.69803922
v -0.70820886 0.20248650 -0.07805339 0.69803922 0.69803922 0.69803922
v -0.72856069 0.19844049 -0.04619681 0.69803922 0.69803922 0.69803922
v -0.66042608 0.19849044 -0.05904580 0.69803922 0.69803922 0.69803922
v -0.73505193 0.21150690 0.01109771 0.69803922 0.69803922 0.69803922
v -0.74428844 0.20697187 0.01644008 0.69803922 0.69803922 0.69803922
v -0.78550225 0.20421512 -0.04638139 0.69803922 0.69803922 0.69803922
v -0.76669967 0.21568337 -0.07960229 0.69803922 0.69803922 0.69803922
v -0.77561814 0.22313166 -0.06663442 0.69803922 0.69803922 0.69803922
v -0.78230405 0.22259741 -0.06833001 0.69803922 0.69803922 0.69803922
v -0.78655505 0.22114499 -0.06212127 0.69803922 0.69803922 0.69803922
v -0.78960335 0.21636631 -0.06047461 0.69803922 0.69803922 0.69803922
v -0.83972299 0.21833132 -0.02515419 0.69803922 0.69803922 0.69803922
v -0.83920038 0.21916892 -0.01949133 0.69803922 0.69803922 0.69803922
v -0.83886755 0.21699816 -0.01420166 0.69803922 0.69803922 0.69803922
v -0.83715993 0.21259739 -0.01199070 0.69803922 0.69803922 0.69803922
v -0.83522445 0.20861557 -0.01304487 0.69803922 0.69803922 0.69803922
v -0.83997005 0.21548146 -0.02841762 0.69803922 0.69803922 0.69803922
v -0.83894992 0.21127978 -0.02932715 0.69803922 0.69803922 0.69803922
v -0.83650315 0.20645124 -0.02734371 0.69803922 0.69803922 0.69803922
v -0.84537596 0.21470974 -0.02860067 0.69803922 0.69803922 0.69803922
v -0.84639150 0.21748139 -0.02525620 0.69803922 0.69803922 0.69803922
v -0.85163003 0.21402533 -0.01410406 0.69803922 0.69803922 0.69803922
v -0.84623057 0.21625020 -0.01466744 0.69803922 0.69803922 0.69803922
v -0.84940279 0.21665408 -0.01693321 0.69803922 0.69803922 0.69803922
v -0.85297054 0.21589805 -0.01662420 0.69803922 0.69803922 0.69803922
v -0.85731357 0.21501097 -0.01714444 0.69803922 0.69803922 0.69803922
v -0.85626978 0.21248399 -0.01514237 0.69803922 0.69803922 0.69803922
v -0.84871948 0.21756940 -0.02003299 0.69803922 0.69803922 0.69803922
v -0.85300040 0.21715286 -0.02051422 0.69803922 0.69803922 0.69803922
v -0.85270661 0.21651347 -0.02445748 0.69803922 0.69803922 0.69803922
v -0.85710406 0.21610212 -0.02497148 0.69803922 0.69803922 0.69803922
v -0.85761249 0.21671008 -0.02107698 0.69803922 0.69803922 0.69803922
v -0.84917897 0.21718943 -0.02336681 0.69803922 0.69803922 0.69803922
v -0.84505546 0.21824926 -0.01976003 0.69803922 0.69803922 0.69803922
v -0.86020327 0.21211751 -0.01739859 0.69803922 0.69803922 0.69803922
v -0.86031485 0.21455821 -0.01804771 0.69803922 0.69803922 0.69803922
v -0.86150736 0.21571943 -0.02137520 0.69803922 0.69803922 0.69803922
v -0.86238045 0.21294595 -0.02175229 0.69803922 0.69803922 0.69803922
v -0.84312141 0.21186155 -0.01262277 0.69803922 0.69803922 0.69803922
v -0.84966177 0.21066038 -0.01364789 0.69803922 0.69803922 0.69803922
v -0.85511243 0.20954186 -0.01537213 0.69803922 0.69803922 0.69803922
v -0.85930675 0.20921193 -0.01803494 0.69803922 0.69803922 0.69803922
v -0.84867543 0.20742521 -0.01516822 0.69803922 0.69803922 0.69803922
v -0.85429984 0.20707387 -0.01730680 0.69803922 0.69803922 0.69803922
v -0.85778362 0.20711721 -0.01971338 0.69803922 0.69803922 0.69803922
v -0.84851277 0.20512946 -0.01855202 0.69803922 0.69803922 0.69803922
v -0.85405189 0.20558548 -0.02006374 0.69803922 0.69803922 0.69803922
v -0.84007478 0.20534445 -0.01714153 0.69803922 0.69803922 0.69803922
v -0.84094095 0.20810340 -0.01364143 0.69803922 0.69803922 0.69803922
v -0.85667843 0.20628606 -0.02110468 0.69803922 0.69803922 0.69803922
v -0.86123794 0.21001188 -0.02248913 0.69803922 0.69803922 0.69803922
v -0.85169202 0.21551678 -0.02721655 0.69803922 0.69803922 0.69803922
v -0.85667104 0.21451016 -0.02745044 0.69803922 0.69803922 0.69803922
v -0.85105669 0.21339433 -0.02901701 0.69803922 0.69803922 0.69803922
v -0.85618001 0.21225218 -0.02875764 0.69803922 0.69803922 0.69803922
v -0.86090267 0.21392331 -0.02619286 0.69803922 0.69803922 0.69803922
v -0.86058223 0.21590583 -0.02479586 0.69803922 0.69803922 0.69803922
v -0.83416051 0.20538853 -0.01669771 0.69803922 0.69803922 0.69803922
v -0.83482069 0.20473322 -0.02243575 0.69803922 0.69803922 0.69803922
v -0.84052151 0.20446239 -0.02269933 0.69803922 0.69803922 0.69803922
v -0.84860218 0.20409727 -0.02363233 0.69803922 0.69803922 0.69803922
v -0.84180731 0.20647210 -0.02739656 0.69803922 0.69803922 0.69803922
v -0.84423524 0.21081875 -0.02940416 0.69803922 0.69803922 0.69803922
v -0.85019094 0.21037439 -0.02932631 0.69803922 0.69803922 0.69803922
v -0.84907955 0.20658876 -0.02789681 0.69803922 0.69803922 0.69803922
v -0.85525244 0.20953104 -0.02865806 0.69803922 0.69803922 0.69803922
v -0.85452908 0.20695052 -0.02717577 0.69803922 0.69803922 0.69803922
v -0.85433280 0.20541552 -0.02379542 0.69803922 0.69803922 0.69803922
v -0.85852921 0.20879775 -0.02676149 0.69803922 0.69803922 0.69803922
v -0.86008197 0.21118119 -0.02687087 0.69803922 0.69803922 0.69803922
v -0.85933852 0.20796831 -0.02319880 0.69803922 0.69803922 0.69803922
v -0.85711330 0.20737846 -0.02606305 0.69803922 0.69803922 0.69803922
v -0.85720849 0.20667432 -0.02358571 0.69803922 0.69803922 0.69803922
v -0.82762581 0.20912647 -0.04727465 0.69803922 0.69803922 0.69803922
v -0.82717180 0.20783845 -0.05263518 0.69803922 0.69803922 0.69803922
v -0.81972575 0.20838223 -0.05091280 0.69803922 0.69803922 0.69803922
v -0.82032573 0.20957336 -0.04564909 0.69803922 0.69803922 0.69803922
v -0.82818687 0.22131217 -0.04414678 0.69803922 0.69803922 0.69803922
v -0.82829601 0.21590596 -0.04212877 0.69803922 0.69803922 0.69803922
v -0.82148653 0.21712597 -0.04080300 0.69803922 0.69803922 0.69803922
v -0.82137805 0.22248285 -0.04315163 0.69803922 0.69803922 0.69803922
v -0.82739449 0.22383741 -0.05005254 0.69803922 0.69803922 0.69803922
v -0.82062966 0.22508986 -0.04934255 0.69803922 0.69803922 0.69803922
v -0.81329906 0.22325268 -0.04161852 0.69803922 0.69803922 0.69803922
v -0.81339037 0.21758546 -0.03942941 0.69803922 0.69803922 0.69803922
v -0.79919738 0.21634151 -0.03808573 0.69803922 0.69803922 0.69803922
v -0.79916602 0.22248740 -0.03934965 0.69803922 0.69803922 0.69803922
v -0.79607701 0.20665593 -0.05356867 0.69803922 0.69803922 0.69803922
v -0.79751527 0.21110646 -0.05681222 0.69803922 0.69803922 0.69803922
v -0.82815742 0.21166733 -0.04358168 0.69803922 0.69803922 0.69803922
v -0.82107234 0.21251848 -0.04216440 0.69803922 0.69803922 0.69803922
v -0.81145865 0.21252333 -0.05793671 0.69803922 0.69803922 0.69803922
v -0.81107903 0.20853344 -0.05459495 0.69803922 0.69803922 0.69803922
v -0.81972021 0.20936622 -0.05584535 0.69803922 0.69803922 0.69803922
v -0.82003635 0.21290885 -0.05928922 0.69803922 0.69803922 0.69803922
v -0.79689616 0.20755869 -0.04129559 0.69803922 0.69803922 0.69803922
v -0.79585296 0.20590921 -0.04743083 0.69803922 0.69803922 0.69803922
v -0.79842228 0.21148816 -0.03872837 0.69803922 0.69803922 0.69803922
v -0.81193149 0.21818513 -0.05905593 0.69803922 0.69803922 0.69803922
v -0.81231546 0.22359847 -0.05573891 0.69803922 0.69803922 0.69803922
v -0.79835624 0.22415802 -0.05371048 0.69803922 0.69803922 0.69803922
v -0.79852813 0.21800239 -0.05727661 0.69803922 0.69803922 0.69803922
v -0.81271350 0.21254878 -0.04063689 0.69803922 0.69803922 0.69803922
v -0.81087774 0.20756456 -0.04935483 0.69803922 0.69803922 0.69803922
v -0.81172961 0.20896997 -0.04398125 0.69803922 0.69803922 0.69803922
v -0.81251508 0.22580723 -0.04820405 0.69803922 0.69803922 0.69803922
v -0.82036567 0.22262251 -0.05669221 0.69803922 0.69803922 0.69803922
v -0.83685982 0.21739841 -0.06100172 0.69803922 0.69803922 0.69803922
v -0.82742530 0.21755320 -0.06047946 0.69803922 0.69803922 0.69803922
v -0.82724506 0.21275730 -0.06082547 0.69803922 0.69803922 0.69803922
v -0.83707798 0.21294899 -0.06192349 0.69803922 0.69803922 0.69803922
v -0.82033664 0.21777007 -0.05980197 0.69803922 0.69803922 0.69803922
v -0.82727128 0.22196440 -0.05703117 0.69803922 0.69803922 0.69803922
v -0.83799404 0.20842513 -0.04945542 0.69803922 0.69803922 0.69803922
v -0.83767766 0.20758455 -0.05489422 0.69803922 0.69803922 0.69803922
v -0.83830553 0.21073435 -0.04571983 0.69803922 0.69803922 0.69803922
v -0.79854387 0.22673653 -0.04601901 0.69803922 0.69803922 0.69803922
v -0.83781558 0.21982396 -0.04571724 0.69803922 0.69803922 0.69803922
v -0.83820438 0.21454455 -0.04420829 0.69803922 0.69803922 0.69803922
v -0.82709587 0.20895275 -0.05765832 0.69803922 0.69803922 0.69803922
v -0.83710462 0.20879887 -0.05962588 0.69803922 0.69803922 0.69803922
v -0.83662707 0.22120984 -0.05760223 0.69803922 0.69803922 0.69803922
v -0.83668798 0.22266164 -0.05113939 0.69803922 0.69803922 0.69803922
v -0.84437954 0.22037132 -0.05844341 0.69803922 0.69803922 0.69803922
v -0.84474236 0.22167800 -0.05253286 0.69803922 0.69803922 0.69803922
v -0.84579951 0.21920165 -0.04725370 0.69803922 0.69803922 0.69803922
v -0.84532607 0.21411526 -0.04584789 0.69803922 0.69803922 0.69803922
v -0.84468484 0.21065988 -0.04736542 0.69803922 0.69803922 0.69803922
v -0.84430599 0.21715179 -0.06152678 0.69803922 0.69803922 0.69803922
v -0.84393078 0.21329947 -0.06239159 0.69803922 0.69803922 0.69803922
v -0.84327042 0.20924263 -0.06046543 0.69803922 0.69803922 0.69803922
v -0.85136741 0.21684687 -0.06253576 0.69803922 0.69803922 0.69803922
v -0.85254264 0.21992199 -0.05988859 0.69803922 0.69803922 0.69803922
v -0.86524791 0.21643443 -0.05143661 0.69803922 0.69803922 0.69803922
v -0.85979402 0.21728605 -0.04966308 0.69803922 0.69803922 0.69803922
v -0.86048418 0.21922334 -0.05237349 0.69803922 0.69803922 0.69803922
v -0.86554903 0.21919195 -0.05315981 0.69803922 0.69803922 0.69803922
v -0.85382617 0.21899445 -0.04924050 0.69803922 0.69803922 0.69803922
v -0.85682547 0.21987143 -0.05221087 0.69803922 0.69803922 0.69803922
v -0.85611546 0.22067557 -0.05524824 0.69803922 0.69803922 0.69803922
v -0.86040926 0.22091660 -0.05627502 0.69803922 0.69803922 0.69803922
v -0.85961884 0.21989563 -0.06002834 0.69803922 0.69803922 0.69803922
v -0.86463463 0.22005203 -0.06125696 0.69803922 0.69803922 0.69803922
v -0.86570179 0.22134936 -0.05725795 0.69803922 0.69803922 0.69803922
v -0.85594261 0.22019097 -0.05861347 0.69803922 0.69803922 0.69803922
v -0.86933887 0.21917810 -0.05446129 0.69803922 0.69803922 0.69803922
v -0.86954480 0.21665044 -0.05451617 0.69803922 0.69803922 0.69803922
v -0.85182160 0.22123629 -0.05416307 0.69803922 0.69803922 0.69803922
v -0.85165501 0.21422864 -0.04721987 0.69803922 0.69803922 0.69803922
v -0.85852385 0.21369633 -0.04887488 0.69803922 0.69803922 0.69803922
v -0.86447859 0.21323742 -0.05169871 0.69803922 0.69803922 0.69803922
v -0.86869586 0.21356027 -0.05538479 0.69803922 0.69803922 0.69803922
v -0.85765535 0.21025965 -0.05062546 0.69803922 0.69803922 0.69803922
v -0.86375022 0.21052568 -0.05335256 0.69803922 0.69803922 0.69803922
v -0.86731184 0.21140726 -0.05653015 0.69803922 0.69803922 0.69803922
v -0.85701352 0.20788199 -0.05413910 0.69803922 0.69803922 0.69803922
v -0.86321968 0.20891126 -0.05617151 0.69803922 0.69803922 0.69803922
v -0.84898108 0.20821996 -0.05215019 0.69803922 0.69803922 0.69803922
v -0.85008025 0.21059716 -0.04860027 0.69803922 0.69803922 0.69803922
v -0.86600101 0.21027935 -0.05761575 0.69803922 0.69803922 0.69803922
v -0.87152725 0.21808958 -0.05893528 0.69803922 0.69803922 0.69803922
v -0.87045336 0.21494658 -0.05958400 0.69803922 0.69803922 0.69803922
v -0.87078583 0.22123463 -0.05798597 0.69803922 0.69803922 0.69803922
v -0.85868329 0.21819848 -0.06187662 0.69803922 0.69803922 0.69803922
v -0.86411095 0.21801902 -0.06301977 0.69803922 0.69803922 0.69803922
v -0.85800076 0.21652296 -0.06377140 0.69803922 0.69803922 0.69803922
v -0.86388296 0.21632133 -0.06454911 0.69803922 0.69803922 0.69803922
v -0.86901277 0.21847183 -0.06274907 0.69803922 0.69803922 0.69803922
v -0.86870217 0.22044626 -0.06156777 0.69803922 0.69803922 0.69803922
v -0.84396636 0.20846002 -0.05091005 0.69803922 0.69803922 0.69803922
v -0.84343415 0.20781882 -0.05589810 0.69803922 0.69803922 0.69803922
v -0.84843177 0.20731667 -0.05709358 0.69803922 0.69803922 0.69803922
v -0.85650158 0.20718504 -0.05906037 0.69803922 0.69803922 0.69803922
v -0.84833527 0.20916320 -0.06141603 0.69803922 0.69803922 0.69803922
v -0.85004729 0.21332520 -0.06325120 0.69803922 0.69803922 0.69803922
v -0.85708034 0.21338305 -0.06424249 0.69803922 0.69803922 0.69803922
v -0.85629588 0.20960847 -0.06292317 0.69803922 0.69803922 0.69803922
v -0.86305612 0.21355343 -0.06444459 0.69803922 0.69803922 0.69803922
v -0.86234599 0.21048746 -0.06326731 0.69803922 0.69803922 0.69803922
v -0.86255318 0.20863724 -0.06006639 0.69803922 0.69803922 0.69803922
v -0.86707640 0.21332653 -0.06330367 0.69803922 0.69803922 0.69803922
v -0.86855066 0.21596400 -0.06353819 0.69803922 0.69803922 0.69803922
v -0.86839825 0.21234055 -0.06002565 0.69803922 0.69803922 0.69803922
v -0.86558151 0.21127553 -0.06264120 0.69803922 0.69803922 0.69803922
v -0.86608845 0.21051797 -0.06021962 0.69803922 0.69803922 0.69803922
v -0.81597549 0.20765130 -0.07168829 0.69803922 0.69803922 0.69803922
v -0.81423765 0.20470349 -0.07597758 0.69803922 0.69803922 0.69803922
v -0.80832404 0.20547637 -0.07408258 0.69803922 0.69803922 0.69803922
v -0.81026423 0.20807926 -0.06975664 0.69803922 0.69803922 0.69803922
v -0.81658393 0.21922442 -0.07211512 0.69803922 0.69803922 0.69803922
v -0.81730860 0.21611877 -0.07018513 0.69803922 0.69803922 0.69803922
v -0.81137747 0.21674369 -0.06780745 0.69803922 0.69803922 0.69803922
v -0.81003869 0.22050278 -0.06962597 0.69803922 0.69803922 0.69803922
v -0.81511730 0.22038086 -0.07681210 0.69803922 0.69803922 0.69803922
v -0.80797154 0.22151048 -0.07477976 0.69803922 0.69803922 0.69803922
v -0.80345225 0.22111461 -0.06735095 0.69803922 0.69803922 0.69803922
v -0.80520838 0.21664976 -0.06545191 0.69803922 0.69803922 0.69803922
v -0.79525757 0.21595080 -0.06268936 0.69803922 0.69803922 0.69803922
v -0.79356968 0.22121702 -0.06447352 0.69803922 0.69803922 0.69803922
v -0.81721187 0.21199413 -0.07007000 0.69803922 0.69803922 0.69803922
v -0.81140876 0.21234481 -0.06791445 0.69803922 0.69803922 0.69803922
v -0.79913831 0.20683573 -0.07945638 0.69803922 0.69803922 0.69803922
v -0.79977369 0.20454259 -0.07642289 0.69803922 0.69803922 0.69803922
v -0.80688047 0.20530987 -0.07852758 0.69803922 0.69803922 0.69803922
v -0.80623603 0.20753394 -0.08135714 0.69803922 0.69803922 0.69803922
v -0.79184294 0.20649439 -0.06421539 0.69803922 0.69803922 0.69803922
v -0.78916270 0.20401156 -0.06841061 0.69803922 0.69803922 0.69803922
v -0.79426956 0.21072760 -0.06266047 0.69803922 0.69803922 0.69803922
v -0.79912329 0.21224120 -0.08077741 0.69803922 0.69803922 0.69803922
v -0.79934973 0.21866758 -0.07880062 0.69803922 0.69803922 0.69803922
v -0.78841609 0.21798833 -0.07601859 0.69803922 0.69803922 0.69803922
v -0.78770912 0.21127649 -0.07720635 0.69803922 0.69803922 0.69803922
v -0.80529088 0.21179290 -0.06564710 0.69803922 0.69803922 0.69803922
v -0.80147231 0.20450990 -0.07180297 0.69803922 0.69803922 0.69803922
v -0.80374593 0.20731930 -0.06746744 0.69803922 0.69803922 0.69803922
v -0.80082172 0.22206101 -0.07289763 0.69803922 0.69803922 0.69803922
v -0.80637950 0.21826325 -0.08044931 0.69803922 0.69803922 0.69803922
v -0.82287204 0.21251830 -0.08679482 0.69803922 0.69803922 0.69803922
v -0.81260401 0.21238415 -0.08437399 0.69803922 0.69803922 0.69803922
v -0.81246036 0.20725727 -0.08374617 0.69803922 0.69803922 0.69803922
v -0.82262832 0.20792301 -0.08663695 0.69803922 0.69803922 0.69803922
v -0.80600417 0.21237887 -0.08273670 0.69803922 0.69803922 0.69803922
v -0.81358391 0.21767911 -0.08202947 0.69803922 0.69803922 0.69803922
v -0.82487911 0.20673756 -0.07487691 0.69803922 0.69803922 0.69803922
v -0.82347745 0.20435308 -0.07916775 0.69803922 0.69803922 0.69803922
v -0.82605815 0.21077865 -0.07324490 0.69803922 0.69803922 0.69803922
v -0.79065937 0.22246176 -0.07031094 0.69803922 0.69803922 0.69803922
v -0.78724605 0.20555200 -0.07626582 0.69803922 0.69803922 0.69803922
v -0.82623035 0.21759133 -0.07500719 0.69803922 0.69803922 0.69803922
v -0.82653391 0.21461198 -0.07321105 0.69803922 0.69803922 0.69803922
v -0.81278861 0.20452723 -0.08073837 0.69803922 0.69803922 0.69803922
v -0.82239801 0.20460290 -0.08391744 0.69803922 0.69803922 0.69803922
v -0.82362074 0.21702765 -0.08434675 0.69803922 0.69803922 0.69803922
v -0.82481086 0.21924905 -0.07927877 0.69803922 0.69803922 0.69803922
v -0.83040088 0.21667860 -0.08629723 0.69803922 0.69803922 0.69803922
v -0.83169675 0.21856198 -0.08125319 0.69803922 0.69803922 0.69803922
v -0.83326042 0.21703207 -0.07692456 0.69803922 0.69803922 0.69803922
v -0.83306682 0.21363224 -0.07524961 0.69803922 0.69803922 0.69803922
v -0.83197743 0.20999393 -0.07542581 0.69803922 0.69803922 0.69803922
v -0.82980162 0.21236527 -0.08846784 0.69803922 0.69803922 0.69803922
v -0.82927746 0.20841521 -0.08813761 0.69803922 0.69803922 0.69803922
v -0.82824737 0.20500256 -0.08545060 0.69803922 0.69803922 0.69803922
v -0.83477557 0.21205935 -0.09005953 0.69803922 0.69803922 0.69803922
v -0.83651674 0.21592070 -0.08783475 0.69803922 0.69803922 0.69803922
v -0.85049278 0.21433617 -0.08130407 0.69803922 0.69803922 0.69803922
v -0.84574574 0.21479742 -0.07961150 0.69803922 0.69803922 0.69803922
v -0.84566075 0.21576542 -0.08182354 0.69803922 0.69803922 0.69803922
v -0.85021836 0.21594022 -0.08302782 0.69803922 0.69803922 0.69803922
v -0.83979779 0.21645626 -0.07892937 0.69803922 0.69803922 0.69803922
v -0.84212059 0.21660656 -0.08125761 0.69803922 0.69803922 0.69803922
v -0.84065759 0.21737897 -0.08399581 0.69803922 0.69803922 0.69803922
v -0.84484172 0.21733989 -0.08531093 0.69803922 0.69803922 0.69803922
v -0.84285593 0.21550085 -0.08861995 0.69803922 0.69803922 0.69803922
v -0.84726286 0.21545070 -0.08999329 0.69803922 0.69803922 0.69803922
v -0.84936744 0.21721049 -0.08662345 0.69803922 0.69803922 0.69803922
v -0.83979464 0.21650909 -0.08706746 0.69803922 0.69803922 0.69803922
v -0.85316974 0.21600012 -0.08442433 0.69803922 0.69803922 0.69803922
v -0.85395366 0.21428296 -0.08382254 0.69803922 0.69803922 0.69803922
v -0.83709484 0.21787935 -0.08290531 0.69803922 0.69803922 0.69803922
v -0.83860207 0.21296744 -0.07667215 0.69803922 0.69803922 0.69803922
v -0.84469372 0.21197374 -0.07825454 0.69803922 0.69803922 0.69803922
v -0.85001922 0.21148261 -0.08056369 0.69803922 0.69803922 0.69803922
v -0.85306507 0.21127176 -0.08364613 0.69803922 0.69803922 0.69803922
v -0.84320027 0.20870525 -0.07884328 0.69803922 0.69803922 0.69803922
v -0.84851557 0.20845388 -0.08117373 0.69803922 0.69803922 0.69803922
v -0.85119700 0.20850757 -0.08390228 0.69803922 0.69803922 0.69803922
v -0.84149462 0.20590134 -0.08078055 0.69803922 0.69803922 0.69803922
v -0.84697515 0.20629887 -0.08295127 0.69803922 0.69803922 0.69803922
v -0.83507198 0.20641544 -0.07883453 0.69803922 0.69803922 0.69803922
v -0.83694166 0.20937465 -0.07699135 0.69803922 0.69803922 0.69803922
v -0.84943986 0.20708394 -0.08450191 0.69803922 0.69803922 0.69803922
v -0.85412496 0.21440223 -0.08804877 0.69803922 0.69803922 0.69803922
v -0.85322785 0.21110582 -0.08815319 0.69803922 0.69803922 0.69803922
v -0.85306740 0.21681942 -0.08767367 0.69803922 0.69803922 0.69803922
v -0.84137279 0.21398485 -0.09038177 0.69803922 0.69803922 0.69803922
v -0.84622967 0.21349160 -0.09147345 0.69803922 0.69803922 0.69803922
v -0.84022564 0.21118616 -0.09122911 0.69803922 0.69803922 0.69803922
v -0.84560531 0.21099849 -0.09204973 0.69803922 0.69803922 0.69803922
v -0.85062051 0.21385828 -0.09123293 0.69803922 0.69803922 0.69803922
v -0.85063523 0.21566088 -0.09032180 0.69803922 0.69803922 0.69803922
v -0.83040059 0.20671719 -0.07717726 0.69803922 0.69803922 0.69803922
v -0.82877624 0.20473701 -0.08091713 0.69803922 0.69803922 0.69803922
v -0.83344263 0.20461364 -0.08230644 0.69803922 0.69803922 0.69803922
v -0.84022158 0.20428604 -0.08444845 0.69803922 0.69803922 0.69803922
v -0.83276540 0.20498772 -0.08658558 0.69803922 0.69803922 0.69803922
v -0.83388042 0.20825626 -0.08922356 0.69803922 0.69803922 0.69803922
v -0.83952719 0.20805585 -0.09063808 0.69803922 0.69803922 0.69803922
v -0.83919853 0.20506224 -0.08842952 0.69803922 0.69803922 0.69803922
v -0.84497726 0.20827854 -0.09143168 0.69803922 0.69803922 0.69803922
v -0.84482431 0.20577471 -0.08963624 0.69803922 0.69803922 0.69803922
v -0.84581447 0.20509459 -0.08616739 0.69803922 0.69803922 0.69803922
v -0.84893471 0.20856670 -0.09072164 0.69803922 0.69803922 0.69803922
v -0.84994465 0.21115835 -0.09144551 0.69803922 0.69803922 0.69803922
v -0.85123527 0.20848285 -0.08765315 0.69803922 0.69803922 0.69803922
v -0.84782159 0.20676619 -0.08956517 0.69803922 0.69803922 0.69803922
v -0.84903967 0.20670293 -0.08702002 0.69803922 0.69803922 0.69803922
v -0.78744745 0.20391683 -0.07290601 0.69803922 0.69803922 0.69803922
v -0.79130173 0.20356460 -0.09554421 0.69803922 0.69803922 0.69803922
v -0.78910077 0.20125763 -0.09806111 0.69803922 0.69803922 0.69803922
v -0.78501093 0.20173992 -0.09532034 0.69803922 0.69803922 0.69803922
v -0.78704780 0.20390594 -0.09289715 0.69803922 0.69803922 0.69803922
v -0.79211158 0.21407652 -0.09797027 0.69803922 0.69803922 0.69803922
v -0.79341787 0.21115761 -0.09528595 0.69803922 0.69803922 0.69803922
v -0.78893244 0.21176717 -0.09207904 0.69803922 0.69803922 0.69803922
v -0.78747761 0.21509466 -0.09475590 0.69803922 0.69803922 0.69803922
v -0.78915852 0.21374041 -0.10239070 0.69803922 0.69803922 0.69803922
v -0.78433180 0.21479386 -0.09940276 0.69803922 0.69803922 0.69803922
v -0.78208035 0.21527739 -0.09086019 0.69803922 0.69803922 0.69803922
v -0.78388679 0.21160506 -0.08816329 0.69803922 0.69803922 0.69803922
v -0.77568716 0.21100074 -0.08253894 0.69803922 0.69803922 0.69803922
v -0.77317810 0.21550621 -0.08450074 0.69803922 0.69803922 0.69803922
v -0.76134664 0.20092013 -0.09042319 0.69803922 0.69803922 0.69803922
v -0.76273239 0.19845808 -0.08670341 0.69803922 0.69803922 0.69803922
v -0.76956797 0.19914252 -0.09028056 0.69803922 0.69803922 0.69803922
v -0.76727849 0.20061974 -0.09368900 0.69803922 0.69803922 0.69803922
v -0.79293782 0.20717606 -0.09467457 0.69803922 0.69803922 0.69803922
v -0.78864747 0.20750682 -0.09160967 0.69803922 0.69803922 0.69803922
v -0.77610648 0.20129374 -0.09859542 0.69803922 0.69803922 0.69803922
v -0.77831298 0.20009269 -0.09536187 0.69803922 0.69803922 0.69803922
v -0.78296822 0.20085563 -0.09842077 0.69803922 0.69803922 0.69803922
v -0.78113741 0.20184301 -0.10156708 0.69803922 0.69803922 0.69803922
v -0.76576632 0.19821480 -0.08278500 0.69803922 0.69803922 0.69803922
v -0.76935780 0.19962008 -0.07927468 0.69803922 0.69803922 0.69803922
v -0.77417231 0.20203403 -0.08382360 0.69803922 0.69803922 0.69803922
v -0.77209181 0.19981213 -0.08685015 0.69803922 0.69803922 0.69803922
v -0.77560025 0.20564024 -0.08273184 0.69803922 0.69803922 0.69803922
v -0.77505970 0.20502360 -0.10039830 0.69803922 0.69803922 0.69803922
v -0.77605921 0.21054490 -0.09947798 0.69803922 0.69803922 0.69803922
v -0.76612151 0.21040608 -0.09442569 0.69803922 0.69803922 0.69803922
v -0.76615566 0.20460765 -0.09523098 0.69803922 0.69803922 0.69803922
v -0.78374195 0.20707281 -0.08822957 0.69803922 0.69803922 0.69803922
v -0.78051615 0.20102185 -0.09210198 0.69803922 0.69803922 0.69803922
v -0.78246987 0.20340650 -0.08940557 0.69803922 0.69803922 0.69803922
v -0.77863115 0.21527168 -0.09560496 0.69803922 0.69803922 0.69803922
v -0.78172672 0.21047828 -0.10276127 0.69803922 0.69803922 0.69803922
v -0.79099029 0.20422347 -0.11003911 0.69803922 0.69803922 0.69803922
v -0.78480661 0.20496261 -0.10645028 0.69803922 0.69803922 0.69803922
v -0.78508890 0.20129819 -0.10475147 0.69803922 0.69803922 0.69803922
v -0.79093140 0.20095541 -0.10854632 0.69803922 0.69803922 0.69803922
v -0.78045011 0.20534669 -0.10345922 0.69803922 0.69803922 0.69803922
v -0.78636122 0.20975225 -0.10568683 0.69803922 0.69803922 0.69803922
v -0.79715914 0.20290755 -0.09905023 0.69803922 0.69803922 0.69803922
v -0.79464579 0.20052336 -0.10155636 0.69803922 0.69803922 0.69803922
v -0.79862112 0.20638455 -0.09833984 0.69803922 0.69803922 0.69803922
v -0.76914871 0.21653059 -0.08968755 0.69803922 0.69803922 0.69803922
v -0.79830110 0.21276501 -0.10159584 0.69803922 0.69803922 0.69803922
v -0.79928970 0.20990302 -0.09909436 0.69803922 0.69803922 0.69803922
v -0.78691304 0.20033105 -0.10132489 0.69803922 0.69803922 0.69803922
v -0.79240048 0.19975837 -0.10518282 0.69803922 0.69803922 0.69803922
v -0.79258305 0.20875058 -0.10924694 0.69803922 0.69803922 0.69803922
v -0.79531425 0.21248442 -0.10576500 0.69803922 0.69803922 0.69803922
v -0.79768384 0.20829566 -0.11216905 0.69803922 0.69803922 0.69803922
v -0.80028826 0.21202707 -0.10868467 0.69803922 0.69803922 0.69803922
v -0.80308294 0.21197529 -0.10426214 0.69803922 0.69803922 0.69803922
v -0.80368537 0.20926359 -0.10154556 0.69803922 0.69803922 0.69803922
v -0.80245501 0.20585060 -0.10083871 0.69803922 0.69803922 0.69803922
v -0.79599553 0.20377767 -0.11274552 0.69803922 0.69803922 0.69803922
v -0.79571873 0.20098133 -0.11089268 0.69803922 0.69803922 0.69803922
v -0.79653776 0.20002457 -0.10751691 0.69803922 0.69803922 0.69803922
v -0.80064118 0.20383623 -0.11451195 0.69803922 0.69803922 0.69803922
v -0.80296987 0.20821697 -0.11428683 0.69803922 0.69803922 0.69803922
v -0.81620997 0.20837857 -0.10962203 0.69803922 0.69803922 0.69803922
v -0.81262517 0.20931751 -0.10768759 0.69803922 0.69803922 0.69803922
v -0.81216198 0.21001041 -0.10982538 0.69803922 0.69803922 0.69803922
v -0.81550181 0.20973305 -0.11114502 0.69803922 0.69803922 0.69803922
v -0.80765116 0.21093445 -0.10677397 0.69803922 0.69803922 0.69803922
v -0.80901253 0.21086586 -0.10909891 0.69803922 0.69803922 0.69803922
v -0.80703413 0.21081361 -0.11147824 0.69803922 0.69803922 0.69803922
v -0.81038928 0.21069452 -0.11280482 0.69803922 0.69803922 0.69803922
v -0.80842590 0.20840618 -0.11562873 0.69803922 0.69803922 0.69803922
v -0.81201273 0.20789315 -0.11723109 0.69803922 0.69803922 0.69803922
v -0.81397581 0.21051784 -0.11448973 0.69803922 0.69803922 0.69803922
v -0.80600971 0.20949474 -0.11410972 0.69803922 0.69803922 0.69803922
v -0.81783718 0.20972209 -0.11272383 0.69803922 0.69803922 0.69803922
v -0.81879693 0.20804816 -0.11225429 0.69803922 0.69803922 0.69803922
v -0.80432987 0.21134932 -0.11045501 0.69803922 0.69803922 0.69803922
v -0.80758625 0.20859727 -0.10396505 0.69803922 0.69803922 0.69803922
v -0.81240410 0.20749256 -0.10620648 0.69803922 0.69803922 0.69803922
v -0.81662190 0.20635822 -0.10886230 0.69803922 0.69803922 0.69803922
v -0.81863916 0.20542812 -0.11204279 0.69803922 0.69803922 0.69803922
v -0.81095123 0.20503809 -0.10568583 0.69803922 0.69803922 0.69803922
v -0.81531346 0.20412977 -0.10866867 0.69803922 0.69803922 0.69803922
v -0.81709504 0.20341238 -0.11165727 0.69803922 0.69803922 0.69803922
v -0.80886596 0.20248947 -0.10623781 0.69803922 0.69803922 0.69803922
v -0.81340802 0.20216256 -0.10915671 0.69803922 0.69803922 0.69803922
v -0.80393851 0.20279609 -0.10368218 0.69803922 0.69803922 0.69803922
v -0.80607867 0.20572956 -0.10309955 0.69803922 0.69803922 0.69803922
v -0.81552839 0.20229417 -0.11127295 0.69803922 0.69803922 0.69803922
v -0.81809402 0.20724313 -0.11601510 0.69803922 0.69803922 0.69803922
v -0.81779301 0.20462400 -0.11524519 0.69803922 0.69803922 0.69803922
v -0.81693351 0.20987478 -0.11600731 0.69803922 0.69803922 0.69803922
v -0.80695981 0.20636512 -0.11667888 0.69803922 0.69803922 0.69803922
v -0.81138784 0.20556460 -0.11816619 0.69803922 0.69803922 0.69803922
v -0.80541128 0.20343964 -0.11622705 0.69803922 0.69803922 0.69803922
v -0.81080520 0.20302586 -0.11755046 0.69803922 0.69803922 0.69803922
v -0.81515926 0.20601125 -0.11811031 0.69803922 0.69803922 0.69803922
v -0.81475765 0.20803550 -0.11791477 0.69803922 0.69803922 0.69803922
v -0.80067980 0.20272943 -0.10155766 0.69803922 0.69803922 0.69803922
v -0.79840219 0.20060915 -0.10398195 0.69803922 0.69803922 0.69803922
v -0.80170685 0.20052850 -0.10592911 0.69803922 0.69803922 0.69803922
v -0.80669165 0.20038560 -0.10829429 0.69803922 0.69803922 0.69803922
v -0.80020344 0.19988137 -0.10939284 0.69803922 0.69803922 0.69803922
v -0.79979438 0.20102613 -0.11261325 0.69803922 0.69803922 0.69803922
v -0.80510193 0.20094375 -0.11465403 0.69803922 0.69803922 0.69803922
v -0.80543143 0.19959983 -0.11165038 0.69803922 0.69803922 0.69803922
v -0.81067008 0.20111054 -0.11591288 0.69803922 0.69803922 0.69803922
v -0.81089061 0.20011504 -0.11349697 0.69803922 0.69803922 0.69803922
v -0.81186414 0.20065549 -0.11083532 0.69803922 0.69803922 0.69803922
v -0.81462204 0.20200944 -0.11557763 0.69803922 0.69803922 0.69803922
v -0.81511855 0.20363970 -0.11719555 0.69803922 0.69803922 0.69803922
v -0.81667453 0.20280528 -0.11401480 0.69803922 0.69803922 0.69803922
v -0.81397736 0.20110427 -0.11411434 0.69803922 0.69803922 0.69803922
v -0.81509042 0.20159671 -0.11273582 0.69803922 0.69803922 0.69803922
v -0.76125485 0.20432436 -0.09222499 0.69803922 0.69803922 0.69803922
v -0.75680560 0.20497482 0.01725908 0.69803922 0.69803922 0.69803922
v -0.75870734 0.20273566 0.01326018 0.69803922 0.69803922 0.69803922
v -0.75379866 0.18744424 0.01360390 0.69803922 0.69803922 0.69803922
v -0.75729245 0.19226594 0.01072583 0.69803922 0.69803922 0.69803922
v -0.74995035 0.18652931 0.01877629 0.69803922 0.69803922 0.69803922
v -0.74815732 0.19368163 0.02582121 0.69803922 0.69803922 0.69803922
v -0.74823987 0.18928206 0.02322396 0.69803922 0.69803922 0.69803922
v -0.75921243 0.19843787 0.01092765 0.69803922 0.69803922 0.69803922
v -0.75363010 0.20453016 0.02215043 0.69803922 0.69803922 0.69803922
v -0.75010866 0.19968240 0.02546133 0.69803922 0.69803922 0.69803922
v -0.76201898 0.20362680 0.02776327 0.69803922 0.69803922 0.69803922
v -0.75889331 0.19849876 0.03124172 0.69803922 0.69803922 0.69803922
v -0.75648379 0.19194819 0.03175948 0.69803922 0.69803922 0.69803922
v -0.75573969 0.18728295 0.02808374 0.69803922 0.69803922 0.69803922
v -0.75633538 0.18491377 0.02287636 0.69803922 0.69803922 0.69803922
v -0.76443702 0.20446558 0.02227347 0.69803922 0.69803922 0.69803922
v -0.76538843 0.20210075 0.01727638 0.69803922 0.69803922 0.69803922
v -0.76441497 0.19681643 0.01470017 0.69803922 0.69803922 0.69803922
v -0.77176154 0.20372085 0.02703987 0.69803922 0.69803922 0.69803922
v -0.77222598 0.20289481 0.03417289 0.69803922 0.69803922 0.69803922
v -0.77553213 0.18841420 0.04261782 0.69803922 0.69803922 0.69803922
v -0.77088785 0.18881074 0.04011134 0.69803922 0.69803922 0.69803922
v -0.77223307 0.19254111 0.04184006 0.69803922 0.69803922 0.69803922
v -0.77555615 0.19225729 0.04460273 0.69803922 0.69803922 0.69803922
v -0.76609492 0.19099870 0.03740116 0.69803922 0.69803922 0.69803922
v -0.77006304 0.19354533 0.03997627 0.69803922 0.69803922 0.69803922
v -0.77188271 0.19799224 0.03980722 0.69803922 0.69803922 0.69803922
v -0.77419215 0.19803026 0.04214691 0.69803922 0.69803922 0.69803922
v -0.77406096 0.20150115 0.03853951 0.69803922 0.69803922 0.69803922
v -0.77695590 0.20228861 0.03994313 0.69803922 0.69803922 0.69803922
v -0.77742761 0.19777332 0.04520294 0.69803922 0.69803922 0.69803922
v -0.77908969 0.19259626 0.04647493 0.69803922 0.69803922 0.69803922
v -0.78103632 0.19661471 0.04659125 0.69803922 0.69803922 0.69803922
v -0.78028131 0.18988593 0.04493107 0.69803922 0.69803922 0.69803922
v -0.76821822 0.19779295 0.03670872 0.69803922 0.69803922 0.69803922
v -0.76301754 0.18630132 0.03264186 0.69803922 0.69803922 0.69803922
v -0.76997894 0.18557197 0.03664297 0.69803922 0.69803922 0.69803922
v -0.77636719 0.18572855 0.03956651 0.69803922 0.69803922 0.69803922
v -0.78171074 0.18800621 0.04118687 0.69803922 0.69803922 0.69803922
v -0.77074039 0.18374002 0.03153080 0.69803922 0.69803922 0.69803922
v -0.77779001 0.18507753 0.03494084 0.69803922 0.69803922 0.69803922
v -0.78199071 0.18780367 0.03695970 0.69803922 0.69803922 0.69803922
v -0.77286571 0.18536590 0.02674586 0.69803922 0.69803922 0.69803922
v -0.77910423 0.18687163 0.03142474 0.69803922 0.69803922 0.69803922
v -0.76425093 0.18508972 0.02114497 0.69803922 0.69803922 0.69803922
v -0.76265842 0.18379852 0.02696312 0.69803922 0.69803922 0.69803922
v -0.78188604 0.18832150 0.03402931 0.69803922 0.69803922 0.69803922
v -0.78436893 0.19435398 0.04507946 0.69803922 0.69803922 0.69803922
v -0.78524542 0.19256900 0.04074134 0.69803922 0.69803922 0.69803922
v -0.77828866 0.20316018 0.03601788 0.69803922 0.69803922 0.69803922
v -0.78010684 0.20174736 0.04238341 0.69803922 0.69803922 0.69803922
v -0.78237712 0.20201245 0.03873916 0.69803922 0.69803922 0.69803922
v -0.77865064 0.20262304 0.03111641 0.69803922 0.69803922 0.69803922
v -0.78344327 0.20036271 0.03482746 0.69803922 0.69803922 0.69803922
v -0.78483027 0.19948736 0.04201983 0.69803922 0.69803922 0.69803922
v -0.78244239 0.20031415 0.04463119 0.69803922 0.69803922 0.69803922
v -0.75862753 0.18599899 0.01753099 0.69803922 0.69803922 0.69803922
v -0.76186055 0.19057029 0.01471443 0.69803922 0.69803922 0.69803922
v -0.76726919 0.19012199 0.01811642 0.69803922 0.69803922 0.69803922
v -0.77516860 0.18997829 0.02365543 0.69803922 0.69803922 0.69803922
v -0.77023637 0.19639660 0.01826083 0.69803922 0.69803922 0.69803922
v -0.77182192 0.20178153 0.02159619 0.69803922 0.69803922 0.69803922
v -0.77884394 0.19997904 0.02687856 0.69803922 0.69803922 0.69803922
v -0.77763659 0.19541715 0.02390557 0.69803922 0.69803922 0.69803922
v -0.78341329 0.19768842 0.03160390 0.69803922 0.69803922 0.69803922
v -0.78226447 0.19420600 0.02953989 0.69803922 0.69803922 0.69803922
v -0.78071040 0.19024852 0.02961845 0.69803922 0.69803922 0.69803922
v -0.78503376 0.19498025 0.03494684 0.69803922 0.69803922 0.69803922
v -0.78579080 0.19728138 0.03827683 0.69803922 0.69803922 0.69803922
v -0.78448814 0.19149390 0.03678931 0.69803922 0.69803922 0.69803922
v -0.78384668 0.19334294 0.03283136 0.69803922 0.69803922 0.69803922
v -0.78314251 0.19077894 0.03355394 0.69803922 0.69803922 0.69803922
v -0.75719249 0.19631037 -0.08500624 0.69803922 0.69803922 0.69803922
v -0.76005286 0.19545203 -0.07957874 0.69803922 0.69803922 0.69803922
v -0.75268435 0.19413501 -0.07788642 0.69803922 0.69803922 0.69803922
v -0.74371380 0.19289255 -0.07647938 0.69803922 0.69803922 0.69803922
v -0.73452878 0.19473296 -0.08096379 0.69803922 0.69803922 0.69803922
v -0.74544632 0.19379218 -0.06987591 0.69803922 0.69803922 0.69803922
v -0.75449657 0.19495885 -0.07164878 0.69803922 0.69803922 0.69803922
v -0.76443803 0.19687214 -0.07353619 0.69803922 0.69803922 0.69803922
v -0.73970497 0.19463854 -0.06306900 0.69803922 0.69803922 0.69803922
v -0.03988873 0.45149335 0.09563787 0.69803922 0.69803922 0.69803922
v -0.03675703 0.45247805 0.09766087 0.69803922 0.69803922 0.69803922
v -0.03877744 0.44518474 0.09527318 0.69803922 0.69803922 0.69803922
v -0.04145135 0.44547844 0.09322178 0.69803922 0.69803922 0.69803922
v -0.03167130 0.44532141 0.09814924 0.69803922 0.69803922 0.69803922
v -0.03574496 0.44497058 0.09712654 0.69803922 0.69803922 0.69803922
v -0.03200261 0.45312566 0.09914860 0.69803922 0.69803922 0.69803922
v -0.02647733 0.45277023 0.09907535 0.69803922 0.69803922 0.69803922
v -0.01858627 0.44874901 0.09652098 0.69803922 0.69803922 0.69803922
v -0.01689088 0.44727388 0.09642922 0.69803922 0.69803922 0.69803922
v -0.01772711 0.44626948 0.09688540 0.69803922 0.69803922 0.69803922
v -0.02003516 0.44625032 0.09710313 0.69803922 0.69803922 0.69803922
v -0.02374545 0.44590735 0.09811141 0.69803922 0.69803922 0.69803922
v -0.04467427 0.44781795 0.09055454 0.69803922 0.69803922 0.69803922
v -0.04380624 0.44913116 0.09183356 0.69803922 0.69803922 0.69803922
v -0.04219671 0.45030120 0.09353604 0.69803922 0.69803922 0.69803922
v -0.02768233 0.44560337 0.09853168 0.69803922 0.69803922 0.69803922
v -0.04338093 0.44602141 0.09147322 0.69803922 0.69803922 0.69803922
v -0.04448314 0.44676048 0.09044708 0.69803922 0.69803922 0.69803922
v -0.02190100 0.45126423 0.09764455 0.69803922 0.69803922 0.69803922
v -0.03200989 0.44775090 0.09837817 0.69803922 0.69803922 0.69803922
v -0.03599696 0.44745937 0.09699700 0.69803922 0.69803922 0.69803922
v -0.03230449 0.45046577 0.09864211 0.69803922 0.69803922 0.69803922
v -0.02746210 0.45044354 0.09885887 0.69803922 0.69803922 0.69803922
v -0.02165388 0.44763586 0.09761398 0.69803922 0.69803922 0.69803922
v -0.02419250 0.44769129 0.09825808 0.69803922 0.69803922 0.69803922
v -0.03902021 0.44724604 0.09515575 0.69803922 0.69803922 0.69803922
v -0.02792525 0.44781312 0.09870967 0.69803922 0.69803922 0.69803922
v -0.03655445 0.44999102 0.09718248 0.69803922 0.69803922 0.69803922
v -0.02343267 0.44967186 0.09819022 0.69803922 0.69803922 0.69803922
v -0.02108387 0.44869334 0.09739017 0.69803922 0.69803922 0.69803922
v -0.04386379 0.44774053 0.09115992 0.69803922 0.69803922 0.69803922
v -0.04374360 0.44732314 0.09112783 0.69803922 0.69803922 0.69803922
v -0.01424691 0.21022628 0.07691791 0.69803922 0.69803922 0.69803922
v -0.01560410 0.19391744 0.08706344 0.69803922 0.69803922 0.69803922
v -0.03936866 0.44942766 0.09517779 0.69803922 0.69803922 0.69803922
v -0.04279072 0.44724882 0.09202629 0.69803922 0.69803922 0.69803922
v -0.04118901 0.44725743 0.09340426 0.69803922 0.69803922 0.69803922
v -0.04149142 0.44883823 0.09337783 0.69803922 0.69803922 0.69803922
v -0.04300052 0.44823590 0.09200261 0.69803922 0.69803922 0.69803922
v -0.29173261 0.20604990 0.02146800 0.69803922 0.69803922 0.69803922
v -0.29110163 0.22254641 0.02038937 0.69803922 0.69803922 0.69803922
v -0.29172352 0.25728327 -0.02186452 0.69803922 0.69803922 0.69803922
v -0.28752968 0.25522080 -0.04439979 0.69803922 0.69803922 0.69803922
v -0.06638367 -0.08225321 0.14325999 0.69803922 0.69803922 0.69803922
v -0.11239608 -0.03393335 -0.06443979 0.69803922 0.69803922 0.69803922
v -0.11599687 -0.01444616 -0.07150471 0.69803922 0.69803922 0.69803922
v -0.03699899 -0.01638784 -0.09269832 0.69803922 0.69803922 0.69803922
v -0.05729987 -0.02026960 -0.09150446 0.69803922 0.69803922 0.69803922
v -0.14575492 -0.05105919 0.05120236 0.69803922 0.69803922 0.69803922
v -0.14551106 -0.03191706 0.04934427 0.69803922 0.69803922 0.69803922
v -0.10327917 -0.06037735 0.10927913 0.69803922 0.69803922 0.69803922
v -0.10363118 -0.03898631 0.10726426 0.69803922 0.69803922 0.69803922
v -0.13727468 -0.07382310 0.07618526 0.69803922 0.69803922 0.69803922
v -0.08172791 -0.06748537 -0.07705302 0.69803922 0.69803922 0.69803922
v -0.10091069 -0.06953729 -0.06857827 0.69803922 0.69803922 0.69803922
v -0.09612408 -0.04933932 -0.07056408 0.69803922 0.69803922 0.69803922
v -0.07798452 -0.04613091 -0.08026168 0.69803922 0.69803922 0.69803922
v -0.01773909 -0.01334561 -0.08768155 0.69803922 0.69803922 0.69803922
v -0.01803209 -0.03652358 -0.07994039 0.69803922 0.69803922 0.69803922
v -0.15303303 -0.00996141 0.02239079 0.69803922 0.69803922 0.69803922
v -0.15353471 -0.00828215 -0.00522814 0.69803922 0.69803922 0.69803922
v -0.13574463 -0.00134731 -0.05541000 0.69803922 0.69803922 0.69803922
v -0.11976875 0.00515306 -0.07403733 0.69803922 0.69803922 0.69803922
v -0.10149913 0.01285055 -0.08717875 0.69803922 0.69803922 0.69803922
v -0.08149882 0.02091274 -0.09604970 0.69803922 0.69803922 0.69803922
v -0.08832739 -0.01727902 0.12229702 0.69803922 0.69803922 0.69803922
v -0.06892105 0.00347429 0.13025026 0.69803922 0.69803922 0.69803922
v -0.14576405 -0.01173719 0.04877266 0.69803922 0.69803922 0.69803922
v -0.02342610 -0.01670242 0.14782150 0.69803922 0.69803922 0.69803922
v -0.06469154 0.05162013 -0.10646376 0.69803922 0.69803922 0.69803922
v -0.04060648 0.05538389 -0.10891454 0.69803922 0.69803922 0.69803922
v -0.14795817 -0.00560114 -0.03167646 0.69803922 0.69803922 0.69803922
v -0.03163642 0.15231550 0.11451320 0.69803922 0.69803922 0.69803922
v -0.04967495 0.15497537 0.11275321 0.69803922 0.69803922 0.69803922
v -0.04894608 0.13967265 0.12328144 0.69803922 0.69803922 0.69803922
v -0.03097093 0.13608553 0.12393834 0.69803922 0.69803922 0.69803922
v -0.06577817 0.14126043 0.12146581 0.69803922 0.69803922 0.69803922
v -0.08191602 0.14201300 0.11828514 0.69803922 0.69803922 0.69803922
v -0.09681179 0.14190890 0.11404636 0.69803922 0.69803922 0.69803922
v -0.13159470 0.13654236 0.09648605 0.69803922 0.69803922 0.69803922
v -0.12154537 0.13883132 0.10280385 0.69803922 0.69803922 0.69803922
v -0.14706388 0.12816903 0.08190077 0.69803922 0.69803922 0.69803922
v -0.13998578 0.13341956 0.08970615 0.69803922 0.69803922 0.69803922
v -0.15219939 0.11833017 0.07241279 0.69803922 0.69803922 0.69803922
v -0.15531369 0.10672456 0.05976015 0.69803922 0.69803922 0.69803922
v -0.16053838 0.10872457 0.03703118 0.69803922 0.69803922 0.69803922
v -0.15872352 0.09505424 0.04456627 0.69803922 0.69803922 0.69803922
v -0.15274218 0.09344140 0.06828366 0.69803922 0.69803922 0.69803922
v -0.14936185 0.10554451 0.08041700 0.69803922 0.69803922 0.69803922
v -0.14402014 0.11486734 0.09004402 0.69803922 0.69803922 0.69803922
v -0.01673232 0.06905146 0.13595083 0.69803922 0.69803922 0.69803922
v -0.01427082 0.09353519 0.13511425 0.69803922 0.69803922 0.69803922
v -0.01237532 0.22594708 0.06780221 0.69803922 0.69803922 0.69803922
v -0.50009018 0.19801669 -0.07205859 0.69803922 0.69803922 0.69803922
v -0.62443870 0.22848405 -0.01428200 0.69803922 0.69803922 0.69803922
v -0.01656907 0.24642950 -0.09090301 0.69803922 0.69803922 0.69803922
v -0.03267762 0.25169837 -0.09195005 0.69803922 0.69803922 0.69803922
v -0.08716340 0.26687777 -0.07916132 0.69803922 0.69803922 0.69803922
v -0.09967967 0.27872884 -0.06024009 0.69803922 0.69803922 0.69803922
v -0.06714706 0.25835860 -0.08925532 0.69803922 0.69803922 0.69803922
v -0.04964069 0.24829681 -0.09475450 0.69803922 0.69803922 0.69803922
v -0.13164032 0.00569577 0.07132392 0.69803922 0.69803922 0.69803922
v -0.03477609 0.21547249 -0.10293056 0.69803922 0.69803922 0.69803922
v -0.05105410 0.23701738 -0.09936540 0.69803922 0.69803922 0.69803922
v -0.06986183 0.24751170 -0.09557762 0.69803922 0.69803922 0.69803922
v -0.09025781 0.25851732 -0.08477172 0.69803922 0.69803922 0.69803922
v -0.11098011 0.27001151 -0.06669801 0.69803922 0.69803922 0.69803922
v -0.12615292 0.26923057 -0.06031004 0.69803922 0.69803922 0.69803922
v -0.14761412 0.25411308 -0.06606781 0.69803922 0.69803922 0.69803922
v -0.15684620 0.25436115 -0.06087385 0.69803922 0.69803922 0.69803922
v -0.16705650 0.25550023 -0.05622994 0.69803922 0.69803922 0.69803922
v -0.16820280 0.26783869 -0.04054075 0.69803922 0.69803922 0.69803922
v -0.15708500 0.26709315 -0.04521329 0.69803922 0.69803922 0.69803922
v -0.25365955 0.25545555 -0.05178190 0.69803922 0.69803922 0.69803922
v -0.26857290 0.24977838 -0.05655977 0.69803922 0.69803922 0.69803922
v -0.27767533 0.24079989 -0.06383588 0.69803922 0.69803922 0.69803922
v -0.28243801 0.22932479 -0.07041185 0.69803922 0.69803922 0.69803922
v -0.28198463 0.21637394 -0.07518715 0.69803922 0.69803922 0.69803922
v -0.27635109 0.20349908 -0.07716144 0.69803922 0.69803922 0.69803922
v -0.26517203 0.19207503 -0.07571881 0.69803922 0.69803922 0.69803922
v -0.22518498 0.17122608 -0.06701807 0.69803922 0.69803922 0.69803922
v -0.21035211 0.16319060 -0.06402210 0.69803922 0.69803922 0.69803922
v -0.17826980 0.12748568 -0.06585941 0.69803922 0.69803922 0.69803922
v -0.17071722 0.11968099 -0.06872889 0.69803922 0.69803922 0.69803922
v -0.15140522 0.09253684 -0.07850536 0.69803922 0.69803922 0.69803922
v -0.14084536 0.07906651 -0.08245951 0.69803922 0.69803922 0.69803922
v -0.12874693 0.06459449 -0.08582663 0.69803922 0.69803922 0.69803922
v -0.10105448 -0.16602859 -0.08181918 0.69803922 0.69803922 0.69803922
v -0.12078464 -0.16414367 -0.07142626 0.69803922 0.69803922 0.69803922
v -0.11601768 -0.14703691 -0.06654764 0.69803922 0.69803922 0.69803922
v -0.09642253 -0.14906357 -0.07563594 0.69803922 0.69803922 0.69803922
v -0.04781967 -0.11070834 -0.07407089 0.69803922 0.69803922 0.69803922
v -0.02511908 -0.11089485 -0.07156759 0.69803922 0.69803922 0.69803922
v -0.16163647 -0.14710315 -0.01264070 0.69803922 0.69803922 0.69803922
v -0.16667581 -0.14997810 0.01303104 0.69803922 0.69803922 0.69803922
v -0.13474959 -0.14588860 -0.05292220 0.69803922 0.69803922 0.69803922
v -0.15008128 -0.14593597 -0.03506525 0.69803922 0.69803922 0.69803922
v -0.16455562 -0.15456602 0.03919230 0.69803922 0.69803922 0.69803922
v -0.10738388 -0.18398067 0.11971276 0.69803922 0.69803922 0.69803922
v -0.08762039 -0.18967618 0.13451183 0.69803922 0.69803922 0.69803922
v -0.04614556 -0.19718900 0.15501928 0.69803922 0.69803922 0.69803922
v -0.02570161 -0.19954188 0.16023162 0.69803922 0.69803922 0.69803922
v -0.15655045 -0.16154991 0.06319395 0.69803922 0.69803922 0.69803922
v -0.06688598 -0.19407311 0.14641237 0.69803922 0.69803922 0.69803922
v -0.14364417 -0.16972280 0.08399143 0.69803922 0.69803922 0.69803922
v -0.12659007 -0.17755106 0.10256197 0.69803922 0.69803922 0.69803922
v -0.06918798 -0.11071454 -0.07373129 0.69803922 0.69803922 0.69803922
v -0.07266605 -0.13147295 -0.07606488 0.69803922 0.69803922 0.69803922
v -0.09257811 -0.13026796 -0.07196110 0.69803922 0.69803922 0.69803922
v -0.03850529 0.12093986 -0.11789358 0.69803922 0.69803922 0.69803922
v -0.05939646 0.12416849 -0.11973500 0.69803922 0.69803922 0.69803922
v -0.08083081 0.12905668 -0.12022425 0.69803922 0.69803922 0.69803922
v -0.09533823 0.15307628 -0.11949435 0.69803922 0.69803922 0.69803922
v -0.09974206 0.13568799 -0.11762282 0.69803922 0.69803922 0.69803922
v -0.11668981 0.14333682 -0.11140426 0.69803922 0.69803922 0.69803922
v -0.11208723 0.16079454 -0.11318737 0.69803922 0.69803922 0.69803922
v -0.14230363 0.17558078 -0.09772193 0.69803922 0.69803922 0.69803922
v -0.14470646 0.16071299 -0.09518749 0.69803922 0.69803922 0.69803922
v -0.15566804 0.16777843 -0.09024028 0.69803922 0.69803922 0.69803922
v -0.15392688 0.18132776 -0.09291299 0.69803922 0.69803922 0.69803922
v -0.16633344 0.17317139 -0.08683298 0.69803922 0.69803922 0.69803922
v -0.17643401 0.17744055 -0.08210093 0.69803922 0.69803922 0.69803922
v -0.18818767 0.18258730 -0.07758323 0.69803922 0.69803922 0.69803922
v -0.20236997 0.18818118 -0.07653785 0.69803922 0.69803922 0.69803922
v -0.19681725 0.21213946 -0.07882644 0.69803922 0.69803922 0.69803922
v -0.18439497 0.20726401 -0.08148146 0.69803922 0.69803922 0.69803922
v -0.14117022 0.19122967 -0.09819296 0.69803922 0.69803922 0.69803922
v -0.12533945 0.18575208 -0.10494561 0.69803922 0.69803922 0.69803922
v -0.03665643 0.15535726 -0.11471619 0.69803922 0.69803922 0.69803922
v -0.01823760 0.15181714 -0.11019193 0.69803922 0.69803922 0.69803922
v -0.16319612 0.08917303 0.02512493 0.69803922 0.69803922 0.69803922
v -0.16800815 0.08491935 0.00429802 0.69803922 0.69803922 0.69803922
v -0.17085132 0.08328622 -0.01542290 0.69803922 0.69803922 0.69803922
v -0.17058377 0.08457455 -0.03280982 0.69803922 0.69803922 0.69803922
v -0.16831757 0.08871937 -0.04899586 0.69803922 0.69803922 0.69803922
v -0.16363348 0.09491822 -0.06278861 0.69803922 0.69803922 0.69803922
v -0.16416050 0.11147597 -0.07183002 0.69803922 0.69803922 0.69803922
v -0.15791307 0.10275929 -0.07468797 0.69803922 0.69803922 0.69803922
v -0.15936550 0.12136129 -0.08048168 0.69803922 0.69803922 0.69803922
v -0.15179552 0.11249927 -0.08482500 0.69803922 0.69803922 0.69803922
v -0.14521052 0.12391819 -0.09304100 0.69803922 0.69803922 0.69803922
v -0.13787866 0.13689600 -0.09921395 0.69803922 0.69803922 0.69803922
v -0.13163440 0.15218346 -0.10303446 0.69803922 0.69803922 0.69803922
v -0.12722501 0.16844676 -0.10518129 0.69803922 0.69803922 0.69803922
v -0.10914885 0.17920828 -0.11227139 0.69803922 0.69803922 0.69803922
v -0.09310471 0.17187245 -0.11824916 0.69803922 0.69803922 0.69803922
v -0.07297432 0.18391196 -0.11768370 0.69803922 0.69803922 0.69803922
v -0.07201778 0.20167507 -0.11298312 0.69803922 0.69803922 0.69803922
v -0.07447117 0.16552706 -0.12103619 0.69803922 0.69803922 0.69803922
v -0.07652283 0.14724821 -0.12188178 0.69803922 0.69803922 0.69803922
v -0.07274929 0.29043025 -0.06200004 0.69803922 0.69803922 0.69803922
v -0.05692679 0.28323215 -0.07388730 0.69803922 0.69803922 0.69803922
v -0.25335959 0.20337102 -0.07723198 0.69803922 0.69803922 0.69803922
v -0.25168929 0.19671309 -0.07662346 0.69803922 0.69803922 0.69803922
v -0.25728899 0.19552697 -0.07652177 0.69803922 0.69803922 0.69803922
v -0.26367378 0.20441182 -0.07705553 0.69803922 0.69803922 0.69803922
v -0.26682994 0.21518061 -0.07597516 0.69803922 0.69803922 0.69803922
v -0.25265923 0.22225331 -0.07485075 0.69803922 0.69803922 0.69803922
v -0.25440213 0.21275632 -0.07685386 0.69803922 0.69803922 0.69803922
v -0.26625377 0.22613762 -0.07292325 0.69803922 0.69803922 0.69803922
v -0.26208135 0.23609461 -0.06844870 0.69803922 0.69803922 0.69803922
v -0.24926235 0.23145652 -0.07175458 0.69803922 0.69803922 0.69803922
v -0.25531471 0.24418105 -0.06379298 0.69803922 0.69803922 0.69803922
v -0.24472606 0.23912150 -0.06812619 0.69803922 0.69803922 0.69803922
v -0.24581368 0.24916744 -0.06046357 0.69803922 0.69803922 0.69803922
v -0.24075218 0.24388015 -0.06499564 0.69803922 0.69803922 0.69803922
v -0.20679601 0.23855336 -0.06904719 0.69803922 0.69803922 0.69803922
v -0.21937311 0.24126101 -0.06736229 0.69803922 0.69803922 0.69803922
v -0.23180136 0.24291316 -0.06588413 0.69803922 0.69803922 0.69803922
v -0.21693365 0.19474666 -0.07688953 0.69803922 0.69803922 0.69803922
v -0.23020831 0.20253904 -0.07746506 0.69803922 0.69803922 0.69803922
v -0.24249317 0.20878668 -0.07748730 0.69803922 0.69803922 0.69803922
v -0.24023505 0.21803682 -0.07649502 0.69803922 0.69803922 0.69803922
v -0.22771733 0.21211253 -0.07732636 0.69803922 0.69803922 0.69803922
v -0.21448080 0.20512870 -0.07796883 0.69803922 0.69803922 0.69803922
v -0.03690152 0.13818024 -0.11725610 0.69803922 0.69803922 0.69803922
v -0.05603622 0.14259119 -0.12057388 0.69803922 0.69803922 0.69803922
v -0.16485073 0.18608400 -0.08890596 0.69803922 0.69803922 0.69803922
v -0.17488556 0.18979500 -0.08497310 0.69803922 0.69803922 0.69803922
v -0.18607226 0.19319957 -0.08060113 0.69803922 0.69803922 0.69803922
v -0.19973797 0.19915009 -0.07861422 0.69803922 0.69803922 0.69803922
v -0.17412037 0.20304644 -0.08523661 0.69803922 0.69803922 0.69803922
v -0.16396981 0.19978875 -0.08903734 0.69803922 0.69803922 0.69803922
v -0.15291350 0.19592918 -0.09326752 0.69803922 0.69803922 0.69803922
v -0.05563267 0.16020423 -0.11918146 0.69803922 0.69803922 0.69803922
v -0.01874159 0.13524881 -0.11324620 0.69803922 0.69803922 0.69803922
v -0.17563015 0.23351876 0.04179713 0.69803922 0.69803922 0.69803922
v -0.17395875 0.25779775 0.02851370 0.69803922 0.69803922 0.69803922
v -0.17356534 0.27341047 0.00706481 0.69803922 0.69803922 0.69803922
v -0.17125556 0.27623415 -0.01821606 0.69803922 0.69803922 0.69803922
v -0.42038655 0.17180492 -0.03369891 0.69803922 0.69803922 0.69803922
v -0.01970599 -0.06044314 -0.07516455 0.69803922 0.69803922 0.69803922
v -0.02216731 -0.08480758 -0.07117915 0.69803922 0.69803922 0.69803922
v -0.04393132 -0.08604498 -0.07533455 0.69803922 0.69803922 0.69803922
v -0.01935665 0.05663517 -0.10649879 0.69803922 0.69803922 0.69803922
v -0.01916462 0.11873155 -0.11560601 0.69803922 0.69803922 0.69803922
v -0.10675088 0.11143434 0.12794082 0.69803922 0.69803922 0.69803922
v -0.09444077 0.11263160 0.13299175 0.69803922 0.69803922 0.69803922
v -0.09541435 0.12725997 0.12442714 0.69803922 0.69803922 0.69803922
v -0.10803290 0.12620477 0.11915789 0.69803922 0.69803922 0.69803922
v -0.12661654 0.10894969 0.11467191 0.69803922 0.69803922 0.69803922
v -0.11757973 0.11036014 0.12198404 0.69803922 0.69803922 0.69803922
v -0.11916725 0.12473181 0.11296057 0.69803922 0.69803922 0.69803922
v -0.12886149 0.12281827 0.10610209 0.69803922 0.69803922 0.69803922
v -0.13436757 0.10634091 0.10681238 0.69803922 0.69803922 0.69803922
v -0.13690346 0.12001439 0.09855812 0.69803922 0.69803922 0.69803922
v -0.11595256 0.09486972 0.12858070 0.69803922 0.69803922 0.69803922
v -0.10548279 0.09590884 0.13490942 0.69803922 0.69803922 0.69803922
v -0.09320861 0.09730613 0.13917249 0.69803922 0.69803922 0.69803922
v -0.13185024 0.09259151 0.11340255 0.69803922 0.69803922 0.69803922
v -0.12459568 0.09395923 0.12112273 0.69803922 0.69803922 0.69803922
v -0.00490320 0.33098549 0.09549383 0.69803922 0.69803922 0.69803922
v -0.00576958 0.33605760 0.11124086 0.69803922 0.69803922 0.69803922
v -0.00090796 0.37832400 0.12464762 0.69803922 0.69803922 0.69803922
v -0.00053154 0.38276839 0.12248558 0.69803922 0.69803922 0.69803922
v -0.00914553 0.24897198 0.05406154 0.69803922 0.69803922 0.69803922
v -0.00846599 0.25904953 0.05083023 0.69803922 0.69803922 0.69803922
v -0.01378337 0.11406615 0.13021243 0.69803922 0.69803922 0.69803922
v -0.01413929 0.14774141 0.11506372 0.69803922 0.69803922 0.69803922
v -0.01541915 0.16137639 0.10490279 0.69803922 0.69803922 0.69803922
v -0.01598473 0.17731021 0.09606429 0.69803922 0.69803922 0.69803922
v -0.01095724 0.23876533 0.06029037 0.69803922 0.69803922 0.69803922
v -0.01394664 0.13129918 0.12317394 0.69803922 0.69803922 0.69803922
v -0.16927540 -0.33144474 -0.05612051 0.69803922 0.69803922 0.69803922
v -0.15016088 -0.34670639 -0.07550149 0.69803922 0.69803922 0.69803922
v -0.15602949 -0.32147074 -0.07206862 0.69803922 0.69803922 0.69803922
v -0.14174129 -0.33296192 -0.08502992 0.69803922 0.69803922 0.69803922
v -0.16723309 -0.25078973 -0.04535488 0.69803922 0.69803922 0.69803922
v -0.16625276 -0.27824757 -0.05217364 0.69803922 0.69803922 0.69803922
v -0.16729881 -0.22437993 -0.04191085 0.69803922 0.69803922 0.69803922
v -0.12093799 -0.33933446 -0.09754037 0.69803922 0.69803922 0.69803922
v -0.09471367 -0.34099033 -0.10651314 0.69803922 0.69803922 0.69803922
v -0.09175374 -0.32139954 -0.11158778 0.69803922 0.69803922 0.69803922
v -0.15100522 -0.22699915 -0.06549952 0.69803922 0.69803922 0.69803922
v -0.15109403 -0.25293311 -0.06826935 0.69803922 0.69803922 0.69803922
v -0.14716385 -0.31567010 -0.07950010 0.69803922 0.69803922 0.69803922
v -0.16315620 -0.30213988 -0.06129279 0.69803922 0.69803922 0.69803922
v -0.14929420 -0.30098566 -0.07709428 0.69803922 0.69803922 0.69803922
v -0.11711599 -0.32214382 -0.10243637 0.69803922 0.69803922 0.69803922
v -0.13598642 -0.31975874 -0.08999167 0.69803922 0.69803922 0.69803922
v -0.05896780 -0.16929372 -0.09143600 0.69803922 0.69803922 0.69803922
v -0.03460421 -0.18829359 -0.10027204 0.69803922 0.69803922 0.69803922
v -0.06244957 -0.18842682 -0.09954442 0.69803922 0.69803922 0.69803922
v -0.13930470 -0.16222446 -0.05588845 0.69803922 0.69803922 0.69803922
v -0.12576671 -0.18270653 -0.07663754 0.69803922 0.69803922 0.69803922
v -0.13400973 -0.30138937 -0.09090266 0.69803922 0.69803922 0.69803922
v -0.11425310 -0.30143875 -0.10427212 0.69803922 0.69803922 0.69803922
v -0.08955023 -0.30033162 -0.11546391 0.69803922 0.69803922 0.69803922
v -0.08942113 -0.22985049 -0.10998641 0.69803922 0.69803922 0.69803922
v -0.08865625 -0.25341257 -0.11471573 0.69803922 0.69803922 0.69803922
v -0.11185072 -0.25468868 -0.10398782 0.69803922 0.69803922 0.69803922
v -0.11232440 -0.23015065 -0.09965251 0.69803922 0.69803922 0.69803922
v -0.13034874 -0.20463173 -0.08196144 0.69803922 0.69803922 0.69803922
v -0.13265271 -0.22933522 -0.08510851 0.69803922 0.69803922 0.69803922
v -0.08832768 -0.20770487 -0.10350653 0.69803922 0.69803922 0.69803922
v -0.11041807 -0.20612557 -0.09467794 0.69803922 0.69803922 0.69803922
v -0.10594154 -0.18486592 -0.08812376 0.69803922 0.69803922 0.69803922
v -0.13306257 -0.25469130 -0.08825830 0.69803922 0.69803922 0.69803922
v -0.05983041 -0.27600375 -0.12243767 0.69803922 0.69803922 0.69803922
v -0.08856658 -0.27738637 -0.11668778 0.69803922 0.69803922 0.69803922
v -0.02946381 -0.27381590 -0.12067825 0.69803922 0.69803922 0.69803922
v -0.08520281 -0.18692762 -0.09549076 0.69803922 0.69803922 0.69803922
v -0.08090295 -0.16780116 -0.08789506 0.69803922 0.69803922 0.69803922
v -0.07649638 -0.15018184 -0.08114926 0.69803922 0.69803922 0.69803922
v -0.06527764 -0.08757830 -0.07534418 0.69803922 0.69803922 0.69803922
v -0.11446640 -0.56916124 0.09438629 0.69803922 0.69803922 0.69803922
v 0.00202779 -0.37977812 0.03361033 0.69803922 0.69803922 0.69803922
v 0.00123199 -0.36962551 0.00452646 0.69803922 0.69803922 0.69803922
v -0.18196341 -0.29704115 0.06156669 0.69803922 0.69803922 0.69803922
v -0.19083662 -0.31514657 -0.01469084 0.69803922 0.69803922 0.69803922
v -0.17801858 -0.30848518 -0.04252930 0.69803922 0.69803922 0.69803922
v -0.02151850 -0.38367927 0.10280710 0.69803922 0.69803922 0.69803922
v -0.00621486 -0.38802776 0.07964874 0.69803922 0.69803922 0.69803922
v -0.16132268 -0.30306932 0.08920143 0.69803922 0.69803922 0.69803922
v -0.10502105 -0.35303259 0.12626189 0.69803922 0.69803922 0.69803922
v 0.00026997 -0.38659090 0.05727083 0.69803922 0.69803922 0.69803922
v -0.15053673 -0.27796808 -0.07223887 0.69803922 0.69803922 0.69803922
v -0.13344574 -0.27965072 -0.09022872 0.69803922 0.69803922 0.69803922
v -0.11293502 -0.27923119 -0.10528535 0.69803922 0.69803922 0.69803922
v -0.06047091 -0.29862145 -0.12063681 0.69803922 0.69803922 0.69803922
v -0.02865607 -0.29504701 -0.11814040 0.69803922 0.69803922 0.69803922
v -0.01949961 -0.33088097 0.12529376 0.69803922 0.69803922 0.69803922
v -0.01650579 -0.32346728 0.13321409 0.69803922 0.69803922 0.69803922
v -0.00868796 -0.32487446 0.13368168 0.69803922 0.69803922 0.69803922
v -0.00830889 -0.33674306 0.12314402 0.69803922 0.69803922 0.69803922
v -0.10704990 -0.20533277 0.12012995 0.69803922 0.69803922 0.69803922
v -0.08516826 -0.21143644 0.13326000 0.69803922 0.69803922 0.69803922
v -0.04245671 -0.21914895 0.15199910 0.69803922 0.69803922 0.69803922
v -0.02284290 -0.22157305 0.15658069 0.69803922 0.69803922 0.69803922
v -0.16056129 -0.18014742 0.06461372 0.69803922 0.69803922 0.69803922
v -0.06329374 -0.21575002 0.14411882 0.69803922 0.69803922 0.69803922
v -0.14708187 -0.18923140 0.08594592 0.69803922 0.69803922 0.69803922
v -0.12835100 -0.19800854 0.10425157 0.69803922 0.69803922 0.69803922
v -0.07206918 -1.00938523 -0.02909748 0.69803922 0.69803922 0.69803922
v -0.07305961 -1.03777325 -0.02568752 0.69803922 0.69803922 0.69803922
v -0.07320581 -1.03656840 -0.04140187 0.69803922 0.69803922 0.69803922
v -0.06918123 -1.00721419 -0.04375268 0.69803922 0.69803922 0.69803922
v -0.08455332 -1.00288343 -0.07275979 0.69803922 0.69803922 0.69803922
v -0.07335524 -1.00472391 -0.06465606 0.69803922 0.69803922 0.69803922
v -0.09916500 -1.00270867 -0.07457600 0.69803922 0.69803922 0.69803922
v -0.09716741 -1.03348637 -0.07458493 0.69803922 0.69803922 0.69803922
v -0.10913573 -1.03435552 -0.06742224 0.69803922 0.69803922 0.69803922
v -0.11276430 -1.00395906 -0.06968166 0.69803922 0.69803922 0.69803922
v -0.12223386 -1.00496101 -0.06033180 0.69803922 0.69803922 0.69803922
v -0.12537095 -1.03566301 -0.04731942 0.69803922 0.69803922 0.69803922
v -0.12826079 -1.03563452 -0.02933105 0.69803922 0.69803922 0.69803922
v -0.13306437 -1.00748801 -0.03056131 0.69803922 0.69803922 0.69803922
v -0.12874608 -1.00605226 -0.04838876 0.69803922 0.69803922 0.69803922
v -0.12816896 -1.01184940 -0.01088175 0.69803922 0.69803922 0.69803922
v -0.12385213 -1.03867292 -0.00972618 0.69803922 0.69803922 0.69803922
v -0.11318883 -1.01411223 0.00047724 0.69803922 0.69803922 0.69803922
v -0.07795503 -1.01145494 -0.01407715 0.69803922 0.69803922 0.69803922
v -0.07678851 -1.03915572 -0.00888109 0.69803922 0.69803922 0.69803922
v -0.08293401 -1.03319454 -0.07366531 0.69803922 0.69803922 0.69803922
v -0.07361373 -1.03464413 -0.06274474 0.69803922 0.69803922 0.69803922
v -0.06806762 -1.00574398 -0.05441540 0.69803922 0.69803922 0.69803922
v -0.07280932 -1.03528583 -0.05199235 0.69803922 0.69803922 0.69803922
v -0.07197327 -1.06449306 -0.03692776 0.69803922 0.69803922 0.69803922
v -0.06801325 -1.06452513 -0.02058488 0.69803922 0.69803922 0.69803922
v -0.08193327 -1.06296039 -0.07446729 0.69803922 0.69803922 0.69803922
v -0.07661771 -1.06357670 -0.06003419 0.69803922 0.69803922 0.69803922
v -0.10633478 -1.06290627 -0.06605017 0.69803922 0.69803922 0.69803922
v -0.09587862 -1.06255615 -0.07674249 0.69803922 0.69803922 0.69803922
v -0.12603267 -1.06442416 -0.04656229 0.69803922 0.69803922 0.69803922
v -0.11798713 -1.03473485 -0.05832671 0.69803922 0.69803922 0.69803922
v -0.11705140 -1.06365907 -0.05718399 0.69803922 0.69803922 0.69803922
v -0.12889092 -1.06313026 -0.02822773 0.69803922 0.69803922 0.69803922
v -0.12400938 -1.06419051 -0.00569469 0.69803922 0.69803922 0.69803922
v -0.07227869 -1.06482506 -0.00177030 0.69803922 0.69803922 0.69803922
v -0.07506280 -1.06405091 -0.04858085 0.69803922 0.69803922 0.69803922
v -0.12602149 -1.11644268 0.14943326 1.00000000 0.00000000 0.00000000
v -0.11904994 -1.11583853 0.15153229 1.00000000 0.00000000 0.00000000
v -0.12039655 -1.11249042 0.14713740 1.00000000 0.00000000 0.00000000
v -0.12480682 -1.11317480 0.14650595 1.00000000 0.00000000 0.00000000
v -0.08784225 -1.10961437 0.15721744 1.00000000 0.00000000 0.00000000
v -0.07594731 -1.11370909 0.15752608 1.00000000 0.00000000 0.00000000
v -0.07763322 -1.10286689 0.15203899 1.00000000 0.00000000 0.00000000
v -0.08603314 -1.10045612 0.15247333 1.00000000 0.00000000 0.00000000
v -0.10537887 -1.11056828 0.15774602 1.00000000 0.00000000 0.00000000
v -0.11344066 -1.11099839 0.15716469 1.00000000 0.00000000 0.00000000
v -0.11101482 -1.11576796 0.15691704 1.00000000 0.00000000 0.00000000
v -0.10597787 -1.11551654 0.15706486 1.00000000 0.00000000 0.00000000
v -0.14691751 -1.13259864 0.12403852 1.00000000 0.00000000 0.00000000
v -0.15228538 -1.13452172 0.12251258 1.00000000 0.00000000 0.00000000
v -0.15094213 -1.13869429 0.12287498 1.00000000 0.00000000 0.00000000
v -0.14701302 -1.13780880 0.12473816 1.00000000 0.00000000 0.00000000
v -0.13417828 -1.12341034 0.14052087 1.00000000 0.00000000 0.00000000
v -0.13974327 -1.12560225 0.13847637 1.00000000 0.00000000 0.00000000
v -0.13810608 -1.12950289 0.13899320 1.00000000 0.00000000 0.00000000
v -0.13443364 -1.12899899 0.14073944 1.00000000 0.00000000 0.00000000
v -0.08878760 -1.11034369 0.13174659 1.00000000 0.00000000 0.00000000
v -0.08859108 -1.10284901 0.14374733 1.00000000 0.00000000 0.00000000
v -0.07531177 -1.10626936 0.14288670 1.00000000 0.00000000 0.00000000
v -0.07355772 -1.11080599 0.12913203 1.00000000 0.00000000 0.00000000
v -0.06869978 -1.11661005 0.14512116 1.00000000 0.00000000 0.00000000
v -0.07637919 -1.12237990 0.14584816 1.00000000 0.00000000 0.00000000
v -0.07458182 -1.13162637 0.13435137 1.00000000 0.00000000 0.00000000
v -0.06689202 -1.12405241 0.13126630 1.00000000 0.00000000 0.00000000
v -0.08881303 -1.12118721 0.14793730 1.00000000 0.00000000 0.00000000
v -0.08836404 -1.12940967 0.13731694 1.00000000 0.00000000 0.00000000
v -0.09607190 -1.12021375 0.13640118 1.00000000 0.00000000 0.00000000
v -0.09771516 -1.11100829 0.14831650 1.00000000 0.00000000 0.00000000
v -0.11485604 -1.11843967 0.13794512 1.00000000 0.00000000 0.00000000
v -0.11794665 -1.11349630 0.14942849 1.00000000 0.00000000 0.00000000
v -0.11228106 -1.10787070 0.14645118 1.00000000 0.00000000 0.00000000
v -0.11003870 -1.11193645 0.13409507 1.00000000 0.00000000 0.00000000
v -0.10391980 -1.10767007 0.14755374 1.00000000 0.00000000 0.00000000
v -0.09853011 -1.11137390 0.13551468 1.00000000 0.00000000 0.00000000
v -0.09508140 -1.12037921 0.13995671 1.00000000 0.00000000 0.00000000
v -0.09788784 -1.11285257 0.15151083 1.00000000 0.00000000 0.00000000
v -0.10256986 -1.11984622 0.15127677 1.00000000 0.00000000 0.00000000
v -0.09974301 -1.12770998 0.14022940 1.00000000 0.00000000 0.00000000
v -0.10918765 -1.12719297 0.13995934 1.00000000 0.00000000 0.00000000
v -0.11184291 -1.12039435 0.15065289 1.00000000 0.00000000 0.00000000
v -0.12668596 -1.11719072 0.12866205 1.00000000 0.00000000 0.00000000
v -0.12595820 -1.11497951 0.14062881 1.00000000 0.00000000 0.00000000
v -0.11855721 -1.11425233 0.14147264 1.00000000 0.00000000 0.00000000
v -0.11651229 -1.11621237 0.13081473 1.00000000 0.00000000 0.00000000
v -0.11405434 -1.12049949 0.14607364 1.00000000 0.00000000 0.00000000
v -0.11915867 -1.12481499 0.14647251 1.00000000 0.00000000 0.00000000
v -0.11732121 -1.13039112 0.13680422 1.00000000 0.00000000 0.00000000
v -0.11253167 -1.12441647 0.13668144 1.00000000 0.00000000 0.00000000
v -0.12675843 -1.13068247 0.13531232 1.00000000 0.00000000 0.00000000
v -0.12636122 -1.12545431 0.14616317 1.00000000 0.00000000 0.00000000
v -0.13146330 -1.12274504 0.13247740 1.00000000 0.00000000 0.00000000
v -0.13047996 -1.11996353 0.14366591 1.00000000 0.00000000 0.00000000
v -0.14539164 -1.13125229 0.12172759 1.00000000 0.00000000 0.00000000
v -0.14365801 -1.12855160 0.13256359 1.00000000 0.00000000 0.00000000
v -0.14078398 -1.12327945 0.13011265 1.00000000 0.00000000 0.00000000
v -0.14229675 -1.12510645 0.11888301 1.00000000 0.00000000 0.00000000
v -0.13504550 -1.12105322 0.13132185 1.00000000 0.00000000 0.00000000
v -0.13448796 -1.12252450 0.12225008 1.00000000 0.00000000 0.00000000
v -0.13075939 -1.12459290 0.13424629 1.00000000 0.00000000 0.00000000
v -0.13264517 -1.13235843 0.13617736 1.00000000 0.00000000 0.00000000
v -0.13327271 -1.13602757 0.12818742 1.00000000 0.00000000 0.00000000
v -0.13144006 -1.12637126 0.12743539 1.00000000 0.00000000 0.00000000
v -0.13949969 -1.13398981 0.13467252 1.00000000 0.00000000 0.00000000
v -0.14118357 -1.13857675 0.12487239 1.00000000 0.00000000 0.00000000
v -0.15543821 -1.13536632 0.10520548 1.00000000 0.00000000 0.00000000
v -0.15711184 -1.14303899 0.10588253 1.00000000 0.00000000 0.00000000
v -0.15573600 -1.13858306 0.11507708 1.00000000 0.00000000 0.00000000
v -0.15370527 -1.13296449 0.11334157 1.00000000 0.00000000 0.00000000
v -0.14843111 -1.13008499 0.11580688 1.00000000 0.00000000 0.00000000
v -0.14906532 -1.13136673 0.10905641 1.00000000 0.00000000 0.00000000
v -0.14457603 -1.13411474 0.11829400 1.00000000 0.00000000 0.00000000
v -0.14528209 -1.14142632 0.12020761 1.00000000 0.00000000 0.00000000
v -0.14600508 -1.14457810 0.11426598 1.00000000 0.00000000 0.00000000
v -0.14623299 -1.13582301 0.11300594 1.00000000 0.00000000 0.00000000
v -0.15195490 -1.14290881 0.11827791 1.00000000 0.00000000 0.00000000
v -0.15251681 -1.14689159 0.11001009 1.00000000 0.00000000 0.00000000
v -0.07286669 -1.11643100 0.11643374 1.00000000 0.00000000 0.00000000
v -0.09204567 -1.11769414 0.12064809 1.00000000 0.00000000 0.00000000
v -0.07864182 -1.11655092 0.15369356 1.00000000 0.00000000 0.00000000
v -0.06648955 -1.13141096 0.11868006 1.00000000 0.00000000 0.00000000
v -0.08564521 -1.11590314 0.15471786 1.00000000 0.00000000 0.00000000
v -0.09163391 -1.13728714 0.12690246 1.00000000 0.00000000 0.00000000
v -0.07483410 -1.14054680 0.12180746 1.00000000 0.00000000 0.00000000
v -0.09420027 -1.12427485 0.13137400 1.00000000 0.00000000 0.00000000
v -0.11191316 -1.10687864 0.15338552 1.00000000 0.00000000 0.00000000
v -0.11216864 -1.12581646 0.13073844 1.00000000 0.00000000 0.00000000
v -0.11132079 -1.13778257 0.12665564 1.00000000 0.00000000 0.00000000
v -0.10706565 -1.10652900 0.15396428 1.00000000 0.00000000 0.00000000
v -0.11089082 -1.11917567 0.11957270 1.00000000 0.00000000 0.00000000
v -0.12846491 -1.12537253 0.11324990 1.00000000 0.00000000 0.00000000
v -0.12084043 -1.12105632 0.15127003 1.00000000 0.00000000 0.00000000
v -0.12464052 -1.12157106 0.15092355 1.00000000 0.00000000 0.00000000
v -0.12973270 -1.14184999 0.12094319 1.00000000 0.00000000 0.00000000
v -0.13180275 -1.12703848 0.12494832 1.00000000 0.00000000 0.00000000
v -0.13930136 -1.12171590 0.13632995 1.00000000 0.00000000 0.00000000
v -0.14686511 -1.13512468 0.11330402 1.00000000 0.00000000 0.00000000
v -0.14409484 -1.14786983 0.11126047 1.00000000 0.00000000 0.00000000
v -0.13601550 -1.12072921 0.13636488 1.00000000 0.00000000 0.00000000
v -0.14481176 -1.13154495 0.10357308 1.00000000 0.00000000 0.00000000
v -0.15128322 -1.13210917 0.11953449 1.00000000 0.00000000 0.00000000
v -0.15877099 -1.14743590 0.09371614 1.00000000 0.00000000 0.00000000
v -0.15360954 -1.15298676 0.10026139 1.00000000 0.00000000 0.00000000
v -0.14857440 -1.13021421 0.12069231 1.00000000 0.00000000 0.00000000
v -0.15635516 -1.13779855 0.09454679 1.00000000 0.00000000 0.00000000
v -0.08675459 -1.01455534 -0.00195084 0.69803922 0.69803922 0.69803922
v -0.08559075 -1.04093575 0.00326585 0.69803922 0.69803922 0.69803922
v -0.09868836 -1.01644373 0.00306468 0.69803922 0.69803922 0.69803922
v -0.11054701 -1.04165077 0.00218017 0.69803922 0.69803922 0.69803922
v -0.09731308 -1.04312456 0.00599357 0.69803922 0.69803922 0.69803922
v -0.08332283 -1.06501806 0.01218935 0.69803922 0.69803922 0.69803922
v -0.11012276 -1.06677091 0.00816037 0.69803922 0.69803922 0.69803922
v -0.09669707 -1.06666183 0.01411222 0.69803922 0.69803922 0.69803922
v -0.12795222 -1.08582890 -0.04880177 0.69803922 0.69803922 0.69803922
v -0.13237946 -1.08583951 -0.02939758 0.69803922 0.69803922 0.69803922
v -0.11636413 -1.08516240 -0.05885909 0.69803922 0.69803922 0.69803922
v -0.09621923 -1.08506966 -0.08047657 0.69803922 0.69803922 0.69803922
v -0.10686048 -1.08483183 -0.06977353 0.69803922 0.69803922 0.69803922
v -0.08171066 -1.08492517 0.02238553 0.69803922 0.69803922 0.69803922
v -0.07196451 -1.08683360 0.00435061 0.69803922 0.69803922 0.69803922
v -0.09668784 -1.08523262 0.02665406 0.69803922 0.69803922 0.69803922
v -0.11333898 -1.08497560 0.01951877 0.69803922 0.69803922 0.69803922
v -0.06853235 -1.12144673 0.10289365 1.00000000 0.00000000 0.00000000
v -0.06970949 -1.12708950 0.08630913 1.00000000 0.00000000 0.00000000
v -0.08458064 -1.11658216 0.08493686 1.00000000 0.00000000 0.00000000
v -0.08802394 -1.11822081 0.10203391 1.00000000 0.00000000 0.00000000
v -0.10397661 -1.11825514 0.08172974 1.00000000 0.00000000 0.00000000
v -0.10666424 -1.12262928 0.09971386 1.00000000 0.00000000 0.00000000
v -0.12153641 -1.12346029 0.07590756 1.00000000 0.00000000 0.00000000
v -0.12436327 -1.12771261 0.09419799 1.00000000 0.00000000 0.00000000
v -0.13714692 -1.12945354 0.06870928 0.69803922 0.69803922 0.69803922
v -0.14081267 -1.13359118 0.08661956 1.00000000 0.00000000 0.00000000
v -0.15034720 -1.13714874 0.06169558 0.69803922 0.69803922 0.69803922
v -0.15465786 -1.13932669 0.07972717 1.00000000 0.00000000 0.00000000
v -0.15831846 -1.14688289 0.05849335 0.69803922 0.69803922 0.69803922
v -0.16160287 -1.14901149 0.07808185 0.69803922 0.69803922 0.69803922
v -0.06281221 -1.13900697 0.10421479 1.00000000 0.00000000 0.00000000
v -0.06423265 -1.14295089 0.08579782 0.69803922 0.69803922 0.69803922
v -0.07271452 -1.15094328 0.10623640 1.00000000 0.00000000 0.00000000
v -0.07347194 -1.15780985 0.08671483 1.00000000 0.00000000 0.00000000
v -0.09035806 -1.15198183 0.10607070 1.00000000 0.00000000 0.00000000
v -0.09032711 -1.15970278 0.08544660 1.00000000 0.00000000 0.00000000
v -0.15359241 -1.16036129 0.06278807 0.69803922 0.69803922 0.69803922
v -0.15470466 -1.15958583 0.08400217 1.00000000 0.00000000 0.00000000
v -0.10932827 -1.15375340 0.10301656 1.00000000 0.00000000 0.00000000
v -0.10892760 -1.15986276 0.08147481 1.00000000 0.00000000 0.00000000
v -0.12684456 -1.15727007 0.09798962 1.00000000 0.00000000 0.00000000
v -0.12616166 -1.16211903 0.07563570 1.00000000 0.00000000 0.00000000
v -0.14187576 -1.16004670 0.09131211 1.00000000 0.00000000 0.00000000
v -0.14118129 -1.16350055 0.06900966 0.69803922 0.69803922 0.69803922
v -0.08105052 -1.11280131 0.06534740 0.69803922 0.69803922 0.69803922
v -0.10087787 -1.10813856 0.06312686 0.69803922 0.69803922 0.69803922
v -0.11853135 -1.11300445 0.05605885 0.69803922 0.69803922 0.69803922
v -0.13311704 -1.12049675 0.04725137 0.69803922 0.69803922 0.69803922
v -0.14480390 -1.13118780 0.03893332 0.69803922 0.69803922 0.69803922
v -0.15336968 -1.14134955 0.03533944 0.69803922 0.69803922 0.69803922
v -0.13281664 -1.10747910 0.01957394 0.69803922 0.69803922 0.69803922
v -0.13934389 -1.12697661 0.01281887 0.69803922 0.69803922 0.69803922
v -0.14599919 -1.13863111 0.01131169 0.69803922 0.69803922 0.69803922
v -0.13535993 -1.12442231 -0.01363701 0.69803922 0.69803922 0.69803922
v -0.13912508 -1.13731360 -0.01283701 0.69803922 0.69803922 0.69803922
v -0.12673359 -1.12410605 -0.05615353 0.69803922 0.69803922 0.69803922
v -0.13170601 -1.13803446 -0.05648956 0.69803922 0.69803922 0.69803922
v -0.13498937 -1.13648617 -0.03689553 0.69803922 0.69803922 0.69803922
v -0.13072035 -1.12340808 -0.03778757 0.69803922 0.69803922 0.69803922
v -0.13229671 -1.10629153 -0.00937498 0.69803922 0.69803922 0.69803922
v -0.12913445 -1.10495150 -0.03418802 0.69803922 0.69803922 0.69803922
v -0.12379955 -1.10461462 -0.05224049 0.69803922 0.69803922 0.69803922
v -0.11645101 -1.13960981 -0.07971058 0.69803922 0.69803922 0.69803922
v -0.12631486 -1.13921595 -0.06962984 0.69803922 0.69803922 0.69803922
v -0.12219494 -1.12442112 -0.06902660 0.69803922 0.69803922 0.69803922
v -0.11437374 -1.12383020 -0.08055458 0.69803922 0.69803922 0.69803922
v -0.09862369 -1.12478912 -0.08779357 0.69803922 0.69803922 0.69803922
v -0.10018432 -1.14095819 -0.08380266 0.69803922 0.69803922 0.69803922
v -0.08239097 -1.12629056 -0.07794949 0.69803922 0.69803922 0.69803922
v -0.08363070 -1.14215314 -0.07595761 0.69803922 0.69803922 0.69803922
v -0.10994107 -1.10392284 -0.07519090 0.69803922 0.69803922 0.69803922
v -0.11707000 -1.10463488 -0.06435527 0.69803922 0.69803922 0.69803922
v -0.09780041 -1.10384214 -0.08377891 0.69803922 0.69803922 0.69803922
v -0.08282063 -1.10548782 -0.07570270 0.69803922 0.69803922 0.69803922
v -0.07963344 -1.10618281 -0.05890600 0.69803922 0.69803922 0.69803922
v -0.07791901 -1.12708116 -0.05972057 0.69803922 0.69803922 0.69803922
v -0.07656399 -1.14228785 -0.05879365 0.69803922 0.69803922 0.69803922
v -0.07085581 -1.12850833 0.06412545 0.69803922 0.69803922 0.69803922
v -0.07037699 -1.14211404 0.06248979 0.69803922 0.69803922 0.69803922
v -0.11695661 -1.09871995 0.03672539 0.69803922 0.69803922 0.69803922
v -0.09784632 -1.09691691 0.04412423 0.69803922 0.69803922 0.69803922
v -0.07864515 -1.10348809 0.03876670 0.69803922 0.69803922 0.69803922
v -0.07087186 -1.12662315 0.03793977 0.69803922 0.69803922 0.69803922
v -0.07497483 -1.14088082 0.03548893 0.69803922 0.69803922 0.69803922
v -0.07715560 -1.13964486 0.01042338 0.69803922 0.69803922 0.69803922
v -0.07107267 -1.12693894 0.01188961 0.69803922 0.69803922 0.69803922
v -0.07797237 -1.15404403 0.06122205 0.69803922 0.69803922 0.69803922
v -0.08328079 -1.14840889 0.03385843 0.69803922 0.69803922 0.69803922
v -0.08453242 -1.14636588 0.00877097 0.69803922 0.69803922 0.69803922
v -0.07604367 -1.14002240 -0.01166863 0.69803922 0.69803922 0.69803922
v -0.07211940 -1.12707746 -0.01095796 0.69803922 0.69803922 0.69803922
v -0.07616238 -1.14035714 -0.02945980 0.69803922 0.69803922 0.69803922
v -0.07493099 -1.12624109 -0.02933230 0.69803922 0.69803922 0.69803922
v -0.07647730 -1.12635887 -0.04401029 0.69803922 0.69803922 0.69803922
v -0.07573266 -1.14128089 -0.04365421 0.69803922 0.69803922 0.69803922
v -0.07417715 -1.10627925 -0.03109984 0.69803922 0.69803922 0.69803922
v -0.07687248 -1.10540819 -0.04432240 0.69803922 0.69803922 0.69803922
v -0.07109283 -1.10805905 -0.01251291 0.69803922 0.69803922 0.69803922
v -0.07105277 -1.10726833 0.01117418 0.69803922 0.69803922 0.69803922
v -0.14969963 -1.15583253 0.03837921 0.69803922 0.69803922 0.69803922
v -0.14380971 -1.15078747 0.01373047 0.69803922 0.69803922 0.69803922
v -0.13726372 -1.14704895 -0.01067541 0.69803922 0.69803922 0.69803922
v -0.13225460 -1.14736807 -0.03430747 0.69803922 0.69803922 0.69803922
v -0.12683673 -1.14925098 -0.05242835 0.69803922 0.69803922 0.69803922
v -0.12118237 -1.15003896 -0.06385647 0.69803922 0.69803922 0.69803922
v -0.09998143 -1.14990640 -0.07546825 0.69803922 0.69803922 0.69803922
v -0.11302258 -1.14984632 -0.07257688 0.69803922 0.69803922 0.69803922
v -0.08824342 -1.15076125 -0.07003899 0.69803922 0.69803922 0.69803922
v -0.08268469 -1.15182388 -0.05597276 0.69803922 0.69803922 0.69803922
v -0.08161782 -1.15207386 -0.04313142 0.69803922 0.69803922 0.69803922
v -0.08290246 -1.14838374 -0.01300881 0.69803922 0.69803922 0.69803922
v -0.08178937 -1.15060735 -0.02987953 0.69803922 0.69803922 0.69803922
v -0.06733660 -1.08798420 -0.01664694 0.69803922 0.69803922 0.69803922
v -0.07006938 -1.08723617 -0.03476745 0.69803922 0.69803922 0.69803922
v -0.07472207 -1.08636355 -0.04688226 0.69803922 0.69803922 0.69803922
v -0.08201467 -1.08505619 -0.07426595 0.69803922 0.69803922 0.69803922
v -0.07779023 -1.08533931 -0.05857524 0.69803922 0.69803922 0.69803922
v -0.09220646 -1.15848160 0.05956495 0.69803922 0.69803922 0.69803922
v -0.10961913 -1.15841901 0.05527651 0.69803922 0.69803922 0.69803922
v -0.12564655 -1.16024840 0.04926991 0.69803922 0.69803922 0.69803922
v -0.13906233 -1.16052842 0.04336071 0.69803922 0.69803922 0.69803922
v -0.13545699 -1.15598428 0.01743084 0.69803922 0.69803922 0.69803922
v -0.12355034 -1.15642357 0.02178224 0.69803922 0.69803922 0.69803922
v -0.10881203 -1.15568638 0.02672759 0.69803922 0.69803922 0.69803922
v -0.09419736 -1.15298462 0.03139852 0.69803922 0.69803922 0.69803922
v -0.12952027 -1.15265846 -0.00694849 0.69803922 0.69803922 0.69803922
v -0.11923891 -1.15424776 -0.00278064 0.69803922 0.69803922 0.69803922
v -0.10618301 -1.15384376 0.00073223 0.69803922 0.69803922 0.69803922
v -0.09396302 -1.15179765 0.00587097 0.69803922 0.69803922 0.69803922
v -0.09147522 -1.15361869 -0.01618347 0.69803922 0.69803922 0.69803922
v -0.10199499 -1.15455961 -0.02163925 0.69803922 0.69803922 0.69803922
v -0.11338454 -1.15449643 -0.02476086 0.69803922 0.69803922 0.69803922
v -0.12314501 -1.15237141 -0.02957486 0.69803922 0.69803922 0.69803922
v -0.11804760 -1.15298295 -0.04668768 0.69803922 0.69803922 0.69803922
v -0.10886852 -1.15424037 -0.04147887 0.69803922 0.69803922 0.69803922
v -0.09863358 -1.15479481 -0.03767768 0.69803922 0.69803922 0.69803922
v -0.09009500 -1.15431845 -0.03310815 0.69803922 0.69803922 0.69803922
v -0.11369815 -1.15295124 -0.05679899 0.69803922 0.69803922 0.69803922
v -0.10060131 -1.15268648 -0.06744374 0.69803922 0.69803922 0.69803922
v -0.10826033 -1.15266883 -0.06391208 0.69803922 0.69803922 0.69803922
v -0.09288337 -1.15337610 -0.06456937 0.69803922 0.69803922 0.69803922
v -0.08987413 -1.15399384 -0.05475905 0.69803922 0.69803922 0.69803922
v -0.08951210 -1.15441287 -0.04439465 0.69803922 0.69803922 0.69803922
v -0.09723521 -1.15442491 -0.04732323 0.69803922 0.69803922 0.69803922
v -0.09643077 -1.15395415 -0.05493271 0.69803922 0.69803922 0.69803922
v -0.10629564 -1.15381241 -0.05091245 0.69803922 0.69803922 0.69803922
v -0.10347537 -1.15323484 -0.05785400 0.69803922 0.69803922 0.69803922
v -0.09673387 -1.15334749 -0.06071395 0.69803922 0.69803922 0.69803922
v -0.10027122 -1.15304208 -0.06202852 0.69803922 0.69803922 0.69803922
v -0.12569503 -1.08773386 -0.00018546 0.69803922 0.69803922 0.69803922
v -0.09670038 -0.73488170 0.04457956 0.69803922 0.69803922 0.69803922
v -0.08165531 -0.73216033 0.04021342 0.69803922 0.69803922 0.69803922
v -0.11354725 -0.73348165 0.04513466 0.69803922 0.69803922 0.69803922
v -0.13484530 -0.31354472 0.11254586 0.69803922 0.69803922 0.69803922
v -0.08619560 -0.08101060 0.12851994 0.69803922 0.69803922 0.69803922
v -0.08738352 -0.03931902 0.12393080 0.69803922 0.69803922 0.69803922
v -0.08587605 -0.06032667 0.12586707 0.69803922 0.69803922 0.69803922
v -0.13677971 -0.34573323 0.11682834 0.69803922 0.69803922 0.69803922
v -0.13394770 -0.01440857 0.07129809 0.69803922 0.69803922 0.69803922
v -0.10995734 0.14086358 0.10881044 0.69803922 0.69803922 0.69803922
v -0.07887425 0.43032318 0.01256143 0.69803922 0.69803922 0.69803922
v -0.07681147 0.42715874 0.01157416 0.69803922 0.69803922 0.69803922
v -0.07556593 0.42403620 0.00985050 0.69803922 0.69803922 0.69803922
v -0.07460035 0.42216271 0.00673688 0.69803922 0.69803922 0.69803922
v -0.07365493 0.42043713 0.00348405 0.69803922 0.69803922 0.69803922
v -0.07222500 0.41981664 0.00043093 0.69803922 0.69803922 0.69803922
v -0.07695410 0.42518944 0.00713586 0.69803922 0.69803922 0.69803922
v -0.07430553 0.42791501 0.00426176 0.69803922 0.69803922 0.69803922
v -0.07512186 0.42905575 0.00620556 0.69803922 0.69803922 0.69803922
v -0.07766768 0.42736048 0.00873763 0.69803922 0.69803922 0.69803922
f 2 3 1
f 1 3 4
f 3 2 5
f 5 2 6
f 3 7 4
f 4 7 8
f 10 11 9
f 9 11 12
f 14 15 13
f 13 15 16
f 18 19 17
f 17 19 20
f 22 23 21
f 21 23 24
f 26 18 25
f 25 18 17
f 27 28 17
f 17 28 25
f 30 31 29
f 29 31 32
f 34 35 33
f 33 35 36
f 21 24 37
f 37 24 38
f 40 31 39
f 39 31 38
f 34 33 28
f 28 33 25
f 41 42 44
f 44 42 43
f 36 45 33
f 33 45 25
f 46 47 49
f 49 47 48
f 51 52 50
f 50 52 53
f 55 53 54
f 54 53 52
f 57 58 56
f 56 58 59
f 61 62 60
f 60 62 63
f 65 66 64
f 64 66 67
f 69 70 68
f 68 70 71
f 65 73 72
f 72 73 74
f 64 75 65
f 65 75 73
f 77 78 76
f 76 78 79
f 80 81 83
f 83 81 82
f 81 85 84
f 84 85 86
f 88 89 87
f 87 89 69
f 88 87 90
f 90 87 91
f 93 94 92
f 92 94 95
f 96 84 43
f 43 84 44
f 51 98 97
f 97 98 86
f 97 99 51
f 51 99 52
f 54 52 100
f 100 52 99
f 58 101 59
f 59 101 102
f 62 103 63
f 63 103 104
f 105 106 6
f 6 106 5
f 108 109 107
f 107 109 110
f 112 113 111
f 111 113 114
f 116 117 115
f 115 117 118
f 120 121 119
f 119 121 122
f 124 125 123
f 123 125 126
f 128 129 127
f 127 129 130
f 130 131 127
f 127 131 132
f 134 1 133
f 133 1 135
f 1 4 135
f 135 4 136
f 4 8 136
f 136 8 137
f 138 139 15
f 15 139 140
f 140 139 141
f 141 139 142
f 144 57 143
f 143 57 56
f 145 146 141
f 141 146 147
f 146 149 148
f 148 149 150
f 152 153 151
f 151 153 154
f 141 147 140
f 140 147 155
f 157 11 156
f 156 11 158
f 160 161 159
f 159 161 162
f 164 165 163
f 163 165 166
f 165 160 166
f 166 160 159
f 168 169 167
f 167 169 170
f 169 171 170
f 170 171 172
f 149 173 150
f 150 173 174
f 175 176 149
f 149 176 173
f 178 172 177
f 177 172 171
f 180 181 179
f 179 181 182
f 184 180 183
f 183 180 179
f 186 187 185
f 185 187 188
f 190 191 189
f 189 191 192
f 7 193 8
f 8 193 194
f 196 162 195
f 195 162 161
f 197 168 198
f 198 168 167
f 181 199 182
f 182 199 200
f 202 203 201
f 201 203 204
f 187 186 205
f 205 186 206
f 208 209 207
f 207 209 210
f 212 213 211
f 211 213 214
f 215 216 218
f 218 216 217
f 220 209 219
f 219 209 208
f 204 186 221
f 221 186 185
f 201 204 222
f 222 204 221
f 223 211 220
f 220 211 209
f 224 225 214
f 214 225 210
f 203 206 204
f 204 206 186
f 227 187 226
f 226 187 205
f 27 228 21
f 21 228 22
f 230 231 229
f 229 231 232
f 234 235 233
f 233 235 236
f 238 239 237
f 237 239 240
f 119 122 118
f 118 122 115
f 112 242 241
f 241 242 243
f 98 51 244
f 244 51 50
f 245 138 14
f 14 138 15
f 11 10 158
f 158 10 246
f 89 85 69
f 69 85 70
f 11 157 12
f 12 157 247
f 249 164 248
f 248 164 163
f 177 250 178
f 178 250 251
f 253 254 252
f 252 254 255
f 187 227 188
f 188 227 256
f 212 257 213
f 213 257 258
f 260 134 259
f 259 134 133
f 165 164 135
f 135 164 133
f 160 165 136
f 136 165 135
f 136 137 160
f 160 137 161
f 137 261 161
f 161 261 195
f 263 264 262
f 262 264 265
f 13 16 266
f 266 16 267
f 268 267 155
f 155 267 16
f 147 269 155
f 155 269 268
f 162 196 167
f 167 196 198
f 167 170 162
f 162 170 159
f 170 172 159
f 159 172 166
f 172 178 166
f 166 178 163
f 178 251 163
f 163 251 248
f 168 270 169
f 169 270 271
f 272 273 171
f 171 273 177
f 271 272 169
f 169 272 171
f 168 197 270
f 270 197 274
f 250 177 275
f 275 177 273
f 277 45 276
f 276 45 278
f 280 281 279
f 279 281 282
f 284 104 283
f 283 104 103
f 285 215 286
f 286 215 218
f 288 289 287
f 287 289 290
f 291 80 66
f 66 80 83
f 293 294 292
f 292 294 295
f 73 91 74
f 74 91 87
f 91 73 92
f 92 73 75
f 279 77 280
f 280 77 76
f 80 291 70
f 70 291 71
f 277 47 96
f 96 47 82
f 297 175 296
f 296 175 149
f 299 154 298
f 298 154 153
f 225 300 210
f 210 300 207
f 224 301 206
f 206 301 205
f 210 209 214
f 214 209 211
f 226 205 302
f 302 205 301
f 304 305 303
f 303 305 306
f 308 309 307
f 307 309 310
f 72 291 65
f 65 291 66
f 66 83 67
f 67 83 46
f 312 313 311
f 311 313 314
f 316 317 315
f 315 317 36
f 29 318 35
f 35 318 319
f 321 32 320
f 320 32 322
f 311 314 323
f 323 314 324
f 315 325 316
f 316 325 326
f 318 287 319
f 319 287 290
f 328 321 327
f 327 321 320
f 329 330 39
f 39 330 331
f 332 333 40
f 40 333 322
f 309 334 285
f 285 334 335
f 236 2 134
f 134 2 1
f 260 336 233
f 233 336 337
f 237 14 265
f 265 14 13
f 84 86 44
f 44 86 98
f 189 192 7
f 7 192 193
f 44 98 41
f 41 98 244
f 237 240 14
f 14 240 245
f 7 3 189
f 189 3 5
f 338 71 72
f 72 71 291
f 262 265 266
f 266 265 13
f 124 123 339
f 339 123 105
f 123 109 105
f 105 109 106
f 189 5 190
f 190 5 106
f 111 114 12
f 12 114 9
f 264 340 265
f 265 340 237
f 342 343 341
f 341 343 344
f 6 235 105
f 105 235 339
f 234 346 345
f 345 346 347
f 349 350 348
f 348 350 351
f 107 352 108
f 108 352 353
f 355 356 354
f 354 356 357
f 237 340 238
f 238 340 358
f 12 247 111
f 111 247 359
f 264 263 116
f 116 263 360
f 361 362 222
f 222 362 201
f 364 365 363
f 363 365 366
f 368 369 367
f 367 369 370
f 372 373 371
f 371 373 374
f 375 376 372
f 372 376 377
f 378 379 381
f 381 379 380
f 382 383 269
f 269 383 268
f 150 174 365
f 365 174 384
f 380 377 381
f 381 377 376
f 271 270 180
f 180 270 181
f 273 272 252
f 252 272 184
f 272 271 184
f 184 271 180
f 181 270 274
f 252 255 273
f 273 255 275
f 254 385 255
f 255 385 386
f 387 388 179
f 179 388 183
f 389 387 182
f 182 387 179
f 182 200 389
f 389 200 390
f 388 391 183
f 183 391 253
f 391 392 253
f 253 392 254
f 394 379 393
f 393 379 378
f 185 188 395
f 395 188 396
f 221 185 397
f 397 185 395
f 222 221 398
f 398 221 397
f 188 256 396
f 396 256 399
f 400 401 256
f 256 401 399
f 402 403 405
f 405 403 404
f 148 150 364
f 364 150 365
f 393 406 394
f 394 406 407
f 158 246 393
f 393 246 406
f 342 19 238
f 238 19 239
f 23 22 350
f 350 22 354
f 244 50 245
f 245 50 138
f 55 142 53
f 53 142 139
f 145 144 296
f 296 144 143
f 355 228 341
f 341 228 20
f 41 240 42
f 42 240 239
f 283 308 284
f 284 308 307
f 349 409 408
f 408 409 410
f 244 245 41
f 41 245 240
f 268 383 406
f 406 383 407
f 346 411 349
f 349 411 409
f 251 412 248
f 248 412 413
f 275 414 250
f 250 414 415
f 25 45 26
f 26 45 277
f 43 26 96
f 96 26 277
f 416 417 61
f 61 417 62
f 329 24 408
f 408 24 23
f 31 40 32
f 32 40 322
f 39 38 329
f 329 38 24
f 37 38 30
f 30 38 31
f 418 419 421
f 421 419 420
f 78 295 79
f 79 295 294
f 124 339 422
f 422 339 345
f 232 131 357
f 357 131 351
f 2 236 6
f 6 236 235
f 252 184 253
f 253 184 183
f 227 423 256
f 256 423 400
f 423 227 305
f 305 227 226
f 424 258 425
f 425 258 257
f 426 427 212
f 212 427 257
f 259 133 249
f 249 133 164
f 419 418 428
f 428 418 429
f 327 430 328
f 328 430 288
f 49 431 46
f 46 431 67
f 306 302 424
f 424 302 258
f 313 432 314
f 314 432 433
f 32 321 29
f 29 321 318
f 324 314 433
f 287 318 328
f 328 318 321
f 134 260 236
f 236 260 233
f 345 339 234
f 234 339 235
f 357 351 354
f 354 351 350
f 408 23 349
f 349 23 350
f 317 278 36
f 36 278 45
f 432 313 429
f 429 313 428
f 435 428 434
f 434 428 313
f 42 239 18
f 18 239 19
f 43 42 26
f 26 42 18
f 121 120 436
f 436 120 437
f 302 301 258
f 258 301 213
f 110 109 126
f 126 109 123
f 238 358 342
f 342 358 343
f 341 20 342
f 342 20 19
f 322 438 320
f 320 438 439
f 320 439 327
f 327 439 430
f 333 440 322
f 322 440 438
f 289 288 323
f 323 288 430
f 115 340 116
f 116 340 264
f 146 145 149
f 149 145 296
f 15 140 16
f 16 140 155
f 441 442 152
f 152 442 153
f 225 224 203
f 203 224 206
f 175 297 154
f 154 297 151
f 293 443 294
f 294 443 444
f 248 413 249
f 249 413 445
f 446 447 400
f 400 447 401
f 388 387 396
f 396 387 395
f 387 389 395
f 395 389 397
f 391 388 399
f 399 388 396
f 401 392 399
f 399 392 391
f 255 386 275
f 275 386 414
f 449 450 448
f 448 450 451
f 335 452 285
f 285 452 215
f 453 298 442
f 442 298 153
f 211 223 212
f 212 223 426
f 425 257 454
f 454 257 427
f 266 10 262
f 262 10 9
f 360 113 456
f 456 113 455
f 8 194 137
f 137 194 261
f 10 266 246
f 246 266 267
f 203 202 225
f 225 202 300
f 262 9 263
f 263 9 114
f 108 353 190
f 190 353 191
f 389 390 397
f 397 390 398
f 457 422 128
f 128 422 129
f 156 158 378
f 378 158 393
f 347 346 348
f 348 346 349
f 447 458 401
f 401 458 392
f 364 382 148
f 148 382 269
f 55 54 57
f 57 54 58
f 75 64 459
f 459 64 460
f 100 90 101
f 101 90 95
f 101 58 100
f 100 58 54
f 142 55 144
f 144 55 57
f 147 146 269
f 269 146 148
f 459 93 75
f 75 93 92
f 144 145 142
f 142 145 141
f 228 27 20
f 20 27 17
f 154 299 175
f 175 299 176
f 214 213 224
f 224 213 301
f 424 461 306
f 306 461 303
f 285 286 309
f 309 286 310
f 462 334 308
f 308 334 309
f 302 306 226
f 226 306 305
f 37 28 21
f 21 28 27
f 29 35 30
f 30 35 34
f 30 34 37
f 37 34 28
f 344 436 356
f 356 436 229
f 325 290 326
f 326 290 289
f 311 439 312
f 312 439 438
f 35 319 36
f 36 319 315
f 439 311 430
f 430 311 323
f 315 319 325
f 325 319 290
f 440 463 438
f 438 463 312
f 341 344 355
f 355 344 356
f 360 456 116
f 116 456 117
f 354 22 355
f 355 22 228
f 326 289 324
f 324 289 323
f 74 87 68
f 68 87 69
f 50 53 138
f 138 53 139
f 268 406 267
f 267 406 246
f 190 106 108
f 108 106 109
f 241 455 112
f 112 455 113
f 358 122 343
f 343 122 121
f 129 347 130
f 130 347 348
f 348 351 130
f 130 351 131
f 229 232 356
f 356 232 357
f 340 115 358
f 358 115 122
f 111 359 112
f 112 359 242
f 125 124 457
f 457 124 422
f 231 132 232
f 232 132 131
f 343 121 344
f 344 121 436
f 263 114 360
f 360 114 113
f 347 129 345
f 345 129 422
f 230 229 437
f 437 229 436
f 464 446 423
f 423 446 400
f 465 466 468
f 468 466 467
f 470 471 469
f 469 471 472
f 469 472 373
f 373 472 374
f 474 469 473
f 473 469 373
f 471 475 472
f 472 475 476
f 472 477 374
f 374 477 478
f 477 472 476
f 479 480 476
f 476 480 477
f 473 373 377
f 377 373 372
f 481 482 479
f 479 482 480
f 483 484 481
f 481 484 482
f 403 402 485
f 485 402 486
f 487 488 483
f 483 488 484
f 487 489 488
f 488 489 490
f 489 491 490
f 490 491 492
f 491 493 492
f 492 493 494
f 493 495 494
f 494 495 496
f 497 498 481
f 481 498 483
f 484 499 482
f 482 499 367
f 370 480 367
f 367 480 482
f 480 370 477
f 477 370 478
f 500 497 479
f 479 497 481
f 451 473 380
f 380 473 377
f 448 451 379
f 379 451 380
f 501 502 504
f 504 502 503
f 449 505 507
f 507 505 506
f 486 508 505
f 505 508 506
f 508 509 506
f 506 509 510
f 511 507 510
f 510 507 506
f 509 508 512
f 512 508 513
f 515 509 514
f 514 509 512
f 509 515 510
f 510 515 516
f 510 516 511
f 511 516 517
f 486 505 485
f 485 505 518
f 505 449 518
f 518 449 448
f 383 382 403
f 403 382 404
f 363 404 364
f 364 404 382
f 403 485 383
f 383 485 407
f 519 520 361
f 361 520 362
f 522 496 521
f 521 496 495
f 450 474 451
f 451 474 473
f 363 366 523
f 523 366 524
f 525 499 488
f 488 499 484
f 488 490 525
f 525 490 526
f 496 522 520
f 520 522 527
f 494 496 519
f 519 496 520
f 492 494 528
f 528 494 519
f 529 530 495
f 495 530 521
f 490 492 526
f 526 492 528
f 529 495 531
f 531 495 493
f 533 534 532
f 532 534 535
f 523 524 533
f 533 524 534
f 486 402 532
f 532 402 533
f 529 536 530
f 530 536 537
f 536 538 537
f 537 538 539
f 540 541 539
f 539 541 537
f 530 537 535
f 535 537 541
f 542 539 543
f 543 539 538
f 539 542 540
f 540 542 544
f 541 540 513
f 513 540 512
f 540 544 512
f 512 544 514
f 546 547 545
f 545 547 548
f 549 550 531
f 531 550 551
f 550 549 552
f 552 549 553
f 546 550 554
f 554 550 552
f 547 546 555
f 555 546 554
f 498 556 558
f 558 556 557
f 559 557 560
f 560 557 556
f 561 562 560
f 560 562 559
f 557 559 552
f 552 559 554
f 559 562 554
f 554 562 555
f 558 557 553
f 553 557 552
f 475 471 563
f 563 471 564
f 565 563 567
f 567 563 566
f 471 470 564
f 564 470 466
f 564 466 568
f 568 466 465
f 568 465 569
f 569 465 570
f 572 573 571
f 571 573 574
f 569 575 567
f 567 575 576
f 577 565 576
f 576 565 567
f 578 579 581
f 581 579 580
f 575 561 576
f 576 561 560
f 556 577 560
f 560 577 576
f 577 556 497
f 497 556 498
f 565 577 500
f 500 577 497
f 563 565 475
f 475 565 500
f 553 489 558
f 558 489 487
f 531 493 549
f 549 493 491
f 489 553 491
f 491 553 549
f 394 407 518
f 518 407 485
f 518 448 394
f 394 448 379
f 545 548 538
f 538 548 543
f 551 545 536
f 536 545 538
f 536 529 551
f 551 529 531
f 507 582 449
f 449 582 450
f 511 583 507
f 507 583 582
f 511 517 583
f 583 517 584
f 585 586 588
f 588 586 587
f 590 591 589
f 589 591 592
f 591 590 593
f 593 590 594
f 596 597 595
f 595 597 598
f 599 600 602
f 602 600 601
f 604 605 603
f 603 605 606
f 608 609 607
f 607 609 610
f 612 613 611
f 611 613 614
f 615 616 618
f 618 616 617
f 620 621 619
f 619 621 622
f 624 625 623
f 623 625 626
f 628 629 627
f 627 629 630
f 632 633 631
f 631 633 634
f 635 636 638
f 638 636 637
f 639 640 642
f 642 640 641
f 644 645 643
f 643 645 646
f 619 622 647
f 647 622 648
f 650 651 649
f 649 651 652
f 601 653 602
f 602 653 654
f 656 657 655
f 655 657 658
f 660 661 659
f 659 661 662
f 664 665 663
f 663 665 666
f 593 594 667
f 667 594 668
f 669 670 672
f 672 670 671
f 673 674 676
f 676 674 675
f 633 632 677
f 677 632 678
f 663 666 679
f 679 666 680
f 681 682 684
f 684 682 683
f 686 687 685
f 685 687 688
f 690 661 689
f 689 661 691
f 693 686 692
f 692 686 685
f 695 597 694
f 694 597 668
f 594 696 668
f 668 696 694
f 697 698 696
f 696 698 699
f 700 701 697
f 697 701 698
f 702 585 703
f 703 585 588
f 671 690 672
f 672 690 689
f 640 639 704
f 704 639 705
f 679 706 663
f 663 706 658
f 708 709 707
f 707 709 710
f 711 712 610
f 610 712 607
f 713 714 716
f 716 714 715
f 717 718 720
f 720 718 719
f 722 634 721
f 721 634 633
f 724 725 723
f 723 725 726
f 728 729 727
f 727 729 730
f 732 733 731
f 731 733 734
f 707 710 735
f 735 710 736
f 643 737 644
f 644 737 738
f 740 741 739
f 739 741 742
f 608 744 743
f 743 744 745
f 747 748 746
f 746 748 749
f 751 752 750
f 750 752 753
f 754 755 757
f 757 755 756
f 758 759 761
f 761 759 760
f 763 764 762
f 762 764 765
f 767 768 766
f 766 768 769
f 771 772 770
f 770 772 773
f 775 776 774
f 774 776 777
f 779 780 778
f 778 780 781
f 783 712 782
f 782 712 784
f 785 786 788
f 788 786 787
f 790 628 789
f 789 628 627
f 792 793 791
f 791 793 794
f 795 796 726
f 726 796 723
f 798 799 797
f 797 799 800
f 721 633 801
f 801 633 677
f 797 800 802
f 802 800 803
f 805 806 804
f 804 806 807
f 809 810 808
f 808 810 811
f 813 814 812
f 812 814 815
f 809 808 817
f 817 808 816
f 818 819 804
f 804 819 805
f 820 821 818
f 818 821 819
f 821 820 587
f 587 820 822
f 809 823 810
f 810 823 824
f 814 807 815
f 815 807 806
f 826 426 825
f 825 426 223
f 426 826 427
f 427 826 827
f 828 829 454
f 454 829 830
f 831 832 677
f 677 832 801
f 834 835 833
f 833 835 836
f 838 839 837
f 837 839 840
f 841 842 844
f 844 842 843
f 845 846 803
f 803 846 802
f 847 831 678
f 678 831 677
f 848 849 851
f 851 849 850
f 853 854 852
f 852 854 855
f 857 858 856
f 856 858 680
f 860 861 859
f 859 861 862
f 864 865 863
f 863 865 866
f 868 869 867
f 867 869 870
f 839 871 840
f 840 871 872
f 849 848 874
f 874 848 873
f 876 877 875
f 875 877 878
f 880 881 879
f 879 881 882
f 883 884 886
f 886 884 885
f 846 887 802
f 802 887 888
f 890 891 889
f 889 891 888
f 893 894 892
f 892 894 895
f 896 897 728
f 728 897 729
f 899 900 898
f 898 900 901
f 902 852 904
f 904 852 903
f 849 905 850
f 850 905 906
f 875 878 907
f 907 878 908
f 910 911 909
f 909 911 912
f 914 915 913
f 913 915 916
f 917 918 862
f 862 918 859
f 919 920 856
f 856 920 921
f 923 924 922
f 922 924 925
f 926 927 925
f 925 927 922
f 929 930 928
f 928 930 693
f 932 695 931
f 931 695 694
f 823 867 824
f 824 867 933
f 935 936 934
f 934 936 937
f 938 868 823
f 823 868 867
f 940 847 939
f 939 847 678
f 632 655 678
f 678 655 939
f 941 942 619
f 619 942 620
f 687 943 688
f 688 943 944
f 851 850 945
f 945 850 903
f 850 906 903
f 903 906 904
f 946 947 949
f 949 947 948
f 951 952 950
f 950 952 953
f 955 956 954
f 954 956 957
f 907 958 875
f 875 958 874
f 960 961 959
f 959 961 962
f 963 853 902
f 902 853 852
f 909 964 910
f 910 964 965
f 967 968 966
f 966 968 969
f 971 972 970
f 970 972 973
f 974 960 975
f 975 960 959
f 977 978 976
f 976 978 979
f 981 977 980
f 980 977 976
f 980 982 981
f 981 982 983
f 985 983 984
f 984 983 982
f 984 986 985
f 985 986 987
f 989 990 988
f 988 990 991
f 993 994 992
f 992 994 995
f 997 998 996
f 996 998 999
f 1001 1002 1000
f 1000 1002 1003
f 1005 1006 1004
f 1004 1006 1007
f 1004 1008 1005
f 1005 1008 1009
f 1008 1010 1009
f 1009 1010 1011
f 1013 1011 1012
f 1012 1011 1010
f 1014 1015 1017
f 1017 1015 1016
f 1019 1020 1018
f 1018 1020 1021
f 1022 1023 976
f 976 1023 980
f 1024 1025 982
f 982 1025 984
f 992 995 1026
f 1026 995 1027
f 956 955 1028
f 1028 955 1029
f 1030 1031 1033
f 1033 1031 1032
f 1010 1008 1034
f 1034 1008 1035
f 1008 1004 1035
f 1035 1004 1036
f 1037 1038 1002
f 1002 1038 1007
f 1002 1001 1037
f 1037 1001 1039
f 1040 1041 997
f 997 1041 998
f 1015 1014 1043
f 1043 1014 1042
f 1044 1045 1047
f 1047 1045 1046
f 1044 1020 1048
f 1048 1020 1049
f 1050 1051 1003
f 1003 1051 1000
f 1052 1050 1006
f 1006 1050 1003
f 1053 1054 1011
f 1011 1054 1009
f 1013 1045 1055
f 1055 1045 1056
f 1058 1059 1057
f 1057 1059 1060
f 1062 1063 1061
f 1061 1063 1064
f 1065 1066 1050
f 1050 1066 1051
f 1067 1065 1052
f 1052 1065 1050
f 1068 1069 1054
f 1054 1069 1070
f 1071 1068 1053
f 1053 1068 1054
f 1073 1071 1072
f 1072 1071 1074
f 1074 1071 1055
f 1055 1071 1053
f 1076 1077 1075
f 1075 1077 1078
f 1079 1080 1057
f 1057 1080 1058
f 1081 1082 1064
f 1064 1082 1061
f 1084 1085 1083
f 1083 1085 1086
f 1088 1089 1087
f 1087 1089 1090
f 1092 1093 1091
f 1091 1093 1094
f 1096 1097 1095
f 1095 1097 1098
f 1099 1100 1102
f 1102 1100 1101
f 1103 1104 1099
f 1099 1104 1100
f 1106 1107 1105
f 1105 1107 1108
f 1110 1111 1109
f 1109 1111 1112
f 1114 1115 1113
f 1113 1115 1116
f 1118 1119 1117
f 1117 1119 1077
f 1117 1120 1122
f 1122 1120 1121
f 1105 1123 1106
f 1106 1123 1124
f 1125 1126 1128
f 1128 1126 1127
f 1130 1131 1129
f 1129 1131 1132
f 1134 1135 1133
f 1133 1135 1114
f 1113 1136 1114
f 1114 1136 1133
f 1118 1137 1113
f 1113 1137 1136
f 1118 1117 1137
f 1137 1117 1122
f 1139 1140 1138
f 1138 1140 1141
f 1143 953 1142
f 1142 953 952
f 1145 957 1144
f 1144 957 956
f 1028 1146 956
f 956 1146 1144
f 1014 1147 1042
f 1042 1147 1148
f 1014 1017 1147
f 1147 1017 1149
f 1059 1058 1150
f 1150 1058 1151
f 1153 1080 1152
f 1152 1080 1154
f 1156 1088 1155
f 1155 1088 1087
f 1157 1158 1106
f 1106 1158 1107
f 1106 1124 1157
f 1157 1124 1159
f 1161 1162 1160
f 1160 1162 1163
f 1165 1166 1164
f 1164 1166 1167
f 1168 1031 1012
f 1012 1031 1046
f 1024 1023 1035
f 1035 1023 1034
f 1036 1038 1025
f 1025 1038 1169
f 1170 1171 1039
f 1039 1171 1037
f 1028 1029 1042
f 1042 1029 1043
f 1172 1173 1175
f 1175 1173 1174
f 1055 1053 1013
f 1013 1053 1011
f 1005 1009 1070
f 1070 1009 1054
f 996 999 1062
f 1062 999 1063
f 1016 1060 1017
f 1017 1060 1059
f 1017 1059 1149
f 1149 1059 1150
f 1177 1178 1176
f 1176 1178 1103
f 1176 1072 1179
f 1179 1072 1074
f 1073 1102 1086
f 1086 1102 1083
f 1180 1181 1067
f 1067 1181 1065
f 1182 1183 1184
f 1184 1183 1181
f 1186 1187 1185
f 1185 1187 1188
f 1189 1190 798
f 798 1190 799
f 1192 1193 1191
f 1191 1193 1194
f 1195 1196 1194
f 1194 1196 1191
f 1196 1195 1198
f 1198 1195 1197
f 1200 674 1199
f 1199 674 673
f 928 1201 1203
f 1203 1201 1202
f 861 1204 862
f 862 1204 921
f 1205 1206 913
f 913 1206 1207
f 882 1208 879
f 879 1208 1209
f 1210 1211 1167
f 1167 1211 1164
f 1212 769 1213
f 1213 769 768
f 727 1214 728
f 728 1214 1215
f 1217 1218 1216
f 1216 1218 1219
f 1220 813 1221
f 1221 813 812
f 827 828 427
f 427 828 454
f 1223 1224 1222
f 1222 1224 1165
f 1226 1227 1225
f 1225 1227 1228
f 851 1229 848
f 848 1229 1230
f 834 854 835
f 835 854 1231
f 1233 1234 1232
f 1232 1234 1235
f 1237 751 1236
f 1236 751 750
f 743 819 1238
f 1238 819 821
f 1240 1241 1239
f 1239 1241 1242
f 1244 1245 1243
f 1243 1245 1246
f 844 1247 841
f 841 1247 1248
f 1250 1251 1249
f 1249 1251 1252
f 1254 893 1253
f 1253 893 1237
f 1255 1256 1258
f 1258 1256 1257
f 1260 1261 1259
f 1259 1261 1262
f 945 903 855
f 855 903 852
f 855 1263 945
f 945 1263 1264
f 832 845 801
f 801 845 803
f 800 721 803
f 803 721 801
f 721 800 722
f 722 800 799
f 1266 1267 1265
f 1265 1267 1268
f 1270 795 1269
f 1269 795 726
f 725 1271 726
f 726 1271 1269
f 737 765 738
f 738 765 764
f 759 740 760
f 760 740 739
f 717 1272 1274
f 1274 1272 1273
f 1163 1226 1275
f 1275 1226 1225
f 1277 882 1276
f 1276 882 881
f 1041 1040 1027
f 1027 1040 1026
f 900 935 901
f 901 935 934
f 1164 1278 1165
f 1165 1278 1222
f 1211 1279 1164
f 1164 1279 1278
f 442 1280 453
f 453 1280 1281
f 788 1282 785
f 785 1282 1283
f 1285 1286 1284
f 1284 1286 1287
f 1284 1288 1285
f 1285 1288 1289
f 757 1289 754
f 754 1289 1288
f 605 604 675
f 675 604 676
f 1290 1291 1293
f 1293 1291 1292
f 1295 1296 1294
f 1294 1296 1297
f 696 699 694
f 694 699 931
f 1298 1299 592
f 592 1299 589
f 1299 1300 589
f 589 1300 700
f 1300 1301 700
f 700 1301 701
f 743 745 819
f 819 745 805
f 1303 1304 1302
f 1302 1304 1305
f 1306 1307 1305
f 1305 1307 1302
f 609 1298 610
f 610 1298 592
f 587 822 588
f 588 822 1308
f 703 588 1309
f 1309 588 1308
f 1310 703 571
f 571 703 1309
f 1311 1312 789
f 789 1312 790
f 825 223 1313
f 1313 223 220
f 219 1314 220
f 220 1314 1313
f 1315 1316 1311
f 1311 1316 1312
f 1317 1318 1319
f 1319 1318 1241
f 441 1320 442
f 442 1320 1280
f 1321 217 572
f 572 217 216
f 1323 1230 1322
f 1322 1230 1229
f 1324 1325 631
f 631 1325 656
f 1034 1168 1010
f 1010 1168 1012
f 1327 1328 1326
f 1326 1328 1329
f 1331 1202 1330
f 1330 1202 1201
f 571 1309 572
f 572 1309 1321
f 573 572 1332
f 1332 572 216
f 1334 1335 1333
f 1333 1335 1336
f 1337 1338 918
f 918 1338 859
f 1339 863 1340
f 1340 863 866
f 1341 1342 1344
f 1344 1342 1343
f 1345 1346 919
f 919 1346 920
f 1347 1348 673
f 673 1348 1199
f 693 1349 928
f 928 1349 1201
f 1351 1257 1350
f 1350 1257 1256
f 1350 1352 1351
f 1351 1352 1353
f 653 930 654
f 654 930 662
f 1279 1354 1278
f 1278 1354 1355
f 1357 1358 1356
f 1356 1358 1359
f 937 1360 1140
f 1140 1360 1361
f 1225 1228 909
f 909 1228 964
f 901 934 1362
f 1362 934 1139
f 1364 1365 1363
f 1363 1365 1362
f 1367 912 1366
f 1366 912 911
f 1143 1142 1368
f 1368 1142 1369
f 1144 1186 1145
f 1145 1186 1185
f 1146 1175 1144
f 1144 1175 1186
f 1175 1146 1172
f 1172 1146 1148
f 1147 1018 1148
f 1148 1018 1172
f 1018 1147 1019
f 1019 1147 1149
f 1149 1150 1019
f 1019 1150 1370
f 1150 1151 1370
f 1370 1151 1371
f 1151 1153 1371
f 1371 1153 1177
f 1152 1156 1178
f 1178 1156 1372
f 1155 1158 1373
f 1373 1158 1374
f 1157 1159 1376
f 1376 1159 1375
f 1378 1379 1377
f 1377 1379 1380
f 1382 1383 1381
f 1381 1383 1384
f 1382 1386 1385
f 1385 1386 1387
f 1386 1233 1387
f 1387 1233 1232
f 1389 1390 1388
f 1388 1390 1391
f 1393 1394 1392
f 1392 1394 1395
f 1397 1398 1396
f 1396 1398 1399
f 629 1397 630
f 630 1397 1396
f 1342 1400 1343
f 1343 1400 1401
f 1403 1404 1402
f 1402 1404 1405
f 1407 1408 1406
f 1406 1408 1409
f 1411 1412 1410
f 1410 1412 1413
f 793 1414 794
f 794 1414 1415
f 1417 1341 1416
f 1416 1341 1344
f 704 705 1347
f 1347 705 1418
f 741 1419 742
f 742 1419 1420
f 1422 669 1421
f 1421 669 672
f 645 1423 646
f 646 1423 1424
f 1196 1198 614
f 614 1198 611
f 613 1425 614
f 614 1425 1426
f 1427 616 659
f 659 616 660
f 614 1426 1196
f 1196 1426 1191
f 696 594 697
f 697 594 590
f 697 590 700
f 700 590 589
f 703 1310 702
f 702 1310 1428
f 1421 672 1192
f 1192 672 689
f 1271 648 1269
f 1269 648 622
f 621 1270 622
f 622 1270 1269
f 1429 1430 1417
f 1417 1430 1341
f 1431 1432 1434
f 1434 1432 1433
f 1436 1437 1435
f 1435 1437 1438
f 1440 1441 1439
f 1439 1441 1442
f 1443 1444 1446
f 1446 1444 1445
f 823 809 938
f 938 809 817
f 810 1447 811
f 811 1447 1448
f 1449 1450 679
f 679 1450 706
f 913 916 1205
f 1205 916 1451
f 1275 1225 912
f 912 1225 909
f 1452 1453 880
f 880 1453 881
f 1444 1401 1445
f 1445 1401 1400
f 936 1454 937
f 937 1454 1360
f 824 1455 810
f 810 1455 1447
f 631 656 632
f 632 656 655
f 966 1456 967
f 967 1456 1457
f 1459 1460 1458
f 1458 1460 1461
f 1460 1462 1461
f 1461 1462 1463
f 972 974 973
f 973 974 975
f 990 995 991
f 991 995 994
f 1464 1187 1033
f 1033 1187 1174
f 1018 1021 1172
f 1172 1021 1173
f 1000 999 1001
f 1001 999 998
f 976 979 1022
f 1022 979 1032
f 1023 1024 980
f 980 1024 982
f 989 986 1171
f 1171 986 1169
f 1171 1170 989
f 989 1170 990
f 1170 1027 990
f 990 1027 995
f 1041 1039 998
f 998 1039 1001
f 1051 1063 1000
f 1000 1063 999
f 1066 1064 1051
f 1051 1064 1063
f 1183 1081 1066
f 1066 1081 1064
f 1178 1372 1103
f 1103 1372 1104
f 1092 1091 1465
f 1465 1091 1182
f 1467 1465 1466
f 1466 1465 1468
f 1469 1470 1184
f 1184 1470 1468
f 1095 1098 1471
f 1471 1098 1101
f 1076 1374 1120
f 1120 1374 1376
f 1110 1472 1127
f 1127 1472 1132
f 1472 1473 1132
f 1132 1473 1129
f 1474 1475 1466
f 1466 1475 1473
f 1119 1118 1116
f 1116 1118 1113
f 1375 1121 1376
f 1376 1121 1120
f 1127 1132 1128
f 1128 1132 1131
f 1227 1476 1228
f 1228 1476 1361
f 1365 1477 1362
f 1362 1477 872
f 1478 1479 1323
f 1323 1479 1230
f 1480 1481 914
f 914 1481 915
f 913 1277 914
f 914 1277 1276
f 1168 1034 1022
f 1022 1034 1023
f 1035 1036 1024
f 1024 1036 1025
f 1039 1041 1170
f 1170 1041 1027
f 1042 1148 1028
f 1028 1148 1146
f 968 1459 969
f 969 1459 1458
f 1482 1483 664
f 664 1483 665
f 1485 1486 1484
f 1484 1486 1487
f 1489 1490 1488
f 1488 1490 1491
f 1492 1493 722
f 722 1493 634
f 1495 1496 1494
f 1494 1496 1497
f 1498 1207 1339
f 1339 1207 863
f 1224 1499 1165
f 1165 1499 1166
f 1160 1163 1500
f 1500 1163 1275
f 1500 877 1160
f 1160 877 1501
f 876 873 1502
f 1502 873 1479
f 945 1264 851
f 851 1264 1229
f 835 1231 839
f 839 1231 871
f 1503 1283 778
f 778 1283 1282
f 716 715 1505
f 1505 715 1504
f 1446 1445 1507
f 1507 1445 1506
f 779 792 1381
f 1381 792 791
f 1430 1409 1341
f 1341 1409 1342
f 1411 1429 1508
f 1508 1429 1417
f 635 1510 1509
f 1509 1510 1511
f 1377 1380 1315
f 1315 1380 1316
f 1445 1400 1506
f 1506 1400 1408
f 918 917 1336
f 1336 917 1333
f 1513 1514 1512
f 1512 1514 870
f 1515 1516 1363
f 1363 1516 1364
f 1453 1517 881
f 881 1517 1276
f 992 1518 993
f 993 1518 1519
f 1520 1029 1518
f 1518 1029 955
f 1520 1026 1521
f 1521 1026 1040
f 1522 1015 1521
f 1521 1015 1043
f 996 1523 997
f 997 1523 1522
f 1060 1016 1524
f 1524 1016 1523
f 1061 1525 1062
f 1062 1525 1524
f 1079 1527 1526
f 1526 1527 1528
f 1093 1529 1094
f 1094 1529 1528
f 1111 1530 1112
f 1112 1530 1531
f 1532 1533 1105
f 1105 1533 1123
f 934 937 1139
f 1139 937 1140
f 1138 1363 1139
f 1139 1363 1362
f 1534 1222 1355
f 1355 1222 1278
f 1535 1223 1534
f 1534 1223 1222
f 821 587 1238
f 1238 587 586
f 1319 711 1317
f 1317 711 1536
f 1538 1200 1537
f 1537 1200 1199
f 1508 1417 1539
f 1539 1417 1416
f 1540 1541 840
f 840 1541 837
f 1231 898 871
f 871 898 901
f 1500 1275 1367
f 1367 1275 912
f 1543 1379 1542
f 1542 1379 1395
f 1539 772 1508
f 1508 772 1544
f 1546 1403 1545
f 1545 1403 1402
f 1548 1549 1547
f 1547 1549 1550
f 1552 1548 1551
f 1551 1548 1547
f 1554 1555 1553
f 1553 1555 1556
f 1558 1559 1557
f 1557 1559 1560
f 1562 1563 1561
f 1561 1563 1564
f 1566 1567 1565
f 1565 1567 1568
f 1570 1571 1569
f 1569 1571 1572
f 1574 1575 1573
f 1573 1575 1576
f 1577 1578 1572
f 1572 1578 1569
f 1580 1581 1579
f 1579 1581 1582
f 1584 1585 1583
f 1583 1585 1586
f 1588 1555 1587
f 1587 1555 1589
f 1591 1592 1590
f 1590 1592 1593
f 1595 1596 1594
f 1594 1596 1597
f 1596 1581 1597
f 1597 1581 1576
f 1599 1570 1598
f 1598 1570 1569
f 1601 1602 1600
f 1600 1602 1603
f 1605 1606 1604
f 1604 1606 1607
f 1608 1609 1568
f 1568 1609 1565
f 1611 1612 1610
f 1610 1612 1613
f 1615 1616 1614
f 1614 1616 1617
f 1619 1617 1618
f 1618 1617 1616
f 1621 1622 1620
f 1620 1622 1623
f 1625 1626 1624
f 1624 1626 1627
f 1629 1630 1628
f 1628 1630 1631
f 1633 1634 1632
f 1632 1634 1635
f 1636 1637 1639
f 1639 1637 1638
f 1641 1642 1640
f 1640 1642 1643
f 1624 1627 1644
f 1644 1627 1645
f 1647 1648 1646
f 1646 1648 1649
f 1651 1652 1650
f 1650 1652 1653
f 1655 1656 1654
f 1654 1656 1657
f 1659 1660 1658
f 1658 1660 1661
f 1662 1663 1631
f 1631 1663 1628
f 1651 1665 1664
f 1664 1665 1666
f 1667 1656 1619
f 1619 1656 1617
f 1669 1670 1668
f 1668 1670 1671
f 1632 1635 1672
f 1672 1635 1673
f 1674 1675 1638
f 1638 1675 1639
f 1677 1678 1676
f 1676 1678 1679
f 1680 1640 1681
f 1681 1640 1643
f 1682 1683 1643
f 1643 1683 1681
f 1670 1669 1235
f 1235 1669 1232
f 1396 1399 1674
f 1674 1399 1675
f 627 630 1679
f 1679 630 1676
f 1681 1315 1680
f 1680 1315 1311
f 1683 1377 1681
f 1681 1377 1315
f 1672 1673 1387
f 1387 1673 1385
f 1636 1684 1646
f 1646 1684 1685
f 1687 1688 1686
f 1686 1688 1689
f 1585 1690 1586
f 1586 1690 1691
f 1599 1692 1551
f 1551 1692 1693
f 1552 1558 1694
f 1694 1558 1557
f 1696 1615 1695
f 1695 1615 1614
f 1698 1699 1697
f 1697 1699 1623
f 1700 1701 1703
f 1703 1701 1702
f 1705 1706 1704
f 1704 1706 1707
f 1708 1709 1640
f 1640 1709 1641
f 1710 1711 1713
f 1713 1711 1712
f 1652 1655 1653
f 1653 1655 1654
f 1714 1699 1712
f 1712 1699 1713
f 1715 1710 1716
f 1716 1710 1713
f 1717 1708 1680
f 1680 1708 1640
f 1393 1392 1715
f 1715 1392 1710
f 1719 1720 1718
f 1718 1720 1721
f 1680 1311 1717
f 1717 1311 789
f 1378 1711 1392
f 1392 1711 1710
f 1388 1391 1719
f 1719 1391 1720
f 1723 1606 1722
f 1722 1606 1689
f 1725 1568 1724
f 1724 1568 1567
f 1726 1647 1685
f 1685 1647 1646
f 1728 1554 1727
f 1727 1554 1553
f 1591 1687 1600
f 1600 1687 1686
f 1730 1595 1729
f 1729 1595 1594
f 1601 1605 1731
f 1731 1605 1604
f 1733 1663 1732
f 1732 1663 1734
f 1736 1639 1735
f 1735 1639 1675
f 1658 1644 1737
f 1737 1644 1645
f 1726 1662 1724
f 1724 1662 1631
f 1399 1738 1675
f 1675 1738 1735
f 1621 1667 1739
f 1739 1667 1619
f 1714 1740 1620
f 1620 1740 1741
f 1592 1549 1593
f 1593 1549 1742
f 1602 1571 1603
f 1603 1571 1550
f 1688 1690 1689
f 1689 1690 1722
f 1588 1559 1582
f 1582 1559 1579
f 1673 1735 1385
f 1385 1735 1738
f 1387 1232 1672
f 1672 1232 1669
f 1580 1692 1573
f 1573 1692 1743
f 1377 1683 1378
f 1378 1683 1711
f 1664 1666 1744
f 1744 1666 1745
f 1744 1696 1664
f 1664 1696 1695
f 1746 1747 1732
f 1732 1747 1748
f 1749 1750 1677
f 1677 1750 1678
f 1709 1708 1750
f 1750 1708 1678
f 1668 1632 1669
f 1669 1632 1672
f 1633 1746 1734
f 1734 1746 1732
f 1679 1678 1717
f 1717 1678 1708
f 789 627 1717
f 1717 627 1679
f 1563 1723 1564
f 1564 1723 1722
f 1728 1584 1751
f 1751 1584 1583
f 1674 1676 1396
f 1396 1676 630
f 1666 1566 1745
f 1745 1566 1565
f 1627 1629 1645
f 1645 1629 1628
f 1637 1749 1638
f 1638 1749 1677
f 1648 1665 1649
f 1649 1665 1752
f 1740 1642 1741
f 1741 1642 1657
f 1676 1674 1677
f 1677 1674 1638
f 1683 1682 1711
f 1711 1682 1712
f 1618 1753 1619
f 1619 1753 1739
f 1701 1739 1702
f 1702 1739 1753
f 1754 1214 1756
f 1756 1214 1755
f 647 1757 619
f 619 1757 941
f 1759 1193 1758
f 1758 1193 691
f 1419 1760 1420
f 1420 1760 1761
f 682 1762 683
f 683 1762 1763
f 1412 780 1413
f 1413 780 1384
f 1383 1398 1384
f 1384 1398 1413
f 1197 1424 1764
f 1764 1424 1423
f 1537 1287 1538
f 1538 1287 1286
f 1634 1684 1635
f 1635 1684 1736
f 1724 1631 1725
f 1725 1631 1630
f 1562 1730 1610
f 1610 1730 1729
f 1735 1673 1736
f 1736 1673 1635
f 1757 1195 941
f 941 1195 1194
f 1766 200 1765
f 1765 200 199
f 475 500 476
f 476 500 479
f 498 558 483
f 483 558 487
f 545 551 546
f 546 551 550
f 453 1281 219
f 219 1281 1314
f 298 453 208
f 208 453 219
f 368 1765 1767
f 1767 1765 199
f 523 405 363
f 363 405 404
f 523 533 405
f 405 533 402
f 298 208 299
f 299 208 207
f 299 207 176
f 176 207 300
f 176 300 173
f 173 300 202
f 173 202 174
f 174 202 201
f 1337 918 1768
f 1768 918 1336
f 1769 1770 1338
f 1338 1770 859
f 581 570 578
f 578 570 1771
f 555 562 580
f 580 562 561
f 504 1772 501
f 501 1772 548
f 517 542 584
f 584 542 543
f 515 514 516
f 516 514 544
f 542 517 544
f 544 517 516
f 561 575 580
f 580 575 581
f 575 569 581
f 581 569 570
f 501 548 1773
f 1773 548 547
f 1774 1775 570
f 570 1775 1771
f 369 368 1776
f 1776 368 1767
f 372 369 375
f 375 369 1776
f 822 1280 1308
f 1308 1280 1320
f 820 1281 822
f 822 1281 1280
f 818 1314 820
f 820 1314 1281
f 1314 818 1313
f 1313 818 804
f 807 814 825
f 825 814 826
f 814 813 826
f 826 813 827
f 813 1220 827
f 827 1220 828
f 580 579 555
f 555 579 547
f 1477 1540 872
f 872 1540 840
f 367 499 368
f 368 499 1765
f 1766 1765 525
f 525 1765 499
f 1777 1766 526
f 526 1766 525
f 520 527 362
f 362 527 384
f 361 1778 519
f 519 1778 528
f 371 1779 372
f 372 1779 369
f 369 1779 370
f 370 1779 478
f 1779 371 478
f 478 371 374
f 1778 1777 528
f 528 1777 526
f 1781 1782 1780
f 1780 1782 1783
f 431 460 67
f 67 460 64
f 68 338 74
f 74 338 72
f 1785 1782 1784
f 1784 1782 1786
f 1787 1788 1790
f 1790 1788 1789
f 1792 1789 1791
f 1791 1789 1793
f 1791 1794 1792
f 1792 1794 1795
f 1794 1796 1795
f 1795 1796 1797
f 1797 1798 938
f 938 1798 868
f 1798 1799 868
f 868 1799 869
f 1801 1802 1800
f 1800 1802 1451
f 1803 1804 1205
f 1205 1804 1206
f 1805 1806 864
f 864 1806 865
f 1806 1807 865
f 865 1807 1808
f 68 71 338
f 287 328 288
f 1320 1321 1308
f 1308 1321 1309
f 1320 441 1321
f 1321 441 217
f 441 152 217
f 217 152 218
f 151 286 152
f 152 286 218
f 297 310 151
f 151 310 286
f 296 307 297
f 297 307 310
f 296 143 307
f 307 143 284
f 143 56 284
f 284 56 104
f 56 59 104
f 104 59 63
f 59 102 63
f 63 102 60
f 102 94 60
f 60 94 282
f 93 459 279
f 279 459 77
f 459 460 77
f 77 460 78
f 460 431 78
f 78 431 295
f 431 49 295
f 295 49 292
f 48 421 49
f 49 421 292
f 276 278 418
f 418 278 429
f 317 432 278
f 278 432 429
f 432 317 433
f 433 317 316
f 326 324 316
f 316 324 433
f 1536 592 1809
f 1809 592 591
f 1810 744 1812
f 1812 744 1811
f 1814 1815 1813
f 1813 1815 1816
f 1817 748 1818
f 1818 748 747
f 1812 1819 1810
f 1810 1819 1817
f 1820 1821 748
f 748 1821 749
f 1823 1824 1822
f 1822 1824 1825
f 1827 1828 1826
f 1826 1828 1829
f 1831 1832 1830
f 1830 1832 1833
f 1834 1827 1243
f 1243 1827 1826
f 1313 804 825
f 825 804 807
f 1835 1253 1236
f 1236 1253 1237
f 1836 1837 1438
f 1438 1837 1435
f 1838 1505 1840
f 1840 1505 1839
f 1841 1842 716
f 716 1842 713
f 1843 1844 1510
f 1510 1844 1845
f 1847 1848 1846
f 1846 1848 1849
f 1850 1240 1822
f 1822 1240 1239
f 636 1831 637
f 637 1831 1830
f 1852 1853 1851
f 1851 1853 1854
f 1855 1856 1858
f 1858 1856 1857
f 1846 1849 1859
f 1859 1849 1860
f 1343 1401 1509
f 1509 1401 1861
f 1509 1861 635
f 635 1861 636
f 1863 1864 1862
f 1862 1864 1865
f 1283 1503 1867
f 1867 1503 1866
f 1868 1867 681
f 681 1867 682
f 1286 1285 683
f 683 1285 684
f 757 756 1274
f 1274 756 1869
f 1274 1869 717
f 717 1869 718
f 1434 1433 719
f 719 1433 720
f 1200 1538 1545
f 1545 1538 1763
f 1285 1289 684
f 684 1289 1273
f 684 1273 681
f 681 1273 1272
f 785 1283 1868
f 1868 1283 1867
f 786 785 1870
f 1870 785 1868
f 1289 757 1273
f 1273 757 1274
f 1539 1416 1871
f 1871 1416 1872
f 773 1871 1403
f 1403 1871 1404
f 675 674 1405
f 1405 674 1402
f 1864 1873 1865
f 1865 1873 1874
f 638 1843 635
f 635 1843 1510
f 1344 1343 1511
f 1511 1343 1509
f 772 1539 773
f 773 1539 1871
f 674 1200 1402
f 1402 1200 1545
f 1538 1286 1763
f 1763 1286 683
f 1444 1443 1875
f 1875 1443 1876
f 1875 1876 1831
f 1831 1876 1832
f 1416 1344 1872
f 1872 1344 1511
f 1877 1878 774
f 774 1878 1879
f 1878 1847 1879
f 1879 1847 1846
f 1880 714 1881
f 1881 714 1848
f 1401 1444 1861
f 1861 1444 1875
f 1861 1875 636
f 636 1875 1831
f 1823 1863 1882
f 1882 1863 1862
f 1441 1440 1884
f 1884 1440 1883
f 1883 1852 1884
f 1884 1852 1851
f 1886 1887 1885
f 1885 1887 1888
f 1358 1889 1359
f 1359 1889 1890
f 1891 1886 1892
f 1892 1886 1885
f 774 1879 775
f 775 1879 1893
f 1859 1893 1846
f 1846 1893 1879
f 713 1842 1849
f 1849 1842 1860
f 1318 1895 1894
f 1894 1895 1896
f 1873 1897 1874
f 1874 1897 1898
f 1898 605 1899
f 1899 605 675
f 1405 1844 675
f 675 1844 1899
f 1404 1845 1405
f 1405 1845 1844
f 593 1296 591
f 591 1296 1809
f 1295 1292 1900
f 1900 1292 1895
f 606 1897 1291
f 1291 1897 1896
f 1510 1845 1511
f 1511 1845 1872
f 1871 1872 1404
f 1404 1872 1845
f 1866 770 1762
f 1762 770 1546
f 1762 682 1866
f 1866 682 1867
f 1870 1868 1272
f 1272 1868 681
f 1272 717 1870
f 1870 717 720
f 1870 720 786
f 786 720 1433
f 786 1433 787
f 787 1433 1432
f 1261 1414 1432
f 1432 1414 787
f 1389 1234 1260
f 1260 1234 1415
f 1719 1670 1388
f 1388 1670 1235
f 1718 1671 1719
f 1719 1671 1670
f 1705 1747 1718
f 1718 1747 1671
f 1659 1901 1704
f 1704 1901 1748
f 1877 1903 1902
f 1902 1903 1904
f 1259 1905 1390
f 1390 1905 1394
f 1715 1720 1393
f 1393 1720 1391
f 1716 1721 1715
f 1715 1721 1720
f 1698 1706 1716
f 1716 1706 1721
f 277 276 47
f 47 276 48
f 84 96 81
f 81 96 82
f 80 70 81
f 81 70 85
f 99 97 88
f 88 97 89
f 90 100 88
f 88 100 99
f 101 95 102
f 102 95 94
f 1906 1907 280
f 280 1907 281
f 97 86 89
f 89 86 85
f 60 282 61
f 61 282 281
f 83 82 46
f 46 82 47
f 293 292 420
f 420 292 421
f 419 1908 420
f 420 1908 1909
f 92 95 91
f 91 95 90
f 279 282 93
f 93 282 94
f 276 418 48
f 48 418 421
f 1910 1660 1697
f 1697 1660 1707
f 1703 1624 1700
f 1700 1624 1644
f 1622 1910 1623
f 1623 1910 1697
f 1701 1700 1911
f 1911 1700 1661
f 1700 1644 1661
f 1661 1644 1658
f 1901 1737 1733
f 1733 1737 1645
f 1625 1912 1604
f 1604 1912 1731
f 1912 1913 1731
f 1731 1913 1914
f 1913 1577 1914
f 1914 1577 1572
f 1915 1578 1616
f 1616 1578 1618
f 1915 1916 1598
f 1598 1916 1743
f 1916 1574 1743
f 1743 1574 1573
f 1575 1917 1576
f 1576 1917 1597
f 1917 1609 1597
f 1597 1609 1594
f 1608 1611 1729
f 1729 1611 1610
f 1918 1612 1629
f 1629 1612 1630
f 1626 1918 1627
f 1627 1918 1629
f 1920 1921 1919
f 1919 1921 1922
f 1920 1924 1923
f 1923 1924 1925
f 1926 1927 1924
f 1924 1927 1925
f 1929 1930 1928
f 1928 1930 1931
f 1932 1933 1935
f 1935 1933 1934
f 1937 1938 1936
f 1936 1938 1939
f 1941 1942 1940
f 1940 1942 1943
f 1941 1945 1944
f 1944 1945 1946
f 1947 1948 1694
f 1694 1948 1949
f 1950 1951 1953
f 1953 1951 1952
f 1955 1956 1954
f 1954 1956 1589
f 1958 1956 1957
f 1957 1956 1932
f 1960 1934 1959
f 1959 1934 1933
f 1962 1963 1961
f 1961 1963 1964
f 1965 1955 1751
f 1751 1955 1954
f 1935 1930 1932
f 1932 1930 1957
f 1951 1950 1926
f 1926 1950 1929
f 1966 1967 1593
f 1593 1967 1590
f 1969 1967 1968
f 1968 1967 1964
f 1962 1921 1970
f 1970 1921 1971
f 1963 1945 1964
f 1964 1945 1968
f 1972 1948 1922
f 1922 1948 1919
f 1966 1972 1961
f 1961 1972 1922
f 1958 1953 1587
f 1587 1953 1560
f 1974 1975 1973
f 1973 1975 1976
f 1978 1979 1977
f 1977 1979 1691
f 1979 1975 1691
f 1691 1975 1586
f 1938 1942 1939
f 1939 1942 1980
f 1952 1947 1557
f 1557 1947 1694
f 1969 1978 1981
f 1981 1978 1977
f 1983 1984 1982
f 1982 1984 1985
f 1986 1987 1989
f 1989 1987 1988
f 1990 1991 1983
f 1983 1991 1984
f 1990 1993 1992
f 1992 1993 1994
f 1995 1996 1994
f 1994 1996 1997
f 1999 2000 1998
f 1998 2000 2001
f 2003 2004 2002
f 2002 2004 2005
f 2007 2008 2006
f 2006 2008 2009
f 2011 2012 2010
f 2010 2012 2013
f 2014 2015 2017
f 2017 2015 2016
f 2018 2019 2021
f 2021 2019 2020
f 2022 1989 2024
f 2024 1989 2023
f 1989 1988 2023
f 2023 1988 2025
f 2026 2027 2017
f 2017 2027 2014
f 2029 2030 2028
f 2028 2030 2031
f 2033 2034 2032
f 2032 2034 2035
f 2032 2035 2036
f 2036 2035 2037
f 2039 2040 2038
f 2038 2040 2041
f 1982 2042 1983
f 1983 2042 2043
f 2045 2046 2044
f 2044 2046 2047
f 2049 2050 2048
f 2048 2050 2051
f 2053 2054 2052
f 2052 2054 2055
f 2057 2058 2056
f 2056 2058 2059
f 2060 2061 2033
f 2033 2061 2034
f 2063 2064 2062
f 2062 2064 2065
f 2066 2035 2067
f 2067 2035 2034
f 2069 2039 2068
f 2068 2039 2038
f 2025 2070 2023
f 2023 2070 2071
f 2072 2024 2071
f 2071 2024 2023
f 2074 2020 2073
f 2073 2020 2019
f 2050 2049 2047
f 2047 2049 2075
f 1983 2043 1990
f 1990 2043 1993
f 2006 2050 2007
f 2007 2050 2076
f 2050 2006 2051
f 2051 2006 2077
f 2079 2080 2078
f 2078 2080 2081
f 2082 2083 2085
f 2085 2083 2084
f 2010 2013 2086
f 2086 2013 2087
f 2089 2033 2088
f 2088 2033 2032
f 2090 2060 2089
f 2089 2060 2033
f 2092 2093 2091
f 2091 2093 2094
f 2096 1986 2095
f 2095 1986 2097
f 2097 1986 2022
f 2022 1986 1989
f 2015 2094 2016
f 2016 2094 2098
f 2016 2098 2100
f 2100 2098 2099
f 2017 2016 2101
f 2101 2016 2100
f 2017 2101 2026
f 2026 2101 2102
f 2100 2099 2104
f 2104 2099 2103
f 2104 2105 2100
f 2100 2105 2101
f 2105 2106 2101
f 2101 2106 2102
f 2108 2061 2107
f 2107 2061 2109
f 2111 2112 2110
f 2110 2112 2020
f 2020 2074 2110
f 2110 2074 2113
f 2115 2116 2114
f 2114 2116 2117
f 2118 2119 1995
f 1995 2119 2120
f 2121 2122 2027
f 2027 2122 2014
f 2047 2075 2044
f 2044 2075 2123
f 2124 2125 2127
f 2127 2125 2126
f 2129 2130 2128
f 2128 2130 2131
f 2132 2133 2057
f 2057 2133 2058
f 2134 1999 2136
f 2136 1999 2135
f 2055 2138 2137
f 2137 2138 2139
f 2141 2142 2140
f 2140 2142 2143
f 2083 2082 2064
f 2064 2082 2065
f 2082 2144 2065
f 2065 2144 2145
f 2040 2146 2041
f 2041 2146 2147
f 2060 2090 2148
f 2148 2090 2149
f 2048 2051 2137
f 2137 2051 2150
f 2151 1997 2135
f 2135 1997 1996
f 2152 2150 2077
f 2077 2150 2051
f 2046 2045 2118
f 2118 2045 2119
f 2154 2155 2153
f 2153 2155 2156
f 2158 2159 2157
f 2157 2159 2160
f 2162 2163 2161
f 2161 2163 2164
f 2164 2163 2165
f 2165 2163 2166
f 2168 2169 2167
f 2167 2169 2170
f 2003 2172 2171
f 2171 2172 2173
f 2174 2175 2002
f 2002 2175 2176
f 2145 2177 2065
f 2065 2177 2062
f 2178 2179 2180
f 2180 2179 2134
f 2181 2052 2152
f 2152 2052 2150
f 2040 2127 2146
f 2146 2127 2182
f 2130 2162 2131
f 2131 2162 2161
f 2052 2055 2150
f 2150 2055 2137
f 2184 2185 2183
f 2183 2185 2186
f 2159 2030 2160
f 2160 2030 2187
f 2146 2182 2029
f 2029 2182 2188
f 2189 2190 2192
f 2192 2190 2191
f 2172 2003 2176
f 2176 2003 2002
f 1998 2151 1999
f 1999 2151 2135
f 2177 2172 2062
f 2062 2172 2176
f 2172 2177 2173
f 2173 2177 2193
f 2063 2194 2064
f 2064 2194 2195
f 2066 2197 2196
f 2196 2197 2198
f 2002 2005 2174
f 2174 2005 2199
f 2004 2003 2200
f 2200 2003 2171
f 2198 2201 2171
f 2171 2201 2200
f 2197 2202 2198
f 2198 2202 2201
f 2202 2197 2203
f 2203 2197 2204
f 2196 2198 2173
f 2173 2198 2171
f 2205 2069 2170
f 2170 2069 2206
f 2197 2066 2204
f 2204 2066 2067
f 2107 2207 2108
f 2108 2207 2208
f 2210 2208 2209
f 2209 2208 2207
f 2185 2211 2212
f 2213 2214 2211
f 2211 2214 2212
f 1998 2001 2213
f 2213 2001 2214
f 2134 2215 1999
f 1999 2215 2000
f 2216 2217 2219
f 2219 2217 2218
f 2206 2220 2170
f 2170 2220 2167
f 2069 2068 2206
f 2206 2068 2221
f 2151 1998 2222
f 2222 1998 2213
f 2124 2039 2205
f 2205 2039 2069
f 2142 2223 2143
f 2143 2223 2128
f 2203 2186 2202
f 2202 2186 2185
f 2185 2184 2211
f 2211 2184 2224
f 2224 2225 2222
f 2222 2225 2226
f 2071 2227 2072
f 2072 2227 2228
f 2229 2074 2230
f 2230 2074 2073
f 2074 2229 2113
f 2113 2229 2231
f 2232 2225 2227
f 2227 2225 2224
f 2233 2234 2031
f 2031 2234 2028
f 2236 2231 2235
f 2235 2231 2229
f 2230 2183 2229
f 2229 2183 2235
f 2237 1987 2096
f 2096 1987 1986
f 2152 2238 2181
f 2181 2238 2239
f 2080 2240 2081
f 2081 2240 2241
f 2236 2242 1971
f 1971 2242 1970
f 1925 2113 1923
f 1923 2113 2231
f 2110 1927 2111
f 2111 1927 1928
f 2103 2111 1931
f 1931 2111 1928
f 1931 2243 2103
f 2103 2243 2104
f 2105 2104 2244
f 2244 2104 2243
f 1939 1980 2148
f 2148 1980 2109
f 1980 1944 2109
f 2109 1944 2107
f 1946 2245 2207
f 2207 2245 2209
f 2245 1970 2209
f 2209 1970 2242
f 2231 2236 1923
f 1923 2236 1971
f 2113 1925 2110
f 2110 1925 1927
f 2234 2246 2028
f 2028 2246 2147
f 2247 2248 2058
f 2058 2248 2059
f 2114 2117 2249
f 2249 2117 2250
f 2252 2253 2251
f 2251 2253 2254
f 2094 2015 2091
f 2091 2015 2255
f 2256 2255 2014
f 2014 2255 2015
f 2257 2145 2258
f 2258 2145 2144
f 2131 2161 2123
f 2123 2161 2044
f 2045 2044 2164
f 2164 2044 2161
f 2045 2164 2119
f 2119 2164 2165
f 2259 2120 2165
f 2165 2120 2119
f 2260 2261 2259
f 2259 2261 2120
f 2205 2262 2124
f 2124 2262 2125
f 2180 2263 2178
f 2178 2263 2264
f 2265 2266 2092
f 2092 2266 2093
f 1992 2267 2268
f 2184 2228 2224
f 2224 2228 2227
f 2048 2269 2049
f 2049 2269 2141
f 2129 2168 2157
f 2157 2168 2167
f 2049 2141 2075
f 2075 2141 2140
f 2199 2215 2270
f 2270 2215 2271
f 2142 2141 2272
f 2272 2141 2269
f 2089 2026 2090
f 2090 2026 2102
f 2146 2029 2147
f 2147 2029 2028
f 2111 2103 2112
f 2112 2103 2099
f 2061 2060 2109
f 2109 2060 2148
f 2273 2274 2041
f 2041 2274 2038
f 2260 2275 2261
f 2261 2275 2136
f 2057 2138 2132
f 2132 2138 2276
f 2272 2269 2056
f 2056 2269 2139
f 2277 2278 2270
f 2270 2278 2199
f 2029 2188 2030
f 2030 2188 2187
f 2040 2039 2127
f 2127 2039 2124
f 2064 2195 2083
f 2083 2195 2279
f 2056 2139 2057
f 2057 2139 2138
f 2278 2277 2247
f 2247 2277 2248
f 2062 2176 2063
f 2063 2176 2175
f 2280 2210 2242
f 2242 2210 2209
f 2282 2233 2281
f 2281 2233 2031
f 2216 2219 2283
f 2283 2219 2221
f 2158 2220 2218
f 2218 2220 2219
f 2217 2282 2218
f 2218 2282 2281
f 2220 2158 2167
f 2167 2158 2157
f 2223 2264 2128
f 2128 2264 2263
f 2261 1996 2120
f 2120 1996 1995
f 2213 2211 2222
f 2222 2211 2224
f 2283 2221 2284
f 2284 2221 2068
f 2135 1996 2136
f 2136 1996 2261
f 2144 2081 2258
f 2258 2081 2241
f 2235 2280 2236
f 2236 2280 2242
f 2246 2273 2147
f 2147 2273 2041
f 2036 2285 2032
f 2032 2285 2088
f 2077 2286 2152
f 2152 2286 2238
f 1937 1960 1973
f 1973 1960 1959
f 2070 2232 2071
f 2071 2232 2227
f 2244 2287 2105
f 2105 2287 2106
f 1936 1939 2149
f 2149 1939 2148
f 1944 1946 2107
f 2107 1946 2207
f 2285 2121 2088
f 2088 2121 2027
f 2253 2249 2254
f 2254 2249 2250
f 2006 2009 2077
f 2077 2009 2286
f 2289 2086 2288
f 2288 2086 2087
f 2223 2142 2290
f 2290 2142 2272
f 2128 2131 2143
f 2143 2131 2123
f 2156 2291 2153
f 2153 2291 2175
f 2292 2293 2278
f 2278 2293 2294
f 2075 2140 2123
f 2123 2140 2143
f 2262 2169 2275
f 2275 2169 2180
f 2275 2180 2136
f 2136 2180 2134
f 2274 2284 2038
f 2038 2284 2068
f 2127 2126 2182
f 2182 2126 2166
f 2094 2093 2098
f 2098 2093 2021
f 2098 2021 2099
f 2099 2021 2112
f 2018 2021 2266
f 2266 2021 2093
f 2251 2289 2252
f 2252 2289 2288
f 1997 2151 2226
f 2226 2151 2222
f 2206 2221 2220
f 2220 2221 2219
f 2269 2048 2139
f 2139 2048 2137
f 2159 2158 2281
f 2281 2158 2218
f 2156 2155 2190
f 2190 2155 2191
f 1974 1965 1583
f 1583 1965 1751
f 2088 2027 2089
f 2089 2027 2026
f 2030 2159 2031
f 2031 2159 2281
f 2106 2149 2102
f 2102 2149 2090
f 2287 1936 2106
f 2106 1936 2149
f 2293 2154 2294
f 2294 2154 2153
f 2021 2020 2112
f 2247 2295 2278
f 2278 2295 2292
f 2284 2296 2283
f 2283 2296 2297
f 2298 2296 2274
f 2274 2296 2284
f 2273 2299 2274
f 2274 2299 2298
f 2246 2300 2273
f 2273 2300 2299
f 2283 2297 2216
f 2216 2297 2301
f 2216 2301 2217
f 2217 2301 2302
f 2302 2303 2217
f 2217 2303 2282
f 2304 2301 2305
f 2305 2301 2297
f 2307 2308 2306
f 2306 2308 2309
f 2306 2310 2307
f 2307 2310 2311
f 2307 2312 2308
f 2308 2312 2313
f 2314 2315 2312
f 2312 2315 2316
f 2316 2317 2312
f 2312 2317 2313
f 2317 2305 2313
f 2313 2305 2318
f 2314 2312 2311
f 2311 2312 2307
f 2319 2320 2322
f 2322 2320 2321
f 2322 2311 2319
f 2319 2311 2310
f 2313 2318 2308
f 2308 2318 2309
f 2296 2298 2318
f 2318 2298 2309
f 2309 2298 2323
f 2323 2298 2299
f 2306 2309 2324
f 2324 2309 2323
f 2310 2306 2325
f 2325 2306 2324
f 2296 2318 2297
f 2297 2318 2305
f 2319 2310 2326
f 2326 2310 2325
f 2328 2325 2327
f 2327 2325 2324
f 2325 2328 2326
f 2326 2328 2329
f 2331 2328 2330
f 2330 2328 2327
f 2332 2333 2327
f 2327 2333 2330
f 2328 2331 2329
f 2329 2331 2334
f 2324 2323 2327
f 2327 2323 2332
f 2300 2332 2299
f 2299 2332 2323
f 2326 2335 2319
f 2319 2335 2320
f 2305 2317 2336
f 2336 2317 2316
f 2336 2316 2337
f 2337 2316 2315
f 2338 2304 2336
f 2336 2304 2305
f 2337 2339 2336
f 2336 2339 2338
f 2337 2315 2341
f 2341 2315 2340
f 2342 2300 2234
f 2234 2300 2246
f 2303 2343 2282
f 2282 2343 2233
f 2234 2233 2342
f 2342 2233 2343
f 2342 2343 2333
f 2333 2343 2344
f 2333 2344 2330
f 2330 2344 2345
f 2346 2344 2303
f 2303 2344 2343
f 2332 2300 2333
f 2333 2300 2342
f 2347 2346 2302
f 2302 2346 2303
f 2301 2304 2302
f 2302 2304 2347
f 2304 2338 2347
f 2347 2338 2348
f 2348 2349 2347
f 2347 2349 2346
f 2350 2351 2348
f 2348 2351 2349
f 2349 2345 2346
f 2346 2345 2344
f 2345 2349 2352
f 2352 2349 2351
f 2338 2339 2348
f 2348 2339 2350
f 2350 2339 2353
f 2353 2339 2354
f 2356 2357 2355
f 2355 2357 2353
f 2351 2350 2357
f 2357 2350 2353
f 2353 2354 2355
f 2355 2354 2335
f 2320 2335 2341
f 2341 2335 2354
f 2339 2337 2354
f 2354 2337 2341
f 2352 2331 2345
f 2345 2331 2330
f 2356 2334 2352
f 2352 2334 2331
f 2356 2352 2357
f 2357 2352 2351
f 2355 2329 2356
f 2356 2329 2334
f 2335 2326 2355
f 2355 2326 2329
f 2321 2314 2322
f 2322 2314 2311
f 2321 2320 2340
f 2340 2320 2341
f 2315 2314 2340
f 2340 2314 2321
f 2125 2260 2126
f 2126 2260 2259
f 2157 2160 2129
f 2129 2160 2130
f 2188 2163 2187
f 2187 2163 2162
f 2182 2166 2188
f 2188 2166 2163
f 2180 2169 2263
f 2263 2169 2168
f 2160 2187 2130
f 2130 2187 2162
f 2275 2260 2262
f 2262 2260 2125
f 2128 2263 2129
f 2129 2263 2168
f 2262 2205 2169
f 2169 2205 2170
f 2165 2166 2259
f 2259 2166 2126
f 2359 2360 2358
f 2358 2360 2361
f 2363 2364 2362
f 2362 2364 2365
f 2367 2363 2366
f 2366 2363 2362
f 2368 2369 2371
f 2371 2369 2370
f 2372 2373 2248
f 2248 2373 2059
f 2364 2374 2365
f 2365 2374 2375
f 2377 2378 2376
f 2376 2378 2379
f 2290 2380 2223
f 2223 2380 2381
f 2223 2381 2264
f 2264 2381 2382
f 2384 2385 2383
f 2383 2385 2386
f 2364 2371 2374
f 2374 2371 2387
f 2059 2373 2290
f 2290 2373 2380
f 2378 2360 2379
f 2379 2360 2388
f 2374 2387 2359
f 2359 2387 2389
f 2390 2367 2386
f 2386 2367 2391
f 2393 2394 2392
f 2392 2394 2395
f 2386 2391 2383
f 2383 2391 2396
f 2367 2366 2391
f 2391 2366 2397
f 2363 2367 2368
f 2368 2367 2390
f 2398 2399 2361
f 2361 2399 2358
f 2399 2400 2358
f 2358 2400 2375
f 2390 2401 2368
f 2368 2401 2369
f 2372 2384 2376
f 2376 2384 2383
f 2374 2359 2375
f 2375 2359 2358
f 2402 2403 2365
f 2365 2403 2362
f 2359 2389 2360
f 2360 2389 2388
f 2364 2363 2371
f 2371 2363 2368
f 2405 2398 2404
f 2404 2398 2361
f 2392 2395 2406
f 2406 2395 2397
f 2377 2396 2394
f 2394 2396 2395
f 2394 2393 2404
f 2404 2393 2405
f 2396 2377 2383
f 2383 2377 2376
f 2406 2397 2407
f 2407 2397 2366
f 2400 2402 2375
f 2375 2402 2365
f 2385 2270 2401
f 2401 2270 2271
f 2403 2407 2362
f 2362 2407 2366
f 2371 2370 2387
f 2387 2370 2382
f 2391 2397 2396
f 2396 2397 2395
f 2378 2377 2404
f 2404 2377 2394
f 2360 2378 2361
f 2361 2378 2404
f 2407 2408 2406
f 2406 2408 2409
f 2410 2408 2403
f 2403 2408 2407
f 2411 2410 2402
f 2402 2410 2403
f 2412 2411 2400
f 2400 2411 2402
f 2406 2409 2392
f 2392 2409 2413
f 2392 2413 2393
f 2393 2413 2414
f 2415 2405 2414
f 2414 2405 2393
f 2416 2413 2417
f 2417 2413 2409
f 2419 2420 2418
f 2418 2420 2421
f 2420 2422 2421
f 2421 2422 2423
f 2420 2424 2422
f 2422 2424 2425
f 2426 2427 2424
f 2424 2427 2428
f 2428 2429 2424
f 2424 2429 2425
f 2426 2424 2419
f 2419 2424 2420
f 2419 2418 2431
f 2431 2418 2430
f 2425 2432 2422
f 2422 2432 2423
f 2408 2410 2432
f 2432 2410 2423
f 2423 2410 2433
f 2433 2410 2411
f 2421 2423 2434
f 2434 2423 2433
f 2435 2418 2434
f 2434 2418 2421
f 2429 2417 2425
f 2425 2417 2432
f 2408 2432 2409
f 2409 2432 2417
f 2418 2435 2430
f 2430 2435 2436
f 2438 2435 2437
f 2437 2435 2434
f 2435 2438 2436
f 2436 2438 2439
f 2441 2438 2440
f 2440 2438 2437
f 2442 2443 2437
f 2437 2443 2440
f 2439 2438 2444
f 2444 2438 2441
f 2433 2442 2434
f 2434 2442 2437
f 2412 2442 2411
f 2411 2442 2433
f 2436 2445 2430
f 2430 2445 2446
f 2430 2446 2431
f 2431 2446 2447
f 2417 2429 2448
f 2448 2429 2428
f 2427 2449 2428
f 2428 2449 2448
f 2450 2416 2448
f 2448 2416 2417
f 2451 2450 2449
f 2449 2450 2448
f 2427 2452 2449
f 2449 2452 2453
f 2447 2446 2452
f 2452 2446 2453
f 2454 2412 2399
f 2399 2412 2400
f 2415 2455 2405
f 2405 2455 2398
f 2399 2398 2454
f 2454 2398 2455
f 2454 2455 2443
f 2443 2455 2456
f 2443 2456 2440
f 2440 2456 2457
f 2458 2456 2415
f 2415 2456 2455
f 2443 2442 2454
f 2454 2442 2412
f 2459 2458 2414
f 2414 2458 2415
f 2413 2416 2414
f 2414 2416 2459
f 2459 2416 2460
f 2460 2416 2450
f 2460 2461 2459
f 2459 2461 2458
f 2462 2463 2460
f 2460 2463 2461
f 2461 2457 2458
f 2458 2457 2456
f 2457 2461 2464
f 2464 2461 2463
f 2451 2462 2450
f 2450 2462 2460
f 2462 2451 2465
f 2465 2451 2466
f 2468 2469 2467
f 2467 2469 2465
f 2463 2462 2469
f 2469 2462 2465
f 2465 2466 2467
f 2467 2466 2445
f 2446 2445 2453
f 2453 2445 2466
f 2451 2449 2466
f 2466 2449 2453
f 2464 2441 2457
f 2457 2441 2440
f 2468 2444 2464
f 2464 2444 2441
f 2468 2464 2469
f 2469 2464 2463
f 2467 2439 2468
f 2468 2439 2444
f 2445 2436 2467
f 2467 2436 2439
f 2447 2426 2431
f 2431 2426 2419
f 2427 2426 2452
f 2452 2426 2447
f 2369 2179 2370
f 2370 2179 2178
f 2376 2379 2372
f 2372 2379 2373
f 2389 2381 2388
f 2388 2381 2380
f 2387 2382 2389
f 2389 2382 2381
f 2270 2385 2277
f 2277 2385 2384
f 2379 2388 2373
f 2373 2388 2380
f 2401 2271 2369
f 2369 2271 2179
f 2248 2277 2372
f 2372 2277 2384
f 2401 2390 2385
f 2385 2390 2386
f 2264 2382 2178
f 2178 2382 2370
f 2215 2134 2271
f 2271 2134 2179
f 2005 2000 2199
f 2199 2000 2215
f 2004 2001 2005
f 2005 2001 2000
f 2200 2214 2004
f 2004 2214 2001
f 2470 2471 2473
f 2473 2471 2472
f 2475 2476 2474
f 2474 2476 2477
f 2479 2475 2478
f 2478 2475 2474
f 2481 2482 2480
f 2480 2482 2483
f 2476 2484 2477
f 2477 2484 2485
f 2487 2488 2486
f 2486 2488 2489
f 2133 2490 2058
f 2058 2490 2491
f 2058 2491 2247
f 2247 2491 2492
f 2494 2495 2493
f 2493 2495 2496
f 2476 2483 2484
f 2484 2483 2497
f 2472 2498 2488
f 2488 2498 2489
f 2484 2497 2471
f 2471 2497 2499
f 2500 2479 2496
f 2496 2479 2501
f 2502 2503 2505
f 2505 2503 2504
f 2496 2501 2493
f 2493 2501 2506
f 2479 2478 2501
f 2501 2478 2507
f 2475 2479 2480
f 2480 2479 2500
f 2508 2509 2473
f 2473 2509 2470
f 2509 2510 2470
f 2470 2510 2485
f 2511 2481 2500
f 2500 2481 2480
f 2512 2494 2486
f 2486 2494 2493
f 2485 2484 2470
f 2470 2484 2471
f 2513 2514 2477
f 2477 2514 2474
f 2471 2499 2472
f 2472 2499 2498
f 2476 2475 2483
f 2483 2475 2480
f 2516 2508 2515
f 2515 2508 2473
f 2502 2505 2517
f 2517 2505 2507
f 2504 2487 2505
f 2505 2487 2506
f 2503 2516 2504
f 2504 2516 2515
f 2506 2487 2493
f 2493 2487 2486
f 2517 2507 2518
f 2518 2507 2478
f 2510 2513 2485
f 2485 2513 2477
f 2511 2495 2293
f 2293 2495 2154
f 2514 2518 2474
f 2474 2518 2478
f 2483 2482 2497
f 2497 2482 2492
f 2501 2507 2506
f 2506 2507 2505
f 2488 2487 2515
f 2515 2487 2504
f 2472 2488 2473
f 2473 2488 2515
f 2518 2519 2517
f 2517 2519 2520
f 2521 2519 2514
f 2514 2519 2518
f 2522 2521 2513
f 2513 2521 2514
f 2523 2522 2510
f 2510 2522 2513
f 2517 2520 2502
f 2502 2520 2524
f 2502 2524 2503
f 2503 2524 2525
f 2525 2526 2503
f 2503 2526 2516
f 2527 2524 2528
f 2528 2524 2520
f 2530 2531 2529
f 2529 2531 2532
f 2531 2533 2532
f 2532 2533 2534
f 2531 2535 2533
f 2533 2535 2536
f 2537 2538 2535
f 2535 2538 2539
f 2539 2540 2535
f 2535 2540 2536
f 2537 2535 2530
f 2530 2535 2531
f 2529 2541 2530
f 2530 2541 2542
f 2543 2534 2536
f 2536 2534 2533
f 2519 2521 2543
f 2543 2521 2534
f 2534 2521 2544
f 2544 2521 2522
f 2532 2534 2545
f 2545 2534 2544
f 2529 2532 2546
f 2546 2532 2545
f 2536 2540 2543
f 2543 2540 2528
f 2519 2543 2520
f 2520 2543 2528
f 2541 2529 2547
f 2547 2529 2546
f 2548 2549 2545
f 2545 2549 2546
f 2549 2550 2546
f 2546 2550 2547
f 2551 2552 2548
f 2548 2552 2549
f 2548 2553 2551
f 2551 2553 2554
f 2550 2549 2555
f 2555 2549 2552
f 2545 2544 2548
f 2548 2544 2553
f 2523 2553 2522
f 2522 2553 2544
f 2547 2556 2541
f 2541 2556 2557
f 2541 2557 2542
f 2542 2557 2558
f 2528 2540 2559
f 2559 2540 2539
f 2538 2560 2539
f 2539 2560 2559
f 2561 2527 2559
f 2559 2527 2528
f 2560 2562 2559
f 2559 2562 2561
f 2560 2538 2564
f 2564 2538 2563
f 2558 2557 2563
f 2563 2557 2564
f 2565 2523 2509
f 2509 2523 2510
f 2526 2566 2516
f 2516 2566 2508
f 2509 2508 2565
f 2565 2508 2566
f 2565 2566 2554
f 2554 2566 2567
f 2554 2567 2551
f 2551 2567 2568
f 2569 2567 2526
f 2526 2567 2566
f 2553 2523 2554
f 2554 2523 2565
f 2570 2569 2525
f 2525 2569 2526
f 2524 2527 2525
f 2525 2527 2570
f 2527 2561 2570
f 2570 2561 2571
f 2571 2572 2570
f 2570 2572 2569
f 2573 2574 2571
f 2571 2574 2572
f 2572 2568 2569
f 2569 2568 2567
f 2568 2572 2575
f 2575 2572 2574
f 2562 2573 2561
f 2561 2573 2571
f 2573 2562 2576
f 2576 2562 2577
f 2579 2580 2578
f 2578 2580 2576
f 2574 2573 2580
f 2580 2573 2576
f 2576 2577 2578
f 2578 2577 2556
f 2557 2556 2564
f 2564 2556 2577
f 2562 2560 2577
f 2577 2560 2564
f 2575 2552 2568
f 2568 2552 2551
f 2579 2555 2575
f 2575 2555 2552
f 2579 2575 2580
f 2580 2575 2574
f 2550 2555 2578
f 2578 2555 2579
f 2556 2547 2578
f 2578 2547 2550
f 2558 2537 2542
f 2542 2537 2530
f 2538 2537 2563
f 2563 2537 2558
f 2292 2295 2481
f 2481 2295 2482
f 2486 2489 2512
f 2512 2489 2581
f 2499 2491 2498
f 2498 2491 2490
f 2497 2492 2499
f 2499 2492 2491
f 2155 2154 2494
f 2494 2154 2495
f 2581 2489 2490
f 2490 2489 2498
f 2293 2292 2511
f 2511 2292 2481
f 2191 2155 2512
f 2512 2155 2494
f 2500 2496 2511
f 2511 2496 2495
f 2247 2492 2295
f 2295 2492 2482
f 2583 2584 2582
f 2582 2584 2585
f 2587 2588 2586
f 2586 2588 2589
f 2591 2587 2590
f 2590 2587 2586
f 2593 2594 2592
f 2592 2594 2595
f 2596 2597 2599
f 2599 2597 2598
f 2588 2600 2589
f 2589 2600 2601
f 2602 2603 2605
f 2605 2603 2604
f 2606 2607 2609
f 2609 2607 2608
f 2609 2608 2190
f 2190 2608 2610
f 2611 2612 2614
f 2614 2612 2613
f 2600 2588 2615
f 2615 2588 2595
f 2599 2598 2606
f 2606 2598 2607
f 2584 2616 2604
f 2604 2616 2605
f 2600 2615 2583
f 2583 2615 2617
f 2591 2619 2618
f 2618 2619 2614
f 2621 2622 2620
f 2620 2622 2623
f 2619 2624 2614
f 2614 2624 2611
f 2591 2590 2619
f 2619 2590 2625
f 2587 2591 2592
f 2592 2591 2618
f 2626 2627 2585
f 2585 2627 2582
f 2627 2628 2582
f 2582 2628 2601
f 2629 2593 2618
f 2618 2593 2592
f 2602 2597 2611
f 2611 2597 2612
f 2600 2583 2601
f 2601 2583 2582
f 2630 2631 2589
f 2589 2631 2586
f 2583 2617 2584
f 2584 2617 2616
f 2588 2587 2595
f 2595 2587 2592
f 2633 2626 2632
f 2632 2626 2585
f 2620 2623 2634
f 2634 2623 2625
f 2622 2603 2623
f 2623 2603 2624
f 2621 2633 2622
f 2622 2633 2632
f 2611 2624 2602
f 2602 2624 2603
f 2634 2625 2635
f 2635 2625 2590
f 2628 2630 2601
f 2601 2630 2589
f 2613 2195 2629
f 2629 2195 2194
f 2631 2635 2586
f 2586 2635 2590
f 2595 2594 2615
f 2615 2594 2610
f 2619 2625 2624
f 2624 2625 2623
f 2632 2604 2622
f 2622 2604 2603
f 2585 2584 2632
f 2632 2584 2604
f 2635 2636 2634
f 2634 2636 2637
f 2638 2636 2631
f 2631 2636 2635
f 2639 2638 2630
f 2630 2638 2631
f 2640 2639 2628
f 2628 2639 2630
f 2634 2637 2620
f 2620 2637 2641
f 2620 2641 2621
f 2621 2641 2642
f 2642 2643 2621
f 2621 2643 2633
f 2641 2637 2644
f 2644 2637 2645
f 2646 2647 2649
f 2649 2647 2648
f 2648 2650 2649
f 2649 2650 2651
f 2648 2652 2650
f 2650 2652 2653
f 2652 2654 2656
f 2656 2654 2655
f 2656 2657 2652
f 2652 2657 2653
f 2654 2652 2647
f 2647 2652 2648
f 2647 2646 2659
f 2659 2646 2658
f 2660 2651 2653
f 2653 2651 2650
f 2636 2638 2660
f 2660 2638 2651
f 2651 2638 2661
f 2661 2638 2639
f 2651 2661 2649
f 2649 2661 2662
f 2663 2646 2662
f 2662 2646 2649
f 2653 2657 2660
f 2660 2657 2645
f 2636 2660 2637
f 2637 2660 2645
f 2646 2663 2658
f 2658 2663 2664
f 2665 2666 2662
f 2662 2666 2663
f 2666 2667 2663
f 2663 2667 2664
f 2668 2669 2665
f 2665 2669 2666
f 2665 2670 2668
f 2668 2670 2671
f 2667 2666 2672
f 2672 2666 2669
f 2662 2661 2665
f 2665 2661 2670
f 2640 2670 2639
f 2639 2670 2661
f 2673 2674 2664
f 2664 2674 2658
f 2658 2674 2659
f 2659 2674 2675
f 2645 2657 2676
f 2676 2657 2656
f 2677 2676 2655
f 2655 2676 2656
f 2676 2678 2645
f 2645 2678 2644
f 2677 2679 2676
f 2676 2679 2678
f 2655 2680 2677
f 2677 2680 2681
f 2675 2674 2680
f 2680 2674 2681
f 2682 2640 2627
f 2627 2640 2628
f 2643 2683 2633
f 2633 2683 2626
f 2682 2627 2683
f 2683 2627 2626
f 2683 2684 2682
f 2682 2684 2671
f 2684 2685 2671
f 2671 2685 2668
f 2686 2684 2643
f 2643 2684 2683
f 2670 2640 2671
f 2671 2640 2682
f 2687 2686 2642
f 2642 2686 2643
f 2642 2641 2687
f 2687 2641 2644
f 2687 2644 2688
f 2688 2644 2678
f 2688 2689 2687
f 2687 2689 2686
f 2690 2691 2688
f 2688 2691 2689
f 2689 2685 2686
f 2686 2685 2684
f 2685 2689 2692
f 2692 2689 2691
f 2679 2690 2678
f 2678 2690 2688
f 2690 2679 2693
f 2693 2679 2694
f 2696 2697 2695
f 2695 2697 2693
f 2691 2690 2697
f 2697 2690 2693
f 2693 2694 2695
f 2695 2694 2673
f 2674 2673 2681
f 2681 2673 2694
f 2679 2677 2694
f 2694 2677 2681
f 2685 2692 2668
f 2668 2692 2669
f 2696 2672 2692
f 2692 2672 2669
f 2696 2692 2697
f 2697 2692 2691
f 2695 2667 2696
f 2696 2667 2672
f 2673 2664 2695
f 2695 2664 2667
f 2675 2654 2659
f 2659 2654 2647
f 2655 2654 2680
f 2680 2654 2675
f 2291 2156 2593
f 2593 2156 2594
f 2597 2602 2598
f 2598 2602 2605
f 2616 2617 2607
f 2607 2617 2608
f 2615 2610 2617
f 2617 2610 2608
f 2597 2596 2612
f 2612 2596 2698
f 2598 2605 2607
f 2607 2605 2616
f 2194 2291 2629
f 2629 2291 2593
f 2629 2618 2613
f 2613 2618 2614
f 2190 2610 2156
f 2156 2610 2594
f 2700 2010 2699
f 2699 2010 2086
f 2267 2701 2116
f 2116 2701 2702
f 2116 2702 2117
f 2117 2702 2703
f 2704 2705 2250
f 2250 2705 2254
f 2011 2706 2267
f 2267 2706 2701
f 2699 2086 2707
f 2707 2086 2289
f 2010 2700 2011
f 2011 2700 2706
f 2708 2707 2251
f 2251 2707 2289
f 2703 2704 2117
f 2117 2704 2250
f 2705 2708 2254
f 2254 2708 2251
f 2709 2710 2708
f 2708 2710 2707
f 2711 2709 2705
f 2705 2709 2708
f 2712 2711 2704
f 2704 2711 2705
f 2713 2712 2703
f 2703 2712 2704
f 2707 2710 2699
f 2699 2710 2714
f 2699 2714 2700
f 2700 2714 2715
f 2716 2706 2715
f 2715 2706 2700
f 2714 2710 2717
f 2717 2710 2718
f 2720 2721 2719
f 2719 2721 2722
f 2721 2723 2722
f 2722 2723 2724
f 2721 2725 2723
f 2723 2725 2726
f 2727 2728 2725
f 2725 2728 2726
f 2729 2725 2720
f 2720 2725 2721
f 2731 2729 2730
f 2730 2729 2720
f 2719 2732 2720
f 2720 2732 2730
f 2726 2733 2723
f 2723 2733 2724
f 2709 2711 2733
f 2733 2711 2724
f 2724 2711 2734
f 2734 2711 2712
f 2722 2724 2735
f 2735 2724 2734
f 2719 2722 2736
f 2736 2722 2735
f 2726 2728 2733
f 2733 2728 2718
f 2709 2733 2710
f 2710 2733 2718
f 2732 2719 2737
f 2737 2719 2736
f 2738 2739 2735
f 2735 2739 2736
f 2739 2740 2736
f 2736 2740 2737
f 2741 2742 2738
f 2738 2742 2739
f 2738 2743 2741
f 2741 2743 2744
f 2740 2739 2745
f 2745 2739 2742
f 2735 2734 2738
f 2738 2734 2743
f 2713 2743 2712
f 2712 2743 2734
f 2737 2746 2732
f 2732 2746 2747
f 2732 2747 2730
f 2730 2747 2731
f 2718 2728 2748
f 2748 2728 2727
f 2749 2750 2727
f 2727 2750 2748
f 2748 2751 2718
f 2718 2751 2717
f 2750 2752 2748
f 2748 2752 2751
f 2750 2749 2754
f 2754 2749 2753
f 2731 2747 2753
f 2753 2747 2754
f 2727 2725 2749
f 2749 2725 2729
f 2749 2729 2753
f 2753 2729 2731
f 2702 2755 2703
f 2703 2755 2713
f 2706 2716 2701
f 2701 2716 2756
f 2755 2702 2756
f 2756 2702 2701
f 2756 2757 2755
f 2755 2757 2744
f 2757 2758 2744
f 2744 2758 2741
f 2759 2757 2716
f 2716 2757 2756
f 2743 2713 2744
f 2744 2713 2755
f 2760 2759 2715
f 2715 2759 2716
f 2715 2714 2760
f 2760 2714 2717
f 2760 2717 2761
f 2761 2717 2751
f 2761 2762 2760
f 2760 2762 2759
f 2763 2764 2761
f 2761 2764 2762
f 2762 2758 2759
f 2759 2758 2757
f 2758 2762 2765
f 2765 2762 2764
f 2752 2763 2751
f 2751 2763 2761
f 2763 2752 2766
f 2766 2752 2767
f 2768 2769 2766
f 2766 2769 2770
f 2764 2763 2770
f 2770 2763 2766
f 2766 2767 2768
f 2768 2767 2746
f 2747 2746 2754
f 2754 2746 2767
f 2752 2750 2767
f 2767 2750 2754
f 2758 2765 2741
f 2741 2765 2742
f 2769 2745 2765
f 2765 2745 2742
f 2769 2765 2770
f 2770 2765 2764
f 2768 2740 2769
f 2769 2740 2745
f 2746 2737 2768
f 2768 2737 2740
f 2201 2212 2200
f 2200 2212 2214
f 2201 2202 2212
f 2212 2202 2185
f 2512 2581 2191
f 2191 2581 2192
f 2059 2290 2056
f 2056 2290 2272
f 2174 2199 2294
f 2294 2199 2278
f 2063 2175 2194
f 2194 2175 2291
f 2192 2581 2133
f 2133 2581 2490
f 2133 2132 2192
f 2192 2132 2189
f 2054 2276 2055
f 2055 2276 2138
f 2083 2279 2084
f 2084 2279 2771
f 2771 2279 2599
f 2599 2279 2596
f 2606 2772 2599
f 2599 2772 2771
f 2772 2773 2771
f 2771 2773 2084
f 2773 2774 2084
f 2084 2774 2085
f 2085 2775 2082
f 2082 2775 2144
f 2774 2078 2085
f 2085 2078 2775
f 2078 2774 2079
f 2079 2774 2776
f 2774 2773 2776
f 2776 2773 2777
f 2773 2772 2777
f 2777 2772 2778
f 2190 2189 2609
f 2609 2189 2778
f 2053 2052 2779
f 2779 2052 2181
f 2144 2775 2081
f 2081 2775 2078
f 2294 2153 2174
f 2174 2153 2175
f 2132 2276 2189
f 2189 2276 2778
f 2606 2609 2772
f 2772 2609 2778
f 2195 2613 2698
f 2698 2613 2612
f 2596 2279 2698
f 2698 2279 2195
f 2054 2777 2276
f 2276 2777 2778
f 2777 2054 2776
f 2776 2054 2053
f 2053 2779 2776
f 2776 2779 2079
f 2779 2181 2079
f 2079 2181 2080
f 2181 2239 2080
f 2080 2239 2240
f 2122 2256 2014
f 2042 1982 2076
f 2076 1982 2007
f 1982 1985 2007
f 2007 1985 2008
f 2095 2097 2265
f 2265 2097 2266
f 2076 2050 2042
f 2042 2050 2047
f 2046 2043 2047
f 2047 2043 2042
f 2118 1993 2046
f 2046 1993 2043
f 1995 1994 2118
f 2118 1994 1993
f 2267 1992 2011
f 2011 1992 2012
f 1997 2012 1994
f 1994 2012 1992
f 2226 2013 1997
f 1997 2013 2012
f 2225 2087 2226
f 2226 2087 2013
f 2225 2232 2087
f 2087 2232 2288
f 2232 2070 2288
f 2288 2070 2252
f 2070 2025 2252
f 2252 2025 2253
f 1988 2249 2025
f 2025 2249 2253
f 2116 2115 2267
f 2267 2115 2268
f 2096 1984 2237
f 2237 1984 1991
f 2095 1985 2096
f 2096 1985 1984
f 2265 2008 2095
f 2095 2008 1985
f 2092 2009 2265
f 2265 2009 2008
f 2091 2286 2092
f 2092 2286 2009
f 2255 2238 2091
f 2091 2238 2286
f 2256 2239 2255
f 2255 2239 2238
f 2122 2240 2256
f 2256 2240 2239
f 2121 2241 2122
f 2122 2241 2240
f 2022 2018 2097
f 2097 2018 2266
f 2022 2024 2018
f 2018 2024 2019
f 2024 2072 2019
f 2019 2072 2073
f 2072 2228 2073
f 2073 2228 2230
f 2228 2184 2230
f 2230 2184 2183
f 2121 2285 2241
f 2241 2285 2258
f 2285 2036 2258
f 2258 2036 2257
f 2177 2145 2193
f 2193 2145 2257
f 2173 2193 2196
f 2196 2193 2037
f 2036 2037 2257
f 2257 2037 2193
f 2196 2037 2066
f 2066 2037 2035
f 2061 2108 2034
f 2034 2108 2067
f 2108 2208 2067
f 2067 2208 2204
f 2208 2210 2204
f 2204 2210 2203
f 2210 2280 2203
f 2203 2280 2186
f 2183 2186 2235
f 2235 2186 2280
f 1987 2114 1988
f 1988 2114 2249
f 2237 2115 1987
f 1987 2115 2114
f 1991 2268 2237
f 2237 2268 2115
f 1991 1990 2268
f 2268 1990 1992
f 107 110 2781
f 2781 110 2780
f 117 2782 118
f 118 2782 2783
f 119 2784 120
f 120 2784 2785
f 125 2786 126
f 126 2786 2787
f 127 2788 128
f 128 2788 2789
f 127 132 2788
f 2788 132 2790
f 231 230 2792
f 2792 230 2791
f 118 2783 119
f 119 2783 2784
f 241 243 2794
f 2794 243 2793
f 2781 2795 107
f 107 2795 352
f 120 2785 437
f 437 2785 2796
f 126 2787 110
f 110 2787 2780
f 455 2797 456
f 456 2797 2798
f 128 2789 457
f 457 2789 2799
f 456 2798 117
f 117 2798 2782
f 2794 2797 241
f 241 2797 455
f 457 2799 125
f 125 2799 2786
f 132 231 2790
f 2790 231 2792
f 230 437 2791
f 2791 437 2796
f 2792 2789 2790
f 2790 2789 2788
f 2785 2784 2801
f 2801 2784 2800
f 2786 2802 2787
f 2787 2802 2803
f 2792 2791 2805
f 2805 2791 2804
f 2784 2783 2800
f 2800 2783 2806
f 2785 2801 2796
f 2796 2801 2807
f 2787 2803 2780
f 2780 2803 2808
f 2789 2809 2799
f 2799 2809 2810
f 2799 2810 2786
f 2786 2810 2802
f 2791 2796 2804
f 2804 2796 2807
f 2789 2792 2809
f 2809 2792 2805
f 2812 2797 2811
f 2811 2797 2794
f 2809 2805 2810
f 2810 2805 2804
f 2810 2804 2802
f 2802 2804 2807
f 2802 2807 2803
f 2803 2807 2801
f 2808 2803 2800
f 2800 2803 2801
f 2814 699 2813
f 2813 699 698
f 2808 2815 2780
f 2780 2815 2781
f 2817 2782 2816
f 2816 2782 2798
f 2815 2818 2781
f 2781 2818 2795
f 2797 2812 2798
f 2798 2812 2816
f 2783 2782 2806
f 2806 2782 2817
f 2800 2806 2808
f 2808 2806 2815
f 2794 2793 2811
f 2811 2793 2819
f 174 201 384
f 384 201 362
f 200 1766 390
f 390 1766 1777
f 1777 1778 390
f 390 1778 398
f 1778 361 398
f 398 361 222
f 2820 2821 628
f 628 2821 629
f 1406 2820 790
f 790 2820 628
f 794 1415 1233
f 1233 1415 1234
f 1406 790 1407
f 1407 790 1312
f 1407 1312 2822
f 2822 1312 1316
f 2823 1380 1543
f 1543 1380 1379
f 1385 1738 1382
f 1382 1738 1383
f 1381 791 1382
f 1382 791 1386
f 791 794 1386
f 1386 794 1233
f 1259 1390 1260
f 1260 1390 1389
f 1905 1542 1394
f 1394 1542 1395
f 1410 1413 1397
f 1397 1413 1398
f 2821 1410 629
f 629 1410 1397
f 2823 2822 1380
f 1380 2822 1316
f 1392 1395 1378
f 1378 1395 1379
f 1738 1399 1383
f 1383 1399 1398
f 1388 1235 1389
f 1389 1235 1234
f 1393 1391 1394
f 1394 1391 1390
f 1381 1384 779
f 779 1384 780
f 1282 788 792
f 792 788 793
f 1431 1262 1432
f 1432 1262 1261
f 1400 1342 1408
f 1408 1342 1409
f 1508 1544 1411
f 1411 1544 1412
f 788 787 793
f 793 787 1414
f 2821 2820 1429
f 1429 2820 1430
f 2822 2823 1506
f 1506 2823 1507
f 778 1282 779
f 779 1282 792
f 2820 1406 1430
f 1430 1406 1409
f 1410 2821 1411
f 1411 2821 1429
f 1407 2822 1408
f 1408 2822 1506
f 1544 781 1412
f 1412 781 780
f 1260 1415 1261
f 1261 1415 1414
f 1334 2824 923
f 923 2824 924
f 2826 1268 2825
f 2825 1268 1267
f 769 1212 2827
f 2827 1212 2828
f 1492 1190 1266
f 1266 1190 1267
f 1488 2829 1489
f 1489 2829 2830
f 922 1329 923
f 923 1329 1328
f 1484 2831 1485
f 1485 2831 2832
f 1482 2833 1485
f 1485 2833 1486
f 1324 1493 1489
f 1489 1493 1490
f 1265 1491 1266
f 1266 1491 1490
f 2835 2836 2834
f 2834 2836 2837
f 1250 2838 2827
f 2827 2838 2839
f 1488 1491 2840
f 2840 1491 2841
f 1268 2826 2842
f 2842 2826 2843
f 2844 2845 1495
f 1495 2845 1496
f 1427 2847 2846
f 2846 2847 926
f 2829 1488 2848
f 2848 1488 2840
f 1329 922 2849
f 2849 922 927
f 2850 2851 768
f 768 2851 1213
f 1265 1268 2852
f 2852 1268 2842
f 1491 1265 2841
f 2841 1265 2852
f 2854 2855 2853
f 2853 2855 2856
f 2855 2857 2856
f 2856 2857 598
f 2857 2858 598
f 598 2858 595
f 2858 2859 595
f 595 2859 626
f 649 652 2860
f 2860 652 2861
f 639 642 2862
f 2862 642 2863
f 2864 705 2862
f 2862 705 639
f 2865 1418 2864
f 2864 1418 705
f 2866 2867 2865
f 2865 2867 1418
f 1760 1348 1761
f 1761 1348 2867
f 1764 2868 1197
f 1197 2868 1198
f 2869 611 2868
f 2868 611 1198
f 2870 612 2869
f 2869 612 611
f 1352 1350 944
f 944 1350 688
f 1350 1256 688
f 688 1256 685
f 1256 1255 685
f 685 1255 692
f 1255 2871 692
f 692 2871 2872
f 701 2873 698
f 698 2873 2813
f 2872 1349 692
f 692 1349 693
f 1696 1744 1574
f 1574 1744 1575
f 1753 1618 1577
f 1577 1618 1578
f 1729 1594 1608
f 1608 1594 1609
f 1725 1630 1611
f 1611 1630 1612
f 1604 1607 1625
f 1625 1607 1626
f 1624 1703 1625
f 1625 1703 1912
f 1703 1702 1912
f 1912 1702 1913
f 1702 1753 1913
f 1913 1753 1577
f 1598 1569 1915
f 1915 1569 1578
f 1616 1615 1915
f 1915 1615 1916
f 1615 1696 1916
f 1916 1696 1574
f 1744 1745 1575
f 1575 1745 1917
f 1745 1565 1917
f 1917 1565 1609
f 1568 1725 1608
f 1608 1725 1611
f 2874 1613 1918
f 1918 1613 1612
f 1607 2874 1626
f 1626 2874 1918
f 1610 1613 1562
f 1562 1613 1563
f 1547 1550 1570
f 1570 1550 1571
f 1573 1576 1580
f 1580 1576 1581
f 1553 1556 1595
f 1595 1556 1596
f 1556 1582 1596
f 1596 1582 1581
f 1551 1547 1599
f 1599 1547 1570
f 1731 1914 1601
f 1601 1914 1602
f 1686 1689 1605
f 1605 1689 1606
f 1598 1743 1599
f 1599 1743 1692
f 2874 1607 1723
f 1723 1607 1606
f 1727 1553 1730
f 1730 1553 1595
f 1600 1686 1601
f 1601 1686 1605
f 1914 1572 1602
f 1602 1572 1571
f 1579 1693 1580
f 1580 1693 1692
f 1613 2874 1563
f 1563 2874 1723
f 1561 1727 1562
f 1562 1727 1730
f 1949 1742 1548
f 1548 1742 1549
f 1694 1949 1552
f 1552 1949 1548
f 1954 1589 1554
f 1554 1589 1555
f 1693 1579 1558
f 1558 1579 1559
f 1561 1564 1584
f 1584 1564 1585
f 1582 1556 1588
f 1588 1556 1555
f 1600 1603 1591
f 1591 1603 1592
f 1981 1977 1687
f 1687 1977 1688
f 1564 1722 1585
f 1585 1722 1690
f 1551 1693 1552
f 1552 1693 1558
f 1751 1954 1728
f 1728 1954 1554
f 1590 1981 1591
f 1591 1981 1687
f 1603 1550 1592
f 1592 1550 1549
f 1977 1691 1688
f 1688 1691 1690
f 1587 1560 1588
f 1588 1560 1559
f 1727 1561 1728
f 1728 1561 1584
f 2875 1919 1947
f 1947 1919 1948
f 1557 1560 1952
f 1952 1560 1953
f 1933 1932 1955
f 1955 1932 1956
f 1587 1589 1958
f 1958 1589 1956
f 1959 1933 1965
f 1965 1933 1955
f 1961 1964 1966
f 1966 1964 1967
f 1981 1590 1969
f 1969 1590 1967
f 1742 1949 1972
f 1972 1949 1948
f 1593 1742 1966
f 1966 1742 1972
f 1957 1950 1958
f 1958 1950 1953
f 1583 1586 1974
f 1974 1586 1975
f 1940 1943 1978
f 1978 1943 1979
f 1943 1976 1979
f 1979 1976 1975
f 1951 2875 1952
f 1952 2875 1947
f 1968 1940 1969
f 1969 1940 1978
f 1973 1959 1974
f 1974 1959 1965
f 1923 1971 1920
f 1920 1971 1921
f 1919 2875 1920
f 1920 2875 1924
f 2875 1951 1924
f 1924 1951 1926
f 1950 1957 1929
f 1929 1957 1930
f 2244 2243 1934
f 1934 2243 1935
f 1973 1976 1937
f 1937 1976 1938
f 1944 1980 1941
f 1941 1980 1942
f 1940 1968 1941
f 1941 1968 1945
f 2287 2244 1960
f 1960 2244 1934
f 1970 2245 1962
f 1962 2245 1963
f 2243 1931 1935
f 1935 1931 1930
f 1927 1926 1928
f 1928 1926 1929
f 1961 1922 1962
f 1962 1922 1921
f 2245 1946 1963
f 1963 1946 1945
f 1976 1943 1938
f 1938 1943 1942
f 1936 2287 1937
f 1937 2287 1960
f 743 1238 608
f 608 1238 609
f 607 1811 608
f 608 1811 744
f 1304 2876 1305
f 1305 2876 2877
f 586 585 1298
f 1298 585 1299
f 585 702 1299
f 1299 702 1300
f 702 1428 1300
f 1300 1428 1301
f 1238 586 609
f 609 586 1298
f 2878 2879 1218
f 1218 2879 2877
f 2880 2881 1812
f 1812 2881 1819
f 2883 1821 2882
f 2882 1821 1820
f 2840 2841 620
f 620 2841 621
f 2842 2843 795
f 795 2843 796
f 892 895 2844
f 2844 895 2845
f 2848 2840 942
f 942 2840 620
f 2849 927 1202
f 1202 927 1203
f 2852 2842 1270
f 1270 2842 795
f 2841 2852 621
f 621 2852 1270
f 941 1759 942
f 942 1759 2884
f 659 929 1427
f 1427 929 2847
f 1237 2851 751
f 751 2851 2850
f 1216 2885 1217
f 1217 2885 1754
f 2887 734 2886
f 2886 734 733
f 2889 1816 2888
f 2888 1816 1815
f 2890 1245 2889
f 2889 1245 1816
f 1824 2891 1825
f 1825 2891 1246
f 2892 2893 2895
f 2895 2893 2894
f 1854 1833 1851
f 1851 1833 1832
f 1851 1832 1884
f 1884 1832 1876
f 1884 1876 1441
f 1441 1876 1443
f 1441 1443 1442
f 1442 1443 1446
f 1442 1446 2896
f 2896 1446 1507
f 2897 2823 2898
f 2898 2823 1543
f 1542 2899 1543
f 1543 2899 2898
f 1542 1905 2899
f 2899 1905 2900
f 1905 1259 2900
f 2900 1259 2901
f 1262 1431 2902
f 2902 1431 1904
f 1431 1434 1904
f 1904 1434 1902
f 1902 1434 2903
f 2903 1434 719
f 2903 719 2904
f 2904 719 718
f 1869 1881 718
f 718 1881 2904
f 1881 1869 1880
f 1880 1869 756
f 1880 756 2905
f 2905 756 755
f 2905 755 2906
f 2906 755 758
f 762 2907 763
f 763 2907 2908
f 724 723 2909
f 2909 723 894
f 796 895 723
f 723 895 894
f 2843 2845 796
f 796 2845 895
f 2826 1496 2843
f 2843 1496 2845
f 2825 1497 2826
f 2826 1497 1496
f 1189 2836 2825
f 2825 2836 1497
f 797 891 798
f 798 891 2837
f 802 888 797
f 797 888 891
f 2910 2911 2913
f 2913 2911 2912
f 1780 1783 2915
f 2915 1783 2914
f 2916 2917 831
f 831 2917 832
f 2918 2919 845
f 845 2919 846
f 2920 2916 847
f 847 2916 831
f 2921 2922 857
f 857 2922 858
f 2923 2924 860
f 860 2924 861
f 2919 2912 846
f 846 2912 887
f 2925 2920 940
f 940 2920 847
f 2924 2926 861
f 861 2926 1204
f 2917 2918 832
f 832 2918 845
f 2927 2928 1449
f 1449 2928 1450
f 2929 2930 889
f 889 2930 2931
f 2896 1507 2897
f 2897 1507 2823
f 2902 2901 1262
f 1262 2901 1259
f 2932 2933 750
f 750 2933 1236
f 2933 2934 1236
f 1236 2934 1835
f 2936 2937 2935
f 2935 2937 2938
f 2940 2941 2939
f 2939 2941 2942
f 2943 2944 1841
f 1841 2944 1842
f 2945 1860 2944
f 2944 1860 1842
f 2945 2946 1860
f 1860 2946 1859
f 1889 2947 1890
f 1890 2947 1856
f 1856 2947 1857
f 1857 2947 2948
f 2950 709 2949
f 2949 709 1829
f 2952 730 2951
f 2951 730 729
f 2866 2953 2867
f 2867 2953 1761
f 2953 2954 1761
f 1761 2954 1420
f 2954 2955 1420
f 1420 2955 742
f 2955 2956 742
f 742 2956 739
f 2956 2957 739
f 739 2957 760
f 2957 2958 760
f 760 2958 761
f 2958 2959 761
f 761 2959 2960
f 2959 2961 2960
f 2960 2961 2962
f 2963 2964 1839
f 1839 2964 1840
f 2964 2965 1840
f 1840 2965 2942
f 2966 2950 2939
f 2939 2950 2949
f 2935 2967 2936
f 2936 2967 2968
f 2969 2970 736
f 736 2970 735
f 734 2887 1815
f 1815 2887 2888
f 2887 2882 2888
f 2888 2882 2881
f 1819 1820 1817
f 1817 1820 748
f 1195 1757 1197
f 1197 1757 1424
f 1757 647 1424
f 1424 647 646
f 647 648 646
f 646 648 643
f 648 1271 643
f 643 1271 737
f 1271 725 737
f 737 725 765
f 725 724 765
f 765 724 762
f 762 724 2907
f 2907 724 2909
f 1254 1437 2909
f 2909 1437 2907
f 1438 1253 1836
f 1836 1253 1835
f 1836 1835 2938
f 2938 1835 2934
f 2971 2972 2935
f 2935 2972 2967
f 897 896 2969
f 2969 896 2970
f 1815 1814 734
f 734 1814 731
f 728 1215 896
f 896 1215 732
f 2885 1216 733
f 733 1216 2886
f 1216 1219 2886
f 2886 1219 2883
f 2876 1304 1821
f 1821 1304 749
f 1304 1303 749
f 749 1303 746
f 1818 2973 1817
f 1817 2973 1810
f 747 2974 1818
f 1818 2974 2973
f 747 746 2974
f 2974 746 1303
f 2976 2977 2975
f 2975 2977 2978
f 2976 2979 2901
f 2901 2979 2900
f 2980 2981 2982
f 2982 2981 2979
f 2981 2980 2983
f 2983 2980 2984
f 2985 2897 2983
f 2983 2897 2898
f 2987 2988 2986
f 2986 2988 2985
f 2896 2988 1442
f 1442 2988 1439
f 1903 2977 1904
f 1904 2977 2902
f 1856 1855 1890
f 1890 1855 2989
f 2989 2990 1890
f 1890 2990 1359
f 2990 2991 1359
f 1359 2991 1356
f 2946 2992 1859
f 1859 2992 1893
f 2992 2993 1893
f 1893 2993 775
f 2993 2994 775
f 775 2994 776
f 2986 1356 2987
f 2987 1356 2991
f 2975 2978 776
f 776 2978 777
f 2982 2994 2980
f 2980 2994 2995
f 1357 2984 2995
f 2995 2984 2980
f 2995 2996 1357
f 1357 2996 1358
f 2996 2997 1358
f 1358 2997 1889
f 2998 2999 2932
f 2932 2999 2933
f 2999 2971 2933
f 2933 2971 2934
f 1837 1836 2937
f 2937 1836 2938
f 2943 1841 2941
f 2941 1841 1838
f 3001 2944 3000
f 3000 2944 2943
f 3001 3002 2944
f 2944 3002 2945
f 3002 3003 2945
f 2945 3003 2946
f 2997 3003 1889
f 1889 3003 2947
f 2947 3003 2948
f 2948 3003 3002
f 3001 3004 3002
f 3002 3004 2948
f 3000 3005 3001
f 3001 3005 3004
f 2940 3006 3000
f 3000 3006 3005
f 2999 3007 2971
f 2971 3007 2972
f 2998 2951 2999
f 2999 2951 3007
f 3008 2952 2998
f 2998 2952 2951
f 2966 2965 2936
f 2936 2965 2937
f 2935 2938 2971
f 2971 2938 2934
f 3003 2997 2946
f 2946 2997 2992
f 2997 2996 2992
f 2992 2996 2993
f 2996 2995 2993
f 2993 2995 2994
f 1356 2986 1357
f 1357 2986 2984
f 2982 2975 2994
f 2994 2975 776
f 1844 1843 1899
f 1899 1843 3009
f 1843 638 3009
f 3009 638 3010
f 638 637 3010
f 3010 637 3011
f 637 1830 3011
f 3011 1830 3012
f 1830 1833 3012
f 3012 1833 2894
f 1833 1854 2894
f 2894 1854 2895
f 1854 1853 2895
f 2895 1853 1888
f 1858 1857 1885
f 1885 1857 1892
f 1899 3009 1898
f 1898 3009 1874
f 3009 3010 1874
f 1874 3010 1865
f 3010 3011 1865
f 1865 3011 1862
f 3011 3012 1862
f 1862 3012 1882
f 3012 2894 1882
f 1882 2894 2893
f 1850 2890 782
f 782 2890 2889
f 783 2880 1811
f 1811 2880 1812
f 744 1810 745
f 745 1810 2973
f 745 2973 805
f 805 2973 806
f 2973 2974 806
f 806 2974 815
f 1303 812 2974
f 2974 812 815
f 1303 1302 812
f 812 1302 1221
f 1307 3013 1302
f 1302 3013 1221
f 1734 3014 1633
f 1633 3014 1634
f 1646 1649 1636
f 1636 1649 1637
f 1654 1657 1641
f 1641 1657 1642
f 1639 1736 1636
f 1636 1736 1684
f 1716 1713 1698
f 1698 1713 1699
f 1718 1721 1705
f 1705 1721 1706
f 1653 1654 1709
f 1709 1654 1641
f 1620 1623 1714
f 1714 1623 1699
f 1712 1682 1714
f 1714 1682 1740
f 1668 1671 1746
f 1746 1671 1747
f 1752 1650 1749
f 1749 1650 1750
f 1750 1650 1709
f 1709 1650 1653
f 1632 1668 1633
f 1633 1668 1746
f 1649 1752 1637
f 1637 1752 1749
f 1682 1643 1740
f 1740 1643 1642
f 3014 1685 1634
f 1634 1685 1684
f 1704 1748 1705
f 1705 1748 1747
f 1697 1707 1698
f 1698 1707 1706
f 1739 1701 1621
f 1621 1701 1622
f 1567 1566 1647
f 1647 1566 1648
f 1664 1695 1651
f 1651 1695 1652
f 1614 1617 1655
f 1655 1617 1656
f 1704 1707 1659
f 1659 1707 1660
f 3014 1734 1662
f 1662 1734 1663
f 1650 1752 1651
f 1651 1752 1665
f 1741 1657 1667
f 1667 1657 1656
f 1695 1614 1652
f 1652 1614 1655
f 1724 1567 1726
f 1726 1567 1647
f 1645 1628 1733
f 1733 1628 1663
f 1685 3014 1726
f 1726 3014 1662
f 1620 1741 1621
f 1621 1741 1667
f 1566 1666 1648
f 1648 1666 1665
f 1658 1737 1659
f 1659 1737 1901
f 1911 1661 1910
f 1910 1661 1660
f 1701 1911 1622
f 1622 1911 1910
f 1732 1748 1733
f 1733 1748 1901
f 1857 2948 1892
f 1892 2948 3004
f 1892 3004 1891
f 1891 3004 3005
f 1828 3006 1829
f 1829 3006 2949
f 2967 736 2968
f 2968 736 710
f 2972 2969 2967
f 2967 2969 736
f 2969 2972 897
f 897 2972 3007
f 897 3007 729
f 729 3007 2951
f 3016 753 3015
f 3015 753 752
f 3018 767 3017
f 3017 767 766
f 3019 3020 1249
f 1249 3020 3021
f 2915 2914 3019
f 3019 2914 3020
f 3023 2914 3022
f 3022 2914 1783
f 2827 2839 769
f 769 2839 766
f 3025 2838 3024
f 3024 2838 3021
f 768 767 2850
f 2850 767 3026
f 2850 3026 751
f 751 3026 752
f 750 753 2932
f 2932 753 3027
f 3008 2998 3027
f 3027 2998 2932
f 3028 3029 3008
f 3008 3029 2952
f 3029 3030 2952
f 2952 3030 730
f 3032 3033 3031
f 3031 3033 3034
f 3036 3037 3035
f 3035 3037 3038
f 2870 3039 612
f 612 3039 3040
f 3041 3042 3031
f 3031 3042 3038
f 3034 1352 3043
f 3043 1352 944
f 612 3040 613
f 613 3040 3044
f 613 3044 1425
f 1425 3044 1422
f 3045 3042 669
f 669 3042 670
f 3041 3043 599
f 599 3043 600
f 772 771 1544
f 1544 771 781
f 1503 771 1866
f 1866 771 770
f 771 1503 781
f 781 1503 778
f 61 281 416
f 416 281 1907
f 283 103 3046
f 3046 103 3047
f 76 79 3048
f 3048 79 3049
f 280 76 1906
f 1906 76 3048
f 3051 335 3050
f 3050 335 334
f 3053 417 3052
f 3052 417 416
f 3055 435 3054
f 3054 435 434
f 428 435 419
f 419 435 1908
f 420 1909 293
f 293 1909 443
f 79 294 3049
f 3049 294 444
f 3057 444 3056
f 3056 444 443
f 3051 3058 335
f 335 3058 452
f 216 215 1332
f 1332 215 452
f 308 283 462
f 462 283 3046
f 3050 334 3059
f 3059 334 462
f 103 62 3047
f 3047 62 417
f 313 312 434
f 434 312 463
f 3061 574 3060
f 3060 574 573
f 1310 3062 1428
f 1428 3062 3063
f 1258 3064 1255
f 1255 3064 2871
f 932 3065 2853
f 2853 3065 3066
f 699 2814 931
f 931 2814 3067
f 3068 1301 3063
f 3063 1301 1428
f 571 574 1310
f 1310 574 3062
f 3060 573 3069
f 3069 573 1332
f 3070 3071 1906
f 1906 3071 1907
f 3072 3073 1908
f 1908 3073 1909
f 3075 2814 3074
f 3074 2814 2813
f 2854 3076 1258
f 1258 3076 3064
f 2871 3077 2872
f 2872 3077 3078
f 3074 2813 3079
f 3079 2813 2873
f 2872 3078 1349
f 1349 3078 3080
f 2873 701 3068
f 3068 701 1301
f 1330 1201 3080
f 3080 1201 1349
f 1264 1263 3081
f 3081 1263 3082
f 3083 3084 3082
f 3082 3084 3081
f 811 1448 3086
f 3086 1448 3085
f 808 811 3087
f 3087 811 3086
f 3088 3083 833
f 833 3083 3082
f 884 3089 885
f 885 3089 3090
f 3087 1790 808
f 808 1790 816
f 1790 3087 1787
f 1787 3087 3091
f 3092 3091 3086
f 3086 3091 3087
f 3093 3094 3084
f 3084 3094 3095
f 3089 3096 3090
f 3090 3096 3088
f 3097 3093 3083
f 3083 3093 3084
f 3099 3100 3098
f 3098 3100 1786
f 3101 1788 2913
f 2913 1788 3102
f 838 837 885
f 885 837 886
f 886 837 3103
f 3103 837 1541
f 3094 3093 3104
f 3104 3093 3097
f 3105 3106 3089
f 3089 3106 3096
f 3108 3109 3107
f 3107 3109 3110
f 3111 3112 3091
f 3091 3112 1787
f 3114 3108 3113
f 3113 3108 3107
f 3114 3115 3112
f 3112 3115 3102
f 3091 3092 3111
f 3111 3092 3116
f 839 838 835
f 835 838 836
f 885 3090 838
f 838 3090 836
f 3110 3117 1247
f 1247 3117 3118
f 1247 3118 1248
f 1248 3118 3119
f 3120 3121 3119
f 3119 3121 1248
f 1247 844 3110
f 3110 844 3107
f 844 843 3107
f 3107 843 3113
f 843 3099 3113
f 3113 3099 3122
f 1781 3123 3098
f 3098 3123 3124
f 2915 2931 1780
f 1780 2931 2930
f 3019 3125 2915
f 2915 3125 2931
f 890 3125 2834
f 2834 3125 1252
f 3125 3019 1252
f 1252 3019 1249
f 907 908 946
f 946 908 947
f 1185 1188 1369
f 1369 1188 948
f 954 957 951
f 951 957 952
f 910 965 953
f 953 965 950
f 905 958 960
f 960 958 961
f 3126 978 949
f 949 978 962
f 936 935 967
f 967 935 968
f 994 993 969
f 969 993 966
f 902 904 971
f 971 904 972
f 983 985 973
f 973 985 970
f 906 905 974
f 974 905 960
f 977 981 959
f 959 981 975
f 911 910 1143
f 1143 910 953
f 952 957 1142
f 1142 957 1145
f 911 1143 1366
f 1366 1143 1368
f 1185 1369 1145
f 1145 1369 1142
f 993 1519 966
f 966 1519 1456
f 965 1454 950
f 950 1454 1457
f 900 899 1459
f 1459 899 1460
f 988 991 1461
f 1461 991 1458
f 899 963 1460
f 1460 963 1462
f 985 987 970
f 970 987 1463
f 904 906 972
f 972 906 974
f 981 983 975
f 975 983 973
f 935 900 968
f 968 900 1459
f 991 994 1458
f 1458 994 969
f 1154 1526 1088
f 1088 1526 1089
f 1109 1112 1092
f 1092 1112 1093
f 1083 1098 1084
f 1084 1098 1097
f 1078 1471 1100
f 1100 1471 1101
f 1075 1078 1104
f 1104 1078 1100
f 1152 1154 1156
f 1156 1154 1088
f 1156 1155 1372
f 1372 1155 1373
f 1372 1373 1104
f 1104 1373 1075
f 1467 1109 1465
f 1465 1109 1092
f 1465 1182 1468
f 1468 1182 1184
f 1474 1470 1096
f 1096 1470 1097
f 1102 1101 1083
f 1083 1101 1098
f 1112 1531 1093
f 1093 1531 1529
f 1102 1073 1099
f 1099 1073 1072
f 1526 1154 1079
f 1079 1154 1080
f 1081 1091 1082
f 1082 1091 1094
f 1069 1068 1085
f 1085 1068 1086
f 1153 1151 1080
f 1080 1151 1058
f 1371 1177 1179
f 1179 1177 1176
f 1099 1072 1103
f 1103 1072 1176
f 1068 1071 1086
f 1086 1071 1073
f 1085 1084 1180
f 1180 1084 1469
f 1066 1065 1183
f 1183 1065 1181
f 1153 1152 1177
f 1177 1152 1178
f 1091 1081 1182
f 1182 1081 1183
f 1057 1525 1079
f 1079 1525 1527
f 1120 1117 1076
f 1076 1117 1077
f 1087 1090 1107
f 1107 1090 1108
f 1127 1126 1110
f 1110 1126 1111
f 1095 1116 1096
f 1096 1116 1115
f 1471 1078 1119
f 1119 1078 1077
f 1087 1107 1155
f 1155 1107 1158
f 1376 1374 1157
f 1157 1374 1158
f 1076 1075 1374
f 1374 1075 1373
f 1109 1467 1110
f 1110 1467 1472
f 1467 1466 1472
f 1472 1466 1473
f 1135 1475 1114
f 1114 1475 1115
f 1471 1119 1095
f 1095 1119 1116
f 1126 1532 1111
f 1111 1532 1530
f 914 1276 1480
f 1480 1276 1517
f 3127 3128 1223
f 1223 3128 1224
f 824 933 1455
f 1455 933 3129
f 3131 1448 3130
f 3130 1448 1447
f 3132 3133 1452
f 1452 3133 1453
f 3130 1447 1322
f 1322 1447 1455
f 933 1514 3129
f 3129 1514 3134
f 1161 3135 1480
f 1480 3135 1481
f 3128 3136 1224
f 1224 3136 1499
f 3133 1162 1453
f 1453 1162 1517
f 1515 3127 1535
f 1535 3127 1223
f 3095 3085 3131
f 3131 3085 1448
f 3137 3092 3085
f 3085 3092 3086
f 3138 3116 3137
f 3137 3116 3092
f 3110 3109 3117
f 3117 3109 3139
f 3105 3140 3117
f 3117 3140 3118
f 3140 3141 3118
f 3118 3141 3119
f 3142 3120 3141
f 3141 3120 3119
f 1498 3143 1277
f 1277 3143 882
f 3144 3145 1340
f 1340 3145 1339
f 1340 3146 3144
f 3144 3146 3147
f 3145 3144 3143
f 3143 3144 3148
f 871 901 872
f 872 901 1362
f 3149 3148 3147
f 3147 3148 3144
f 1208 3150 1209
f 3098 1786 1781
f 1781 1786 1782
f 2930 2929 3123
f 3123 2929 2911
f 1794 1791 2916
f 2916 1791 2917
f 1793 3101 2918
f 2918 3101 2919
f 1796 1794 2920
f 2920 1794 2916
f 3151 3152 2921
f 2921 3152 2922
f 3153 3154 2923
f 2923 3154 2924
f 2919 3101 2912
f 2912 3101 2913
f 3155 1796 2925
f 2925 1796 2920
f 3154 3156 2924
f 2924 3156 2926
f 1791 1793 2917
f 2917 1793 2918
f 3157 3158 2927
f 2927 3158 2928
f 1780 2930 1781
f 1781 2930 3123
f 2825 1267 1189
f 1189 1267 1190
f 2827 2828 1250
f 1250 2828 1251
f 1489 2830 1324
f 1324 2830 1325
f 923 1328 1334
f 1334 1328 1335
f 1485 2832 1482
f 1482 2832 1483
f 1266 1490 1492
f 1492 1490 1493
f 1333 1346 1334
f 1334 1346 2824
f 722 799 1492
f 1492 799 1190
f 664 657 1482
f 1482 657 2833
f 631 634 1324
f 1324 634 1493
f 2828 1494 1251
f 1251 1494 2835
f 1249 3021 1250
f 1250 3021 2838
f 798 2837 1189
f 1189 2837 2836
f 3100 842 3160
f 3160 842 3159
f 1788 3101 1789
f 1789 3101 1793
f 1792 816 1789
f 1789 816 1790
f 817 816 1795
f 1795 816 1792
f 938 817 1797
f 1797 817 1795
f 1796 3155 1797
f 1797 3155 1798
f 3155 3158 1798
f 1798 3158 1799
f 3157 3152 1801
f 1801 3152 1802
f 3151 3156 1803
f 1803 3156 1804
f 3154 3153 1805
f 1805 3153 1806
f 3153 3161 1806
f 1806 3161 1807
f 3099 843 3100
f 3100 843 842
f 1788 1787 3102
f 3102 1787 3112
f 2910 3115 3124
f 3124 3115 3122
f 3099 3098 3122
f 3122 3098 3124
f 416 1907 3052
f 3052 1907 3071
f 3046 3047 3163
f 3163 3047 3162
f 249 445 259
f 259 445 3164
f 425 3165 424
f 424 3165 461
f 408 410 329
f 329 410 330
f 39 331 40
f 40 331 332
f 305 304 423
f 423 304 464
f 385 254 458
f 458 254 392
f 250 415 251
f 251 415 412
f 233 337 234
f 234 337 3166
f 435 3055 1908
f 1908 3055 3072
f 443 1909 3056
f 3056 1909 3073
f 3167 3049 3057
f 3057 3049 444
f 452 3058 1332
f 1332 3058 3069
f 234 3166 346
f 346 3166 411
f 3046 3163 462
f 462 3163 3059
f 259 3164 260
f 260 3164 336
f 3047 417 3162
f 3162 417 3053
f 463 3168 434
f 434 3168 3054
f 454 830 425
f 425 830 3165
f 3062 3169 3063
f 3063 3169 3170
f 1355 1354 1534
f 1534 1354 3171
f 3063 3170 3068
f 3068 3170 3172
f 574 3061 3062
f 3062 3061 3169
f 1534 3171 1535
f 1535 3171 3173
f 3079 2873 3172
f 3172 2873 3068
f 2838 3025 2839
f 2839 3025 3174
f 3176 3177 3175
f 3175 3177 3178
f 3180 1125 3179
f 3179 1125 1128
f 3182 3183 3181
f 3181 3183 3184
f 1134 3185 1130
f 1130 3185 3182
f 3186 3187 3189
f 3189 3187 3188
f 3191 3189 3190
f 3190 3189 3188
f 1137 1122 3190
f 3190 1122 3192
f 3175 3178 3193
f 3193 3178 3194
f 3181 3184 3179
f 3179 3184 3195
f 3197 3198 3196
f 3196 3198 3180
f 3200 3178 3199
f 3199 3178 3177
f 3202 3196 3201
f 3201 3196 3195
f 3204 3184 3203
f 3203 3184 3183
f 3206 3207 3205
f 3205 3207 3186
f 3205 3186 3208
f 3208 3186 3189
f 3209 3208 3191
f 3191 3208 3189
f 3210 3194 3200
f 3200 3194 3178
f 3201 3195 3204
f 3204 3195 3184
f 3197 3211 3177
f 3177 3211 3199
f 3213 3214 3212
f 3212 3214 3215
f 3217 3218 3216
f 3216 3218 3219
f 3221 3222 3220
f 3220 3222 3223
f 3225 3226 3224
f 3224 3226 3227
f 3229 3230 3228
f 3228 3230 3231
f 3233 3234 3232
f 3232 3234 3235
f 3237 3238 3236
f 3236 3238 3239
f 3238 3240 3239
f 3239 3240 3241
f 3232 3235 3242
f 3242 3235 3243
f 3245 3246 3244
f 3244 3246 3247
f 3248 3249 3245
f 3245 3249 3246
f 3251 3252 3250
f 3250 3252 3253
f 3255 3252 3254
f 3254 3252 3251
f 3256 3257 3259
f 3259 3257 3258
f 3261 3262 3260
f 3260 3262 3263
f 3265 3263 3264
f 3264 3263 3262
f 3256 3259 3266
f 3266 3259 3267
f 3269 3270 3268
f 3268 3270 3271
f 3269 3272 3270
f 3270 3272 3273
f 3274 3275 3277
f 3277 3275 3276
f 3278 3279 3276
f 3276 3279 3277
f 3281 3282 3280
f 3280 3282 3283
f 3280 3284 3281
f 3281 3284 3285
f 3287 3288 3286
f 3286 3288 3289
f 3290 3291 3288
f 3288 3291 3289
f 3234 3218 3235
f 3235 3218 3217
f 3232 3292 3233
f 3233 3292 3293
f 3239 3294 3236
f 3236 3294 3219
f 3233 3293 3237
f 3237 3293 3295
f 3296 3294 3241
f 3241 3294 3239
f 3240 3238 3297
f 3297 3238 3298
f 3217 3216 3235
f 3235 3216 3243
f 3297 3299 3240
f 3240 3299 3242
f 3246 3300 3247
f 3247 3300 3223
f 3301 3302 3254
f 3254 3302 3244
f 3249 3303 3246
f 3246 3303 3300
f 3245 3304 3248
f 3248 3304 3292
f 3252 3221 3253
f 3253 3221 3220
f 3250 3248 3299
f 3299 3248 3292
f 3222 3221 3255
f 3255 3221 3252
f 3297 3301 3251
f 3251 3301 3254
f 3258 3214 3259
f 3259 3214 3213
f 3257 3256 3304
f 3304 3256 3305
f 3263 3306 3260
f 3260 3306 3215
f 3261 3257 3302
f 3302 3257 3304
f 3307 3306 3265
f 3265 3306 3263
f 3262 3301 3264
f 3264 3301 3308
f 3259 3213 3267
f 3267 3213 3212
f 3308 3309 3264
f 3264 3309 3266
f 3270 3310 3271
f 3271 3310 3231
f 3311 3312 3278
f 3278 3312 3268
f 3270 3273 3310
f 3310 3273 3313
f 3272 3269 3305
f 3305 3269 3314
f 3277 3229 3274
f 3274 3229 3228
f 3275 3272 3309
f 3309 3272 3305
f 3279 3230 3277
f 3277 3230 3229
f 3276 3308 3278
f 3278 3308 3311
f 3281 3315 3282
f 3282 3315 3227
f 3290 3316 3283
f 3283 3316 3317
f 3281 3285 3315
f 3315 3285 3318
f 3284 3280 3314
f 3314 3280 3319
f 3289 3225 3286
f 3286 3225 3224
f 3287 3284 3312
f 3284 3314 3312
f 3291 3226 3289
f 3289 3226 3225
f 3288 3311 3290
f 3290 3311 3316
f 3212 3215 3307
f 3307 3215 3306
f 3294 3296 3219
f 3219 3296 3216
f 3303 3220 3300
f 3300 3220 3223
f 3224 3227 3318
f 3318 3227 3315
f 3228 3231 3313
f 3313 3231 3310
f 3234 3233 3236
f 3236 3233 3237
f 3243 3241 3242
f 3242 3241 3240
f 3247 3255 3244
f 3244 3255 3254
f 3253 3249 3250
f 3250 3249 3248
f 3260 3258 3261
f 3261 3258 3257
f 3266 3267 3264
f 3264 3267 3265
f 3268 3271 3278
f 3278 3271 3279
f 3274 3273 3275
f 3275 3273 3272
f 3283 3282 3290
f 3290 3282 3291
f 3286 3285 3287
f 3287 3285 3284
f 3218 3234 3219
f 3219 3234 3236
f 3295 3298 3237
f 3237 3298 3238
f 3216 3296 3243
f 3243 3296 3241
f 3242 3299 3232
f 3232 3299 3292
f 3223 3222 3247
f 3247 3222 3255
f 3244 3302 3245
f 3245 3302 3304
f 3303 3249 3220
f 3220 3249 3253
f 3297 3251 3299
f 3299 3251 3250
f 3215 3214 3260
f 3260 3214 3258
f 3301 3262 3302
f 3302 3262 3261
f 3212 3307 3267
f 3267 3307 3265
f 3266 3309 3256
f 3256 3309 3305
f 3271 3231 3279
f 3279 3231 3230
f 3268 3312 3269
f 3269 3312 3314
f 3228 3313 3274
f 3274 3313 3273
f 3308 3276 3309
f 3309 3276 3275
f 3282 3227 3291
f 3291 3227 3226
f 3317 3319 3283
f 3283 3319 3280
f 3224 3318 3286
f 3286 3318 3285
f 3312 3311 3287
f 3311 3288 3287
f 3320 3321 3194
f 3194 3321 3193
f 1375 3321 1121
f 1121 3321 3322
f 3323 3324 3322
f 3322 3324 3192
f 3175 1124 3176
f 3176 1124 1123
f 3179 3195 3180
f 3180 3195 3196
f 3181 1131 3182
f 3182 1131 1130
f 3207 3185 3186
f 3186 3185 3187
f 1136 3188 1133
f 1133 3188 3187
f 3190 3188 1137
f 1137 3188 1136
f 3193 1159 3175
f 3175 1159 1124
f 3179 1128 3181
f 3181 1128 1131
f 1533 3198 1123
f 1123 3198 3176
f 3321 1375 3193
f 3193 1375 1159
f 3321 3320 3322
f 3322 3320 3323
f 1122 1121 3192
f 3192 1121 3322
f 3194 3210 3320
f 3320 3210 3325
f 3324 3323 3327
f 3327 3323 3326
f 3320 3325 3323
f 3323 3325 3326
f 3208 3328 3205
f 3205 3328 3329
f 3330 3206 3329
f 3329 3206 3205
f 3203 3331 3204
f 3204 3331 3332
f 3210 3333 3325
f 3325 3333 3334
f 3325 3334 3326
f 3326 3334 3335
f 3327 3326 3336
f 3336 3326 3335
f 3327 3209 3324
f 3324 3209 3191
f 3190 3192 3191
f 3191 3192 3324
f 3338 3339 3337
f 3337 3339 3340
f 3338 3341 3339
f 3339 3341 3342
f 3341 3343 3342
f 3342 3343 3344
f 3343 3345 3344
f 3344 3345 3346
f 3345 3347 3346
f 3346 3347 3348
f 3347 3349 3348
f 3348 3349 3350
f 3337 3340 3351
f 3351 3340 3352
f 3351 3352 3353
f 3353 3352 3354
f 3353 3354 3355
f 3355 3354 3356
f 3350 3349 3357
f 3357 3349 3358
f 3355 3356 3359
f 3359 3356 3360
f 3359 3360 3361
f 3361 3360 3362
f 3361 3362 3363
f 3363 3362 3364
f 3363 3364 3358
f 3358 3364 3357
f 3339 3342 3365
f 3365 3342 3366
f 3342 3344 3366
f 3366 3344 3367
f 3344 3346 3367
f 3367 3346 3368
f 3346 3348 3368
f 3368 3348 3369
f 3348 3350 3369
f 3369 3350 3370
f 3368 3369 3371
f 3371 3369 3372
f 3369 3370 3372
f 3372 3370 3373
f 3373 3374 3372
f 3372 3374 3375
f 3377 3378 3376
f 3376 3378 3379
f 3377 3375 3378
f 3378 3375 3374
f 3375 3380 3372
f 3372 3380 3371
f 3377 3381 3375
f 3375 3381 3380
f 3376 3382 3377
f 3377 3382 3381
f 3384 3385 3383
f 3383 3385 3386
f 3384 3383 3388
f 3388 3383 3387
f 3388 3387 3389
f 3389 3387 3390
f 3392 3385 3391
f 3391 3385 3384
f 3388 3393 3384
f 3384 3393 3391
f 3389 3394 3388
f 3388 3394 3393
f 3389 3395 3394
f 3394 3395 3396
f 3395 3389 3397
f 3397 3389 3390
f 3339 3365 3340
f 3340 3365 3398
f 3340 3398 3352
f 3352 3398 3399
f 3371 3400 3368
f 3368 3400 3367
f 3400 3401 3367
f 3367 3401 3366
f 3366 3401 3365
f 3365 3401 3402
f 3398 3365 3403
f 3403 3365 3402
f 3398 3403 3399
f 3399 3403 3404
f 3403 3405 3404
f 3404 3405 3406
f 3352 3399 3354
f 3354 3399 3407
f 3399 3404 3407
f 3407 3404 3408
f 3404 3406 3408
f 3408 3406 3409
f 3405 3410 3406
f 3406 3410 3411
f 3410 3412 3411
f 3411 3412 3413
f 3397 3414 3395
f 3395 3414 3415
f 3417 3415 3416
f 3416 3415 3412
f 3410 3418 3412
f 3412 3418 3416
f 3410 3405 3418
f 3418 3405 3419
f 3405 3403 3419
f 3419 3403 3402
f 3370 3350 3420
f 3420 3350 3357
f 3373 3370 3421
f 3421 3370 3420
f 3374 3373 3422
f 3422 3373 3421
f 3378 3374 3423
f 3423 3374 3422
f 3378 3423 3379
f 3379 3423 3424
f 3424 3425 3379
f 3379 3425 3386
f 3383 3426 3387
f 3387 3426 3427
f 3387 3427 3390
f 3390 3427 3428
f 3390 3428 3397
f 3397 3428 3429
f 3429 3430 3397
f 3397 3430 3414
f 3411 3413 3431
f 3431 3413 3432
f 3406 3411 3409
f 3409 3411 3431
f 3401 3400 3335
f 3335 3400 3336
f 3401 3335 3402
f 3402 3335 3334
f 3402 3334 3419
f 3419 3334 3333
f 3419 3333 3418
f 3418 3333 3433
f 3418 3433 3416
f 3416 3433 3434
f 3435 3417 3434
f 3434 3417 3416
f 3394 3396 3436
f 3436 3396 3437
f 3393 3394 3332
f 3332 3394 3436
f 3393 3332 3391
f 3391 3332 3331
f 3330 3392 3331
f 3331 3392 3391
f 3382 3329 3381
f 3381 3329 3328
f 3354 3407 3356
f 3356 3407 3438
f 3356 3438 3360
f 3360 3438 3439
f 3360 3439 3362
f 3362 3439 3440
f 3362 3440 3364
f 3364 3440 3441
f 3364 3441 3357
f 3357 3441 3420
f 3421 3420 3442
f 3442 3420 3441
f 3442 3441 3443
f 3443 3441 3440
f 3443 3440 3444
f 3444 3440 3439
f 3444 3439 3445
f 3445 3439 3438
f 3445 3438 3408
f 3408 3438 3407
f 3422 3421 3446
f 3446 3421 3442
f 3446 3442 3447
f 3447 3442 3443
f 3447 3443 3448
f 3448 3443 3444
f 3448 3444 3449
f 3449 3444 3445
f 3449 3445 3409
f 3409 3445 3408
f 3409 3431 3449
f 3449 3431 3450
f 3449 3450 3448
f 3448 3450 3451
f 3451 3452 3448
f 3448 3452 3447
f 3447 3452 3446
f 3446 3452 3453
f 3446 3453 3422
f 3422 3453 3423
f 3424 3423 3454
f 3454 3423 3453
f 3452 3455 3453
f 3453 3455 3454
f 3452 3451 3455
f 3455 3451 3456
f 3450 3457 3451
f 3451 3457 3456
f 3431 3432 3450
f 3450 3432 3457
f 3454 3458 3424
f 3424 3458 3425
f 3427 3426 3459
f 3459 3426 3460
f 3428 3427 3461
f 3461 3427 3459
f 3428 3461 3429
f 3429 3461 3462
f 3462 3463 3429
f 3429 3463 3430
f 3464 3465 3462
f 3462 3465 3463
f 3455 3466 3454
f 3454 3466 3458
f 3465 3464 3466
f 3466 3464 3467
f 3461 3459 3468
f 3468 3459 3469
f 3468 3469 3464
f 3464 3469 3467
f 3464 3462 3468
f 3468 3462 3461
f 3459 3460 3469
f 3469 3460 3467
f 3295 3351 3298
f 3298 3351 3353
f 3353 3355 3298
f 3298 3355 3297
f 3297 3355 3301
f 3301 3355 3359
f 3301 3359 3308
f 3308 3359 3361
f 3308 3361 3311
f 3311 3361 3363
f 3311 3363 3316
f 3316 3363 3358
f 3316 3358 3317
f 3317 3358 3349
f 3349 3347 3317
f 3317 3347 3319
f 3347 3345 3319
f 3319 3345 3314
f 3345 3343 3314
f 3314 3343 3305
f 3343 3341 3305
f 3305 3341 3304
f 3304 3341 3292
f 3292 3341 3338
f 3292 3338 3293
f 3293 3338 3337
f 3293 3337 3295
f 3295 3337 3351
f 3437 3202 3436
f 3436 3202 3201
f 3436 3201 3332
f 3332 3201 3204
f 3433 3200 3434
f 3434 3200 3199
f 3211 3435 3199
f 3199 3435 3434
f 3333 3210 3433
f 3433 3210 3200
f 3380 3470 3371
f 3400 3371 3336
f 3336 3371 3470
f 3381 3328 3380
f 3380 3328 3470
f 3470 3328 3209
f 3209 3328 3208
f 3336 3470 3327
f 3327 3470 3209
f 1545 1763 1546
f 1546 1763 1762
f 1403 1546 773
f 773 1546 770
f 1221 3013 1220
f 1220 3013 3471
f 1305 2877 1306
f 1306 2877 2879
f 1220 3471 828
f 828 3471 829
f 1217 1754 3472
f 3472 1754 1756
f 1049 3473 1048
f 1048 3473 3474
f 1371 1179 3473
f 3473 1179 3474
f 1074 3475 1179
f 1179 3475 3474
f 3474 3475 1048
f 1048 3475 1056
f 919 666 1345
f 1345 666 665
f 856 680 919
f 919 680 666
f 679 680 1449
f 1449 680 858
f 1367 878 1500
f 1500 878 877
f 1366 908 1367
f 1367 908 878
f 1512 916 1513
f 1513 916 915
f 947 1368 948
f 948 1368 1369
f 1047 1021 1044
f 1044 1021 1020
f 1370 1049 1019
f 1019 1049 1020
f 1173 1030 1174
f 1174 1030 1033
f 3126 1188 1464
f 1464 1188 1187
f 1800 1451 1512
f 1512 1451 916
f 1175 1174 1186
f 1186 1174 1187
f 1030 1173 1047
f 1047 1173 1021
f 1513 915 3476
f 3476 915 1481
f 1345 665 3477
f 3477 665 1483
f 1502 1501 876
f 876 1501 877
f 1205 1451 1803
f 1803 1451 1802
f 3479 2832 3478
f 3478 2832 2831
f 1449 858 2927
f 2927 858 2922
f 908 1366 947
f 947 1366 1368
f 949 948 3126
f 3126 948 1188
f 3480 3135 1502
f 1502 3135 1501
f 2927 2922 3157
f 3157 2922 3152
f 3477 1483 3479
f 3479 1483 2832
f 1803 1802 3151
f 3151 1802 3152
f 663 658 664
f 664 658 657
f 655 658 939
f 939 658 706
f 1512 870 1800
f 1800 870 869
f 875 874 876
f 876 874 873
f 849 874 905
f 905 874 958
f 949 962 946
f 946 962 961
f 978 3126 979
f 979 3126 1464
f 1031 1168 1032
f 1032 1168 1022
f 1045 1013 1046
f 1046 1013 1012
f 1045 1044 1056
f 1056 1044 1048
f 1047 1046 1030
f 1030 1046 1031
f 939 706 940
f 940 706 1450
f 979 1464 1032
f 1032 1464 1033
f 3480 1478 3476
f 3476 1478 3134
f 2829 1487 2830
f 2830 1487 1486
f 848 1230 873
f 873 1230 1479
f 867 870 933
f 933 870 1514
f 1800 869 1801
f 1801 869 1799
f 2830 1486 1325
f 1325 1486 2833
f 940 1450 2925
f 2925 1450 2928
f 946 961 907
f 907 961 958
f 959 962 977
f 977 962 978
f 3476 3134 1513
f 1513 3134 1514
f 2925 2928 3155
f 3155 2928 3158
f 1325 2833 656
f 656 2833 657
f 1801 1799 3157
f 3157 1799 3158
f 1074 1055 3475
f 3475 1055 1056
f 1371 3473 1370
f 1370 3473 1049
f 2884 615 3481
f 3481 615 618
f 3478 2831 2846
f 2846 2831 617
f 2831 1484 617
f 617 1484 618
f 1484 1487 618
f 618 1487 3481
f 2848 3481 2829
f 2829 3481 1487
f 1480 1517 1161
f 1161 1517 1162
f 3129 1323 1455
f 1455 1323 1322
f 3129 3134 1323
f 1323 3134 1478
f 1535 3173 1515
f 1515 3173 1516
f 3085 3095 3137
f 3137 3095 3094
f 3137 3094 3138
f 3138 3094 3104
f 3117 3139 3105
f 3105 3139 3106
f 1138 1141 3127
f 3127 1141 3128
f 3081 3131 1264
f 1264 3131 3130
f 1227 1226 3132
f 3132 1226 3133
f 1264 3130 1229
f 1229 3130 1322
f 1160 1501 1161
f 1161 1501 3135
f 1141 1476 3128
f 3128 1476 3136
f 1226 1163 3133
f 3133 1163 1162
f 1363 1138 1515
f 1515 1138 3127
f 3084 3095 3081
f 3081 3095 3131
f 3089 884 3105
f 3105 884 3140
f 884 883 3140
f 3140 883 3141
f 883 3482 3141
f 3141 3482 3142
f 3476 1481 3480
f 3480 1481 3135
f 1502 1479 3480
f 3480 1479 1478
f 3168 463 440
f 714 1880 715
f 715 1880 2905
f 896 732 2970
f 2970 732 731
f 1263 834 3082
f 3082 834 833
f 898 1231 853
f 853 1231 854
f 3125 890 2931
f 2931 890 889
f 1237 893 2851
f 2851 893 892
f 898 853 899
f 899 853 963
f 988 987 989
f 989 987 986
f 1002 1007 1003
f 1003 1007 1006
f 1038 1036 1007
f 1007 1036 1004
f 1070 1052 1005
f 1005 1052 1006
f 1069 1067 1070
f 1070 1067 1052
f 1130 1129 1134
f 1134 1129 1135
f 879 1167 880
f 880 1167 1166
f 1171 1169 1037
f 1037 1169 1038
f 1085 1180 1069
f 1069 1180 1067
f 1209 1210 879
f 879 1210 1167
f 2885 1215 1754
f 1754 1215 1214
f 1263 855 834
f 834 855 854
f 708 1244 1826
f 1826 1244 1243
f 2909 894 1254
f 1254 894 893
f 1228 1361 964
f 964 1361 1360
f 2908 2907 1436
f 1436 2907 1437
f 2990 1440 2991
f 2991 1440 1439
f 964 1360 965
f 965 1360 1454
f 950 1457 951
f 951 1457 1456
f 970 1463 971
f 971 1463 1462
f 1025 1169 984
f 984 1169 986
f 1084 1097 1469
f 1469 1097 1470
f 1096 1115 1474
f 1474 1115 1475
f 1140 1361 1141
f 1141 1361 1476
f 1212 1495 2828
f 2828 1495 1494
f 880 1166 1452
f 1452 1166 1499
f 715 2905 1504
f 1504 2905 2906
f 954 1519 955
f 955 1519 1518
f 1026 1520 992
f 992 1520 1518
f 1029 1520 1043
f 1043 1520 1521
f 997 1522 1040
f 1040 1522 1521
f 1015 1522 1016
f 1016 1522 1523
f 1523 996 1524
f 1524 996 1062
f 1057 1060 1525
f 1525 1060 1524
f 1094 1528 1082
f 1082 1528 1527
f 1526 1528 1089
f 1089 1528 1529
f 1090 1531 1108
f 1108 1531 1530
f 1125 1533 1126
f 1126 1533 1532
f 3483 1755 727
f 727 1755 1214
f 735 1814 707
f 707 1814 1813
f 2891 1834 1246
f 1246 1834 1243
f 2904 1881 1847
f 1847 1881 1848
f 1852 1855 1853
f 1853 1855 1858
f 1902 2903 1877
f 1877 2903 1878
f 2903 2904 1878
f 1878 2904 1847
f 714 713 1848
f 1848 713 1849
f 1440 2990 1883
f 1883 2990 2989
f 1883 2989 1852
f 1852 2989 1855
f 2895 1888 2892
f 2892 1888 1887
f 774 777 1877
f 1877 777 1903
f 1251 2835 1252
f 1252 2835 2834
f 1213 2844 1212
f 1212 2844 1495
f 2851 892 1213
f 1213 892 2844
f 3123 2911 3124
f 3124 2911 2910
f 887 2929 888
f 888 2929 889
f 1435 2963 1436
f 1436 2963 2961
f 1253 1438 1254
f 1254 1438 1437
f 2970 731 735
f 735 731 1814
f 733 732 2885
f 2885 732 1215
f 2901 2902 2976
f 2976 2902 2977
f 2975 2982 2976
f 2976 2982 2979
f 2899 2900 2981
f 2981 2900 2979
f 2899 2981 2898
f 2898 2981 2983
f 2986 2985 2984
f 2984 2985 2983
f 2897 2985 2896
f 2896 2985 2988
f 2991 1439 2987
f 2987 1439 2988
f 777 2978 1903
f 1903 2978 2977
f 1885 1888 1858
f 1858 1888 1853
f 3090 3088 836
f 836 3088 833
f 3083 3088 3097
f 3097 3088 3096
f 3097 3096 3104
f 3104 3096 3106
f 3111 3116 3108
f 3108 3116 3109
f 3112 3111 3114
f 3114 3111 3108
f 3113 3122 3114
f 3114 3122 3115
f 891 890 2837
f 2837 890 2834
f 951 1456 954
f 954 1456 1519
f 967 1457 936
f 936 1457 1454
f 971 1462 902
f 902 1462 963
f 1461 1463 988
f 988 1463 987
f 1466 1468 1474
f 1474 1468 1470
f 1089 1529 1090
f 1090 1529 1531
f 1184 1181 1469
f 1469 1181 1180
f 1082 1527 1061
f 1061 1527 1525
f 1129 1473 1135
f 1135 1473 1475
f 1108 1530 1105
f 1105 1530 1532
f 1452 1499 3132
f 3132 1499 3136
f 3109 3116 3139
f 3139 3116 3138
f 2912 2911 887
f 887 2911 2929
f 2836 2835 1497
f 1497 2835 1494
f 2913 3102 2910
f 2910 3102 3115
f 1133 3187 1134
f 1134 3187 3185
f 3177 3176 3197
f 3197 3176 3198
f 3203 3183 3206
f 3206 3183 3207
f 3196 3202 3197
f 3197 3202 3211
f 3183 3182 3207
f 3207 3182 3185
f 1125 3180 1533
f 1533 3180 3198
f 3331 3203 3330
f 3330 3203 3206
f 3376 3379 3385
f 3385 3379 3386
f 3382 3376 3392
f 3392 3376 3385
f 3412 3415 3413
f 3413 3415 3414
f 3417 3396 3415
f 3415 3396 3395
f 3383 3386 3426
f 3426 3386 3425
f 3413 3414 3432
f 3432 3414 3430
f 3437 3396 3435
f 3435 3396 3417
f 3329 3382 3330
f 3330 3382 3392
f 3426 3425 3460
f 3460 3425 3458
f 3432 3430 3457
f 3457 3430 3463
f 3457 3463 3456
f 3456 3463 3465
f 3460 3458 3467
f 3467 3458 3466
f 3466 3455 3465
f 3465 3455 3456
f 3202 3437 3211
f 3211 3437 3435
f 3104 3106 3138
f 3138 3106 3139
f 3132 3136 1227
f 1227 3136 1476
f 943 687 600
f 600 687 601
f 596 625 667
f 667 625 1297
f 687 686 601
f 601 686 653
f 1319 784 711
f 711 784 712
f 1811 607 783
f 783 607 712
f 862 921 917
f 917 921 920
f 3478 925 3479
f 3479 925 924
f 2846 926 3478
f 3478 926 925
f 659 662 929
f 929 662 930
f 856 921 857
f 857 921 1204
f 1206 864 1207
f 1207 864 863
f 2876 1219 2877
f 2877 1219 1218
f 667 1297 593
f 593 1297 1296
f 917 920 1333
f 1333 920 1346
f 686 693 653
f 653 693 930
f 1277 913 1498
f 1498 913 1207
f 592 1536 610
f 610 1536 711
f 864 1206 1805
f 1805 1206 1804
f 1317 1536 1900
f 1900 1536 1809
f 1900 1809 1295
f 1295 1809 1296
f 3479 924 3477
f 3477 924 2824
f 927 926 1203
f 1203 926 2847
f 3484 2859 3032
f 3032 2859 3033
f 3472 2878 1217
f 1217 2878 1218
f 2889 2888 2880
f 2880 2888 2881
f 2886 2883 2887
f 2887 2883 2882
f 929 928 2847
f 2847 928 1203
f 857 1204 2921
f 2921 1204 2926
f 1820 1819 2882
f 2882 1819 2881
f 1821 2883 2876
f 2876 2883 1219
f 782 2889 783
f 783 2889 2880
f 1352 3034 1353
f 1353 3034 3033
f 3031 3034 3041
f 3041 3034 3043
f 944 943 3043
f 3043 943 600
f 1339 3145 1498
f 1498 3145 3143
f 1208 882 3148
f 3148 882 3143
f 2921 2926 3151
f 3151 2926 3156
f 3477 2824 1345
f 1345 2824 1346
f 1805 1804 3154
f 3154 1804 3156
f 886 3103 883
f 883 3103 3482
f 841 1248 3485
f 3485 1248 3121
f 2811 2819 2812
f 2812 2819 2816
f 2818 2815 2817
f 2817 2815 2806
f 2817 2816 2818
f 2818 2816 2819
f 2793 2795 2819
f 2819 2795 2818
f 243 352 2793
f 2793 352 2795
f 242 353 243
f 243 353 352
f 359 191 242
f 242 191 353
f 247 192 359
f 359 192 191
f 157 193 247
f 247 193 192
f 156 194 157
f 157 194 193
f 378 261 156
f 156 261 194
f 378 381 261
f 261 381 195
f 195 381 196
f 196 381 376
f 196 376 198
f 198 376 375
f 375 1776 198
f 198 1776 197
f 1776 1767 197
f 197 1767 274
f 181 274 199
f 199 274 1767
f 568 566 564
f 564 566 563
f 568 569 566
f 566 569 567
f 501 1773 1771
f 1771 1773 578
f 547 579 1773
f 1773 579 578
f 3486 470 474
f 474 470 469
f 450 582 3487
f 3487 582 3488
f 582 583 3488
f 3488 583 3489
f 583 584 3489
f 3489 584 3490
f 3490 584 3491
f 3491 584 543
f 470 3486 466
f 466 3486 467
f 3489 3490 503
f 503 3490 504
f 503 3492 3489
f 3489 3492 3488
f 3492 503 3493
f 3493 503 502
f 3495 3492 3494
f 3494 3492 3493
f 3487 3488 3495
f 3495 3488 3492
f 468 1774 465
f 465 1774 570
f 3494 3493 1775
f 1775 3493 1771
f 3490 3491 504
f 504 3491 1772
f 3491 543 1772
f 1772 543 548
f 450 3487 474
f 474 3487 3486
f 3495 467 3487
f 3487 467 3486
f 3494 468 3495
f 3495 468 467
f 468 3494 1774
f 1774 3494 1775
f 501 1771 502
f 502 1771 3493
f 527 366 384
f 384 366 365
f 522 524 527
f 527 524 366
f 521 534 522
f 522 534 524
f 530 535 521
f 521 535 534
f 508 486 513
f 513 486 532
f 513 532 541
f 541 532 535
f 667 668 596
f 596 668 597
f 1294 1297 624
f 624 1297 625
f 603 641 604
f 604 641 640
f 1290 1293 650
f 650 1293 651
f 1758 691 660
f 660 691 661
f 602 671 599
f 599 671 670
f 654 662 690
f 690 662 661
f 2856 598 695
f 695 598 597
f 602 654 671
f 671 654 690
f 604 640 676
f 676 640 704
f 1826 1829 708
f 708 1829 709
f 1288 1284 740
f 740 1284 741
f 755 754 758
f 758 754 759
f 2853 2856 932
f 932 2856 695
f 689 691 1192
f 1192 691 1193
f 784 1319 1240
f 1240 1319 1241
f 1813 1816 1244
f 1244 1816 1245
f 754 1288 759
f 759 1288 740
f 1894 1242 1318
f 1318 1242 1241
f 2867 1348 1418
f 1418 1348 1347
f 676 704 673
f 673 704 1347
f 1284 1287 741
f 741 1287 1419
f 1421 1426 1422
f 1422 1426 1425
f 1758 660 615
f 615 660 616
f 1192 1191 1421
f 1421 1191 1426
f 2962 1839 1504
f 1504 1839 1505
f 941 1194 1759
f 1759 1194 1193
f 1287 1537 1419
f 1419 1537 1760
f 1882 2893 1823
f 1823 2893 1824
f 1886 1891 1827
f 1827 1891 1828
f 1887 1886 1834
f 1834 1886 1827
f 1841 716 1838
f 1838 716 1505
f 782 784 1850
f 1850 784 1240
f 1239 1242 1863
f 1863 1242 1864
f 1242 1894 1864
f 1864 1894 1873
f 1822 1239 1823
f 1823 1239 1863
f 1318 1317 1895
f 1895 1317 1900
f 1894 1896 1873
f 1873 1896 1897
f 1291 1896 1292
f 1292 1896 1895
f 605 1898 606
f 606 1898 1897
f 1258 1257 2854
f 2854 1257 2855
f 1257 1351 2855
f 2855 1351 2857
f 1351 1353 2857
f 2857 1353 2858
f 1353 3033 2858
f 2858 3033 2859
f 2860 2861 3036
f 3036 2861 3037
f 2862 2863 2870
f 2870 2863 3039
f 2870 2869 2862
f 2862 2869 2864
f 2868 2865 2869
f 2869 2865 2864
f 1764 2866 2868
f 2868 2866 2865
f 1537 1199 1760
f 1760 1199 1348
f 615 2884 1758
f 1758 2884 1759
f 1825 1246 2890
f 2890 1246 1245
f 2893 2892 1824
f 1824 2892 2891
f 761 2960 758
f 758 2960 2906
f 3000 2943 2940
f 2940 2943 2941
f 2968 710 2950
f 2950 710 709
f 1764 1423 2866
f 2866 1423 2953
f 1423 645 2953
f 2953 645 2954
f 645 644 2954
f 2954 644 2955
f 644 738 2955
f 2955 738 2956
f 738 764 2956
f 2956 764 2957
f 764 763 2957
f 2957 763 2958
f 763 2908 2958
f 2958 2908 2959
f 2908 1436 2959
f 2959 1436 2961
f 1837 2964 1435
f 1435 2964 2963
f 1837 2937 2964
f 2964 2937 2965
f 2936 2968 2966
f 2966 2968 2950
f 1840 2942 1838
f 1838 2942 2941
f 2939 2949 2940
f 2940 2949 3006
f 2939 2942 2966
f 2966 2942 2965
f 1822 1825 1850
f 1850 1825 2890
f 1891 3005 1828
f 1828 3005 3006
f 3035 3038 3045
f 3045 3038 3042
f 3045 3044 3035
f 3035 3044 3040
f 669 1422 3045
f 3045 1422 3044
f 599 670 3041
f 3041 670 3042
f 931 3067 932
f 932 3067 3065
f 2853 3066 2854
f 2854 3066 3076
f 3067 3496 3065
f 3065 3496 3497
f 3066 3498 3076
f 3076 3498 3499
f 707 1813 708
f 708 1813 1244
f 2960 2962 2906
f 2906 2962 1504
f 2892 1887 2891
f 2891 1887 1834
f 1839 2962 2963
f 2963 2962 2961
f 595 626 596
f 596 626 625
f 623 626 3484
f 3484 626 2859
f 1291 1290 606
f 606 1290 603
f 1290 650 603
f 603 650 641
f 641 650 642
f 642 650 649
f 2860 2863 649
f 649 2863 642
f 3036 3039 2860
f 2860 3039 2863
f 3035 3040 3036
f 3036 3040 3039
f 1294 1293 1295
f 1295 1293 1292
f 624 651 1294
f 1294 651 1293
f 623 652 624
f 624 652 651
f 3484 2861 623
f 623 2861 652
f 3032 3037 3484
f 3484 3037 2861
f 3031 3038 3032
f 3032 3038 3037
f 3481 2848 2884
f 2884 2848 942
f 2846 617 1427
f 1427 617 616
f 3049 3167 3048
f 3048 3167 3500
f 1906 3048 3070
f 3070 3048 3500
f 1337 1768 3501
f 3501 1768 3502
f 3020 3503 3021
f 3021 3503 3024
f 2914 3023 3020
f 3020 3023 3503
f 859 1770 860
f 860 1770 3504
f 1336 3505 1768
f 1768 3505 3502
f 3065 3497 3066
f 3066 3497 3498
f 2814 3075 3067
f 3067 3075 3496
f 2839 3174 766
f 766 3174 3017
f 1337 3501 1338
f 1338 3501 1769
f 767 3018 3026
f 3026 3018 3506
f 3076 3499 3064
f 3064 3499 3507
f 727 730 3483
f 3483 730 3030
f 3064 3507 2871
f 2871 3507 3077
f 3100 3160 1786
f 1786 3160 1784
f 3026 3506 752
f 752 3506 3015
f 860 3504 2923
f 2923 3504 3508
f 753 3016 3027
f 3027 3016 3509
f 3027 3509 3008
f 3008 3509 3028
f 1782 1785 1783
f 1783 1785 3022
f 2923 3508 3153
f 3153 3508 3161
f 3148 3149 1208
f 1208 3149 3150
f 1335 1328 3510
f 3510 1328 1327
f 1336 1335 3505
f 3505 1335 3510
f 866 3511 1340
f 1340 3511 3146
f 865 1808 866
f 866 1808 3511
f 842 841 3159
f 3159 841 3485
f 2849 3512 1329
f 1329 3512 1326
f 1202 1331 2849
f 2849 1331 3512
f 3514 3515 3513
f 3513 3515 3516
f 3518 3516 3517
f 3517 3516 3515
f 3519 3520 3514
f 3514 3520 3515
f 3522 3523 3521
f 3521 3523 3524
f 3526 3527 3525
f 3525 3527 3528
f 3530 3531 3529
f 3529 3531 3532
f 3534 3535 3533
f 3533 3535 3536
f 3529 3532 3537
f 3537 3532 3538
f 3537 3539 3529
f 3529 3539 3540
f 3542 3543 3541
f 3541 3543 3544
f 3546 3547 3545
f 3545 3547 3548
f 3550 3534 3549
f 3549 3534 3533
f 3550 3543 3551
f 3551 3543 3552
f 3537 3545 3539
f 3539 3545 3548
f 3553 3554 3556
f 3556 3554 3555
f 3537 3557 3545
f 3545 3557 3546
f 3558 3559 3561
f 3561 3559 3560
f 3563 3564 3562
f 3562 3564 3565
f 3564 3563 3566
f 3566 3563 3567
f 3569 3570 3568
f 3568 3570 3571
f 3573 3574 3572
f 3572 3574 3575
f 3577 3578 3576
f 3576 3578 3579
f 3581 3582 3580
f 3580 3582 3583
f 3585 3586 3584
f 3584 3586 3579
f 3586 3587 3579
f 3579 3587 3576
f 3589 3590 3588
f 3588 3590 3591
f 3592 3593 3595
f 3595 3593 3594
f 3597 3598 3596
f 3596 3598 3595
f 3583 3600 3599
f 3599 3600 3601
f 3603 3599 3602
f 3602 3599 3601
f 3605 3606 3604
f 3604 3606 3607
f 3608 3555 3596
f 3596 3555 3554
f 3597 3610 3609
f 3609 3610 3565
f 3564 3611 3565
f 3565 3611 3609
f 3611 3564 3612
f 3612 3564 3566
f 3613 3614 3569
f 3569 3614 3570
f 3615 3616 3573
f 3573 3616 3574
f 3517 3617 3518
f 3518 3617 3618
f 3620 3621 3619
f 3619 3621 3622
f 3624 3625 3623
f 3623 3625 3626
f 3628 3629 3627
f 3627 3629 3630
f 3632 3633 3631
f 3631 3633 3634
f 3636 3637 3635
f 3635 3637 3638
f 3640 3641 3639
f 3639 3641 3642
f 3643 3644 3639
f 3639 3644 3640
f 3646 3513 3645
f 3645 3513 3647
f 3648 3514 3646
f 3646 3514 3513
f 3649 3519 3648
f 3648 3519 3514
f 3650 3651 3527
f 3527 3651 3652
f 3654 3651 3653
f 3653 3651 3650
f 3568 3571 3655
f 3655 3571 3656
f 3657 3658 3653
f 3653 3658 3659
f 3661 3662 3660
f 3660 3662 3658
f 3664 3665 3663
f 3663 3665 3666
f 3667 3657 3650
f 3650 3657 3653
f 3669 3523 3668
f 3668 3523 3670
f 3672 3673 3671
f 3671 3673 3674
f 3676 3677 3675
f 3675 3677 3678
f 3671 3674 3676
f 3676 3674 3677
f 3680 3681 3679
f 3679 3681 3682
f 3683 3684 3680
f 3680 3684 3681
f 3685 3686 3661
f 3661 3686 3662
f 3686 3687 3662
f 3662 3687 3688
f 3684 3683 3689
f 3689 3683 3690
f 3692 3693 3691
f 3691 3693 3694
f 3691 3694 3695
f 3695 3694 3696
f 3698 3699 3697
f 3697 3699 3700
f 3702 3703 3701
f 3701 3703 3704
f 3705 3706 3519
f 3519 3706 3520
f 3673 3672 3707
f 3707 3672 3708
f 3709 3710 3682
f 3682 3710 3679
f 3711 3712 3692
f 3692 3712 3693
f 3714 3715 3713
f 3713 3715 3716
f 3718 3700 3717
f 3717 3700 3699
f 3720 3721 3719
f 3719 3721 3722
f 3724 3725 3723
f 3723 3725 3726
f 3727 3728 3730
f 3730 3728 3729
f 3722 3721 3731
f 3731 3721 3732
f 3697 3700 3733
f 3733 3700 3714
f 3733 3714 3734
f 3734 3714 3713
f 3721 3723 3732
f 3732 3723 3735
f 3720 3736 3724
f 3724 3736 3737
f 3700 3718 3714
f 3714 3718 3715
f 3717 3699 3738
f 3738 3699 3739
f 3536 3740 3533
f 3533 3740 3540
f 3742 3743 3741
f 3741 3743 3744
f 3746 3747 3745
f 3745 3747 3748
f 3750 3751 3749
f 3749 3751 3752
f 3627 3632 3628
f 3628 3632 3631
f 3754 3755 3753
f 3753 3755 3626
f 3562 3565 3756
f 3756 3565 3610
f 3527 3652 3528
f 3528 3652 3757
f 3758 3524 3669
f 3669 3524 3523
f 3582 3598 3583
f 3583 3598 3600
f 3759 3670 3522
f 3522 3670 3523
f 3675 3678 3760
f 3760 3678 3761
f 3762 3763 3690
f 3690 3763 3689
f 3765 3766 3764
f 3764 3766 3767
f 3768 3739 3698
f 3698 3739 3699
f 3726 3725 3770
f 3770 3725 3769
f 3645 3647 3771
f 3771 3647 3772
f 3645 3678 3646
f 3646 3678 3677
f 3646 3677 3648
f 3648 3677 3674
f 3673 3649 3674
f 3674 3649 3648
f 3707 3773 3673
f 3673 3773 3649
f 3775 3776 3774
f 3774 3776 3777
f 3779 3526 3778
f 3778 3526 3525
f 3526 3779 3667
f 3667 3779 3780
f 3780 3781 3667
f 3667 3781 3657
f 3672 3679 3708
f 3708 3679 3710
f 3671 3680 3672
f 3672 3680 3679
f 3676 3683 3671
f 3671 3683 3680
f 3675 3690 3676
f 3676 3690 3683
f 3760 3762 3675
f 3675 3762 3690
f 3682 3681 3783
f 3783 3681 3782
f 3689 3784 3684
f 3684 3784 3785
f 3684 3785 3681
f 3681 3785 3782
f 3786 3709 3783
f 3783 3709 3682
f 3784 3689 3787
f 3787 3689 3763
f 3789 3557 3788
f 3788 3557 3790
f 3792 3793 3791
f 3791 3793 3794
f 3616 3615 3795
f 3795 3615 3796
f 3797 3798 3727
f 3727 3798 3728
f 3800 3801 3799
f 3799 3801 3802
f 3803 3578 3592
f 3592 3578 3593
f 3805 3806 3804
f 3804 3806 3807
f 3599 3603 3585
f 3585 3603 3586
f 3587 3586 3604
f 3604 3586 3603
f 3588 3591 3794
f 3794 3591 3791
f 3581 3803 3582
f 3582 3803 3592
f 3594 3561 3608
f 3608 3561 3790
f 3662 3688 3808
f 3808 3688 3809
f 3665 3664 3810
f 3810 3664 3811
f 3719 3812 3720
f 3720 3812 3736
f 3717 3813 3718
f 3718 3813 3737
f 3723 3721 3724
f 3724 3721 3720
f 3813 3717 3814
f 3814 3717 3738
f 3815 3816 303
f 303 3816 304
f 3818 3819 3817
f 3817 3819 3820
f 3578 3803 3579
f 3579 3803 3584
f 3558 3593 3577
f 3577 3593 3578
f 3822 3823 3821
f 3821 3823 3824
f 3546 3826 3825
f 3825 3826 3827
f 3828 3829 3547
f 3547 3829 3541
f 3831 3542 3830
f 3830 3542 3832
f 3834 3822 3833
f 3833 3822 3821
f 3835 3836 3827
f 3827 3836 3825
f 3800 3799 3828
f 3828 3799 3829
f 3830 3832 3837
f 3837 3832 3838
f 331 330 3551
f 3551 330 3839
f 3831 333 3552
f 3552 333 332
f 3819 3797 3841
f 3841 3797 3840
f 3513 3516 3647
f 3647 3516 3746
f 337 336 3745
f 3745 336 3772
f 3525 3528 3775
f 3775 3528 3749
f 3610 3597 3554
f 3554 3597 3596
f 3706 3702 3520
f 3520 3702 3701
f 3756 3610 3553
f 3553 3610 3554
f 3757 3750 3528
f 3528 3750 3749
f 3517 3515 3701
f 3701 3515 3520
f 3842 3584 3581
f 3581 3584 3803
f 3525 3775 3778
f 3778 3775 3774
f 3638 3843 3635
f 3635 3843 3618
f 3617 3621 3618
f 3618 3621 3635
f 3617 3517 3704
f 3704 3517 3701
f 3521 3624 3522
f 3522 3624 3623
f 3749 3844 3775
f 3775 3844 3776
f 3846 3847 3845
f 3845 3847 3848
f 3843 3747 3618
f 3618 3747 3518
f 3850 3851 3849
f 3849 3851 3748
f 3853 3854 3852
f 3852 3854 3855
f 3856 3857 3622
f 3622 3857 3619
f 3859 3860 3858
f 3858 3860 3861
f 3862 3844 3752
f 3752 3844 3749
f 3863 3759 3623
f 3623 3759 3522
f 3864 3777 3630
f 3630 3777 3776
f 3713 3865 3734
f 3734 3865 3866
f 3868 3869 3867
f 3867 3869 3870
f 3872 3873 3871
f 3871 3873 3874
f 3876 3877 3875
f 3875 3877 3878
f 3879 3880 3878
f 3878 3880 3881
f 3882 3883 3885
f 3885 3883 3884
f 3780 3886 3781
f 3781 3886 3887
f 3888 3685 3869
f 3869 3685 3661
f 3880 3879 3883
f 3883 3879 3884
f 3693 3783 3694
f 3694 3783 3782
f 3696 3785 3764
f 3764 3785 3784
f 3694 3782 3696
f 3696 3782 3785
f 3693 3786 3783
f 3787 3765 3784
f 3784 3765 3764
f 386 385 3765
f 3765 385 3766
f 3695 3889 3691
f 3691 3889 3890
f 3691 3890 3692
f 3692 3890 3891
f 3892 3711 3891
f 3891 3711 3692
f 3767 3893 3695
f 3695 3893 3889
f 3766 3894 3767
f 3767 3894 3893
f 3882 3885 3895
f 3895 3885 3896
f 3898 3698 3897
f 3897 3698 3697
f 3897 3697 3899
f 3899 3697 3733
f 3899 3733 3900
f 3900 3733 3734
f 3901 3768 3898
f 3898 3768 3698
f 3901 3902 3768
f 3768 3902 3903
f 3904 3905 3907
f 3907 3905 3906
f 3869 3661 3870
f 3870 3661 3660
f 3908 3909 3896
f 3896 3909 3895
f 3909 3758 3895
f 3895 3758 3669
f 3751 3531 3752
f 3752 3531 3848
f 3858 3536 3854
f 3854 3536 3535
f 3652 3562 3757
f 3757 3562 3756
f 3651 3654 3563
f 3563 3654 3567
f 3655 3656 3808
f 3808 3656 3659
f 3530 3740 3845
f 3845 3740 3861
f 3751 3750 3556
f 3556 3750 3553
f 3817 3820 3796
f 3796 3820 3795
f 410 409 3910
f 3910 409 3855
f 3750 3757 3553
f 3553 3757 3756
f 3908 3886 3909
f 3909 3886 3780
f 409 411 3855
f 3855 411 3851
f 413 412 3760
f 3760 412 3762
f 415 414 3763
f 3763 414 3787
f 3790 3557 3538
f 3538 3557 3537
f 3555 3608 3538
f 3538 3608 3790
f 3574 3911 3575
f 3575 3911 3912
f 3535 3534 3910
f 3910 3534 3839
f 3831 3552 3542
f 3542 3552 3543
f 3534 3550 3839
f 3839 3550 3551
f 3543 3550 3544
f 3544 3550 3549
f 3913 3914 3916
f 3916 3914 3915
f 3806 3805 3589
f 3589 3805 3590
f 3849 3843 3917
f 3917 3843 3638
f 3853 3644 3859
f 3859 3644 3742
f 3747 3746 3518
f 3518 3746 3516
f 3695 3696 3767
f 3767 3696 3764
f 3903 3918 3768
f 3768 3918 3739
f 3738 3739 3816
f 3816 3739 3918
f 3919 3920 3769
f 3769 3920 3770
f 3921 3726 3922
f 3922 3726 3770
f 3678 3645 3761
f 3761 3645 3771
f 3924 3913 3923
f 3923 3913 3916
f 3802 3925 3838
f 3838 3925 3837
f 3577 3926 3558
f 3558 3926 3559
f 3815 3919 3814
f 3814 3919 3769
f 3927 3928 3822
f 3822 3928 3823
f 3829 3832 3541
f 3541 3832 3542
f 3834 3927 3822
f 3832 3829 3838
f 3838 3829 3799
f 3745 3772 3746
f 3746 3772 3647
f 3849 3748 3843
f 3843 3748 3747
f 3854 3853 3858
f 3858 3853 3859
f 3854 3535 3855
f 3855 3535 3910
f 3557 3789 3546
f 3546 3789 3826
f 3923 3823 3924
f 3924 3823 3928
f 3823 3923 3929
f 3929 3923 3930
f 3531 3751 3532
f 3532 3751 3556
f 3532 3556 3538
f 3538 3556 3555
f 3932 3634 3931
f 3931 3634 3633
f 3814 3769 3813
f 3813 3769 3725
f 3620 3636 3621
f 3621 3636 3635
f 3847 3862 3848
f 3848 3862 3752
f 3531 3530 3848
f 3848 3530 3845
f 3933 3934 3830
f 3830 3934 3831
f 3925 3933 3837
f 3837 3933 3830
f 3934 440 3831
f 3831 440 333
f 3925 3802 3833
f 3833 3802 3801
f 3776 3844 3630
f 3630 3844 3627
f 3808 3659 3662
f 3662 3659 3658
f 3667 3650 3526
f 3526 3650 3527
f 3935 3666 3936
f 3936 3666 3665
f 3718 3737 3715
f 3715 3737 3736
f 3663 3809 3664
f 3664 3809 3688
f 3807 3806 3938
f 3938 3806 3937
f 445 413 3761
f 3761 413 3760
f 3902 447 3903
f 3903 447 446
f 3897 3890 3898
f 3898 3890 3889
f 3899 3891 3897
f 3897 3891 3890
f 3898 3889 3901
f 3901 3889 3893
f 3893 3894 3901
f 3901 3894 3902
f 414 386 3787
f 3787 386 3765
f 3940 3941 3939
f 3939 3941 3942
f 3840 3797 3943
f 3943 3797 3727
f 3665 3810 3936
f 3936 3810 3944
f 3921 3735 3726
f 3726 3735 3723
f 3920 3945 3770
f 3770 3945 3922
f 3521 3524 3774
f 3774 3524 3778
f 3864 3946 3625
f 3625 3946 3947
f 3773 3705 3649
f 3649 3705 3519
f 3779 3778 3758
f 3758 3778 3524
f 3812 3716 3736
f 3736 3716 3715
f 3624 3521 3777
f 3777 3521 3774
f 3703 3856 3704
f 3704 3856 3622
f 3900 3892 3899
f 3899 3892 3891
f 3641 3917 3642
f 3642 3917 3948
f 3895 3669 3882
f 3882 3669 3668
f 3855 3851 3852
f 3852 3851 3850
f 3894 458 3902
f 3902 458 447
f 3781 3887 3660
f 3660 3887 3870
f 3570 3566 3571
f 3571 3566 3567
f 3950 3576 3949
f 3949 3576 3587
f 3605 3602 3614
f 3614 3602 3612
f 3614 3612 3570
f 3570 3612 3566
f 3571 3567 3656
f 3656 3567 3654
f 3660 3658 3781
f 3781 3658 3657
f 3604 3607 3587
f 3587 3607 3949
f 3653 3659 3654
f 3654 3659 3656
f 3529 3540 3530
f 3530 3540 3740
f 3687 3811 3688
f 3688 3811 3664
f 3813 3725 3737
f 3737 3725 3724
f 3919 3815 461
f 461 3815 303
f 3818 3798 3819
f 3819 3798 3797
f 3819 3841 3820
f 3820 3841 3951
f 3816 3815 3738
f 3738 3815 3814
f 3540 3539 3533
f 3533 3539 3549
f 3548 3547 3544
f 3544 3547 3541
f 3539 3548 3549
f 3549 3548 3544
f 3741 3931 3860
f 3860 3931 3846
f 3801 3800 3835
f 3835 3800 3836
f 3934 3933 3824
f 3824 3933 3821
f 3825 3828 3546
f 3546 3828 3547
f 3833 3821 3925
f 3925 3821 3933
f 3800 3828 3836
f 3836 3828 3825
f 3824 3952 3934
f 3934 3952 440
f 3860 3846 3861
f 3861 3846 3845
f 3629 3946 3630
f 3630 3946 3864
f 3740 3536 3861
f 3861 3536 3858
f 3833 3801 3834
f 3834 3801 3835
f 3583 3599 3580
f 3580 3599 3585
f 3651 3563 3652
f 3652 3563 3562
f 3758 3909 3779
f 3779 3909 3780
f 3621 3617 3622
f 3622 3617 3704
f 3625 3947 3626
f 3626 3947 3753
f 3633 3632 3847
f 3847 3632 3862
f 3852 3850 3640
f 3640 3850 3641
f 3644 3853 3640
f 3640 3853 3852
f 3859 3742 3860
f 3860 3742 3741
f 3632 3627 3862
f 3862 3627 3844
f 3755 3863 3626
f 3626 3863 3623
f 3917 3638 3948
f 3948 3638 3637
f 3644 3643 3742
f 3742 3643 3743
f 3931 3633 3846
f 3846 3633 3847
f 3625 3624 3864
f 3864 3624 3777
f 3917 3641 3849
f 3849 3641 3850
f 3744 3932 3741
f 3741 3932 3931
f 3903 446 3918
f 3918 446 464
f 3953 3954 3956
f 3956 3954 3955
f 3958 3959 3957
f 3957 3959 3960
f 3876 3958 3877
f 3877 3958 3957
f 3877 3957 3961
f 3961 3957 3962
f 3963 3964 3958
f 3958 3964 3959
f 3965 3966 3876
f 3876 3966 3958
f 3966 3963 3958
f 3966 3967 3963
f 3963 3967 3968
f 3878 3877 3879
f 3879 3877 3961
f 3967 3969 3968
f 3968 3969 3970
f 3969 3971 3970
f 3970 3971 3972
f 3974 3904 3973
f 3973 3904 3907
f 3971 3975 3972
f 3972 3975 3976
f 3976 3975 3978
f 3978 3975 3977
f 3979 3980 3977
f 3977 3980 3978
f 3981 3982 3979
f 3979 3982 3980
f 3983 3984 3981
f 3981 3984 3982
f 3972 3985 3970
f 3970 3985 3986
f 3871 3987 3969
f 3969 3987 3971
f 3872 3871 3967
f 3967 3871 3969
f 3965 3872 3966
f 3966 3872 3967
f 3970 3986 3968
f 3968 3986 3988
f 3879 3961 3884
f 3884 3961 3940
f 3884 3940 3885
f 3885 3940 3939
f 3989 3990 3992
f 3992 3990 3991
f 3942 3993 3995
f 3995 3993 3994
f 3994 3996 3995
f 3995 3996 3974
f 3997 3998 3994
f 3994 3998 3996
f 3999 3997 3993
f 3993 3997 3994
f 4001 3996 4000
f 4000 3996 3998
f 4000 3998 4002
f 4002 3998 4003
f 4004 4003 3997
f 3997 4003 3998
f 3997 3999 4004
f 4004 3999 4005
f 4006 3995 3973
f 3973 3995 3974
f 3939 3942 4006
f 4006 3942 3995
f 3906 3887 3907
f 3907 3887 3886
f 3887 3906 3870
f 3870 3906 3867
f 3908 3973 3886
f 3886 3973 3907
f 3865 4007 3866
f 3866 4007 4008
f 3984 3983 4009
f 4009 3983 4010
f 3961 3962 3940
f 3940 3962 3941
f 4012 3868 4011
f 4011 3868 3867
f 4013 3975 3987
f 3987 3975 3971
f 4014 3977 4013
f 4013 3977 3975
f 4015 4010 4007
f 4007 4010 3983
f 4007 3983 4008
f 4008 3983 3981
f 4008 3981 4016
f 4016 3981 3979
f 4017 3984 4018
f 4018 3984 4009
f 3977 4014 3979
f 3979 4014 4016
f 3982 3984 4019
f 4019 3984 4017
f 4021 4022 4020
f 4020 4022 4023
f 4022 4012 4023
f 4023 4012 4011
f 4023 3904 4020
f 4020 3904 3974
f 4024 4025 4018
f 4018 4025 4017
f 4026 4027 4024
f 4024 4027 4025
f 4028 4026 4029
f 4029 4026 4024
f 4018 4021 4024
f 4024 4021 4029
f 4030 4031 4026
f 4026 4031 4027
f 4032 4030 4028
f 4028 4030 4026
f 4029 4001 4028
f 4028 4001 4000
f 4028 4000 4032
f 4032 4000 4002
f 4034 4035 4033
f 4033 4035 4036
f 4037 4038 4019
f 4019 4038 4039
f 4041 4039 4040
f 4040 4039 4038
f 4040 4038 4042
f 4042 4038 4036
f 4042 4036 4043
f 4043 4036 4035
f 3985 4044 4046
f 4046 4044 4045
f 4047 4048 4045
f 4045 4048 4046
f 4047 4049 4048
f 4048 4049 4050
f 4042 4047 4040
f 4040 4047 4045
f 4043 4049 4042
f 4042 4049 4047
f 4040 4045 4041
f 4041 4045 4044
f 4052 3959 4051
f 4051 3959 3964
f 4053 4054 4051
f 4051 4054 4055
f 3956 3960 4052
f 4052 3960 3959
f 3953 3956 4056
f 4056 3956 4052
f 4058 3953 4057
f 4057 3953 4056
f 4060 4061 4059
f 4059 4061 4062
f 4063 4064 4054
f 4054 4064 4057
f 4054 4053 4063
f 4063 4053 4065
f 4066 4067 4069
f 4069 4067 4068
f 4048 4050 4063
f 4063 4050 4064
f 4063 4065 4048
f 4048 4065 4046
f 3985 4046 3986
f 3986 4046 4065
f 3986 4065 3988
f 3988 4065 4053
f 3988 4053 3964
f 3964 4053 4051
f 3976 3978 4044
f 4044 3978 4041
f 3980 3982 4039
f 4039 3982 4019
f 4039 4041 3980
f 3980 4041 3978
f 3973 3908 4006
f 4006 3908 3896
f 3885 3939 3896
f 3896 3939 4006
f 4031 4034 4027
f 4027 4034 4033
f 4027 4033 4025
f 4025 4033 4037
f 4019 4017 4037
f 4037 4017 4025
f 3993 3942 4070
f 4070 3942 3941
f 3999 3993 4071
f 4071 3993 4070
f 3999 4071 4005
f 4005 4071 4072
f 4073 4074 4076
f 4076 4074 4075
f 4078 4079 4077
f 4077 4079 4080
f 4082 4080 4081
f 4081 4080 4079
f 4084 4085 4083
f 4083 4085 4086
f 4087 4088 4090
f 4090 4088 4089
f 4092 4093 4091
f 4091 4093 4094
f 4096 4097 4095
f 4095 4097 4098
f 4100 4101 4099
f 4099 4101 4102
f 4103 4104 4106
f 4106 4104 4105
f 4108 4109 4107
f 4107 4109 4110
f 4112 4113 4111
f 4111 4113 4114
f 4116 4117 4115
f 4115 4117 4118
f 4120 4121 4119
f 4119 4121 4122
f 4123 4124 4126
f 4126 4124 4125
f 4127 4128 4130
f 4130 4128 4129
f 4132 4133 4131
f 4131 4133 4134
f 4136 4108 4135
f 4135 4108 4107
f 4138 4139 4137
f 4137 4139 4140
f 4141 4142 4088
f 4088 4142 4089
f 4144 4145 4143
f 4143 4145 4146
f 4148 4149 4147
f 4147 4149 4150
f 4152 4153 4151
f 4151 4153 4154
f 4156 4082 4155
f 4155 4082 4081
f 4157 4158 4160
f 4160 4158 4159
f 4161 4162 4164
f 4164 4162 4163
f 4166 4122 4165
f 4165 4122 4121
f 4168 4152 4167
f 4167 4152 4151
f 4169 4170 4172
f 4172 4170 4171
f 4174 4175 4173
f 4173 4175 4176
f 4178 4149 4177
f 4177 4149 4179
f 4173 4176 4180
f 4180 4176 4181
f 4156 4085 4182
f 4182 4085 4183
f 4182 4184 4156
f 4156 4184 4082
f 4185 4186 4184
f 4184 4186 4187
f 4186 4188 4187
f 4187 4188 4189
f 4190 4191 4073
f 4073 4191 4074
f 4177 4179 4158
f 4158 4179 4159
f 4193 4127 4192
f 4192 4127 4130
f 4144 4194 4151
f 4151 4194 4167
f 4196 4197 4195
f 4195 4197 4198
f 4095 4199 4096
f 4096 4199 4200
f 4201 4202 4204
f 4204 4202 4203
f 4205 4206 4208
f 4208 4206 4207
f 4121 4120 4209
f 4209 4120 4210
f 4212 4213 4211
f 4211 4213 4214
f 4216 4217 4215
f 4215 4217 4218
f 4220 4221 4219
f 4219 4221 4222
f 4224 4196 4223
f 4223 4196 4195
f 4225 4226 4134
f 4134 4226 4131
f 4228 4229 4227
f 4227 4229 4230
f 4232 4233 4231
f 4231 4233 4098
f 4235 4236 4234
f 4234 4236 4237
f 4239 4240 4238
f 4238 4240 4241
f 4242 4243 4245
f 4245 4243 4244
f 4246 4247 4249
f 4249 4247 4248
f 4251 4252 4250
f 4250 4252 4253
f 4255 4256 4254
f 4254 4256 4257
f 4259 4260 4258
f 4258 4260 4261
f 4263 4264 4262
f 4262 4264 4265
f 4267 4268 4266
f 4266 4268 4269
f 4271 4199 4270
f 4270 4199 4272
f 4273 4274 4276
f 4276 4274 4275
f 4115 4118 4277
f 4277 4118 4278
f 4280 4281 4279
f 4279 4281 4282
f 4211 4283 4212
f 4212 4283 4284
f 4286 4287 4285
f 4285 4287 4288
f 4165 4121 4289
f 4289 4121 4209
f 4291 4286 4290
f 4290 4286 4285
f 4293 4294 4292
f 4292 4294 4295
f 4297 4298 4296
f 4296 4298 4299
f 4301 4302 4300
f 4300 4302 4303
f 4299 4304 4296
f 4296 4304 4305
f 4306 4292 4307
f 4307 4292 4295
f 4307 4308 4306
f 4306 4308 4309
f 4310 4309 4075
f 4075 4309 4308
f 4299 4298 4312
f 4312 4298 4311
f 4302 4301 4293
f 4293 4301 4294
f 3735 3921 4313
f 4313 3921 4314
f 4315 4314 3922
f 3922 4314 3921
f 4316 3945 829
f 829 3945 830
f 4289 4317 4165
f 4165 4317 4318
f 4320 4321 4319
f 4319 4321 4322
f 4324 4325 4323
f 4323 4325 4326
f 4327 4328 4330
f 4330 4328 4329
f 4290 4331 4291
f 4291 4331 4332
f 4165 4318 4166
f 4166 4318 4333
f 4334 4335 4337
f 4337 4335 4336
f 4339 4340 4338
f 4338 4340 4341
f 4168 4343 4342
f 4342 4343 4344
f 4346 4347 4345
f 4345 4347 4348
f 4350 4351 4349
f 4349 4351 4352
f 4354 4355 4353
f 4353 4355 4356
f 4357 4358 4324
f 4324 4358 4325
f 4337 4359 4334
f 4334 4359 4360
f 4362 4363 4361
f 4361 4363 4364
f 4366 4367 4365
f 4365 4367 4368
f 4369 4370 4372
f 4372 4370 4371
f 4331 4290 4374
f 4374 4290 4373
f 4373 4376 4375
f 4375 4376 4377
f 4379 4380 4378
f 4378 4380 4381
f 4217 4382 4218
f 4218 4382 4383
f 4385 4386 4384
f 4384 4386 4387
f 4388 4389 4338
f 4338 4389 4390
f 4337 4336 4392
f 4392 4336 4391
f 4394 4362 4393
f 4393 4362 4361
f 4396 4397 4395
f 4395 4397 4398
f 4400 4401 4399
f 4399 4401 4402
f 4345 4403 4346
f 4346 4403 4404
f 4405 4406 4342
f 4342 4406 4407
f 4409 4410 4408
f 4408 4410 4411
f 4408 4412 4409
f 4409 4412 4413
f 4181 4415 4414
f 4414 4415 4416
f 4182 4183 4417
f 4417 4183 4418
f 4419 4353 4311
f 4311 4353 4312
f 4421 4422 4420
f 4420 4422 4423
f 4353 4356 4312
f 4312 4356 4424
f 4166 4333 4425
f 4425 4333 4426
f 4425 4143 4166
f 4166 4143 4122
f 4427 4107 4428
f 4428 4107 4110
f 4429 4430 4174
f 4174 4430 4175
f 4335 4431 4336
f 4336 4431 4390
f 4336 4390 4391
f 4391 4390 4389
f 4432 4433 4435
f 4435 4433 4434
f 4437 4438 4436
f 4436 4438 4439
f 4441 4442 4440
f 4440 4442 4443
f 4359 4444 4361
f 4361 4444 4393
f 4446 4447 4445
f 4445 4447 4448
f 4338 4341 4388
f 4388 4341 4449
f 4450 4451 4398
f 4398 4451 4395
f 4453 4454 4452
f 4452 4454 4455
f 4457 4458 4456
f 4456 4458 4459
f 4460 4461 4448
f 4448 4461 4445
f 4463 4464 4462
f 4462 4464 4465
f 4462 4465 4466
f 4466 4465 4467
f 4468 4469 4467
f 4467 4469 4466
f 4469 4468 4470
f 4470 4468 4471
f 4472 4473 4471
f 4471 4473 4470
f 4475 4476 4474
f 4474 4476 4477
f 4479 4480 4478
f 4478 4480 4481
f 4483 4484 4482
f 4482 4484 4485
f 4487 4488 4486
f 4486 4488 4489
f 4491 4492 4490
f 4490 4492 4493
f 4494 4495 4493
f 4493 4495 4490
f 4496 4497 4494
f 4494 4497 4495
f 4497 4496 4498
f 4498 4496 4499
f 4500 4501 4503
f 4503 4501 4502
f 4505 4506 4504
f 4504 4506 4507
f 4466 4508 4462
f 4462 4508 4509
f 4470 4510 4469
f 4469 4510 4511
f 4513 4479 4512
f 4512 4479 4478
f 4515 4443 4514
f 4514 4443 4442
f 4516 4517 4519
f 4519 4517 4518
f 4521 4495 4520
f 4520 4495 4497
f 4522 4490 4521
f 4521 4490 4495
f 4491 4523 4488
f 4488 4523 4524
f 4525 4489 4524
f 4524 4489 4488
f 4484 4526 4485
f 4485 4526 4527
f 4503 4528 4500
f 4500 4528 4529
f 4530 4531 4533
f 4533 4531 4532
f 4535 4506 4534
f 4534 4506 4530
f 4486 4536 4487
f 4487 4536 4537
f 4487 4537 4492
f 4492 4537 4538
f 4494 4539 4496
f 4496 4539 4540
f 4542 4533 4541
f 4541 4533 4499
f 4544 4545 4543
f 4543 4545 4546
f 4548 4549 4547
f 4547 4549 4550
f 4536 4551 4537
f 4537 4551 4552
f 4537 4552 4538
f 4538 4552 4553
f 4554 4539 4556
f 4556 4539 4555
f 4557 4540 4554
f 4554 4540 4539
f 4559 4557 4558
f 4558 4557 4560
f 4540 4557 4541
f 4541 4557 4559
f 4562 4563 4561
f 4561 4563 4564
f 4546 4565 4543
f 4543 4565 4566
f 4547 4567 4548
f 4548 4567 4568
f 4570 4571 4569
f 4569 4571 4572
f 4574 4575 4573
f 4573 4575 4576
f 4578 4579 4577
f 4577 4579 4580
f 4582 4583 4581
f 4581 4583 4584
f 4585 4586 4588
f 4588 4586 4587
f 4589 4585 4590
f 4590 4585 4588
f 4592 4593 4591
f 4591 4593 4594
f 4596 4597 4595
f 4595 4597 4598
f 4600 4601 4599
f 4599 4601 4602
f 4563 4604 4603
f 4603 4604 4605
f 4603 4606 4608
f 4608 4606 4607
f 4609 4610 4594
f 4594 4610 4591
f 4611 4612 4614
f 4614 4612 4613
f 4616 4617 4615
f 4615 4617 4618
f 4602 4620 4619
f 4619 4620 4621
f 4619 4622 4602
f 4602 4622 4599
f 4605 4599 4623
f 4623 4599 4622
f 4605 4623 4603
f 4603 4623 4606
f 4625 4626 4624
f 4624 4626 4627
f 4438 4437 4628
f 4628 4437 4629
f 4442 4441 4630
f 4630 4441 4631
f 4630 4632 4442
f 4442 4632 4514
f 4633 4634 4529
f 4529 4634 4500
f 4500 4634 4501
f 4501 4634 4635
f 4637 4546 4636
f 4636 4546 4545
f 4639 4565 4638
f 4638 4565 4640
f 4573 4576 4641
f 4641 4576 4642
f 4593 4643 4594
f 4594 4643 4644
f 4645 4609 4644
f 4644 4609 4594
f 4647 4648 4646
f 4646 4648 4649
f 4651 4652 4650
f 4650 4652 4653
f 4654 4498 4519
f 4519 4498 4532
f 4520 4508 4521
f 4521 4508 4511
f 4522 4510 4523
f 4523 4510 4655
f 4524 4656 4525
f 4525 4656 4657
f 4514 4529 4515
f 4515 4529 4528
f 4658 4659 4661
f 4661 4659 4660
f 4496 4540 4499
f 4499 4540 4541
f 4493 4555 4494
f 4494 4555 4539
f 4549 4483 4550
f 4550 4483 4482
f 4545 4544 4501
f 4501 4544 4502
f 4636 4545 4635
f 4635 4545 4501
f 4589 4663 4662
f 4662 4663 4664
f 4662 4665 4558
f 4558 4665 4559
f 4569 4586 4570
f 4570 4586 4560
f 4552 4666 4553
f 4553 4666 4667
f 4668 4669 4670
f 4670 4669 4666
f 4672 4673 4671
f 4671 4673 4674
f 4287 4675 4288
f 4288 4675 4676
f 4678 4679 4677
f 4677 4679 4680
f 4681 4678 4682
f 4682 4678 4677
f 4682 4683 4681
f 4681 4683 4684
f 4161 4164 4685
f 4685 4164 4686
f 4414 4687 4689
f 4689 4687 4688
f 4405 4690 4346
f 4346 4690 4347
f 4691 4399 4693
f 4693 4399 4692
f 1209 4694 4365
f 4365 4694 4366
f 4650 1211 4651
f 4651 1211 1210
f 4695 4696 4255
f 4255 4696 4256
f 4697 4698 4218
f 4218 4698 4215
f 4700 4701 4699
f 4699 4701 4702
f 4703 4704 4303
f 4303 4704 4300
f 4315 3922 4316
f 4316 3922 3945
f 4653 4706 4705
f 4705 4706 4707
f 4709 4710 4708
f 4708 4710 4711
f 4335 4334 4713
f 4713 4334 4712
f 4714 4340 4321
f 4321 4340 4322
f 4716 4717 4715
f 4715 4717 4718
f 4238 4241 4719
f 4719 4241 4720
f 4231 4721 4307
f 4307 4721 4308
f 4723 4724 4722
f 4722 4724 4725
f 4727 4728 4726
f 4726 4728 4729
f 4730 4731 4327
f 4327 4731 4328
f 4733 4734 4732
f 4732 4734 4735
f 4720 4381 4736
f 4736 4381 4737
f 4738 4739 4741
f 4741 4739 4740
f 4743 4744 4742
f 4742 4744 4745
f 4338 4390 4339
f 4339 4390 4431
f 4746 4747 4431
f 4431 4747 4339
f 4291 4332 4289
f 4289 4332 4317
f 4289 4209 4291
f 4291 4209 4286
f 4287 4286 4210
f 4210 4286 4209
f 4749 4750 4748
f 4748 4750 4751
f 4212 4284 4752
f 4752 4284 4753
f 4752 4754 4212
f 4212 4754 4213
f 4252 4251 4225
f 4225 4251 4226
f 4227 4230 4248
f 4248 4230 4249
f 4205 4755 4757
f 4757 4755 4756
f 4708 4711 4758
f 4758 4711 4647
f 4367 4366 4759
f 4759 4366 4760
f 4526 4513 4527
f 4527 4513 4512
f 4420 4423 4385
f 4385 4423 4386
f 4705 4761 4653
f 4653 4761 4650
f 4761 1279 4650
f 4650 1279 1211
f 4762 4763 3944
f 3944 4763 3936
f 4274 4273 4765
f 4765 4273 4764
f 4767 4768 4766
f 4766 4768 4769
f 4770 4771 4769
f 4769 4771 4766
f 4771 4770 4242
f 4242 4770 4243
f 4093 4163 4094
f 4094 4163 4162
f 4772 4773 4775
f 4775 4773 4774
f 4777 4778 4776
f 4776 4778 4779
f 4417 4185 4182
f 4182 4185 4184
f 4780 4078 4781
f 4781 4078 4077
f 4781 4077 4782
f 4782 4077 4189
f 4188 4783 4189
f 4189 4783 4782
f 4295 4232 4307
f 4307 4232 4231
f 4785 4786 4784
f 4784 4786 4787
f 4784 1307 4785
f 4785 1307 1306
f 4078 4780 4096
f 4096 4780 4097
f 4075 4074 4310
f 4310 4074 4788
f 4788 4074 4789
f 4789 4074 4191
f 4789 4191 4059
f 4059 4191 4790
f 4791 4277 4792
f 4792 4277 4278
f 3732 3735 4793
f 4793 3735 4313
f 4793 4794 3732
f 3732 4794 3731
f 4792 4795 4791
f 4791 4795 4796
f 4797 4798 4799
f 4799 4798 4724
f 4763 4800 3936
f 3936 4800 3935
f 4801 4062 3729
f 3729 4062 3730
f 4713 4712 4802
f 4802 4712 4803
f 4146 4804 4119
f 4119 4804 4805
f 4498 4654 4497
f 4497 4654 4520
f 4806 4807 1326
f 1326 4807 1327
f 4689 4688 1330
f 1330 4688 1331
f 4801 4789 4062
f 4062 4789 4059
f 3730 4062 4808
f 4808 4062 4061
f 4810 4811 4809
f 4809 4811 4812
f 4813 4403 4814
f 4814 4403 4345
f 4815 4816 4349
f 4349 4816 4350
f 4817 4818 4820
f 4820 4818 4819
f 4406 4821 4407
f 4407 4821 4822
f 4823 4161 4824
f 4824 4161 4685
f 4181 4414 4825
f 4825 4414 4689
f 4741 4740 4826
f 4826 4740 4827
f 4828 4829 4827
f 4827 4829 4826
f 4142 4141 4415
f 4415 4141 4148
f 4830 1354 4761
f 4761 1354 1279
f 4832 4833 4831
f 4831 4833 4834
f 4835 4836 4626
f 4626 4836 4421
f 4451 4709 4395
f 4395 4709 4708
f 4627 4420 4837
f 4837 4420 4385
f 4837 1365 4838
f 4838 1365 1364
f 4397 4396 4839
f 4839 4396 4840
f 4842 4628 4841
f 4841 4628 4629
f 4671 4674 4631
f 4631 4674 4630
f 4674 4659 4630
f 4630 4659 4632
f 4633 4632 4658
f 4658 4632 4659
f 4658 4504 4633
f 4633 4504 4634
f 4635 4634 4507
f 4507 4634 4504
f 4843 4636 4507
f 4507 4636 4635
f 4844 4637 4843
f 4843 4637 4636
f 4637 4844 4640
f 4640 4844 4664
f 4638 4663 4642
f 4642 4663 4845
f 4847 4643 4846
f 4846 4643 4641
f 4644 4848 4645
f 4645 4848 4849
f 4851 4852 4850
f 4850 4852 4853
f 4855 4856 4854
f 4854 4856 4857
f 4859 4860 4858
f 4858 4860 4857
f 4715 4718 4859
f 4859 4718 4860
f 4862 4863 4861
f 4861 4863 4864
f 4866 4867 4865
f 4865 4867 4868
f 4870 4871 4869
f 4869 4871 4872
f 4869 4872 4116
f 4116 4872 4117
f 4820 4819 4874
f 4874 4819 4873
f 4876 4877 4875
f 4875 4877 4878
f 4880 4881 4879
f 4879 4881 4882
f 4884 4885 4883
f 4883 4885 4886
f 4887 4888 4280
f 4280 4888 4281
f 4818 4817 4889
f 4889 4817 4890
f 4891 4193 4823
f 4823 4193 4192
f 4892 4893 4228
f 4228 4893 4229
f 4158 4157 4894
f 4894 4157 4895
f 4896 4897 4132
f 4132 4897 4133
f 4099 4683 4100
f 4100 4683 4682
f 4101 4100 4899
f 4899 4100 4898
f 4150 4106 4147
f 4147 4106 4900
f 4100 4682 4898
f 4898 4682 4677
f 4080 4082 4187
f 4187 4082 4184
f 4077 4080 4189
f 4189 4080 4187
f 4191 4190 4790
f 4790 4190 4901
f 4177 4158 4680
f 4680 4158 4894
f 4108 4136 4752
f 4752 4136 4754
f 4752 4753 4108
f 4108 4753 4109
f 4817 4902 4890
f 4890 4902 4903
f 4904 4905 4907
f 4907 4905 4906
f 4909 4910 4908
f 4908 4910 4911
f 4913 4914 4912
f 4912 4914 4915
f 4916 4917 4919
f 4919 4917 4918
f 4312 4424 4299
f 4299 4424 4304
f 4920 4921 4297
f 4297 4921 4298
f 4194 4922 4167
f 4167 4922 4923
f 4924 4400 4691
f 4691 4400 4399
f 4395 4708 4396
f 4396 4708 4758
f 4367 4925 4368
f 4368 4925 4926
f 4919 4918 4873
f 4873 4918 4874
f 4836 4927 4421
f 4421 4927 4422
f 4921 4928 4298
f 4298 4928 4311
f 4143 4146 4122
f 4122 4146 4119
f 4929 4930 4455
f 4455 4930 4452
f 4932 4933 4931
f 4931 4933 4934
f 4935 4936 4932
f 4932 4936 4933
f 4461 4460 4457
f 4457 4460 4458
f 4480 4479 4475
f 4475 4479 4476
f 4660 4673 4517
f 4517 4673 4937
f 4661 4505 4658
f 4658 4505 4504
f 4484 4483 4489
f 4489 4483 4486
f 4462 4509 4463
f 4463 4509 4518
f 4469 4511 4466
f 4466 4511 4508
f 4655 4473 4656
f 4656 4473 4477
f 4476 4657 4477
f 4477 4657 4656
f 4479 4513 4476
f 4476 4513 4657
f 4489 4525 4484
f 4484 4525 4526
f 4483 4549 4486
f 4486 4549 4536
f 4549 4548 4536
f 4536 4548 4551
f 4548 4568 4551
f 4551 4568 4670
f 4663 4589 4845
f 4845 4589 4590
f 4668 4577 4938
f 4938 4577 4580
f 4940 4938 4939
f 4939 4938 4941
f 4940 4942 4669
f 4669 4942 4943
f 4587 4582 4944
f 4944 4582 4581
f 4848 4847 4608
f 4608 4847 4564
f 4616 4945 4613
f 4613 4945 4598
f 4615 4946 4616
f 4616 4946 4945
f 4947 4939 4948
f 4948 4939 4946
f 4599 4605 4600
f 4600 4605 4604
f 4608 4607 4848
f 4848 4607 4849
f 4613 4612 4616
f 4616 4612 4617
f 4835 4949 4709
f 4709 4949 4710
f 4357 1477 4837
f 4837 1477 1365
f 4712 4950 4803
f 4803 4950 4951
f 4401 4952 4402
f 4402 4952 4953
f 4759 4760 4402
f 4402 4760 4399
f 4508 4520 4509
f 4509 4520 4654
f 4510 4522 4511
f 4511 4522 4521
f 4513 4526 4657
f 4657 4526 4525
f 4632 4633 4514
f 4514 4633 4529
f 4931 4934 4453
f 4453 4934 4454
f 4153 4954 4154
f 4154 4954 4955
f 4957 4958 4956
f 4956 4958 4959
f 4961 4962 4960
f 4960 4962 4963
f 4120 4964 4210
f 4210 4964 4965
f 4967 4968 4966
f 4966 4968 4969
f 4349 4692 4815
f 4815 4692 4970
f 4652 4971 4653
f 4653 4971 4706
f 4758 4647 4972
f 4972 4647 4646
f 4973 4363 4646
f 4646 4363 4972
f 4950 4360 4974
f 4974 4360 4364
f 4431 4335 4746
f 4746 4335 4713
f 4358 4714 4325
f 4325 4714 4321
f 4765 4764 4266
f 4266 4764 4975
f 4202 4976 4203
f 4203 4976 4977
f 4917 4978 4918
f 4918 4978 4979
f 4279 4282 4854
f 4854 4282 4269
f 4820 4880 4817
f 4817 4880 4902
f 4890 4903 4980
f 4980 4903 4886
f 4982 4983 4981
f 4981 4983 4123
f 4795 4851 4796
f 4796 4851 4850
f 4918 4979 4874
f 4874 4979 4881
f 4809 4404 4810
f 4810 4404 4403
f 4354 4985 4984
f 4984 4985 4986
f 1364 1516 4838
f 4838 1516 4987
f 4759 4988 4367
f 4367 4988 4925
f 4989 4990 4481
f 4481 4990 4478
f 4443 4515 4990
f 4990 4515 4991
f 4527 4512 4992
f 4992 4512 4991
f 4528 4503 4992
f 4992 4503 4993
f 4993 4994 4485
f 4485 4994 4482
f 4544 4995 4502
f 4502 4995 4994
f 4995 4996 4550
f 4550 4996 4547
f 4998 4999 4997
f 4997 4999 4566
f 4998 5000 4578
f 4578 5000 4579
f 5001 5002 4596
f 4596 5002 4597
f 5003 4591 5004
f 5004 4591 4610
f 4626 4421 4627
f 4627 4421 4420
f 4837 4838 4627
f 4627 4838 4624
f 4761 4705 4830
f 4830 4705 5005
f 4705 4707 5005
f 5005 4707 5006
f 4308 4721 4075
f 4075 4721 4076
f 5007 4200 4797
f 4797 4200 4798
f 4685 4686 5008
f 5008 4686 5009
f 4889 4890 5010
f 5010 4890 4980
f 4323 1541 4324
f 4324 1541 1540
f 4385 4384 4358
f 4358 4384 4714
f 4396 4758 4840
f 4840 4758 4972
f 4866 4852 5011
f 5011 4852 5012
f 5013 4260 4980
f 4980 4260 5010
f 4875 4878 5014
f 5014 4878 5015
f 5017 5018 5016
f 5016 5018 5019
f 5016 5019 5020
f 5020 5019 5021
f 5023 5024 5022
f 5022 5024 5025
f 5027 5028 5026
f 5026 5028 5029
f 5031 5032 5030
f 5030 5032 5033
f 5035 5036 5034
f 5034 5036 5037
f 5039 5040 5038
f 5038 5040 5041
f 5043 5044 5042
f 5042 5044 5045
f 5038 5046 5039
f 5039 5046 5047
f 5049 5050 5048
f 5048 5050 5051
f 5053 5054 5052
f 5052 5054 5055
f 5057 5024 5056
f 5056 5024 5058
f 5060 5061 5059
f 5059 5061 5062
f 5064 5065 5063
f 5063 5065 5066
f 5043 5050 5064
f 5064 5050 5065
f 5038 5041 5067
f 5067 5041 5068
f 5070 5071 5069
f 5069 5071 5072
f 5074 5075 5073
f 5073 5075 5076
f 5034 5077 5035
f 5035 5077 5078
f 5080 5081 5079
f 5079 5081 5082
f 5084 5085 5083
f 5083 5085 5086
f 5085 5084 5087
f 5087 5084 5088
f 5090 5091 5089
f 5089 5091 5092
f 5094 5095 5093
f 5093 5095 5096
f 5098 5099 5097
f 5097 5099 5100
f 5102 5103 5101
f 5101 5103 5104
f 5105 5106 5108
f 5108 5106 5107
f 5110 5111 5109
f 5109 5111 5112
f 5114 5094 5113
f 5113 5094 5093
f 5116 5117 5115
f 5115 5117 5118
f 5120 5121 5119
f 5119 5121 5122
f 5124 5125 5123
f 5123 5125 5126
f 5128 5129 5127
f 5127 5129 5130
f 5097 5131 5098
f 5098 5131 5132
f 5134 5135 5133
f 5133 5135 5122
f 5084 5125 5088
f 5088 5125 5136
f 5138 5139 5137
f 5137 5139 5140
f 5142 5102 5141
f 5141 5102 5101
f 5106 5143 5107
f 5107 5143 5144
f 5146 5147 5145
f 5145 5147 5148
f 5149 5150 5109
f 5109 5150 5110
f 5151 5110 5152
f 5152 5110 5150
f 4715 5140 4716
f 4716 5140 5139
f 5143 4870 5144
f 5144 4870 4869
f 4115 5146 4116
f 4116 5146 5145
f 4791 4796 5149
f 5149 4796 5150
f 4796 4850 5150
f 5150 4850 5152
f 4858 5142 4859
f 4859 5142 5141
f 5153 5154 5115
f 5115 5154 5105
f 5156 5157 5155
f 5155 5157 5158
f 5159 5160 5053
f 5053 5160 5054
f 5161 5162 5020
f 5020 5162 5068
f 5026 5029 5163
f 5163 5029 5021
f 5083 5086 5164
f 5164 5086 5165
f 5090 5167 5166
f 5166 5167 5168
f 5169 5170 5172
f 5172 5170 5171
f 5174 5175 5173
f 5173 5175 5176
f 5177 5109 5178
f 5178 5109 5112
f 5179 5180 5182
f 5182 5180 5181
f 5123 5126 5120
f 5120 5126 5121
f 5180 5167 5181
f 5181 5167 5183
f 5184 5185 5179
f 5179 5185 5180
f 5186 5149 5177
f 5177 5149 5109
f 4868 5184 4865
f 4865 5184 5179
f 5188 5189 5187
f 5187 5189 5190
f 4277 4791 5186
f 5186 4791 5149
f 5179 5182 4865
f 4865 5182 4853
f 5189 4862 5190
f 5190 4862 4861
f 5156 5075 5191
f 5191 5075 5192
f 5036 5035 5193
f 5193 5035 5194
f 5115 5118 5153
f 5153 5118 5195
f 5022 5025 5196
f 5196 5025 5197
f 5155 5158 5069
f 5069 5158 5062
f 5063 5066 5198
f 5198 5066 5199
f 5073 5076 5200
f 5200 5076 5072
f 5202 5131 5201
f 5201 5131 5203
f 5143 5106 5204
f 5204 5106 5205
f 5114 5113 5206
f 5206 5113 5127
f 5098 5132 5193
f 5193 5132 5195
f 5204 5207 5143
f 5143 5207 4870
f 5088 5136 5208
f 5208 5136 5092
f 5209 5210 5089
f 5089 5210 5183
f 5211 5018 5060
f 5060 5018 5061
f 5017 5040 5070
f 5070 5040 5071
f 5191 5160 5156
f 5156 5160 5157
f 5048 5028 5049
f 5049 5028 5058
f 5207 5204 4858
f 4858 5204 5142
f 4859 5141 4715
f 4715 5141 5140
f 5212 5162 5042
f 5042 5162 5051
f 5182 5152 4853
f 4853 5152 4850
f 5214 5134 5213
f 5213 5134 5133
f 5164 5165 5133
f 5133 5165 5213
f 5215 5216 5201
f 5201 5216 5217
f 5147 5218 5148
f 5148 5218 5219
f 5147 5177 5218
f 5218 5177 5178
f 5141 5101 5140
f 5140 5101 5137
f 5201 5217 5202
f 5202 5217 5104
f 5146 5186 5147
f 5147 5186 5177
f 4277 5186 4115
f 4115 5186 5146
f 5191 5192 5031
f 5031 5192 5032
f 5052 5055 5220
f 5220 5055 5197
f 4116 5145 4869
f 4869 5145 5144
f 5034 5037 5214
f 5214 5037 5134
f 5097 5100 5114
f 5114 5100 5094
f 5108 5107 5219
f 5219 5107 5148
f 5221 5135 5116
f 5116 5135 5117
f 5124 5111 5209
f 5209 5111 5210
f 5107 5144 5148
f 5148 5144 5145
f 5152 5182 5151
f 5151 5182 5181
f 5208 5222 5088
f 5088 5222 5087
f 5222 5208 5171
f 5171 5208 5172
f 5223 1756 4698
f 4698 1756 1755
f 4427 5224 4107
f 4107 5224 4135
f 4178 4679 5225
f 5225 4679 5226
f 5227 5228 4892
f 4892 5228 4893
f 5229 5230 4171
f 4171 5230 4172
f 4855 4268 4884
f 4884 4268 4885
f 4884 4871 4855
f 4855 4871 4856
f 4684 5231 4896
f 4896 5231 4897
f 4768 4767 5009
f 5009 4767 5008
f 5205 5154 5102
f 5102 5154 5103
f 5099 5098 5194
f 5194 5098 5193
f 5198 5199 5079
f 5079 5199 5033
f 5102 5142 5205
f 5205 5142 5204
f 5224 4427 4681
f 4681 4427 4678
f 3712 3711 5232
f 5232 3711 5233
f 3968 3988 3963
f 3963 3988 3964
f 3976 4044 3972
f 3972 4044 3985
f 4038 4037 4036
f 4036 4037 4033
f 4794 4762 3731
f 3731 4762 3944
f 3731 3944 3722
f 3722 3944 3810
f 3874 5234 5232
f 5232 5234 3712
f 3906 3905 3867
f 3867 3905 4011
f 3904 4023 3905
f 3905 4023 4011
f 3719 3722 3811
f 3811 3722 3810
f 3812 3719 3687
f 3687 3719 3811
f 3716 3812 3686
f 3686 3812 3687
f 3713 3716 3685
f 3685 3716 3686
f 4810 4403 5235
f 5235 4403 4813
f 4345 1770 4814
f 4814 1770 1769
f 4067 4066 4058
f 4058 4066 5236
f 4043 4068 4049
f 4049 4068 4050
f 4034 5237 3989
f 3989 5237 3990
f 4031 4030 4072
f 4072 4030 4005
f 4003 4004 4002
f 4002 4004 4032
f 4004 4005 4032
f 4032 4005 4030
f 4067 4064 4068
f 4068 4064 4050
f 4058 4057 4067
f 4067 4057 4064
f 4035 4034 5238
f 5238 4034 3989
f 5236 5239 4058
f 4058 5239 5240
f 5234 3874 5241
f 5241 3874 3873
f 5241 3873 3881
f 3881 3873 3878
f 4800 4763 4788
f 4788 4763 4310
f 4763 4762 4310
f 4310 4762 4309
f 4762 4794 4309
f 4309 4794 4306
f 4794 4793 4306
f 4306 4793 4292
f 4293 4313 4302
f 4302 4313 4314
f 4302 4314 4303
f 4303 4314 4315
f 4303 4315 4703
f 4703 4315 4316
f 4035 4069 4043
f 4043 4069 4068
f 4324 1540 4357
f 4357 1540 1477
f 5232 3987 3874
f 3874 3987 3871
f 3987 5232 4013
f 4013 5232 5233
f 4013 5233 4014
f 4014 5233 5242
f 3888 4015 3865
f 3865 4015 4007
f 3866 4008 5243
f 5243 4008 4016
f 3873 5244 3878
f 3878 5244 3875
f 3965 5244 3872
f 3872 5244 3873
f 3876 3875 3965
f 3965 3875 5244
f 5243 4016 5242
f 5242 4016 4014
f 5246 5247 5245
f 5245 5247 5248
f 3576 3950 3577
f 3577 3950 3926
f 3584 3842 3585
f 3585 3842 3580
f 5249 5247 1784
f 1784 5247 1785
f 5250 5251 5253
f 5253 5251 5252
f 5255 5252 5254
f 5254 5252 5256
f 5254 5256 5258
f 5258 5256 5257
f 5258 5257 5260
f 5260 5257 5259
f 4356 5261 4424
f 4424 5261 5259
f 4355 5262 4356
f 4356 5262 5261
f 4924 5264 5263
f 5263 5264 5265
f 4693 5266 4691
f 4691 5266 5267
f 4351 5268 4352
f 4352 5268 5269
f 1808 1807 4351
f 4351 1807 5268
f 3580 3842 3581
f 3799 3802 3838
f 4800 4788 4801
f 4801 4788 4789
f 3729 3935 4801
f 4801 3935 4800
f 3728 3666 3729
f 3729 3666 3935
f 3728 3798 3666
f 3666 3798 3663
f 3798 3818 3663
f 3663 3818 3809
f 3818 3817 3809
f 3809 3817 3808
f 3796 3655 3817
f 3817 3655 3808
f 3615 3568 3796
f 3796 3568 3655
f 3573 3569 3615
f 3615 3569 3568
f 3572 3613 3573
f 3573 3613 3569
f 3792 3606 3572
f 3572 3606 3613
f 3607 3791 3949
f 3949 3791 3591
f 3590 3950 3591
f 3591 3950 3949
f 3805 3926 3590
f 3590 3926 3950
f 3804 3559 3805
f 3805 3559 3926
f 3804 3914 3559
f 3559 3914 3560
f 3924 3789 3913
f 3913 3789 3788
f 3924 3928 3789
f 3789 3928 3826
f 3928 3927 3826
f 3826 3927 3827
f 3927 3834 3827
f 3827 3834 3835
f 4079 4078 5270
f 5270 4078 5007
f 5271 5272 4233
f 4233 5272 5273
f 5275 5276 5274
f 5274 5276 5277
f 5278 5279 4236
f 4236 5279 4237
f 5278 5280 5271
f 5271 5280 5272
f 4235 5281 4236
f 4236 5281 5282
f 5284 5285 5283
f 5283 5285 5286
f 5288 5289 5287
f 5287 5289 5290
f 5292 5293 5291
f 5291 5293 5294
f 5287 5290 4726
f 4726 5290 5295
f 4293 4292 4313
f 4313 4292 4793
f 4720 4736 4719
f 4719 4736 5296
f 5297 4909 5298
f 5298 4909 4908
f 5299 5300 4976
f 4976 5300 5301
f 5302 4202 5303
f 5303 4202 4201
f 5304 5305 4983
f 4983 5305 5306
f 5308 5309 5307
f 5307 5309 5310
f 4722 4725 5283
f 5283 4725 5311
f 5291 5294 4125
f 4125 5294 4126
f 5313 5314 5312
f 5312 5314 5315
f 5316 5317 5319
f 5319 5317 5318
f 5321 5308 5320
f 5320 5308 5307
f 4819 4981 4873
f 4873 4981 5322
f 4981 4123 5322
f 5322 4123 4126
f 5324 5325 5323
f 5323 5325 5326
f 4764 5327 4975
f 4975 5327 5328
f 4172 5327 4169
f 4169 5327 5329
f 4768 4171 4769
f 4769 4171 4170
f 4243 4755 4244
f 4244 4755 5330
f 4755 4205 5330
f 5330 4205 4208
f 4206 4906 4207
f 4207 4906 4905
f 4686 5014 5009
f 5009 5014 5229
f 4756 4770 4170
f 4170 4770 4769
f 4170 4169 4756
f 4756 4169 4757
f 4273 5329 4764
f 4764 5329 5327
f 4276 5331 4273
f 4273 5331 5329
f 4770 4756 4243
f 4243 4756 4755
f 5333 4889 5332
f 5332 4889 5010
f 4877 5332 4878
f 4878 5332 4259
f 4875 4164 4876
f 4876 4164 4163
f 5334 5335 5324
f 5324 5335 5325
f 4983 5306 4123
f 4123 5306 4124
f 4818 4982 4819
f 4819 4982 4981
f 5332 5010 4259
f 4259 5010 4260
f 5014 4686 4875
f 4875 4686 4164
f 4171 4768 5229
f 5229 4768 5009
f 5337 4916 5336
f 5336 4916 4919
f 5293 5337 5294
f 5294 5337 5336
f 4982 4818 5333
f 5333 4818 4889
f 5338 5339 4262
f 4262 5339 5340
f 5307 5310 5338
f 5338 5310 5339
f 5341 5342 4204
f 4204 5342 5309
f 5336 4919 5322
f 5322 4919 4873
f 5294 5336 4126
f 4126 5336 5322
f 5323 5326 5343
f 5343 5326 5286
f 4914 5344 4915
f 4915 5344 5345
f 5312 5315 5344
f 5344 5315 5345
f 5347 5348 5346
f 5346 5348 5349
f 5350 5351 4832
f 4832 5351 4833
f 5352 5353 5349
f 5349 5353 5346
f 5354 5338 4265
f 4265 5338 4262
f 5320 5307 5354
f 5354 5307 5338
f 4201 5308 5303
f 5303 5308 5321
f 5356 5357 5355
f 5355 5357 4799
f 5358 5359 5334
f 5334 5359 5335
f 5358 5360 4093
f 4093 5360 4163
f 5360 5305 4163
f 4163 5305 4876
f 5305 5304 4876
f 4876 5304 4877
f 5270 4778 4079
f 4079 4778 4081
f 4779 5361 4774
f 4774 5361 5357
f 5356 5359 4775
f 4775 5359 4092
f 5333 5304 4982
f 4982 5304 4983
f 5332 4877 5333
f 5333 4877 5304
f 5015 4258 5230
f 5230 4258 5328
f 5327 4172 5328
f 5328 4172 5230
f 4169 5329 4757
f 4757 5329 5331
f 4757 5331 4205
f 4205 5331 4206
f 5331 4276 4206
f 4206 4276 4906
f 4276 4275 4906
f 4906 4275 4907
f 4275 4888 4907
f 4907 4888 4744
f 4887 4717 4745
f 4745 4717 4864
f 4716 5139 4861
f 4861 5139 5190
f 5139 5138 5190
f 5190 5138 5187
f 5138 5216 5187
f 5187 5216 5176
f 5215 5362 5173
f 5173 5362 5130
f 5364 5365 5363
f 5363 5365 5340
f 4742 4863 5366
f 5366 4863 4867
f 4862 5189 4868
f 4868 5189 5184
f 5189 5188 5184
f 5184 5188 5185
f 5188 5175 5185
f 5185 5175 5168
f 3560 3788 3561
f 3561 3788 3790
f 3596 3595 3608
f 3608 3595 3594
f 3598 3582 3595
f 3595 3582 3592
f 3600 3609 3601
f 3601 3609 3611
f 3602 3601 3612
f 3612 3601 3611
f 3606 3605 3613
f 3613 3605 3614
f 3793 5367 3794
f 3794 5367 5368
f 3598 3597 3600
f 3600 3597 3609
f 3793 3792 3575
f 3575 3792 3572
f 3561 3594 3558
f 3558 3594 3593
f 3807 3915 3804
f 3804 3915 3914
f 3916 3915 5370
f 5370 3915 5369
f 3602 3605 3603
f 3603 3605 3604
f 3606 3792 3607
f 3607 3792 3791
f 3914 3913 3560
f 3560 3913 3788
f 5174 5129 5166
f 5166 5129 5371
f 5170 5169 5093
f 5093 5169 5113
f 5166 5371 5090
f 5090 5371 5091
f 5128 5169 5372
f 5372 5169 5172
f 5127 5113 5128
f 5128 5113 5169
f 5114 5206 5203
f 5203 5206 5362
f 5200 5373 5073
f 5073 5373 5096
f 5374 5375 5200
f 5200 5375 5373
f 5039 5047 5374
f 5374 5047 5375
f 5087 5046 5085
f 5085 5046 5376
f 5212 5377 5067
f 5067 5377 5376
f 5042 5045 5212
f 5212 5045 5377
f 5064 5378 5043
f 5043 5378 5044
f 5063 5077 5064
f 5064 5077 5378
f 5079 5082 5198
f 5198 5082 5078
f 5099 5081 5100
f 5100 5081 5379
f 5100 5379 5094
f 5094 5379 5095
f 5381 5382 5380
f 5380 5382 5383
f 5385 5386 5384
f 5384 5386 5383
f 5385 5387 5386
f 5386 5387 5388
f 5390 5391 5389
f 5389 5391 5392
f 5393 5394 5396
f 5396 5394 5395
f 5398 5399 5397
f 5397 5399 5400
f 5402 5403 5401
f 5401 5403 5404
f 5406 5407 5405
f 5405 5407 5404
f 5408 5409 5163
f 5163 5409 5410
f 5411 5412 5414
f 5414 5412 5413
f 5057 5416 5415
f 5415 5416 5417
f 5393 5416 5418
f 5418 5416 5419
f 5396 5395 5420
f 5420 5395 5421
f 5423 5424 5422
f 5422 5424 5425
f 5415 5417 5220
f 5220 5417 5426
f 5418 5391 5393
f 5393 5391 5394
f 5414 5388 5411
f 5411 5388 5392
f 5059 5427 5060
f 5060 5427 5428
f 5423 5427 5429
f 5429 5427 5430
f 5432 5382 5431
f 5431 5382 5425
f 5429 5407 5423
f 5423 5407 5424
f 5380 5409 5381
f 5381 5409 5433
f 5381 5433 5422
f 5422 5433 5428
f 5027 5412 5056
f 5056 5412 5419
f 5435 5436 5434
f 5434 5436 5437
f 5159 5439 5438
f 5438 5439 5440
f 5053 5436 5159
f 5159 5436 5439
f 5441 5403 5398
f 5398 5403 5399
f 5163 5410 5026
f 5026 5410 5413
f 5438 5440 5442
f 5442 5440 5430
f 5444 5445 5443
f 5443 5445 5446
f 5447 5448 5450
f 5450 5448 5449
f 5451 5446 5452
f 5452 5446 5445
f 5454 5455 5453
f 5453 5455 5451
f 5456 5454 5458
f 5458 5454 5457
f 5460 5461 5459
f 5459 5461 5462
f 5464 5465 5463
f 5463 5465 5466
f 5468 5469 5467
f 5467 5469 5470
f 5472 5473 5471
f 5471 5473 5474
f 5475 5476 5478
f 5478 5476 5477
f 5479 5480 5482
f 5482 5480 5481
f 5483 5484 5448
f 5448 5484 5485
f 5448 5485 5449
f 5449 5485 5486
f 5487 5476 5488
f 5488 5476 5475
f 5490 5491 5489
f 5489 5491 5492
f 5494 5495 5493
f 5493 5495 5496
f 5498 5494 5497
f 5497 5494 5493
f 5500 5501 5499
f 5499 5501 5502
f 5503 5504 5446
f 5446 5504 5443
f 5506 5507 5505
f 5505 5507 5508
f 5510 5511 5509
f 5509 5511 5512
f 5514 5515 5513
f 5513 5515 5516
f 5518 5519 5517
f 5517 5519 5520
f 5495 5521 5496
f 5496 5521 5522
f 5524 5525 5523
f 5523 5525 5526
f 5527 5528 5494
f 5494 5528 5495
f 5499 5502 5529
f 5529 5502 5530
f 5531 5532 5485
f 5485 5532 5486
f 5485 5484 5531
f 5531 5484 5533
f 5482 5481 5534
f 5534 5481 5535
f 5536 5512 5506
f 5506 5512 5511
f 5455 5503 5451
f 5451 5503 5446
f 5467 5470 5511
f 5511 5470 5537
f 5538 5467 5510
f 5510 5467 5511
f 5540 5541 5539
f 5539 5541 5542
f 5543 5544 5546
f 5546 5544 5545
f 5548 5472 5547
f 5547 5472 5471
f 5493 5496 5549
f 5549 5496 5550
f 5496 5522 5550
f 5550 5522 5551
f 5553 5554 5552
f 5552 5554 5555
f 5557 5447 5556
f 5556 5447 5558
f 5557 5483 5447
f 5447 5483 5448
f 5478 5477 5553
f 5553 5477 5559
f 5477 5560 5559
f 5559 5560 5561
f 5476 5562 5477
f 5477 5562 5560
f 5476 5487 5562
f 5562 5487 5563
f 5560 5564 5561
f 5561 5564 5565
f 5564 5560 5566
f 5566 5560 5562
f 5563 5567 5562
f 5562 5567 5566
f 5569 5521 5568
f 5568 5521 5570
f 5481 5572 5571
f 5571 5572 5573
f 5574 5535 5571
f 5571 5535 5481
f 5576 5577 5575
f 5575 5577 5578
f 5579 5580 5456
f 5456 5580 5581
f 5475 5582 5488
f 5488 5582 5583
f 5584 5536 5505
f 5505 5536 5506
f 5585 5586 5588
f 5588 5586 5587
f 5590 5591 5589
f 5589 5591 5592
f 5519 5593 5520
f 5520 5593 5594
f 5595 5596 5462
f 5462 5596 5597
f 5599 5600 5598
f 5598 5600 5514
f 5602 5603 5601
f 5601 5603 5604
f 5524 5543 5525
f 5525 5543 5546
f 5543 5524 5606
f 5606 5524 5605
f 5607 5608 5500
f 5500 5608 5501
f 5610 5551 5609
f 5609 5551 5522
f 5611 5510 5598
f 5598 5510 5509
f 5612 5597 5457
f 5457 5597 5458
f 5510 5611 5538
f 5538 5611 5613
f 5580 5508 5581
f 5581 5508 5507
f 5615 5616 5614
f 5614 5616 5617
f 5619 5620 5618
f 5618 5620 5621
f 5623 5624 5622
f 5622 5624 5625
f 5627 5624 5626
f 5626 5624 5623
f 5629 5630 5628
f 5628 5630 5631
f 5633 5634 5632
f 5632 5634 5466
f 5635 5636 5463
f 5463 5636 5637
f 5523 5638 5524
f 5524 5638 5605
f 5639 5640 5641
f 5641 5640 5595
f 5611 5513 5613
f 5613 5513 5642
f 5643 5586 5608
f 5608 5586 5501
f 5622 5625 5590
f 5590 5625 5591
f 5598 5514 5611
f 5611 5514 5513
f 5645 5646 5644
f 5644 5646 5647
f 5620 5619 5491
f 5491 5619 5648
f 5649 5643 5492
f 5492 5643 5608
f 5650 5651 5653
f 5653 5651 5652
f 5463 5466 5635
f 5635 5466 5634
f 5597 5612 5462
f 5462 5612 5459
f 5635 5634 5523
f 5523 5634 5638
f 5654 5638 5633
f 5633 5638 5634
f 5655 5656 5525
f 5525 5656 5526
f 5658 5659 5657
f 5657 5659 5527
f 5660 5464 5637
f 5637 5464 5463
f 5632 5466 5661
f 5661 5466 5465
f 5661 5662 5632
f 5632 5662 5658
f 5662 5663 5658
f 5658 5663 5659
f 5665 5659 5664
f 5664 5659 5663
f 5632 5658 5633
f 5633 5658 5657
f 5666 5629 5530
f 5530 5629 5667
f 5528 5527 5665
f 5665 5527 5659
f 5668 5669 5570
f 5570 5669 5568
f 5669 5668 5670
f 5670 5668 5671
f 5646 5672 5673
f 5672 5674 5673
f 5673 5674 5675
f 5674 5460 5675
f 5675 5460 5459
f 5461 5676 5462
f 5462 5676 5595
f 5677 5678 5680
f 5680 5678 5679
f 5628 5681 5629
f 5629 5681 5667
f 5682 5529 5667
f 5667 5529 5530
f 5675 5459 5683
f 5683 5459 5612
f 5585 5666 5502
f 5502 5666 5530
f 5589 5684 5602
f 5602 5684 5603
f 5646 5645 5663
f 5663 5645 5664
f 5685 5647 5673
f 5673 5647 5646
f 5686 5687 5683
f 5683 5687 5685
f 5688 5689 5533
f 5533 5689 5531
f 5690 5691 5535
f 5535 5691 5534
f 5692 5690 5574
f 5574 5690 5535
f 5685 5687 5689
f 5689 5687 5693
f 5489 5694 5490
f 5490 5694 5695
f 5690 5692 5696
f 5696 5692 5697
f 5696 5644 5690
f 5690 5644 5691
f 5447 5450 5558
f 5558 5450 5698
f 5699 5700 5642
f 5642 5700 5613
f 5701 5702 5540
f 5540 5702 5541
f 5431 5703 5432
f 5432 5703 5697
f 5385 5384 5574
f 5574 5384 5692
f 5389 5387 5573
f 5573 5387 5571
f 5565 5390 5573
f 5573 5390 5389
f 5390 5565 5704
f 5704 5565 5564
f 5566 5705 5564
f 5564 5705 5704
f 5569 5441 5609
f 5609 5441 5398
f 5568 5405 5569
f 5569 5405 5441
f 5670 5706 5669
f 5669 5706 5406
f 5703 5431 5670
f 5670 5431 5706
f 5432 5697 5384
f 5384 5697 5692
f 5574 5571 5385
f 5385 5571 5387
f 5607 5707 5489
f 5489 5707 5694
f 5518 5708 5519
f 5519 5708 5709
f 5711 5576 5710
f 5710 5576 5575
f 5713 5714 5712
f 5712 5714 5715
f 5553 5552 5478
f 5478 5552 5716
f 5717 5475 5716
f 5716 5475 5478
f 5718 5719 5605
f 5605 5719 5606
f 5505 5622 5584
f 5584 5622 5590
f 5508 5623 5505
f 5505 5623 5622
f 5626 5623 5580
f 5580 5623 5508
f 5580 5579 5626
f 5626 5579 5720
f 5579 5721 5720
f 5720 5721 5722
f 5666 5585 5723
f 5723 5585 5588
f 5724 5725 5639
f 5639 5725 5640
f 5554 5726 5555
f 5555 5726 5727
f 5453 5728 5729
f 5689 5688 5685
f 5685 5688 5647
f 5604 5730 5512
f 5512 5730 5509
f 5628 5631 5618
f 5618 5631 5592
f 5601 5604 5536
f 5536 5604 5512
f 5732 5676 5731
f 5731 5676 5660
f 5730 5604 5733
f 5733 5604 5603
f 5563 5487 5551
f 5551 5487 5550
f 5489 5492 5607
f 5607 5492 5608
f 5573 5572 5565
f 5565 5572 5561
f 5609 5522 5569
f 5569 5522 5521
f 5499 5734 5500
f 5500 5734 5735
f 5596 5736 5721
f 5721 5736 5722
f 5737 5600 5594
f 5594 5600 5520
f 5599 5730 5517
f 5517 5730 5733
f 5660 5738 5731
f 5731 5738 5739
f 5648 5649 5491
f 5491 5649 5492
f 5501 5586 5502
f 5502 5586 5585
f 5525 5546 5655
f 5655 5546 5740
f 5600 5599 5520
f 5520 5599 5517
f 5708 5739 5709
f 5709 5739 5738
f 5636 5635 5526
f 5526 5635 5523
f 5670 5671 5703
f 5703 5671 5741
f 5490 5695 5742
f 5742 5695 5743
f 5682 5678 5744
f 5744 5678 5677
f 5678 5681 5679
f 5679 5681 5621
f 5742 5743 5679
f 5679 5743 5680
f 5618 5621 5628
f 5628 5621 5681
f 5725 5724 5589
f 5589 5724 5684
f 5456 5458 5579
f 5579 5458 5721
f 5675 5683 5673
f 5673 5683 5685
f 5529 5682 5745
f 5745 5682 5744
f 5721 5458 5596
f 5596 5458 5597
f 5701 5540 5719
f 5719 5540 5606
f 5703 5741 5697
f 5697 5741 5696
f 5500 5735 5607
f 5607 5735 5707
f 5549 5746 5493
f 5493 5746 5497
f 5700 5747 5613
f 5613 5747 5538
f 5420 5421 5434
f 5434 5421 5400
f 5689 5693 5531
f 5531 5693 5532
f 5705 5566 5748
f 5748 5566 5567
f 5609 5398 5610
f 5610 5398 5397
f 5669 5406 5568
f 5568 5406 5405
f 5488 5583 5549
f 5549 5583 5746
f 5714 5713 5710
f 5710 5713 5711
f 5747 5468 5538
f 5538 5468 5467
f 5548 5547 5749
f 5749 5547 5750
f 5733 5603 5751
f 5751 5603 5684
f 5589 5602 5590
f 5590 5602 5584
f 5636 5752 5614
f 5614 5752 5615
f 5753 5754 5738
f 5738 5754 5755
f 5602 5601 5584
f 5584 5601 5536
f 5723 5736 5630
f 5630 5736 5640
f 5595 5640 5596
f 5596 5640 5736
f 5734 5499 5745
f 5745 5499 5529
f 5627 5587 5643
f 5643 5587 5586
f 5553 5559 5554
f 5554 5559 5480
f 5559 5561 5480
f 5480 5561 5572
f 5554 5480 5726
f 5726 5480 5479
f 5749 5750 5715
f 5715 5750 5712
f 5683 5612 5686
f 5686 5612 5457
f 5678 5682 5681
f 5681 5682 5667
f 5598 5509 5599
f 5599 5509 5730
f 5679 5621 5742
f 5742 5621 5620
f 5652 5616 5653
f 5653 5616 5615
f 5220 5426 5052
f 5052 5426 5437
f 5487 5488 5550
f 5550 5488 5549
f 5742 5620 5490
f 5490 5620 5491
f 5551 5610 5563
f 5563 5610 5567
f 5610 5397 5567
f 5567 5397 5748
f 5614 5617 5753
f 5753 5617 5754
f 5480 5572 5481
f 5755 5756 5738
f 5738 5756 5709
f 5745 5744 5758
f 5758 5744 5757
f 5745 5758 5734
f 5734 5758 5759
f 5735 5734 5760
f 5760 5734 5759
f 5707 5735 5761
f 5761 5735 5760
f 5744 5677 5757
f 5757 5677 5762
f 5677 5680 5762
f 5762 5680 5763
f 5763 5680 5764
f 5764 5680 5743
f 5765 5766 5762
f 5762 5766 5757
f 5768 5769 5767
f 5767 5769 5770
f 5771 5772 5770
f 5770 5772 5767
f 5770 5769 5774
f 5774 5769 5773
f 5775 5776 5774
f 5774 5776 5777
f 5773 5778 5774
f 5774 5778 5775
f 5779 5766 5773
f 5773 5766 5778
f 5777 5771 5774
f 5774 5771 5770
f 5780 5781 5783
f 5783 5781 5782
f 5781 5780 5771
f 5771 5780 5772
f 5773 5769 5779
f 5779 5769 5768
f 5768 5759 5779
f 5779 5759 5758
f 5768 5784 5759
f 5759 5784 5760
f 5767 5785 5768
f 5768 5785 5784
f 5785 5767 5786
f 5786 5767 5772
f 5766 5779 5757
f 5757 5779 5758
f 5780 5787 5772
f 5772 5787 5786
f 5785 5786 5788
f 5788 5786 5789
f 5786 5787 5789
f 5789 5787 5790
f 5788 5789 5791
f 5791 5789 5792
f 5791 5793 5788
f 5788 5793 5794
f 5795 5792 5790
f 5790 5792 5789
f 5785 5788 5784
f 5784 5788 5794
f 5784 5794 5760
f 5760 5794 5761
f 5787 5780 5796
f 5796 5780 5783
f 5775 5778 5797
f 5797 5778 5766
f 5797 5798 5775
f 5775 5798 5776
f 5766 5765 5797
f 5797 5765 5799
f 5798 5797 5800
f 5800 5797 5799
f 5798 5801 5776
f 5776 5801 5802
f 5707 5761 5694
f 5694 5761 5803
f 5695 5804 5743
f 5743 5804 5764
f 5804 5695 5803
f 5803 5695 5694
f 5803 5793 5804
f 5804 5793 5805
f 5793 5791 5805
f 5805 5791 5806
f 5804 5805 5764
f 5764 5805 5807
f 5803 5761 5793
f 5793 5761 5794
f 5808 5763 5807
f 5807 5763 5764
f 5808 5765 5763
f 5763 5765 5762
f 5809 5799 5808
f 5808 5799 5765
f 5809 5808 5810
f 5810 5808 5807
f 5811 5809 5812
f 5812 5809 5810
f 5805 5806 5807
f 5807 5806 5810
f 5806 5813 5810
f 5810 5813 5812
f 5799 5809 5800
f 5800 5809 5811
f 5815 5800 5814
f 5814 5800 5811
f 5814 5817 5816
f 5816 5817 5818
f 5814 5811 5817
f 5817 5811 5812
f 5814 5816 5815
f 5815 5816 5796
f 5815 5796 5801
f 5801 5796 5783
f 5801 5798 5815
f 5815 5798 5800
f 5791 5792 5806
f 5806 5792 5813
f 5818 5813 5795
f 5795 5813 5792
f 5818 5817 5813
f 5813 5817 5812
f 5816 5818 5790
f 5790 5818 5795
f 5790 5787 5816
f 5816 5787 5796
f 5771 5777 5781
f 5781 5777 5782
f 5782 5802 5783
f 5783 5802 5801
f 5782 5777 5802
f 5802 5777 5776
f 5588 5587 5722
f 5722 5587 5720
f 5591 5619 5592
f 5592 5619 5618
f 5625 5624 5648
f 5648 5624 5649
f 5624 5627 5649
f 5649 5627 5643
f 5631 5630 5725
f 5725 5630 5640
f 5625 5648 5591
f 5591 5648 5619
f 5588 5722 5723
f 5723 5722 5736
f 5631 5725 5592
f 5592 5725 5589
f 5723 5630 5666
f 5666 5630 5629
f 5587 5627 5720
f 5720 5627 5626
f 5820 5821 5819
f 5819 5821 5822
f 5824 5825 5823
f 5823 5825 5826
f 5823 5826 5827
f 5827 5826 5828
f 5829 5830 5832
f 5832 5830 5831
f 5518 5833 5708
f 5708 5833 5834
f 5835 5836 5824
f 5824 5836 5825
f 5838 5839 5837
f 5837 5839 5840
f 5751 5684 5842
f 5842 5684 5841
f 5843 5841 5724
f 5724 5841 5684
f 5845 5846 5844
f 5844 5846 5847
f 5848 5830 5836
f 5836 5830 5825
f 5518 5751 5833
f 5833 5751 5842
f 5839 5838 5821
f 5821 5838 5849
f 5850 5848 5822
f 5822 5848 5836
f 5851 5845 5828
f 5828 5845 5852
f 5854 5855 5853
f 5853 5855 5856
f 5845 5844 5852
f 5852 5844 5857
f 5858 5827 5852
f 5852 5827 5828
f 5851 5828 5829
f 5829 5828 5826
f 5819 5859 5820
f 5820 5859 5860
f 5835 5861 5819
f 5819 5861 5859
f 5851 5829 5862
f 5862 5829 5832
f 5844 5847 5837
f 5837 5847 5834
f 5819 5822 5835
f 5835 5822 5836
f 5823 5863 5824
f 5824 5863 5864
f 5849 5850 5821
f 5821 5850 5822
f 5825 5830 5826
f 5826 5830 5829
f 5820 5860 5865
f 5865 5860 5866
f 5858 5854 5867
f 5867 5854 5853
f 5854 5857 5855
f 5855 5857 5840
f 5855 5865 5856
f 5856 5865 5866
f 5837 5840 5844
f 5844 5840 5857
f 5827 5858 5868
f 5868 5858 5867
f 5824 5864 5835
f 5835 5864 5861
f 5732 5731 5862
f 5862 5731 5846
f 5863 5823 5868
f 5868 5823 5827
f 5843 5831 5848
f 5848 5831 5830
f 5854 5858 5857
f 5857 5858 5852
f 5855 5840 5865
f 5865 5840 5839
f 5865 5839 5820
f 5820 5839 5821
f 5868 5867 5870
f 5870 5867 5869
f 5868 5870 5863
f 5863 5870 5871
f 5863 5871 5864
f 5864 5871 5872
f 5864 5872 5861
f 5861 5872 5873
f 5867 5853 5869
f 5869 5853 5874
f 5853 5856 5874
f 5874 5856 5875
f 5856 5866 5875
f 5875 5866 5876
f 5877 5878 5874
f 5874 5878 5869
f 5880 5881 5879
f 5879 5881 5882
f 5883 5884 5880
f 5880 5884 5881
f 5881 5884 5886
f 5886 5884 5885
f 5887 5888 5886
f 5886 5888 5889
f 5885 5890 5886
f 5886 5890 5887
f 5889 5882 5886
f 5886 5882 5881
f 5882 5891 5879
f 5879 5891 5892
f 5885 5884 5893
f 5893 5884 5883
f 5883 5871 5893
f 5893 5871 5870
f 5883 5894 5871
f 5871 5894 5872
f 5880 5895 5883
f 5883 5895 5894
f 5896 5895 5879
f 5879 5895 5880
f 5893 5878 5885
f 5885 5878 5890
f 5878 5893 5869
f 5869 5893 5870
f 5897 5896 5892
f 5892 5896 5879
f 5895 5896 5898
f 5898 5896 5899
f 5896 5897 5899
f 5899 5897 5900
f 5898 5899 5901
f 5901 5899 5902
f 5901 5903 5898
f 5898 5903 5904
f 5900 5905 5899
f 5899 5905 5902
f 5898 5904 5895
f 5895 5904 5894
f 5894 5904 5872
f 5872 5904 5873
f 5897 5892 5907
f 5907 5892 5906
f 5892 5891 5906
f 5906 5891 5908
f 5887 5890 5909
f 5909 5890 5878
f 5888 5887 5910
f 5910 5887 5909
f 5878 5877 5909
f 5909 5877 5911
f 5909 5911 5910
f 5910 5911 5912
f 5913 5914 5910
f 5910 5914 5888
f 5908 5914 5906
f 5906 5914 5913
f 5861 5873 5859
f 5859 5873 5915
f 5860 5916 5866
f 5866 5916 5876
f 5916 5860 5915
f 5915 5860 5859
f 5915 5903 5916
f 5916 5903 5917
f 5903 5901 5917
f 5917 5901 5918
f 5916 5917 5876
f 5876 5917 5919
f 5903 5915 5904
f 5904 5915 5873
f 5920 5875 5919
f 5919 5875 5876
f 5920 5877 5875
f 5875 5877 5874
f 5920 5921 5877
f 5877 5921 5911
f 5921 5920 5922
f 5922 5920 5919
f 5923 5921 5924
f 5924 5921 5922
f 5917 5918 5919
f 5919 5918 5922
f 5918 5925 5922
f 5922 5925 5924
f 5921 5923 5911
f 5911 5923 5912
f 5927 5912 5926
f 5926 5912 5923
f 5926 5929 5928
f 5928 5929 5930
f 5926 5923 5929
f 5929 5923 5924
f 5926 5928 5927
f 5927 5928 5907
f 5927 5907 5913
f 5913 5907 5906
f 5913 5910 5927
f 5927 5910 5912
f 5901 5902 5918
f 5918 5902 5925
f 5930 5925 5905
f 5905 5925 5902
f 5930 5929 5925
f 5925 5929 5924
f 5928 5930 5900
f 5900 5930 5905
f 5900 5897 5928
f 5928 5897 5907
f 5882 5889 5891
f 5891 5889 5908
f 5908 5889 5914
f 5914 5889 5888
f 5832 5831 5641
f 5641 5831 5639
f 5833 5838 5834
f 5834 5838 5837
f 5842 5841 5849
f 5849 5841 5850
f 5841 5843 5850
f 5850 5843 5848
f 5847 5846 5739
f 5739 5846 5731
f 5842 5849 5833
f 5833 5849 5838
f 5862 5832 5732
f 5732 5832 5641
f 5847 5739 5834
f 5834 5739 5708
f 5862 5846 5851
f 5851 5846 5845
f 5831 5843 5639
f 5639 5843 5724
f 5676 5732 5595
f 5595 5732 5641
f 5676 5461 5660
f 5660 5461 5464
f 5461 5460 5464
f 5464 5460 5465
f 5460 5674 5465
f 5465 5674 5661
f 5931 5932 5934
f 5934 5932 5933
f 5936 5937 5935
f 5935 5937 5938
f 5935 5938 5939
f 5939 5938 5940
f 5942 5943 5941
f 5941 5943 5944
f 5945 5946 5936
f 5936 5946 5937
f 5948 5949 5947
f 5947 5949 5950
f 5951 5952 5519
f 5519 5952 5593
f 5953 5951 5709
f 5709 5951 5519
f 5955 5956 5954
f 5954 5956 5957
f 5958 5942 5946
f 5946 5942 5937
f 5948 5959 5949
f 5949 5959 5933
f 5960 5958 5934
f 5934 5958 5946
f 5961 5955 5940
f 5940 5955 5962
f 5963 5964 5966
f 5966 5964 5965
f 5955 5954 5962
f 5962 5954 5967
f 5968 5939 5962
f 5962 5939 5940
f 5961 5940 5941
f 5941 5940 5938
f 5931 5969 5932
f 5932 5969 5970
f 5945 5971 5931
f 5931 5971 5969
f 5941 5944 5961
f 5961 5944 5972
f 5954 5957 5947
f 5947 5957 5973
f 5945 5931 5946
f 5946 5931 5934
f 5935 5974 5936
f 5936 5974 5975
f 5959 5960 5933
f 5933 5960 5934
f 5937 5942 5938
f 5938 5942 5941
f 5932 5970 5976
f 5976 5970 5977
f 5968 5964 5978
f 5978 5964 5963
f 5965 5964 5950
f 5950 5964 5967
f 5976 5977 5965
f 5965 5977 5966
f 5947 5950 5954
f 5954 5950 5967
f 5939 5968 5979
f 5979 5968 5978
f 5936 5975 5945
f 5945 5975 5971
f 5972 5754 5956
f 5956 5754 5617
f 5974 5935 5979
f 5979 5935 5939
f 5953 5943 5958
f 5958 5943 5942
f 5964 5968 5967
f 5967 5968 5962
f 5965 5950 5976
f 5976 5950 5949
f 5976 5949 5932
f 5932 5949 5933
f 5979 5978 5981
f 5981 5978 5980
f 5979 5981 5974
f 5974 5981 5982
f 5974 5982 5975
f 5975 5982 5983
f 5975 5983 5971
f 5971 5983 5984
f 5978 5963 5980
f 5980 5963 5985
f 5963 5966 5985
f 5985 5966 5986
f 5986 5966 5987
f 5987 5966 5977
f 5988 5989 5985
f 5985 5989 5980
f 5991 5992 5990
f 5990 5992 5993
f 5994 5995 5991
f 5991 5995 5992
f 5992 5995 5997
f 5997 5995 5996
f 5998 5999 5997
f 5997 5999 6000
f 5996 6001 5997
f 5997 6001 5998
f 6000 5993 5997
f 5997 5993 5992
f 6002 6003 5993
f 5993 6003 5990
f 5995 5994 5996
f 5996 5994 6004
f 5994 5982 6004
f 6004 5982 5981
f 5994 6005 5982
f 5982 6005 5983
f 5991 6006 5994
f 5994 6006 6005
f 6006 5991 6007
f 6007 5991 5990
f 5996 6004 6001
f 6001 6004 5989
f 5989 6004 5980
f 5980 6004 5981
f 6003 6008 5990
f 5990 6008 6007
f 6009 6006 6010
f 6010 6006 6007
f 6008 6011 6007
f 6007 6011 6010
f 6012 6009 6013
f 6013 6009 6010
f 6009 6012 6015
f 6015 6012 6014
f 6011 6016 6010
f 6010 6016 6013
f 6006 6009 6005
f 6005 6009 6015
f 6005 6015 5983
f 5983 6015 5984
f 6008 6003 6018
f 6018 6003 6017
f 6003 6002 6017
f 6017 6002 6019
f 5998 6001 6020
f 6020 6001 5989
f 5999 5998 6021
f 6021 5998 6020
f 5989 5988 6020
f 6020 5988 6022
f 6021 6020 6023
f 6023 6020 6022
f 6021 6024 5999
f 5999 6024 6025
f 6019 6025 6017
f 6017 6025 6024
f 5971 5984 5969
f 5969 5984 6026
f 5970 6027 5977
f 5977 6027 5987
f 6027 5970 6026
f 6026 5970 5969
f 6026 6014 6027
f 6027 6014 6028
f 6014 6012 6028
f 6028 6012 6029
f 6027 6028 5987
f 5987 6028 6030
f 6026 5984 6014
f 6014 5984 6015
f 6031 5986 6030
f 6030 5986 5987
f 6031 5988 5986
f 5986 5988 5985
f 6032 6022 6031
f 6031 6022 5988
f 6032 6031 6033
f 6033 6031 6030
f 6034 6032 6035
f 6035 6032 6033
f 6028 6029 6030
f 6030 6029 6033
f 6029 6036 6033
f 6033 6036 6035
f 6032 6034 6022
f 6022 6034 6023
f 6038 6023 6037
f 6037 6023 6034
f 6037 6040 6039
f 6039 6040 6041
f 6037 6034 6040
f 6040 6034 6035
f 6037 6039 6038
f 6038 6039 6018
f 6038 6018 6024
f 6024 6018 6017
f 6024 6021 6038
f 6038 6021 6023
f 6012 6013 6029
f 6029 6013 6036
f 6041 6036 6016
f 6016 6036 6013
f 6041 6040 6036
f 6036 6040 6035
f 6041 6016 6039
f 6039 6016 6011
f 6011 6008 6039
f 6039 6008 6018
f 5993 6000 6002
f 6002 6000 6019
f 6019 6000 6025
f 6025 6000 5999
f 5943 5756 5944
f 5944 5756 5755
f 6042 5948 5973
f 5973 5948 5947
f 5952 5951 5959
f 5959 5951 5960
f 5951 5953 5960
f 5960 5953 5958
f 5616 5957 5617
f 5617 5957 5956
f 6042 5952 5948
f 5948 5952 5959
f 5944 5755 5972
f 5972 5755 5754
f 5957 5616 5973
f 5973 5616 5652
f 5956 5955 5972
f 5972 5955 5961
f 5943 5953 5756
f 5756 5953 5709
f 6044 6045 6043
f 6043 6045 6046
f 6048 6049 6047
f 6047 6049 6050
f 6047 6050 6051
f 6051 6050 6052
f 6054 6055 6053
f 6053 6055 6056
f 6057 6058 6060
f 6060 6058 6059
f 6061 6062 6048
f 6048 6062 6049
f 6063 6064 6066
f 6066 6064 6065
f 6067 6068 6070
f 6070 6068 6069
f 6071 6069 5653
f 5653 6069 6068
f 6072 6073 6075
f 6075 6073 6074
f 6062 6076 6049
f 6049 6076 6054
f 6058 6067 6059
f 6059 6067 6070
f 6064 6077 6065
f 6065 6077 6045
f 6078 6076 6046
f 6046 6076 6062
f 6073 6080 6079
f 6079 6080 6052
f 6082 6083 6081
f 6081 6083 6084
f 6072 6085 6073
f 6073 6085 6080
f 6086 6051 6080
f 6080 6051 6052
f 6079 6052 6053
f 6053 6052 6050
f 6043 6087 6044
f 6044 6087 6088
f 6061 6089 6043
f 6043 6089 6087
f 6053 6056 6079
f 6079 6056 6090
f 6063 6072 6060
f 6060 6072 6075
f 6043 6046 6061
f 6061 6046 6062
f 6047 6091 6048
f 6048 6091 6092
f 6077 6078 6045
f 6045 6078 6046
f 6049 6054 6050
f 6050 6054 6053
f 6044 6088 6093
f 6093 6088 6094
f 6086 6082 6095
f 6095 6082 6081
f 6083 6082 6066
f 6066 6082 6085
f 6093 6094 6083
f 6083 6094 6084
f 6072 6063 6085
f 6085 6063 6066
f 6051 6086 6096
f 6096 6086 6095
f 6048 6092 6061
f 6061 6092 6089
f 5656 5655 6090
f 6090 5655 6074
f 6091 6047 6096
f 6096 6047 6051
f 6071 6055 6076
f 6076 6055 6054
f 6082 6086 6085
f 6085 6086 6080
f 6093 6083 6065
f 6065 6083 6066
f 6044 6093 6045
f 6045 6093 6065
f 6096 6095 6098
f 6098 6095 6097
f 6096 6098 6091
f 6091 6098 6099
f 6091 6099 6092
f 6092 6099 6100
f 6092 6100 6089
f 6089 6100 6101
f 6095 6081 6097
f 6097 6081 6102
f 6081 6084 6102
f 6102 6084 6103
f 6103 6084 6104
f 6104 6084 6094
f 6106 6097 6105
f 6105 6097 6102
f 6107 6108 6110
f 6110 6108 6109
f 6111 6112 6108
f 6108 6112 6109
f 6109 6112 6114
f 6114 6112 6113
f 6114 6115 6117
f 6117 6115 6116
f 6113 6118 6114
f 6114 6118 6115
f 6117 6110 6114
f 6114 6110 6109
f 6110 6119 6107
f 6107 6119 6120
f 6112 6111 6113
f 6113 6111 6121
f 6111 6099 6121
f 6121 6099 6098
f 6111 6122 6099
f 6099 6122 6100
f 6123 6122 6108
f 6108 6122 6111
f 6124 6123 6107
f 6107 6123 6108
f 6113 6121 6118
f 6118 6121 6106
f 6106 6121 6097
f 6097 6121 6098
f 6125 6124 6120
f 6120 6124 6107
f 6126 6123 6127
f 6127 6123 6124
f 6125 6128 6124
f 6124 6128 6127
f 6129 6126 6130
f 6130 6126 6127
f 6126 6129 6132
f 6132 6129 6131
f 6128 6133 6127
f 6127 6133 6130
f 6123 6126 6122
f 6122 6126 6132
f 6122 6132 6100
f 6100 6132 6101
f 6120 6134 6125
f 6125 6134 6135
f 6120 6119 6134
f 6134 6119 6136
f 6115 6118 6137
f 6137 6118 6106
f 6115 6137 6116
f 6116 6137 6138
f 6137 6106 6139
f 6139 6106 6105
f 6138 6137 6140
f 6140 6137 6139
f 6141 6142 6138
f 6138 6142 6116
f 6136 6142 6134
f 6134 6142 6141
f 6089 6101 6087
f 6087 6101 6143
f 6088 6144 6094
f 6094 6144 6104
f 6143 6144 6087
f 6087 6144 6088
f 6131 6145 6143
f 6143 6145 6144
f 6129 6146 6131
f 6131 6146 6145
f 6144 6145 6104
f 6104 6145 6147
f 6143 6101 6131
f 6131 6101 6132
f 6148 6103 6147
f 6147 6103 6104
f 6103 6148 6102
f 6102 6148 6105
f 6148 6149 6105
f 6105 6149 6139
f 6149 6148 6150
f 6150 6148 6147
f 6151 6149 6152
f 6152 6149 6150
f 6145 6146 6147
f 6147 6146 6150
f 6146 6153 6150
f 6150 6153 6152
f 6149 6151 6139
f 6139 6151 6140
f 6155 6140 6154
f 6154 6140 6151
f 6154 6157 6156
f 6156 6157 6158
f 6154 6151 6157
f 6157 6151 6152
f 6154 6156 6155
f 6155 6156 6135
f 6155 6135 6141
f 6141 6135 6134
f 6141 6138 6155
f 6155 6138 6140
f 6146 6129 6153
f 6153 6129 6130
f 6158 6153 6133
f 6133 6153 6130
f 6158 6157 6153
f 6153 6157 6152
f 6156 6158 6128
f 6128 6158 6133
f 6128 6125 6156
f 6156 6125 6135
f 6110 6117 6119
f 6119 6117 6136
f 6136 6117 6142
f 6142 6117 6116
f 6055 5615 6056
f 6056 5615 5752
f 6060 6059 6063
f 6063 6059 6064
f 6077 6070 6078
f 6078 6070 6069
f 6069 6071 6078
f 6078 6071 6076
f 6159 6057 6075
f 6075 6057 6060
f 6059 6070 6064
f 6064 6070 6077
f 6056 5752 6090
f 6090 5752 5656
f 6090 6074 6079
f 6079 6074 6073
f 6055 6071 5615
f 5615 6071 5653
f 5547 5471 6160
f 6160 5471 6161
f 5729 5577 6163
f 6163 5577 6162
f 5577 5576 6162
f 6162 5576 6164
f 5713 6165 5711
f 5711 6165 6166
f 5474 5729 6167
f 6167 5729 6163
f 5750 5547 6168
f 6168 5547 6160
f 5471 5474 6161
f 6161 5474 6167
f 6169 5712 6168
f 6168 5712 5750
f 5711 6166 5576
f 5576 6166 6164
f 6165 5713 6169
f 6169 5713 5712
f 6168 6170 6169
f 6169 6170 6171
f 6169 6171 6165
f 6165 6171 6172
f 6165 6172 6166
f 6166 6172 6173
f 6166 6173 6164
f 6164 6173 6174
f 6168 6160 6170
f 6170 6160 6175
f 6160 6161 6175
f 6175 6161 6176
f 6161 6167 6176
f 6176 6167 6177
f 6179 6170 6178
f 6178 6170 6175
f 6181 6182 6180
f 6180 6182 6183
f 6184 6185 6181
f 6181 6185 6182
f 6186 6187 6185
f 6185 6187 6182
f 6186 6188 6187
f 6187 6188 6189
f 6190 6183 6187
f 6187 6183 6182
f 6183 6190 6191
f 6191 6190 6192
f 6191 6193 6183
f 6183 6193 6180
f 6186 6185 6194
f 6194 6185 6184
f 6184 6172 6194
f 6194 6172 6171
f 6184 6195 6172
f 6172 6195 6173
f 6181 6196 6184
f 6184 6196 6195
f 6196 6181 6197
f 6197 6181 6180
f 6186 6194 6188
f 6188 6194 6179
f 6179 6194 6170
f 6170 6194 6171
f 6193 6198 6180
f 6180 6198 6197
f 6199 6196 6200
f 6200 6196 6197
f 6198 6201 6197
f 6197 6201 6200
f 6202 6199 6203
f 6203 6199 6200
f 6199 6202 6205
f 6205 6202 6204
f 6201 6206 6200
f 6200 6206 6203
f 6196 6199 6195
f 6195 6199 6205
f 6195 6205 6173
f 6173 6205 6174
f 6198 6193 6208
f 6208 6193 6207
f 6193 6191 6207
f 6207 6191 6192
f 6189 6188 6209
f 6209 6188 6179
f 6210 6189 6211
f 6211 6189 6209
f 6209 6179 6212
f 6212 6179 6178
f 6211 6209 6213
f 6213 6209 6212
f 6211 6214 6210
f 6210 6214 6215
f 6192 6215 6207
f 6207 6215 6214
f 6190 6187 6210
f 6210 6187 6189
f 6192 6190 6215
f 6215 6190 6210
f 6162 6164 6216
f 6216 6164 6174
f 6167 6163 6177
f 6177 6163 6217
f 6216 6217 6162
f 6162 6217 6163
f 6204 6218 6216
f 6216 6218 6217
f 6202 6219 6204
f 6204 6219 6218
f 6217 6218 6177
f 6177 6218 6220
f 6216 6174 6204
f 6204 6174 6205
f 6221 6176 6220
f 6220 6176 6177
f 6176 6221 6175
f 6175 6221 6178
f 6221 6222 6178
f 6178 6222 6212
f 6222 6221 6223
f 6223 6221 6220
f 6224 6222 6225
f 6225 6222 6223
f 6218 6219 6220
f 6220 6219 6223
f 6219 6226 6223
f 6223 6226 6225
f 6222 6224 6212
f 6212 6224 6213
f 6228 6213 6227
f 6227 6213 6224
f 6229 6227 6231
f 6231 6227 6230
f 6227 6224 6230
f 6230 6224 6225
f 6227 6229 6228
f 6228 6229 6208
f 6228 6208 6214
f 6214 6208 6207
f 6214 6211 6228
f 6228 6211 6213
f 6219 6202 6226
f 6226 6202 6203
f 6231 6226 6206
f 6206 6226 6203
f 6231 6230 6226
f 6226 6230 6225
f 6229 6231 6201
f 6201 6231 6206
f 6201 6198 6229
f 6229 6198 6208
f 5674 5672 5661
f 5661 5672 5662
f 5662 5672 5663
f 5663 5672 5646
f 5651 6042 5652
f 5652 6042 5973
f 5518 5517 5751
f 5751 5517 5733
f 5738 5660 5753
f 5753 5660 5637
f 5752 5636 5656
f 5656 5636 5526
f 5952 6042 5593
f 5593 6042 5651
f 5593 5651 5594
f 5594 5651 5650
f 5600 5737 5514
f 5514 5737 5515
f 5546 5545 5740
f 5740 5545 6232
f 6232 6058 5740
f 5740 6058 6057
f 6067 6058 6233
f 6233 6058 6232
f 6233 6232 6234
f 6234 6232 5545
f 6234 5545 6235
f 6235 5545 5544
f 5606 6236 5543
f 5543 6236 5544
f 6235 5544 5539
f 5539 5544 6236
f 6237 6235 5542
f 5542 6235 5539
f 6235 6237 6234
f 6234 6237 6238
f 6234 6238 6233
f 6233 6238 6239
f 5653 6068 5650
f 5650 6068 6239
f 5642 5513 6240
f 6240 5513 5516
f 5539 6236 5540
f 5540 6236 5606
f 5636 5614 5637
f 5637 5614 5753
f 6239 5737 5650
f 5650 5737 5594
f 6239 6068 6233
f 6233 6068 6067
f 6075 6074 6159
f 6159 6074 5655
f 6057 6159 5740
f 5740 6159 5655
f 5515 5737 6238
f 6238 5737 6239
f 6238 6237 5515
f 5515 6237 5516
f 5542 6240 6237
f 6237 6240 5516
f 6240 5542 5642
f 5642 5542 5541
f 5702 5699 5541
f 5541 5699 5642
f 5582 5475 5717
f 5470 5443 5537
f 5537 5443 5504
f 5469 5444 5470
f 5470 5444 5443
f 5726 5557 5727
f 5727 5557 5556
f 5537 5504 5511
f 5511 5504 5506
f 5504 5503 5506
f 5506 5503 5507
f 5503 5455 5507
f 5507 5455 5581
f 5455 5454 5581
f 5581 5454 5456
f 5473 5453 5474
f 5474 5453 5729
f 5457 5454 5473
f 5473 5454 5453
f 5473 5472 5457
f 5457 5472 5686
f 5472 5548 5686
f 5686 5548 5687
f 5749 5693 5548
f 5548 5693 5687
f 5715 5532 5749
f 5749 5532 5693
f 5714 5486 5715
f 5715 5486 5532
f 5714 5710 5486
f 5486 5710 5449
f 5728 5578 5729
f 5729 5578 5577
f 5452 5445 5698
f 5698 5445 5558
f 5445 5444 5558
f 5558 5444 5556
f 5444 5469 5556
f 5556 5469 5727
f 5469 5468 5727
f 5727 5468 5555
f 5468 5747 5555
f 5555 5747 5552
f 5747 5700 5552
f 5552 5700 5716
f 5700 5699 5716
f 5716 5699 5717
f 5699 5702 5717
f 5717 5702 5582
f 5702 5701 5582
f 5582 5701 5583
f 5726 5479 5557
f 5557 5479 5483
f 5483 5479 5484
f 5484 5479 5482
f 5534 5533 5482
f 5482 5533 5484
f 5691 5688 5534
f 5534 5688 5533
f 5644 5647 5691
f 5691 5647 5688
f 5719 5746 5701
f 5701 5746 5583
f 5718 5497 5719
f 5719 5497 5746
f 5718 5605 5654
f 5654 5605 5638
f 5498 5654 5657
f 5657 5654 5633
f 5497 5718 5498
f 5498 5718 5654
f 5657 5527 5498
f 5498 5527 5494
f 5528 5570 5495
f 5495 5570 5521
f 5665 5668 5528
f 5528 5668 5570
f 5664 5671 5665
f 5665 5671 5668
f 5645 5741 5664
f 5664 5741 5671
f 5644 5696 5645
f 5645 5696 5741
f 5710 5575 5449
f 5449 5575 5450
f 5575 5578 5450
f 5450 5578 5698
f 5578 5728 5698
f 5698 5728 5452
f 5452 5728 5451
f 5451 5728 5453
f 3619 6241 3620
f 3620 6241 6242
f 6243 6244 3628
f 3628 6244 3629
f 6245 6246 3634
f 3634 6246 3631
f 6247 6248 3636
f 3636 6248 3637
f 6249 6250 3642
f 3642 6250 3639
f 3639 6250 3643
f 3643 6250 6251
f 3743 6252 3744
f 3744 6252 6253
f 6246 6243 3631
f 3631 6243 3628
f 3753 6254 3754
f 3754 6254 6255
f 3857 6256 3619
f 3619 6256 6241
f 6257 6245 3932
f 3932 6245 3634
f 6242 6247 3620
f 3620 6247 3636
f 6258 6259 3946
f 3946 6259 3947
f 6260 6249 3948
f 3948 6249 3642
f 6244 6258 3629
f 3629 6258 3946
f 3947 6259 3753
f 3753 6259 6254
f 6248 6260 3637
f 3637 6260 3948
f 3643 6251 3743
f 3743 6251 6252
f 3744 6253 3932
f 3932 6253 6257
f 6250 6249 6251
f 6251 6249 6252
f 6245 6261 6246
f 6246 6261 6262
f 6263 6264 6247
f 6247 6264 6248
f 6252 6265 6253
f 6253 6265 6266
f 6246 6262 6243
f 6243 6262 6267
f 6268 6261 6257
f 6257 6261 6245
f 6269 6263 6242
f 6242 6263 6247
f 6270 6271 6260
f 6260 6271 6249
f 6264 6270 6248
f 6248 6270 6260
f 6253 6266 6257
f 6257 6266 6268
f 6249 6271 6252
f 6252 6271 6265
f 6254 6259 6272
f 6272 6259 6273
f 6266 6265 6270
f 6270 6265 6271
f 6268 6266 6264
f 6264 6266 6270
f 6261 6268 6263
f 6263 6268 6264
f 6269 6262 6263
f 6263 6262 6261
f 4186 4185 6274
f 6274 4185 6275
f 6241 6276 6242
f 6242 6276 6269
f 6258 6244 6277
f 6277 6244 6278
f 6256 6279 6241
f 6241 6279 6276
f 6259 6258 6273
f 6273 6258 6277
f 6243 6267 6244
f 6244 6267 6278
f 6276 6267 6269
f 6269 6267 6262
f 6254 6272 6255
f 6255 6272 6280
f 3865 3713 3888
f 3888 3713 3685
f 5242 5233 3892
f 3892 5233 3711
f 3900 5243 3892
f 3892 5243 5242
f 3734 3866 3900
f 3900 3866 5243
f 4117 6281 4118
f 4118 6281 6282
f 4118 6282 4278
f 4278 6282 4879
f 4717 4887 4718
f 4718 4887 4280
f 4792 4278 4882
f 4882 4278 4879
f 4795 4792 6283
f 6283 4792 4882
f 4852 4851 5012
f 5012 4851 6284
f 4856 5207 4857
f 4857 5207 4858
f 4860 4279 4857
f 4857 4279 4854
f 4718 4280 4860
f 4860 4280 4279
f 4864 4863 4745
f 4745 4863 4742
f 5366 4867 5011
f 5011 4867 4866
f 4871 4884 4872
f 4872 4884 4883
f 4872 4883 4117
f 4117 4883 6281
f 6284 4851 6283
f 6283 4851 4795
f 4852 4866 4853
f 4853 4866 4865
f 4871 4870 4856
f 4856 4870 5207
f 4717 4716 4864
f 4864 4716 4861
f 4868 4867 4862
f 4862 4867 4863
f 4268 4855 4269
f 4269 4855 4854
f 4281 4274 4282
f 4282 4274 4765
f 4744 4743 4907
f 4907 4743 4904
f 4874 4881 4820
f 4820 4881 4880
f 4885 5013 4886
f 4886 5013 4980
f 4888 4275 4281
f 4281 4275 4274
f 4902 6282 4903
f 4903 6282 6281
f 6283 4979 6284
f 6284 4979 4978
f 4282 4765 4269
f 4269 4765 4266
f 4880 4879 4902
f 4902 4879 6282
f 4903 6281 4886
f 4886 6281 4883
f 4882 4881 6283
f 6283 4881 4979
f 5013 4885 4267
f 4267 4885 4268
f 4888 4887 4744
f 4744 4887 4745
f 4410 6285 4411
f 4411 6285 4812
f 4750 4749 6286
f 6286 4749 6287
f 6289 4695 6288
f 6288 4695 4255
f 4750 4675 4751
f 4751 4675 4965
f 6290 6291 4963
f 4963 6291 4960
f 4807 4806 4411
f 4411 4806 4408
f 6292 6293 4959
f 4959 6293 4956
f 4958 6294 4959
f 4959 6294 4955
f 4962 4964 4963
f 4963 4964 4805
f 4962 4961 4751
f 4751 4961 4748
f 6296 6297 6295
f 6295 6297 6298
f 6299 6300 6288
f 6288 6300 4735
f 6302 4961 6301
f 6301 4961 4960
f 6304 6287 6303
f 6303 6287 4749
f 4968 6305 4969
f 4969 6305 6306
f 4413 6308 6307
f 6307 6308 4900
f 6301 4960 6309
f 6309 4960 6291
f 4412 4408 6310
f 6310 4408 4806
f 4696 6311 4256
f 4256 6311 6312
f 6303 4749 6313
f 6313 4749 4748
f 6313 4748 6302
f 6302 4748 4961
f 6315 6316 6314
f 6314 6316 6317
f 4084 6318 6315
f 6315 6318 6316
f 4083 6319 4084
f 4084 6319 6318
f 4112 6320 4083
f 4083 6320 6319
f 6322 4138 6321
f 6321 4138 4137
f 6324 4128 6323
f 6323 4128 4127
f 4127 4193 6323
f 6323 4193 6325
f 4193 4891 6325
f 6325 4891 6326
f 4891 6327 6326
f 6326 6327 6328
f 6327 4824 5227
f 5227 4824 5228
f 5231 4684 6329
f 6329 4684 4683
f 4683 4099 6329
f 6329 4099 6330
f 4099 4102 6330
f 6330 4102 6331
f 4174 4826 4429
f 4429 4826 4829
f 4173 4741 4174
f 4174 4741 4826
f 4180 4738 4173
f 4173 4738 4741
f 6332 6333 4180
f 4180 6333 4738
f 6274 6334 4186
f 4186 6334 4188
f 4181 4825 4180
f 4180 4825 6332
f 5044 5213 5045
f 5045 5213 5165
f 5046 5087 5047
f 5047 5087 5222
f 5077 5063 5078
f 5078 5063 5198
f 5081 5099 5082
f 5082 5099 5194
f 5095 5074 5096
f 5096 5074 5073
f 5373 5170 5096
f 5096 5170 5093
f 5375 5171 5373
f 5373 5171 5170
f 5047 5222 5375
f 5375 5222 5171
f 5046 5038 5376
f 5376 5038 5067
f 5377 5086 5376
f 5376 5086 5085
f 5045 5165 5377
f 5377 5165 5086
f 5378 5214 5044
f 5044 5214 5213
f 5077 5034 5378
f 5378 5034 5214
f 5082 5194 5078
f 5078 5194 5035
f 5081 5080 5379
f 5379 5080 6335
f 5379 6335 5095
f 5095 6335 5074
f 5032 5080 5033
f 5033 5080 5079
f 5040 5017 5041
f 5041 5017 5016
f 5050 5043 5051
f 5051 5043 5042
f 5065 5023 5066
f 5066 5023 5022
f 5050 5049 5065
f 5065 5049 5023
f 5041 5016 5068
f 5068 5016 5020
f 5071 5374 5072
f 5072 5374 5200
f 5075 5156 5076
f 5076 5156 5155
f 5162 5212 5068
f 5068 5212 5067
f 5075 5074 5192
f 5192 5074 6335
f 5066 5022 5199
f 5199 5022 5196
f 5076 5155 5072
f 5072 5155 5069
f 5040 5039 5071
f 5071 5039 5374
f 5162 5161 5051
f 5051 5161 5048
f 5192 6335 5032
f 5032 6335 5080
f 5199 5196 5033
f 5033 5196 5030
f 5018 5211 5019
f 5019 5211 5408
f 5019 5408 5021
f 5021 5408 5163
f 5024 5057 5025
f 5025 5057 5415
f 5028 5048 5029
f 5029 5048 5161
f 5054 5031 5055
f 5055 5031 5030
f 5024 5023 5058
f 5058 5023 5049
f 5061 5070 5062
f 5062 5070 5069
f 5157 5438 5158
f 5158 5438 5442
f 5160 5191 5054
f 5054 5191 5031
f 5029 5161 5021
f 5021 5161 5020
f 5025 5415 5197
f 5197 5415 5220
f 5158 5442 5062
f 5062 5442 5059
f 5018 5017 5061
f 5061 5017 5070
f 5160 5159 5157
f 5157 5159 5438
f 5028 5027 5058
f 5058 5027 5056
f 5055 5030 5197
f 5197 5030 5196
f 5409 5380 5410
f 5410 5380 6336
f 5026 5413 5027
f 5027 5413 5412
f 5396 5417 5393
f 5393 5417 5416
f 5416 5057 5419
f 5419 5057 5056
f 5417 5396 5426
f 5426 5396 5420
f 5427 5423 5428
f 5428 5423 5422
f 5427 5059 5430
f 5430 5059 5442
f 5409 5408 5433
f 5433 5408 5211
f 5433 5211 5428
f 5428 5211 5060
f 5412 5411 5419
f 5419 5411 5418
f 5436 5053 5437
f 5437 5053 5052
f 5439 5402 5440
f 5440 5402 5401
f 5436 5435 5439
f 5439 5435 5402
f 5410 6336 5413
f 5413 6336 5414
f 5440 5401 5430
f 5430 5401 5429
f 5426 5420 5437
f 5437 5420 5434
f 5382 5432 5383
f 5383 5432 5384
f 5386 6336 5383
f 5383 6336 5380
f 6336 5386 5414
f 5414 5386 5388
f 5391 5418 5392
f 5392 5418 5411
f 5705 5395 5704
f 5704 5395 5394
f 5399 5435 5400
f 5400 5435 5434
f 5403 5441 5404
f 5404 5441 5405
f 5407 5429 5404
f 5404 5429 5401
f 5395 5705 5421
f 5421 5705 5748
f 5424 5706 5425
f 5425 5706 5431
f 5391 5390 5394
f 5394 5390 5704
f 5392 5388 5389
f 5389 5388 5387
f 5382 5381 5425
f 5425 5381 5422
f 5407 5406 5424
f 5424 5406 5706
f 5403 5402 5399
f 5399 5402 5435
f 5421 5748 5400
f 5400 5748 5397
f 4097 4721 4098
f 4098 4721 4231
f 4233 5273 4098
f 4098 5273 4095
f 6337 6338 4785
f 4785 6338 4786
f 4076 4780 4073
f 4073 4780 4781
f 4782 4190 4781
f 4781 4190 4073
f 4783 4901 4782
f 4782 4901 4190
f 4780 4076 4097
f 4097 4076 4721
f 6337 2879 4701
f 4701 2879 2878
f 5280 6339 5272
f 5272 6339 6340
f 5282 5281 6341
f 6341 5281 6342
f 4109 6302 4110
f 4110 6302 6301
f 4283 6304 4284
f 4284 6304 6303
f 6305 4379 6306
f 6306 4379 4378
f 4110 6301 4428
f 4428 6301 6309
f 6310 4688 4412
f 4412 4688 4687
f 4284 6303 4753
f 4753 6303 6313
f 4753 6313 4109
f 4109 6313 6302
f 6343 5226 4428
f 4428 5226 4427
f 4147 4900 4416
f 4416 4900 6308
f 6312 6311 4241
f 4241 6311 4720
f 5223 6344 4702
f 4702 6344 4699
f 4221 4220 6345
f 6345 4220 6346
f 5276 5275 6347
f 6347 5275 6348
f 5275 4728 6348
f 6348 4728 6349
f 4727 6350 5284
f 5284 6350 5285
f 6351 6352 6354
f 6354 6352 6353
f 5313 5312 5292
f 5292 5312 5293
f 5312 5344 5293
f 5293 5344 5337
f 5344 4914 5337
f 5337 4914 4916
f 4914 4913 4916
f 4916 4913 4917
f 4913 6355 4917
f 4917 6355 4978
f 6356 6357 6284
f 6284 6357 5012
f 6357 6358 5012
f 5012 6358 5011
f 5011 6358 5366
f 5366 6358 6359
f 6360 4742 6359
f 6359 4742 5366
f 4743 6361 4904
f 4904 6361 5364
f 5363 4905 5364
f 5364 4905 4904
f 5363 6362 4905
f 4905 6362 4207
f 6362 6363 4207
f 4207 6363 4208
f 6363 5342 4208
f 4208 5342 5330
f 5342 5341 5330
f 5330 5341 4244
f 5341 6364 4244
f 4244 6364 4245
f 6364 6365 4245
f 4245 6365 4246
f 6366 6367 4253
f 4253 6367 4250
f 4214 6368 4211
f 4211 6368 4380
f 4380 4379 4211
f 4211 4379 4283
f 4379 6305 4283
f 4283 6305 6304
f 6305 4968 6304
f 6304 4968 6287
f 4968 4967 6287
f 6287 4967 6286
f 4967 6297 6286
f 6286 6297 4676
f 6296 4376 4288
f 4288 4376 4285
f 4376 4373 4285
f 4285 4373 4290
f 6369 6370 6372
f 6372 6370 6371
f 5245 6373 5246
f 5246 6373 6374
f 4317 6375 4318
f 4318 6375 6376
f 4331 6377 4332
f 4332 6377 6378
f 6379 4333 6376
f 6376 4333 4318
f 4343 6380 4344
f 4344 6380 6381
f 4347 6382 4348
f 4348 6382 6383
f 4374 6371 4331
f 4331 6371 6377
f 4333 6379 4426
f 4426 6379 6384
f 4690 6385 4347
f 4347 6385 6382
f 4332 6378 4317
f 4317 6378 6375
f 4922 6386 4923
f 4923 6386 6387
f 6388 6389 4375
f 4375 6389 6390
f 6355 6356 4978
f 4978 6356 6284
f 4742 6360 4743
f 4743 6360 6361
f 6391 4238 6392
f 6392 4238 4719
f 6392 4719 6393
f 6393 4719 5296
f 6395 6396 6394
f 6394 6396 6397
f 6399 6400 6398
f 6398 6400 6401
f 6402 5302 6403
f 6403 5302 5303
f 5303 5321 6403
f 6403 5321 6404
f 5320 6405 5321
f 5321 6405 6404
f 5319 6406 5350
f 5350 6406 5351
f 5319 5318 6406
f 6406 5318 6407
f 5288 4197 6408
f 6408 4197 6409
f 4217 4216 6410
f 6410 4216 6411
f 5227 6412 6327
f 6327 6412 6328
f 4892 6413 5227
f 5227 6413 6412
f 4228 6414 4892
f 4892 6414 6413
f 4227 6415 4228
f 4228 6415 6414
f 4248 6416 4227
f 4227 6416 6415
f 4247 6417 4248
f 4248 6417 6416
f 6417 4247 6419
f 6419 4247 6418
f 6419 6418 6421
f 6421 6418 6420
f 6422 5301 6423
f 6423 5301 5300
f 6423 5300 6424
f 6424 5300 6399
f 6408 6409 6398
f 6398 6409 6425
f 6426 6427 6397
f 6397 6427 6394
f 6428 4224 6429
f 6429 4224 4223
f 6347 6346 5276
f 5276 6346 4220
f 6346 6347 6341
f 6341 6347 6339
f 5280 5278 5282
f 5282 5278 4236
f 4896 5224 4684
f 4684 5224 4681
f 4132 4135 4896
f 4896 4135 5224
f 4131 4136 4132
f 4132 4136 4135
f 4226 4754 4131
f 4131 4754 4136
f 4251 4213 4226
f 4226 4213 4754
f 4250 4214 4251
f 4251 4214 4213
f 4250 6367 4214
f 4214 6367 6368
f 6367 4910 6368
f 6368 4910 4737
f 4909 5297 4736
f 4736 5297 5296
f 5297 6395 5296
f 5296 6395 6393
f 6427 6430 6394
f 6394 6430 6431
f 6429 4383 6428
f 6428 4383 4382
f 4219 5277 4220
f 4220 5277 5276
f 4222 4697 4383
f 4383 4697 4218
f 6345 4699 4221
f 4221 4699 6344
f 6342 4700 6345
f 6345 4700 4699
f 4235 4786 5281
f 5281 4786 6338
f 4234 4787 4235
f 4235 4787 4786
f 5279 5278 6432
f 6432 5278 5271
f 4237 5279 6433
f 6433 5279 6432
f 4787 4234 6433
f 6433 4234 4237
f 6435 6436 6434
f 6434 6436 6437
f 6359 6438 6360
f 6360 6438 6437
f 6439 6440 6441
f 6441 6440 6438
f 6443 6439 6442
f 6442 6439 6441
f 6357 6356 6442
f 6442 6356 6444
f 6444 6446 6445
f 6445 6446 6447
f 4912 6446 4913
f 4913 6446 6355
f 6361 6436 5364
f 5364 6436 5365
f 5319 5350 5316
f 5316 5350 6448
f 4832 6449 5350
f 5350 6449 6448
f 4831 6450 4832
f 4832 6450 6449
f 5354 6451 5320
f 5320 6451 6405
f 4265 6452 5354
f 5354 6452 6451
f 4264 6453 4265
f 4265 6453 6452
f 6450 4831 6447
f 6447 4831 6445
f 4263 6435 4264
f 4264 6435 6434
f 6454 6453 6439
f 6439 6453 6440
f 6439 6443 6454
f 6454 6443 4834
f 4833 6455 4834
f 4834 6455 6454
f 5351 6456 4833
f 4833 6456 6455
f 6457 6391 6458
f 6458 6391 6392
f 6458 6392 6431
f 6431 6392 6393
f 5298 6396 5297
f 5297 6396 6395
f 6402 6400 5302
f 5302 6400 5299
f 6402 6403 6459
f 6459 6403 6460
f 6460 6403 6461
f 6461 6403 6404
f 6405 6462 6404
f 6404 6462 6461
f 6406 6462 5351
f 5351 6462 6456
f 6406 6407 6462
f 6462 6407 6461
f 6407 6463 6461
f 6461 6463 6460
f 6463 6464 6460
f 6460 6464 6459
f 6464 6465 6459
f 6459 6465 6401
f 6430 6466 6431
f 6431 6466 6458
f 6466 6410 6458
f 6458 6410 6457
f 6410 6411 6457
f 6457 6411 6467
f 6396 6424 6397
f 6397 6424 6425
f 6393 6395 6431
f 6431 6395 6394
f 6451 6456 6405
f 6405 6456 6462
f 6452 6455 6451
f 6451 6455 6456
f 6453 6454 6452
f 6452 6454 6455
f 6443 6445 4834
f 4834 6445 4831
f 6440 6453 6434
f 6434 6453 4264
f 6468 5306 5360
f 5360 5306 5305
f 6469 4124 6468
f 6468 4124 5306
f 6470 4125 6469
f 6469 4125 4124
f 6471 5291 6470
f 6470 5291 4125
f 6353 5292 6471
f 6471 5292 5291
f 5292 6353 5313
f 5313 6353 6352
f 5347 5314 6352
f 6352 5314 5313
f 5353 5318 5346
f 5346 5318 5317
f 5334 6468 5358
f 5358 6468 5360
f 5324 6469 5334
f 5334 6469 6468
f 5323 6470 5324
f 5324 6470 6469
f 5343 6471 5323
f 5323 6471 6470
f 6354 6353 5343
f 5343 6353 6471
f 6348 6349 4270
f 4270 6349 5311
f 5272 6340 5273
f 5273 6340 4272
f 6432 5271 4232
f 4232 5271 4233
f 4294 6432 4295
f 4295 6432 4232
f 6432 4294 6433
f 6433 4294 4301
f 4301 4300 6433
f 6433 4300 4787
f 4704 4784 4300
f 4300 4784 4787
f 4704 3013 4784
f 4784 3013 1307
f 5103 6472 5104
f 5104 6472 5202
f 5108 5116 5105
f 5105 5116 5115
f 5111 5124 5112
f 5112 5124 5123
f 5154 5205 5105
f 5105 5205 5106
f 5167 5180 5168
f 5168 5180 5185
f 5175 5188 5176
f 5176 5188 5187
f 5112 5123 5178
f 5178 5123 5120
f 5167 5090 5183
f 5183 5090 5089
f 5210 5151 5183
f 5183 5151 5181
f 5216 5138 5217
f 5217 5138 5137
f 5218 5119 5219
f 5219 5119 5221
f 5218 5178 5119
f 5119 5178 5120
f 5217 5137 5104
f 5104 5137 5101
f 5116 5108 5221
f 5221 5108 5219
f 5111 5110 5210
f 5210 5110 5151
f 5154 5153 5103
f 5103 5153 6472
f 5216 5215 5176
f 5176 5215 5173
f 5175 5174 5168
f 5168 5174 5166
f 5091 5172 5092
f 5092 5172 5208
f 5117 5037 5118
f 5118 5037 5036
f 5121 5164 5122
f 5122 5164 5133
f 5125 5084 5126
f 5126 5084 5083
f 5129 5174 5130
f 5130 5174 5173
f 5131 5202 5132
f 5132 5202 6472
f 5135 5221 5122
f 5122 5221 5119
f 5125 5124 5136
f 5136 5124 5209
f 5126 5083 5121
f 5121 5083 5164
f 5118 5036 5195
f 5195 5036 5193
f 5131 5097 5203
f 5203 5097 5114
f 5132 6472 5195
f 5195 6472 5153
f 5136 5209 5092
f 5092 5209 5089
f 5135 5134 5117
f 5117 5134 5037
f 5362 5206 5130
f 5130 5206 5127
f 5372 5371 5128
f 5128 5371 5129
f 5371 5372 5091
f 5091 5372 5172
f 5362 5215 5203
f 5203 5215 5201
f 6463 6407 5353
f 5353 6407 5318
f 6464 6463 5352
f 5352 6463 5353
f 6408 6465 5288
f 5288 6465 5289
f 4196 4224 6426
f 6426 4224 6427
f 6430 6427 6428
f 6428 6427 4224
f 6466 6430 4382
f 4382 6430 6428
f 6410 6466 4217
f 4217 6466 4382
f 4240 4239 3015
f 3015 4239 3016
f 4254 4257 3017
f 3017 4257 3018
f 6473 6474 4732
f 4732 6474 6475
f 6474 6374 6475
f 6475 6374 6373
f 5246 6374 3022
f 3022 6374 3023
f 4254 6299 4255
f 4255 6299 6288
f 6473 6300 3024
f 3024 6300 3025
f 6476 4257 6312
f 6312 4257 4256
f 4240 6476 4241
f 4241 6476 6312
f 6477 4239 6391
f 6391 4239 4238
f 6467 6477 6457
f 6457 6477 6391
f 6411 3029 6467
f 6467 3029 3028
f 4216 3030 6411
f 6411 3030 3029
f 6479 6480 6478
f 6478 6480 6481
f 6483 6484 6482
f 6482 6484 6485
f 6486 6487 4102
f 4102 6487 6331
f 6483 6488 6478
f 6478 6488 6489
f 4429 4829 6490
f 6490 4829 6479
f 6491 6486 4101
f 4101 6486 4102
f 4895 6491 4899
f 4899 6491 4101
f 4160 6488 4157
f 4157 6488 6492
f 6489 4087 6490
f 6490 4087 4090
f 4267 4261 5013
f 5013 4261 4260
f 4258 4261 5328
f 5328 4261 4975
f 4261 4267 4975
f 4975 4267 4266
f 5367 3793 3912
f 3912 3793 3575
f 6494 3616 6493
f 6493 3616 3795
f 6496 3589 6495
f 6495 3589 3588
f 6495 3588 5368
f 5368 3588 3794
f 3841 3840 3050
f 3050 3840 3051
f 3912 3911 3052
f 3052 3911 3053
f 3929 3930 3054
f 3054 3930 3055
f 5370 3930 3916
f 3916 3930 3923
f 3938 5369 3807
f 3807 5369 3915
f 3589 6496 3806
f 3806 6496 3937
f 3938 3937 3056
f 3056 3937 3057
f 3051 3840 3058
f 3058 3840 3943
f 3730 4808 3727
f 3727 4808 3943
f 3820 3951 3795
f 3795 3951 6493
f 3951 3841 3059
f 3059 3841 3050
f 3911 3574 6494
f 6494 3574 3616
f 3823 3929 3824
f 3824 3929 3952
f 4061 4060 3060
f 3060 4060 3061
f 6497 6498 4901
f 4901 6498 4790
f 6333 6499 4738
f 4738 6499 4739
f 6500 6501 6314
f 6314 6501 4418
f 6502 6275 4417
f 4417 6275 4185
f 6503 6497 4783
f 4783 6497 4901
f 6498 4060 4790
f 4790 4060 4059
f 4808 4061 3069
f 3069 4061 3060
f 5367 3071 5368
f 5368 3071 3070
f 5369 3073 5370
f 5370 3073 3072
f 6274 6275 3074
f 3074 6275 3075
f 6499 6504 4739
f 4739 6504 6317
f 6333 6332 3077
f 3077 6332 3078
f 6334 6274 3079
f 3079 6274 3074
f 6332 4825 3078
f 3078 4825 3080
f 6334 6503 4188
f 4188 6503 4783
f 4825 4689 3080
f 3080 4689 1330
f 6506 4747 6505
f 6505 4747 4746
f 6505 6507 6506
f 6506 6507 6508
f 4297 6509 4920
f 4920 6509 6510
f 4296 6511 4297
f 4297 6511 6509
f 6506 6508 4319
f 4319 6508 6512
f 4372 4371 6514
f 6514 4371 6513
f 6511 4296 5251
f 5251 4296 4305
f 5251 5250 6511
f 6511 5250 6515
f 6516 6509 6515
f 6515 6509 6511
f 6517 6507 6519
f 6519 6507 6518
f 6512 6520 6513
f 6513 6520 6514
f 6507 6517 6508
f 6508 6517 6521
f 5249 6523 6522
f 6522 6523 6524
f 6525 6370 5253
f 5253 6370 6526
f 4370 4323 4371
f 4371 4323 4326
f 4370 3103 4323
f 4323 3103 1541
f 6521 6517 6527
f 6527 6517 6519
f 6520 6528 6514
f 6514 6528 6529
f 6531 6532 6530
f 6530 6532 6533
f 5250 6534 6515
f 6515 6534 6535
f 6530 6533 6536
f 6536 6533 6537
f 6526 6538 6534
f 6534 6538 6537
f 6515 6535 6516
f 6516 6535 6539
f 4325 4321 4326
f 4326 4321 4320
f 4371 4326 6513
f 6513 4326 4320
f 6531 4731 6541
f 6541 4731 6540
f 4731 4730 6540
f 6540 4730 6542
f 4730 3121 6542
f 6542 3121 3120
f 6530 4328 6531
f 6531 4328 4731
f 4328 6530 4329
f 4329 6530 6536
f 4329 6536 6524
f 6524 6536 6543
f 6544 6545 6522
f 6522 6545 5248
f 6389 6388 5245
f 5245 6388 6373
f 6388 6546 6373
f 6373 6546 6475
f 4733 6546 6295
f 6295 6546 4377
f 4732 6475 4733
f 4733 6475 6546
f 4393 4432 4394
f 4394 4432 4435
f 4434 4672 4842
f 4842 4672 4671
f 4440 4439 4441
f 4441 4439 4438
f 4436 4450 4437
f 4437 4450 4398
f 4447 4444 4448
f 4448 4444 4392
f 4446 4464 4433
f 4433 4464 6547
f 4454 4423 4455
f 4455 4423 4422
f 4452 4481 4453
f 4453 4481 4480
f 4458 4389 4459
f 4459 4389 4388
f 4456 4471 4457
f 4457 4471 4468
f 4391 4460 4392
f 4392 4460 4448
f 4461 4467 4445
f 4445 4467 4465
f 4437 4398 4629
f 4629 4398 4397
f 4438 4628 4441
f 4441 4628 4631
f 4841 4629 4839
f 4839 4629 4397
f 4628 4842 4631
f 4631 4842 4671
f 4930 4989 4452
f 4452 4989 4481
f 4929 4927 4436
f 4436 4927 4450
f 4933 4387 4934
f 4934 4387 4386
f 4931 4475 4932
f 4932 4475 4474
f 4936 4449 4933
f 4933 4449 4387
f 4935 4472 4456
f 4456 4472 4471
f 4389 4458 4391
f 4391 4458 4460
f 4457 4468 4461
f 4461 4468 4467
f 4934 4386 4454
f 4454 4386 4423
f 4453 4480 4931
f 4931 4480 4475
f 4575 4997 4576
f 4576 4997 4639
f 4579 4596 4580
f 4580 4596 4595
f 4583 4582 4572
f 4572 4582 4569
f 4587 4944 4588
f 4588 4944 4562
f 4588 4562 4590
f 4590 4562 4561
f 4576 4639 4642
f 4642 4639 4638
f 4642 4845 4641
f 4641 4845 4846
f 4845 4590 4846
f 4846 4590 4561
f 4941 4938 4595
f 4595 4938 4580
f 4938 4940 4668
f 4668 4940 4669
f 4583 4942 4584
f 4584 4942 4947
f 4582 4587 4569
f 4569 4587 4586
f 5000 5001 4579
f 4579 5001 4596
f 4558 4560 4585
f 4585 4560 4586
f 4565 4639 4566
f 4566 4639 4997
f 4568 4567 4577
f 4577 4567 4578
f 4570 4554 4571
f 4571 4554 4556
f 4640 4565 4637
f 4637 4565 4546
f 4662 4664 4665
f 4665 4664 4844
f 4662 4558 4589
f 4589 4558 4585
f 4554 4570 4557
f 4557 4570 4560
f 4571 4667 4572
f 4572 4667 4943
f 4551 4670 4552
f 4552 4670 4666
f 4640 4664 4638
f 4638 4664 4663
f 4670 4568 4668
f 4668 4568 4577
f 4999 4996 4566
f 4566 4996 4543
f 4608 4564 4603
f 4603 4564 4563
f 4573 4593 4574
f 4574 4593 4592
f 4597 4614 4598
f 4598 4614 4613
f 4601 4600 4584
f 4584 4600 4581
f 4563 4562 4604
f 4604 4562 4944
f 4643 4593 4641
f 4641 4593 4573
f 4643 4847 4644
f 4644 4847 4848
f 4564 4847 4561
f 4561 4847 4846
f 4945 4941 4598
f 4598 4941 4595
f 4941 4945 4939
f 4939 4945 4946
f 4601 4948 4602
f 4602 4948 4620
f 4600 4604 4581
f 4581 4604 4944
f 5002 5003 4597
f 4597 5003 4614
f 4988 4759 4953
f 4953 4759 4402
f 4706 6548 4707
f 4707 6548 6549
f 4311 4928 4419
f 4419 4928 6550
f 4921 4920 6551
f 6551 4920 6552
f 4925 6553 4926
f 4926 6553 6554
f 4928 4921 4802
f 4802 4921 6551
f 6555 4985 6550
f 6550 4985 4419
f 4952 6556 4953
f 4953 6556 4649
f 4971 6557 4706
f 4706 6557 6548
f 4988 4648 4925
f 4925 4648 6553
f 4707 6549 5006
f 5006 6549 4987
f 4920 6510 6552
f 6552 6510 6518
f 6558 6510 6516
f 6516 6510 6509
f 6559 6558 6539
f 6539 6558 6516
f 6531 6541 6532
f 6532 6541 6560
f 6540 6561 6541
f 6541 6561 6529
f 6542 6562 6540
f 6540 6562 6561
f 6542 3120 6562
f 6562 3120 3142
f 4366 6563 4760
f 4760 6563 4970
f 4815 6564 4816
f 4816 6564 6565
f 3147 3146 6565
f 6565 3146 4816
f 6564 6563 6565
f 6565 6563 6566
f 4837 4385 4357
f 4357 4385 4358
f 6565 6566 3147
f 3147 6566 3149
f 4694 1209 3150
f 5247 5249 5248
f 5248 5249 6522
f 6372 6390 6545
f 6545 6390 6389
f 6375 5254 6376
f 6376 5254 5258
f 6377 6525 6378
f 6378 6525 5255
f 5260 6379 5258
f 5258 6379 6376
f 6380 6567 6381
f 6381 6567 6568
f 6382 6569 6383
f 6383 6569 6570
f 6377 6371 6525
f 6525 6371 6370
f 6379 5260 6384
f 6384 5260 6571
f 6385 6572 6382
f 6382 6572 6569
f 6378 5255 6375
f 6375 5255 5254
f 6386 6573 6387
f 6387 6573 6574
f 6545 6389 5248
f 5248 6389 5245
f 4675 4750 4676
f 4676 4750 6286
f 4734 6289 4735
f 4735 6289 6288
f 4804 6290 4805
f 4805 6290 4963
f 4811 4807 4812
f 4812 4807 4411
f 4954 6292 4955
f 4955 6292 4959
f 4964 4962 4965
f 4965 4962 4751
f 6285 4821 4812
f 4812 4821 4809
f 4675 4287 4965
f 4965 4287 4210
f 6294 4145 4955
f 4955 4145 4154
f 4964 4120 4805
f 4805 4120 4119
f 6298 4966 4734
f 4734 4966 6289
f 6300 6473 4735
f 4735 6473 4732
f 6297 6296 4676
f 4676 6296 4288
f 6523 3160 4330
f 4330 3160 3159
f 5253 5252 6525
f 6525 5252 5255
f 5256 5252 4305
f 4305 5252 5251
f 4304 5257 4305
f 4305 5257 5256
f 4424 5259 4304
f 4304 5259 5257
f 5261 6571 5259
f 5259 6571 5260
f 5262 6573 5261
f 5261 6573 6571
f 5264 6567 5265
f 5265 6567 6574
f 5266 6572 5267
f 5267 6572 6568
f 5268 6570 5269
f 5269 6570 6569
f 1807 3161 5268
f 5268 3161 6570
f 6524 6523 4329
f 4329 6523 4330
f 5253 6526 5250
f 5250 6526 6534
f 6543 6538 6544
f 6544 6538 6369
f 6524 6543 6522
f 6522 6543 6544
f 3071 5367 3052
f 3052 5367 3912
f 6493 3163 6494
f 6494 3163 3162
f 3164 445 3771
f 3771 445 3761
f 461 3165 3919
f 3919 3165 3920
f 330 410 3839
f 3839 410 3910
f 332 331 3552
f 3552 331 3551
f 464 304 3918
f 3918 304 3816
f 385 458 3766
f 3766 458 3894
f 412 415 3762
f 3762 415 3763
f 3166 337 3748
f 3748 337 3745
f 3072 3055 5370
f 5370 3055 3930
f 3073 5369 3056
f 3056 5369 3938
f 3167 3057 6496
f 6496 3057 3937
f 3069 3058 4808
f 4808 3058 3943
f 411 3166 3851
f 3851 3166 3748
f 3059 3163 3951
f 3951 3163 6493
f 336 3164 3772
f 3772 3164 3771
f 3053 3911 3162
f 3162 3911 6494
f 3054 3168 3929
f 3929 3168 3952
f 3165 830 3920
f 3920 830 3945
f 3170 3169 6497
f 6497 3169 6498
f 3171 1354 5005
f 5005 1354 4830
f 3172 3170 6503
f 6503 3170 6497
f 3169 3061 6498
f 6498 3061 4060
f 3173 3171 5006
f 5006 3171 5005
f 3079 3172 6334
f 6334 3172 6503
f 3174 3025 6299
f 6299 3025 6300
f 6576 6577 6575
f 6575 6577 6578
f 4612 4611 6579
f 6579 4611 6580
f 6582 6583 6581
f 6581 6583 6584
f 6584 6585 4618
f 4618 6585 4621
f 6586 6587 6589
f 6589 6587 6588
f 6588 6587 6590
f 6590 6587 6591
f 6592 4606 6590
f 6590 4606 4623
f 6594 6576 6593
f 6593 6576 6575
f 6595 6582 6579
f 6579 6582 6581
f 6580 6597 6596
f 6596 6597 6598
f 6577 6576 6599
f 6599 6576 6600
f 6595 6596 6601
f 6601 6596 6602
f 6583 6582 6603
f 6603 6582 6604
f 6586 6606 6605
f 6605 6606 6607
f 6587 6586 6608
f 6608 6586 6605
f 6587 6608 6591
f 6591 6608 6609
f 6576 6594 6600
f 6600 6594 6610
f 6582 6595 6604
f 6604 6595 6601
f 6599 6611 6577
f 6577 6611 6598
f 6613 6614 6612
f 6612 6614 6615
f 6617 6618 6616
f 6616 6618 6619
f 6621 6622 6620
f 6620 6622 6623
f 6625 6626 6624
f 6624 6626 6627
f 6629 6630 6628
f 6628 6630 6631
f 6633 6634 6632
f 6632 6634 6635
f 6637 6638 6636
f 6636 6638 6639
f 6640 6641 6637
f 6637 6641 6638
f 6643 6633 6642
f 6642 6633 6632
f 6645 6646 6644
f 6644 6646 6647
f 6646 6648 6647
f 6647 6648 6649
f 6651 6652 6650
f 6650 6652 6653
f 6653 6652 6654
f 6654 6652 6655
f 6656 6657 6659
f 6659 6657 6658
f 6661 6662 6660
f 6660 6662 6663
f 6662 6661 6664
f 6664 6661 6665
f 6667 6657 6666
f 6666 6657 6656
f 6669 6670 6668
f 6668 6670 6671
f 6672 6673 6670
f 6670 6673 6671
f 6674 6675 6677
f 6677 6675 6676
f 6675 6678 6676
f 6676 6678 6679
f 6681 6682 6680
f 6680 6682 6683
f 6684 6685 6683
f 6683 6685 6680
f 6687 6688 6686
f 6686 6688 6689
f 6687 6690 6688
f 6688 6690 6691
f 6619 6618 6633
f 6633 6618 6634
f 6632 6635 6693
f 6693 6635 6692
f 6617 6694 6636
f 6636 6694 6637
f 6695 6692 6639
f 6639 6692 6635
f 6637 6694 6640
f 6640 6694 6696
f 6698 6638 6697
f 6697 6638 6641
f 6643 6616 6633
f 6633 6616 6619
f 6642 6699 6641
f 6641 6699 6697
f 6646 6645 6700
f 6700 6645 6621
f 6644 6701 6654
f 6654 6701 6702
f 6700 6703 6646
f 6646 6703 6648
f 6693 6704 6649
f 6649 6704 6647
f 6620 6623 6651
f 6651 6623 6652
f 6693 6649 6699
f 6699 6649 6650
f 6652 6623 6655
f 6655 6623 6622
f 6654 6702 6653
f 6653 6702 6697
f 6615 6614 6657
f 6657 6614 6658
f 6705 6656 6704
f 6704 6656 6659
f 6613 6706 6660
f 6660 6706 6661
f 6704 6659 6701
f 6701 6659 6663
f 6661 6706 6665
f 6665 6706 6707
f 6708 6702 6664
f 6664 6702 6662
f 6612 6615 6667
f 6667 6615 6657
f 6666 6709 6664
f 6664 6709 6708
f 6629 6710 6669
f 6669 6710 6670
f 6668 6711 6679
f 6679 6711 6712
f 6713 6672 6710
f 6710 6672 6670
f 6714 6671 6705
f 6705 6671 6673
f 6628 6631 6674
f 6674 6631 6675
f 6705 6673 6709
f 6709 6673 6677
f 6631 6630 6675
f 6675 6630 6678
f 6712 6708 6679
f 6679 6708 6676
f 6625 6715 6682
f 6682 6715 6683
f 6716 6717 6681
f 6681 6717 6691
f 6718 6684 6715
f 6715 6684 6683
f 6719 6680 6714
f 6714 6680 6685
f 6624 6627 6686
f 6686 6627 6687
f 6689 6711 6685
f 6685 6711 6714
f 6627 6626 6687
f 6687 6626 6690
f 6717 6712 6691
f 6691 6712 6688
f 6612 6707 6613
f 6613 6707 6706
f 6616 6696 6617
f 6617 6696 6694
f 6703 6700 6620
f 6620 6700 6621
f 6715 6625 6718
f 6718 6625 6624
f 6710 6629 6713
f 6713 6629 6628
f 6639 6635 6636
f 6636 6635 6634
f 6641 6640 6642
f 6642 6640 6643
f 6654 6655 6644
f 6644 6655 6645
f 6651 6650 6648
f 6648 6650 6649
f 6659 6658 6663
f 6663 6658 6660
f 6665 6667 6664
f 6664 6667 6666
f 6678 6669 6679
f 6679 6669 6668
f 6673 6672 6677
f 6677 6672 6674
f 6690 6682 6691
f 6691 6682 6681
f 6685 6684 6689
f 6689 6684 6686
f 6636 6634 6617
f 6617 6634 6618
f 6638 6698 6639
f 6639 6698 6695
f 6640 6696 6643
f 6643 6696 6616
f 6693 6699 6632
f 6632 6699 6642
f 6655 6622 6645
f 6645 6622 6621
f 6704 6701 6647
f 6647 6701 6644
f 6651 6648 6620
f 6620 6648 6703
f 6650 6653 6699
f 6699 6653 6697
f 6613 6660 6614
f 6614 6660 6658
f 6663 6662 6701
f 6701 6662 6702
f 6665 6707 6667
f 6667 6707 6612
f 6705 6709 6656
f 6656 6709 6666
f 6630 6629 6678
f 6678 6629 6669
f 6714 6711 6671
f 6671 6711 6668
f 6672 6713 6674
f 6674 6713 6628
f 6677 6676 6709
f 6709 6676 6708
f 6626 6625 6690
f 6690 6625 6682
f 6680 6719 6681
f 6681 6719 6716
f 6684 6718 6686
f 6686 6718 6624
f 6711 6689 6712
f 6689 6688 6712
f 6593 6720 6594
f 6594 6720 6721
f 6722 6720 4607
f 4607 6720 4849
f 6592 6723 6722
f 6722 6723 6724
f 4610 4609 6578
f 6578 4609 6575
f 6596 6595 6580
f 6580 6595 6579
f 4618 4617 6584
f 6584 4617 6581
f 6589 6585 6586
f 6586 6585 6606
f 4622 4619 6588
f 6588 4619 6589
f 4622 6588 4623
f 4623 6588 6590
f 4609 4645 6575
f 6575 4645 6593
f 4617 4612 6581
f 6581 4612 6579
f 5004 4610 6597
f 6597 4610 6578
f 4645 4849 6593
f 6593 4849 6720
f 6724 6721 6722
f 6722 6721 6720
f 6722 4607 6592
f 6592 4607 4606
f 6725 6610 6721
f 6721 6610 6594
f 6723 6726 6724
f 6724 6726 6727
f 6727 6725 6724
f 6724 6725 6721
f 6728 6729 6605
f 6605 6729 6608
f 6605 6607 6728
f 6728 6607 6730
f 6731 6732 6604
f 6604 6732 6603
f 6733 6734 6725
f 6725 6734 6610
f 6735 6733 6727
f 6727 6733 6725
f 6735 6727 6736
f 6736 6727 6726
f 6591 6609 6723
f 6723 6609 6726
f 6723 6592 6591
f 6591 6592 6590
f 6738 6739 6737
f 6737 6739 6740
f 6740 6739 6742
f 6742 6739 6741
f 6743 6744 6741
f 6741 6744 6742
f 6745 6746 6743
f 6743 6746 6744
f 6747 6748 6745
f 6745 6748 6746
f 6749 6750 6747
f 6747 6750 6748
f 6752 6738 6751
f 6751 6738 6737
f 6754 6752 6753
f 6753 6752 6751
f 6756 6754 6755
f 6755 6754 6753
f 6758 6750 6757
f 6757 6750 6749
f 6760 6756 6759
f 6759 6756 6755
f 6762 6760 6761
f 6761 6760 6759
f 6764 6762 6763
f 6763 6762 6761
f 6757 6764 6758
f 6758 6764 6763
f 6766 6741 6765
f 6765 6741 6739
f 6767 6743 6766
f 6766 6743 6741
f 6768 6745 6767
f 6767 6745 6743
f 6769 6747 6768
f 6768 6747 6745
f 6770 6749 6769
f 6769 6749 6747
f 6772 6769 6771
f 6771 6769 6768
f 6773 6770 6772
f 6772 6770 6769
f 6774 6775 6772
f 6772 6775 6773
f 6777 6778 6776
f 6776 6778 6779
f 6775 6774 6778
f 6778 6774 6779
f 6771 6780 6772
f 6772 6780 6774
f 6780 6781 6774
f 6774 6781 6779
f 6781 6782 6779
f 6779 6782 6776
f 6784 6785 6783
f 6783 6785 6786
f 6786 6787 6783
f 6783 6787 6788
f 6790 6788 6789
f 6789 6788 6787
f 6786 6785 6791
f 6791 6785 6792
f 6791 6793 6786
f 6786 6793 6787
f 6793 6794 6787
f 6787 6794 6789
f 6795 6796 6794
f 6794 6796 6789
f 6790 6789 6797
f 6797 6789 6796
f 6798 6765 6738
f 6738 6765 6739
f 6799 6798 6752
f 6752 6798 6738
f 6767 6800 6768
f 6768 6800 6771
f 6766 6801 6767
f 6767 6801 6800
f 6802 6801 6765
f 6765 6801 6766
f 6798 6803 6765
f 6765 6803 6802
f 6804 6803 6799
f 6799 6803 6798
f 6805 6806 6804
f 6804 6806 6803
f 6807 6799 6754
f 6754 6799 6752
f 6808 6804 6807
f 6807 6804 6799
f 6809 6805 6808
f 6808 6805 6804
f 6810 6811 6805
f 6805 6811 6806
f 6812 6813 6810
f 6810 6813 6811
f 6814 6815 6796
f 6796 6815 6797
f 6813 6814 6816
f 6816 6814 6817
f 6816 6818 6813
f 6813 6818 6811
f 6819 6806 6818
f 6818 6806 6811
f 6802 6803 6819
f 6819 6803 6806
f 6757 6749 6820
f 6820 6749 6770
f 6820 6770 6821
f 6821 6770 6773
f 6821 6773 6822
f 6822 6773 6775
f 6822 6775 6823
f 6823 6775 6778
f 6824 6823 6777
f 6777 6823 6778
f 6784 6825 6777
f 6777 6825 6824
f 6826 6827 6788
f 6788 6827 6783
f 6828 6826 6790
f 6790 6826 6788
f 6829 6828 6797
f 6797 6828 6790
f 6815 6830 6797
f 6797 6830 6829
f 6832 6812 6831
f 6831 6812 6810
f 6831 6810 6809
f 6809 6810 6805
f 6736 6800 6735
f 6735 6800 6801
f 6733 6735 6802
f 6802 6735 6801
f 6734 6733 6819
f 6819 6733 6802
f 6833 6734 6818
f 6818 6734 6819
f 6834 6833 6816
f 6816 6833 6818
f 6816 6817 6834
f 6834 6817 6835
f 6837 6795 6836
f 6836 6795 6794
f 6836 6794 6731
f 6731 6794 6793
f 6732 6731 6791
f 6791 6731 6793
f 6791 6792 6732
f 6732 6792 6730
f 6729 6728 6781
f 6781 6728 6782
f 6838 6807 6756
f 6756 6807 6754
f 6839 6838 6760
f 6760 6838 6756
f 6840 6839 6762
f 6762 6839 6760
f 6841 6840 6764
f 6764 6840 6762
f 6820 6841 6757
f 6757 6841 6764
f 6841 6820 6842
f 6842 6820 6821
f 6840 6841 6843
f 6843 6841 6842
f 6839 6840 6844
f 6844 6840 6843
f 6838 6839 6845
f 6845 6839 6844
f 6807 6838 6808
f 6808 6838 6845
f 6842 6821 6846
f 6846 6821 6822
f 6843 6842 6847
f 6847 6842 6846
f 6844 6843 6848
f 6848 6843 6847
f 6845 6844 6849
f 6849 6844 6848
f 6808 6845 6809
f 6809 6845 6849
f 6850 6831 6849
f 6849 6831 6809
f 6851 6850 6848
f 6848 6850 6849
f 6847 6852 6848
f 6848 6852 6851
f 6853 6852 6846
f 6846 6852 6847
f 6846 6822 6853
f 6853 6822 6823
f 6853 6823 6854
f 6854 6823 6824
f 6854 6855 6853
f 6853 6855 6852
f 6856 6851 6855
f 6855 6851 6852
f 6856 6857 6851
f 6851 6857 6850
f 6857 6832 6850
f 6850 6832 6831
f 6825 6858 6824
f 6824 6858 6854
f 6860 6827 6859
f 6859 6827 6826
f 6859 6826 6861
f 6861 6826 6828
f 6862 6861 6829
f 6829 6861 6828
f 6830 6863 6829
f 6829 6863 6862
f 6863 6864 6862
f 6862 6864 6865
f 6858 6866 6854
f 6854 6866 6855
f 6867 6865 6866
f 6866 6865 6864
f 6869 6859 6868
f 6868 6859 6861
f 6867 6869 6865
f 6865 6869 6868
f 6861 6862 6868
f 6868 6862 6865
f 6867 6860 6869
f 6869 6860 6859
f 6753 6751 6698
f 6698 6751 6695
f 6697 6755 6698
f 6698 6755 6753
f 6759 6755 6702
f 6702 6755 6697
f 6761 6759 6708
f 6708 6759 6702
f 6763 6761 6712
f 6712 6761 6708
f 6758 6763 6717
f 6717 6763 6712
f 6750 6758 6716
f 6716 6758 6717
f 6719 6748 6716
f 6716 6748 6750
f 6714 6746 6719
f 6719 6746 6748
f 6705 6744 6714
f 6714 6744 6746
f 6704 6742 6705
f 6705 6742 6744
f 6740 6742 6693
f 6693 6742 6704
f 6737 6740 6692
f 6692 6740 6693
f 6751 6737 6695
f 6695 6737 6692
f 6601 6602 6836
f 6836 6602 6837
f 6604 6601 6731
f 6731 6601 6836
f 6599 6600 6834
f 6834 6600 6833
f 6834 6835 6599
f 6599 6835 6611
f 6600 6610 6833
f 6833 6610 6734
f 6780 6771 6870
f 6870 6771 6736
f 6736 6771 6800
f 6870 6729 6780
f 6780 6729 6781
f 6608 6729 6609
f 6609 6729 6870
f 6609 6870 6726
f 6726 6870 6736
f 5014 5015 5229
f 5229 5015 5230
f 4258 5015 4259
f 4259 5015 4878
f 3471 3013 4703
f 4703 3013 4704
f 2879 6337 1306
f 1306 6337 4785
f 829 3471 4316
f 4316 3471 4703
f 4702 3472 5223
f 5223 3472 1756
f 6871 6872 4534
f 4534 6872 4535
f 6871 4665 6872
f 6872 4665 4844
f 6871 6873 4665
f 4665 6873 4559
f 6871 4534 6873
f 6873 4534 4542
f 4153 4152 4822
f 4822 4152 4407
f 4152 4168 4407
f 4407 4168 4342
f 4343 4168 4923
f 4923 4168 4167
f 4363 4362 4972
f 4972 4362 4840
f 4362 4394 4840
f 4840 4394 4839
f 4401 4400 4986
f 4986 4400 4984
f 4435 4434 4841
f 4841 4434 4842
f 4506 4505 4530
f 4530 4505 4531
f 4506 4535 4507
f 4507 4535 4843
f 4661 4660 4516
f 4516 4660 4517
f 4673 4672 4937
f 4937 4672 6547
f 4400 4924 4984
f 4984 4924 5263
f 4673 4660 4674
f 4674 4660 4659
f 4505 4661 4531
f 4531 4661 4516
f 4952 4401 6874
f 6874 4401 4986
f 4954 4153 6875
f 6875 4153 4822
f 4363 4973 4364
f 4364 4973 4974
f 5264 4924 5267
f 5267 4924 4691
f 6293 6292 6876
f 6876 6292 6877
f 6380 4343 6387
f 6387 4343 4923
f 4394 4435 4839
f 4839 4435 4841
f 4672 4434 6547
f 6547 4434 4433
f 4973 6556 4974
f 4974 6556 6878
f 6567 6380 6574
f 6574 6380 6387
f 6292 4954 6877
f 6877 4954 6875
f 6567 5264 6568
f 6568 5264 5267
f 4145 4144 4154
f 4154 4144 4151
f 4194 4144 4425
f 4425 4144 4143
f 4355 4354 5263
f 5263 4354 4984
f 4360 4359 4364
f 4364 4359 4361
f 4444 4359 4392
f 4392 4359 4337
f 4447 4446 4432
f 4432 4446 4433
f 4464 4463 6547
f 6547 4463 4937
f 4519 4518 4654
f 4654 4518 4509
f 4533 4532 4499
f 4499 4532 4498
f 4533 4542 4530
f 4530 4542 4534
f 4519 4532 4516
f 4516 4532 4531
f 4922 4194 4426
f 4426 4194 4425
f 4463 4518 4937
f 4937 4518 4517
f 6555 4951 6874
f 6874 4951 6878
f 4958 4957 6290
f 6290 4957 6291
f 4334 4360 4712
f 4712 4360 4950
f 4985 4354 4419
f 4419 4354 4353
f 5262 4355 5265
f 5265 4355 5263
f 6294 4958 4804
f 4804 4958 6290
f 6386 4922 6384
f 6384 4922 4426
f 4444 4447 4393
f 4393 4447 4432
f 4464 4446 4465
f 4465 4446 4445
f 4985 6555 4986
f 4986 6555 6874
f 6573 6386 6571
f 6571 6386 6384
f 4145 6294 4146
f 4146 6294 4804
f 6573 5262 6574
f 6574 5262 5265
f 4542 4541 6873
f 6873 4541 4559
f 4535 6872 4843
f 4843 6872 4844
f 4104 4103 6879
f 6879 4103 6343
f 4105 6293 6307
f 6307 6293 6876
f 4104 4956 4105
f 4105 4956 6293
f 4956 4104 4957
f 4957 4104 6879
f 4957 6879 6291
f 6291 6879 6309
f 4648 4988 4649
f 4649 4988 4953
f 4802 4803 4928
f 4928 4803 6550
f 6550 4803 6555
f 6555 4803 4951
f 1516 3173 4987
f 4987 3173 5006
f 6519 6518 6558
f 6558 6518 6510
f 6527 6519 6559
f 6559 6519 6558
f 6528 6560 6529
f 6529 6560 6541
f 6548 4625 6549
f 6549 4625 4624
f 6551 6552 4746
f 4746 6552 6505
f 6553 4711 6554
f 6554 4711 4710
f 4802 6551 4713
f 4713 6551 4746
f 6556 4973 4649
f 4649 4973 4646
f 6557 4949 6548
f 6548 4949 4625
f 4648 4647 6553
f 6553 4647 4711
f 6549 4624 4987
f 4987 4624 4838
f 6552 6518 6505
f 6505 6518 6507
f 6561 4372 6529
f 6529 4372 6514
f 6562 4369 6561
f 6561 4369 4372
f 3142 3482 6562
f 6562 3482 4369
f 6556 4952 6878
f 6878 4952 6874
f 4951 4950 6878
f 6878 4950 4974
f 3168 440 3952
f 4204 4203 5341
f 5341 4203 6364
f 4219 4222 6429
f 6429 4222 4383
f 4319 4322 6506
f 6506 4322 4747
f 4340 4714 4341
f 4341 4714 4384
f 4375 4377 6388
f 6388 4377 6546
f 4378 4381 6311
f 6311 4381 4720
f 4449 4341 4387
f 4387 4341 4384
f 4473 4472 4477
f 4477 4472 4474
f 4492 4491 4487
f 4487 4491 4488
f 4523 4491 4522
f 4522 4491 4490
f 4492 4538 4493
f 4493 4538 4555
f 4538 4553 4555
f 4555 4553 4556
f 4620 4615 4621
f 4621 4615 4618
f 4652 4651 4368
f 4368 4651 4365
f 4523 4655 4524
f 4524 4655 4656
f 4553 4667 4556
f 4556 4667 4571
f 4651 1210 4365
f 4365 1210 1209
f 4698 4697 5223
f 5223 4697 6344
f 4340 4339 4322
f 4322 4339 4747
f 4726 4729 5287
f 5287 4729 4198
f 4381 4380 4737
f 4737 4380 6368
f 4836 4835 4451
f 4451 4835 4709
f 4910 6367 4911
f 4911 6367 6366
f 4912 4915 6450
f 6450 4915 6449
f 4927 4836 4450
f 4450 4836 4451
f 4930 4929 4439
f 4439 4929 4436
f 4936 4935 4459
f 4459 4935 4456
f 4473 4655 4470
f 4470 4655 4510
f 4942 4583 4943
f 4943 4583 4572
f 4948 4601 4947
f 4947 4601 4584
f 4949 4835 4625
f 4625 4835 4626
f 4966 4969 6289
f 6289 4969 4695
f 4971 4652 4926
f 4926 4652 4368
f 4203 4977 6364
f 6364 4977 6365
f 4990 4989 4443
f 4443 4989 4440
f 4990 4991 4478
f 4478 4991 4512
f 4992 4991 4528
f 4528 4991 4515
f 4992 4993 4527
f 4527 4993 4485
f 4994 4993 4502
f 4502 4993 4503
f 4994 4995 4482
f 4482 4995 4550
f 4543 4996 4544
f 4544 4996 4995
f 4999 4998 4567
f 4567 4998 4578
f 5000 4998 4575
f 4575 4998 4997
f 5002 5001 4592
f 4592 5001 4574
f 5003 5004 4614
f 4614 5004 4611
f 3483 4215 1755
f 1755 4215 4698
f 5274 5277 4195
f 4195 5277 4223
f 4726 5295 4727
f 4727 5295 6350
f 5309 5342 5310
f 5310 5342 6363
f 5315 5314 5316
f 5316 5314 5317
f 5339 6362 5340
f 5340 6362 5363
f 5310 6363 5339
f 5339 6363 6362
f 4204 5309 4201
f 4201 5309 5308
f 4915 5345 6449
f 6449 5345 6448
f 5345 5315 6448
f 6448 5315 5316
f 5348 5347 6351
f 6351 5347 6352
f 5365 4263 5340
f 5340 4263 4262
f 6295 6298 4733
f 4733 6298 4734
f 4969 6306 4695
f 4695 6306 4696
f 6306 4378 4696
f 4696 4378 6311
f 6369 6372 6544
f 6544 6372 6545
f 4375 6390 4373
f 4373 6390 4374
f 6421 6422 4911
f 4911 6422 4908
f 4910 4909 4737
f 4737 4909 4736
f 5277 4219 4223
f 4223 4219 6429
f 4697 4222 6344
f 6344 4222 4221
f 6436 6361 6437
f 6437 6361 6360
f 6438 6440 6437
f 6437 6440 6434
f 6438 6359 6441
f 6441 6359 6358
f 6442 6441 6357
f 6357 6441 6358
f 6442 6444 6443
f 6443 6444 6445
f 6446 6444 6355
f 6355 6444 6356
f 6446 4912 6447
f 6447 4912 6450
f 6436 6435 5365
f 5365 6435 4263
f 5314 5347 5317
f 5317 5347 5346
f 4319 6512 4320
f 4320 6512 6513
f 6520 6512 6521
f 6521 6512 6508
f 6528 6520 6527
f 6527 6520 6521
f 6532 6539 6533
f 6533 6539 6535
f 6533 6535 6537
f 6537 6535 6534
f 6538 6543 6537
f 6537 6543 6536
f 6295 4377 6296
f 6296 4377 4376
f 4989 4930 4440
f 4440 4930 4439
f 4927 4929 4422
f 4422 4929 4455
f 4449 4936 4388
f 4388 4936 4459
f 4472 4935 4474
f 4474 4935 4932
f 4942 4940 4947
f 4947 4940 4939
f 5001 5000 4574
f 4574 5000 4575
f 4669 4943 4666
f 4666 4943 4667
f 4996 4999 4547
f 4547 4999 4567
f 4948 4946 4620
f 4620 4946 4615
f 5003 5002 4591
f 4591 5002 4592
f 6557 4971 6554
f 6554 4971 4926
f 6532 6560 6539
f 6539 6560 6559
f 6390 6372 4374
f 4374 6372 6371
f 4966 6298 4967
f 4967 6298 6297
f 6538 6526 6369
f 6369 6526 6370
f 6585 6589 4621
f 4621 6589 4619
f 6597 6578 6598
f 6598 6578 6577
f 6606 6583 6607
f 6607 6583 6603
f 6611 6602 6598
f 6598 6602 6596
f 6585 6584 6606
f 6606 6584 6583
f 6597 6580 5004
f 5004 6580 4611
f 6607 6603 6730
f 6730 6603 6732
f 6776 6785 6777
f 6777 6785 6784
f 6785 6776 6792
f 6792 6776 6782
f 6815 6814 6812
f 6812 6814 6813
f 6817 6814 6795
f 6795 6814 6796
f 6825 6784 6827
f 6827 6784 6783
f 6830 6815 6832
f 6832 6815 6812
f 6817 6795 6835
f 6835 6795 6837
f 6792 6782 6730
f 6730 6782 6728
f 6858 6825 6860
f 6860 6825 6827
f 6863 6830 6857
f 6857 6830 6832
f 6864 6863 6856
f 6856 6863 6857
f 6866 6858 6867
f 6867 6858 6860
f 6866 6864 6855
f 6855 6864 6856
f 6835 6837 6611
f 6611 6837 6602
f 6560 6528 6559
f 6559 6528 6527
f 4949 6557 4710
f 4710 6557 6554
f 4430 4090 4175
f 4175 4090 4089
f 4777 4113 4155
f 4155 4113 4086
f 4175 4089 4176
f 4176 4089 4142
f 4199 4271 4200
f 4200 4271 4798
f 4199 4095 4272
f 4272 4095 5273
f 4406 4405 4404
f 4404 4405 4346
f 4410 4409 6877
f 6877 4409 6876
f 4409 4413 6876
f 6876 4413 6307
f 4415 4148 4416
f 4416 4148 4147
f 4690 4405 4344
f 4344 4405 4342
f 4693 4692 4352
f 4352 4692 4349
f 4701 4700 6337
f 6337 4700 6338
f 4778 4777 4081
f 4081 4777 4155
f 4821 4406 4809
f 4809 4406 4404
f 4176 4142 4181
f 4181 4142 4415
f 4760 4970 4399
f 4399 4970 4692
f 4200 5007 4096
f 4096 5007 4078
f 5266 4693 5269
f 5269 4693 4352
f 5270 5007 5361
f 5361 5007 4797
f 4778 5270 4779
f 4779 5270 5361
f 6285 4410 6875
f 6875 4410 6877
f 6308 4413 4687
f 4687 4413 4412
f 6480 6320 6481
f 6481 6320 6880
f 4701 2878 4702
f 4702 2878 3472
f 6339 6347 6340
f 6340 6347 6348
f 6341 6342 6346
f 6346 6342 6345
f 4416 6308 4414
f 4414 6308 4687
f 6385 4690 6381
f 6381 4690 4344
f 5282 6341 5280
f 5280 6341 6339
f 4700 6342 6338
f 6338 6342 5281
f 6340 6348 4272
f 4272 6348 4270
f 6480 6479 4828
f 4828 6479 4829
f 6490 6479 6489
f 6489 6479 6478
f 4090 4430 6490
f 6490 4430 4429
f 6563 6564 4970
f 4970 6564 4815
f 4694 6566 4366
f 4366 6566 6563
f 6572 6385 6568
f 6568 6385 6381
f 4821 6285 4822
f 4822 6285 6875
f 6572 5266 6569
f 6569 5266 5269
f 3482 3103 4369
f 4369 3103 4370
f 3121 4730 3485
f 3485 4730 4327
f 6277 6280 6273
f 6273 6280 6272
f 6267 6276 6278
f 6278 6276 6279
f 6278 6279 6277
f 6277 6279 6280
f 6279 6256 6280
f 6280 6256 6255
f 6256 3857 6255
f 6255 3857 3754
f 3857 3856 3754
f 3754 3856 3755
f 3856 3703 3755
f 3755 3703 3863
f 3703 3702 3863
f 3863 3702 3759
f 3702 3706 3759
f 3759 3706 3670
f 3706 3705 3670
f 3670 3705 3668
f 3705 3773 3668
f 3668 3773 3882
f 3882 3773 3883
f 3883 3773 3707
f 3707 3708 3883
f 3883 3708 3880
f 3708 3710 3880
f 3880 3710 3881
f 3709 5241 3710
f 3710 5241 3881
f 5241 3709 5234
f 5234 3709 3786
f 3693 3712 3786
f 3786 3712 5234
f 4051 4055 4052
f 4052 4055 4056
f 4056 4055 4057
f 4057 4055 4054
f 4066 5238 5236
f 5236 5238 3989
f 4066 4069 5238
f 5238 4069 4035
f 6881 3962 3960
f 3960 3962 3957
f 6883 4070 6882
f 6882 4070 3941
f 4070 6883 4071
f 4071 6883 6884
f 4071 6884 4072
f 4072 6884 6885
f 6885 6886 4072
f 4072 6886 4031
f 3955 6881 3956
f 3956 6881 3960
f 6884 3991 6885
f 6885 3991 3990
f 6883 6887 6884
f 6884 6887 3991
f 6887 6888 3991
f 3991 6888 3992
f 6888 6887 6889
f 6889 6887 6890
f 6887 6883 6890
f 6890 6883 6882
f 4058 5240 3953
f 3953 5240 3954
f 5236 6888 5239
f 5239 6888 6889
f 5237 6886 3990
f 3990 6886 6885
f 4034 4031 5237
f 5237 4031 6886
f 6881 6882 3962
f 3962 6882 3941
f 6881 3955 6882
f 6882 3955 6890
f 3955 3954 6890
f 6890 3954 6889
f 5239 6889 5240
f 5240 6889 3954
f 6888 5236 3992
f 3992 5236 3989
f 3869 3868 3888
f 3888 3868 4015
f 3868 4012 4015
f 4015 4012 4010
f 4012 4022 4010
f 4010 4022 4009
f 4022 4021 4009
f 4009 4021 4018
f 4020 3974 4001
f 4001 3974 3996
f 4021 4020 4029
f 4029 4020 4001
f 4085 4156 4086
f 4086 4156 4155
f 4113 4777 4114
f 4114 4777 4776
f 4130 4129 4094
f 4094 4129 4091
f 4139 4773 4140
f 4140 4773 4772
f 4149 4178 4150
f 4150 4178 5225
f 4160 4159 4087
f 4087 4159 4088
f 4149 4148 4179
f 4179 4148 4141
f 4085 4084 4183
f 4183 4084 6315
f 4179 4141 4159
f 4159 4141 4088
f 4192 4130 4162
f 4162 4130 4094
f 4197 5288 4198
f 4198 5288 5287
f 4229 4766 4230
f 4230 4766 4771
f 4245 4246 4242
f 4242 4246 4249
f 4183 6315 4418
f 4418 6315 6314
f 4679 4178 4680
f 4680 4178 4177
f 4724 4798 4725
f 4725 4798 4271
f 4728 5275 4729
f 4729 5275 5274
f 4230 4771 4249
f 4249 4771 4242
f 4724 4723 4799
f 4799 4723 5355
f 4823 4824 4891
f 4891 4824 6327
f 4823 4192 4161
f 4161 4192 4162
f 4893 4767 4229
f 4229 4767 4766
f 4894 4895 4898
f 4898 4895 4899
f 4106 4150 4103
f 4103 4150 5225
f 4680 4894 4677
f 4677 4894 4898
f 6420 4977 5301
f 5301 4977 4976
f 4679 4678 5226
f 5226 4678 4427
f 5228 5008 4893
f 4893 5008 4767
f 5285 6354 5286
f 5286 6354 5343
f 5289 5352 5290
f 5290 5352 5349
f 5290 5349 5295
f 5295 5349 5348
f 5302 5299 4202
f 4202 5299 4976
f 4725 4271 5311
f 5311 4271 4270
f 5325 4723 5326
f 5326 4723 4722
f 5335 5355 5325
f 5325 5355 4723
f 5326 4722 5286
f 5286 4722 5283
f 4799 5357 4797
f 4797 5357 5361
f 5359 5356 5335
f 5335 5356 5355
f 4775 4774 5356
f 5356 4774 5357
f 5359 5358 4092
f 4092 5358 4093
f 6316 4740 6317
f 6317 4740 4739
f 6318 4827 6316
f 6316 4827 4740
f 6319 4828 6318
f 6318 4828 4827
f 6320 6480 6319
f 6319 6480 4828
f 6484 6322 6485
f 6485 6322 6321
f 6487 6324 6331
f 6331 6324 6323
f 6331 6323 6330
f 6330 6323 6325
f 6325 6326 6330
f 6330 6326 6329
f 6326 6328 6329
f 6329 6328 5231
f 4824 4685 5228
f 5228 4685 5008
f 5226 6343 5225
f 5225 6343 4103
f 4728 4727 6349
f 6349 4727 5284
f 6350 6351 5285
f 5285 6351 6354
f 4247 4246 6418
f 6418 4246 6365
f 6400 6402 6401
f 6401 6402 6459
f 4197 4196 6409
f 6409 4196 6426
f 6412 4897 6328
f 6328 4897 5231
f 6413 4133 6412
f 6412 4133 4897
f 6414 4134 6413
f 6413 4134 4133
f 6415 4225 6414
f 6414 4225 4134
f 6416 4252 6415
f 6415 4252 4225
f 6417 4253 6416
f 6416 4253 4252
f 4253 6417 6366
f 6366 6417 6419
f 6366 6419 4911
f 4911 6419 6421
f 6422 6423 4908
f 4908 6423 5298
f 5298 6423 6396
f 6396 6423 6424
f 6409 6426 6425
f 6425 6426 6397
f 5300 5299 6399
f 6399 5299 6400
f 6465 6408 6401
f 6401 6408 6398
f 6424 6399 6425
f 6425 6399 6398
f 6349 5284 5311
f 5311 5284 5283
f 6465 6464 5289
f 5289 6464 5352
f 6488 6483 6492
f 6492 6483 6482
f 6486 6491 6482
f 6482 6491 6492
f 6491 4895 6492
f 6492 4895 4157
f 6488 4160 6489
f 6489 4160 4087
f 6501 6502 4418
f 4418 6502 4417
f 6504 6500 6317
f 6317 6500 6314
f 3497 3496 6501
f 6501 3496 6502
f 3499 3498 6504
f 6504 3498 6500
f 4729 5274 4198
f 4198 5274 4195
f 6418 6365 6420
f 6420 6365 4977
f 5295 5348 6350
f 6350 5348 6351
f 5301 6422 6420
f 6420 6422 6421
f 4113 4112 4086
f 4086 4112 4083
f 6320 4112 6880
f 6880 4112 4111
f 4091 4772 4092
f 4092 4772 4775
f 4129 4140 4091
f 4091 4140 4772
f 4137 4140 4128
f 4128 4140 4129
f 4128 6324 4137
f 4137 6324 6321
f 6324 6487 6321
f 6321 6487 6485
f 6487 6486 6485
f 6485 6486 6482
f 4774 4773 4779
f 4779 4773 4776
f 4773 4139 4776
f 4776 4139 4114
f 4139 4138 4114
f 4114 4138 4111
f 4138 6322 4111
f 4111 6322 6880
f 6322 6484 6880
f 6880 6484 6481
f 6484 6483 6481
f 6481 6483 6478
f 6879 6343 6309
f 6309 6343 4428
f 4106 4105 4900
f 4900 4105 6307
f 3500 3167 6495
f 6495 3167 6496
f 3500 6495 3070
f 3070 6495 5368
f 3502 5235 3501
f 3501 5235 4813
f 3024 3503 6473
f 6473 3503 6474
f 3503 3023 6474
f 6474 3023 6374
f 3504 1770 4348
f 4348 1770 4345
f 3502 3505 5235
f 5235 3505 4810
f 3498 3497 6500
f 6500 3497 6501
f 3496 3075 6502
f 6502 3075 6275
f 6299 4254 3174
f 3174 4254 3017
f 1769 3501 4814
f 4814 3501 4813
f 3506 3018 6476
f 6476 3018 4257
f 3507 3499 6499
f 6499 3499 6504
f 3030 4216 3483
f 3483 4216 4215
f 3077 3507 6333
f 6333 3507 6499
f 1784 3160 5249
f 5249 3160 6523
f 3015 3506 4240
f 4240 3506 6476
f 3508 3504 6383
f 6383 3504 4348
f 3509 3016 6477
f 6477 3016 4239
f 3028 3509 6467
f 6467 3509 6477
f 3022 1785 5246
f 5246 1785 5247
f 3161 3508 6570
f 6570 3508 6383
f 3150 3149 4694
f 4694 3149 6566
f 1327 4807 3510
f 3510 4807 4811
f 3510 4811 3505
f 3505 4811 4810
f 3146 3511 4816
f 4816 3511 4350
f 3511 1808 4350
f 4350 1808 4351
f 3485 4327 3159
f 3159 4327 4330
f 1326 3512 4806
f 4806 3512 6310
f 3512 1331 6310
f 6310 1331 4688