# https://github.com/mikedh/trimesh
mtllib material.mtl

o basketball.obj
usemtl material_0
v -0.01358327 -0.11922934 0.01391565
v -0.01358327 -0.11922934 0.01391565
v -0.00338727 -0.12024034 0.01595665
v -0.00338727 -0.12024034 0.01595665
v -0.00909627 -0.12018134 0.01420065
v -0.00909627 -0.12018134 0.01420065
v 0.00909073 -0.11734834 0.01880165
v 0.00909073 -0.11734834 0.01880165
v 0.00470673 -0.11946634 0.01792465
v 0.00470673 -0.11946634 0.01792465
v 0.01510473 -0.11999134 0.02033365
v 0.01510473 -0.11999134 0.02033365
v -0.03465427 -0.11825934 0.00969565
v -0.03465427 -0.11825934 0.00969565
v 0.04810973 -0.11432734 0.02482265
v 0.04810973 -0.11432734 0.02482265
v -0.00816127 -0.11620634 0.01548465
v -0.00097527 -0.11675334 0.01738065
v 0.02810073 -0.11831634 0.02133965
v 0.02810073 -0.11831634 0.02133965
v -0.03914427 -0.11497634 0.00863165
v -0.03914427 -0.11497634 0.00863165
v -0.03544427 -0.11493434 0.00975865
v -0.02637327 -0.11620334 0.01233265
v -0.02637327 -0.11620334 0.01233265
v -0.00210127 -0.11558734 0.01853665
v -0.02263727 -0.11721434 0.01332565
v -0.02263727 -0.11721434 0.01332565
v 0.02111073 -0.11566234 0.02061165
v 0.02111073 -0.11566234 0.02061165
v 0.00569173 -0.11585734 0.01961965
v 0.01313273 -0.11653734 0.01998765
v -0.01436627 -0.11631334 0.01473165
v 0.04496373 -0.11510734 0.02541265
v 0.04496373 -0.11510734 0.02541265
v -0.00278727 -0.11492934 0.02493065
v 0.02678573 -0.11468834 0.02088465
v 0.02678573 -0.11468834 0.02088465
v 0.01693673 -0.11412834 0.02189265
v 0.00337873 -0.11491634 0.02130065
v -0.02831327 -0.11441134 0.01190565
v 0.02082273 -0.11372034 0.02243265
v -0.00851027 -0.11344334 0.01703165
v -0.01596627 -0.11359334 0.01815465
v -0.01363327 -0.11381834 0.01661765
v 0.01160973 -0.11448834 0.02416565
v 0.03964973 -0.11569234 0.02367765
v 0.03964973 -0.11569234 0.02367765
v 0.03377273 -0.11295634 0.02177065
v 0.03377273 -0.11295634 0.02177065
v 0.00202873 -0.11364334 0.03093865
v 0.04746973 -0.11301334 0.02494065
v -0.00732727 -0.11331934 0.03054565
v -0.00591727 -0.11320934 0.02591065
v 0.00015773 -0.11427234 0.02771265
v 0.00699573 -0.11350934 0.02972065
v 0.00494573 -0.11222434 0.03666965
v 0.01044073 -0.11178634 0.03730765
v -0.02123227 -0.11214134 0.02663565
v 0.04620373 -0.11246334 0.02218965
v 0.04620373 -0.11246334 0.02218965
v -0.01104327 -0.11198134 0.03283265
v -0.04700227 -0.11267034 0.00606465
v -0.04700227 -0.11267034 0.00606465
v -0.04089627 -0.11208234 0.00781565
v -0.04089627 -0.11208234 0.00781565
v 0.01527473 -0.11219134 0.03478965
v 0.03022473 -0.11257734 0.02181765
v 0.04646173 -0.11255934 0.02586065
v -0.00655927 -0.11228234 0.03618365
v 0.02285373 -0.11256134 0.02734265
v -0.00941527 -0.11214934 0.01921165
v -0.02123027 -0.11321334 0.01761865
v -0.01713127 -0.11289134 0.02684765
v -0.00666927 -0.11266234 0.02397165
v 0.01219473 -0.11288134 0.03053165
v -0.01296027 -0.11290134 0.02964865
v -0.01301727 -0.11296334 0.02313465
v 0.01778573 -0.11254734 0.03081765
v 0.00356773 -0.11121434 0.04111465
v 0.04061073 -0.11016434 0.02354465
v -0.02184227 -0.11112634 0.02957965
v 0.02999873 -0.11170834 0.02229065
v 0.03713073 -0.11017634 0.02330165
v 0.05636873 -0.11056834 0.01687265
v 0.05636873 -0.11056834 0.01687265
v -0.02895727 -0.11220334 0.01354065
v -0.01754127 -0.11194134 0.03129465
v 0.02565873 -0.11144034 0.02770365
v 0.02291473 -0.11098934 0.03328565
v -0.02565427 -0.10950034 0.02844465
v 0.02069773 -0.11011234 0.03803965
v 0.04953473 -0.10969134 0.02022465
v -0.00659027 -0.11063534 0.03993365
v -0.03484327 -0.11235334 0.01108265
v 0.05465273 -0.10991334 0.02017065
v 0.05465273 -0.10991334 0.02017065
v -0.01272827 -0.11076134 0.03545965
v -0.02849327 -0.10980934 0.02165665
v 0.05177373 -0.10998534 0.02107765
v 0.05177373 -0.10998534 0.02107765
v -0.01831227 -0.11025334 0.03756265
v 0.04598373 -0.11013834 0.02305165
v 0.04291673 -0.11366034 0.02535265
v 0.04291673 -0.11366034 0.02535265
v 0.04291673 -0.11366034 0.02535265
v -0.02931827 -0.11041034 0.01720365
v 0.03728373 -0.10892634 0.02507765
v -0.03687127 -0.10964634 0.01372465
v -0.03687127 -0.10964634 0.01372465
v -0.03340927 -0.10960634 0.01731165
v -0.01141727 -0.10890034 0.04166165
v 0.00321473 -0.10964334 0.04485265
v 0.04644973 -0.10944434 0.02101965
v 0.01076073 -0.10953134 0.04434265
v -0.00487227 -0.10883034 0.04635465
v 0.01814273 -0.10953534 0.04056165
v 0.05497673 -0.10858434 0.02071365
v 0.03165273 -0.10888534 0.03300665
v 0.05186073 -0.10742934 0.02040465
v 0.05426373 -0.10972634 0.01815765
v 0.05426373 -0.10972634 0.01815765
v 0.01209073 -0.10740334 0.04986365
v -0.03460327 -0.10918834 0.02132465
v -0.02175627 -0.10754134 0.04456565
v -0.05169727 -0.10961534 0.00345365
v -0.05169727 -0.10961534 0.00345365
v -0.03821727 -0.10920834 0.01062565
v -0.03821727 -0.10920834 0.01062565
v -0.05951727 -0.10967434 0.00189765
v -0.05951727 -0.10967434 0.00189765
v -0.04477227 -0.10799834 0.00518465
v -0.03585527 -0.10895134 0.01603365
v -0.03585527 -0.10895134 0.01603365
v -0.03061827 -0.10726834 0.03853965
v 0.04573773 -0.10885434 0.02479765
v 0.04573773 -0.10885434 0.02479765
v -0.03071927 -0.10822534 0.03473465
v 0.03162373 -0.10976834 0.02834265
v -0.04217127 -0.10756434 0.01462765
v -0.03142027 -0.10811634 0.02933165
v -0.04243027 -0.10756934 0.01680165
v 0.04811273 -0.10607334 0.02371965
v -0.04236527 -0.10994434 0.00561165
v -0.04127827 -0.10750634 0.00849565
v -0.04127827 -0.10750634 0.00849565
v -0.06173227 -0.10749034 0.00112865
v -0.06173227 -0.10749034 0.00112865
v 0.05887873 -0.10905134 0.01516665
v 0.05887873 -0.10905134 0.01516665
v 0.04463373 -0.10771434 0.02524265
v 0.04463373 -0.10771434 0.02524265
v -0.04035727 -0.10587234 0.02957965
v -0.03199727 -0.10903634 0.02609865
v -0.05823827 -0.10580234 0.00112465
v -0.02766527 -0.10720434 0.04043265
v -0.03920627 -0.10753334 0.01890365
v -0.03920627 -0.10753334 0.01890365
v 0.02697173 -0.10758034 0.04210765
v 0.03964073 -0.10637134 0.03233165
v 0.03964073 -0.10637134 0.03233165
v -0.01496327 -0.10764734 0.04522765
v 0.02596173 -0.10837934 0.03894065
v 0.02155173 -0.10868134 0.04317365
v 0.04180873 -0.10652534 0.02757165
v 0.00753573 -0.10729934 0.05016965
v 0.04654573 -0.10712734 0.01975365
v 0.01746273 -0.10471634 0.05432965
v 0.01746273 -0.10471634 0.05432965
v -0.03344827 -0.10658034 0.03561565
v 0.05630873 -0.10635334 0.01534365
v 0.05630873 -0.10635334 0.01534365
v 0.05446973 -0.10734334 0.01941465
v -0.04104727 -0.10589434 0.01154165
v -0.04766527 -0.10716234 0.00364365
v -0.04766527 -0.10716234 0.00364365
v 0.06544873 -0.10586734 -0.00648135
v 0.06544873 -0.10586734 -0.00648135
v -0.05847227 -0.10508134 -0.00845035
v -0.05847227 -0.10508134 -0.00845035
v -0.05728627 -0.10694534 -0.00268835
v -0.06121027 -0.10715334 -0.00189135
v -0.06121027 -0.10715334 -0.00189135
v -0.00709227 -0.10685034 0.05003765
v 0.06615373 -0.10497034 -0.01065235
v 0.06615373 -0.10497034 -0.01065235
v -0.04561827 -0.10679234 0.00488665
v -0.04561827 -0.10679234 0.00488665
v 0.06249473 -0.10490634 -0.00163435
v 0.06249473 -0.10490634 -0.00163435
v -0.03834427 -0.10582934 0.03633765
v -0.04645827 -0.10704434 0.01625765
v -0.05866427 -0.10665234 -0.00506435
v -0.05866427 -0.10665234 -0.00506435
v -0.05866427 -0.10665234 -0.00506435
v -0.03803327 -0.10702434 0.02510165
v 0.06104973 -0.10534234 0.00392065
v 0.06104973 -0.10534234 0.00392065
v -0.03082827 -0.10566734 0.04422265
v -0.04477027 -0.10509234 0.01118565
v -0.05337427 -0.10619834 0.00278965
v -0.05337427 -0.10619834 0.00278965
v 0.03752273 -0.10515534 0.04068765
v 0.03752273 -0.10515534 0.04068765
v 0.05769373 -0.10637634 0.00287865
v 0.05735773 -0.10503234 0.00153165
v -0.02220827 -0.10489434 0.05010165
v 0.06090673 -0.10440634 0.00121765
v 0.06090673 -0.10440634 0.00121765
v -0.04855527 -0.10549134 0.01648565
v -0.05228127 -0.10464834 0.01761765
v 0.00149773 -0.10645234 0.05252565
v 0.05944273 -0.10435734 0.00660865
v 0.06026573 -0.10396234 0.01030765
v 0.06026573 -0.10396234 0.01030765
v -0.00858327 -0.10411434 0.05699865
v 0.05798673 -0.10566134 0.00454265
v -0.03660627 -0.10606034 0.03171665
v -0.01580327 -0.10490634 0.05246965
v 0.02027673 -0.10664334 0.04931865
v 0.02027673 -0.10664334 0.04931865
v -0.05708127 -0.10224234 -0.03445535
v -0.05708127 -0.10224234 -0.03445535
v -0.04931527 -0.10336334 0.01055665
v -0.05212227 -0.10489434 0.00427665
v 0.05584473 -0.10530234 0.00287465
v -0.01172127 -0.10599734 0.05241665
v 0.06309373 -0.10357934 0.00833765
v 0.06309373 -0.10357934 0.00833765
v 0.05168173 -0.10376234 0.02380265
v 0.04964473 -0.10599734 0.02259965
v -0.03533927 -0.10573834 0.03863065
v -0.04450927 -0.10413234 0.03019265
v 0.04570173 -0.10567534 0.02705365
v 0.04570173 -0.10567534 0.02705365
v 0.05790473 -0.10292334 0.00480765
v 0.05790473 -0.10292334 0.00480765
v 0.05893973 -0.10278434 0.00247665
v 0.05893973 -0.10278434 0.00247665
v -0.05744827 -0.10079434 -0.00151335
v -0.04520727 -0.10314734 0.03523065
v -0.05076127 -0.10266434 0.02487965
v 0.03450273 -0.10383634 0.04676565
v 0.03450273 -0.10383634 0.04676565
v 0.00129073 -0.10359134 0.05936965
v 0.05186173 -0.10135734 0.03273765
v -0.04583327 -0.10463834 0.02157665
v 0.03969173 -0.10231534 0.04608565
v 0.03969173 -0.10231534 0.04608565
v 0.03969173 -0.10231534 0.04608565
v 0.02976673 -0.10300334 0.05216065
v 0.06471973 -0.10204334 -0.00488535
v -0.05030627 -0.10463434 0.02227665
v -0.05442827 -0.10302134 0.02177465
v 0.05607873 -0.10366934 0.01901765
v 0.05607873 -0.10366934 0.01901765
v -0.04743027 -0.10344834 0.03304165
v 0.01242073 -0.10400534 0.05785365
v 0.05791073 -0.10324634 0.01788865
v 0.05791073 -0.10324634 0.01788865
v -0.04570727 -0.10352134 0.03260565
v -0.05663327 -0.10478434 -0.00118935
v -0.05663327 -0.10478434 -0.00118935
v -0.04710527 -0.10305834 0.01124665
v -0.00292727 -0.10375634 0.05805565
v -0.05113427 -0.10405534 0.01479065
v -0.05487727 -0.10140234 -0.03798035
v -0.05487727 -0.10140234 -0.03798035
v 0.06635773 -0.10193034 -0.01321135
v 0.06635773 -0.10193034 -0.01321135
v 0.06215373 -0.10420634 -0.03144535
v 0.06215373 -0.10420634 -0.03144535
v 0.06534973 -0.10347834 -0.01961635
v 0.06534973 -0.10347834 -0.01961635
v 0.05991073 -0.10355134 0.01113065
v 0.05991073 -0.10355134 0.01113065
v 0.04595473 -0.10333834 0.03558265
v 0.04595473 -0.10333834 0.03558265
v -0.03910527 -0.10330834 0.04012265
v -0.04850527 -0.10262234 0.02748465
v 0.06758973 -0.10065034 -0.00659535
v 0.06758973 -0.10065034 -0.00659535
v 0.06758973 -0.10065034 -0.00659535
v -0.05929927 -0.10240634 -0.00598735
v -0.02047027 -0.10367334 0.05387865
v -0.04585827 -0.10148134 0.03048965
v -0.04585827 -0.10148134 0.03048965
v 0.00727373 -0.10398134 0.05869765
v -0.05635127 -0.10413534 0.00160265
v -0.05635127 -0.10413534 0.00160265
v -0.04490327 -0.10306734 0.02685865
v -0.04490327 -0.10306734 0.02685865
v -0.04317727 -0.10159234 0.04097865
v -0.05519827 -0.10244134 0.00616365
v -0.04933127 -0.10135934 0.02945665
v -0.04933127 -0.10135934 0.02945665
v 0.05688973 -0.10144234 0.02372165
v 0.05688973 -0.10144234 0.02372165
v 0.06109673 -0.10160634 0.00060165
v 0.06109673 -0.10160634 0.00060165
v 0.06149673 -0.10149434 -0.00263535
v -0.05999027 -0.10120434 -0.00801435
v -0.03152627 -0.10296634 0.04939165
v -0.05642827 -0.10083534 0.00887565
v -0.03973727 -0.10211934 0.04551865
v -0.05349027 -0.10242234 0.01000365
v 0.05864073 -0.10073634 0.02017865
v 0.05864073 -0.10073634 0.02017865
v -0.05832227 -0.10091034 0.01941265
v -0.05617727 -0.10257234 0.01975165
v 0.02287073 -0.10295134 0.05608165
v 0.02287073 -0.10295134 0.05608165
v -0.05837327 -0.09961034 -0.03235535
v -0.05837327 -0.09961034 -0.03235535
v -0.04938127 -0.10202034 0.03241565
v -0.04938127 -0.10202034 0.03241565
v -0.02785627 -0.10084434 0.05541965
v -0.05699927 -0.10141734 0.01297565
v 0.06380473 -0.10239134 -0.02506535
v 0.06380473 -0.10239134 -0.02506535
v 0.06705973 -0.10060434 -0.01579435
v 0.06705973 -0.10060434 -0.01579435
v 0.05914973 -0.10151034 -0.03933035
v 0.05914973 -0.10151034 -0.03933035
v -0.05240027 -0.10038434 0.03400965
v -0.05240027 -0.10038434 0.03400965
v 0.05397973 -0.10165034 0.02717465
v -0.04914627 -0.10170434 0.03673865
v -0.04914627 -0.10170434 0.03673865
v 0.06551373 -0.10074734 -0.00887035
v 0.06551373 -0.10074734 -0.00887035
v 0.06551373 -0.10074734 -0.00887035
v -0.04628527 -0.09994434 0.04591465
v -0.04628527 -0.09994434 0.04591465
v -0.06190927 -0.09894834 -0.00743635
v 0.06515373 -0.10055234 -0.01098435
v 0.06515373 -0.10055234 -0.01098435
v 0.06515373 -0.10055234 -0.01098435
v 0.06278873 -0.10000834 -0.00908335
v 0.06278873 -0.10000834 -0.00908335
v 0.06100673 -0.10161734 0.01212465
v -0.05249727 -0.10021934 0.03014565
v -0.00682027 -0.10096334 0.06295565
v 0.06499673 -0.10033734 -0.00651235
v 0.06499673 -0.10033734 -0.00651235
v -0.05843327 -0.10199834 -0.01115735
v -0.05843327 -0.10199834 -0.01115735
v -0.05843327 -0.10199834 -0.01115735
v -0.05216627 -0.10196434 0.03174165
v -0.05216627 -0.10196434 0.03174165
v 0.06652073 -0.09909434 -0.00774135
v 0.06652073 -0.09909434 -0.00774135
v -0.05807127 -0.10035034 0.02175865
v 0.04363873 -0.10117434 0.04470065
v 0.04849273 -0.10013634 0.04236165
v -0.03086527 -0.09754934 0.05986565
v -0.03086527 -0.09754934 0.05986565
v -0.06004627 -0.09894434 0.00058165
v 0.05408873 -0.09882134 0.03736965
v -0.01130727 -0.10057134 0.06157465
v -0.06093327 -0.09669534 0.01639365
v 0.01996573 -0.10009634 0.06312365
v 0.01996573 -0.10009634 0.06312365
v -0.05985727 -0.09901234 -0.00298135
v -0.05961627 -0.09883534 0.00721565
v 0.06720973 -0.10185934 -0.00799935
v 0.06720973 -0.10185934 -0.00799935
v 0.06720973 -0.10185934 -0.00799935
v -0.06037527 -0.09822234 0.02131665
v 0.06333373 -0.09889034 0.00193965
v -0.05835527 -0.10024434 -0.01630435
v -0.05835527 -0.10024434 -0.01630435
v 0.06086073 -0.09983134 0.00790865
v 0.06086073 -0.09983134 0.00790865
v -0.05977927 -0.09933134 0.01313065
v -0.05213927 -0.10019034 -0.04483935
v -0.05213927 -0.10019034 -0.04483935
v 0.06187573 -0.09976934 -0.00587735
v 0.06187573 -0.09976934 -0.00587735
v 0.01282873 -0.10023434 0.06464865
v 0.05966673 -0.10037334 0.01669065
v -0.01374827 -0.09978034 0.06195565
v 0.00074473 -0.10073834 0.06449665
v 0.06281073 -0.09768134 -0.03305635
v 0.05607273 -0.09961434 -0.04331035
v 0.05607273 -0.09961434 -0.04331035
v 0.05607273 -0.09961434 -0.04331035
v 0.06624973 -0.10021134 -0.01905835
v 0.06218473 -0.10236934 -0.03304435
v 0.06218473 -0.10236934 -0.03304435
v 0.05674473 -0.09727734 -0.03814735
v 0.05850073 -0.09874934 -0.03724135
v 0.06167373 -0.09819734 -0.00731335
v 0.06167373 -0.09819734 -0.00731335
v -0.06025127 -0.09743834 -0.02001235
v -0.06025127 -0.09743834 -0.02001235
v -0.06025127 -0.09743834 -0.02001235
v 0.06468373 -0.09886934 -0.00324335
v 0.06468373 -0.09886934 -0.00324335
v 0.06131273 -0.09951534 -0.00235135
v 0.06131273 -0.09951534 -0.00235135
v 0.06131273 -0.09951534 -0.00235135
v -0.05617827 -0.09802834 0.02691065
v 0.06673873 -0.09841334 -0.01399235
v 0.06673873 -0.09841334 -0.01399235
v -0.04648527 -0.10039034 0.04192565
v -0.04648527 -0.10039034 0.04192565
v 0.06545273 -0.09936534 -0.00614335
v 0.06545273 -0.09936534 -0.00614335
v -0.05770127 -0.09854834 -0.01352135
v -0.05770127 -0.09854834 -0.01352135
v 0.06724873 -0.09868934 -0.00426235
v 0.06724873 -0.09868934 -0.00426235
v 0.06244173 -0.09858034 0.01197765
v 0.06244173 -0.09858034 0.01197765
v -0.04133727 -0.09944334 0.04940265
v -0.04133727 -0.09944334 0.04940265
v -0.02115927 -0.09933034 0.06162665
v -0.01796227 -0.09485034 0.06969965
v 0.06319773 -0.09728934 -0.01075135
v 0.06319773 -0.09728934 -0.01075135
v -0.06078427 -0.09934934 0.00429965
v -0.03610627 -0.09959734 0.05365565
v 0.06656473 -0.09549234 -0.00845435
v 0.06656473 -0.09549234 -0.00845435
v 0.06656473 -0.09549234 -0.00845435
v -0.06294727 -0.09713834 -0.00937735
v -0.06339527 -0.09791634 -0.00658335
v 0.03978773 -0.09965734 0.05225365
v 0.06418073 -0.09707934 0.01709265
v 0.06633373 -0.09720134 -0.00091635
v 0.06356273 -0.09730334 0.02119365
v 0.06417673 -0.09846234 -0.02765635
v 0.06123673 -0.10009934 -0.03521435
v 0.06123673 -0.10009934 -0.03521435
v 0.06388173 -0.09780434 -0.00643835
v 0.03425073 -0.09880834 0.05822065
v 0.05592173 -0.09748134 -0.04269035
v 0.05592173 -0.09748134 -0.04269035
v 0.06388873 -0.09779834 -0.02359735
v 0.06897973 -0.09683634 -0.01500835
v 0.06897973 -0.09683634 -0.01500835
v 0.05102173 -0.09779034 -0.04891335
v 0.05102173 -0.09779034 -0.04891335
v -0.05434527 -0.09765934 -0.04748635
v -0.05434527 -0.09765934 -0.04748635
v -0.05758227 -0.09414034 -0.02940035
v -0.05758227 -0.09414034 -0.02940035
v 0.00830173 -0.09791634 0.06851565
v -0.04728027 -0.09461934 -0.05925835
v -0.04728027 -0.09461934 -0.05925835
v -0.05409127 -0.09787034 -0.04083435
v -0.06189427 -0.09517834 -0.02400235
v -0.06189427 -0.09517834 -0.02400235
v -0.06189427 -0.09517834 -0.02400235
v 0.06002573 -0.09736634 0.03161665
v 0.06002573 -0.09736634 0.03161665
v 0.04747073 -0.09810734 0.04829765
v 0.04747073 -0.09810734 0.04829765
v -0.05336727 -0.09651734 0.04002765
v -0.04748527 -0.09701734 0.04852665
v 0.05979773 -0.09868834 0.02536965
v 0.05979773 -0.09868834 0.02536965
v -0.06511727 -0.09610834 -0.00965735
v -0.06400927 -0.09555434 0.00127565
v -0.05802227 -0.09566334 0.03238865
v 0.05808973 -0.09578334 0.03928765
v 0.05808973 -0.09578334 0.03928765
v 0.06865973 -0.09467234 -0.00491535
v 0.06865973 -0.09467234 -0.00491535
v -0.05669827 -0.09541134 -0.03697335
v -0.01080827 -0.09505034 0.07182765
v -0.04848727 -0.09636034 -0.05087935
v -0.04848727 -0.09636034 -0.05087935
v -0.05559227 -0.09643234 0.03626565
v 0.06559573 -0.09760234 0.00224265
v 0.04427273 -0.09448134 0.05878365
v 0.06505673 -0.09626834 0.00872365
v -0.05841927 -0.09326134 -0.02831035
v -0.05841927 -0.09326134 -0.02831035
v -0.05841927 -0.09326134 -0.02831035
v -0.05399827 -0.09604934 -0.04406335
v -0.06207627 -0.09561834 -0.02019735
v -0.06207627 -0.09561834 -0.02019735
v 0.03009673 -0.09746434 0.06304865
v -0.03916527 -0.09694734 0.05608965
v -0.03916527 -0.09694734 0.05608965
v 0.06515873 -0.09580734 -0.00940835
v 0.06515873 -0.09580734 -0.00940835
v 0.04988173 -0.09364134 0.05543265
v 0.05305173 -0.09449834 0.05094565
v 0.05305173 -0.09449834 0.05094565
v -0.04890927 -0.09429534 -0.05639035
v -0.04890927 -0.09429534 -0.05639035
v 0.05173673 -0.09546634 -0.04809535
v -0.05200327 -0.09604234 -0.05039035
v -0.05200327 -0.09604234 -0.05039035
v 0.05222173 -0.09718434 -0.04436835
v 0.05222173 -0.09718434 -0.04436835
v 0.05677773 -0.09741734 -0.04109835
v 0.06493973 -0.09619034 -0.02133135
v 0.06808973 -0.09757234 -0.01777935
v 0.06808973 -0.09757234 -0.01777935
v 0.05986273 -0.09607734 -0.03614835
v -0.04587627 -0.09554834 0.05355565
v -0.06540627 -0.09461334 -0.01219535
v 0.06677973 -0.09601534 0.01774565
v 0.04987573 -0.09488334 -0.05005735
v 0.04987573 -0.09488334 -0.05005735
v 0.06790973 -0.09391534 -0.00229235
v 0.06790973 -0.09391534 -0.00229235
v -0.02422927 -0.09933234 0.06062965
v 0.05988973 -0.09419734 -0.03597135
v -0.06743027 -0.09248934 -0.01022735
v 0.06409873 -0.09268034 0.03791465
v -0.02236027 -0.09294734 0.07195865
v -0.06415227 -0.09478034 0.01898065
v -0.06670027 -0.09511734 -0.01692035
v -0.06402327 -0.09538434 0.00890365
v -0.06463127 -0.09546834 -0.00498535
v -0.05400027 -0.09519434 -0.04752735
v -0.05400027 -0.09519434 -0.04752735
v -0.04923327 -0.09450434 -0.05196135
v 0.06603973 -0.09550834 -0.01264135
v 0.06669773 -0.09501534 0.00588665
v -0.06512327 -0.09491734 -0.00157435
v 0.06516073 -0.09504034 -0.02635835
v -0.06056927 -0.09603234 -0.01396035
v -0.06502927 -0.09428134 0.01533765
v 0.06845573 -0.09527634 0.01124265
v 0.02015673 -0.09438934 0.07191265
v 0.02015673 -0.09438934 0.07191265
v 0.02413173 -0.09593334 0.06832765
v 0.06887473 -0.09393934 0.00161965
v 0.06887473 -0.09393934 0.00161965
v -0.03466327 -0.09323634 0.06522565
v -0.03466327 -0.09323634 0.06522565
v 0.04317373 -0.09453634 -0.05656035
v 0.04317373 -0.09453634 -0.05656035
v -0.06723727 -0.09342434 0.01061365
v 0.00611973 -0.09379534 0.07493265
v 0.00611973 -0.09379534 0.07493265
v -0.05563127 -0.09368234 0.04462665
v -0.06609527 -0.09307634 0.02257765
v -0.05259227 -0.09394034 -0.05003735
v -0.06057427 -0.09341734 0.03280065
v -0.05613727 -0.09229334 -0.04056135
v -0.05722327 -0.09144534 -0.03577435
v -0.05722327 -0.09144534 -0.03577435
v -0.06342127 -0.09508034 -0.01765635
v -0.00697827 -0.09706634 0.06996865
v 0.07256573 -0.09470934 -0.01449135
v 0.07532773 -0.09304534 -0.00948435
v 0.07255673 -0.09291034 -0.00107135
v 0.07255673 -0.09291034 -0.00107135
v 0.04340273 -0.09073034 -0.05821435
v 0.04340273 -0.09073034 -0.05821435
v 0.06603373 -0.09462834 0.02728665
v -0.05180427 -0.09553334 0.04508465
v 0.07135073 -0.09301734 0.00262065
v 0.07135073 -0.09301734 0.00262065
v 0.07016173 -0.09239534 -0.02572835
v 0.07188673 -0.09318034 -0.00476335
v 0.07188673 -0.09318034 -0.00476335
v 0.03722173 -0.09230034 0.06780765
v 0.07015473 -0.09329134 0.01418465
v 0.05759273 -0.09521534 -0.03983135
v -0.04583127 -0.09257734 -0.06299435
v -0.04583127 -0.09257734 -0.06299435
v -0.04753127 -0.09522934 -0.05355035
v -0.04753127 -0.09522934 -0.05355035
v 0.06082173 -0.09336834 -0.03214535
v 0.06393673 -0.09309434 -0.03044235
v -0.06417027 -0.09393334 -0.02172435
v 0.05417073 -0.09439434 -0.04541835
v -0.06795527 -0.09279334 -0.00420535
v 0.06494473 -0.09349334 -0.02890835
v 0.06623073 -0.09212334 0.03442765
v 0.05419473 -0.09607234 0.04509465
v 0.07040873 -0.09426234 -0.00907535
v 0.07476973 -0.09365534 -0.00785335
v -0.05759727 -0.09210634 -0.03195035
v -0.05759727 -0.09210634 -0.03195035
v -0.07138427 -0.09077134 0.00936165
v 0.05945073 -0.09271134 -0.03866135
v -0.06155227 -0.09155234 -0.02840535
v -0.06155227 -0.09155234 -0.02840535
v 0.04681573 -0.09361434 -0.05271435
v 0.04681573 -0.09361434 -0.05271435
v 0.05917673 -0.09260434 0.04677865
v 0.05917673 -0.09260434 0.04677865
v 0.05917673 -0.09260434 0.04677865
v -0.06393127 -0.09248234 -0.02407435
v -0.06393127 -0.09248234 -0.02407435
v 0.07188773 -0.09299034 0.00593965
v 0.07188773 -0.09299034 0.00593965
v -0.04068427 -0.09224334 -0.06563835
v -0.04068427 -0.09224334 -0.06563835
v -0.06970327 -0.09191634 0.00101265
v 0.07306173 -0.08902334 0.02362965
v 0.07306173 -0.08902334 0.02362965
v -0.06738927 -0.09321134 0.00451065
v -0.02363327 -0.09011534 -0.06768935
v -0.02363327 -0.09011534 -0.06768935
v -0.06344627 -0.09402634 0.02494065
v 0.08123573 -0.09166434 -0.01584835
v 0.08107673 -0.09224734 -0.01371835
v 0.08278673 -0.09238534 -0.01514535
v -0.02988127 -0.08934534 -0.07018035
v -0.02988127 -0.08934534 -0.07018035
v 0.08125073 -0.09377234 -0.01482635
v -0.05595527 -0.09091634 -0.04767135
v -0.05620427 -0.09126434 -0.04549035
v 0.04549873 -0.09188734 -0.05662035
v 0.04549873 -0.09188734 -0.05662035
v -0.02637727 -0.09151134 0.07240765
v -0.02637727 -0.09151134 0.07240765
v -0.04716827 -0.09108034 -0.06018635
v -0.04716827 -0.09108034 -0.06018635
v -0.06064027 -0.09018434 0.04437265
v 0.07500573 -0.09089934 -0.01338135
v 0.07238673 -0.09122534 0.01686065
v -0.06913227 -0.09068634 -0.01254535
v -0.06395127 -0.09066634 -0.02547435
v -0.04740127 -0.09264034 0.05651665
v -0.06840327 -0.09121934 0.02126165
v 0.06598073 -0.09119634 -0.02955135
v 0.07233073 -0.09123634 -0.02249535
v 0.05017873 -0.08875334 -0.05600435
v 0.01352873 -0.09248034 0.07562365
v 0.01352873 -0.09248034 0.07562365
v 0.05194473 -0.09057634 -0.05293835
v 0.01098273 -0.08923834 0.08042165
v 0.01098273 -0.08923834 0.08042165
v -0.03603227 -0.09028734 0.06892665
v -0.01991727 -0.09039334 -0.06813435
v -0.01991727 -0.09039334 -0.06813435
v -0.06372527 -0.09157834 0.03411865
v -0.02528727 -0.09183034 -0.06453335
v -0.02528727 -0.09183034 -0.06453335
v -0.04495227 -0.09109134 0.06117865
v -0.06669127 -0.09164934 0.02969165
v -0.06722727 -0.09234034 -0.02072035
v -0.07087627 -0.08982634 0.01849465
v -0.07194527 -0.08746534 0.02675665
v 0.00336173 -0.09111234 0.07882665
v 0.00336173 -0.09111234 0.07882665
v -0.04553827 -0.08932634 0.06441265
v -0.04376427 -0.09113434 -0.06307335
v -0.04376427 -0.09113434 -0.06307335
v -0.02766027 -0.09404934 0.06813965
v -0.02766027 -0.09404934 0.06813965
v 0.06613973 -0.08831534 -0.03307135
v 0.07685773 -0.08753234 0.00798265
v 0.07685773 -0.08753234 0.00798265
v -0.07048527 -0.08983634 -0.01555135
v 0.05455973 -0.09072534 -0.04992235
v -0.05149627 -0.09083834 -0.05326635
v -0.05550327 -0.09090934 0.05020865
v 0.04206673 -0.09164234 -0.06111235
v 0.04206673 -0.09164234 -0.06111235
v 0.05874973 -0.08835434 -0.05026935
v 0.06343573 -0.09094434 -0.03411935
v 0.07114873 -0.08923334 0.02961865
v 0.07114873 -0.08923334 0.02961865
v -0.07091527 -0.09118734 0.01400065
v -0.00302527 -0.09509434 0.07391465
v -0.06678627 -0.09041434 0.03459165
v 0.06803673 -0.09189234 -0.02884935
v 0.02181473 -0.09113534 0.07579865
v -0.02884427 -0.09046434 -0.06931335
v -0.02884427 -0.09046434 -0.06931335
v 0.06181373 -0.09048834 0.04707365
v 0.06181373 -0.09048834 0.04707365
v 0.05827573 -0.09187634 -0.04607435
v 0.05827573 -0.09187634 -0.04607435
v -0.04434927 -0.08979234 -0.06082835
v -0.02496127 -0.08975834 -0.06618535
v 0.01366673 -0.08943734 -0.06992635
v 0.01366673 -0.08943734 -0.06992635
v -0.01132727 -0.08885934 0.07911665
v 0.07525273 -0.08977434 -0.02127135
v 0.07525273 -0.08977434 -0.02127135
v -0.02677027 -0.09086134 -0.06443435
v -0.02677027 -0.09086134 -0.06443435
v 0.07363073 -0.09195034 -0.01885335
v 0.07363073 -0.09195034 -0.01885335
v -0.07299527 -0.08957034 0.00511865
v -0.05771127 -0.09041434 -0.03910935
v -0.05771127 -0.09041434 -0.03910935
v -0.01639427 -0.09165234 0.07507765
v -0.05898427 -0.08993534 -0.03240735
v -0.05898427 -0.08993534 -0.03240735
v 0.07624673 -0.09017434 -0.00783735
v 0.03864473 -0.08908634 -0.06559335
v 0.03864473 -0.08908634 -0.06559335
v -0.05182227 -0.09083334 0.05358765
v -0.06424227 -0.08869334 -0.02883035
v 0.06091173 -0.09080434 -0.04066235
v -0.06995627 -0.08910734 -0.01879735
v 0.00995973 -0.08869434 -0.07211335
v 0.00995973 -0.08869434 -0.07211335
v -0.05528127 -0.08891334 -0.04096335
v -0.05528127 -0.08891334 -0.04096335
v -0.02622327 -0.08877834 -0.06759135
v -0.05745627 -0.08826834 -0.04406435
v -0.05745627 -0.08826834 -0.04406435
v -0.05191727 -0.08880634 0.05773665
v 0.07527173 -0.09001434 0.00187265
v 0.07527173 -0.09001434 0.00187265
v -0.04899027 -0.08911034 -0.05884435
v -0.05786027 -0.09045734 -0.04140035
v 0.06360073 -0.09045034 -0.03708335
v 0.07012573 -0.08815034 -0.03038835
v 0.04051373 -0.08906834 -0.06315535
v 0.04051373 -0.08906834 -0.06315535
v 0.07441073 -0.08830834 -0.02630935
v -0.00722527 -0.08906034 0.08015765
v 0.04262973 -0.08942434 -0.06040435
v -0.05364627 -0.08905834 -0.04325435
v -0.03773427 -0.08809334 -0.06748735
v -0.03773427 -0.08809334 -0.06748735
v 0.04817573 -0.08756134 -0.05938135
v -0.07328827 -0.08875334 -0.00397235
v -0.04483927 -0.08848834 -0.06045335
v 0.05516773 -0.08882534 -0.05355135
v -0.05680027 -0.08763634 -0.04240635
v -0.05680027 -0.08763634 -0.04240635
v 0.04183073 -0.09024034 0.06784365
v -0.05245227 -0.08839534 -0.04100435
v -0.05662327 -0.08850834 -0.04002535
v -0.05662327 -0.08850834 -0.04002535
v -0.04437227 -0.08734034 -0.06312135
v 0.07559673 -0.08775734 0.01598165
v 0.07559673 -0.08775734 0.01598165
v 0.05562373 -0.08897834 0.05795665
v -0.05167027 -0.08708434 -0.05655835
v 0.07720273 -0.08783734 -0.01498835
v -0.02696027 -0.08637834 -0.07009935
v 0.03808773 -0.08650434 -0.06543935
v 0.03808773 -0.08650434 -0.06543935
v -0.02381727 -0.08715534 -0.07095235
v -0.05915027 -0.08839034 -0.03812735
v 0.06857473 -0.08831134 0.04082965
v 0.06857473 -0.08831134 0.04082965
v 0.05151773 -0.08670434 0.06558565
v -0.00005527 -0.08777634 0.08257665
v -0.00005527 -0.08777634 0.08257665
v 0.04591673 -0.08916634 -0.05844535
v 0.00644673 -0.08690934 -0.07441135
v 0.00644673 -0.08690934 -0.07441135
v -0.07130127 -0.08721834 0.03261965
v -0.06372227 -0.08847234 -0.03209135
v -0.05419427 -0.08694734 -0.04279235
v 0.03603973 -0.08895834 0.07318465
v 0.03833373 -0.08624234 -0.07057735
v 0.03833373 -0.08624234 -0.07057735
v 0.03138773 -0.08674134 0.07832465
v 0.03733573 -0.08454834 -0.06789935
v 0.03733573 -0.08454834 -0.06789935
v 0.07711273 -0.08714934 0.00046165
v 0.07711273 -0.08714934 0.00046165
v 0.01512973 -0.08617734 -0.07302735
v 0.01512973 -0.08617734 -0.07302735
v -0.05464427 -0.08740734 -0.03999235
v -0.06630327 -0.08643134 0.04426365
v -0.07776527 -0.08581634 0.00955165
v -0.07576827 -0.08549634 -0.00851435
v -0.05711927 -0.08484334 -0.04796835
v -0.05711927 -0.08484334 -0.04796835
v 0.07293073 -0.08684634 -0.02856635
v -0.06143227 -0.08702634 0.05101165
v -0.04944227 -0.08567234 0.06705465
v 0.06615573 -0.08469334 -0.04566735
v 0.06615573 -0.08469334 -0.04566735
v -0.02106227 -0.08781334 -0.07063535
v -0.02106227 -0.08781334 -0.07063535
v 0.07653173 -0.08686534 0.02562465
v -0.07282327 -0.08850834 -0.00858435
v 0.06340173 -0.08661034 0.05195665
v 0.07848973 -0.08704934 -0.02114635
v -0.06270127 -0.08651434 -0.03808435
v 0.02455973 -0.08598434 0.08135665
v -0.05670227 -0.08741234 -0.04884135
v -0.04131827 -0.08771034 -0.06611435
v 0.05456873 -0.08545634 -0.05703835
v -0.06677827 -0.08775334 -0.02503235
v 0.03721173 -0.08503234 -0.07141135
v 0.03721173 -0.08503234 -0.07141135
v 0.07130573 -0.08608634 -0.03291135
v -0.06159127 -0.08416434 0.05552565
v -0.07269727 -0.08753834 0.02183665
v -0.06610827 -0.08622434 -0.03248935
v -0.04265727 -0.08521134 0.07211665
v 0.06826073 -0.08629834 -0.03629335
v 0.04405473 -0.08728434 -0.06147135
v -0.00125227 -0.08557334 -0.07711835
v -0.00125227 -0.08557334 -0.07711835
v 0.01241773 -0.08436234 -0.07533535
v 0.07511173 -0.08558534 -0.03093635
v 0.07511173 -0.08558534 -0.03093635
v -0.02560727 -0.08712834 0.07894965
v -0.02560727 -0.08712834 0.07894965
v -0.06967927 -0.08706334 0.03709765
v -0.03294627 -0.08754834 -0.07042135
v -0.03294627 -0.08754834 -0.07042135
v -0.02983027 -0.08655534 -0.07250535
v -0.02751327 -0.08615334 -0.07432735
v -0.07571927 -0.08693634 0.00394765
v -0.02538027 -0.08677634 -0.07342235
v -0.05685127 -0.08703634 -0.04141235
v -0.06532527 -0.08953734 0.03879965
v -0.05389227 -0.08474934 -0.05230035
v -0.05389227 -0.08474934 -0.05230035
v 0.00115873 -0.08565834 -0.07714135
v 0.00115873 -0.08565834 -0.07714135
v 0.06740873 -0.08563034 -0.04273335
v 0.04195173 -0.08448234 0.07570265
v -0.05565327 -0.08522234 -0.05026135
v -0.05565327 -0.08522234 -0.05026135
v -0.05460627 -0.08490534 0.06208365
v -0.02149127 -0.08607934 -0.07418135
v -0.02149127 -0.08607934 -0.07418135
v 0.06738573 -0.08502034 0.05116465
v -0.07394727 -0.08434334 0.03438565
v 0.00459773 -0.08274834 0.08831665
v -0.08018927 -0.08373234 0.00347865
v 0.06343373 -0.08472434 -0.04889035
v 0.06947573 -0.08555734 0.04701665
v -0.02491727 -0.08395234 -0.07537735
v -0.02491727 -0.08395234 -0.07537735
v -0.07606027 -0.08540034 -0.00047635
v -0.03661227 -0.08509834 -0.06935835
v 0.08072073 -0.08527234 -0.00022035
v 0.07143873 -0.08343434 -0.04012035
v -0.06755327 -0.08579634 -0.02908335
v 0.07956073 -0.08540434 -0.00466435
v 0.07956073 -0.08540434 -0.00466435
v 0.08072273 -0.08476334 0.00893165
v 0.05293373 -0.08186534 0.07052165
v -0.03307927 -0.08607734 0.07640265
v -0.07576127 -0.08535934 -0.01468035
v -0.05216627 -0.08363334 -0.05726035
v -0.05216627 -0.08363334 -0.05726035
v -0.02402927 -0.08456234 0.08201465
v -0.07483427 -0.08475634 0.03137565
v 0.01712873 -0.08377734 -0.07604935
v 0.01712873 -0.08377734 -0.07604935
v 0.07393473 -0.08731534 0.03181465
v 0.07393473 -0.08731534 0.03181465
v 0.07284373 -0.08594334 0.03973665
v -0.02025327 -0.08583934 -0.07547635
v -0.02025327 -0.08583934 -0.07547635
v -0.02025327 -0.08583934 -0.07547635
v 0.02375873 -0.08406134 -0.07908435
v 0.02375873 -0.08406134 -0.07908435
v -0.05898027 -0.08635634 -0.04449435
v -0.00692227 -0.08540734 -0.07660435
v -0.00692227 -0.08540734 -0.07660435
v -0.06238327 -0.08494634 -0.04222435
v 0.07171473 -0.08142234 0.05087765
v -0.06554627 -0.08363534 -0.03971535
v 0.07960273 -0.08468434 -0.00856535
v 0.03456573 -0.08283034 0.08152165
v 0.07764573 -0.08546834 -0.02894135
v 0.07764573 -0.08546834 -0.02894135
v -0.00584927 -0.08452934 0.08592865
v -0.00584927 -0.08452934 0.08592865
v -0.00584927 -0.08452934 0.08592865
v 0.05762473 -0.08323434 0.06439965
v 0.02421573 -0.08175434 0.08627765
v -0.06751527 -0.08348734 0.05038465
v 0.08004873 -0.08615234 -0.01812735
v -0.01408727 -0.08396334 -0.08032435
v -0.01408727 -0.08396334 -0.08032435
v 0.06089973 -0.08380934 -0.05436835
v -0.07336027 -0.08535834 -0.01952535
v -0.06818327 -0.08462534 -0.03434235
v -0.07207327 -0.08366834 0.04032365
v 0.04786273 -0.08336634 -0.06296135
v -0.08067927 -0.08280134 0.00924765
v -0.04893127 -0.08554434 -0.06121135
v -0.04893127 -0.08554434 -0.06121135
v 0.01090373 -0.08357334 0.08692565
v -0.01843927 -0.08372334 -0.07742535
v -0.01843927 -0.08372334 -0.07742535
v -0.01843927 -0.08372334 -0.07742535
v -0.06192627 -0.08176934 -0.05109435
v 0.08287473 -0.08335134 0.00531965
v 0.06191273 -0.08395534 0.05878765
v -0.07075927 -0.08597034 -0.02321535
v -0.07853227 -0.08341034 -0.00590235
v -0.03433927 -0.08339934 -0.07334435
v -0.04039227 -0.08385434 -0.06990335
v -0.06961527 -0.08371334 -0.03738535
v -0.07877727 -0.08450234 0.01435765
v -0.00250127 -0.08226234 -0.07705535
v 0.02005073 -0.08335934 -0.07742235
v 0.02005073 -0.08335934 -0.07742235
v 0.00405373 -0.08351834 -0.07453435
v 0.00405373 -0.08351834 -0.07453435
v 0.02270473 -0.08106834 -0.07975235
v 0.02270473 -0.08106834 -0.07975235
v -0.05283727 -0.08285534 -0.05432135
v -0.05283727 -0.08285534 -0.05432135
v 0.07904573 -0.08275034 0.03350465
v 0.08080173 -0.08145634 -0.02399235
v 0.03664673 -0.08187434 -0.07144235
v 0.03664673 -0.08187434 -0.07144235
v -0.07849627 -0.08311334 0.02393365
v -0.01576727 -0.08194234 -0.08141435
v -0.01576727 -0.08194234 -0.08141435
v 0.08444873 -0.08299134 -0.00427635
v -0.03233227 -0.08134734 -0.07764535
v 0.08179573 -0.08294034 -0.01766235
v -0.07627227 -0.08367534 0.02899865
v -0.07249027 -0.08217234 -0.03135835
v -0.02927127 -0.08374634 -0.07475935
v -0.07280827 -0.08222634 -0.03543135
v 0.07969473 -0.08489334 0.01944765
v 0.07844673 -0.08203634 -0.03090535
v -0.07459627 -0.08108934 -0.02841335
v -0.04595427 -0.08326434 -0.06634335
v -0.05762227 -0.08247234 -0.05261935
v -0.05762227 -0.08247234 -0.05261935
v 0.03306773 -0.08132234 -0.07699035
v 0.03306773 -0.08132234 -0.07699035
v -0.06781027 -0.08224934 -0.04219035
v 0.07680273 -0.08316134 0.03771665
v 0.08007573 -0.08437834 0.01246165
v -0.01660027 -0.08728434 0.08053965
v -0.01660027 -0.08728434 0.08053965
v -0.05739627 -0.08174934 -0.05902335
v 0.00395073 -0.08117934 -0.07635535
v -0.05765227 -0.08249234 -0.05052735
v -0.05765227 -0.08249234 -0.05052735
v 0.06735173 -0.08006434 -0.05177635
v 0.06735173 -0.08006434 -0.05177635
v 0.04788973 -0.08224234 0.07425065
v 0.08655573 -0.08041134 -0.00160235
v -0.04325627 -0.08099534 -0.07094635
v -0.06587627 -0.08164134 -0.04973735
v 0.08554973 -0.08121734 0.00373865
v -0.00994627 -0.08052234 -0.08037635
v -0.00994627 -0.08052234 -0.08037635
v -0.07885727 -0.08281334 -0.01242935
v 0.07341973 -0.08238134 0.04588665
v -0.08229427 -0.08052634 0.01124365
v 0.06497673 -0.08149534 0.05946165
v -0.00798327 -0.08077634 -0.07911035
v -0.00470927 -0.08118834 -0.07837335
v -0.00470927 -0.08118834 -0.07837335
v -0.07682527 -0.08512134 0.01914965
v -0.07111927 -0.08244934 0.04484765
v 0.08473173 -0.08120134 0.01220765
v 0.07829673 -0.08189134 -0.03375835
v 0.07829673 -0.08189134 -0.03375835
v -0.06479327 -0.08172834 -0.04188035
v -0.05519327 -0.08195834 -0.05676535
v -0.05360427 -0.08232534 -0.05963535
v -0.06313927 -0.08271934 -0.04899435
v 0.08010873 -0.08047734 0.03845065
v 0.00854473 -0.08070934 -0.07795435
v -0.02580327 -0.08015934 -0.07822935
v -0.02580327 -0.08015934 -0.07822935
v -0.02580327 -0.08015934 -0.07822935
v -0.00530627 -0.08081534 -0.08071335
v -0.07384127 -0.07978034 -0.03969835
v 0.07684973 -0.08195934 -0.03669335
v 0.07684973 -0.08195934 -0.03669335
v -0.05218127 -0.08030234 -0.06551835
v -0.05218127 -0.08030234 -0.06551835
v -0.04056727 -0.07997834 -0.07354735
v 0.06847573 -0.07999634 0.05750965
v -0.08190827 -0.07941434 0.02692165
v -0.08018827 -0.08139734 -0.01585135
v 0.01603373 -0.08149734 0.08827465
v 0.01322073 -0.07849534 -0.08040935
v 0.08374573 -0.08005934 0.02742265
v -0.07510427 -0.08233534 -0.02315635
v -0.04714127 -0.08016734 -0.06980635
v 0.08226573 -0.08050934 -0.02222035
v 0.08070673 -0.08240334 0.02688665
v -0.01861927 -0.07898934 -0.08187035
v -0.01861927 -0.07898934 -0.08187035
v 0.04183573 -0.08311834 -0.06603935
v 0.08604473 -0.08019534 -0.01064335
v 0.08545873 -0.08086434 -0.01870535
v -0.06386927 -0.08061434 -0.05292835
v -0.06204327 -0.08071734 -0.05606935
v 0.01912873 -0.08006734 -0.07909035
v -0.00233727 -0.07917234 -0.07990035
v 0.02674873 -0.07851834 -0.08181635
v 0.02674873 -0.07851834 -0.08181635
v 0.04140173 -0.07931834 0.08178865
v -0.03776727 -0.08139034 0.07992265
v -0.00581427 -0.07896634 0.09152065
v -0.00581427 -0.07896634 0.09152065
v 0.05259773 -0.07914734 -0.06454435
v -0.04994127 -0.07964634 0.07427365
v -0.07121027 -0.07817334 -0.04431135
v -0.05441027 -0.07926834 -0.06358635
v -0.05441027 -0.07926834 -0.06358635
v -0.08074527 -0.08123834 -0.00093135
v 0.03937573 -0.07908234 -0.07132135
v 0.00134473 -0.07923534 0.09174565
v -0.07469627 -0.07887334 -0.03319035
v 0.05145873 -0.07813634 0.07749765
v -0.06671627 -0.07920934 -0.04619035
v -0.08195927 -0.07997134 0.01983665
v -0.07976227 -0.07994234 0.03128865
v 0.02820373 -0.08011334 -0.08232535
v 0.02820373 -0.08011334 -0.08232535
v -0.07840027 -0.07892634 -0.02925035
v 0.07631273 -0.07856834 -0.04357635
v 0.07631273 -0.07856834 -0.04357635
v -0.08320627 -0.07803134 -0.01352835
v -0.08030127 -0.08018734 -0.01016835
v -0.06017127 -0.08006034 -0.05792535
v 0.07910373 -0.07870134 -0.03772635
v 0.07910373 -0.07870134 -0.03772635
v 0.03368773 -0.07716934 0.08770765
v -0.08209227 -0.08071634 -0.00524235
v -0.05945527 -0.07831634 0.06773765
v 0.07784373 -0.07869134 0.04604765
v -0.08225327 -0.07669134 -0.01775035
v -0.02320627 -0.07801034 0.08891065
v 0.08663273 -0.07929834 0.01623765
v -0.00914727 -0.07827934 -0.08200135
v -0.01414727 -0.07965234 0.08867765
v 0.03003773 -0.07681734 -0.08062135
v 0.03111973 -0.07910734 -0.08001035
v 0.03111973 -0.07910734 -0.08001035
v 0.04957873 -0.07891634 -0.06580935
v -0.03404727 -0.07767134 0.08560565
v 0.07099773 -0.07900634 -0.04814035
v 0.07099773 -0.07900634 -0.04814035
v 0.07099773 -0.07900634 -0.04814035
v -0.02368127 -0.07790134 -0.08047135
v -0.02368127 -0.07790134 -0.08047135
v -0.07528627 -0.08144734 0.03976765
v 0.08153673 -0.07882234 -0.02928735
v -0.07891527 -0.08015734 -0.02086135
v 0.06281973 -0.08010634 -0.05613535
v -0.01552627 -0.07899134 -0.08406435
v -0.01552627 -0.07899134 -0.08406435
v -0.01552627 -0.07899134 -0.08406435
v -0.06821927 -0.07915234 0.05618365
v -0.08481627 -0.07818434 0.01819365
v -0.06303627 -0.07764234 -0.05787835
v 0.08411973 -0.07726634 0.03542265
v 0.00501873 -0.07839134 -0.07960935
v 0.01918973 -0.07631734 0.09269865
v -0.04024027 -0.07795834 -0.07592435
v -0.06847527 -0.07716634 -0.05068035
v -0.00418927 -0.07695334 -0.08268335
v 0.08690273 -0.07810434 -0.01209235
v -0.03686627 -0.07968834 -0.07478435
v 0.08132673 -0.07577634 0.04498265
v -0.06829227 -0.07670634 -0.04694035
v 0.02328973 -0.07835234 -0.07992735
v 0.02328973 -0.07835234 -0.07992735
v -0.08736327 -0.07478134 -0.01118535
v -0.05520727 -0.07708334 0.07328065
v 0.04650673 -0.07799634 0.07972765
v -0.03447027 -0.07789234 -0.07747835
v -0.05265727 -0.07486434 -0.07100935
v -0.06373027 -0.07868934 0.06176165
v -0.05622227 -0.07550634 -0.06767935
v -0.05622227 -0.07550634 -0.06767935
v -0.07902227 -0.07914134 0.03669165
v 0.05911673 -0.08032334 -0.05972435
v -0.07468427 -0.07909334 0.04515265
v -0.07080227 -0.08053534 -0.04104335
v -0.01176727 -0.07800334 0.09107765
v -0.07352427 -0.07677634 0.05042265
v 0.07373273 -0.07808434 0.05446365
v -0.01026427 -0.07928734 -0.08366735
v -0.01026427 -0.07928734 -0.08366735
v 0.03402073 -0.07895834 -0.07475735
v 0.03402073 -0.07895834 -0.07475735
v -0.08749727 -0.07545034 -0.00235435
v 0.08845173 -0.07397834 0.03181965
v -0.08110427 -0.07612034 -0.02347035
v 0.08822973 -0.07628334 -0.01166535
v 0.02620773 -0.07625234 -0.07972635
v -0.08388927 -0.07849334 0.00194465
v -0.07621927 -0.07746134 -0.03865235
v 0.00053973 -0.07733634 -0.08192335
v 0.07485473 -0.07576734 -0.04767235
v 0.02650973 -0.07862034 0.08878565
v 0.03626173 -0.07659734 -0.07520235
v 0.06965373 -0.07588234 0.06297665
v 0.05661973 -0.07935634 0.07037465
v -0.07278127 -0.07445934 0.05599165
v -0.07585927 -0.07726334 -0.03564835
v 0.08595473 -0.07668234 -0.02563635
v 0.08941573 -0.07721234 -0.00187335
v 0.06322673 -0.07585534 -0.06073535
v -0.01563927 -0.07664634 -0.08519835
v -0.01563927 -0.07664634 -0.08519835
v -0.06084527 -0.07578334 -0.06248235
v 0.02215073 -0.07612834 -0.08153235
v -0.02092827 -0.07715034 -0.08249235
v -0.02092827 -0.07715034 -0.08249235
v -0.08608727 -0.07690734 0.00816565
v 0.00284973 -0.07573034 -0.08231735
v 0.03408473 -0.07587034 -0.07828535
v 0.05982073 -0.07638334 -0.06287835
v -0.07285027 -0.07184634 0.05892565
v 0.03780273 -0.07513434 0.08799265
v -0.03085927 -0.07808434 -0.07875635
v -0.03085927 -0.07808434 -0.07875635
v -0.01144727 -0.07738334 -0.08421235
v -0.01144727 -0.07738334 -0.08421235
v 0.08940573 -0.07536534 0.02192965
v -0.03655227 -0.07541834 -0.07847535
v -0.08662127 -0.07628534 0.01318565
v -0.06875727 -0.07610934 -0.05317435
v 0.07072573 -0.07290834 -0.05635535
v 0.07072573 -0.07290834 -0.05635535
v 0.04656773 -0.07924734 -0.06729035
v 0.00915673 -0.07589634 -0.08219535
v -0.08122827 -0.07531434 0.04155365
v 0.08485273 -0.07419034 -0.03470935
v 0.07795673 -0.07601734 0.05159465
v 0.05988973 -0.07417234 0.07465865
v 0.08826773 -0.07557334 -0.01711635
v -0.08532227 -0.07682134 -0.00643335
v 0.08089673 -0.07518734 -0.03883635
v -0.08517527 -0.07371934 -0.02201435
v 0.04646573 -0.07333434 -0.07365235
v 0.09120473 -0.07493334 -0.00693135
v -0.04377027 -0.07573834 0.08263865
v 0.00856973 -0.07696034 0.09354265
v -0.01648627 -0.07489834 -0.08770935
v -0.01648627 -0.07489834 -0.08770935
v -0.06451427 -0.07126234 0.07174265
v -0.07679827 -0.07431134 -0.04193135
v -0.06701227 -0.07412234 -0.05869635
v -0.00347427 -0.07606434 0.09441965
v -0.00347427 -0.07606434 0.09441965
v 0.01829173 -0.07611034 -0.08263935
v -0.07080527 -0.07481434 -0.04741135
v -0.06040927 -0.07315334 0.07316865
v -0.04787727 -0.07654534 -0.07231735
v -0.07913027 -0.07554934 -0.03572335
v 0.09149273 -0.07499434 0.00094365
v -0.04266827 -0.07353034 -0.07919635
v 0.01354873 -0.07442034 -0.08452835
v -0.01926927 -0.07414334 -0.08648935
v -0.08532627 -0.07551234 0.02671565
v -0.08787427 -0.07368934 0.01849565
v 0.06358373 -0.07546934 0.06998665
v -0.04718627 -0.07182834 -0.07662835
v -0.03158927 -0.06993834 0.09358865
v -0.01202327 -0.07487334 -0.08554235
v -0.01202327 -0.07487334 -0.08554235
v 0.05567673 -0.07357834 0.07857065
v -0.08965127 -0.07210234 0.00898465
v -0.07850427 -0.07385734 -0.04076735
v -0.01062627 -0.07533234 -0.08323835
v 0.07538573 -0.07097734 -0.05210035
v 0.07845873 -0.07585234 -0.04330335
v -0.08449027 -0.07516334 0.03572665
v -0.02535827 -0.07323634 0.09274565
v 0.07914373 -0.07213134 -0.04526935
v 0.08349673 -0.07563034 0.04189765
v 0.06848973 -0.07232034 -0.05882435
v 0.06848973 -0.07232034 -0.05882435
v -0.08712527 -0.07281034 -0.01849635
v 0.02735573 -0.07463334 -0.07994835
v 0.03141973 -0.07431434 -0.08053335
v 0.08981873 -0.07658134 0.00910265
v -0.06636227 -0.07143534 -0.06229435
v 0.09282773 -0.07278134 0.00069065
v 0.02836173 -0.07374434 0.09268265
v 0.08750973 -0.07512634 -0.02333335
v 0.00035973 -0.07304734 -0.08520235
v 0.08500173 -0.07623034 -0.02844735
v 0.09614273 -0.06898934 0.00346465
v -0.07203527 -0.07374434 -0.05242035
v 0.02159273 -0.07113934 -0.08468835
v -0.00818427 -0.07327734 -0.08616535
v -0.00678327 -0.07479734 -0.08394435
v 0.05499873 -0.07482734 -0.06698835
v -0.02558227 -0.07374434 -0.08394335
v -0.07154527 -0.07074834 -0.05804935
v -0.08234527 -0.07428334 -0.02853435
v 0.04697973 -0.07339634 0.08485265
v -0.05318127 -0.07115134 0.08105965
v -0.05552927 -0.07377734 -0.06960335
v 0.01603773 -0.07252134 0.09628065
v -0.01130027 -0.07244434 -0.08762835
v -0.06029727 -0.07235634 -0.06559135
v -0.06029727 -0.07235634 -0.06559135
v -0.07473327 -0.07479334 -0.04317935
v -0.08081527 -0.07372434 -0.03569435
v 0.00960673 -0.07258334 0.09713965
v -0.07006427 -0.07281734 0.06267765
v -0.07103727 -0.07255834 -0.05520035
v -0.05074527 -0.07084334 -0.07497335
v 0.04255573 -0.07177734 0.08861365
v -0.09190927 -0.06901434 0.02053565
v 0.09435173 -0.07098534 0.01621065
v -0.08989227 -0.07164134 -0.00703635
v -0.03035927 -0.07438934 -0.08134935
v -0.03035927 -0.07438934 -0.08134935
v 0.03510073 -0.07185634 -0.08145835
v -0.08351927 -0.07094134 -0.03747235
v 0.00785373 -0.07125734 -0.08508535
v -0.05387127 -0.06878234 -0.07547435
v 0.03901473 -0.07155334 -0.07977935
v -0.08928927 -0.07293334 0.00219165
v 0.04021073 -0.07239934 -0.07755535
v 0.00296173 -0.06931134 -0.08806335
v 0.06215673 -0.07052134 0.07698365
v -0.08741227 -0.07243434 0.02637565
v -0.08470727 -0.07251034 0.04189165
v -0.07482427 -0.07204534 -0.05254635
v -0.07334427 -0.07207534 -0.04707435
v -0.00298527 -0.07229234 -0.08592435
v -0.09243727 -0.06972534 0.00678365
v -0.07093327 -0.07081734 0.06366765
v -0.08204127 -0.06976834 -0.04280235
v 0.08689573 -0.07134034 -0.03403235
v 0.02015873 -0.06911534 0.09839265
v -0.08611827 -0.07180134 -0.02710335
v -0.07931727 -0.07161234 0.05067565
v -0.00600627 -0.07149334 -0.08760435
v 0.09420573 -0.06999734 0.02210465
v -0.05806827 -0.06794334 0.08080565
v -0.04421527 -0.07103534 -0.07971635
v -0.04421527 -0.07103534 -0.07971635
v 0.04693373 -0.07058734 -0.07506035
v 0.07794773 -0.06798134 -0.05094035
v 0.09146373 -0.07301234 -0.01562135
v 0.08716473 -0.07164534 -0.03076435
v 0.00994173 -0.06870534 -0.08774335
v -0.06304027 -0.06951834 -0.06522035
v -0.03055727 -0.06944134 -0.08632135
v -0.08016127 -0.06900934 -0.04653835
v -0.08549627 -0.06994034 0.04304365
v -0.04026427 -0.07004934 -0.08065835
v -0.04026427 -0.07004934 -0.08065835
v -0.08909927 -0.07023034 -0.01726435
v -0.01813727 -0.07428834 0.09308865
v -0.03853627 -0.07158134 -0.08101935
v -0.03853627 -0.07158134 -0.08101935
v 0.09438473 -0.07141234 0.00997065
v 0.09450973 -0.07011034 -0.01371335
v 0.05659473 -0.06860834 -0.07198435
v -0.04536627 -0.06776834 0.08904765
v -0.03498227 -0.07080534 -0.08270635
v -0.03498227 -0.07080534 -0.08270635
v -0.08617127 -0.06861534 -0.03442335
v 0.03013973 -0.06933634 0.09545565
v 0.00100073 -0.07340834 0.09679365
v -0.08673027 -0.06915634 -0.03094335
v 0.02060973 -0.06737034 -0.08756235
v -0.08372127 -0.06914034 0.04752165
v -0.01106627 -0.07147234 0.09680765
v 0.05222673 -0.07090834 -0.07286935
v -0.08697027 -0.07058634 0.03527465
v -0.07040127 -0.06799134 -0.06085135
v 0.06890873 -0.06763734 -0.06301935
v 0.06890873 -0.06763734 -0.06301935
v -0.02161927 -0.07033834 -0.08760635
v 0.04803373 -0.06717534 0.08971165
v -0.01464127 -0.07024134 -0.08952035
v -0.02500027 -0.06818234 -0.08851435
v 0.08929573 -0.07072434 0.03891165
v -0.06093527 -0.06811134 -0.07010835
v -0.06093527 -0.06811134 -0.07010835
v -0.05801927 -0.06957134 -0.07134835
v -0.05801927 -0.06957134 -0.07134835
v -0.00042327 -0.06717434 0.10174465
v -0.00042327 -0.06717434 0.10174465
v -0.07553327 -0.06899034 0.06143265
v 0.01577673 -0.07135334 -0.08676835
v 0.07976573 -0.06930634 0.05871665
v -0.07642327 -0.07084834 -0.04891335
v 0.09208273 -0.07089334 -0.02314535
v -0.06261227 -0.06771634 -0.06696435
v -0.04118627 -0.06695234 -0.08287435
v -0.04118627 -0.06695234 -0.08287435
v -0.07616027 -0.06864534 -0.05331235
v -0.07831027 -0.06995734 0.05687265
v -0.09349727 -0.06858534 -0.00065835
v 0.09246573 -0.06754634 -0.02838335
v -0.01838327 -0.06851534 -0.08990435
v 0.08771873 -0.06696234 -0.03955535
v 0.03617273 -0.06826034 0.09480965
v -0.03915927 -0.06837634 0.09133165
v 0.07465673 -0.06918434 0.06584665
v -0.06725727 -0.06750734 0.07275765
v 0.02726673 -0.06926334 -0.08436835
v -0.04974327 -0.06784834 -0.08014935
v -0.04974327 -0.06784834 -0.08014935
v -0.09060627 -0.06602934 0.03774465
v -0.08187127 -0.06549634 -0.04948135
v -0.04529327 -0.06761334 -0.08193835
v -0.04529327 -0.06761334 -0.08193835
v 0.03185973 -0.06765834 -0.08362935
v 0.07892773 -0.06327234 0.06714165
v 0.06849473 -0.07301934 0.06838165
v 0.04263473 -0.06767534 0.09214165
v 0.08219873 -0.07147534 0.05140765
v 0.09128273 -0.06535034 -0.03671635
v 0.09775073 -0.06694634 0.01232465
v -0.08885627 -0.06930034 -0.02431835
v -0.09333427 -0.06816334 0.01573165
v -0.09514227 -0.06664334 0.00245365
v 0.04001173 -0.06876734 -0.08067735
v 0.02816473 -0.06597834 -0.08691635
v 0.06397873 -0.07117034 -0.06414235
v -0.09269527 -0.06755434 -0.01298435
v 0.00525273 -0.06923534 -0.08753535
v -0.08569227 -0.06746234 -0.03764035
v 0.06657373 -0.06613734 0.07727965
v -0.01738927 -0.06479334 0.10041365
v -0.00464227 -0.06483134 -0.09285935
v 0.03812073 -0.06631934 -0.08212135
v -0.08123827 -0.06546234 0.05756665
v 0.06218673 -0.06242734 -0.07284135
v 0.09280773 -0.06858834 0.03287265
v -0.09402127 -0.06616934 -0.00760635
v -0.09132327 -0.06807934 -0.01923335
v -0.00414627 -0.06828134 -0.08927435
v 0.02826673 -0.06300234 0.10010765
v -0.09089027 -0.06544234 -0.02993235
v 0.08318373 -0.06578534 -0.04743535
v -0.07577427 -0.06665034 0.06560865
v -0.09462327 -0.06248534 -0.02362535
v -0.09306127 -0.06205434 -0.02957535
v 0.09791573 -0.06454434 0.02478965
v 0.06650473 -0.06576734 -0.06651435
v 0.02403673 -0.06557334 0.09983865
v 0.09633973 -0.06902834 -0.00344735
v 0.04348473 -0.06500734 -0.08122135
v -0.06220827 -0.06736334 0.07766165
v -0.09356127 -0.06819934 0.01146565
v -0.09085427 -0.06937934 0.02620665
v 0.07505173 -0.06554834 -0.05762235
v -0.01268627 -0.06587434 0.10129165
v -0.02413727 -0.06870834 0.09672865
v -0.06946627 -0.06528234 0.07323665
v -0.01080827 -0.06807434 -0.09048135
v 0.08817473 -0.06800634 0.04603065
v -0.01561227 -0.06668534 -0.09064035
v 0.02062573 -0.06345434 -0.09145935
v -0.07422527 -0.06489934 -0.05977535
v -0.09704427 -0.06479434 0.00655865
v -0.06723227 -0.06588834 -0.06564735
v 0.04659973 -0.06775434 -0.07811535
v -0.05295527 -0.06634634 -0.07857535
v 0.04133973 -0.06463034 -0.08280335
v -0.07489727 -0.06375634 0.06855265
v -0.05574627 -0.06542834 0.08489865
v 0.07091173 -0.06607734 0.07347265
v 0.09846773 -0.06603834 -0.00681535
v 0.00071073 -0.06684134 -0.09003735
v -0.05654727 -0.06677334 -0.07499135
v -0.05654727 -0.06677334 -0.07499135
v -0.08603527 -0.06681334 0.04620165
v -0.09450827 -0.06546934 -0.01688635
v 0.08671473 -0.06453934 0.05467265
v -0.08227127 -0.06731034 0.05304565
v 0.05373773 -0.06746934 0.08635565
v -0.03615027 -0.06708734 -0.08545535
v 0.09714273 -0.06629234 -0.01556635
v -0.08443427 -0.06526634 -0.04342535
v 0.07470773 -0.06507734 0.07039765
v -0.07865427 -0.06515334 -0.05386235
v -0.03730727 -0.06458034 0.09559365
v -0.07047227 -0.06507734 -0.06270935
v 0.08096473 -0.06151334 -0.05442535
v -0.09474327 -0.06540734 0.02006365
v -0.08996127 -0.06471834 -0.03492935
v 0.03430273 -0.06267534 0.09861665
v 0.08431573 -0.06334134 0.05957965
v -0.03189527 -0.06464334 -0.08906035
v 0.00858273 -0.06441434 0.10354365
v 0.00858273 -0.06441434 0.10354365
v -0.00887027 -0.06463834 -0.09251435
v -0.01721127 -0.06330434 -0.09279035
v -0.05184027 -0.06159034 -0.08121535
v -0.05184027 -0.06159034 -0.08121535
v -0.05184027 -0.06159034 -0.08121535
v -0.05649227 -0.06069734 -0.07817735
v -0.05649227 -0.06069734 -0.07817735
v 0.08931173 -0.06048934 -0.04582835
v -0.09185527 -0.06623434 0.03217665
v -0.09087327 -0.06349034 0.04397965
v 0.04712073 -0.06201434 0.09473165
v -0.09374327 -0.06283734 0.03716765
v -0.04072027 -0.06320034 0.09479765
v -0.02169427 -0.06268934 -0.09296935
v 0.05157873 -0.06633034 -0.07695735
v 0.07355073 -0.06329734 -0.06259735
v -0.06781627 -0.06304634 -0.06936735
v -0.09507127 -0.06394434 0.02721465
v 0.01686573 -0.06565034 -0.09039235
v -0.06278527 -0.06468834 -0.06888835
v 0.10058873 -0.06361334 0.00218265
v -0.04665627 -0.06419134 -0.08286135
v -0.04665627 -0.06419134 -0.08286135
v -0.06019927 -0.06279934 -0.07457535
v -0.06019927 -0.06279934 -0.07457535
v -0.07704327 -0.06249934 -0.05996335
v 0.02427273 -0.06256234 -0.09053735
v 0.05152373 -0.06179534 0.09231365
v 0.05928273 -0.06719034 0.08253265
v -0.09639427 -0.06216834 -0.01757935
v -0.08540127 -0.06189734 0.05583965
v 0.09126873 -0.06297834 -0.04034935
v -0.08039327 -0.06222134 -0.05586435
v -0.07916327 -0.06352934 0.06336265
v 0.04319273 -0.06155534 -0.08331635
v 0.03061873 -0.05756334 0.10324465
v 0.09431173 -0.06030234 -0.03771935
v 0.10191273 -0.06134434 0.00462065
v 0.06943773 -0.06250234 -0.06719735
v 0.06943773 -0.06250234 -0.06719735
v 0.05800973 -0.05996434 0.08984065
v -0.02199627 -0.06253334 0.10150165
v -0.03868127 -0.06336034 -0.08680335
v -0.06088327 -0.06147934 0.08422465
v -0.09687627 -0.06247734 -0.01277135
v -0.07213827 -0.06196034 0.07281165
v -0.04210727 -0.06146934 -0.08724435
v -0.08733527 -0.05931834 -0.04670735
v -0.01922827 -0.05992634 -0.09584735
v 0.09772673 -0.06438234 -0.01968435
v 0.09268873 -0.06496734 0.04205765
v 0.03325973 -0.05916934 -0.08985635
v 0.04762673 -0.06208634 -0.08167035
v 0.07517073 -0.06104434 0.07423865
v -0.04812427 -0.06136034 0.09242865
v -0.03746527 -0.05814634 -0.09260535
v -0.09964027 -0.06088834 0.00389065
v 0.09874773 -0.06460534 0.01886365
v -0.09956727 -0.06034534 -0.00758935
v 0.00899273 -0.06283634 -0.09161435
v 0.01386873 -0.06110334 -0.09315935
v 0.09566873 -0.06172334 -0.03198235
v -0.06412727 -0.06223034 -0.07100535
v -0.09823127 -0.06188134 -0.00255735
v -0.09773327 -0.05996334 0.02872265
v -0.07851627 -0.05916734 -0.06083735
v 0.02777473 -0.05939534 0.10228465
v -0.09139227 -0.05893734 -0.04094335
v -0.02647227 -0.06277434 -0.09189235
v -0.01286427 -0.06146634 -0.09487435
v 0.03871973 -0.06235734 -0.08599735
v -0.03421027 -0.05835334 0.10091265
v 0.00318973 -0.06413734 -0.09224035
v 0.09804073 -0.06207434 0.03177665
v -0.04551827 -0.06154234 -0.08508135
v 0.07932573 -0.05830534 -0.05920935
v -0.04038327 -0.06058734 -0.08934135
v -0.09124427 -0.06098634 -0.03795135
v 0.06311873 -0.05859334 -0.07498235
v -0.00750327 -0.06190634 -0.09566835
v 0.00996373 -0.05887234 0.10692765
v 0.09129373 -0.06197934 0.04894365
v -0.08308527 -0.06093534 -0.05062935
v -0.06143427 -0.06027234 -0.07360335
v -0.06476327 -0.05840434 -0.07342435
v -0.06547827 -0.06289734 0.07876665
v -0.08008827 -0.05823634 0.06756965
v 0.06425173 -0.05741934 0.08702665
v -0.00781227 -0.06171534 0.10503965
v -0.08495027 -0.06228634 -0.04583835
v 0.10368073 -0.05924134 -0.00525635
v 0.00084273 -0.06104134 -0.09541035
v -0.00579227 -0.05443334 0.10955865
v 0.07510473 -0.05565034 -0.06634735
v -0.09971327 -0.05993634 0.01464865
v 0.09002973 -0.05874834 0.05585865
v -0.01398127 -0.05790834 -0.09733535
v -0.09699827 -0.05634634 -0.02879535
v -0.01328727 -0.06004234 0.10508165
v 0.05558173 -0.06170034 -0.07791635
v 0.04471273 -0.05866334 -0.08507335
v -0.09714927 -0.06249134 0.02303565
v -0.10185827 -0.05733934 0.00520465
v 0.10281073 -0.05885134 -0.01366335
v 0.10154473 -0.05927234 0.02505465
v -0.07484527 -0.05928134 -0.06444035
v -0.05107327 -0.05821734 0.09283665
v 0.10308473 -0.05910034 0.00964065
v 0.01429273 -0.05710434 -0.09608435
v -0.04265427 -0.05774834 -0.08922935
v -0.09720827 -0.05756734 -0.02456835
v -0.09204627 -0.06019134 0.04756165
v 0.10217473 -0.05785934 -0.02023335
v -0.00430627 -0.05544734 -0.09879835
v 0.04162573 -0.06165634 0.09720165
v -0.02909727 -0.06169334 0.10038365
v -0.05713527 -0.05602334 -0.08121935
v 0.09230773 -0.05869534 -0.04387335
v 0.00142773 -0.05608234 0.10882065
v 0.01866073 -0.05772534 0.10628865
v 0.01866073 -0.05772534 0.10628865
v 0.08031973 -0.05666234 0.07237965
v -0.09542427 -0.05543234 -0.03352435
v -0.03923427 -0.05836134 0.09921065
v -0.10126327 -0.05501634 0.02714465
v 0.04279673 -0.05676834 -0.08779735
v -0.06845627 -0.05684534 0.08107865
v -0.09110227 -0.05656834 0.05327665
v -0.01026327 -0.05698634 0.10752865
v 0.08574873 -0.06091934 -0.04888035
v 0.06928573 -0.06037834 0.08046265
v -0.06446527 -0.05896534 0.08393065
v -0.08753627 -0.05585934 0.05937365
v 0.08440173 -0.05670734 0.06696165
v 0.08328173 -0.05737734 -0.05509735
v 0.02725873 -0.05996934 -0.09146635
v 0.04474773 -0.05703134 0.09913465
v 0.00777173 -0.05817534 -0.09585335
v -0.02125527 -0.05811734 0.10482165
v -0.09647727 -0.05983234 0.03308465
v 0.05901573 -0.05566734 -0.08003835
v -0.08435627 -0.06021534 0.06025765
v -0.09608427 -0.05495034 0.04605865
v -0.10181327 -0.05687534 -0.00332535
v -0.05687827 -0.05334734 0.09326365
v -0.07393527 -0.05820034 0.07440065
v -0.09500827 -0.05899434 0.04148265
v -0.02927027 -0.05806334 -0.09415835
v 0.09595173 -0.05615134 0.04848265
v -0.09370427 -0.05614034 -0.03815835
v 0.09995873 -0.05876034 -0.02668735
v -0.00856827 -0.05808134 -0.09778535
v 0.10081273 -0.05462034 0.03790365
v 0.10478673 -0.05681234 0.00484365
v 0.05244973 -0.05506434 -0.08404335
v -0.02601727 -0.05562934 -0.09611335
v 0.10566073 -0.05399834 0.01748465
v 0.01077573 -0.05160034 0.11089965
v -0.00047527 -0.05604834 -0.09804635
v 0.02648173 -0.05415034 -0.09524035
v -0.08185427 -0.05469534 -0.06014035
v 0.06705973 -0.05502534 -0.07503035
v 0.06705973 -0.05502534 -0.07503035
v 0.06705973 -0.05502534 -0.07503035
v -0.09883127 -0.05622134 -0.01808135
v -0.06002427 -0.05627734 -0.07943235
v -0.08474627 -0.05638534 -0.05318835
v -0.05265527 -0.05703534 -0.08355735
v -0.05265527 -0.05703534 -0.08355735
v 0.10170073 -0.05666434 0.03343365
v -0.08743027 -0.05379434 0.06232365
v 0.09883573 -0.05545634 -0.03439135
v -0.05947827 -0.05792634 0.08796665
v -0.07083827 -0.05726434 -0.07121035
v -0.02542727 -0.05489834 0.10605765
v 0.00659573 -0.05483834 -0.09775735
v -0.06418227 -0.05447934 -0.07728335
v -0.09185227 -0.05429034 -0.04573135
v -0.01273427 -0.05455734 -0.09863735
v -0.00988727 -0.05303434 -0.09913835
v 0.05229673 -0.05283134 0.09788165
v -0.00208427 -0.05332434 -0.09940135
v 0.10407873 -0.05345334 0.02872365
v 0.10057573 -0.05508734 -0.02969435
v -0.01921127 -0.05168534 0.10891565
v -0.03269427 -0.05690234 -0.09454235
v 0.03988273 -0.05450034 0.10266865
v 0.10574173 -0.05467434 -0.00953435
v -0.10236527 -0.05364134 -0.01211635
v 0.04118073 -0.05504134 -0.08941635
v 0.01720173 -0.05297534 -0.09822135
v 0.10307473 -0.05411434 -0.02582135
v -0.03005727 -0.05355434 -0.09644435
v 0.02113273 -0.05552334 -0.09614035
v -0.04875327 -0.05498734 -0.08738635
v -0.04875327 -0.05498734 -0.08738635
v -0.04563127 -0.05349634 0.09936265
v 0.02376973 -0.05719534 0.10535265
v 0.02376973 -0.05719534 0.10535265
v -0.08035227 -0.05504934 0.07080465
v 0.09526173 -0.05494934 -0.04178235
v 0.03675473 -0.05110934 -0.09382835
v -0.02167927 -0.05353834 -0.09665235
v -0.03813327 -0.05059134 -0.09623335
v -0.06459827 -0.05399534 0.08698965
v -0.07618527 -0.05268734 -0.06748435
v -0.08735627 -0.05256234 -0.05482735
v -0.01721527 -0.05410334 -0.09882535
v -0.03744027 -0.05510334 0.10194465
v -0.09117727 -0.05253134 0.05770865
v -0.09661527 -0.05250834 -0.03609535
v -0.08421627 -0.05305934 -0.05774935
v -0.09667127 -0.05054534 0.04983565
v -0.09962627 -0.05461034 0.03452665
v -0.01420127 -0.05207834 -0.10063435
v 0.06356573 -0.05374934 0.09017165
v -0.10133127 -0.05152134 -0.02302835
v 0.08978273 -0.05089734 -0.05436435
v 0.03886373 -0.05092234 0.10497865
v -0.04505227 -0.05158734 -0.09192835
v -0.00396527 -0.05164234 -0.10137235
v -0.10348027 -0.05354234 -0.00192435
v -0.05317327 -0.05112634 0.09648165
v 0.07802073 -0.05423134 -0.06467535
v -0.10381027 -0.05367434 0.01339265
v -0.10489127 -0.05042034 -0.00732935
v 0.02945673 -0.05177034 0.10697865
v 0.02945673 -0.05177034 0.10697865
v 0.00195673 -0.04908834 0.11274065
v -0.02399427 -0.04939734 -0.09998035
v -0.06904827 -0.04997234 0.08629865
v -0.06146527 -0.05021134 0.09206465
v 0.09545373 -0.04829334 -0.04729935
v 0.06287273 -0.05255434 -0.07989135
v -0.01195927 -0.05202734 0.11021565
v 0.07466573 -0.05445434 0.07995265
v 0.04117073 -0.05077834 -0.09219435
v 0.00130973 -0.05116234 -0.10123335
v 0.07124773 -0.05147134 -0.07294335
v 0.09098973 -0.05434834 -0.04905735
v 0.00499073 -0.05119534 -0.10021735
v 0.01112073 -0.05040934 -0.09918135
v 0.10745373 -0.05228534 -0.00203335
v -0.05580827 -0.05133134 -0.08470435
v 0.10922673 -0.04671534 0.01988965
v 0.07268173 -0.05398034 -0.07033035
v -0.10610027 -0.04911934 0.00904565
v -0.10383627 -0.05164634 0.02366165
v 0.10609273 -0.05382234 0.01233665
v 0.08568473 -0.05052034 -0.05893835
v 0.10125073 -0.05043834 0.04361965
v -0.00376927 -0.04832534 0.11307665
v 0.10455373 -0.05009134 0.03443465
v 0.08620473 -0.04723934 0.07274565
v -0.08722827 -0.04876134 0.06777365
v 0.09201673 -0.05119334 0.06138265
v 0.05894873 -0.05169934 0.09450265
v -0.06940727 -0.04966134 -0.07598235
v -0.07889727 -0.05252634 -0.06456035
v -0.10324827 -0.04959934 0.03047365
v 0.10919873 -0.04911534 0.00838065
v 0.09837673 -0.04745434 0.05377865
v 0.03042073 -0.05003634 -0.09648735
v -0.07458127 -0.04802434 0.08219665
v -0.03050627 -0.05339934 0.10536465
v -0.09086527 -0.05196834 -0.04987035
v -0.03048027 -0.04932534 -0.09915735
v -0.09360527 -0.04533734 -0.05131535
v 0.10130473 -0.05011334 -0.03479635
v -0.06226427 -0.04728834 -0.08329835
v -0.01823327 -0.04951234 -0.10178535
v -0.10425527 -0.05211734 0.00488865
v -0.08415427 -0.04881634 -0.06163635
v 0.10584073 -0.05268734 -0.01676135
v -0.10024527 -0.04823834 0.04448565
v -0.06663827 -0.04699534 0.09053265
v 0.04968373 -0.04935034 -0.08913935
v -0.10015927 -0.04832534 -0.03392335
v -0.07938427 -0.04903434 -0.06781335
v -0.09966127 -0.05226534 -0.02803435
v 0.07099073 -0.05100434 0.08585565
v -0.03562627 -0.04656034 -0.09899235
v 0.08672173 -0.04443534 -0.06279135
v -0.04259227 -0.04813334 0.10378465
v 0.08980973 -0.05082434 0.06495665
v -0.00897227 -0.04952234 -0.10250535
v -0.05025627 -0.04803534 -0.09071235
v -0.05025627 -0.04803534 -0.09071235
v -0.10450427 -0.04881934 -0.01554135
v 0.00785173 -0.04460334 -0.10336335
v -0.10657527 -0.04879034 0.01466865
v 0.09937273 -0.04812334 -0.04183235
v 0.01760373 -0.04982334 0.11082765
v -0.07298027 -0.05027834 -0.07327835
v 0.05399973 -0.04941934 -0.08688835
v -0.09558427 -0.04861334 -0.04395435
v 0.00386473 -0.04885134 -0.10288235
v 0.03573973 -0.04747434 -0.09610835
v 0.07258473 -0.04658634 -0.07539435
v 0.07258473 -0.04658634 -0.07539435
v 0.10939773 -0.04751334 -0.01071935
v -0.06275227 -0.05118434 -0.08071235
v 0.07959373 -0.04703934 -0.06863335
v 0.01029773 -0.04507434 0.11421365
v 0.02269373 -0.04987034 0.10945665
v -0.10245227 -0.04580034 -0.03054735
v 0.10394673 -0.04817334 -0.03107635
v -0.09189727 -0.04480934 0.06354365
v 0.02912773 -0.04774934 0.10922065
v 0.02912773 -0.04774934 0.10922065
v 0.06608073 -0.04557834 0.09344865
v 0.08035873 -0.04842834 0.07870565
v -0.10707227 -0.04698134 0.01885465
v -0.08047027 -0.05061634 0.07451265
v -0.08954027 -0.04758434 -0.05664635
v 0.06507673 -0.04733534 -0.08133435
v 0.06507673 -0.04733534 -0.08133435
v -0.09600827 -0.04751434 0.05421365
v -0.09001927 -0.04886534 0.06285665
v 0.04532773 -0.05081534 0.10256365
v 0.11060373 -0.04615234 -0.00036235
v 0.00414973 -0.04492334 -0.10436435
v 0.05291873 -0.04242934 -0.09117935
v 0.05291873 -0.04242934 -0.09117935
v -0.01065827 -0.04379734 0.11399065
v 0.10919173 -0.04499634 -0.01822235
v -0.01042627 -0.04565434 -0.10447535
v 0.04671273 -0.04621134 -0.09222835
v 0.10964673 -0.04286334 0.02814765
v 0.01744573 -0.04846834 -0.09962635
v -0.06702727 -0.04778134 -0.07969935
v 0.10242773 -0.04572134 0.04774565
v -0.03386027 -0.04466634 0.10886665
v 0.01944873 -0.04634434 -0.10075135
v -0.10854227 -0.04413334 0.01427565
v 0.06061973 -0.04614034 -0.08505035
v -0.08719927 -0.04510834 -0.06133435
v -0.05817727 -0.04536234 0.09684665
v 0.10166273 -0.04567534 -0.03903935
v -0.05464127 -0.04582134 -0.08819535
v 0.00087073 -0.04357834 0.11518065
v -0.02741427 -0.03954034 0.11285665
v -0.01959427 -0.04550634 -0.10335635
v 0.01410073 -0.04482834 -0.10150235
v 0.07579273 -0.05052434 0.08202465
v -0.00363427 -0.04858534 -0.10356235
v 0.09549773 -0.04438034 -0.05080035
v -0.10860227 -0.04468334 0.00650365
v -0.04774627 -0.04431134 -0.09468035
v -0.04774627 -0.04431134 -0.09468035
v -0.07303327 -0.04438634 0.08633865
v -0.07158727 -0.04624634 -0.07655835
v -0.02706327 -0.04313534 -0.10297635
v 0.05725773 -0.04319134 -0.08834335
v 0.05725773 -0.04319134 -0.08834335
v -0.10491427 -0.04452634 0.03486865
v -0.07931727 -0.04398234 -0.07121635
v 0.06893473 -0.04357534 -0.08025335
v -0.08353827 -0.04524034 -0.06600835
v 0.03671573 -0.04525034 0.10881465
v 0.03671573 -0.04525034 0.10881465
v -0.05609227 -0.04121734 -0.08965135
v -0.10829127 -0.04447934 0.00057365
v -0.05137127 -0.04417134 0.10095165
v 0.11370673 -0.03919634 -0.00014435
v 0.07865173 -0.04373034 -0.07180135
v 0.05055873 -0.04496934 0.10305365
v 0.05684873 -0.04371734 0.10012765
v -0.09980927 -0.04586734 -0.03746235
v 0.08226073 -0.04884834 -0.06546135
v -0.05872627 -0.04491034 -0.08798435
v -0.10668427 -0.04237734 -0.02105035
v 0.01085873 -0.04693734 -0.10156035
v 0.04337873 -0.04441434 0.10678665
v -0.07654127 -0.04473134 -0.07302735
v -0.07218727 -0.04359334 -0.07814335
v 0.02273673 -0.04137334 -0.10257335
v 0.08978473 -0.04532134 -0.05783535
v 0.02461773 -0.04751234 -0.10001635
v -0.03771727 -0.04219234 0.10865665
v -0.06676727 -0.04376034 0.09229965
v 0.03238173 -0.04592634 -0.09874735
v 0.02048973 -0.04544634 0.11196965
v 0.07652773 -0.04296534 0.08571565
v -0.00668927 -0.04247434 0.11507865
v -0.01890127 -0.04463934 0.11207265
v 0.11219673 -0.04181034 0.01350965
v 0.10473373 -0.04574134 0.04122365
v -0.10753827 -0.04487434 -0.00848735
v 0.00356573 -0.03951534 -0.10644335
v 0.00356573 -0.03951534 -0.10644335
v 0.10812873 -0.04374334 0.03282565
v -0.09337327 -0.04123334 -0.05483635
v 0.10819073 -0.04313134 -0.02648035
v 0.03549073 -0.03816234 0.11226665
v 0.03549073 -0.03816234 0.11226665
v -0.01917827 -0.04173934 -0.10445435
v 0.05012073 -0.03799234 -0.09490435
v 0.05012073 -0.03799234 -0.09490435
v 0.09766173 -0.03819534 0.06300865
v -0.03281427 -0.04337234 -0.10071335
v 0.10748873 -0.03720534 0.04339165
v 0.03538773 -0.04091034 -0.09968335
v -0.08382627 -0.04103334 -0.06808135
v -0.08792327 -0.04021334 -0.06374335
v 0.05998173 -0.04464234 0.09777865
v 0.09450873 -0.04200934 0.06571165
v -0.00046127 -0.04195634 -0.10646635
v -0.00046127 -0.04195634 -0.10646635
v -0.10403527 -0.04123034 0.04263365
v 0.07463873 -0.04211934 -0.07567235
v 0.07463873 -0.04211934 -0.07567235
v 0.11164873 -0.04303434 -0.00871435
v -0.00985727 -0.04219134 -0.10585735
v 0.01386173 -0.03987434 0.11572665
v -0.08841227 -0.04099634 0.07141965
v 0.04817873 -0.03798734 -0.09585435
v 0.04817873 -0.03798734 -0.09585435
v -0.05204627 -0.04337434 -0.09127835
v -0.11104827 -0.03677634 -0.00513035
v 0.10986773 -0.04020434 -0.02328235
v 0.02852673 -0.04144434 0.11286665
v 0.06171373 -0.04011334 -0.08749635
v 0.06171373 -0.04011334 -0.08749635
v 0.01671473 -0.04360134 0.11396965
v 0.04052973 -0.04050834 -0.09750135
v -0.01449727 -0.04432834 0.11369765
v -0.09195727 -0.04137434 -0.05745435
v -0.05284427 -0.03891134 0.10288965
v -0.05090427 -0.03873534 -0.09490035
v 0.08062573 -0.04202634 0.08256665
v -0.06048127 -0.03924534 -0.08871735
v -0.09753927 -0.04091634 -0.04914335
v -0.06406227 -0.04056334 -0.08587035
v -0.08210927 -0.04073834 0.07942065
v -0.09575327 -0.04091634 0.06169565
v 0.10910973 -0.03653134 0.03946765
v -0.10838327 -0.04012334 0.02782165
v 0.06859073 -0.03842234 0.09522765
v 0.10493173 -0.03737934 -0.04022335
v 0.02194773 -0.03972234 0.11516465
v 0.06731073 -0.03970134 -0.08377235
v -0.02150127 -0.04110234 0.11296665
v 0.03115673 -0.03930634 -0.10271135
v -0.06689827 -0.03746134 0.09479965
v 0.05491573 -0.03917934 0.10358765
v -0.09987527 -0.04493034 0.04952765
v -0.04258327 -0.03531434 0.10891065
v -0.03138427 -0.04023434 -0.10275035
v -0.11222527 -0.03582434 0.00766465
v -0.08703927 -0.03577034 0.07661165
v -0.10241827 -0.04147534 -0.03593435
v -0.10938427 -0.03856534 -0.01307435
v -0.10146227 -0.03926134 0.05091865
v -0.01883627 -0.03608734 0.11528965
v -0.11033227 -0.03791534 0.02117465
v 0.09541173 -0.03840534 -0.05532435
v 0.04458573 -0.03905034 -0.09657635
v 0.04458573 -0.03905034 -0.09657635
v -0.07192227 -0.04038334 0.08981965
v -0.04654027 -0.03993934 -0.09710835
v -0.04654027 -0.03993934 -0.09710835
v -0.04476227 -0.04190034 0.10535165
v -0.10630627 -0.04516634 0.02727665
v 0.10133973 -0.03983434 -0.04456235
v -0.10735127 -0.03865734 0.03625165
v 0.10541273 -0.04051834 -0.03592135
v -0.04277727 -0.04316734 -0.09782935
v -0.04277727 -0.04316734 -0.09782935
v -0.10714427 -0.03877034 -0.02573635
v -0.06914927 -0.03969834 -0.08209635
v -0.00103427 -0.03629634 0.11771165
v -0.08235627 -0.03698434 0.08124665
v -0.07567627 -0.03970434 -0.07666135
v -0.03380927 -0.03826434 0.11168665
v -0.11163227 -0.03683134 0.00148565
v 0.10160373 -0.04158734 0.05328565
v 0.08860673 -0.03776634 0.07666365
v -0.09563627 -0.03716934 -0.05407535
v 0.09947873 -0.03499634 -0.05073135
v 0.01305373 -0.03935534 -0.10527935
v 0.01305373 -0.03935534 -0.10527935
v 0.07200473 -0.04047234 0.09148865
v 0.11489873 -0.03481834 -0.01125235
v -0.01496427 -0.04077534 -0.10592635
v -0.03012027 -0.03427234 -0.10569935
v -0.08358127 -0.03778234 -0.07089235
v -0.09239627 -0.03765334 0.06917665
v 0.07388773 -0.03772834 -0.07886735
v -0.11207427 -0.03478334 0.01513065
v -0.10463227 -0.03698534 -0.03599435
v -0.09967527 -0.03603734 -0.04784935
v 0.01535573 -0.02980534 0.12015265
v -0.05802627 -0.03573734 -0.09216935
v 0.01674873 -0.03783834 0.11654265
v 0.06483073 -0.03466534 -0.08733035
v -0.02484827 -0.03806134 -0.10545035
v -0.01033927 -0.03590034 -0.10851035
v 0.00534873 -0.03747534 -0.10528535
v 0.00534873 -0.03747534 -0.10528535
v -0.00507127 -0.04231534 -0.10659335
v -0.00507127 -0.04231534 -0.10659335
v -0.08019827 -0.03495934 -0.07522035
v 0.10394373 -0.03963934 0.05020965
v -0.01939527 -0.03573034 -0.10740235
v -0.03521927 -0.03703134 -0.10259135
v -0.10902827 -0.03315534 -0.02708035
v 0.11578573 -0.03314134 -0.00287135
v -0.01088727 -0.02540634 0.12012865
v 0.02528573 -0.03587734 -0.10545735
v 0.02528573 -0.03587734 -0.10545735
v 0.05104073 -0.03446334 -0.09533435
v 0.05104073 -0.03446334 -0.09533435
v 0.10885073 -0.03799434 -0.02935635
v 0.06030073 -0.03484434 -0.09070435
v 0.06030073 -0.03484434 -0.09070435
v 0.01204073 -0.03279534 -0.10801935
v 0.11607473 -0.03331434 0.00436665
v 0.00042773 -0.03806434 -0.10849635
v 0.00042773 -0.03806434 -0.10849635
v -0.07289327 -0.03491834 0.09130365
v -0.11252627 -0.03366134 -0.00687335
v 0.09116773 -0.03869034 -0.06077935
v 0.01665173 -0.03727734 -0.10678135
v 0.01665173 -0.03727734 -0.10678135
v 0.05548073 -0.03456134 -0.09333835
v 0.09543373 -0.03367334 -0.05829235
v 0.07860573 -0.03795334 -0.07497135
v 0.07860573 -0.03795334 -0.07497135
v 0.00625773 -0.03415434 0.11856665
v -0.04599527 -0.03397134 -0.09866835
v 0.07683273 -0.03465134 0.09007865
v -0.06187027 -0.03979034 0.09746165
v -0.03550027 -0.03233034 0.11299765
v -0.08448327 -0.03148734 -0.07279335
v 0.10689973 -0.03266034 0.04896865
v 0.08192073 -0.03598134 -0.07265235
v -0.07140527 -0.03247434 0.09431665
v -0.09801527 -0.03644334 0.06016465
v 0.03187673 -0.03305834 -0.10377835
v 0.03187673 -0.03305834 -0.10377835
v 0.08495873 -0.03699234 -0.06916735
v 0.04957473 -0.03673334 0.10723865
v -0.01042827 -0.03291134 0.11730765
v 0.00541673 -0.03166634 -0.11006335
v 0.10409373 -0.03328634 -0.04444235
v 0.09423973 -0.03250634 0.07204165
v -0.09078027 -0.03782834 -0.06184535
v 0.03652073 -0.03516234 -0.10119335
v 0.03652073 -0.03516234 -0.10119335
v -0.07162727 -0.03608234 -0.08306135
v 0.11232873 -0.03925834 0.02353765
v -0.01463227 -0.03309634 0.11761365
v -0.10989427 -0.03385734 -0.02170435
v -0.10711527 -0.03337434 0.04333165
v -0.07822627 -0.03538234 0.08627865
v 0.04252473 -0.03902034 0.10937465
v 0.07801073 -0.03317734 -0.07828035
v 0.11276873 -0.03390134 -0.02275335
v -0.05141827 -0.03388534 -0.09659435
v 0.07479273 -0.03095734 0.09360465
v -0.10333927 -0.03483934 0.05130265
v -0.04347427 -0.03631334 -0.09990235
v 0.02772873 -0.03272934 -0.10492335
v 0.02772873 -0.03272934 -0.10492335
v -0.09014327 -0.03072334 -0.06673035
v 0.01881073 -0.02960634 -0.10825835
v 0.00709773 -0.03445234 -0.10839335
v -0.01552227 -0.03118534 -0.10941735
v 0.08508973 -0.03210234 -0.07209735
v 0.08508973 -0.03210234 -0.07209735
v -0.05090427 -0.03212934 0.10647465
v -0.06868127 -0.03200834 -0.08653135
v -0.11154127 -0.03309934 -0.01374535
v 0.05899673 -0.02785634 0.10569565
v -0.07813727 -0.03381034 -0.07813235
v 0.09831273 -0.03122834 0.06675265
v -0.10805327 -0.03044234 -0.03293535
v -0.10279827 -0.03538934 -0.04147035
v 0.07378873 -0.03271834 -0.08155035
v 0.04671473 -0.03308334 -0.09752835
v 0.05504373 -0.03015234 -0.09467535
v -0.10626227 -0.03018734 0.04831765
v -0.09366727 -0.02830834 -0.06271435
v 0.06716073 -0.03167834 -0.08643335
v 0.08922273 -0.03144534 -0.06738535
v -0.07783827 -0.02951034 0.08926965
v 0.10203873 -0.03186134 0.06023865
v -0.08702527 -0.03176234 0.07949565
v -0.04383127 -0.02768534 0.11103565
v 0.04331773 -0.03129234 0.11205765
v 0.04331773 -0.03129234 0.11205765
v -0.06225127 -0.03402034 -0.09028535
v -0.03762627 -0.03033034 -0.10389835
v -0.03762627 -0.03033034 -0.10389835
v -0.10134227 -0.03099634 0.05821565
v 0.10499673 -0.03131934 0.05494965
v -0.02150127 -0.02897834 -0.10908435
v -0.02150127 -0.02897834 -0.10908435
v -0.05943027 -0.03474234 0.10112165
v -0.07649727 -0.02816034 -0.08171435
v 0.06664873 -0.03279834 0.09905265
v 0.11764673 -0.02844334 -0.00670935
v -0.05543727 -0.03307134 -0.09478135
v -0.09682527 -0.03249234 0.06510365
v -0.03088427 -0.02881634 -0.10700235
v -0.03088427 -0.02881634 -0.10700235
v 0.02578573 -0.02746634 0.11855065
v -0.10607227 -0.03123434 -0.03838935
v -0.07133227 -0.02623134 -0.08686735
v -0.07048227 -0.02613634 0.09704665
v -0.11235027 -0.03001634 0.02754365
v -0.00862827 -0.03015534 -0.11078735
v -0.00862827 -0.03015534 -0.11078735
v -0.10406127 -0.02836234 -0.04432935
v 0.11244773 -0.03322034 0.03021365
v -0.11412727 -0.02968134 0.00417665
v -0.04999627 -0.02916134 -0.09943135
v 0.03547773 -0.03031534 -0.10432035
v 0.03547773 -0.03031534 -0.10432035
v 0.02067373 -0.03215534 0.11809765
v 0.03992973 -0.03169034 -0.10115435
v 0.03992973 -0.03169034 -0.10115435
v 0.07006673 -0.02745934 0.09827565
v 0.02068373 -0.03362834 -0.10715235
v 0.02068373 -0.03362834 -0.10715235
v -0.11415027 -0.02839134 0.02171465
v -0.11453227 -0.02806234 -0.00329435
v 0.08451173 -0.02762034 -0.07436635
v 0.08451173 -0.02762034 -0.07436635
v 0.03017773 -0.03109934 0.11631065
v -0.04452727 -0.03130234 -0.09995235
v -0.02991927 -0.02893034 0.11599465
v 0.08458173 -0.03209734 0.08364565
v 0.06005473 -0.03029134 -0.09202835
v 0.08049073 -0.02853634 0.08931265
v 0.10023073 -0.02789234 -0.05387435
v -0.11196527 -0.02963734 -0.01828335
v 0.11552073 -0.02906834 0.02118965
v 0.07143373 -0.02866534 -0.08514335
v -0.09735427 -0.02839434 -0.05747135
v 0.09146473 -0.02959134 -0.06473235
v -0.00256027 -0.02810134 0.12028165
v -0.03817627 -0.02557534 -0.10543535
v -0.09478927 -0.02980534 0.07005365
v -0.02452827 -0.02542834 0.11795165
v -0.11069327 -0.02831534 -0.02609935
v -0.06643927 -0.02969834 -0.08957435
v 0.05045173 -0.02772734 0.10998465
v 0.10883973 -0.03179834 -0.03552035
v 0.10964073 -0.02537334 -0.03773735
v -0.10872827 -0.02805034 0.04312565
v -0.11448027 -0.02752034 0.01040465
v -0.00380127 -0.03050734 -0.11063235
v 0.04619873 -0.02953134 -0.09957435
v 0.10789973 -0.02618834 0.05100465
v -0.05571227 -0.02764734 -0.09738335
v -0.11270227 -0.02605634 0.03183765
v 0.02915773 -0.02670334 -0.10619335
v -0.10295527 -0.02684434 0.05882865
v 0.00424873 -0.03007534 0.11985565
v 0.01610273 -0.02602134 -0.10831235
v 0.01042873 -0.03139634 0.11913465
v -0.09128827 -0.02559934 0.07682365
v 0.00161173 -0.02903334 -0.11124535
v 0.07975573 -0.02882534 -0.07824235
v 0.02346973 -0.02542034 -0.10884335
v 0.11802173 -0.02605734 0.00237065
v 0.03444373 -0.02658234 0.11657165
v 0.11319973 -0.02682634 0.03509865
v 0.02628473 -0.02510934 -0.10832535
v 0.04337773 -0.03265834 -0.09881535
v -0.11422327 -0.02643734 -0.00954435
v 0.10380973 -0.02451534 -0.05081935
v 0.05542973 -0.02465934 0.10807265
v -0.08146927 -0.02570134 -0.07773735
v 0.11070673 -0.02746034 0.04270565
v -0.03745927 -0.02513934 0.11425565
v 0.08654973 -0.02542434 0.08441465
v 0.00753273 -0.02505534 -0.11178435
v -0.01939727 -0.02748034 0.11799265
v -0.10505427 -0.02344734 -0.04466335
v 0.09762773 -0.02039134 0.07210865
v 0.09476373 -0.02471334 0.07507865
v 0.05725273 -0.02507234 -0.09600135
v -0.05415327 -0.02384434 -0.09933435
v 0.10537473 -0.02128234 0.05909565
v 0.11699073 -0.02682834 0.01446565
v -0.10168927 -0.02620534 -0.05058735
v -0.11105627 -0.02326734 0.04064665
v -0.10010927 -0.02398434 0.06459365
v 0.09988173 -0.02607134 0.06713065
v -0.05689727 -0.02729634 0.10533265
v -0.08905527 -0.02605534 -0.07002035
v 0.01108473 -0.02469834 -0.11088535
v 0.07854773 -0.02537634 0.09250165
v 0.02909273 -0.02632334 0.11787365
v 0.10234273 -0.02558134 0.06356465
v -0.00440327 -0.02231234 -0.11296935
v -0.03210827 -0.02050734 0.11694165
v -0.08682327 -0.02474434 -0.07271535
v 0.08885573 -0.02556034 -0.06955935
v -0.04933127 -0.02466034 0.10943565
v -0.08276927 -0.02556734 0.08656865
v 0.03753573 -0.02365534 -0.10481135
v -0.01459627 -0.02297534 -0.11238835
v -0.01459627 -0.02297534 -0.11238835
v 0.11524373 -0.02133334 -0.02636835
v -0.09665727 -0.02133834 -0.06099735
v 0.10742073 -0.02438234 -0.04384535
v -0.11439727 -0.02350734 -0.01329635
v 0.07613273 -0.02679634 -0.08179035
v -0.07556127 -0.02561934 0.09310965
v 0.11826173 -0.02339434 0.00863465
v 0.05273973 -0.02151534 -0.09904935
v -0.11610227 -0.02233334 0.00760165
v -0.09653227 -0.02393334 0.07049465
v 0.04363073 -0.02684634 0.11320165
v 0.04363073 -0.02684634 0.11320165
v -0.03299727 -0.02180234 -0.10811235
v -0.04340527 -0.02144834 0.11382265
v 0.02025373 -0.02313934 0.12011365
v -0.10823527 -0.02363434 -0.03776735
v -0.00135927 -0.02230634 0.12157065
v -0.00820827 -0.02011034 -0.11323235
v -0.06095927 -0.02414734 0.10387565
v 0.01464073 -0.02077734 -0.11052435
v 0.06195273 -0.02452334 -0.09220835
v -0.11209027 -0.02259034 -0.02641435
v 0.08118873 -0.01907034 -0.07928935
v -0.11349327 -0.02222534 0.03283065
v 0.11794773 -0.01978934 0.02073165
v 0.03883173 -0.02180834 0.11608165
v -0.06169827 -0.02500734 -0.09425635
v 0.00936573 -0.01990634 -0.11218735
v 0.06244073 -0.02146934 0.10451565
v -0.04608827 -0.02269934 -0.10328835
v -0.11466727 -0.01763434 -0.01830135
v 0.04265173 -0.02359634 -0.10292135
v 0.02681273 -0.02045934 -0.10853135
v 0.09212573 -0.02229934 -0.06689235
v -0.01369427 -0.01859334 0.12162065
v 0.07763273 -0.02012334 0.09413665
v 0.01512073 -0.02092734 0.12159565
v 0.06880673 -0.02236134 -0.08808435
v 0.11604673 -0.02350534 -0.02123735
v 0.00592073 -0.02268534 0.12121265
v 0.11882373 -0.02171634 -0.00576735
v 0.11611273 -0.02175734 0.02761365
v -0.02852627 -0.01717734 -0.11032235
v -0.08096227 -0.01970734 -0.08005635
v 0.02742573 -0.02178034 0.11903165
v -0.08065427 -0.02228234 -0.07910035
v -0.08714027 -0.02372034 0.08268665
v -0.06870727 -0.01828634 0.10004965
v 0.11360373 -0.02008834 -0.03155535
v -0.10063727 -0.02046334 -0.05559835
v 0.06890073 -0.01950734 0.10104665
v -0.11455427 -0.02245834 0.02603565
v -0.00470827 -0.01823234 0.12339865
v -0.07638327 -0.02383034 -0.08259635
v 0.11821173 -0.02257634 -0.01028735
v 0.10157773 -0.01944434 0.06712865
v -0.05944327 -0.02183134 -0.09684435
v 0.04452373 -0.01804534 -0.10291035
v -0.01570527 -0.02215634 0.12039965
v -0.09138627 -0.02137834 -0.06753835
v 0.09981373 -0.01789634 -0.05876835
v -0.08652127 -0.02017434 -0.07460135
v -0.01023627 -0.01984034 0.12165565
v 0.02138373 -0.01662134 0.12155965
v 0.02552773 -0.01971934 0.12052565
v 0.02025073 -0.02156234 -0.10956935
v -0.03717727 -0.01908634 -0.10736735
v -0.07974727 -0.02191534 0.09006265
v 0.10901773 -0.01786834 -0.04348935
v 0.11934973 -0.01844034 0.00527865
v 0.08564673 -0.02248234 -0.07411035
v 0.08564673 -0.02248234 -0.07411035
v -0.08754827 -0.01594534 0.08417165
v 0.02744073 -0.01612334 -0.10911335
v 0.01813273 -0.01852034 0.12208365
v -0.10922527 -0.02253834 0.04599465
v 0.03420473 -0.01817334 -0.10674535
v 0.11940773 -0.01850934 -0.00142535
v 0.00322673 -0.01935934 -0.11320435
v 0.02392573 -0.01760534 -0.10901135
v 0.08460173 -0.01931834 0.08795365
v 0.11443673 -0.02027634 0.03728665
v 0.00755373 -0.01709434 0.12273765
v 0.05876273 -0.01942134 -0.09583635
v 0.11052373 -0.02105334 0.04846165
v -0.08407027 -0.01704834 -0.07753035
v -0.10379527 -0.01933234 0.06053865
v 0.03413373 -0.01808734 0.11869665
v 0.07697273 -0.01649734 -0.08335235
v -0.02078627 -0.01387134 -0.11238935
v 0.11289373 -0.01686534 0.04324065
v -0.04455627 -0.01524034 0.11390465
v -0.05016327 -0.01849934 -0.10255735
v -0.11574027 -0.02117934 0.02055565
v 0.06529873 -0.01878434 -0.09178735
v -0.11743627 -0.01354134 0.00803465
v 0.04158373 -0.01499234 -0.10470035
v -0.10680127 -0.02271034 0.05202265
v 0.09612673 -0.01873834 -0.06298235
v -0.11203527 -0.01657534 0.04173865
v 0.00295173 -0.01845634 0.12233365
v -0.03871927 -0.01790434 0.11551665
v -0.11566127 -0.02157134 -0.00631835
v -0.02466427 -0.01921034 0.11917665
v -0.07632627 -0.01453034 0.09473565
v 0.07364473 -0.01724534 -0.08610335
v -0.02118327 -0.02166034 -0.11110635
v -0.07913127 -0.01670734 -0.08273035
v -0.09869127 -0.01697134 0.06952265
v -0.01956127 -0.01674534 0.12083765
v 0.09447573 -0.01808734 0.07682365
v -0.05131427 -0.01722634 0.11018565
v -0.06760627 -0.01641134 -0.09236035
v -0.05534327 -0.01800034 0.10845365
v -0.00754827 -0.01630834 -0.11372035
v 0.06117073 -0.01419734 -0.09567735
v -0.01376827 -0.01849234 -0.11296935
v -0.07491427 -0.01788134 -0.08622435
v -0.09196627 -0.01707734 0.07884865
v 0.10920073 -0.01802134 0.05265365
v 0.11815973 -0.01900934 -0.01626535
v 0.04395273 -0.01895234 0.11515765
v 0.04395273 -0.01895234 0.11515765
v -0.10574227 -0.01165234 0.05889365
v 0.01956573 -0.01612234 -0.11048435
v 0.03461173 -0.01503134 -0.10691935
v -0.09576827 -0.01648034 -0.06357635
v 0.11725573 -0.01388334 -0.02457035
v 0.00866273 -0.01543334 -0.11381935
v 0.05783673 -0.01870734 0.10810365
v 0.00158073 -0.01412534 -0.11404935
v 0.01333873 -0.01512034 0.12247665
v 0.04723773 -0.01705134 0.11368265
v 0.04723773 -0.01705134 0.11368265
v -0.11726527 -0.01478134 0.01678365
v -0.11350127 -0.01615234 -0.02694535
v -0.07296027 -0.01242134 -0.08945935
v -0.05926727 -0.01559434 -0.09820935
v 0.08268273 -0.01612834 0.09098665
v -0.11676327 -0.01752734 0.00269165
v -0.11661427 -0.01637534 -0.00468335
v -0.11645927 -0.00947134 0.02669765
v -0.10648027 -0.01472634 0.05626865
v 0.07819473 -0.01404734 0.09523665
v -0.04338627 -0.01406534 -0.10642835
v 0.06148973 -0.01655434 0.10626165
v 0.09336473 -0.01386534 -0.06779435
v 0.09336473 -0.01386534 -0.06779435
v -0.11132127 -0.00605034 -0.03868435
v -0.10774227 -0.01669334 -0.04297535
v -0.05495027 -0.01404734 0.10966765
v 0.04802673 -0.01164234 -0.10263035
v 0.05477073 -0.01280634 -0.09921035
v 0.11127073 -0.01364834 -0.03998435
v -0.11428127 -0.01511434 0.03464765
v 0.02442173 -0.01391234 -0.11030135
v -0.02937627 -0.01598034 0.11873965
v -0.10992527 -0.01384234 0.04896365
v 0.10988873 -0.01288234 0.05210265
v 0.07038573 -0.01357934 0.10188565
v -0.11095327 -0.01752334 -0.03461035
v -0.10018427 -0.01307134 -0.05868335
v 0.11836573 -0.01495034 -0.02034835
v -0.00304827 -0.01161834 -0.11346335
v 0.00635973 -0.01113634 0.12340865
v 0.10746773 -0.01361834 0.05819865
v -0.03932927 -0.01365034 0.11596165
v 0.01531373 -0.01404634 -0.11167435
v 0.01948673 -0.01159334 -0.11181035
v -0.05478927 -0.01536034 -0.10046935
v -0.08905727 -0.01336434 -0.07382535
v 0.08980373 -0.01512234 0.08356065
v -0.03765127 -0.01170934 -0.10891035
v -0.03381427 -0.01235934 0.11807165
v -0.09235627 -0.01529634 -0.06920835
v -0.10088227 -0.00756634 0.06780365
v -0.10166927 -0.01049134 0.06635165
v 0.10916473 -0.01002934 -0.04506635
v -0.09138727 -0.01262034 0.08026965
v -0.07689627 -0.01162934 -0.08623335
v 0.10119473 -0.01396434 0.06889665
v 0.03822873 -0.01645934 0.11714365
v -0.08238127 -0.01171934 -0.08034435
v -0.06400627 -0.01346734 0.10433365
v -0.01218627 -0.01426734 -0.11308535
v 0.11658973 -0.00930134 0.03483265
v 0.03358473 -0.01175234 -0.10837135
v 0.11589573 -0.01543434 0.03527265
v 0.05770273 -0.00884534 0.11090965
v 0.05770273 -0.00884534 0.11090965
v 0.12028273 -0.01300534 0.01007865
v -0.07136027 -0.01209534 0.09957465
v -0.06057127 -0.01362334 0.10735365
v -0.10358027 -0.01170734 -0.05370635
v 0.05057973 -0.01970134 0.11160565
v 0.02965773 -0.01002934 0.12073365
v 0.08417273 -0.01077734 0.09089065
v 0.06717873 -0.01115034 0.10459565
v 0.11460473 -0.00891034 0.03893965
v 0.11949073 -0.00914634 0.01803965
v 0.02891073 -0.01079034 -0.10996935
v -0.05219627 -0.00794634 0.11143965
v -0.11727527 -0.01179034 -0.00830035
v -0.08373127 -0.01522434 0.08813165
v 0.10802873 -0.00877534 0.05922965
v 0.01097873 -0.00894734 0.12310865
v -0.02681227 -0.01124734 -0.11159635
v 0.01720473 -0.01095634 0.12320065
v 0.08562273 -0.01320034 -0.07614335
v 0.09900273 -0.01125334 0.07254365
v 0.06691673 -0.01173134 -0.09177935
v 0.03645473 -0.01148034 0.11892565
v -0.04970527 -0.01207334 -0.10380535
v -0.02580527 -0.01270534 0.12000565
v -0.06361527 -0.01069234 -0.09600535
v 0.05056673 -0.01025534 -0.10119735
v 0.12073473 -0.01276134 -0.00702035
v -0.00089627 -0.01217934 0.12347365
v 0.07422873 -0.00918234 -0.08711035
v -0.04340327 -0.01073134 0.11515265
v 0.08942273 -0.00980734 -0.07293835
v 0.08942273 -0.00980734 -0.07293835
v 0.05151173 -0.00922434 0.11402765
v 0.05151173 -0.00922434 0.11402765
v -0.11177027 -0.00720134 0.04559865
v 0.10521773 -0.01530234 -0.05097235
v -0.06572127 -0.00843034 0.10366665
v 0.11025873 -0.00917534 0.05190365
v -0.04443327 -0.00670834 -0.10696935
v 0.03654673 -0.00675734 -0.10742135
v 0.08718673 -0.01250134 0.08770665
v -0.08192327 -0.00815934 0.09145065
v -0.11486827 -0.01033834 -0.02369435
v -0.11818327 -0.00979334 0.00468365
v 0.06088773 -0.00715434 -0.09661635
v 0.09371073 -0.00947734 0.08037565
v 0.02355773 -0.01154034 0.12215365
v -0.07634927 -0.00815334 0.09604165
v -0.05742327 -0.00862334 -0.09972135
v -0.10771027 -0.01133834 -0.04531735
v 0.05721773 -0.00428834 -0.09861235
v 0.11543773 -0.01101134 -0.03112835
v 0.11754773 -0.00378034 0.03170265
v -0.06976527 -0.00630734 -0.09195635
v -0.00819727 -0.00874434 -0.11439235
v 0.01348273 -0.00958934 -0.11267135
v 0.12016573 -0.01292734 0.00416965
v 0.09856973 -0.00837734 -0.06206735
v 0.11009273 -0.00586634 0.05482665
v 0.02036473 -0.00792234 0.12356665
v 0.07981973 -0.00937434 -0.08222335
v -0.06020227 -0.00869034 0.10679065
v -0.11299527 -0.00486134 -0.03263235
v 0.11837773 -0.01419334 0.02579665
v -0.09865427 -0.00556334 -0.06280635
v -0.07082227 -0.00592534 0.10066465
v -0.09108227 -0.00780234 0.08210665
v 0.05336473 -0.00447334 -0.10081435
v 0.11837673 -0.00429034 -0.02514435
v 0.02101273 -0.00794134 -0.11193635
v 0.04509473 -0.00917234 0.11691165
v 0.04509473 -0.00917234 0.11691165
v -0.02036327 -0.00766834 -0.11377335
v -0.10891527 -0.00219534 0.05463665
v 0.01663573 -0.00515234 0.12423765
v -0.11770827 -0.00717834 -0.01138035
v 0.09913173 -0.00785434 0.07396765
v 0.10524073 -0.00787134 0.06375865
v -0.04480427 -0.00681434 0.11480865
v -0.00958527 -0.01359234 0.12267965
v -0.09003627 -0.00844934 -0.07318135
v -0.01611327 -0.00841234 -0.11413035
v 0.04256173 -0.00807234 -0.10502835
v 0.12038173 -0.00658234 0.01083365
v 0.06558073 -0.00655734 0.10635765
v 0.06558073 -0.00655734 0.10635765
v 0.02837573 -0.00667434 -0.11010135
v -0.07731827 -0.00726634 -0.08598735
v -0.01269927 -0.00884534 -0.11510235
v -0.03027427 -0.00243334 0.12050965
v 0.04521573 -0.00146834 -0.10502935
v 0.11340973 -0.00603234 -0.03699535
v 0.11416873 -0.00446634 0.04128565
v -0.01348227 -0.01256934 0.12267465
v -0.11843427 -0.00404334 -0.00319235
v -0.03086827 -0.00741034 -0.11118935
v -0.08459627 -0.00926734 -0.07913035
v -0.00528527 -0.00759534 -0.11477035
v -0.05004327 -0.00355434 -0.10447535
v -0.06638627 -0.00392734 0.10435365
v 0.12113473 -0.00305734 -0.00767835
v 0.00390473 -0.00876834 -0.11414735
v 0.07603073 -0.00901034 0.09863065
v -0.11549427 -0.00833034 0.03266365
v -0.01778427 -0.00682334 0.12243665
v 0.00314473 -0.00398834 0.12479765
v 0.04997673 -0.00545834 0.11528065
v -0.02396027 -0.00362934 -0.11330735
v -0.09606727 -0.00832334 0.07481165
v -0.00111627 -0.00683334 0.12421565
v -0.11723427 -0.00240834 -0.01568335
v -0.09392927 -0.00298334 0.07863665
v 0.08252073 -0.00457134 0.09405065
v -0.11765827 -0.00387134 0.02072165
v -0.01325027 -0.00342234 0.12370165
v 0.03664173 -0.00185734 0.12035665
v 0.10528173 -0.00263634 0.06499165
v -0.07122027 -0.00184634 -0.09141435
v -0.02337027 -0.00323534 0.12185065
v -0.03329427 -0.00368534 -0.11083135
v -0.03940527 -0.00283634 0.11725365
v -0.08105027 0.00077266 -0.08363235
v 0.11549473 -0.00400934 -0.03219835
v 0.09242773 -0.00465134 0.08337765
v -0.10237027 -0.00454334 -0.05756835
v -0.06202827 -0.00159534 -0.09754335
v 0.00263473 -0.00150034 -0.11440935
v 0.11933173 -0.00337534 0.02375365
v 0.10936973 -0.00191434 0.05790565
v 0.00749073 -0.00331634 -0.11428335
v -0.08829427 -0.00347434 0.08537165
v -0.01064927 -0.00224734 -0.11472235
v -0.10626927 -0.00573234 -0.05011735
v -0.11857327 -0.00498434 0.01223765
v -0.00366427 -0.00252834 -0.11479535
v 0.10244073 -0.00463434 -0.05737035
v 0.11357973 -0.00135034 0.04612365
v 0.05357373 -0.00378934 0.11375765
v -0.05795327 -0.00238134 0.10914065
v 0.02531573 -0.00537434 0.12259365
v 0.07284673 -0.00608334 0.10167665
v 0.07284673 -0.00608334 0.10167665
v 0.12102273 -0.00191834 -0.00154535
v 0.02376573 -0.00349034 -0.11144135
v -0.09960427 -0.00242634 0.07076065
v 0.01272173 -0.00224434 0.12414065
v 0.10730373 -0.00584134 -0.04958735
v 0.10874273 -0.00045834 -0.04675235
v 0.12102573 -0.00175634 0.00756965
v -0.05714827 0.00223966 -0.10095335
v 0.04747873 -0.00087834 0.11664265
v -0.04400627 -0.00168134 0.11590865
v -0.00943627 -0.00191634 0.12380965
v -0.11290327 -0.00511434 0.04201965
v -0.11935027 -0.00069534 0.00525365
v -0.03018527 0.00043566 -0.11169135
v 0.12081373 -0.00610134 -0.01374335
v -0.03564427 -0.00232034 0.11873065
v 0.11564973 -0.00427534 0.03695165
v -0.11542927 -0.00133234 -0.02536935
v 0.11884173 -0.00003134 -0.02119835
v 0.10034573 0.00117766 0.07372365
v 0.05129273 -0.00094434 -0.10244135
v -0.09420027 -0.00207234 -0.06981735
v 0.06003873 0.00076466 0.11016965
v -0.11867227 0.00075166 -0.00494835
v -0.07073127 0.00241666 -0.09127935
v 0.08413873 -0.00392934 -0.07892435
v 0.07018073 -0.00047034 0.10397865
v 0.11652673 0.00113266 -0.02824035
v -0.10319227 -0.00228434 0.06536165
v 0.04025473 0.00052866 -0.10702435
v -0.04901027 0.00195266 -0.10542035
v -0.08443427 -0.00175234 -0.08083535
v -0.01484427 0.00113966 -0.11448035
v -0.10745827 0.00167066 -0.04920435
v -0.09937127 -0.00039534 -0.06232635
v 0.11035173 0.00246066 0.05661165
v 0.07716573 0.00135766 0.09893665
v 0.10421473 0.00510066 -0.05463235
v 0.08515073 0.00188666 -0.07865735
v -0.10703527 0.00429166 0.05788565
v -0.05195627 0.00122366 0.11265865
v 0.03011573 -0.00059834 -0.11051435
v -0.01906127 0.00085166 0.12233565
v 0.04002873 0.00154266 0.11936465
v 0.07063173 -0.00046234 -0.09042535
v -0.11423727 0.00220866 0.03747165
v 0.01928873 0.00233666 0.12499765
v 0.08266773 -0.00072434 0.09409265
v 0.08266773 -0.00072434 0.09409265
v 0.04808673 0.00239266 -0.10436835
v 0.01436273 0.00384266 -0.11364235
v -0.08154927 -0.00096134 0.09213065
v 0.03250173 0.00470866 0.12232465
v 0.01462573 -0.00172534 -0.11289635
v -0.09000427 0.00197166 0.08364365
v 0.07535373 -0.00220834 -0.08677935
v -0.10524027 0.00013066 -0.05358335
v 0.10258173 0.00176366 -0.05736535
v 0.00470073 0.00258566 -0.11440535
v 0.11944773 0.00194166 0.02345665
v 0.12059473 0.00175966 -0.00993235
v -0.11888627 0.00338566 -0.00074635
v -0.07603227 0.00436266 0.09766865
v 0.09970673 0.00076566 -0.06245335
v -0.01334927 0.00247966 0.12370065
v 0.11614473 0.00337066 0.03972365
v -0.10424227 0.00406866 0.06358765
v -0.06262327 0.00293166 0.10710065
v 0.07331473 0.00500266 0.10174165
v -0.00924727 0.00342766 -0.11524335
v -0.09551627 0.00446566 -0.06791535
v 0.10871573 0.00629466 0.05974765
v 0.04208373 0.00694866 -0.10631735
v 0.02694373 0.00233466 -0.11204435
v -0.10947327 0.00361466 0.05207965
v -0.11575527 0.00250566 0.02979765
v 0.12151873 0.00238666 0.00478165
v -0.11673527 0.00847466 -0.02264835
v 0.11414073 0.00372866 0.04641465
v -0.06709027 0.00205966 -0.09383935
v 0.08884273 0.00310566 0.08821965
v 0.06485273 -0.00228534 -0.09427635
v 0.02301173 0.00278466 0.12357565
v 0.02678373 0.00556766 0.12305465
v 0.12030973 0.00218566 -0.01557335
v -0.07649627 0.00309266 -0.08746135
v 0.07703273 0.00403966 -0.08578235
v 0.05263873 0.00325566 0.11442165
v 0.11126573 0.00004366 -0.04195435
v -0.08870327 -0.00047834 -0.07552435
v 0.00014173 0.00568866 -0.11517035
v 0.12118273 0.00673866 -0.00531335
v -0.10035027 0.00616666 0.06990665
v 0.12051373 0.00020766 0.01505265
v -0.04746027 0.00170966 0.11421165
v 0.11255573 0.00384366 -0.03780635
v 0.09247773 0.00520066 0.08430165
v 0.01583473 0.00533266 0.12469565
v 0.10554873 0.00140066 0.06546865
v -0.06900927 0.00630066 0.10292965
v 0.06457773 0.00267666 0.10776465
v -0.11865027 0.00690866 0.00524765
v 0.06793573 0.00656366 -0.09235735
v -0.11819227 0.00822566 -0.01110135
v 0.08847873 0.00027666 -0.07460535
v -0.00594627 0.00183666 0.12457465
v 0.11801173 0.00236966 0.03195865
v -0.03720127 0.00150466 -0.11005535
v -0.11716127 0.00442166 -0.01851935
v -0.08851927 0.00655366 0.08545665
v -0.11457927 0.00539666 -0.02935035
v 0.08362773 0.00599566 0.09344965
v 0.08362773 0.00599566 0.09344965
v -0.11014827 0.00786766 -0.04242535
v -0.08439127 0.00397066 -0.08068835
v -0.02260527 0.00578466 -0.11323635
v 0.09513273 -0.00141034 -0.06764235
v 0.09513273 -0.00141034 -0.06764235
v -0.03185927 0.00573166 0.12039065
v 0.06466973 0.00740266 -0.09492235
v -0.04582027 0.01173666 0.11570965
v 0.08628873 0.01006066 0.09105165
v 0.08628873 0.01006066 0.09105165
v -0.11762827 0.00344966 0.01994865
v -0.11169327 0.00228066 -0.03895635
v -0.09022427 0.00716366 -0.07439635
v -0.10468127 0.00718466 -0.05426135
v 0.03599173 0.00893866 0.12087565
v -0.07020627 0.00803366 -0.09195635
v -0.11829127 0.00385466 0.01343765
v 0.04999173 0.00937766 -0.10310235
v 0.11996373 0.00711766 -0.01752935
v -0.10207827 0.00597166 -0.05861835
v 0.02241973 0.00954166 0.12390165
v 0.03440073 0.00588466 -0.10927335
v 0.10307473 0.00413966 0.06930265
v 0.09801173 0.00719866 -0.06339035
v -0.01135127 0.00762466 0.12477565
v -0.04088227 0.00821066 0.11716865
v -0.02783427 0.00526166 -0.11272535
v 0.07210173 0.01113066 -0.08930735
v -0.11139527 0.00050566 0.04794365
v 0.04512273 0.00652466 0.11781965
v 0.02176273 0.00827166 -0.11298135
v -0.01121327 0.00822766 -0.11515035
v 0.10359873 0.01083566 0.06837365
v 0.09675573 0.00135766 0.07870365
v -0.05704327 0.00676466 0.11002865
v -0.07430527 0.00971866 -0.08933035
v -0.01835427 0.00608066 0.12287165
v 0.11591673 0.00905266 -0.02872935
v -0.03682427 0.00558566 0.11864365
v 0.06134373 0.00818466 0.10987065
v 0.01499473 0.00992666 -0.11377735
v 0.00145773 0.00555766 0.12537465
v 0.07986173 0.01078766 0.09628465
v -0.03621827 0.00755366 -0.11038435
v -0.01586627 0.00775866 -0.11411435
v -0.04259227 0.00818866 -0.10745835
v 0.03171973 0.00888366 -0.10970235
v -0.01581127 0.01126166 0.12335665
v -0.10770227 0.00837166 -0.04784635
v 0.04909473 0.00432166 0.11585165
v 0.09311773 0.01122466 -0.06983235
v 0.09311773 0.01122466 -0.06983235
v 0.00980973 0.01097466 -0.11465735
v 0.03869573 0.00512566 -0.10721835
v 0.11822273 0.00697466 -0.02231735
v -0.06226727 0.00945066 -0.09787935
v -0.02441427 0.00625366 0.12213065
v -0.06444927 0.00569266 -0.09590535
v 0.05314073 0.00871366 -0.10136035
v -0.00409327 0.01061566 -0.11523535
v 0.12039573 0.00708266 0.01889365
v 0.05732273 0.00612866 -0.09889435
v -0.07940727 0.00766766 -0.08460235
v 0.12185573 0.00922566 -0.00172535
v -0.11572627 0.01199166 0.03063365
v -0.09919527 0.01334666 0.07122565
v -0.08861727 0.01142666 0.08515865
v 0.11237873 0.00908466 0.05150365
v -0.09805927 0.00644766 -0.06447235
v 0.03832573 0.00968266 -0.10791935
v 0.12040373 0.01150766 0.01683465
v -0.06303627 0.00714866 0.10678065
v -0.08535927 0.00893566 -0.08011135
v 0.11943973 0.00908866 0.02489865
v 0.01712273 0.01174466 0.12433065
v 0.11538973 0.00930466 0.04250965
v 0.11810773 0.01166266 0.03206965
v 0.08100873 0.00673666 -0.08250735
v 0.09054173 0.01072266 0.08625265
v -0.08169127 0.01098966 0.09218865
v -0.05257727 0.01321166 -0.10319835
v 0.10868673 0.00816666 -0.04524335
v 0.02711073 0.01262266 0.12298665
v 0.12199073 0.00980466 0.00249165
v -0.04811927 0.00755266 0.11422765
v -0.08251327 0.01287766 -0.08278735
v -0.11200827 0.01081266 -0.03723635
v -0.09039127 0.01531066 -0.07264835
v -0.04974927 0.00713066 -0.10452835
v -0.11341527 0.00958166 0.04019165
v -0.07912327 0.01152266 -0.08593635
v 0.10086373 0.01153366 0.07330465
v -0.05754427 0.01132866 -0.10085935
v 0.06946573 0.01075666 0.10477265
v 0.04399573 0.01156366 -0.10496935
v -0.09548927 0.00918566 -0.06787035
v 0.11407273 0.01093266 -0.03344735
v 0.02788273 0.01117566 -0.11185435
v -0.10884927 0.01262266 -0.04411035
v 0.09057073 0.01319366 -0.07277535
v -0.11709627 0.01351266 0.02283265
v -0.09465327 0.00487766 0.07878765
v 0.05709673 0.01357966 0.11175465
v 0.12130073 0.00777366 0.00908465
v 0.03905973 0.01462266 -0.10684535
v -0.11721727 0.01177866 -0.01488335
v 0.09671773 0.01147166 0.07879565
v -0.10641827 0.02020566 0.05799165
v 0.03572873 0.01240466 -0.10843435
v -0.03129327 0.01208666 -0.11195135
v -0.05222427 0.01271066 0.11202665
v -0.11640327 0.01371666 -0.02121435
v -0.09963327 0.01251066 -0.06164035
v -0.07523827 0.01364766 -0.08883535
v -0.06488027 0.01410866 0.10531865
v 0.10398473 0.01629566 0.06704465
v 0.10584673 0.01203466 -0.05026835
v 0.12128273 0.01424666 0.00313165
v 0.05340673 0.01349866 -0.10106035
v 0.09668773 0.01148866 -0.06423835
v 0.11978373 0.01743166 -0.01562235
v 0.11226373 0.01179366 -0.03795935
v -0.03733027 0.01338466 0.11848465
v -0.08679827 0.01412666 -0.07623135
v -0.09580727 0.01471466 -0.06572235
v -0.11092927 0.01410266 0.04855365
v -0.11843627 0.01133666 -0.00672635
v -0.09535027 0.01433566 0.07676965
v -0.10366527 0.01329766 -0.05471135
v 0.11000273 0.01607366 0.05660265
v -0.11390527 0.01560266 -0.02933135
v 0.10102373 0.01332566 -0.05811435
v 0.06345773 0.01344466 -0.09506835
v 0.07735173 0.01491066 -0.08466935
v -0.06634227 0.01318366 -0.09502735
v 0.07604373 0.01539366 0.09934965
v 0.12137873 0.01252466 -0.00799635
v 0.01260873 0.01635166 0.12439665
v -0.00393427 0.01267666 0.12546065
v -0.10868627 0.01280466 0.05426065
v 0.08416373 0.01118866 -0.07945235
v 0.01231273 0.01970266 -0.11290535
v 0.12132473 0.01592166 0.00824265
v -0.01991427 0.01059566 -0.11380235
v -0.09712527 0.01918266 -0.06239635
v 0.06293873 0.01754366 0.10781965
v -0.00194727 0.01632066 -0.11472935
v -0.01277127 0.01512366 0.12478665
v 0.04407173 0.01268466 0.11803165
v 0.11298173 0.01601866 0.04760065
v -0.07071927 0.01403866 -0.09195035
v 0.03492173 0.01583866 -0.10885535
v -0.02489627 0.01500966 0.12184265
v 0.11682373 0.01495166 -0.02647835
v -0.10393327 0.01197966 0.06362565
v 0.12022873 0.01671366 0.01623065
v -0.01134927 0.01329366 -0.11468635
v 0.11265973 0.01801166 -0.03739735
v -0.03308227 0.01647466 -0.11112735
v 0.05803473 0.01403566 -0.09820535
v -0.08516227 0.01830166 -0.07826435
v 0.06950873 0.01684266 -0.09130335
v 0.11877573 0.01997066 0.02239365
v 0.01599873 0.01684166 -0.11260735
v 0.04415473 0.02052266 -0.10433135
v 0.05194673 0.01484366 0.11446565
v 0.02906973 0.01719566 0.12145565
v -0.11079727 0.01550066 -0.03871335
v 0.12082673 0.01191066 -0.01183935
v 0.08964573 0.01563966 0.08681265
v 0.08964573 0.01563966 0.08681265
v -0.03442127 0.01069166 0.11966665
v 0.08797773 0.01646266 -0.07538935
v -0.05862227 0.01685066 0.10896165
v -0.08035627 0.02033666 0.09290865
v 0.02128973 0.01820466 0.12299365
v 0.09663673 0.01776666 0.07775765
v 0.03662173 0.01554966 0.12023865
v 0.11791773 0.01719066 0.03054865
v 0.09585973 0.01754066 -0.06582335
v 0.09585973 0.01754066 -0.06582335
v 0.08586473 0.01798866 0.09031065
v 0.08099973 0.01691066 -0.08120435
v 0.07101973 0.01807666 0.10286365
v -0.11812427 0.01723266 0.00951665
v 0.05229073 0.01924466 -0.10057335
v 0.00175873 0.01540466 0.12520665
v -0.03425727 0.02140066 0.11884465
v 0.02669073 0.01787766 -0.11167535
v 0.04687773 0.01672866 0.11654065
v 0.06713873 0.01998066 -0.09209235
v -0.11704227 0.01953366 -0.00907235
v -0.07683527 0.01676666 -0.08655335
v -0.01830227 0.01769966 -0.11349435
v -0.07028427 0.02120566 -0.09214335
v 0.04058373 0.02054466 -0.10619535
v 0.10550273 0.02027566 -0.05047535
v -0.01863627 0.01587266 0.12288665
v 0.10036873 0.01936266 -0.05858435
v 0.11651973 0.01752266 0.03629865
v 0.02089673 0.01957366 -0.11196635
v -0.08798727 0.02259266 -0.07259435
v 0.09068873 0.02193466 0.08447365
v 0.09068873 0.02193466 0.08447365
v -0.06903627 0.01788966 0.10211365
v 0.11677273 0.01882266 -0.02492835
v 0.08546273 0.01921066 -0.07704335
v 0.05898773 0.02082366 -0.09673635
v -0.11794327 0.02241666 0.00709365
v -0.11633727 0.01872766 0.02612465
v -0.11424827 0.01801466 0.03627365
v -0.11562827 0.01931666 -0.02011435
v -0.07431927 0.01448866 0.09826965
v -0.05154027 0.01724966 -0.10374935
v -0.09959227 0.02142466 -0.05880135
v -0.05043927 0.02227566 0.11344865
v 0.03039073 0.02065666 -0.10964335
v -0.01081827 0.02382866 -0.11296735
v -0.06851927 0.02271466 -0.09289535
v -0.11165227 0.01781366 0.04470465
v -0.02313327 0.02246666 -0.11192635
v 0.12032873 0.02158366 0.01223065
v 0.06283273 0.01864066 -0.09520135
v 0.00818473 0.02063766 -0.11371935
v -0.05397727 0.01809666 0.11106565
v -0.10832827 0.01895166 0.05327265
v -0.09398027 0.01740466 -0.06753135
v -0.10397127 0.02037966 -0.05247335
v 0.11446973 0.01917766 0.04241365
v -0.06275827 0.01801466 -0.09668935
v 0.03414473 0.01962766 0.12003765
v 0.06726973 0.02242266 0.10466465
v 0.02639873 0.02684066 0.12051065
v -0.09000527 0.01666166 0.08292065
v 0.12002673 0.02167566 -0.01018535
v 0.08166873 0.01866166 0.09407865
v -0.03267627 0.02100766 -0.10981135
v 0.10866173 0.02013066 -0.04460435
v 0.03241973 0.02299466 -0.10818035
v 0.12034473 0.02138466 0.00018565
v -0.08010827 0.01941866 -0.08385635
v 0.04667573 0.02333366 -0.10314735
v -0.03995527 0.02088066 0.11691265
v -0.00735427 0.02322566 0.12403065
v -0.07703027 0.02529266 0.09473365
v -0.11625327 0.02215066 -0.01475835
v -0.10569527 0.01662966 -0.04885435
v 0.10579373 0.02624866 -0.04850235
v -0.08368727 0.01990666 -0.08015335
v -0.11739327 0.01921266 0.01770665
v -0.09172027 0.02212466 0.07948565
v -0.02244927 0.02367666 0.12139465
v 0.11650273 0.02343666 -0.02457135
v -0.11048427 0.02502966 0.04517465
v -0.06305827 0.02313366 -0.09581935
v -0.08675727 0.02472566 0.08513165
v 0.11897673 0.02566466 -0.01208235
v 0.00690073 0.01874666 0.12478665
v 0.02326973 0.02761166 -0.10964635
v -0.00496427 0.02293366 -0.11372235
v 0.04631473 0.02249066 0.11567265
v 0.00072873 0.02131566 0.12463765
v 0.11400573 0.01845766 -0.03343535
v -0.05953327 0.02311966 -0.09819635
v -0.07364027 0.01999066 -0.08900935
v 0.12024073 0.02412166 0.00385465
v -0.11420827 0.02116666 -0.02674035
v -0.04404827 0.01783466 0.11560165
v -0.11722427 0.02389466 0.00054165
v 0.10373773 0.02590966 -0.05176835
v -0.04233727 0.01967066 -0.10683435
v -0.01235427 0.02361166 0.12436665
v 0.11446373 0.02514766 0.03921465
v -0.06220527 0.02295766 0.10586165
v -0.11258127 0.02655366 -0.02830035
v 0.10711373 0.02341866 0.06005465
v 0.10711373 0.02341866 0.06005465
v -0.09973627 0.02028466 0.06932465
v -0.08134727 0.02600666 0.09071165
v -0.11126027 0.02075566 -0.03590435
v 0.08076773 0.02162866 -0.08143035
v -0.07197127 0.02401866 -0.09027835
v 0.09499773 0.02289666 -0.06612935
v 0.09499773 0.02289666 -0.06612935
v 0.05492973 0.02342666 -0.09826935
v -0.11488827 0.02299866 0.03054365
v -0.02828427 0.02544166 0.12009865
v -0.04696827 0.02461466 -0.10412235
v 0.01491373 0.02277766 0.12357665
v 0.11226473 0.02349766 0.04739765
v -0.10492527 0.02617966 -0.04867235
v 0.11967173 0.02885766 0.00436865
v -0.04544927 0.02683366 0.11386965
v -0.08582127 0.02446066 -0.07835435
v 0.11660773 0.02366766 0.03062365
v -0.06375527 0.02683266 -0.09346135
v 0.08057173 0.02559766 0.09353665
v -0.06661227 0.02404966 0.10286765
v 0.10324973 0.02436766 0.06646565
v 0.10324973 0.02436766 0.06646565
v 0.05842773 0.02460066 0.10973465
v 0.03432873 0.02554466 0.11883965
v 0.09126873 0.02022266 -0.07082635
v -0.09120827 0.01947666 -0.07006735
v 0.11409073 0.02638666 -0.03103735
v -0.04993127 0.02697666 0.11185665
v 0.09583273 0.02640866 0.07719365
v 0.09583273 0.02640866 0.07719365
v 0.10877473 0.02593766 -0.04251335
v -0.01347427 0.02816566 -0.11289735
v -0.10861227 0.02592566 -0.04091235
v -0.02934527 0.02617266 -0.10987035
v -0.08139627 0.02597966 -0.08244835
v -0.10631927 0.02989866 -0.04389735
v 0.11906973 0.02704666 0.01603465
v -0.07288227 0.02842566 -0.08844235
v -0.06937127 0.02717166 -0.09011535
v -0.10271327 0.02281966 -0.05408935
v -0.05151827 0.02757766 -0.10071835
v 0.07141673 0.02604666 -0.08784135
v 0.00412073 0.02761066 0.12372065
v 0.04061173 0.02557266 0.11709965
v -0.05924627 0.03094066 0.10545565
v 0.04077373 0.02472766 -0.10477435
v -0.09782427 0.02465266 0.07121465
v 0.11728173 0.02783566 0.02570465
v 0.09064373 0.02932766 0.08256165
v -0.04090027 0.02773366 0.11575265
v -0.11618027 0.02707866 0.01968765
v 0.03915173 0.03281266 0.11634265
v 0.09863573 0.02542466 -0.06020035
v 0.09863573 0.02542466 -0.06020035
v 0.05156573 0.02512366 -0.10049635
v -0.00297227 0.02828066 0.12352365
v -0.10288327 0.02549166 0.06171765
v 0.08463373 0.02700566 0.08988965
v 0.00971573 0.02736466 -0.11280835
v -0.08678027 0.02793466 -0.07345335
v 0.09104773 0.02622666 -0.06953735
v -0.10425327 0.03176366 0.05685365
v -0.08977527 0.02787766 0.08057565
v -0.09833027 0.03086366 0.06800965
v 0.07431973 0.02555766 0.09899165
v -0.01271027 0.02794566 0.12283265
v 0.00115873 0.02693566 -0.11372035
v 0.03650173 0.03011266 -0.10520035
v 0.11408673 0.03048366 -0.02805435
v -0.11633227 0.02510666 -0.00788935
v -0.09008827 0.03359366 0.07809265
v -0.07664327 0.02630066 -0.08661435
v -0.05306327 0.02845066 0.11034765
v -0.11452827 0.02532166 -0.02329935
v -0.03782127 0.02551766 -0.10706635
v 0.05240073 0.02467766 0.11270365
v 0.03475573 0.03254166 0.11751865
v -0.07314027 0.03140366 0.09656765
v 0.11549373 0.02905166 0.03227965
v -0.04905727 0.03035966 -0.10170035
v 0.05681373 0.03015666 0.10953465
v 0.10235773 0.03252366 0.06456865
v 0.09498573 0.02904166 -0.06404235
v -0.09416727 0.02662466 -0.06494235
v 0.06043773 0.03281166 -0.09347835
v 0.06395873 0.02548666 -0.09305935
v -0.10036727 0.03190266 -0.05575935
v 0.09855973 0.02372866 0.07384865
v 0.09855973 0.02372866 0.07384865
v 0.05221273 0.02907066 -0.09865935
v -0.05497627 0.02683566 -0.09955135
v -0.11541827 0.03265366 0.01336365
v 0.01408373 0.02447066 -0.11207835
v -0.06882527 0.03077566 -0.09063035
v 0.04486273 0.03172166 -0.10153735
v 0.11796973 0.03357066 -0.00687635
v -0.07891927 0.03017566 0.09168765
v 0.07372473 0.03074566 -0.08524035
v -0.07689927 0.03086366 -0.08393335
v -0.00448727 0.03157166 -0.11174135
v -0.02935927 0.03109966 -0.10846035
v 0.08232173 0.02989666 -0.07851635
v 0.02113773 0.02937066 0.12120665
v 0.05543573 0.03250066 -0.09636135
v 0.08974173 0.03078066 -0.06936335
v 0.11114673 0.02967166 -0.03475135
v 0.00390773 0.03035566 -0.11248535
v 0.04822973 0.03201366 0.11308765
v 0.07780973 0.03182566 -0.08117935
v -0.11399727 0.03291466 -0.01370835
v 0.10751473 0.03285466 -0.04173035
v 0.10751473 0.03285466 -0.04173035
v 0.04952373 0.03242966 -0.09961935
v 0.03075073 0.03164566 -0.10710135
v -0.10955227 0.03357366 -0.03450635
v 0.01831673 0.02925266 -0.10962835
v -0.11090527 0.03067966 -0.03302935
v -0.06310627 0.02865466 -0.09349435
v 0.11626773 0.03239566 0.02580665
v 0.06907773 0.02983266 0.10185065
v 0.11882873 0.03027066 -0.00344035
v -0.02273127 0.02880166 -0.11167035
v 0.04367573 0.03227666 0.11439265
v -0.02242727 0.03732866 0.11864565
v 0.00888473 0.03363166 -0.11140235
v 0.11626973 0.02890866 -0.02138335
v -0.11425927 0.03203566 0.02563665
v 0.02929973 0.03180766 0.11945165
v -0.09468627 0.03014666 0.07363865
v 0.01692173 0.03357166 -0.10948135
v -0.07943527 0.03145066 -0.08054135
v -0.05949027 0.03029366 -0.09616635
v -0.02983627 0.02952766 0.11884865
v 0.09588373 0.03121566 -0.06155935
v -0.04442327 0.03408666 0.11256165
v -0.03466627 0.03307966 -0.10639535
v -0.08388827 0.03028066 -0.07686535
v -0.09414727 0.03230066 -0.06383635
v -0.06311427 0.03392666 -0.09298135
v 0.09205473 0.03435966 0.07909965
v -0.11642527 0.02966866 0.00771565
v -0.04270427 0.03068566 -0.10482035
v -0.00699227 0.03308966 0.12159565
v 0.08557473 0.03668466 0.08626765
v 0.10912973 0.03177466 0.05096965
v 0.10912973 0.03177466 0.05096965
v -0.11292127 0.03065066 0.03208265
v -0.09806027 0.03085466 -0.05929735
v 0.01386773 0.03307766 0.12124965
v -0.10251627 0.03236066 -0.05121435
v 0.11732773 0.03412966 0.01386165
v 0.04121373 0.03167366 -0.10328935
v -0.10645527 0.03276866 0.05103465
v -0.03983727 0.03249066 -0.10517935
v 0.08626473 0.03297666 -0.07298935
v -0.10443427 0.03391066 -0.04531435
v -0.01088627 0.03317866 -0.11079235
v 0.04596073 0.03570666 0.11262265
v 0.11805973 0.03257566 0.00935965
v -0.10898327 0.03556166 0.04186165
v 0.00087673 0.03529566 -0.11130535
v -0.08690427 0.03590666 -0.07153335
v 0.08270373 0.03432666 -0.07578235
v 0.06847073 0.03461066 -0.08773735
v -0.11455227 0.03471466 0.01947765
v 0.02792473 0.03072766 -0.10855035
v -0.11507027 0.03066566 -0.00670035
v -0.06825827 0.03406466 -0.09017235
v 0.01389873 0.03646466 -0.10984335
v 0.07531273 0.03422466 0.09607965
v -0.07709227 0.03576766 -0.08218235
v 0.11134373 0.03453766 0.04273265
v 0.11134373 0.03453766 0.04273265
v -0.11292827 0.03441166 -0.01825235
v -0.07326227 0.03377066 -0.08571835
v 0.09069473 0.03639066 -0.06613435
v -0.03996427 0.03206366 0.11504465
v 0.09751073 0.03645166 0.07023765
v 0.10390873 0.03484666 -0.04848535
v 0.10390873 0.03484666 -0.04848535
v -0.03291327 0.03624366 0.11605365
v -0.01704927 0.03428166 -0.11092035
v -0.02270427 0.03788266 -0.10970135
v -0.02066427 0.03739166 -0.10995135
v -0.10667227 0.03677966 -0.03958235
v -0.08459227 0.03579866 -0.07526135
v -0.08264827 0.03459566 0.08626065
v 0.00008973 0.03409766 0.12221165
v -0.05367427 0.03554466 -0.09850635
v 0.11287773 0.03818566 -0.02490735
v 0.11287773 0.03818566 -0.02490735
v 0.04998673 0.03558266 -0.09828835
v -0.06737727 0.03221266 0.10042665
v 0.10012573 0.03293766 -0.05530935
v 0.10012573 0.03293766 -0.05530935
v 0.06230573 0.03623066 0.10455265
v -0.06239327 0.03716466 0.10172465
v -0.01676527 0.03443366 0.12028465
v 0.11155373 0.04227266 0.03416765
v 0.11155373 0.04227266 0.03416765
v 0.11742273 0.03680466 0.00114665
v -0.05637127 0.03554966 0.10618165
v 0.11621673 0.03667866 -0.01174635
v 0.08625873 0.03937466 -0.07010435
v -0.11387527 0.03880566 0.00524265
v -0.07191827 0.03856466 -0.08511135
v 0.06896473 0.03503966 0.10057865
v -0.10047527 0.03718666 -0.05272435
v -0.07821327 0.03640766 0.08988165
v -0.11050527 0.03632366 0.03663865
v 0.11003673 0.03503066 -0.03433335
v 0.11003673 0.03503066 -0.03433335
v 0.00765473 0.03945866 -0.10975335
v -0.08968927 0.03306566 -0.06870735
v 0.00499473 0.03384366 0.12220665
v 0.11344373 0.04039666 0.02786065
v 0.11344373 0.04039666 0.02786065
v 0.02898273 0.03767266 -0.10608235
v -0.11436127 0.03733666 0.01295665
v 0.10491673 0.04049866 0.05528665
v -0.10095727 0.03784466 0.05966865
v 0.00042273 0.03814366 -0.11048635
v -0.10712927 0.03897966 0.04614565
v 0.03390473 0.03592566 -0.10539135
v 0.10838373 0.03843566 0.04803265
v -0.09710227 0.04161566 -0.05570235
v -0.07097727 0.04201166 0.09411265
v -0.09839127 0.03671866 0.06525065
v 0.02095073 0.03705266 -0.10813235
v 0.04157473 0.03717766 -0.10175235
v 0.11478173 0.03990866 0.01955565
v -0.06145427 0.03699066 -0.09310735
v 0.10730373 0.03288566 0.05419965
v -0.05606127 0.03860066 -0.09653435
v 0.07761773 0.03789066 0.09261865
v -0.08549527 0.04137366 0.08017565
v -0.11255027 0.03355266 -0.02356635
v 0.01886373 0.03919166 -0.10772935
v 0.07357973 0.04362366 0.09391165
v -0.09309227 0.03858566 0.07188065
v -0.10226927 0.04064566 -0.04696135
v -0.05123527 0.03685466 0.10857665
v 0.08915673 0.04150566 -0.06542135
v 0.06223973 0.03822666 -0.09071435
v -0.08152527 0.03769766 -0.07703735
v 0.11408373 0.04155866 -0.01587635
v 0.11408373 0.04155866 -0.01587635
v 0.03919873 0.04067766 -0.10115135
v -0.03879327 0.03925566 0.11323865
v -0.10809827 0.03968866 -0.03297835
v 0.08730373 0.04335566 0.08036865
v 0.01519273 0.03995366 -0.10831235
v -0.05189527 0.04011966 -0.09818335
v 0.03139173 0.03792566 0.11708865
v -0.11352927 0.03829266 -0.00204035
v -0.08912027 0.03888666 -0.06769135
v -0.11134727 0.04053566 0.02605865
v -0.10930027 0.04213366 -0.02730435
v -0.01028727 0.03533066 0.12117265
v 0.11434073 0.03861666 -0.02088635
v 0.11434073 0.03861666 -0.02088635
v 0.00721373 0.03769966 0.12097365
v 0.07452173 0.04002166 -0.08143635
v -0.11239427 0.03885166 -0.01657035
v 0.09411773 0.04004166 -0.05975535
v 0.11565273 0.04165666 -0.00000535
v -0.02750927 0.03722366 0.11745065
v -0.08782827 0.03999466 -0.07014635
v 0.05836573 0.04170766 0.10472665
v 0.02687873 0.04160566 -0.10563535
v -0.09370927 0.04004466 -0.06228335
v 0.10085573 0.04024266 0.06244365
v 0.00723373 0.04350266 -0.10812235
v -0.10474127 0.03926666 -0.04238435
v -0.02848327 0.04186866 -0.10677935
v -0.04637527 0.03989766 -0.10101735
v -0.07961327 0.03953366 -0.07831935
v -0.07445427 0.04108966 0.09122765
v 0.05286273 0.03606866 0.10956865
v -0.10228927 0.04197266 0.05439965
v 0.11056573 0.03865166 -0.03000235
v 0.11056573 0.03865166 -0.03000235
v 0.09721673 0.04310566 0.06688965
v -0.00894827 0.04441466 0.11842065
v 0.10888873 0.04506866 -0.02824335
v -0.03812427 0.03920066 -0.10413335
v -0.08916427 0.04463566 -0.06519235
v 0.10502973 0.03969766 -0.04283435
v -0.01130127 0.04221166 -0.10918935
v 0.05562073 0.04098466 -0.09367635
v -0.00540927 0.04015366 0.11992465
v -0.08141827 0.04239466 0.08371065
v -0.08449727 0.04066666 -0.07342135
v -0.06471027 0.03998266 -0.09034235
v 0.11529373 0.04161066 -0.00891835
v 0.11529373 0.04161066 -0.00891835
v 0.02300973 0.03938066 0.11878165
v -0.06758727 0.04227166 -0.08702035
v -0.10974127 0.04103366 0.03383765
v -0.10456327 0.04303866 0.04831165
v -0.00128327 0.04430966 -0.10847635
v 0.04470173 0.04412066 0.11043865
v -0.03859627 0.04272866 -0.10301635
v -0.05614127 0.04261266 0.10319565
v 0.10078973 0.04035166 -0.04989435
v 0.11076273 0.04004466 0.03975965
v 0.11076273 0.04004466 0.03975965
v -0.09560327 0.04199266 0.06631565
v -0.11136227 0.04603366 0.01305365
v 0.06839973 0.04077666 -0.08589735
v 0.09711473 0.03981766 -0.05550535
v -0.10622127 0.04225766 -0.03661935
v 0.07513073 0.04814166 0.09039565
v -0.11235027 0.04108266 -0.00972135
v 0.07965373 0.04214766 -0.07574335
v 0.11596173 0.04001666 0.00898565
v -0.06258127 0.04342666 -0.09007735
v -0.07634827 0.04270466 0.08914265
v 0.01604273 0.04244366 0.11851765
v 0.03357473 0.04509666 0.11384465
v -0.06374627 0.04197566 0.09905465
v -0.00150227 0.04035366 0.12027965
v -0.10299927 0.04620566 -0.04055135
v 0.03485573 0.04240066 -0.10214035
v -0.02004727 0.04465666 0.11636865
v -0.03289827 0.04449966 0.11323565
v 0.00621073 0.04411566 0.11894565
v 0.09144073 0.04557166 0.07435565
v -0.06438627 0.04621766 0.09745665
v 0.08992773 0.04700966 -0.06136735
v -0.06793527 0.04497266 0.09502065
v -0.09947327 0.04458166 -0.04960335
v 0.01781673 0.04414666 -0.10734635
v -0.04919327 0.04594866 -0.09704335
v -0.01181127 0.04702466 0.11684565
v 0.11446473 0.04452866 0.01351765
v 0.05086173 0.04261466 0.10796065
v -0.07134127 0.04443266 -0.08222035
v 0.05080773 0.04239666 -0.09600735
v 0.09446573 0.04065266 0.07307965
v -0.02554227 0.04699766 -0.10525335
v 0.04368573 0.04370266 -0.09829435
v 0.02739673 0.04656066 0.11499765
v -0.05949627 0.04278566 0.10139665
v 0.11447073 0.04605266 0.00344665
v -0.08168327 0.04412566 -0.07392435
v -0.05589827 0.04410766 -0.09440635
v 0.03133573 0.04577066 -0.10220835
v 0.05565173 0.04552166 0.10412065
v -0.08255727 0.04592966 -0.07143235
v -0.07415327 0.04342066 -0.08107835
v 0.08202273 0.04219566 0.08699565
v -0.05291327 0.04428766 0.10484265
v 0.07022973 0.04541966 -0.08250535
v -0.09808827 0.04620766 0.05901765
v -0.07699827 0.04776866 -0.07596935
v -0.10965327 0.04685366 0.02426665
v 0.11236873 0.04604766 0.02234465
v 0.11236873 0.04604766 0.02234465
v 0.10244173 0.04441766 -0.04375535
v 0.02069373 0.04856466 0.11532965
v 0.06942273 0.04800466 0.09496465
v -0.11087627 0.04736766 -0.00504035
v -0.03310027 0.04695066 -0.10320335
v 0.03843173 0.04263966 0.11327165
v -0.08825827 0.05070566 -0.06187535
v 0.09990773 0.04576566 0.06044365
v -0.10385327 0.04883166 0.04367465
v -0.08668427 0.04594966 -0.06820535
v 0.02405373 0.04630266 -0.10438135
v -0.03993527 0.04671266 0.10988665
v -0.10596327 0.04727966 -0.03150035
v -0.11163927 0.04309066 0.02110965
v 0.09667673 0.04543166 -0.05334435
v 0.06527273 0.04284766 0.10051365
v -0.04602127 0.04469066 0.10816065
v 0.08051973 0.04957266 -0.07100635
v -0.11008827 0.04766166 -0.01133335
v -0.04297627 0.04321966 -0.10076435
v -0.06672027 0.04623666 -0.08641135
v 0.08652873 0.04691366 -0.06635135
v -0.11023527 0.04572866 -0.01977035
v -0.06140327 0.04851666 0.09769965
v 0.01204673 0.04839666 -0.10543635
v 0.08311073 0.04932266 0.08186165
v 0.11294573 0.04916866 0.00951165
v 0.11000573 0.04985166 -0.01843735
v 0.04618273 0.04719866 -0.09648835
v 0.05228073 0.04731566 -0.09321235
v 0.06130073 0.04468566 -0.08890635
v -0.00537627 0.04930966 -0.10684135
v 0.10782673 0.04878866 0.03976665
v 0.10529373 0.04724566 0.04810965
v 0.00920273 0.04903166 0.11689165
v 0.11222173 0.04931766 -0.00617935
v 0.11222173 0.04931766 -0.00617935
v -0.10679527 0.04861566 0.03320065
v -0.09221327 0.04740866 0.06780965
v -0.10689127 0.04426666 0.03936065
v 0.03945573 0.04837566 -0.09807235
v -0.07258127 0.05004566 -0.07930035
v 0.06407273 0.04987166 -0.08491635
v -0.06535627 0.04905766 -0.08539135
v -0.09960427 0.05145366 0.05107165
v -0.04637627 0.04955866 -0.09628635
v -0.10817427 0.05386466 0.01334265
v -0.08335727 0.04852666 0.07905365
v -0.00377627 0.05014266 0.11623365
v -0.03067227 0.04983566 -0.10254935
v 0.00133773 0.04791866 0.11767365
v -0.11028527 0.04858866 0.00546865
v 0.01286073 0.04549166 -0.10673635
v 0.04288873 0.05116166 -0.09551735
v -0.01805627 0.04978966 -0.10590535
v 0.07788673 0.05262166 0.08521565
v 0.00234373 0.04975666 -0.10628835
v 0.04841073 0.04792466 0.10707665
v -0.08478827 0.04986866 -0.06643835
v -0.05174327 0.05032666 -0.09322735
v 0.06665473 0.05398566 -0.08133935
v -0.02666527 0.04661966 0.11424065
v 0.11183373 0.05049666 0.01326965
v 0.11183373 0.05049666 0.01326965
v -0.01199927 0.04877266 -0.10783635
v 0.10012673 0.04943366 -0.04474235
v 0.10535373 0.04851166 -0.03568135
v 0.10741773 0.05415666 -0.02131335
v 0.01001773 0.05228966 -0.10457935
v -0.05860427 0.05002066 -0.08938735
v 0.07503173 0.04619266 -0.07802835
v 0.09165173 0.05244266 -0.05498235
v 0.02900273 0.05175866 -0.10070635
v 0.11222373 0.04789666 -0.01293935
v -0.09501027 0.04810766 -0.05393135
v 0.10989273 0.05193666 0.02241865
v -0.08820527 0.04985966 0.07244265
v -0.10834227 0.05106566 -0.01507435
v -0.04352827 0.05216066 0.10624465
v -0.10613027 0.05086966 -0.02661535
v -0.10710127 0.05402966 -0.00892635
v -0.04070627 0.04942766 -0.09938335
v 0.09047273 0.05511066 0.06902465
v 0.05752073 0.05096666 -0.08891835
v 0.10068773 0.05328866 0.05217865
v 0.06232073 0.05035566 0.09849965
v -0.05138827 0.05545366 -0.09087035
v -0.09579527 0.05076666 -0.05076635
v -0.06782527 0.05090366 -0.08194935
v 0.04449773 0.05252566 0.10711865
v 0.08758473 0.05189166 -0.06175335
v -0.07388227 0.05235166 -0.07582535
v -0.09113627 0.05018766 -0.05884035
v -0.10925227 0.05154266 0.01597365
v 0.07364773 0.05280166 -0.07569435
v -0.10410327 0.05324066 0.03585365
v 0.11011473 0.04928266 0.02909565
v 0.08374773 0.05339866 -0.06524135
v -0.10084627 0.05291266 0.04607665
v -0.07769327 0.04971266 0.08405765
v 0.10439873 0.05564866 -0.02912235
v 0.06788173 0.05473866 0.09202465
v -0.00436827 0.05290466 -0.10499535
v -0.09917727 0.05028766 -0.04452835
v 0.02386373 0.05285066 -0.10147535
v 0.06102073 0.05653266 0.09635365
v 0.01703873 0.05144366 0.11469965
v 0.08787773 0.05316166 0.07395665
v -0.07098527 0.05328666 0.08876565
v 0.09768373 0.05654866 0.05497365
v 0.04894673 0.05421266 0.10432065
v 0.03824573 0.05267766 0.10934565
v -0.07747127 0.05542566 -0.07118235
v -0.01454727 0.05174766 0.11454265
v 0.05151573 0.05233366 -0.09088435
v 0.00659773 0.05175566 0.11578065
v 0.04675373 0.05347866 -0.09246235
v 0.01712073 0.05257066 -0.10379035
v -0.09131627 0.05732566 0.06104265
v -0.10333927 0.05765066 -0.02480035
v -0.06715527 0.05187766 0.09253165
v -0.08822127 0.05651566 -0.05703535
v 0.11326473 0.04988766 0.00080265
v 0.11326473 0.04988766 0.00080265
v 0.06778373 0.05524366 -0.07963235
v 0.06961773 0.05717666 -0.07612135
v 0.03480373 0.05353066 -0.09775935
v -0.07946727 0.05087966 -0.07110635
v 0.08022773 0.05559266 0.08118065
v -0.06719627 0.05522566 -0.08130835
v -0.03821627 0.05698766 0.10587165
v 0.10906373 0.05789766 0.01052965
v -0.06403827 0.05627666 0.09148365
v -0.04819627 0.05153066 0.10465665
v -0.09987127 0.05298366 -0.04119935
v -0.01339727 0.05434766 -0.10399035
v 0.10911673 0.05661466 0.01680065
v 0.02878373 0.05458766 0.11079065
v 0.09618273 0.05739266 -0.04467035
v 0.03914473 0.05791066 0.10629965
v -0.04466027 0.05432366 -0.09517035
v -0.08262027 0.05677166 0.07455965
v -0.02830727 0.05494466 -0.10146235
v 0.01026673 0.05620466 -0.10300935
v -0.02331027 0.05804966 0.11010465
v -0.08934227 0.06039366 -0.05198835
v 0.03740773 0.06035966 -0.09345635
v 0.09503973 0.05175766 -0.05125635
v -0.10712627 0.05642066 0.00825865
v -0.05659827 0.05129466 0.09961165
v -0.02129327 0.05519766 -0.10260335
v -0.06967227 0.05650366 0.08765365
v -0.05401127 0.05690266 0.09848865
v 0.00337373 0.05625966 -0.10290135
v 0.11046973 0.05374166 -0.00669935
v -0.03932427 0.05534066 -0.09691135
v -0.02679927 0.05359166 0.11133465
v 0.10380173 0.05369966 0.04388665
v -0.06408327 0.05727366 -0.08246635
v -0.10477827 0.05818566 -0.01586335
v -0.10594527 0.05428266 0.02553865
v 0.05309773 0.05744166 -0.08670435
v 0.06768073 0.06099366 0.08855165
v -0.10135027 0.05491366 -0.03569635
v 0.05810773 0.05625566 -0.08468735
v 0.06378873 0.05906366 -0.07985535
v 0.05586573 0.05308466 0.10099665
v -0.08098827 0.05666566 -0.06642635
v -0.01110027 0.05691266 0.11193165
v -0.03181127 0.05470666 0.10928365
v 0.00154573 0.05601566 0.11384465
v 0.09471873 0.05225766 0.06449365
v 0.04765673 0.05752966 -0.08981535
v -0.06145527 0.05360966 -0.08619835
v -0.07099627 0.05419566 -0.07775235
v 0.07874873 0.05653666 -0.06832835
v 0.10749573 0.05771566 -0.01308835
v 0.06164073 0.05482366 -0.08394535
v 0.08029373 0.05947566 0.07767865
v -0.09379227 0.05713966 -0.04800535
v -0.07408327 0.05583166 0.08347465
v -0.09550527 0.05944666 -0.04258535
v 0.02456673 0.05628866 -0.09922335
v -0.09795927 0.05840066 -0.03942635
v 0.01639173 0.06019466 -0.09995335
v 0.10918973 0.05831766 -0.00041635
v 0.10309773 0.05263266 -0.03732035
v -0.09467327 0.05658266 0.05542465
v -0.07502327 0.05930466 -0.07148835
v -0.10812627 0.05325066 -0.00351035
v -0.10515527 0.06064066 0.00234065
v 0.08596273 0.05747166 -0.05889535
v 0.04404973 0.05847766 -0.09082635
v -0.05741627 0.06120766 -0.08422235
v -0.00717227 0.05538666 0.11342365
v 0.10475573 0.06000966 -0.02018635
v -0.06563727 0.05967366 -0.07903635
v -0.10356927 0.06192566 0.01529165
v -0.08801327 0.06143166 0.06263865
v -0.05220127 0.05832366 -0.08927435
v -0.10282927 0.06140266 0.02211565
v 0.10756373 0.06023166 -0.00631035
v -0.10217327 0.06034466 -0.02179935
v 0.10723873 0.05614666 0.02948565
v 0.07431973 0.06377666 -0.06760635
v 0.01840973 0.05884266 0.11091665
v 0.05690173 0.06267666 -0.08235535
v 0.09086173 0.05731866 -0.05303035
v 0.10059173 0.06194566 -0.02921035
v 0.10550973 0.06205966 -0.01065935
v -0.00600427 0.06049966 -0.10075335
v 0.06435173 0.06255966 0.08952665
v -0.04847727 0.06030866 -0.09072935
v -0.09740227 0.05832966 0.04811365
v 0.02227873 0.06149466 -0.09793535
v -0.08327827 0.06340766 0.06729265
v 0.09874673 0.05830966 -0.03966635
v -0.01704127 0.05910766 -0.10145935
v -0.06051427 0.06225866 0.09082265
v 0.10740573 0.05964266 0.02054965
v 0.07482373 0.05943966 0.08322465
v 0.04092773 0.06139666 -0.09083635
v 0.09370873 0.06316366 0.05528165
v -0.06728727 0.06204566 -0.07553435
v 0.05201573 0.06205066 0.09856765
v 0.09122973 0.06096466 -0.04936235
v 0.02363173 0.06083566 0.10887565
v 0.03088973 0.05722566 -0.09622635
v 0.00519973 0.05961166 -0.10092535
v 0.10519773 0.06085266 -0.01434335
v 0.01111573 0.06183966 -0.09939535
v -0.03945427 0.06034866 -0.09434435
v -0.06622927 0.06180266 0.08636265
v 0.07112973 0.06127266 0.08558765
v 0.10558773 0.06233766 0.02330365
v 0.05950073 0.06447966 0.09244365
v 0.02646773 0.06027066 -0.09708535
v -0.01780627 0.06145366 0.10934565
v 0.08630173 0.05905566 0.07160665
v -0.09136827 0.06641966 0.05088465
v -0.09475327 0.06450066 -0.03791235
v -0.10357327 0.06203266 -0.00684235
v -0.09870027 0.06381366 0.03615565
v -0.02429327 0.06308266 -0.09750835
v -0.03510827 0.06340266 -0.09414435
v 0.09848673 0.06407966 0.04356565
v 0.04157973 0.06220766 0.10320565
v -0.07759627 0.06052366 0.07669765
v -0.07586127 0.06309566 -0.06676635
v -0.04414127 0.06575566 -0.08899735
v -0.07362027 0.06228866 -0.07079035
v -0.04549927 0.06179366 -0.09101435
v -0.03286727 0.05725066 -0.09895835
v 0.03423273 0.06376566 -0.09267535
v 0.10017873 0.06025966 -0.03403235
v 0.00560873 0.06165266 0.11064665
v -0.10119327 0.06359566 -0.01798135
v 0.03984173 0.06474666 -0.08931335
v 0.10491173 0.06632566 0.00737365
v -0.06262027 0.06146766 -0.08069035
v 0.04381773 0.06375766 -0.08836335
v -0.00456827 0.06460266 -0.09903535
v -0.03404927 0.06658666 0.10208665
v 0.09168673 0.06156366 0.06151765
v -0.01598727 0.06163366 -0.09998335
v -0.08466627 0.06273566 -0.05550935
v 0.03066773 0.06310766 0.10601365
v 0.07918373 0.06088766 -0.06426935
v -0.03750627 0.06209366 0.10335665
v 0.04596773 0.06250166 0.10126665
v 0.09357373 0.06364466 -0.04321635
v -0.00766827 0.06310666 0.10968765
v 0.09636773 0.06373566 -0.03761135
v 0.10286873 0.06684366 -0.01154535
v 0.10391973 0.06025966 0.03477165
v 0.08516273 0.06302566 -0.05602135
v -0.05103127 0.06325966 0.09596665
v -0.10049627 0.05967466 -0.03114235
v -0.02709827 0.06130466 0.10709965
v -0.10438427 0.06093566 0.00982865
v 0.07980873 0.06322966 0.07555965
v -0.08689227 0.06490666 -0.05079335
v -0.09835227 0.06220966 0.04028865
v -0.10003427 0.06358266 0.03126065
v -0.06870427 0.06543666 -0.07263935
v -0.10201627 0.06584666 0.00278365
v -0.08227227 0.06408366 -0.05802735
v -0.07569427 0.06732466 0.07409565
v 0.06394273 0.06352566 -0.07625635
v 0.01544273 0.06615366 0.10717965
v 0.10574373 0.06315866 -0.00456135
v 0.09935873 0.06847966 -0.02031635
v 0.00925573 0.06511866 -0.09835935
v 0.09470773 0.06872966 -0.03195635
v 0.10338573 0.06810566 0.00001265
v 0.05092373 0.06438366 -0.08422235
v 0.07622773 0.06876266 -0.06064735
v -0.04321327 0.06465166 0.09932765
v -0.00364127 0.06289766 0.10978865
v 0.01842773 0.06590166 -0.09849535
v -0.07296327 0.06333566 0.07984365
v -0.09151727 0.06802066 -0.03933435
v 0.08696073 0.06408866 0.06663465
v -0.01229627 0.06289166 0.10837965
v 0.09310373 0.06785966 -0.03889735
v 0.10197573 0.06661866 0.02708265
v 0.00081873 0.06794066 -0.09787435
v -0.10007027 0.06721066 0.01910265
v 0.07410673 0.06611266 0.07778465
v 0.09664873 0.06406566 0.04821065
v -0.09903727 0.06423666 -0.02653735
v 0.02750473 0.06923166 0.10336865
v -0.05741127 0.06576066 0.09023565
v -0.01352527 0.06424566 -0.09939435
v 0.00818773 0.06713766 0.10738365
v -0.05294927 0.06349466 -0.08618835
v 0.08725073 0.06632866 -0.05060935
v 0.03362573 0.06878966 -0.08970035
v 0.08814973 0.06775866 0.06083865
v 0.06954673 0.06559966 -0.07036635
v -0.08597427 0.06802766 0.05838065
v 0.10529373 0.06411166 0.01574565
v -0.07023727 0.07193266 -0.06693435
v -0.06184427 0.06634266 -0.07781935
v 0.08878973 0.06924966 -0.04466735
v 0.02269773 0.06851166 -0.09309335
v 0.08118973 0.06650166 0.07144165
v -0.02034127 0.06818666 0.10478865
v 0.05771873 0.06602366 -0.07914135
v -0.08158127 0.06699766 -0.05694135
v -0.09333927 0.06759266 0.04481865
v -0.01928827 0.06296266 -0.09824335
v -0.09683527 0.06549466 -0.03090335
v 0.10206173 0.06992766 0.01259065
v -0.07912227 0.06630666 0.06962165
v -0.00603427 0.06695266 0.10705265
v -0.10051727 0.06765466 0.00975965
v 0.01535073 0.06840366 -0.09610435
v 0.07093073 0.06475366 0.08317965
v 0.05292473 0.06736966 -0.08046435
v -0.04096527 0.06982566 -0.08743035
v 0.04612773 0.06640466 0.09869365
v -0.03051727 0.06662166 -0.09388435
v -0.08141327 0.06985566 0.06250265
v -0.08448427 0.06841866 -0.05178935
v 0.03499773 0.06849366 0.10183865
v 0.00183673 0.07051466 -0.09582935
v 0.04774573 0.06941366 -0.08249535
v 0.01921473 0.06778966 -0.09564535
v 0.09276973 0.07149766 0.04590865
v -0.03402427 0.07116166 -0.08985935
v 0.06256273 0.06853666 -0.07367235
v -0.06351027 0.06999166 -0.07369335
v 0.08087173 0.07145066 -0.05247135
v 0.06211373 0.06734266 0.08861965
v -0.09821627 0.06934166 -0.01538335
v -0.00434327 0.06799466 -0.09707935
v -0.00127327 0.06886166 0.10617165
v -0.09155827 0.07200766 -0.03271235
v 0.07972973 0.06960066 -0.05598535
v -0.10026627 0.06555366 0.02596065
v 0.08441873 0.06615566 0.06738965
v 0.09726773 0.06808866 0.03950265
v -0.10066127 0.06764466 -0.00859635
v 0.00303873 0.07017766 0.10560365
v -0.09493027 0.06880366 -0.02932435
v 0.06434873 0.07188066 0.08318365
v -0.08658027 0.06927866 -0.04678235
v -0.01899427 0.07042966 -0.09431035
v -0.08051027 0.07150266 -0.05342635
v -0.01684327 0.06889866 0.10481565
v 0.08424273 0.07200366 0.06090165
v -0.05333227 0.07242066 -0.07913735
v 0.10139473 0.06948466 0.01964465
v -0.04298527 0.06874666 0.09653965
v -0.03898827 0.07197466 0.09634865
v 0.07029473 0.07114766 -0.06509835
v -0.06697027 0.07176366 -0.06937935
v -0.04685027 0.07050166 -0.08397135
v -0.07815227 0.06619666 -0.06097635
v 0.07449173 0.07054366 0.07425165
v -0.09763027 0.07244466 -0.00835035
v -0.09058027 0.06597266 -0.04453435
v 0.09796173 0.07006266 0.03348665
v -0.05240227 0.06800566 -0.08399635
v 0.09827973 0.07251366 -0.01449035
v 0.01131873 0.07278366 -0.09407735
v -0.01290827 0.06798966 -0.09666035
v 0.02007573 0.07164666 -0.09257535
v 0.03699673 0.07493766 -0.08391735
v 0.09094373 0.07174466 -0.03670935
v -0.05691927 0.07359066 -0.07634235
v 0.03927273 0.06784166 -0.08799535
v 0.04077673 0.07321466 -0.08297235
v -0.00720627 0.07060366 -0.09597035
v 0.10149173 0.07128966 0.00682765
v -0.09557827 0.07093366 0.03084265
v -0.09978227 0.06840166 0.01552365
v 0.03942873 0.07216366 0.09776465
v -0.05935927 0.07665666 -0.07305835
v 0.04721373 0.07351666 -0.08023135
v -0.09811027 0.07242966 -0.00199235
v 0.05716473 0.07084866 -0.07529135
v -0.09843127 0.07207566 0.00406265
v -0.07081227 0.06765366 0.07776065
v 0.06857173 0.07702466 0.07504665
v -0.02825227 0.07139466 -0.09143535
v -0.07793227 0.07177666 -0.05631835
v -0.07750927 0.07204266 0.06602865
v 0.09669273 0.07164466 -0.02148135
v -0.04996527 0.06939966 0.09215365
v -0.09375127 0.07284766 -0.02502135
v 0.05318973 0.07132866 0.09120065
v -0.00716327 0.07288766 0.10345165
v -0.04386027 0.07615066 0.09034765
v 0.06285573 0.07213366 -0.06941535
v 0.08082873 0.07441466 -0.04909735
v -0.08273827 0.07325566 -0.04808235
v -0.09600127 0.07320566 -0.01626835
v 0.09094373 0.07013766 0.05183465
v 0.09666373 0.07411566 0.02776565
v -0.09551827 0.07524066 0.01705165
v -0.08994527 0.06938366 0.04969965
v 0.07802173 0.07295866 0.06810765
v -0.07404327 0.07171766 -0.06056335
v 0.05366473 0.07410966 -0.07619935
v -0.09170427 0.07304366 0.03981065
v 0.02649973 0.07224666 -0.08946735
v 0.02933573 0.07582366 0.09789565
v 0.00974573 0.07433066 0.10269365
v 0.03577873 0.07487366 0.09715365
v -0.08612727 0.07582566 0.04673965
v -0.05235427 0.07334866 0.08740565
v -0.00280127 0.07415166 -0.09390935
v 0.06998773 0.07110166 0.07851165
v 0.00664373 0.07366366 -0.09367335
v 0.08407473 0.07385866 -0.04568035
v -0.06551827 0.06943366 0.08163365
v 0.07909473 0.07705666 0.06259165
v -0.04043627 0.07289266 -0.08622235
v 0.01953373 0.07414566 -0.09069235
v 0.08517773 0.08261166 0.03932565
v 0.04530973 0.07200266 0.09486465
v 0.08699573 0.07398466 -0.04083035
v -0.03100227 0.07488466 -0.08862035
v 0.01690973 0.07122466 0.10355465
v -0.01283827 0.07032266 0.10396665
v -0.01887727 0.07581466 0.09985465
v 0.07449773 0.07482366 -0.05592035
v 0.09515373 0.07526866 -0.01757635
v 0.09107773 0.07734066 0.03664765
v -0.05508827 0.07759966 -0.07438535
v 0.09197473 0.07587266 -0.02681535
v -0.06166227 0.07700166 -0.06991335
v -0.06997427 0.07520266 -0.06223135
v 0.06364773 0.07674766 -0.06556335
v 0.08499173 0.07657466 0.05375665
v -0.09543527 0.07349766 0.02313565
v -0.03059727 0.06968866 0.10137365
v -0.08776327 0.07280166 -0.03961635
v 0.09114773 0.07433466 0.04425165
v -0.08634627 0.07653766 -0.03552035
v 0.05411373 0.07807266 -0.07219335
v -0.07935827 0.07395866 0.06147165
v -0.05552227 0.07648566 0.08268465
v 0.00016973 0.07518866 0.10204265
v 0.09643873 0.07759866 0.01577865
v -0.01348727 0.07910266 0.09817065
v -0.06919027 0.07739366 -0.06114235
v -0.00046227 0.07762866 -0.09157335
v 0.01511973 0.07602266 -0.09127535
v 0.08638573 0.07820766 -0.03442235
v -0.04386027 0.07574466 -0.08209935
v 0.00646373 0.07739166 -0.09081735
v 0.03193873 0.07452266 -0.08560435
v 0.09816773 0.07490066 0.01673365
v 0.05241673 0.07745866 0.08656365
v -0.01569927 0.07366766 -0.09374835
v 0.05956473 0.07290266 0.08627465
v -0.03311327 0.07551266 0.09606765
v 0.09959373 0.07329366 -0.00128535
v 0.04519573 0.07933666 -0.07702635
v -0.02993827 0.07699766 -0.08732935
v -0.09159227 0.07694366 0.03004465
v -0.01981627 0.07605666 -0.09111235
v 0.09586773 0.07790966 0.00702165
v -0.09349727 0.07805566 -0.00858535
v -0.07189727 0.07802466 0.06585065
v 0.02294173 0.07789366 -0.08667935
v -0.08682527 0.07786966 0.04160565
v 0.07647073 0.07718166 -0.05183235
v -0.04125027 0.07784866 -0.08079935
v 0.07291473 0.07838566 0.06885065
v 0.01831273 0.07945066 -0.08913435
v -0.07999827 0.07761266 0.05569665
v -0.09241027 0.07815166 -0.01540135
v -0.04882727 0.07550466 -0.07968635
v -0.07324627 0.07315366 0.07021665
v -0.08711127 0.07877466 -0.03089335
v -0.07628027 0.07679066 0.06164665
v 0.03782373 0.07776166 -0.08145535
v -0.09019427 0.07695366 -0.02777235
v -0.02491927 0.07967166 -0.08708135
v 0.06170473 0.07668166 0.08108565
v 0.06310773 0.08099166 0.07548265
v 0.07015673 0.07737666 -0.05748735
v -0.08781427 0.07915866 0.03568065
v -0.07008827 0.07872466 -0.05784235
v -0.06644727 0.07546966 -0.06622135
v 0.06236373 0.07960566 -0.06445335
v 0.04297773 0.07773766 0.09123665
v 0.08147173 0.07806066 0.05753365
v -0.04822727 0.07931566 -0.07609135
v 0.09191773 0.07817466 -0.01821335
v 0.08379173 0.07718666 -0.03989735
v 0.04729473 0.07819466 0.08910165
v -0.00670627 0.07742366 -0.09134835
v -0.09392827 0.07828766 0.00315065
v -0.08322827 0.07489666 0.05364065
v -0.04575127 0.08004766 0.08553365
v 0.04846073 0.08069066 -0.07274435
v -0.09172227 0.08030166 -0.00690435
v 0.09368373 0.07888366 0.02125065
v -0.07468927 0.07883566 -0.05243735
v -0.03796027 0.07730966 -0.08435635
v -0.02837827 0.07763866 0.09593265
v 0.09434673 0.08005966 0.00141765
v 0.09097173 0.07828666 -0.02390535
v 0.09481173 0.07921766 -0.00940935
v -0.07663627 0.08313766 -0.04387835
v -0.06502827 0.07927866 0.07216665
v 0.02886173 0.07811266 -0.08326835
v -0.06123527 0.07872366 0.07581265
v 0.07952173 0.08003366 -0.04353335
v -0.09034527 0.07983066 0.02373865
v 0.05903373 0.07635966 -0.06956535
v -0.08193427 0.07889266 -0.04055635
v 0.01324573 0.07901166 -0.08940635
v 0.06675873 0.07800766 -0.06098635
v -0.09323627 0.07816066 0.01149365
v -0.04212927 0.07994966 -0.07858935
v 0.01646473 0.07848666 0.09871665
v -0.03594627 0.08191666 0.08936965
v 0.09143973 0.08140666 0.02326865
v -0.06805027 0.08296166 -0.05660935
v -0.04763627 0.08343666 -0.07253335
v 0.00856373 0.08120866 0.09730365
v 0.07502673 0.08079966 0.06341465
v 0.02297973 0.07872366 0.09747865
v 0.00131073 0.08061466 0.09792065
v -0.03783427 0.08061966 -0.08055135
v -0.07719227 0.07967666 -0.04768535
v -0.01202927 0.08083566 -0.08798935
v -0.00645427 0.07830366 0.09943765
v -0.02672927 0.08104166 -0.08448935
v -0.05261527 0.08139166 -0.07150835
v 0.08872273 0.08080766 0.03272465
v 0.09248773 0.08236666 0.00745065
v -0.04289627 0.08297066 -0.07559835
v -0.08907327 0.08378166 -0.01239235
v -0.07721527 0.08679566 -0.03546535
v -0.02770427 0.08298466 0.09141865
v 0.00591273 0.08249466 -0.08693635
v -0.07120127 0.08293466 0.06023065
v -0.08332627 0.08082066 0.04234665
v 0.07468173 0.08155566 -0.04812235
v -0.03112427 0.08137566 -0.08294935
v -0.04060127 0.08291666 -0.07835735
v -0.05941827 0.08199666 -0.06572935
v 0.00204173 0.08335766 -0.08620635
v 0.07445973 0.08522966 0.05759265
v 0.01880073 0.08583666 0.09201065
v 0.08188573 0.08315166 -0.03363335
v 0.02467673 0.08170766 -0.08255035
v 0.09300273 0.08132066 -0.00410135
v 0.01185273 0.08340066 -0.08558035
v -0.09048227 0.07936266 -0.02103735
v -0.04498427 0.08433566 0.08202365
v -0.01766727 0.08254466 0.09463365
v 0.08679273 0.08081766 -0.02869835
v 0.08418073 0.08125666 0.04597865
v -0.08604027 0.08291266 0.03289365
v -0.00480227 0.08237366 -0.08722235
v -0.01107927 0.08262066 0.09534465
v -0.06182627 0.08507766 -0.06094135
v -0.06916327 0.08577966 -0.05214335
v 0.03005773 0.08285366 -0.07947235
v -0.08324127 0.08387066 -0.03205135
v 0.04221073 0.08335666 -0.07459535
v -0.00962527 0.08461166 -0.08516535
v 0.09102473 0.08530066 0.01186765
v 0.03573573 0.08029466 -0.07954335
v -0.05583427 0.08237066 0.07672265
v -0.08819627 0.08275466 -0.02136635
v -0.08542427 0.08436766 -0.02502335
v 0.07115473 0.08460066 -0.05002135
v -0.02010827 0.08087866 -0.08731335
v -0.08812827 0.08502966 0.00036565
v -0.02418727 0.08508566 -0.08236135
v 0.08594973 0.08566666 -0.01545235
v -0.06507427 0.08118566 -0.06197235
v -0.08105327 0.08499566 0.04024565
v -0.07307127 0.08370566 -0.04798135
v 0.08769673 0.08352766 0.02923965
v 0.05993673 0.08277666 -0.06202235
v 0.07833673 0.08643566 -0.03537235
v 0.03960673 0.08541166 -0.07283535
v -0.03407827 0.08517066 -0.07836035
v 0.06593373 0.08282666 0.07113965
v 0.08649773 0.08720166 0.01962865
v 0.03961873 0.08407566 0.08749265
v 0.08905573 0.08238566 -0.01565835
v -0.08817327 0.08447966 0.00820965
v 0.04598173 0.08415666 0.08476165
v 0.08518373 0.08848566 -0.00611035
v 0.05352273 0.08080866 -0.06944135
v -0.04009727 0.08309966 0.08589865
v -0.00570627 0.08483466 0.09449765
v 0.02442273 0.08555966 -0.07998535
v 0.04893773 0.08977366 0.07615165
v -0.07790327 0.08412566 0.04727765
v 0.06325173 0.08346666 -0.05848635
v 0.03371973 0.08084566 0.09260065
v -0.04044427 0.08803866 -0.07272235
v -0.08622227 0.08478466 0.02804065
v -0.07254427 0.08632466 0.05290165
v 0.08676773 0.08317666 -0.02283735
v -0.06544727 0.08525466 -0.05675735
v -0.08804827 0.08349566 0.01853765
v -0.02159627 0.08304666 0.09333165
v 0.04404073 0.08495666 -0.07111935
v 0.08272673 0.08764366 0.03404565
v -0.00003327 0.08729766 -0.08328535
v -0.08677727 0.08543666 -0.01588235
v 0.07943773 0.08449566 0.04893765
v -0.08572127 0.08684966 0.01606765
v -0.01859927 0.08649266 -0.08244035
v -0.08443427 0.08876466 0.00920565
v -0.08182127 0.08804066 -0.02478035
v -0.08591827 0.08716966 -0.00731135
v 0.08155273 0.08520866 0.04272365
v 0.08288373 0.08612566 -0.02550335
v -0.05698427 0.08654766 -0.06117035
v 0.07919773 0.08330566 -0.03926435
v 0.09012373 0.08595966 0.00104165
v -0.03399427 0.08696066 0.08498165
v -0.07601727 0.08599766 -0.03990735
v -0.06826827 0.08909266 -0.04849035
v -0.05165527 0.08703966 0.07476365
v 0.01288373 0.08428566 0.09422865
v -0.01155527 0.08821266 -0.08175935
v -0.06412127 0.08619166 0.06448365
v -0.07469127 0.08781566 0.04716365
v 0.08908973 0.08495466 0.01672765
v -0.06250427 0.08813966 -0.05326335
v 0.07336273 0.08690266 -0.04270835
v -0.08369327 0.08957866 -0.01182735
v -0.01082927 0.08636466 0.09216965
v 0.05813773 0.08262066 0.07788665
v -0.08296627 0.08862266 0.02736865
v -0.04913227 0.08725566 -0.06769135
v -0.04482727 0.08595466 -0.07222835
v 0.08749573 0.08703966 -0.00424335
v 0.09031473 0.08625266 0.00596965
v -0.06036227 0.08861866 -0.05611135
v 0.03779773 0.08447066 -0.07499135
v -0.01588927 0.08839066 -0.08060935
v 0.00464073 0.08673766 0.09269465
v -0.05824527 0.09060866 0.06484665
v 0.03200173 0.08663366 -0.07520835
v -0.07736027 0.08920866 -0.03128835
v -0.03625227 0.09006966 -0.07307635
v 0.06068973 0.08882166 0.06855865
v -0.03048927 0.08938166 0.08419465
v 0.04878273 0.08355066 -0.06925535
v 0.01933073 0.09012766 -0.07987135
v 0.04231773 0.08877366 0.08119165
v 0.05456873 0.08606366 -0.06360035
v -0.08526227 0.08796666 0.00371165
v 0.06217573 0.08824066 -0.05336035
v 0.01488673 0.08976566 -0.07962835
v -0.08500927 0.08860666 -0.00358735
v -0.05295627 0.08936666 -0.06183335
v 0.02315773 0.08738266 0.08953365
v 0.00365273 0.08905866 -0.08112335
v 0.01819173 0.08566866 -0.08230335
v 0.03170873 0.08827966 0.08644465
v 0.03991073 0.08950866 -0.06924835
v -0.05018127 0.09016966 -0.06272935
v 0.06462473 0.09090766 0.06106865
v -0.08117327 0.09024766 -0.02125635
v -0.07916127 0.08829666 0.03616865
v 0.01058673 0.08973066 0.08965265
v 0.05536573 0.08843466 0.07337065
v -0.07024427 0.08960866 -0.04278935
v -0.02814027 0.08793166 -0.07822935
v -0.04029627 0.08903366 0.07979365
v -0.06108627 0.09236766 0.05862665
v 0.07036773 0.09015666 -0.04232635
v 0.05819473 0.08962266 -0.05624435
v -0.08299227 0.09008266 -0.00632835
v -0.02942327 0.09153066 -0.07357635
v 0.02399173 0.08954966 -0.07669435
v 0.05018873 0.08854266 -0.06347635
v 0.08658973 0.08823266 0.01062065
v 0.07912773 0.09153166 -0.02254735
v 0.06625673 0.09161766 -0.04456635
v 0.08583273 0.08877066 0.00320165
v -0.06046927 0.09302266 -0.04850335
v -0.07267027 0.08976866 -0.03658635
v -0.08003027 0.09115166 0.02479265
v -0.08133927 0.09096666 -0.01646935
v -0.06486727 0.09006766 -0.04927435
v 0.04987473 0.09281066 0.07171165
v 0.02585073 0.09086666 0.08550965
v -0.02095027 0.09077866 0.08578165
v -0.07129527 0.09284466 -0.03377435
v -0.02540227 0.09070166 -0.07548835
v 0.04405473 0.09160366 -0.06487435
v -0.04182627 0.09082466 -0.06948435
v 0.07344473 0.08950066 0.05117565
v -0.08181627 0.08992266 0.02040665
v -0.05666427 0.09038866 -0.05632035
v -0.00576127 0.08971066 -0.08094135
v 0.00054273 0.08909466 0.09031965
v -0.07829327 0.09279166 0.01496365
v -0.08242827 0.09068066 0.00010865
v -0.05569027 0.09063866 0.06758965
v 0.02012173 0.09096766 -0.07802435
v 0.05958373 0.09208766 0.06427565
v 0.07206873 0.09221066 -0.03514435
v -0.04510327 0.09032066 -0.06769835
v 0.00915073 0.09152066 -0.07808035
v -0.07364527 0.09226466 0.04030765
v 0.08319573 0.08959966 0.02554765
v -0.05433027 0.09136266 -0.05864935
v 0.06771673 0.09257266 0.05433965
v 0.02308073 0.09340366 -0.07125435
v 0.07658273 0.09392366 0.03142765
v -0.06599627 0.09474666 0.04816765
v -0.06753627 0.09157466 -0.03932135
v -0.08096127 0.09285666 -0.00157935
v -0.04888927 0.09308766 0.06956765
v 0.03481073 0.09167166 0.08163665
v 0.08038173 0.09292766 -0.01076635
v 0.02848073 0.09139966 -0.07223435
v 0.04794273 0.09310066 -0.05946735
v 0.07882173 0.08898666 -0.03056935
v -0.08046727 0.09325166 0.00710165
v 0.08193273 0.09258266 -0.00570635
v -0.07480127 0.09245666 -0.02709135
v -0.06553527 0.09120666 -0.04360035
v 0.05245473 0.09363766 -0.05612135
v -0.04790127 0.09315966 -0.06105635
v 0.04032173 0.09436866 0.07528965
v -0.03715627 0.09286466 0.07713765
v -0.00551427 0.09234266 0.08653865
v 0.06974773 0.09292766 0.05049265
v -0.05007327 0.09470266 -0.05708135
v 0.07950573 0.09481066 0.02381365
v -0.07697227 0.09172666 0.03031965
v -0.07972227 0.09305366 -0.01087835
v 0.07893873 0.09558666 0.01826765
v -0.05434827 0.09503666 -0.05093535
v 0.07259573 0.09333466 0.04515465
v 0.03914473 0.09384266 -0.06474835
v 0.05359373 0.09522166 -0.05249735
v 0.03319173 0.09407566 -0.06812535
v -0.06412727 0.09416066 -0.04117735
v 0.07848473 0.09373666 -0.01664035
v -0.00743127 0.09368866 -0.07697035
v -0.06848027 0.09457766 0.04467065
v -0.03513927 0.09334266 -0.06952735
v 0.07096173 0.09584166 -0.02998335
v 0.05872873 0.09374666 -0.04944335
v -0.05528427 0.09435466 0.06230965
v -0.04494627 0.09415366 -0.06228435
v 0.00228573 0.09325366 -0.07636435
v 0.08212573 0.09222166 0.01924665
v 0.06552973 0.09576666 -0.03603735
v 0.07422973 0.09644866 -0.01893535
v 0.05082573 0.09712366 0.06438565
v -0.02043327 0.09213066 -0.07566735
v -0.03135027 0.09689666 -0.06610435
v 0.01567773 0.09486566 -0.07474335
v -0.07811727 0.09618366 -0.00615335
v 0.01881373 0.09314666 0.08484165
v 0.02233773 0.09663066 0.08045065
v -0.01306927 0.09548866 -0.07448335
v -0.03729627 0.09504566 -0.06621835
v 0.04241473 0.09710266 -0.05807535
v 0.02486673 0.09665966 -0.06780135
v -0.01643927 0.09124666 0.08657165
v -0.05976127 0.09522366 -0.04494635
v -0.06837027 0.09629566 -0.03546335
v -0.02690127 0.09564066 0.07839265
v -0.02745627 0.09478966 -0.07058435
v -0.05272727 0.09744266 -0.04820435
v 0.02773573 0.09670366 0.07872465
v 0.05548073 0.09481766 0.06379265
v -0.07522427 0.09529266 0.02230965
v 0.05902473 0.09619766 -0.04450735
v 0.07928873 0.09537166 0.00803465
v -0.07374227 0.09423866 -0.02553835
v -0.07760027 0.09476966 -0.01439035
v 0.01049373 0.09471066 0.08496665
v 0.06874973 0.09922266 -0.02373635
v 0.06023073 0.09603666 0.05701165
v -0.04101827 0.09582366 -0.06306735
v 0.06486973 0.09911266 -0.03143835
v 0.02046873 0.09682966 -0.06980535
v -0.00213527 0.09615766 0.08282265
v 0.01521873 0.09795566 -0.07056535
v -0.06330427 0.09810966 -0.03818935
v 0.00310573 0.09572266 0.08336165
v 0.06521873 0.09535366 0.05230665
v -0.07637927 0.09526066 0.01169965
v 0.03189773 0.09854566 0.07467165
v -0.01536027 0.09664466 0.08064665
v -0.07368127 0.09735966 0.01799765
v 0.07876673 0.09613766 0.00096665
v 0.06430773 0.09894866 0.04535065
v -0.00452327 0.09634666 -0.07346435
v -0.07479427 0.09846666 -0.01758235
v -0.05758327 0.09713166 0.05495865
v 0.07022173 0.09808866 0.03462265
v -0.04516327 0.09602666 -0.05800535
v -0.06919827 0.09647666 -0.03210935
v -0.06980527 0.09622766 -0.02897835
v -0.07511827 0.09645566 -0.02038635
v 0.07383573 0.09751566 0.02673765
v 0.04508873 0.09880866 -0.05427835
v 0.02404473 0.10069566 0.07487465
v -0.06783327 0.09785366 -0.02675935
v -0.07522427 0.09734866 0.00066365
v -0.03674427 0.09967766 -0.05944435
v 0.01509073 0.09782666 0.08054265
v 0.07660673 0.09753766 0.01284565
v 0.00054973 0.09681766 -0.07291535
v -0.01454727 0.10046666 -0.06703035
v -0.03234527 0.09826666 0.07286265
v 0.06113373 0.09696866 -0.04076535
v -0.07081427 0.09713766 0.03055565
v 0.07572973 0.09721766 -0.01168435
v -0.07537427 0.09804966 -0.01229935
v 0.00742173 0.10006266 -0.06686435
v 0.05266873 0.09995766 0.05816665
v -0.02582827 0.10009966 0.07328265
v -0.07209727 0.09925866 0.01163665
v 0.03243273 0.09741666 -0.06386135
v 0.04278173 0.09831566 0.06885365
v -0.04750227 0.09896366 -0.05357535
v -0.04432427 0.09807966 0.06598365
v -0.05201027 0.09989866 -0.04434935
v -0.01692027 0.09863366 -0.06916435
v -0.06241727 0.10050866 -0.03178535
v -0.07342727 0.09885066 -0.00966735
v 0.05707373 0.10016366 0.05228365
v 0.07254073 0.09889466 -0.01377535
v -0.02517027 0.09767166 -0.06733935
v -0.05661227 0.09902166 -0.04309135
v 0.03736573 0.09831966 -0.05976635
v -0.03168427 0.09940666 -0.06168535
v 0.02528073 0.09982866 -0.06431035
v -0.06489127 0.09887266 -0.03406835
v 0.00737773 0.10043066 0.07791165
v -0.07018227 0.10075666 0.00144265
v -0.03964427 0.09806666 -0.05967135
v -0.06569227 0.10118366 -0.01933135
v -0.07133927 0.09974266 -0.01561335
v 0.07190873 0.10184366 0.00023165
v 0.07263873 0.10119566 0.00848465
v -0.06880527 0.10026566 0.02181565
v -0.07545227 0.09625166 0.00644065
v -0.07127027 0.09878766 -0.02130035
v -0.06642627 0.09922866 0.03640165
v -0.03852627 0.10068466 0.06608265
v 0.02149973 0.10036866 -0.06625835
v -0.04437227 0.10305766 -0.04653735
v -0.02959527 0.10236466 0.06851165
v -0.00574927 0.09865166 0.07910065
v 0.00357673 0.09905366 -0.06926135
v 0.07596873 0.09784966 -0.00411435
v 0.05628173 0.09794666 -0.04513035
v 0.06761773 0.10351266 -0.00816035
v 0.03915073 0.10066366 -0.05503535
v -0.05881427 0.09963666 0.04814265
v 0.07045573 0.10237066 0.01471565
v -0.04321727 0.10119566 -0.05294135
v -0.04622327 0.10017166 -0.05036235
v 0.00033373 0.10027366 0.07747565
v -0.06518927 0.09846866 -0.02853935
v 0.01338573 0.10168366 -0.06550835
v -0.01061927 0.10061266 -0.06700635
v 0.07006973 0.10115966 0.02347065
v -0.01223027 0.09738666 0.08033965
v 0.01856773 0.10276766 -0.06417935
v 0.06575173 0.10102566 0.03438765
v -0.01862927 0.09900366 0.07658765
v -0.04833627 0.10251966 -0.04333135
v 0.03374073 0.10204766 -0.05713135
v -0.00278427 0.10182466 -0.06565135
v 0.04945873 0.09974166 -0.04876035
v 0.03094873 0.10119066 -0.06031135
v 0.01465873 0.10309766 0.07398165
v 0.06742573 0.10197366 -0.01773935
v -0.06768727 0.10163366 -0.01602335
v -0.05938727 0.10355366 -0.02731635
v -0.01931727 0.10136566 -0.06496335
v -0.05664727 0.10193166 -0.03701635
v 0.00532773 0.10275066 0.07479865
v -0.05247427 0.10311266 0.04887865
v -0.06975927 0.10122266 -0.00691735
v 0.05633273 0.10291766 -0.03560635
v -0.06817927 0.10190566 -0.00248335
v -0.04809227 0.10104466 0.05776665
v 0.04598873 0.10368466 -0.04493935
v -0.01561327 0.10316666 -0.06257735
v -0.02144527 0.10303466 -0.06118835
v 0.03912473 0.10144566 0.06586665
v -0.06536027 0.10466166 0.00613765
v -0.03338327 0.10336766 -0.05504835
v -0.06167427 0.10416066 -0.02286935
v -0.00224027 0.10355766 0.07252165
v 0.06678873 0.10583866 0.00197365
v 0.05978973 0.10464066 -0.02675335
v -0.06244027 0.10353866 0.02975665
v -0.06526927 0.10331466 0.01944065
v 0.00548473 0.10252766 -0.06437935
v 0.00944573 0.10564166 -0.05974535
v 0.03430073 0.10040666 0.07058865
v -0.00848527 0.10330566 -0.06348235
v -0.02592727 0.10517366 0.06622265
v 0.06744373 0.10209866 -0.01365635
v 0.02522273 0.10264966 -0.06162535
v -0.01807927 0.10294266 0.07185665
v 0.06149373 0.10292966 0.03788065
v -0.05602827 0.10513366 0.03943965
v 0.00383973 0.10499166 -0.06141535
v 0.05437273 0.10657466 -0.02917835
v -0.06222227 0.10460666 -0.02069235
v 0.05743773 0.10417366 0.04043365
v 0.04302873 0.10348266 0.05995565
v 0.01272373 0.10565866 -0.05995735
v -0.04507827 0.10662066 -0.04207535
v -0.05497027 0.10397066 -0.03286035
v 0.00903073 0.10553266 0.07097065
v -0.04161727 0.10409766 -0.04979535
v -0.06537427 0.10452066 -0.00635735
v 0.04995273 0.10410366 -0.03989035
v 0.04758273 0.10507766 0.05265265
v -0.03879627 0.10592066 -0.04672735
v 0.04062373 0.10361266 -0.05017435
v 0.05382573 0.10333466 0.04968865
v -0.03035527 0.10196666 -0.05913935
v 0.02168073 0.10536866 -0.05903835
v -0.00643027 0.10500566 -0.06125135
v -0.04260727 0.10464266 -0.04603635
v -0.06595927 0.10354566 -0.01271135
v -0.04156627 0.10501666 0.05699165
v -0.02903127 0.10711266 -0.05298035
v 0.06146373 0.10604766 -0.01742335
v -0.06433527 0.10447766 0.01494865
v 0.06049173 0.10816566 -0.00757735
v 0.01456073 0.10585966 0.06933365
v 0.01602573 0.10550766 -0.06095335
v -0.05525127 0.10693366 -0.02422935
v 0.06216573 0.10370866 -0.02368735
v -0.05390427 0.10505666 -0.03562235
v 0.05008173 0.10669966 -0.03496535
v -0.05210627 0.10594966 -0.03393635
v 0.06377973 0.10555866 0.02183765
v -0.01746227 0.10521866 0.06826365
v 0.06140873 0.10581366 0.02753665
v -0.05961727 0.10602466 0.02456965
v 0.04396573 0.10783966 0.04977665
v -0.05024627 0.10566866 0.04577865
v 0.03374073 0.10399566 -0.05310435
v 0.03113973 0.10460666 0.06608465
v 0.03722573 0.10789266 -0.04318635
v 0.02068073 0.10761866 0.06509165
v 0.00139373 0.10600866 0.06970265
v -0.03582127 0.10569466 0.05954465
v -0.00980427 0.10467966 0.07057165
v 0.03362673 0.10972166 0.05447465
v -0.00052427 0.10627566 -0.06057135
v 0.05265873 0.10739166 0.04003665
v 0.06407273 0.10656766 0.01038365
v 0.02549173 0.10654366 -0.05655635
v -0.04613927 0.10706966 -0.03382035
v -0.06145127 0.10730766 -0.00889035
v -0.05952127 0.10848266 -0.01747935
v -0.06477927 0.10521766 -0.00243835
v 0.03675173 0.10637066 -0.04774535
v -0.05439327 0.10922666 0.02438265
v -0.04707327 0.10642766 -0.03730735
v -0.05531727 0.10556466 -0.02837935
v 0.04177273 0.10673166 -0.04250235
v -0.01585327 0.11022666 0.05999665
v -0.00381227 0.10888866 -0.05547135
v 0.02711373 0.10785666 -0.05006935
v -0.03433327 0.10769166 -0.04929435
v -0.03766227 0.10913166 -0.04296135
v 0.04931773 0.10882366 -0.03019235
v -0.06301827 0.10659866 0.00307165
v 0.05580873 0.10863366 -0.02451035
v -0.02752927 0.10879566 0.05853365
v -0.05536927 0.10822766 0.02873265
v 0.00447373 0.10869066 -0.05533035
v 0.03828773 0.10789066 0.05537265
v -0.01705227 0.10574066 -0.05928435
v 0.05670873 0.10740866 0.03038865
v -0.02133227 0.10751766 -0.05425535
v -0.00957027 0.10808666 -0.05432435
v 0.04469773 0.10763166 -0.03865135
v 0.00392373 0.10898666 0.06457765
v -0.05778027 0.10890666 0.01421565
v 0.00000173 0.10784866 0.06705865
v -0.01171227 0.10828066 0.06464965
v -0.01561927 0.10940866 -0.05263735
v -0.06228927 0.10501466 -0.01602635
v -0.04767027 0.10863466 -0.03150035
v -0.02409727 0.10839666 0.06104365
v 0.06420773 0.10568766 0.01717565
v 0.05498973 0.11012966 -0.01628235
v 0.00872073 0.10917666 0.06461565
v -0.05331527 0.10905066 -0.02658135
v -0.05152827 0.10850966 -0.02984635
v -0.01961427 0.11023666 0.05803065
v -0.00702627 0.10849266 0.06516865
v 0.02866073 0.10812866 0.06109865
v -0.04452627 0.10869166 -0.03417535
v 0.01552473 0.10936466 -0.05105635
v 0.02370273 0.10830966 -0.05274735
v -0.05973927 0.10915166 0.00584365
v 0.01958873 0.10964366 -0.04961135
v 0.05995173 0.10995166 -0.00117035
v 0.01772073 0.10822466 -0.05453635
v -0.05365627 0.10950166 -0.02308635
v -0.03658727 0.11044066 0.04867165
v 0.01308973 0.10941466 -0.05358235
v 0.05091273 0.11008966 0.03415565
v -0.00417127 0.10978066 0.06291465
v -0.05843327 0.10945266 -0.00091835
v 0.02307573 0.10896166 0.06273765
v -0.05050527 0.11116566 -0.02852935
v 0.05645373 0.11088666 0.01842465
v 0.03230473 0.10966166 -0.04568635
v -0.04831527 0.10857566 0.04064165
v 0.05441473 0.11037466 0.02563665
v -0.04537527 0.10896766 -0.03128535
v -0.01037727 0.11075966 0.06032565
v -0.04284227 0.11144066 -0.03004235
v -0.03094327 0.10973066 -0.04703335
v 0.05862573 0.11000866 0.00779865
v -0.05184727 0.10890966 0.03364865
v 0.04433073 0.11090966 -0.03051035
v -0.05093627 0.11222566 0.01654465
v -0.05174427 0.11134966 -0.02316735
v -0.03440227 0.11134266 -0.03900935
v 0.03759073 0.10998166 -0.03814035
v 0.02880173 0.11147266 0.05306265
v 0.00081773 0.11121466 -0.05099235
v -0.04168227 0.10978466 0.04467865
v 0.04167373 0.11012466 -0.03539435
v 0.04684173 0.11077866 0.03761765
v -0.03181127 0.10959566 0.05291565
v -0.05524927 0.11170766 -0.00857335
v -0.00605427 0.11008766 -0.05207735
v -0.05668627 0.11047066 -0.01437435
v -0.05832527 0.10985866 -0.00593635
v 0.02344873 0.11103166 0.05800365
v -0.02622827 0.11245566 -0.04358835
v 0.00782573 0.11386266 0.05481965
v 0.02190573 0.11317566 -0.04130135
v -0.02351927 0.11155666 0.05416165
v -0.00036727 0.11094366 0.06014065
v 0.01418973 0.11278366 -0.04350835
v -0.04285827 0.11397166 0.02852065
v 0.04624173 0.10945966 0.04332265
v 0.05561973 0.11110566 -0.01247935
v -0.05216827 0.11252866 -0.01990135
v 0.05505073 0.11256166 -0.00337235
v 0.02639273 0.11137966 0.05579065
v -0.04931227 0.11125266 0.02790965
v 0.05074173 0.11036966 -0.02482535
v -0.03906527 0.11116066 -0.03480235
v 0.01570273 0.10937966 0.06334565
v 0.02898873 0.11129466 -0.04122335
v -0.05716127 0.11084966 -0.01081635
v 0.02518373 0.11052366 -0.04468935
v 0.04833473 0.11241166 0.02902165
v -0.03653227 0.11242766 0.04420265
v 0.03460273 0.11185966 0.04929365
v 0.01787273 0.11264466 0.05536865
v 0.00926273 0.11228766 -0.05036235
v 0.02399773 0.11229766 -0.03963535
v -0.04445527 0.11242866 -0.02677035
v 0.03235073 0.11148566 -0.03915235
v -0.02154627 0.11237166 -0.04592035
v -0.05169227 0.11280566 0.00202665
v 0.05549573 0.11228766 0.00388765
v 0.04019673 0.11234766 0.04278565
v -0.05242527 0.11216366 0.00673065
v -0.04261427 0.11214466 0.03427365
v -0.02990427 0.11239666 -0.04097035
v 0.01139073 0.11256766 -0.04768635
v -0.05442227 0.11250566 -0.00544835
v 0.03942173 0.11371666 -0.02986335
v -0.00664327 0.11335466 0.05564365
v 0.03185273 0.11423066 -0.03323435
v -0.01187727 0.11230966 -0.04963235
v 0.02481673 0.11292066 -0.03631535
v 0.04178773 0.11580866 0.02578665
v -0.04140427 0.11355566 -0.02262435
v -0.04655827 0.11330766 0.02046065
v -0.03259027 0.11377566 -0.03400135
v 0.01823373 0.11391566 -0.03967035
v 0.04954173 0.11506066 0.00479965
v -0.04851627 0.11334566 -0.02167535
v -0.00074227 0.11386266 -0.04660435
v -0.03895127 0.11330666 -0.02765435
v -0.05123427 0.11447166 -0.00897235
v -0.00132227 0.11319466 0.05642165
v 0.04580473 0.11384666 -0.01972635
v -0.01620427 0.11319766 -0.04669935
v -0.05036127 0.11268066 -0.02577135
v -0.00705827 0.11397066 -0.04699935
v -0.03538327 0.11517866 -0.02603135
v -0.01863727 0.11543966 0.04725265
v 0.05447773 0.11212566 0.01146565
v 0.03778473 0.11428566 0.03861865
v -0.03621027 0.11370966 -0.03228235
v -0.02049227 0.11528466 -0.03922335
v -0.05091227 0.11494166 -0.00615935
v 0.02425873 0.11542266 -0.03338035
v -0.03065127 0.11357466 -0.03741835
v -0.04971127 0.11504866 -0.00071835
v -0.03743727 0.11411466 -0.02462135
v 0.01211473 0.11269866 0.05717165
v 0.02628573 0.11342766 0.05077365
v -0.02790027 0.11369966 0.04724465
v 0.05087173 0.11448266 -0.00211435
v -0.04927327 0.11305366 0.01334365
v 0.00388673 0.11504066 -0.04241035
v -0.04899827 0.11460866 -0.01851835
v -0.04704827 0.11561166 0.00428165
v -0.04999427 0.11557766 -0.01310735
v -0.04320727 0.11507066 -0.01954935
v 0.03560573 0.11437266 -0.03089435
v 0.02159773 0.11551866 -0.03195735
v 0.02697373 0.11525366 0.04577565
v -0.03112327 0.11453566 0.04252665
v 0.02043773 0.11542566 0.04905865
v 0.04682373 0.11470066 0.02150465
v 0.00233573 0.11570766 0.05020765
v 0.05069873 0.11413766 -0.00894735
v 0.02184273 0.11443966 -0.03597335
v -0.00558027 0.11640666 -0.04147135
v -0.04060927 0.11534466 0.01942565
v 0.01855673 0.11692466 -0.03005935
v 0.01295873 0.11670966 -0.03342535
v -0.01218727 0.11616366 -0.04265935
v -0.03117427 0.11533366 0.03838465
v -0.03502927 0.11542766 0.03395865
v -0.00205927 0.11539666 0.05097265
v -0.04248127 0.11602166 -0.01729935
v -0.01641427 0.11559666 -0.04195935
v -0.03992427 0.11627366 -0.01273135
v -0.02429627 0.11538366 0.04491965
v -0.01218727 0.11422166 0.05255865
v 0.04822173 0.11494966 0.01356665
v -0.04584427 0.11638666 -0.01407535
v 0.01726473 0.11572666 -0.03604435
v -0.00561827 0.11709266 0.04677065
v -0.04587627 0.11763866 -0.00495835
v 0.01192973 0.11570966 -0.03751435
v 0.03404373 0.11663266 -0.02604635
v 0.03772273 0.11602666 -0.02135035
v 0.02215273 0.11763666 -0.02845235
v 0.03223273 0.11675866 -0.02900235
v -0.03652927 0.11647366 0.02681565
v 0.00658373 0.11768266 -0.03545235
v 0.03066873 0.11793866 0.03311365
v -0.03922827 0.11719466 -0.01702435
v -0.02090927 0.11705466 -0.03353935
v 0.04603373 0.11614866 -0.01212135
v -0.02418327 0.11612166 -0.03487735
v -0.04049527 0.11747866 -0.00558935
v 0.04155373 0.11816666 -0.00265435
v 0.04614273 0.11599866 -0.00542835
v 0.03000473 0.11587966 0.04197765
v 0.01424473 0.11533666 0.05084065
v 0.04486173 0.11659866 0.00717465
v -0.04611227 0.11637066 -0.00982835
v 0.03580173 0.11589466 0.03368565
v -0.01005327 0.11765066 -0.03809935
v 0.01626473 0.11738066 -0.03059035
v 0.03031473 0.11859566 -0.02549535
v -0.01094627 0.11742066 0.04472765
v -0.00208627 0.11697566 -0.03819135
v 0.02657673 0.11780566 -0.03131835
v -0.02489327 0.11786366 -0.02728935
v 0.01139673 0.11789066 -0.03196135
v -0.03905427 0.11756666 0.01184365
v 0.03861173 0.11583466 0.02895065
v 0.01118173 0.11775466 0.04525265
v 0.03583173 0.12003966 0.01075865
v -0.04313027 0.11761566 -0.00051735
v -0.03593727 0.11896066 -0.01915335
v -0.02596327 0.11773666 0.03519765
v -0.03992427 0.11770666 0.00454565
v -0.02895827 0.11900866 0.02667665
v -0.03011727 0.11733666 -0.02369235
v 0.01798173 0.11819766 -0.02577035
v 0.00272973 0.11767466 0.04458465
v 0.01798173 0.11776266 0.04322665
v 0.02756673 0.11993066 -0.02878235
v -0.01681927 0.11860466 -0.03271335
v -0.03894927 0.11886566 -0.00146235
v 0.01750073 0.11907466 0.03918065
v 0.03997973 0.11755966 -0.01142035
v -0.00367027 0.11890266 -0.03134335
v 0.02962973 0.11776366 -0.02207735
v 0.04224773 0.11732966 0.01387865
v -0.00739827 0.11881266 -0.03321735
v -0.02675727 0.11949666 -0.02058435
v 0.00683173 0.11988766 0.03743965
v -0.01773727 0.11884166 0.03666065
v 0.02321573 0.12011566 0.03079665
v -0.03662427 0.11958266 0.00600065
v -0.01299227 0.11931266 0.03897465
v -0.00971627 0.12016166 -0.03007335
v 0.03432673 0.12023566 -0.01255035
v 0.01692973 0.12015066 -0.02329735
v -0.03561427 0.11956166 -0.01576935
v -0.03677927 0.11984866 -0.00203235
v -0.01993827 0.11956966 -0.02887935
v 0.03891473 0.11904466 -0.00046235
v 0.00462173 0.11959166 -0.02920735
v -0.03492027 0.11793366 0.01980565
v 0.02408573 0.11966566 -0.02762635
v -0.03612627 0.11922466 -0.01129735
v -0.00655327 0.11943866 0.03953865
v 0.03195773 0.12093866 -0.00830935
v 0.00817173 0.11895966 0.04021365
v 0.03305973 0.11960166 0.02174465
v 0.03715973 0.11914466 -0.00558935
v -0.02235627 0.11950866 0.02946965
v 0.04004773 0.11869966 0.00562865
v 0.02203973 0.12101766 -0.01944835
v -0.01005027 0.12064766 0.03362665
v -0.02098027 0.12142766 -0.02202735
v -0.02877127 0.11910666 -0.01325735
v 0.03152573 0.12103666 -0.01431935
v -0.03015727 0.12108466 -0.00647835
v -0.03372727 0.12038466 -0.00624235
v 0.02295073 0.11922766 -0.02366735
v 0.02727073 0.12004166 0.02541265
v -0.03260427 0.12002866 0.01018565
v -0.02594327 0.12024966 -0.01591235
v 0.01466173 0.12020966 -0.02802735
v -0.02987227 0.12024666 -0.01734735
v 0.03638473 0.12000666 0.00444365
v -0.03384327 0.12015266 -0.00302235
v 0.02759673 0.11962866 -0.01791635
v 0.02681373 0.11973566 -0.01481435
v -0.02258927 0.11944466 -0.02673035
v 0.00103373 0.12071866 -0.02281935
v -0.03113627 0.12052566 -0.00105435
v -0.02027727 0.12074666 0.02194265
v -0.00289227 0.12088866 0.03555065
v 0.02554873 0.12056866 -0.01722735
v -0.02973627 0.12181866 0.00730065
v 0.03186973 0.12168166 -0.00112935
v -0.02329627 0.12164866 0.01181065
v -0.02118827 0.12173866 -0.01784635
v -0.03211827 0.12089966 0.00304665
v 0.02893973 0.12091466 0.00647865
v -0.00450827 0.12103366 -0.02263735
v -0.02453827 0.12197566 -0.00936435
v -0.01516127 0.12187566 0.02605965
v -0.03116727 0.11969166 0.01634365
v 0.00585673 0.12077366 -0.02365635
v 0.02964173 0.12133166 0.01316465
v 0.02938673 0.12110066 -0.01132335
v -0.00505427 0.12067466 -0.02601735
v 0.03341873 0.12011366 -0.00477335
v 0.01696973 0.12117466 0.03143265
v 0.00470273 0.12130566 0.03448665
v 0.03018573 0.12165466 0.00158865
v 0.01243373 0.12122966 -0.02170635
v 0.03372473 0.12034466 0.01614765
v 0.00629573 0.12233366 -0.01342635
v 0.01190073 0.12281366 -0.01848935
v -0.00150327 0.12259066 -0.01482635
v 0.01784173 0.12266066 -0.01592635
v -0.01171727 0.12260666 -0.02129635
v -0.02046527 0.12338766 0.00610165
v 0.02219373 0.12254366 0.01415265
v 0.02600673 0.12188666 -0.00991835
v -0.00693627 0.12185366 -0.01609435
v 0.00718373 0.12166166 -0.01704035
v 0.02273373 0.12385166 -0.01166835
v -0.01451527 0.12232366 -0.02571835
v 0.00029473 0.12171466 -0.01979835
v -0.00929627 0.12153966 -0.02723235
v -0.00770127 0.12241066 0.02693565
v 0.02518273 0.12264066 0.00269365
v 0.01389173 0.12238166 0.02572565
v -0.00485327 0.12203066 -0.01900935
v -0.02777627 0.12192266 -0.00222435
v 0.02420673 0.12130466 0.02357765
v 0.02087773 0.12219766 0.02103765
v 0.02570973 0.12194866 0.00772365
v -0.01739527 0.12196466 -0.01860635
v 0.01562973 0.12368066 -0.01400335
v 0.01783773 0.12339366 -0.00310035
v -0.00397127 0.12340466 -0.01374135
v 0.02850073 0.12299266 -0.00081635
v -0.01201427 0.12313966 -0.01483735
v 0.00659573 0.12236866 0.02841165
v 0.00410673 0.12345466 -0.00949135
v -0.00361427 0.12333166 0.02498965
v 0.01002773 0.12335966 0.02639665
v 0.00172873 0.12351366 -0.01472235
v 0.01995673 0.12275266 0.00921865
v -0.01647927 0.12344066 0.01157265
v 0.01937373 0.12292666 0.00267165
v 0.02635173 0.12315466 -0.00542835
v -0.02766027 0.12259566 0.00232365
v 0.01201773 0.12207366 0.02988965
v 0.01430273 0.12267966 0.00582265
v 0.00383973 0.12268166 0.02534365
v -0.00114527 0.12206066 0.02938765
v -0.01674127 0.12256866 0.01799865
v 0.00366373 0.12257866 -0.01227735
v 0.01354873 0.12329266 0.01967065
v 0.01696473 0.12344366 0.00133065
v 0.01216073 0.12249166 0.01293965
v -0.00875627 0.12441066 -0.01276135
v 0.01189873 0.12350266 0.00814465
v -0.02195227 0.12441066 0.00195565
v 0.01143173 0.12356766 0.00367465
v -0.00247327 0.12374766 0.01666965
v 0.00817573 0.12406366 0.00994565
v 0.02236673 0.12333466 -0.00746735
v -0.01940627 0.12482166 -0.01005135
v 0.01593673 0.12372966 -0.00532035
v 0.00154273 0.12464266 -0.00952735
v 0.00826973 0.12415566 0.02126265
v 0.01743273 0.12336066 -0.01298835
v 0.00775473 0.12396466 0.01733665
v -0.00185027 0.12371066 -0.00692035
v -0.00545127 0.12443666 -0.00848235
v -0.00438227 0.12379766 -0.00325835
v -0.00865627 0.12364866 0.01981265
v -0.00354027 0.12382466 0.02053765
v -0.01958827 0.12429366 -0.00684035
v -0.00087627 0.12436866 -0.00250035
v -0.01032627 0.12364966 0.01571065
v 0.00203273 0.12351866 -0.00686235
v -0.00152427 0.12419466 -0.01108735
v 0.00683773 0.12366366 0.02357965
v 0.01166773 0.12432366 -0.00706035
v 0.02393973 0.12350966 -0.00074835
v -0.00598927 0.12433566 0.01538365
v -0.01335127 0.12444266 0.00965065
v -0.00901027 0.12550466 -0.00685935
v 0.00756873 0.12549466 0.00688565
v 0.00972473 0.12507466 0.00119165
v -0.01871427 0.12453766 -0.01213435
v -0.01668127 0.12558966 0.00345665
v -0.00962527 0.12479866 -0.00229835
v -0.00151827 0.12485166 0.00241965
v -0.01696127 0.12461866 -0.00708635
v -0.01471427 0.12448666 -0.00144535
v -0.00550027 0.12505566 0.00166465
v 0.00409873 0.12500766 0.00015065
v 0.00510373 0.12504266 0.00943665
v -0.01217027 0.12508366 0.00229065
v 0.01656173 0.12495966 -0.01041635
v 0.00756573 0.12455866 0.01235065
v -0.01851327 0.12451866 -0.00185035
v -0.00076627 0.12488966 0.01285965
v 0.00740673 0.12465166 -0.00417035
v 0.01327073 0.12500466 -0.00108735
v 0.00391773 0.12611666 0.00572265
v -0.01224427 0.12569966 -0.00969435
v -0.00434027 0.12545266 0.00669465
v -0.01091327 0.12535966 0.00687565
v -0.01758127 0.12558766 0.00081165
v -0.01249927 0.12569966 -0.00690035
vt 0.82509300 0.74178800
vt 0.50000000 0.50000000
vt 0.83156400 0.74286100
vt 0.50000000 0.50000000
vt 0.82774900 0.74172900
vt 0.50000000 0.50000000
vt 0.84029500 0.74653400
vt 0.50000000 0.50000000
vt 0.83717900 0.74479800
vt 0.50000000 0.50000000
vt 0.84311000 0.74609200
vt 0.50000000 0.50000000
vt 0.81281200 0.74156200
vt 0.50000000 0.50000000
vt 0.64462700 0.90694600
vt 0.50000000 0.50000000
vt 0.82888600 0.74338800
vt 0.83492500 0.74542100
vt 0.84743000 0.74630600
vt 0.50000000 0.50000000
vt 0.81016300 0.74292100
vt 0.50000000 0.50000000
vt 0.81230200 0.74324700
vt 0.81774300 0.74283800
vt 0.50000000 0.50000000
vt 0.83485900 0.74606700
vt 0.81992400 0.74235700
vt 0.50000000 0.50000000
vt 0.84572200 0.74767700
vt 0.50000000 0.50000000
vt 0.83860200 0.74682500
vt 0.84242000 0.74729800
vt 0.82480200 0.74275800
vt 0.50000000 0.50000000
vt 0.64486000 0.90544000
vt 0.83582300 0.74826500
vt 0.84819900 0.74817200
vt 0.50000000 0.50000000
vt 0.84483300 0.74879100
vt 0.83741500 0.74727800
vt 0.81669200 0.74369300
vt 0.84754800 0.74951800
vt 0.82879600 0.74424500
vt 0.82432900 0.74433400
vt 0.82539400 0.74381400
vt 0.84095200 0.74847600
vt 0.85406400 0.74856900
vt 0.50000000 0.50000000
vt 0.85156000 0.74886700
vt 0.50000000 0.50000000
vt 0.83968600 0.74985100
vt 0.64397000 0.90655600
vt 0.83507200 0.74931100
vt 0.83394500 0.74781700
vt 0.83771100 0.74918400
vt 0.84091000 0.74965800
vt 0.84308600 0.75104300
vt 0.84637800 0.75157600
vt 0.82558200 0.74742700
vt 0.64340400 0.90811900
vt 0.50000000 0.50000000
vt 0.83393700 0.74980700
vt 0.80582100 0.74358900
vt 0.50000000 0.50000000
vt 0.80850600 0.74419900
vt 0.50000000 0.50000000
vt 0.84783300 0.75137400
vt 0.85068400 0.74918100
vt 0.64375000 0.90597800
vt 0.83779800 0.75080200
vt 0.84951000 0.75048500
vt 0.82890400 0.74495600
vt 0.82141000 0.74456500
vt 0.82744000 0.74700300
vt 0.83262400 0.74695800
vt 0.84387300 0.75013200
vt 0.83118200 0.74840400
vt 0.82838100 0.74604500
vt 0.84751700 0.75073900
vt 0.84439100 0.75196400
vt 0.85522000 0.74976900
vt 0.82696600 0.74829500
vt 0.85124900 0.74966400
vt 0.85410300 0.74987000
vt 0.64254600 0.91369200
vt 0.50000000 0.50000000
vt 0.81670600 0.74475700
vt 0.82950500 0.74869100
vt 0.85071800 0.75064000
vt 0.85062100 0.75139100
vt 0.82484900 0.74852500
vt 0.85025800 0.75191400
vt 0.64206400 0.90987000
vt 0.83968200 0.75178100
vt 0.81291000 0.74467100
vt 0.64199200 0.91217800
vt 0.50000000 0.50000000
vt 0.83445100 0.75066500
vt 0.82083200 0.74740000
vt 0.64206100 0.91083300
vt 0.50000000 0.50000000
vt 0.83329700 0.75161000
vt 0.64243700 0.90728100
vt 0.64419900 0.90463000
vt 0.50000000 0.50000000
vt 0.85600300 0.74915400
vt 0.81848700 0.74634600
vt 0.85474400 0.75044800
vt 0.81226200 0.74767700
vt 0.88486000 0.59126000
vt 0.81607200 0.74831900
vt 0.83851900 0.75286400
vt 0.84558400 0.75276200
vt 0.64238700 0.90835800
vt 0.84728000 0.75244800
vt 0.84352500 0.75337100
vt 0.84964200 0.75216700
vt 0.64126700 0.91227400
vt 0.85401600 0.75154600
vt 0.64131800 0.91074600
vt 0.64217300 0.91268400
vt 0.50000000 0.50000000
vt 0.84900900 0.75338000
vt 0.81780300 0.74920300
vt 0.83671400 0.75513000
vt 0.80159000 0.74496200
vt 0.50000000 0.50000000
vt 0.80981100 0.74560500
vt 0.88528100 0.58922800
vt 0.79852700 0.74398100
vt 0.50000000 0.50000000
vt 0.80419100 0.74620200
vt 0.81384500 0.74923300
vt 0.88437800 0.59279100
vt 0.83001400 0.75268800
vt 0.64193200 0.90551100
vt 0.85785100 0.75028000
vt 0.82751400 0.75105900
vt 0.85316700 0.75091900
vt 0.88139600 0.59192100
vt 0.82420000 0.74976000
vt 0.88021800 0.59344200
vt 0.64084300 0.90732200
vt 0.80613400 0.74531200
vt 0.80688200 0.74631100
vt 0.88609500 0.58673700
vt 0.79651200 0.74480200
vt 0.50000000 0.50000000
vt 0.64183200 0.91548500
vt 0.50000000 0.50000000
vt 0.64147500 0.90491000
vt 0.85761100 0.75051000
vt 0.82270900 0.75166800
vt 0.82161500 0.74922100
vt 0.79651600 0.74633600
vt 0.83220800 0.75352700
vt 0.88072500 0.59474100
vt 0.81540800 0.75058100
vt 0.85344800 0.75257100
vt 0.64120300 0.90061200
vt 0.85706600 0.75165100
vt 0.83886100 0.75429900
vt 0.85267500 0.75217000
vt 0.85114100 0.75255000
vt 0.85708500 0.75109800
vt 0.84841500 0.75365100
vt 0.64173100 0.90868300
vt 0.85224500 0.75434100
vt 0.31115100 0.06386000
vt 0.82734700 0.75179800
vt 0.64032800 0.91500400
vt 0.50000000 0.50000000
vt 0.64088700 0.91251700
vt 0.88349800 0.58940000
vt 0.80205100 0.74661800
vt 0.88909000 0.58010400
vt 0.50000000 0.50000000
vt 0.63876300 0.92924900
vt 0.89715200 0.56537200
vt 0.50000000 0.50000000
vt 0.79413500 0.74801700
vt 0.79462700 0.74625500
vt 0.50000000 0.50000000
vt 0.84421300 0.75427500
vt 0.63710200 0.93138100
vt 0.50000000 0.50000000
vt 0.80318800 0.74669800
vt 0.88817100 0.58271400
vt 0.63905600 0.92595000
vt 0.50000000 0.50000000
vt 0.82692200 0.75285600
vt 0.87847000 0.59328600
vt 0.89530900 0.56885700
vt 0.50000000 0.50000000
vt 0.79266500 0.74849100
vt 0.82001100 0.75068900
vt 0.63954700 0.92251700
vt 0.50000000 0.50000000
vt 0.83311900 0.75546400
vt 0.88232300 0.58924500
vt 0.79904100 0.74652600
vt 0.88942500 0.57692600
vt 0.85774900 0.75266100
vt 0.63984400 0.89625800
vt 0.63806700 0.92220600
vt 0.63708100 0.92244200
vt 0.83891400 0.75650900
vt 0.63881500 0.92386800
vt 0.50000000 0.50000000
vt 0.87730600 0.59337600
vt 0.87568300 0.59359400
vt 0.84752900 0.75437200
vt 0.63867600 0.92049400
vt 0.63902600 0.91860400
vt 0.50000000 0.50000000
vt 0.84654700 0.75576300
vt 0.63815200 0.92130900
vt 0.82481000 0.75139700
vt 0.84210700 0.75585800
vt 0.85136400 0.75328000
vt 0.31056300 0.06647500
vt 0.50000000 0.50000000
vt 0.77418300 0.75765300
vt 0.88140200 0.58826000
vt 0.88692600 0.58004500
vt 0.63732600 0.92148300
vt 0.84367100 0.75493600
vt 0.63978800 0.91980700
vt 0.50000000 0.50000000
vt 0.63945600 0.90843900
vt 0.64072500 0.90849500
vt 0.82838800 0.75295800
vt 0.82282800 0.75305600
vt 0.85851500 0.75110400
vt 0.64068400 0.90474400
vt 0.63642900 0.92038900
vt 0.97464700 0.00756700
vt 0.63630300 0.92264200
vt 0.97432000 0.00742200
vt 0.89197400 0.57160200
vt 0.82493400 0.75399300
vt 0.87178300 0.59873400
vt 0.85742700 0.75335500
vt 0.30504100 0.07102000
vt 0.85007500 0.75578500
vt 0.63732100 0.90414800
vt 0.87525700 0.59677700
vt 0.30295300 0.07269300
vt 0.63778500 0.89443000
vt 0.85972000 0.75342600
vt 0.30640600 0.06779500
vt 0.63739700 0.92799300
vt 0.87347800 0.59689500
vt 0.87365200 0.59520500
vt 0.63928800 0.91265900
vt 0.97239500 0.01655400
vt 0.82389300 0.75382300
vt 0.85257700 0.75523000
vt 0.63885900 0.91361000
vt 0.97306500 0.01594700
vt 0.82404200 0.75341200
vt 0.79509200 0.74797700
vt 0.89231500 0.57255600
vt 0.88156000 0.58894400
vt 0.84846400 0.75572900
vt 0.87755700 0.59179600
vt 0.50000000 0.50000000
vt 0.77192400 0.75808700
vt 0.63484100 0.93242300
vt 0.29002100 0.11781500
vt 0.63237500 0.94397600
vt 0.50000000 0.50000000
vt 0.63404600 0.93581000
vt 0.50000000 0.50000000
vt 0.63880400 0.91802700
vt 0.97375400 0.01282000
vt 0.63856800 0.90090100
vt 0.86019200 0.75222000
vt 0.82795000 0.75420200
vt 0.87091400 0.60051300
vt 0.63594900 0.92929600
vt 0.01790900 0.00000000
vt 0.98098800 0.00445300
vt 0.89479200 0.56797500
vt 0.84090600 0.75711100
vt 0.82246300 0.75358300
vt 0.87003800 0.60253300
vt 0.85131600 0.75538200
vt 0.79613800 0.74751300
vt 0.89046200 0.57499600
vt 0.87225000 0.60032400
vt 0.82055300 0.75322600
vt 0.82723200 0.75524800
vt 0.88513600 0.58130300
vt 0.86969800 0.60170200
vt 0.82162600 0.75424200
vt 0.63774800 0.91009500
vt 0.97195400 0.01870300
vt 0.63663300 0.92426400
vt 0.97673900 0.00620600
vt 0.63750500 0.92568300
vt 0.89591700 0.56569800
vt 0.83517000 0.75961200
vt 0.88162100 0.58511000
vt 0.83034200 0.75669200
vt 0.88079100 0.58719400
vt 0.97386300 0.01745000
vt 0.63783100 0.91235500
vt 0.87496400 0.59222300
vt 0.87458800 0.59346800
vt 0.85536300 0.75502300
vt 0.30879900 0.06459000
vt 0.77495600 0.75849600
vt 0.50000000 0.50000000
vt 0.82342200 0.75420700
vt 0.86848400 0.60313700
vt 0.83902400 0.76052700
vt 0.87877100 0.58825900
vt 0.50000000 0.50000000
vt 0.63249600 0.93927400
vt 0.28883700 0.11690800
vt 0.63336500 0.93358700
vt 0.62992700 0.94896700
vt 0.50000000 0.50000000
vt 0.82345600 0.75532800
vt 0.86608700 0.60454100
vt 0.63787600 0.90760500
vt 0.82478600 0.75522700
vt 0.86357400 0.60782100
vt 0.98191200 0.00334400
vt 0.02451600 0.00303700
vt 0.29144300 0.11839900
vt 0.82799900 0.75725200
vt 0.85471300 0.61674200
vt 0.89500800 0.56581900
vt 0.63506600 0.93138600
vt 0.29072800 0.11764600
vt 0.98240200 0.00254600
vt 0.02316500 0.00315300
vt 0.29160100 0.11717500
vt 0.97471300 0.01337500
vt 0.86850000 0.60206200
vt 0.84980500 0.75700100
vt 0.63626700 0.92841200
vt 0.02404800 0.00217600
vt 0.89822500 0.56195900
vt 0.78915400 0.75213000
vt 0.50000000 0.50000000
vt 0.82276000 0.75454000
vt 0.86816400 0.60269400
vt 0.01821600 0.00196000
vt 0.98207600 0.00435800
vt 0.87302100 0.59476800
vt 0.63693700 0.89616200
vt 0.63608700 0.89857700
vt 0.83199800 0.62731800
vt 0.84028700 0.76239300
vt 0.89053800 0.57285000
vt 0.63542700 0.90217600
vt 0.84800400 0.75698700
vt 0.87717000 0.58837700
vt 0.85874800 0.75703700
vt 0.30929300 0.06125500
vt 0.89255100 0.56988900
vt 0.88481100 0.58054800
vt 0.63613400 0.92973400
vt 0.98090200 0.00370600
vt 0.50000000 0.50000000
vt 0.87316200 0.59381700
vt 0.97786000 0.00763100
vt 0.78612300 0.75451900
vt 0.50000000 0.50000000
vt 0.97595900 0.01041600
vt 0.63625500 0.91859800
vt 0.87907500 0.58686000
vt 0.76732400 0.75920300
vt 0.50000000 0.50000000
vt 0.63631300 0.92676900
vt 0.02251800 0.00154800
vt 0.85694300 0.75724800
vt 0.97462300 0.01566000
vt 0.84749400 0.75722400
vt 0.85237300 0.75695300
vt 0.62923100 0.94474500
vt 0.62780700 0.95081900
vt 0.05637700 0.93421900
vt 0.50000000 0.50000000
vt 0.63237500 0.93534700
vt 0.50000000 0.50000000
vt 0.63129100 0.94501200
vt 0.62752800 0.94834600
vt 0.62858400 0.94774400
vt 0.02201900 0.00247500
vt 0.29198500 0.11619800
vt 0.78359200 0.75709000
vt 0.90049000 0.55160500
vt 0.50000000 0.50000000
vt 0.02042500 0.00033500
vt 0.97907700 0.00494100
vt 0.63602400 0.92545900
vt 0.97764100 0.00470500
vt 0.02207400 0.00000000
vt 0.86899100 0.60054000
vt 0.63291900 0.93263800
vt 0.28916300 0.11658700
vt 0.82684000 0.75616300
vt 0.85825700 0.61342900
vt 0.98018000 0.00456300
vt 0.01846400 0.00126300
vt 0.78793300 0.75415700
vt 0.89929300 0.55848000
vt 0.98052600 0.00524400
vt 0.01938100 0.00005100
vt 0.97622300 0.01353800
vt 0.63763400 0.91709700
vt 0.84910200 0.62124900
vt 0.83143600 0.76012300
vt 0.84451000 0.75864300
vt 0.84963000 0.75950800
vt 0.29065000 0.11607900
vt 0.02108200 0.00410500
vt 0.88851600 0.57598100
vt 0.83526300 0.76334900
vt 0.98318000 0.00491900
vt 0.01888800 0.00322000
vt 0.28949700 0.11391300
vt 0.89581500 0.56312100
vt 0.89434600 0.56601800
vt 0.30224500 0.07037200
vt 0.97682000 0.01647300
vt 0.97992600 0.00710800
vt 0.97624200 0.01859900
vt 0.63033900 0.94126400
vt 0.62999700 0.94629000
vt 0.50000000 0.50000000
vt 0.02074500 0.00209600
vt 0.30386700 0.06659600
vt 0.62653800 0.95033900
vt 0.05695200 0.93530600
vt 0.63071900 0.93851000
vt 0.63151700 0.93320600
vt 0.28778200 0.11556800
vt 0.50000000 0.50000000
vt 0.06046500 0.93476500
vt 0.76513600 0.76079700
vt 0.50000000 0.50000000
vt 0.77705000 0.75981900
vt 0.50000000 0.50000000
vt 0.85748500 0.75823100
vt 0.75572600 0.76159700
vt 0.50000000 0.50000000
vt 0.76961300 0.75958500
vt 0.89956100 0.54681200
vt 0.78115400 0.75902900
vt 0.50000000 0.50000000
vt 0.63472900 0.90643900
vt 0.97177200 0.02277500
vt 0.29945800 0.07447900
vt 0.63478400 0.89564800
vt 0.85986300 0.61003300
vt 0.85189400 0.61773800
vt 0.63619200 0.90977000
vt 0.97323800 0.01997700
vt 0.89562700 0.56219300
vt 0.88975900 0.57246900
vt 0.86467900 0.60458400
vt 0.63349500 0.90232800
vt 0.97010800 0.02650400
vt 0.98272300 0.00685400
vt 0.28872900 0.11204100
vt 0.77186500 0.76010500
vt 0.85278600 0.75922600
vt 0.76085800 0.76158900
vt 0.50000000 0.50000000
vt 0.86233700 0.60734800
vt 0.97898700 0.00851800
vt 0.29957500 0.06937800
vt 0.97842400 0.01249300
vt 0.50000000 0.50000000
vt 0.90028200 0.53898200
vt 0.77776000 0.76016500
vt 0.76734600 0.76073800
vt 0.90011200 0.55068500
vt 0.50000000 0.50000000
vt 0.30505800 0.06376000
vt 0.83517800 0.76567500
vt 0.84173300 0.62587200
vt 0.01969900 0.00366200
vt 0.29027000 0.11509200
vt 0.29760600 0.07255600
vt 0.63231500 0.89604400
vt 0.29681200 0.07535100
vt 0.75740700 0.76179300
vt 0.50000000 0.50000000
vt 0.06083100 0.93586800
vt 0.50000000 0.50000000
vt 0.76248700 0.76205900
vt 0.50000000 0.50000000
vt 0.05872600 0.93531600
vt 0.62683500 0.94961200
vt 0.63038700 0.93736600
vt 0.63123900 0.93457300
vt 0.28774900 0.11693100
vt 0.62753900 0.94672400
vt 0.84728400 0.62076000
vt 0.89676200 0.55883300
vt 0.97825200 0.01744900
vt 0.50000000 0.50000000
vt 0.06217300 0.93547400
vt 0.98208500 0.00799900
vt 0.28894400 0.11118000
vt 0.84302100 0.75939500
vt 0.62661500 0.94652000
vt 0.89532700 0.56061500
vt 0.97337600 0.02671100
vt 0.84967600 0.76034100
vt 0.87492000 0.59051300
vt 0.89824000 0.55283700
vt 0.88447700 0.57960300
vt 0.89312100 0.56669800
vt 0.76520900 0.76153000
vt 0.50000000 0.50000000
vt 0.76033900 0.76188800
vt 0.28922900 0.11525900
vt 0.97996900 0.01161000
vt 0.89125200 0.56987400
vt 0.62892500 0.94052500
vt 0.89865500 0.55756100
vt 0.87802700 0.58655000
vt 0.98006900 0.01466200
vt 0.86414500 0.75955700
vt 0.30777500 0.05742100
vt 0.30684100 0.06015500
vt 0.28872900 0.10990500
vt 0.98195500 0.01014100
vt 0.84191400 0.76456600
vt 0.83038600 0.62576500
vt 0.06624100 0.93307300
vt 0.50000000 0.50000000
vt 0.88273300 0.58088700
vt 0.86027100 0.75990500
vt 0.31289300 0.05236600
vt 0.85607700 0.61230700
vt 0.87199400 0.59369900
vt 0.76291800 0.76288000
vt 0.86407300 0.60421300
vt 0.76918500 0.76161300
vt 0.77252400 0.76129700
vt 0.90071600 0.53371800
vt 0.89920900 0.55263900
vt 0.85300300 0.75856600
vt 0.28599000 0.11487700
vt 0.28534800 0.11220300
vt 0.98443100 0.00980100
vt 0.28730300 0.11012400
vt 0.06747200 0.93379700
vt 0.50000000 0.50000000
vt 0.97634100 0.02189000
vt 0.85585300 0.61359900
vt 0.28788900 0.10927200
vt 0.98324400 0.01130700
vt 0.62685700 0.93981200
vt 0.28749100 0.11135600
vt 0.98460300 0.00781100
vt 0.30135900 0.06361400
vt 0.98096700 0.01664700
vt 0.62603400 0.94875900
vt 0.75282300 0.76213800
vt 0.50000000 0.50000000
vt 0.50000000 0.50000000
vt 0.75933600 0.76169000
vt 0.62695600 0.94469000
vt 0.62725600 0.94311400
vt 0.89874200 0.54783300
vt 0.05919300 0.93646900
vt 0.89212900 0.56676600
vt 0.62783000 0.94217800
vt 0.97518000 0.02541100
vt 0.63345300 0.89890200
vt 0.28788500 0.11313100
vt 0.28601200 0.11208600
vt 0.77545600 0.76067000
vt 0.90058100 0.53625100
vt 0.88350700 0.57896400
vt 0.62514400 0.94774700
vt 0.89852900 0.54077900
vt 0.77894200 0.76095700
vt 0.06414700 0.93479100
vt 0.50000000 0.50000000
vt 0.63123800 0.89939300
vt 0.97058600 0.03082800
vt 0.29441200 0.07871200
vt 0.78094300 0.76045900
vt 0.89818100 0.54511700
vt 0.98304100 0.01307400
vt 0.28779300 0.10822200
vt 0.74842300 0.76318000
vt 0.50000000 0.50000000
vt 0.88930400 0.57147600
vt 0.98174500 0.02197700
vt 0.28830100 0.09260700
vt 0.88760200 0.57481900
vt 0.73858300 0.76732200
vt 0.50000000 0.50000000
vt 0.87014400 0.59675600
vt 0.28227600 0.11403900
vt 0.28369700 0.11312100
vt 0.28211200 0.11355800
vt 0.74273500 0.76546500
vt 0.50000000 0.50000000
vt 0.28426800 0.11422000
vt 0.76534500 0.76347900
vt 0.76638000 0.76312100
vt 0.50000000 0.50000000
vt 0.06622800 0.93438600
vt 0.84882000 0.76136600
vt 0.81736200 0.62604900
vt 0.75375900 0.76310800
vt 0.50000000 0.50000000
vt 0.85564600 0.61098700
vt 0.28418000 0.11365700
vt 0.98199300 0.01844700
vt 0.89553900 0.55753500
vt 0.89787000 0.54331700
vt 0.84580600 0.62065800
vt 0.87319300 0.59176700
vt 0.62646100 0.94236400
vt 0.62665900 0.93804300
vt 0.06592000 0.93669100
vt 0.86362000 0.76034100
vt 0.30972600 0.05392700
vt 0.06397000 0.93707800
vt 0.86537300 0.76157000
vt 0.30977100 0.05093300
vt 0.82820000 0.62487400
vt 0.73709500 0.76862400
vt 0.50000000 0.50000000
vt 0.86349200 0.60397300
vt 0.73958200 0.76638700
vt 0.50000000 0.50000000
vt 0.84155100 0.62331100
vt 0.86726100 0.59941100
vt 0.89776700 0.54888000
vt 0.87556900 0.58842300
vt 0.86934000 0.59569400
vt 0.86140600 0.76093700
vt 0.31327500 0.04965200
vt 0.83972500 0.62379700
vt 0.50000000 0.50000000
vt 0.75104900 0.76325000
vt 0.84594100 0.76155100
vt 0.82220900 0.62657200
vt 0.62416000 0.94384800
vt 0.98678700 0.01547800
vt 0.28528900 0.10071100
vt 0.89607000 0.55392000
vt 0.06207100 0.93786600
vt 0.76019100 0.76344900
vt 0.85091800 0.61572200
vt 0.06849900 0.93240300
vt 0.50000000 0.50000000
vt 0.06194900 0.93968100
vt 0.62521000 0.94494800
vt 0.97940500 0.02434300
vt 0.28932100 0.08949300
vt 0.87934700 0.58391800
vt 0.85615900 0.75938100
vt 0.86371100 0.60317400
vt 0.62647800 0.94151600
vt 0.30626200 0.05589900
vt 0.74163700 0.76551700
vt 0.50000000 0.50000000
vt 0.29291700 0.07889200
vt 0.97211200 0.03151100
vt 0.05915400 0.93820500
vt 0.62260900 0.95124200
vt 0.75232000 0.76369800
vt 0.73941400 0.76697800
vt 0.08627700 0.91769800
vt 0.50000000 0.50000000
vt 0.85627600 0.76186400
vt 0.62557300 0.93701900
vt 0.28285000 0.11731100
vt 0.74045600 0.76627400
vt 0.50000000 0.50000000
vt 0.28428200 0.11655100
vt 0.62745400 0.93572500
vt 0.88590800 0.57528500
vt 0.77003500 0.76201400
vt 0.90036100 0.53205500
vt 0.85283100 0.76057800
vt 0.89960400 0.53689300
vt 0.77509200 0.76144900
vt 0.28441300 0.11051200
vt 0.50000000 0.50000000
vt 0.07110600 0.93181200
vt 0.84824900 0.61808100
vt 0.89779300 0.53965900
vt 0.62355200 0.94837300
vt 0.89666400 0.55029300
vt 0.08845800 0.91702000
vt 0.50000000 0.50000000
vt 0.89972100 0.52876900
vt 0.76864200 0.76269500
vt 0.74006900 0.76713300
vt 0.76735000 0.76432000
vt 0.89962200 0.52121800
vt 0.84528600 0.61940900
vt 0.28553700 0.10732000
vt 0.98615000 0.01274100
vt 0.75525100 0.76363300
vt 0.76867500 0.76233500
vt 0.62407200 0.94619400
vt 0.62393900 0.94192900
vt 0.07019400 0.93276300
vt 0.50000000 0.50000000
vt 0.62400600 0.93941400
vt 0.85790600 0.76196600
vt 0.06875200 0.93368500
vt 0.89911700 0.52368300
vt 0.74737400 0.76481200
vt 0.50000000 0.50000000
vt 0.06788400 0.93599500
vt 0.89113600 0.56578200
vt 0.75269500 0.76396800
vt 0.06404700 0.93861200
vt 0.76812300 0.76408000
vt 0.89948600 0.52378900
vt 0.29926300 0.06457000
vt 0.89934300 0.52850700
vt 0.89997000 0.53000000
vt 0.76926000 0.76277500
vt 0.75179000 0.76460900
vt 0.98474500 0.01886500
vt 0.28654500 0.09658500
vt 0.29440400 0.07208300
vt 0.75772000 0.76430700
vt 0.28240400 0.11347700
vt 0.74058100 0.76777100
vt 0.07218300 0.93249600
vt 0.50000000 0.50000000
vt 0.73951100 0.76878900
vt 0.89959900 0.53217000
vt 0.97592200 0.02920000
vt 0.29027700 0.08322700
vt 0.29504300 0.06734900
vt 0.31350200 0.04656900
vt 0.86189800 0.76248500
vt 0.06753400 0.93492100
vt 0.09080800 0.91673900
vt 0.50000000 0.50000000
vt 0.86519800 0.60059600
vt 0.89799700 0.53632200
vt 0.89905000 0.52249600
vt 0.30077300 0.06064000
vt 0.50000000 0.50000000
vt 0.07386900 0.93095500
vt 0.30165600 0.05690300
vt 0.07384100 0.93256600
vt 0.50000000 0.50000000
vt 0.98824000 0.01322700
vt 0.28383800 0.10584000
vt 0.08676500 0.92002400
vt 0.50000000 0.50000000
vt 0.89968000 0.52958800
vt 0.85499100 0.60993400
vt 0.88135900 0.57972600
vt 0.89246900 0.56042000
vt 0.76562400 0.76613200
vt 0.90089000 0.51708400
vt 0.62327400 0.94077400
vt 0.84938300 0.61551000
vt 0.83813500 0.62271400
vt 0.61880800 0.94966000
vt 0.05930700 0.94301500
vt 0.73823600 0.76947500
vt 0.50000000 0.50000000
vt 0.28629800 0.09147700
vt 0.89330700 0.56107300
vt 0.29114400 0.07635400
vt 0.28115400 0.11639800
vt 0.89840700 0.53049900
vt 0.30382400 0.05371700
vt 0.76505500 0.76512400
vt 0.74941100 0.76474700
vt 0.06640400 0.93905800
vt 0.89721400 0.54343600
vt 0.07500600 0.93125300
vt 0.50000000 0.50000000
vt 0.62212200 0.94293000
vt 0.84567600 0.61736200
vt 0.87307400 0.59101900
vt 0.89744400 0.53577200
vt 0.82970600 0.62352400
vt 0.62204500 0.94482500
vt 0.06946200 0.93449200
vt 0.09500100 0.91456300
vt 0.50000000 0.50000000
vt 0.08885300 0.92024900
vt 0.28039500 0.12120300
vt 0.62144200 0.94149100
vt 0.85267000 0.76241300
vt 0.81048700 0.62582700
vt 0.86122500 0.60436100
vt 0.74461100 0.76561100
vt 0.50000000 0.50000000
vt 0.74271500 0.76733200
vt 0.74150600 0.76871300
vt 0.88519600 0.57532300
vt 0.74048700 0.76909500
vt 0.89913800 0.52677200
vt 0.85991500 0.60639500
vt 0.76164300 0.76564200
vt 0.90306000 0.51177000
vt 0.09392800 0.91518900
vt 0.50000000 0.50000000
vt 0.61987000 0.94794000
vt 0.29746100 0.06031800
vt 0.90232200 0.51447100
vt 0.76395900 0.76607500
vt 0.84135400 0.62043900
vt 0.73897200 0.77072100
vt 0.50000000 0.50000000
vt 0.28933100 0.07740600
vt 0.86340800 0.60123000
vt 0.31001900 0.04495800
vt 0.88340000 0.57632900
vt 0.06133000 0.94228100
vt 0.28888500 0.07988400
vt 0.74099100 0.77020600
vt 0.06798900 0.97543700
vt 0.88791200 0.57017800
vt 0.74675800 0.76600100
vt 0.28204300 0.10460600
vt 0.61922700 0.94587400
vt 0.89708500 0.53940400
vt 0.99069200 0.01240800
vt 0.28199100 0.10688400
vt 0.28307200 0.10003700
vt 0.29311000 0.06474100
vt 0.81824900 0.62456400
vt 0.89454800 0.55385200
vt 0.75783100 0.76555200
vt 0.90324000 0.50708000
vt 0.80582600 0.62663800
vt 0.86614900 0.59869500
vt 0.08679700 0.92226600
vt 0.50000000 0.50000000
vt 0.28769400 0.08826100
vt 0.98050100 0.02588100
vt 0.28798400 0.08406900
vt 0.06765800 0.97836000
vt 0.50000000 0.50000000
vt 0.73840500 0.77155600
vt 0.50000000 0.50000000
vt 0.08353800 0.92395800
vt 0.89927200 0.52038600
vt 0.09758600 0.91230200
vt 0.50000000 0.50000000
vt 0.89838000 0.52443900
vt 0.28657100 0.07757800
vt 0.89762800 0.52791700
vt 0.28144200 0.10909500
vt 0.29939400 0.05571700
vt 0.62120000 0.94022900
vt 0.27994500 0.11983500
vt 0.86121700 0.76401900
vt 0.31473400 0.04289200
vt 0.78686100 0.63317300
vt 0.29190700 0.06864900
vt 0.30256900 0.05094400
vt 0.84914200 0.61424100
vt 0.28081700 0.11469900
vt 0.06999100 0.97933400
vt 0.50000000 0.50000000
vt 0.06455200 0.94179100
vt 0.89567200 0.54914800
vt 0.89706600 0.53371400
vt 0.85806400 0.60616700
vt 0.07049400 0.93686800
vt 0.88151500 0.57850100
vt 0.90421500 0.50426000
vt 0.75455300 0.76510300
vt 0.30791600 0.04747200
vt 0.06909800 0.97774400
vt 0.73839900 0.77293500
vt 0.50000000 0.50000000
vt 0.89965400 0.51406900
vt 0.28132000 0.10171500
vt 0.29073100 0.07237700
vt 0.89642500 0.54570700
vt 0.89040100 0.56401800
vt 0.74548100 0.76776100
vt 0.74846800 0.76668400
vt 0.89685800 0.53060400
vt 0.87982200 0.58127100
vt 0.09640300 0.91551100
vt 0.08552800 0.92342400
vt 0.50000000 0.50000000
vt 0.09274200 0.91714600
vt 0.50000000 0.50000000
vt 0.08505000 0.92552800
vt 0.50000000 0.50000000
vt 0.75957500 0.76570000
vt 0.90320300 0.50927700
vt 0.28429600 0.08722400
vt 0.27800200 0.11691600
vt 0.50000000 0.50000000
vt 0.07614600 0.93244300
vt 0.87198300 0.59114900
vt 0.07101300 0.97764700
vt 0.50000000 0.50000000
vt 0.27944800 0.10645300
vt 0.74474700 0.76952300
vt 0.27931000 0.11397100
vt 0.86798200 0.59645300
vt 0.89608700 0.53724400
vt 0.74275400 0.76888800
vt 0.89618300 0.53265700
vt 0.28415700 0.09455400
vt 0.27798200 0.12044500
vt 0.89550300 0.54058200
vt 0.75192800 0.76655100
vt 0.76307500 0.76689200
vt 0.90099700 0.51237100
vt 0.50000000 0.50000000
vt 0.07921700 0.93030100
vt 0.89726400 0.52519000
vt 0.28546800 0.08502000
vt 0.28353400 0.09822700
vt 0.85567500 0.76256100
vt 0.80134900 0.62902000
vt 0.90078800 0.50614700
vt 0.09363700 0.91827900
vt 0.76456800 0.76714900
vt 0.90108300 0.51434000
vt 0.06302000 0.94491900
vt 0.27517300 0.13213100
vt 0.29487700 0.06203600
vt 0.27812800 0.10493600
vt 0.74956100 0.76794300
vt 0.89856900 0.51576900
vt 0.27933600 0.10231100
vt 0.50000000 0.50000000
vt 0.10084100 0.91368300
vt 0.89308800 0.55576500
vt 0.28628400 0.08033100
vt 0.88092800 0.57852200
vt 0.28887200 0.07235900
vt 0.09957400 0.91415400
vt 0.09792800 0.91508800
vt 0.50000000 0.50000000
vt 0.87559600 0.58714900
vt 0.85390100 0.60961000
vt 0.28059100 0.09806700
vt 0.61845800 0.94233000
vt 0.27754700 0.12175700
vt 0.89781000 0.52458100
vt 0.90170100 0.50803800
vt 0.90215500 0.50543800
vt 0.89902700 0.51627900
vt 0.28331300 0.08456100
vt 0.09195200 0.92060400
vt 0.74257200 0.77106500
vt 0.06989400 0.97301400
vt 0.10848700 0.90713800
vt 0.09896300 0.91564200
vt 0.89594500 0.52802200
vt 0.61807100 0.94371900
vt 0.27746500 0.12330100
vt 0.90166500 0.49729200
vt 0.75448000 0.76768900
vt 0.74838500 0.76861400
vt 0.28719700 0.07373500
vt 0.86989100 0.59260400
vt 0.89370300 0.55222800
vt 0.30539800 0.04796700
vt 0.09085800 0.92357500
vt 0.28134700 0.09021200
vt 0.89520300 0.54536100
vt 0.75136000 0.76825600
vt 0.27745600 0.11587400
vt 0.28326600 0.09059500
vt 0.07185100 0.97542900
vt 0.10580200 0.91091300
vt 0.07284200 0.93449700
vt 0.27722600 0.10939300
vt 0.27705700 0.11366100
vt 0.89889900 0.51220100
vt 0.89935600 0.50910400
vt 0.08724100 0.92486100
vt 0.09776200 0.91708300
vt 0.08417000 0.92848800
vt 0.50000000 0.50000000
vt 0.29606600 0.05674300
vt 0.81734200 0.62379200
vt 0.78039000 0.63392800
vt 0.31305700 0.04007300
vt 0.07143100 0.93980000
vt 0.82708800 0.62217900
vt 0.89650600 0.52232200
vt 0.90086200 0.49898200
vt 0.75572200 0.76769100
vt 0.88624000 0.57067000
vt 0.07647000 0.93449300
vt 0.31025000 0.04218300
vt 0.89546900 0.53557100
vt 0.29241800 0.06075300
vt 0.89763900 0.51962100
vt 0.87614100 0.58465700
vt 0.86618400 0.59716600
vt 0.08311100 0.92805400
vt 0.50000000 0.50000000
vt 0.89463600 0.53999900
vt 0.27460200 0.12645500
vt 0.61482500 0.94703900
vt 0.89160600 0.55474000
vt 0.89153400 0.55810200
vt 0.89966200 0.50661800
vt 0.27528000 0.12331000
vt 0.61597900 0.94400400
vt 0.29793700 0.05196900
vt 0.88872200 0.56540400
vt 0.83575300 0.62017400
vt 0.28344200 0.08027000
vt 0.89234700 0.55112800
vt 0.79744500 0.62754300
vt 0.27948700 0.09585400
vt 0.10137900 0.91489500
vt 0.78964300 0.63058500
vt 0.08276400 0.93091000
vt 0.50000000 0.50000000
vt 0.08152500 0.93014600
vt 0.07253800 0.93863900
vt 0.80846300 0.62473600
vt 0.06075500 0.94652500
vt 0.61483100 0.95013100
vt 0.27450700 0.12977400
vt 0.10841500 0.90907900
vt 0.74240100 0.77262100
vt 0.85855600 0.60490900
vt 0.27588800 0.11911400
vt 0.89406500 0.54778900
vt 0.06584400 0.94340400
vt 0.07275200 0.97684700
vt 0.10509700 0.91269000
vt 0.50000000 0.50000000
vt 0.84533700 0.61582800
vt 0.87790200 0.58158900
vt 0.89875100 0.50632600
vt 0.28060800 0.08595800
vt 0.09454700 0.92029400
vt 0.30269200 0.04603300
vt 0.74825700 0.76972300
vt 0.89750100 0.51408700
vt 0.09992700 0.91752000
vt 0.27591700 0.10993600
vt 0.74692900 0.76901400
vt 0.28117900 0.08074100
vt 0.89718200 0.51838600
vt 0.08579100 0.92734000
vt 0.50000000 0.50000000
vt 0.88887800 0.55964100
vt 0.82971500 0.62143700
vt 0.29404900 0.05864100
vt 0.74613000 0.77045600
vt 0.75368500 0.77033500
vt 0.84068700 0.61799000
vt 0.75526100 0.76972300
vt 0.89895400 0.49200000
vt 0.86168100 0.60135000
vt 0.06806900 0.94213800
vt 0.85457300 0.60806300
vt 0.89657800 0.52623100
vt 0.78417300 0.63167200
vt 0.85070900 0.61109100
vt 0.28469000 0.07561900
vt 0.10269200 0.91307400
vt 0.50000000 0.50000000
vt 0.07894200 0.93232500
vt 0.50000000 0.50000000
vt 0.88597100 0.56714900
vt 0.27767400 0.08755900
vt 0.89325600 0.54616100
vt 0.27484900 0.10959000
vt 0.08544200 0.92937200
vt 0.88461900 0.57147000
vt 0.89528600 0.52902300
vt 0.09747300 0.91921800
vt 0.27265700 0.12863200
vt 0.30081100 0.04993300
vt 0.07952200 0.93382200
vt 0.28532900 0.07063500
vt 0.29108900 0.06517000
vt 0.84665300 0.61424200
vt 0.89520500 0.53291000
vt 0.27415200 0.11663300
vt 0.27598400 0.10482400
vt 0.06869700 0.94473800
vt 0.10549100 0.91355700
vt 0.50000000 0.50000000
vt 0.89854100 0.49908900
vt 0.08754800 0.92810800
vt 0.10761100 0.91077600
vt 0.07243800 0.97378200
vt 0.88217200 0.57420600
vt 0.09688000 0.92075000
vt 0.08148500 0.93303700
vt 0.07027100 0.94338400
vt 0.84440300 0.61508100
vt 0.29594200 0.05254100
vt 0.11134100 0.90624700
vt 0.74484400 0.77106800
vt 0.10332500 0.91369400
vt 0.50000000 0.50000000
vt 0.27734900 0.09268500
vt 0.74702000 0.77119700
vt 0.87956600 0.57789700
vt 0.89746000 0.51122000
vt 0.27111500 0.13322700
vt 0.06555900 0.94825600
vt 0.07355400 0.93734400
vt 0.09385700 0.92320600
vt 0.85832700 0.60364700
vt 0.27211900 0.12088500
vt 0.28248900 0.07720300
vt 0.28828600 0.06313300
vt 0.27393500 0.11217500
vt 0.88810700 0.56455100
vt 0.27302500 0.12344100
vt 0.89197200 0.54770200
vt 0.07801600 0.93888900
vt 0.27391300 0.10700900
vt 0.81620900 0.62283300
vt 0.30659500 0.04304400
vt 0.10692100 0.91439100
vt 0.50000000 0.50000000
vt 0.83168700 0.61922400
vt 0.89503900 0.52439300
vt 0.89748800 0.50482600
vt 0.77545600 0.63519500
vt 0.31127500 0.03928500
vt 0.08956500 0.92669600
vt 0.89657700 0.51762100
vt 0.83013900 0.62023300
vt 0.75167700 0.76990400
vt 0.89448800 0.53354000
vt 0.27473500 0.10320300
vt 0.74931700 0.77192100
vt 0.09269700 0.92589100
vt 0.10823300 0.91331600
vt 0.87006500 0.59107800
vt 0.87491900 0.58327800
vt 0.28731400 0.06619000
vt 0.75139100 0.77213000
vt 0.79650800 0.62557400
vt 0.10436800 0.91551000
vt 0.50000000 0.50000000
vt 0.28962400 0.06040500
vt 0.87951200 0.57538500
vt 0.89458700 0.52605800
vt 0.10300300 0.91533000
vt 0.26996500 0.13040600
vt 0.27314400 0.12589900
vt 0.86326100 0.59863300
vt 0.79434300 0.62708000
vt 0.27083600 0.12664600
vt 0.28034700 0.08244600
vt 0.06727200 0.94765100
vt 0.27104900 0.13479200
vt 0.89026800 0.55233700
vt 0.08565200 0.93042400
vt 0.08423100 0.93220400
vt 0.27672000 0.09924700
vt 0.89700300 0.49956800
vt 0.27339300 0.10311200
vt 0.29870300 0.04792900
vt 0.27331200 0.11524800
vt 0.09948100 0.92111400
vt 0.27389000 0.11809800
vt 0.27107200 0.10133100
vt 0.89650900 0.51201000
vt 0.09041700 0.93013800
vt 0.10333300 0.91772100
vt 0.10184700 0.91727600
vt 0.07329000 0.94187300
vt 0.11083400 0.91067500
vt 0.89617900 0.50557900
vt 0.89329400 0.54130100
vt 0.29240000 0.05576600
vt 0.82077100 0.62150500
vt 0.75497900 0.77053300
vt 0.30251700 0.04306200
vt 0.10518300 0.91705300
vt 0.75761800 0.77068300
vt 0.89784900 0.49413000
vt 0.89556300 0.52292000
vt 0.89402500 0.53249600
vt 0.30476100 0.04106000
vt 0.84094500 0.61645700
vt 0.89651300 0.50858500
vt 0.75296800 0.77211800
vt 0.29329500 0.05285300
vt 0.87265100 0.58370500
vt 0.27368000 0.09526300
vt 0.88669100 0.56179700
vt 0.11246300 0.90817200
vt 0.74491300 0.77279700
vt 0.08418700 0.93463800
vt 0.89338100 0.52890300
vt 0.09637500 0.92469400
vt 0.75425300 0.77297700
vt 0.08264100 0.93621500
vt 0.88378700 0.56955400
vt 0.08116000 0.93652300
vt 0.09979300 0.92406600
vt 0.28634400 0.06193500
vt 0.87006100 0.58984400
vt 0.85880800 0.60235300
vt 0.89575600 0.51227500
vt 0.89579400 0.51771600
vt 0.10147800 0.92011700
vt 0.88015600 0.57275200
vt 0.83975800 0.61628900
vt 0.89365300 0.52306700
vt 0.27035300 0.12027400
vt 0.29992700 0.04264200
vt 0.89223200 0.54347000
vt 0.85159400 0.60893000
vt 0.10327100 0.91953500
vt 0.27367700 0.09220000
vt 0.82205000 0.62064100
vt 0.75006100 0.77285400
vt 0.11923300 0.90385300
vt 0.07938300 0.93979400
vt 0.26828200 0.12952400
vt 0.27205800 0.11104700
vt 0.27086500 0.11872400
vt 0.09673200 0.92692200
vt 0.89694300 0.49449600
vt 0.11448300 0.91101600
vt 0.89406600 0.51855500
vt 0.85802400 0.60234800
vt 0.74866800 0.77329500
vt 0.11793900 0.90585300
vt 0.88925400 0.55202400
vt 0.78524300 0.62959300
vt 0.11679600 0.90612300
vt 0.74795900 0.77282100
vt 0.27323300 0.09838700
vt 0.27007200 0.10984900
vt 0.07647500 0.94456000
vt 0.80759300 0.62269400
vt 0.74674900 0.77369200
vt 0.11565400 0.90805700
vt 0.89253500 0.53108700
vt 0.29649300 0.04639100
vt 0.30864800 0.03920300
vt 0.89215300 0.53663600
vt 0.09282800 0.93159200
vt 0.85447900 0.60539700
vt 0.77764600 0.63213500
vt 0.07726500 0.94197200
vt 0.86367400 0.59626100
vt 0.89596100 0.50198200
vt 0.26865700 0.13639800
vt 0.06994000 0.94931700
vt 0.11049600 0.91409300
vt 0.28983700 0.05283100
vt 0.10758800 0.91702600
vt 0.11262800 0.91387000
vt 0.27650000 0.08369400
vt 0.89686400 0.48976900
vt 0.75795000 0.77298800
vt 0.75635600 0.77241900
vt 0.89751400 0.48819600
vt 0.30723100 0.03566000
vt 0.76997300 0.63451400
vt 0.84271800 0.61440500
vt 0.09313800 0.92816800
vt 0.27960200 0.07294000
vt 0.89517700 0.51599700
vt 0.27013900 0.11448100
vt 0.89663100 0.49260100
vt 0.74912800 0.77472700
vt 0.11943000 0.90703800
vt 0.89499100 0.51156100
vt 0.84697800 0.61199800
vt 0.88351400 0.56655600
vt 0.26781800 0.11692100
vt 0.10976500 0.91639900
vt 0.26726500 0.12274000
vt 0.29399500 0.04803600
vt 0.80195900 0.62386600
vt 0.28132500 0.06881800
vt 0.83042600 0.61847700
vt 0.08884300 0.93291400
vt 0.75228600 0.77398100
vt 0.12247900 0.90297800
vt 0.86072300 0.59747100
vt 0.89320300 0.51612400
vt 0.75048500 0.77437600
vt 0.12088500 0.90508000
vt 0.08760400 0.93518700
vt 0.27785000 0.06773600
vt 0.28474900 0.06741500
vt 0.29171800 0.05065400
vt 0.27942600 0.07705900
vt 0.26595600 0.12087400
vt 0.27057100 0.09678200
vt 0.89073600 0.54543100
vt 0.87502200 0.57948000
vt 0.88142300 0.56856000
vt 0.08362500 0.93771100
vt 0.09043400 0.93487900
vt 0.07095000 0.94655400
vt 0.88724600 0.55483700
vt 0.09865800 0.92483000
vt 0.89255900 0.52742600
vt 0.28329100 0.06164200
vt 0.77890700 0.62896400
vt 0.10503200 0.92406400
vt 0.08559200 0.93797700
vt 0.84578500 0.61142400
vt 0.07700100 0.94893900
vt 0.27418300 0.08663600
vt 0.88495700 0.55938400
vt 0.88916800 0.54938500
vt 0.10348200 0.92195300
vt 0.29493700 0.04277000
vt 0.89023800 0.53937200
vt 0.26653000 0.12708400
vt 0.83908700 0.61503000
vt 0.88765500 0.54408700
vt 0.88884200 0.53929800
vt 0.27049300 0.09058900
vt 0.07253100 0.94930100
vt 0.29728500 0.04233700
vt 0.27029200 0.10473400
vt 0.08415100 0.94057400
vt 0.82533900 0.61966000
vt 0.87731100 0.57605600
vt 0.86897300 0.58891400
vt 0.26697100 0.13304500
vt 0.77563800 0.63062200
vt 0.78849600 0.62707400
vt 0.83001500 0.61783800
vt 0.10661600 0.91951600
vt 0.27603500 0.07973500
vt 0.10910900 0.91817800
vt 0.09524900 0.93366700
vt 0.89486500 0.50402900
vt 0.87868200 0.57125800
vt 0.89573100 0.49523000
vt 0.08138300 0.94073200
vt 0.75371300 0.77414600
vt 0.08535900 0.93990300
vt 0.83539500 0.61546500
vt 0.81636100 0.62109200
vt 0.28163000 0.06409500
vt 0.26795200 0.10611300
vt 0.10165900 0.92463100
vt 0.75573800 0.77384000
vt 0.89789900 0.48398200
vt 0.85492200 0.60419900
vt 0.88740200 0.55038800
vt 0.27545400 0.07492100
vt 0.84947500 0.60930700
vt 0.28816500 0.05559500
vt 0.11747100 0.90948300
vt 0.26743600 0.11041600
vt 0.89253000 0.52165200
vt 0.27992000 0.06591500
vt 0.89387600 0.51167800
vt 0.79619000 0.62410500
vt 0.89539800 0.49942700
vt 0.26417800 0.13078400
vt 0.87218400 0.58225700
vt 0.89128600 0.52966300
vt 0.29272300 0.04486800
vt 0.27591800 0.07209000
vt 0.11677600 0.91259200
vt 0.30245800 0.03661800
vt 0.76756300 0.63550800
vt 0.10699100 0.92206800
vt 0.11100200 0.91923800
vt 0.75313400 0.77594400
vt 0.12545400 0.90433700
vt 0.89882200 0.47328300
vt 0.89732400 0.47807500
vt 0.75546600 0.77598900
vt 0.26291400 0.12546000
vt 0.86410100 0.59321600
vt 0.85586500 0.60187500
vt 0.28817100 0.04959400
vt 0.85979300 0.59648300
vt 0.79788800 0.62337200
vt 0.11319100 0.91790000
vt 0.08010800 0.94332000
vt 0.26564300 0.13554600
vt 0.89482500 0.49150600
vt 0.86618500 0.58884500
vt 0.09561900 0.93127800
vt 0.89590800 0.48976400
vt 0.26736400 0.10137900
vt 0.12257200 0.90586800
vt 0.75096700 0.77549600
vt 0.75749700 0.77524200
vt 0.89622700 0.48378400
vt 0.89391200 0.50513700
vt 0.09400500 0.93522300
vt 0.28663700 0.05150300
vt 0.28628700 0.05827500
vt 0.88614200 0.54851800
vt 0.84655000 0.60942200
vt 0.26438500 0.12256000
vt 0.89308400 0.51008800
vt 0.84057400 0.61349200
vt 0.08597400 0.94183300
vt 0.29215700 0.04106700
vt 0.26268500 0.12098000
vt 0.26620000 0.10000800
vt 0.07277600 0.95138900
vt 0.26560000 0.13841000
vt 0.28374700 0.05352500
vt 0.78096600 0.62723500
vt 0.11979900 0.90997600
vt 0.81603600 0.62035200
vt 0.88531700 0.55230300
vt 0.83026400 0.61672900
vt 0.12184400 0.90946400
vt 0.89092600 0.51845100
vt 0.11319800 0.92042400
vt 0.26599100 0.11225900
vt 0.27326700 0.08163300
vt 0.09199900 0.93982500
vt 0.08398800 0.94330700
vt 0.27842900 0.06341700
vt 0.80246900 0.62226000
vt 0.12141900 0.91347100
vt 0.87888100 0.56821900
vt 0.26980300 0.09346000
vt 0.88265400 0.55727700
vt 0.09999900 0.92943300
vt 0.09900500 0.93228600
vt 0.26378000 0.11818100
vt 0.89518600 0.48786400
vt 0.88157600 0.56224400
vt 0.86359600 0.58957100
vt 0.89315000 0.50292400
vt 0.29387700 0.04100700
vt 0.88970900 0.52512200
vt 0.11515900 0.91588600
vt 0.10987800 0.92214800
vt 0.08802000 0.94012200
vt 0.78794700 0.62400500
vt 0.10189100 0.92704700
vt 0.26987700 0.08690900
vt 0.12308900 0.90765100
vt 0.26246700 0.13335200
vt 0.12159300 0.91091000
vt 0.89020700 0.52743500
vt 0.07854500 0.95060300
vt 0.10746400 0.92465900
vt 0.76107200 0.63223100
vt 0.27278000 0.07772400
vt 0.89213900 0.51419100
vt 0.89518900 0.48371600
vt 0.89422100 0.48497000
vt 0.82257100 0.61916200
vt 0.83604300 0.61339200
vt 0.28063800 0.05536200
vt 0.76955200 0.63105700
vt 0.89195900 0.51908700
vt 0.26384700 0.10457700
vt 0.10450900 0.92803100
vt 0.75980100 0.62753200
vt 0.26123100 0.13736100
vt 0.87279800 0.57713200
vt 0.27216200 0.07378400
vt 0.11173800 0.92351800
vt 0.88604800 0.53872100
vt 0.77211500 0.62966300
vt 0.08071200 0.94663000
vt 0.08704000 0.94367200
vt 0.86896300 0.58444000
vt 0.87650800 0.56916200
vt 0.26289800 0.10873200
vt 0.26714600 0.09005800
vt 0.89357400 0.49768500
vt 0.80225900 0.62171600
vt 0.26529000 0.09741000
vt 0.10098700 0.93440800
vt 0.12349900 0.91083600
vt 0.88560400 0.54230000
vt 0.85240300 0.60374600
vt 0.26183300 0.11194500
vt 0.10928400 0.92858000
vt 0.28982000 0.04712900
vt 0.78743300 0.62530400
vt 0.89550500 0.47467700
vt 0.26164500 0.12411900
vt 0.76028100 0.62980900
vt 0.29648300 0.03680900
vt 0.74656400 0.62850800
vt 0.27492200 0.06431600
vt 0.88709900 0.53419600
vt 0.79104300 0.62297800
vt 0.86275800 0.58757600
vt 0.08912900 0.94402500
vt 0.82001000 0.61783500
vt 0.84842800 0.60550100
vt 0.76603400 0.62886300
vt 0.26354000 0.12750300
vt 0.28013400 0.05962400
vt 0.81575100 0.61974000
vt 0.84381300 0.60913900
vt 0.27351900 0.06740700
vt 0.26168300 0.13088400
vt 0.09417900 0.93748500
vt 0.28694400 0.04617500
vt 0.10298100 0.93159800
vt 0.77781300 0.62706500
vt 0.86104000 0.59297600
vt 0.08221300 0.95016500
vt 0.84294500 0.61139200
vt 0.85241100 0.60106100
vt 0.87965100 0.56201700
vt 0.80270700 0.62071600
vt 0.82838100 0.61598100
vt 0.85586100 0.59929400
vt 0.11809500 0.91680600
vt 0.26898400 0.07755600
vt 0.88799600 0.52992300
vt 0.26201200 0.11524400
vt 0.10970300 0.92577500
vt 0.26638000 0.08302700
vt 0.26337000 0.09947600
vt 0.08551700 0.94784600
vt 0.11759500 0.91920000
vt 0.26295400 0.09315700
vt 0.74951600 0.62699600
vt 0.10742600 0.92969400
vt 0.09747300 0.93996200
vt 0.89169800 0.50178700
vt 0.07850800 0.95342700
vt 0.26162300 0.14280800
vt 0.81892900 0.36441000
vt 0.88374500 0.54791100
vt 0.89492800 0.47741600
vt 0.89095000 0.51167800
vt 0.12748600 0.90611800
vt 0.89666500 0.47074700
vt 0.26666900 0.08572200
vt 0.84184700 0.60984800
vt 0.25965800 0.11895900
vt 0.80981400 0.62053200
vt 0.89305800 0.49003900
vt 0.77842600 0.62529900
vt 0.10507200 0.93265300
vt 0.89322000 0.48061000
vt 0.88849300 0.52159600
vt 0.11269800 0.92537800
vt 0.11226800 0.92711900
vt 0.28261700 0.04743500
vt 0.10933300 0.93028700
vt 0.26418900 0.08765400
vt 0.25966600 0.11660300
vt 0.76892000 0.62588700
vt 0.11997400 0.91600400
vt 0.28761300 0.04309200
vt 0.26080400 0.10627100
vt 0.88127600 0.55424900
vt 0.09068700 0.94432600
vt 0.10185400 0.93735300
vt 0.25923100 0.11437600
vt 0.12001800 0.91835700
vt 0.09904600 0.93753400
vt 0.12681900 0.90916900
vt 0.89579500 0.46434900
vt 0.79075700 0.62132000
vt 0.29442800 0.03836200
vt 0.73846400 0.62657000
vt 0.83274700 0.61352200
vt 0.25935800 0.12281700
vt 0.09469600 0.94481600
vt 0.11640100 0.92153600
vt 0.12446200 0.91647900
vt 0.81173400 0.61916400
vt 0.89155200 0.49370400
vt 0.88948500 0.50997200
vt 0.11459100 0.92374100
vt 0.78627000 0.62288200
vt 0.84522300 0.60635800
vt 0.88625900 0.53109900
vt 0.89026800 0.50650300
vt 0.84860100 0.60186500
vt 0.85858800 0.59274300
vt 0.11448700 0.92599900
vt 0.27932400 0.05313600
vt 0.88258100 0.54347600
vt 0.25733100 0.12965100
vt 0.28652000 0.04114000
vt 0.12674200 0.91278400
vt 0.11110100 0.93051400
vt 0.87755500 0.56347600
vt 0.79659700 0.62058200
vt 0.26012500 0.13608600
vt 0.87096500 0.57564200
vt 0.87821000 0.55916200
vt 0.29020200 0.03805400
vt 0.72761300 0.62375600
vt 0.75029600 0.62554500
vt 0.11912500 0.92264100
vt 0.81360900 0.61731000
vt 0.80494400 0.61937500
vt 0.25549700 0.12556300
vt 0.08200100 0.95277000
vt 0.76238900 0.62683300
vt 0.27585800 0.05953000
vt 0.09293800 0.94635400
vt 0.10942000 0.93264000
vt 0.25925300 0.14128100
vt 0.25929300 0.12691200
vt 0.10753700 0.93378800
vt 0.10520800 0.93619800
vt 0.26007100 0.10237900
vt 0.89365700 0.47005700
vt 0.25899000 0.09116300
vt 0.26047600 0.13966200
vt 0.87065100 0.57206200
vt 0.86388400 0.58409400
vt 0.26230900 0.09560000
vt 0.25746200 0.13238700
vt 0.26481100 0.07967000
vt 0.75210100 0.62486400
vt 0.26312300 0.08443200
vt 0.26911100 0.06346200
vt 0.83689400 0.61013200
vt 0.26865600 0.07016700
vt 0.27996200 0.04997900
vt 0.89124900 0.48388500
vt 0.89137600 0.49671800
vt 0.85935100 0.58855000
vt 0.25899900 0.09704000
vt 0.26485500 0.07396900
vt 0.09789800 0.94320400
vt 0.81862500 0.61530500
vt 0.78004700 0.62409500
vt 0.88829700 0.51667300
vt 0.12177600 0.91996400
vt 0.88589500 0.51401800
vt 0.25650700 0.11873700
vt 0.89095300 0.47329500
vt 0.11703700 0.92535900
vt 0.87399100 0.56882700
vt 0.88919400 0.50204400
vt 0.25904300 0.10969300
vt 0.85173100 0.59771800
vt 0.80778300 0.61782700
vt 0.08983500 0.94966600
vt 0.88423700 0.53229800
vt 0.89017800 0.49463100
vt 0.88415600 0.53847100
vt 0.27565600 0.05567100
vt 0.12486700 0.91911600
vt 0.25375900 0.13388900
vt 0.78264700 0.62091700
vt 0.26929000 0.06815400
vt 0.11389800 0.92939700
vt 0.89250700 0.46085700
vt 0.13002900 0.91181500
vt 0.87991000 0.55120300
vt 0.10943200 0.93779600
vt 0.86808900 0.57649600
vt 0.25511600 0.12239100
vt 0.73886300 0.62411900
vt 0.89100200 0.48804500
vt 0.08778200 0.95095000
vt 0.88589700 0.52271900
vt 0.10974400 0.93469600
vt 0.09688700 0.94616700
vt 0.25626900 0.14220200
vt 0.81145400 0.36868800
vt 0.25657100 0.10619900
vt 0.89228900 0.47637100
vt 0.25584600 0.13780700
vt 0.73986900 0.62215800
vt 0.73327800 0.62359700
vt 0.88234800 0.53503200
vt 0.25556000 0.11656100
vt 0.83917100 0.60722300
vt 0.28869800 0.03619600
vt 0.72447700 0.62209300
vt 0.27498400 0.05048900
vt 0.27148800 0.05992400
vt 0.86545300 0.57921600
vt 0.82828300 0.61344100
vt 0.88783000 0.50747300
vt 0.08307600 0.95585100
vt 0.82116900 0.37056200
vt 0.84476200 0.60344900
vt 0.84133700 0.60804300
vt 0.28414600 0.04357200
vt 0.25662000 0.10102100
vt 0.11113600 0.93656300
vt 0.09175500 0.95398900
vt 0.83362000 0.37806100
vt 0.74995900 0.62247100
vt 0.25459400 0.10971500
vt 0.11614400 0.93053300
vt 0.09277300 0.95026400
vt 0.25797700 0.08666700
vt 0.10370600 0.93933600
vt 0.89075100 0.47852100
vt 0.26267100 0.07707600
vt 0.77249100 0.62237300
vt 0.10400800 0.94103900
vt 0.86676700 0.57470200
vt 0.08590400 0.95461500
vt 0.88767500 0.50203900
vt 0.79662700 0.61924500
vt 0.25382500 0.12058700
vt 0.89148400 0.46518600
vt 0.74478700 0.62222300
vt 0.76222500 0.62222100
vt 0.11918600 0.92624700
vt 0.10658500 0.93966800
vt 0.27382400 0.05801800
vt 0.11257700 0.93210700
vt 0.25318000 0.12709900
vt 0.87033600 0.56871500
vt 0.13051800 0.91497000
vt 0.89082000 0.45488100
vt 0.81319200 0.61556900
vt 0.89002100 0.48404100
vt 0.12290900 0.92376500
vt 0.82922500 0.37662300
vt 0.08901100 0.95494300
vt 0.85555300 0.59022500
vt 0.88853700 0.49139500
vt 0.81680700 0.36992000
vt 0.88837100 0.49730500
vt 0.28497400 0.03784100
vt 0.71412000 0.62033900
vt 0.88919200 0.46304600
vt 0.87283800 0.56394500
vt 0.78822800 0.61926900
vt 0.25274400 0.10026900
vt 0.25402600 0.13948700
vt 0.27981800 0.04315200
vt 0.27719600 0.04540200
vt 0.88378200 0.52845300
vt 0.25654500 0.13576900
vt 0.89034700 0.46783800
vt 0.87850600 0.54406700
vt 0.10710000 0.93773700
vt 0.28221100 0.04000800
vt 0.88907000 0.48891100
vt 0.88896100 0.48211900
vt 0.10506400 0.94437900
vt 0.25415400 0.13123500
vt 0.10162600 0.94242900
vt 0.77307100 0.62125900
vt 0.80494000 0.61734400
vt 0.09924000 0.94581200
vt 0.73187800 0.62199300
vt 0.27038700 0.05505200
vt 0.74652200 0.62172400
vt 0.76096000 0.62428000
vt 0.25545300 0.09380000
vt 0.26166800 0.08047600
vt 0.87641600 0.55699600
vt 0.11354600 0.93886600
vt 0.87083200 0.39912200
vt 0.25921300 0.08447400
vt 0.88497000 0.50902900
vt 0.25293800 0.11365700
vt 0.71211000 0.61625300
vt 0.28219400 0.03454800
vt 0.12064700 0.92756800
vt 0.83620000 0.38016600
vt 0.09527100 0.95526800
vt 0.26133000 0.06815100
vt 0.12491000 0.92122700
vt 0.25724500 0.07834300
vt 0.10022900 0.94906700
vt 0.88693500 0.49474000
vt 0.88597200 0.49918700
vt 0.27657100 0.04724400
vt 0.26406200 0.06705800
vt 0.11445800 0.93653700
vt 0.87364100 0.39998400
vt 0.85021800 0.59448100
vt 0.25359100 0.14214800
vt 0.80837400 0.37077300
vt 0.25424700 0.10481800
vt 0.11751000 0.93206800
vt 0.73221100 0.61816200
vt 0.83060900 0.60925000
vt 0.09620400 0.95464500
vt 0.83790100 0.38069200
vt 0.89030200 0.46006100
vt 0.87194100 0.55734700
vt 0.25161200 0.11184500
vt 0.71978200 0.61802400
vt 0.08797200 0.95778700
vt 0.82453800 0.37633700
vt 0.73438700 0.62079300
vt 0.09816600 0.95094400
vt 0.75336300 0.62281400
vt 0.88554700 0.50589000
vt 0.78506000 0.61789200
vt 0.88790900 0.45452200
vt 0.26872500 0.05708800
vt 0.88805700 0.46589000
vt 0.88349500 0.51638700
vt 0.88837700 0.47048600
vt 0.82102400 0.61204300
vt 0.83824200 0.60502000
vt 0.25628500 0.08023900
vt 0.85822200 0.58364800
vt 0.27107300 0.04861700
vt 0.24908500 0.12036400
vt 0.72557600 0.61689000
vt 0.81854600 0.37339700
vt 0.75952900 0.62297600
vt 0.10290500 0.94841300
vt 0.79884700 0.61624900
vt 0.27585600 0.04252800
vt 0.84747100 0.59987700
vt 0.77366800 0.61930200
vt 0.12564000 0.92274500
vt 0.86634500 0.56720500
vt 0.82349000 0.60957300
vt 0.88159800 0.52924300
vt 0.87501200 0.55080700
vt 0.84420300 0.59897900
vt 0.74937700 0.62005400
vt 0.86119900 0.57778600
vt 0.24974700 0.12914400
vt 0.09715700 0.95296200
vt 0.84085100 0.38126300
vt 0.80785900 0.61541200
vt 0.13180400 0.91726800
vt 0.88865900 0.45053800
vt 0.78032400 0.61964800
vt 0.86007700 0.58490800
vt 0.25044300 0.12310500
vt 0.85294400 0.58955800
vt 0.25102100 0.11835700
vt 0.89037700 0.44887500
vt 0.12901100 0.91773900
vt 0.87817900 0.53834100
vt 0.88773900 0.47517900
vt 0.74006500 0.61875000
vt 0.81812400 0.61159200
vt 0.88732100 0.48378400
vt 0.76629400 0.62161600
vt 0.86945400 0.56250700
vt 0.26130300 0.07374200
vt 0.26444000 0.06043200
vt 0.88305500 0.50985800
vt 0.24779900 0.12619600
vt 0.10986600 0.94172900
vt 0.86458400 0.39440400
vt 0.27080900 0.05124900
vt 0.24941200 0.10526600
vt 0.11973600 0.92985200
vt 0.12768900 0.92516700
vt 0.88590300 0.49173100
vt 0.83252700 0.60716700
vt 0.80997800 0.37185600
vt 0.86311400 0.57203000
vt 0.87958200 0.52851500
vt 0.88128500 0.51681100
vt 0.72358600 0.61127500
vt 0.88631900 0.46010300
vt 0.72851400 0.61664900
vt 0.81963300 0.37617000
vt 0.12428800 0.92635700
vt 0.12047900 0.93376800
vt 0.11316700 0.94029100
vt 0.86932900 0.39850700
vt 0.11599900 0.93455100
vt 0.87579000 0.40150100
vt 0.88522700 0.48562000
vt 0.25962900 0.07516500
vt 0.12348600 0.92949400
vt 0.12849200 0.92230800
vt 0.87616500 0.53605100
vt 0.24925300 0.10102200
vt 0.73952900 0.61470600
vt 0.10674200 0.94776400
vt 0.85372700 0.38956600
vt 0.09607600 0.95720300
vt 0.83447700 0.38088000
vt 0.24999500 0.11475900
vt 0.82560000 0.37828100
vt 0.09104500 0.95988000
vt 0.86385100 0.39744600
vt 0.24992400 0.09747500
vt 0.11578000 0.93861300
vt 0.87181400 0.40071800
vt 0.80348500 0.61425000
vt 0.87124500 0.55504900
vt 0.25019600 0.13228900
vt 0.86168800 0.39361600
vt 0.10962200 0.94390300
vt 0.83043100 0.37966600
vt 0.24711500 0.13040600
vt 0.25079000 0.14116000
vt 0.80285800 0.37336600
vt 0.73405600 0.61687600
vt 0.88524300 0.44669100
vt 0.26682800 0.05173600
vt 0.79561600 0.61779000
vt 0.76298200 0.61998300
vt 0.88357800 0.48886400
vt 0.25559200 0.07499500
vt 0.24939800 0.13960300
vt 0.79829800 0.61440300
vt 0.83714400 0.60266000
vt 0.10506600 0.95146400
vt 0.84740100 0.38673000
vt 0.24967700 0.13735300
vt 0.27654400 0.03935700
vt 0.74220700 0.61754900
vt 0.86723900 0.40073300
vt 0.24678400 0.12237700
vt 0.26022600 0.06254600
vt 0.88469400 0.50121000
vt 0.10222500 0.95205700
vt 0.84497400 0.38476300
vt 0.88619300 0.47473000
vt 0.25524000 0.08850400
vt 0.74430600 0.61785300
vt 0.87518400 0.54113600
vt 0.84659300 0.59251200
vt 0.81127300 0.61259100
vt 0.28010500 0.03751400
vt 0.80427600 0.37461700
vt 0.24810100 0.11089700
vt 0.88547300 0.45184800
vt 0.26591200 0.04910900
vt 0.84214600 0.59777200
vt 0.88635300 0.44525000
vt 0.10689300 0.95006600
vt 0.85067200 0.38896100
vt 0.88247200 0.49571300
vt 0.85766000 0.39454700
vt 0.86725600 0.39915800
vt 0.12418200 0.93256400
vt 0.24688200 0.13881700
vt 0.79298100 0.37737800
vt 0.77837600 0.61704300
vt 0.88445600 0.46947200
vt 0.87280100 0.54838100
vt 0.26939700 0.04001500
vt 0.88493700 0.48177800
vt 0.25818800 0.06541300
vt 0.87617000 0.53007400
vt 0.87986100 0.52290000
vt 0.81043400 0.37336500
vt 0.83686800 0.38258200
vt 0.83002100 0.38096600
vt 0.84217900 0.59448800
vt 0.88079000 0.49992500
vt 0.81660700 0.37579700
vt 0.24623600 0.13580300
vt 0.80485600 0.61173200
vt 0.25704900 0.06907800
vt 0.81882100 0.60927200
vt 0.76988100 0.61804700
vt 0.27620100 0.03477400
vt 0.70442600 0.60161200
vt 0.88545600 0.46360800
vt 0.13221200 0.92336300
vt 0.88266700 0.43629100
vt 0.83609100 0.59939600
vt 0.25576100 0.07181700
vt 0.12712700 0.93060600
vt 0.87824400 0.42047600
vt 0.78859100 0.61683900
vt 0.88287100 0.47644900
vt 0.26919500 0.04541200
vt 0.24628400 0.10240200
vt 0.88502000 0.45552000
vt 0.83268000 0.60317600
vt 0.13024100 0.92641200
vt 0.88110200 0.42906100
vt 0.71642900 0.61041100
vt 0.87751500 0.52526600
vt 0.88193800 0.46955000
vt 0.79331100 0.61313700
vt 0.85496400 0.57990300
vt 0.87268400 0.40703800
vt 0.12248000 0.93638200
vt 0.87747000 0.51888100
vt 0.25304800 0.08439400
vt 0.86489200 0.56312200
vt 0.88270600 0.44743700
vt 0.10495700 0.95387700
vt 0.84390800 0.38691700
vt 0.72207200 0.61278400
vt 0.10229400 0.95474200
vt 0.84114900 0.38503600
vt 0.26576300 0.04551800
vt 0.10951900 0.94695100
vt 0.85742900 0.39268600
vt 0.85774500 0.57481200
vt 0.86765700 0.55627500
vt 0.79370100 0.37808000
vt 0.24442500 0.13992700
vt 0.71497000 0.61261700
vt 0.88374100 0.44386800
vt 0.75442100 0.61860300
vt 0.26331900 0.05559400
vt 0.82460300 0.37927800
vt 0.26309600 0.05167000
vt 0.24384600 0.12734200
vt 0.87229100 0.54338700
vt 0.24969100 0.08848800
vt 0.81224400 0.37493800
vt 0.87992400 0.50566000
vt 0.24508600 0.13411600
vt 0.73631500 0.61530800
vt 0.87996600 0.43418000
vt 0.82767700 0.60508200
vt 0.74695200 0.61701000
vt 0.87362600 0.53593400
vt 0.88329700 0.46534100
vt 0.27214100 0.03633000
vt 0.24624900 0.11733400
vt 0.24272600 0.11795000
vt 0.84462700 0.59078600
vt 0.86152800 0.56701600
vt 0.87084800 0.40488800
vt 0.83596000 0.38386500
vt 0.25241400 0.07309100
vt 0.88216100 0.45231100
vt 0.85089700 0.58195500
vt 0.84787700 0.38990100
vt 0.83404700 0.59780800
vt 0.73294100 0.61510100
vt 0.85838800 0.39664600
vt 0.72879300 0.61401600
vt 0.81874000 0.60651600
vt 0.86807200 0.40310900
vt 0.80004700 0.37671400
vt 0.85282700 0.39341400
vt 0.24594500 0.09760800
vt 0.70989700 0.60465400
vt 0.25035200 0.08110300
vt 0.85048400 0.39213300
vt 0.83896500 0.38364500
vt 0.86863100 0.55061100
vt 0.24188800 0.12514500
vt 0.26894800 0.03739900
vt 0.88180200 0.48165900
vt 0.25185000 0.07741400
vt 0.75882200 0.61791100
vt 0.25980100 0.05440800
vt 0.86350000 0.40133000
vt 0.74492900 0.61679800
vt 0.87558900 0.51734900
vt 0.25380300 0.06087900
vt 0.25672800 0.05992600
vt 0.82635100 0.38163700
vt 0.88004000 0.44861900
vt 0.25117000 0.06812200
vt 0.24771300 0.09161100
vt 0.87777400 0.51235500
vt 0.84437600 0.58731400
vt 0.82858700 0.60001000
vt 0.25546100 0.06461500
vt 0.77990900 0.61508200
vt 0.88093900 0.49154400
vt 0.86115900 0.39965900
vt 0.26230700 0.04939700
vt 0.71336800 0.60872400
vt 0.25433500 0.06652300
vt 0.86706400 0.40667900
vt 0.75061200 0.61605100
vt 0.88073000 0.48795600
vt 0.24302600 0.13680100
vt 0.77227200 0.61642500
vt 0.80780200 0.60943500
vt 0.84012700 0.38799600
vt 0.12750000 0.93551400
vt 0.87202200 0.41199600
vt 0.24111800 0.11149200
vt 0.87742600 0.50012600
vt 0.24194900 0.12122800
vt 0.86814700 0.54651100
vt 0.80399000 0.37628000
vt 0.79808400 0.61174700
vt 0.24522800 0.09409500
vt 0.82818300 0.38393700
vt 0.86046700 0.56351100
vt 0.82415500 0.60351900
vt 0.27403500 0.03326700
vt 0.70315400 0.59670600
vt 0.87687700 0.42834500
vt 0.76453200 0.61709400
vt 0.71751000 0.60743700
vt 0.87437100 0.52401400
vt 0.73274300 0.61209500
vt 0.86734100 0.40843700
vt 0.78281400 0.61385100
vt 0.85705400 0.39831600
vt 0.81827600 0.37857500
vt 0.87099400 0.53440300
vt 0.79306200 0.37982400
vt 0.84885700 0.58152800
vt 0.24483500 0.08756100
vt 0.70310400 0.59571400
vt 0.88104300 0.45777200
vt 0.85984300 0.40094400
vt 0.26536900 0.03995100
vt 0.87893800 0.43997000
vt 0.86659200 0.54044800
vt 0.83640500 0.38656900
vt 0.84833800 0.39295100
vt 0.24099000 0.13481100
vt 0.73847700 0.61230400
vt 0.26012200 0.04761100
vt 0.71970700 0.60635600
vt 0.81049900 0.37732000
vt 0.24261200 0.10910900
vt 0.72813800 0.61098500
vt 0.24294400 0.10119700
vt 0.24671700 0.08427400
vt 0.87262300 0.42296900
vt 0.87929200 0.47824300
vt 0.71018900 0.60136700
vt 0.88048700 0.47927300
vt 0.81190500 0.60755700
vt 0.78901800 0.61161800
vt 0.24020800 0.11411800
vt 0.87606600 0.50615800
vt 0.26255100 0.04262900
vt 0.85266200 0.57644300
vt 0.73259600 0.61028900
vt 0.88106500 0.47480900
vt 0.24297900 0.10354800
vt 0.25200600 0.06360500
vt 0.87946700 0.45374400
vt 0.83299900 0.38696800
vt 0.74088000 0.61415300
vt 0.87855900 0.49282500
vt 0.23825800 0.12934800
vt 0.87893900 0.48510200
vt 0.73685500 0.61225300
vt 0.71217500 0.59979000
vt 0.70958000 0.59897800
vt 0.85371400 0.39566700
vt 0.87553100 0.43092000
vt 0.80153700 0.60948300
vt 0.23853600 0.12050400
vt 0.24232200 0.09517300
vt 0.79052800 0.37943400
vt 0.24147900 0.13949300
vt 0.80758300 0.60533300
vt 0.84581600 0.39340200
vt 0.71583900 0.60311700
vt 0.84054900 0.59012800
vt 0.84087200 0.39012600
vt 0.24171800 0.09862700
vt 0.86248700 0.40370700
vt 0.84906300 0.39462600
vt 0.25753700 0.05127500
vt 0.24719100 0.07911500
vt 0.72416700 0.60748300
vt 0.82063300 0.38093900
vt 0.24921500 0.07363900
vt 0.87802200 0.48096900
vt 0.82980000 0.59584200
vt 0.70302000 0.59425500
vt 0.79545600 0.38005200
vt 0.86847500 0.41643300
vt 0.24632700 0.07567100
vt 0.76150500 0.61539700
vt 0.87684900 0.44215800
vt 0.85499900 0.57193700
vt 0.81231500 0.37895200
vt 0.85690900 0.56046900
vt 0.83387100 0.38822400
vt 0.83672200 0.59307000
vt 0.23876700 0.13212100
vt 0.84090200 0.58498800
vt 0.72822600 0.60955000
vt 0.75482300 0.61577500
vt 0.86537900 0.55189900
vt 0.74491200 0.61447700
vt 0.79326800 0.60863300
vt 0.79954100 0.37922600
vt 0.87324300 0.41743900
vt 0.87795100 0.47482800
vt 0.82228500 0.60045400
vt 0.74107200 0.61243900
vt 0.25388100 0.05775700
vt 0.76784900 0.61446500
vt 0.87747500 0.46118200
vt 0.77128200 0.61366400
vt 0.86487300 0.40835400
vt 0.81421300 0.38083500
vt 0.86885000 0.41105200
vt 0.87843800 0.47041400
vt 0.81377300 0.60410500
vt 0.24835300 0.07096200
vt 0.24062600 0.10614400
vt 0.69923500 0.59375000
vt 0.27001500 0.03065000
vt 0.82761600 0.59227500
vt 0.85121700 0.39651500
vt 0.83907700 0.39026500
vt 0.87571500 0.49586000
vt 0.23731000 0.10996500
vt 0.85810400 0.40180400
vt 0.26540100 0.03671000
vt 0.86035500 0.40480700
vt 0.71951400 0.60459100
vt 0.26794400 0.03143900
vt 0.69670100 0.59252100
vt 0.85387600 0.56738600
vt 0.86809900 0.53249300
vt 0.87596100 0.46592900
vt 0.87641300 0.45127500
vt 0.25668600 0.04910700
vt 0.86054300 0.55758500
vt 0.86227700 0.55154200
vt 0.84592100 0.57248000
vt 0.83062200 0.59181000
vt 0.25713700 0.04622100
vt 0.87313600 0.43433700
vt 0.26330700 0.03791700
vt 0.78005900 0.38227200
vt 0.23617600 0.13477900
vt 0.86611300 0.51932000
vt 0.87237000 0.51750700
vt 0.76784700 0.61289800
vt 0.82599600 0.38578300
vt 0.82016300 0.38288000
vt 0.23645400 0.11824300
vt 0.84438100 0.58024300
vt 0.84663100 0.39480000
vt 0.74708900 0.61407300
vt 0.83501300 0.58801300
vt 0.24568900 0.07040400
vt 0.25938200 0.04187700
vt 0.87094100 0.52558100
vt 0.87338600 0.50042100
vt 0.23820000 0.10776200
vt 0.86086600 0.40677800
vt 0.72391700 0.60578300
vt 0.24701800 0.06733000
vt 0.75405000 0.61447200
vt 0.85292800 0.39846300
vt 0.84869700 0.39696400
vt 0.87590600 0.44618400
vt 0.87579600 0.48517900
vt 0.25392600 0.05337500
vt 0.87096800 0.42883100
vt 0.74931400 0.61306400
vt 0.87595100 0.49017600
vt 0.81943700 0.59578400
vt 0.82210400 0.59641200
vt 0.23426400 0.12075900
vt 0.81056100 0.60304800
vt 0.87567700 0.47017400
vt 0.24970400 0.06164400
vt 0.70022600 0.59296200
vt 0.87570100 0.47698300
vt 0.78148900 0.61122000
vt 0.86563200 0.41037300
vt 0.24132600 0.07896000
vt 0.83875300 0.39120900
vt 0.24444900 0.07953900
vt 0.26080600 0.03374000
vt 0.68636800 0.58246200
vt 0.23999600 0.09203500
vt 0.78830800 0.60929900
vt 0.77469300 0.61185100
vt 0.87167700 0.50629700
vt 0.26813000 0.03369200
vt 0.70469700 0.59339700
vt 0.25372100 0.04846500
vt 0.25918600 0.03949800
vt 0.24178300 0.07674700
vt 0.23913900 0.08747400
vt 0.84152300 0.39317900
vt 0.76313400 0.61153000
vt 0.86111700 0.54732600
vt 0.80240900 0.60650500
vt 0.24471500 0.06606800
vt 0.72064100 0.60362500
vt 0.86929200 0.42117100
vt 0.71604200 0.60140300
vt 0.78678400 0.38166800
vt 0.24925500 0.05908900
vt 0.80498600 0.38107300
vt 0.70026200 0.59158500
vt 0.87352600 0.44036100
vt 0.74376400 0.61206000
vt 0.87439000 0.45462600
vt 0.82261900 0.38469300
vt 0.23821700 0.10079000
vt 0.72840300 0.60728500
vt 0.79563300 0.38142600
vt 0.75697700 0.61437200
vt 0.78200900 0.38285800
vt 0.23414000 0.13791200
vt 0.26272400 0.03059500
vt 0.68969000 0.58673800
vt 0.83410600 0.58323300
vt 0.23687900 0.12451900
vt 0.78157600 0.60960700
vt 0.24382300 0.06994000
vt 0.86953800 0.43372200
vt 0.83284500 0.39008000
vt 0.25355400 0.05058400
vt 0.79575200 0.60530000
vt 0.86439100 0.53362100
vt 0.85604700 0.55672800
vt 0.81062500 0.38238800
vt 0.25010400 0.05439400
vt 0.70973400 0.59682400
vt 0.79032500 0.60690400
vt 0.87287900 0.44733400
vt 0.87025100 0.51413200
vt 0.81218600 0.38329000
vt 0.23546300 0.11324300
vt 0.23820300 0.07979900
vt 0.87270000 0.46040300
vt 0.86178500 0.40897000
vt 0.85177200 0.39959900
vt 0.23940900 0.09506500
vt 0.23307500 0.13067000
vt 0.24255300 0.06798600
vt 0.71269800 0.59810100
vt 0.79052100 0.38189800
vt 0.77217200 0.61046400
vt 0.86393600 0.52433400
vt 0.24261800 0.08429000
vt 0.87045300 0.49463800
vt 0.78415200 0.60767100
vt 0.80687800 0.60164200
vt 0.81596200 0.38354300
vt 0.23237800 0.10941100
vt 0.84547900 0.39642300
vt 0.69372700 0.58884600
vt 0.26475500 0.02778800
vt 0.86564000 0.41575600
vt 0.82614600 0.58628400
vt 0.71580700 0.59967200
vt 0.85972800 0.54344400
vt 0.24767500 0.05790200
vt 0.24538200 0.06343800
vt 0.75641500 0.61295700
vt 0.73412200 0.60924900
vt 0.87349100 0.48469200
vt 0.86455200 0.41310200
vt 0.82843000 0.38779400
vt 0.23695300 0.09076200
vt 0.25749900 0.03757100
vt 0.68145000 0.57531000
vt 0.83950500 0.39341100
vt 0.87352600 0.46939400
vt 0.86352400 0.41094300
vt 0.74371900 0.60886300
vt 0.82180100 0.38678200
vt 0.23254200 0.11604400
vt 0.23993400 0.07484000
vt 0.73624100 0.60956400
vt 0.85558100 0.54889500
vt 0.86754300 0.42339700
vt 0.87454000 0.47840900
vt 0.86010400 0.40783100
vt 0.86943700 0.43922800
vt 0.77907800 0.60822200
vt 0.23328700 0.09989000
vt 0.85682700 0.40406300
vt 0.25551800 0.04362500
vt 0.84211900 0.57615000
vt 0.73690300 0.60788000
vt 0.72343600 0.60331100
vt 0.68941000 0.58455700
vt 0.86479900 0.41808100
vt 0.81363200 0.59894500
vt 0.72690900 0.60511000
vt 0.85845500 0.53825700
vt 0.80773700 0.59810800
vt 0.25105100 0.04525100
vt 0.84598800 0.56615700
vt 0.73251600 0.60527200
vt 0.69881300 0.58869400
vt 0.24301500 0.06202300
vt 0.87057600 0.46057900
vt 0.73947900 0.60765200
vt 0.86643400 0.42476000
vt 0.75092200 0.61077800
vt 0.86938200 0.47127700
vt 0.23167400 0.11330800
vt 0.24820500 0.05199400
vt 0.86910400 0.50015000
vt 0.86971900 0.45070100
vt 0.85417100 0.40464000
vt 0.23704600 0.08378800
vt 0.24110100 0.06576500
vt 0.85298500 0.40267000
vt 0.80161700 0.60111500
vt 0.85977600 0.41022400
vt 0.86840600 0.50830100
vt 0.85063200 0.56067500
vt 0.85720400 0.40719100
vt 0.23105200 0.12748800
vt 0.23901100 0.07193500
vt 0.68708900 0.58088200
vt 0.76731400 0.60865200
vt 0.70792100 0.59437100
vt 0.25499400 0.04102400
vt 0.67673500 0.57006800
vt 0.23331200 0.09653700
vt 0.84098100 0.39534200
vt 0.81447800 0.59462100
vt 0.71841000 0.60061100
vt 0.23180500 0.12292600
vt 0.22907000 0.12098200
vt 0.23418700 0.09177000
vt 0.86700300 0.44519900
vt 0.68988500 0.58225200
vt 0.75386300 0.61122600
vt 0.72978200 0.60407100
vt 0.83509100 0.58026500
vt 0.85105200 0.55431500
vt 0.86422800 0.42217900
vt 0.23425600 0.10347600
vt 0.74776000 0.60968600
vt 0.23920100 0.07709700
vt 0.86034300 0.52953100
vt 0.23056100 0.10680500
vt 0.24288600 0.05663100
vt 0.81577700 0.38449200
vt 0.86964200 0.48740800
vt 0.68246400 0.57343200
vt 0.85352600 0.54580900
vt 0.86839300 0.45964800
vt 0.78512400 0.38339100
vt 0.67701300 0.56790200
vt 0.22939000 0.11055600
vt 0.81885800 0.59228800
vt 0.82482000 0.38875100
vt 0.86662000 0.43749300
vt 0.87060200 0.47570000
vt 0.85943700 0.41279400
vt 0.86430800 0.50763000
vt 0.86772800 0.49453600
vt 0.23873600 0.06582100
vt 0.67117100 0.56145400
vt 0.22593300 0.12517200
vt 0.78272100 0.38452700
vt 0.82053700 0.58543800
vt 0.75954400 0.60815900
vt 0.83442500 0.39283300
vt 0.73546200 0.60474700
vt 0.69533900 0.58490300
vt 0.79659300 0.38350500
vt 0.83386500 0.57458900
vt 0.71182800 0.59500500
vt 0.24905400 0.04440400
vt 0.66871500 0.55769200
vt 0.81670800 0.38566200
vt 0.84534600 0.39963700
vt 0.79315400 0.60291700
vt 0.70058000 0.58732600
vt 0.84762000 0.39929300
vt 0.80060900 0.59803600
vt 0.79284700 0.38306700
vt 0.86587300 0.50398600
vt 0.22763700 0.12711400
vt 0.85152200 0.40381600
vt 0.23440100 0.08316300
vt 0.23068700 0.10048500
vt 0.85072900 0.54829100
vt 0.78473300 0.60302000
vt 0.22808500 0.13017000
vt 0.72994400 0.60227300
vt 0.23571600 0.07462300
vt 0.81685800 0.58870400
vt 0.77121800 0.60636800
vt 0.67321800 0.56170300
vt 0.85628300 0.40951800
vt 0.86609000 0.48811800
vt 0.23737200 0.06346200
vt 0.82014300 0.38853800
vt 0.83549400 0.39433300
vt 0.82458500 0.58249000
vt 0.83797800 0.56998200
vt 0.23182000 0.09262300
vt 0.85471800 0.52897000
vt 0.23650800 0.07106900
vt 0.86828500 0.45573000
vt 0.24544600 0.04765200
vt 0.80309700 0.38319500
vt 0.70867700 0.59288700
vt 0.70465800 0.58967900
vt 0.22994100 0.10346600
vt 0.86829100 0.46548900
vt 0.78967200 0.38453000
vt 0.68557600 0.57586300
vt 0.22894400 0.11821000
vt 0.86942100 0.48082800
vt 0.85179900 0.40575200
vt 0.22865400 0.09740300
vt 0.81065400 0.59044700
vt 0.23417400 0.08766200
vt 0.75572100 0.60936700
vt 0.22723600 0.11558800
vt 0.24334200 0.04975000
vt 0.71237600 0.59441700
vt 0.24098300 0.06116100
vt 0.77702900 0.60389200
vt 0.67964100 0.56934000
vt 0.84670800 0.55146700
vt 0.79643800 0.38512000
vt 0.85122500 0.53838600
vt 0.77869800 0.38478900
vt 0.72591700 0.60162600
vt 0.23516700 0.07878200
vt 0.86494500 0.42729900
vt 0.85568900 0.53361500
vt 0.79660800 0.59680100
vt 0.85798800 0.52420900
vt 0.24545200 0.04371400
vt 0.66904200 0.55117900
vt 0.85974900 0.51237200
vt 0.86757200 0.47444800
vt 0.85940500 0.41724900
vt 0.76914300 0.38563800
vt 0.22929700 0.13382600
vt 0.74240200 0.60569600
vt 0.79907400 0.38539000
vt 0.75088900 0.60620200
vt 0.24270200 0.04463300
vt 0.66867600 0.54468000
vt 0.84241600 0.56279400
vt 0.86189300 0.51704600
vt 0.86528300 0.48076600
vt 0.86200000 0.50207500
vt 0.69584500 0.58172700
vt 0.86548000 0.45806900
vt 0.84495600 0.55823100
vt 0.81138800 0.38697000
vt 0.22730200 0.10391200
vt 0.86356100 0.49781000
vt 0.70661800 0.58988900
vt 0.82786700 0.39174100
vt 0.24041600 0.05853800
vt 0.22461700 0.13057700
vt 0.72563500 0.59904600
vt 0.74834600 0.60686800
vt 0.86142400 0.42033400
vt 0.79097000 0.38612100
vt 0.82878200 0.58136000
vt 0.68937500 0.57778500
vt 0.83656800 0.39683800
vt 0.85415900 0.41034900
vt 0.23683300 0.05792700
vt 0.24393300 0.05373300
vt 0.76382400 0.60517200
vt 0.86471800 0.46191400
vt 0.73328400 0.60199500
vt 0.22530900 0.10989100
vt 0.74618800 0.60705200
vt 0.67982800 0.56708000
vt 0.84158600 0.39969000
vt 0.72018300 0.59848000
vt 0.67036100 0.55142200
vt 0.86206900 0.42642400
vt 0.85600900 0.41316400
vt 0.86250700 0.43199800
vt 0.82793900 0.39288300
vt 0.72893800 0.59869100
vt 0.86031500 0.50753600
vt 0.68692500 0.57673700
vt 0.22231900 0.13445400
vt 0.76200000 0.38810900
vt 0.84523900 0.40184600
vt 0.82393000 0.38973500
vt 0.22692900 0.10661500
vt 0.86382100 0.44931500
vt 0.73725500 0.60352400
vt 0.86616200 0.45223800
vt 0.80901100 0.38655800
vt 0.85039900 0.40697000
vt 0.23131700 0.08473300
vt 0.80622900 0.38563200
vt 0.86586600 0.46810900
vt 0.22777800 0.09512800
vt 0.83258400 0.56663700
vt 0.80573400 0.58777000
vt 0.79444900 0.59457400
vt 0.23461700 0.06750500
vt 0.86452200 0.49143700
vt 0.82279000 0.39053200
vt 0.22886300 0.08508500
vt 0.77069300 0.60450300
vt 0.86486100 0.47417900
vt 0.23102600 0.08137200
vt 0.70856100 0.59028000
vt 0.23316800 0.07226300
vt 0.23056700 0.07731100
vt 0.78505000 0.38511900
vt 0.24110400 0.04749100
vt 0.78757700 0.59782500
vt 0.86065700 0.43950600
vt 0.22462300 0.11950100
vt 0.70204700 0.58593000
vt 0.22793300 0.09278000
vt 0.75427300 0.60700800
vt 0.86301700 0.47007800
vt 0.85707300 0.51620600
vt 0.86053600 0.48024700
vt 0.86380200 0.43778900
vt 0.82843500 0.57311300
vt 0.86380400 0.46648100
vt 0.23745000 0.05510300
vt 0.86217800 0.44436300
vt 0.67515600 0.56071500
vt 0.81651500 0.38838800
vt 0.86357300 0.48722600
vt 0.22389500 0.11228700
vt 0.82937100 0.39452700
vt 0.85725500 0.50969300
vt 0.76348100 0.38804700
vt 0.83551900 0.56082500
vt 0.80398900 0.59465700
vt 0.68047700 0.56491200
vt 0.22974200 0.08966700
vt 0.82005900 0.39089200
vt 0.85040300 0.53419500
vt 0.23881000 0.05188600
vt 0.81177200 0.57843200
vt 0.82329000 0.39177000
vt 0.85889200 0.42246500
vt 0.75747000 0.60281800
vt 0.85130300 0.52849700
vt 0.86063300 0.49289000
vt 0.86262400 0.46207500
vt 0.77084200 0.60112100
vt 0.23385100 0.05769900
vt 0.22240500 0.12210100
vt 0.22584200 0.09185700
vt 0.80644700 0.38769300
vt 0.22230200 0.13094500
vt 0.22235600 0.10162200
vt 0.22303300 0.11470500
vt 0.74376100 0.60299400
vt 0.86157200 0.47625100
vt 0.85996700 0.48778200
vt 0.82124700 0.57599500
vt 0.84805100 0.54073100
vt 0.80054500 0.58965700
vt 0.85875100 0.49993900
vt 0.23195700 0.06357100
vt 0.85239000 0.52123200
vt 0.22145000 0.12681200
vt 0.79758100 0.38688500
vt 0.78104500 0.38711200
vt 0.86239900 0.45303200
vt 0.67170000 0.55198400
vt 0.22555100 0.09810900
vt 0.70898400 0.58914000
vt 0.71899400 0.59486400
vt 0.81838900 0.57973900
vt 0.77555700 0.38642300
vt 0.83627400 0.40121100
vt 0.22560400 0.08883000
vt 0.85578400 0.41552300
vt 0.85685000 0.48975600
vt 0.67715700 0.55927200
vt 0.84549200 0.40644900
vt 0.72444200 0.59608500
vt 0.68827800 0.57323500
vt 0.23064100 0.06837600
vt 0.86236800 0.45745200
vt 0.82221000 0.39249600
vt 0.73450900 0.59889500
vt 0.22248800 0.10786800
vt 0.81251600 0.58515000
vt 0.22616300 0.08457800
vt 0.85131300 0.41014600
vt 0.21982000 0.11356800
vt 0.85684700 0.42373300
vt 0.80211900 0.38745100
vt 0.85941100 0.47319500
vt 0.79039300 0.38741500
vt 0.22524000 0.08096800
vt 0.83538800 0.39959400
vt 0.81255400 0.39034600
vt 0.68253600 0.56643800
vt 0.69761600 0.58013300
vt 0.85467000 0.51349900
vt 0.22546100 0.10026000
vt 0.66660400 0.53593700
vt 0.23879500 0.04616800
vt 0.74249500 0.60363200
vt 0.76401800 0.38832500
vt 0.76341100 0.60060400
vt 0.78199500 0.59405100
vt 0.70218100 0.58377300
vt 0.23541700 0.05114900
vt 0.69338600 0.57703700
vt 0.22762500 0.07722600
vt 0.21896800 0.13122700
vt 0.75486300 0.39025400
vt 0.66917300 0.54018000
vt 0.77329500 0.38771300
vt 0.67330800 0.55486100
vt 0.83902800 0.55050400
vt 0.80423600 0.38916000
vt 0.71479200 0.59196200
vt 0.73873800 0.59751900
vt 0.82588900 0.39549300
vt 0.68520600 0.56846000
vt 0.79009800 0.38811800
vt 0.84418900 0.53607200
vt 0.86067400 0.46357400
vt 0.85116600 0.41396600
vt 0.85806600 0.45560900
vt 0.81628700 0.39112800
vt 0.21834800 0.12126600
vt 0.73008800 0.59741200
vt 0.21815200 0.12655400
vt 0.22821000 0.07414900
vt 0.82914400 0.39776400
vt 0.85629000 0.47758700
vt 0.23505300 0.04623900
vt 0.66462800 0.52921200
vt 0.77311000 0.59826500
vt 0.22069600 0.10657500
vt 0.76430600 0.38859700
vt 0.79770700 0.38900700
vt 0.83707900 0.54688500
vt 0.83116000 0.56101500
vt 0.82622200 0.56735300
vt 0.84777300 0.52761000
vt 0.77918200 0.59866000
vt 0.85820800 0.43829700
vt 0.85503900 0.49288400
vt 0.75339800 0.59883900
vt 0.82149200 0.39436700
vt 0.84459200 0.41106500
vt 0.85711300 0.45393700
vt 0.82143700 0.57226800
vt 0.84992800 0.41664200
vt 0.22327600 0.08598700
vt 0.79569000 0.38817900
vt 0.83875400 0.40290600
vt 0.75825300 0.60030800
vt 0.81549100 0.57653300
vt 0.85864000 0.48510100
vt 0.85454800 0.49963900
vt 0.22830600 0.07064800
vt 0.85920400 0.44892800
vt 0.69417100 0.57622100
vt 0.67497500 0.55410600
vt 0.69761000 0.57657700
vt 0.79343500 0.59151700
vt 0.22083600 0.09811800
vt 0.67034700 0.54439900
vt 0.85365100 0.42350300
vt 0.21864900 0.11771200
vt 0.81847000 0.39381300
vt 0.22209700 0.09252700
vt 0.85903500 0.46648700
vt 0.80843400 0.39075200
vt 0.74377800 0.59929200
vt 0.71866600 0.59100600
vt 0.77693800 0.59229400
vt 0.84453000 0.53084500
vt 0.85558500 0.50411500
vt 0.21557200 0.11944900
vt 0.85866300 0.47056400
vt 0.83446100 0.55520200
vt 0.79329000 0.58763700
vt 0.72949900 0.59403200
vt 0.21857300 0.10561500
vt 0.81692200 0.56960500
vt 0.85622400 0.44891700
vt 0.78648100 0.58914800
vt 0.21861300 0.09863200
vt 0.71068000 0.58886400
vt 0.82116700 0.39757200
vt 0.84294200 0.40839400
vt 0.68510900 0.56613200
vt 0.71362600 0.58917800
vt 0.21998500 0.11132300
vt 0.85579100 0.44553900
vt 0.85874300 0.45959400
vt 0.22115700 0.09018300
vt 0.84859800 0.52167000
vt 0.74802600 0.60222500
vt 0.83844600 0.54155100
vt 0.21546200 0.12158800
vt 0.85577200 0.43097500
vt 0.72243700 0.59294300
vt 0.22489500 0.07134300
vt 0.76513100 0.59701200
vt 0.84569600 0.51861900
vt 0.22894700 0.06024400
vt 0.65030000 0.50015900
vt 0.80348000 0.58388500
vt 0.78050900 0.59075600
vt 0.85091600 0.51427300
vt 0.76928000 0.38869900
vt 0.85617400 0.45726600
vt 0.75216100 0.39141300
vt 0.21601900 0.13103500
vt 0.79966000 0.38995200
vt 0.82646100 0.56206700
vt 0.73293500 0.59369100
vt 0.85289900 0.43496400
vt 0.70517800 0.58460900
vt 0.22691000 0.06727400
vt 0.85047000 0.50121300
vt 0.21889500 0.08927700
vt 0.74776400 0.59603000
vt 0.85584900 0.47198500
vt 0.22439100 0.07615300
vt 0.85407000 0.45058900
vt 0.67069100 0.54115000
vt 0.76843500 0.59560100
vt 0.65303400 0.50828700
vt 0.22970300 0.05639800
vt 0.67894600 0.55757300
vt 0.69303000 0.57303100
vt 0.75789000 0.38997300
vt 0.85779500 0.48155600
vt 0.21655200 0.10870100
vt 0.75177800 0.59581800
vt 0.65971100 0.51933100
vt 0.23096700 0.04962500
vt 0.21583100 0.11588300
vt 0.84255800 0.41304000
vt 0.84878400 0.50839600
vt 0.84907600 0.42173800
vt 0.85486600 0.46702900
vt 0.84716700 0.50433100
vt 0.22099800 0.08333300
vt 0.85316300 0.45843500
vt 0.85391100 0.45558400
vt 0.85358700 0.49722000
vt 0.85187300 0.43903300
vt 0.77876800 0.38911900
vt 0.71009000 0.58524300
vt 0.68878800 0.56905100
vt 0.75916900 0.59261600
vt 0.81105500 0.39199300
vt 0.79940600 0.58276000
vt 0.22167300 0.07814600
vt 0.66303900 0.52231700
vt 0.74314100 0.59529000
vt 0.82881000 0.55336400
vt 0.68887300 0.56666500
vt 0.21501200 0.12701200
vt 0.74425400 0.39355900
vt 0.80187200 0.39063500
vt 0.71466500 0.58725800
vt 0.80580200 0.57791800
vt 0.66875000 0.53497900
vt 0.83257000 0.40262300
vt 0.85304400 0.47553900
vt 0.75443200 0.39137000
vt 0.80549700 0.57265600
vt 0.78878700 0.58572400
vt 0.79818400 0.57858900
vt 0.67226600 0.54663500
vt 0.72128400 0.59057500
vt 0.83771400 0.40607500
vt 0.80997100 0.39373600
vt 0.21484200 0.10655500
vt 0.84062600 0.53494200
vt 0.78742500 0.58207000
vt 0.85458200 0.46187100
vt 0.75395700 0.59491600
vt 0.84524400 0.52312100
vt 0.85144700 0.42758500
vt 0.68166900 0.56044200
vt 0.69169900 0.56928700
vt 0.77097600 0.59002500
vt 0.22201100 0.07443000
vt 0.84966100 0.43708500
vt 0.67941000 0.55491700
vt 0.65448000 0.50348500
vt 0.74859400 0.39306700
vt 0.85274900 0.48517800
vt 0.78536900 0.39154700
vt 0.78856100 0.38961500
vt 0.84821000 0.49330400
vt 0.23156500 0.05219200
vt 0.65738200 0.51703900
vt 0.79803300 0.39147200
vt 0.85292700 0.44173500
vt 0.82796900 0.54703500
vt 0.83096800 0.40071500
vt 0.85161600 0.45464300
vt 0.80233500 0.39298100
vt 0.21522200 0.09472800
vt 0.77668700 0.58913300
vt 0.77125500 0.38997300
vt 0.85137600 0.46306900
vt 0.83532400 0.40864100
vt 0.84571400 0.42228300
vt 0.76248900 0.39048200
vt 0.70068400 0.57836500
vt 0.79165500 0.39193400
vt 0.75340200 0.39230300
vt 0.21465900 0.11081000
vt 0.83314100 0.40516700
vt 0.68386200 0.56014400
vt 0.76580500 0.39056400
vt 0.83762900 0.52774100
vt 0.71919500 0.40194400
vt 0.21275300 0.11472300
vt 0.79874000 0.39252300
vt 0.81290700 0.39509700
vt 0.84279600 0.51127600
vt 0.82316900 0.39948500
vt 0.84427900 0.51356000
vt 0.85280700 0.44984900
vt 0.21941900 0.07730200
vt 0.67426600 0.54710200
vt 0.21723700 0.09327800
vt 0.84532500 0.41778400
vt 0.68631400 0.56335700
vt 0.72759700 0.58662200
vt 0.82800000 0.40362000
vt 0.21622700 0.10317100
vt 0.82301100 0.55517700
vt 0.69533300 0.57278100
vt 0.79381200 0.58147900
vt 0.82180300 0.40054200
vt 0.85089800 0.46648600
vt 0.85146800 0.44591400
vt 0.73390400 0.59183100
vt 0.74492700 0.39444700
vt 0.74490400 0.59145900
vt 0.84553900 0.42617500
vt 0.85177800 0.47144400
vt 0.84919600 0.48484800
vt 0.84919100 0.44954600
vt 0.66174700 0.51664300
vt 0.83220900 0.54447500
vt 0.84832200 0.43192700
vt 0.71602300 0.58576300
vt 0.66533400 0.52098600
vt 0.22339800 0.06376400
vt 0.65411600 0.49045600
vt 0.82081100 0.55980500
vt 0.84945300 0.49003500
vt 0.70387500 0.57879800
vt 0.84708600 0.49716600
vt 0.21725000 0.08346600
vt 0.80504800 0.39345200
vt 0.80847800 0.56914500
vt 0.84685300 0.42985300
vt 0.75631800 0.39202100
vt 0.84496600 0.50167600
vt 0.83639300 0.41137100
vt 0.68472400 0.55919300
vt 0.21747700 0.08615500
vt 0.81232000 0.56329200
vt 0.83023400 0.40690900
vt 0.84783800 0.47566000
vt 0.75893400 0.39175700
vt 0.77465800 0.39124100
vt 0.82410100 0.55015600
vt 0.81567300 0.39609200
vt 0.83664500 0.53361700
vt 0.84939600 0.45422800
vt 0.82263400 0.40204400
vt 0.67119500 0.53766500
vt 0.84808000 0.46365900
vt 0.65566900 0.48166700
vt 0.22073700 0.06781600
vt 0.83802200 0.52375700
vt 0.84940100 0.45957500
vt 0.74940100 0.39411800
vt 0.74171300 0.59251600
vt 0.65751100 0.50722600
vt 0.72621100 0.39983300
vt 0.21136000 0.11868200
vt 0.73593100 0.58889800
vt 0.83858500 0.41456200
vt 0.83914200 0.41855100
vt 0.83833800 0.41717300
vt 0.84196700 0.50595700
vt 0.84815700 0.47213600
vt 0.77928100 0.58490800
vt 0.71117900 0.58297000
vt 0.84701900 0.44125700
vt 0.69909700 0.41171600
vt 0.21144300 0.10406300
vt 0.79625500 0.39316100
vt 0.76562000 0.59068600
vt 0.21173800 0.12321100
vt 0.73579700 0.39705300
vt 0.67625200 0.54597300
vt 0.75981500 0.58818700
vt 0.72319000 0.58741500
vt 0.65881700 0.47277700
vt 0.21561000 0.07100600
vt 0.21448200 0.08984800
vt 0.75474200 0.59025900
vt 0.21307500 0.09705600
vt 0.75267000 0.39390500
vt 0.82720000 0.53906600
vt 0.84608100 0.45877900
vt 0.67385800 0.54275600
vt 0.84434600 0.49426900
vt 0.77462100 0.58521200
vt 0.81496300 0.56027700
vt 0.21226700 0.11002900
vt 0.71036900 0.40617100
vt 0.82336400 0.40476800
vt 0.84937700 0.47929600
vt 0.70813600 0.58117000
vt 0.66002000 0.46546900
vt 0.21565500 0.07470400
vt 0.80975500 0.39678100
vt 0.82518900 0.54488100
vt 0.65701900 0.49553000
vt 0.79982200 0.57146500
vt 0.82815800 0.40745100
vt 0.80776300 0.56379900
vt 0.80741900 0.39544000
vt 0.65670900 0.48748800
vt 0.84203700 0.48982300
vt 0.76652000 0.58343600
vt 0.79673400 0.57479300
vt 0.81623500 0.39938500
vt 0.80118400 0.39462300
vt 0.21507400 0.07932700
vt 0.84696700 0.44833100
vt 0.65427300 0.49410100
vt 0.84531600 0.44354200
vt 0.66904600 0.52993600
vt 0.78072000 0.57897000
vt 0.84008200 0.52002600
vt 0.81645200 0.40045600
vt 0.67012100 0.52901900
vt 0.78983900 0.57689700
vt 0.84107800 0.49820500
vt 0.75006700 0.58969000
vt 0.74805400 0.39528600
vt 0.77988200 0.39246800
vt 0.84683200 0.46910900
vt 0.21026300 0.09865700
vt 0.69082100 0.41926700
vt 0.80046800 0.39590500
vt 0.73965600 0.58761500
vt 0.83852100 0.51023100
vt 0.66511800 0.51493600
vt 0.81865100 0.40195600
vt 0.84360200 0.44029000
vt 0.69328900 0.56800800
vt 0.83012400 0.53402200
vt 0.84561300 0.47880200
vt 0.81729600 0.55181200
vt 0.83559100 0.51390900
vt 0.71782300 0.58557500
vt 0.21147700 0.10164500
vt 0.69523800 0.41428300
vt 0.70590900 0.57762700
vt 0.76353800 0.39206200
vt 0.83477700 0.52345000
vt 0.74070100 0.39707000
vt 0.21199400 0.08959200
vt 0.73168900 0.58737000
vt 0.84516100 0.47642200
vt 0.67758300 0.54494300
vt 0.80914900 0.39835000
vt 0.84423000 0.48425300
vt 0.65799700 0.50078600
vt 0.82053700 0.40579100
vt 0.84103900 0.50268400
vt 0.83768700 0.42303400
vt 0.84281400 0.43575600
vt 0.84558400 0.46707100
vt 0.77015400 0.58313100
vt 0.68079900 0.55313400
vt 0.80064400 0.56678700
vt 0.21087900 0.10712200
vt 0.70464100 0.40967100
vt 0.66008200 0.50361500
vt 0.71575600 0.57990600
vt 0.70156000 0.41374600
vt 0.84189300 0.42933500
vt 0.84143400 0.47937700
vt 0.71856000 0.40447400
vt 0.83059500 0.41303300
vt 0.78593900 0.39374500
vt 0.71369200 0.58114900
vt 0.77660900 0.57970900
vt 0.84485700 0.47261600
vt 0.84516800 0.45154900
vt 0.21097100 0.09476700
vt 0.68508600 0.42375900
vt 0.69765300 0.57133700
vt 0.84352600 0.45493100
vt 0.81329200 0.55639500
vt 0.80375000 0.56304700
vt 0.82449800 0.40933100
vt 0.68461400 0.55393600
vt 0.83941100 0.43018300
vt 0.75326700 0.58528700
vt 0.72733500 0.40080700
vt 0.65760700 0.47844700
vt 0.21753700 0.06842000
vt 0.79237500 0.57284800
vt 0.81952300 0.54118700
vt 0.77078300 0.39250400
vt 0.73516000 0.39855500
vt 0.83778200 0.50640200
vt 0.66993900 0.52439800
vt 0.83104200 0.52744100
vt 0.75756100 0.39352100
vt 0.21387700 0.08505400
vt 0.84241100 0.45037800
vt 0.77143900 0.58146700
vt 0.70012500 0.57127800
vt 0.69097400 0.56135600
vt 0.75994300 0.58474200
vt 0.71108400 0.57980600
vt 0.83605300 0.50156700
vt 0.80265000 0.39696000
vt 0.72459100 0.58179300
vt 0.73452000 0.58335400
vt 0.70494700 0.57362600
vt 0.66266400 0.50905800
vt 0.75945400 0.58190300
vt 0.74174400 0.39796200
vt 0.76312300 0.58199400
vt 0.83894800 0.49433800
vt 0.81392800 0.40161400
vt 0.83900200 0.43916700
vt 0.71763600 0.57919100
vt 0.21228200 0.08183900
vt 0.68124600 0.54949100
vt 0.84184400 0.45960200
vt 0.79077600 0.39459300
vt 0.66000500 0.50862900
vt 0.83293500 0.42215700
vt 0.79536100 0.39591000
vt 0.69360000 0.56297300
vt 0.75600200 0.58487500
vt 0.21035900 0.08698100
vt 0.84231500 0.47033700
vt 0.84129900 0.44439800
vt 0.80325400 0.39826400
vt 0.67847500 0.54353600
vt 0.84080300 0.47199000
vt 0.84270400 0.46197200
vt 0.66704000 0.52112200
vt 0.75011400 0.58453500
vt 0.76569800 0.39323600
vt 0.79480700 0.56723500
vt 0.83963000 0.46616200
vt 0.81404800 0.54787300
vt 0.21236200 0.07671500
vt 0.66369500 0.46005600
vt 0.71887500 0.40579600
vt 0.69620000 0.56405600
vt 0.67183100 0.53006500
vt 0.82536900 0.52825500
vt 0.83492900 0.42718500
vt 0.68823300 0.56008300
vt 0.83657700 0.48005800
vt 0.66018100 0.49855200
vt 0.80258100 0.55790900
vt 0.84085300 0.47609900
vt 0.80832200 0.40038200
vt 0.73929900 0.58266100
vt 0.83325300 0.50853500
vt 0.81799400 0.54760200
vt 0.73119000 0.40060500
vt 0.67373300 0.53785700
vt 0.74427500 0.58450900
vt 0.75155200 0.39655700
vt 0.82724900 0.52366000
vt 0.83986700 0.43369600
vt 0.84079000 0.45453600
vt 0.74802900 0.39620400
vt 0.83139700 0.51851400
vt 0.75663400 0.58055900
vt 0.81390700 0.40488600
vt 0.66716300 0.51510100
vt 0.20954700 0.08316500
vt 0.69087300 0.42262500
vt 0.79160100 0.39630300
vt 0.78585700 0.39543200
vt 0.77756100 0.39376400
vt 0.82274700 0.41197200
vt 0.66028000 0.47822400
vt 0.65963600 0.48763900
vt 0.70187300 0.56876500
vt 0.68131600 0.43022000
vt 0.20751900 0.09185200
vt 0.80842800 0.55237700
vt 0.78744400 0.57059000
vt 0.80812200 0.55792500
vt 0.79569200 0.39762000
vt 0.83806300 0.46155400
vt 0.77123900 0.39448400
vt 0.83861900 0.45407600
vt 0.79638800 0.56051300
vt 0.83584100 0.43775900
vt 0.81415600 0.53788800
vt 0.77721600 0.57465600
vt 0.71111600 0.57433600
vt 0.83212000 0.42613000
vt 0.70772900 0.57382600
vt 0.82063200 0.53485800
vt 0.81568500 0.40393000
vt 0.79026300 0.39765500
vt 0.82820300 0.41828300
vt 0.66924000 0.51816200
vt 0.81845600 0.40903100
vt 0.68208400 0.54730800
vt 0.83759800 0.47567300
vt 0.83611700 0.44239300
vt 0.76548700 0.39567600
vt 0.72936400 0.58133700
vt 0.66884200 0.45034900
vt 0.20925300 0.08086900
vt 0.82662700 0.41449200
vt 0.71965800 0.40677000
vt 0.70824200 0.41151400
vt 0.69226600 0.42340300
vt 0.81231700 0.40652100
vt 0.83715200 0.44826400
vt 0.75887100 0.39447200
vt 0.73300100 0.40172700
vt 0.80110400 0.40040200
vt 0.68692200 0.42492300
vt 0.83725700 0.48875000
vt 0.66476100 0.46129100
vt 0.78220500 0.57133700
vt 0.82616500 0.51952700
vt 0.74105700 0.57934600
vt 0.82970000 0.51101800
vt 0.82193500 0.52244400
vt 0.83487100 0.43315700
vt 0.66479000 0.50374200
vt 0.77791700 0.39548800
vt 0.66174000 0.49067200
vt 0.67466800 0.53487100
vt 0.83227700 0.44322900
vt 0.83487800 0.49066500
vt 0.83723600 0.45728700
vt 0.68381600 0.54702700
vt 0.74202800 0.39898300
vt 0.83616000 0.46402200
vt 0.83662100 0.48347400
vt 0.81473000 0.54064300
vt 0.75623600 0.39691200
vt 0.80390100 0.55174100
vt 0.66171400 0.46772900
vt 0.74504900 0.39887700
vt 0.79831100 0.55723000
vt 0.77144700 0.57585800
vt 0.70049300 0.41895100
vt 0.67268600 0.52640200
vt 0.81929500 0.41283000
vt 0.83404400 0.49632500
vt 0.80331500 0.40198500
vt 0.67527600 0.53138300
vt 0.69764400 0.56369000
vt 0.66572800 0.50800400
vt 0.76417500 0.57569000
vt 0.66309700 0.49201600
vt 0.68110800 0.54153900
vt 0.68731900 0.55222600
vt 0.83375600 0.46847900
vt 0.71902400 0.57642000
vt 0.78130100 0.39658900
vt 0.70365800 0.56831800
vt 0.78411600 0.39750400
vt 0.80774600 0.40364200
vt 0.78535800 0.56219800
vt 0.82449100 0.50947300
vt 0.76091000 0.57746900
vt 0.83159400 0.48221100
vt 0.20820500 0.08771900
vt 0.67568900 0.43506000
vt 0.76218800 0.39672900
vt 0.75673400 0.39840100
vt 0.79530700 0.39947800
vt 0.83705600 0.46994600
vt 0.66869400 0.51343800
vt 0.83408300 0.45714900
vt 0.73620000 0.57549800
vt 0.67161200 0.44827000
vt 0.75770500 0.57447000
vt 0.74481000 0.57988600
vt 0.83158500 0.49824200
vt 0.82256500 0.41733100
vt 0.66830300 0.45559300
vt 0.69181700 0.55642900
vt 0.72075300 0.40831600
vt 0.68630200 0.54670200
vt 0.83204100 0.43735100
vt 0.77548500 0.56846500
vt 0.82756500 0.42556800
vt 0.80902500 0.40723300
vt 0.72472600 0.57334100
vt 0.82803700 0.48525800
vt 0.78632700 0.40062200
vt 0.72815300 0.40330300
vt 0.81432400 0.53335600
vt 0.75198700 0.57915900
vt 0.82499100 0.42170500
vt 0.76253500 0.57355700
vt 0.74876900 0.57544400
vt 0.81269200 0.41042700
vt 0.68078800 0.43252800
vt 0.83001000 0.43359900
vt 0.72801800 0.57681800
vt 0.66175900 0.48208100
vt 0.83229900 0.45472900
vt 0.82144200 0.51586000
vt 0.80819400 0.54506300
vt 0.77437000 0.39782000
vt 0.67315100 0.52188500
vt 0.82912100 0.50207100
vt 0.77131600 0.39680800
vt 0.76216700 0.39830700
vt 0.67769700 0.53746200
vt 0.83246000 0.47300800
vt 0.71570300 0.57166700
vt 0.73158900 0.57659200
vt 0.70710800 0.56802600
vt 0.66309000 0.50070000
vt 0.77922100 0.39842600
vt 0.83485200 0.45142500
vt 0.83482600 0.46121800
vt 0.74616100 0.39987200
vt 0.68507500 0.43045100
vt 0.76998200 0.39584700
vt 0.66906100 0.50982000
vt 0.82978800 0.49038700
vt 0.76711400 0.57236900
vt 0.82717300 0.49420200
vt 0.79965800 0.40263400
vt 0.82741500 0.49749700
vt 0.80202600 0.40561400
vt 0.67685600 0.43750800
vt 0.70989500 0.41212100
vt 0.78978400 0.56006500
vt 0.83085100 0.46669100
vt 0.82071900 0.52667200
vt 0.81359800 0.52748700
vt 0.73758400 0.40171700
vt 0.78150600 0.39913300
vt 0.82861100 0.44993900
vt 0.71284700 0.57163400
vt 0.69110100 0.42661900
vt 0.83039600 0.45729600
vt 0.80742700 0.53519300
vt 0.78125500 0.56071400
vt 0.83029200 0.44446300
vt 0.80471400 0.53962000
vt 0.67972200 0.43555900
vt 0.82158500 0.51038800
vt 0.66400200 0.46798700
vt 0.74314400 0.40284000
vt 0.69642800 0.55823300
vt 0.76620900 0.39923000
vt 0.72965800 0.40383100
vt 0.70298100 0.41977500
vt 0.68241900 0.43401300
vt 0.81399500 0.41582900
vt 0.67444900 0.52329000
vt 0.82838900 0.44162800
vt 0.79335300 0.55568000
vt 0.79607000 0.40400900
vt 0.77607700 0.56165500
vt 0.71545300 0.41123500
vt 0.82048400 0.42057400
vt 0.75365700 0.57045300
vt 0.66708500 0.46053200
vt 0.67064600 0.51583500
vt 0.78177800 0.40043100
vt 0.66550400 0.49075800
vt 0.82841700 0.45998800
vt 0.67955000 0.53304600
vt 0.72541600 0.40671400
vt 0.69379500 0.55444600
vt 0.79370100 0.40129000
vt 0.80872600 0.41032800
vt 0.68552900 0.43119300
vt 0.80311900 0.40839800
vt 0.82623400 0.43490800
vt 0.75898900 0.56962100
vt 0.67193400 0.51837500
vt 0.66743500 0.46259900
vt 0.67657100 0.52609200
vt 0.79427100 0.40286500
vt 0.72022600 0.57015700
vt 0.66684100 0.50493100
vt 0.78555100 0.55270100
vt 0.82258800 0.49591100
vt 0.81568300 0.52044800
vt 0.79616200 0.54662600
vt 0.81962300 0.42596200
vt 0.82265200 0.43270700
vt 0.66524400 0.48056600
vt 0.68449700 0.54073700
vt 0.77032600 0.56718600
vt 0.82729900 0.46937600
vt 0.82307800 0.43993000
vt 0.82841000 0.46608200
vt 0.82654600 0.43981000
vt 0.82710100 0.42913200
vt 0.78566500 0.40217400
vt 0.70865900 0.41570700
vt 0.70386800 0.56183600
vt 0.81812100 0.51175300
vt 0.77995500 0.40170900
vt 0.67520100 0.44445100
vt 0.82891300 0.45468900
vt 0.77729800 0.40091900
vt 0.80995700 0.41601800
vt 0.73171900 0.56805800
vt 0.66542400 0.49582300
vt 0.81802500 0.42088400
vt 0.82649100 0.48052100
vt 0.69028000 0.54820600
vt 0.74041100 0.40246300
vt 0.73497100 0.57167900
vt 0.68236400 0.53721700
vt 0.71859300 0.41081800
vt 0.71228900 0.56616800
vt 0.71296500 0.41404400
vt 0.68394000 0.43434700
vt 0.66455200 0.47247200
vt 0.73227600 0.40466900
vt 0.74567000 0.57053800
vt 0.82474400 0.50368500
vt 0.72714000 0.57128200
vt 0.81039900 0.53222100
vt 0.66963100 0.50739600
vt 0.82434000 0.48415000
vt 0.79513500 0.54970900
vt 0.79881100 0.54400900
vt 0.82576500 0.46214900
vt 0.80959700 0.52526600
vt 0.82575200 0.47759700
vt 0.76774800 0.56240000
vt 0.75763200 0.40041300
vt 0.69795800 0.55438200
vt 0.67966800 0.43702400
vt 0.69415200 0.42779100
vt 0.80189600 0.41006900
vt 0.70768100 0.41916100
vt 0.67863100 0.43996600
vt 0.77017500 0.40044800
vt 0.73652700 0.40580500
vt 0.73927100 0.56976700
vt 0.70965700 0.56469500
vt 0.79735900 0.40655100
vt 0.76525400 0.56681100
vt 0.82010500 0.49292400
vt 0.66732500 0.49944100
vt 0.71586800 0.56745500
vt 0.71380200 0.41455700
vt 0.66824700 0.46532800
vt 0.80460300 0.41428000
vt 0.80185400 0.53496400
vt 0.67156900 0.51012300
vt 0.66526800 0.48520100
vt 0.82011600 0.50511200
vt 0.69155700 0.54506600
vt 0.75083500 0.56784100
vt 0.81491500 0.42030500
vt 0.70216000 0.55679000
vt 0.82636300 0.44631700
vt 0.72624900 0.40756700
vt 0.78252700 0.40417100
vt 0.66761300 0.49357900
vt 0.74970300 0.40196000
vt 0.77902000 0.55520000
vt 0.67072600 0.45437800
vt 0.82035000 0.46551200
vt 0.82498900 0.45554900
vt 0.71958000 0.41168600
vt 0.78998500 0.40653800
vt 0.66955500 0.50297900
vt 0.72148200 0.56537400
vt 0.76146100 0.40102800
vt 0.82339800 0.47742400
vt 0.78845000 0.54919800
vt 0.81795200 0.42321600
vt 0.82023500 0.50112500
vt 0.67428100 0.44942700
vt 0.77173700 0.56100400
vt 0.71133100 0.56256200
vt 0.80545000 0.52888400
vt 0.79607300 0.40862400
vt 0.67241300 0.51553900
vt 0.76554100 0.40139100
vt 0.81887900 0.43903400
vt 0.68267600 0.53445000
vt 0.81872700 0.43063000
vt 0.77415800 0.55595000
vt 0.82173200 0.48171800
vt 0.68788600 0.54073200
vt 0.80174200 0.41492700
vt 0.76915100 0.40255100
vt 0.79395400 0.40708900
vt 0.66792700 0.48141600
vt 0.81599700 0.43445500
vt 0.75413700 0.40262400
vt 0.82187600 0.45847600
vt 0.72878200 0.40855700
vt 0.67571800 0.52169600
vt 0.81311100 0.51095500
vt 0.80691600 0.41687800
vt 0.70824600 0.55929300
vt 0.81556000 0.49642400
vt 0.73218300 0.40687900
vt 0.80004700 0.53998100
vt 0.66839000 0.49964300
vt 0.66710800 0.47645800
vt 0.81233900 0.51676600
vt 0.70547400 0.55663500
vt 0.81724000 0.50068400
vt 0.67543500 0.51538300
vt 0.82035200 0.48578200
vt 0.81165200 0.42536700
vt 0.81930100 0.47845900
vt 0.71895300 0.56414200
vt 0.66920000 0.49252300
vt 0.81869300 0.44978400
vt 0.67138800 0.45719900
vt 0.73873400 0.56636800
vt 0.73517100 0.56377700
vt 0.74358600 0.40469400
vt 0.82034500 0.46252000
vt 0.81944100 0.44382000
vt 0.82422500 0.47347000
vt 0.67204300 0.50585900
vt 0.80870500 0.51466900
vt 0.82275300 0.48957100
vt 0.66851500 0.47065400
vt 0.82265600 0.44694400
vt 0.68867300 0.43284400
vt 0.79466400 0.41172000
vt 0.81116100 0.42127700
vt 0.78991700 0.40835900
vt 0.77448500 0.40599400
vt 0.71165200 0.41715800
vt 0.81839100 0.45331900
vt 0.77834200 0.40284200
vt 0.77246300 0.40476400
vt 0.80630600 0.41915500
vt 0.67685200 0.44421300
vt 0.79338700 0.53979800
vt 0.80251900 0.53215700
vt 0.68641300 0.53530100
vt 0.81624700 0.45639600
vt 0.76652300 0.40404300
vt 0.80652000 0.51896400
vt 0.75613800 0.40366400
vt 0.80457800 0.52314800
vt 0.76296600 0.56335000
vt 0.67468200 0.50617900
vt 0.81406300 0.43092700
vt 0.81932400 0.47542800
vt 0.76975100 0.55627300
vt 0.69658800 0.42732800
vt 0.74437800 0.56540200
vt 0.81309700 0.50214600
vt 0.67986900 0.52542100
vt 0.71224800 0.55852700
vt 0.73910800 0.55988200
vt 0.74947300 0.40468500
vt 0.72502000 0.41133300
vt 0.81730700 0.48265300
vt 0.81054300 0.50863300
vt 0.66781400 0.48619800
vt 0.67096500 0.46483700
vt 0.79665400 0.52961300
vt 0.78396600 0.55054400
vt 0.67116100 0.49866300
vt 0.81962900 0.47103000
vt 0.75849700 0.40472300
vt 0.78707200 0.54362700
vt 0.78419800 0.40701500
vt 0.69122300 0.53877500
vt 0.70130300 0.55064500
vt 0.68835200 0.53572900
vt 0.78044900 0.54542700
vt 0.74634000 0.56162400
vt 0.80123900 0.41846500
vt 0.67347000 0.51026800
vt 0.79648300 0.41411600
vt 0.72097100 0.41284400
vt 0.75760400 0.56329100
vt 0.67116800 0.49256900
vt 0.81647800 0.43959700
vt 0.78780400 0.40954300
vt 0.67307000 0.47282400
vt 0.68352600 0.53089400
vt 0.71565300 0.41542700
vt 0.81207700 0.43362800
vt 0.69703400 0.54975500
vt 0.71601500 0.56182600
vt 0.72013500 0.55892600
vt 0.73327000 0.40845100
vt 0.69309500 0.43082500
vt 0.67124600 0.47156000
vt 0.81467000 0.45337500
vt 0.70267800 0.42483100
vt 0.81572000 0.45922700
vt 0.81680700 0.46776300
vt 0.74518400 0.40678800
vt 0.67042300 0.48523500
vt 0.79511700 0.53408800
vt 0.72869800 0.56542000
vt 0.81635500 0.49030700
vt 0.66940900 0.47865200
vt 0.81238900 0.49164100
vt 0.75456800 0.40666900
vt 0.77168900 0.55322700
vt 0.74900300 0.55841900
vt 0.70751600 0.55388800
vt 0.67570900 0.45156000
vt 0.71638600 0.55497300
vt 0.81488900 0.46779700
vt 0.79711500 0.41879900
vt 0.78963300 0.41163300
vt 0.70966400 0.42132400
vt 0.81449700 0.44343600
vt 0.79322600 0.41580000
vt 0.77844400 0.40679700
vt 0.67451800 0.45267500
vt 0.68070300 0.52123800
vt 0.80786800 0.42447500
vt 0.67719600 0.51914700
vt 0.73044400 0.56060200
vt 0.67975700 0.44028800
vt 0.76349900 0.40661400
vt 0.80984000 0.43388400
vt 0.78898800 0.53615200
vt 0.80726300 0.42770400
vt 0.67833400 0.44664400
vt 0.80435500 0.51165400
vt 0.76432500 0.55239500
vt 0.78181700 0.41024400
vt 0.78185000 0.54167700
vt 0.72869200 0.41075200
vt 0.81185700 0.44266200
vt 0.67339100 0.49922600
vt 0.78511300 0.41209200
vt 0.77277800 0.54857000
vt 0.80635900 0.50675100
vt 0.81546800 0.44720200
vt 0.76532100 0.55737900
vt 0.80974900 0.49446700
vt 0.76876700 0.55150600
vt 0.77074400 0.40711300
vt 0.81062800 0.49805200
vt 0.80585100 0.43207500
vt 0.67687500 0.51329900
vt 0.67690800 0.50734900
vt 0.73599100 0.40901800
vt 0.78399600 0.53786200
vt 0.81340400 0.47005200
vt 0.81685400 0.46375300
vt 0.74428600 0.40795500
vt 0.68507300 0.52815200
vt 0.67116300 0.48801400
vt 0.81177200 0.44874500
vt 0.69430900 0.43120700
vt 0.71524600 0.41717900
vt 0.68304900 0.52471500
vt 0.80025500 0.42169500
vt 0.80001100 0.51934700
vt 0.77639900 0.54921400
vt 0.74081800 0.55602000
vt 0.75761900 0.40799500
vt 0.80190300 0.51157500
vt 0.67426600 0.45802600
vt 0.81305500 0.47555200
vt 0.81219300 0.43940300
vt 0.72693900 0.55838500
vt 0.68042300 0.44377800
vt 0.70011400 0.42763300
vt 0.68403200 0.43759000
vt 0.80851700 0.48129800
vt 0.75752900 0.55375200
vt 0.77659400 0.40906900
vt 0.75413400 0.55507100
vt 0.71947400 0.41589300
vt 0.78951200 0.53090000
vt 0.75045300 0.40628600
vt 0.81146300 0.48630500
vt 0.78811100 0.41369800
vt 0.74003100 0.40831000
vt 0.79647800 0.52453400
vt 0.81006700 0.44417300
vt 0.69719300 0.54426200
vt 0.73272000 0.55486200
vt 0.67439200 0.46011800
vt 0.80987200 0.46945500
vt 0.80790500 0.45029800
vt 0.70219500 0.54545400
vt 0.67290700 0.49297900
vt 0.69427600 0.54035700
vt 0.70681500 0.54894400
vt 0.80860000 0.44113800
vt 0.81183500 0.47957700
vt 0.79955200 0.42572300
vt 0.71179300 0.55381300
vt 0.80488100 0.43404600
vt 0.81054500 0.45347100
vt 0.67283100 0.46805900
vt 0.67925700 0.44721500
vt 0.80753600 0.44616700
vt 0.80117200 0.50623100
vt 0.80320400 0.48582600
vt 0.72652300 0.55342500
vt 0.78893500 0.41823000
vt 0.76427000 0.54691700
vt 0.77849400 0.54013700
vt 0.72582800 0.41369100
vt 0.80607500 0.43680800
vt 0.80764600 0.44377200
vt 0.81052100 0.46000900
vt 0.79014400 0.42034600
vt 0.67429100 0.48751600
vt 0.69689900 0.53639300
vt 0.70926700 0.42384100
vt 0.77682600 0.41163400
vt 0.68233600 0.44087200
vt 0.78468100 0.41640900
vt 0.80702600 0.50203600
vt 0.74031400 0.55203900
vt 0.71927400 0.55279400
vt 0.70447900 0.42586900
vt 0.67224500 0.47819300
vt 0.78248500 0.53415400
vt 0.79471400 0.42292700
vt 0.71478700 0.55119200
vt 0.80786500 0.46371700
vt 0.80728600 0.47242500
vt 0.77155900 0.41106300
vt 0.80582600 0.49114900
vt 0.76203700 0.40898300
vt 0.79502000 0.42611700
vt 0.67854300 0.45040000
vt 0.76974100 0.40873300
vt 0.74944000 0.55264500
vt 0.80456500 0.50021400
vt 0.80396600 0.49645700
vt 0.72873100 0.41368100
vt 0.80304700 0.42993000
vt 0.79539700 0.51388100
vt 0.80049000 0.43428100
vt 0.69099500 0.43622600
vt 0.81157100 0.46499700
vt 0.77631900 0.53649500
vt 0.80837700 0.47702500
vt 0.67398900 0.46495200
vt 0.74302600 0.40973000
vt 0.71165400 0.42353700
vt 0.76153300 0.41061000
vt 0.80336200 0.44071300
vt 0.67623400 0.50250000
vt 0.67736100 0.45666300
vt 0.68727100 0.52511300
vt 0.69139400 0.43461800
vt 0.79256300 0.51903100
vt 0.68413000 0.52086700
vt 0.68530800 0.44219200
vt 0.75224500 0.40807900
vt 0.73624200 0.55350600
vt 0.71123900 0.54803500
vt 0.77373300 0.41352700
vt 0.68307400 0.51148700
vt 0.77244700 0.54050300
vt 0.73878700 0.41095700
vt 0.68986200 0.53173800
vt 0.80265700 0.44645200
vt 0.78372800 0.53057100
vt 0.76653000 0.54161700
vt 0.69873400 0.43045500
vt 0.80771700 0.46789100
vt 0.78885100 0.52579200
vt 0.72209300 0.55285100
vt 0.75795900 0.41007900
vt 0.67517700 0.46800000
vt 0.78769300 0.42301100
vt 0.80073100 0.50274500
vt 0.67375100 0.48039000
vt 0.78722500 0.52247600
vt 0.79713500 0.43172500
vt 0.78849200 0.51722800
vt 0.80066900 0.49455000
vt 0.79634500 0.50764500
vt 0.67403900 0.47526500
vt 0.70136200 0.43017000
vt 0.80525700 0.46105600
vt 0.71525800 0.41964800
vt 0.68197100 0.44448700
vt 0.73154700 0.54983300
vt 0.80506100 0.48283300
vt 0.80398100 0.47385900
vt 0.74618100 0.54847500
vt 0.69983500 0.54088800
vt 0.79241100 0.42882300
vt 0.75744700 0.54630400
vt 0.76927400 0.53813600
vt 0.67719500 0.45447600
vt 0.80361300 0.46819600
vt 0.72087200 0.41844600
vt 0.79602300 0.50339000
vt 0.71481400 0.54767100
vt 0.67871600 0.51051300
vt 0.78083700 0.52784200
vt 0.80448500 0.45360000
vt 0.80531000 0.44901000
vt 0.68412800 0.44253500
vt 0.68054000 0.44686200
vt 0.80354100 0.46555000
vt 0.76417500 0.41037000
vt 0.79389300 0.43136700
vt 0.70506400 0.54230200
vt 0.75248600 0.54307400
vt 0.76629800 0.41262500
vt 0.80055100 0.48826800
vt 0.79967600 0.44445000
vt 0.67869200 0.50069100
vt 0.72910200 0.54743000
vt 0.75420600 0.40947900
vt 0.77465900 0.41652800
vt 0.68615000 0.51869100
vt 0.74608800 0.41062700
vt 0.79142200 0.51427000
vt 0.73431400 0.41441500
vt 0.77697400 0.41837000
vt 0.79387000 0.50936700
vt 0.80245100 0.45864400
vt 0.69509300 0.53234900
vt 0.78381800 0.42249500
vt 0.77863800 0.41514600
vt 0.69145900 0.52629500
vt 0.75712100 0.41306400
vt 0.80131500 0.45669700
vt 0.67768500 0.49280000
vt 0.79815100 0.49626700
vt 0.77555200 0.53225500
vt 0.70181300 0.53715500
vt 0.68028600 0.50647500
vt 0.80215100 0.47798700
vt 0.79901000 0.43807500
vt 0.73676300 0.54767200
vt 0.75567300 0.53957100
vt 0.72158000 0.41973700
vt 0.73774000 0.41428700
vt 0.79338100 0.50658700
vt 0.79573600 0.44115800
vt 0.77028800 0.41566900
vt 0.74758300 0.41236900
vt 0.67998800 0.45020600
vt 0.70070800 0.43323900
vt 0.72568500 0.41859500
vt 0.68242900 0.44675400
vt 0.79848600 0.46972300
vt 0.80039300 0.48275100
vt 0.77924000 0.52466500
vt 0.79614700 0.49928000
vt 0.80224200 0.47165200
vt 0.68310000 0.50705000
vt 0.69428900 0.52743800
vt 0.72217100 0.54505300
vt 0.79726600 0.48361900
vt 0.79500000 0.43827200
vt 0.75103600 0.41428500
vt 0.80041300 0.44887600
vt 0.67604600 0.48188900
vt 0.78234600 0.52291000
vt 0.80116300 0.46351700
vt 0.78822800 0.42682800
vt 0.70781400 0.54166600
vt 0.78142100 0.51770400
vt 0.79035000 0.51041600
vt 0.75005900 0.54393900
vt 0.77281800 0.41696700
vt 0.67961800 0.49714300
vt 0.71361000 0.42534800
vt 0.80124000 0.45150600
vt 0.77823200 0.42173600
vt 0.76939100 0.53191800
vt 0.67694700 0.46112700
vt 0.80059800 0.46103400
vt 0.67785800 0.48592400
vt 0.76586300 0.41848600
vt 0.67844700 0.46647500
vt 0.76136000 0.53369500
vt 0.79858700 0.47848800
vt 0.78932300 0.50824800
vt 0.74453600 0.54232100
vt 0.69017200 0.52101600
vt 0.69100400 0.44033900
vt 0.76427100 0.41584900
vt 0.74474800 0.41576500
vt 0.70668600 0.42802100
vt 0.78546600 0.51340300
vt 0.68661900 0.44313400
vt 0.79673300 0.48951400
vt 0.79962300 0.47509600
vt 0.73922200 0.41659000
vt 0.79812100 0.45637400
vt 0.68727600 0.51413200
vt 0.73479600 0.54378900
vt 0.71191400 0.54004300
vt 0.67777300 0.48201800
vt 0.79658900 0.45960500
vt 0.68004100 0.45747500
vt 0.77525400 0.52698900
vt 0.79231200 0.50182000
vt 0.68148600 0.45531100
vt 0.79577700 0.46524600
vt 0.67763300 0.47666700
vt 0.75293000 0.41615200
vt 0.73513500 0.41861700
vt 0.75815900 0.41641700
vt 0.79645300 0.47563900
vt 0.69659700 0.43706400
vt 0.78503700 0.42968600
vt 0.76404800 0.53233900
vt 0.79588200 0.44586600
vt 0.70916500 0.42986300
vt 0.73137400 0.41852400
vt 0.75041300 0.53926600
vt 0.79687800 0.45429800
vt 0.77995900 0.42560700
vt 0.67982200 0.45500800
vt 0.71767500 0.42547400
vt 0.70038500 0.43625500
vt 0.68380700 0.50043800
vt 0.79179900 0.43602900
vt 0.79060900 0.44598800
vt 0.77121000 0.42071300
vt 0.78814400 0.50367200
vt 0.69797400 0.52942500
vt 0.69674100 0.52386600
vt 0.78579500 0.43348000
vt 0.79465300 0.44857200
vt 0.74566500 0.41879500
vt 0.76162300 0.42011300
vt 0.71896200 0.54410100
vt 0.79554800 0.47130600
vt 0.79470400 0.48089100
vt 0.72727300 0.54069400
vt 0.79175300 0.44193700
vt 0.79276600 0.46589700
vt 0.69394400 0.52045900
vt 0.68171400 0.49822800
vt 0.77597600 0.52049900
vt 0.72764500 0.42121100
vt 0.68381900 0.45036000
vt 0.79470500 0.48980200
vt 0.79188600 0.49852800
vt 0.70244500 0.53264400
vt 0.70637700 0.43410100
vt 0.68044700 0.49087700
vt 0.79463800 0.45202000
vt 0.71374400 0.42953500
vt 0.76507700 0.42096900
vt 0.71024400 0.53498500
vt 0.76779200 0.42312700
vt 0.79279100 0.47678500
vt 0.70704800 0.53373700
vt 0.67922300 0.48528700
vt 0.78067500 0.51438500
vt 0.69184900 0.51576000
vt 0.71894400 0.53815900
vt 0.77598000 0.51680100
vt 0.68562700 0.44740700
vt 0.68081200 0.48022800
vt 0.78040900 0.43017100
vt 0.78992000 0.49490000
vt 0.75333600 0.53455100
vt 0.68091400 0.47016100
vt 0.79421900 0.45666700
vt 0.79392000 0.48332900
vt 0.79314600 0.48563200
vt 0.79218900 0.49350400
vt 0.68068100 0.46392800
vt 0.74082500 0.42015600
vt 0.69656700 0.51814500
vt 0.79061000 0.48596500
vt 0.78358400 0.50656600
vt 0.78912200 0.45201600
vt 0.70065500 0.52658500
vt 0.68326200 0.45399000
vt 0.77725900 0.42826400
vt 0.78075200 0.43795600
vt 0.73187900 0.53795800
vt 0.72428200 0.42260700
vt 0.76969400 0.52362700
vt 0.69505100 0.44056300
vt 0.78841000 0.49848400
vt 0.76916300 0.42807400
vt 0.68389500 0.49449300
vt 0.72717200 0.53582000
vt 0.77686700 0.51179700
vt 0.75490500 0.41932600
vt 0.68665900 0.50731400
vt 0.79204700 0.46028800
vt 0.74157400 0.53712900
vt 0.78961300 0.46760100
vt 0.78385300 0.43796200
vt 0.78881300 0.48009700
vt 0.78604800 0.49919900
vt 0.68274900 0.48825900
vt 0.69798000 0.43982600
vt 0.78769700 0.44257400
vt 0.79151600 0.47068300
vt 0.74941500 0.41968200
vt 0.78756400 0.44846300
vt 0.75821900 0.42224700
vt 0.79160200 0.47998500
vt 0.70535700 0.52690100
vt 0.77929400 0.50440300
vt 0.79145700 0.45317000
vt 0.78524300 0.48931800
vt 0.78690700 0.49447000
vt 0.68942900 0.44839100
vt 0.68615700 0.45296200
vt 0.77076200 0.51675600
vt 0.78186600 0.51053800
vt 0.78966400 0.49096200
vt 0.76429600 0.52519000
vt 0.73727300 0.53468800
vt 0.76124900 0.42297400
vt 0.78576000 0.46248500
vt 0.73052100 0.53316600
vt 0.71310300 0.53308500
vt 0.77286600 0.42869900
vt 0.68976900 0.44498400
vt 0.72881700 0.42195300
vt 0.69699200 0.44435700
vt 0.74418700 0.42176500
vt 0.75553600 0.52997000
vt 0.68513500 0.45706800
vt 0.78894600 0.45845800
vt 0.78958700 0.46145300
vt 0.70963000 0.52924500
vt 0.78972000 0.48358600
vt 0.76464200 0.42666200
vt 0.77856100 0.43619700
vt 0.68319500 0.46278900
vt 0.71699900 0.53660200
vt 0.76074600 0.42545100
vt 0.68316600 0.47137700
vt 0.72175700 0.53592700
vt 0.78633400 0.46626400
vt 0.74836400 0.42291600
vt 0.77317200 0.43339200
vt 0.73390900 0.42241300
vt 0.75229300 0.42234700
vt 0.70186600 0.52052200
vt 0.70328300 0.43806700
vt 0.78461600 0.49231400
vt 0.78429000 0.48112300
vt 0.78186300 0.44123100
vt 0.78761800 0.47411100
vt 0.70707300 0.52479300
vt 0.75048600 0.52738200
vt 0.78212500 0.49897700
vt 0.72184000 0.42740800
vt 0.77931200 0.50095600
vt 0.74566800 0.53220400
vt 0.73236100 0.42596900
vt 0.77793100 0.44069500
vt 0.78037400 0.44413100
vt 0.68881000 0.50619700
vt 0.77333800 0.50474200
vt 0.78376700 0.45285300
vt 0.78338300 0.48484300
vt 0.71202300 0.52602000
vt 0.69126700 0.45042800
vt 0.71324700 0.43377800
vt 0.76303900 0.51862000
vt 0.76861100 0.51331100
vt 0.76785200 0.43041600
vt 0.76168200 0.43142300
vt 0.69076600 0.51168100
vt 0.77449900 0.43712100
vt 0.72833000 0.52967000
vt 0.70053100 0.44062600
vt 0.75567800 0.42415800
vt 0.72225100 0.53134800
vt 0.68366500 0.47580900
vt 0.75520000 0.52200300
vt 0.76604200 0.43287800
vt 0.71787800 0.43276400
vt 0.78259000 0.48642500
vt 0.68480900 0.47908100
vt 0.68822600 0.49953400
vt 0.76001400 0.43002800
vt 0.78219300 0.46529700
vt 0.78420300 0.47564600
vt 0.70545300 0.52002000
vt 0.78553000 0.45942300
vt 0.77843600 0.49688200
vt 0.72710100 0.42748300
vt 0.68767400 0.49184100
vt 0.78191000 0.45967900
vt 0.73885500 0.42420900
vt 0.68488700 0.48738400
vt 0.78460400 0.44931800
vt 0.75500500 0.42712300
vt 0.77154900 0.43738200
vt 0.78402100 0.46184600
vt 0.78173700 0.49333500
vt 0.74090200 0.52850700
vt 0.77878500 0.45218500
vt 0.70621900 0.43909500
vt 0.76940400 0.50994800
vt 0.70030700 0.44577900
vt 0.70244200 0.51670800
vt 0.75898200 0.42833700
vt 0.77962300 0.48079800
vt 0.70984000 0.43520600
vt 0.78439900 0.47342100
vt 0.72356600 0.43051400
vt 0.78247900 0.47343200
vt 0.68661800 0.46361400
vt 0.72246300 0.52811700
vt 0.68670200 0.46815900
vt 0.76253600 0.51381600
vt 0.69035200 0.49090300
vt 0.74943200 0.52392600
vt 0.74476500 0.42514500
vt 0.69325100 0.50863600
vt 0.73551500 0.42941300
vt 0.69953500 0.51101100
vt 0.71031000 0.52201200
vt 0.73638400 0.52816000
vt 0.71713400 0.52710100
vt 0.69444900 0.49825500
vt 0.76748600 0.43529700
vt 0.68739200 0.48047400
vt 0.68976800 0.45641100
vt 0.75109700 0.42718100
vt 0.77901100 0.47052400
vt 0.77642200 0.49315900
vt 0.77844500 0.48678100
vt 0.77622000 0.49897200
vt 0.73886900 0.42712800
vt 0.75857400 0.51104400
vt 0.78128300 0.46890400
vt 0.78191100 0.47838700
vt 0.73249900 0.42870000
vt 0.72281100 0.52060400
vt 0.76569400 0.43949600
vt 0.74501000 0.42955700
vt 0.77964000 0.45654500
vt 0.77785000 0.46150200
vt 0.72055800 0.43365700
vt 0.77253800 0.50154400
vt 0.71374200 0.43622600
vt 0.73076000 0.52398900
vt 0.75782300 0.51429900
vt 0.76093100 0.43602200
vt 0.69173100 0.49733500
vt 0.77604800 0.44326200
vt 0.68775700 0.47205500
vt 0.77510800 0.44791700
vt 0.76856400 0.44239400
vt 0.72808000 0.43038800
vt 0.70953800 0.51675300
vt 0.76447200 0.50609800
vt 0.71159500 0.52025200
vt 0.71936800 0.52279400
vt 0.77051600 0.44623300
vt 0.78068100 0.48948200
vt 0.77802500 0.47261000
vt 0.72800400 0.52471100
vt 0.68747700 0.46047700
vt 0.70852900 0.44138500
vt 0.70659900 0.51484200
vt 0.77852900 0.47836800
vt 0.77927100 0.47561000
vt 0.72556300 0.52066700
vt 0.71626700 0.52144600
vt 0.69568100 0.50505300
vt 0.77762500 0.46950300
vt 0.75189500 0.43364000
vt 0.74869700 0.42972000
vt 0.76870100 0.50160700
vt 0.74863100 0.43288900
vt 0.69657000 0.45005100
vt 0.75302300 0.43101200
vt 0.77721100 0.48068600
vt 0.73902500 0.51995200
vt 0.75472700 0.43347900
vt 0.68975100 0.47676500
vt 0.71486600 0.51851800
vt 0.77066400 0.49661200
vt 0.69852800 0.50812000
vt 0.77697200 0.47593700
vt 0.69126800 0.46359000
vt 0.73938400 0.43026100
vt 0.74930400 0.51923600
vt 0.69021400 0.46939500
vt 0.77664100 0.47150000
vt 0.71928400 0.51870200
vt 0.77361100 0.47132400
vt 0.77595500 0.45637000
vt 0.69362100 0.45616000
vt 0.75378300 0.51596600
vt 0.72274300 0.43532400
vt 0.75857300 0.50425900
vt 0.77542100 0.47965600
vt 0.77336700 0.46236400
vt 0.73157600 0.43243800
vt 0.69737200 0.49884400
vt 0.75986500 0.43999600
vt 0.74355900 0.51924600
vt 0.72739000 0.43322600
vt 0.69108700 0.48070000
vt 0.73487600 0.52146900
vt 0.77129100 0.49015800
vt 0.76472200 0.44224800
vt 0.77492600 0.48720600
vt 0.77252100 0.49334000
vt 0.69929400 0.50437100
vt 0.77074900 0.45624700
vt 0.70895300 0.50730200
vt 0.74126300 0.43681600
vt 0.72886100 0.51907700
vt 0.71295700 0.51484700
vt 0.74755200 0.43834900
vt 0.74877300 0.50838600
vt 0.69042600 0.48517300
vt 0.70583800 0.44387200
vt 0.77376500 0.48165700
vt 0.70026800 0.44995500
vt 0.69815100 0.50168000
vt 0.75364900 0.51092300
vt 0.71611300 0.43701400
vt 0.77397100 0.46682700
vt 0.70270700 0.51124500
vt 0.73797000 0.43364400
vt 0.77370000 0.48955900
vt 0.74210400 0.43330500
vt 0.69245400 0.47389600
vt 0.73999300 0.51650700
vt 0.69535100 0.49387400
vt 0.70294800 0.50432300
vt 0.75414700 0.43732500
vt 0.73921200 0.43644600
vt 0.77262400 0.47396000
vt 0.73495900 0.43348300
vt 0.76940900 0.45282100
vt 0.76457300 0.49529700
vt 0.69692400 0.45437500
vt 0.69404300 0.48685600
vt 0.76325400 0.49872800
vt 0.74708300 0.51239500
vt 0.77147800 0.45932800
vt 0.75148000 0.43766600
vt 0.76926900 0.49161900
vt 0.72475200 0.43733000
vt 0.71783800 0.51345800
vt 0.73109100 0.43708100
vt 0.76594800 0.44651000
vt 0.73664100 0.43778800
vt 0.69662900 0.47374300
vt 0.76858100 0.47501900
vt 0.75416700 0.50485200
vt 0.76908200 0.46446600
vt 0.74271300 0.43889100
vt 0.69990800 0.45652500
vt 0.77219500 0.47888800
vt 0.75758000 0.44325100
vt 0.76970900 0.47093100
vt 0.76827300 0.48783100
vt 0.71432000 0.51201300
vt 0.71483800 0.44168800
vt 0.76660200 0.45000500
vt 0.77523700 0.47742800
vt 0.76136700 0.44585800
vt 0.76637400 0.47028100
vt 0.72731800 0.51161400
vt 0.69464000 0.45954500
vt 0.69613400 0.48461000
vt 0.77028500 0.46704700
vt 0.76449900 0.45614400
vt 0.76679500 0.48934100
vt 0.73481200 0.44010500
vt 0.76976100 0.46169400
vt 0.76386000 0.49230500
vt 0.76716200 0.47207500
vt 0.70581100 0.50763200
vt 0.69939200 0.49788200
vt 0.73340000 0.51530800
vt 0.70218300 0.45192600
vt 0.75859000 0.50146300
vt 0.75233000 0.44359600
vt 0.77075900 0.48099800
vt 0.76012600 0.49439200
vt 0.76884200 0.48454000
vt 0.76754200 0.47780100
vt 0.72744100 0.43765500
vt 0.73561300 0.44187300
vt 0.70034900 0.49381200
vt 0.73675900 0.51309800
vt 0.70296900 0.49863500
vt 0.69535800 0.46896600
vt 0.71344900 0.50577600
vt 0.70559200 0.44773100
vt 0.73787800 0.43956600
vt 0.75695300 0.44839900
vt 0.75045700 0.50159900
vt 0.73621600 0.44434900
vt 0.74149800 0.44432500
vt 0.76141000 0.45053400
vt 0.73798500 0.51026900
vt 0.74179000 0.50876200
vt 0.71597800 0.50803000
vt 0.76584400 0.47882000
vt 0.76355300 0.45281300
vt 0.76230200 0.48058200
vt 0.73158800 0.51203500
vt 0.72200700 0.51316900
vt 0.69727800 0.46276800
vt 0.76656300 0.48220700
vt 0.74052800 0.44142300
vt 0.71917000 0.50609500
vt 0.76249100 0.48771200
vt 0.74462700 0.44272000
vt 0.72477800 0.44132900
vt 0.71991900 0.44297100
vt 0.73312700 0.44403400
vt 0.72771600 0.44016600
vt 0.74495800 0.50448800
vt 0.74631100 0.44648500
vt 0.70157000 0.48275600
vt 0.76341800 0.47754100
vt 0.76132900 0.45954100
vt 0.70976700 0.44702900
vt 0.76410800 0.46025200
vt 0.75929700 0.48509400
vt 0.70757100 0.45446900
vt 0.70626100 0.45124800
vt 0.69970900 0.48986100
vt 0.70605700 0.50213400
vt 0.70140300 0.45944700
vt 0.76490700 0.48492100
vt 0.69824500 0.48166000
vt 0.75733000 0.45222200
vt 0.73784600 0.44485500
vt 0.72613000 0.44324300
vt 0.72291800 0.50664000
vt 0.75296800 0.44867500
vt 0.73193300 0.44100300
vt 0.76029200 0.46494700
vt 0.74144100 0.44601400
vt 0.75191500 0.49579200
vt 0.69755900 0.47717900
vt 0.70924200 0.49891900
vt 0.70510800 0.46515700
vt 0.75895400 0.48940300
vt 0.76206100 0.47477700
vt 0.73543300 0.50573800
vt 0.75508900 0.49142000
vt 0.73997500 0.50106900
vt 0.76162800 0.46936600
vt 0.73386400 0.44715700
vt 0.71455700 0.50131000
vt 0.70576300 0.49515000
vt 0.72957600 0.44263700
vt 0.75819500 0.45824600
vt 0.75630700 0.48696500
vt 0.70727700 0.49219100
vt 0.71292000 0.44861400
vt 0.74960800 0.45321300
vt 0.72464700 0.44530400
vt 0.70038900 0.46504400
vt 0.75282500 0.45383900
vt 0.75744300 0.46979100
vt 0.71388500 0.49458500
vt 0.72961200 0.50345700
vt 0.70642200 0.48357500
vt 0.75209300 0.49081900
vt 0.72583300 0.50313500
vt 0.75233100 0.45673800
vt 0.71682800 0.44971800
vt 0.73287900 0.44948200
vt 0.76018200 0.47666800
vt 0.75496800 0.48569200
vt 0.75772500 0.46194100
vt 0.70798900 0.45664400
vt 0.74357300 0.45074400
vt 0.74628000 0.49919800
vt 0.73102300 0.44425100
vt 0.75845400 0.47963600
vt 0.72150700 0.50097100
vt 0.71584200 0.45313100
vt 0.71227400 0.49627300
vt 0.70290500 0.47359800
vt 0.71142600 0.45335100
vt 0.73474500 0.50025700
vt 0.70480400 0.46017600
vt 0.72769100 0.45005300
vt 0.72552800 0.49825000
vt 0.75439800 0.46649400
vt 0.75472900 0.47555900
vt 0.71931200 0.44956400
vt 0.75251800 0.48037600
vt 0.75464100 0.48185800
vt 0.72948800 0.44693500
vt 0.70522700 0.47797600
vt 0.74801000 0.49188200
vt 0.75427100 0.47255400
vt 0.73723300 0.44766800
vt 0.75743300 0.47318100
vt 0.70733600 0.46069800
vt 0.75344900 0.48392300
vt 0.72350000 0.44865800
vt 0.72220500 0.45065000
vt 0.75819800 0.46436100
vt 0.74194100 0.45614300
vt 0.75093200 0.48409000
vt 0.73581800 0.49434700
vt 0.72032400 0.49660800
vt 0.72435400 0.44996200
vt 0.74690000 0.48869900
vt 0.71245200 0.45823800
vt 0.74121500 0.48895200
vt 0.75224900 0.46910500
vt 0.74994500 0.48710900
vt 0.71055900 0.46455200
vt 0.74504700 0.45865100
vt 0.75014800 0.47600500
vt 0.73104700 0.49483100
vt 0.74496100 0.49527400
vt 0.73965200 0.45374000
vt 0.70768600 0.46885100
vt 0.71886100 0.45219800
vt 0.74723300 0.45694300
vt 0.71316800 0.45492700
vt 0.70984600 0.48639900
vt 0.71605000 0.49294900
vt 0.71209400 0.46074900
vt 0.73488100 0.45221400
vt 0.70432400 0.46954300
vt 0.73347400 0.45985600
vt 0.73303900 0.45468600
vt 0.73910800 0.46216100
vt 0.72822000 0.45393000
vt 0.74848800 0.46281700
vt 0.74130400 0.48390300
vt 0.71177600 0.47203700
vt 0.72007100 0.45433500
vt 0.74302000 0.46361700
vt 0.73490000 0.45715800
vt 0.72298600 0.45484900
vt 0.75245700 0.46154900
vt 0.74070200 0.45834100
vt 0.75035300 0.45832900
vt 0.72599600 0.49260300
vt 0.71451300 0.46315100
vt 0.71302100 0.48332500
vt 0.74324200 0.46104900
vt 0.74917400 0.48190200
vt 0.70749300 0.47751600
vt 0.71028800 0.47714700
vt 0.71186800 0.46650000
vt 0.75046600 0.46685900
vt 0.72844500 0.45605100
vt 0.72147200 0.46217300
vt 0.73982000 0.46397300
vt 0.71434600 0.45953700
vt 0.74515800 0.46676600
vt 0.71657700 0.48803300
vt 0.73253100 0.46331800
vt 0.72395900 0.48962200
vt 0.71517100 0.48527900
vt 0.73703300 0.46096500
vt 0.71465000 0.46959600
vt 0.73674400 0.48577900
vt 0.71776800 0.46533100
vt 0.71780100 0.45728700
vt 0.74719200 0.48459300
vt 0.71304000 0.48708100
vt 0.71933200 0.46937600
vt 0.71910300 0.48700900
vt 0.72104400 0.49170200
vt 0.73471200 0.49013200
vt 0.73423800 0.46159200
vt 0.71500300 0.47920800
vt 0.71978400 0.46536800
vt 0.71804200 0.47502300
vt 0.74197700 0.46676000
vt 0.71994900 0.47183900
vt 0.74365200 0.48168500
vt 0.72187600 0.46910500
vt 0.72593800 0.48351400
vt 0.72147900 0.47455300
vt 0.72107800 0.45753900
vt 0.74677800 0.47309800
vt 0.72365800 0.46148400
vt 0.73455200 0.46419400
vt 0.71759300 0.48238200
vt 0.72690800 0.45588900
vt 0.71918100 0.47984200
vt 0.73493900 0.46729600
vt 0.73808000 0.46796500
vt 0.73483200 0.47070100
vt 0.72881700 0.48799600
vt 0.72533000 0.48653800
vt 0.74575800 0.47524900
vt 0.73228800 0.46984600
vt 0.73130300 0.48595300
vt 0.73260400 0.46580100
vt 0.73693500 0.46456300
vt 0.71778300 0.48453100
vt 0.72698800 0.46201800
vt 0.71688300 0.46125900
vt 0.72861200 0.48397400
vt 0.73534200 0.48312700
vt 0.73930300 0.47058600
vt 0.72320500 0.47275500
vt 0.72404300 0.46811600
vt 0.74744100 0.47146300
vt 0.73971100 0.48027700
vt 0.73764800 0.47368200
vt 0.73067400 0.47343000
vt 0.74423900 0.47393300
vt 0.74041900 0.47640300
vt 0.73344100 0.47454300
vt 0.72806300 0.46967200
vt 0.72369300 0.47556400
vt 0.73735600 0.47776200
vt 0.72591000 0.45797000
vt 0.72110900 0.47650900
vt 0.74306500 0.47787900
vt 0.72620400 0.48016300
vt 0.72804400 0.46553100
vt 0.72316900 0.46531200
vt 0.72578700 0.47348500
vt 0.74246600 0.47020000
vt 0.73064500 0.47743900
vt 0.73471300 0.48021600
vt 0.74130700 0.47908500
vt 0.74129700 0.47201000
f 607/607 606/606 611/611
f 607/607 611/611 608/608
f 608/608 611/611 606/606
f 606/606 607/607 608/608
f 33/33 27/27 1/1
f 3/3 9/9 18/18
f 7/7 11/11 32/32
f 33/33 5/5 17/17
f 1/1 5/5 33/33
f 18/18 9/9 31/31
f 5/5 3/3 17/17
f 7/7 31/31 9/9
f 13/13 24/24 41/41
f 17/17 3/3 18/18
f 31/31 26/26 18/18
f 32/32 11/11 29/29
f 23/23 21/21 13/13
f 23/23 13/13 41/41
f 17/17 18/18 43/43
f 43/43 18/18 26/26
f 31/31 7/7 32/32
f 17/17 43/43 33/33
f 35/35 15/15 52/52
f 27/27 33/33 73/73
f 26/26 31/31 40/40
f 27/27 41/41 24/24
f 32/32 39/39 46/46
f 36/36 26/26 40/40
f 32/32 29/29 39/39
f 40/40 55/55 36/36
f 27/27 87/87 41/41
f 49/49 37/37 19/19
f 44/44 73/73 33/33
f 45/45 44/44 33/33
f 75/75 36/36 54/54
f 31/31 46/46 40/40
f 42/42 39/39 29/29
f 43/43 45/45 33/33
f 23/23 41/41 95/95
f 46/46 31/31 32/32
f 40/40 46/46 56/56
f 55/55 54/54 36/36
f 95/95 41/41 87/87
f 83/83 37/37 68/68
f 53/53 54/54 55/55
f 106/106 81/81 47/47
f 53/53 55/55 51/51
f 52/52 15/15 60/60
f 76/76 46/46 39/39
f 70/70 53/53 51/51
f 104/104 35/35 69/69
f 43/43 72/72 45/45
f 73/73 44/44 74/74
f 35/35 52/52 69/69
f 55/55 40/40 56/56
f 49/49 68/68 37/37
f 49/49 47/47 81/81
f 87/87 27/27 73/73
f 75/75 26/26 36/36
f 56/56 46/46 76/76
f 83/83 42/42 29/29
f 51/51 55/55 56/56
f 29/29 37/37 83/83
f 57/57 51/51 56/56
f 59/59 74/74 88/88
f 88/88 74/74 77/77
f 59/59 73/73 74/74
f 26/26 72/72 43/43
f 76/76 39/39 79/79
f 57/57 56/56 76/76
f 42/42 79/79 39/39
f 88/88 77/77 62/62
f 45/45 72/72 44/44
f 75/75 53/53 77/77
f 78/78 72/72 75/75
f 53/53 62/62 77/77
f 78/78 44/44 72/72
f 89/89 42/42 83/83
f 78/78 74/74 44/44
f 89/89 71/71 42/42
f 21/21 23/23 65/65
f 73/73 107/107 87/87
f 79/79 42/42 71/71
f 71/71 90/90 79/79
f 76/76 58/58 57/57
f 62/62 53/53 70/70
f 62/62 70/70 98/98
f 77/77 74/74 78/78
f 80/80 70/70 51/51
f 53/53 75/75 54/54
f 77/77 78/78 75/75
f 75/75 72/72 26/26
f 79/79 67/67 76/76
f 58/58 76/76 67/67
f 73/73 59/59 99/99
f 88/88 82/82 59/59
f 63/63 65/65 144/144
f 80/80 51/51 57/57
f 98/98 88/88 62/62
f 82/82 88/88 102/102
f 94/94 98/98 70/70
f 95/95 65/65 23/23
f 100/100 93/93 60/60
f 57/57 58/58 80/80
f 70/70 80/80 94/94
f 79/79 92/92 67/67
f 84/84 68/68 49/49
f 71/71 89/89 90/90
f 49/49 81/81 84/84
f 98/98 102/102 88/88
f 144/144 65/65 128/128
f 65/65 95/95 128/128
f 92/92 79/79 90/90
f 58/58 115/115 80/80
f 82/82 91/91 59/59
f 82/82 102/102 138/138
f 103/103 60/60 114/114
f 111/111 95/95 87/87
f 63/63 144/144 132/132
f 73/73 99/99 107/107
f 52/52 60/60 103/103
f 60/60 93/93 114/114
f 89/89 139/139 119/119
f 104/104 69/69 136/136
f 58/58 67/67 92/92
f 139/139 89/89 83/83
f 111/111 87/87 107/107
f 136/136 52/52 103/103
f 69/69 52/52 136/136
f 92/92 117/117 58/58
f 91/91 99/99 59/59
f 84/84 83/83 68/68
f 94/94 112/112 98/98
f 111/111 109/109 95/95
f 133/133 109/109 111/111
f 102/102 98/98 112/112
f 95/95 109/109 128/128
f 83/83 108/108 139/139
f 99/99 111/111 107/107
f 116/116 80/80 113/113
f 83/83 84/84 108/108
f 115/115 58/58 117/117
f 63/63 132/132 126/126
f 138/138 91/91 82/82
f 81/81 106/106 152/152
f 154/154 99/99 91/91
f 152/152 106/106 137/137
f 94/94 116/116 112/112
f 116/116 94/94 80/80
f 119/119 90/90 89/89
f 115/115 113/113 80/80
f 113/113 115/115 166/166
f 130/130 126/126 155/155
f 118/118 120/120 100/100
f 114/114 93/93 167/167
f 142/142 110/110 157/157
f 162/162 102/102 112/112
f 123/123 115/115 164/164
f 96/96 121/121 173/173
f 93/93 100/100 120/120
f 133/133 111/111 124/124
f 96/96 173/173 118/118
f 110/110 134/134 157/157
f 162/162 125/125 102/102
f 100/100 96/96 118/118
f 99/99 124/124 111/111
f 126/126 132/132 175/175
f 154/154 124/124 99/99
f 90/90 163/163 92/92
f 117/117 164/164 115/115
f 164/164 92/92 159/159
f 144/144 128/128 145/145
f 141/141 154/154 91/91
f 103/103 114/114 167/167
f 119/119 163/163 90/90
f 135/135 138/138 102/102
f 136/136 103/103 143/143
f 115/115 123/123 166/166
f 164/164 117/117 92/92
f 119/119 139/139 108/108
f 196/196 158/158 124/124
f 81/81 108/108 84/84
f 116/116 162/162 112/112
f 184/184 116/116 212/212
f 121/121 85/85 171/171
f 85/85 149/149 171/171
f 220/220 123/123 164/164
f 234/234 108/108 81/81
f 113/113 166/166 212/212
f 162/162 116/116 184/184
f 129/129 140/140 174/174
f 196/196 124/124 154/154
f 110/110 140/140 129/129
f 81/81 152/152 234/234
f 167/167 93/93 120/120
f 142/142 140/140 110/110
f 153/153 196/196 154/154
f 167/167 143/143 103/103
f 138/138 141/141 91/91
f 174/174 146/146 129/129
f 125/125 156/156 102/102
f 212/212 116/116 113/113
f 126/126 175/175 201/201
f 108/108 203/203 119/119
f 203/203 108/108 161/161
f 163/163 159/159 92/92
f 124/124 158/158 133/133
f 156/156 135/135 102/102
f 159/159 220/220 164/164
f 132/132 144/144 187/187
f 120/120 118/118 173/173
f 187/187 144/144 145/145
f 120/120 231/231 167/167
f 141/141 138/138 170/170
f 135/135 170/170 138/138
f 218/218 154/154 141/141
f 234/234 165/165 108/108
f 147/147 130/130 155/155
f 170/170 218/218 141/141
f 173/173 171/171 255/255
f 121/121 171/171 173/173
f 142/142 192/192 140/140
f 203/203 159/159 163/163
f 220/220 159/159 243/243
f 203/203 243/243 159/159
f 175/175 132/132 187/187
f 203/203 163/163 119/119
f 108/108 165/165 161/161
f 181/181 195/195 182/182
f 123/123 168/168 166/166
f 217/217 205/205 226/226
f 262/262 181/181 155/155
f 155/155 126/126 201/201
f 201/201 289/289 155/155
f 200/200 140/140 192/192
f 151/151 136/136 235/235
f 207/207 125/125 162/162
f 191/191 218/218 170/170
f 232/232 191/191 170/170
f 125/125 199/199 156/156
f 157/157 192/192 142/142
f 226/226 205/205 206/206
f 227/227 162/162 184/184
f 219/219 162/162 227/227
f 143/143 167/167 231/231
f 207/207 199/199 125/125
f 220/220 168/168 123/123
f 188/188 174/174 200/200
f 146/146 174/174 188/188
f 235/235 136/136 143/143
f 200/200 174/174 140/140
f 232/232 170/170 135/135
f 199/199 232/232 135/135
f 156/156 199/199 135/135
f 218/218 153/153 154/154
f 291/291 247/247 157/157
f 200/200 210/210 266/266
f 192/192 210/210 200/200
f 262/262 155/155 289/289
f 219/219 207/207 162/162
f 206/206 205/205 208/208
f 255/255 171/171 275/275
f 166/166 168/168 258/258
f 196/196 292/292 158/158
f 197/197 208/208 205/205
f 205/205 217/217 197/197
f 250/250 243/243 203/203
f 247/247 211/211 210/210
f 197/197 217/217 213/213
f 262/262 195/195 181/181
f 176/176 225/225 202/202
f 120/120 173/173 255/255
f 188/188 225/225 176/176
f 247/247 210/210 192/192
f 227/227 184/184 216/216
f 191/191 153/153 218/218
f 247/247 192/192 157/157
f 279/279 191/191 232/232
f 212/212 216/216 184/184
f 221/221 312/312 169/169
f 212/212 288/288 245/245
f 212/212 166/166 288/288
f 234/234 161/161 165/165
f 288/288 166/166 258/258
f 147/147 155/155 182/182
f 182/182 155/155 181/181
f 185/185 273/273 322/322
f 305/305 232/232 199/199
f 230/230 143/143 231/231
f 245/245 265/265 212/212
f 225/225 306/306 294/294
f 277/277 160/160 235/235
f 266/266 264/264 200/200
f 200/200 264/264 188/188
f 305/305 279/279 232/232
f 235/235 143/143 230/230
f 188/188 306/306 225/225
f 171/171 214/214 275/275
f 233/233 153/153 191/191
f 233/233 241/241 261/261
f 224/224 306/306 188/188
f 241/241 233/233 191/191
f 179/179 193/193 284/284
f 266/266 210/210 211/211
f 207/207 219/219 285/285
f 231/231 120/120 255/255
f 290/290 202/202 225/225
f 161/161 278/278 203/203
f 189/189 178/178 252/252
f 275/275 259/259 255/255
f 153/153 292/292 196/196
f 211/211 247/247 253/253
f 221/221 251/251 312/312
f 292/292 153/153 233/233
f 265/265 216/216 212/212
f 221/221 244/244 251/251
f 257/257 261/261 241/241
f 226/226 206/206 238/238
f 263/263 290/290 240/240
f 343/343 216/216 265/265
f 233/233 261/261 286/286
f 230/230 327/327 235/235
f 254/254 310/310 253/253
f 236/236 226/226 238/238
f 253/253 310/310 211/211
f 206/206 208/208 238/238
f 327/327 246/246 235/235
f 354/354 204/204 277/277
f 266/266 224/224 264/264
f 214/214 213/213 275/275
f 193/193 263/263 284/284
f 224/224 188/188 264/264
f 207/207 285/285 317/317
f 231/231 255/255 230/230
f 303/303 199/199 317/317
f 254/254 253/253 242/242
f 277/277 235/235 246/246
f 199/199 207/207 317/317
f 227/227 216/216 360/360
f 191/191 279/279 241/241
f 204/204 354/354 249/249
f 208/208 189/189 301/301
f 280/280 253/253 247/247
f 275/275 213/213 236/236
f 236/236 213/213 226/226
f 226/226 213/213 217/217
f 281/281 178/178 366/366
f 213/213 228/228 197/197
f 213/213 214/214 228/228
f 185/185 322/322 269/269
f 255/255 297/297 230/230
f 346/346 179/179 302/302
f 280/280 291/291 287/287
f 179/179 284/284 302/302
f 382/382 285/285 219/219
f 241/241 279/279 293/293
f 303/303 305/305 199/199
f 315/315 261/261 257/257
f 294/294 290/290 225/225
f 286/286 292/292 233/233
f 189/189 252/252 301/301
f 245/245 288/288 383/383
f 208/208 301/301 299/299
f 241/241 315/315 257/257
f 360/360 216/216 343/343
f 382/382 219/219 360/360
f 328/328 241/241 293/293
f 280/280 242/242 253/253
f 360/360 219/219 227/227
f 208/208 299/299 238/238
f 252/252 178/178 281/281
f 280/280 247/247 291/291
f 306/306 304/304 294/294
f 383/383 265/265 245/245
f 306/306 266/266 318/318
f 236/236 374/374 275/275
f 266/266 306/306 224/224
f 258/258 168/168 311/311
f 310/310 266/266 211/211
f 256/256 260/260 307/307
f 260/260 276/276 341/341
f 309/309 254/254 353/353
f 310/310 254/254 309/309
f 290/290 294/294 422/422
f 417/417 305/305 423/423
f 297/297 255/255 308/308
f 349/349 315/315 325/325
f 248/248 429/429 244/244
f 284/284 263/263 302/302
f 315/315 286/286 261/261
f 230/230 297/297 327/327
f 350/350 295/295 316/316
f 354/354 277/277 355/355
f 295/295 280/280 287/287
f 240/240 290/290 422/422
f 305/305 293/293 279/279
f 303/303 423/423 305/305
f 265/265 383/383 343/343
f 315/315 241/241 328/328
f 359/359 355/355 277/277
f 359/359 277/277 246/246
f 285/285 512/512 317/317
f 307/307 260/260 381/381
f 260/260 341/341 414/414
f 310/310 318/318 266/266
f 388/388 322/322 273/273
f 269/269 336/336 185/185
f 366/366 185/185 336/336
f 242/242 353/353 254/254
f 422/422 358/358 240/240
f 362/362 380/380 258/258
f 328/328 293/293 406/406
f 311/311 362/362 258/258
f 248/248 458/458 429/429
f 301/301 344/344 378/378
f 310/310 375/375 318/318
f 302/302 263/263 240/240
f 252/252 344/344 301/301
f 309/309 375/375 310/310
f 418/418 512/512 285/285
f 342/342 280/280 295/295
f 342/342 295/295 350/350
f 374/374 415/415 275/275
f 380/380 449/449 288/288
f 383/383 288/288 449/449
f 341/341 276/276 414/414
f 380/380 288/288 258/258
f 406/406 305/305 333/333
f 382/382 418/418 285/285
f 365/365 318/318 375/375
f 252/252 281/281 344/344
f 305/305 406/406 293/293
f 328/328 325/325 315/315
f 333/333 305/305 417/417
f 381/381 260/260 414/414
f 296/296 286/286 315/315
f 304/304 318/318 365/365
f 300/300 373/373 239/239
f 244/244 429/429 251/251
f 304/304 306/306 318/318
f 239/239 373/373 237/237
f 299/299 301/301 400/400
f 340/340 332/332 337/337
f 373/373 300/300 370/370
f 251/251 363/363 312/312
f 223/223 313/313 471/471
f 242/242 403/403 353/353
f 342/342 403/403 280/280
f 354/354 459/459 249/249
f 301/301 378/378 400/400
f 364/364 335/335 302/302
f 357/357 423/423 303/303
f 280/280 403/403 242/242
f 512/512 357/357 317/317
f 294/294 304/304 365/365
f 361/361 309/309 369/369
f 364/364 302/302 240/240
f 357/357 303/303 317/317
f 309/309 353/353 369/369
f 371/371 347/347 410/410
f 342/342 350/350 326/326
f 339/339 379/379 331/331
f 345/345 331/331 379/379
f 411/411 302/302 427/427
f 327/327 297/297 246/246
f 307/307 463/463 298/298
f 251/251 429/429 437/437
f 456/456 246/246 297/297
f 331/331 345/345 351/351
f 346/346 302/302 411/411
f 409/409 351/351 345/345
f 345/345 282/282 409/409
f 401/401 370/370 300/300
f 485/485 363/363 251/251
f 320/320 271/271 433/433
f 434/434 384/384 390/390
f 268/268 452/452 376/376
f 320/320 440/440 273/273
f 269/269 322/322 404/404
f 270/270 405/405 337/337
f 385/385 391/391 323/323
f 367/367 330/330 352/352
f 338/338 330/330 367/367
f 392/392 323/323 391/391
f 408/408 283/283 412/412
f 323/323 392/392 434/434
f 440/440 388/388 273/273
f 402/402 379/379 393/393
f 361/361 375/375 309/309
f 410/410 395/395 371/371
f 417/417 423/423 486/486
f 394/394 340/340 420/420
f 427/427 302/302 335/335
f 369/369 353/353 403/403
f 340/340 337/337 420/420
f 416/416 461/461 334/334
f 326/326 403/403 342/342
f 307/307 381/381 432/432
f 365/365 422/422 294/294
f 449/449 667/667 383/383
f 420/420 337/337 405/405
f 355/355 459/459 354/354
f 413/413 398/398 409/409
f 359/359 579/579 355/355
f 379/379 339/339 393/393
f 358/358 364/364 240/240
f 485/485 251/251 437/437
f 456/456 297/297 462/462
f 403/403 326/326 466/466
f 418/418 382/382 419/419
f 376/376 452/452 482/482
f 449/449 380/380 531/531
f 343/343 667/667 551/551
f 667/667 343/343 383/383
f 419/419 382/382 472/472
f 472/472 382/382 360/360
f 361/361 369/369 517/517
f 436/436 398/398 393/393
f 329/329 407/407 460/460
f 472/472 360/360 343/343
f 531/531 380/380 362/362
f 472/472 343/343 551/551
f 402/402 393/393 398/398
f 431/431 401/401 399/399
f 425/425 409/409 436/436
f 351/351 409/409 425/425
f 565/565 437/437 429/429
f 335/335 428/428 427/427
f 367/367 352/352 283/283
f 466/466 326/326 475/475
f 364/364 428/428 335/335
f 536/536 357/357 512/512
f 375/375 519/519 365/365
f 399/399 412/412 431/431
f 430/430 381/381 414/414
f 432/432 381/381 430/430
f 533/533 363/363 485/485
f 490/490 429/429 458/458
f 370/370 401/401 431/431
f 476/476 370/370 431/431
f 326/326 329/329 475/475
f 460/460 475/475 329/329
f 463/463 307/307 432/432
f 246/246 467/467 359/359
f 467/467 246/246 456/456
f 373/373 370/370 476/476
f 373/373 476/476 478/478
f 459/459 355/355 579/579
f 388/388 501/501 502/502
f 440/440 501/501 388/388
f 322/322 388/388 502/502
f 502/502 441/441 322/322
f 500/500 385/385 438/438
f 391/391 385/385 500/500
f 405/405 321/321 442/442
f 271/271 577/577 433/433
f 398/398 436/436 409/409
f 433/433 440/440 320/320
f 386/386 499/499 439/439
f 577/577 390/390 384/384
f 271/271 390/390 577/577
f 364/364 520/520 428/428
f 485/485 437/437 565/565
f 358/358 422/422 465/465
f 532/532 363/363 533/533
f 396/396 411/411 528/528
f 478/478 430/430 414/414
f 559/559 460/460 407/407
f 334/334 559/559 407/407
f 283/283 469/469 412/412
f 421/421 488/488 393/393
f 414/414 373/373 478/478
f 420/420 405/405 524/524
f 452/452 223/223 471/471
f 268/268 223/223 452/452
f 488/488 436/436 393/393
f 431/431 412/412 469/469
f 422/422 365/365 519/519
f 490/490 477/477 429/429
f 504/504 392/392 391/391
f 434/434 392/392 504/504
f 579/579 359/359 467/467
f 445/445 376/376 482/482
f 482/482 521/521 445/445
f 469/469 352/352 424/424
f 283/283 352/352 469/469
f 529/529 375/375 361/361
f 505/505 461/461 416/416
f 517/517 529/529 361/361
f 577/577 527/527 433/433
f 526/526 520/520 364/364
f 449/449 531/531 630/630
f 465/465 526/526 364/364
f 364/364 358/358 465/465
f 512/512 516/516 651/651
f 565/565 429/429 477/477
f 486/486 423/423 357/357
f 427/427 428/428 464/464
f 520/520 464/464 428/428
f 516/516 512/512 418/418
f 419/419 516/516 418/418
f 667/667 449/449 541/541
f 471/471 313/313 548/548
f 431/431 469/469 510/510
f 476/476 525/525 478/478
f 427/427 528/528 411/411
f 558/558 457/457 463/463
f 579/579 491/491 459/459
f 559/559 334/334 461/461
f 432/432 558/558 463/463
f 425/425 436/436 488/488
f 487/487 505/505 416/416
f 507/507 478/478 530/530
f 458/458 492/492 490/490
f 507/507 430/430 478/478
f 528/528 483/483 396/396
f 442/442 503/503 552/552
f 442/442 524/524 405/405
f 440/440 433/433 527/527
f 500/500 567/567 391/391
f 501/501 440/440 527/527
f 509/509 495/495 444/444
f 384/384 434/434 504/504
f 577/577 384/384 573/573
f 495/495 499/499 444/444
f 519/519 465/465 422/422
f 464/464 514/514 506/506
f 559/559 461/461 659/659
f 535/535 476/476 431/431
f 403/403 605/605 369/369
f 659/659 461/461 505/505
f 453/453 483/483 574/574
f 572/572 504/504 513/513
f 506/506 518/518 528/528
f 571/571 473/473 523/523
f 497/497 521/521 545/545
f 519/519 375/375 529/529
f 523/523 497/497 545/545
f 439/439 499/499 575/575
f 546/546 605/605 403/403
f 489/489 420/420 524/524
f 528/528 427/427 506/506
f 523/523 473/473 497/497
f 427/427 464/464 506/506
f 517/517 369/369 544/544
f 514/514 464/464 520/520
f 525/525 476/476 535/535
f 391/391 567/567 585/585
f 487/487 356/356 537/537
f 550/550 528/528 518/518
f 528/528 550/550 483/483
f 468/468 457/457 515/515
f 478/478 525/525 530/530
f 466/466 546/546 403/403
f 515/515 457/457 558/558
f 504/504 572/572 384/384
f 572/572 573/573 384/384
f 432/432 430/430 507/507
f 558/558 432/432 507/507
f 548/548 313/313 582/582
f 630/630 541/541 449/449
f 431/431 510/510 535/535
f 525/525 595/595 530/530
f 447/447 582/582 313/313
f 595/595 566/566 530/530
f 691/691 419/419 472/472
f 487/487 641/641 505/505
f 472/472 551/551 667/667
f 460/460 638/638 466/466
f 602/602 519/519 540/540
f 507/507 530/530 566/566
f 460/460 466/466 475/475
f 512/512 651/651 536/536
f 504/504 391/391 585/585
f 543/543 460/460 559/559
f 526/526 465/465 599/599
f 575/575 499/499 495/495
f 544/544 369/369 605/605
f 529/529 540/540 519/519
f 520/520 526/526 576/576
f 513/513 504/504 585/585
f 533/533 485/485 565/565
f 481/481 454/454 593/593
f 524/524 580/580 489/489
f 482/482 452/452 547/547
f 575/575 675/675 439/439
f 465/465 519/519 602/602
f 426/426 489/489 580/580
f 500/500 438/438 676/676
f 580/580 524/524 442/442
f 580/580 442/442 552/552
f 502/502 501/501 687/687
f 552/552 581/581 580/580
f 552/552 503/503 686/686
f 613/613 545/545 521/521
f 574/574 518/518 643/643
f 550/550 518/518 574/574
f 558/558 507/507 600/600
f 532/532 533/533 670/670
f 646/646 667/667 541/541
f 544/544 626/626 517/517
f 599/599 576/576 526/526
f 574/574 483/483 550/550
f 521/521 482/482 613/613
f 537/537 641/641 487/487
f 467/467 590/590 579/579
f 628/628 527/527 562/562
f 501/501 527/527 628/628
f 482/482 547/547 613/613
f 605/605 546/546 642/642
f 470/470 426/426 580/580
f 452/452 471/471 547/547
f 511/511 470/470 580/580
f 580/580 563/563 511/511
f 561/561 535/535 554/554
f 517/517 626/626 529/529
f 602/602 599/599 465/465
f 472/472 667/667 718/718
f 495/495 509/509 575/575
f 687/687 501/501 628/628
f 565/565 477/477 729/729
f 595/595 535/535 561/561
f 564/564 535/535 510/510
f 675/675 575/575 657/657
f 579/579 590/590 491/491
f 534/534 563/563 555/555
f 535/535 595/595 525/525
f 546/546 466/466 638/638
f 593/593 587/587 481/481
f 580/580 581/581 563/563
f 584/584 602/602 540/540
f 618/618 450/450 711/711
f 577/577 669/669 527/527
f 615/615 538/538 556/556
f 527/527 669/669 562/562
f 523/523 545/545 658/658
f 518/518 506/506 623/623
f 638/638 460/460 812/812
f 533/533 565/565 755/755
f 642/642 544/544 605/605
f 453/453 574/574 594/594
f 450/450 493/493 711/711
f 613/613 612/612 545/545
f 585/585 572/572 513/513
f 571/571 523/523 658/658
f 559/559 620/620 543/543
f 514/514 520/520 576/576
f 585/585 663/663 572/572
f 529/529 666/666 540/540
f 625/625 505/505 641/641
f 643/643 518/518 656/656
f 620/620 460/460 543/543
f 632/632 509/509 588/588
f 574/574 643/643 594/594
f 656/656 518/518 623/623
f 755/755 670/670 533/533
f 659/659 620/620 559/559
f 515/515 558/558 578/578
f 616/616 651/651 516/516
f 691/691 516/516 419/419
f 447/447 481/481 582/582
f 676/676 567/567 500/500
f 566/566 600/600 507/507
f 659/659 505/505 697/697
f 547/547 471/471 548/548
f 642/642 546/546 638/638
f 591/591 468/468 515/515
f 552/552 621/621 553/553
f 493/493 571/571 658/658
f 581/581 552/552 553/553
f 644/644 666/666 529/529
f 529/529 626/626 644/644
f 567/567 676/676 699/699
f 625/625 697/697 505/505
f 670/670 631/631 532/532
f 592/592 736/736 492/492
f 585/585 567/567 699/699
f 615/615 749/749 588/588
f 460/460 620/620 812/812
f 588/588 749/749 629/629
f 568/568 618/618 650/650
f 689/689 613/613 547/547
f 586/586 594/594 624/624
f 632/632 588/588 629/629
f 648/648 641/641 635/635
f 599/599 724/724 576/576
f 577/577 573/573 627/627
f 544/544 642/642 626/626
f 566/566 595/595 622/622
f 537/537 635/635 641/641
f 509/509 632/632 657/657
f 622/622 600/600 566/566
f 699/699 663/663 585/585
f 633/633 646/646 541/541
f 560/560 555/555 709/709
f 581/581 694/694 563/563
f 669/669 577/577 627/627
f 581/581 553/553 694/694
f 575/575 509/509 657/657
f 623/623 506/506 514/514
f 578/578 558/558 664/664
f 555/555 563/563 694/694
f 572/572 663/663 573/573
f 687/687 628/628 682/682
f 666/666 584/584 540/540
f 664/664 558/558 600/600
f 694/694 553/553 621/621
f 697/697 625/625 708/708
f 556/556 660/660 719/719
f 643/643 656/656 700/700
f 472/472 718/718 681/681
f 615/615 556/556 749/749
f 729/729 477/477 746/746
f 691/691 472/472 681/681
f 631/631 634/634 542/542
f 634/634 631/631 670/670
f 668/668 642/642 638/638
f 592/592 673/673 736/736
f 477/477 490/490 746/746
f 652/652 635/635 537/537
f 628/628 562/562 717/717
f 573/573 663/663 653/653
f 746/746 490/490 736/736
f 549/549 583/583 692/692
f 625/625 641/641 708/708
f 594/594 643/643 624/624
f 692/692 480/480 586/586
f 613/613 689/689 712/712
f 480/480 692/692 583/583
f 653/653 627/627 573/573
f 779/779 623/623 514/514
f 548/548 689/689 547/547
f 595/595 654/654 622/622
f 576/576 779/779 514/514
f 516/516 691/691 616/616
f 779/779 576/576 724/724
f 670/670 755/755 783/783
f 736/736 490/490 492/492
f 718/718 667/667 748/748
f 562/562 669/669 714/714
f 599/599 602/602 688/688
f 657/657 662/662 675/675
f 686/686 621/621 552/552
f 584/584 688/688 602/602
f 713/713 663/663 699/699
f 668/668 638/638 812/812
f 603/603 639/639 678/678
f 618/618 677/677 650/650
f 565/565 729/729 755/755
f 635/635 652/652 841/841
f 694/694 709/709 555/555
f 613/613 712/712 706/706
f 667/667 646/646 748/748
f 684/684 678/678 639/639
f 596/596 560/560 709/709
f 617/617 841/841 652/652
f 545/545 612/612 820/820
f 674/674 591/591 515/515
f 826/826 747/747 647/647
f 753/753 586/586 698/698
f 644/644 626/626 792/792
f 634/634 826/826 647/647
f 548/548 693/693 689/689
f 783/783 755/755 758/758
f 624/624 698/698 586/586
f 691/691 802/802 616/616
f 626/626 642/642 645/645
f 493/493 658/658 711/711
f 624/624 643/643 700/700
f 627/627 714/714 669/669
f 663/663 713/713 653/653
f 621/621 686/686 738/738
f 820/820 658/658 545/545
f 515/515 578/578 744/744
f 562/562 714/714 717/717
f 719/719 660/660 715/715
f 618/618 711/711 725/725
f 677/677 618/618 725/725
f 668/668 812/812 804/804
f 678/678 684/684 705/705
f 820/820 612/612 784/784
f 753/753 692/692 586/586
f 634/634 670/670 783/783
f 705/705 603/603 678/678
f 776/776 603/603 705/705
f 710/710 654/654 595/595
f 726/726 632/632 629/629
f 713/713 699/699 817/817
f 698/698 624/624 787/787
f 654/654 734/734 622/622
f 738/738 686/686 683/683
f 656/656 623/623 779/779
f 612/612 613/613 706/706
f 690/690 692/692 743/743
f 821/821 641/641 648/648
f 744/744 674/674 515/515
f 749/749 556/556 796/796
f 642/642 752/752 645/645
f 600/600 622/622 734/734
f 620/620 766/766 812/812
f 931/931 802/802 691/691
f 642/642 668/668 752/752
f 738/738 694/694 621/621
f 804/804 752/752 668/668
f 818/818 755/755 729/729
f 726/726 662/662 632/632
f 709/709 694/694 838/838
f 673/673 890/890 736/736
f 603/603 776/776 636/636
f 664/664 744/744 578/578
f 632/632 662/662 657/657
f 720/720 703/703 730/730
f 681/681 931/931 691/691
f 721/721 597/597 785/785
f 650/650 677/677 733/733
f 743/743 731/731 690/690
f 689/689 732/732 712/712
f 712/712 732/732 704/704
f 597/597 650/650 785/785
f 785/785 650/650 733/733
f 705/705 671/671 609/609
f 684/684 671/671 705/705
f 809/809 584/584 767/767
f 688/688 584/584 809/809
f 706/706 712/712 727/727
f 836/836 698/698 787/787
f 767/767 584/584 666/666
f 783/783 977/977 634/634
f 659/659 766/766 620/620
f 712/712 704/704 727/727
f 730/730 703/703 765/765
f 629/629 749/749 723/723
f 821/821 708/708 641/641
f 703/703 720/720 728/728
f 743/743 692/692 753/753
f 701/701 763/763 679/679
f 787/787 700/700 891/891
f 832/832 724/724 599/599
f 817/817 699/699 774/774
f 714/714 627/627 653/653
f 780/780 673/673 745/745
f 725/725 733/733 677/677
f 766/766 659/659 772/772
f 703/703 731/731 765/765
f 648/648 773/773 821/821
f 645/645 792/792 626/626
f 628/628 717/717 682/682
f 719/719 796/796 556/556
f 658/658 737/737 711/711
f 820/820 904/904 658/658
f 737/737 658/658 904/904
f 723/723 749/749 796/796
f 849/849 665/665 601/601
f 715/715 696/696 740/740
f 803/803 841/841 617/617
f 700/700 656/656 779/779
f 699/699 676/676 774/774
f 629/629 786/786 726/726
f 738/738 683/683 873/873
f 744/744 664/664 850/850
f 700/700 787/787 624/624
f 772/772 659/659 708/708
f 673/673 780/780 890/890
f 738/738 863/863 694/694
f 776/776 705/705 742/742
f 697/697 708/708 659/659
f 838/838 694/694 863/863
f 832/832 892/892 724/724
f 711/711 883/883 725/725
f 837/837 761/761 710/710
f 601/601 735/735 778/778
f 720/720 730/730 754/754
f 811/811 728/728 754/754
f 841/841 794/794 635/635
f 748/748 867/867 718/718
f 891/891 700/700 877/877
f 731/731 743/743 811/811
f 765/765 731/731 811/811
f 790/790 653/653 795/795
f 719/719 715/715 796/796
f 753/753 698/698 836/836
f 849/849 601/601 778/778
f 653/653 790/790 714/714
f 682/682 717/717 865/865
f 781/781 683/683 866/866
f 818/818 729/729 746/746
f 786/786 629/629 723/723
f 688/688 832/832 599/599
f 809/809 832/832 688/688
f 763/763 701/701 799/799
f 648/648 635/635 794/794
f 782/782 753/753 793/793
f 784/784 612/612 769/769
f 609/609 807/807 739/739
f 870/870 736/736 890/890
f 654/654 710/710 761/761
f 700/700 779/779 842/842
f 717/717 714/714 771/771
f 653/653 713/713 795/795
f 662/662 828/828 675/675
f 781/781 873/873 683/683
f 782/782 743/743 753/753
f 675/675 828/828 775/775
f 801/801 717/717 771/771
f 851/851 745/745 849/849
f 707/707 728/728 857/857
f 779/779 724/724 892/892
f 739/739 742/742 705/705
f 720/720 754/754 728/728
f 609/609 805/805 807/807
f 609/609 739/739 705/705
f 977/977 884/884 634/634
f 733/733 725/725 883/883
f 644/644 896/896 666/666
f 765/765 754/754 730/730
f 796/796 715/715 740/740
f 750/750 799/799 701/701
f 721/721 785/785 894/894
f 711/711 737/737 843/843
f 792/792 953/953 644/644
f 916/916 645/645 752/752
f 648/648 794/794 773/773
f 736/736 870/870 746/746
f 857/857 770/770 707/707
f 932/932 845/845 803/803
f 706/706 769/769 612/612
f 828/828 662/662 876/876
f 772/772 708/708 791/791
f 747/747 826/826 868/868
f 790/790 771/771 714/714
f 836/836 793/793 753/753
f 829/829 745/745 851/851
f 768/768 842/842 779/779
f 758/758 755/755 864/864
f 776/776 810/810 822/822
f 742/742 810/810 776/776
f 739/739 807/807 810/810
f 904/904 820/820 813/813
f 857/857 728/728 860/860
f 723/723 796/796 880/880
f 818/818 864/864 755/755
f 655/655 930/930 735/735
f 767/767 666/666 896/896
f 843/843 883/883 711/711
f 728/728 811/811 860/860
f 810/810 742/742 739/739
f 821/821 791/791 708/708
f 810/810 807/807 808/808
f 860/860 743/743 782/782
f 884/884 826/826 634/634
f 743/743 860/860 811/811
f 810/810 808/808 822/822
f 754/754 765/765 811/811
f 805/805 721/721 833/833
f 801/801 865/865 717/717
f 829/829 780/780 745/745
f 700/700 842/842 877/877
f 786/786 876/876 726/726
f 778/778 735/735 920/920
f 662/662 726/726 876/876
f 790/790 795/795 835/835
f 842/842 768/768 946/946
f 832/832 809/809 827/827
f 834/834 889/889 762/762
f 836/836 878/878 793/793
f 953/953 896/896 644/644
f 752/752 846/846 916/916
f 809/809 767/767 827/827
f 740/740 986/986 796/796
f 849/849 929/929 851/851
f 655/655 762/762 889/889
f 784/784 769/769 820/820
f 645/645 910/910 792/792
f 836/836 787/787 891/891
f 829/829 824/824 780/780
f 867/867 681/681 718/718
f 846/846 752/752 825/825
f 771/771 790/790 801/801
f 713/713 817/817 835/835
f 738/738 873/873 915/915
f 655/655 889/889 839/839
f 930/930 655/655 839/839
f 752/752 804/804 825/825
f 920/920 735/735 930/930
f 808/808 807/807 918/918
f 778/778 906/906 849/849
f 830/830 808/808 918/918
f 818/818 746/746 840/840
f 766/766 772/772 872/872
f 906/906 778/778 920/920
f 822/822 808/808 830/830
f 833/833 721/721 894/894
f 762/762 838/838 834/834
f 879/879 825/825 804/804
f 879/879 804/804 812/812
f 772/772 791/791 872/872
f 830/830 854/854 822/822
f 881/881 827/827 767/767
f 881/881 767/767 896/896
f 931/931 681/681 867/867
f 910/910 953/953 792/792
f 841/841 803/803 1035/1035
f 782/782 862/862 860/860
f 878/878 836/836 917/917
f 872/872 812/812 766/766
f 768/768 779/779 892/892
f 833/833 893/893 805/805
f 757/757 788/788 759/759
f 961/961 857/857 860/860
f 977/977 783/783 871/871
f 840/840 939/939 818/818
f 807/807 805/805 893/893
f 851/851 947/947 829/829
f 863/863 738/738 915/915
f 862/862 793/793 878/878
f 866/866 800/800 921/921
f 795/795 713/713 835/835
f 801/801 790/790 835/835
f 733/733 923/923 785/785
f 918/918 807/807 893/893
f 877/877 980/980 891/891
f 723/723 880/880 786/786
f 740/740 759/759 986/986
f 793/793 862/862 782/782
f 824/824 949/949 780/780
f 986/986 880/880 796/796
f 916/916 910/910 645/645
f 829/829 861/861 824/824
f 861/861 829/829 947/947
f 852/852 831/831 885/885
f 946/946 976/976 842/842
f 838/838 913/913 834/834
f 815/815 797/797 900/900
f 851/851 929/929 962/962
f 923/923 733/733 883/883
f 980/980 842/842 976/976
f 758/758 871/871 783/783
f 759/759 788/788 909/909
f 879/879 812/812 954/954
f 894/894 785/785 923/923
f 803/803 845/845 1035/1035
f 857/857 888/888 770/770
f 812/812 872/872 954/954
f 961/961 888/888 857/857
f 864/864 818/818 995/995
f 839/839 889/889 930/930
f 925/925 819/819 936/936
f 737/737 904/904 843/843
f 780/780 949/949 890/890
f 820/820 769/769 935/935
f 820/820 924/924 813/813
f 889/889 834/834 913/913
f 891/891 917/917 836/836
f 928/928 862/862 895/895
f 862/862 878/878 895/895
f 893/893 833/833 894/894
f 949/949 824/824 861/861
f 842/842 980/980 877/877
f 873/873 781/781 907/907
f 870/870 890/890 949/949
f 841/841 996/996 794/794
f 838/838 863/863 913/913
f 983/983 906/906 920/920
f 900/900 797/797 897/897
f 828/828 876/876 937/937
f 971/971 844/844 960/960
f 801/801 835/835 969/969
f 856/856 898/898 902/902
f 895/895 1074/1074 928/928
f 835/835 817/817 774/774
f 905/905 960/960 844/844
f 892/892 1018/1018 768/768
f 945/945 950/950 858/858
f 976/976 1043/1043 980/980
f 832/832 1004/1004 892/892
f 897/897 797/797 951/951
f 962/962 947/947 851/851
f 863/863 915/915 988/988
f 906/906 929/929 849/849
f 750/750 900/900 963/963
f 844/844 971/971 882/882
f 959/959 814/814 925/925
f 905/905 814/814 959/959
f 895/895 878/878 919/919
f 845/845 932/932 1027/1027
f 799/799 750/750 963/963
f 786/786 1072/1072 876/876
f 888/888 936/936 770/770
f 1041/1041 825/825 879/879
f 917/917 919/919 878/878
f 801/801 969/969 956/956
f 873/873 907/907 915/915
f 988/988 913/913 863/863
f 1004/1004 832/832 827/827
f 799/799 847/847 763/763
f 957/957 921/921 800/800
f 871/871 758/758 1091/1091
f 917/917 891/891 922/922
f 794/794 1000/1000 773/773
f 869/869 1027/1027 932/932
f 894/894 923/923 941/941
f 864/864 1091/1091 758/758
f 891/891 980/980 922/922
f 921/921 907/907 866/866
f 781/781 866/866 907/907
f 943/943 889/889 913/913
f 746/746 870/870 1094/1094
f 1018/1018 946/946 768/768
f 918/918 893/893 914/914
f 896/896 948/948 881/881
f 920/920 979/979 983/983
f 862/862 958/958 860/860
f 999/999 786/786 880/880
f 821/821 773/773 1024/1024
f 894/894 1058/1058 893/893
f 960/960 905/905 959/959
f 818/818 939/939 995/995
f 898/898 847/847 991/991
f 879/879 954/954 1073/1073
f 934/934 900/900 897/897
f 1074/1074 895/895 968/968
f 961/961 942/942 888/888
f 953/953 910/910 1152/1152
f 1000/1000 794/794 996/996
f 918/918 964/964 830/830
f 964/964 886/886 830/830
f 1006/1006 868/868 826/826
f 892/892 1023/1023 1018/1018
f 846/846 825/825 1011/1011
f 759/759 1005/1005 986/986
f 941/941 923/923 981/981
f 963/963 978/978 799/799
f 1004/1004 1023/1023 892/892
f 1000/1000 1064/1064 773/773
f 1041/1041 1071/1071 825/825
f 951/951 858/858 950/950
f 930/930 1028/1028 920/920
f 984/984 885/885 965/965
f 914/914 893/893 1058/1058
f 974/974 949/949 861/861
f 968/968 895/895 919/919
f 943/943 913/913 940/940
f 835/835 774/774 1016/1016
f 879/879 1073/1073 1041/1041
f 847/847 799/799 978/978
f 991/991 847/847 978/978
f 916/916 846/846 1011/1011
f 883/883 972/972 923/923
f 990/990 1019/1019 925/925
f 979/979 920/920 1028/1028
f 954/954 872/872 1076/1076
f 862/862 928/928 958/958
f 977/977 826/826 884/884
f 958/958 961/961 860/860
f 984/984 874/874 885/885
f 933/933 960/960 959/959
f 894/894 941/941 973/973
f 746/746 1094/1094 840/840
f 775/775 828/828 1036/1036
f 911/911 874/874 984/984
f 959/959 925/925 1019/1019
f 1051/1051 906/906 983/983
f 914/914 964/964 918/918
f 889/889 955/955 930/930
f 1028/1028 930/930 955/955
f 1058/1058 894/894 973/973
f 947/947 962/962 1025/1025
f 960/960 933/933 1002/1002
f 869/869 1030/1030 1027/1027
f 827/827 1087/1087 1004/1004
f 1061/1061 898/898 991/991
f 902/902 898/898 1061/1061
f 969/969 835/835 1016/1016
f 934/934 963/963 900/900
f 915/915 982/982 988/988
f 1010/1010 896/896 953/953
f 872/872 791/791 1048/1048
f 922/922 980/980 1014/1014
f 1034/1034 880/880 1122/1122
f 1014/1014 980/980 1043/1043
f 928/928 1009/1009 958/958
f 881/881 1087/1087 827/827
f 972/972 981/981 923/923
f 929/929 906/906 962/962
f 992/992 951/951 967/967
f 951/951 992/992 897/897
f 907/907 921/921 1042/1042
f 953/953 1152/1152 1010/1010
f 992/992 934/934 897/897
f 946/946 1018/1018 976/976
f 1091/1091 864/864 1022/1022
f 841/841 1035/1035 996/996
f 998/998 868/868 1006/1006
f 1022/1022 864/864 995/995
f 876/876 1072/1072 1044/1044
f 1088/1088 968/968 919/919
f 917/917 1088/1088 919/919
f 1007/1007 1088/1088 917/917
f 1076/1076 872/872 1048/1048
f 1152/1152 910/910 975/975
f 910/910 916/916 975/975
f 975/975 916/916 1011/1011
f 990/990 888/888 989/989
f 821/821 1068/1068 791/791
f 907/907 982/982 915/915
f 913/913 988/988 987/987
f 1020/1020 957/957 970/970
f 1024/1024 1068/1068 821/821
f 1024/1024 773/773 1064/1064
f 939/939 840/840 1008/1008
f 921/921 957/957 1020/1020
f 943/943 955/955 889/889
f 913/913 987/987 940/940
f 1036/1036 828/828 937/937
f 942/942 961/961 1009/1009
f 1072/1072 786/786 999/999
f 888/888 942/942 989/989
f 925/925 888/888 990/990
f 936/936 888/888 925/925
f 933/933 959/959 1019/1019
f 964/964 914/914 1113/1113
f 962/962 906/906 1051/1051
f 909/909 1005/1005 759/759
f 940/940 987/987 1057/1057
f 995/995 939/939 1065/1065
f 999/999 880/880 1034/1034
f 869/869 1075/1075 1030/1030
f 976/976 1018/1018 1017/1017
f 1011/1011 825/825 1071/1071
f 947/947 1025/1025 861/861
f 1075/1075 869/869 997/997
f 871/871 1053/1053 977/977
f 826/826 977/977 1135/1135
f 971/971 960/960 1002/1002
f 934/934 992/992 1052/1052
f 1001/1001 928/928 1074/1074
f 1029/1029 967/967 950/950
f 1009/1009 928/928 1001/1001
f 870/870 949/949 1154/1154
f 942/942 1009/1009 1055/1055
f 982/982 907/907 1042/1042
f 950/950 967/967 951/951
f 948/948 896/896 1010/1010
f 1122/1122 986/986 1005/1005
f 1007/1007 917/917 922/922
f 774/774 1037/1037 1016/1016
f 791/791 1068/1068 1048/1048
f 909/909 1080/1080 1005/1005
f 1113/1113 914/914 1066/1066
f 937/937 876/876 1044/1044
f 1051/1051 983/983 979/979
f 880/880 986/986 1122/1122
f 914/914 1058/1058 1066/1066
f 961/961 958/958 1009/1009
f 948/948 1087/1087 881/881
f 1084/1084 1043/1043 1026/1026
f 987/987 988/988 1057/1057
f 1052/1052 1123/1123 963/963
f 933/933 1019/1019 1102/1102
f 1052/1052 963/963 934/934
f 977/977 1053/1053 1135/1135
f 1044/1044 1121/1121 937/937
f 1094/1094 870/870 1154/1154
f 1033/1033 1012/1012 1031/1031
f 992/992 1056/1056 1089/1089
f 1093/1093 949/949 974/974
f 943/943 1028/1028 955/955
f 945/945 1078/1078 1029/1029
f 1049/1049 1118/1118 948/948
f 1010/1010 1049/1049 948/948
f 950/950 945/945 1029/1029
f 1174/1174 1028/1028 943/943
f 1050/1050 1019/1019 990/990
f 1052/1052 992/992 1089/1089
f 1080/1080 927/927 1033/1033
f 1035/1035 845/845 1027/1027
f 1180/1180 988/988 982/982
f 1180/1180 1097/1097 988/988
f 1072/1072 999/999 1109/1109
f 974/974 861/861 1077/1077
f 1016/1016 1021/1021 969/969
f 988/988 1097/1097 1178/1178
f 998/998 1006/1006 1142/1142
f 1058/1058 973/973 1054/1054
f 1178/1178 1057/1057 988/988
f 1028/1028 1116/1116 979/979
f 1045/1045 911/911 984/984
f 1076/1076 1073/1073 954/954
f 1007/1007 922/922 1014/1014
f 982/982 1042/1042 1180/1180
f 993/993 1031/1031 1012/1012
f 1025/1025 962/962 1059/1059
f 973/973 941/941 1146/1146
f 1017/1017 1018/1018 1063/1063
f 1009/1009 1001/1001 1060/1060
f 1095/1095 1048/1048 1068/1068
f 1043/1043 976/976 1026/1026
f 1102/1102 1019/1019 1050/1050
f 966/966 1039/1039 1104/1104
f 1071/1071 1041/1041 1124/1124
f 1067/1067 981/981 1069/1069
f 1087/1087 948/948 1106/1106
f 1014/1014 1147/1147 1007/1007
f 1060/1060 1055/1055 1009/1009
f 1091/1091 1053/1053 871/871
f 948/948 1118/1118 1106/1106
f 1018/1018 1023/1023 1129/1129
f 1029/1029 1078/1078 1114/1114
f 1163/1163 938/938 1120/1120
f 981/981 972/972 1069/1069
f 1098/1098 943/943 940/940
f 1105/1105 984/984 965/965
f 1130/1130 921/921 1020/1020
f 1185/1185 967/967 1029/1029
f 1154/1154 949/949 1093/1093
f 1065/1065 939/939 1008/1008
f 1005/1005 1080/1080 1092/1092
f 1185/1185 1056/1056 967/967
f 1163/1163 1038/1038 938/938
f 1023/1023 1004/1004 1129/1129
f 992/992 967/967 1056/1056
f 1071/1071 1165/1165 1011/1011
f 1059/1059 962/962 1051/1051
f 1129/1129 1004/1004 1082/1082
f 1054/1054 973/973 1146/1146
f 1042/1042 921/921 1130/1130
f 861/861 1025/1025 1077/1077
f 1093/1093 974/974 1077/1077
f 1048/1048 1095/1095 1076/1076
f 1088/1088 1007/1007 1096/1096
f 1057/1057 1085/1085 940/940
f 1082/1082 1004/1004 1087/1087
f 1043/1043 1084/1084 1014/1014
f 1119/1119 942/942 1055/1055
f 940/940 1085/1085 1098/1098
f 1050/1050 989/989 1119/1119
f 1044/1044 1072/1072 1099/1099
f 989/989 942/942 1119/1119
f 1006/1006 826/826 1135/1135
f 1044/1044 1099/1099 1121/1121
f 990/990 989/989 1050/1050
f 941/941 981/981 1146/1146
f 1026/1026 976/976 1017/1017
f 1030/1030 1247/1247 1027/1027
f 1000/1000 996/996 1134/1134
f 1069/1069 972/972 1003/1003
f 1247/1247 1030/1030 1075/1075
f 1022/1022 995/995 1111/1111
f 1113/1113 1040/1040 964/964
f 993/993 1061/1061 1086/1086
f 1125/1125 1180/1180 1042/1042
f 1063/1063 1018/1018 1129/1129
f 1049/1049 1010/1010 1152/1152
f 1080/1080 1033/1033 1031/1031
f 1052/1052 1089/1089 1107/1107
f 1020/1020 1015/1015 1164/1164
f 1114/1114 1162/1162 1029/1029
f 1165/1165 1152/1152 1011/1011
f 1080/1080 1108/1108 1092/1092
f 1130/1130 1020/1020 1164/1164
f 840/840 1094/1094 1008/1008
f 1061/1061 991/991 1143/1143
f 1169/1169 1121/1121 1099/1099
f 1147/1147 1096/1096 1007/1007
f 1035/1035 1027/1027 1166/1166
f 1054/1054 1117/1117 1058/1058
f 1123/1123 978/978 963/963
f 1061/1061 1143/1143 1103/1103
f 999/999 1186/1186 1109/1109
f 1054/1054 1146/1146 1149/1149
f 1041/1041 1073/1073 1124/1124
f 1098/1098 1174/1174 943/943
f 968/968 1197/1197 1074/1074
f 1015/1015 1038/1038 1090/1090
f 1051/1051 979/979 1083/1083
f 1100/1100 985/985 1104/1104
f 1099/1099 1072/1072 1109/1109
f 1024/1024 1064/1064 1145/1145
f 1098/1098 1085/1085 1133/1133
f 1046/1046 985/985 1100/1100
f 1135/1135 1142/1142 1006/1006
f 1123/1123 1150/1150 978/978
f 1086/1086 1061/1061 1103/1103
f 991/991 978/978 1150/1150
f 1070/1070 1002/1002 1102/1102
f 1039/1039 1207/1207 1187/1187
f 975/975 1011/1011 1152/1152
f 1059/1059 1126/1126 1025/1025
f 1051/1051 1168/1168 1059/1059
f 1134/1134 996/996 1035/1035
f 1031/1031 993/993 1086/1086
f 1084/1084 1189/1189 1014/1014
f 1080/1080 1031/1031 1108/1108
f 1174/1174 1116/1116 1028/1028
f 1038/1038 1163/1163 1090/1090
f 1128/1128 1085/1085 1057/1057
f 1095/1095 1068/1068 1110/1110
f 1118/1118 1049/1049 1153/1153
f 1039/1039 1112/1112 1207/1207
f 933/933 1102/1102 1002/1002
f 1066/1066 1058/1058 1117/1117
f 1027/1027 1247/1247 1166/1166
f 1106/1106 1082/1082 1087/1087
f 1162/1162 1185/1185 1029/1029
f 997/997 1262/1262 1075/1075
f 1147/1147 1088/1088 1096/1096
f 1104/1104 1039/1039 1187/1187
f 1050/1050 1119/1119 1140/1140
f 1077/1077 1126/1126 1281/1281
f 1135/1135 1053/1053 1199/1199
f 1094/1094 1154/1154 1127/1127
f 1001/1001 1074/1074 1197/1197
f 1083/1083 979/979 1116/1116
f 1098/1098 1148/1148 1174/1174
f 1149/1149 1117/1117 1054/1054
f 1132/1132 1005/1005 1092/1092
f 1042/1042 1130/1130 1125/1125
f 1057/1057 1178/1178 1128/1128
f 981/981 1067/1067 1146/1146
f 1186/1186 1034/1034 1122/1122
f 1025/1025 1126/1126 1077/1077
f 1164/1164 1015/1015 1090/1090
f 999/999 1034/1034 1186/1186
f 1172/1172 1086/1086 1103/1103
f 1049/1049 1152/1152 1153/1153
f 1138/1138 1200/1200 1068/1068
f 1082/1082 1063/1063 1129/1129
f 1100/1100 1151/1151 1136/1136
f 1100/1100 1104/1104 1151/1151
f 1102/1102 1050/1050 1140/1140
f 1173/1173 1086/1086 1172/1172
f 1031/1031 1086/1086 1173/1173
f 1144/1144 1001/1001 1197/1197
f 1190/1190 995/995 1065/1065
f 1008/1008 1190/1190 1065/1065
f 1066/1066 1117/1117 1208/1208
f 1113/1113 1066/1066 1208/1208
f 1222/1222 1056/1056 1185/1185
f 1000/1000 1191/1191 1064/1064
f 1118/1118 1214/1214 1106/1106
f 1108/1108 1031/1031 1173/1173
f 1119/1119 1055/1055 1182/1182
f 1139/1139 1197/1197 1088/1088
f 1008/1008 1094/1094 1159/1159
f 1088/1088 1197/1197 968/968
f 1089/1089 1056/1056 1179/1179
f 1053/1053 1091/1091 1177/1177
f 1107/1107 1089/1089 1179/1179
f 1088/1088 1147/1147 1161/1161
f 1068/1068 1024/1024 1138/1138
f 1060/1060 1182/1182 1055/1055
f 1214/1214 1082/1082 1106/1106
f 1146/1146 1067/1067 1202/1202
f 1144/1144 1182/1182 1060/1060
f 1088/1088 1161/1161 1139/1139
f 1071/1071 1124/1124 1165/1165
f 1144/1144 1060/1060 1001/1001
f 1258/1258 1142/1142 1135/1135
f 1200/1200 1110/1110 1068/1068
f 1133/1133 1148/1148 1098/1098
f 1187/1187 1151/1151 1104/1104
f 1154/1154 1093/1093 1306/1306
f 1143/1143 991/991 1150/1150
f 1199/1199 1053/1053 1193/1193
f 1147/1147 1014/1014 1198/1198
f 997/997 1141/1141 1262/1262
f 1084/1084 1026/1026 1131/1131
f 1189/1189 1198/1198 1014/1014
f 1122/1122 1005/1005 1132/1132
f 1138/1138 1024/1024 1145/1145
f 1059/1059 1308/1308 1126/1126
f 1171/1171 1017/1017 1063/1063
f 1093/1093 1077/1077 1281/1281
f 1064/1064 1191/1191 1341/1341
f 1203/1203 995/995 1190/1190
f 1140/1140 1175/1175 1102/1102
f 1214/1214 1118/1118 1160/1160
f 1316/1316 1109/1109 1186/1186
f 1119/1119 1201/1201 1140/1140
f 1123/1123 1052/1052 1211/1211
f 1132/1132 1263/1263 1122/1122
f 1094/1094 1127/1127 1159/1159
f 1208/1208 1117/1117 1254/1254
f 1053/1053 1177/1177 1193/1193
f 1194/1194 1114/1114 1157/1157
f 1091/1091 1022/1022 1177/1177
f 1162/1162 1114/1114 1194/1194
f 1172/1172 1103/1103 1297/1297
f 1067/1067 1069/1069 1192/1192
f 1229/1229 1124/1124 1073/1073
f 1222/1222 1179/1179 1056/1056
f 1233/1233 1146/1146 1155/1155
f 1132/1132 1092/1092 1215/1215
f 1134/1134 1191/1191 1000/1000
f 1076/1076 1229/1229 1073/1073
f 1215/1215 1092/1092 1108/1108
f 1148/1148 1250/1250 1174/1174
f 1149/1149 1146/1146 1233/1233
f 995/995 1203/1203 1111/1111
f 1186/1186 1122/1122 1263/1263
f 1084/1084 1131/1131 1189/1189
f 1131/1131 1017/1017 1171/1171
f 1131/1131 1026/1026 1017/1017
f 1174/1174 1205/1205 1116/1116
f 1109/1109 1316/1316 1099/1099
f 1128/1128 1237/1237 1085/1085
f 1164/1164 1167/1167 1130/1130
f 1133/1133 1085/1085 1237/1237
f 1169/1169 1099/1099 1316/1316
f 1097/1097 1180/1180 1178/1178
f 1064/1064 1341/1341 1145/1145
f 1167/1167 1164/1164 1090/1090
f 1127/1127 1154/1154 1306/1306
f 1217/1217 1127/1127 1306/1306
f 1251/1251 1133/1133 1237/1237
f 1221/1221 1144/1144 1197/1197
f 1196/1196 1102/1102 1175/1175
f 1297/1297 1143/1143 1183/1183
f 1103/1103 1143/1143 1297/1297
f 1173/1173 1209/1209 1108/1108
f 1022/1022 1111/1111 1203/1203
f 1119/1119 1182/1182 1201/1201
f 1247/1247 1075/1075 1262/1262
f 1157/1157 1136/1136 1194/1194
f 1172/1172 1297/1297 1304/1304
f 1192/1192 1069/1069 1195/1195
f 1196/1196 1070/1070 1102/1102
f 1179/1179 1318/1318 1107/1107
f 1159/1159 1190/1190 1008/1008
f 1194/1194 1184/1184 1162/1162
f 1162/1162 1184/1184 1185/1185
f 1095/1095 1229/1229 1076/1076
f 1143/1143 1150/1150 1280/1280
f 1183/1183 1143/1143 1280/1280
f 1182/1182 1144/1144 1221/1221
f 1148/1148 1133/1133 1339/1339
f 1153/1153 1160/1160 1118/1118
f 1181/1181 1148/1148 1176/1176
f 1165/1165 1124/1124 1219/1219
f 1146/1146 1202/1202 1155/1155
f 1149/1149 1249/1249 1117/1117
f 1281/1281 1126/1126 1308/1308
f 1288/1288 1095/1095 1110/1110
f 1136/1136 1151/1151 1291/1291
f 1140/1140 1188/1188 1175/1175
f 1172/1172 1209/1209 1173/1173
f 1250/1250 1148/1148 1181/1181
f 1250/1250 1205/1205 1174/1174
f 1166/1166 1156/1156 1035/1035
f 1199/1199 1258/1258 1135/1135
f 1209/1209 1213/1213 1108/1108
f 1051/1051 1083/1083 1272/1272
f 1152/1152 1218/1218 1153/1153
f 1211/1211 1052/1052 1107/1107
f 1108/1108 1213/1213 1215/1215
f 1198/1198 1189/1189 1259/1259
f 1150/1150 1123/1123 1280/1280
f 1063/1063 1082/1082 1206/1206
f 1022/1022 1293/1293 1177/1177
f 1059/1059 1168/1168 1349/1349
f 1168/1168 1051/1051 1272/1272
f 1206/1206 1082/1082 1214/1214
f 1128/1128 1178/1178 1283/1283
f 1184/1184 1230/1230 1185/1185
f 1230/1230 1222/1222 1185/1185
f 1264/1264 1218/1218 1152/1152
f 1249/1249 1254/1254 1117/1117
f 1229/1229 1095/1095 1288/1288
f 1152/1152 1165/1165 1264/1264
f 1224/1224 1138/1138 1296/1296
f 1189/1189 1131/1131 1228/1228
f 1035/1035 1253/1253 1134/1134
f 1165/1165 1219/1219 1264/1264
f 1235/1235 1132/1132 1215/1215
f 1283/1283 1237/1237 1128/1128
f 1226/1226 1238/1238 1125/1125
f 1180/1180 1125/1125 1238/1238
f 1093/1093 1281/1281 1295/1295
f 1229/1229 1219/1219 1124/1124
f 1176/1176 1148/1148 1339/1339
f 1316/1316 1186/1186 1252/1252
f 1268/1268 1151/1151 1187/1187
f 1161/1161 1147/1147 1198/1198
f 1204/1204 1312/1312 1153/1153
f 1293/1293 1022/1022 1203/1203
f 1225/1225 1161/1161 1198/1198
f 1228/1228 1131/1131 1311/1311
f 1184/1184 1194/1194 1230/1230
f 1242/1242 1221/1221 1197/1197
f 1211/1211 1107/1107 1318/1318
f 1159/1159 1127/1127 1217/1217
f 1136/1136 1270/1270 1194/1194
f 1218/1218 1204/1204 1153/1153
f 1280/1280 1123/1123 1211/1211
f 1242/1242 1139/1139 1225/1225
f 1161/1161 1225/1225 1139/1139
f 1139/1139 1242/1242 1197/1197
f 1196/1196 1175/1175 1240/1240
f 1188/1188 1182/1182 1220/1220
f 1138/1138 1224/1224 1200/1200
f 1259/1259 1210/1210 1198/1198
f 1246/1246 1063/1063 1206/1206
f 1294/1294 1035/1035 1156/1156
f 1083/1083 1116/1116 1326/1326
f 1110/1110 1200/1200 1224/1224
f 1201/1201 1182/1182 1188/1188
f 1318/1318 1179/1179 1216/1216
f 1252/1252 1186/1186 1263/1263
f 1272/1272 1083/1083 1326/1326
f 1067/1067 1192/1192 1212/1212
f 1339/1339 1133/1133 1251/1251
f 1218/1218 1264/1264 1343/1343
f 1195/1195 1275/1275 1192/1192
f 1149/1149 1244/1244 1249/1249
f 1131/1131 1171/1171 1311/1311
f 1178/1178 1180/1180 1238/1238
f 1201/1201 1188/1188 1140/1140
f 1349/1349 1168/1168 1272/1272
f 1067/1067 1212/1212 1202/1202
f 1221/1221 1220/1220 1182/1182
f 1167/1167 1090/1090 1236/1236
f 1342/1342 1223/1223 1160/1160
f 1093/1093 1295/1295 1306/1306
f 1209/1209 1172/1172 1304/1304
f 1255/1255 1241/1241 1207/1207
f 1288/1288 1110/1110 1279/1279
f 1273/1273 1196/1196 1240/1240
f 1190/1190 1159/1159 1369/1369
f 1156/1156 1166/1166 1346/1346
f 1210/1210 1259/1259 1256/1256
f 1326/1326 1116/1116 1231/1231
f 1283/1283 1178/1178 1290/1290
f 1369/1369 1159/1159 1413/1413
f 1261/1261 1219/1219 1229/1229
f 1159/1159 1217/1217 1413/1413
f 1222/1222 1216/1216 1179/1179
f 1291/1291 1270/1270 1136/1136
f 1204/1204 1218/1218 1343/1343
f 1213/1213 1209/1209 1314/1314
f 1239/1239 1280/1280 1211/1211
f 1225/1225 1198/1198 1210/1210
f 1160/1160 1153/1153 1312/1312
f 1282/1282 1221/1221 1242/1242
f 1205/1205 1231/1231 1116/1116
f 1223/1223 1289/1289 1214/1214
f 1193/1193 1177/1177 1227/1227
f 1206/1206 1214/1214 1289/1289
f 1247/1247 1346/1346 1166/1166
f 1160/1160 1223/1223 1214/1214
f 1294/1294 1253/1253 1035/1035
f 1230/1230 1194/1194 1348/1348
f 1171/1171 1063/1063 1246/1246
f 1187/1187 1207/1207 1241/1241
f 1228/1228 1259/1259 1189/1189
f 1177/1177 1293/1293 1257/1257
f 1130/1130 1292/1292 1125/1125
f 1311/1311 1171/1171 1246/1246
f 1371/1371 1237/1237 1283/1283
f 1192/1192 1275/1275 1212/1212
f 1263/1263 1132/1132 1355/1355
f 1090/1090 1163/1163 1236/1236
f 1308/1308 1059/1059 1349/1349
f 1238/1238 1290/1290 1178/1178
f 1244/1244 1149/1149 1233/1233
f 1219/1219 1261/1261 1243/1243
f 1341/1341 1191/1191 1232/1232
f 1220/1220 1221/1221 1282/1282
f 1175/1175 1188/1188 1265/1265
f 1190/1190 1369/1369 1269/1269
f 1318/1318 1239/1239 1211/1211
f 1222/1222 1230/1230 1329/1329
f 1262/1262 1345/1345 1247/1247
f 1215/1215 1213/1213 1314/1314
f 1271/1271 1187/1187 1241/1241
f 1132/1132 1235/1235 1355/1355
f 1343/1343 1264/1264 1300/1300
f 1262/1262 1141/1141 1345/1345
f 1183/1183 1280/1280 1403/1403
f 1271/1271 1268/1268 1187/1187
f 1257/1257 1227/1227 1177/1177
f 1194/1194 1270/1270 1348/1348
f 1311/1311 1259/1259 1228/1228
f 1142/1142 1258/1258 1277/1277
f 1278/1278 1345/1345 1141/1141
f 1371/1371 1251/1251 1237/1237
f 1191/1191 1134/1134 1253/1253
f 1125/1125 1292/1292 1226/1226
f 1261/1261 1229/1229 1368/1368
f 1273/1273 1240/1240 1284/1284
f 1235/1235 1215/1215 1355/1355
f 1181/1181 1176/1176 1339/1339
f 1167/1167 1236/1236 1332/1332
f 1203/1203 1190/1190 1307/1307
f 1243/1243 1264/1264 1219/1219
f 1220/1220 1282/1282 1287/1287
f 1348/1348 1329/1329 1230/1230
f 1311/1311 1246/1246 1328/1328
f 1155/1155 1212/1212 1298/1298
f 1229/1229 1288/1288 1368/1368
f 1210/1210 1319/1319 1225/1225
f 1317/1317 1328/1328 1246/1246
f 1216/1216 1222/1222 1329/1329
f 1151/1151 1268/1268 1291/1291
f 1169/1169 1316/1316 1267/1267
f 1227/1227 1257/1257 1338/1338
f 1246/1246 1206/1206 1317/1317
f 1256/1256 1319/1319 1210/1210
f 1215/1215 1314/1314 1355/1355
f 1110/1110 1224/1224 1333/1333
f 1350/1350 1270/1270 1291/1291
f 1252/1252 1263/1263 1399/1399
f 1181/1181 1310/1310 1250/1250
f 1343/1343 1300/1300 1393/1393
f 1276/1276 1196/1196 1273/1273
f 1183/1183 1260/1260 1297/1297
f 1269/1269 1307/1307 1190/1190
f 1170/1170 1344/1344 1120/1120
f 1289/1289 1317/1317 1206/1206
f 1205/1205 1250/1250 1310/1310
f 1202/1202 1212/1212 1155/1155
f 1240/1240 1175/1175 1354/1354
f 1333/1333 1224/1224 1296/1296
f 1342/1342 1160/1160 1312/1312
f 1258/1258 1199/1199 1277/1277
f 1248/1248 1245/1245 1255/1255
f 1292/1292 1309/1309 1226/1226
f 1296/1296 1138/1138 1341/1341
f 1212/1212 1275/1275 1363/1363
f 1145/1145 1341/1341 1138/1138
f 1290/1290 1226/1226 1309/1309
f 1290/1290 1238/1238 1226/1226
f 1265/1265 1188/1188 1352/1352
f 1188/1188 1220/1220 1352/1352
f 1360/1360 1306/1306 1295/1295
f 1298/1298 1233/1233 1155/1155
f 1264/1264 1243/1243 1300/1300
f 1301/1301 1225/1225 1319/1319
f 1220/1220 1287/1287 1352/1352
f 1402/1402 1204/1204 1343/1343
f 1244/1244 1233/1233 1285/1285
f 1333/1333 1296/1296 1347/1347
f 1216/1216 1329/1329 1362/1362
f 1271/1271 1241/1241 1382/1382
f 1271/1271 1291/1291 1268/1268
f 1289/1289 1223/1223 1313/1313
f 1293/1293 1203/1203 1307/1307
f 1338/1338 1257/1257 1330/1330
f 1321/1321 1426/1426 1247/1247
f 1225/1225 1301/1301 1242/1242
f 1110/1110 1333/1333 1279/1279
f 1209/1209 1304/1304 1314/1314
f 1345/1345 1321/1321 1247/1247
f 1320/1320 1217/1217 1306/1306
f 1317/1317 1289/1289 1327/1327
f 1183/1183 1403/1403 1260/1260
f 1316/1316 1337/1337 1267/1267
f 1272/1272 1326/1326 1435/1435
f 1350/1350 1348/1348 1270/1270
f 1383/1383 1277/1277 1199/1199
f 1300/1300 1243/1243 1394/1394
f 1163/1163 1120/1120 1344/1344
f 1286/1286 1370/1370 1245/1245
f 1233/1233 1298/1298 1302/1302
f 1303/1303 1286/1286 1234/1234
f 1255/1255 1245/1245 1370/1370
f 1199/1199 1193/1193 1383/1383
f 1361/1361 1339/1339 1251/1251
f 1163/1163 1344/1344 1236/1236
f 1370/1370 1241/1241 1255/1255
f 1319/1319 1372/1372 1301/1301
f 1281/1281 1305/1305 1295/1295
f 1311/1311 1328/1328 1334/1334
f 1287/1287 1282/1282 1374/1374
f 1314/1314 1357/1357 1355/1355
f 1288/1288 1279/1279 1333/1333
f 1260/1260 1315/1315 1297/1297
f 1352/1352 1287/1287 1374/1374
f 1360/1360 1295/1295 1373/1373
f 1329/1329 1348/1348 1385/1385
f 1373/1373 1295/1295 1305/1305
f 1356/1356 1212/1212 1363/1363
f 1212/1212 1356/1356 1298/1298
f 1413/1413 1217/1217 1320/1320
f 1346/1346 1247/1247 1426/1426
f 1294/1294 1156/1156 1375/1375
f 1239/1239 1318/1318 1444/1444
f 1304/1304 1323/1323 1314/1314
f 1326/1326 1231/1231 1336/1336
f 1374/1374 1282/1282 1301/1301
f 1242/1242 1301/1301 1282/1282
f 1280/1280 1239/1239 1445/1445
f 1368/1368 1288/1288 1324/1324
f 1205/1205 1310/1310 1442/1442
f 1175/1175 1265/1265 1354/1354
f 1312/1312 1204/1204 1378/1378
f 1329/1329 1322/1322 1362/1362
f 1205/1205 1442/1442 1231/1231
f 1345/1345 1278/1278 1473/1473
f 1371/1371 1361/1361 1251/1251
f 1332/1332 1130/1130 1167/1167
f 1204/1204 1402/1402 1486/1486
f 1263/1263 1355/1355 1399/1399
f 1359/1359 1232/1232 1191/1191
f 1227/1227 1383/1383 1193/1193
f 1371/1371 1283/1283 1434/1434
f 1130/1130 1332/1332 1292/1292
f 1284/1284 1240/1240 1404/1404
f 1394/1394 1243/1243 1365/1365
f 1316/1316 1252/1252 1325/1325
f 1261/1261 1365/1365 1243/1243
f 1363/1363 1275/1275 1274/1274
f 1170/1170 1266/1266 1344/1344
f 1311/1311 1331/1331 1259/1259
f 1306/1306 1360/1360 1320/1320
f 1241/1241 1370/1370 1382/1382
f 1444/1444 1216/1216 1457/1457
f 1318/1318 1216/1216 1444/1444
f 1323/1323 1357/1357 1314/1314
f 1240/1240 1354/1354 1404/1404
f 1336/1336 1231/1231 1442/1442
f 1331/1331 1311/1311 1335/1335
f 1336/1336 1458/1458 1326/1326
f 1324/1324 1288/1288 1333/1333
f 1349/1349 1272/1272 1435/1435
f 1346/1346 1500/1500 1156/1156
f 1304/1304 1297/1297 1455/1455
f 1311/1311 1334/1334 1335/1335
f 1385/1385 1322/1322 1329/1329
f 1355/1355 1357/1357 1340/1340
f 1319/1319 1256/1256 1379/1379
f 1378/1378 1204/1204 1486/1486
f 1331/1331 1256/1256 1259/1259
f 1273/1273 1284/1284 1404/1404
f 1341/1341 1470/1470 1296/1296
f 1453/1453 1291/1291 1271/1271
f 1299/1299 1406/1406 1303/1303
f 1405/1405 1310/1310 1181/1181
f 1216/1216 1362/1362 1457/1457
f 1334/1334 1328/1328 1366/1366
f 1354/1354 1265/1265 1376/1376
f 1343/1343 1393/1393 1402/1402
f 1317/1317 1366/1366 1328/1328
f 1252/1252 1399/1399 1484/1484
f 1341/1341 1232/1232 1470/1470
f 1281/1281 1308/1308 1367/1367
f 1359/1359 1191/1191 1253/1253
f 1367/1367 1308/1308 1349/1349
f 1293/1293 1307/1307 1499/1499
f 1333/1333 1358/1358 1418/1418
f 1455/1455 1323/1323 1304/1304
f 1271/1271 1382/1382 1453/1453
f 1313/1313 1223/1223 1353/1353
f 1382/1382 1370/1370 1427/1427
f 1347/1347 1358/1358 1333/1333
f 1455/1455 1297/1297 1315/1315
f 1313/1313 1327/1327 1289/1289
f 1404/1404 1354/1354 1401/1401
f 1253/1253 1294/1294 1397/1397
f 1350/1350 1291/1291 1386/1386
f 1256/1256 1331/1331 1379/1379
f 1397/1397 1294/1294 1375/1375
f 1437/1437 1355/1355 1340/1340
f 1342/1342 1353/1353 1223/1223
f 1367/1367 1381/1381 1281/1281
f 1445/1445 1403/1403 1280/1280
f 1342/1342 1312/1312 1378/1378
f 1260/1260 1403/1403 1351/1351
f 1348/1348 1350/1350 1454/1454
f 1344/1344 1266/1266 1400/1400
f 1325/1325 1252/1252 1484/1484
f 1269/1269 1369/1369 1412/1412
f 1337/1337 1316/1316 1325/1325
f 1286/1286 1303/1303 1406/1406
f 1309/1309 1292/1292 1416/1416
f 1457/1457 1362/1362 1322/1322
f 1324/1324 1333/1333 1418/1418
f 1411/1411 1315/1315 1260/1260
f 1366/1366 1317/1317 1429/1429
f 1359/1359 1253/1253 1439/1439
f 1454/1454 1350/1350 1386/1386
f 1365/1365 1261/1261 1368/1368
f 1376/1376 1265/1265 1352/1352
f 1470/1470 1232/1232 1428/1428
f 1370/1370 1286/1286 1427/1427
f 1283/1283 1290/1290 1446/1446
f 1359/1359 1428/1428 1232/1232
f 1431/1431 1427/1427 1286/1286
f 1307/1307 1269/1269 1499/1499
f 1439/1439 1253/1253 1397/1397
f 1356/1356 1363/1363 1391/1391
f 1292/1292 1332/1332 1392/1392
f 1455/1455 1357/1357 1323/1323
f 1317/1317 1327/1327 1443/1443
f 1313/1313 1353/1353 1441/1441
f 1375/1375 1156/1156 1500/1500
f 1257/1257 1293/1293 1380/1380
f 1407/1407 1298/1298 1356/1356
f 1368/1368 1324/1324 1415/1415
f 1336/1336 1442/1442 1489/1489
f 1393/1393 1300/1300 1396/1396
f 1269/1269 1412/1412 1395/1395
f 1293/1293 1499/1499 1380/1380
f 1351/1351 1411/1411 1260/1260
f 1346/1346 1426/1426 1500/1500
f 1355/1355 1437/1437 1399/1399
f 1267/1267 1337/1337 1423/1423
f 1296/1296 1470/1470 1347/1347
f 1434/1434 1283/1283 1535/1535
f 1377/1377 1236/1236 1344/1344
f 1400/1400 1266/1266 1424/1424
f 1367/1367 1349/1349 1466/1466
f 1291/1291 1453/1453 1398/1398
f 1446/1446 1290/1290 1309/1309
f 1473/1473 1483/1483 1345/1345
f 1386/1386 1291/1291 1398/1398
f 1361/1361 1405/1405 1339/1339
f 1181/1181 1339/1339 1405/1405
f 1273/1273 1404/1404 1409/1409
f 1407/1407 1356/1356 1387/1387
f 1360/1360 1515/1515 1320/1320
f 1457/1457 1322/1322 1476/1476
f 1349/1349 1435/1435 1466/1466
f 1286/1286 1406/1406 1459/1459
f 1474/1474 1301/1301 1372/1372
f 1409/1409 1390/1390 1364/1364
f 1429/1429 1317/1317 1443/1443
f 1423/1423 1337/1337 1325/1325
f 1385/1385 1348/1348 1454/1454
f 1327/1327 1313/1313 1448/1448
f 1379/1379 1331/1331 1335/1335
f 1448/1448 1313/1313 1441/1441
f 1499/1499 1269/1269 1395/1395
f 1379/1379 1462/1462 1319/1319
f 1436/1436 1455/1455 1315/1315
f 1554/1554 1326/1326 1458/1458
f 1421/1421 1309/1309 1416/1416
f 1445/1445 1239/1239 1444/1444
f 1484/1484 1399/1399 1437/1437
f 1382/1382 1427/1427 1440/1440
f 1363/1363 1274/1274 1408/1408
f 1319/1319 1474/1474 1372/1372
f 1514/1514 1392/1392 1332/1332
f 1358/1358 1347/1347 1430/1430
f 1361/1361 1371/1371 1475/1475
f 1446/1446 1309/1309 1421/1421
f 1334/1334 1366/1366 1414/1414
f 1516/1516 1470/1470 1428/1428
f 1236/1236 1377/1377 1332/1332
f 1492/1492 1442/1442 1310/1310
f 1404/1404 1401/1401 1447/1447
f 1321/1321 1345/1345 1483/1483
f 1379/1379 1335/1335 1462/1462
f 1342/1342 1378/1378 1486/1486
f 1448/1448 1443/1443 1327/1327
f 1374/1374 1410/1410 1352/1352
f 1410/1410 1374/1374 1417/1417
f 1281/1281 1381/1381 1305/1305
f 1474/1474 1319/1319 1462/1462
f 1387/1387 1356/1356 1391/1391
f 1322/1322 1464/1464 1476/1476
f 1359/1359 1439/1439 1491/1491
f 1278/1278 1384/1384 1473/1473
f 1330/1330 1257/1257 1420/1420
f 1420/1420 1257/1257 1380/1380
f 1403/1403 1445/1445 1351/1351
f 1520/1520 1315/1315 1411/1411
f 1496/1496 1365/1365 1368/1368
f 1409/1409 1404/1404 1468/1468
f 1468/1468 1404/1404 1447/1447
f 1340/1340 1357/1357 1419/1419
f 1436/1436 1315/1315 1520/1520
f 1531/1531 1396/1396 1300/1300
f 1360/1360 1373/1373 1438/1438
f 1431/1431 1286/1286 1459/1459
f 1437/1437 1340/1340 1419/1419
f 1322/1322 1385/1385 1464/1464
f 1429/1429 1414/1414 1366/1366
f 1382/1382 1440/1440 1453/1453
f 1301/1301 1417/1417 1374/1374
f 1369/1369 1413/1413 1425/1425
f 1492/1492 1405/1405 1422/1422
f 1310/1310 1405/1405 1492/1492
f 1381/1381 1367/1367 1480/1480
f 1338/1338 1330/1330 1451/1451
f 1475/1475 1405/1405 1361/1361
f 1446/1446 1535/1535 1283/1283
f 1519/1519 1332/1332 1377/1377
f 1514/1514 1332/1332 1519/1519
f 1394/1394 1365/1365 1496/1496
f 1326/1326 1537/1537 1435/1435
f 1352/1352 1410/1410 1490/1490
f 1342/1342 1479/1479 1353/1353
f 1418/1418 1526/1526 1324/1324
f 1385/1385 1454/1454 1464/1464
f 1557/1557 1359/1359 1491/1491
f 1472/1472 1413/1413 1320/1320
f 1360/1360 1438/1438 1515/1515
f 1449/1449 1486/1486 1402/1402
f 1456/1456 1397/1397 1375/1375
f 1438/1438 1373/1373 1305/1305
f 1386/1386 1398/1398 1433/1433
f 1496/1496 1368/1368 1415/1415
f 1417/1417 1301/1301 1467/1467
f 1431/1431 1461/1461 1427/1427
f 1376/1376 1352/1352 1490/1490
f 1344/1344 1460/1460 1377/1377
f 1227/1227 1338/1338 1582/1582
f 1479/1479 1441/1441 1353/1353
f 1537/1537 1326/1326 1554/1554
f 1500/1500 1456/1456 1375/1375
f 1524/1524 1402/1402 1393/1393
f 1412/1412 1369/1369 1425/1425
f 1524/1524 1393/1393 1396/1396
f 1474/1474 1467/1467 1301/1301
f 1415/1415 1324/1324 1526/1526
f 1480/1480 1367/1367 1466/1466
f 1338/1338 1451/1451 1582/1582
f 1292/1292 1392/1392 1416/1416
f 1453/1453 1440/1440 1532/1532
f 1454/1454 1386/1386 1433/1433
f 1410/1410 1417/1417 1450/1450
f 1490/1490 1410/1410 1450/1450
f 1469/1469 1401/1401 1558/1558
f 1448/1448 1441/1441 1528/1528
f 1344/1344 1400/1400 1460/1460
f 1422/1422 1405/1405 1475/1475
f 1418/1418 1471/1471 1526/1526
f 1496/1496 1517/1517 1512/1512
f 1415/1415 1517/1517 1496/1496
f 1427/1427 1461/1461 1440/1440
f 1419/1419 1357/1357 1455/1455
f 1402/1402 1524/1524 1449/1449
f 1420/1420 1380/1380 1499/1499
f 1447/1447 1401/1401 1469/1469
f 1300/1300 1394/1394 1531/1531
f 1425/1425 1413/1413 1472/1472
f 1530/1530 1430/1430 1347/1347
f 1437/1437 1419/1419 1485/1485
f 1354/1354 1376/1376 1490/1490
f 1418/1418 1358/1358 1430/1430
f 1471/1471 1418/1418 1430/1430
f 1342/1342 1486/1486 1479/1479
f 1549/1549 1414/1414 1429/1429
f 1347/1347 1470/1470 1511/1511
f 1431/1431 1459/1459 1494/1494
f 1434/1434 1535/1535 1497/1497
f 1473/1473 1384/1384 1503/1503
f 1458/1458 1336/1336 1489/1489
f 1383/1383 1227/1227 1504/1504
f 1428/1428 1359/1359 1557/1557
f 1381/1381 1518/1518 1305/1305
f 1371/1371 1434/1434 1488/1488
f 1325/1325 1484/1484 1463/1463
f 1454/1454 1433/1433 1481/1481
f 1439/1439 1397/1397 1508/1508
f 1420/1420 1451/1451 1330/1330
f 1483/1483 1473/1473 1513/1513
f 1459/1459 1406/1406 1552/1552
f 1406/1406 1388/1388 1552/1552
f 1522/1522 1445/1445 1444/1444
f 1438/1438 1620/1620 1515/1515
f 1335/1335 1334/1334 1495/1495
f 1334/1334 1414/1414 1495/1495
f 1464/1464 1454/1454 1536/1536
f 1492/1492 1489/1489 1442/1442
f 1549/1549 1495/1495 1414/1414
f 1419/1419 1455/1455 1510/1510
f 1397/1397 1456/1456 1508/1508
f 1433/1433 1398/1398 1453/1453
f 1488/1488 1475/1475 1371/1371
f 1321/1321 1523/1523 1426/1426
f 1354/1354 1490/1490 1401/1401
f 1519/1519 1377/1377 1460/1460
f 1227/1227 1582/1582 1504/1504
f 1499/1499 1395/1395 1521/1521
f 1441/1441 1479/1479 1487/1487
f 1416/1416 1392/1392 1502/1502
f 1320/1320 1515/1515 1472/1472
f 1390/1390 1409/1409 1468/1468
f 1469/1469 1468/1468 1447/1447
f 1462/1462 1452/1452 1474/1474
f 1531/1531 1394/1394 1496/1496
f 1473/1473 1503/1503 1477/1477
f 1417/1417 1467/1467 1551/1551
f 1497/1497 1488/1488 1434/1434
f 1467/1467 1474/1474 1551/1551
f 1624/1624 1392/1392 1514/1514
f 1522/1522 1493/1493 1445/1445
f 1522/1522 1457/1457 1476/1476
f 1444/1444 1457/1457 1522/1522
f 1551/1551 1474/1474 1432/1432
f 1534/1534 1462/1462 1507/1507
f 1437/1437 1539/1539 1484/1484
f 1471/1471 1430/1430 1584/1584
f 1536/1536 1498/1498 1464/1464
f 1462/1462 1335/1335 1507/1507
f 1465/1465 1384/1384 1505/1505
f 1480/1480 1466/1466 1533/1533
f 1524/1524 1396/1396 1531/1531
f 1305/1305 1506/1506 1438/1438
f 1476/1476 1464/1464 1498/1498
f 1506/1506 1305/1305 1518/1518
f 1321/1321 1483/1483 1523/1523
f 1500/1500 1426/1426 1559/1559
f 1574/1574 1455/1455 1436/1436
f 1452/1452 1462/1462 1534/1534
f 1502/1502 1392/1392 1624/1624
f 1489/1489 1554/1554 1458/1458
f 1411/1411 1351/1351 1578/1578
f 1507/1507 1335/1335 1482/1482
f 1389/1389 1390/1390 1501/1501
f 1461/1461 1431/1431 1494/1494
f 1523/1523 1559/1559 1426/1426
f 1452/1452 1432/1432 1474/1474
f 1478/1478 1608/1608 1400/1400
f 1421/1421 1416/1416 1502/1502
f 1423/1423 1325/1325 1463/1463
f 1400/1400 1608/1608 1460/1460
f 1422/1422 1538/1538 1492/1492
f 1440/1440 1570/1570 1532/1532
f 1539/1539 1437/1437 1485/1485
f 1490/1490 1450/1450 1643/1643
f 1524/1524 1531/1531 1598/1598
f 1389/1389 1501/1501 1553/1553
f 1453/1453 1532/1532 1540/1540
f 1485/1485 1419/1419 1510/1510
f 1390/1390 1468/1468 1550/1550
f 1482/1482 1335/1335 1495/1495
f 1521/1521 1395/1395 1412/1412
f 1415/1415 1526/1526 1517/1517
f 1390/1390 1550/1550 1501/1501
f 1412/1412 1425/1425 1641/1641
f 1536/1536 1454/1454 1481/1481
f 1435/1435 1537/1537 1533/1533
f 1571/1571 1420/1420 1499/1499
f 1443/1443 1448/1448 1528/1528
f 1540/1540 1433/1433 1453/1453
f 1609/1609 1479/1479 1486/1486
f 1481/1481 1433/1433 1592/1592
f 1401/1401 1490/1490 1558/1558
f 1430/1430 1530/1530 1584/1584
f 1609/1609 1487/1487 1479/1479
f 1520/1520 1411/1411 1578/1578
f 1554/1554 1489/1489 1567/1567
f 1516/1516 1511/1511 1470/1470
f 1421/1421 1502/1502 1585/1585
f 1484/1484 1525/1525 1463/1463
f 1492/1492 1541/1541 1489/1489
f 1465/1465 1503/1503 1384/1384
f 1513/1513 1473/1473 1477/1477
f 1449/1449 1509/1509 1486/1486
f 1400/1400 1424/1424 1478/1478
f 1449/1449 1524/1524 1598/1598
f 1466/1466 1435/1435 1533/1533
f 1544/1544 1520/1520 1578/1578
f 1450/1450 1417/1417 1551/1551
f 1476/1476 1498/1498 1543/1543
f 1543/1543 1522/1522 1476/1476
f 1528/1528 1441/1441 1487/1487
f 1641/1641 1425/1425 1600/1600
f 1459/1459 1579/1579 1494/1494
f 1425/1425 1472/1472 1600/1600
f 1536/1536 1481/1481 1563/1563
f 1459/1459 1552/1552 1579/1579
f 1499/1499 1521/1521 1571/1571
f 1351/1351 1445/1445 1493/1493
f 1578/1578 1351/1351 1493/1493
f 1475/1475 1488/1488 1572/1572
f 1508/1508 1456/1456 1593/1593
f 1438/1438 1506/1506 1620/1620
f 1381/1381 1480/1480 1640/1640
f 1518/1518 1381/1381 1640/1640
f 1542/1542 1503/1503 1465/1465
f 1428/1428 1589/1589 1516/1516
f 1530/1530 1347/1347 1511/1511
f 1452/1452 1562/1562 1432/1432
f 1446/1446 1421/1421 1556/1556
f 1514/1514 1519/1519 1602/1602
f 1556/1556 1535/1535 1446/1446
f 1463/1463 1546/1546 1423/1423
f 1469/1469 1558/1558 1561/1561
f 1549/1549 1429/1429 1573/1573
f 1531/1531 1496/1496 1527/1527
f 1420/1420 1582/1582 1451/1451
f 1443/1443 1573/1573 1429/1429
f 1491/1491 1529/1529 1557/1557
f 1535/1535 1556/1556 1568/1568
f 1456/1456 1500/1500 1649/1649
f 1523/1523 1483/1483 1569/1569
f 1538/1538 1633/1633 1492/1492
f 1450/1450 1551/1551 1545/1545
f 1513/1513 1569/1569 1483/1483
f 1528/1528 1487/1487 1606/1606
f 1519/1519 1460/1460 1608/1608
f 1511/1511 1516/1516 1589/1589
f 1500/1500 1559/1559 1649/1649
f 1510/1510 1455/1455 1574/1574
f 1509/1509 1449/1449 1598/1598
f 1433/1433 1540/1540 1587/1587
f 1424/1424 1630/1630 1478/1478
f 1472/1472 1515/1515 1620/1620
f 1468/1468 1469/1469 1561/1561
f 1436/1436 1520/1520 1647/1647
f 1517/1517 1526/1526 1555/1555
f 1543/1543 1560/1560 1522/1522
f 1422/1422 1475/1475 1538/1538
f 1550/1550 1468/1468 1561/1561
f 1574/1574 1436/1436 1586/1586
f 1432/1432 1650/1650 1551/1551
f 1609/1609 1486/1486 1509/1509
f 1539/1539 1485/1485 1510/1510
f 1491/1491 1439/1439 1581/1581
f 1439/1439 1508/1508 1581/1581
f 1557/1557 1589/1589 1428/1428
f 1565/1565 1412/1412 1641/1641
f 1562/1562 1452/1452 1534/1534
f 1461/1461 1494/1494 1440/1440
f 1505/1505 1542/1542 1465/1465
f 1525/1525 1484/1484 1539/1539
f 1424/1424 1547/1547 1630/1630
f 1624/1624 1514/1514 1602/1602
f 1481/1481 1592/1592 1563/1563
f 1512/1512 1517/1517 1594/1594
f 1611/1611 1582/1582 1420/1420
f 1590/1590 1490/1490 1643/1643
f 1518/1518 1640/1640 1669/1669
f 1650/1650 1432/1432 1562/1562
f 1536/1536 1563/1563 1564/1564
f 1647/1647 1520/1520 1544/1544
f 1656/1656 1487/1487 1609/1609
f 1564/1564 1498/1498 1536/1536
f 1633/1633 1541/1541 1492/1492
f 1450/1450 1545/1545 1643/1643
f 1525/1525 1618/1618 1463/1463
f 1546/1546 1463/1463 1618/1618
f 1581/1581 1508/1508 1593/1593
f 1572/1572 1627/1627 1475/1475
f 1565/1565 1521/1521 1412/1412
f 1558/1558 1490/1490 1590/1590
f 1535/1535 1576/1576 1497/1497
f 1576/1576 1658/1658 1497/1497
f 1505/1505 1583/1583 1689/1689
f 1604/1604 1494/1494 1579/1579
f 1611/1611 1420/1420 1571/1571
f 1527/1527 1496/1496 1597/1597
f 1496/1496 1512/1512 1597/1597
f 1443/1443 1528/1528 1573/1573
f 1664/1664 1495/1495 1601/1601
f 1493/1493 1522/1522 1626/1626
f 1573/1573 1528/1528 1606/1606
f 1534/1534 1507/1507 1595/1595
f 1488/1488 1497/1497 1658/1658
f 1561/1561 1686/1686 1550/1550
f 1501/1501 1550/1550 1686/1686
f 1489/1489 1541/1541 1567/1567
f 1568/1568 1653/1653 1535/1535
f 1633/1633 1538/1538 1645/1645
f 1535/1535 1653/1653 1576/1576
f 1606/1606 1487/1487 1656/1656
f 1530/1530 1698/1698 1584/1584
f 1531/1531 1527/1527 1659/1659
f 1545/1545 1551/1551 1596/1596
f 1559/1559 1523/1523 1569/1569
f 1522/1522 1560/1560 1626/1626
f 1521/1521 1704/1704 1571/1571
f 1495/1495 1549/1549 1601/1601
f 1586/1586 1436/1436 1647/1647
f 1556/1556 1421/1421 1585/1585
f 1482/1482 1495/1495 1664/1664
f 1620/1620 1665/1665 1472/1472
f 1526/1526 1471/1471 1555/1555
f 1617/1617 1502/1502 1624/1624
f 1570/1570 1577/1577 1532/1532
f 1502/1502 1617/1617 1585/1585
f 1538/1538 1475/1475 1627/1627
f 1543/1543 1498/1498 1566/1566
f 1506/1506 1518/1518 1638/1638
f 1555/1555 1471/1471 1584/1584
f 1570/1570 1440/1440 1588/1588
f 1658/1658 1572/1572 1488/1488
f 1491/1491 1607/1607 1529/1529
f 1480/1480 1533/1533 1640/1640
f 1530/1530 1511/1511 1648/1648
f 1600/1600 1472/1472 1665/1665
f 1592/1592 1433/1433 1587/1587
f 1606/1606 1610/1610 1573/1573
f 1626/1626 1575/1575 1493/1493
f 1563/1563 1592/1592 1599/1599
f 1637/1637 1537/1537 1554/1554
f 1637/1637 1554/1554 1567/1567
f 1543/1543 1622/1622 1560/1560
f 1578/1578 1493/1493 1575/1575
f 1511/1511 1615/1615 1648/1648
f 1598/1598 1531/1531 1659/1659
f 1607/1607 1491/1491 1581/1581
f 1507/1507 1482/1482 1664/1664
f 1513/1513 1477/1477 1619/1619
f 1602/1602 1519/1519 1634/1634
f 1577/1577 1540/1540 1532/1532
f 1632/1632 1609/1609 1509/1509
f 1630/1630 1547/1547 1623/1623
f 1632/1632 1509/1509 1644/1644
f 1587/1587 1540/1540 1614/1614
f 1661/1661 1510/1510 1574/1574
f 1509/1509 1598/1598 1644/1644
f 1574/1574 1586/1586 1621/1621
f 1642/1642 1558/1558 1678/1678
f 1553/1553 1501/1501 1686/1686
f 1569/1569 1513/1513 1619/1619
f 1539/1539 1510/1510 1661/1661
f 1543/1543 1566/1566 1622/1622
f 1640/1640 1533/1533 1646/1646
f 1599/1599 1592/1592 1655/1655
f 1563/1563 1599/1599 1564/1564
f 1595/1595 1562/1562 1534/1534
f 1605/1605 1498/1498 1564/1564
f 1560/1560 1622/1622 1625/1625
f 1530/1530 1648/1648 1698/1698
f 1440/1440 1494/1494 1588/1588
f 1498/1498 1605/1605 1566/1566
f 1704/1704 1521/1521 1565/1565
f 1553/1553 1628/1628 1580/1580
f 1561/1561 1558/1558 1642/1642
f 1575/1575 1714/1714 1578/1578
f 1593/1593 1456/1456 1649/1649
f 1618/1618 1700/1700 1546/1546
f 1507/1507 1664/1664 1595/1595
f 1506/1506 1638/1638 1696/1696
f 1650/1650 1591/1591 1551/1551
f 1627/1627 1645/1645 1538/1538
f 1551/1551 1591/1591 1596/1596
f 1589/1589 1557/1557 1616/1616
f 1603/1603 1571/1571 1704/1704
f 1542/1542 1505/1505 1677/1677
f 1557/1557 1529/1529 1616/1616
f 1653/1653 1568/1568 1556/1556
f 1511/1511 1589/1589 1615/1615
f 1545/1545 1596/1596 1657/1657
f 1651/1651 1540/1540 1577/1577
f 1646/1646 1533/1533 1635/1635
f 1518/1518 1669/1669 1638/1638
f 1567/1567 1541/1541 1629/1629
f 1477/1477 1503/1503 1636/1636
f 1628/1628 1553/1553 1686/1686
f 1558/1558 1590/1590 1678/1678
f 1656/1656 1609/1609 1631/1631
f 1651/1651 1570/1570 1588/1588
f 1671/1671 1580/1580 1628/1628
f 1542/1542 1613/1613 1503/1503
f 1588/1588 1494/1494 1604/1604
f 1537/1537 1635/1635 1533/1533
f 1676/1676 1556/1556 1585/1585
f 1601/1601 1549/1549 1673/1673
f 1659/1659 1527/1527 1597/1597
f 1519/1519 1608/1608 1634/1634
f 1577/1577 1570/1570 1651/1651
f 1561/1561 1715/1715 1686/1686
f 1561/1561 1642/1642 1715/1715
f 1505/1505 1689/1689 1677/1677
f 1512/1512 1594/1594 1597/1597
f 1544/1544 1578/1578 1763/1763
f 1619/1619 1477/1477 1636/1636
f 1670/1670 1605/1605 1564/1564
f 1665/1665 1620/1620 1729/1729
f 1680/1680 1562/1562 1595/1595
f 1560/1560 1625/1625 1674/1674
f 1621/1621 1661/1661 1574/1574
f 1620/1620 1506/1506 1696/1696
f 1626/1626 1714/1714 1575/1575
f 1573/1573 1673/1673 1549/1549
f 1626/1626 1560/1560 1674/1674
f 1655/1655 1592/1592 1614/1614
f 1586/1586 1647/1647 1682/1682
f 1643/1643 1545/1545 1663/1663
f 1592/1592 1587/1587 1614/1614
f 1555/1555 1703/1703 1517/1517
f 1703/1703 1555/1555 1639/1639
f 1595/1595 1664/1664 1662/1662
f 1605/1605 1622/1622 1566/1566
f 1627/1627 1572/1572 1685/1685
f 1555/1555 1584/1584 1639/1639
f 1616/1616 1529/1529 1722/1722
f 1583/1583 1612/1612 1694/1694
f 1609/1609 1632/1632 1675/1675
f 1694/1694 1689/1689 1583/1583
f 1529/1529 1607/1607 1722/1722
f 1525/1525 1539/1539 1679/1679
f 1478/1478 1630/1630 1687/1687
f 1634/1634 1608/1608 1754/1754
f 1683/1683 1623/1623 1547/1547
f 1604/1604 1579/1579 1672/1672
f 1565/1565 1641/1641 1790/1790
f 1571/1571 1693/1693 1611/1611
f 1603/1603 1693/1693 1571/1571
f 1600/1600 1665/1665 1695/1695
f 1636/1636 1503/1503 1613/1613
f 1610/1610 1606/1606 1747/1747
f 1585/1585 1617/1617 1676/1676
f 1606/1606 1656/1656 1747/1747
f 1594/1594 1702/1702 1597/1597
f 1593/1593 1668/1668 1581/1581
f 1671/1671 1628/1628 1724/1724
f 1562/1562 1680/1680 1652/1652
f 1637/1637 1567/1567 1776/1776
f 1650/1650 1562/1562 1652/1652
f 1720/1720 1525/1525 1739/1739
f 1525/1525 1720/1720 1618/1618
f 1647/1647 1544/1544 1763/1763
f 1605/1605 1670/1670 1730/1730
f 1661/1661 1621/1621 1712/1712
f 1675/1675 1631/1631 1609/1609
f 1564/1564 1599/1599 1670/1670
f 1635/1635 1537/1537 1637/1637
f 1607/1607 1581/1581 1748/1748
f 1572/1572 1658/1658 1685/1685
f 1573/1573 1610/1610 1673/1673
f 1539/1539 1661/1661 1679/1679
f 1556/1556 1676/1676 1723/1723
f 1653/1653 1556/1556 1723/1723
f 1616/1616 1660/1660 1589/1589
f 1684/1684 1548/1548 1701/1701
f 1525/1525 1679/1679 1739/1739
f 1478/1478 1687/1687 1608/1608
f 1848/1848 1632/1632 1644/1644
f 1578/1578 1714/1714 1718/1718
f 1763/1763 1578/1578 1718/1718
f 1629/1629 1776/1776 1567/1567
f 1619/1619 1709/1709 1811/1811
f 1602/1602 1634/1634 1762/1762
f 1721/1721 1591/1591 1699/1699
f 1639/1639 1584/1584 1698/1698
f 1658/1658 1576/1576 1778/1778
f 1591/1591 1650/1650 1699/1699
f 1622/1622 1605/1605 1730/1730
f 1540/1540 1651/1651 1614/1614
f 1681/1681 1622/1622 1730/1730
f 1655/1655 1670/1670 1599/1599
f 1673/1673 1610/1610 1773/1773
f 1642/1642 1678/1678 1736/1736
f 1591/1591 1721/1721 1596/1596
f 1593/1593 1649/1649 1668/1668
f 1625/1625 1622/1622 1681/1681
f 1819/1819 1698/1698 1648/1648
f 1643/1643 1663/1663 1590/1590
f 1644/1644 1598/1598 1740/1740
f 1705/1705 1645/1645 1627/1627
f 1517/1517 1703/1703 1594/1594
f 1576/1576 1653/1653 1691/1691
f 1615/1615 1589/1589 1660/1660
f 1635/1635 1637/1637 1772/1772
f 1628/1628 1654/1654 1755/1755
f 1620/1620 1696/1696 1729/1729
f 1686/1686 1654/1654 1628/1628
f 1770/1770 1569/1569 1811/1811
f 1693/1693 1603/1603 1744/1744
f 1569/1569 1619/1619 1811/1811
f 1598/1598 1659/1659 1740/1740
f 1664/1664 1601/1601 1690/1690
f 1565/1565 1790/1790 1752/1752
f 1630/1630 1623/1623 1683/1683
f 1751/1751 1565/1565 1752/1752
f 1666/1666 1651/1651 1588/1588
f 1645/1645 1629/1629 1541/1541
f 1541/1541 1633/1633 1645/1645
f 1565/1565 1751/1751 1704/1704
f 1630/1630 1683/1683 1687/1687
f 1735/1735 1648/1648 1615/1615
f 1668/1668 1748/1748 1581/1581
f 1649/1649 1559/1559 1717/1717
f 1688/1688 1613/1613 1542/1542
f 1639/1639 1698/1698 1800/1800
f 1657/1657 1596/1596 1721/1721
f 1628/1628 1755/1755 1724/1724
f 1608/1608 1687/1687 1754/1754
f 1714/1714 1626/1626 1757/1757
f 1625/1625 1681/1681 1674/1674
f 1762/1762 1634/1634 1667/1667
f 1702/1702 1594/1594 1692/1692
f 1660/1660 1735/1735 1615/1615
f 1680/1680 1595/1595 1753/1753
f 1674/1674 1757/1757 1626/1626
f 1559/1559 1569/1569 1726/1726
f 1705/1705 1627/1627 1685/1685
f 1668/1668 1649/1649 1717/1717
f 1764/1764 1668/1668 1717/1717
f 1594/1594 1703/1703 1692/1692
f 1682/1682 1647/1647 1766/1766
f 1685/1685 1658/1658 1710/1710
f 1727/1727 1711/1711 1655/1655
f 1670/1670 1655/1655 1711/1711
f 1603/1603 1704/1704 1758/1758
f 1691/1691 1778/1778 1576/1576
f 1699/1699 1650/1650 1652/1652
f 1678/1678 1590/1590 1663/1663
f 1697/1697 1675/1675 1632/1632
f 1641/1641 1600/1600 1695/1695
f 1697/1697 1632/1632 1848/1848
f 1657/1657 1743/1743 1545/1545
f 1663/1663 1545/1545 1743/1743
f 1634/1634 1754/1754 1667/1667
f 1662/1662 1664/1664 1690/1690
f 1624/1624 1731/1731 1617/1617
f 1666/1666 1785/1785 1651/1651
f 1621/1621 1586/1586 1682/1682
f 1815/1815 1729/1729 1696/1696
f 1569/1569 1770/1770 1726/1726
f 1809/1809 1542/1542 1677/1677
f 1542/1542 1809/1809 1688/1688
f 1618/1618 1720/1720 1700/1700
f 1666/1666 1588/1588 1853/1853
f 1656/1656 1631/1631 1732/1732
f 1766/1766 1647/1647 1763/1763
f 1635/1635 1772/1772 1716/1716
f 1619/1619 1636/1636 1709/1709
f 1715/1715 1642/1642 1736/1736
f 1677/1677 1689/1689 1767/1767
f 1595/1595 1662/1662 1753/1753
f 1624/1624 1602/1602 1731/1731
f 1687/1687 1683/1683 1750/1750
f 1831/1831 1659/1659 1597/1597
f 1588/1588 1604/1604 1672/1672
f 1696/1696 1638/1638 1815/1815
f 1717/1717 1559/1559 1726/1726
f 1674/1674 1681/1681 1706/1706
f 1712/1712 1621/1621 1682/1682
f 1747/1747 1656/1656 1732/1732
f 1714/1714 1757/1757 1728/1728
f 1629/1629 1645/1645 1771/1771
f 1722/1722 1607/1607 1748/1748
f 1785/1785 1737/1737 1651/1651
f 1772/1772 1637/1637 1776/1776
f 1655/1655 1614/1614 1737/1737
f 1690/1690 1601/1601 1756/1756
f 1638/1638 1669/1669 1791/1791
f 1610/1610 1747/1747 1773/1773
f 1758/1758 1744/1744 1603/1603
f 1688/1688 1725/1725 1613/1613
f 1646/1646 1791/1791 1640/1640
f 1614/1614 1651/1651 1737/1737
f 1669/1669 1640/1640 1791/1791
f 1733/1733 1588/1588 1672/1672
f 1685/1685 1710/1710 1797/1797
f 1723/1723 1676/1676 1849/1849
f 1661/1661 1712/1712 1707/1707
f 1678/1678 1759/1759 1736/1736
f 1710/1710 1658/1658 1778/1778
f 1684/1684 1701/1701 1742/1742
f 1692/1692 1703/1703 1800/1800
f 1703/1703 1639/1639 1800/1800
f 1760/1760 1715/1715 1736/1736
f 1631/1631 1675/1675 1719/1719
f 1675/1675 1697/1697 1719/1719
f 1646/1646 1635/1635 1716/1716
f 1848/1848 1644/1644 1740/1740
f 1741/1741 1663/1663 1743/1743
f 1665/1665 1729/1729 1768/1768
f 1723/1723 1691/1691 1653/1653
f 1759/1759 1678/1678 1741/1741
f 1815/1815 1768/1768 1729/1729
f 1678/1678 1663/1663 1741/1741
f 1809/1809 1677/1677 1767/1767
f 1636/1636 1613/1613 1725/1725
f 1731/1731 1602/1602 1762/1762
f 1705/1705 1685/1685 1797/1797
f 1748/1748 1668/1668 1847/1847
f 1657/1657 1721/1721 1743/1743
f 1847/1847 1668/1668 1764/1764
f 1733/1733 1853/1853 1588/1588
f 1728/1728 1718/1718 1714/1714
f 1662/1662 1690/1690 1836/1836
f 1755/1755 1654/1654 1818/1818
f 1726/1726 1770/1770 1827/1827
f 1705/1705 1749/1749 1645/1645
f 1673/1673 1773/1773 1756/1756
f 1763/1763 1718/1718 1761/1761
f 1758/1758 1704/1704 1751/1751
f 1771/1771 1645/1645 1749/1749
f 1795/1795 1750/1750 1683/1683
f 1679/1679 1661/1661 1739/1739
f 1817/1817 1680/1680 1753/1753
f 1660/1660 1616/1616 1765/1765
f 1794/1794 1659/1659 1831/1831
f 1831/1831 1597/1597 1702/1702
f 1753/1753 1662/1662 1836/1836
f 1601/1601 1673/1673 1756/1756
f 1861/1861 1646/1646 1716/1716
f 1790/1790 1641/1641 1695/1695
f 1680/1680 1817/1817 1652/1652
f 1765/1765 1616/1616 1917/1917
f 1691/1691 1851/1851 1898/1898
f 1760/1760 1736/1736 1759/1759
f 1666/1666 1853/1853 1785/1785
f 1691/1691 1898/1898 1778/1778
f 1670/1670 1711/1711 1798/1798
f 1670/1670 1885/1885 1730/1730
f 1724/1724 1755/1755 1746/1746
f 1682/1682 1766/1766 1787/1787
f 1681/1681 1730/1730 1885/1885
f 1690/1690 1756/1756 1854/1854
f 1776/1776 1629/1629 1713/1713
f 1697/1697 1848/1848 1822/1822
f 1616/1616 1722/1722 1917/1917
f 1636/1636 1725/1725 1769/1769
f 1707/1707 1712/1712 1783/1783
f 1737/1737 1727/1727 1655/1655
f 1819/1819 1648/1648 1735/1735
f 1844/1844 1660/1660 1765/1765
f 1739/1739 1661/1661 1707/1707
f 1803/1803 1671/1671 1724/1724
f 1713/1713 1629/1629 1936/1936
f 1888/1888 1716/1716 1772/1772
f 1803/1803 1734/1734 1671/1671
f 1754/1754 1687/1687 1750/1750
f 1617/1617 1731/1731 1676/1676
f 1699/1699 1652/1652 1777/1777
f 1700/1700 1720/1720 1807/1807
f 1841/1841 1731/1731 1762/1762
f 1798/1798 1885/1885 1670/1670
f 1812/1812 1721/1721 1699/1699
f 1719/1719 1732/1732 1631/1631
f 1746/1746 1755/1755 1816/1816
f 1686/1686 1715/1715 1855/1855
f 1681/1681 1885/1885 1792/1792
f 1706/1706 1681/1681 1792/1792
f 1869/1869 1711/1711 1727/1727
f 1709/1709 1636/1636 1769/1769
f 1773/1773 1747/1747 1860/1860
f 1850/1850 1740/1740 1659/1659
f 1810/1810 1682/1682 1787/1787
f 1789/1789 1743/1743 1721/1721
f 1760/1760 1855/1855 1715/1715
f 1735/1735 1660/1660 1844/1844
f 1851/1851 1691/1691 1723/1723
f 1638/1638 1791/1791 1862/1862
f 1861/1861 1716/1716 1888/1888
f 1689/1689 1694/1694 1806/1806
f 1702/1702 1692/1692 1820/1820
f 1699/1699 1777/1777 1812/1812
f 1665/1665 1768/1768 1867/1867
f 1745/1745 1806/1806 1694/1694
f 1781/1781 1869/1869 1727/1727
f 1710/1710 1778/1778 1805/1805
f 1761/1761 1718/1718 1728/1728
f 1760/1760 1759/1759 1741/1741
f 1750/1750 1795/1795 1912/1912
f 1798/1798 1711/1711 1869/1869
f 1695/1695 1665/1665 1867/1867
f 1748/1748 1847/1847 1813/1813
f 1797/1797 1749/1749 1705/1705
f 1659/1659 1794/1794 1850/1850
f 1758/1758 1751/1751 1927/1927
f 1783/1783 1712/1712 1842/1842
f 1686/1686 1855/1855 1818/1818
f 1654/1654 1686/1686 1818/1818
f 1774/1774 1706/1706 1792/1792
f 1743/1743 1789/1789 1788/1788
f 1674/1674 1706/1706 1774/1774
f 1803/1803 1724/1724 1746/1746
f 1712/1712 1682/1682 1842/1842
f 1767/1767 1689/1689 1825/1825
f 1676/1676 1731/1731 1849/1849
f 1809/1809 1799/1799 1688/1688
f 1741/1741 1743/1743 1788/1788
f 1826/1826 1701/1701 1808/1808
f 1742/1742 1701/1701 1826/1826
f 1862/1862 1815/1815 1638/1638
f 1747/1747 1732/1732 1834/1834
f 1784/1784 1791/1791 1646/1646
f 1719/1719 1697/1697 1840/1840
f 1732/1732 1719/1719 1834/1834
f 1698/1698 1819/1819 1800/1800
f 1785/1785 1853/1853 1890/1890
f 1777/1777 1652/1652 1817/1817
f 1851/1851 1723/1723 1849/1849
f 1853/1853 1733/1733 1845/1845
f 1872/1872 1692/1692 1800/1800
f 1825/1825 1809/1809 1767/1767
f 1836/1836 1690/1690 1854/1854
f 1772/1772 1776/1776 1786/1786
f 1837/1837 1773/1773 1804/1804
f 1817/1817 1753/1753 1963/1963
f 1805/1805 1797/1797 1710/1710
f 1756/1756 1773/1773 1837/1837
f 1847/1847 1764/1764 1832/1832
f 1806/1806 1745/1745 1779/1779
f 1762/1762 1667/1667 1907/1907
f 1807/1807 1720/1720 1739/1739
f 1758/1758 1780/1780 1744/1744
f 1758/1758 1927/1927 1941/1941
f 1831/1831 1702/1702 1838/1838
f 1695/1695 1867/1867 1823/1823
f 1790/1790 1695/1695 1823/1823
f 1754/1754 1750/1750 1667/1667
f 1737/1737 1785/1785 1833/1833
f 1776/1776 1713/1713 1821/1821
f 1783/1783 1842/1842 1801/1801
f 1674/1674 1774/1774 1883/1883
f 1786/1786 1776/1776 1821/1821
f 1865/1865 1674/1674 1883/1883
f 1757/1757 1674/1674 1865/1865
f 1757/1757 1865/1865 1728/1728
f 1741/1741 1858/1858 1760/1760
f 1763/1763 1761/1761 1894/1894
f 1697/1697 1822/1822 1840/1840
f 1865/1865 1761/1761 1728/1728
f 1941/1941 1780/1780 1758/1758
f 1874/1874 1834/1834 1719/1719
f 1840/1840 1874/1874 1719/1719
f 1721/1721 1812/1812 1789/1789
f 1842/1842 1682/1682 1810/1810
f 1742/1742 1873/1873 1684/1684
f 1888/1888 1772/1772 1786/1786
f 1684/1684 1873/1873 1796/1796
f 1787/1787 1766/1766 1828/1828
f 1936/1936 1629/1629 1771/1771
f 1727/1727 1737/1737 1881/1881
f 1773/1773 1860/1860 1804/1804
f 1835/1835 1800/1800 1819/1819
f 1841/1841 1762/1762 1907/1907
f 1752/1752 1830/1830 1751/1751
f 1769/1769 1725/1725 1856/1856
f 1667/1667 1750/1750 1926/1926
f 1816/1816 1755/1755 1818/1818
f 1814/1814 1734/1734 1803/1803
f 1820/1820 1692/1692 1872/1872
f 1851/1851 1849/1849 1824/1824
f 1791/1791 1931/1931 1862/1862
f 1805/1805 1778/1778 1898/1898
f 1963/1963 1753/1753 1836/1836
f 1764/1764 1717/1717 1859/1859
f 1792/1792 1885/1885 1903/1903
f 1859/1859 1717/1717 1726/1726
f 1725/1725 1688/1688 1799/1799
f 1833/1833 1785/1785 1890/1890
f 1828/1828 1763/1763 1894/1894
f 1766/1766 1763/1763 1828/1828
f 1731/1731 1841/1841 1864/1864
f 1865/1865 1909/1909 1761/1761
f 1770/1770 1811/1811 1937/1937
f 1806/1806 1825/1825 1689/1689
f 1812/1812 1932/1932 1789/1789
f 1702/1702 1946/1946 1838/1838
f 1749/1749 1797/1797 1868/1868
f 1734/1734 1814/1814 1846/1846
f 1709/1709 1769/1769 1928/1928
f 1849/1849 1731/1731 1864/1864
f 1702/1702 1820/1820 1946/1946
f 1760/1760 1858/1858 1935/1935
f 1765/1765 1917/1917 1829/1829
f 1742/1742 1826/1826 1873/1873
f 1722/1722 1984/1984 1917/1917
f 1984/1984 1722/1722 1813/1813
f 1855/1855 1760/1760 1935/1935
f 1848/1848 1740/1740 1850/1850
f 1722/1722 1748/1748 1813/1813
f 1861/1861 1784/1784 1646/1646
f 1713/1713 1936/1936 1821/1821
f 1788/1788 1871/1871 1741/1741
f 1739/1739 1707/1707 1900/1900
f 1799/1799 1809/1809 1879/1879
f 1735/1735 1844/1844 1940/1940
f 1881/1881 1781/1781 1727/1727
f 1820/1820 1872/1872 1923/1923
f 1737/1737 1833/1833 1881/1881
f 1927/1927 1751/1751 1830/1830
f 1860/1860 1747/1747 1834/1834
f 1825/1825 1879/1879 1809/1809
f 1775/1775 1793/1793 1904/1904
f 1709/1709 1937/1937 1811/1811
f 1913/1913 1796/1796 1873/1873
f 1869/1869 1781/1781 1889/1889
f 1797/1797 1805/1805 1868/1868
f 1907/1907 1667/1667 1926/1926
f 1852/1852 1846/1846 1947/1947
f 1940/1940 1857/1857 1819/1819
f 1819/1819 1735/1735 1940/1940
f 1921/1921 1750/1750 1912/1912
f 1803/1803 1746/1746 1878/1878
f 1817/1817 1963/1963 1876/1876
f 1750/1750 1921/1921 1926/1926
f 1820/1820 1923/1923 1946/1946
f 1810/1810 1787/1787 1842/1842
f 1899/1899 1708/1708 1910/1910
f 1836/1836 1854/1854 1875/1875
f 1798/1798 1882/1882 1885/1885
f 1777/1777 1817/1817 1863/1863
f 1814/1814 1803/1803 1878/1878
f 1741/1741 1871/1871 1887/1887
f 1771/1771 1749/1749 1902/1902
f 1839/1839 1770/1770 1937/1937
f 1859/1859 1832/1832 1764/1764
f 1850/1850 1794/1794 1939/1939
f 1894/1894 1761/1761 1909/1909
f 1858/1858 1741/1741 1887/1887
f 1798/1798 1869/1869 1882/1882
f 1794/1794 1831/1831 1967/1967
f 1789/1789 1932/1932 1788/1788
f 1943/1943 1805/1805 1898/1898
f 1808/1808 1738/1738 1899/1899
f 1752/1752 1790/1790 1830/1830
f 1768/1768 1916/1916 1867/1867
f 1768/1768 1815/1815 1916/1916
f 2018/2018 1815/1815 1862/1862
f 1816/1816 1818/1818 1977/1977
f 1829/1829 1922/1922 1765/1765
f 1725/1725 1799/1799 1879/1879
f 1876/1876 1863/1863 1817/1817
f 1932/1932 1812/1812 1777/1777
f 1854/1854 1756/1756 1837/1837
f 1775/1775 1904/1904 1952/1952
f 1884/1884 1775/1775 1952/1952
f 1800/1800 1835/1835 1872/1872
f 1881/1881 1833/1833 1870/1870
f 1889/1889 1882/1882 1869/1869
f 1933/1933 1787/1787 1828/1828
f 1915/1915 1846/1846 1814/1814
f 1806/1806 1779/1779 1825/1825
f 1831/1831 1838/1838 1967/1967
f 1857/1857 1835/1835 1819/1819
f 1871/1871 1788/1788 1932/1932
f 1826/1826 1808/1808 1880/1880
f 1943/1943 1868/1868 1805/1805
f 1726/1726 1827/1827 1839/1839
f 1827/1827 1770/1770 1839/1839
f 1725/1725 1879/1879 1914/1914
f 1746/1746 1816/1816 1977/1977
f 1837/1837 1804/1804 1906/1906
f 1844/1844 1905/1905 1940/1940
f 1977/1977 1818/1818 1935/1935
f 1791/1791 1784/1784 1961/1961
f 1790/1790 1823/1823 1986/1986
f 1844/1844 1765/1765 1922/1922
f 1905/1905 1844/1844 1922/1922
f 1850/1850 1822/1822 1848/1848
f 1924/1924 1828/1828 1894/1894
f 1936/1936 2000/2000 1821/1821
f 1881/1881 1889/1889 1781/1781
f 1841/1841 1907/1907 1911/1911
f 1825/1825 2005/2005 1879/1879
f 1783/1783 1896/1896 1707/1707
f 1851/1851 1824/1824 2034/2034
f 1866/1866 1884/1884 1901/1901
f 1708/1708 1897/1897 1910/1910
f 1782/1782 1802/1802 1897/1897
f 1832/1832 1859/1859 1918/1918
f 1818/1818 1855/1855 1935/1935
f 1969/1969 1826/1826 1880/1880
f 1967/1967 1939/1939 1794/1794
f 1947/1947 1846/1846 1915/1915
f 1907/1907 1926/1926 1970/1970
f 1830/1830 1790/1790 1986/1986
f 1963/1963 1875/1875 1993/1993
f 1815/1815 2018/2018 1916/1916
f 1875/1875 1963/1963 1836/1836
f 1858/1858 1960/1960 1935/1935
f 1923/1923 1872/1872 1989/1989
f 1938/1938 1891/1891 1854/1854
f 1863/1863 1876/1876 2025/2025
f 1914/1914 1879/1879 2047/2047
f 1854/1854 1837/1837 1938/1938
f 1802/1802 1843/1843 1965/1965
f 1824/1824 1930/1930 2034/2034
f 1746/1746 1977/1977 1878/1878
f 1956/1956 1813/1813 1847/1847
f 2017/2017 1726/1726 1839/1839
f 1870/1870 1833/1833 1890/1890
f 1969/1969 1964/1964 1826/1826
f 2025/2025 1777/1777 1863/1863
f 1894/1894 1909/1909 2009/2009
f 1938/1938 1837/1837 1958/1958
f 1933/1933 1842/1842 1787/1787
f 1824/1824 1849/1849 1930/1930
f 1901/1901 1884/1884 1952/1952
f 1877/1877 2047/2047 1879/1879
f 1928/1928 1856/1856 1893/1893
f 1892/1892 1749/1749 1868/1868
f 1769/1769 1856/1856 1928/1928
f 1901/1901 1908/1908 1866/1866
f 1964/1964 1873/1873 1826/1826
f 1859/1859 1726/1726 2017/2017
f 1814/1814 1878/1878 1988/1988
f 1978/1978 1890/1890 1853/1853
f 1838/1838 1946/1946 1967/1967
f 1961/1961 1931/1931 1791/1791
f 1861/1861 1888/1888 1972/1972
f 1784/1784 1861/1861 1972/1972
f 1914/1914 1856/1856 1725/1725
f 1840/1840 1822/1822 1996/1996
f 1952/1952 1904/1904 1929/1929
f 1965/1965 1843/1843 2056/2056
f 1779/1779 2015/2015 1825/1825
f 1897/1897 1802/1802 1965/1965
f 1830/1830 1986/1986 1959/1959
f 1939/1939 2036/2036 1850/1850
f 1932/1932 1777/1777 2025/2025
f 1989/1989 1872/1872 2029/2029
f 1882/1882 1889/1889 1953/1953
f 1888/1888 1786/1786 1920/1920
f 1905/1905 1971/1971 1940/1940
f 1898/1898 1851/1851 2034/2034
f 1918/1918 1859/1859 2017/2017
f 1842/1842 1933/1933 2006/2006
f 1944/1944 1814/1814 1988/1988
f 2056/2056 1843/1843 2007/2007
f 1847/1847 1832/1832 1956/1956
f 1887/1887 1871/1871 1919/1919
f 1912/1912 1954/1954 1921/1921
f 1808/1808 1899/1899 1880/1880
f 1814/1814 1944/1944 1915/1915
f 1709/1709 1928/1928 1937/1937
f 1986/1986 1823/1823 1945/1945
f 1822/1822 1850/1850 1996/1996
f 1887/1887 1960/1960 1858/1858
f 1849/1849 1864/1864 1930/1930
f 1946/1946 1923/1923 2044/2044
f 1823/1823 1867/1867 1916/1916
f 2005/2005 1877/1877 1879/1879
f 1913/1913 1873/1873 1964/1964
f 1837/1837 1906/1906 1958/1958
f 1977/1977 1935/1935 1957/1957
f 1875/1875 1854/1854 1962/1962
f 1899/1899 1910/1910 2019/2019
f 1830/1830 1959/1959 1927/1927
f 1890/1890 1990/1990 1870/1870
f 1947/1947 1915/1915 2016/2016
f 1966/1966 1910/1910 1897/1897
f 1913/1913 1942/1942 1955/1955
f 1828/1828 1924/1924 1933/1933
f 1892/1892 1902/1902 1749/1749
f 1870/1870 1889/1889 1881/1881
f 1835/1835 1857/1857 1973/1973
f 1924/1924 1894/1894 1948/1948
f 1962/1962 1854/1854 1891/1891
f 1823/1823 1916/1916 1945/1945
f 1829/1829 1917/1917 1922/1922
f 1784/1784 1972/1972 1961/1961
f 1929/1929 1904/1904 2049/2049
f 1941/1941 1927/1927 1975/1975
f 1780/1780 1941/1941 1975/1975
f 2044/2044 1923/1923 1980/1980
f 2015/2015 2005/2005 1825/1825
f 1852/1852 1947/1947 1979/1979
f 1926/1926 1921/1921 1954/1954
f 2061/2061 1821/1821 2000/2000
f 1942/1942 1913/1913 1964/1964
f 1999/1999 1876/1876 1963/1963
f 1871/1871 1932/1932 1950/1950
f 1834/1834 2001/2001 1860/1860
f 1834/1834 1874/1874 2001/2001
f 1885/1885 1882/1882 1998/1998
f 2038/2038 1886/1886 1997/1997
f 1920/1920 1786/1786 2061/2061
f 1841/1841 1911/1911 2021/2021
f 1889/1889 1870/1870 1982/1982
f 1888/1888 1981/1981 1972/1972
f 1904/1904 1886/1886 2038/2038
f 2010/2010 1908/1908 1951/1951
f 1950/1950 1919/1919 1871/1871
f 2038/2038 2049/2049 1904/1904
f 1935/1935 1960/1960 1985/1985
f 1908/1908 1901/1901 1951/1951
f 1959/1959 2033/2033 1927/1927
f 1786/1786 1821/1821 2061/2061
f 1984/1984 1813/1813 1956/1956
f 1936/1936 1771/1771 2000/2000
f 1888/1888 1920/1920 1981/1981
f 1864/1864 1841/1841 2021/2021
f 2027/2027 1856/1856 2045/2045
f 1857/1857 1940/1940 1973/1973
f 1926/1926 1954/1954 1970/1970
f 1856/1856 1914/1914 2045/2045
f 1916/1916 2018/2018 2020/2020
f 1955/1955 1942/1942 2050/2050
f 1958/1958 1906/1906 2012/2012
f 2057/2057 1958/1958 2012/2012
f 1771/1771 2072/2072 2023/2023
f 1953/1953 1889/1889 1982/1982
f 2018/2018 1862/1862 2063/2063
f 1956/1956 1832/1832 1974/1974
f 1882/1882 1953/1953 1998/1998
f 1968/1968 1950/1950 1932/1932
f 1924/1924 2003/2003 1933/1933
f 2007/2007 1934/1934 2004/2004
f 1966/1966 1897/1897 1965/1965
f 1923/1923 1989/1989 1980/1980
f 1832/1832 1918/1918 2062/2062
f 1968/1968 1932/1932 2025/2025
f 2000/2000 1771/1771 2023/2023
f 1988/1988 1878/1878 1977/1977
f 2047/2047 2045/2045 1914/1914
f 2001/2001 1874/1874 2037/2037
f 1804/1804 1860/1860 2001/2001
f 1850/1850 2036/2036 2042/2042
f 1771/1771 1902/1902 2072/2072
f 1907/1907 1970/1970 2026/2026
f 1982/1982 1870/1870 1990/1990
f 1994/1994 1935/1935 1985/1985
f 2060/2060 1887/1887 1919/1919
f 1939/1939 1967/1967 2036/2036
f 1893/1893 1856/1856 2027/2027
f 1946/1946 2044/2044 1967/1967
f 1915/1915 1944/1944 2002/2002
f 1993/1993 1875/1875 1962/1962
f 2016/2016 1915/1915 2002/2002
f 1975/1975 1927/1927 2033/2033
f 1938/1938 1958/1958 2022/2022
f 1957/1957 2032/2032 1977/1977
f 2029/2029 1872/1872 2048/2048
f 1976/1976 2015/2015 1779/1779
f 1911/1911 1907/1907 2026/2026
f 1872/1872 1835/1835 2048/2048
f 1892/1892 2052/2052 1902/1902
f 1835/1835 1973/1973 2048/2048
f 1978/1978 1990/1990 1890/1890
f 1925/1925 1949/1949 2043/2043
f 2017/2017 1839/1839 2030/2030
f 2030/2030 1839/1839 2065/2065
f 1943/1943 1987/1987 1868/1868
f 1966/1966 2019/2019 1910/1910
f 2011/2011 2037/2037 1874/1874
f 1987/1987 1892/1892 1868/1868
f 1937/1937 2065/2065 1839/1839
f 2025/2025 1876/1876 2073/2073
f 1957/1957 1935/1935 1994/1994
f 1876/1876 1999/1999 2073/2073
f 1938/1938 2031/2031 1891/1891
f 2060/2060 1960/1960 1887/1887
f 1999/1999 1963/1963 1993/1993
f 1905/1905 1922/1922 1971/1971
f 1995/1995 1917/1917 1984/1984
f 1949/1949 1895/1895 2043/2043
f 2000/2000 2054/2054 2061/2061
f 2019/2019 2112/2112 1899/1899
f 1880/1880 1899/1899 2112/2112
f 1911/1911 2026/2026 2125/2125
f 1906/1906 1804/1804 2001/2001
f 1996/1996 2011/2011 1840/1840
f 1986/1986 1945/1945 2008/2008
f 2072/2072 1902/1902 2052/2052
f 2004/2004 1925/1925 2043/2043
f 1945/1945 1916/1916 2020/2020
f 1930/1930 1864/1864 2058/2058
f 2010/2010 1951/1951 2051/2051
f 1969/1969 1880/1880 2112/2112
f 1965/1965 2056/2056 2039/2039
f 1979/1979 1947/1947 2016/2016
f 1931/1931 2068/2068 1862/1862
f 1942/1942 1964/1964 2096/2096
f 2050/2050 1942/1942 2096/2096
f 1980/1980 1989/1989 2044/2044
f 2068/2068 2063/2063 1862/1862
f 2015/2015 1976/1976 2053/2053
f 1962/1962 1891/1891 2031/2031
f 1970/1970 1954/1954 2086/2086
f 2077/2077 1984/1984 1956/1956
f 1922/1922 1917/1917 1995/1995
f 1964/1964 1969/1969 2024/2024
f 2050/2050 2013/2013 1955/1955
f 2043/2043 1895/1895 2010/2010
f 1951/1951 1901/1901 2046/2046
f 1974/1974 2087/2087 1956/1956
f 1988/1988 2041/2041 1944/1944
f 2022/2022 1958/1958 2095/2095
f 1974/1974 1832/1832 2062/2062
f 2095/2095 1958/1958 2057/2057
f 2041/2041 1988/1988 1977/1977
f 1952/1952 1929/1929 2064/2064
f 2079/2079 1952/1952 2064/2064
f 1901/1901 1952/1952 2079/2079
f 1893/1893 1937/1937 1928/1928
f 2058/2058 1864/1864 2021/2021
f 1874/1874 1840/1840 2011/2011
f 2007/2007 2004/2004 2123/2123
f 2086/2086 1954/1954 2014/2014
f 2102/2102 1975/1975 2033/2033
f 1996/1996 1850/1850 2042/2042
f 1957/1957 1994/1994 2032/2032
f 2023/2023 2054/2054 2000/2000
f 2026/2026 1970/1970 2086/2086
f 2005/2005 2015/2015 1992/1992
f 1920/1920 2061/2061 2040/2040
f 1976/1976 2103/2103 2053/2053
f 1956/1956 2087/2087 2077/2077
f 1979/1979 2016/2016 2028/2028
f 1967/1967 2044/2044 2189/2189
f 1943/1943 1898/1898 2034/2034
f 1893/1893 2150/2150 1937/1937
f 2075/2075 1989/1989 2029/2029
f 1993/1993 1962/1962 2107/2107
f 1940/1940 1971/1971 2088/2088
f 1944/1944 2041/2041 2002/2002
f 2068/2068 1961/1961 2076/2076
f 1931/1931 1961/1961 2068/2068
f 2064/2064 1929/1929 2049/2049
f 2090/2090 1998/1998 1953/1953
f 2024/2024 2096/2096 1964/1964
f 2082/2082 1972/1972 1981/1981
f 1961/1961 1972/1972 2082/2082
f 1922/1922 2097/2097 1971/1971
f 1959/1959 1986/1986 2008/2008
f 2152/2152 1911/1911 2125/2125
f 1992/1992 2015/2015 2081/2081
f 1906/1906 2001/2001 2012/2012
f 2021/2021 1911/1911 2152/2152
f 1960/1960 2060/2060 1985/1985
f 1999/1999 1993/1993 2107/2107
f 2018/2018 2063/2063 2020/2020
f 2024/2024 1969/1969 2129/2129
f 2019/2019 1966/1966 2069/2069
f 2089/2089 2004/2004 2043/2043
f 2118/2118 1977/1977 2032/2032
f 1892/1892 1987/1987 2052/2052
f 2015/2015 2053/2053 2081/2081
f 2046/2046 1901/1901 2079/2079
f 1950/1950 1968/1968 2078/2078
f 2010/2010 2051/2051 2043/2043
f 2130/2130 1943/1943 2092/2092
f 2069/2069 1966/1966 1965/1965
f 1918/1918 2017/2017 2062/2062
f 1981/1981 1920/1920 2040/2040
f 1977/1977 2118/2118 2041/2041
f 2071/2071 1981/1981 2040/2040
f 2110/2110 1995/1995 1984/1984
f 2034/2034 1930/1930 2094/2094
f 2002/2002 2041/2041 2070/2070
f 1919/1919 1950/1950 2078/2078
f 1945/1945 2020/2020 2080/2080
f 1984/1984 2077/2077 2110/2110
f 2028/2028 2016/2016 2121/2121
f 2008/2008 1945/1945 2080/2080
f 2065/2065 1937/1937 2150/2150
f 1893/1893 2027/2027 2108/2108
f 1987/1987 1943/1943 2130/2130
f 2034/2034 2035/2035 2140/2140
f 2033/2033 1959/1959 2059/2059
f 1943/1943 2034/2034 2140/2140
f 2107/2107 1962/1962 2031/2031
f 2038/2038 1997/1997 2091/2091
f 2091/2091 2083/2083 2038/2038
f 2092/2092 1943/1943 2140/2140
f 1979/1979 2028/2028 1991/1991
f 2072/2072 2052/2052 2098/2098
f 2112/2112 2019/2019 2069/2069
f 2044/2044 1989/1989 2075/2075
f 2099/2099 1965/1965 2039/2039
f 2083/2083 2049/2049 2038/2038
f 1982/1982 2090/2090 1953/1953
f 2056/2056 2007/2007 2123/2123
f 2069/2069 1965/1965 2099/2099
f 2043/2043 2051/2051 2055/2055
f 1994/1994 1985/1985 2145/2145
f 1973/1973 1940/1940 2088/2088
f 1971/1971 2159/2159 2088/2088
f 2102/2102 2033/2033 2286/2286
f 2085/2085 1919/1919 2078/2078
f 2128/2128 1877/1877 2106/2106
f 1995/1995 2097/2097 1922/1922
f 2060/2060 1919/1919 2085/2085
f 2094/2094 1930/1930 2058/2058
f 2068/2068 2076/2076 2067/2067
f 2053/2053 2103/2103 2117/2117
f 2045/2045 2047/2047 2131/2131
f 2082/2082 2076/2076 1961/1961
f 2035/2035 2034/2034 2094/2094
f 1969/1969 2112/2112 2129/2129
f 2016/2016 2002/2002 2121/2121
f 1959/1959 2008/2008 2142/2142
f 2146/2146 2132/2132 1987/1987
f 2054/2054 2023/2023 2133/2133
f 2087/2087 1974/1974 2105/2105
f 2025/2025 2073/2073 2141/2141
f 2017/2017 2030/2030 2084/2084
f 2028/2028 2158/2158 1991/1991
f 2058/2058 2021/2021 2152/2152
f 2042/2042 2036/2036 2074/2074
f 2104/2104 1991/1991 2158/2158
f 2036/2036 1967/1967 2167/2167
f 2133/2133 2023/2023 2072/2072
f 2041/2041 2118/2118 2148/2148
f 2022/2022 2095/2095 2122/2122
f 2167/2167 1967/1967 2189/2189
f 1938/1938 2022/2022 2031/2031
f 2075/2075 2029/2029 2101/2101
f 2089/2089 2123/2123 2004/2004
f 2039/2039 2056/2056 2123/2123
f 2048/2048 1973/1973 2138/2138
f 1973/1973 2088/2088 2138/2138
f 2026/2026 2086/2086 2125/2125
f 2073/2073 1999/1999 2066/2066
f 2078/2078 1968/1968 2151/2151
f 1877/1877 2005/2005 2106/2106
f 1996/1996 2143/2143 2011/2011
f 2131/2131 2047/2047 1877/1877
f 1999/1999 2107/2107 2066/2066
f 2005/2005 1992/1992 2106/2106
f 1996/1996 2042/2042 2143/2143
f 1995/1995 2110/2110 2139/2139
f 2062/2062 2017/2017 2084/2084
f 2050/2050 2114/2114 2013/2013
f 2032/2032 1994/1994 2204/2204
f 2118/2118 2032/2032 2204/2204
f 2123/2123 2099/2099 2039/2039
f 2040/2040 2061/2061 2176/2176
f 1951/1951 2157/2157 2051/2051
f 1968/1968 2025/2025 2141/2141
f 2011/2011 2143/2143 2185/2185
f 2008/2008 2080/2080 2127/2127
f 1983/1983 1991/1991 2104/2104
f 2101/2101 2029/2029 2048/2048
f 2210/2210 2048/2048 2138/2138
f 2083/2083 2170/2170 2049/2049
f 2013/2013 2114/2114 2162/2162
f 1971/1971 2097/2097 2159/2159
f 2082/2082 1981/1981 2071/2071
f 2145/2145 1985/1985 2137/2137
f 1985/1985 2060/2060 2137/2137
f 2057/2057 2012/2012 2194/2194
f 2027/2027 2045/2045 2131/2131
f 2113/2113 2022/2022 2122/2122
f 1951/1951 2046/2046 2157/2157
f 2001/2001 2037/2037 2100/2100
f 2081/2081 2053/2053 2117/2117
f 2117/2117 2136/2136 2081/2081
f 2031/2031 2022/2022 2113/2113
f 1974/1974 2062/2062 2105/2105
f 2132/2132 2052/2052 1987/1987
f 2074/2074 2115/2115 2042/2042
f 1968/1968 2141/2141 2093/2093
f 2064/2064 2049/2049 2170/2170
f 2167/2167 2074/2074 2036/2036
f 2060/2060 2085/2085 2153/2153
f 2113/2113 2107/2107 2031/2031
f 2130/2130 2146/2146 1987/1987
f 2037/2037 2011/2011 2185/2185
f 2063/2063 2068/2068 2263/2263
f 2043/2043 2055/2055 2124/2124
f 2231/2231 2001/2001 2100/2100
f 2151/2151 1968/1968 2093/2093
f 2096/2096 2024/2024 2197/2197
f 2195/2195 2065/2065 2150/2150
f 2070/2070 2041/2041 2148/2148
f 2012/2012 2001/2001 2231/2231
f 2080/2080 2020/2020 2172/2172
f 2263/2263 2172/2172 2063/2063
f 2151/2151 2085/2085 2078/2078
f 2081/2081 2106/2106 1992/1992
f 2115/2115 2143/2143 2042/2042
f 2075/2075 2178/2178 2044/2044
f 2002/2002 2070/2070 2121/2121
f 2086/2086 2014/2014 2163/2163
f 2172/2172 2020/2020 2063/2063
f 2027/2027 2131/2131 2108/2108
f 2095/2095 2057/2057 2194/2194
f 2231/2231 2194/2194 2012/2012
f 2033/2033 2059/2059 2286/2286
f 2170/2170 2119/2119 2064/2064
f 2059/2059 1959/1959 2120/2120
f 2131/2131 1877/1877 2174/2174
f 2079/2079 2064/2064 2119/2119
f 2142/2142 2120/2120 1959/1959
f 2111/2111 2079/2079 2119/2119
f 2091/2091 1983/1983 2198/2198
f 2100/2100 2037/2037 2185/2185
f 2040/2040 2176/2176 2211/2211
f 2046/2046 2079/2079 2111/2111
f 2030/2030 2065/2065 2195/2195
f 2117/2117 2103/2103 2213/2213
f 2094/2094 2058/2058 2160/2160
f 2124/2124 2051/2051 2157/2157
f 2055/2055 2051/2051 2124/2124
f 2106/2106 2081/2081 2136/2136
f 1983/1983 2104/2104 2134/2134
f 1893/1893 2108/2108 2154/2154
f 2072/2072 2098/2098 2282/2282
f 2134/2134 2198/2198 1983/1983
f 2083/2083 2091/2091 2109/2109
f 2178/2178 2189/2189 2044/2044
f 2121/2121 2158/2158 2028/2028
f 2145/2145 2137/2137 2135/2135
f 2077/2077 2087/2087 2205/2205
f 2169/2169 2052/2052 2132/2132
f 2120/2120 2221/2221 2059/2059
f 2133/2133 2072/2072 2116/2116
f 2279/2279 2054/2054 2133/2133
f 2112/2112 2069/2069 2175/2175
f 2146/2146 2130/2130 2212/2212
f 2126/2126 1893/1893 2154/2154
f 2150/2150 1893/1893 2126/2126
f 2157/2157 2046/2046 2111/2111
f 2099/2099 2123/2123 2149/2149
f 2196/2196 2159/2159 2097/2097
f 2008/2008 2127/2127 2142/2142
f 2080/2080 2172/2172 2127/2127
f 2148/2148 2229/2229 2070/2070
f 2116/2116 2072/2072 2282/2282
f 2084/2084 2030/2030 2195/2195
f 2097/2097 1995/1995 2196/2196
f 2214/2214 2102/2102 2286/2286
f 2197/2197 2024/2024 2129/2129
f 2068/2068 2067/2067 2202/2202
f 2082/2082 2147/2147 2076/2076
f 2061/2061 2054/2054 2173/2173
f 2106/2106 2136/2136 2155/2155
f 2061/2061 2173/2173 2182/2182
f 2176/2176 2061/2061 2182/2182
f 2050/2050 2180/2180 2114/2114
f 2087/2087 2203/2203 2205/2205
f 2121/2121 2070/2070 2184/2184
f 2096/2096 2180/2180 2050/2050
f 2194/2194 2231/2231 2232/2232
f 2087/2087 2105/2105 2203/2203
f 2169/2169 2161/2161 2052/2052
f 2043/2043 2124/2124 2165/2165
f 2098/2098 2052/2052 2161/2161
f 2173/2173 2054/2054 2279/2279
f 2109/2109 2091/2091 2206/2206
f 2167/2167 2189/2189 2249/2249
f 2196/2196 1995/1995 2139/2139
f 2159/2159 2295/2295 2088/2088
f 2210/2210 2138/2138 2164/2164
f 2129/2129 2112/2112 2186/2186
f 2125/2125 2086/2086 2163/2163
f 2286/2286 2059/2059 2221/2221
f 2143/2143 2115/2115 2246/2246
f 2202/2202 2263/2263 2068/2068
f 2108/2108 2131/2131 2192/2192
f 2035/2035 2094/2094 2160/2160
f 2085/2085 2151/2151 2153/2153
f 2075/2075 2101/2101 2200/2200
f 2128/2128 2174/2174 1877/1877
f 2175/2175 2069/2069 2099/2099
f 2152/2152 2125/2125 2190/2190
f 2149/2149 2123/2123 2089/2089
f 2161/2161 2282/2282 2098/2098
f 2204/2204 1994/1994 2228/2228
f 2066/2066 2107/2107 2241/2241
f 2128/2128 2106/2106 2166/2166
f 2155/2155 2166/2166 2106/2106
f 2101/2101 2048/2048 2200/2200
f 2060/2060 2153/2153 2135/2135
f 2295/2295 2138/2138 2088/2088
f 2203/2203 2105/2105 2183/2183
f 2107/2107 2113/2113 2252/2252
f 2168/2168 2043/2043 2165/2165
f 2067/2067 2076/2076 2147/2147
f 2121/2121 2184/2184 2236/2236
f 2156/2156 2155/2155 2136/2136
f 2206/2206 2091/2091 2208/2208
f 2137/2137 2060/2060 2135/2135
f 2113/2113 2122/2122 2227/2227
f 2139/2139 2110/2110 2275/2275
f 2110/2110 2077/2077 2275/2275
f 2154/2154 2108/2108 2144/2144
f 1994/1994 2145/2145 2209/2209
f 2095/2095 2194/2194 2122/2122
f 2071/2071 2040/2040 2211/2211
f 2105/2105 2062/2062 2193/2193
f 2193/2193 2062/2062 2084/2084
f 2099/2099 2149/2149 2243/2243
f 2109/2109 2222/2222 2083/2083
f 2135/2135 2153/2153 2177/2177
f 2201/2201 2195/2195 2150/2150
f 2112/2112 2175/2175 2186/2186
f 2157/2157 2111/2111 2216/2216
f 2136/2136 2117/2117 2179/2179
f 2229/2229 2261/2261 2070/2070
f 2089/2089 2043/2043 2168/2168
f 2100/2100 2185/2185 2226/2226
f 2130/2130 2092/2092 2219/2219
f 2168/2168 2188/2188 2089/2089
f 2119/2119 2170/2170 2220/2220
f 2185/2185 2143/2143 2246/2246
f 2208/2208 2091/2091 2198/2198
f 2124/2124 2157/2157 2171/2171
f 2130/2130 2254/2254 2212/2212
f 2144/2144 2108/2108 2192/2192
f 2151/2151 2093/2093 2218/2218
f 2197/2197 2180/2180 2096/2096
f 2162/2162 2114/2114 2300/2300
f 2178/2178 2075/2075 2200/2200
f 2246/2246 2115/2115 2191/2191
f 2115/2115 2074/2074 2191/2191
f 2149/2149 2089/2089 2188/2188
f 2134/2134 2181/2181 2198/2198
f 2171/2171 2165/2165 2124/2124
f 2175/2175 2099/2099 2207/2207
f 2206/2206 2222/2222 2109/2109
f 2170/2170 2083/2083 2222/2222
f 2140/2140 2219/2219 2092/2092
f 2148/2148 2118/2118 2204/2204
f 2193/2193 2084/2084 2248/2248
f 2074/2074 2167/2167 2191/2191
f 2241/2241 2107/2107 2252/2252
f 2248/2248 2084/2084 2195/2195
f 2214/2214 2286/2286 2224/2224
f 2201/2201 2150/2150 2126/2126
f 2239/2239 2125/2125 2163/2163
f 2252/2252 2113/2113 2227/2227
f 2048/2048 2210/2210 2200/2200
f 2197/2197 2129/2129 2186/2186
f 2169/2169 2132/2132 2308/2308
f 2190/2190 2125/2125 2239/2239
f 2147/2147 2082/2082 2272/2272
f 2179/2179 2117/2117 2273/2273
f 2272/2272 2082/2082 2071/2071
f 2127/2127 2172/2172 2230/2230
f 2151/2151 2218/2218 2266/2266
f 2273/2273 2117/2117 2213/2213
f 1994/1994 2209/2209 2228/2228
f 2184/2184 2070/2070 2261/2261
f 2153/2153 2151/2151 2266/2266
f 2174/2174 2128/2128 2223/2223
f 2058/2058 2152/2152 2317/2317
f 2231/2231 2100/2100 2187/2187
f 2171/2171 2157/2157 2216/2216
f 2226/2226 2187/2187 2100/2100
f 2204/2204 2229/2229 2148/2148
f 2133/2133 2116/2116 2345/2345
f 2105/2105 2193/2193 2183/2183
f 2128/2128 2166/2166 2223/2223
f 2066/2066 2241/2241 2073/2073
f 2111/2111 2119/2119 2259/2259
f 2209/2209 2145/2145 2199/2199
f 2168/2168 2165/2165 2217/2217
f 2130/2130 2219/2219 2254/2254
f 2191/2191 2167/2167 2249/2249
f 2279/2279 2133/2133 2345/2345
f 2138/2138 2295/2295 2164/2164
f 2145/2145 2135/2135 2199/2199
f 2279/2279 2182/2182 2173/2173
f 2179/2179 2156/2156 2136/2136
f 2192/2192 2131/2131 2174/2174
f 2182/2182 2250/2250 2176/2176
f 2140/2140 2035/2035 2333/2333
f 2121/2121 2236/2236 2158/2158
f 2189/2189 2178/2178 2234/2234
f 2234/2234 2178/2178 2215/2215
f 2211/2211 2176/2176 2250/2250
f 2205/2205 2275/2275 2077/2077
f 2221/2221 2120/2120 2237/2237
f 2244/2244 2099/2099 2307/2307
f 2171/2171 2216/2216 2247/2247
f 2186/2186 2175/2175 2207/2207
f 2126/2126 2154/2154 2361/2361
f 2309/2309 2144/2144 2192/2192
f 2142/2142 2127/2127 2235/2235
f 2119/2119 2220/2220 2259/2259
f 2104/2104 2158/2158 2134/2134
f 2116/2116 2282/2282 2291/2291
f 2206/2206 2208/2208 2276/2276
f 2223/2223 2166/2166 2155/2155
f 2160/2160 2245/2245 2035/2035
f 2154/2154 2144/2144 2361/2361
f 2238/2238 2162/2162 2300/2300
f 2245/2245 2333/2333 2035/2035
f 2160/2160 2058/2058 2317/2317
f 2135/2135 2177/2177 2274/2274
f 2230/2230 2235/2235 2127/2127
f 2179/2179 2273/2273 2303/2303
f 2093/2093 2141/2141 2253/2253
f 2141/2141 2073/2073 2285/2285
f 2111/2111 2259/2259 2216/2216
f 2169/2169 2338/2338 2161/2161
f 2275/2275 2205/2205 2284/2284
f 2307/2307 2099/2099 2243/2243
f 2140/2140 2333/2333 2219/2219
f 2375/2375 2126/2126 2361/2361
f 2071/2071 2211/2211 2257/2257
f 2194/2194 2232/2232 2294/2294
f 2207/2207 2099/2099 2244/2244
f 2132/2132 2146/2146 2308/2308
f 2248/2248 2195/2195 2201/2201
f 2067/2067 2147/2147 2272/2272
f 2185/2185 2246/2246 2226/2226
f 2317/2317 2152/2152 2417/2417
f 2156/2156 2179/2179 2303/2303
f 2193/2193 2258/2258 2183/2183
f 2205/2205 2203/2203 2242/2242
f 2217/2217 2364/2364 2168/2168
f 2188/2188 2168/2168 2364/2364
f 2322/2322 2172/2172 2263/2263
f 2262/2262 2177/2177 2153/2153
f 2242/2242 2203/2203 2183/2183
f 2208/2208 2198/2198 2181/2181
f 2249/2249 2189/2189 2234/2234
f 2258/2258 2193/2193 2265/2265
f 2285/2285 2073/2073 2241/2241
f 2193/2193 2248/2248 2265/2265
f 2241/2241 2252/2252 2240/2240
f 2236/2236 2184/2184 2304/2304
f 2207/2207 2302/2302 2186/2186
f 2152/2152 2190/2190 2239/2239
f 2155/2155 2156/2156 2287/2287
f 2197/2197 2186/2186 2302/2302
f 2199/2199 2135/2135 2274/2274
f 2280/2280 2221/2221 2237/2237
f 2220/2220 2170/2170 2222/2222
f 2213/2213 2225/2225 2352/2352
f 2212/2212 2308/2308 2146/2146
f 2284/2284 2205/2205 2242/2242
f 2253/2253 2218/2218 2093/2093
f 2303/2303 2287/2287 2156/2156
f 2122/2122 2194/2194 2294/2294
f 2257/2257 2211/2211 2250/2250
f 2226/2226 2246/2246 2233/2233
f 2248/2248 2201/2201 2305/2305
f 2165/2165 2171/2171 2247/2247
f 2134/2134 2158/2158 2264/2264
f 2206/2206 2255/2255 2222/2222
f 2276/2276 2208/2208 2181/2181
f 2230/2230 2172/2172 2322/2322
f 2120/2120 2142/2142 2289/2289
f 2235/2235 2230/2230 2288/2288
f 2237/2237 2120/2120 2289/2289
f 2227/2227 2122/2122 2324/2324
f 2285/2285 2241/2241 2331/2331
f 2192/2192 2174/2174 2256/2256
f 2159/2159 2196/2196 2295/2295
f 2160/2160 2317/2317 2269/2269
f 2266/2266 2262/2262 2153/2153
f 2339/2339 2152/2152 2239/2239
f 2181/2181 2134/2134 2298/2298
f 2264/2264 2158/2158 2236/2236
f 2255/2255 2206/2206 2276/2276
f 2223/2223 2256/2256 2174/2174
f 2274/2274 2177/2177 2262/2262
f 2201/2201 2126/2126 2386/2386
f 2144/2144 2309/2309 2361/2361
f 2267/2267 2200/2200 2390/2390
f 2200/2200 2210/2210 2390/2390
f 2272/2272 2071/2071 2296/2296
f 2210/2210 2270/2270 2390/2390
f 2180/2180 2342/2342 2114/2114
f 2286/2286 2221/2221 2280/2280
f 2209/2209 2199/2199 2271/2271
f 2210/2210 2164/2164 2270/2270
f 2289/2289 2142/2142 2251/2251
f 2161/2161 2338/2338 2282/2282
f 2155/2155 2299/2299 2223/2223
f 2269/2269 2245/2245 2160/2160
f 2196/2196 2139/2139 2283/2283
f 2237/2237 2289/2289 2280/2280
f 2253/2253 2141/2141 2285/2285
f 2209/2209 2271/2271 2228/2228
f 2165/2165 2247/2247 2292/2292
f 2345/2345 2116/2116 2291/2291
f 2183/2183 2258/2258 2311/2311
f 2149/2149 2188/2188 2364/2364
f 2139/2139 2275/2275 2283/2283
f 2278/2278 2217/2217 2165/2165
f 2250/2250 2182/2182 2290/2290
f 2301/2301 2202/2202 2067/2067
f 2386/2386 2305/2305 2201/2201
f 2337/2337 2216/2216 2259/2259
f 2337/2337 2260/2260 2216/2216
f 2232/2232 2231/2231 2294/2294
f 2247/2247 2216/2216 2260/2260
f 2197/2197 2302/2302 2310/2310
f 2249/2249 2234/2234 2355/2355
f 2134/2134 2264/2264 2298/2298
f 2296/2296 2071/2071 2257/2257
f 2375/2375 2386/2386 2126/2126
f 2184/2184 2261/2261 2304/2304
f 2142/2142 2384/2384 2251/2251
f 2263/2263 2202/2202 2327/2327
f 2180/2180 2197/2197 2310/2310
f 2215/2215 2178/2178 2268/2268
f 2067/2067 2272/2272 2301/2301
f 2283/2283 2329/2329 2196/2196
f 2230/2230 2322/2322 2288/2288
f 2178/2178 2200/2200 2268/2268
f 2266/2266 2218/2218 2253/2253
f 2229/2229 2204/2204 2306/2306
f 2310/2310 2342/2342 2180/2180
f 2242/2242 2183/2183 2293/2293
f 2364/2364 2243/2243 2149/2149
f 2238/2238 2300/2300 2312/2312
f 2278/2278 2165/2165 2292/2292
f 2183/2183 2311/2311 2360/2360
f 2182/2182 2279/2279 2290/2290
f 2297/2297 2256/2256 2223/2223
f 2301/2301 2327/2327 2202/2202
f 2325/2325 2187/2187 2226/2226
f 2279/2279 2345/2345 2277/2277
f 2248/2248 2305/2305 2265/2265
f 2276/2276 2181/2181 2363/2363
f 2252/2252 2227/2227 2240/2240
f 2251/2251 2384/2384 2422/2422
f 2256/2256 2309/2309 2192/2192
f 2300/2300 2114/2114 2342/2342
f 2284/2284 2343/2343 2275/2275
f 2142/2142 2235/2235 2384/2384
f 2191/2191 2385/2385 2246/2246
f 2200/2200 2267/2267 2268/2268
f 2286/2286 2353/2353 2224/2224
f 2308/2308 2212/2212 2438/2438
f 2299/2299 2155/2155 2341/2341
f 2191/2191 2249/2249 2316/2316
f 2337/2337 2259/2259 2220/2220
f 2330/2330 2229/2229 2306/2306
f 2207/2207 2244/2244 2326/2326
f 2261/2261 2229/2229 2330/2330
f 2270/2270 2164/2164 2348/2348
f 2199/2199 2274/2274 2271/2271
f 2169/2169 2308/2308 2338/2338
f 2305/2305 2386/2386 2400/2400
f 2302/2302 2207/2207 2326/2326
f 2294/2294 2231/2231 2325/2325
f 2383/2383 2222/2222 2255/2255
f 2298/2298 2363/2363 2181/2181
f 2234/2234 2215/2215 2355/2355
f 2383/2383 2220/2220 2222/2222
f 2286/2286 2280/2280 2314/2314
f 2196/2196 2323/2323 2295/2295
f 2321/2321 2217/2217 2278/2278
f 2247/2247 2260/2260 2351/2351
f 2231/2231 2187/2187 2325/2325
f 2328/2328 2155/2155 2287/2287
f 2364/2364 2217/2217 2321/2321
f 2333/2333 2245/2245 2373/2373
f 2239/2239 2313/2313 2541/2541
f 2303/2303 2273/2273 2352/2352
f 2213/2213 2352/2352 2273/2273
f 2324/2324 2122/2122 2357/2357
f 2299/2299 2297/2297 2223/2223
f 2280/2280 2289/2289 2366/2366
f 2263/2263 2327/2327 2322/2322
f 2343/2343 2284/2284 2242/2242
f 2262/2262 2266/2266 2362/2362
f 2357/2357 2122/2122 2294/2294
f 2250/2250 2290/2290 2319/2319
f 2233/2233 2246/2246 2385/2385
f 2363/2363 2298/2298 2354/2354
f 2255/2255 2276/2276 2336/2336
f 2333/2333 2350/2350 2219/2219
f 2292/2292 2247/2247 2351/2351
f 2346/2346 2253/2253 2285/2285
f 2164/2164 2295/2295 2348/2348
f 2390/2390 2270/2270 2348/2348
f 2290/2290 2279/2279 2277/2277
f 2155/2155 2328/2328 2341/2341
f 2204/2204 2228/2228 2335/2335
f 2348/2348 2295/2295 2323/2323
f 2336/2336 2276/2276 2370/2370
f 2338/2338 2365/2365 2282/2282
f 2219/2219 2350/2350 2438/2438
f 2254/2254 2219/2219 2438/2438
f 2296/2296 2301/2301 2272/2272
f 2212/2212 2254/2254 2438/2438
f 2152/2152 2339/2339 2417/2417
f 2343/2343 2242/2242 2293/2293
f 2274/2274 2262/2262 2378/2378
f 2362/2362 2378/2378 2262/2262
f 2339/2339 2239/2239 2541/2541
f 2283/2283 2275/2275 2318/2318
f 2385/2385 2191/2191 2316/2316
f 2353/2353 2286/2286 2314/2314
f 2255/2255 2336/2336 2379/2379
f 2438/2438 2382/2382 2308/2308
f 2282/2282 2365/2365 2291/2291
f 2377/2377 2264/2264 2401/2401
f 2378/2378 2271/2271 2274/2274
f 2293/2293 2183/2183 2360/2360
f 2352/2352 2315/2315 2388/2388
f 2275/2275 2343/2343 2318/2318
f 2326/2326 2244/2244 2332/2332
f 2269/2269 2373/2373 2245/2245
f 2306/2306 2204/2204 2335/2335
f 2363/2363 2370/2370 2276/2276
f 2341/2341 2328/2328 2421/2421
f 2257/2257 2250/2250 2340/2340
f 2296/2296 2257/2257 2340/2340
f 2298/2298 2264/2264 2377/2377
f 2366/2366 2289/2289 2251/2251
f 2278/2278 2292/2292 2321/2321
f 2329/2329 2323/2323 2196/2196
f 2301/2301 2296/2296 2359/2359
f 2316/2316 2435/2435 2385/2385
f 2236/2236 2304/2304 2320/2320
f 2358/2358 2301/2301 2359/2359
f 2283/2283 2318/2318 2347/2347
f 2236/2236 2320/2320 2264/2264
f 2228/2228 2271/2271 2369/2369
f 2348/2348 2393/2393 2390/2390
f 2346/2346 2266/2266 2253/2253
f 2260/2260 2337/2337 2351/2351
f 2244/2244 2307/2307 2349/2349
f 2300/2300 2342/2342 2449/2449
f 2311/2311 2258/2258 2360/2360
f 2366/2366 2251/2251 2422/2422
f 2256/2256 2387/2387 2309/2309
f 2320/2320 2401/2401 2264/2264
f 2277/2277 2345/2345 2334/2334
f 2258/2258 2265/2265 2360/2360
f 2411/2411 2220/2220 2383/2383
f 2397/2397 2287/2287 2303/2303
f 2325/2325 2226/2226 2415/2415
f 2235/2235 2288/2288 2384/2384
f 2227/2227 2324/2324 2344/2344
f 2292/2292 2351/2351 2368/2368
f 2407/2407 2330/2330 2306/2306
f 2325/2325 2376/2376 2294/2294
f 2269/2269 2317/2317 2428/2428
f 2285/2285 2331/2331 2414/2414
f 2319/2319 2340/2340 2250/2250
f 2352/2352 2397/2397 2303/2303
f 2327/2327 2301/2301 2358/2358
f 2328/2328 2287/2287 2421/2421
f 2329/2329 2283/2283 2347/2347
f 2320/2320 2304/2304 2380/2380
f 2383/2383 2255/2255 2379/2379
f 2261/2261 2380/2380 2304/2304
f 2362/2362 2266/2266 2346/2346
f 2351/2351 2337/2337 2425/2425
f 2332/2332 2244/2244 2349/2349
f 2337/2337 2220/2220 2411/2411
f 2240/2240 2227/2227 2344/2344
f 2331/2331 2241/2241 2240/2240
f 2261/2261 2330/2330 2380/2380
f 2351/2351 2425/2425 2368/2368
f 2357/2357 2294/2294 2376/2376
f 2368/2368 2321/2321 2292/2292
f 2369/2369 2271/2271 2378/2378
f 2327/2327 2358/2358 2405/2405
f 2310/2310 2302/2302 2468/2468
f 2391/2391 2361/2361 2309/2309
f 2418/2418 2290/2290 2374/2374
f 2319/2319 2290/2290 2418/2418
f 2341/2341 2356/2356 2299/2299
f 2358/2358 2359/2359 2398/2398
f 2306/2306 2335/2335 2407/2407
f 2265/2265 2305/2305 2371/2371
f 2411/2411 2477/2477 2337/2337
f 2369/2369 2335/2335 2228/2228
f 2360/2360 2265/2265 2402/2402
f 2413/2413 2379/2379 2336/2336
f 2302/2302 2326/2326 2505/2505
f 2402/2402 2265/2265 2439/2439
f 2374/2374 2290/2290 2440/2440
f 2428/2428 2317/2317 2417/2417
f 2439/2439 2265/2265 2371/2371
f 2415/2415 2226/2226 2395/2395
f 2290/2290 2277/2277 2440/2440
f 2334/2334 2440/2440 2277/2277
f 2323/2323 2329/2329 2475/2475
f 2333/2333 2373/2373 2404/2404
f 2233/2233 2385/2385 2395/2395
f 2355/2355 2215/2215 2268/2268
f 2324/2324 2357/2357 2392/2392
f 2322/2322 2394/2394 2288/2288
f 2309/2309 2387/2387 2391/2391
f 2322/2322 2327/2327 2405/2405
f 2384/2384 2288/2288 2394/2394
f 2312/2312 2300/2300 2449/2449
f 2346/2346 2285/2285 2406/2406
f 2359/2359 2296/2296 2410/2410
f 2420/2420 2318/2318 2343/2343
f 2307/2307 2243/2243 2372/2372
f 2343/2343 2293/2293 2420/2420
f 2349/2349 2307/2307 2372/2372
f 2388/2388 2315/2315 2419/2419
f 2342/2342 2310/2310 2479/2479
f 2393/2393 2348/2348 2412/2412
f 2375/2375 2361/2361 2396/2396
f 2371/2371 2305/2305 2400/2400
f 2354/2354 2298/2298 2389/2389
f 2338/2338 2308/2308 2424/2424
f 2291/2291 2409/2409 2345/2345
f 2434/2434 2396/2396 2361/2361
f 2436/2436 2325/2325 2415/2415
f 2424/2424 2430/2430 2338/2338
f 2365/2365 2338/2338 2430/2430
f 2394/2394 2322/2322 2405/2405
f 2389/2389 2298/2298 2377/2377
f 2348/2348 2323/2323 2475/2475
f 2372/2372 2243/2243 2364/2364
f 2369/2369 2378/2378 2403/2403
f 2361/2361 2391/2391 2434/2434
f 2441/2441 2324/2324 2392/2392
f 2381/2381 2347/2347 2318/2318
f 2297/2297 2299/2299 2427/2427
f 2299/2299 2356/2356 2427/2427
f 2281/2281 2419/2419 2315/2315
f 2468/2468 2479/2479 2310/2310
f 2404/2404 2350/2350 2333/2333
f 2406/2406 2285/2285 2414/2414
f 2518/2518 2360/2360 2433/2433
f 2375/2375 2396/2396 2386/2386
f 2426/2426 2267/2267 2390/2390
f 2392/2392 2357/2357 2376/2376
f 2345/2345 2409/2409 2334/2334
f 2413/2413 2363/2363 2354/2354
f 2370/2370 2413/2413 2336/2336
f 2383/2383 2379/2379 2416/2416
f 2407/2407 2335/2335 2399/2399
f 2416/2416 2408/2408 2383/2383
f 2296/2296 2340/2340 2410/2410
f 2335/2335 2369/2369 2399/2399
f 2362/2362 2445/2445 2513/2513
f 2226/2226 2233/2233 2395/2395
f 2475/2475 2412/2412 2348/2348
f 2449/2449 2528/2528 2312/2312
f 2397/2397 2352/2352 2467/2467
f 2376/2376 2325/2325 2436/2436
f 2411/2411 2383/2383 2408/2408
f 2349/2349 2372/2372 2444/2444
f 2356/2356 2341/2341 2470/2470
f 2452/2452 2267/2267 2426/2426
f 2352/2352 2388/2388 2432/2432
f 2424/2424 2308/2308 2382/2382
f 2421/2421 2470/2470 2341/2341
f 2422/2422 2384/2384 2394/2394
f 2344/2344 2324/2324 2441/2441
f 2362/2362 2455/2455 2378/2378
f 2450/2450 2367/2367 2423/2423
f 2370/2370 2363/2363 2413/2413
f 2414/2414 2331/2331 2240/2240
f 2435/2435 2316/2316 2565/2565
f 2413/2413 2416/2416 2379/2379
f 2513/2513 2455/2455 2362/2362
f 2465/2465 2368/2368 2425/2425
f 2410/2410 2398/2398 2359/2359
f 2389/2389 2377/2377 2401/2401
f 2340/2340 2319/2319 2418/2418
f 2540/2540 2312/2312 2528/2528
f 2268/2268 2267/2267 2452/2452
f 2321/2321 2368/2368 2453/2453
f 2477/2477 2425/2425 2337/2337
f 2409/2409 2291/2291 2517/2517
f 2346/2346 2406/2406 2458/2458
f 2360/2360 2402/2402 2433/2433
f 2240/2240 2344/2344 2548/2548
f 2364/2364 2321/2321 2453/2453
f 2372/2372 2364/2364 2453/2453
f 2332/2332 2349/2349 2444/2444
f 2401/2401 2320/2320 2531/2531
f 2400/2400 2386/2386 2466/2466
f 2316/2316 2249/2249 2355/2355
f 2355/2355 2565/2565 2316/2316
f 2442/2442 2438/2438 2350/2350
f 2389/2389 2456/2456 2354/2354
f 2421/2421 2287/2287 2397/2397
f 2291/2291 2365/2365 2517/2517
f 2374/2374 2440/2440 2418/2418
f 2413/2413 2354/2354 2456/2456
f 2339/2339 2541/2541 2487/2487
f 2505/2505 2468/2468 2302/2302
f 2390/2390 2393/2393 2638/2638
f 2281/2281 2367/2367 2446/2446
f 2490/2490 2355/2355 2268/2268
f 2405/2405 2358/2358 2570/2570
f 2452/2452 2490/2490 2268/2268
f 2269/2269 2428/2428 2429/2429
f 2445/2445 2362/2362 2346/2346
f 2256/2256 2297/2297 2387/2387
f 2342/2342 2479/2479 2449/2449
f 2417/2417 2339/2339 2487/2487
f 2467/2467 2352/2352 2432/2432
f 2427/2427 2387/2387 2297/2297
f 2318/2318 2420/2420 2381/2381
f 2403/2403 2378/2378 2455/2455
f 2385/2385 2435/2435 2469/2469
f 2347/2347 2486/2486 2329/2329
f 2397/2397 2476/2476 2421/2421
f 2401/2401 2437/2437 2389/2389
f 2453/2453 2368/2368 2465/2465
f 2407/2407 2399/2399 2503/2503
f 2414/2414 2240/2240 2548/2548
f 2429/2429 2512/2512 2269/2269
f 2330/2330 2407/2407 2431/2431
f 2373/2373 2269/2269 2512/2512
f 2415/2415 2395/2395 2436/2436
f 2422/2422 2394/2394 2471/2471
f 2340/2340 2459/2459 2410/2410
f 2463/2463 2355/2355 2490/2490
f 2381/2381 2486/2486 2347/2347
f 2434/2434 2391/2391 2387/2387
f 2499/2499 2385/2385 2469/2469
f 2399/2399 2369/2369 2403/2403
f 2381/2381 2420/2420 2491/2491
f 2358/2358 2398/2398 2443/2443
f 2386/2386 2396/2396 2488/2488
f 2404/2404 2373/2373 2519/2519
f 2517/2517 2365/2365 2430/2430
f 2508/2508 2438/2438 2442/2442
f 2480/2480 2556/2556 2406/2406
f 2477/2477 2411/2411 2474/2474
f 2570/2570 2358/2358 2443/2443
f 2376/2376 2447/2447 2392/2392
f 2414/2414 2548/2548 2457/2457
f 2395/2395 2385/2385 2499/2499
f 2380/2380 2330/2330 2431/2431
f 2431/2431 2454/2454 2380/2380
f 2409/2409 2517/2517 2483/2483
f 2426/2426 2390/2390 2638/2638
f 2436/2436 2395/2395 2547/2547
f 2293/2293 2360/2360 2518/2518
f 2441/2441 2548/2548 2344/2344
f 2475/2475 2329/2329 2486/2486
f 2406/2406 2414/2414 2480/2480
f 2472/2472 2460/2460 2423/2423
f 2320/2320 2380/2380 2454/2454
f 2404/2404 2451/2451 2350/2350
f 2399/2399 2403/2403 2509/2509
f 2392/2392 2501/2501 2441/2441
f 2430/2430 2424/2424 2500/2500
f 2367/2367 2450/2450 2524/2524
f 2445/2445 2346/2346 2458/2458
f 2376/2376 2436/2436 2447/2447
f 2439/2439 2371/2371 2542/2542
f 2519/2519 2373/2373 2512/2512
f 2446/2446 2367/2367 2524/2524
f 2388/2388 2419/2419 2432/2432
f 2444/2444 2598/2598 2332/2332
f 2509/2509 2448/2448 2399/2399
f 2528/2528 2449/2449 2462/2462
f 2508/2508 2705/2705 2438/2438
f 2398/2398 2522/2522 2559/2559
f 2326/2326 2332/2332 2505/2505
f 2419/2419 2281/2281 2446/2446
f 2486/2486 2381/2381 2523/2523
f 2471/2471 2394/2394 2504/2504
f 2334/2334 2409/2409 2483/2483
f 2425/2425 2497/2497 2465/2465
f 2418/2418 2440/2440 2489/2489
f 2451/2451 2404/2404 2519/2519
f 2427/2427 2356/2356 2521/2521
f 2394/2394 2405/2405 2520/2520
f 2570/2570 2520/2520 2405/2405
f 2417/2417 2487/2487 2481/2481
f 2434/2434 2387/2387 2529/2529
f 2340/2340 2418/2418 2459/2459
f 2480/2480 2414/2414 2457/2457
f 2454/2454 2582/2582 2320/2320
f 2542/2542 2371/2371 2593/2593
f 2382/2382 2438/2438 2484/2484
f 2442/2442 2350/2350 2451/2451
f 2398/2398 2410/2410 2495/2495
f 2393/2393 2478/2478 2638/2638
f 2488/2488 2434/2434 2529/2529
f 2443/2443 2398/2398 2559/2559
f 2393/2393 2412/2412 2478/2478
f 2396/2396 2434/2434 2488/2488
f 2371/2371 2400/2400 2593/2593
f 2420/2420 2293/2293 2464/2464
f 2334/2334 2483/2483 2530/2530
f 2506/2506 2421/2421 2507/2507
f 2440/2440 2334/2334 2489/2489
f 2499/2499 2547/2547 2395/2395
f 2518/2518 2464/2464 2293/2293
f 2531/2531 2437/2437 2401/2401
f 2563/2563 2456/2456 2389/2389
f 2593/2593 2400/2400 2466/2466
f 2417/2417 2461/2461 2428/2428
f 2449/2449 2479/2479 2510/2510
f 2460/2460 2492/2492 2423/2423
f 2448/2448 2503/2503 2399/2399
f 2450/2450 2423/2423 2492/2492
f 2470/2470 2421/2421 2506/2506
f 2429/2429 2428/2428 2461/2461
f 2565/2565 2355/2355 2498/2498
f 2476/2476 2507/2507 2421/2421
f 2510/2510 2462/2462 2449/2449
f 2394/2394 2520/2520 2504/2504
f 2381/2381 2491/2491 2523/2523
f 2513/2513 2538/2538 2455/2455
f 2459/2459 2418/2418 2502/2502
f 2417/2417 2481/2481 2461/2461
f 2419/2419 2511/2511 2432/2432
f 2500/2500 2424/2424 2600/2600
f 2424/2424 2382/2382 2484/2484
f 2447/2447 2436/2436 2485/2485
f 2372/2372 2453/2453 2473/2473
f 2444/2444 2372/2372 2473/2473
f 2505/2505 2332/2332 2598/2598
f 2389/2389 2437/2437 2563/2563
f 2452/2452 2426/2426 2516/2516
f 2334/2334 2530/2530 2489/2489
f 2495/2495 2410/2410 2459/2459
f 2503/2503 2594/2594 2407/2407
f 2419/2419 2446/2446 2511/2511
f 2500/2500 2517/2517 2430/2430
f 2553/2553 2436/2436 2547/2547
f 2412/2412 2533/2533 2478/2478
f 2408/2408 2416/2416 2482/2482
f 2469/2469 2435/2435 2565/2565
f 2453/2453 2465/2465 2590/2590
f 2468/2468 2505/2505 2526/2526
f 2466/2466 2386/2386 2488/2488
f 2513/2513 2445/2445 2494/2494
f 2467/2467 2432/2432 2566/2566
f 2387/2387 2578/2578 2529/2529
f 2458/2458 2406/2406 2556/2556
f 2484/2484 2438/2438 2705/2705
f 2485/2485 2436/2436 2525/2525
f 2411/2411 2408/2408 2482/2482
f 2482/2482 2474/2474 2411/2411
f 2455/2455 2538/2538 2403/2403
f 2456/2456 2493/2493 2413/2413
f 2491/2491 2420/2420 2464/2464
f 2425/2425 2477/2477 2474/2474
f 2497/2497 2425/2425 2474/2474
f 2456/2456 2563/2563 2539/2539
f 2416/2416 2413/2413 2493/2493
f 2548/2548 2537/2537 2457/2457
f 2493/2493 2514/2514 2416/2416
f 2482/2482 2416/2416 2514/2514
f 2432/2432 2511/2511 2586/2586
f 2426/2426 2638/2638 2516/2516
f 2402/2402 2439/2439 2575/2575
f 2512/2512 2429/2429 2618/2618
f 2534/2534 2441/2441 2501/2501
f 2475/2475 2533/2533 2412/2412
f 2489/2489 2502/2502 2418/2418
f 2462/2462 2510/2510 2614/2614
f 2501/2501 2392/2392 2532/2532
f 2479/2479 2468/2468 2510/2510
f 2470/2470 2521/2521 2356/2356
f 2491/2491 2464/2464 2571/2571
f 2531/2531 2320/2320 2582/2582
f 2453/2453 2590/2590 2496/2496
f 2445/2445 2458/2458 2605/2605
f 2605/2605 2494/2494 2445/2445
f 2392/2392 2447/2447 2527/2527
f 2484/2484 2515/2515 2424/2424
f 2355/2355 2463/2463 2498/2498
f 2605/2605 2458/2458 2556/2556
f 2600/2600 2424/2424 2515/2515
f 2535/2535 2471/2471 2504/2504
f 2496/2496 2473/2473 2453/2453
f 2525/2525 2436/2436 2553/2553
f 2518/2518 2433/2433 2544/2544
f 2485/2485 2527/2527 2447/2447
f 2541/2541 2560/2560 2487/2487
f 2575/2575 2562/2562 2402/2402
f 2513/2513 2494/2494 2549/2549
f 2465/2465 2558/2558 2590/2590
f 2517/2517 2500/2500 2640/2640
f 2466/2466 2488/2488 2573/2573
f 2450/2450 2492/2492 2524/2524
f 2705/2705 2508/2508 2555/2555
f 2533/2533 2475/2475 2616/2616
f 2597/2597 2483/2483 2517/2517
f 2548/2548 2441/2441 2534/2534
f 2387/2387 2427/2427 2578/2578
f 2566/2566 2432/2432 2586/2586
f 2518/2518 2544/2544 2621/2621
f 2398/2398 2495/2495 2522/2522
f 2533/2533 2638/2638 2478/2478
f 2516/2516 2490/2490 2452/2452
f 2532/2532 2392/2392 2527/2527
f 2571/2571 2608/2608 2491/2491
f 2493/2493 2456/2456 2581/2581
f 2442/2442 2451/2451 2591/2591
f 2508/2508 2442/2442 2591/2591
f 2567/2567 2497/2497 2474/2474
f 2547/2547 2499/2499 2601/2601
f 2571/2571 2464/2464 2621/2621
f 2505/2505 2543/2543 2526/2526
f 2489/2489 2530/2530 2613/2613
f 2518/2518 2621/2621 2464/2464
f 2448/2448 2552/2552 2503/2503
f 2550/2550 2556/2556 2480/2480
f 2431/2431 2407/2407 2594/2594
f 2542/2542 2575/2575 2439/2439
f 2456/2456 2539/2539 2581/2581
f 2521/2521 2578/2578 2427/2427
f 2510/2510 2468/2468 2564/2564
f 2502/2502 2604/2604 2459/2459
f 2397/2397 2467/2467 2551/2551
f 2460/2460 2472/2472 2536/2536
f 2537/2537 2585/2585 2457/2457
f 2705/2705 2515/2515 2484/2484
f 2451/2451 2574/2574 2591/2591
f 2499/2499 2469/2469 2626/2626
f 2563/2563 2437/2437 2531/2531
f 2474/2474 2482/2482 2589/2589
f 2544/2544 2402/2402 2562/2562
f 2433/2433 2402/2402 2544/2544
f 2567/2567 2634/2634 2497/2497
f 2511/2511 2446/2446 2576/2576
f 2618/2618 2519/2519 2512/2512
f 2601/2601 2637/2637 2547/2547
f 2496/2496 2554/2554 2473/2473
f 2594/2594 2503/2503 2552/2552
f 2469/2469 2565/2565 2626/2626
f 2448/2448 2509/2509 2572/2572
f 2591/2591 2555/2555 2508/2508
f 2444/2444 2473/2473 2554/2554
f 2488/2488 2529/2529 2561/2561
f 2527/2527 2485/2485 2663/2663
f 2600/2600 2620/2620 2500/2500
f 2465/2465 2497/2497 2558/2558
f 2454/2454 2431/2431 2629/2629
f 2540/2540 2528/2528 2636/2636
f 2551/2551 2476/2476 2397/2397
f 2538/2538 2513/2513 2549/2549
f 2549/2549 2609/2609 2538/2538
f 2526/2526 2564/2564 2468/2468
f 2451/2451 2519/2519 2633/2633
f 2614/2614 2677/2677 2462/2462
f 2560/2560 2541/2541 2587/2587
f 2610/2610 2483/2483 2597/2597
f 2509/2509 2403/2403 2599/2599
f 2581/2581 2568/2568 2493/2493
f 2444/2444 2554/2554 2595/2595
f 2480/2480 2457/2457 2585/2585
f 2585/2585 2550/2550 2480/2480
f 2563/2563 2531/2531 2580/2580
f 2593/2593 2466/2466 2573/2573
f 2598/2598 2444/2444 2595/2595
f 2506/2506 2507/2507 2470/2470
f 2500/2500 2620/2620 2640/2640
f 2514/2514 2493/2493 2596/2596
f 2559/2559 2522/2522 2569/2569
f 2558/2558 2497/2497 2583/2583
f 2604/2604 2502/2502 2612/2612
f 2535/2535 2504/2504 2615/2615
f 2625/2625 2454/2454 2629/2629
f 2615/2615 2545/2545 2535/2535
f 2608/2608 2523/2523 2491/2491
f 2504/2504 2520/2520 2615/2615
f 2561/2561 2529/2529 2578/2578
f 2446/2446 2524/2524 2576/2576
f 2543/2543 2505/2505 2598/2598
f 2516/2516 2691/2691 2490/2490
f 2492/2492 2630/2630 2524/2524
f 2470/2470 2507/2507 2557/2557
f 2573/2573 2488/2488 2561/2561
f 2527/2527 2642/2642 2532/2532
f 2482/2482 2514/2514 2589/2589
f 2590/2590 2558/2558 2606/2606
f 2429/2429 2461/2461 2653/2653
f 2653/2653 2618/2618 2429/2429
f 2552/2552 2448/2448 2572/2572
f 2474/2474 2589/2589 2577/2577
f 2664/2664 2516/2516 2638/2638
f 2549/2549 2494/2494 2632/2632
f 2451/2451 2633/2633 2574/2574
f 2431/2431 2594/2594 2592/2592
f 2540/2540 2636/2636 2588/2588
f 2403/2403 2538/2538 2599/2599
f 2575/2575 2542/2542 2708/2708
f 2612/2612 2489/2489 2613/2613
f 2618/2618 2658/2658 2519/2519
f 2486/2486 2523/2523 2749/2749
f 2443/2443 2559/2559 2570/2570
f 2496/2496 2631/2631 2554/2554
f 2563/2563 2680/2680 2539/2539
f 2586/2586 2511/2511 2576/2576
f 2576/2576 2524/2524 2630/2630
f 2680/2680 2581/2581 2539/2539
f 2577/2577 2567/2567 2474/2474
f 2517/2517 2640/2640 2597/2597
f 2580/2580 2531/2531 2582/2582
f 2530/2530 2483/2483 2610/2610
f 2571/2571 2621/2621 2647/2647
f 2551/2551 2467/2467 2566/2566
f 2462/2462 2677/2677 2636/2636
f 2623/2623 2548/2548 2534/2534
f 2528/2528 2462/2462 2636/2636
f 2492/2492 2460/2460 2579/2579
f 2502/2502 2489/2489 2612/2612
f 2475/2475 2486/2486 2616/2616
f 2481/2481 2487/2487 2461/2461
f 2520/2520 2570/2570 2643/2643
f 2516/2516 2664/2664 2602/2602
f 2596/2596 2589/2589 2514/2514
f 2622/2622 2538/2538 2609/2609
f 2568/2568 2581/2581 2693/2693
f 2499/2499 2626/2626 2601/2601
f 2573/2573 2561/2561 2584/2584
f 2625/2625 2582/2582 2454/2454
f 2509/2509 2599/2599 2627/2627
f 2610/2610 2597/2597 2607/2607
f 2533/2533 2616/2616 2603/2603
f 2521/2521 2470/2470 2557/2557
f 2568/2568 2596/2596 2493/2493
f 2556/2556 2550/2550 2665/2665
f 2597/2597 2640/2640 2607/2607
f 2565/2565 2498/2498 2662/2662
f 2603/2603 2638/2638 2533/2533
f 2619/2619 2476/2476 2551/2551
f 2530/2530 2610/2610 2613/2613
f 2587/2587 2656/2656 2560/2560
f 2537/2537 2548/2548 2623/2623
f 2633/2633 2519/2519 2658/2658
f 2629/2629 2617/2617 2625/2625
f 2677/2677 2614/2614 2670/2670
f 2578/2578 2521/2521 2611/2611
f 2476/2476 2557/2557 2507/2507
f 2460/2460 2536/2536 2579/2579
f 2585/2585 2537/2537 2635/2635
f 2632/2632 2494/2494 2605/2605
f 2523/2523 2608/2608 2651/2651
f 2575/2575 2708/2708 2659/2659
f 2485/2485 2525/2525 2745/2745
f 2563/2563 2580/2580 2646/2646
f 2570/2570 2559/2559 2628/2628
f 2606/2606 2558/2558 2583/2583
f 2708/2708 2542/2542 2593/2593
f 2616/2616 2486/2486 2749/2749
f 2643/2643 2570/2570 2628/2628
f 2608/2608 2571/2571 2710/2710
f 2487/2487 2668/2668 2461/2461
f 2495/2495 2569/2569 2522/2522
f 2496/2496 2590/2590 2606/2606
f 2584/2584 2734/2734 2573/2573
f 2576/2576 2702/2702 2586/2586
f 2626/2626 2565/2565 2662/2662
f 2562/2562 2575/2575 2659/2659
f 2583/2583 2497/2497 2634/2634
f 2510/2510 2564/2564 2670/2670
f 2614/2614 2510/2510 2670/2670
f 2543/2543 2598/2598 2669/2669
f 2675/2675 2684/2684 2561/2561
f 2596/2596 2568/2568 2693/2693
f 2615/2615 2520/2520 2643/2643
f 2685/2685 2551/2551 2566/2566
f 2604/2604 2612/2612 2686/2686
f 2622/2622 2627/2627 2599/2599
f 2599/2599 2538/2538 2622/2622
f 2644/2644 2676/2676 2463/2463
f 2745/2745 2663/2663 2485/2485
f 2644/2644 2490/2490 2691/2691
f 2463/2463 2490/2490 2644/2644
f 2583/2583 2645/2645 2606/2606
f 2628/2628 2559/2559 2569/2569
f 2582/2582 2625/2625 2750/2750
f 2592/2592 2594/2594 2671/2671
f 2566/2566 2586/2586 2702/2702
f 2680/2680 2563/2563 2646/2646
f 2710/2710 2651/2651 2608/2608
f 2705/2705 2673/2673 2515/2515
f 2673/2673 2600/2600 2515/2515
f 2637/2637 2553/2553 2547/2547
f 2592/2592 2629/2629 2431/2431
f 2580/2580 2582/2582 2646/2646
f 2594/2594 2552/2552 2671/2671
f 2668/2668 2653/2653 2461/2461
f 2676/2676 2662/2662 2498/2498
f 2495/2495 2459/2459 2604/2604
f 2537/2537 2623/2623 2635/2635
f 2561/2561 2578/2578 2675/2675
f 2521/2521 2557/2557 2611/2611
f 2632/2632 2605/2605 2649/2649
f 2498/2498 2463/2463 2676/2676
f 2619/2619 2551/2551 2703/2703
f 2609/2609 2549/2549 2660/2660
f 2526/2526 2543/2543 2669/2669
f 2560/2560 2668/2668 2487/2487
f 2557/2557 2476/2476 2619/2619
f 2546/2546 2579/2579 2536/2536
f 2564/2564 2526/2526 2698/2698
f 2496/2496 2606/2606 2641/2641
f 2661/2661 2632/2632 2649/2649
f 2555/2555 2591/2591 2657/2657
f 2623/2623 2534/2534 2667/2667
f 2627/2627 2572/2572 2509/2509
f 2598/2598 2595/2595 2696/2696
f 2562/2562 2804/2804 2544/2544
f 2657/2657 2705/2705 2555/2555
f 2612/2612 2613/2613 2736/2736
f 2593/2593 2573/2573 2734/2734
f 2672/2672 2630/2630 2492/2492
f 2669/2669 2598/2598 2696/2696
f 2624/2624 2549/2549 2632/2632
f 2572/2572 2687/2687 2552/2552
f 2656/2656 2668/2668 2560/2560
f 2578/2578 2611/2611 2674/2674
f 2660/2660 2549/2549 2624/2624
f 2674/2674 2723/2723 2578/2578
f 2702/2702 2576/2576 2639/2639
f 2550/2550 2585/2585 2665/2665
f 2591/2591 2574/2574 2690/2690
f 2556/2556 2665/2665 2649/2649
f 2595/2595 2554/2554 2655/2655
f 2622/2622 2609/2609 2660/2660
f 2600/2600 2673/2673 2620/2620
f 2605/2605 2556/2556 2649/2649
f 2593/2593 2689/2689 2708/2708
f 2579/2579 2546/2546 2718/2718
f 2666/2666 2495/2495 2604/2604
f 2631/2631 2496/2496 2641/2641
f 2572/2572 2627/2627 2650/2650
f 2551/2551 2685/2685 2714/2714
f 2607/2607 2640/2640 2679/2679
f 2525/2525 2553/2553 2721/2721
f 2501/2501 2667/2667 2534/2534
f 2492/2492 2579/2579 2672/2672
f 2734/2734 2689/2689 2593/2593
f 2571/2571 2647/2647 2710/2710
f 2501/2501 2532/2532 2648/2648
f 2583/2583 2634/2634 2645/2645
f 2642/2642 2648/2648 2532/2532
f 2623/2623 2704/2704 2635/2635
f 2569/2569 2495/2495 2666/2666
f 2749/2749 2523/2523 2741/2741
f 2685/2685 2566/2566 2702/2702
f 2523/2523 2651/2651 2741/2741
f 2750/2750 2625/2625 2617/2617
f 2656/2656 2587/2587 2716/2716
f 2723/2723 2675/2675 2578/2578
f 2633/2633 2690/2690 2574/2574
f 2703/2703 2551/2551 2714/2714
f 2629/2629 2592/2592 2766/2766
f 2718/2718 2772/2772 2579/2579
f 2632/2632 2661/2661 2763/2763
f 2666/2666 2604/2604 2686/2686
f 2640/2640 2620/2620 2654/2654
f 2654/2654 2679/2679 2640/2640
f 2643/2643 2628/2628 2713/2713
f 2544/2544 2647/2647 2621/2621
f 2664/2664 2638/2638 2770/2770
f 2690/2690 2657/2657 2591/2591
f 2576/2576 2630/2630 2720/2720
f 2641/2641 2606/2606 2645/2645
f 2567/2567 2577/2577 2700/2700
f 2634/2634 2567/2567 2700/2700
f 2672/2672 2720/2720 2630/2630
f 2728/2728 2642/2642 2527/2527
f 2527/2527 2663/2663 2728/2728
f 2736/2736 2686/2686 2612/2612
f 2603/2603 2616/2616 2770/2770
f 2577/2577 2589/2589 2678/2678
f 2696/2696 2595/2595 2655/2655
f 2693/2693 2581/2581 2680/2680
f 2669/2669 2698/2698 2526/2526
f 2671/2671 2552/2552 2687/2687
f 2718/2718 2546/2546 2706/2706
f 2619/2619 2611/2611 2557/2557
f 2545/2545 2615/2615 2707/2707
f 2634/2634 2688/2688 2645/2645
f 2661/2661 2649/2649 2681/2681
f 2652/2652 2569/2569 2666/2666
f 2726/2726 2685/2685 2702/2702
f 2692/2692 2699/2699 2607/2607
f 2601/2601 2626/2626 2747/2747
f 2650/2650 2627/2627 2729/2729
f 2654/2654 2620/2620 2673/2673
f 2634/2634 2700/2700 2725/2725
f 2687/2687 2572/2572 2650/2650
f 2584/2584 2561/2561 2734/2734
f 2576/2576 2720/2720 2682/2682
f 2679/2679 2692/2692 2607/2607
f 2678/2678 2700/2700 2577/2577
f 2603/2603 2770/2770 2638/2638
f 2840/2840 2632/2632 2763/2763
f 2756/2756 2626/2626 2662/2662
f 2643/2643 2707/2707 2615/2615
f 2665/2665 2585/2585 2783/2783
f 2641/2641 2645/2645 2688/2688
f 2553/2553 2637/2637 2786/2786
f 2562/2562 2659/2659 2804/2804
f 2715/2715 2613/2613 2610/2610
f 2592/2592 2671/2671 2766/2766
f 2647/2647 2761/2761 2710/2710
f 2736/2736 2613/2613 2715/2715
f 2646/2646 2582/2582 2695/2695
f 2725/2725 2753/2753 2634/2634
f 2596/2596 2693/2693 2683/2683
f 2658/2658 2694/2694 2633/2633
f 2753/2753 2688/2688 2634/2634
f 2680/2680 2646/2646 2730/2730
f 2611/2611 2619/2619 2712/2712
f 2677/2677 2709/2709 2636/2636
f 2686/2686 2736/2736 2765/2765
f 2701/2701 2655/2655 2554/2554
f 2684/2684 2734/2734 2561/2561
f 2607/2607 2715/2715 2610/2610
f 2618/2618 2653/2653 2733/2733
f 2774/2774 2618/2618 2733/2733
f 2576/2576 2682/2682 2639/2639
f 2658/2658 2618/2618 2774/2774
f 2624/2624 2632/2632 2840/2840
f 2691/2691 2516/2516 2602/2602
f 2695/2695 2582/2582 2750/2750
f 2656/2656 2735/2735 2668/2668
f 2657/2657 2690/2690 2742/2742
f 2770/2770 2616/2616 2711/2711
f 2649/2649 2665/2665 2854/2854
f 2628/2628 2569/2569 2652/2652
f 2747/2747 2626/2626 2756/2756
f 2696/2696 2655/2655 2722/2722
f 2631/2631 2641/2641 2701/2701
f 2554/2554 2631/2631 2701/2701
f 2687/2687 2650/2650 2729/2729
f 2669/2669 2696/2696 2759/2759
f 2798/2798 2684/2684 2675/2675
f 2589/2589 2596/2596 2683/2683
f 2672/2672 2579/2579 2772/2772
f 2728/2728 2663/2663 2805/2805
f 2676/2676 2762/2762 2662/2662
f 2690/2690 2633/2633 2799/2799
f 2647/2647 2544/2544 2761/2761
f 2673/2673 2776/2776 2654/2654
f 2585/2585 2635/2635 2783/2783
f 2704/2704 2783/2783 2635/2635
f 2677/2677 2670/2670 2719/2719
f 2707/2707 2643/2643 2739/2739
f 2713/2713 2739/2739 2643/2643
f 2777/2777 2729/2729 2627/2627
f 2674/2674 2611/2611 2712/2712
f 2642/2642 2748/2748 2648/2648
f 2713/2713 2628/2628 2902/2902
f 2786/2786 2637/2637 2746/2746
f 2715/2715 2607/2607 2699/2699
f 2681/2681 2649/2649 2854/2854
f 2678/2678 2589/2589 2760/2760
f 2624/2624 2697/2697 2660/2660
f 2679/2679 2654/2654 2776/2776
f 2762/2762 2756/2756 2662/2662
f 2749/2749 2711/2711 2616/2616
f 2704/2704 2623/2623 2816/2816
f 2758/2758 2692/2692 2679/2679
f 2746/2746 2601/2601 2747/2747
f 2667/2667 2816/2816 2623/2623
f 2663/2663 2745/2745 2805/2805
f 2688/2688 2701/2701 2641/2641
f 2637/2637 2601/2601 2746/2746
f 2633/2633 2694/2694 2799/2799
f 2709/2709 2677/2677 2743/2743
f 2629/2629 2766/2766 2800/2800
f 2708/2708 2689/2689 2823/2823
f 2693/2693 2680/2680 2730/2730
f 2712/2712 2619/2619 2703/2703
f 2761/2761 2544/2544 2752/2752
f 2674/2674 2794/2794 2723/2723
f 2785/2785 2660/2660 2697/2697
f 2622/2622 2660/2660 2785/2785
f 2723/2723 2798/2798 2675/2675
f 2636/2636 2709/2709 2839/2839
f 2716/2716 2735/2735 2656/2656
f 2588/2588 2636/2636 2839/2839
f 2629/2629 2750/2750 2617/2617
f 2703/2703 2714/2714 2767/2767
f 2695/2695 2750/2750 2807/2807
f 2752/2752 2544/2544 2804/2804
f 2748/2748 2642/2642 2782/2782
f 2728/2728 2782/2782 2642/2642
f 2698/2698 2670/2670 2564/2564
f 2589/2589 2683/2683 2760/2760
f 2657/2657 2771/2771 2705/2705
f 2729/2729 2801/2801 2687/2687
f 2725/2725 2700/2700 2737/2737
f 2764/2764 2854/2854 2665/2665
f 2804/2804 2659/2659 2724/2724
f 2730/2730 2646/2646 2695/2695
f 2694/2694 2658/2658 2774/2774
f 2657/2657 2742/2742 2789/2789
f 2698/2698 2669/2669 2727/2727
f 2797/2797 2726/2726 2702/2702
f 2722/2722 2744/2744 2696/2696
f 2679/2679 2776/2776 2802/2802
f 2655/2655 2701/2701 2722/2722
f 2758/2758 2679/2679 2802/2802
f 2762/2762 2676/2676 2644/2644
f 2750/2750 2629/2629 2800/2800
f 2684/2684 2798/2798 2780/2780
f 2721/2721 2553/2553 2786/2786
f 2644/2644 2691/2691 2871/2871
f 2764/2764 2665/2665 2783/2783
f 2627/2627 2622/2622 2777/2777
f 2677/2677 2719/2719 2743/2743
f 2690/2690 2799/2799 2742/2742
f 2759/2759 2696/2696 2744/2744
f 2812/2812 2652/2652 2666/2666
f 2683/2683 2693/2693 2796/2796
f 2697/2697 2624/2624 2738/2738
f 2702/2702 2639/2639 2890/2890
f 2817/2817 2670/2670 2698/2698
f 2809/2809 2736/2736 2715/2715
f 2721/2721 2745/2745 2525/2525
f 2779/2779 2804/2804 2724/2724
f 2731/2731 2687/2687 2801/2801
f 2661/2661 2681/2681 2763/2763
f 2734/2734 2684/2684 2808/2808
f 2659/2659 2708/2708 2724/2724
f 2653/2653 2668/2668 2733/2733
f 2671/2671 2687/2687 2731/2731
f 2786/2786 2745/2745 2721/2721
f 2727/2727 2669/2669 2759/2759
f 2708/2708 2823/2823 2724/2724
f 2693/2693 2730/2730 2754/2754
f 2689/2689 2788/2788 2823/2823
f 2624/2624 2840/2840 2738/2738
f 2785/2785 2777/2777 2622/2622
f 2902/2902 2628/2628 2652/2652
f 2839/2839 2709/2709 2743/2743
f 2718/2718 2706/2706 2740/2740
f 2777/2777 2801/2801 2729/2729
f 2691/2691 2602/2602 2814/2814
f 2743/2743 2719/2719 2817/2817
f 2681/2681 2854/2854 2751/2751
f 2733/2733 2668/2668 2735/2735
f 2811/2811 2667/2667 2803/2803
f 2667/2667 2501/2501 2803/2803
f 2814/2814 2602/2602 2664/2664
f 2732/2732 2701/2701 2688/2688
f 2807/2807 2773/2773 2695/2695
f 2787/2787 2664/2664 2770/2770
f 2776/2776 2673/2673 2705/2705
f 2794/2794 2798/2798 2723/2723
f 2719/2719 2670/2670 2817/2817
f 2847/2847 2704/2704 2816/2816
f 2648/2648 2748/2748 2501/2501
f 2714/2714 2685/2685 2726/2726
f 2867/2867 2735/2735 2716/2716
f 2794/2794 2674/2674 2825/2825
f 2902/2902 2652/2652 2836/2836
f 2695/2695 2757/2757 2730/2730
f 2744/2744 2722/2722 2821/2821
f 2684/2684 2780/2780 2808/2808
f 2754/2754 2730/2730 2757/2757
f 2741/2741 2651/2651 2834/2834
f 2711/2711 2749/2749 2781/2781
f 2768/2768 2682/2682 2720/2720
f 2671/2671 2731/2731 2755/2755
f 2766/2766 2671/2671 2755/2755
f 2652/2652 2812/2812 2836/2836
f 2810/2810 2834/2834 2651/2651
f 2651/2651 2710/2710 2810/2810
f 2748/2748 2803/2803 2501/2501
f 2683/2683 2881/2881 2760/2760
f 2753/2753 2775/2775 2688/2688
f 2732/2732 2688/2688 2775/2775
f 2783/2783 2704/2704 2850/2850
f 2850/2850 2704/2704 2847/2847
f 2857/2857 2794/2794 2825/2825
f 2757/2757 2695/2695 2773/2773
f 2717/2717 2588/2588 2839/2839
f 2839/2839 2819/2819 2717/2717
f 2674/2674 2712/2712 2825/2825
f 2714/2714 2726/2726 2797/2797
f 2703/2703 2769/2769 2712/2712
f 2797/2797 2702/2702 2890/2890
f 2876/2876 2644/2644 2871/2871
f 2734/2734 2788/2788 2689/2689
f 2816/2816 2667/2667 2811/2811
f 2746/2746 2747/2747 2822/2822
f 2694/2694 2774/2774 2845/2845
f 2772/2772 2879/2879 2672/2672
f 2699/2699 2692/2692 2758/2758
f 2809/2809 2715/2715 2831/2831
f 2787/2787 2770/2770 2792/2792
f 2765/2765 2736/2736 2809/2809
f 2791/2791 2800/2800 2766/2766
f 2801/2801 2818/2818 2731/2731
f 2759/2759 2744/2744 2900/2900
f 2725/2725 2737/2737 2795/2795
f 2749/2749 2741/2741 2781/2781
f 2639/2639 2682/2682 2837/2837
f 2879/2879 2720/2720 2672/2672
f 2686/2686 2765/2765 2826/2826
f 2700/2700 2678/2678 2907/2907
f 2737/2737 2700/2700 2907/2907
f 2766/2766 2755/2755 2791/2791
f 2701/2701 2732/2732 2860/2860
f 2699/2699 2831/2831 2715/2715
f 2785/2785 2697/2697 2830/2830
f 2771/2771 2657/2657 2789/2789
f 2818/2818 2755/2755 2731/2731
f 2701/2701 2778/2778 2722/2722
f 2732/2732 2775/2775 2860/2860
f 2725/2725 2775/2775 2753/2753
f 2867/2867 2716/2716 2820/2820
f 2711/2711 2815/2815 2770/2770
f 2786/2786 2746/2746 2865/2865
f 2804/2804 2779/2779 2829/2829
f 2754/2754 2796/2796 2693/2693
f 2785/2785 2830/2830 2777/2777
f 2767/2767 2714/2714 2858/2858
f 2774/2774 2733/2733 2784/2784
f 2839/2839 2743/2743 2817/2817
f 2748/2748 2782/2782 2888/2888
f 2666/2666 2686/2686 2826/2826
f 2837/2837 2890/2890 2639/2639
f 2797/2797 2858/2858 2714/2714
f 2710/2710 2761/2761 2859/2859
f 2691/2691 2814/2814 2871/2871
f 2763/2763 2681/2681 2898/2898
f 2898/2898 2840/2840 2763/2763
f 2712/2712 2917/2917 2825/2825
f 2807/2807 2750/2750 2824/2824
f 2801/2801 2777/2777 2886/2886
f 2733/2733 2735/2735 2806/2806
f 2821/2821 2722/2722 2869/2869
f 2750/2750 2905/2905 2824/2824
f 2678/2678 2760/2760 2907/2907
f 2887/2887 2761/2761 2752/2752
f 2864/2864 2779/2779 2724/2724
f 2809/2809 2826/2826 2765/2765
f 2764/2764 2783/2783 2827/2827
f 2793/2793 2771/2771 2789/2789
f 2796/2796 2881/2881 2683/2683
f 2795/2795 2737/2737 2907/2907
f 2694/2694 2841/2841 2799/2799
f 2808/2808 2788/2788 2734/2734
f 2814/2814 2664/2664 2861/2861
f 2799/2799 2789/2789 2742/2742
f 2771/2771 2776/2776 2705/2705
f 2845/2845 2774/2774 2784/2784
f 2727/2727 2759/2759 2900/2900
f 2750/2750 2800/2800 2905/2905
f 2772/2772 2718/2718 2872/2872
f 2826/2826 2812/2812 2666/2666
f 2698/2698 2727/2727 2856/2856
f 2819/2819 2839/2839 2875/2875
f 2747/2747 2756/2756 2790/2790
f 2810/2810 2710/2710 2859/2859
f 2681/2681 2751/2751 2898/2898
f 2728/2728 2884/2884 2782/2782
f 2699/2699 2758/2758 2851/2851
f 2869/2869 2722/2722 2778/2778
f 2697/2697 2738/2738 2830/2830
f 2828/2828 2771/2771 2793/2793
f 2773/2773 2807/2807 2889/2889
f 2859/2859 2761/2761 2887/2887
f 2771/2771 2828/2828 2776/2776
f 2778/2778 2701/2701 2860/2860
f 2829/2829 2779/2779 2864/2864
f 2865/2865 2746/2746 2822/2822
f 2757/2757 2773/2773 2848/2848
f 2767/2767 2858/2858 2838/2838
f 2781/2781 2741/2741 2834/2834
f 2728/2728 2805/2805 2884/2884
f 2712/2712 2769/2769 2917/2917
f 2784/2784 2733/2733 2806/2806
f 2787/2787 2861/2861 2664/2664
f 2762/2762 2790/2790 2756/2756
f 2912/2912 2817/2817 2698/2698
f 2803/2803 2748/2748 2888/2888
f 2703/2703 2767/2767 2769/2769
f 2903/2903 2835/2835 2896/2896
f 2872/2872 2833/2833 2772/2772
f 2769/2769 2767/2767 2838/2838
f 2718/2718 2740/2740 2872/2872
f 2798/2798 2794/2794 2857/2857
f 2830/2830 2849/2849 2777/2777
f 2780/2780 2798/2798 2870/2870
f 2849/2849 2886/2886 2777/2777
f 2713/2713 2902/2902 2844/2844
f 2795/2795 2907/2907 2930/2930
f 2879/2879 2772/2772 2833/2833
f 2822/2822 2747/2747 2961/2961
f 2818/2818 2801/2801 2886/2886
f 2854/2854 2764/2764 2827/2827
f 2855/2855 2824/2824 2905/2905
f 2853/2853 2755/2755 2818/2818
f 2791/2791 2755/2755 2832/2832
f 2699/2699 2862/2862 2831/2831
f 2775/2775 2725/2725 2795/2795
f 2682/2682 2768/2768 2837/2837
f 2805/2805 2745/2745 2955/2955
f 2698/2698 2856/2856 2912/2912
f 2839/2839 2817/2817 2916/2916
f 2800/2800 2791/2791 2946/2946
f 2757/2757 2846/2846 2754/2754
f 2887/2887 2752/2752 2842/2842
f 2773/2773 2889/2889 2848/2848
f 2745/2745 2786/2786 2865/2865
f 2827/2827 2783/2783 2850/2850
f 2739/2739 2713/2713 2844/2844
f 2694/2694 2845/2845 2920/2920
f 2711/2711 2781/2781 2815/2815
f 2806/2806 2735/2735 2867/2867
f 2789/2789 2799/2799 2841/2841
f 2869/2869 2778/2778 2860/2860
f 2829/2829 2842/2842 2752/2752
f 2752/2752 2804/2804 2829/2829
f 2847/2847 2816/2816 2931/2931
f 2884/2884 2924/2924 2782/2782
f 2881/2881 2873/2873 2760/2760
f 2904/2904 2821/2821 2869/2869
f 2862/2862 2699/2699 2851/2851
f 2724/2724 2823/2823 2947/2947
f 2907/2907 2760/2760 2873/2873
f 2792/2792 2770/2770 2815/2815
f 2738/2738 2840/2840 2874/2874
f 2857/2857 2870/2870 2798/2798
f 2839/2839 2916/2916 2875/2875
f 2890/2890 2837/2837 2895/2895
f 2738/2738 2874/2874 2830/2830
f 2881/2881 2796/2796 2846/2846
f 2720/2720 2934/2934 2768/2768
f 2861/2861 2878/2878 2814/2814
f 2720/2720 2879/2879 2934/2934
f 2868/2868 2819/2819 2897/2897
f 2762/2762 2644/2644 2790/2790
f 2916/2916 2817/2817 2912/2912
f 2861/2861 2787/2787 2943/2943
f 2865/2865 2822/2822 2941/2941
f 2808/2808 2780/2780 2880/2880
f 2870/2870 2880/2880 2780/2780
f 2832/2832 2755/2755 2853/2853
f 2956/2956 2889/2889 2807/2807
f 2807/2807 2824/2824 2956/2956
f 2858/2858 2797/2797 2922/2922
f 2946/2946 2791/2791 2832/2832
f 2789/2789 2841/2841 2883/2883
f 2947/2947 2864/2864 2724/2724
f 2809/2809 2831/2831 2893/2893
f 2811/2811 2931/2931 2816/2816
f 2818/2818 2886/2886 2852/2852
f 2860/2860 2775/2775 2882/2882
f 2872/2872 2740/2740 2863/2863
f 2860/2860 2882/2882 2966/2966
f 2935/2935 2828/2828 2793/2793
f 2828/2828 2802/2802 2776/2776
f 2871/2871 2814/2814 2878/2878
f 2796/2796 2754/2754 2846/2846
f 2793/2793 2789/2789 2940/2940
f 2981/2981 2924/2924 2884/2884
f 2803/2803 2888/2888 2811/2811
f 2787/2787 2792/2792 2877/2877
f 2758/2758 2802/2802 2828/2828
f 2851/2851 2758/2758 2828/2828
f 2828/2828 2973/2973 2851/2851
f 2841/2841 2694/2694 2920/2920
f 2905/2905 2800/2800 2946/2946
f 2874/2874 2840/2840 2898/2898
f 2812/2812 2826/2826 2959/2959
f 3007/3007 2834/2834 2810/2810
f 2854/2854 2827/2827 2964/2964
f 2874/2874 2898/2898 3028/3028
f 2775/2775 2980/2980 2928/2928
f 2857/2857 2825/2825 3029/3029
f 2880/2880 2788/2788 2808/2808
f 2747/2747 2790/2790 2961/2961
f 2853/2853 2818/2818 2852/2852
f 2943/2943 2787/2787 2877/2877
f 2740/2740 2843/2843 2863/2863
f 2882/2882 2775/2775 2928/2928
f 2866/2866 2858/2858 2922/2922
f 2895/2895 2837/2837 2768/2768
f 2830/2830 2951/2951 2849/2849
f 2955/2955 2745/2745 2906/2906
f 2886/2886 2849/2849 2951/2951
f 2845/2845 2784/2784 2926/2926
f 2792/2792 2815/2815 2877/2877
f 2821/2821 2904/2904 2918/2918
f 2875/2875 2916/2916 2919/2919
f 2856/2856 2727/2727 2900/2900
f 2940/2940 2789/2789 2883/2883
f 2757/2757 2848/2848 2936/2936
f 2862/2862 2893/2893 2831/2831
f 2824/2824 2855/2855 2894/2894
f 2854/2854 2964/2964 2901/2901
f 2835/2835 2813/2813 2896/2896
f 2797/2797 2890/2890 2922/2922
f 2898/2898 2751/2751 2962/2962
f 2838/2838 2858/2858 2891/2891
f 2888/2888 2782/2782 2924/2924
f 2883/2883 2841/2841 2920/2920
f 2869/2869 2860/2860 2909/2909
f 2859/2859 3007/3007 2810/2810
f 2960/2960 3047/3047 2813/2813
f 2930/2930 2907/2907 2939/2939
f 2959/2959 2826/2826 2809/2809
f 2900/2900 2744/2744 2899/2899
f 2866/2866 2922/2922 2937/2937
f 2846/2846 2757/2757 2936/2936
f 2881/2881 2921/2921 2873/2873
f 2955/2955 2884/2884 2805/2805
f 2870/2870 2957/2957 2880/2880
f 2819/2819 2875/2875 2897/2897
f 2744/2744 2821/2821 2918/2918
f 2795/2795 2980/2980 2775/2775
f 2848/2848 2889/2889 2915/2915
f 3029/3029 2825/2825 2917/2917
f 2907/2907 2873/2873 2939/2939
f 2877/2877 2815/2815 2911/2911
f 2788/2788 3012/3012 2823/2823
f 2862/2862 2851/2851 2933/2933
f 2834/2834 2892/2892 2781/2781
f 2790/2790 2644/2644 2967/2967
f 2815/2815 2781/2781 2911/2911
f 2920/2920 2845/2845 2926/2926
f 2961/2961 2790/2790 3024/3024
f 2899/2899 2744/2744 2918/2918
f 2886/2886 2951/2951 2945/2945
f 2892/2892 2834/2834 3007/3007
f 2973/2973 2965/2965 2851/2851
f 3042/3042 2871/2871 2878/2878
f 2829/2829 2864/2864 2949/2949
f 2949/2949 2864/2864 2991/2991
f 2852/2852 2908/2908 2853/2853
f 3019/3019 2981/2981 2884/2884
f 2889/2889 2956/2956 2968/2968
f 2884/2884 2955/2955 3019/3019
f 2897/2897 2875/2875 2919/2919
f 2832/2832 2853/2853 2908/2908
f 2921/2921 2939/2939 2873/2873
f 2915/2915 2889/2889 2968/2968
f 2790/2790 2967/2967 2974/2974
f 2904/2904 2869/2869 2927/2927
f 2811/2811 2888/2888 3051/3051
f 2867/2867 3008/3008 2806/2806
f 2751/2751 2854/2854 2962/2962
f 2946/2946 2832/2832 2932/2932
f 2931/2931 2850/2850 2847/2847
f 2898/2898 2962/2962 2952/2952
f 2644/2644 2876/2876 2967/2967
f 2895/2895 2768/2768 2934/2934
f 2877/2877 2911/2911 3001/3001
f 2788/2788 2880/2880 3012/3012
f 2745/2745 2865/2865 2906/2906
f 2830/2830 2874/2874 2951/2951
f 2966/2966 2909/2909 2860/2860
f 2941/2941 2822/2822 2961/2961
f 2868/2868 2897/2897 2948/2948
f 3029/3029 2917/2917 2963/2963
f 2870/2870 2857/2857 3002/3002
f 2913/2913 2886/2886 2945/2945
f 2911/2911 2781/2781 2892/2892
f 2769/2769 2838/2838 2891/2891
f 2891/2891 2858/2858 2866/2866
f 2833/2833 2872/2872 2984/2984
f 2879/2879 2833/2833 2984/2984
f 2886/2886 2913/2913 2989/2989
f 2852/2852 2886/2886 2989/2989
f 2793/2793 2940/2940 3017/3017
f 2827/2827 2850/2850 2970/2970
f 2885/2885 2943/2943 2877/2877
f 2927/2927 2869/2869 2909/2909
f 2900/2900 2978/2978 2856/2856
f 2881/2881 2846/2846 2914/2914
f 2947/2947 2823/2823 2938/2938
f 2912/2912 2856/2856 2978/2978
f 2878/2878 2861/2861 2943/2943
f 2864/2864 2947/2947 2995/2995
f 3012/3012 2938/2938 2823/2823
f 3024/3024 2790/2790 2974/2974
f 3028/3028 2898/2898 2952/2952
f 2846/2846 2936/2936 2996/2996
f 2942/2942 2769/2769 2891/2891
f 2915/2915 2968/2968 2950/2950
f 2959/2959 2809/2809 2987/2987
f 2851/2851 2965/2965 2933/2933
f 2854/2854 2901/2901 2962/2962
f 2935/2935 2793/2793 2910/2910
f 2848/2848 2915/2915 2936/2936
f 2931/2931 2811/2811 3051/3051
f 2921/2921 2881/2881 2914/2914
f 2956/2956 2824/2824 2894/2894
f 2923/2923 2916/2916 2912/2912
f 2855/2855 2905/2905 3003/3003
f 3003/3003 2905/2905 2946/2946
f 2868/2868 2948/2948 3009/3009
f 2852/2852 2989/2989 2908/2908
f 2795/2795 2930/2930 2944/2944
f 2893/2893 2862/2862 2933/2933
f 2877/2877 3001/3001 2885/2885
f 2806/2806 3008/3008 2994/2994
f 2978/2978 2900/2900 2899/2899
f 2784/2784 2806/2806 2994/2994
f 2995/2995 2991/2991 2864/2864
f 2850/2850 2931/2931 2999/2999
f 2887/2887 2842/2842 3056/3056
f 2922/2922 2890/2890 2895/2895
f 2906/2906 2865/2865 2979/2979
f 2992/2992 2903/2903 2896/2896
f 2914/2914 2846/2846 2971/2971
f 2872/2872 2863/2863 2958/2958
f 2793/2793 3017/3017 2910/2910
f 2987/2987 2809/2809 2893/2893
f 2813/2813 3047/3047 3034/3034
f 2813/2813 3034/3034 2896/2896
f 2888/2888 2924/2924 3051/3051
f 2926/2926 2784/2784 2994/2994
f 2948/2948 2897/2897 2919/2919
f 2894/2894 2855/2855 3003/3003
f 2919/2919 2916/2916 2969/2969
f 2795/2795 2944/2944 2980/2980
f 2957/2957 2870/2870 3002/3002
f 2832/2832 2908/2908 2982/2982
f 3056/3056 2842/2842 2829/2829
f 2921/2921 2914/2914 2975/2975
f 3073/3073 2880/2880 2957/2957
f 2895/2895 2934/2934 3010/3010
f 2930/2930 2939/2939 2944/2944
f 3002/3002 2857/2857 3029/3029
f 2922/2922 2895/2895 3093/3093
f 3051/3051 2924/2924 2988/2988
f 3001/3001 2911/2911 3023/3023
f 2932/2932 2832/2832 2953/2953
f 3049/3049 2984/2984 2872/2872
f 2985/2985 2989/2989 2913/2913
f 2976/2976 2874/2874 3028/3028
f 2969/2969 2916/2916 2977/2977
f 2874/2874 2976/2976 2951/2951
f 2917/2917 2769/2769 2942/2942
f 2859/2859 2887/2887 3016/3016
f 2843/2843 2903/2903 2992/2992
f 2863/2863 2843/2843 2954/2954
f 2913/2913 2945/2945 2985/2985
f 2936/2936 2915/2915 2997/2997
f 2999/2999 2931/2931 2929/2929
f 2832/2832 2982/2982 2953/2953
f 2941/2941 2979/2979 2865/2865
f 2996/2996 2936/2936 2997/2997
f 2934/2934 2879/2879 2984/2984
f 2970/2970 2850/2850 2999/2999
f 3017/3017 2940/2940 3074/3074
f 3016/3016 2887/2887 3056/3056
f 2937/2937 2922/2922 2972/2972
f 3025/3025 2920/2920 2926/2926
f 2910/2910 3015/3015 2935/2935
f 2880/2880 3073/3073 3012/3012
f 2966/2966 2882/2882 3038/3038
f 3041/3041 3023/3023 2911/2911
f 2911/2911 2892/2892 3041/3041
f 2964/2964 2827/2827 2970/2970
f 2996/2996 2971/2971 2846/2846
f 2951/2951 3000/3000 2945/2945
f 3049/3049 2872/2872 2958/2958
f 3025/3025 2883/2883 2920/2920
f 2876/2876 2871/2871 3035/3035
f 2948/2948 2919/2919 2990/2990
f 3042/3042 3035/3035 2871/2871
f 2946/2946 2932/2932 2953/2953
f 2947/2947 2938/2938 3081/3081
f 3019/3019 3069/3069 2981/2981
f 2984/2984 3021/3021 2934/2934
f 3015/3015 2973/2973 2828/2828
f 2975/2975 2914/2914 2971/2971
f 2906/2906 3019/3019 2955/2955
f 2918/2918 2904/2904 3006/3006
f 2863/2863 2954/2954 2958/2958
f 2928/2928 2980/2980 3032/3032
f 2909/2909 3006/3006 2927/2927
f 2975/2975 2939/2939 2921/2921
f 2829/2829 2949/2949 3056/3056
f 2928/2928 3038/3038 2882/2882
f 2893/2893 2933/2933 3031/3031
f 2952/2952 2962/2962 3085/3085
f 3085/3085 2962/2962 2901/2901
f 3125/3125 3009/3009 2948/2948
f 2904/2904 2927/2927 3006/3006
f 2965/2965 3045/3045 2933/2933
f 2915/2915 2950/2950 3089/3089
f 2828/2828 2935/2935 3015/3015
f 2979/2979 2941/2941 3187/3187
f 2995/2995 2947/2947 3081/3081
f 3010/3010 2934/2934 3021/3021
f 2915/2915 3089/3089 2997/2997
f 2969/2969 2990/2990 2919/2919
f 2945/2945 3000/3000 3059/3059
f 2964/2964 2970/2970 3088/3088
f 2917/2917 2942/2942 3111/3111
f 3007/3007 2859/2859 3011/3011
f 3011/3011 2859/2859 3016/3016
f 3029/3029 2963/2963 3076/3076
f 2989/2989 2982/2982 2908/2908
f 2909/2909 2966/2966 3044/3044
f 2985/2985 2945/2945 3059/3059
f 2997/2997 2998/2998 2996/2996
f 2928/2928 3032/3032 3038/3038
f 2916/2916 2923/2923 2977/2977
f 2866/2866 2937/2937 2972/2972
f 2951/2951 2976/2976 3000/3000
f 3044/3044 3006/3006 2909/2909
f 3054/3054 2878/2878 2943/2943
f 2980/2980 2944/2944 3043/3043
f 2929/2929 3064/3064 2999/2999
f 3005/3005 2883/2883 3095/3095
f 2883/2883 3005/3005 3074/3074
f 2974/2974 2967/2967 3037/3037
f 2939/2939 2983/2983 2944/2944
f 2940/2940 2883/2883 3074/3074
f 3003/3003 3067/3067 2894/2894
f 2992/2992 2896/2896 3086/3086
f 3018/3018 2990/2990 2969/2969
f 3003/3003 2946/2946 3046/3046
f 2972/2972 2922/2922 3093/3093
f 2953/2953 3046/3046 2946/2946
f 2977/2977 2923/2923 3077/3077
f 2983/2983 3052/3052 2944/2944
f 3058/3058 2899/2899 3104/3104
f 2942/2942 2891/2891 3068/3068
f 3052/3052 3043/3043 2944/2944
f 2968/2968 3100/3100 2950/2950
f 2960/2960 2986/2986 3039/3039
f 3015/3015 3130/3130 2973/2973
f 3051/3051 2988/2988 3196/3196
f 3019/3019 2906/2906 3033/3033
f 2883/2883 3025/3025 3095/3095
f 3073/3073 2957/2957 3105/3105
f 2966/2966 3038/3038 3044/3044
f 2968/2968 2956/2956 3100/3100
f 2973/2973 3130/3130 2965/2965
f 2952/2952 3085/3085 3028/3028
f 3104/3104 2918/2918 3006/3006
f 2899/2899 2918/2918 3104/3104
f 2885/2885 3054/3054 2943/2943
f 3014/3014 2893/2893 3031/3031
f 2895/2895 3010/3010 3093/3093
f 3047/3047 2960/2960 3039/3039
f 2982/2982 2989/2989 3020/3020
f 3154/3154 2843/2843 2992/2992
f 3125/3125 2948/2948 3079/3079
f 3111/3111 2942/2942 3068/3068
f 2843/2843 3154/3154 2954/2954
f 2987/2987 2893/2893 3121/3121
f 2978/2978 2899/2899 3058/3058
f 2988/2988 2924/2924 3078/3078
f 2901/2901 2964/2964 3022/3022
f 3040/3040 2901/2901 3022/3022
f 2975/2975 2971/2971 3036/3036
f 3043/3043 3032/3032 2980/2980
f 3000/3000 2976/2976 3107/3107
f 3031/3031 2933/2933 3045/3045
f 2982/2982 3046/3046 2953/2953
f 2923/2923 2912/2912 3077/3077
f 2939/2939 2975/2975 3036/3036
f 3026/3026 2925/2925 3102/3102
f 3036/3036 3027/3027 2939/2939
f 2985/2985 3020/3020 2989/2989
f 3021/3021 2984/2984 3053/3053
f 2983/2983 2939/2939 3027/3027
f 2999/2999 3088/3088 2970/2970
f 3010/3010 3021/3021 3189/3189
f 2901/2901 3040/3040 3085/3085
f 2876/2876 3037/3037 2967/2967
f 2976/2976 3028/3028 3070/3070
f 3048/3048 3003/3003 3046/3046
f 3121/3121 2893/2893 3014/3014
f 3187/3187 2941/2941 3071/3071
f 2941/2941 2961/2961 3071/3071
f 3124/3124 2912/2912 2978/2978
f 2963/2963 2917/2917 3111/3111
f 3002/3002 3029/3029 3076/3076
f 2956/2956 2894/2894 3067/3067
f 2985/2985 3059/3059 3091/3091
f 2925/2925 2993/2993 3102/3102
f 3093/3093 3010/3010 3083/3083
f 2993/2993 3009/3009 3119/3119
f 2996/2996 2998/2998 3103/3103
f 3130/3130 3015/3015 3080/3080
f 2983/2983 3066/3066 3052/3052
f 3000/3000 3107/3107 3059/3059
f 3033/3033 2906/2906 2979/2979
f 3015/3015 2910/2910 3017/3017
f 2996/2996 3036/3036 2971/2971
f 3076/3076 2963/2963 3111/3111
f 3046/3046 2982/2982 3108/3108
f 3106/3106 3001/3001 3023/3023
f 3071/3071 2961/2961 3113/3113
f 2949/2949 2991/2991 3063/3063
f 2961/2961 3024/3024 3113/3113
f 2885/2885 3001/3001 3050/3050
f 2892/2892 3007/3007 3041/3041
f 2896/2896 3034/3034 3086/3086
f 2912/2912 3124/3124 3077/3077
f 2957/2957 3002/3002 3136/3136
f 3054/3054 3042/3042 2878/2878
f 2958/2958 3065/3065 3166/3166
f 3136/3136 3002/3002 3076/3076
f 2929/2929 2931/2931 3072/3072
f 3068/3068 2891/2891 3179/3179
f 2990/2990 3057/3057 2948/2948
f 2992/2992 3086/3086 3097/3097
f 3108/3108 2982/2982 3112/3112
f 3054/3054 2885/2885 3050/3050
f 3100/3100 2956/2956 3090/3090
f 2950/2950 3100/3100 3089/3089
f 2924/2924 2981/2981 3128/3128
f 3130/3130 3045/3045 2965/2965
f 3044/3044 3038/3038 3062/3062
f 3050/3050 3001/3001 3106/3106
f 3074/3074 3060/3060 3017/3017
f 3035/3035 3094/3094 2876/2876
f 3016/3016 3056/3056 3167/3167
f 2991/2991 2995/2995 3063/3063
f 3038/3038 3032/3032 3062/3062
f 3070/3070 3028/3028 3101/3101
f 3022/3022 2964/2964 3055/3055
f 3088/3088 3055/3055 2964/2964
f 3145/3145 3007/3007 3011/3011
f 3006/3006 3044/3044 3153/3153
f 3119/3119 3009/3009 3125/3125
f 3128/3128 3078/3078 2924/2924
f 3094/3094 3037/3037 2876/2876
f 2984/2984 3049/3049 3053/3053
f 3023/3023 3041/3041 3092/3092
f 3015/3015 3017/3017 3080/3080
f 3057/3057 3079/3079 2948/2948
f 3067/3067 3003/3003 3048/3048
f 2866/2866 2972/2972 3116/3116
f 2891/2891 2866/2866 3179/3179
f 2976/2976 3070/3070 3082/3082
f 3018/3018 3057/3057 2990/2990
f 2956/2956 3067/3067 3090/3090
f 2993/2993 3119/3119 3102/3102
f 3039/3039 2986/2986 3120/3120
f 2972/2972 3093/3093 3151/3151
f 2931/2931 3051/3051 3072/3072
f 2983/2983 3027/3027 3087/3087
f 3084/3084 3032/3032 3043/3043
f 3213/3213 2974/2974 3037/3037
f 2954/2954 3065/3065 2958/2958
f 3063/3063 2995/2995 3140/3140
f 3080/3080 3017/3017 3109/3109
f 3069/3069 3128/3128 2981/2981
f 2979/2979 3187/3187 3033/3033
f 3062/3062 3032/3032 3138/3138
f 3036/3036 2996/2996 3103/3103
f 3020/3020 2985/2985 3165/3165
f 3107/3107 2976/2976 3082/3082
f 2985/2985 3091/3091 3165/3165
f 3012/3012 3073/3073 3098/3098
f 3116/3116 2972/2972 3151/3151
f 3112/3112 2982/2982 3020/3020
f 3072/3072 3051/3051 3196/3196
f 3035/3035 3042/3042 3122/3122
f 3007/3007 3145/3145 3041/3041
f 3135/3135 3011/3011 3158/3158
f 3042/3042 3054/3054 3122/3122
f 2977/2977 3077/3077 3129/3129
f 3046/3046 3108/3108 3048/3048
f 3011/3011 3016/3016 3158/3158
f 3158/3158 3016/3016 3118/3118
f 3026/3026 3102/3102 3096/3096
f 3136/3136 3105/3105 2957/2957
f 2977/2977 3129/3129 2969/2969
f 3036/3036 3087/3087 3027/3027
f 3204/3204 3058/3058 3104/3104
f 3190/3190 3056/3056 2949/2949
f 2954/2954 3154/3154 3065/3065
f 2992/2992 3097/3097 3154/3154
f 3111/3111 3068/3068 3134/3134
f 3129/3129 3018/3018 2969/2969
f 2866/2866 3116/3116 3179/3179
f 3096/3096 3075/3075 3004/3004
f 3104/3104 3006/3006 3153/3153
f 3066/3066 2983/2983 3087/3087
f 3016/3016 3167/3167 3118/3118
f 3019/3019 3033/3033 3123/3123
f 3101/3101 3028/3028 3085/3085
f 3111/3111 3133/3133 3076/3076
f 3021/3021 3053/3053 3189/3189
f 3153/3153 3044/3044 3062/3062
f 3145/3145 3011/3011 3135/3135
f 3040/3040 3022/3022 3055/3055
f 3081/3081 2938/2938 3235/3235
f 3235/3235 2938/2938 3139/3139
f 2938/2938 3012/3012 3139/3139
f 3129/3129 3077/3077 3244/3244
f 3166/3166 3049/3049 2958/2958
f 3124/3124 2978/2978 3058/3058
f 3064/3064 2929/2929 3072/3072
f 3052/3052 3066/3066 3147/3147
f 3034/3034 3047/3047 3039/3039
f 2999/2999 3126/3126 3088/3088
f 2995/2995 3081/3081 3140/3140
f 3128/3128 3196/3196 3078/3078
f 3196/3196 2988/2988 3078/3078
f 3103/3103 2998/2998 2997/2997
f 3071/3071 3113/3113 3171/3171
f 2999/2999 3064/3064 3126/3126
f 3190/3190 2949/2949 3063/3063
f 3020/3020 3165/3165 3152/3152
f 3142/3142 3065/3065 3154/3154
f 3017/3017 3060/3060 3109/3109
f 3157/3157 3111/3111 3134/3134
f 3105/3105 3098/3098 3073/3073
f 3096/3096 3099/3099 3075/3075
f 3183/3183 3107/3107 3082/3082
f 3086/3086 3034/3034 3181/3181
f 3179/3179 3134/3134 3068/3068
f 3125/3125 3079/3079 3188/3188
f 3049/3049 3166/3166 3127/3127
f 3136/3136 3076/3076 3141/3141
f 3114/3114 3037/3037 3094/3094
f 3053/3053 3049/3049 3127/3127
f 3102/3102 3119/3119 3174/3174
f 3048/3048 3108/3108 3131/3131
f 3023/3023 3092/3092 3132/3132
f 3083/3083 3010/3010 3189/3189
f 3090/3090 3193/3193 3100/3100
f 3117/3117 3100/3100 3193/3193
f 3059/3059 3107/3107 3160/3160
f 3088/3088 3126/3126 3137/3137
f 3087/3087 3036/3036 3115/3115
f 3108/3108 3112/3112 3131/3131
f 3045/3045 3130/3130 3150/3150
f 3113/3113 3024/3024 3213/3213
f 3089/3089 3100/3100 3117/3117
f 3024/3024 2974/2974 3213/3213
f 3228/3228 2997/2997 3155/3155
f 2997/2997 3228/3228 3103/3103
f 3043/3043 3052/3052 3147/3147
f 3043/3043 3184/3184 3084/3084
f 3066/3066 3087/3087 3226/3226
f 3082/3082 3070/3070 3101/3101
f 3036/3036 3103/3103 3115/3115
f 3120/3120 3013/3013 3206/3206
f 3055/3055 3146/3146 3040/3040
f 3032/3032 3084/3084 3162/3162
f 3093/3093 3083/3083 3163/3163
f 3138/3138 3032/3032 3162/3162
f 3124/3124 3058/3058 3204/3204
f 3067/3067 3048/3048 3161/3161
f 3152/3152 3112/3112 3020/3020
f 3131/3131 3161/3161 3048/3048
f 3132/3132 3106/3106 3023/3023
f 3139/3139 3012/3012 3149/3149
f 3035/3035 3122/3122 3169/3169
f 3102/3102 3240/3240 3096/3096
f 3093/3093 3163/3163 3151/3151
f 3099/3099 3096/3096 3240/3240
f 3190/3190 3063/3063 3185/3185
f 3225/3225 3069/3069 3019/3019
f 3055/3055 3088/3088 3137/3137
f 3164/3164 3107/3107 3183/3183
f 3206/3206 3034/3034 3039/3039
f 3225/3225 3019/3019 3123/3123
f 3147/3147 3184/3184 3043/3043
f 3012/3012 3098/3098 3149/3149
f 3082/3082 3101/3101 3183/3183
f 3107/3107 3164/3164 3160/3160
f 3090/3090 3067/3067 3148/3148
f 3148/3148 3067/3067 3161/3161
f 3077/3077 3124/3124 3168/3168
f 3226/3226 3147/3147 3066/3066
f 3153/3153 3062/3062 3156/3156
f 3130/3130 3080/3080 3159/3159
f 3061/3061 3075/3075 3099/3099
f 3123/3123 3033/3033 3187/3187
f 3141/3141 3076/3076 3133/3133
f 3193/3193 3090/3090 3148/3148
f 3160/3160 3170/3170 3059/3059
f 3091/3091 3059/3059 3170/3170
f 3166/3166 3065/3065 3199/3199
f 3094/3094 3035/3035 3169/3169
f 3165/3165 3091/3091 3170/3170
f 3045/3045 3150/3150 3172/3172
f 3112/3112 3152/3152 3194/3194
f 3116/3116 3151/3151 3231/3231
f 3115/3115 3103/3103 3238/3238
f 3244/3244 3077/3077 3168/3168
f 3101/3101 3085/3085 3266/3266
f 3104/3104 3153/3153 3203/3203
f 3120/3120 3206/3206 3039/3039
f 3079/3079 3057/3057 3144/3144
f 3167/3167 3056/3056 3307/3307
f 3145/3145 3092/3092 3041/3041
f 3195/3195 3057/3057 3018/3018
f 3125/3125 3188/3188 3119/3119
f 3204/3204 3104/3104 3203/3203
f 3126/3126 3072/3072 3186/3186
f 3177/3177 3192/3192 3128/3128
f 3128/3128 3069/3069 3177/3177
f 3266/3266 3085/3085 3040/3040
f 3141/3141 3224/3224 3136/3136
f 3063/3063 3140/3140 3185/3185
f 3062/3062 3138/3138 3214/3214
f 3013/3013 3270/3270 3206/3206
f 3097/3097 3086/3086 3181/3181
f 3106/3106 3221/3221 3050/3050
f 3156/3156 3062/3062 3214/3214
f 3248/3248 3040/3040 3146/3146
f 3122/3122 3054/3054 3212/3212
f 3018/3018 3129/3129 3195/3195
f 3114/3114 3094/3094 3218/3218
f 3061/3061 3099/3099 3201/3201
f 2997/2997 3089/3089 3155/3155
f 3307/3307 3056/3056 3190/3190
f 3031/3031 3045/3045 3172/3172
f 3155/3155 3089/3089 3178/3178
f 3187/3187 3071/3071 3171/3171
f 3145/3145 3135/3135 3143/3143
f 3150/3150 3130/3130 3159/3159
f 3162/3162 3084/3084 3184/3184
f 3080/3080 3109/3109 3296/3296
f 3132/3132 3092/3092 3145/3145
f 3072/3072 3126/3126 3064/3064
f 3188/3188 3079/3079 3144/3144
f 3224/3224 3105/3105 3136/3136
f 3255/3255 3117/3117 3193/3193
f 3171/3171 3113/3113 3211/3211
f 3113/3113 3213/3213 3211/3211
f 3270/3270 3013/3013 3030/3030
f 3244/3244 3191/3191 3129/3129
f 3196/3196 3128/3128 3192/3192
f 3117/3117 3178/3178 3089/3089
f 3102/3102 3174/3174 3240/3240
f 3266/3266 3180/3180 3101/3101
f 3034/3034 3206/3206 3207/3207
f 3189/3189 3053/3053 3176/3176
f 3170/3170 3160/3160 3164/3164
f 3235/3235 3140/3140 3081/3081
f 3119/3119 3188/3188 3239/3239
f 3137/3137 3126/3126 3337/3337
f 3337/3337 3126/3126 3186/3186
f 3221/3221 3250/3250 3050/3050
f 3159/3159 3080/3080 3296/3296
f 3174/3174 3119/3119 3239/3239
f 3122/3122 3212/3212 3169/3169
f 3247/3247 3061/3061 3201/3201
f 3110/3110 3061/3061 3247/3247
f 3238/3238 3103/3103 3228/3228
f 3087/3087 3115/3115 3205/3205
f 3133/3133 3111/3111 3175/3175
f 3129/3129 3191/3191 3195/3195
f 3083/3083 3189/3189 3259/3259
f 3124/3124 3204/3204 3216/3216
f 3143/3143 3135/3135 3158/3158
f 3131/3131 3112/3112 3194/3194
f 3168/3168 3124/3124 3216/3216
f 3218/3218 3094/3094 3169/3169
f 3175/3175 3111/3111 3157/3157
f 3173/3173 3270/3270 3030/3030
f 3153/3153 3156/3156 3202/3202
f 3212/3212 3054/3054 3250/3250
f 3178/3178 3117/3117 3255/3255
f 3150/3150 3159/3159 3200/3200
f 3248/3248 3146/3146 3261/3261
f 3144/3144 3057/3057 3195/3195
f 3158/3158 3118/3118 3197/3197
f 3153/3153 3202/3202 3203/3203
f 3050/3050 3250/3250 3054/3054
f 3296/3296 3109/3109 3210/3210
f 3208/3208 3133/3133 3280/3280
f 3069/3069 3225/3225 3177/3177
f 3087/3087 3230/3230 3226/3226
f 3226/3226 3230/3230 3198/3198
f 3209/3209 3110/3110 3247/3247
f 3238/3238 3205/3205 3115/3115
f 3233/3233 3161/3161 3131/3131
f 3213/3213 3037/3037 3182/3182
f 3083/3083 3259/3259 3163/3163
f 3277/3277 3055/3055 3137/3137
f 3154/3154 3097/3097 3345/3345
f 3258/3258 3034/3034 3207/3207
f 3256/3256 3154/3154 3345/3345
f 3143/3143 3158/3158 3197/3197
f 3133/3133 3208/3208 3141/3141
f 3240/3240 3174/3174 3360/3360
f 3148/3148 3219/3219 3193/3193
f 3186/3186 3072/3072 3253/3253
f 3202/3202 3156/3156 3214/3214
f 3145/3145 3282/3282 3132/3132
f 3138/3138 3162/3162 3214/3214
f 3146/3146 3277/3277 3261/3261
f 3072/3072 3196/3196 3253/3253
f 3280/3280 3133/3133 3175/3175
f 3164/3164 3183/3183 3232/3232
f 3037/3037 3114/3114 3182/3182
f 3291/3291 3184/3184 3147/3147
f 3168/3168 3216/3216 3234/3234
f 3232/3232 3101/3101 3180/3180
f 3101/3101 3232/3232 3183/3183
f 3055/3055 3277/3277 3146/3146
f 3239/3239 3188/3188 3321/3321
f 3285/3285 3134/3134 3179/3179
f 3149/3149 3098/3098 3368/3368
f 3098/3098 3105/3105 3222/3222
f 3215/3215 3165/3165 3170/3170
f 3222/3222 3368/3368 3098/3098
f 3141/3141 3208/3208 3289/3289
f 3106/3106 3132/3132 3273/3273
f 3142/3142 3154/3154 3256/3256
f 3181/3181 3034/3034 3258/3258
f 3123/3123 3187/3187 3171/3171
f 3148/3148 3161/3161 3233/3233
f 3246/3246 3162/3162 3184/3184
f 3152/3152 3165/3165 3215/3215
f 3087/3087 3205/3205 3230/3230
f 3226/3226 3291/3291 3147/3147
f 3202/3202 3214/3214 3227/3227
f 3243/3243 3194/3194 3217/3217
f 3131/3131 3194/3194 3243/3243
f 3151/3151 3163/3163 3231/3231
f 3273/3273 3221/3221 3106/3106
f 3118/3118 3167/3167 3323/3323
f 3197/3197 3118/3118 3323/3323
f 3249/3249 3270/3270 3173/3173
f 3155/3155 3178/3178 3223/3223
f 3150/3150 3200/3200 3237/3237
f 3141/3141 3289/3289 3224/3224
f 3361/3361 3169/3169 3212/3212
f 3301/3301 3170/3170 3164/3164
f 3182/3182 3114/3114 3272/3272
f 3123/3123 3171/3171 3267/3267
f 3244/3244 3168/3168 3234/3234
f 3134/3134 3285/3285 3311/3311
f 3176/3176 3053/3053 3127/3127
f 3273/3273 3132/3132 3282/3282
f 3097/3097 3181/3181 3345/3345
f 3251/3251 3196/3196 3192/3192
f 3233/3233 3131/3131 3243/3243
f 3188/3188 3144/3144 3245/3245
f 3294/3294 3145/3145 3143/3143
f 3152/3152 3262/3262 3194/3194
f 3272/3272 3114/3114 3218/3218
f 3222/3222 3105/3105 3224/3224
f 3254/3254 3251/3251 3192/3192
f 3170/3170 3301/3301 3265/3265
f 3214/3214 3162/3162 3246/3246
f 3188/3188 3245/3245 3321/3321
f 3252/3252 3190/3190 3185/3185
f 3127/3127 3166/3166 3229/3229
f 3200/3200 3159/3159 3296/3296
f 3191/3191 3144/3144 3195/3195
f 3166/3166 3199/3199 3229/3229
f 3139/3139 3149/3149 3287/3287
f 3157/3157 3134/3134 3311/3311
f 3177/3177 3363/3363 3192/3192
f 3360/3360 3174/3174 3239/3239
f 3266/3266 3040/3040 3248/3248
f 3257/3257 3204/3204 3203/3203
f 3203/3203 3202/3202 3227/3227
f 3137/3137 3337/3337 3308/3308
f 3207/3207 3206/3206 3331/3331
f 3182/3182 3269/3269 3213/3213
f 3198/3198 3230/3230 3242/3242
f 3267/3267 3220/3220 3123/3123
f 3216/3216 3204/3204 3257/3257
f 3225/3225 3363/3363 3177/3177
f 3143/3143 3197/3197 3294/3294
f 3285/3285 3179/3179 3116/3116
f 3065/3065 3142/3142 3281/3281
f 3237/3237 3172/3172 3150/3150
f 3267/3267 3171/3171 3211/3211
f 3193/3193 3219/3219 3255/3255
f 3176/3176 3259/3259 3189/3189
f 3230/3230 3205/3205 3276/3276
f 3307/3307 3190/3190 3252/3252
f 3140/3140 3235/3235 3330/3330
f 3099/3099 3241/3241 3201/3201
f 3323/3323 3167/3167 3307/3307
f 3163/3163 3259/3259 3340/3340
f 3263/3263 3116/3116 3231/3231
f 3225/3225 3123/3123 3220/3220
f 3361/3361 3212/3212 3292/3292
f 3253/3253 3337/3337 3186/3186
f 3185/3185 3140/3140 3343/3343
f 3203/3203 3227/3227 3288/3288
f 3253/3253 3196/3196 3251/3251
f 3250/3250 3221/3221 3315/3315
f 3223/3223 3178/3178 3255/3255
f 3226/3226 3198/3198 3242/3242
f 3291/3291 3278/3278 3184/3184
f 3297/3297 3209/3209 3328/3328
f 3219/3219 3148/3148 3233/3233
f 3301/3301 3164/3164 3232/3232
f 3217/3217 3194/3194 3262/3262
f 3345/3345 3181/3181 3283/3283
f 3363/3363 3254/3254 3192/3192
f 3065/3065 3281/3281 3199/3199
f 3244/3244 3268/3268 3191/3191
f 3343/3343 3140/3140 3330/3330
f 3209/3209 3247/3247 3328/3328
f 3282/3282 3145/3145 3294/3294
f 3277/3277 3137/3137 3308/3308
f 3200/3200 3296/3296 3237/3237
f 3314/3314 3219/3219 3233/3233
f 3331/3331 3206/3206 3448/3448
f 3348/3348 3215/3215 3170/3170
f 3211/3211 3213/3213 3269/3269
f 3173/3173 3236/3236 3310/3310
f 3281/3281 3142/3142 3256/3256
f 3244/3244 3234/3234 3268/3268
f 3343/3343 3252/3252 3185/3185
f 3205/3205 3238/3238 3276/3276
f 3285/3285 3116/3116 3263/3263
f 3314/3314 3255/3255 3219/3219
f 3243/3243 3217/3217 3347/3347
f 3271/3271 3191/3191 3349/3349
f 3328/3328 3247/3247 3201/3201
f 3181/3181 3258/3258 3283/3283
f 3354/3354 3273/3273 3282/3282
f 3334/3334 3211/3211 3269/3269
f 3257/3257 3203/3203 3288/3288
f 3226/3226 3242/3242 3291/3291
f 3223/3223 3255/3255 3426/3426
f 3311/3311 3280/3280 3175/3175
f 3257/3257 3351/3351 3216/3216
f 3288/3288 3227/3227 3290/3290
f 3228/3228 3309/3309 3238/3238
f 3222/3222 3224/3224 3344/3344
f 3289/3289 3344/3344 3224/3224
f 3269/3269 3182/3182 3272/3272
f 3278/3278 3246/3246 3184/3184
f 3227/3227 3214/3214 3300/3300
f 3235/3235 3139/3139 3287/3287
f 3249/3249 3173/3173 3310/3310
f 3323/3323 3307/3307 3326/3326
f 3207/3207 3331/3331 3258/3258
f 3348/3348 3170/3170 3265/3265
f 3233/3233 3243/3243 3260/3260
f 3262/3262 3215/3215 3348/3348
f 3152/3152 3215/3215 3262/3262
f 3267/3267 3211/3211 3334/3334
f 3261/3261 3319/3319 3248/3248
f 3306/3306 3197/3197 3323/3323
f 3217/3217 3262/3262 3303/3303
f 3231/3231 3163/3163 3340/3340
f 3301/3301 3232/3232 3341/3341
f 3259/3259 3176/3176 3275/3275
f 3191/3191 3264/3264 3144/3144
f 3276/3276 3242/3242 3230/3230
f 3327/3327 3242/3242 3276/3276
f 3214/3214 3246/3246 3300/3300
f 3175/3175 3157/3157 3311/3311
f 3290/3290 3227/3227 3300/3300
f 3341/3341 3232/3232 3180/3180
f 3263/3263 3231/3231 3284/3284
f 3248/3248 3319/3319 3266/3266
f 3228/3228 3155/3155 3324/3324
f 3335/3335 3257/3257 3288/3288
f 3220/3220 3267/3267 3334/3334
f 3099/3099 3240/3240 3241/3241
f 3309/3309 3228/3228 3324/3324
f 3231/3231 3340/3340 3284/3284
f 3239/3239 3321/3321 3312/3312
f 3245/3245 3144/3144 3264/3264
f 3260/3260 3243/3243 3347/3347
f 3253/3253 3251/3251 3333/3333
f 3426/3426 3255/3255 3329/3329
f 3303/3303 3347/3347 3217/3217
f 3191/3191 3271/3271 3264/3264
f 3270/3270 3249/3249 3393/3393
f 3360/3360 3239/3239 3312/3312
f 3176/3176 3336/3336 3275/3275
f 3127/3127 3336/3336 3176/3176
f 3316/3316 3223/3223 3426/3426
f 3276/3276 3238/3238 3309/3309
f 3300/3300 3246/3246 3401/3401
f 3268/3268 3234/3234 3298/3298
f 3206/3206 3270/3270 3377/3377
f 3180/3180 3266/3266 3295/3295
f 3324/3324 3155/3155 3316/3316
f 3252/3252 3343/3343 3304/3304
f 3292/3292 3212/3212 3250/3250
f 3169/3169 3361/3361 3218/3218
f 3328/3328 3201/3201 3350/3350
f 3255/3255 3314/3314 3329/3329
f 3340/3340 3259/3259 3279/3279
f 3299/3299 3268/3268 3298/3298
f 3257/3257 3335/3335 3351/3351
f 3305/3305 3297/3297 3359/3359
f 3305/3305 3236/3236 3297/3297
f 3286/3286 3348/3348 3265/3265
f 3155/3155 3223/3223 3316/3316
f 3287/3287 3149/3149 3342/3342
f 3274/3274 3240/3240 3360/3360
f 3271/3271 3365/3365 3264/3264
f 3265/3265 3301/3301 3286/3286
f 3353/3353 3261/3261 3277/3277
f 3368/3368 3342/3342 3149/3149
f 3127/3127 3229/3229 3336/3336
f 3287/3287 3342/3342 3411/3411
f 3356/3356 3401/3401 3246/3246
f 3363/3363 3225/3225 3322/3322
f 3305/3305 3310/3310 3236/3236
f 3242/3242 3327/3327 3317/3317
f 3225/3225 3220/3220 3322/3322
f 3266/3266 3319/3319 3295/3295
f 3377/3377 3448/3448 3206/3206
f 3300/3300 3320/3320 3290/3290
f 3191/3191 3268/3268 3349/3349
f 3335/3335 3290/3290 3346/3346
f 3288/3288 3290/3290 3335/3335
f 3246/3246 3278/3278 3356/3356
f 3294/3294 3197/3197 3306/3306
f 3351/3351 3335/3335 3338/3338
f 3321/3321 3245/3245 3381/3381
f 3303/3303 3262/3262 3348/3348
f 3241/3241 3240/3240 3274/3274
f 3289/3289 3208/3208 3280/3280
f 3330/3330 3235/3235 3287/3287
f 3360/3360 3312/3312 3390/3390
f 3310/3310 3393/3393 3249/3249
f 3333/3333 3293/3293 3253/3253
f 3221/3221 3273/3273 3315/3315
f 3307/3307 3252/3252 3304/3304
f 3272/3272 3218/3218 3387/3387
f 3273/3273 3354/3354 3315/3315
f 3319/3319 3261/3261 3353/3353
f 3347/3347 3303/3303 3332/3332
f 3199/3199 3302/3302 3229/3229
f 3302/3302 3199/3199 3352/3352
f 3393/3393 3377/3377 3270/3270
f 3199/3199 3281/3281 3352/3352
f 3274/3274 3360/3360 3382/3382
f 3285/3285 3263/3263 3313/3313
f 3314/3314 3233/3233 3386/3386
f 3216/3216 3351/3351 3234/3234
f 3353/3353 3277/3277 3355/3355
f 3282/3282 3294/3294 3325/3325
f 3280/3280 3311/3311 3379/3379
f 3343/3343 3330/3330 3318/3318
f 3278/3278 3291/3291 3358/3358
f 3259/3259 3275/3275 3279/3279
f 3337/3337 3253/3253 3451/3451
f 3201/3201 3241/3241 3350/3350
f 3356/3356 3278/3278 3358/3358
f 3297/3297 3328/3328 3359/3359
f 3277/3277 3308/3308 3357/3357
f 3325/3325 3294/3294 3306/3306
f 3250/3250 3372/3372 3292/3292
f 3317/3317 3291/3291 3242/3242
f 3180/3180 3295/3295 3341/3341
f 3456/3456 3269/3269 3272/3272
f 3308/3308 3337/3337 3357/3357
f 3311/3311 3285/3285 3313/3313
f 3387/3387 3218/3218 3361/3361
f 3330/3330 3287/3287 3318/3318
f 3289/3289 3280/3280 3379/3379
f 3313/3313 3263/3263 3420/3420
f 3282/3282 3325/3325 3354/3354
f 3377/3377 3393/3393 3408/3408
f 3263/3263 3284/3284 3420/3420
f 3368/3368 3222/3222 3344/3344
f 3394/3394 3407/3407 3229/3229
f 3254/3254 3333/3333 3251/3251
f 3290/3290 3320/3320 3366/3366
f 3234/3234 3339/3339 3298/3298
f 3290/3290 3366/3366 3346/3346
f 3347/3347 3373/3373 3260/3260
f 3350/3350 3241/3241 3369/3369
f 3379/3379 3311/3311 3400/3400
f 3276/3276 3309/3309 3391/3391
f 3320/3320 3300/3300 3401/3401
f 3437/3437 3345/3345 3283/3283
f 3317/3317 3358/3358 3291/3291
f 3412/3412 3281/3281 3256/3256
f 3250/3250 3315/3315 3372/3372
f 3318/3318 3287/3287 3411/3411
f 3419/3419 3258/3258 3331/3331
f 3309/3309 3324/3324 3391/3391
f 3315/3315 3354/3354 3421/3421
f 3451/3451 3253/3253 3293/3293
f 3334/3334 3269/3269 3416/3416
f 3241/3241 3274/3274 3369/3369
f 3394/3394 3229/3229 3302/3302
f 3286/3286 3301/3301 3341/3341
f 3245/3245 3264/3264 3365/3365
f 3233/3233 3260/3260 3386/3386
f 3378/3378 3268/3268 3299/3299
f 3306/3306 3323/3323 3326/3326
f 3351/3351 3338/3338 3339/3339
f 3349/3349 3441/3441 3271/3271
f 3314/3314 3386/3386 3425/3425
f 3234/3234 3351/3351 3339/3339
f 3336/3336 3229/3229 3407/3407
f 3337/3337 3451/3451 3357/3357
f 3293/3293 3333/3333 3376/3376
f 3329/3329 3314/3314 3425/3425
f 3342/3342 3477/3477 3411/3411
f 3307/3307 3304/3304 3471/3471
f 3271/3271 3441/3441 3365/3365
f 3341/3341 3295/3295 3439/3439
f 3326/3326 3307/3307 3450/3450
f 3391/3391 3384/3384 3276/3276
f 3416/3416 3269/3269 3456/3456
f 3348/3348 3286/3286 3362/3362
f 3322/3322 3220/3220 3453/3453
f 3256/3256 3345/3345 3437/3437
f 3312/3312 3321/3321 3399/3399
f 3268/3268 3378/3378 3349/3349
f 3344/3344 3289/3289 3429/3429
f 3322/3322 3364/3364 3363/3363
f 3373/3373 3347/3347 3367/3367
f 3275/3275 3385/3385 3279/3279
f 3370/3370 3303/3303 3348/3348
f 3362/3362 3286/3286 3341/3341
f 3381/3381 3245/3245 3365/3365
f 3386/3386 3260/3260 3373/3373
f 3332/3332 3303/3303 3370/3370
f 3426/3426 3329/3329 3405/3405
f 3415/3415 3333/3333 3254/3254
f 3254/3254 3363/3363 3415/3415
f 3277/3277 3357/3357 3355/3355
f 3317/3317 3327/3327 3402/3402
f 3375/3375 3328/3328 3350/3350
f 3359/3359 3328/3328 3375/3375
f 3404/3404 3358/3358 3317/3317
f 3302/3302 3352/3352 3394/3394
f 3354/3354 3325/3325 3474/3474
f 3360/3360 3390/3390 3428/3428
f 3401/3401 3356/3356 3410/3410
f 3272/3272 3387/3387 3456/3456
f 3379/3379 3429/3429 3289/3289
f 3371/3371 3453/3453 3220/3220
f 3450/3450 3307/3307 3471/3471
f 3371/3371 3220/3220 3374/3374
f 3327/3327 3276/3276 3384/3384
f 3220/3220 3334/3334 3374/3374
f 3343/3343 3318/3318 3452/3452
f 3352/3352 3281/3281 3412/3412
f 3284/3284 3340/3340 3398/3398
f 3406/3406 3325/3325 3306/3306
f 3385/3385 3275/3275 3336/3336
f 3392/3392 3306/3306 3326/3326
f 3299/3299 3298/3298 3339/3339
f 3283/3283 3258/3258 3419/3419
f 3321/3321 3381/3381 3399/3399
f 3440/3440 3311/3311 3313/3313
f 3338/3338 3380/3380 3339/3339
f 3324/3324 3316/3316 3426/3426
f 3437/3437 3283/3283 3396/3396
f 3356/3356 3358/3358 3388/3388
f 3424/3424 3341/3341 3422/3422
f 3474/3474 3325/3325 3406/3406
f 3410/3410 3356/3356 3388/3388
f 3433/3433 3332/3332 3370/3370
f 3305/3305 3495/3495 3310/3310
f 3414/3414 3357/3357 3451/3451
f 3402/3402 3327/3327 3435/3435
f 3338/3338 3335/3335 3380/3380
f 3340/3340 3279/3279 3398/3398
f 3418/3418 3426/3426 3405/3405
f 3390/3390 3312/3312 3444/3444
f 3339/3339 3502/3502 3299/3299
f 3368/3368 3344/3344 3429/3429
f 3441/3441 3349/3349 3378/3378
f 3283/3283 3419/3419 3483/3483
f 3332/3332 3367/3367 3347/3347
f 3443/3443 3420/3420 3284/3284
f 3405/3405 3329/3329 3425/3425
f 3383/3383 3350/3350 3403/3403
f 3484/3484 3451/3451 3293/3293
f 3311/3311 3440/3440 3400/3400
f 3452/3452 3304/3304 3343/3343
f 3327/3327 3384/3384 3435/3435
f 3315/3315 3389/3389 3372/3372
f 3416/3416 3457/3457 3334/3334
f 3376/3376 3484/3484 3293/3293
f 3370/3370 3348/3348 3397/3397
f 3460/3460 3341/3341 3439/3439
f 3375/3375 3350/3350 3383/3383
f 3304/3304 3442/3442 3471/3471
f 3366/3366 3320/3320 3395/3395
f 3362/3362 3341/3341 3424/3424
f 3388/3388 3358/3358 3473/3473
f 3377/3377 3408/3408 3448/3448
f 3380/3380 3335/3335 3346/3346
f 3402/3402 3404/3404 3317/3317
f 3375/3375 3464/3464 3359/3359
f 3389/3389 3315/3315 3421/3421
f 3348/3348 3362/3362 3424/3424
f 3369/3369 3403/3403 3350/3350
f 3397/3397 3348/3348 3424/3424
f 3279/3279 3385/3385 3409/3409
f 3419/3419 3331/3331 3448/3448
f 3382/3382 3360/3360 3428/3428
f 3373/3373 3367/3367 3489/3489
f 3284/3284 3398/3398 3443/3443
f 3495/3495 3393/3393 3310/3310
f 3374/3374 3334/3334 3457/3457
f 3368/3368 3429/3429 3472/3472
f 3373/3373 3489/3489 3386/3386
f 3364/3364 3322/3322 3459/3459
f 3459/3459 3322/3322 3453/3453
f 3486/3486 3326/3326 3450/3450
f 3426/3426 3417/3417 3324/3324
f 3361/3361 3292/3292 3413/3413
f 3413/3413 3292/3292 3494/3494
f 3292/3292 3372/3372 3494/3494
f 3299/3299 3502/3502 3462/3462
f 3452/3452 3318/3318 3411/3411
f 3401/3401 3427/3427 3320/3320
f 3417/3417 3391/3391 3324/3324
f 3355/3355 3357/3357 3414/3414
f 3422/3422 3341/3341 3460/3460
f 3364/3364 3415/3415 3363/3363
f 3442/3442 3304/3304 3436/3436
f 3384/3384 3391/3391 3438/3438
f 3371/3371 3374/3374 3481/3481
f 3451/3451 3506/3506 3414/3414
f 3304/3304 3452/3452 3436/3436
f 3380/3380 3346/3346 3469/3469
f 3381/3381 3365/3365 3449/3449
f 3332/3332 3433/3433 3367/3367
f 3387/3387 3361/3361 3413/3413
f 3396/3396 3283/3283 3483/3483
f 3439/3439 3295/3295 3319/3319
f 3342/3342 3368/3368 3445/3445
f 3326/3326 3486/3486 3392/3392
f 3472/3472 3445/3445 3368/3368
f 3366/3366 3395/3395 3434/3434
f 3384/3384 3438/3438 3487/3487
f 3353/3353 3355/3355 3556/3556
f 3475/3475 3355/3355 3414/3414
f 3408/3408 3393/3393 3495/3495
f 3477/3477 3342/3342 3445/3445
f 3409/3409 3385/3385 3528/3528
f 3352/3352 3412/3412 3454/3454
f 3412/3412 3256/3256 3476/3476
f 3417/3417 3505/3505 3391/3391
f 3469/3469 3346/3346 3366/3366
f 3352/3352 3454/3454 3394/3394
f 3383/3383 3464/3464 3375/3375
f 3505/3505 3438/3438 3391/3391
f 3306/3306 3392/3392 3406/3406
f 3493/3493 3299/3299 3462/3462
f 3407/3407 3394/3394 3512/3512
f 3578/3578 3474/3474 3406/3406
f 3279/3279 3409/3409 3398/3398
f 3365/3365 3441/3441 3449/3449
f 3429/3429 3379/3379 3463/3463
f 3402/3402 3435/3435 3480/3480
f 3369/3369 3274/3274 3382/3382
f 3404/3404 3402/3402 3480/3480
f 3480/3480 3466/3466 3404/3404
f 3427/3427 3401/3401 3410/3410
f 3430/3430 3484/3484 3376/3376
f 3425/3425 3386/3386 3423/3423
f 3320/3320 3427/3427 3431/3431
f 3428/3428 3390/3390 3446/3446
f 3476/3476 3256/3256 3437/3437
f 3395/3395 3320/3320 3431/3431
f 3385/3385 3336/3336 3512/3512
f 3407/3407 3512/3512 3336/3336
f 3405/3405 3425/3425 3423/3423
f 3403/3403 3369/3369 3447/3447
f 3479/3479 3448/3448 3408/3408
f 3374/3374 3457/3457 3534/3534
f 3305/3305 3359/3359 3432/3432
f 3397/3397 3497/3497 3370/3370
f 3439/3439 3319/3319 3455/3455
f 3397/3397 3424/3424 3458/3458
f 3449/3449 3490/3490 3381/3381
f 3399/3399 3381/3381 3490/3490
f 3380/3380 3502/3502 3339/3339
f 3432/3432 3495/3495 3305/3305
f 3378/3378 3299/3299 3493/3493
f 3441/3441 3378/3378 3470/3470
f 3319/3319 3353/3353 3556/3556
f 3333/3333 3430/3430 3376/3376
f 3421/3421 3508/3508 3389/3389
f 3452/3452 3411/3411 3501/3501
f 3379/3379 3400/3400 3485/3485
f 3412/3412 3476/3476 3535/3535
f 3469/3469 3366/3366 3434/3434
f 3435/3435 3384/3384 3487/3487
f 3418/3418 3405/3405 3423/3423
f 3492/3492 3437/3437 3396/3396
f 3434/3434 3395/3395 3431/3431
f 3382/3382 3428/3428 3446/3446
f 3440/3440 3313/3313 3420/3420
f 3444/3444 3446/3446 3390/3390
f 3371/3371 3510/3510 3453/3453
f 3438/3438 3505/3505 3487/3487
f 3387/3387 3413/3413 3456/3456
f 3354/3354 3461/3461 3421/3421
f 3354/3354 3474/3474 3461/3461
f 3556/3556 3355/3355 3475/3475
f 3441/3441 3470/3470 3449/3449
f 3419/3419 3448/3448 3536/3536
f 3489/3489 3423/3423 3386/3386
f 3382/3382 3465/3465 3369/3369
f 3463/3463 3379/3379 3485/3485
f 3472/3472 3429/3429 3538/3538
f 3312/3312 3399/3399 3444/3444
f 3556/3556 3541/3541 3319/3319
f 3398/3398 3515/3515 3443/3443
f 3538/3538 3429/3429 3488/3488
f 3537/3537 3430/3430 3333/3333
f 3406/3406 3392/3392 3486/3486
f 3476/3476 3437/3437 3492/3492
f 3333/3333 3415/3415 3537/3537
f 3571/3571 3371/3371 3481/3481
f 3451/3451 3484/3484 3506/3506
f 3499/3499 3388/3388 3522/3522
f 3367/3367 3433/3433 3558/3558
f 3422/3422 3460/3460 3553/3553
f 3500/3500 3454/3454 3412/3412
f 3632/3632 3436/3436 3452/3452
f 3411/3411 3477/3477 3544/3544
f 3369/3369 3465/3465 3447/3447
f 3460/3460 3439/3439 3455/3455
f 3410/3410 3388/3388 3491/3491
f 3358/3358 3404/3404 3473/3473
f 3398/3398 3409/3409 3586/3586
f 3367/3367 3558/3558 3489/3489
f 3455/3455 3319/3319 3541/3541
f 3558/3558 3433/3433 3497/3497
f 3472/3472 3509/3509 3445/3445
f 3578/3578 3406/3406 3611/3611
f 3420/3420 3443/3443 3515/3515
f 3418/3418 3516/3516 3426/3426
f 3359/3359 3464/3464 3468/3468
f 3465/3465 3382/3382 3583/3583
f 3403/3403 3447/3447 3383/3383
f 3444/3444 3399/3399 3490/3490
f 3370/3370 3497/3497 3433/3433
f 3512/3512 3394/3394 3482/3482
f 3454/3454 3482/3482 3394/3394
f 3408/3408 3495/3495 3547/3547
f 3388/3388 3473/3473 3522/3522
f 3460/3460 3503/3503 3553/3553
f 3561/3561 3435/3435 3487/3487
f 3547/3547 3479/3479 3408/3408
f 3431/3431 3427/3427 3491/3491
f 3466/3466 3480/3480 3560/3560
f 3372/3372 3389/3389 3494/3494
f 3382/3382 3446/3446 3467/3467
f 3445/3445 3509/3509 3477/3477
f 3544/3544 3501/3501 3411/3411
f 3415/3415 3364/3364 3459/3459
f 3421/3421 3461/3461 3508/3508
f 3513/3513 3380/3380 3469/3469
f 3491/3491 3388/3388 3499/3499
f 3412/3412 3535/3535 3500/3500
f 3501/3501 3632/3632 3452/3452
f 3510/3510 3371/3371 3571/3571
f 3533/3533 3490/3490 3449/3449
f 3427/3427 3410/3410 3491/3491
f 3529/3529 3484/3484 3430/3430
f 3389/3389 3508/3508 3517/3517
f 3440/3440 3420/3420 3519/3519
f 3440/3440 3485/3485 3400/3400
f 3519/3519 3420/3420 3515/3515
f 3583/3583 3382/3382 3467/3467
f 3446/3446 3444/3444 3478/3478
f 3417/3417 3426/3426 3516/3516
f 3464/3464 3383/3383 3447/3447
f 3497/3497 3397/3397 3458/3458
f 3513/3513 3502/3502 3380/3380
f 3453/3453 3510/3510 3459/3459
f 3481/3481 3374/3374 3534/3534
f 3432/3432 3359/3359 3468/3468
f 3487/3487 3505/3505 3542/3542
f 3466/3466 3511/3511 3404/3404
f 3473/3473 3404/3404 3511/3511
f 3506/3506 3484/3484 3539/3539
f 3459/3459 3537/3537 3415/3415
f 3424/3424 3422/3422 3496/3496
f 3458/3458 3424/3424 3496/3496
f 3535/3535 3476/3476 3492/3492
f 3413/3413 3504/3504 3456/3456
f 3429/3429 3463/3463 3488/3488
f 3448/3448 3479/3479 3557/3557
f 3450/3450 3584/3584 3486/3486
f 3538/3538 3531/3531 3472/3472
f 3444/3444 3490/3490 3498/3498
f 3470/3470 3378/3378 3493/3493
f 3406/3406 3486/3486 3611/3611
f 3530/3530 3435/3435 3561/3561
f 3496/3496 3422/3422 3598/3598
f 3542/3542 3505/3505 3516/3516
f 3469/3469 3434/3434 3521/3521
f 3548/3548 3442/3442 3436/3436
f 3422/3422 3553/3553 3598/3598
f 3542/3542 3561/3561 3487/3487
f 3418/3418 3423/3423 3524/3524
f 3477/3477 3509/3509 3620/3620
f 3489/3489 3558/3558 3423/3423
f 3461/3461 3474/3474 3578/3578
f 3469/3469 3521/3521 3513/3513
f 3480/3480 3435/3435 3530/3530
f 3494/3494 3389/3389 3517/3517
f 3525/3525 3462/3462 3502/3502
f 3471/3471 3442/3442 3548/3548
f 3522/3522 3473/3473 3511/3511
f 3434/3434 3431/3431 3521/3521
f 3460/3460 3455/3455 3503/3503
f 3448/3448 3557/3557 3536/3536
f 3558/3558 3497/3497 3565/3565
f 3531/3531 3509/3509 3472/3472
f 3462/3462 3525/3525 3493/3493
f 3505/3505 3417/3417 3516/3516
f 3470/3470 3493/3493 3550/3550
f 3396/3396 3483/3483 3593/3593
f 3430/3430 3537/3537 3529/3529
f 3449/3449 3470/3470 3533/3533
f 3468/3468 3569/3569 3432/3432
f 3524/3524 3423/3423 3514/3514
f 3495/3495 3432/3432 3507/3507
f 3440/3440 3519/3519 3485/3485
f 3471/3471 3548/3548 3450/3450
f 3512/3512 3528/3528 3385/3385
f 3478/3478 3444/3444 3498/3498
f 3463/3463 3485/3485 3619/3619
f 3482/3482 3454/3454 3554/3554
f 3504/3504 3413/3413 3596/3596
f 3447/3447 3468/3468 3464/3464
f 3457/3457 3416/3416 3570/3570
f 3491/3491 3566/3566 3431/3431
f 3608/3608 3512/3512 3482/3482
f 3495/3495 3507/3507 3547/3547
f 3533/3533 3527/3527 3490/3490
f 3512/3512 3608/3608 3540/3540
f 3518/3518 3455/3455 3541/3541
f 3483/3483 3419/3419 3523/3523
f 3491/3491 3499/3499 3601/3601
f 3544/3544 3477/3477 3620/3620
f 3414/3414 3532/3532 3475/3475
f 3558/3558 3552/3552 3423/3423
f 3503/3503 3455/3455 3518/3518
f 3532/3532 3414/3414 3506/3506
f 3497/3497 3458/3458 3526/3526
f 3446/3446 3478/3478 3564/3564
f 3569/3569 3507/3507 3432/3432
f 3516/3516 3418/3418 3524/3524
f 3514/3514 3423/3423 3552/3552
f 3503/3503 3581/3581 3553/3553
f 3454/3454 3500/3500 3554/3554
f 3480/3480 3520/3520 3560/3560
f 3539/3539 3532/3532 3506/3506
f 3499/3499 3522/3522 3562/3562
f 3508/3508 3461/3461 3582/3582
f 3450/3450 3548/3548 3584/3584
f 3528/3528 3512/3512 3540/3540
f 3484/3484 3529/3529 3592/3592
f 3488/3488 3463/3463 3603/3603
f 3509/3509 3531/3531 3587/3587
f 3502/3502 3513/3513 3576/3576
f 3572/3572 3515/3515 3616/3616
f 3459/3459 3510/3510 3577/3577
f 3530/3530 3561/3561 3568/3568
f 3436/3436 3549/3549 3548/3548
f 3608/3608 3482/3482 3554/3554
f 3518/3518 3543/3543 3503/3503
f 3416/3416 3456/3456 3600/3600
f 3466/3466 3560/3560 3511/3511
f 3530/3530 3520/3520 3480/3480
f 3502/3502 3576/3576 3525/3525
f 3534/3534 3457/3457 3570/3570
f 3515/3515 3398/3398 3616/3616
f 3500/3500 3535/3535 3545/3545
f 3519/3519 3515/3515 3572/3572
f 3555/3555 3529/3529 3537/3537
f 3564/3564 3478/3478 3498/3498
f 3654/3654 3468/3468 3447/3447
f 3486/3486 3584/3584 3606/3606
f 3467/3467 3446/3446 3564/3564
f 3483/3483 3523/3523 3593/3593
f 3581/3581 3503/3503 3543/3543
f 3578/3578 3671/3671 3461/3461
f 3570/3570 3416/3416 3600/3600
f 3419/3419 3536/3536 3523/3523
f 3554/3554 3500/3500 3597/3597
f 3552/3552 3558/3558 3670/3670
f 3396/3396 3593/3593 3492/3492
f 3611/3611 3486/3486 3606/3606
f 3436/3436 3632/3632 3549/3549
f 3409/3409 3528/3528 3652/3652
f 3652/3652 3528/3528 3540/3540
f 3537/3537 3459/3459 3575/3575
f 3571/3571 3481/3481 3534/3534
f 3550/3550 3493/3493 3525/3525
f 3431/3431 3566/3566 3521/3521
f 3524/3524 3580/3580 3516/3516
f 3458/3458 3551/3551 3526/3526
f 3565/3565 3546/3546 3558/3558
f 3413/3413 3494/3494 3596/3596
f 3447/3447 3465/3465 3559/3559
f 3587/3587 3620/3620 3509/3509
f 3468/3468 3654/3654 3569/3569
f 3565/3565 3497/3497 3526/3526
f 3633/3633 3475/3475 3532/3532
f 3606/3606 3638/3638 3611/3611
f 3588/3588 3584/3584 3548/3548
f 3616/3616 3398/3398 3586/3586
f 3496/3496 3551/3551 3458/3458
f 3566/3566 3491/3491 3563/3563
f 3631/3631 3534/3534 3570/3570
f 3522/3522 3511/3511 3562/3562
f 3456/3456 3504/3504 3600/3600
f 3540/3540 3608/3608 3579/3579
f 3585/3585 3484/3484 3592/3592
f 3568/3568 3520/3520 3530/3530
f 3539/3539 3484/3484 3585/3585
f 3604/3604 3519/3519 3572/3572
f 3517/3517 3508/3508 3582/3582
f 3521/3521 3566/3566 3567/3567
f 3534/3534 3595/3595 3571/3571
f 3504/3504 3596/3596 3605/3605
f 3541/3541 3556/3556 3633/3633
f 3518/3518 3541/3541 3591/3591
f 3543/3543 3518/3518 3591/3591
f 3536/3536 3557/3557 3634/3634
f 3603/3603 3463/3463 3619/3619
f 3633/3633 3556/3556 3475/3475
f 3525/3525 3576/3576 3589/3589
f 3670/3670 3558/3558 3546/3546
f 3542/3542 3516/3516 3580/3580
f 3583/3583 3467/3467 3626/3626
f 3610/3610 3498/3498 3490/3490
f 3519/3519 3604/3604 3485/3485
f 3500/3500 3545/3545 3597/3597
f 3491/3491 3601/3601 3563/3563
f 3651/3651 3568/3568 3561/3561
f 3577/3577 3510/3510 3713/3713
f 3561/3561 3542/3542 3651/3651
f 3492/3492 3545/3545 3535/3535
f 3616/3616 3586/3586 3689/3689
f 3571/3571 3713/3713 3510/3510
f 3479/3479 3547/3547 3594/3594
f 3571/3571 3595/3595 3713/3713
f 3575/3575 3555/3555 3537/3537
f 3557/3557 3479/3479 3594/3594
f 3631/3631 3595/3595 3534/3534
f 3601/3601 3499/3499 3562/3562
f 3517/3517 3582/3582 3637/3637
f 3461/3461 3671/3671 3582/3582
f 3577/3577 3575/3575 3459/3459
f 3521/3521 3574/3574 3513/3513
f 3513/3513 3574/3574 3599/3599
f 3524/3524 3514/3514 3613/3613
f 3553/3553 3581/3581 3598/3598
f 3559/3559 3465/3465 3583/3583
f 3586/3586 3409/3409 3652/3652
f 3548/3548 3549/3549 3588/3588
f 3492/3492 3593/3593 3630/3630
f 3551/3551 3573/3573 3526/3526
f 3550/3550 3622/3622 3470/3470
f 3538/3538 3488/3488 3603/3603
f 3613/3613 3514/3514 3552/3552
f 3527/3527 3590/3590 3490/3490
f 3490/3490 3590/3590 3610/3610
f 3634/3634 3523/3523 3536/3536
f 3585/3585 3532/3532 3539/3539
f 3596/3596 3494/3494 3692/3692
f 3531/3531 3538/3538 3639/3639
f 3692/3692 3494/3494 3517/3517
f 3600/3600 3504/3504 3605/3605
f 3594/3594 3547/3547 3649/3649
f 3576/3576 3513/3513 3599/3599
f 3654/3654 3447/3447 3702/3702
f 3560/3560 3520/3520 3609/3609
f 3562/3562 3511/3511 3560/3560
f 3532/3532 3585/3585 3675/3675
f 3520/3520 3568/3568 3607/3607
f 3498/3498 3610/3610 3617/3617
f 3573/3573 3565/3565 3526/3526
f 3622/3622 3533/3533 3470/3470
f 3547/3547 3507/3507 3649/3649
f 3498/3498 3617/3617 3564/3564
f 3580/3580 3524/3524 3618/3618
f 3651/3651 3542/3542 3658/3658
f 3550/3550 3525/3525 3589/3589
f 3559/3559 3702/3702 3447/3447
f 3576/3576 3709/3709 3589/3589
f 3555/3555 3592/3592 3529/3529
f 3545/3545 3492/3492 3630/3630
f 3606/3606 3584/3584 3588/3588
f 3574/3574 3521/3521 3567/3567
f 3604/3604 3602/3602 3485/3485
f 3632/3632 3501/3501 3621/3621
f 3559/3559 3583/3583 3623/3623
f 3568/3568 3651/3651 3607/3607
f 3507/3507 3569/3569 3640/3640
f 3562/3562 3560/3560 3644/3644
f 3653/3653 3549/3549 3632/3632
f 3600/3600 3657/3657 3570/3570
f 3601/3601 3562/3562 3614/3614
f 3628/3628 3496/3496 3598/3598
f 3591/3591 3541/3541 3710/3710
f 3557/3557 3594/3594 3624/3624
f 3692/3692 3517/3517 3637/3637
f 3567/3567 3566/3566 3563/3563
f 3544/3544 3621/3621 3501/3501
f 3599/3599 3709/3709 3576/3576
f 3564/3564 3617/3617 3645/3645
f 3626/3626 3701/3701 3583/3583
f 3496/3496 3682/3682 3551/3551
f 3634/3634 3624/3624 3615/3615
f 3527/3527 3533/3533 3590/3590
f 3545/3545 3612/3612 3597/3597
f 3634/3634 3557/3557 3624/3624
f 3582/3582 3673/3673 3637/3637
f 3562/3562 3644/3644 3614/3614
f 3552/3552 3646/3646 3613/3613
f 3570/3570 3657/3657 3631/3631
f 3563/3563 3601/3601 3648/3648
f 3569/3569 3654/3654 3659/3659
f 3609/3609 3520/3520 3607/3607
f 3574/3574 3567/3567 3563/3563
f 3629/3629 3589/3589 3709/3709
f 3507/3507 3640/3640 3649/3649
f 3658/3658 3542/3542 3656/3656
f 3671/3671 3673/3673 3582/3582
f 3652/3652 3540/3540 3677/3677
f 3646/3646 3552/3552 3670/3670
f 3671/3671 3578/3578 3704/3704
f 3620/3620 3587/3587 3727/3727
f 3640/3640 3696/3696 3649/3649
f 3696/3696 3594/3594 3649/3649
f 3578/3578 3611/3611 3704/3704
f 3710/3710 3541/3541 3633/3633
f 3603/3603 3619/3619 3715/3715
f 3704/3704 3611/3611 3706/3706
f 3550/3550 3589/3589 3629/3629
f 3546/3546 3625/3625 3670/3670
f 3564/3564 3626/3626 3467/3467
f 3593/3593 3523/3523 3634/3634
f 3532/3532 3635/3635 3633/3633
f 3727/3727 3587/3587 3531/3531
f 3639/3639 3727/3727 3531/3531
f 3580/3580 3618/3618 3656/3656
f 3702/3702 3559/3559 3623/3623
f 3605/3605 3596/3596 3692/3692
f 3619/3619 3485/3485 3715/3715
f 3628/3628 3682/3682 3496/3496
f 3580/3580 3656/3656 3542/3542
f 3608/3608 3554/3554 3666/3666
f 3622/3622 3550/3550 3712/3712
f 3609/3609 3607/3607 3643/3643
f 3653/3653 3716/3716 3549/3549
f 3581/3581 3543/3543 3725/3725
f 3601/3601 3614/3614 3662/3662
f 3533/3533 3664/3664 3590/3590
f 3663/3663 3600/3600 3605/3605
f 3628/3628 3598/3598 3642/3642
f 3630/3630 3612/3612 3545/3545
f 3598/3598 3581/3581 3681/3681
f 3655/3655 3599/3599 3574/3574
f 3671/3671 3661/3661 3673/3673
f 3598/3598 3681/3681 3642/3642
f 3652/3652 3650/3650 3586/3586
f 3660/3660 3592/3592 3555/3555
f 3630/3630 3593/3593 3634/3634
f 3644/3644 3560/3560 3609/3609
f 3677/3677 3540/3540 3579/3579
f 3625/3625 3546/3546 3565/3565
f 3616/3616 3684/3684 3572/3572
f 3543/3543 3591/3591 3725/3725
f 3544/3544 3620/3620 3641/3641
f 3600/3600 3663/3663 3657/3657
f 3588/3588 3549/3549 3716/3716
f 3627/3627 3551/3551 3682/3682
f 3640/3640 3569/3569 3659/3659
f 3551/3551 3627/3627 3573/3573
f 3585/3585 3592/3592 3669/3669
f 3709/3709 3599/3599 3636/3636
f 3715/3715 3485/3485 3722/3722
f 3533/3533 3622/3622 3664/3664
f 3524/3524 3613/3613 3698/3698
f 3610/3610 3707/3707 3617/3617
f 3618/3618 3524/3524 3656/3656
f 3689/3689 3586/3586 3650/3650
f 3692/3692 3637/3637 3668/3668
f 3688/3688 3617/3617 3707/3707
f 3601/3601 3662/3662 3705/3705
f 3666/3666 3554/3554 3597/3597
f 3632/3632 3621/3621 3699/3699
f 3691/3691 3555/3555 3575/3575
f 3591/3591 3710/3710 3703/3703
f 3648/3648 3601/3601 3705/3705
f 3612/3612 3630/3630 3685/3685
f 3651/3651 3690/3690 3607/3607
f 3555/3555 3691/3691 3660/3660
f 3699/3699 3653/3653 3632/3632
f 3611/3611 3638/3638 3706/3706
f 3575/3575 3577/3577 3691/3691
f 3581/3581 3725/3725 3697/3697
f 3585/3585 3669/3669 3750/3750
f 3643/3643 3607/3607 3690/3690
f 3680/3680 3657/3657 3663/3663
f 3639/3639 3538/3538 3603/3603
f 3647/3647 3644/3644 3609/3609
f 3635/3635 3532/3532 3672/3672
f 3681/3681 3581/3581 3697/3697
f 3485/3485 3602/3602 3722/3722
f 3592/3592 3660/3660 3669/3669
f 3682/3682 3628/3628 3642/3642
f 3712/3712 3550/3550 3683/3683
f 3610/3610 3590/3590 3707/3707
f 3701/3701 3687/3687 3583/3583
f 3623/3623 3583/3583 3687/3687
f 3657/3657 3708/3708 3631/3631
f 3646/3646 3698/3698 3613/3613
f 3630/3630 3634/3634 3754/3754
f 3626/3626 3564/3564 3645/3645
f 3602/3602 3604/3604 3796/3796
f 3713/3713 3691/3691 3577/3577
f 3710/3710 3633/3633 3635/3635
f 3646/3646 3665/3665 3698/3698
f 3574/3574 3563/3563 3674/3674
f 3656/3656 3524/3524 3698/3698
f 3655/3655 3574/3574 3674/3674
f 3579/3579 3608/3608 3666/3666
f 3597/3597 3612/3612 3666/3666
f 3647/3647 3609/3609 3643/3643
f 3725/3725 3591/3591 3703/3703
f 3796/3796 3572/3572 3784/3784
f 3572/3572 3796/3796 3604/3604
f 3625/3625 3565/3565 3573/3573
f 3668/3668 3637/3637 3673/3673
f 3714/3714 3646/3646 3670/3670
f 3684/3684 3616/3616 3689/3689
f 3644/3644 3667/3667 3614/3614
f 3693/3693 3606/3606 3588/3588
f 3784/3784 3572/3572 3684/3684
f 3659/3659 3654/3654 3700/3700
f 3702/3702 3623/3623 3687/3687
f 3550/3550 3629/3629 3683/3683
f 3662/3662 3614/3614 3667/3667
f 3644/3644 3647/3647 3711/3711
f 3563/3563 3648/3648 3674/3674
f 3677/3677 3579/3579 3678/3678
f 3603/3603 3720/3720 3639/3639
f 3645/3645 3617/3617 3688/3688
f 3714/3714 3665/3665 3646/3646
f 3672/3672 3532/3532 3675/3675
f 3708/3708 3595/3595 3631/3631
f 3622/3622 3712/3712 3679/3679
f 3645/3645 3753/3753 3626/3626
f 3723/3723 3727/3727 3639/3639
f 3648/3648 3705/3705 3674/3674
f 3752/3752 3699/3699 3621/3621
f 3735/3735 3653/3653 3699/3699
f 3588/3588 3716/3716 3693/3693
f 3621/3621 3641/3641 3752/3752
f 3641/3641 3621/3621 3544/3544
f 3702/3702 3687/3687 3785/3785
f 3727/3727 3641/3641 3620/3620
f 3720/3720 3723/3723 3639/3639
f 3658/3658 3656/3656 3676/3676
f 3642/3642 3774/3774 3682/3682
f 3707/3707 3590/3590 3664/3664
f 3638/3638 3606/3606 3693/3693
f 3706/3706 3638/3638 3766/3766
f 3645/3645 3688/3688 3746/3746
f 3663/3663 3605/3605 3738/3738
f 3694/3694 3636/3636 3655/3655
f 3655/3655 3636/3636 3599/3599
f 3622/3622 3679/3679 3739/3739
f 3698/3698 3665/3665 3724/3724
f 3654/3654 3748/3748 3700/3700
f 3754/3754 3634/3634 3615/3615
f 3602/3602 3796/3796 3722/3722
f 3675/3675 3585/3585 3750/3750
f 3658/3658 3726/3726 3651/3651
f 3724/3724 3665/3665 3714/3714
f 3594/3594 3696/3696 3717/3717
f 3692/3692 3738/3738 3605/3605
f 3683/3683 3629/3629 3709/3709
f 3627/3627 3682/3682 3742/3742
f 3738/3738 3692/3692 3794/3794
f 3695/3695 3660/3660 3691/3691
f 3705/3705 3765/3765 3674/3674
f 3693/3693 3716/3716 3790/3790
f 3644/3644 3711/3711 3667/3667
f 3690/3690 3651/3651 3726/3726
f 3753/3753 3701/3701 3626/3626
f 3603/3603 3715/3715 3720/3720
f 3721/3721 3666/3666 3612/3612
f 3770/3770 3658/3658 3676/3676
f 3661/3661 3671/3671 3704/3704
f 3624/3624 3594/3594 3730/3730
f 3635/3635 3761/3761 3710/3710
f 3579/3579 3782/3782 3678/3678
f 3742/3742 3682/3682 3774/3774
f 3702/3702 3748/3748 3654/3654
f 3692/3692 3668/3668 3794/3794
f 3712/3712 3683/3683 3778/3778
f 3664/3664 3622/3622 3739/3739
f 3714/3714 3670/3670 3686/3686
f 3573/3573 3729/3729 3625/3625
f 3636/3636 3789/3789 3709/3709
f 3698/3698 3740/3740 3656/3656
f 3726/3726 3756/3756 3690/3690
f 3696/3696 3640/3640 3827/3827
f 3635/3635 3672/3672 3761/3761
f 3777/3777 3730/3730 3594/3594
f 3679/3679 3712/3712 3769/3769
f 3808/3808 3685/3685 3630/3630
f 3697/3697 3725/3725 3776/3776
f 3778/3778 3683/3683 3709/3709
f 3642/3642 3681/3681 3774/3774
f 3694/3694 3789/3789 3636/3636
f 3787/3787 3652/3652 3832/3832
f 3647/3647 3643/3643 3736/3736
f 3652/3652 3787/3787 3650/3650
f 3615/3615 3624/3624 3730/3730
f 3627/3627 3742/3742 3573/3573
f 3664/3664 3739/3739 3707/3707
f 3652/3652 3677/3677 3832/3832
f 3705/3705 3662/3662 3760/3760
f 3753/3753 3800/3800 3701/3701
f 3679/3679 3769/3769 3739/3739
f 3680/3680 3663/3663 3738/3738
f 3656/3656 3728/3728 3676/3676
f 3729/3729 3573/3573 3742/3742
f 3680/3680 3798/3798 3657/3657
f 3687/3687 3701/3701 3800/3800
f 3625/3625 3729/3729 3670/3670
f 3817/3817 3688/3688 3707/3707
f 3729/3729 3686/3686 3670/3670
f 3778/3778 3709/3709 3789/3789
f 3769/3769 3712/3712 3795/3795
f 3767/3767 3750/3750 3669/3669
f 3770/3770 3676/3676 3728/3728
f 3681/3681 3718/3718 3774/3774
f 3764/3764 3827/3827 3640/3640
f 3718/3718 3681/3681 3697/3697
f 3765/3765 3705/3705 3760/3760
f 3771/3771 3695/3695 3691/3691
f 3666/3666 3782/3782 3579/3579
f 3770/3770 3726/3726 3658/3658
f 3612/3612 3685/3685 3721/3721
f 3832/3832 3677/3677 3678/3678
f 3720/3720 3715/3715 3823/3823
f 3767/3767 3672/3672 3675/3675
f 3643/3643 3690/3690 3756/3756
f 3767/3767 3675/3675 3750/3750
f 3655/3655 3762/3762 3694/3694
f 3782/3782 3666/3666 3721/3721
f 3641/3641 3727/3727 3757/3757
f 3756/3756 3736/3736 3643/3643
f 3713/3713 3595/3595 3802/3802
f 3673/3673 3661/3661 3737/3737
f 3662/3662 3747/3747 3760/3760
f 3765/3765 3655/3655 3674/3674
f 3753/3753 3645/3645 3746/3746
f 3777/3777 3594/3594 3717/3717
f 3657/3657 3798/3798 3708/3708
f 3766/3766 3638/3638 3751/3751
f 3667/3667 3711/3711 3749/3749
f 3715/3715 3722/3722 3745/3745
f 3728/3728 3656/3656 3740/3740
f 3638/3638 3693/3693 3751/3751
f 3740/3740 3698/3698 3724/3724
f 3746/3746 3688/3688 3817/3817
f 3630/3630 3754/3754 3808/3808
f 3689/3689 3650/3650 3787/3787
f 3735/3735 3699/3699 3803/3803
f 3767/3767 3669/3669 3733/3733
f 3653/3653 3735/3735 3716/3716
f 3789/3789 3694/3694 3848/3848
f 3669/3669 3660/3660 3733/3733
f 3768/3768 3761/3761 3672/3672
f 3749/3749 3647/3647 3736/3736
f 3803/3803 3699/3699 3752/3752
f 3721/3721 3685/3685 3744/3744
f 3662/3662 3667/3667 3859/3859
f 3713/3713 3771/3771 3691/3691
f 3747/3747 3662/3662 3859/3859
f 3757/3757 3727/3727 3791/3791
f 3765/3765 3839/3839 3655/3655
f 3647/3647 3749/3749 3711/3711
f 3708/3708 3802/3802 3595/3595
f 3757/3757 3752/3752 3641/3641
f 3794/3794 3775/3775 3738/3738
f 3700/3700 3731/3731 3659/3659
f 3686/3686 3729/3729 3719/3719
f 3640/3640 3659/3659 3731/3731
f 3808/3808 3744/3744 3685/3685
f 3745/3745 3823/3823 3715/3715
f 3800/3800 3785/3785 3687/3687
f 3712/3712 3778/3778 3795/3795
f 3764/3764 3640/3640 3731/3731
f 3732/3732 3741/3741 3714/3714
f 3724/3724 3714/3714 3741/3741
f 3724/3724 3781/3781 3740/3740
f 3760/3760 3747/3747 3876/3876
f 3696/3696 3783/3783 3717/3717
f 3695/3695 3733/3733 3660/3660
f 3672/3672 3767/3767 3768/3768
f 3839/3839 3762/3762 3655/3655
f 3751/3751 3693/3693 3790/3790
f 3697/3697 3759/3759 3718/3718
f 3734/3734 3703/3703 3710/3710
f 3684/3684 3689/3689 3784/3784
f 3756/3756 3726/3726 3770/3770
f 3777/3777 3717/3717 3783/3783
f 3713/3713 3786/3786 3771/3771
f 3702/3702 3785/3785 3788/3788
f 3673/3673 3737/3737 3799/3799
f 3815/3815 3800/3800 3753/3753
f 3756/3756 3743/3743 3736/3736
f 3661/3661 3704/3704 3825/3825
f 3787/3787 3832/3832 3793/3793
f 3759/3759 3697/3697 3776/3776
f 3740/3740 3772/3772 3728/3728
f 3776/3776 3725/3725 3703/3703
f 3782/3782 3721/3721 3744/3744
f 3766/3766 3704/3704 3706/3706
f 3835/3835 3686/3686 3719/3719
f 3728/3728 3772/3772 3770/3770
f 3731/3731 3700/3700 3748/3748
f 3794/3794 3668/3668 3799/3799
f 3686/3686 3732/3732 3714/3714
f 3719/3719 3729/3729 3834/3834
f 3732/3732 3686/3686 3835/3835
f 3798/3798 3680/3680 3755/3755
f 3668/3668 3673/3673 3799/3799
f 3778/3778 3789/3789 3851/3851
f 3680/3680 3738/3738 3775/3775
f 3745/3745 3722/3722 3857/3857
f 3734/3734 3710/3710 3761/3761
f 3716/3716 3735/3735 3819/3819
f 3615/3615 3730/3730 3777/3777
f 3876/3876 3747/3747 3792/3792
f 3774/3774 3718/3718 3801/3801
f 3757/3757 3791/3791 3831/3831
f 3737/3737 3661/3661 3825/3825
f 3786/3786 3852/3852 3771/3771
f 3767/3767 3733/3733 3807/3807
f 3723/3723 3720/3720 3841/3841
f 3848/3848 3694/3694 3804/3804
f 3796/3796 3860/3860 3722/3722
f 3762/3762 3804/3804 3694/3694
f 3816/3816 3742/3742 3758/3758
f 3757/3757 3831/3831 3752/3752
f 3784/3784 3689/3689 3787/3787
f 3808/3808 3754/3754 3814/3814
f 3733/3733 3695/3695 3813/3813
f 3707/3707 3739/3739 3829/3829
f 3770/3770 3763/3763 3756/3756
f 3763/3763 3770/3770 3810/3810
f 3615/3615 3814/3814 3754/3754
f 3837/3837 3731/3731 3748/3748
f 3837/3837 3764/3764 3731/3731
f 3749/3749 3859/3859 3667/3667
f 3713/3713 3811/3811 3786/3786
f 3746/3746 3817/3817 3779/3779
f 3802/3802 3811/3811 3713/3713
f 3774/3774 3758/3758 3742/3742
f 3806/3806 3736/3736 3743/3743
f 3727/3727 3723/3723 3898/3898
f 3742/3742 3816/3816 3729/3729
f 3762/3762 3839/3839 3780/3780
f 3827/3827 3783/3783 3696/3696
f 3702/3702 3836/3836 3748/3748
f 3765/3765 3760/3760 3843/3843
f 3724/3724 3741/3741 3781/3781
f 3708/3708 3798/3798 3802/3802
f 3805/3805 3615/3615 3777/3777
f 3759/3759 3801/3801 3718/3718
f 3743/3743 3756/3756 3806/3806
f 3759/3759 3776/3776 3821/3821
f 3790/3790 3716/3716 3819/3819
f 3898/3898 3723/3723 3841/3841
f 3818/3818 3748/3748 3836/3836
f 3747/3747 3859/3859 3792/3792
f 3810/3810 3770/3770 3772/3772
f 3703/3703 3734/3734 3820/3820
f 3795/3795 3853/3853 3769/3769
f 3836/3836 3702/3702 3788/3788
f 3791/3791 3727/3727 3898/3898
f 3773/3773 3785/3785 3800/3800
f 3772/3772 3740/3740 3781/3781
f 3755/3755 3680/3680 3775/3775
f 3841/3841 3720/3720 3866/3866
f 3746/3746 3815/3815 3753/3753
f 3854/3854 3859/3859 3749/3749
f 3829/3829 3739/3739 3769/3769
f 3866/3866 3720/3720 3823/3823
f 3857/3857 3722/3722 3860/3860
f 3787/3787 3850/3850 3784/3784
f 3774/3774 3801/3801 3758/3758
f 3876/3876 3843/3843 3760/3760
f 3766/3766 3751/3751 3822/3822
f 3811/3811 3802/3802 3809/3809
f 3780/3780 3804/3804 3762/3762
f 3802/3802 3798/3798 3833/3833
f 3797/3797 3732/3732 3835/3835
f 3837/3837 3748/3748 3818/3818
f 3839/3839 3765/3765 3843/3843
f 3763/3763 3806/3806 3756/3756
f 3784/3784 3860/3860 3796/3796
f 3833/3833 3755/3755 3775/3775
f 3795/3795 3778/3778 3851/3851
f 3695/3695 3771/3771 3813/3813
f 3782/3782 3867/3867 3678/3678
f 3832/3832 3678/3678 3867/3867
f 3825/3825 3704/3704 3842/3842
f 3789/3789 3848/3848 3877/3877
f 3817/3817 3707/3707 3829/3829
f 3768/3768 3767/3767 3812/3812
f 3767/3767 3807/3807 3812/3812
f 3877/3877 3851/3851 3789/3789
f 3776/3776 3703/3703 3820/3820
f 3834/3834 3729/3729 3816/3816
f 3751/3751 3790/3790 3870/3870
f 3798/3798 3755/3755 3833/3833
f 3861/3861 3780/3780 3839/3839
f 3761/3761 3768/3768 3812/3812
f 3826/3826 3794/3794 3799/3799
f 3758/3758 3801/3801 3838/3838
f 3966/3966 3803/3803 3752/3752
f 3737/3737 3825/3825 3799/3799
f 3966/3966 3752/3752 3831/3831
f 3790/3790 3819/3819 3870/3870
f 3736/3736 3806/3806 3858/3858
f 3865/3865 3775/3775 3794/3794
f 3788/3788 3785/3785 3773/3773
f 3749/3749 3736/3736 3858/3858
f 3781/3781 3869/3869 3772/3772
f 3741/3741 3732/3732 3797/3797
f 3815/3815 3773/3773 3800/3800
f 3810/3810 3840/3840 3763/3763
f 3840/3840 3824/3824 3763/3763
f 3815/3815 3746/3746 3921/3921
f 3835/3835 3719/3719 3834/3834
f 3837/3837 3878/3878 3764/3764
f 3758/3758 3838/3838 3816/3816
f 3901/3901 3766/3766 3822/3822
f 3836/3836 3881/3881 3818/3818
f 3821/3821 3776/3776 3820/3820
f 3704/3704 3901/3901 3842/3842
f 3805/3805 3814/3814 3615/3615
f 3833/3833 3895/3895 3802/3802
f 3769/3769 3872/3872 3829/3829
f 3795/3795 3851/3851 3873/3873
f 3806/3806 3763/3763 3897/3897
f 3849/3849 3792/3792 3859/3859
f 3861/3861 3804/3804 3780/3780
f 3827/3827 3764/3764 3878/3878
f 3807/3807 3885/3885 3812/3812
f 3876/3876 3792/3792 3849/3849
f 3837/3837 3818/3818 3881/3881
f 3781/3781 3741/3741 3797/3797
f 3833/3833 3775/3775 3865/3865
f 3766/3766 3901/3901 3704/3704
f 3773/3773 3815/3815 3879/3879
f 3885/3885 3807/3807 3830/3830
f 3908/3908 3777/3777 3783/3783
f 3830/3830 3807/3807 3733/3733
f 3853/3853 3795/3795 3873/3873
f 3822/3822 3751/3751 3916/3916
f 3813/3813 3830/3830 3733/3733
f 3834/3834 3816/3816 3856/3856
f 3810/3810 3772/3772 3869/3869
f 3797/3797 3835/3835 3893/3893
f 3801/3801 3759/3759 3828/3828
f 3828/3828 3838/3838 3801/3801
f 3860/3860 3784/3784 3917/3917
f 3852/3852 3786/3786 3811/3811
f 3805/3805 3777/3777 3908/3908
f 3824/3824 3897/3897 3763/3763
f 3850/3850 3917/3917 3784/3784
f 3771/3771 3855/3855 3813/3813
f 3793/3793 3832/3832 3867/3867
f 3803/3803 3966/3966 3889/3889
f 3819/3819 3735/3735 3847/3847
f 3783/3783 3827/3827 3878/3878
f 3811/3811 3809/3809 3895/3895
f 3858/3858 3854/3854 3749/3749
f 3782/3782 3744/3744 3863/3863
f 3852/3852 3855/3855 3771/3771
f 3812/3812 3844/3844 3761/3761
f 3848/3848 3804/3804 3861/3861
f 3734/3734 3761/3761 3844/3844
f 3809/3809 3802/3802 3895/3895
f 3867/3867 3782/3782 3846/3846
f 3788/3788 3773/3773 3918/3918
f 3825/3825 3842/3842 3871/3871
f 3744/3744 3808/3808 3894/3894
f 3814/3814 3805/3805 3938/3938
f 3782/3782 3863/3863 3846/3846
f 3825/3825 3871/3871 3799/3799
f 3779/3779 3921/3921 3746/3746
f 3869/3869 3781/3781 3845/3845
f 3881/3881 3878/3878 3837/3837
f 3751/3751 3870/3870 3916/3916
f 3828/3828 3759/3759 3821/3821
f 3735/3735 3803/3803 3889/3889
f 3865/3865 3794/3794 3907/3907
f 3823/3823 3745/3745 3979/3979
f 3734/3734 3844/3844 3883/3883
f 3835/3835 3834/3834 3893/3893
f 3794/3794 3826/3826 3907/3907
f 3734/3734 3868/3868 3820/3820
f 3812/3812 3885/3885 3864/3864
f 3860/3860 3888/3888 3857/3857
f 3856/3856 3862/3862 3834/3834
f 3831/3831 3791/3791 3930/3930
f 3854/3854 3849/3849 3859/3859
f 3847/3847 3735/3735 3889/3889
f 3910/3910 3744/3744 3894/3894
f 3787/3787 3793/3793 3850/3850
f 3734/3734 3883/3883 3868/3868
f 3829/3829 3872/3872 3817/3817
f 3855/3855 3874/3874 3813/3813
f 3838/3838 3896/3896 3816/3816
f 3893/3893 3834/3834 3905/3905
f 3817/3817 3904/3904 3779/3779
f 3866/3866 3823/3823 3979/3979
f 3873/3873 3851/3851 3926/3926
f 3808/3808 3814/3814 3938/3938
f 3781/3781 3797/3797 3845/3845
f 3879/3879 3815/3815 3921/3921
f 3821/3821 3820/3820 3868/3868
f 3881/3881 3836/3836 3788/3788
f 3904/3904 3921/3921 3779/3779
f 3890/3890 3883/3883 3844/3844
f 3821/3821 3886/3886 3828/3828
f 3816/3816 3909/3909 3856/3856
f 3897/3897 3858/3858 3806/3806
f 3854/3854 3858/3858 3906/3906
f 3876/3876 3849/3849 3902/3902
f 3843/3843 3919/3919 3941/3941
f 3839/3839 3843/3843 3941/3941
f 3846/3846 3863/3863 3903/3903
f 3900/3900 3874/3874 3855/3855
f 3799/3799 3907/3907 3826/3826
f 3865/3865 3934/3934 3833/3833
f 3914/3914 3868/3868 3883/3883
f 3744/3744 3910/3910 3863/3863
f 3828/3828 3886/3886 3882/3882
f 3878/3878 3881/3881 3976/3976
f 3866/3866 3979/3979 3841/3841
f 3956/3956 3810/3810 3869/3869
f 3840/3840 3810/3810 3956/3956
f 3817/3817 3872/3872 3904/3904
f 3855/3855 3852/3852 3900/3900
f 3882/3882 3838/3838 3828/3828
f 3898/3898 3930/3930 3791/3791
f 3875/3875 3891/3891 3869/3869
f 3816/3816 3896/3896 3909/3909
f 3872/3872 3769/3769 3880/3880
f 3811/3811 3900/3900 3852/3852
f 3938/3938 3894/3894 3808/3808
f 3848/3848 3861/3861 3892/3892
f 3805/3805 3908/3908 3912/3912
f 3877/3877 3848/3848 3892/3892
f 3783/3783 3878/3878 3952/3952
f 3769/3769 3948/3948 3880/3880
f 3946/3946 3875/3875 3869/3869
f 3860/3860 3917/3917 3888/3888
f 3914/3914 3821/3821 3868/3868
f 3858/3858 3897/3897 3944/3944
f 3911/3911 3876/3876 3902/3902
f 3819/3819 3929/3929 3870/3870
f 3821/3821 3914/3914 3886/3886
f 3935/3935 3885/3885 3830/3830
f 3793/3793 3928/3928 3850/3850
f 3830/3830 3813/3813 3874/3874
f 3874/3874 3935/3935 3830/3830
f 3929/3929 3819/3819 3847/3847
f 3914/3914 3925/3925 3886/3886
f 3811/3811 3895/3895 3899/3899
f 3934/3934 3884/3884 3833/3833
f 3834/3834 3862/3862 3927/3927
f 3941/3941 3861/3861 3839/3839
f 3846/3846 3973/3973 3867/3867
f 3939/3939 3861/3861 3941/3941
f 3857/3857 3960/3960 3745/3745
f 3888/3888 3960/3960 3857/3857
f 3908/3908 3783/3783 3952/3952
f 3869/3869 3891/3891 3956/3956
f 3898/3898 3841/3841 3979/3979
f 3843/3843 3876/3876 3919/3919
f 3938/3938 3805/3805 3912/3912
f 3895/3895 3833/3833 3884/3884
f 3890/3890 3844/3844 3924/3924
f 3845/3845 3946/3946 3869/3869
f 3851/3851 3877/3877 3920/3920
f 3901/3901 3822/3822 3916/3916
f 3920/3920 3926/3926 3851/3851
f 3845/3845 3797/3797 3893/3893
f 3867/3867 3887/3887 3793/3793
f 3853/3853 3948/3948 3769/3769
f 3910/3910 3894/3894 3931/3931
f 3844/3844 3812/3812 3977/3977
f 3812/3812 3864/3864 3977/3977
f 3862/3862 3856/3856 3932/3932
f 3916/3916 3870/3870 3929/3929
f 3917/3917 3850/3850 3928/3928
f 3834/3834 3927/3927 3905/3905
f 3883/3883 3890/3890 3914/3914
f 3846/3846 3903/3903 3973/3973
f 3858/3858 3951/3951 3906/3906
f 3854/3854 3902/3902 3849/3849
f 3897/3897 3824/3824 3962/3962
f 3948/3948 3853/3853 3940/3940
f 3879/3879 3921/3921 3947/3947
f 3922/3922 3900/3900 3811/3811
f 3886/3886 3925/3925 3882/3882
f 3867/3867 3973/3973 3887/3887
f 3884/3884 3899/3899 3895/3895
f 3962/3962 3840/3840 3956/3956
f 3892/3892 3861/3861 3939/3939
f 3927/3927 3950/3950 3905/3905
f 3840/3840 3962/3962 3824/3824
f 3811/3811 3899/3899 3922/3922
f 3904/3904 3872/3872 3880/3880
f 3896/3896 3838/3838 3937/3937
f 3937/3937 3838/3838 3882/3882
f 3920/3920 3877/3877 3892/3892
f 3901/3901 3916/3916 3949/3949
f 3856/3856 3909/3909 3932/3932
f 3924/3924 3844/3844 3977/3977
f 3854/3854 3906/3906 3958/3958
f 3887/3887 3973/3973 3955/3955
f 3943/3943 3879/3879 3954/3954
f 3847/3847 3889/3889 3969/3969
f 3880/3880 3948/3948 3975/3975
f 3911/3911 3919/3919 3876/3876
f 3966/3966 3831/3831 3930/3930
f 3871/3871 3913/3913 3799/3799
f 3974/3974 3884/3884 3934/3934
f 3962/3962 3944/3944 3897/3897
f 3940/3940 3873/3873 3926/3926
f 3918/3918 3923/3923 3788/3788
f 3873/3873 3940/3940 3853/3853
f 3745/3745 3960/3960 3979/3979
f 3863/3863 3981/3981 3903/3903
f 3915/3915 3874/3874 3900/3900
f 3881/3881 3788/3788 3923/3923
f 3952/3952 3878/3878 4011/4011
f 3799/3799 3945/3945 3907/3907
f 3773/3773 3879/3879 3943/3943
f 3901/3901 3949/3949 3842/3842
f 3904/3904 3880/3880 3953/3953
f 3906/3906 3951/3951 4012/4012
f 3858/3858 3944/3944 3951/3951
f 3988/3988 3898/3898 3979/3979
f 3932/3932 3927/3927 3862/3862
f 3922/3922 3915/3915 3900/3900
f 3941/3941 3919/3919 3911/3911
f 3967/3967 3882/3882 3925/3925
f 3888/3888 3917/3917 3972/3972
f 3931/3931 3894/3894 3938/3938
f 3932/3932 3909/3909 3937/3937
f 3881/3881 3923/3923 3994/3994
f 3978/3978 3885/3885 3935/3935
f 4015/4015 3880/3880 3975/3975
f 3896/3896 3937/3937 3909/3909
f 3889/3889 3966/3966 3992/3992
f 3934/3934 3865/3865 4016/4016
f 3863/3863 3989/3989 3981/3981
f 4016/4016 3865/3865 3907/3907
f 3958/3958 3902/3902 3854/3854
f 3914/3914 3942/3942 3925/3925
f 3912/3912 3908/3908 3933/3933
f 3910/3910 3989/3989 3863/3863
f 3871/3871 3842/3842 3949/3949
f 3956/3956 3891/3891 3970/3970
f 3793/3793 3887/3887 3928/3928
f 3946/3946 3957/3957 3875/3875
f 4001/4001 3890/3890 3924/3924
f 3892/3892 3939/3939 4035/4035
f 3899/3899 3884/3884 3974/3974
f 3967/3967 3925/3925 3942/3942
f 3893/3893 3946/3946 3845/3845
f 4011/4011 3878/3878 3976/3976
f 3946/3946 3893/3893 3963/3963
f 3891/3891 3875/3875 3970/3970
f 3945/3945 3799/3799 3913/3913
f 3918/3918 3773/3773 3943/3943
f 3847/3847 3969/3969 3929/3929
f 3923/3923 3918/3918 4017/4017
f 3960/3960 3888/3888 3961/3961
f 3906/3906 4012/4012 3958/3958
f 3922/3922 3959/3959 3915/3915
f 3905/3905 3963/3963 3893/3893
f 3978/3978 4003/4003 3864/3864
f 3864/3864 3885/3885 3978/3978
f 3922/3922 3899/3899 3990/3990
f 3970/3970 3875/3875 3957/3957
f 3974/3974 3934/3934 4016/4016
f 3977/3977 4002/4002 3924/3924
f 3968/3968 3914/3914 3890/3890
f 3941/3941 3911/3911 3965/3965
f 3951/3951 3944/3944 3996/3996
f 3910/3910 3931/3931 3989/3989
f 3880/3880 4015/4015 3953/3953
f 3950/3950 3963/3963 3905/3905
f 3978/3978 3935/3935 3959/3959
f 3928/3928 3887/3887 4024/4024
f 3954/3954 3879/3879 3947/3947
f 3874/3874 3959/3959 3935/3935
f 3902/3902 3984/3984 3911/3911
f 3983/3983 3904/3904 3953/3953
f 3976/3976 3881/3881 3994/3994
f 3908/3908 3952/3952 3933/3933
f 3930/3930 3898/3898 3985/3985
f 4001/4001 3924/3924 4002/4002
f 3985/3985 3898/3898 3988/3988
f 3916/3916 4026/4026 3949/3949
f 3975/3975 3948/3948 4057/4057
f 4003/4003 3977/3977 3864/3864
f 3882/3882 3967/3967 3937/3937
f 3936/3936 3952/3952 4011/4011
f 3914/3914 3987/3987 3942/3942
f 3998/3998 3871/3871 3949/3949
f 3926/3926 3920/3920 4005/4005
f 3914/3914 3968/3968 3987/3987
f 3889/3889 3992/3992 3969/3969
f 3995/3995 3989/3989 3931/3931
f 3961/3961 3888/3888 3972/3972
f 4000/4000 3950/3950 3927/3927
f 3991/3991 3917/3917 3928/3928
f 3958/3958 3984/3984 3902/3902
f 4003/4003 3978/3978 3997/3997
f 3936/3936 3933/3933 3952/3952
f 3965/3965 4023/4023 3941/3941
f 4002/4002 3977/3977 4003/4003
f 3963/3963 3950/3950 3982/3982
f 3887/3887 3955/3955 4024/4024
f 3970/3970 4033/4033 3956/3956
f 3874/3874 3915/3915 3959/3959
f 3966/3966 3930/3930 4069/4069
f 3899/3899 3974/3974 3993/3993
f 3985/3985 4054/4054 3930/3930
f 3904/3904 3947/3947 3921/3921
f 3983/3983 3947/3947 3904/3904
f 3932/3932 4000/4000 3927/3927
f 3920/3920 3892/3892 3964/3964
f 3937/3937 3967/3967 3971/3971
f 4005/4005 3920/3920 3964/3964
f 3981/3981 3973/3973 3903/3903
f 3972/3972 3917/3917 3991/3991
f 3871/3871 3998/3998 3913/3913
f 3990/3990 3899/3899 3993/3993
f 4047/4047 4008/4008 3922/3922
f 3969/3969 3992/3992 4072/4072
f 4008/4008 3959/3959 3922/3922
f 3912/3912 3933/3933 4004/4004
f 3950/3950 4000/4000 3982/3982
f 3965/3965 3911/3911 3984/3984
f 3947/3947 3980/3980 3954/3954
f 4023/4023 3939/3939 3941/3941
f 3951/3951 3996/3996 4012/4012
f 3963/3963 3957/3957 3946/3946
f 3990/3990 4047/4047 3922/3922
f 3923/3923 4056/4056 3994/3994
f 3948/3948 3940/3940 4076/4076
f 4069/4069 3992/3992 3966/3966
f 4025/4025 3932/3932 3937/3937
f 3931/3931 3938/3938 3995/3995
f 3926/3926 4005/4005 3940/3940
f 3948/3948 4076/4076 4057/4057
f 3982/3982 3957/3957 3963/3963
f 3967/3967 3942/3942 3987/3987
f 3929/3929 3969/3969 4014/4014
f 4035/4035 3964/3964 3892/3892
f 3930/3930 4054/4054 4069/4069
f 3918/3918 3943/3943 4017/4017
f 3999/3999 3938/3938 3912/3912
f 3916/3916 3929/3929 4026/4026
f 3890/3890 4001/4001 3968/3968
f 3956/3956 4033/4033 4082/4082
f 4033/4033 3970/3970 3957/3957
f 4017/4017 4056/4056 3923/3923
f 3962/3962 3956/3956 4082/4082
f 3986/3986 3984/3984 3958/3958
f 3961/3961 4010/4010 3960/3960
f 4026/4026 3929/3929 4014/4014
f 3998/3998 4060/4060 3913/3913
f 3962/3962 4082/4082 4028/4028
f 3954/3954 4017/4017 3943/3943
f 3949/3949 4089/4089 3998/3998
f 3993/3993 4022/4022 3990/3990
f 4000/4000 4009/4009 3982/3982
f 4000/4000 4041/4041 4009/4009
f 4008/4008 4030/4030 3959/3959
f 3913/3913 4049/4049 3945/3945
f 3971/3971 3967/3967 4034/4034
f 3969/3969 4072/4072 4021/4021
f 3973/3973 3981/3981 4031/4031
f 3939/3939 4023/4023 4035/4035
f 3960/3960 4010/4010 3979/3979
f 3978/3978 3959/3959 4018/4018
f 4049/4049 3913/3913 4060/4060
f 4004/4004 3999/3999 3912/3912
f 3990/3990 4022/4022 4047/4047
f 4005/4005 4076/4076 3940/3940
f 4001/4001 4038/4038 3968/3968
f 3932/3932 4025/4025 4000/4000
f 4011/4011 3933/3933 3936/3936
f 3980/3980 3947/3947 3983/3983
f 3988/3988 3979/3979 4039/4039
f 4026/4026 4089/4089 3949/3949
f 3989/3989 3995/3995 3981/3981
f 4021/4021 4014/4014 3969/3969
f 3944/3944 4013/4013 4067/4067
f 3967/3967 3987/3987 4034/4034
f 4030/4030 4018/4018 3959/3959
f 3945/3945 4049/4049 3907/3907
f 3965/3965 3984/3984 4051/4051
f 3958/3958 4012/4012 4055/4055
f 3944/3944 4067/4067 3996/3996
f 3957/3957 3982/3982 4009/4009
f 4023/4023 3965/3965 4037/4037
f 3928/3928 4104/4104 3991/3991
f 4002/4002 4003/4003 3997/3997
f 4002/4002 4007/4007 4065/4065
f 4055/4055 3986/3986 3958/3958
f 4016/4016 3993/3993 3974/3974
f 3968/3968 4038/4038 3987/3987
f 3978/3978 4018/4018 3997/3997
f 4020/4020 3973/3973 4031/4031
f 3962/3962 4028/4028 4013/4013
f 4054/4054 3985/3985 4064/4064
f 4065/4065 4001/4001 4002/4002
f 3999/3999 3995/3995 3938/3938
f 4002/4002 3997/3997 4048/4048
f 3988/3988 4064/4064 3985/3985
f 3954/3954 4032/4032 4017/4017
f 4002/4002 4048/4048 4007/4007
f 4013/4013 3944/3944 3962/3962
f 3907/3907 4049/4049 4016/4016
f 4133/4133 4089/4089 4026/4026
f 3972/3972 4006/4006 3961/3961
f 3973/3973 4020/4020 3955/3955
f 4030/4030 4008/4008 4086/4086
f 4040/4040 4086/4086 4008/4008
f 4034/4034 4027/4027 3971/3971
f 3997/3997 4018/4018 4043/4043
f 4039/4039 4064/4064 3988/3988
f 4015/4015 3975/3975 4057/4057
f 4010/4010 4039/4039 3979/3979
f 4039/4039 4010/4010 4078/4078
f 4032/4032 4056/4056 4017/4017
f 4037/4037 3965/3965 4051/4051
f 4059/4059 3964/3964 4035/4035
f 4046/4046 4022/4022 3993/3993
f 4038/4038 4001/4001 4029/4029
f 4019/4019 3986/3986 4055/4055
f 4047/4047 4040/4040 4008/4008
f 4065/4065 4029/4029 4001/4001
f 4036/4036 3957/3957 4009/4009
f 4018/4018 4030/4030 4043/4043
f 4007/4007 4048/4048 4042/4042
f 4016/4016 4046/4046 3993/3993
f 4006/4006 4010/4010 3961/3961
f 4077/4077 4035/4035 4023/4023
f 4011/4011 3976/3976 4045/4045
f 4049/4049 4046/4046 4016/4016
f 3937/3937 3971/3971 4063/4063
f 4045/4045 3976/3976 3994/3994
f 4025/4025 3937/3937 4063/4063
f 4041/4041 4000/4000 4025/4025
f 4075/4075 4012/4012 3996/3996
f 4067/4067 4075/4075 3996/3996
f 3995/3995 3999/3999 4110/4110
f 4075/4075 4055/4055 4012/4012
f 4116/4116 3955/3955 4020/4020
f 3981/3981 3995/3995 4031/4031
f 4032/4032 4058/4058 4056/4056
f 3987/3987 4038/4038 4083/4083
f 4063/4063 4062/4062 4025/4025
f 4004/4004 3933/3933 4061/4061
f 4021/4021 4053/4053 4014/4014
f 4042/4042 4065/4065 4007/4007
f 4006/4006 4078/4078 4010/4010
f 3984/3984 3986/3986 4051/4051
f 4041/4041 4025/4025 4009/4009
f 3955/3955 4116/4116 4024/4024
f 4019/4019 4066/4066 3986/3986
f 4061/4061 4068/4068 4004/4004
f 4026/4026 4014/4014 4050/4050
f 4006/4006 3972/3972 4104/4104
f 3999/3999 4071/4071 4110/4110
f 3954/3954 3980/3980 4032/4032
f 4005/4005 3964/3964 4059/4059
f 4042/4042 4048/4048 4080/4080
f 4056/4056 4044/4044 3994/3994
f 4048/4048 3997/3997 4080/4080
f 4044/4044 4045/4045 3994/3994
f 4080/4080 3997/3997 4043/4043
f 4133/4133 4026/4026 4050/4050
f 4072/4072 3992/3992 4069/4069
f 4038/4038 4029/4029 4083/4083
f 3986/3986 4066/4066 4070/4070
f 4059/4059 4126/4126 4005/4005
f 4019/4019 4055/4055 4102/4102
f 4022/4022 4040/4040 4047/4047
f 4039/4039 4084/4084 4064/4064
f 4037/4037 4077/4077 4023/4023
f 4051/4051 3986/3986 4070/4070
f 4036/4036 4128/4128 3957/3957
f 4074/4074 4059/4059 4035/4035
f 3987/3987 4083/4083 4034/4034
f 4024/4024 4093/4093 3928/3928
f 4033/4033 3957/3957 4092/4092
f 4107/4107 4032/4032 4079/4079
f 4126/4126 4076/4076 4005/4005
f 4035/4035 4077/4077 4074/4074
f 4043/4043 4030/4030 4080/4080
f 4053/4053 4050/4050 4014/4014
f 4068/4068 3999/3999 4004/4004
f 4107/4107 4058/4058 4032/4032
f 3991/3991 4104/4104 3972/3972
f 4127/4127 4031/4031 3995/3995
f 4080/4080 4030/4030 4086/4086
f 4096/4096 4029/4029 4065/4065
f 4045/4045 4061/4061 4011/4011
f 4022/4022 4046/4046 4136/4136
f 4033/4033 4092/4092 4082/4082
f 3983/3983 3953/3953 4015/4015
f 3980/3980 4079/4079 4032/4032
f 3933/3933 4011/4011 4061/4061
f 3983/3983 4141/4141 3980/3980
f 4052/4052 4063/4063 3971/3971
f 4052/4052 3971/3971 4073/4073
f 4027/4027 4073/4073 3971/3971
f 4060/4060 4111/4111 4049/4049
f 4089/4089 4085/4085 3998/3998
f 4072/4072 4069/4069 4109/4109
f 4037/4037 4051/4051 4108/4108
f 4092/4092 3957/3957 4128/4128
f 4037/4037 4108/4108 4077/4077
f 4073/4073 4027/4027 4034/4034
f 4110/4110 4127/4127 3995/3995
f 4102/4102 4066/4066 4019/4019
f 4036/4036 4009/4009 4128/4128
f 4083/4083 4029/4029 4081/4081
f 4128/4128 4009/4009 4095/4095
f 4067/4067 4105/4105 4075/4075
f 4099/4099 4015/4015 4087/4087
f 4015/4015 4099/4099 3983/3983
f 4093/4093 4104/4104 3928/3928
f 4123/4123 4057/4057 4090/4090
f 3998/3998 4085/4085 4060/4060
f 4064/4064 4097/4097 4054/4054
f 4086/4086 4040/4040 4088/4088
f 4057/4057 4123/4123 4015/4015
f 4028/4028 4082/4082 4013/4013
f 4087/4087 4015/4015 4123/4123
f 4076/4076 4090/4090 4057/4057
f 4100/4100 4101/4101 4046/4046
f 4054/4054 4157/4157 4069/4069
f 4029/4029 4096/4096 4081/4081
f 4194/4194 4114/4114 4065/4065
f 4065/4065 4042/4042 4194/4194
f 4049/4049 4100/4100 4046/4046
f 4130/4130 4055/4055 4075/4075
f 4072/4072 4109/4109 4021/4021
f 4055/4055 4130/4130 4102/4102
f 4062/4062 4121/4121 4025/4025
f 4100/4100 4049/4049 4111/4111
f 4088/4088 4040/4040 4166/4166
f 4166/4166 4040/4040 4094/4094
f 4090/4090 4076/4076 4126/4126
f 4031/4031 4127/4127 4020/4020
f 4025/4025 4121/4121 4009/4009
f 4141/4141 3983/3983 4099/4099
f 4114/4114 4096/4096 4065/4065
f 4095/4095 4009/4009 4121/4121
f 4050/4050 4106/4106 4156/4156
f 4063/4063 4052/4052 4062/4062
f 4151/4151 4126/4126 4059/4059
f 4080/4080 4194/4194 4042/4042
f 4105/4105 4067/4067 4091/4091
f 4068/4068 4147/4147 3999/3999
f 4070/4070 4108/4108 4051/4051
f 4071/4071 3999/3999 4147/4147
f 4082/4082 4091/4091 4013/4013
f 4040/4040 4022/4022 4094/4094
f 4124/4124 4116/4116 4020/4020
f 4024/4024 4116/4116 4093/4093
f 4136/4136 4046/4046 4101/4101
f 4013/4013 4091/4091 4067/4067
f 4050/4050 4053/4053 4106/4106
f 4086/4086 4132/4132 4080/4080
f 4084/4084 4155/4155 4064/4064
f 4044/4044 4056/4056 4098/4098
f 4139/4139 4070/4070 4066/4066
f 4054/4054 4097/4097 4157/4157
f 4166/4166 4122/4122 4088/4088
f 4102/4102 4117/4117 4066/4066
f 4117/4117 4102/4102 4103/4103
f 4084/4084 4039/4039 4120/4120
f 4068/4068 4061/4061 4145/4145
f 4157/4157 4109/4109 4069/4069
f 4111/4111 4060/4060 4085/4085
f 4021/4021 4109/4109 4106/4106
f 4136/4136 4094/4094 4022/4022
f 4138/4138 4078/4078 4006/4006
f 4117/4117 4139/4139 4066/4066
f 4074/4074 4151/4151 4059/4059
f 4078/4078 4120/4120 4039/4039
f 4155/4155 4097/4097 4064/4064
f 4062/4062 4052/4052 4121/4121
f 4130/4130 4159/4159 4102/4102
f 4091/4091 4082/4082 4092/4092
f 4006/4006 4104/4104 4152/4152
f 4127/4127 4124/4124 4020/4020
f 4106/4106 4053/4053 4021/4021
f 4093/4093 4152/4152 4104/4104
f 4073/4073 4131/4131 4052/4052
f 4105/4105 4130/4130 4075/4075
f 4045/4045 4044/4044 4098/4098
f 4088/4088 4122/4122 4086/4086
f 4145/4145 4147/4147 4068/4068
f 4083/4083 4073/4073 4034/4034
f 4141/4141 4135/4135 4079/4079
f 4079/4079 3980/3980 4141/4141
f 4110/4110 4115/4115 4127/4127
f 4119/4119 4083/4083 4081/4081
f 4186/4186 4092/4092 4128/4128
f 4146/4146 4109/4109 4157/4157
f 4132/4132 4086/4086 4164/4164
f 4123/4123 4143/4143 4087/4087
f 4107/4107 4137/4137 4058/4058
f 4132/4132 4194/4194 4080/4080
f 4077/4077 4162/4162 4074/4074
f 4083/4083 4142/4142 4073/4073
f 4133/4133 4085/4085 4089/4089
f 4162/4162 4151/4151 4074/4074
f 4119/4119 4142/4142 4083/4083
f 4146/4146 4106/4106 4109/4109
f 4091/4091 4092/4092 4184/4184
f 4166/4166 4094/4094 4178/4178
f 4121/4121 4125/4125 4095/4095
f 4129/4129 4070/4070 4139/4139
f 4159/4159 4112/4112 4102/4102
f 4129/4129 4108/4108 4070/4070
f 4131/4131 4121/4121 4052/4052
f 4119/4119 4081/4081 4170/4170
f 4116/4116 4152/4152 4093/4093
f 4118/4118 4131/4131 4073/4073
f 4113/4113 4099/4099 4087/4087
f 4091/4091 4184/4184 4105/4105
f 4107/4107 4079/4079 4135/4135
f 4058/4058 4098/4098 4056/4056
f 4098/4098 4061/4061 4045/4045
f 4101/4101 4100/4100 4148/4148
f 4133/4133 4050/4050 4156/4156
f 4115/4115 4160/4160 4127/4127
f 4138/4138 4006/4006 4154/4154
f 4108/4108 4162/4162 4077/4077
f 4095/4095 4134/4134 4128/4128
f 4090/4090 4126/4126 4167/4167
f 4184/4184 4092/4092 4186/4186
f 4090/4090 4171/4171 4123/4123
f 4110/4110 4071/4071 4147/4147
f 4162/4162 4108/4108 4129/4129
f 4087/4087 4143/4143 4113/4113
f 4162/4162 4174/4174 4151/4151
f 4085/4085 4150/4150 4111/4111
f 4148/4148 4100/4100 4111/4111
f 4150/4150 4085/4085 4133/4133
f 4061/4061 4098/4098 4161/4161
f 4138/4138 4120/4120 4078/4078
f 4161/4161 4197/4197 4061/4061
f 4152/4152 4154/4154 4006/4006
f 4105/4105 4184/4184 4130/4130
f 4112/4112 4103/4103 4102/4102
f 4167/4167 4151/4151 4221/4221
f 4160/4160 4115/4115 4110/4110
f 4167/4167 4126/4126 4151/4151
f 4145/4145 4061/4061 4197/4197
f 4203/4203 4157/4157 4097/4097
f 4121/4121 4131/4131 4125/4125
f 4119/4119 4144/4144 4142/4142
f 4152/4152 4116/4116 4183/4183
f 4081/4081 4096/4096 4140/4140
f 4073/4073 4169/4169 4118/4118
f 4164/4164 4194/4194 4132/4132
f 4187/4187 4130/4130 4184/4184
f 4096/4096 4114/4114 4165/4165
f 4084/4084 4120/4120 4155/4155
f 4167/4167 4171/4171 4090/4090
f 4153/4153 4171/4171 4167/4167
f 4113/4113 4179/4179 4099/4099
f 4125/4125 4175/4175 4095/4095
f 4146/4146 4157/4157 4192/4192
f 4142/4142 4169/4169 4073/4073
f 4194/4194 4165/4165 4114/4114
f 4134/4134 4095/4095 4175/4175
f 4122/4122 4164/4164 4086/4086
f 4146/4146 4196/4196 4106/4106
f 4222/4222 4111/4111 4150/4150
f 4147/4147 4185/4185 4110/4110
f 4136/4136 4101/4101 4148/4148
f 4188/4188 4143/4143 4123/4123
f 4142/4142 4144/4144 4169/4169
f 4124/4124 4149/4149 4116/4116
f 4144/4144 4119/4119 4170/4170
f 4140/4140 4170/4170 4081/4081
f 4171/4171 4188/4188 4123/4123
f 4058/4058 4137/4137 4210/4210
f 4127/4127 4149/4149 4124/4124
f 4169/4169 4144/4144 4163/4163
f 4127/4127 4160/4160 4149/4149
f 4190/4190 4136/4136 4148/4148
f 4182/4182 4112/4112 4159/4159
f 4098/4098 4058/4058 4210/4210
f 4129/4129 4211/4211 4162/4162
f 4166/4166 4178/4178 4217/4217
f 4129/4129 4139/4139 4211/4211
f 4131/4131 4118/4118 4125/4125
f 4099/4099 4135/4135 4141/4141
f 4112/4112 4182/4182 4103/4103
f 4139/4139 4117/4117 4211/4211
f 4111/4111 4181/4181 4148/4148
f 4191/4191 4203/4203 4097/4097
f 4094/4094 4136/4136 4208/4208
f 4190/4190 4208/4208 4136/4136
f 4191/4191 4097/4097 4155/4155
f 4135/4135 4137/4137 4107/4107
f 4174/4174 4221/4221 4151/4151
f 4183/4183 4158/4158 4152/4152
f 4128/4128 4134/4134 4186/4186
f 4166/4166 4164/4164 4122/4122
f 4163/4163 4144/4144 4195/4195
f 4096/4096 4165/4165 4140/4140
f 4160/4160 4110/4110 4185/4185
f 4113/4113 4143/4143 4177/4177
f 4191/4191 4155/4155 4189/4189
f 4203/4203 4192/4192 4157/4157
f 4207/4207 4174/4174 4162/4162
f 4218/4218 4152/4152 4204/4204
f 4176/4176 4175/4175 4125/4125
f 4199/4199 4120/4120 4138/4138
f 4130/4130 4173/4173 4159/4159
f 4172/4172 4146/4146 4192/4192
f 4140/4140 4200/4200 4170/4170
f 4181/4181 4168/4168 4148/4148
f 4214/4214 4117/4117 4103/4103
f 4187/4187 4173/4173 4130/4130
f 4150/4150 4237/4237 4222/4222
f 4181/4181 4111/4111 4229/4229
f 4216/4216 4203/4203 4191/4191
f 4211/4211 4207/4207 4162/4162
f 4120/4120 4199/4199 4155/4155
f 4150/4150 4133/4133 4237/4237
f 4208/4208 4178/4178 4094/4094
f 4154/4154 4152/4152 4218/4218
f 4227/4227 4134/4134 4175/4175
f 4196/4196 4146/4146 4202/4202
f 4145/4145 4223/4223 4147/4147
f 4201/4201 4144/4144 4170/4170
f 4201/4201 4170/4170 4200/4200
f 4172/4172 4202/4202 4146/4146
f 4117/4117 4214/4214 4211/4211
f 4099/4099 4179/4179 4135/4135
f 4228/4228 4098/4098 4210/4210
f 4240/4240 4156/4156 4180/4180
f 4154/4154 4261/4261 4138/4138
f 4195/4195 4144/4144 4201/4201
f 4212/4212 4140/4140 4165/4165
f 4164/4164 4166/4166 4244/4244
f 4152/4152 4158/4158 4204/4204
f 4177/4177 4143/4143 4188/4188
f 4222/4222 4229/4229 4111/4111
f 4217/4217 4244/4244 4166/4166
f 4228/4228 4161/4161 4098/4098
f 4163/4163 4205/4205 4169/4169
f 4116/4116 4149/4149 4183/4183
f 4185/4185 4147/4147 4223/4223
f 4153/4153 4167/4167 4221/4221
f 4205/4205 4118/4118 4169/4169
f 4253/4253 4149/4149 4160/4160
f 4156/4156 4106/4106 4180/4180
f 4212/4212 4200/4200 4140/4140
f 4189/4189 4155/4155 4199/4199
f 4209/4209 4207/4207 4211/4211
f 4207/4207 4209/4209 4174/4174
f 4217/4217 4178/4178 4208/4208
f 4118/4118 4176/4176 4125/4125
f 4213/4213 4156/4156 4240/4240
f 4205/4205 4260/4260 4118/4118
f 4230/4230 4188/4188 4238/4238
f 4261/4261 4199/4199 4138/4138
f 4184/4184 4186/4186 4193/4193
f 4215/4215 4160/4160 4185/4185
f 4177/4177 4188/4188 4230/4230
f 4180/4180 4106/4106 4196/4196
f 4186/4186 4273/4273 4193/4193
f 4159/4159 4236/4236 4182/4182
f 4209/4209 4264/4264 4174/4174
f 4160/4160 4215/4215 4239/4239
f 4194/4194 4164/4164 4263/4263
f 4228/4228 4304/4304 4161/4161
f 4239/4239 4253/4253 4160/4160
f 4190/4190 4148/4148 4168/4168
f 4237/4237 4133/4133 4213/4213
f 4156/4156 4213/4213 4133/4133
f 4184/4184 4193/4193 4187/4187
f 4188/4188 4171/4171 4238/4238
f 4145/4145 4197/4197 4220/4220
f 4234/4234 4171/4171 4153/4153
f 4195/4195 4205/4205 4163/4163
f 4113/4113 4259/4259 4179/4179
f 4244/4244 4263/4263 4164/4164
f 4192/4192 4225/4225 4172/4172
f 4201/4201 4219/4219 4195/4195
f 4221/4221 4174/4174 4264/4264
f 4209/4209 4211/4211 4206/4206
f 4263/4263 4165/4165 4194/4194
f 4215/4215 4185/4185 4223/4223
f 4187/4187 4242/4242 4173/4173
f 4176/4176 4227/4227 4175/4175
f 4216/4216 4191/4191 4250/4250
f 4186/4186 4134/4134 4273/4273
f 4196/4196 4249/4249 4180/4180
f 4258/4258 4168/4168 4181/4181
f 4304/4304 4220/4220 4161/4161
f 4182/4182 4269/4269 4103/4103
f 4161/4161 4220/4220 4197/4197
f 4249/4249 4196/4196 4202/4202
f 4211/4211 4214/4214 4206/4206
f 4159/4159 4173/4173 4236/4236
f 4250/4250 4191/4191 4189/4189
f 4234/4234 4238/4238 4171/4171
f 4218/4218 4261/4261 4154/4154
f 4176/4176 4118/4118 4260/4260
f 4259/4259 4198/4198 4179/4179
f 4259/4259 4113/4113 4177/4177
f 4229/4229 4258/4258 4181/4181
f 4285/4285 4187/4187 4193/4193
f 4198/4198 4254/4254 4135/4135
f 4254/4254 4137/4137 4135/4135
f 4195/4195 4224/4224 4205/4205
f 4153/4153 4272/4272 4234/4234
f 4145/4145 4220/4220 4223/4223
f 4165/4165 4243/4243 4212/4212
f 4179/4179 4198/4198 4135/4135
f 4245/4245 4204/4204 4257/4257
f 4219/4219 4201/4201 4200/4200
f 4183/4183 4149/4149 4276/4276
f 4204/4204 4245/4245 4218/4218
f 4260/4260 4205/4205 4224/4224
f 4204/4204 4158/4158 4257/4257
f 4251/4251 4214/4214 4280/4280
f 4225/4225 4192/4192 4203/4203
f 4214/4214 4251/4251 4206/4206
f 4263/4263 4243/4243 4165/4165
f 4257/4257 4158/4158 4235/4235
f 4214/4214 4103/4103 4269/4269
f 4190/4190 4277/4277 4208/4208
f 4206/4206 4251/4251 4209/4209
f 4263/4263 4244/4244 4241/4241
f 4255/4255 4212/4212 4243/4243
f 4242/4242 4236/4236 4173/4173
f 4193/4193 4273/4273 4299/4299
f 4224/4224 4226/4226 4260/4260
f 4227/4227 4246/4246 4134/4134
f 4134/4134 4246/4246 4273/4273
f 4219/4219 4200/4200 4300/4300
f 4203/4203 4216/4216 4225/4225
f 4212/4212 4232/4232 4200/4200
f 4221/4221 4272/4272 4153/4153
f 4300/4300 4200/4200 4232/4232
f 4253/4253 4276/4276 4149/4149
f 4176/4176 4260/4260 4233/4233
f 4168/4168 4231/4231 4190/4190
f 4249/4249 4240/4240 4180/4180
f 4233/4233 4279/4279 4176/4176
f 4212/4212 4255/4255 4232/4232
f 4227/4227 4176/4176 4279/4279
f 4177/4177 4230/4230 4259/4259
f 4265/4265 4239/4239 4215/4215
f 4229/4229 4237/4237 4278/4278
f 4264/4264 4262/4262 4221/4221
f 4224/4224 4219/4219 4226/4226
f 4270/4270 4264/4264 4248/4248
f 4183/4183 4276/4276 4267/4267
f 4182/4182 4236/4236 4269/4269
f 4208/4208 4274/4274 4217/4217
f 4258/4258 4229/4229 4278/4278
f 4260/4260 4226/4226 4295/4295
f 4199/4199 4247/4247 4189/4189
f 4218/4218 4313/4313 4261/4261
f 4198/4198 4259/4259 4298/4298
f 4317/4317 4277/4277 4190/4190
f 4321/4321 4255/4255 4243/4243
f 4209/4209 4248/4248 4264/4264
f 4280/4280 4214/4214 4269/4269
f 4237/4237 4266/4266 4278/4278
f 4247/4247 4199/4199 4313/4313
f 4321/4321 4243/4243 4263/4263
f 4284/4284 4234/4234 4272/4272
f 4286/4286 4264/4264 4270/4270
f 4272/4272 4221/4221 4262/4262
f 4262/4262 4264/4264 4286/4286
f 4230/4230 4238/4238 4282/4282
f 4189/4189 4247/4247 4250/4250
f 4216/4216 4250/4250 4283/4283
f 4233/4233 4260/4260 4306/4306
f 4242/4242 4294/4294 4236/4236
f 4223/4223 4265/4265 4215/4215
f 4244/4244 4217/4217 4281/4281
f 4313/4313 4245/4245 4268/4268
f 4284/4284 4238/4238 4234/4234
f 4266/4266 4237/4237 4213/4213
f 4237/4237 4229/4229 4222/4222
f 4313/4313 4199/4199 4261/4261
f 4299/4299 4285/4285 4193/4193
f 4231/4231 4168/4168 4289/4289
f 4246/4246 4227/4227 4279/4279
f 4313/4313 4218/4218 4245/4245
f 4210/4210 4275/4275 4228/4228
f 4289/4289 4168/4168 4258/4258
f 4231/4231 4317/4317 4190/4190
f 4241/4241 4244/4244 4281/4281
f 4224/4224 4195/4195 4219/4219
f 4254/4254 4210/4210 4137/4137
f 4183/4183 4267/4267 4158/4158
f 4202/4202 4172/4172 4283/4283
f 4291/4291 4209/4209 4251/4251
f 4271/4271 4219/4219 4300/4300
f 4219/4219 4271/4271 4226/4226
f 4345/4345 4220/4220 4304/4304
f 4283/4283 4172/4172 4225/4225
f 4328/4328 4265/4265 4223/4223
f 4285/4285 4301/4301 4187/4187
f 4216/4216 4283/4283 4225/4225
f 4277/4277 4274/4274 4208/4208
f 4379/4379 4239/4239 4265/4265
f 4278/4278 4252/4252 4258/4258
f 4242/4242 4187/4187 4301/4301
f 4297/4297 4283/4283 4250/4250
f 4301/4301 4294/4294 4242/4242
f 4249/4249 4202/4202 4283/4283
f 4209/4209 4291/4291 4248/4248
f 4276/4276 4253/4253 4239/4239
f 4298/4298 4259/4259 4230/4230
f 4223/4223 4220/4220 4328/4328
f 4233/4233 4306/4306 4310/4310
f 4226/4226 4271/4271 4295/4295
f 4289/4289 4258/4258 4252/4252
f 4240/4240 4249/4249 4315/4315
f 4245/4245 4257/4257 4314/4314
f 4263/4263 4241/4241 4296/4296
f 4232/4232 4255/4255 4293/4293
f 4254/4254 4198/4198 4298/4298
f 4254/4254 4256/4256 4210/4210
f 4256/4256 4275/4275 4210/4210
f 4217/4217 4311/4311 4281/4281
f 4213/4213 4240/4240 4315/4315
f 4314/4314 4158/4158 4267/4267
f 4232/4232 4293/4293 4300/4300
f 4274/4274 4311/4311 4217/4217
f 4294/4294 4269/4269 4236/4236
f 4379/4379 4305/4305 4239/4239
f 4283/4283 4344/4344 4249/4249
f 4316/4316 4292/4292 4275/4275
f 4295/4295 4306/4306 4260/4260
f 4266/4266 4338/4338 4278/4278
f 4320/4320 4274/4274 4277/4277
f 4267/4267 4365/4365 4314/4314
f 4256/4256 4254/4254 4330/4330
f 4262/4262 4286/4286 4284/4284
f 4300/4300 4293/4293 4271/4271
f 4270/4270 4331/4331 4286/4286
f 4306/4306 4290/4290 4310/4310
f 4309/4309 4286/4286 4331/4331
f 4213/4213 4326/4326 4266/4266
f 4235/4235 4314/4314 4257/4257
f 4271/4271 4293/4293 4288/4288
f 4158/4158 4314/4314 4235/4235
f 4305/4305 4276/4276 4239/4239
f 4275/4275 4292/4292 4228/4228
f 4310/4310 4279/4279 4233/4233
f 4241/4241 4281/4281 4296/4296
f 4292/4292 4304/4304 4228/4228
f 4327/4327 4245/4245 4314/4314
f 4298/4298 4230/4230 4282/4282
f 4315/4315 4326/4326 4213/4213
f 4297/4297 4250/4250 4247/4247
f 4256/4256 4316/4316 4275/4275
f 4365/4365 4267/4267 4276/4276
f 4284/4284 4323/4323 4238/4238
f 4323/4323 4282/4282 4238/4238
f 4271/4271 4288/4288 4295/4295
f 4319/4319 4255/4255 4321/4321
f 4284/4284 4272/4272 4262/4262
f 4252/4252 4278/4278 4338/4338
f 4249/4249 4344/4344 4303/4303
f 4254/4254 4298/4298 4330/4330
f 4330/4330 4316/4316 4256/4256
f 4331/4331 4248/4248 4291/4291
f 4249/4249 4303/4303 4315/4315
f 4330/4330 4298/4298 4360/4360
f 4345/4345 4328/4328 4220/4220
f 4296/4296 4281/4281 4308/4308
f 4248/4248 4331/4331 4270/4270
f 4327/4327 4268/4268 4245/4245
f 4305/4305 4365/4365 4276/4276
f 4283/4283 4297/4297 4339/4339
f 4293/4293 4322/4322 4288/4288
f 4266/4266 4326/4326 4338/4338
f 4269/4269 4294/4294 4318/4318
f 4293/4293 4255/4255 4319/4319
f 4295/4295 4288/4288 4312/4312
f 4281/4281 4311/4311 4308/4308
f 4307/4307 4273/4273 4246/4246
f 4338/4338 4326/4326 4337/4337
f 4317/4317 4231/4231 4289/4289
f 4296/4296 4321/4321 4263/4263
f 4313/4313 4268/4268 4327/4327
f 4339/4339 4297/4297 4329/4329
f 4247/4247 4329/4329 4297/4297
f 4287/4287 4379/4379 4265/4265
f 4311/4311 4274/4274 4320/4320
f 4347/4347 4291/4291 4251/4251
f 4378/4378 4317/4317 4289/4289
f 4273/4273 4341/4341 4299/4299
f 4292/4292 4345/4345 4304/4304
f 4331/4331 4291/4291 4347/4347
f 4299/4299 4336/4336 4285/4285
f 4354/4354 4323/4323 4284/4284
f 4285/4285 4336/4336 4301/4301
f 4286/4286 4309/4309 4375/4375
f 4310/4310 4307/4307 4279/4279
f 4279/4279 4307/4307 4246/4246
f 4315/4315 4303/4303 4343/4343
f 4307/4307 4310/4310 4361/4361
f 4322/4322 4293/4293 4340/4340
f 4310/4310 4290/4290 4361/4361
f 4290/4290 4306/4306 4361/4361
f 4331/4331 4324/4324 4309/4309
f 4375/4375 4284/4284 4286/4286
f 4378/4378 4289/4289 4333/4333
f 4328/4328 4287/4287 4265/4265
f 4348/4348 4344/4344 4283/4283
f 4356/4356 4350/4350 4269/4269
f 4350/4350 4280/4280 4269/4269
f 4360/4360 4364/4364 4330/4330
f 4325/4325 4327/4327 4314/4314
f 4282/4282 4352/4352 4298/4298
f 4289/4289 4252/4252 4333/4333
f 4280/4280 4350/4350 4251/4251
f 4332/4332 4294/4294 4301/4301
f 4313/4313 4366/4366 4247/4247
f 4316/4316 4330/4330 4364/4364
f 4320/4320 4277/4277 4317/4317
f 4251/4251 4350/4350 4347/4347
f 4312/4312 4302/4302 4295/4295
f 4273/4273 4307/4307 4341/4341
f 4340/4340 4293/4293 4319/4319
f 4314/4314 4365/4365 4325/4325
f 4379/4379 4369/4369 4305/4305
f 4326/4326 4315/4315 4343/4343
f 4366/4366 4313/4313 4327/4327
f 4295/4295 4302/4302 4306/4306
f 4347/4347 4334/4334 4331/4331
f 4324/4324 4331/4331 4334/4334
f 4344/4344 4348/4348 4373/4373
f 4306/4306 4302/4302 4387/4387
f 4320/4320 4317/4317 4378/4378
f 4357/4357 4365/4365 4305/4305
f 4324/4324 4353/4353 4309/4309
f 4318/4318 4356/4356 4269/4269
f 4373/4373 4303/4303 4344/4344
f 4350/4350 4335/4335 4347/4347
f 4294/4294 4374/4374 4318/4318
f 4308/4308 4311/4311 4349/4349
f 4333/4333 4252/4252 4355/4355
f 4383/4383 4288/4288 4322/4322
f 4305/4305 4369/4369 4357/4357
f 4367/4367 4316/4316 4363/4363
f 4316/4316 4367/4367 4292/4292
f 4345/4345 4287/4287 4328/4328
f 4323/4323 4351/4351 4282/4282
f 4341/4341 4336/4336 4299/4299
f 4348/4348 4283/4283 4339/4339
f 4375/4375 4354/4354 4284/4284
f 4340/4340 4319/4319 4321/4321
f 4352/4352 4282/4282 4351/4351
f 4321/4321 4296/4296 4368/4368
f 4390/4390 4366/4366 4327/4327
f 4345/4345 4292/4292 4367/4367
f 4338/4338 4355/4355 4252/4252
f 4296/4296 4308/4308 4368/4368
f 4368/4368 4308/4308 4349/4349
f 4340/4340 4368/4368 4342/4342
f 4348/4348 4339/4339 4389/4389
f 4325/4325 4390/4390 4327/4327
f 4332/4332 4374/4374 4294/4294
f 4392/4392 4341/4341 4307/4307
f 4336/4336 4341/4341 4370/4370
f 4301/4301 4370/4370 4332/4332
f 4318/4318 4374/4374 4356/4356
f 4383/4383 4340/4340 4358/4358
f 4322/4322 4340/4340 4383/4383
f 4301/4301 4336/4336 4370/4370
f 4312/4312 4387/4387 4302/4302
f 4377/4377 4350/4350 4356/4356
f 4353/4353 4324/4324 4334/4334
f 4321/4321 4346/4346 4340/4340
f 4371/4371 4347/4347 4335/4335
f 4380/4380 4366/4366 4390/4390
f 4347/4347 4371/4371 4334/4334
f 4383/4383 4387/4387 4288/4288
f 4385/4385 4382/4382 4320/4320
f 4355/4355 4414/4414 4333/4333
f 4288/4288 4387/4387 4312/4312
f 4361/4361 4387/4387 4359/4359
f 4361/4361 4359/4359 4307/4307
f 4351/4351 4323/4323 4354/4354
f 4384/4384 4326/4326 4343/4343
f 4368/4368 4346/4346 4321/4321
f 4359/4359 4392/4392 4307/4307
f 4345/4345 4398/4398 4287/4287
f 4306/4306 4387/4387 4361/4361
f 4247/4247 4389/4389 4329/4329
f 4389/4389 4339/4339 4329/4329
f 4380/4380 4389/4389 4247/4247
f 4412/4412 4367/4367 4363/4363
f 4397/4397 4352/4352 4351/4351
f 4366/4366 4380/4380 4247/4247
f 4349/4349 4311/4311 4320/4320
f 4352/4352 4395/4395 4298/4298
f 4365/4365 4390/4390 4325/4325
f 4298/4298 4395/4395 4360/4360
f 4364/4364 4363/4363 4316/4316
f 4346/4346 4368/4368 4340/4340
f 4367/4367 4398/4398 4345/4345
f 4342/4342 4358/4358 4340/4340
f 4342/4342 4368/4368 4362/4362
f 4368/4368 4349/4349 4362/4362
f 4371/4371 4335/4335 4377/4377
f 4374/4374 4332/4332 4370/4370
f 4337/4337 4384/4384 4338/4338
f 4358/4358 4342/4342 4416/4416
f 4372/4372 4397/4397 4351/4351
f 4388/4388 4334/4334 4371/4371
f 4378/4378 4333/4333 4414/4414
f 4423/4423 4398/4398 4367/4367
f 4395/4395 4352/4352 4428/4428
f 4379/4379 4357/4357 4369/4369
f 4343/4343 4402/4402 4384/4384
f 4303/4303 4373/4373 4405/4405
f 4364/4364 4360/4360 4395/4395
f 4407/4407 4395/4395 4428/4428
f 4387/4387 4376/4376 4359/4359
f 4342/4342 4362/4362 4416/4416
f 4394/4394 4390/4390 4365/4365
f 4326/4326 4384/4384 4337/4337
f 4385/4385 4320/4320 4378/4378
f 4391/4391 4354/4354 4375/4375
f 4350/4350 4377/4377 4335/4335
f 4357/4357 4394/4394 4365/4365
f 4397/4397 4428/4428 4352/4352
f 4349/4349 4320/4320 4382/4382
f 4395/4395 4363/4363 4364/4364
f 4343/4343 4303/4303 4402/4402
f 4419/4419 4389/4389 4380/4380
f 4414/4414 4355/4355 4386/4386
f 4382/4382 4362/4362 4349/4349
f 4341/4341 4392/4392 4370/4370
f 4334/4334 4388/4388 4353/4353
f 4309/4309 4353/4353 4415/4415
f 4359/4359 4376/4376 4392/4392
f 4381/4381 4420/4420 4398/4398
f 4401/4401 4389/4389 4419/4419
f 4338/4338 4386/4386 4355/4355
f 4388/4388 4371/4371 4435/4435
f 4370/4370 4392/4392 4399/4399
f 4411/4411 4376/4376 4441/4441
f 4387/4387 4400/4400 4376/4376
f 4384/4384 4386/4386 4338/4338
f 4378/4378 4414/4414 4456/4456
f 4411/4411 4392/4392 4376/4376
f 4396/4396 4413/4413 4374/4374
f 4393/4393 4382/4382 4385/4385
f 4362/4362 4382/4382 4393/4393
f 4385/4385 4378/4378 4404/4404
f 4397/4397 4431/4431 4439/4439
f 4423/4423 4381/4381 4398/4398
f 4413/4413 4356/4356 4374/4374
f 4374/4374 4370/4370 4399/4399
f 4402/4402 4303/4303 4405/4405
f 4363/4363 4395/4395 4421/4421
f 4419/4419 4380/4380 4394/4394
f 4412/4412 4363/4363 4421/4421
f 4396/4396 4374/4374 4399/4399
f 4398/4398 4420/4420 4287/4287
f 4353/4353 4388/4388 4431/4431
f 4372/4372 4431/4431 4397/4397
f 4373/4373 4417/4417 4405/4405
f 4358/4358 4409/4409 4383/4383
f 4394/4394 4380/4380 4390/4390
f 4351/4351 4391/4391 4372/4372
f 4417/4417 4373/4373 4348/4348
f 4375/4375 4309/4309 4415/4415
f 4351/4351 4354/4354 4391/4391
f 4353/4353 4431/4431 4415/4415
f 4403/4403 4394/4394 4357/4357
f 4367/4367 4412/4412 4423/4423
f 4416/4416 4427/4427 4436/4436
f 4456/4456 4433/4433 4378/4378
f 4377/4377 4413/4413 4435/4435
f 4445/4445 4348/4348 4389/4389
f 4377/4377 4435/4435 4371/4371
f 4376/4376 4426/4426 4441/4441
f 4453/4453 4396/4396 4460/4460
f 4420/4420 4432/4432 4379/4379
f 4287/4287 4420/4420 4379/4379
f 4408/4408 4431/4431 4388/4388
f 4396/4396 4453/4453 4442/4442
f 4460/4460 4396/4396 4399/4399
f 4385/4385 4410/4410 4393/4393
f 4431/4431 4372/4372 4391/4391
f 4397/4397 4439/4439 4428/4428
f 4410/4410 4385/4385 4404/4404
f 4396/4396 4442/4442 4413/4413
f 4379/4379 4432/4432 4357/4357
f 4399/4399 4392/4392 4406/4406
f 4381/4381 4466/4466 4420/4420
f 4404/4404 4378/4378 4433/4433
f 4384/4384 4422/4422 4386/4386
f 4402/4402 4422/4422 4384/4384
f 4445/4445 4389/4389 4401/4401
f 4381/4381 4423/4423 4437/4437
f 4402/4402 4455/4455 4422/4422
f 4430/4430 4427/4427 4416/4416
f 4386/4386 4456/4456 4414/4414
f 4376/4376 4400/4400 4426/4426
f 4416/4416 4362/4362 4410/4410
f 4416/4416 4410/4410 4438/4438
f 4430/4430 4416/4416 4438/4438
f 4348/4348 4445/4445 4417/4417
f 4401/4401 4419/4419 4394/4394
f 4362/4362 4393/4393 4410/4410
f 4406/4406 4460/4460 4399/4399
f 4416/4416 4409/4409 4358/4358
f 4418/4418 4461/4461 4421/4421
f 4377/4377 4356/4356 4413/4413
f 4436/4436 4427/4427 4434/4434
f 4412/4412 4421/4421 4461/4461
f 4439/4439 4431/4431 4446/4446
f 4415/4415 4391/4391 4375/4375
f 4407/4407 4418/4418 4421/4421
f 4407/4407 4421/4421 4395/4395
f 4432/4432 4403/4403 4357/4357
f 4444/4444 4386/4386 4422/4422
f 4478/4478 4392/4392 4411/4411
f 4457/4457 4413/4413 4442/4442
f 4406/4406 4480/4480 4460/4460
f 4392/4392 4478/4478 4406/4406
f 4464/4464 4452/4452 4437/4437
f 4425/4425 4402/4402 4405/4405
f 4410/4410 4404/4404 4451/4451
f 4410/4410 4451/4451 4438/4438
f 4383/4383 4436/4436 4387/4387
f 4430/4430 4429/4429 4427/4427
f 4433/4433 4449/4449 4447/4447
f 4413/4413 4457/4457 4435/4435
f 4411/4411 4441/4441 4478/4478
f 4412/4412 4437/4437 4423/4423
f 4383/4383 4409/4409 4436/4436
f 4455/4455 4402/4402 4425/4425
f 4486/4486 4403/4403 4432/4432
f 4435/4435 4408/4408 4388/4388
f 4433/4433 4451/4451 4404/4404
f 4451/4451 4433/4433 4447/4447
f 4394/4394 4505/4505 4401/4401
f 4456/4456 4449/4449 4433/4433
f 4439/4439 4440/4440 4428/4428
f 4420/4420 4466/4466 4432/4432
f 4405/4405 4417/4417 4425/4425
f 4387/4387 4436/4436 4400/4400
f 4428/4428 4440/4440 4459/4459
f 4426/4426 4400/4400 4450/4450
f 4445/4445 4401/4401 4463/4463
f 4452/4452 4381/4381 4437/4437
f 4456/4456 4386/4386 4444/4444
f 4450/4450 4400/4400 4434/4434
f 4439/4439 4446/4446 4440/4440
f 4431/4431 4408/4408 4424/4424
f 4462/4462 4505/4505 4394/4394
f 4425/4425 4417/4417 4445/4445
f 4403/4403 4462/4462 4394/4394
f 4431/4431 4424/4424 4446/4446
f 4400/4400 4436/4436 4434/4434
f 4443/4443 4438/4438 4451/4451
f 4444/4444 4422/4422 4455/4455
f 4391/4391 4415/4415 4431/4431
f 4416/4416 4436/4436 4409/4409
f 4412/4412 4461/4461 4448/4448
f 4462/4462 4403/4403 4486/4486
f 4446/4446 4477/4477 4440/4440
f 4440/4440 4477/4477 4474/4474
f 4434/4434 4427/4427 4454/4454
f 4452/4452 4458/4458 4381/4381
f 4445/4445 4463/4463 4508/4508
f 4381/4381 4458/4458 4466/4466
f 4444/4444 4455/4455 4509/4509
f 4448/4448 4461/4461 4418/4418
f 4435/4435 4457/4457 4465/4465
f 4449/4449 4456/4456 4509/4509
f 4465/4465 4408/4408 4435/4435
f 4485/4485 4451/4451 4504/4504
f 4443/4443 4451/4451 4485/4485
f 4444/4444 4509/4509 4456/4456
f 4466/4466 4486/4486 4432/4432
f 4463/4463 4401/4401 4505/4505
f 4448/4448 4464/4464 4437/4437
f 4476/4476 4457/4457 4442/4442
f 4508/4508 4463/4463 4495/4495
f 4448/4448 4437/4437 4412/4412
f 4425/4425 4481/4481 4455/4455
f 4457/4457 4476/4476 4465/4465
f 4465/4465 4424/4424 4408/4408
f 4442/4442 4453/4453 4479/4479
f 4465/4465 4470/4470 4424/4424
f 4418/4418 4407/4407 4428/4428
f 4487/4487 4466/4466 4458/4458
f 4487/4487 4486/4486 4466/4466
f 4442/4442 4479/4479 4476/4476
f 4478/4478 4441/4441 4426/4426
f 4481/4481 4425/4425 4445/4445
f 4443/4443 4430/4430 4438/4438
f 4430/4430 4443/4443 4485/4485
f 4485/4485 4429/4429 4430/4430
f 4428/4428 4459/4459 4418/4418
f 4429/4429 4454/4454 4427/4427
f 4486/4486 4483/4483 4462/4462
f 4479/4479 4492/4492 4469/4469
f 4477/4477 4446/4446 4424/4424
f 4504/4504 4447/4447 4449/4449
f 4495/4495 4507/4507 4508/4508
f 4470/4470 4465/4465 4468/4468
f 4451/4451 4447/4447 4504/4504
f 4488/4488 4482/4482 4502/4502
f 4484/4484 4453/4453 4471/4471
f 4471/4471 4460/4460 4480/4480
f 4464/4464 4482/4482 4452/4452
f 4488/4488 4452/4452 4482/4482
f 4473/4473 4487/4487 4458/4458
f 4476/4476 4468/4468 4465/4465
f 4464/4464 4448/4448 4493/4493
f 4453/4453 4484/4484 4479/4479
f 4474/4474 4418/4418 4459/4459
f 4440/4440 4474/4474 4459/4459
f 4472/4472 4449/4449 4501/4501
f 4460/4460 4471/4471 4453/4453
f 4509/4509 4501/4501 4449/4449
f 4511/4511 4483/4483 4487/4487
f 4426/4426 4450/4450 4489/4489
f 4479/4479 4469/4469 4499/4499
f 4487/4487 4483/4483 4486/4486
f 4458/4458 4452/4452 4488/4488
f 4488/4488 4473/4473 4458/4458
f 4483/4483 4505/4505 4462/4462
f 4480/4480 4406/4406 4478/4478
f 4471/4471 4475/4475 4484/4484
f 4505/4505 4495/4495 4463/4463
f 4484/4484 4475/4475 4492/4492
f 4429/4429 4485/4485 4454/4454
f 4508/4508 4481/4481 4445/4445
f 4489/4489 4478/4478 4426/4426
f 4492/4492 4479/4479 4484/4484
f 4478/4478 4489/4489 4471/4471
f 4476/4476 4479/4479 4499/4499
f 4512/4512 4502/4502 4491/4491
f 4503/4503 4474/4474 4520/4520
f 4476/4476 4467/4467 4490/4490
f 4468/4468 4476/4476 4490/4490
f 4502/4502 4506/4506 4500/4500
f 4512/4512 4517/4517 4506/4506
f 4474/4474 4503/4503 4418/4418
f 4498/4498 4495/4495 4505/4505
f 4490/4490 4470/4470 4468/4468
f 4448/4448 4418/4418 4503/4503
f 4473/4473 4511/4511 4487/4487
f 4503/4503 4493/4493 4448/4448
f 4516/4516 4504/4504 4472/4472
f 4490/4490 4525/4525 4470/4470
f 4455/4455 4530/4530 4509/4509
f 4504/4504 4449/4449 4472/4472
f 4470/4470 4525/4525 4477/4477
f 4506/4506 4515/4515 4500/4500
f 4481/4481 4530/4530 4455/4455
f 4538/4538 4555/4555 4467/4467
f 4501/4501 4509/4509 4534/4534
f 4424/4424 4470/4470 4477/4477
f 4494/4494 4514/4514 4475/4475
f 4538/4538 4467/4467 4535/4535
f 4497/4497 4481/4481 4508/4508
f 4454/4454 4485/4485 4532/4532
f 4476/4476 4499/4499 4467/4467
f 4521/4521 4454/4454 4532/4532
f 4467/4467 4499/4499 4510/4510
f 4512/4512 4506/4506 4502/4502
f 4473/4473 4500/4500 4513/4513
f 4496/4496 4467/4467 4510/4510
f 4500/4500 4488/4488 4502/4502
f 4471/4471 4480/4480 4478/4478
f 4496/4496 4535/4535 4467/4467
f 4511/4511 4513/4513 4526/4526
f 4515/4515 4506/4506 4517/4517
f 4500/4500 4473/4473 4488/4488
f 4557/4557 4504/4504 4516/4516
f 4485/4485 4504/4504 4557/4557
f 4493/4493 4482/4482 4464/4464
f 4507/4507 4495/4495 4537/4537
f 4483/4483 4498/4498 4505/4505
f 4532/4532 4485/4485 4557/4557
f 4519/4519 4513/4513 4515/4515
f 4523/4523 4510/4510 4499/4499
f 4497/4497 4508/4508 4507/4507
f 4515/4515 4513/4513 4500/4500
f 4496/4496 4510/4510 4523/4523
f 4498/4498 4483/4483 4511/4511
f 4471/4471 4489/4489 4494/4494
f 4494/4494 4475/4475 4471/4471
f 4513/4513 4511/4511 4473/4473
f 4434/4434 4454/4454 4521/4521
f 4450/4450 4434/4434 4521/4521
f 4467/4467 4555/4555 4490/4490
f 4493/4493 4539/4539 4482/4482
f 4534/4534 4541/4541 4501/4501
f 4493/4493 4503/4503 4539/4539
f 4502/4502 4539/4539 4491/4491
f 4474/4474 4477/4477 4520/4520
f 4534/4534 4509/4509 4530/4530
f 4514/4514 4492/4492 4475/4475
f 4539/4539 4503/4503 4520/4520
f 4477/4477 4525/4525 4555/4555
f 4520/4520 4522/4522 4491/4491
f 4555/4555 4522/4522 4520/4520
f 4539/4539 4502/4502 4482/4482
f 4545/4545 4489/4489 4450/4450
f 4543/4543 4519/4519 4515/4515
f 4527/4527 4528/4528 4529/4529
f 4521/4521 4545/4545 4450/4450
f 4541/4541 4534/4534 4563/4563
f 4547/4547 4529/4529 4528/4528
f 4520/4520 4477/4477 4555/4555
f 4518/4518 4531/4531 4524/4524
f 4512/4512 4491/4491 4522/4522
f 4497/4497 4531/4531 4530/4530
f 4527/4527 4529/4529 4533/4533
f 4559/4559 4538/4538 4535/4535
f 4472/4472 4541/4541 4546/4546
f 4530/4530 4481/4481 4497/4497
f 4539/4539 4520/4520 4491/4491
f 4545/4545 4494/4494 4489/4489
f 4472/4472 4565/4565 4516/4516
f 4513/4513 4519/4519 4556/4556
f 4525/4525 4490/4490 4555/4555
f 4536/4536 4469/4469 4492/4492
f 4533/4533 4535/4535 4527/4527
f 4518/4518 4524/4524 4526/4526
f 4501/4501 4541/4541 4472/4472
f 4469/4469 4536/4536 4499/4499
f 4563/4563 4534/4534 4540/4540
f 4540/4540 4530/4530 4531/4531
f 4511/4511 4526/4526 4524/4524
f 4540/4540 4531/4531 4518/4518
f 4528/4528 4527/4527 4536/4536
f 4556/4556 4526/4526 4513/4513
f 4530/4530 4540/4540 4534/4534
f 4531/4531 4497/4497 4524/4524
f 4497/4497 4507/4507 4524/4524
f 4512/4512 4544/4544 4517/4517
f 4523/4523 4527/4527 4535/4535
f 4537/4537 4524/4524 4507/4507
f 4523/4523 4535/4535 4496/4496
f 4499/4499 4536/4536 4523/4523
f 4498/4498 4511/4511 4524/4524
f 4498/4498 4524/4524 4537/4537
f 4495/4495 4498/4498 4537/4537
f 4536/4536 4527/4527 4523/4523
f 4552/4552 4544/4544 4560/4560
f 4558/4558 4540/4540 4518/4518
f 4563/4563 4564/4564 4541/4541
f 4533/4533 4559/4559 4535/4535
f 4492/4492 4562/4562 4528/4528
f 4533/4533 4552/4552 4559/4559
f 4549/4549 4521/4521 4532/4532
f 4528/4528 4536/4536 4492/4492
f 4550/4550 4547/4547 4566/4566
f 4472/4472 4546/4546 4565/4565
f 4516/4516 4565/4565 4557/4557
f 4538/4538 4560/4560 4522/4522
f 4550/4550 4554/4554 4547/4547
f 4555/4555 4538/4538 4522/4522
f 4528/4528 4542/4542 4547/4547
f 4553/4553 4518/4518 4526/4526
f 4565/4565 4550/4550 4557/4557
f 4550/4550 4565/4565 4554/4554
f 4559/4559 4552/4552 4560/4560
f 4514/4514 4562/4562 4492/4492
f 4532/4532 4557/4557 4549/4549
f 4560/4560 4544/4544 4512/4512
f 4547/4547 4554/4554 4551/4551
f 4522/4522 4560/4560 4512/4512
f 4556/4556 4519/4519 4553/4553
f 4553/4553 4526/4526 4556/4556
f 4538/4538 4559/4559 4560/4560
f 4551/4551 4529/4529 4547/4547
f 4543/4543 4553/4553 4519/4519
f 4553/4553 4558/4558 4518/4518
f 4494/4494 4545/4545 4562/4562
f 4549/4549 4557/4557 4550/4550
f 4551/4551 4548/4548 4529/4529
f 4533/4533 4548/4548 4552/4552
f 4515/4515 4517/4517 4544/4544
f 4529/4529 4548/4548 4533/4533
f 4544/4544 4543/4543 4515/4515
f 4550/4550 4566/4566 4549/4549
f 4514/4514 4494/4494 4562/4562
f 4563/4563 4548/4548 4551/4551
f 4521/4521 4566/4566 4562/4562
f 4542/4542 4566/4566 4547/4547
f 4545/4545 4521/4521 4562/4562
f 4562/4562 4566/4566 4542/4542
f 4565/4565 4546/4546 4554/4554
f 4554/4554 4546/4546 4564/4564
f 4563/4563 4540/4540 4561/4561
f 4552/4552 4561/4561 4544/4544
f 4549/4549 4566/4566 4521/4521
f 4548/4548 4563/4563 4561/4561
f 4553/4553 4561/4561 4558/4558
f 4551/4551 4554/4554 4564/4564
f 4546/4546 4541/4541 4564/4564
f 4562/4562 4542/4542 4528/4528
f 4544/4544 4561/4561 4543/4543
f 4561/4561 4540/4540 4558/4558
f 4548/4548 4561/4561 4552/4552
f 4561/4561 4553/4553 4543/4543
f 4551/4551 4564/4564 4563/4563
f 859/859 952/952 798/798
f 186/186 368/368 177/177
f 451/451 619/619 569/569
f 539/539 614/614 589/589
f 446/446 522/522 496/496
f 1101/1101 1137/1137 1158/1158
f 1101/1101 1158/1158 1115/1115
f 1047/1047 1101/1101 1115/1115
f 816/816 901/901 751/751
f 215/215 172/172 150/150
f 101/101 61/61 16/16
f 661/661 557/557 539/539
f 397/397 484/484 455/455
f 903/903 1062/1062 994/994
f 20/20 38/38 30/30
f 122/122 97/97 101/101
f 926/926 1081/1081 908/908
f 756/756 760/760 741/741
f 756/756 741/741 695/695
f 48/48 50/50 20/20
f 855/855 903/903 994/994
f 1047/1047 1115/1115 1079/1079
f 912/912 1047/1047 1079/1079
f 912/912 1079/1079 944/944
f 875/875 912/912 944/944
f 875/875 944/944 859/859
f 926/926 908/908 789/789
f 443/443 498/498 387/387
f 377/377 446/446 496/496
f 377/377 496/496 474/474
f 34/34 105/105 48/48
f 855/855 994/994 1013/1013
f 640/640 604/604 637/637
f 20/20 30/30 12/12
f 855/855 1013/1013 1032/1032
f 855/855 1032/1032 926/926
f 324/324 435/435 389/389
f 570/570 494/494 451/451
f 569/569 649/649 598/598
f 22/22 66/66 64/64
f 855/855 926/926 789/789
f 887/887 875/875 859/859
f 397/397 455/455 479/479
f 722/722 806/806 610/610
f 598/598 722/722 610/610
f 12/12 8/8 10/10
f 695/695 716/716 661/661
f 777/777 823/823 853/853
f 853/853 887/887 859/859
f 777/777 853/853 859/859
f 637/637 777/777 859/859
f 589/589 508/508 443/443
f 539/539 589/589 443/443
f 229/229 215/215 150/150
f 764/764 848/848 899/899
f 190/190 209/209 198/198
f 190/190 198/198 229/229
f 324/324 389/389 272/272
f 64/64 127/127 131/131
f 764/764 899/899 855/855
f 764/764 855/855 789/789
f 680/680 764/764 789/789
f 180/180 348/348 372/372
f 272/272 319/319 274/274
f 183/183 194/194 180/180
f 28/28 25/25 14/14
f 598/598 610/610 672/672
f 598/598 672/672 685/685
f 122/122 101/101 16/16
f 86/86 122/122 16/16
f 372/372 397/397 479/479
f 637/637 859/859 798/798
f 177/177 190/190 229/229
f 479/479 448/448 314/314
f 372/372 479/479 314/314
f 372/372 314/314 222/222
f 180/180 372/372 222/222
f 14/14 22/22 64/64
f 2/2 28/28 14/14
f 695/695 661/661 539/539
f 272/272 274/274 186/186
f 569/569 598/598 685/685
f 272/272 186/186 177/177
f 12/12 10/10 4/4
f 474/474 570/570 451/451
f 183/183 180/180 222/222
f 816/816 751/751 702/702
f 14/14 64/64 131/131
f 6/6 2/2 14/14
f 640/640 637/637 798/798
f 34/34 48/48 20/20
f 569/569 685/685 640/640
f 443/443 387/387 324/324
f 640/640 798/798 816/816
f 16/16 34/34 20/20
f 539/539 443/443 324/324
f 148/148 183/183 222/222
f 640/640 816/816 702/702
f 640/640 702/702 680/680
f 86/86 16/16 20/20
f 177/177 229/229 150/150
f 272/272 177/177 150/150
f 451/451 569/569 640/640
f 474/474 451/451 640/640
f 474/474 640/640 680/680
f 377/377 474/474 680/680
f 377/377 680/680 789/789
f 267/267 377/377 789/789
f 222/222 267/267 789/789
f 789/789 756/756 695/695
f 222/222 789/789 695/695
f 222/222 695/695 539/539
f 222/222 539/539 324/324
f 222/222 324/324 272/272
f 222/222 272/272 150/150
f 6/6 14/14 131/131
f 86/86 20/20 12/12
f 86/86 12/12 4/4
f 131/131 148/148 222/222
f 131/131 222/222 150/150
f 6/6 131/131 150/150
f 4/4 6/6 150/150
f 86/86 4/4 150/150

